0	1	0.403869509697
1	0	0.403869509697
1	2	0.403869509697
2	1	0.403869509697
2	3	0.403869509697
3	2	0.403869509697
3	4	0.403869509697
4	3	0.403869509697
4	5	0.403869509697
5	4	0.403869509697
5	6	0.403869509697
6	5	0.403869509697
6	7	0.403869509697
7	6	0.403869509697
7	8	0.403869509697
8	7	0.403869509697
8	9	0.403869509697
9	8	0.403869509697
9	10	0.0434410013258
9	56	0.403701990843
10	9	0.0434410013258
10	11	0.0434410013258
11	10	0.0434410013258
11	12	0.0434410013258
12	11	0.0434410013258
12	13	0.0434410013258
13	12	0.0434410013258
13	14	0.0434410013258
14	13	0.0434410013258
14	15	0.0434410013258
15	14	0.0434410013258
15	16	0.0434410013258
16	15	0.0434410013258
16	17	0.0434410013258
17	16	0.0434410013258
17	18	0.0434410013258
18	17	0.0434410013258
18	19	0.0434410013258
19	18	0.0434410013258
19	20	0.0434410013258
20	19	0.0434410013258
20	21	0.0434410013258
21	20	0.0434410013258
21	22	0.0434410013258
22	21	0.0434410013258
22	23	0.0434410013258
23	22	0.0434410013258
23	24	0.0434410013258
24	23	0.0434410013258
24	25	0.0434410013258
25	24	0.0434410013258
25	26	0.0434410013258
26	25	0.0434410013258
26	27	0.0434410013258
27	26	0.0434410013258
27	28	0.0434410013258
28	27	0.0434410013258
28	29	0.0434410013258
29	28	0.0434410013258
29	30	0.0434410013258
30	29	0.0434410013258
30	31	0.0434410013258
31	30	0.0434410013258
31	32	0.0434410013258
32	31	0.0434410013258
32	33	0.0434410013258
33	32	0.0434410013258
33	34	0.0434410013258
34	33	0.0434410013258
34	35	0.0434410013258
35	34	0.0434410013258
35	36	0.0434410013258
36	35	0.0434410013258
36	37	0.0434410013258
37	36	0.0434410013258
37	38	0.0434410013258
38	37	0.0434410013258
38	39	0.0434410013258
39	38	0.0434410013258
39	40	0.0434410013258
40	39	0.0434410013258
40	41	0.0434410013258
41	40	0.0434410013258
41	42	0.0434410013258
42	41	0.0434410013258
42	43	0.0434410013258
43	42	0.0434410013258
43	44	0.0434410013258
44	43	0.0434410013258
44	45	0.0434410013258
45	44	0.0434410013258
45	46	0.0434410013258
46	45	0.0434410013258
46	47	0.0434410013258
47	46	0.0434410013258
47	48	0.0434410013258
48	47	0.0434410013258
48	49	0.0434410013258
49	48	0.0434410013258
49	50	0.0434410013258
50	49	0.0434410013258
50	51	0.0434410013258
51	50	0.0434410013258
51	52	0.0434410013258
52	51	0.0434410013258
52	53	0.0434410013258
53	52	0.0434410013258
53	54	0.0434410013258
54	53	0.0434410013258
54	55	0.0434410013258
55	54	0.0434410013258
56	9	0.403701990843
56	57	0.403701990843
57	56	0.403701990843
57	58	0.403701990843
58	57	0.403701990843
58	59	0.403701990843
59	58	0.403701990843
59	60	0.403701990843
60	59	0.403701990843
60	61	0.403701990843
61	60	0.403701990843
61	62	0.403701990843
62	61	0.403701990843
62	63	0.403701990843
63	62	0.403701990843
63	64	0.403701990843
64	63	0.403701990843
64	65	0.318008005619
64	6929	0.322793006897
65	64	0.318008005619
65	66	0.318008005619
66	65	0.318008005619
66	67	0.318008005619
67	66	0.318008005619
67	68	0.318008005619
68	67	0.318008005619
68	69	0.318008005619
69	68	0.318008005619
69	70	0.318008005619
70	69	0.318008005619
70	71	0.318008005619
71	70	0.318008005619
71	72	0.318008005619
72	71	0.318008005619
72	73	0.318008005619
73	72	0.318008005619
73	74	0.318008005619
74	73	0.318008005619
74	75	0.318008005619
75	74	0.318008005619
75	76	0.318008005619
76	75	0.318008005619
76	77	0.318008005619
77	76	0.318008005619
77	78	0.318008005619
78	77	0.318008005619
78	79	0.318008005619
79	78	0.318008005619
79	80	0.318008005619
80	79	0.318008005619
80	81	0.318008005619
81	80	0.318008005619
81	82	0.318008005619
82	81	0.318008005619
82	83	0.318008005619
83	82	0.318008005619
83	84	0.318008005619
84	83	0.318008005619
84	85	0.318008005619
85	84	0.318008005619
85	86	0.318008005619
86	85	0.318008005619
86	87	0.318008005619
87	86	0.318008005619
87	88	0.318008005619
88	87	0.318008005619
88	89	0.318008005619
89	88	0.318008005619
89	90	0.318008005619
90	89	0.318008005619
90	91	0.318008005619
91	90	0.318008005619
91	92	0.318008005619
92	91	0.318008005619
92	93	0.318008005619
93	92	0.318008005619
93	94	0.318008005619
94	93	0.318008005619
94	95	0.318008005619
95	94	0.318008005619
95	96	0.318008005619
96	95	0.318008005619
96	97	0.318008005619
97	96	0.318008005619
97	98	0.318008005619
98	97	0.318008005619
98	99	0.318008005619
99	98	0.318008005619
99	100	0.318008005619
100	99	0.318008005619
100	101	0.318008005619
101	100	0.318008005619
101	102	0.318008005619
102	101	0.318008005619
102	103	0.318008005619
103	102	0.318008005619
103	104	0.318008005619
104	103	0.318008005619
104	105	0.318008005619
105	104	0.318008005619
105	106	0.318008005619
106	105	0.318008005619
106	107	0.318008005619
107	106	0.318008005619
107	108	0.318008005619
108	107	0.318008005619
108	109	0.318008005619
109	108	0.318008005619
109	110	0.318008005619
110	109	0.318008005619
110	111	0.318008005619
111	110	0.318008005619
111	112	0.318008005619
112	111	0.318008005619
112	113	0.318008005619
113	112	0.318008005619
113	114	0.318008005619
114	113	0.318008005619
114	115	0.318008005619
115	114	0.318008005619
115	116	0.318008005619
116	115	0.318008005619
116	117	0.318008005619
117	116	0.318008005619
117	118	0.318008005619
118	117	0.318008005619
118	119	0.318008005619
119	118	0.318008005619
119	120	0.318008005619
120	119	0.318008005619
120	121	0.318008005619
121	120	0.318008005619
121	122	0.318008005619
122	121	0.318008005619
122	123	0.318008005619
123	122	0.318008005619
123	124	0.0388580001891
123	151	0.31781449914
124	123	0.0388580001891
124	125	0.0388580001891
125	124	0.0388580001891
125	126	0.0388580001891
126	125	0.0388580001891
126	127	0.0388580001891
127	126	0.0388580001891
127	128	0.0388580001891
128	127	0.0388580001891
128	129	0.0388580001891
129	128	0.0388580001891
129	130	0.0388580001891
130	129	0.0388580001891
130	131	0.0388580001891
131	130	0.0388580001891
131	132	0.0388580001891
132	131	0.0388580001891
132	133	0.0388580001891
133	132	0.0388580001891
133	134	0.0388580001891
134	133	0.0388580001891
134	135	0.0388580001891
135	134	0.0388580001891
135	136	0.0388580001891
136	135	0.0388580001891
136	137	0.0388580001891
137	136	0.0388580001891
137	138	0.0388580001891
138	137	0.0388580001891
138	139	0.0388580001891
139	138	0.0388580001891
139	140	0.0388580001891
140	139	0.0388580001891
140	141	0.0388580001891
141	140	0.0388580001891
141	142	0.0388580001891
142	141	0.0388580001891
142	143	0.0388580001891
143	142	0.0388580001891
143	144	0.0388580001891
144	143	0.0388580001891
144	145	0.0388580001891
145	144	0.0388580001891
145	146	0.0388580001891
146	145	0.0388580001891
146	147	0.0388580001891
147	146	0.0388580001891
147	148	0.0388580001891
148	147	0.0388580001891
148	149	0.0388580001891
149	148	0.0388580001891
149	150	0.0388580001891
150	149	0.0388580001891
151	123	0.31781449914
151	152	0.31781449914
152	151	0.31781449914
152	153	0.31781449914
153	152	0.31781449914
153	154	0.31781449914
154	153	0.31781449914
154	155	0.31781449914
155	154	0.31781449914
155	156	0.31781449914
156	155	0.31781449914
156	157	0.31781449914
157	156	0.31781449914
157	158	0.31781449914
158	157	0.31781449914
158	159	0.31781449914
159	158	0.31781449914
159	160	0.31781449914
160	159	0.31781449914
160	161	0.31781449914
161	160	0.31781449914
161	162	0.31781449914
162	161	0.31781449914
162	163	0.31781449914
163	162	0.31781449914
163	164	0.31781449914
164	163	0.31781449914
164	165	0.317657500505
164	6909	0.0362319983542
165	164	0.317657500505
165	166	0.317657500505
166	165	0.317657500505
166	167	0.317657500505
167	166	0.317657500505
167	168	0.317657500505
168	167	0.317657500505
168	169	0.317657500505
169	168	0.317657500505
169	170	0.317657500505
170	169	0.317657500505
170	171	0.317657500505
171	170	0.317657500505
171	172	0.317657500505
172	171	0.317657500505
172	173	0.317657500505
173	172	0.317657500505
173	174	0.317657500505
174	173	0.317657500505
174	175	0.317657500505
175	174	0.317657500505
175	176	0.317657500505
176	175	0.317657500505
176	177	0.317657500505
177	176	0.317657500505
177	178	0.317657500505
178	177	0.317657500505
178	179	0.317387491465
178	6869	0.043397501111
179	178	0.317387491465
179	180	0.317387491465
180	179	0.317387491465
180	181	0.317387491465
181	180	0.317387491465
181	182	0.317387491465
182	181	0.317387491465
182	183	0.317387491465
183	182	0.317387491465
183	184	0.317387491465
184	183	0.317387491465
184	185	0.317387491465
185	184	0.317387491465
185	186	0.317387491465
186	185	0.317387491465
186	187	0.317387491465
187	186	0.317387491465
187	188	0.317387491465
188	187	0.317387491465
188	189	0.317387491465
189	188	0.317387491465
189	190	0.317387491465
190	189	0.317387491465
190	191	0.317387491465
191	190	0.317387491465
191	192	0.317387491465
192	191	0.317387491465
192	193	0.317387491465
193	192	0.317387491465
193	194	0.317387491465
194	193	0.317387491465
194	195	0.317387491465
195	194	0.317387491465
195	196	0.317387491465
196	195	0.317387491465
196	197	0.317387491465
197	196	0.317387491465
197	198	0.317387491465
198	197	0.317387491465
198	199	0.317387491465
199	198	0.317387491465
199	200	0.317387491465
200	199	0.317387491465
200	201	0.317387491465
201	200	0.317387491465
201	202	0.317387491465
202	201	0.317387491465
202	203	0.317387491465
203	202	0.317387491465
203	204	0.317387491465
204	203	0.317387491465
204	205	0.317387491465
205	204	0.317387491465
205	206	0.317387491465
206	205	0.317387491465
206	207	0.317387491465
207	206	0.317387491465
207	208	0.0299024991691
207	216	0.317299008369
208	207	0.0299024991691
208	209	0.0299024991691
209	208	0.0299024991691
209	210	0.0299024991691
210	209	0.0299024991691
210	211	0.0299024991691
211	210	0.0299024991691
211	212	0.0299024991691
212	211	0.0299024991691
212	213	0.0299024991691
213	212	0.0299024991691
213	214	0.0299024991691
214	213	0.0299024991691
214	215	0.0299024991691
215	214	0.0299024991691
216	207	0.317299008369
216	217	0.317299008369
217	216	0.317299008369
217	218	0.317299008369
218	217	0.317299008369
218	219	0.317299008369
219	218	0.317299008369
219	220	0.317299008369
220	219	0.317299008369
220	221	0.317299008369
221	220	0.317299008369
221	222	0.317299008369
222	221	0.317299008369
222	223	0.317299008369
223	222	0.317299008369
223	224	0.317299008369
224	223	0.317299008369
224	225	0.317299008369
225	224	0.317299008369
225	226	0.317299008369
226	225	0.317299008369
226	227	0.317299008369
227	226	0.317299008369
227	228	0.317299008369
228	227	0.317299008369
228	229	0.0553640015423
228	298	0.316736012697
229	228	0.0553640015423
229	230	0.0553640015423
230	229	0.0553640015423
230	231	0.0553640015423
231	230	0.0553640015423
231	232	0.0553640015423
232	231	0.0553640015423
232	233	0.0553640015423
233	232	0.0553640015423
233	234	0.0553640015423
234	233	0.0553640015423
234	235	0.0553640015423
235	234	0.0553640015423
235	236	0.0553640015423
236	235	0.0553640015423
236	237	0.0553640015423
237	236	0.0553640015423
237	238	0.0553640015423
238	237	0.0553640015423
238	239	0.0553640015423
239	238	0.0553640015423
239	240	0.0553640015423
240	239	0.0553640015423
240	241	0.0553640015423
241	240	0.0553640015423
241	242	0.0553640015423
242	241	0.0553640015423
242	243	0.0553640015423
243	242	0.0553640015423
243	244	0.0553640015423
244	243	0.0553640015423
244	245	0.0553640015423
245	244	0.0553640015423
245	246	0.0553640015423
246	245	0.0553640015423
246	247	0.0553640015423
247	246	0.0553640015423
247	248	0.0553640015423
248	247	0.0553640015423
248	249	0.0553640015423
249	248	0.0553640015423
249	250	0.0553640015423
250	249	0.0553640015423
250	251	0.0553640015423
251	250	0.0553640015423
251	252	0.0553640015423
252	251	0.0553640015423
252	253	0.0553640015423
253	252	0.0553640015423
253	254	0.0513559989631
253	292	0.0324760004878
254	253	0.0513559989631
254	255	0.0513559989631
255	254	0.0513559989631
255	256	0.0513559989631
256	255	0.0513559989631
256	257	0.0513559989631
257	256	0.0513559989631
257	258	0.0513559989631
258	257	0.0513559989631
258	259	0.0513559989631
259	258	0.0513559989631
259	260	0.0513559989631
260	259	0.0513559989631
260	261	0.0513559989631
261	260	0.0513559989631
261	262	0.0513559989631
262	261	0.0513559989631
262	263	0.0513559989631
263	262	0.0513559989631
263	264	0.0513559989631
264	263	0.0513559989631
264	265	0.0513559989631
265	264	0.0513559989631
265	266	0.0513559989631
266	265	0.0513559989631
266	267	0.0513559989631
267	266	0.0513559989631
267	268	0.0513559989631
268	267	0.0513559989631
268	269	0.0513559989631
269	268	0.0513559989631
269	270	0.0513559989631
270	269	0.0513559989631
270	271	0.0513559989631
271	270	0.0513559989631
271	272	0.0513559989631
272	271	0.0513559989631
272	273	0.0513559989631
273	272	0.0513559989631
273	274	0.0513559989631
274	273	0.0513559989631
274	275	0.0513559989631
275	274	0.0513559989631
275	276	0.0513559989631
276	275	0.0513559989631
276	277	0.0513559989631
277	276	0.0513559989631
277	278	0.0513559989631
278	277	0.0513559989631
278	279	0.0513559989631
279	278	0.0513559989631
279	280	0.0513559989631
280	279	0.0513559989631
280	281	0.0513559989631
281	280	0.0513559989631
281	282	0.0513559989631
282	281	0.0513559989631
282	283	0.0513559989631
283	282	0.0513559989631
283	284	0.0513559989631
284	283	0.0513559989631
284	285	0.0513559989631
285	284	0.0513559989631
285	286	0.0513559989631
286	285	0.0513559989631
286	287	0.0513559989631
287	286	0.0513559989631
287	288	0.0513559989631
288	287	0.0513559989631
288	289	0.0513559989631
289	288	0.0513559989631
289	290	0.0513559989631
290	289	0.0513559989631
290	291	0.0513559989631
291	290	0.0513559989631
292	253	0.0324760004878
292	293	0.0324760004878
293	292	0.0324760004878
293	294	0.0324760004878
294	293	0.0324760004878
294	295	0.0324760004878
295	294	0.0324760004878
295	296	0.0324760004878
296	295	0.0324760004878
296	297	0.0324760004878
297	296	0.0324760004878
298	228	0.316736012697
298	299	0.316736012697
299	298	0.316736012697
299	300	0.316736012697
300	299	0.316736012697
300	301	0.316736012697
301	300	0.316736012697
301	302	0.316736012697
302	301	0.316736012697
302	303	0.316736012697
303	302	0.316736012697
303	304	0.316736012697
304	303	0.316736012697
304	305	0.316736012697
305	304	0.316736012697
305	306	0.316736012697
306	305	0.316736012697
306	307	0.316736012697
307	306	0.316736012697
307	308	0.316736012697
308	307	0.316736012697
308	309	0.316736012697
309	308	0.316736012697
309	310	0.316736012697
310	309	0.316736012697
310	311	0.316736012697
311	310	0.316736012697
311	312	0.316736012697
312	311	0.316736012697
312	313	0.316736012697
313	312	0.316736012697
313	314	0.316736012697
314	313	0.316736012697
314	315	0.316565006971
314	6849	0.0371799990535
315	314	0.316565006971
315	316	0.316565006971
316	315	0.316565006971
316	317	0.316565006971
317	316	0.316565006971
317	318	0.316565006971
318	317	0.316565006971
318	319	0.316565006971
319	318	0.316565006971
319	320	0.316565006971
320	319	0.316565006971
320	321	0.316565006971
321	320	0.316565006971
321	322	0.316565006971
322	321	0.316565006971
322	323	0.0453215017915
322	367	0.316255003214
323	322	0.0453215017915
323	324	0.0453215017915
324	323	0.0453215017915
324	325	0.0453215017915
325	324	0.0453215017915
325	326	0.0453215017915
326	325	0.0453215017915
326	327	0.0453215017915
327	326	0.0453215017915
327	328	0.0453215017915
328	327	0.0453215017915
328	329	0.0453215017915
329	328	0.0453215017915
329	330	0.0453215017915
330	329	0.0453215017915
330	331	0.0453215017915
331	330	0.0453215017915
331	332	0.0453215017915
332	331	0.0453215017915
332	333	0.0453215017915
333	332	0.0453215017915
333	334	0.0453215017915
334	333	0.0453215017915
334	335	0.0453215017915
335	334	0.0453215017915
335	336	0.0453215017915
336	335	0.0453215017915
336	337	0.0453215017915
337	336	0.0453215017915
337	338	0.0453215017915
338	337	0.0453215017915
338	339	0.0453215017915
339	338	0.0453215017915
339	340	0.0453215017915
340	339	0.0453215017915
340	341	0.0453215017915
341	340	0.0453215017915
341	342	0.0453215017915
342	341	0.0453215017915
342	343	0.0453215017915
343	342	0.0453215017915
343	344	0.0453215017915
344	343	0.0453215017915
344	345	0.0453215017915
345	344	0.0453215017915
345	346	0.0453215017915
346	345	0.0453215017915
346	347	0.0453215017915
347	346	0.0453215017915
347	348	0.0453215017915
348	347	0.0453215017915
348	349	0.0453215017915
349	348	0.0453215017915
349	350	0.0453215017915
350	349	0.0453215017915
350	351	0.0453215017915
351	350	0.0453215017915
351	352	0.0453215017915
352	351	0.0453215017915
352	353	0.0453215017915
353	352	0.0453215017915
353	354	0.0453215017915
354	353	0.0453215017915
354	355	0.0453215017915
355	354	0.0453215017915
355	356	0.0453215017915
356	355	0.0453215017915
356	357	0.0453215017915
357	356	0.0453215017915
357	358	0.0453215017915
358	357	0.0453215017915
358	359	0.0453215017915
359	358	0.0453215017915
359	360	0.0453215017915
360	359	0.0453215017915
360	361	0.0453215017915
361	360	0.0453215017915
361	362	0.0453215017915
362	361	0.0453215017915
362	363	0.0453215017915
363	362	0.0453215017915
363	364	0.0453215017915
364	363	0.0453215017915
364	365	0.0453215017915
365	364	0.0453215017915
365	366	0.0453215017915
366	365	0.0453215017915
367	322	0.316255003214
367	368	0.316255003214
368	367	0.316255003214
368	369	0.316255003214
369	368	0.316255003214
369	370	0.316255003214
370	369	0.316255003214
370	371	0.316255003214
371	370	0.316255003214
371	372	0.316255003214
372	371	0.316255003214
372	373	0.316255003214
373	372	0.316255003214
373	374	0.316255003214
374	373	0.316255003214
374	375	0.312918514013
374	6533	0.099688000977
375	374	0.312918514013
375	376	0.312918514013
376	375	0.312918514013
376	377	0.312918514013
377	376	0.312918514013
377	378	0.312918514013
378	377	0.312918514013
378	379	0.312918514013
379	378	0.312918514013
379	380	0.312918514013
380	379	0.312918514013
380	381	0.312918514013
381	380	0.312918514013
381	382	0.312918514013
382	381	0.312918514013
382	383	0.312918514013
383	382	0.312918514013
383	384	0.312918514013
384	383	0.312918514013
384	385	0.312918514013
385	384	0.312918514013
385	386	0.312918514013
386	385	0.312918514013
386	387	0.312918514013
387	386	0.312918514013
387	388	0.312918514013
388	387	0.312918514013
388	389	0.312918514013
389	388	0.312918514013
389	390	0.312918514013
390	389	0.312918514013
390	391	0.312918514013
391	390	0.312918514013
391	392	0.312918514013
392	391	0.312918514013
392	393	0.312918514013
393	392	0.312918514013
393	394	0.312918514013
394	393	0.312918514013
394	395	0.312918514013
395	394	0.312918514013
395	396	0.312918514013
396	395	0.312918514013
396	397	0.0505490005016
396	443	0.312478005886
397	396	0.0505490005016
397	398	0.0505490005016
398	397	0.0505490005016
398	399	0.0505490005016
399	398	0.0505490005016
399	400	0.0505490005016
400	399	0.0505490005016
400	401	0.0505490005016
401	400	0.0505490005016
401	402	0.0505490005016
402	401	0.0505490005016
402	403	0.0505490005016
403	402	0.0505490005016
403	404	0.0505490005016
404	403	0.0505490005016
404	405	0.0505490005016
405	404	0.0505490005016
405	406	0.0505490005016
406	405	0.0505490005016
406	407	0.0443034991622
406	433	0.0348164997995
407	406	0.0443034991622
407	408	0.0443034991622
408	407	0.0443034991622
408	409	0.0443034991622
409	408	0.0443034991622
409	410	0.0443034991622
410	409	0.0443034991622
410	411	0.0443034991622
411	410	0.0443034991622
411	412	0.0443034991622
412	411	0.0443034991622
412	413	0.0443034991622
413	412	0.0443034991622
413	414	0.0443034991622
414	413	0.0443034991622
414	415	0.0443034991622
415	414	0.0443034991622
415	416	0.0443034991622
416	415	0.0443034991622
416	417	0.0443034991622
417	416	0.0443034991622
417	418	0.0443034991622
418	417	0.0443034991622
418	419	0.0443034991622
419	418	0.0443034991622
419	420	0.0443034991622
420	419	0.0443034991622
420	421	0.0443034991622
421	420	0.0443034991622
421	422	0.0443034991622
422	421	0.0443034991622
422	423	0.0443034991622
423	422	0.0443034991622
423	424	0.0443034991622
424	423	0.0443034991622
424	425	0.0443034991622
425	424	0.0443034991622
425	426	0.0443034991622
426	425	0.0443034991622
426	427	0.0443034991622
427	426	0.0443034991622
427	428	0.0443034991622
428	427	0.0443034991622
428	429	0.0443034991622
429	428	0.0443034991622
429	430	0.0443034991622
430	429	0.0443034991622
430	431	0.0443034991622
431	430	0.0443034991622
431	432	0.0443034991622
432	431	0.0443034991622
433	406	0.0348164997995
433	434	0.0348164997995
434	433	0.0348164997995
434	435	0.0348164997995
435	434	0.0348164997995
435	436	0.0348164997995
436	435	0.0348164997995
436	437	0.0348164997995
437	436	0.0348164997995
437	438	0.0348164997995
438	437	0.0348164997995
438	439	0.0348164997995
439	438	0.0348164997995
439	440	0.0348164997995
440	439	0.0348164997995
440	441	0.0348164997995
441	440	0.0348164997995
441	442	0.0348164997995
442	441	0.0348164997995
443	396	0.312478005886
443	444	0.312478005886
444	443	0.312478005886
444	445	0.312478005886
445	444	0.312478005886
445	446	0.312478005886
446	445	0.312478005886
446	447	0.312478005886
447	446	0.312478005886
447	448	0.312478005886
448	447	0.312478005886
448	449	0.312478005886
449	448	0.312478005886
449	450	0.312478005886
450	449	0.312478005886
450	451	0.312478005886
451	450	0.312478005886
451	452	0.312478005886
452	451	0.312478005886
452	453	0.312478005886
453	452	0.312478005886
453	454	0.312478005886
454	453	0.312478005886
454	455	0.312478005886
455	454	0.312478005886
455	456	0.312478005886
456	455	0.312478005886
456	457	0.312478005886
457	456	0.312478005886
457	458	0.312478005886
458	457	0.312478005886
458	459	0.312478005886
459	458	0.312478005886
459	460	0.312478005886
460	459	0.312478005886
460	461	0.312478005886
461	460	0.312478005886
461	462	0.312478005886
462	461	0.312478005886
462	463	0.312478005886
463	462	0.312478005886
463	464	0.312478005886
464	463	0.312478005886
464	465	0.123586498201
464	1017	0.305896490812
465	464	0.123586498201
465	466	0.123586498201
466	465	0.123586498201
466	467	0.123586498201
467	466	0.123586498201
467	468	0.123586498201
468	467	0.123586498201
468	469	0.123586498201
469	468	0.123586498201
469	470	0.123586498201
470	469	0.123586498201
470	471	0.123586498201
471	470	0.123586498201
471	472	0.123586498201
472	471	0.123586498201
472	473	0.123586498201
473	472	0.123586498201
473	474	0.123586498201
474	473	0.123586498201
474	475	0.123586498201
475	474	0.123586498201
475	476	0.123586498201
476	475	0.123586498201
476	477	0.123586498201
477	476	0.123586498201
477	478	0.123586498201
478	477	0.123586498201
478	479	0.123586498201
479	478	0.123586498201
479	480	0.123586498201
480	479	0.123586498201
480	481	0.123586498201
481	480	0.123586498201
481	482	0.123586498201
482	481	0.123586498201
482	483	0.123586498201
483	482	0.123586498201
483	484	0.123586498201
484	483	0.123586498201
484	485	0.123586498201
485	484	0.123586498201
485	486	0.123586498201
486	485	0.123586498201
486	487	0.123586498201
487	486	0.123586498201
487	488	0.123586498201
488	487	0.123586498201
488	489	0.119670003653
488	957	0.0558109991252
489	488	0.119670003653
489	490	0.119670003653
490	489	0.119670003653
490	491	0.119670003653
491	490	0.119670003653
491	492	0.119670003653
492	491	0.119670003653
492	493	0.119670003653
493	492	0.119670003653
493	494	0.119670003653
494	493	0.119670003653
494	495	0.119670003653
495	494	0.119670003653
495	496	0.119670003653
496	495	0.119670003653
496	497	0.119670003653
497	496	0.119670003653
497	498	0.119670003653
498	497	0.119670003653
498	499	0.119670003653
499	498	0.119670003653
499	500	0.119670003653
500	499	0.119670003653
500	501	0.119670003653
501	500	0.119670003653
501	502	0.119670003653
502	501	0.119670003653
502	503	0.119670003653
503	502	0.119670003653
503	504	0.119670003653
504	503	0.119670003653
504	505	0.119670003653
505	504	0.119670003653
505	506	0.119670003653
506	505	0.119670003653
506	507	0.119670003653
507	506	0.119670003653
507	508	0.119670003653
508	507	0.119670003653
508	509	0.119670003653
509	508	0.119670003653
509	510	0.119670003653
510	509	0.119670003653
510	511	0.119670003653
511	510	0.119670003653
511	512	0.119670003653
512	511	0.119670003653
512	513	0.119670003653
513	512	0.119670003653
513	514	0.119670003653
514	513	0.119670003653
514	515	0.119670003653
515	514	0.119670003653
515	516	0.119670003653
516	515	0.119670003653
516	517	0.0458104982972
516	547	0.117389000952
517	516	0.0458104982972
517	518	0.0458104982972
518	517	0.0458104982972
518	519	0.0458104982972
519	518	0.0458104982972
519	520	0.0458104982972
520	519	0.0458104982972
520	521	0.0458104982972
521	520	0.0458104982972
521	522	0.0458104982972
522	521	0.0458104982972
522	523	0.0458104982972
523	522	0.0458104982972
523	524	0.0458104982972
524	523	0.0458104982972
524	525	0.0458104982972
525	524	0.0458104982972
525	526	0.0458104982972
526	525	0.0458104982972
526	527	0.0458104982972
527	526	0.0458104982972
527	528	0.0458104982972
528	527	0.0458104982972
528	529	0.0458104982972
529	528	0.0458104982972
529	530	0.0458104982972
530	529	0.0458104982972
530	531	0.0458104982972
531	530	0.0458104982972
531	532	0.0458104982972
532	531	0.0458104982972
532	533	0.0458104982972
533	532	0.0458104982972
533	534	0.0458104982972
534	533	0.0458104982972
534	535	0.0458104982972
535	534	0.0458104982972
535	536	0.0458104982972
536	535	0.0458104982972
536	537	0.0458104982972
537	536	0.0458104982972
537	538	0.0458104982972
538	537	0.0458104982972
538	539	0.0458104982972
539	538	0.0458104982972
539	540	0.0458104982972
540	539	0.0458104982972
540	541	0.0458104982972
541	540	0.0458104982972
541	542	0.0458104982972
542	541	0.0458104982972
542	543	0.0458104982972
543	542	0.0458104982972
543	544	0.0458104982972
544	543	0.0458104982972
544	545	0.0458104982972
545	544	0.0458104982972
545	546	0.0458104982972
546	545	0.0458104982972
547	516	0.117389000952
547	548	0.117389000952
548	547	0.117389000952
548	549	0.117389000952
549	548	0.117389000952
549	550	0.117389000952
550	549	0.117389000952
550	551	0.117389000952
551	550	0.117389000952
551	552	0.117389000952
552	551	0.117389000952
552	553	0.117389000952
553	552	0.117389000952
553	554	0.117389000952
554	553	0.117389000952
554	555	0.117389000952
555	554	0.117389000952
555	556	0.117389000952
556	555	0.117389000952
556	557	0.117389000952
557	556	0.117389000952
557	558	0.117389000952
558	557	0.117389000952
558	559	0.117389000952
559	558	0.117389000952
559	560	0.117389000952
560	559	0.117389000952
560	561	0.117389000952
561	560	0.117389000952
561	562	0.117389000952
562	561	0.117389000952
562	563	0.117389000952
563	562	0.117389000952
563	564	0.117389000952
564	563	0.117389000952
564	565	0.117389000952
565	564	0.117389000952
565	566	0.117389000952
566	565	0.117389000952
566	567	0.117389000952
567	566	0.117389000952
567	568	0.117389000952
568	567	0.117389000952
568	569	0.117389000952
569	568	0.117389000952
569	570	0.117389000952
570	569	0.117389000952
570	571	0.117389000952
571	570	0.117389000952
571	572	0.117389000952
572	571	0.117389000952
572	573	0.117389000952
573	572	0.117389000952
573	574	0.117389000952
574	573	0.117389000952
574	575	0.0547889992595
574	626	0.113267503679
575	574	0.0547889992595
575	576	0.0547889992595
576	575	0.0547889992595
576	577	0.0547889992595
577	576	0.0547889992595
577	578	0.0547889992595
578	577	0.0547889992595
578	579	0.0547889992595
579	578	0.0547889992595
579	580	0.0547889992595
580	579	0.0547889992595
580	581	0.0547889992595
581	580	0.0547889992595
581	582	0.0547889992595
582	581	0.0547889992595
582	583	0.0547889992595
583	582	0.0547889992595
583	584	0.0547889992595
584	583	0.0547889992595
584	585	0.0547889992595
585	584	0.0547889992595
585	586	0.0547889992595
586	585	0.0547889992595
586	587	0.0547889992595
587	586	0.0547889992595
587	588	0.0547889992595
588	587	0.0547889992595
588	589	0.0547889992595
589	588	0.0547889992595
589	590	0.0547889992595
590	589	0.0547889992595
590	591	0.0547889992595
591	590	0.0547889992595
591	592	0.0547889992595
592	591	0.0547889992595
592	593	0.0547889992595
593	592	0.0547889992595
593	594	0.0547889992595
594	593	0.0547889992595
594	595	0.0547889992595
595	594	0.0547889992595
595	596	0.0547889992595
596	595	0.0547889992595
596	597	0.0547889992595
597	596	0.0547889992595
597	598	0.0547889992595
598	597	0.0547889992595
598	599	0.0547889992595
599	598	0.0547889992595
599	600	0.0547889992595
600	599	0.0547889992595
600	601	0.0547889992595
601	600	0.0547889992595
601	602	0.0547889992595
602	601	0.0547889992595
602	603	0.0547889992595
603	602	0.0547889992595
603	604	0.0547889992595
604	603	0.0547889992595
604	605	0.0547889992595
605	604	0.0547889992595
605	606	0.0547889992595
606	605	0.0547889992595
606	607	0.0547889992595
607	606	0.0547889992595
607	608	0.0547889992595
608	607	0.0547889992595
608	609	0.0547889992595
609	608	0.0547889992595
609	610	0.0547889992595
610	609	0.0547889992595
610	611	0.0547889992595
611	610	0.0547889992595
611	612	0.0547889992595
612	611	0.0547889992595
612	613	0.0547889992595
613	612	0.0547889992595
613	614	0.0547889992595
614	613	0.0547889992595
614	615	0.0547889992595
615	614	0.0547889992595
615	616	0.0547889992595
616	615	0.0547889992595
616	617	0.0547889992595
617	616	0.0547889992595
617	618	0.0547889992595
618	617	0.0547889992595
618	619	0.0547889992595
619	618	0.0547889992595
619	620	0.0547889992595
620	619	0.0547889992595
620	621	0.0547889992595
621	620	0.0547889992595
621	622	0.0547889992595
622	621	0.0547889992595
622	623	0.0547889992595
623	622	0.0547889992595
623	624	0.0547889992595
624	623	0.0547889992595
624	625	0.0547889992595
625	624	0.0547889992595
626	574	0.113267503679
626	627	0.113267503679
627	626	0.113267503679
627	628	0.113267503679
628	627	0.113267503679
628	629	0.113267503679
629	628	0.113267503679
629	630	0.113267503679
630	629	0.113267503679
630	631	0.113267503679
631	630	0.113267503679
631	632	0.113267503679
632	631	0.113267503679
632	633	0.113267503679
633	632	0.113267503679
633	634	0.113267503679
634	633	0.113267503679
634	635	0.113267503679
635	634	0.113267503679
635	636	0.113267503679
636	635	0.113267503679
636	637	0.113267503679
637	636	0.113267503679
637	638	0.113267503679
638	637	0.113267503679
638	639	0.113267503679
639	638	0.113267503679
639	640	0.110625497997
639	935	0.0463134981692
640	639	0.110625497997
640	641	0.110625497997
641	640	0.110625497997
641	642	0.110625497997
642	641	0.110625497997
642	643	0.110625497997
643	642	0.110625497997
643	644	0.110625497997
644	643	0.110625497997
644	645	0.110625497997
645	644	0.110625497997
645	646	0.110625497997
646	645	0.110625497997
646	647	0.110625497997
647	646	0.110625497997
647	648	0.110625497997
648	647	0.110625497997
648	649	0.110625497997
649	648	0.110625497997
649	650	0.110625497997
650	649	0.110625497997
650	651	0.110625497997
651	650	0.110625497997
651	652	0.110625497997
652	651	0.110625497997
652	653	0.110625497997
653	652	0.110625497997
653	654	0.103094503284
653	887	0.0636690035462
654	653	0.103094503284
654	655	0.103094503284
655	654	0.103094503284
655	656	0.103094503284
656	655	0.103094503284
656	657	0.103094503284
657	656	0.103094503284
657	658	0.103094503284
658	657	0.103094503284
658	659	0.103094503284
659	658	0.103094503284
659	660	0.103094503284
660	659	0.103094503284
660	661	0.0559814982116
660	699	0.0972689986229
661	660	0.0559814982116
661	662	0.0559814982116
662	661	0.0559814982116
662	663	0.0559814982116
663	662	0.0559814982116
663	664	0.0559814982116
664	663	0.0559814982116
664	665	0.0559814982116
665	664	0.0559814982116
665	666	0.0559814982116
666	665	0.0559814982116
666	667	0.0559814982116
667	666	0.0559814982116
667	668	0.0559814982116
668	667	0.0559814982116
668	669	0.0559814982116
669	668	0.0559814982116
669	670	0.0559814982116
670	669	0.0559814982116
670	671	0.0559814982116
671	670	0.0559814982116
671	672	0.0559814982116
672	671	0.0559814982116
672	673	0.0559814982116
673	672	0.0559814982116
673	674	0.0559814982116
674	673	0.0559814982116
674	675	0.0559814982116
675	674	0.0559814982116
675	676	0.0559814982116
676	675	0.0559814982116
676	677	0.0559814982116
677	676	0.0559814982116
677	678	0.0559814982116
678	677	0.0559814982116
678	679	0.0559814982116
679	678	0.0559814982116
679	680	0.0559814982116
680	679	0.0559814982116
680	681	0.0559814982116
681	680	0.0559814982116
681	682	0.0559814982116
682	681	0.0559814982116
682	683	0.0559814982116
683	682	0.0559814982116
683	684	0.0559814982116
684	683	0.0559814982116
684	685	0.0559814982116
685	684	0.0559814982116
685	686	0.0559814982116
686	685	0.0559814982116
686	687	0.0559814982116
687	686	0.0559814982116
687	688	0.0559814982116
688	687	0.0559814982116
688	689	0.0559814982116
689	688	0.0559814982116
689	690	0.0559814982116
690	689	0.0559814982116
690	691	0.0559814982116
691	690	0.0559814982116
691	692	0.0559814982116
692	691	0.0559814982116
692	693	0.0559814982116
693	692	0.0559814982116
693	694	0.0559814982116
694	693	0.0559814982116
694	695	0.0559814982116
695	694	0.0559814982116
695	696	0.0559814982116
696	695	0.0559814982116
696	697	0.0559814982116
697	696	0.0559814982116
697	698	0.0559814982116
698	697	0.0559814982116
699	660	0.0972689986229
699	700	0.0972689986229
700	699	0.0972689986229
700	701	0.0972689986229
701	700	0.0972689986229
701	702	0.0972689986229
702	701	0.0972689986229
702	703	0.0972689986229
703	702	0.0972689986229
703	704	0.0972689986229
704	703	0.0972689986229
704	705	0.0972689986229
705	704	0.0972689986229
705	706	0.0644325017929
705	768	0.0867479965091
706	705	0.0644325017929
706	707	0.0644325017929
707	706	0.0644325017929
707	708	0.0644325017929
708	707	0.0644325017929
708	709	0.0644325017929
709	708	0.0644325017929
709	710	0.0644325017929
710	709	0.0644325017929
710	711	0.0644325017929
711	710	0.0644325017929
711	712	0.0644325017929
712	711	0.0644325017929
712	713	0.0644325017929
713	712	0.0644325017929
713	714	0.0644325017929
714	713	0.0644325017929
714	715	0.0644325017929
715	714	0.0644325017929
715	716	0.0644325017929
716	715	0.0644325017929
716	717	0.0644325017929
717	716	0.0644325017929
717	718	0.0644325017929
718	717	0.0644325017929
718	719	0.0644325017929
719	718	0.0644325017929
719	720	0.0644325017929
720	719	0.0644325017929
720	721	0.0644325017929
721	720	0.0644325017929
721	722	0.0644325017929
722	721	0.0644325017929
722	723	0.0644325017929
723	722	0.0644325017929
723	724	0.0644325017929
724	723	0.0644325017929
724	725	0.0644325017929
725	724	0.0644325017929
725	726	0.0644325017929
726	725	0.0644325017929
726	727	0.0644325017929
727	726	0.0644325017929
727	728	0.0644325017929
728	727	0.0644325017929
728	729	0.0644325017929
729	728	0.0644325017929
729	730	0.0644325017929
730	729	0.0644325017929
730	731	0.0644325017929
731	730	0.0644325017929
731	732	0.0644325017929
732	731	0.0644325017929
732	733	0.0644325017929
733	732	0.0644325017929
733	734	0.0644325017929
734	733	0.0644325017929
734	735	0.0644325017929
735	734	0.0644325017929
735	736	0.0644325017929
736	735	0.0644325017929
736	737	0.0644325017929
737	736	0.0644325017929
737	738	0.0644325017929
738	737	0.0644325017929
738	739	0.0644325017929
739	738	0.0644325017929
739	740	0.0644325017929
740	739	0.0644325017929
740	741	0.0644325017929
741	740	0.0644325017929
741	742	0.0644325017929
742	741	0.0644325017929
742	743	0.0644325017929
743	742	0.0644325017929
743	744	0.0644325017929
744	743	0.0644325017929
744	745	0.0644325017929
745	744	0.0644325017929
745	746	0.0644325017929
746	745	0.0644325017929
746	747	0.0644325017929
747	746	0.0644325017929
747	748	0.0644325017929
748	747	0.0644325017929
748	749	0.0644325017929
749	748	0.0644325017929
749	750	0.0644325017929
750	749	0.0644325017929
750	751	0.0644325017929
751	750	0.0644325017929
751	752	0.0644325017929
752	751	0.0644325017929
752	753	0.0644325017929
753	752	0.0644325017929
753	754	0.0644325017929
754	753	0.0644325017929
754	755	0.0644325017929
755	754	0.0644325017929
755	756	0.0644325017929
756	755	0.0644325017929
756	757	0.0644325017929
757	756	0.0644325017929
757	758	0.0644325017929
758	757	0.0644325017929
758	759	0.0644325017929
759	758	0.0644325017929
759	760	0.0644325017929
760	759	0.0644325017929
760	761	0.0644325017929
761	760	0.0644325017929
761	762	0.0644325017929
762	761	0.0644325017929
762	763	0.0644325017929
763	762	0.0644325017929
763	764	0.0644325017929
764	763	0.0644325017929
764	765	0.0644325017929
765	764	0.0644325017929
765	766	0.0644325017929
766	765	0.0644325017929
766	767	0.0644325017929
767	766	0.0644325017929
768	705	0.0867479965091
768	769	0.0867479965091
769	768	0.0867479965091
769	770	0.0867479965091
770	769	0.0867479965091
770	771	0.0867479965091
771	770	0.0867479965091
771	772	0.0867479965091
772	771	0.0867479965091
772	773	0.0867479965091
773	772	0.0867479965091
773	774	0.0867479965091
774	773	0.0867479965091
774	775	0.0867479965091
775	774	0.0867479965091
775	776	0.0867479965091
776	775	0.0867479965091
776	777	0.0867479965091
777	776	0.0867479965091
777	778	0.0867479965091
778	777	0.0867479965091
778	779	0.0867479965091
779	778	0.0867479965091
779	780	0.0867479965091
780	779	0.0867479965091
780	781	0.0867479965091
781	780	0.0867479965091
781	782	0.0425599999726
781	791	0.0831895023584
782	781	0.0425599999726
782	783	0.0425599999726
783	782	0.0425599999726
783	784	0.0425599999726
784	783	0.0425599999726
784	785	0.0425599999726
785	784	0.0425599999726
785	786	0.0425599999726
786	785	0.0425599999726
786	787	0.0425599999726
787	786	0.0425599999726
787	788	0.0425599999726
788	787	0.0425599999726
788	789	0.0425599999726
789	788	0.0425599999726
789	790	0.0425599999726
790	789	0.0425599999726
791	781	0.0831895023584
791	792	0.0831895023584
792	791	0.0831895023584
792	793	0.0831895023584
793	792	0.0831895023584
793	794	0.0831895023584
794	793	0.0831895023584
794	795	0.0831895023584
795	794	0.0831895023584
795	796	0.0831895023584
796	795	0.0831895023584
796	797	0.0831895023584
797	796	0.0831895023584
797	798	0.0831895023584
798	797	0.0831895023584
798	799	0.0831895023584
799	798	0.0831895023584
799	800	0.0831895023584
800	799	0.0831895023584
800	801	0.0831895023584
801	800	0.0831895023584
801	802	0.0831895023584
802	801	0.0831895023584
802	803	0.0831895023584
803	802	0.0831895023584
803	804	0.0831895023584
804	803	0.0831895023584
804	805	0.0831895023584
805	804	0.0831895023584
805	806	0.0831895023584
806	805	0.0831895023584
806	807	0.0831895023584
807	806	0.0831895023584
807	808	0.0831895023584
808	807	0.0831895023584
808	809	0.0831895023584
809	808	0.0831895023584
809	810	0.0831895023584
810	809	0.0831895023584
810	811	0.0831895023584
811	810	0.0831895023584
811	812	0.0574389994144
811	833	0.0728235021234
812	811	0.0574389994144
812	813	0.0574389994144
813	812	0.0574389994144
813	814	0.0574389994144
814	813	0.0574389994144
814	815	0.0574389994144
815	814	0.0574389994144
815	816	0.0574389994144
816	815	0.0574389994144
816	817	0.0574389994144
817	816	0.0574389994144
817	818	0.0574389994144
818	817	0.0574389994144
818	819	0.0574389994144
819	818	0.0574389994144
819	820	0.0574389994144
820	819	0.0574389994144
820	821	0.0574389994144
821	820	0.0574389994144
821	822	0.0574389994144
822	821	0.0574389994144
822	823	0.0574389994144
823	822	0.0574389994144
823	824	0.0574389994144
824	823	0.0574389994144
824	825	0.0574389994144
825	824	0.0574389994144
825	826	0.0574389994144
826	825	0.0574389994144
826	827	0.0574389994144
827	826	0.0574389994144
827	828	0.0574389994144
828	827	0.0574389994144
828	829	0.0574389994144
829	828	0.0574389994144
829	830	0.0574389994144
830	829	0.0574389994144
830	831	0.0574389994144
831	830	0.0574389994144
831	832	0.0574389994144
832	831	0.0574389994144
833	811	0.0728235021234
833	834	0.0728235021234
834	833	0.0728235021234
834	835	0.0728235021234
835	834	0.0728235021234
835	836	0.0728235021234
836	835	0.0728235021234
836	837	0.0728235021234
837	836	0.0728235021234
837	838	0.0728235021234
838	837	0.0728235021234
838	839	0.0728235021234
839	838	0.0728235021234
839	840	0.0728235021234
840	839	0.0728235021234
840	841	0.0728235021234
841	840	0.0728235021234
841	842	0.0728235021234
842	841	0.0728235021234
842	843	0.0728235021234
843	842	0.0728235021234
843	844	0.0728235021234
844	843	0.0728235021234
844	845	0.0728235021234
845	844	0.0728235021234
845	846	0.0728235021234
846	845	0.0728235021234
846	847	0.0728235021234
847	846	0.0728235021234
847	848	0.0728235021234
848	847	0.0728235021234
848	849	0.0728235021234
849	848	0.0728235021234
849	850	0.0728235021234
850	849	0.0728235021234
850	851	0.0728235021234
851	850	0.0728235021234
851	852	0.0728235021234
852	851	0.0728235021234
852	853	0.0728235021234
853	852	0.0728235021234
853	854	0.0728235021234
854	853	0.0728235021234
854	855	0.0728235021234
855	854	0.0728235021234
855	856	0.0728235021234
856	855	0.0728235021234
856	857	0.0728235021234
857	856	0.0728235021234
857	858	0.0728235021234
858	857	0.0728235021234
858	859	0.0728235021234
859	858	0.0728235021234
859	860	0.0728235021234
860	859	0.0728235021234
860	861	0.0728235021234
861	860	0.0728235021234
861	862	0.0728235021234
862	861	0.0728235021234
862	863	0.0728235021234
863	862	0.0728235021234
863	864	0.0728235021234
864	863	0.0728235021234
864	865	0.0728235021234
865	864	0.0728235021234
865	866	0.0728235021234
866	865	0.0728235021234
866	867	0.0728235021234
867	866	0.0728235021234
867	868	0.0728235021234
868	867	0.0728235021234
868	869	0.0728235021234
869	868	0.0728235021234
869	870	0.0728235021234
870	869	0.0728235021234
870	871	0.0728235021234
871	870	0.0728235021234
871	872	0.0728235021234
872	871	0.0728235021234
872	873	0.0728235021234
873	872	0.0728235021234
873	874	0.0728235021234
874	873	0.0728235021234
874	875	0.0728235021234
875	874	0.0728235021234
875	876	0.0728235021234
876	875	0.0728235021234
876	877	0.0728235021234
877	876	0.0728235021234
877	878	0.0728235021234
878	877	0.0728235021234
878	879	0.0728235021234
879	878	0.0728235021234
879	880	0.0728235021234
880	879	0.0728235021234
880	881	0.0728235021234
881	880	0.0728235021234
881	882	0.0728235021234
882	881	0.0728235021234
882	883	0.0728235021234
883	882	0.0728235021234
883	884	0.0728235021234
884	883	0.0728235021234
884	885	0.0728235021234
885	884	0.0728235021234
885	886	0.0728235021234
886	885	0.0728235021234
887	653	0.0636690035462
887	888	0.0636690035462
888	887	0.0636690035462
888	889	0.0636690035462
889	888	0.0636690035462
889	890	0.0636690035462
890	889	0.0636690035462
890	891	0.0636690035462
891	890	0.0636690035462
891	892	0.0636690035462
892	891	0.0636690035462
892	893	0.0636690035462
893	892	0.0636690035462
893	894	0.0636690035462
894	893	0.0636690035462
894	895	0.0636690035462
895	894	0.0636690035462
895	896	0.0636690035462
896	895	0.0636690035462
896	897	0.0636690035462
897	896	0.0636690035462
897	898	0.0636690035462
898	897	0.0636690035462
898	899	0.0636690035462
899	898	0.0636690035462
899	900	0.0636690035462
900	899	0.0636690035462
900	901	0.0636690035462
901	900	0.0636690035462
901	902	0.0591355003417
901	931	0.0371569991112
902	901	0.0591355003417
902	903	0.0591355003417
903	902	0.0591355003417
903	904	0.0591355003417
904	903	0.0591355003417
904	905	0.0591355003417
905	904	0.0591355003417
905	906	0.0591355003417
906	905	0.0591355003417
906	907	0.0591355003417
907	906	0.0591355003417
907	908	0.0591355003417
908	907	0.0591355003417
908	909	0.0591355003417
909	908	0.0591355003417
909	910	0.0591355003417
910	909	0.0591355003417
910	911	0.0591355003417
911	910	0.0591355003417
911	912	0.0591355003417
912	911	0.0591355003417
912	913	0.0591355003417
913	912	0.0591355003417
913	914	0.0591355003417
914	913	0.0591355003417
914	915	0.0591355003417
915	914	0.0591355003417
915	916	0.0591355003417
916	915	0.0591355003417
916	917	0.0591355003417
917	916	0.0591355003417
917	918	0.0591355003417
918	917	0.0591355003417
918	919	0.0591355003417
919	918	0.0591355003417
919	920	0.0591355003417
920	919	0.0591355003417
920	921	0.0591355003417
921	920	0.0591355003417
921	922	0.0591355003417
922	921	0.0591355003417
922	923	0.0591355003417
923	922	0.0591355003417
923	924	0.0591355003417
924	923	0.0591355003417
924	925	0.0591355003417
925	924	0.0591355003417
925	926	0.0591355003417
926	925	0.0591355003417
926	927	0.0591355003417
927	926	0.0591355003417
927	928	0.0591355003417
928	927	0.0591355003417
928	929	0.0591355003417
929	928	0.0591355003417
929	930	0.0591355003417
930	929	0.0591355003417
931	901	0.0371569991112
931	932	0.0371569991112
932	931	0.0371569991112
932	933	0.0371569991112
933	932	0.0371569991112
933	934	0.0371569991112
934	933	0.0371569991112
935	639	0.0463134981692
935	936	0.0463134981692
936	935	0.0463134981692
936	937	0.0463134981692
937	936	0.0463134981692
937	938	0.0463134981692
938	937	0.0463134981692
938	939	0.0463134981692
939	938	0.0463134981692
939	940	0.0463134981692
940	939	0.0463134981692
940	941	0.0463134981692
941	940	0.0463134981692
941	942	0.0463134981692
942	941	0.0463134981692
942	943	0.0463134981692
943	942	0.0463134981692
943	944	0.0463134981692
944	943	0.0463134981692
944	945	0.0463134981692
945	944	0.0463134981692
945	946	0.0463134981692
946	945	0.0463134981692
946	947	0.0463134981692
947	946	0.0463134981692
947	948	0.0463134981692
948	947	0.0463134981692
948	949	0.0463134981692
949	948	0.0463134981692
949	950	0.0463134981692
950	949	0.0463134981692
950	951	0.0463134981692
951	950	0.0463134981692
951	952	0.0463134981692
952	951	0.0463134981692
952	953	0.0463134981692
953	952	0.0463134981692
953	954	0.0463134981692
954	953	0.0463134981692
954	955	0.0463134981692
955	954	0.0463134981692
955	956	0.0463134981692
956	955	0.0463134981692
957	488	0.0558109991252
957	958	0.0558109991252
958	957	0.0558109991252
958	959	0.0558109991252
959	958	0.0558109991252
959	960	0.0558109991252
960	959	0.0558109991252
960	961	0.0558109991252
961	960	0.0558109991252
961	962	0.0558109991252
962	961	0.0558109991252
962	963	0.0558109991252
963	962	0.0558109991252
963	964	0.0558109991252
964	963	0.0558109991252
964	965	0.0558109991252
965	964	0.0558109991252
965	966	0.0348985008895
965	975	0.0508315004408
966	965	0.0348985008895
966	967	0.0348985008895
967	966	0.0348985008895
967	968	0.0348985008895
968	967	0.0348985008895
968	969	0.0348985008895
969	968	0.0348985008895
969	970	0.0348985008895
970	969	0.0348985008895
970	971	0.0348985008895
971	970	0.0348985008895
971	972	0.0348985008895
972	971	0.0348985008895
972	973	0.0348985008895
973	972	0.0348985008895
973	974	0.0348985008895
974	973	0.0348985008895
975	965	0.0508315004408
975	976	0.0508315004408
976	975	0.0508315004408
976	977	0.0508315004408
977	976	0.0508315004408
977	978	0.0508315004408
978	977	0.0508315004408
978	979	0.0508315004408
979	978	0.0508315004408
979	980	0.0508315004408
980	979	0.0508315004408
980	981	0.0508315004408
981	980	0.0508315004408
981	982	0.0508315004408
982	981	0.0508315004408
982	983	0.0508315004408
983	982	0.0508315004408
983	984	0.0508315004408
984	983	0.0508315004408
984	985	0.0508315004408
985	984	0.0508315004408
985	986	0.0508315004408
986	985	0.0508315004408
986	987	0.0508315004408
987	986	0.0508315004408
987	988	0.0508315004408
988	987	0.0508315004408
988	989	0.0508315004408
989	988	0.0508315004408
989	990	0.0508315004408
990	989	0.0508315004408
990	991	0.0508315004408
991	990	0.0508315004408
991	992	0.0508315004408
992	991	0.0508315004408
992	993	0.0508315004408
993	992	0.0508315004408
993	994	0.0508315004408
994	993	0.0508315004408
994	995	0.0508315004408
995	994	0.0508315004408
995	996	0.0508315004408
996	995	0.0508315004408
996	997	0.0508315004408
997	996	0.0508315004408
997	998	0.0508315004408
998	997	0.0508315004408
998	999	0.0508315004408
999	998	0.0508315004408
999	1000	0.0508315004408
1000	999	0.0508315004408
1000	1001	0.0508315004408
1001	1000	0.0508315004408
1001	1002	0.0508315004408
1002	1001	0.0508315004408
1002	1003	0.0508315004408
1003	1002	0.0508315004408
1003	1004	0.0508315004408
1004	1003	0.0508315004408
1004	1005	0.0508315004408
1005	1004	0.0508315004408
1005	1006	0.0508315004408
1006	1005	0.0508315004408
1006	1007	0.0508315004408
1007	1006	0.0508315004408
1007	1008	0.0508315004408
1008	1007	0.0508315004408
1008	1009	0.0508315004408
1009	1008	0.0508315004408
1009	1010	0.0508315004408
1010	1009	0.0508315004408
1010	1011	0.0508315004408
1011	1010	0.0508315004408
1011	1012	0.0508315004408
1012	1011	0.0508315004408
1012	1013	0.0508315004408
1013	1012	0.0508315004408
1013	1014	0.0508315004408
1014	1013	0.0508315004408
1014	1015	0.0508315004408
1015	1014	0.0508315004408
1015	1016	0.0508315004408
1016	1015	0.0508315004408
1017	464	0.305896490812
1017	1018	0.305896490812
1018	1017	0.305896490812
1018	1019	0.305896490812
1019	1018	0.305896490812
1019	1020	0.305896490812
1020	1019	0.305896490812
1020	1021	0.305896490812
1021	1020	0.305896490812
1021	1022	0.305896490812
1022	1021	0.305896490812
1022	1023	0.305896490812
1023	1022	0.305896490812
1023	1024	0.305896490812
1024	1023	0.305896490812
1024	1025	0.305896490812
1025	1024	0.305896490812
1025	1026	0.305896490812
1026	1025	0.305896490812
1026	1027	0.305896490812
1027	1026	0.305896490812
1027	1028	0.305896490812
1028	1027	0.305896490812
1028	1029	0.305896490812
1029	1028	0.305896490812
1029	1030	0.305896490812
1030	1029	0.305896490812
1030	1031	0.305896490812
1031	1030	0.305896490812
1031	1032	0.305032998323
1031	6451	0.0622950010002
1032	1031	0.305032998323
1032	1033	0.305032998323
1033	1032	0.305032998323
1033	1034	0.305032998323
1034	1033	0.305032998323
1034	1035	0.305032998323
1035	1034	0.305032998323
1035	1036	0.305032998323
1036	1035	0.305032998323
1036	1037	0.305032998323
1037	1036	0.305032998323
1037	1038	0.305032998323
1038	1037	0.305032998323
1038	1039	0.305032998323
1039	1038	0.305032998323
1039	1040	0.305032998323
1040	1039	0.305032998323
1040	1041	0.305032998323
1041	1040	0.305032998323
1041	1042	0.305032998323
1042	1041	0.305032998323
1042	1043	0.305032998323
1043	1042	0.305032998323
1043	1044	0.305032998323
1044	1043	0.305032998323
1044	1045	0.305032998323
1045	1044	0.305032998323
1045	1046	0.305032998323
1046	1045	0.305032998323
1046	1047	0.0422330014408
1046	1076	0.304762512445
1047	1046	0.0422330014408
1047	1048	0.0422330014408
1048	1047	0.0422330014408
1048	1049	0.0422330014408
1049	1048	0.0422330014408
1049	1050	0.0422330014408
1050	1049	0.0422330014408
1050	1051	0.0422330014408
1051	1050	0.0422330014408
1051	1052	0.0422330014408
1052	1051	0.0422330014408
1052	1053	0.0422330014408
1053	1052	0.0422330014408
1053	1054	0.0422330014408
1054	1053	0.0422330014408
1054	1055	0.0422330014408
1055	1054	0.0422330014408
1055	1056	0.0422330014408
1056	1055	0.0422330014408
1056	1057	0.0422330014408
1057	1056	0.0422330014408
1057	1058	0.0422330014408
1058	1057	0.0422330014408
1058	1059	0.0422330014408
1059	1058	0.0422330014408
1059	1060	0.0422330014408
1060	1059	0.0422330014408
1060	1061	0.0422330014408
1061	1060	0.0422330014408
1061	1062	0.0422330014408
1062	1061	0.0422330014408
1062	1063	0.0422330014408
1063	1062	0.0422330014408
1063	1064	0.0422330014408
1064	1063	0.0422330014408
1064	1065	0.0422330014408
1065	1064	0.0422330014408
1065	1066	0.0422330014408
1066	1065	0.0422330014408
1066	1067	0.0422330014408
1067	1066	0.0422330014408
1067	1068	0.0422330014408
1068	1067	0.0422330014408
1068	1069	0.0422330014408
1069	1068	0.0422330014408
1069	1070	0.0422330014408
1070	1069	0.0422330014408
1070	1071	0.0422330014408
1071	1070	0.0422330014408
1071	1072	0.0422330014408
1072	1071	0.0422330014408
1072	1073	0.0422330014408
1073	1072	0.0422330014408
1073	1074	0.0422330014408
1074	1073	0.0422330014408
1074	1075	0.0422330014408
1075	1074	0.0422330014408
1076	1046	0.304762512445
1076	1077	0.304762512445
1077	1076	0.304762512445
1077	1078	0.304762512445
1078	1077	0.304762512445
1078	1079	0.304762512445
1079	1078	0.304762512445
1079	1080	0.304762512445
1080	1079	0.304762512445
1080	1081	0.304762512445
1081	1080	0.304762512445
1081	1082	0.304762512445
1082	1081	0.304762512445
1082	1083	0.304762512445
1083	1082	0.304762512445
1083	1084	0.304762512445
1084	1083	0.304762512445
1084	1085	0.304762512445
1085	1084	0.304762512445
1085	1086	0.304762512445
1086	1085	0.304762512445
1086	1087	0.304762512445
1087	1086	0.304762512445
1087	1088	0.304762512445
1088	1087	0.304762512445
1088	1089	0.304762512445
1089	1088	0.304762512445
1089	1090	0.304762512445
1090	1089	0.304762512445
1090	1091	0.304762512445
1091	1090	0.304762512445
1091	1092	0.304762512445
1092	1091	0.304762512445
1092	1093	0.304762512445
1093	1092	0.304762512445
1093	1094	0.304762512445
1094	1093	0.304762512445
1094	1095	0.304762512445
1095	1094	0.304762512445
1095	1096	0.304762512445
1096	1095	0.304762512445
1096	1097	0.304762512445
1097	1096	0.304762512445
1097	1098	0.304762512445
1098	1097	0.304762512445
1098	1099	0.304762512445
1099	1098	0.304762512445
1099	1100	0.304762512445
1100	1099	0.304762512445
1100	1101	0.304762512445
1101	1100	0.304762512445
1101	1102	0.304762512445
1102	1101	0.304762512445
1102	1103	0.304762512445
1103	1102	0.304762512445
1103	1104	0.304762512445
1104	1103	0.304762512445
1104	1105	0.304762512445
1105	1104	0.304762512445
1105	1106	0.303889989853
1105	6364	0.0623604990542
1106	1105	0.303889989853
1106	1107	0.303889989853
1107	1106	0.303889989853
1107	1108	0.303889989853
1108	1107	0.303889989853
1108	1109	0.303889989853
1109	1108	0.303889989853
1109	1110	0.303889989853
1110	1109	0.303889989853
1110	1111	0.303889989853
1111	1110	0.303889989853
1111	1112	0.303889989853
1112	1111	0.303889989853
1112	1113	0.303889989853
1113	1112	0.303889989853
1113	1114	0.303889989853
1114	1113	0.303889989853
1114	1115	0.303889989853
1115	1114	0.303889989853
1115	1116	0.303889989853
1116	1115	0.303889989853
1116	1117	0.303889989853
1117	1116	0.303889989853
1117	1118	0.303889989853
1118	1117	0.303889989853
1118	1119	0.303889989853
1119	1118	0.303889989853
1119	1120	0.303889989853
1120	1119	0.303889989853
1120	1121	0.0433944985271
1120	1151	0.303594499826
1121	1120	0.0433944985271
1121	1122	0.0433944985271
1122	1121	0.0433944985271
1122	1123	0.0433944985271
1123	1122	0.0433944985271
1123	1124	0.0433944985271
1124	1123	0.0433944985271
1124	1125	0.0433944985271
1125	1124	0.0433944985271
1125	1126	0.0433944985271
1126	1125	0.0433944985271
1126	1127	0.0433944985271
1127	1126	0.0433944985271
1127	1128	0.0433944985271
1128	1127	0.0433944985271
1128	1129	0.0433944985271
1129	1128	0.0433944985271
1129	1130	0.0433944985271
1130	1129	0.0433944985271
1130	1131	0.0433944985271
1131	1130	0.0433944985271
1131	1132	0.0433944985271
1132	1131	0.0433944985271
1132	1133	0.0433944985271
1133	1132	0.0433944985271
1133	1134	0.0433944985271
1134	1133	0.0433944985271
1134	1135	0.0433944985271
1135	1134	0.0433944985271
1135	1136	0.0433944985271
1136	1135	0.0433944985271
1136	1137	0.0433944985271
1137	1136	0.0433944985271
1137	1138	0.0433944985271
1138	1137	0.0433944985271
1138	1139	0.0433944985271
1139	1138	0.0433944985271
1139	1140	0.0433944985271
1140	1139	0.0433944985271
1140	1141	0.0433944985271
1141	1140	0.0433944985271
1141	1142	0.0433944985271
1142	1141	0.0433944985271
1142	1143	0.0433944985271
1143	1142	0.0433944985271
1143	1144	0.0433944985271
1144	1143	0.0433944985271
1144	1145	0.0433944985271
1145	1144	0.0433944985271
1145	1146	0.0433944985271
1146	1145	0.0433944985271
1146	1147	0.0433944985271
1147	1146	0.0433944985271
1147	1148	0.0433944985271
1148	1147	0.0433944985271
1148	1149	0.0433944985271
1149	1148	0.0433944985271
1149	1150	0.0433944985271
1150	1149	0.0433944985271
1151	1120	0.303594499826
1151	1152	0.303594499826
1152	1151	0.303594499826
1152	1153	0.303594499826
1153	1152	0.303594499826
1153	1154	0.303594499826
1154	1153	0.303594499826
1154	1155	0.303594499826
1155	1154	0.303594499826
1155	1156	0.303594499826
1156	1155	0.303594499826
1156	1157	0.303594499826
1157	1156	0.303594499826
1157	1158	0.303458511829
1157	6354	0.0335084982216
1158	1157	0.303458511829
1158	1159	0.303458511829
1159	1158	0.303458511829
1159	1160	0.303458511829
1160	1159	0.303458511829
1160	1161	0.303458511829
1161	1160	0.303458511829
1161	1162	0.303458511829
1162	1161	0.303458511829
1162	1163	0.303458511829
1163	1162	0.303458511829
1163	1164	0.303458511829
1164	1163	0.303458511829
1164	1165	0.175414502621
1164	2355	0.282507508993
1165	1164	0.175414502621
1165	1166	0.175414502621
1166	1165	0.175414502621
1166	1167	0.175414502621
1167	1166	0.175414502621
1167	1168	0.175414502621
1168	1167	0.175414502621
1168	1169	0.175414502621
1169	1168	0.175414502621
1169	1170	0.175414502621
1170	1169	0.175414502621
1170	1171	0.175414502621
1171	1170	0.175414502621
1171	1172	0.175414502621
1172	1171	0.175414502621
1172	1173	0.175414502621
1173	1172	0.175414502621
1173	1174	0.175414502621
1174	1173	0.175414502621
1174	1175	0.175414502621
1175	1174	0.175414502621
1175	1176	0.175414502621
1176	1175	0.175414502621
1176	1177	0.175414502621
1177	1176	0.175414502621
1177	1178	0.175414502621
1178	1177	0.175414502621
1178	1179	0.0422335006297
1178	1203	0.174594506621
1179	1178	0.0422335006297
1179	1180	0.0422335006297
1180	1179	0.0422335006297
1180	1181	0.0422335006297
1181	1180	0.0422335006297
1181	1182	0.0422335006297
1182	1181	0.0422335006297
1182	1183	0.0422335006297
1183	1182	0.0422335006297
1183	1184	0.0422335006297
1184	1183	0.0422335006297
1184	1185	0.0422335006297
1185	1184	0.0422335006297
1185	1186	0.0422335006297
1186	1185	0.0422335006297
1186	1187	0.0422335006297
1187	1186	0.0422335006297
1187	1188	0.0422335006297
1188	1187	0.0422335006297
1188	1189	0.0422335006297
1189	1188	0.0422335006297
1189	1190	0.0422335006297
1190	1189	0.0422335006297
1190	1191	0.0422335006297
1191	1190	0.0422335006297
1191	1192	0.0422335006297
1192	1191	0.0422335006297
1192	1193	0.0422335006297
1193	1192	0.0422335006297
1193	1194	0.0422335006297
1194	1193	0.0422335006297
1194	1195	0.0422335006297
1195	1194	0.0422335006297
1195	1196	0.0422335006297
1196	1195	0.0422335006297
1196	1197	0.0422335006297
1197	1196	0.0422335006297
1197	1198	0.0422335006297
1198	1197	0.0422335006297
1198	1199	0.0422335006297
1199	1198	0.0422335006297
1199	1200	0.0422335006297
1200	1199	0.0422335006297
1200	1201	0.0422335006297
1201	1200	0.0422335006297
1201	1202	0.0422335006297
1202	1201	0.0422335006297
1203	1178	0.174594506621
1203	1204	0.174594506621
1204	1203	0.174594506621
1204	1205	0.174594506621
1205	1204	0.174594506621
1205	1206	0.174594506621
1206	1205	0.174594506621
1206	1207	0.174594506621
1207	1206	0.174594506621
1207	1208	0.174594506621
1208	1207	0.174594506621
1208	1209	0.174594506621
1209	1208	0.174594506621
1209	1210	0.174594506621
1210	1209	0.174594506621
1210	1211	0.174594506621
1211	1210	0.174594506621
1211	1212	0.174594506621
1212	1211	0.174594506621
1212	1213	0.174594506621
1213	1212	0.174594506621
1213	1214	0.174594506621
1214	1213	0.174594506621
1214	1215	0.174594506621
1215	1214	0.174594506621
1215	1216	0.174594506621
1216	1215	0.174594506621
1216	1217	0.174594506621
1217	1216	0.174594506621
1217	1218	0.174594506621
1218	1217	0.174594506621
1218	1219	0.174594506621
1219	1218	0.174594506621
1219	1220	0.174594506621
1220	1219	0.174594506621
1220	1221	0.174594506621
1221	1220	0.174594506621
1221	1222	0.174594506621
1222	1221	0.174594506621
1222	1223	0.174594506621
1223	1222	0.174594506621
1223	1224	0.174594506621
1224	1223	0.174594506621
1224	1225	0.174594506621
1225	1224	0.174594506621
1225	1226	0.174594506621
1226	1225	0.174594506621
1226	1227	0.173427000642
1226	2320	0.0473360009491
1227	1226	0.173427000642
1227	1228	0.173427000642
1228	1227	0.173427000642
1228	1229	0.173427000642
1229	1228	0.173427000642
1229	1230	0.173427000642
1230	1229	0.173427000642
1230	1231	0.173427000642
1231	1230	0.173427000642
1231	1232	0.173427000642
1232	1231	0.173427000642
1232	1233	0.173427000642
1233	1232	0.173427000642
1233	1234	0.173427000642
1234	1233	0.173427000642
1234	1235	0.173427000642
1235	1234	0.173427000642
1235	1236	0.173427000642
1236	1235	0.173427000642
1236	1237	0.173427000642
1237	1236	0.173427000642
1237	1238	0.173427000642
1238	1237	0.173427000642
1238	1239	0.0412270016968
1238	1258	0.172646999359
1239	1238	0.0412270016968
1239	1240	0.0412270016968
1240	1239	0.0412270016968
1240	1241	0.0412270016968
1241	1240	0.0412270016968
1241	1242	0.0412270016968
1242	1241	0.0412270016968
1242	1243	0.0412270016968
1243	1242	0.0412270016968
1243	1244	0.0412270016968
1244	1243	0.0412270016968
1244	1245	0.0412270016968
1245	1244	0.0412270016968
1245	1246	0.0412270016968
1246	1245	0.0412270016968
1246	1247	0.0412270016968
1247	1246	0.0412270016968
1247	1248	0.0412270016968
1248	1247	0.0412270016968
1248	1249	0.0412270016968
1249	1248	0.0412270016968
1249	1250	0.0412270016968
1250	1249	0.0412270016968
1250	1251	0.0412270016968
1251	1250	0.0412270016968
1251	1252	0.0412270016968
1252	1251	0.0412270016968
1252	1253	0.0412270016968
1253	1252	0.0412270016968
1253	1254	0.0412270016968
1254	1253	0.0412270016968
1254	1255	0.0412270016968
1255	1254	0.0412270016968
1255	1256	0.0412270016968
1256	1255	0.0412270016968
1256	1257	0.0412270016968
1257	1256	0.0412270016968
1258	1238	0.172646999359
1258	1259	0.172646999359
1259	1258	0.172646999359
1259	1260	0.172646999359
1260	1259	0.172646999359
1260	1261	0.172646999359
1261	1260	0.172646999359
1261	1262	0.172646999359
1262	1261	0.172646999359
1262	1263	0.172646999359
1263	1262	0.172646999359
1263	1264	0.172646999359
1264	1263	0.172646999359
1264	1265	0.172646999359
1265	1264	0.172646999359
1265	1266	0.172646999359
1266	1265	0.172646999359
1266	1267	0.172646999359
1267	1266	0.172646999359
1267	1268	0.172646999359
1268	1267	0.172646999359
1268	1269	0.172646999359
1269	1268	0.172646999359
1269	1270	0.17236199975
1269	2316	0.0294055007398
1270	1269	0.17236199975
1270	1271	0.17236199975
1271	1270	0.17236199975
1271	1272	0.17236199975
1272	1271	0.17236199975
1272	1273	0.17236199975
1273	1272	0.17236199975
1273	1274	0.17236199975
1274	1273	0.17236199975
1274	1275	0.17236199975
1275	1274	0.17236199975
1275	1276	0.17236199975
1276	1275	0.17236199975
1276	1277	0.17236199975
1277	1276	0.17236199975
1277	1278	0.17236199975
1278	1277	0.17236199975
1278	1279	0.17236199975
1279	1278	0.17236199975
1279	1280	0.17236199975
1280	1279	0.17236199975
1280	1281	0.17236199975
1281	1280	0.17236199975
1281	1282	0.17236199975
1282	1281	0.17236199975
1282	1283	0.17236199975
1283	1282	0.17236199975
1283	1284	0.17236199975
1284	1283	0.17236199975
1284	1285	0.17236199975
1285	1284	0.17236199975
1285	1286	0.17236199975
1286	1285	0.17236199975
1286	1287	0.17236199975
1287	1286	0.17236199975
1287	1288	0.17236199975
1288	1287	0.17236199975
1288	1289	0.17236199975
1289	1288	0.17236199975
1289	1290	0.17236199975
1290	1289	0.17236199975
1290	1291	0.170000001788
1290	2266	0.0592189989984
1291	1290	0.170000001788
1291	1292	0.170000001788
1292	1291	0.170000001788
1292	1293	0.170000001788
1293	1292	0.170000001788
1293	1294	0.170000001788
1294	1293	0.170000001788
1294	1295	0.170000001788
1295	1294	0.170000001788
1295	1296	0.170000001788
1296	1295	0.170000001788
1296	1297	0.170000001788
1297	1296	0.170000001788
1297	1298	0.170000001788
1298	1297	0.170000001788
1298	1299	0.170000001788
1299	1298	0.170000001788
1299	1300	0.170000001788
1300	1299	0.170000001788
1300	1301	0.170000001788
1301	1300	0.170000001788
1301	1302	0.170000001788
1302	1301	0.170000001788
1302	1303	0.170000001788
1303	1302	0.170000001788
1303	1304	0.0627480000257
1303	1364	0.167100995779
1304	1303	0.0627480000257
1304	1305	0.0627480000257
1305	1304	0.0627480000257
1305	1306	0.0627480000257
1306	1305	0.0627480000257
1306	1307	0.0627480000257
1307	1306	0.0627480000257
1307	1308	0.0627480000257
1308	1307	0.0627480000257
1308	1309	0.0627480000257
1309	1308	0.0627480000257
1309	1310	0.0627480000257
1310	1309	0.0627480000257
1310	1311	0.0627480000257
1311	1310	0.0627480000257
1311	1312	0.0627480000257
1312	1311	0.0627480000257
1312	1313	0.0627480000257
1313	1312	0.0627480000257
1313	1314	0.0627480000257
1314	1313	0.0627480000257
1314	1315	0.0627480000257
1315	1314	0.0627480000257
1315	1316	0.0554195009172
1315	1352	0.0425160005689
1316	1315	0.0554195009172
1316	1317	0.0554195009172
1317	1316	0.0554195009172
1317	1318	0.0554195009172
1318	1317	0.0554195009172
1318	1319	0.0554195009172
1319	1318	0.0554195009172
1319	1320	0.0554195009172
1320	1319	0.0554195009172
1320	1321	0.0554195009172
1321	1320	0.0554195009172
1321	1322	0.0554195009172
1322	1321	0.0554195009172
1322	1323	0.0554195009172
1323	1322	0.0554195009172
1323	1324	0.0554195009172
1324	1323	0.0554195009172
1324	1325	0.0554195009172
1325	1324	0.0554195009172
1325	1326	0.0554195009172
1326	1325	0.0554195009172
1326	1327	0.0554195009172
1327	1326	0.0554195009172
1327	1328	0.0554195009172
1328	1327	0.0554195009172
1328	1329	0.0554195009172
1329	1328	0.0554195009172
1329	1330	0.0554195009172
1330	1329	0.0554195009172
1330	1331	0.0554195009172
1331	1330	0.0554195009172
1331	1332	0.0554195009172
1332	1331	0.0554195009172
1332	1333	0.0554195009172
1333	1332	0.0554195009172
1333	1334	0.0554195009172
1334	1333	0.0554195009172
1334	1335	0.0554195009172
1335	1334	0.0554195009172
1335	1336	0.0554195009172
1336	1335	0.0554195009172
1336	1337	0.0554195009172
1337	1336	0.0554195009172
1337	1338	0.0554195009172
1338	1337	0.0554195009172
1338	1339	0.0554195009172
1339	1338	0.0554195009172
1339	1340	0.0554195009172
1340	1339	0.0554195009172
1340	1341	0.0554195009172
1341	1340	0.0554195009172
1341	1342	0.0554195009172
1342	1341	0.0554195009172
1342	1343	0.0554195009172
1343	1342	0.0554195009172
1343	1344	0.0554195009172
1344	1343	0.0554195009172
1344	1345	0.0554195009172
1345	1344	0.0554195009172
1345	1346	0.0554195009172
1346	1345	0.0554195009172
1346	1347	0.0554195009172
1347	1346	0.0554195009172
1347	1348	0.0554195009172
1348	1347	0.0554195009172
1348	1349	0.0554195009172
1349	1348	0.0554195009172
1349	1350	0.0554195009172
1350	1349	0.0554195009172
1350	1351	0.0554195009172
1351	1350	0.0554195009172
1352	1315	0.0425160005689
1352	1353	0.0425160005689
1353	1352	0.0425160005689
1353	1354	0.0425160005689
1354	1353	0.0425160005689
1354	1355	0.0425160005689
1355	1354	0.0425160005689
1355	1356	0.0425160005689
1356	1355	0.0425160005689
1356	1357	0.0425160005689
1357	1356	0.0425160005689
1357	1358	0.0425160005689
1358	1357	0.0425160005689
1358	1359	0.0425160005689
1359	1358	0.0425160005689
1359	1360	0.0425160005689
1360	1359	0.0425160005689
1360	1361	0.0425160005689
1361	1360	0.0425160005689
1361	1362	0.0425160005689
1362	1361	0.0425160005689
1362	1363	0.0425160005689
1363	1362	0.0425160005689
1364	1303	0.167100995779
1364	1365	0.167100995779
1365	1364	0.167100995779
1365	1366	0.167100995779
1366	1365	0.167100995779
1366	1367	0.167100995779
1367	1366	0.167100995779
1367	1368	0.167100995779
1368	1367	0.167100995779
1368	1369	0.167100995779
1369	1368	0.167100995779
1369	1370	0.167100995779
1370	1369	0.167100995779
1370	1371	0.167100995779
1371	1370	0.167100995779
1371	1372	0.167100995779
1372	1371	0.167100995779
1372	1373	0.167100995779
1373	1372	0.167100995779
1373	1374	0.167100995779
1374	1373	0.167100995779
1374	1375	0.167100995779
1375	1374	0.167100995779
1375	1376	0.167100995779
1376	1375	0.167100995779
1376	1377	0.0557124987245
1376	1426	0.165010496974
1377	1376	0.0557124987245
1377	1378	0.0557124987245
1378	1377	0.0557124987245
1378	1379	0.0557124987245
1379	1378	0.0557124987245
1379	1380	0.0557124987245
1380	1379	0.0557124987245
1380	1381	0.0557124987245
1381	1380	0.0557124987245
1381	1382	0.0557124987245
1382	1381	0.0557124987245
1382	1383	0.0557124987245
1383	1382	0.0557124987245
1383	1384	0.0557124987245
1384	1383	0.0557124987245
1384	1385	0.0557124987245
1385	1384	0.0557124987245
1385	1386	0.0557124987245
1386	1385	0.0557124987245
1386	1387	0.0557124987245
1387	1386	0.0557124987245
1387	1388	0.0557124987245
1388	1387	0.0557124987245
1388	1389	0.0557124987245
1389	1388	0.0557124987245
1389	1390	0.0557124987245
1390	1389	0.0557124987245
1390	1391	0.0557124987245
1391	1390	0.0557124987245
1391	1392	0.0557124987245
1392	1391	0.0557124987245
1392	1393	0.0557124987245
1393	1392	0.0557124987245
1393	1394	0.0557124987245
1394	1393	0.0557124987245
1394	1395	0.0557124987245
1395	1394	0.0557124987245
1395	1396	0.0557124987245
1396	1395	0.0557124987245
1396	1397	0.0557124987245
1397	1396	0.0557124987245
1397	1398	0.0557124987245
1398	1397	0.0557124987245
1398	1399	0.0557124987245
1399	1398	0.0557124987245
1399	1400	0.0557124987245
1400	1399	0.0557124987245
1400	1401	0.0557124987245
1401	1400	0.0557124987245
1401	1402	0.0557124987245
1402	1401	0.0557124987245
1402	1403	0.0557124987245
1403	1402	0.0557124987245
1403	1404	0.0557124987245
1404	1403	0.0557124987245
1404	1405	0.0557124987245
1405	1404	0.0557124987245
1405	1406	0.0557124987245
1406	1405	0.0557124987245
1406	1407	0.0557124987245
1407	1406	0.0557124987245
1407	1408	0.0557124987245
1408	1407	0.0557124987245
1408	1409	0.0557124987245
1409	1408	0.0557124987245
1409	1410	0.0557124987245
1410	1409	0.0557124987245
1410	1411	0.0557124987245
1411	1410	0.0557124987245
1411	1412	0.0557124987245
1412	1411	0.0557124987245
1412	1413	0.0557124987245
1413	1412	0.0557124987245
1413	1414	0.0557124987245
1414	1413	0.0557124987245
1414	1415	0.0557124987245
1415	1414	0.0557124987245
1415	1416	0.0557124987245
1416	1415	0.0557124987245
1416	1417	0.0557124987245
1417	1416	0.0557124987245
1417	1418	0.0557124987245
1418	1417	0.0557124987245
1418	1419	0.0557124987245
1419	1418	0.0557124987245
1419	1420	0.0557124987245
1420	1419	0.0557124987245
1420	1421	0.0557124987245
1421	1420	0.0557124987245
1421	1422	0.0557124987245
1422	1421	0.0557124987245
1422	1423	0.0557124987245
1423	1422	0.0557124987245
1423	1424	0.0557124987245
1424	1423	0.0557124987245
1424	1425	0.0557124987245
1425	1424	0.0557124987245
1426	1376	0.165010496974
1426	1427	0.165010496974
1427	1426	0.165010496974
1427	1428	0.165010496974
1428	1427	0.165010496974
1428	1429	0.165010496974
1429	1428	0.165010496974
1429	1430	0.165010496974
1430	1429	0.165010496974
1430	1431	0.165010496974
1431	1430	0.165010496974
1431	1432	0.165010496974
1432	1431	0.165010496974
1432	1433	0.165010496974
1433	1432	0.165010496974
1433	1434	0.165010496974
1434	1433	0.165010496974
1434	1435	0.165010496974
1435	1434	0.165010496974
1435	1436	0.165010496974
1436	1435	0.165010496974
1436	1437	0.165010496974
1437	1436	0.165010496974
1437	1438	0.165010496974
1438	1437	0.165010496974
1438	1439	0.165010496974
1439	1438	0.165010496974
1439	1440	0.165010496974
1440	1439	0.165010496974
1440	1441	0.165010496974
1441	1440	0.165010496974
1441	1442	0.165010496974
1442	1441	0.165010496974
1442	1443	0.165010496974
1443	1442	0.165010496974
1443	1444	0.165010496974
1444	1443	0.165010496974
1444	1445	0.165010496974
1445	1444	0.165010496974
1445	1446	0.16402849555
1445	2251	0.0430460013449
1446	1445	0.16402849555
1446	1447	0.16402849555
1447	1446	0.16402849555
1447	1448	0.16402849555
1448	1447	0.16402849555
1448	1449	0.16402849555
1449	1448	0.16402849555
1449	1450	0.16402849555
1450	1449	0.16402849555
1450	1451	0.16402849555
1451	1450	0.16402849555
1451	1452	0.16402849555
1452	1451	0.16402849555
1452	1453	0.16402849555
1453	1452	0.16402849555
1453	1454	0.16402849555
1454	1453	0.16402849555
1454	1455	0.16402849555
1455	1454	0.16402849555
1455	1456	0.0578159987926
1455	1505	0.16159799695
1456	1455	0.0578159987926
1456	1457	0.0578159987926
1457	1456	0.0578159987926
1457	1458	0.0578159987926
1458	1457	0.0578159987926
1458	1459	0.0578159987926
1459	1458	0.0578159987926
1459	1460	0.0578159987926
1460	1459	0.0578159987926
1460	1461	0.0578159987926
1461	1460	0.0578159987926
1461	1462	0.0578159987926
1462	1461	0.0578159987926
1462	1463	0.0578159987926
1463	1462	0.0578159987926
1463	1464	0.0578159987926
1464	1463	0.0578159987926
1464	1465	0.0578159987926
1465	1464	0.0578159987926
1465	1466	0.0578159987926
1466	1465	0.0578159987926
1466	1467	0.0578159987926
1467	1466	0.0578159987926
1467	1468	0.0578159987926
1468	1467	0.0578159987926
1468	1469	0.0578159987926
1469	1468	0.0578159987926
1469	1470	0.0578159987926
1470	1469	0.0578159987926
1470	1471	0.0578159987926
1471	1470	0.0578159987926
1471	1472	0.0578159987926
1472	1471	0.0578159987926
1472	1473	0.0578159987926
1473	1472	0.0578159987926
1473	1474	0.0578159987926
1474	1473	0.0578159987926
1474	1475	0.0578159987926
1475	1474	0.0578159987926
1475	1476	0.0578159987926
1476	1475	0.0578159987926
1476	1477	0.0578159987926
1477	1476	0.0578159987926
1477	1478	0.0578159987926
1478	1477	0.0578159987926
1478	1479	0.0578159987926
1479	1478	0.0578159987926
1479	1480	0.0578159987926
1480	1479	0.0578159987926
1480	1481	0.0578159987926
1481	1480	0.0578159987926
1481	1482	0.0578159987926
1482	1481	0.0578159987926
1482	1483	0.0578159987926
1483	1482	0.0578159987926
1483	1484	0.0578159987926
1484	1483	0.0578159987926
1484	1485	0.0578159987926
1485	1484	0.0578159987926
1485	1486	0.0578159987926
1486	1485	0.0578159987926
1486	1487	0.0578159987926
1487	1486	0.0578159987926
1487	1488	0.0578159987926
1488	1487	0.0578159987926
1488	1489	0.0578159987926
1489	1488	0.0578159987926
1489	1490	0.0578159987926
1490	1489	0.0578159987926
1490	1491	0.0578159987926
1491	1490	0.0578159987926
1491	1492	0.0578159987926
1492	1491	0.0578159987926
1492	1493	0.0578159987926
1493	1492	0.0578159987926
1493	1494	0.0578159987926
1494	1493	0.0578159987926
1494	1495	0.0578159987926
1495	1494	0.0578159987926
1495	1496	0.0578159987926
1496	1495	0.0578159987926
1496	1497	0.0578159987926
1497	1496	0.0578159987926
1497	1498	0.0578159987926
1498	1497	0.0578159987926
1498	1499	0.0578159987926
1499	1498	0.0578159987926
1499	1500	0.0578159987926
1500	1499	0.0578159987926
1500	1501	0.0578159987926
1501	1500	0.0578159987926
1501	1502	0.0578159987926
1502	1501	0.0578159987926
1502	1503	0.0578159987926
1503	1502	0.0578159987926
1503	1504	0.0578159987926
1504	1503	0.0578159987926
1505	1455	0.16159799695
1505	1506	0.16159799695
1506	1505	0.16159799695
1506	1507	0.16159799695
1507	1506	0.16159799695
1507	1508	0.16159799695
1508	1507	0.16159799695
1508	1509	0.16159799695
1509	1508	0.16159799695
1509	1510	0.16159799695
1510	1509	0.16159799695
1510	1511	0.16159799695
1511	1510	0.16159799695
1511	1512	0.16159799695
1512	1511	0.16159799695
1512	1513	0.16159799695
1513	1512	0.16159799695
1513	1514	0.16159799695
1514	1513	0.16159799695
1514	1515	0.0875184983015
1514	1641	0.152543500066
1515	1514	0.0875184983015
1515	1516	0.0875184983015
1516	1515	0.0875184983015
1516	1517	0.0875184983015
1517	1516	0.0875184983015
1517	1518	0.0875184983015
1518	1517	0.0875184983015
1518	1519	0.0875184983015
1519	1518	0.0875184983015
1519	1520	0.0875184983015
1520	1519	0.0875184983015
1520	1521	0.0875184983015
1521	1520	0.0875184983015
1521	1522	0.0875184983015
1522	1521	0.0875184983015
1522	1523	0.0875184983015
1523	1522	0.0875184983015
1523	1524	0.0875184983015
1524	1523	0.0875184983015
1524	1525	0.0875184983015
1525	1524	0.0875184983015
1525	1526	0.0875184983015
1526	1525	0.0875184983015
1526	1527	0.0875184983015
1527	1526	0.0875184983015
1527	1528	0.0875184983015
1528	1527	0.0875184983015
1528	1529	0.0875184983015
1529	1528	0.0875184983015
1529	1530	0.0875184983015
1530	1529	0.0875184983015
1530	1531	0.0875184983015
1531	1530	0.0875184983015
1531	1532	0.0875184983015
1532	1531	0.0875184983015
1532	1533	0.0875184983015
1533	1532	0.0875184983015
1533	1534	0.0875184983015
1534	1533	0.0875184983015
1534	1535	0.0875184983015
1535	1534	0.0875184983015
1535	1536	0.0875184983015
1536	1535	0.0875184983015
1536	1537	0.0875184983015
1537	1536	0.0875184983015
1537	1538	0.0875184983015
1538	1537	0.0875184983015
1538	1539	0.0875184983015
1539	1538	0.0875184983015
1539	1540	0.0875184983015
1540	1539	0.0875184983015
1540	1541	0.0875184983015
1541	1540	0.0875184983015
1541	1542	0.0875184983015
1542	1541	0.0875184983015
1542	1543	0.0875184983015
1543	1542	0.0875184983015
1543	1544	0.0875184983015
1544	1543	0.0875184983015
1544	1545	0.0875184983015
1545	1544	0.0875184983015
1545	1546	0.0875184983015
1546	1545	0.0875184983015
1546	1547	0.0875184983015
1547	1546	0.0875184983015
1547	1548	0.0875184983015
1548	1547	0.0875184983015
1548	1549	0.0622729994357
1548	1584	0.0754109993577
1549	1548	0.0622729994357
1549	1550	0.0622729994357
1550	1549	0.0622729994357
1550	1551	0.0622729994357
1551	1550	0.0622729994357
1551	1552	0.0622729994357
1552	1551	0.0622729994357
1552	1553	0.0622729994357
1553	1552	0.0622729994357
1553	1554	0.0622729994357
1554	1553	0.0622729994357
1554	1555	0.0622729994357
1555	1554	0.0622729994357
1555	1556	0.0622729994357
1556	1555	0.0622729994357
1556	1557	0.0622729994357
1557	1556	0.0622729994357
1557	1558	0.0622729994357
1558	1557	0.0622729994357
1558	1559	0.0622729994357
1559	1558	0.0622729994357
1559	1560	0.0622729994357
1560	1559	0.0622729994357
1560	1561	0.0622729994357
1561	1560	0.0622729994357
1561	1562	0.0622729994357
1562	1561	0.0622729994357
1562	1563	0.0622729994357
1563	1562	0.0622729994357
1563	1564	0.0622729994357
1564	1563	0.0622729994357
1564	1565	0.0622729994357
1565	1564	0.0622729994357
1565	1566	0.0622729994357
1566	1565	0.0622729994357
1566	1567	0.0622729994357
1567	1566	0.0622729994357
1567	1568	0.0622729994357
1568	1567	0.0622729994357
1568	1569	0.0622729994357
1569	1568	0.0622729994357
1569	1570	0.0622729994357
1570	1569	0.0622729994357
1570	1571	0.0622729994357
1571	1570	0.0622729994357
1571	1572	0.0622729994357
1572	1571	0.0622729994357
1572	1573	0.0622729994357
1573	1572	0.0622729994357
1573	1574	0.0622729994357
1574	1573	0.0622729994357
1574	1575	0.0622729994357
1575	1574	0.0622729994357
1575	1576	0.0622729994357
1576	1575	0.0622729994357
1576	1577	0.0622729994357
1577	1576	0.0622729994357
1577	1578	0.0622729994357
1578	1577	0.0622729994357
1578	1579	0.0622729994357
1579	1578	0.0622729994357
1579	1580	0.0622729994357
1580	1579	0.0622729994357
1580	1581	0.0622729994357
1581	1580	0.0622729994357
1581	1582	0.0622729994357
1582	1581	0.0622729994357
1582	1583	0.0622729994357
1583	1582	0.0622729994357
1584	1548	0.0754109993577
1584	1585	0.0754109993577
1585	1584	0.0754109993577
1585	1586	0.0754109993577
1586	1585	0.0754109993577
1586	1587	0.0754109993577
1587	1586	0.0754109993577
1587	1588	0.0754109993577
1588	1587	0.0754109993577
1588	1589	0.0754109993577
1589	1588	0.0754109993577
1589	1590	0.0754109993577
1590	1589	0.0754109993577
1590	1591	0.0754109993577
1591	1590	0.0754109993577
1591	1592	0.0464739985764
1591	1600	0.068997502327
1592	1591	0.0464739985764
1592	1593	0.0464739985764
1593	1592	0.0464739985764
1593	1594	0.0464739985764
1594	1593	0.0464739985764
1594	1595	0.0464739985764
1595	1594	0.0464739985764
1595	1596	0.0464739985764
1596	1595	0.0464739985764
1596	1597	0.0464739985764
1597	1596	0.0464739985764
1597	1598	0.0464739985764
1598	1597	0.0464739985764
1598	1599	0.0464739985764
1599	1598	0.0464739985764
1600	1591	0.068997502327
1600	1601	0.068997502327
1601	1600	0.068997502327
1601	1602	0.068997502327
1602	1601	0.068997502327
1602	1603	0.068997502327
1603	1602	0.068997502327
1603	1604	0.068997502327
1604	1603	0.068997502327
1604	1605	0.068997502327
1605	1604	0.068997502327
1605	1606	0.068997502327
1606	1605	0.068997502327
1606	1607	0.068997502327
1607	1606	0.068997502327
1607	1608	0.068997502327
1608	1607	0.068997502327
1608	1609	0.068997502327
1609	1608	0.068997502327
1609	1610	0.068997502327
1610	1609	0.068997502327
1610	1611	0.068997502327
1611	1610	0.068997502327
1611	1612	0.068997502327
1612	1611	0.068997502327
1612	1613	0.068997502327
1613	1612	0.068997502327
1613	1614	0.068997502327
1614	1613	0.068997502327
1614	1615	0.068997502327
1615	1614	0.068997502327
1615	1616	0.068997502327
1616	1615	0.068997502327
1616	1617	0.068997502327
1617	1616	0.068997502327
1617	1618	0.068997502327
1618	1617	0.068997502327
1618	1619	0.068997502327
1619	1618	0.068997502327
1619	1620	0.068997502327
1620	1619	0.068997502327
1620	1621	0.068997502327
1621	1620	0.068997502327
1621	1622	0.068997502327
1622	1621	0.068997502327
1622	1623	0.068997502327
1623	1622	0.068997502327
1623	1624	0.068997502327
1624	1623	0.068997502327
1624	1625	0.068997502327
1625	1624	0.068997502327
1625	1626	0.068997502327
1626	1625	0.068997502327
1626	1627	0.068997502327
1627	1626	0.068997502327
1627	1628	0.068997502327
1628	1627	0.068997502327
1628	1629	0.068997502327
1629	1628	0.068997502327
1629	1630	0.068997502327
1630	1629	0.068997502327
1630	1631	0.068997502327
1631	1630	0.068997502327
1631	1632	0.068997502327
1632	1631	0.068997502327
1632	1633	0.068997502327
1633	1632	0.068997502327
1633	1634	0.068997502327
1634	1633	0.068997502327
1634	1635	0.068997502327
1635	1634	0.068997502327
1635	1636	0.068997502327
1636	1635	0.068997502327
1636	1637	0.068997502327
1637	1636	0.068997502327
1637	1638	0.068997502327
1638	1637	0.068997502327
1638	1639	0.068997502327
1639	1638	0.068997502327
1639	1640	0.068997502327
1640	1639	0.068997502327
1641	1514	0.152543500066
1641	1642	0.152543500066
1642	1641	0.152543500066
1642	1643	0.152543500066
1643	1642	0.152543500066
1643	1644	0.151039004326
1643	2232	0.0470265001059
1644	1643	0.151039004326
1644	1645	0.151039004326
1645	1644	0.151039004326
1645	1646	0.151039004326
1646	1645	0.151039004326
1646	1647	0.149501502514
1646	2213	0.0470499992371
1647	1646	0.149501502514
1647	1648	0.149501502514
1648	1647	0.149501502514
1648	1649	0.149501502514
1649	1648	0.149501502514
1649	1650	0.149501502514
1650	1649	0.149501502514
1650	1651	0.149501502514
1651	1650	0.149501502514
1651	1652	0.149501502514
1652	1651	0.149501502514
1652	1653	0.149501502514
1653	1652	0.149501502514
1653	1654	0.0759264975786
1653	1739	0.142665997148
1654	1653	0.0759264975786
1654	1655	0.0759264975786
1655	1654	0.0759264975786
1655	1656	0.0759264975786
1656	1655	0.0759264975786
1656	1657	0.0759264975786
1657	1656	0.0759264975786
1657	1658	0.0759264975786
1658	1657	0.0759264975786
1658	1659	0.0759264975786
1659	1658	0.0759264975786
1659	1660	0.0759264975786
1660	1659	0.0759264975786
1660	1661	0.0759264975786
1661	1660	0.0759264975786
1661	1662	0.0759264975786
1662	1661	0.0759264975786
1662	1663	0.0759264975786
1663	1662	0.0759264975786
1663	1664	0.0759264975786
1664	1663	0.0759264975786
1664	1665	0.0759264975786
1665	1664	0.0759264975786
1665	1666	0.0759264975786
1666	1665	0.0759264975786
1666	1667	0.0759264975786
1667	1666	0.0759264975786
1667	1668	0.0759264975786
1668	1667	0.0759264975786
1668	1669	0.0759264975786
1669	1668	0.0759264975786
1669	1670	0.0759264975786
1670	1669	0.0759264975786
1670	1671	0.0759264975786
1671	1670	0.0759264975786
1671	1672	0.0759264975786
1672	1671	0.0759264975786
1672	1673	0.0759264975786
1673	1672	0.0759264975786
1673	1674	0.0759264975786
1674	1673	0.0759264975786
1674	1675	0.0759264975786
1675	1674	0.0759264975786
1675	1676	0.0759264975786
1676	1675	0.0759264975786
1676	1677	0.0759264975786
1677	1676	0.0759264975786
1677	1678	0.0573880001903
1677	1703	0.0628869980574
1678	1677	0.0573880001903
1678	1679	0.0573880001903
1679	1678	0.0573880001903
1679	1680	0.0573880001903
1680	1679	0.0573880001903
1680	1681	0.0573880001903
1681	1680	0.0573880001903
1681	1682	0.0573880001903
1682	1681	0.0573880001903
1682	1683	0.0573880001903
1683	1682	0.0573880001903
1683	1684	0.0573880001903
1684	1683	0.0573880001903
1684	1685	0.0573880001903
1685	1684	0.0573880001903
1685	1686	0.0573880001903
1686	1685	0.0573880001903
1686	1687	0.0573880001903
1687	1686	0.0573880001903
1687	1688	0.0573880001903
1688	1687	0.0573880001903
1688	1689	0.0573880001903
1689	1688	0.0573880001903
1689	1690	0.0573880001903
1690	1689	0.0573880001903
1690	1691	0.0573880001903
1691	1690	0.0573880001903
1691	1692	0.0573880001903
1692	1691	0.0573880001903
1692	1693	0.0573880001903
1693	1692	0.0573880001903
1693	1694	0.0573880001903
1694	1693	0.0573880001903
1694	1695	0.0573880001903
1695	1694	0.0573880001903
1695	1696	0.0573880001903
1696	1695	0.0573880001903
1696	1697	0.0573880001903
1697	1696	0.0573880001903
1697	1698	0.0573880001903
1698	1697	0.0573880001903
1698	1699	0.0573880001903
1699	1698	0.0573880001903
1699	1700	0.0573880001903
1700	1699	0.0573880001903
1700	1701	0.0573880001903
1701	1700	0.0573880001903
1701	1702	0.0573880001903
1702	1701	0.0573880001903
1703	1677	0.0628869980574
1703	1704	0.0628869980574
1704	1703	0.0628869980574
1704	1705	0.0628869980574
1705	1704	0.0628869980574
1705	1706	0.0628869980574
1706	1705	0.0628869980574
1706	1707	0.0628869980574
1707	1706	0.0628869980574
1707	1708	0.0628869980574
1708	1707	0.0628869980574
1708	1709	0.0628869980574
1709	1708	0.0628869980574
1709	1710	0.0628869980574
1710	1709	0.0628869980574
1710	1711	0.0628869980574
1711	1710	0.0628869980574
1711	1712	0.0628869980574
1712	1711	0.0628869980574
1712	1713	0.0628869980574
1713	1712	0.0628869980574
1713	1714	0.0628869980574
1714	1713	0.0628869980574
1714	1715	0.0628869980574
1715	1714	0.0628869980574
1715	1716	0.0628869980574
1716	1715	0.0628869980574
1716	1717	0.0628869980574
1717	1716	0.0628869980574
1717	1718	0.0628869980574
1718	1717	0.0628869980574
1718	1719	0.0628869980574
1719	1718	0.0628869980574
1719	1720	0.0628869980574
1720	1719	0.0628869980574
1720	1721	0.0628869980574
1721	1720	0.0628869980574
1721	1722	0.0628869980574
1722	1721	0.0628869980574
1722	1723	0.0628869980574
1723	1722	0.0628869980574
1723	1724	0.0628869980574
1724	1723	0.0628869980574
1724	1725	0.0628869980574
1725	1724	0.0628869980574
1725	1726	0.0628869980574
1726	1725	0.0628869980574
1726	1727	0.0628869980574
1727	1726	0.0628869980574
1727	1728	0.0628869980574
1728	1727	0.0628869980574
1728	1729	0.0628869980574
1729	1728	0.0628869980574
1729	1730	0.0628869980574
1730	1729	0.0628869980574
1730	1731	0.0628869980574
1731	1730	0.0628869980574
1731	1732	0.0628869980574
1732	1731	0.0628869980574
1732	1733	0.0628869980574
1733	1732	0.0628869980574
1733	1734	0.0628869980574
1734	1733	0.0628869980574
1734	1735	0.0628869980574
1735	1734	0.0628869980574
1735	1736	0.0628869980574
1736	1735	0.0628869980574
1736	1737	0.0628869980574
1737	1736	0.0628869980574
1737	1738	0.0628869980574
1738	1737	0.0628869980574
1739	1653	0.142665997148
1739	1740	0.142665997148
1740	1739	0.142665997148
1740	1741	0.142665997148
1741	1740	0.142665997148
1741	1742	0.142665997148
1742	1741	0.142665997148
1742	1743	0.142665997148
1743	1742	0.142665997148
1743	1744	0.142665997148
1744	1743	0.142665997148
1744	1745	0.142665997148
1745	1744	0.142665997148
1745	1746	0.142665997148
1746	1745	0.142665997148
1746	1747	0.142665997148
1747	1746	0.142665997148
1747	1748	0.142665997148
1748	1747	0.142665997148
1748	1749	0.142665997148
1749	1748	0.142665997148
1749	1750	0.142665997148
1750	1749	0.142665997148
1750	1751	0.142665997148
1751	1750	0.142665997148
1751	1752	0.142665997148
1752	1751	0.142665997148
1752	1753	0.142665997148
1753	1752	0.142665997148
1753	1754	0.139981999993
1753	2184	0.0543815009296
1754	1753	0.139981999993
1754	1755	0.139981999993
1755	1754	0.139981999993
1755	1756	0.139981999993
1756	1755	0.139981999993
1756	1757	0.139981999993
1757	1756	0.139981999993
1757	1758	0.139981999993
1758	1757	0.139981999993
1758	1759	0.139981999993
1759	1758	0.139981999993
1759	1760	0.139981999993
1760	1759	0.139981999993
1760	1761	0.139981999993
1761	1760	0.139981999993
1761	1762	0.139981999993
1762	1761	0.139981999993
1762	1763	0.139981999993
1763	1762	0.139981999993
1763	1764	0.139981999993
1764	1763	0.139981999993
1764	1765	0.139981999993
1765	1764	0.139981999993
1765	1766	0.139981999993
1766	1765	0.139981999993
1766	1767	0.139981999993
1767	1766	0.139981999993
1767	1768	0.139981999993
1768	1767	0.139981999993
1768	1769	0.129538998008
1768	2099	0.0828765034676
1769	1768	0.129538998008
1769	1770	0.129538998008
1770	1769	0.129538998008
1770	1771	0.129538998008
1771	1770	0.129538998008
1771	1772	0.129538998008
1772	1771	0.129538998008
1772	1773	0.129538998008
1773	1772	0.129538998008
1773	1774	0.129538998008
1774	1773	0.129538998008
1774	1775	0.129538998008
1775	1774	0.129538998008
1775	1776	0.129538998008
1776	1775	0.129538998008
1776	1777	0.129538998008
1777	1776	0.129538998008
1777	1778	0.129538998008
1778	1777	0.129538998008
1778	1779	0.129538998008
1779	1778	0.129538998008
1779	1780	0.129538998008
1780	1779	0.129538998008
1780	1781	0.129538998008
1781	1780	0.129538998008
1781	1782	0.129538998008
1782	1781	0.129538998008
1782	1783	0.129538998008
1783	1782	0.129538998008
1783	1784	0.129538998008
1784	1783	0.129538998008
1784	1785	0.129538998008
1785	1784	0.129538998008
1785	1786	0.129538998008
1786	1785	0.129538998008
1786	1787	0.129538998008
1787	1786	0.129538998008
1787	1788	0.129538998008
1788	1787	0.129538998008
1788	1789	0.129538998008
1789	1788	0.129538998008
1789	1790	0.129538998008
1790	1789	0.129538998008
1790	1791	0.129538998008
1791	1790	0.129538998008
1791	1792	0.129538998008
1792	1791	0.129538998008
1792	1793	0.129538998008
1793	1792	0.129538998008
1793	1794	0.129538998008
1794	1793	0.129538998008
1794	1795	0.056019499898
1794	1819	0.125947996974
1795	1794	0.056019499898
1795	1796	0.056019499898
1796	1795	0.056019499898
1796	1797	0.056019499898
1797	1796	0.056019499898
1797	1798	0.056019499898
1798	1797	0.056019499898
1798	1799	0.056019499898
1799	1798	0.056019499898
1799	1800	0.056019499898
1800	1799	0.056019499898
1800	1801	0.056019499898
1801	1800	0.056019499898
1801	1802	0.056019499898
1802	1801	0.056019499898
1802	1803	0.056019499898
1803	1802	0.056019499898
1803	1804	0.056019499898
1804	1803	0.056019499898
1804	1805	0.056019499898
1805	1804	0.056019499898
1805	1806	0.056019499898
1806	1805	0.056019499898
1806	1807	0.056019499898
1807	1806	0.056019499898
1807	1808	0.056019499898
1808	1807	0.056019499898
1808	1809	0.056019499898
1809	1808	0.056019499898
1809	1810	0.056019499898
1810	1809	0.056019499898
1810	1811	0.056019499898
1811	1810	0.056019499898
1811	1812	0.056019499898
1812	1811	0.056019499898
1812	1813	0.056019499898
1813	1812	0.056019499898
1813	1814	0.056019499898
1814	1813	0.056019499898
1814	1815	0.056019499898
1815	1814	0.056019499898
1815	1816	0.056019499898
1816	1815	0.056019499898
1816	1817	0.056019499898
1817	1816	0.056019499898
1817	1818	0.056019499898
1818	1817	0.056019499898
1819	1794	0.125947996974
1819	1820	0.125947996974
1820	1819	0.125947996974
1820	1821	0.125947996974
1821	1820	0.125947996974
1821	1822	0.125947996974
1822	1821	0.125947996974
1822	1823	0.125947996974
1823	1822	0.125947996974
1823	1824	0.125947996974
1824	1823	0.125947996974
1824	1825	0.125947996974
1825	1824	0.125947996974
1825	1826	0.125947996974
1826	1825	0.125947996974
1826	1827	0.125947996974
1827	1826	0.125947996974
1827	1828	0.125947996974
1828	1827	0.125947996974
1828	1829	0.125947996974
1829	1828	0.125947996974
1829	1830	0.125947996974
1830	1829	0.125947996974
1830	1831	0.125947996974
1831	1830	0.125947996974
1831	1832	0.125947996974
1832	1831	0.125947996974
1832	1833	0.125947996974
1833	1832	0.125947996974
1833	1834	0.125947996974
1834	1833	0.125947996974
1834	1835	0.125947996974
1835	1834	0.125947996974
1835	1836	0.125947996974
1836	1835	0.125947996974
1836	1837	0.125947996974
1837	1836	0.125947996974
1837	1838	0.125947996974
1838	1837	0.125947996974
1838	1839	0.125947996974
1839	1838	0.125947996974
1839	1840	0.125947996974
1840	1839	0.125947996974
1840	1841	0.125947996974
1841	1840	0.125947996974
1841	1842	0.125947996974
1842	1841	0.125947996974
1842	1843	0.125947996974
1843	1842	0.125947996974
1843	1844	0.125947996974
1844	1843	0.125947996974
1844	1845	0.125947996974
1845	1844	0.125947996974
1845	1846	0.125947996974
1846	1845	0.125947996974
1846	1847	0.125947996974
1847	1846	0.125947996974
1847	1848	0.125947996974
1848	1847	0.125947996974
1848	1849	0.125947996974
1849	1848	0.125947996974
1849	1850	0.125947996974
1850	1849	0.125947996974
1850	1851	0.125947996974
1851	1850	0.125947996974
1851	1852	0.125947996974
1852	1851	0.125947996974
1852	1853	0.125947996974
1853	1852	0.125947996974
1853	1854	0.0949925035238
1853	1942	0.104487001896
1854	1853	0.0949925035238
1854	1855	0.0949925035238
1855	1854	0.0949925035238
1855	1856	0.0949925035238
1856	1855	0.0949925035238
1856	1857	0.0949925035238
1857	1856	0.0949925035238
1857	1858	0.0949925035238
1858	1857	0.0949925035238
1858	1859	0.0949925035238
1859	1858	0.0949925035238
1859	1860	0.0949925035238
1860	1859	0.0949925035238
1860	1861	0.0949925035238
1861	1860	0.0949925035238
1861	1862	0.0903235003352
1861	1934	0.0493615008891
1862	1861	0.0903235003352
1862	1863	0.0903235003352
1863	1862	0.0903235003352
1863	1864	0.0903235003352
1864	1863	0.0903235003352
1864	1865	0.0903235003352
1865	1864	0.0903235003352
1865	1866	0.0903235003352
1866	1865	0.0903235003352
1866	1867	0.0903235003352
1867	1866	0.0903235003352
1867	1868	0.0754569992423
1867	1908	0.0674789994955
1868	1867	0.0754569992423
1868	1869	0.0754569992423
1869	1868	0.0754569992423
1869	1870	0.0754569992423
1870	1869	0.0754569992423
1870	1871	0.0754569992423
1871	1870	0.0754569992423
1871	1872	0.0754569992423
1872	1871	0.0754569992423
1872	1873	0.0754569992423
1873	1872	0.0754569992423
1873	1874	0.0754569992423
1874	1873	0.0754569992423
1874	1875	0.0754569992423
1875	1874	0.0754569992423
1875	1876	0.0754569992423
1876	1875	0.0754569992423
1876	1877	0.0754569992423
1877	1876	0.0754569992423
1877	1878	0.0754569992423
1878	1877	0.0754569992423
1878	1879	0.0754569992423
1879	1878	0.0754569992423
1879	1880	0.0754569992423
1880	1879	0.0754569992423
1880	1881	0.0754569992423
1881	1880	0.0754569992423
1881	1882	0.0754569992423
1882	1881	0.0754569992423
1882	1883	0.0754569992423
1883	1882	0.0754569992423
1883	1884	0.0754569992423
1884	1883	0.0754569992423
1884	1885	0.0754569992423
1885	1884	0.0754569992423
1885	1886	0.0754569992423
1886	1885	0.0754569992423
1886	1887	0.0754569992423
1887	1886	0.0754569992423
1887	1888	0.0754569992423
1888	1887	0.0754569992423
1888	1889	0.0754569992423
1889	1888	0.0754569992423
1889	1890	0.0754569992423
1890	1889	0.0754569992423
1890	1891	0.0754569992423
1891	1890	0.0754569992423
1891	1892	0.0754569992423
1892	1891	0.0754569992423
1892	1893	0.0754569992423
1893	1892	0.0754569992423
1893	1894	0.0754569992423
1894	1893	0.0754569992423
1894	1895	0.0754569992423
1895	1894	0.0754569992423
1895	1896	0.0754569992423
1896	1895	0.0754569992423
1896	1897	0.0754569992423
1897	1896	0.0754569992423
1897	1898	0.0754569992423
1898	1897	0.0754569992423
1898	1899	0.0754569992423
1899	1898	0.0754569992423
1899	1900	0.0754569992423
1900	1899	0.0754569992423
1900	1901	0.0754569992423
1901	1900	0.0754569992423
1901	1902	0.0754569992423
1902	1901	0.0754569992423
1902	1903	0.0754569992423
1903	1902	0.0754569992423
1903	1904	0.0754569992423
1904	1903	0.0754569992423
1904	1905	0.0754569992423
1905	1904	0.0754569992423
1905	1906	0.0754569992423
1906	1905	0.0754569992423
1906	1907	0.0754569992423
1907	1906	0.0754569992423
1908	1867	0.0674789994955
1908	1909	0.0674789994955
1909	1908	0.0674789994955
1909	1910	0.0674789994955
1910	1909	0.0674789994955
1910	1911	0.0674789994955
1911	1910	0.0674789994955
1911	1912	0.0674789994955
1912	1911	0.0674789994955
1912	1913	0.0674789994955
1913	1912	0.0674789994955
1913	1914	0.0674789994955
1914	1913	0.0674789994955
1914	1915	0.0674789994955
1915	1914	0.0674789994955
1915	1916	0.0674789994955
1916	1915	0.0674789994955
1916	1917	0.0674789994955
1917	1916	0.0674789994955
1917	1918	0.0674789994955
1918	1917	0.0674789994955
1918	1919	0.0674789994955
1919	1918	0.0674789994955
1919	1920	0.0674789994955
1920	1919	0.0674789994955
1920	1921	0.0674789994955
1921	1920	0.0674789994955
1921	1922	0.0674789994955
1922	1921	0.0674789994955
1922	1923	0.0674789994955
1923	1922	0.0674789994955
1923	1924	0.0674789994955
1924	1923	0.0674789994955
1924	1925	0.0674789994955
1925	1924	0.0674789994955
1925	1926	0.0674789994955
1926	1925	0.0674789994955
1926	1927	0.0674789994955
1927	1926	0.0674789994955
1927	1928	0.0674789994955
1928	1927	0.0674789994955
1928	1929	0.0674789994955
1929	1928	0.0674789994955
1929	1930	0.0674789994955
1930	1929	0.0674789994955
1930	1931	0.0674789994955
1931	1930	0.0674789994955
1931	1932	0.0674789994955
1932	1931	0.0674789994955
1932	1933	0.0674789994955
1933	1932	0.0674789994955
1934	1861	0.0493615008891
1934	1935	0.0493615008891
1935	1934	0.0493615008891
1935	1936	0.0493615008891
1936	1935	0.0493615008891
1936	1937	0.0493615008891
1937	1936	0.0493615008891
1937	1938	0.0493615008891
1938	1937	0.0493615008891
1938	1939	0.0493615008891
1939	1938	0.0493615008891
1939	1940	0.0493615008891
1940	1939	0.0493615008891
1940	1941	0.0493615008891
1941	1940	0.0493615008891
1942	1853	0.104487001896
1942	1943	0.104487001896
1943	1942	0.104487001896
1943	1944	0.104487001896
1944	1943	0.104487001896
1944	1945	0.104487001896
1945	1944	0.104487001896
1945	1946	0.104487001896
1946	1945	0.104487001896
1946	1947	0.104487001896
1947	1946	0.104487001896
1947	1948	0.104487001896
1948	1947	0.104487001896
1948	1949	0.104487001896
1949	1948	0.104487001896
1949	1950	0.104487001896
1950	1949	0.104487001896
1950	1951	0.104487001896
1951	1950	0.104487001896
1951	1952	0.104487001896
1952	1951	0.104487001896
1952	1953	0.104487001896
1953	1952	0.104487001896
1953	1954	0.104487001896
1954	1953	0.104487001896
1954	1955	0.104487001896
1955	1954	0.104487001896
1955	1956	0.104487001896
1956	1955	0.104487001896
1956	1957	0.104487001896
1957	1956	0.104487001896
1957	1958	0.104487001896
1958	1957	0.104487001896
1958	1959	0.104487001896
1959	1958	0.104487001896
1959	1960	0.0776040032506
1959	2013	0.087650001049
1960	1959	0.0776040032506
1960	1961	0.0776040032506
1961	1960	0.0776040032506
1961	1962	0.0776040032506
1962	1961	0.0776040032506
1962	1963	0.0776040032506
1963	1962	0.0776040032506
1963	1964	0.0776040032506
1964	1963	0.0776040032506
1964	1965	0.0776040032506
1965	1964	0.0776040032506
1965	1966	0.0776040032506
1966	1965	0.0776040032506
1966	1967	0.0776040032506
1967	1966	0.0776040032506
1967	1968	0.0776040032506
1968	1967	0.0776040032506
1968	1969	0.0776040032506
1969	1968	0.0776040032506
1969	1970	0.0776040032506
1970	1969	0.0776040032506
1970	1971	0.0776040032506
1971	1970	0.0776040032506
1971	1972	0.0776040032506
1972	1971	0.0776040032506
1972	1973	0.0776040032506
1973	1972	0.0776040032506
1973	1974	0.0776040032506
1974	1973	0.0776040032506
1974	1975	0.0776040032506
1975	1974	0.0776040032506
1975	1976	0.0776040032506
1976	1975	0.0776040032506
1976	1977	0.0776040032506
1977	1976	0.0776040032506
1977	1978	0.0776040032506
1978	1977	0.0776040032506
1978	1979	0.0776040032506
1979	1978	0.0776040032506
1979	1980	0.0776040032506
1980	1979	0.0776040032506
1980	1981	0.0776040032506
1981	1980	0.0776040032506
1981	1982	0.0776040032506
1982	1981	0.0776040032506
1982	1983	0.0776040032506
1983	1982	0.0776040032506
1983	1984	0.0776040032506
1984	1983	0.0776040032506
1984	1985	0.0776040032506
1985	1984	0.0776040032506
1985	1986	0.0776040032506
1986	1985	0.0776040032506
1986	1987	0.0776040032506
1987	1986	0.0776040032506
1987	1988	0.0776040032506
1988	1987	0.0776040032506
1988	1989	0.0776040032506
1989	1988	0.0776040032506
1989	1990	0.0776040032506
1990	1989	0.0776040032506
1990	1991	0.0776040032506
1991	1990	0.0776040032506
1991	1992	0.0776040032506
1992	1991	0.0776040032506
1992	1993	0.0776040032506
1993	1992	0.0776040032506
1993	1994	0.0776040032506
1994	1993	0.0776040032506
1994	1995	0.0776040032506
1995	1994	0.0776040032506
1995	1996	0.0776040032506
1996	1995	0.0776040032506
1996	1997	0.0776040032506
1997	1996	0.0776040032506
1997	1998	0.0776040032506
1998	1997	0.0776040032506
1998	1999	0.0776040032506
1999	1998	0.0776040032506
1999	2000	0.0776040032506
2000	1999	0.0776040032506
2000	2001	0.0776040032506
2001	2000	0.0776040032506
2001	2002	0.0776040032506
2002	2001	0.0776040032506
2002	2003	0.0776040032506
2003	2002	0.0776040032506
2003	2004	0.0776040032506
2004	2003	0.0776040032506
2004	2005	0.0776040032506
2005	2004	0.0776040032506
2005	2006	0.0776040032506
2006	2005	0.0776040032506
2006	2007	0.0776040032506
2007	2006	0.0776040032506
2007	2008	0.0776040032506
2008	2007	0.0776040032506
2008	2009	0.0776040032506
2009	2008	0.0776040032506
2009	2010	0.0776040032506
2010	2009	0.0776040032506
2010	2011	0.0776040032506
2011	2010	0.0776040032506
2011	2012	0.0776040032506
2012	2011	0.0776040032506
2013	1959	0.087650001049
2013	2014	0.087650001049
2014	2013	0.087650001049
2014	2015	0.087650001049
2015	2014	0.087650001049
2015	2016	0.087650001049
2016	2015	0.087650001049
2016	2017	0.087650001049
2017	2016	0.087650001049
2017	2018	0.087650001049
2018	2017	0.087650001049
2018	2019	0.087650001049
2019	2018	0.087650001049
2019	2020	0.087650001049
2020	2019	0.087650001049
2020	2021	0.087650001049
2021	2020	0.087650001049
2021	2022	0.087650001049
2022	2021	0.087650001049
2022	2023	0.087650001049
2023	2022	0.087650001049
2023	2024	0.087650001049
2024	2023	0.087650001049
2024	2025	0.087650001049
2025	2024	0.087650001049
2025	2026	0.087650001049
2026	2025	0.087650001049
2026	2027	0.087650001049
2027	2026	0.087650001049
2027	2028	0.087650001049
2028	2027	0.087650001049
2028	2029	0.087650001049
2029	2028	0.087650001049
2029	2030	0.087650001049
2030	2029	0.087650001049
2030	2031	0.087650001049
2031	2030	0.087650001049
2031	2032	0.087650001049
2032	2031	0.087650001049
2032	2033	0.087650001049
2033	2032	0.087650001049
2033	2034	0.087650001049
2034	2033	0.087650001049
2034	2035	0.087650001049
2035	2034	0.087650001049
2035	2036	0.087650001049
2036	2035	0.087650001049
2036	2037	0.087650001049
2037	2036	0.087650001049
2037	2038	0.087650001049
2038	2037	0.087650001049
2038	2039	0.087650001049
2039	2038	0.087650001049
2039	2040	0.087650001049
2040	2039	0.087650001049
2040	2041	0.087650001049
2041	2040	0.087650001049
2041	2042	0.087650001049
2042	2041	0.087650001049
2042	2043	0.087650001049
2043	2042	0.087650001049
2043	2044	0.087650001049
2044	2043	0.087650001049
2044	2045	0.087650001049
2045	2044	0.087650001049
2045	2046	0.087650001049
2046	2045	0.087650001049
2046	2047	0.087650001049
2047	2046	0.087650001049
2047	2048	0.087650001049
2048	2047	0.087650001049
2048	2049	0.087650001049
2049	2048	0.087650001049
2049	2050	0.087650001049
2050	2049	0.087650001049
2050	2051	0.087650001049
2051	2050	0.087650001049
2051	2052	0.087650001049
2052	2051	0.087650001049
2052	2053	0.087650001049
2053	2052	0.087650001049
2053	2054	0.087650001049
2054	2053	0.087650001049
2054	2055	0.087650001049
2055	2054	0.087650001049
2055	2056	0.087650001049
2056	2055	0.087650001049
2056	2057	0.087650001049
2057	2056	0.087650001049
2057	2058	0.087650001049
2058	2057	0.087650001049
2058	2059	0.087650001049
2059	2058	0.087650001049
2059	2060	0.087650001049
2060	2059	0.087650001049
2060	2061	0.087650001049
2061	2060	0.087650001049
2061	2062	0.087650001049
2062	2061	0.087650001049
2062	2063	0.087650001049
2063	2062	0.087650001049
2063	2064	0.087650001049
2064	2063	0.087650001049
2064	2065	0.087650001049
2065	2064	0.087650001049
2065	2066	0.087650001049
2066	2065	0.087650001049
2066	2067	0.087650001049
2067	2066	0.087650001049
2067	2068	0.087650001049
2068	2067	0.087650001049
2068	2069	0.087650001049
2069	2068	0.087650001049
2069	2070	0.087650001049
2070	2069	0.087650001049
2070	2071	0.087650001049
2071	2070	0.087650001049
2071	2072	0.087650001049
2072	2071	0.087650001049
2072	2073	0.087650001049
2073	2072	0.087650001049
2073	2074	0.087650001049
2074	2073	0.087650001049
2074	2075	0.087650001049
2075	2074	0.087650001049
2075	2076	0.087650001049
2076	2075	0.087650001049
2076	2077	0.087650001049
2077	2076	0.087650001049
2077	2078	0.087650001049
2078	2077	0.087650001049
2078	2079	0.087650001049
2079	2078	0.087650001049
2079	2080	0.087650001049
2080	2079	0.087650001049
2080	2081	0.087650001049
2081	2080	0.087650001049
2081	2082	0.087650001049
2082	2081	0.087650001049
2082	2083	0.087650001049
2083	2082	0.087650001049
2083	2084	0.087650001049
2084	2083	0.087650001049
2084	2085	0.087650001049
2085	2084	0.087650001049
2085	2086	0.087650001049
2086	2085	0.087650001049
2086	2087	0.087650001049
2087	2086	0.087650001049
2087	2088	0.087650001049
2088	2087	0.087650001049
2088	2089	0.087650001049
2089	2088	0.087650001049
2089	2090	0.087650001049
2090	2089	0.087650001049
2090	2091	0.087650001049
2091	2090	0.087650001049
2091	2092	0.087650001049
2092	2091	0.087650001049
2092	2093	0.087650001049
2093	2092	0.087650001049
2093	2094	0.087650001049
2094	2093	0.087650001049
2094	2095	0.087650001049
2095	2094	0.087650001049
2095	2096	0.087650001049
2096	2095	0.087650001049
2096	2097	0.087650001049
2097	2096	0.087650001049
2097	2098	0.087650001049
2098	2097	0.087650001049
2099	1768	0.0828765034676
2099	2100	0.0828765034676
2100	2099	0.0828765034676
2100	2101	0.0828765034676
2101	2100	0.0828765034676
2101	2102	0.0828765034676
2102	2101	0.0828765034676
2102	2103	0.0828765034676
2103	2102	0.0828765034676
2103	2104	0.0380544997752
2103	2109	0.0801109969616
2104	2103	0.0380544997752
2104	2105	0.0380544997752
2105	2104	0.0380544997752
2105	2106	0.0380544997752
2106	2105	0.0380544997752
2106	2107	0.0380544997752
2107	2106	0.0380544997752
2107	2108	0.0380544997752
2108	2107	0.0380544997752
2109	2103	0.0801109969616
2109	2110	0.0801109969616
2110	2109	0.0801109969616
2110	2111	0.0801109969616
2111	2110	0.0801109969616
2111	2112	0.0801109969616
2112	2111	0.0801109969616
2112	2113	0.0801109969616
2113	2112	0.0801109969616
2113	2114	0.0801109969616
2114	2113	0.0801109969616
2114	2115	0.0801109969616
2115	2114	0.0801109969616
2115	2116	0.0801109969616
2116	2115	0.0801109969616
2116	2117	0.0801109969616
2117	2116	0.0801109969616
2117	2118	0.0801109969616
2118	2117	0.0801109969616
2118	2119	0.0801109969616
2119	2118	0.0801109969616
2119	2120	0.0801109969616
2120	2119	0.0801109969616
2120	2121	0.0801109969616
2121	2120	0.0801109969616
2121	2122	0.0801109969616
2122	2121	0.0801109969616
2122	2123	0.0801109969616
2123	2122	0.0801109969616
2123	2124	0.0801109969616
2124	2123	0.0801109969616
2124	2125	0.0801109969616
2125	2124	0.0801109969616
2125	2126	0.0801109969616
2126	2125	0.0801109969616
2126	2127	0.0571699999273
2126	2145	0.0689134970307
2127	2126	0.0571699999273
2127	2128	0.0571699999273
2128	2127	0.0571699999273
2128	2129	0.0571699999273
2129	2128	0.0571699999273
2129	2130	0.0571699999273
2130	2129	0.0571699999273
2130	2131	0.0571699999273
2131	2130	0.0571699999273
2131	2132	0.0571699999273
2132	2131	0.0571699999273
2132	2133	0.0571699999273
2133	2132	0.0571699999273
2133	2134	0.0571699999273
2134	2133	0.0571699999273
2134	2135	0.0571699999273
2135	2134	0.0571699999273
2135	2136	0.0571699999273
2136	2135	0.0571699999273
2136	2137	0.0571699999273
2137	2136	0.0571699999273
2137	2138	0.0571699999273
2138	2137	0.0571699999273
2138	2139	0.0571699999273
2139	2138	0.0571699999273
2139	2140	0.0571699999273
2140	2139	0.0571699999273
2140	2141	0.0571699999273
2141	2140	0.0571699999273
2141	2142	0.0571699999273
2142	2141	0.0571699999273
2142	2143	0.0571699999273
2143	2142	0.0571699999273
2143	2144	0.0571699999273
2144	2143	0.0571699999273
2145	2126	0.0689134970307
2145	2146	0.0689134970307
2146	2145	0.0689134970307
2146	2147	0.0689134970307
2147	2146	0.0689134970307
2147	2148	0.0689134970307
2148	2147	0.0689134970307
2148	2149	0.0689134970307
2149	2148	0.0689134970307
2149	2150	0.0689134970307
2150	2149	0.0689134970307
2150	2151	0.0689134970307
2151	2150	0.0689134970307
2151	2152	0.0689134970307
2152	2151	0.0689134970307
2152	2153	0.0689134970307
2153	2152	0.0689134970307
2153	2154	0.0689134970307
2154	2153	0.0689134970307
2154	2155	0.0689134970307
2155	2154	0.0689134970307
2155	2156	0.0689134970307
2156	2155	0.0689134970307
2156	2157	0.0689134970307
2157	2156	0.0689134970307
2157	2158	0.0689134970307
2158	2157	0.0689134970307
2158	2159	0.0689134970307
2159	2158	0.0689134970307
2159	2160	0.0689134970307
2160	2159	0.0689134970307
2160	2161	0.0689134970307
2161	2160	0.0689134970307
2161	2162	0.0689134970307
2162	2161	0.0689134970307
2162	2163	0.0689134970307
2163	2162	0.0689134970307
2163	2164	0.0689134970307
2164	2163	0.0689134970307
2164	2165	0.0689134970307
2165	2164	0.0689134970307
2165	2166	0.0689134970307
2166	2165	0.0689134970307
2166	2167	0.0689134970307
2167	2166	0.0689134970307
2167	2168	0.0689134970307
2168	2167	0.0689134970307
2168	2169	0.0689134970307
2169	2168	0.0689134970307
2169	2170	0.0689134970307
2170	2169	0.0689134970307
2170	2171	0.0689134970307
2171	2170	0.0689134970307
2171	2172	0.0689134970307
2172	2171	0.0689134970307
2172	2173	0.0689134970307
2173	2172	0.0689134970307
2173	2174	0.0689134970307
2174	2173	0.0689134970307
2174	2175	0.0689134970307
2175	2174	0.0689134970307
2175	2176	0.0689134970307
2176	2175	0.0689134970307
2176	2177	0.0689134970307
2177	2176	0.0689134970307
2177	2178	0.0689134970307
2178	2177	0.0689134970307
2178	2179	0.0689134970307
2179	2178	0.0689134970307
2179	2180	0.0689134970307
2180	2179	0.0689134970307
2180	2181	0.0689134970307
2181	2180	0.0689134970307
2181	2182	0.0689134970307
2182	2181	0.0689134970307
2182	2183	0.0689134970307
2183	2182	0.0689134970307
2184	1753	0.0543815009296
2184	2185	0.0543815009296
2185	2184	0.0543815009296
2185	2186	0.0543815009296
2186	2185	0.0543815009296
2186	2187	0.0543815009296
2187	2186	0.0543815009296
2187	2188	0.0543815009296
2188	2187	0.0543815009296
2188	2189	0.0543815009296
2189	2188	0.0543815009296
2189	2190	0.0543815009296
2190	2189	0.0543815009296
2190	2191	0.0543815009296
2191	2190	0.0543815009296
2191	2192	0.0543815009296
2192	2191	0.0543815009296
2192	2193	0.0543815009296
2193	2192	0.0543815009296
2193	2194	0.0543815009296
2194	2193	0.0543815009296
2194	2195	0.0543815009296
2195	2194	0.0543815009296
2195	2196	0.0543815009296
2196	2195	0.0543815009296
2196	2197	0.0543815009296
2197	2196	0.0543815009296
2197	2198	0.0543815009296
2198	2197	0.0543815009296
2198	2199	0.0543815009296
2199	2198	0.0543815009296
2199	2200	0.0543815009296
2200	2199	0.0543815009296
2200	2201	0.0543815009296
2201	2200	0.0543815009296
2201	2202	0.0543815009296
2202	2201	0.0543815009296
2202	2203	0.0543815009296
2203	2202	0.0543815009296
2203	2204	0.0543815009296
2204	2203	0.0543815009296
2204	2205	0.0543815009296
2205	2204	0.0543815009296
2205	2206	0.0543815009296
2206	2205	0.0543815009296
2206	2207	0.0543815009296
2207	2206	0.0543815009296
2207	2208	0.0543815009296
2208	2207	0.0543815009296
2208	2209	0.0543815009296
2209	2208	0.0543815009296
2209	2210	0.0543815009296
2210	2209	0.0543815009296
2210	2211	0.0543815009296
2211	2210	0.0543815009296
2211	2212	0.0543815009296
2212	2211	0.0543815009296
2213	1646	0.0470499992371
2213	2214	0.0470499992371
2214	2213	0.0470499992371
2214	2215	0.0470499992371
2215	2214	0.0470499992371
2215	2216	0.0470499992371
2216	2215	0.0470499992371
2216	2217	0.0470499992371
2217	2216	0.0470499992371
2217	2218	0.0470499992371
2218	2217	0.0470499992371
2218	2219	0.0470499992371
2219	2218	0.0470499992371
2219	2220	0.0470499992371
2220	2219	0.0470499992371
2220	2221	0.0470499992371
2221	2220	0.0470499992371
2221	2222	0.0470499992371
2222	2221	0.0470499992371
2222	2223	0.0470499992371
2223	2222	0.0470499992371
2223	2224	0.0470499992371
2224	2223	0.0470499992371
2224	2225	0.0470499992371
2225	2224	0.0470499992371
2225	2226	0.0470499992371
2226	2225	0.0470499992371
2226	2227	0.0470499992371
2227	2226	0.0470499992371
2227	2228	0.0470499992371
2228	2227	0.0470499992371
2228	2229	0.0470499992371
2229	2228	0.0470499992371
2229	2230	0.0470499992371
2230	2229	0.0470499992371
2230	2231	0.0470499992371
2231	2230	0.0470499992371
2232	1643	0.0470265001059
2232	2233	0.0470265001059
2233	2232	0.0470265001059
2233	2234	0.0470265001059
2234	2233	0.0470265001059
2234	2235	0.0470265001059
2235	2234	0.0470265001059
2235	2236	0.0470265001059
2236	2235	0.0470265001059
2236	2237	0.0470265001059
2237	2236	0.0470265001059
2237	2238	0.0470265001059
2238	2237	0.0470265001059
2238	2239	0.0470265001059
2239	2238	0.0470265001059
2239	2240	0.0470265001059
2240	2239	0.0470265001059
2240	2241	0.0470265001059
2241	2240	0.0470265001059
2241	2242	0.0470265001059
2242	2241	0.0470265001059
2242	2243	0.0470265001059
2243	2242	0.0470265001059
2243	2244	0.0470265001059
2244	2243	0.0470265001059
2244	2245	0.0470265001059
2245	2244	0.0470265001059
2245	2246	0.0470265001059
2246	2245	0.0470265001059
2246	2247	0.0470265001059
2247	2246	0.0470265001059
2247	2248	0.0470265001059
2248	2247	0.0470265001059
2248	2249	0.0470265001059
2249	2248	0.0470265001059
2249	2250	0.0470265001059
2250	2249	0.0470265001059
2251	1445	0.0430460013449
2251	2252	0.0430460013449
2252	2251	0.0430460013449
2252	2253	0.0430460013449
2253	2252	0.0430460013449
2253	2254	0.0430460013449
2254	2253	0.0430460013449
2254	2255	0.0430460013449
2255	2254	0.0430460013449
2255	2256	0.0430460013449
2256	2255	0.0430460013449
2256	2257	0.0430460013449
2257	2256	0.0430460013449
2257	2258	0.0430460013449
2258	2257	0.0430460013449
2258	2259	0.0430460013449
2259	2258	0.0430460013449
2259	2260	0.0430460013449
2260	2259	0.0430460013449
2260	2261	0.0430460013449
2261	2260	0.0430460013449
2261	2262	0.0430460013449
2262	2261	0.0430460013449
2262	2263	0.0430460013449
2263	2262	0.0430460013449
2263	2264	0.0430460013449
2264	2263	0.0430460013449
2264	2265	0.0430460013449
2265	2264	0.0430460013449
2266	1290	0.0592189989984
2266	2267	0.0592189989984
2267	2266	0.0592189989984
2267	2268	0.0592189989984
2268	2267	0.0592189989984
2268	2269	0.0592189989984
2269	2268	0.0592189989984
2269	2270	0.0592189989984
2270	2269	0.0592189989984
2270	2271	0.0592189989984
2271	2270	0.0592189989984
2271	2272	0.0592189989984
2272	2271	0.0592189989984
2272	2273	0.0592189989984
2273	2272	0.0592189989984
2273	2274	0.0592189989984
2274	2273	0.0592189989984
2274	2275	0.0592189989984
2275	2274	0.0592189989984
2275	2276	0.0592189989984
2276	2275	0.0592189989984
2276	2277	0.0592189989984
2277	2276	0.0592189989984
2277	2278	0.0396739989519
2277	2287	0.0525634996593
2278	2277	0.0396739989519
2278	2279	0.0396739989519
2279	2278	0.0396739989519
2279	2280	0.0396739989519
2280	2279	0.0396739989519
2280	2281	0.0396739989519
2281	2280	0.0396739989519
2281	2282	0.0396739989519
2282	2281	0.0396739989519
2282	2283	0.0396739989519
2283	2282	0.0396739989519
2283	2284	0.0396739989519
2284	2283	0.0396739989519
2284	2285	0.0396739989519
2285	2284	0.0396739989519
2285	2286	0.0396739989519
2286	2285	0.0396739989519
2287	2277	0.0525634996593
2287	2288	0.0525634996593
2288	2287	0.0525634996593
2288	2289	0.0525634996593
2289	2288	0.0525634996593
2289	2290	0.0525634996593
2290	2289	0.0525634996593
2290	2291	0.0525634996593
2291	2290	0.0525634996593
2291	2292	0.0525634996593
2292	2291	0.0525634996593
2292	2293	0.0525634996593
2293	2292	0.0525634996593
2293	2294	0.0525634996593
2294	2293	0.0525634996593
2294	2295	0.0525634996593
2295	2294	0.0525634996593
2295	2296	0.0525634996593
2296	2295	0.0525634996593
2296	2297	0.0525634996593
2297	2296	0.0525634996593
2297	2298	0.0525634996593
2298	2297	0.0525634996593
2298	2299	0.0525634996593
2299	2298	0.0525634996593
2299	2300	0.0525634996593
2300	2299	0.0525634996593
2300	2301	0.0525634996593
2301	2300	0.0525634996593
2301	2302	0.0525634996593
2302	2301	0.0525634996593
2302	2303	0.0525634996593
2303	2302	0.0525634996593
2303	2304	0.0525634996593
2304	2303	0.0525634996593
2304	2305	0.0525634996593
2305	2304	0.0525634996593
2305	2306	0.0525634996593
2306	2305	0.0525634996593
2306	2307	0.0525634996593
2307	2306	0.0525634996593
2307	2308	0.0525634996593
2308	2307	0.0525634996593
2308	2309	0.0525634996593
2309	2308	0.0525634996593
2309	2310	0.0525634996593
2310	2309	0.0525634996593
2310	2311	0.0525634996593
2311	2310	0.0525634996593
2311	2312	0.0525634996593
2312	2311	0.0525634996593
2312	2313	0.0525634996593
2313	2312	0.0525634996593
2313	2314	0.0525634996593
2314	2313	0.0525634996593
2314	2315	0.0525634996593
2315	2314	0.0525634996593
2316	1269	0.0294055007398
2316	2317	0.0294055007398
2317	2316	0.0294055007398
2317	2318	0.0294055007398
2318	2317	0.0294055007398
2318	2319	0.0294055007398
2319	2318	0.0294055007398
2320	1226	0.0473360009491
2320	2321	0.0473360009491
2321	2320	0.0473360009491
2321	2322	0.0473360009491
2322	2321	0.0473360009491
2322	2323	0.0473360009491
2323	2322	0.0473360009491
2323	2324	0.0473360009491
2324	2323	0.0473360009491
2324	2325	0.0473360009491
2325	2324	0.0473360009491
2325	2326	0.0473360009491
2326	2325	0.0473360009491
2326	2327	0.0473360009491
2327	2326	0.0473360009491
2327	2328	0.0473360009491
2328	2327	0.0473360009491
2328	2329	0.0473360009491
2329	2328	0.0473360009491
2329	2330	0.0473360009491
2330	2329	0.0473360009491
2330	2331	0.0473360009491
2331	2330	0.0473360009491
2331	2332	0.0473360009491
2332	2331	0.0473360009491
2332	2333	0.0473360009491
2333	2332	0.0473360009491
2333	2334	0.0473360009491
2334	2333	0.0473360009491
2334	2335	0.0473360009491
2335	2334	0.0473360009491
2335	2336	0.0473360009491
2336	2335	0.0473360009491
2336	2337	0.0473360009491
2337	2336	0.0473360009491
2337	2338	0.0473360009491
2338	2337	0.0473360009491
2338	2339	0.0473360009491
2339	2338	0.0473360009491
2339	2340	0.0473360009491
2340	2339	0.0473360009491
2340	2341	0.0473360009491
2341	2340	0.0473360009491
2341	2342	0.0473360009491
2342	2341	0.0473360009491
2342	2343	0.0473360009491
2343	2342	0.0473360009491
2343	2344	0.0473360009491
2344	2343	0.0473360009491
2344	2345	0.0473360009491
2345	2344	0.0473360009491
2345	2346	0.0473360009491
2346	2345	0.0473360009491
2346	2347	0.0473360009491
2347	2346	0.0473360009491
2347	2348	0.0473360009491
2348	2347	0.0473360009491
2348	2349	0.0473360009491
2349	2348	0.0473360009491
2349	2350	0.0473360009491
2350	2349	0.0473360009491
2350	2351	0.0473360009491
2351	2350	0.0473360009491
2351	2352	0.0473360009491
2352	2351	0.0473360009491
2352	2353	0.0473360009491
2353	2352	0.0473360009491
2353	2354	0.0473360009491
2354	2353	0.0473360009491
2355	1164	0.282507508993
2355	2356	0.282507508993
2356	2355	0.282507508993
2356	2357	0.282507508993
2357	2356	0.282507508993
2357	2358	0.282507508993
2358	2357	0.282507508993
2358	2359	0.282507508993
2359	2358	0.282507508993
2359	2360	0.282507508993
2360	2359	0.282507508993
2360	2361	0.282507508993
2361	2360	0.282507508993
2361	2362	0.282507508993
2362	2361	0.282507508993
2362	2363	0.282507508993
2363	2362	0.282507508993
2363	2364	0.282507508993
2364	2363	0.282507508993
2364	2365	0.282507508993
2365	2364	0.282507508993
2365	2366	0.282507508993
2366	2365	0.282507508993
2366	2367	0.282507508993
2367	2366	0.282507508993
2367	2368	0.282507508993
2368	2367	0.282507508993
2368	2369	0.282507508993
2369	2368	0.282507508993
2369	2370	0.282507508993
2370	2369	0.282507508993
2370	2371	0.282507508993
2371	2370	0.282507508993
2371	2372	0.282507508993
2372	2371	0.282507508993
2372	2373	0.282121986151
2372	6321	0.0451730005443
2373	2372	0.282121986151
2373	2374	0.282121986151
2374	2373	0.282121986151
2374	2375	0.282121986151
2375	2374	0.282121986151
2375	2376	0.282121986151
2376	2375	0.282121986151
2376	2377	0.282121986151
2377	2376	0.282121986151
2377	2378	0.282121986151
2378	2377	0.282121986151
2378	2379	0.282121986151
2379	2378	0.282121986151
2379	2380	0.282121986151
2380	2379	0.282121986151
2380	2381	0.282121986151
2381	2380	0.282121986151
2381	2382	0.282121986151
2382	2381	0.282121986151
2382	2383	0.282121986151
2383	2382	0.282121986151
2383	2384	0.282121986151
2384	2383	0.282121986151
2384	2385	0.282121986151
2385	2384	0.282121986151
2385	2386	0.282121986151
2386	2385	0.282121986151
2386	2387	0.282121986151
2387	2386	0.282121986151
2387	2388	0.282121986151
2388	2387	0.282121986151
2388	2389	0.282121986151
2389	2388	0.282121986151
2389	2390	0.282121986151
2390	2389	0.282121986151
2390	2391	0.0883835032582
2390	2601	0.279200494289
2391	2390	0.0883835032582
2391	2392	0.0883835032582
2392	2391	0.0883835032582
2392	2393	0.0883835032582
2393	2392	0.0883835032582
2393	2394	0.0883835032582
2394	2393	0.0883835032582
2394	2395	0.0883835032582
2395	2394	0.0883835032582
2395	2396	0.0883835032582
2396	2395	0.0883835032582
2396	2397	0.0883835032582
2397	2396	0.0883835032582
2397	2398	0.0883835032582
2398	2397	0.0883835032582
2398	2399	0.0883835032582
2399	2398	0.0883835032582
2399	2400	0.0883835032582
2400	2399	0.0883835032582
2400	2401	0.0883835032582
2401	2400	0.0883835032582
2401	2402	0.0883835032582
2402	2401	0.0883835032582
2402	2403	0.0883835032582
2403	2402	0.0883835032582
2403	2404	0.0499824993312
2403	2445	0.0826975032687
2404	2403	0.0499824993312
2404	2405	0.0499824993312
2405	2404	0.0499824993312
2405	2406	0.0499824993312
2406	2405	0.0499824993312
2406	2407	0.0499824993312
2407	2406	0.0499824993312
2407	2408	0.0499824993312
2408	2407	0.0499824993312
2408	2409	0.0499824993312
2409	2408	0.0499824993312
2409	2410	0.0499824993312
2410	2409	0.0499824993312
2410	2411	0.0499824993312
2411	2410	0.0499824993312
2411	2412	0.0499824993312
2412	2411	0.0499824993312
2412	2413	0.0499824993312
2413	2412	0.0499824993312
2413	2414	0.0499824993312
2414	2413	0.0499824993312
2414	2415	0.0499824993312
2415	2414	0.0499824993312
2415	2416	0.0499824993312
2416	2415	0.0499824993312
2416	2417	0.0499824993312
2417	2416	0.0499824993312
2417	2418	0.0499824993312
2418	2417	0.0499824993312
2418	2419	0.0499824993312
2419	2418	0.0499824993312
2419	2420	0.0499824993312
2420	2419	0.0499824993312
2420	2421	0.0499824993312
2421	2420	0.0499824993312
2421	2422	0.0499824993312
2422	2421	0.0499824993312
2422	2423	0.0499824993312
2423	2422	0.0499824993312
2423	2424	0.0499824993312
2424	2423	0.0499824993312
2424	2425	0.0499824993312
2425	2424	0.0499824993312
2425	2426	0.0499824993312
2426	2425	0.0499824993312
2426	2427	0.0499824993312
2427	2426	0.0499824993312
2427	2428	0.0499824993312
2428	2427	0.0499824993312
2428	2429	0.0499824993312
2429	2428	0.0499824993312
2429	2430	0.0499824993312
2430	2429	0.0499824993312
2430	2431	0.0499824993312
2431	2430	0.0499824993312
2431	2432	0.0499824993312
2432	2431	0.0499824993312
2432	2433	0.0499824993312
2433	2432	0.0499824993312
2433	2434	0.0499824993312
2434	2433	0.0499824993312
2434	2435	0.0499824993312
2435	2434	0.0499824993312
2435	2436	0.0499824993312
2436	2435	0.0499824993312
2436	2437	0.0499824993312
2437	2436	0.0499824993312
2437	2438	0.0499824993312
2438	2437	0.0499824993312
2438	2439	0.0499824993312
2439	2438	0.0499824993312
2439	2440	0.0499824993312
2440	2439	0.0499824993312
2440	2441	0.0499824993312
2441	2440	0.0499824993312
2441	2442	0.0499824993312
2442	2441	0.0499824993312
2442	2443	0.0499824993312
2443	2442	0.0499824993312
2443	2444	0.0499824993312
2444	2443	0.0499824993312
2445	2403	0.0826975032687
2445	2446	0.0826975032687
2446	2445	0.0826975032687
2446	2447	0.0826975032687
2447	2446	0.0826975032687
2447	2448	0.0826975032687
2448	2447	0.0826975032687
2448	2449	0.0826975032687
2449	2448	0.0826975032687
2449	2450	0.0826975032687
2450	2449	0.0826975032687
2450	2451	0.0826975032687
2451	2450	0.0826975032687
2451	2452	0.0826975032687
2452	2451	0.0826975032687
2452	2453	0.0826975032687
2453	2452	0.0826975032687
2453	2454	0.0826975032687
2454	2453	0.0826975032687
2454	2455	0.0757315009832
2454	2563	0.0508150011301
2455	2454	0.0757315009832
2455	2456	0.0757315009832
2456	2455	0.0757315009832
2456	2457	0.0757315009832
2457	2456	0.0757315009832
2457	2458	0.0757315009832
2458	2457	0.0757315009832
2458	2459	0.0757315009832
2459	2458	0.0757315009832
2459	2460	0.0757315009832
2460	2459	0.0757315009832
2460	2461	0.0757315009832
2461	2460	0.0757315009832
2461	2462	0.0757315009832
2462	2461	0.0757315009832
2462	2463	0.0757315009832
2463	2462	0.0757315009832
2463	2464	0.0757315009832
2464	2463	0.0757315009832
2464	2465	0.069852001965
2464	2543	0.0453894995153
2465	2464	0.069852001965
2465	2466	0.069852001965
2466	2465	0.069852001965
2466	2467	0.069852001965
2467	2466	0.069852001965
2467	2468	0.069852001965
2468	2467	0.069852001965
2468	2469	0.069852001965
2469	2468	0.069852001965
2469	2470	0.069852001965
2470	2469	0.069852001965
2470	2471	0.069852001965
2471	2470	0.069852001965
2471	2472	0.069852001965
2472	2471	0.069852001965
2472	2473	0.069852001965
2473	2472	0.069852001965
2473	2474	0.069852001965
2474	2473	0.069852001965
2474	2475	0.069852001965
2475	2474	0.069852001965
2475	2476	0.069852001965
2476	2475	0.069852001965
2476	2477	0.069852001965
2477	2476	0.069852001965
2477	2478	0.069852001965
2478	2477	0.069852001965
2478	2479	0.069852001965
2479	2478	0.069852001965
2479	2480	0.069852001965
2480	2479	0.069852001965
2480	2481	0.069852001965
2481	2480	0.069852001965
2481	2482	0.069852001965
2482	2481	0.069852001965
2482	2483	0.069852001965
2483	2482	0.069852001965
2483	2484	0.069852001965
2484	2483	0.069852001965
2484	2485	0.069852001965
2485	2484	0.069852001965
2485	2486	0.069852001965
2486	2485	0.069852001965
2486	2487	0.069852001965
2487	2486	0.069852001965
2487	2488	0.0608014985919
2487	2527	0.048778001219
2488	2487	0.0608014985919
2488	2489	0.0608014985919
2489	2488	0.0608014985919
2489	2490	0.0608014985919
2490	2489	0.0608014985919
2490	2491	0.0608014985919
2491	2490	0.0608014985919
2491	2492	0.0608014985919
2492	2491	0.0608014985919
2492	2493	0.0608014985919
2493	2492	0.0608014985919
2493	2494	0.0608014985919
2494	2493	0.0608014985919
2494	2495	0.0608014985919
2495	2494	0.0608014985919
2495	2496	0.0608014985919
2496	2495	0.0608014985919
2496	2497	0.0608014985919
2497	2496	0.0608014985919
2497	2498	0.0608014985919
2498	2497	0.0608014985919
2498	2499	0.0608014985919
2499	2498	0.0608014985919
2499	2500	0.0608014985919
2500	2499	0.0608014985919
2500	2501	0.0608014985919
2501	2500	0.0608014985919
2501	2502	0.0608014985919
2502	2501	0.0608014985919
2502	2503	0.0608014985919
2503	2502	0.0608014985919
2503	2504	0.0608014985919
2504	2503	0.0608014985919
2504	2505	0.0608014985919
2505	2504	0.0608014985919
2505	2506	0.0608014985919
2506	2505	0.0608014985919
2506	2507	0.0608014985919
2507	2506	0.0608014985919
2507	2508	0.0608014985919
2508	2507	0.0608014985919
2508	2509	0.0608014985919
2509	2508	0.0608014985919
2509	2510	0.0608014985919
2510	2509	0.0608014985919
2510	2511	0.0608014985919
2511	2510	0.0608014985919
2511	2512	0.0608014985919
2512	2511	0.0608014985919
2512	2513	0.0608014985919
2513	2512	0.0608014985919
2513	2514	0.0608014985919
2514	2513	0.0608014985919
2514	2515	0.0608014985919
2515	2514	0.0608014985919
2515	2516	0.0608014985919
2516	2515	0.0608014985919
2516	2517	0.0608014985919
2517	2516	0.0608014985919
2517	2518	0.0608014985919
2518	2517	0.0608014985919
2518	2519	0.0608014985919
2519	2518	0.0608014985919
2519	2520	0.0608014985919
2520	2519	0.0608014985919
2520	2521	0.0608014985919
2521	2520	0.0608014985919
2521	2522	0.0608014985919
2522	2521	0.0608014985919
2522	2523	0.0608014985919
2523	2522	0.0608014985919
2523	2524	0.0608014985919
2524	2523	0.0608014985919
2524	2525	0.0608014985919
2525	2524	0.0608014985919
2525	2526	0.0608014985919
2526	2525	0.0608014985919
2527	2487	0.048778001219
2527	2528	0.048778001219
2528	2527	0.048778001219
2528	2529	0.048778001219
2529	2528	0.048778001219
2529	2530	0.048778001219
2530	2529	0.048778001219
2530	2531	0.048778001219
2531	2530	0.048778001219
2531	2532	0.048778001219
2532	2531	0.048778001219
2532	2533	0.048778001219
2533	2532	0.048778001219
2533	2534	0.048778001219
2534	2533	0.048778001219
2534	2535	0.048778001219
2535	2534	0.048778001219
2535	2536	0.048778001219
2536	2535	0.048778001219
2536	2537	0.048778001219
2537	2536	0.048778001219
2537	2538	0.048778001219
2538	2537	0.048778001219
2538	2539	0.048778001219
2539	2538	0.048778001219
2539	2540	0.048778001219
2540	2539	0.048778001219
2540	2541	0.048778001219
2541	2540	0.048778001219
2541	2542	0.048778001219
2542	2541	0.048778001219
2543	2464	0.0453894995153
2543	2544	0.0453894995153
2544	2543	0.0453894995153
2544	2545	0.0453894995153
2545	2544	0.0453894995153
2545	2546	0.0453894995153
2546	2545	0.0453894995153
2546	2547	0.0453894995153
2547	2546	0.0453894995153
2547	2548	0.0453894995153
2548	2547	0.0453894995153
2548	2549	0.0453894995153
2549	2548	0.0453894995153
2549	2550	0.0453894995153
2550	2549	0.0453894995153
2550	2551	0.0453894995153
2551	2550	0.0453894995153
2551	2552	0.0453894995153
2552	2551	0.0453894995153
2552	2553	0.0453894995153
2553	2552	0.0453894995153
2553	2554	0.0453894995153
2554	2553	0.0453894995153
2554	2555	0.0453894995153
2555	2554	0.0453894995153
2555	2556	0.0453894995153
2556	2555	0.0453894995153
2556	2557	0.0453894995153
2557	2556	0.0453894995153
2557	2558	0.0453894995153
2558	2557	0.0453894995153
2558	2559	0.0453894995153
2559	2558	0.0453894995153
2559	2560	0.0453894995153
2560	2559	0.0453894995153
2560	2561	0.0453894995153
2561	2560	0.0453894995153
2561	2562	0.0453894995153
2562	2561	0.0453894995153
2563	2454	0.0508150011301
2563	2564	0.0508150011301
2564	2563	0.0508150011301
2564	2565	0.0508150011301
2565	2564	0.0508150011301
2565	2566	0.0508150011301
2566	2565	0.0508150011301
2566	2567	0.0508150011301
2567	2566	0.0508150011301
2567	2568	0.0508150011301
2568	2567	0.0508150011301
2568	2569	0.0508150011301
2569	2568	0.0508150011301
2569	2570	0.0508150011301
2570	2569	0.0508150011301
2570	2571	0.0508150011301
2571	2570	0.0508150011301
2571	2572	0.0508150011301
2572	2571	0.0508150011301
2572	2573	0.0508150011301
2573	2572	0.0508150011301
2573	2574	0.0508150011301
2574	2573	0.0508150011301
2574	2575	0.0508150011301
2575	2574	0.0508150011301
2575	2576	0.0508150011301
2576	2575	0.0508150011301
2576	2577	0.0508150011301
2577	2576	0.0508150011301
2577	2578	0.0508150011301
2578	2577	0.0508150011301
2578	2579	0.0508150011301
2579	2578	0.0508150011301
2579	2580	0.0508150011301
2580	2579	0.0508150011301
2580	2581	0.0508150011301
2581	2580	0.0508150011301
2581	2582	0.0508150011301
2582	2581	0.0508150011301
2582	2583	0.0508150011301
2583	2582	0.0508150011301
2583	2584	0.0508150011301
2584	2583	0.0508150011301
2584	2585	0.0508150011301
2585	2584	0.0508150011301
2585	2586	0.0508150011301
2586	2585	0.0508150011301
2586	2587	0.0508150011301
2587	2586	0.0508150011301
2587	2588	0.0508150011301
2588	2587	0.0508150011301
2588	2589	0.0508150011301
2589	2588	0.0508150011301
2589	2590	0.0508150011301
2590	2589	0.0508150011301
2590	2591	0.0508150011301
2591	2590	0.0508150011301
2591	2592	0.0508150011301
2592	2591	0.0508150011301
2592	2593	0.0508150011301
2593	2592	0.0508150011301
2593	2594	0.0508150011301
2594	2593	0.0508150011301
2594	2595	0.0508150011301
2595	2594	0.0508150011301
2595	2596	0.0508150011301
2596	2595	0.0508150011301
2596	2597	0.0508150011301
2597	2596	0.0508150011301
2597	2598	0.0508150011301
2598	2597	0.0508150011301
2598	2599	0.0508150011301
2599	2598	0.0508150011301
2599	2600	0.0508150011301
2600	2599	0.0508150011301
2601	2390	0.279200494289
2601	2602	0.279200494289
2602	2601	0.279200494289
2602	2603	0.279200494289
2603	2602	0.279200494289
2603	2604	0.279200494289
2604	2603	0.279200494289
2604	2605	0.279200494289
2605	2604	0.279200494289
2605	2606	0.279200494289
2606	2605	0.279200494289
2606	2607	0.279200494289
2607	2606	0.279200494289
2607	2608	0.279200494289
2608	2607	0.279200494289
2608	2609	0.279200494289
2609	2608	0.279200494289
2609	2610	0.279200494289
2610	2609	0.279200494289
2610	2611	0.279200494289
2611	2610	0.279200494289
2611	2612	0.279200494289
2612	2611	0.279200494289
2612	2613	0.279200494289
2613	2612	0.279200494289
2613	2614	0.279200494289
2614	2613	0.279200494289
2614	2615	0.279200494289
2615	2614	0.279200494289
2615	2616	0.279200494289
2616	2615	0.279200494289
2616	2617	0.279200494289
2617	2616	0.279200494289
2617	2618	0.279200494289
2618	2617	0.279200494289
2618	2619	0.279200494289
2619	2618	0.279200494289
2619	2620	0.279200494289
2620	2619	0.279200494289
2620	2621	0.279200494289
2621	2620	0.279200494289
2621	2622	0.279200494289
2622	2621	0.279200494289
2622	2623	0.279200494289
2623	2622	0.279200494289
2623	2624	0.279200494289
2624	2623	0.279200494289
2624	2625	0.279200494289
2625	2624	0.279200494289
2625	2626	0.279200494289
2626	2625	0.279200494289
2626	2627	0.279200494289
2627	2626	0.279200494289
2627	2628	0.279200494289
2628	2627	0.279200494289
2628	2629	0.279200494289
2629	2628	0.279200494289
2629	2630	0.279200494289
2630	2629	0.279200494289
2630	2631	0.278550505638
2630	6279	0.0533244982362
2631	2630	0.278550505638
2631	2632	0.278550505638
2632	2631	0.278550505638
2632	2633	0.278550505638
2633	2632	0.278550505638
2633	2634	0.278550505638
2634	2633	0.278550505638
2634	2635	0.278550505638
2635	2634	0.278550505638
2635	2636	0.278550505638
2636	2635	0.278550505638
2636	2637	0.278550505638
2637	2636	0.278550505638
2637	2638	0.278550505638
2638	2637	0.278550505638
2638	2639	0.278550505638
2639	2638	0.278550505638
2639	2640	0.278550505638
2640	2639	0.278550505638
2640	2641	0.278550505638
2641	2640	0.278550505638
2641	2642	0.278550505638
2642	2641	0.278550505638
2642	2643	0.278550505638
2643	2642	0.278550505638
2643	2644	0.278550505638
2644	2643	0.278550505638
2644	2645	0.278550505638
2645	2644	0.278550505638
2645	2646	0.0447354987264
2645	2674	0.278165012598
2646	2645	0.0447354987264
2646	2647	0.0447354987264
2647	2646	0.0447354987264
2647	2648	0.0447354987264
2648	2647	0.0447354987264
2648	2649	0.0447354987264
2649	2648	0.0447354987264
2649	2650	0.0447354987264
2650	2649	0.0447354987264
2650	2651	0.0447354987264
2651	2650	0.0447354987264
2651	2652	0.0447354987264
2652	2651	0.0447354987264
2652	2653	0.0447354987264
2653	2652	0.0447354987264
2653	2654	0.0447354987264
2654	2653	0.0447354987264
2654	2655	0.0447354987264
2655	2654	0.0447354987264
2655	2656	0.0447354987264
2656	2655	0.0447354987264
2656	2657	0.0447354987264
2657	2656	0.0447354987264
2657	2658	0.0447354987264
2658	2657	0.0447354987264
2658	2659	0.0447354987264
2659	2658	0.0447354987264
2659	2660	0.0447354987264
2660	2659	0.0447354987264
2660	2661	0.0447354987264
2661	2660	0.0447354987264
2661	2662	0.0447354987264
2662	2661	0.0447354987264
2662	2663	0.0447354987264
2663	2662	0.0447354987264
2663	2664	0.0447354987264
2664	2663	0.0447354987264
2664	2665	0.0447354987264
2665	2664	0.0447354987264
2665	2666	0.0447354987264
2666	2665	0.0447354987264
2666	2667	0.0447354987264
2667	2666	0.0447354987264
2667	2668	0.0447354987264
2668	2667	0.0447354987264
2668	2669	0.0447354987264
2669	2668	0.0447354987264
2669	2670	0.0447354987264
2670	2669	0.0447354987264
2670	2671	0.0447354987264
2671	2670	0.0447354987264
2671	2672	0.0447354987264
2672	2671	0.0447354987264
2672	2673	0.0447354987264
2673	2672	0.0447354987264
2674	2645	0.278165012598
2674	2675	0.278165012598
2675	2674	0.278165012598
2675	2676	0.278165012598
2676	2675	0.278165012598
2676	2677	0.278165012598
2677	2676	0.278165012598
2677	2678	0.278165012598
2678	2677	0.278165012598
2678	2679	0.278165012598
2679	2678	0.278165012598
2679	2680	0.278165012598
2680	2679	0.278165012598
2680	2681	0.278165012598
2681	2680	0.278165012598
2681	2682	0.278165012598
2682	2681	0.278165012598
2682	2683	0.278165012598
2683	2682	0.278165012598
2683	2684	0.278165012598
2684	2683	0.278165012598
2684	2685	0.278165012598
2685	2684	0.278165012598
2685	2686	0.278165012598
2686	2685	0.278165012598
2686	2687	0.278165012598
2687	2686	0.278165012598
2687	2688	0.278165012598
2688	2687	0.278165012598
2688	2689	0.27505749464
2688	6094	0.0893525034189
2689	2688	0.27505749464
2689	2690	0.27505749464
2690	2689	0.27505749464
2690	2691	0.27505749464
2691	2690	0.27505749464
2691	2692	0.27505749464
2692	2691	0.27505749464
2692	2693	0.27505749464
2693	2692	0.27505749464
2693	2694	0.27505749464
2694	2693	0.27505749464
2694	2695	0.27505749464
2695	2694	0.27505749464
2695	2696	0.27505749464
2696	2695	0.27505749464
2696	2697	0.27505749464
2697	2696	0.27505749464
2697	2698	0.27505749464
2698	2697	0.27505749464
2698	2699	0.27505749464
2699	2698	0.27505749464
2699	2700	0.27505749464
2700	2699	0.27505749464
2700	2701	0.27505749464
2701	2700	0.27505749464
2701	2702	0.27505749464
2702	2701	0.27505749464
2702	2703	0.27505749464
2703	2702	0.27505749464
2703	2704	0.27505749464
2704	2703	0.27505749464
2704	2705	0.27505749464
2705	2704	0.27505749464
2705	2706	0.27505749464
2706	2705	0.27505749464
2706	2707	0.27505749464
2707	2706	0.27505749464
2707	2708	0.27505749464
2708	2707	0.27505749464
2708	2709	0.27505749464
2709	2708	0.27505749464
2709	2710	0.27505749464
2710	2709	0.27505749464
2710	2711	0.27505749464
2711	2710	0.27505749464
2711	2712	0.27505749464
2712	2711	0.27505749464
2712	2713	0.27505749464
2713	2712	0.27505749464
2713	2714	0.27505749464
2714	2713	0.27505749464
2714	2715	0.27505749464
2715	2714	0.27505749464
2715	2716	0.27505749464
2716	2715	0.27505749464
2716	2717	0.27505749464
2717	2716	0.27505749464
2717	2718	0.27505749464
2718	2717	0.27505749464
2718	2719	0.27505749464
2719	2718	0.27505749464
2719	2720	0.27505749464
2720	2719	0.27505749464
2720	2721	0.27505749464
2721	2720	0.27505749464
2721	2722	0.27505749464
2722	2721	0.27505749464
2722	2723	0.27505749464
2723	2722	0.27505749464
2723	2724	0.27505749464
2724	2723	0.27505749464
2724	2725	0.27505749464
2725	2724	0.27505749464
2725	2726	0.27505749464
2726	2725	0.27505749464
2726	2727	0.27505749464
2727	2726	0.27505749464
2727	2728	0.27505749464
2728	2727	0.27505749464
2728	2729	0.27505749464
2729	2728	0.27505749464
2729	2730	0.27505749464
2730	2729	0.27505749464
2730	2731	0.0470145009458
2730	2761	0.27459898591
2731	2730	0.0470145009458
2731	2732	0.0470145009458
2732	2731	0.0470145009458
2732	2733	0.0470145009458
2733	2732	0.0470145009458
2733	2734	0.0470145009458
2734	2733	0.0470145009458
2734	2735	0.0470145009458
2735	2734	0.0470145009458
2735	2736	0.0470145009458
2736	2735	0.0470145009458
2736	2737	0.0470145009458
2737	2736	0.0470145009458
2737	2738	0.0470145009458
2738	2737	0.0470145009458
2738	2739	0.0470145009458
2739	2738	0.0470145009458
2739	2740	0.0470145009458
2740	2739	0.0470145009458
2740	2741	0.0470145009458
2741	2740	0.0470145009458
2741	2742	0.0470145009458
2742	2741	0.0470145009458
2742	2743	0.0470145009458
2743	2742	0.0470145009458
2743	2744	0.0470145009458
2744	2743	0.0470145009458
2744	2745	0.0470145009458
2745	2744	0.0470145009458
2745	2746	0.0470145009458
2746	2745	0.0470145009458
2746	2747	0.0470145009458
2747	2746	0.0470145009458
2747	2748	0.0470145009458
2748	2747	0.0470145009458
2748	2749	0.0470145009458
2749	2748	0.0470145009458
2749	2750	0.0470145009458
2750	2749	0.0470145009458
2750	2751	0.0470145009458
2751	2750	0.0470145009458
2751	2752	0.0470145009458
2752	2751	0.0470145009458
2752	2753	0.0470145009458
2753	2752	0.0470145009458
2753	2754	0.0470145009458
2754	2753	0.0470145009458
2754	2755	0.0470145009458
2755	2754	0.0470145009458
2755	2756	0.0470145009458
2756	2755	0.0470145009458
2756	2757	0.0470145009458
2757	2756	0.0470145009458
2757	2758	0.0470145009458
2758	2757	0.0470145009458
2758	2759	0.0470145009458
2759	2758	0.0470145009458
2759	2760	0.0470145009458
2760	2759	0.0470145009458
2761	2730	0.27459898591
2761	2762	0.27459898591
2762	2761	0.27459898591
2762	2763	0.27459898591
2763	2762	0.27459898591
2763	2764	0.27459898591
2764	2763	0.27459898591
2764	2765	0.27459898591
2765	2764	0.27459898591
2765	2766	0.27459898591
2766	2765	0.27459898591
2766	2767	0.27459898591
2767	2766	0.27459898591
2767	2768	0.27459898591
2768	2767	0.27459898591
2768	2769	0.27459898591
2769	2768	0.27459898591
2769	2770	0.274221003056
2769	6072	0.0440259985626
2770	2769	0.274221003056
2770	2771	0.274221003056
2771	2770	0.274221003056
2771	2772	0.274221003056
2772	2771	0.274221003056
2772	2773	0.274221003056
2773	2772	0.274221003056
2773	2774	0.274221003056
2774	2773	0.274221003056
2774	2775	0.274221003056
2775	2774	0.274221003056
2775	2776	0.274221003056
2776	2775	0.274221003056
2776	2777	0.274221003056
2777	2776	0.274221003056
2777	2778	0.274221003056
2778	2777	0.274221003056
2778	2779	0.108792997897
2778	3054	0.268389999866
2779	2778	0.108792997897
2779	2780	0.108792997897
2780	2779	0.108792997897
2780	2781	0.108792997897
2781	2780	0.108792997897
2781	2782	0.108792997897
2782	2781	0.108792997897
2782	2783	0.108792997897
2783	2782	0.108792997897
2783	2784	0.108792997897
2784	2783	0.108792997897
2784	2785	0.108792997897
2785	2784	0.108792997897
2785	2786	0.108792997897
2786	2785	0.108792997897
2786	2787	0.108792997897
2787	2786	0.108792997897
2787	2788	0.108792997897
2788	2787	0.108792997897
2788	2789	0.108792997897
2789	2788	0.108792997897
2789	2790	0.108792997897
2790	2789	0.108792997897
2790	2791	0.108792997897
2791	2790	0.108792997897
2791	2792	0.108792997897
2792	2791	0.108792997897
2792	2793	0.108792997897
2793	2792	0.108792997897
2793	2794	0.108792997897
2794	2793	0.108792997897
2794	2795	0.108792997897
2795	2794	0.108792997897
2795	2796	0.108792997897
2796	2795	0.108792997897
2796	2797	0.108792997897
2797	2796	0.108792997897
2797	2798	0.108792997897
2798	2797	0.108792997897
2798	2799	0.108792997897
2799	2798	0.108792997897
2799	2800	0.108792997897
2800	2799	0.108792997897
2800	2801	0.108792997897
2801	2800	0.108792997897
2801	2802	0.108792997897
2802	2801	0.108792997897
2802	2803	0.108792997897
2803	2802	0.108792997897
2803	2804	0.108792997897
2804	2803	0.108792997897
2804	2805	0.108792997897
2805	2804	0.108792997897
2805	2806	0.108792997897
2806	2805	0.108792997897
2806	2807	0.108792997897
2807	2806	0.108792997897
2807	2808	0.108792997897
2808	2807	0.108792997897
2808	2809	0.108792997897
2809	2808	0.108792997897
2809	2810	0.0569109991193
2809	2855	0.10333249718
2810	2809	0.0569109991193
2810	2811	0.0569109991193
2811	2810	0.0569109991193
2811	2812	0.0569109991193
2812	2811	0.0569109991193
2812	2813	0.0569109991193
2813	2812	0.0569109991193
2813	2814	0.0569109991193
2814	2813	0.0569109991193
2814	2815	0.0569109991193
2815	2814	0.0569109991193
2815	2816	0.0569109991193
2816	2815	0.0569109991193
2816	2817	0.0569109991193
2817	2816	0.0569109991193
2817	2818	0.0569109991193
2818	2817	0.0569109991193
2818	2819	0.0569109991193
2819	2818	0.0569109991193
2819	2820	0.0569109991193
2820	2819	0.0569109991193
2820	2821	0.0569109991193
2821	2820	0.0569109991193
2821	2822	0.0569109991193
2822	2821	0.0569109991193
2822	2823	0.0569109991193
2823	2822	0.0569109991193
2823	2824	0.0569109991193
2824	2823	0.0569109991193
2824	2825	0.0569109991193
2825	2824	0.0569109991193
2825	2826	0.0569109991193
2826	2825	0.0569109991193
2826	2827	0.0569109991193
2827	2826	0.0569109991193
2827	2828	0.0569109991193
2828	2827	0.0569109991193
2828	2829	0.0569109991193
2829	2828	0.0569109991193
2829	2830	0.0569109991193
2830	2829	0.0569109991193
2830	2831	0.0569109991193
2831	2830	0.0569109991193
2831	2832	0.0569109991193
2832	2831	0.0569109991193
2832	2833	0.0569109991193
2833	2832	0.0569109991193
2833	2834	0.0569109991193
2834	2833	0.0569109991193
2834	2835	0.0569109991193
2835	2834	0.0569109991193
2835	2836	0.0569109991193
2836	2835	0.0569109991193
2836	2837	0.0569109991193
2837	2836	0.0569109991193
2837	2838	0.0569109991193
2838	2837	0.0569109991193
2838	2839	0.0569109991193
2839	2838	0.0569109991193
2839	2840	0.0569109991193
2840	2839	0.0569109991193
2840	2841	0.0569109991193
2841	2840	0.0569109991193
2841	2842	0.0569109991193
2842	2841	0.0569109991193
2842	2843	0.0569109991193
2843	2842	0.0569109991193
2843	2844	0.0569109991193
2844	2843	0.0569109991193
2844	2845	0.0569109991193
2845	2844	0.0569109991193
2845	2846	0.0569109991193
2846	2845	0.0569109991193
2846	2847	0.0569109991193
2847	2846	0.0569109991193
2847	2848	0.0569109991193
2848	2847	0.0569109991193
2848	2849	0.0569109991193
2849	2848	0.0569109991193
2849	2850	0.0569109991193
2850	2849	0.0569109991193
2850	2851	0.0569109991193
2851	2850	0.0569109991193
2851	2852	0.0569109991193
2852	2851	0.0569109991193
2852	2853	0.0569109991193
2853	2852	0.0569109991193
2853	2854	0.0569109991193
2854	2853	0.0569109991193
2855	2809	0.10333249718
2855	2856	0.10333249718
2856	2855	0.10333249718
2856	2857	0.10333249718
2857	2856	0.10333249718
2857	2858	0.10333249718
2858	2857	0.10333249718
2858	2859	0.10333249718
2859	2858	0.10333249718
2859	2860	0.10333249718
2860	2859	0.10333249718
2860	2861	0.10333249718
2861	2860	0.10333249718
2861	2862	0.10333249718
2862	2861	0.10333249718
2862	2863	0.10333249718
2863	2862	0.10333249718
2863	2864	0.10333249718
2864	2863	0.10333249718
2864	2865	0.0910845026374
2864	2994	0.0703165009618
2865	2864	0.0910845026374
2865	2866	0.0877809971571
2865	2982	0.0429585017264
2866	2865	0.0877809971571
2866	2867	0.0877809971571
2867	2866	0.0877809971571
2867	2868	0.0877809971571
2868	2867	0.0877809971571
2868	2869	0.0877809971571
2869	2868	0.0877809971571
2869	2870	0.0877809971571
2870	2869	0.0877809971571
2870	2871	0.0877809971571
2871	2870	0.0877809971571
2871	2872	0.0877809971571
2872	2871	0.0877809971571
2872	2873	0.0877809971571
2873	2872	0.0877809971571
2873	2874	0.0877809971571
2874	2873	0.0877809971571
2874	2875	0.0877809971571
2875	2874	0.0877809971571
2875	2876	0.0877809971571
2876	2875	0.0877809971571
2876	2877	0.0877809971571
2877	2876	0.0877809971571
2877	2878	0.0877809971571
2878	2877	0.0877809971571
2878	2879	0.0877809971571
2879	2878	0.0877809971571
2879	2880	0.0877809971571
2880	2879	0.0877809971571
2880	2881	0.0877809971571
2881	2880	0.0877809971571
2881	2882	0.0877809971571
2882	2881	0.0877809971571
2882	2883	0.0877809971571
2883	2882	0.0877809971571
2883	2884	0.0877809971571
2884	2883	0.0877809971571
2884	2885	0.0877809971571
2885	2884	0.0877809971571
2885	2886	0.0877809971571
2886	2885	0.0877809971571
2886	2887	0.0877809971571
2887	2886	0.0877809971571
2887	2888	0.0877809971571
2888	2887	0.0877809971571
2888	2889	0.0877809971571
2889	2888	0.0877809971571
2889	2890	0.0877809971571
2890	2889	0.0877809971571
2890	2891	0.0877809971571
2891	2890	0.0877809971571
2891	2892	0.0877809971571
2892	2891	0.0877809971571
2892	2893	0.0619584992528
2892	2927	0.0759750008583
2893	2892	0.0619584992528
2893	2894	0.0619584992528
2894	2893	0.0619584992528
2894	2895	0.0619584992528
2895	2894	0.0619584992528
2895	2896	0.0619584992528
2896	2895	0.0619584992528
2896	2897	0.0619584992528
2897	2896	0.0619584992528
2897	2898	0.0619584992528
2898	2897	0.0619584992528
2898	2899	0.0619584992528
2899	2898	0.0619584992528
2899	2900	0.0619584992528
2900	2899	0.0619584992528
2900	2901	0.0619584992528
2901	2900	0.0619584992528
2901	2902	0.0619584992528
2902	2901	0.0619584992528
2902	2903	0.0619584992528
2903	2902	0.0619584992528
2903	2904	0.0619584992528
2904	2903	0.0619584992528
2904	2905	0.0619584992528
2905	2904	0.0619584992528
2905	2906	0.0619584992528
2906	2905	0.0619584992528
2906	2907	0.0619584992528
2907	2906	0.0619584992528
2907	2908	0.0619584992528
2908	2907	0.0619584992528
2908	2909	0.0619584992528
2909	2908	0.0619584992528
2909	2910	0.0619584992528
2910	2909	0.0619584992528
2910	2911	0.0619584992528
2911	2910	0.0619584992528
2911	2912	0.0619584992528
2912	2911	0.0619584992528
2912	2913	0.0619584992528
2913	2912	0.0619584992528
2913	2914	0.0619584992528
2914	2913	0.0619584992528
2914	2915	0.0619584992528
2915	2914	0.0619584992528
2915	2916	0.0619584992528
2916	2915	0.0619584992528
2916	2917	0.0619584992528
2917	2916	0.0619584992528
2917	2918	0.0619584992528
2918	2917	0.0619584992528
2918	2919	0.0619584992528
2919	2918	0.0619584992528
2919	2920	0.0619584992528
2920	2919	0.0619584992528
2920	2921	0.0619584992528
2921	2920	0.0619584992528
2921	2922	0.0619584992528
2922	2921	0.0619584992528
2922	2923	0.0619584992528
2923	2922	0.0619584992528
2923	2924	0.0619584992528
2924	2923	0.0619584992528
2924	2925	0.0619584992528
2925	2924	0.0619584992528
2925	2926	0.0619584992528
2926	2925	0.0619584992528
2927	2892	0.0759750008583
2927	2928	0.0759750008583
2928	2927	0.0759750008583
2928	2929	0.0759750008583
2929	2928	0.0759750008583
2929	2930	0.0759750008583
2930	2929	0.0759750008583
2930	2931	0.0759750008583
2931	2930	0.0759750008583
2931	2932	0.0759750008583
2932	2931	0.0759750008583
2932	2933	0.0759750008583
2933	2932	0.0759750008583
2933	2934	0.0759750008583
2934	2933	0.0759750008583
2934	2935	0.0759750008583
2935	2934	0.0759750008583
2935	2936	0.0759750008583
2936	2935	0.0759750008583
2936	2937	0.0759750008583
2937	2936	0.0759750008583
2937	2938	0.0759750008583
2938	2937	0.0759750008583
2938	2939	0.0437105000019
2938	2944	0.0708089992404
2939	2938	0.0437105000019
2939	2940	0.0437105000019
2940	2939	0.0437105000019
2940	2941	0.0437105000019
2941	2940	0.0437105000019
2941	2942	0.0437105000019
2942	2941	0.0437105000019
2942	2943	0.0437105000019
2943	2942	0.0437105000019
2944	2938	0.0708089992404
2944	2945	0.0708089992404
2945	2944	0.0708089992404
2945	2946	0.0708089992404
2946	2945	0.0708089992404
2946	2947	0.0708089992404
2947	2946	0.0708089992404
2947	2948	0.0708089992404
2948	2947	0.0708089992404
2948	2949	0.0708089992404
2949	2948	0.0708089992404
2949	2950	0.0708089992404
2950	2949	0.0708089992404
2950	2951	0.0708089992404
2951	2950	0.0708089992404
2951	2952	0.0708089992404
2952	2951	0.0708089992404
2952	2953	0.0708089992404
2953	2952	0.0708089992404
2953	2954	0.0708089992404
2954	2953	0.0708089992404
2954	2955	0.0708089992404
2955	2954	0.0708089992404
2955	2956	0.0708089992404
2956	2955	0.0708089992404
2956	2957	0.0708089992404
2957	2956	0.0708089992404
2957	2958	0.0708089992404
2958	2957	0.0708089992404
2958	2959	0.0708089992404
2959	2958	0.0708089992404
2959	2960	0.0708089992404
2960	2959	0.0708089992404
2960	2961	0.0708089992404
2961	2960	0.0708089992404
2961	2962	0.0708089992404
2962	2961	0.0708089992404
2962	2963	0.0708089992404
2963	2962	0.0708089992404
2963	2964	0.0708089992404
2964	2963	0.0708089992404
2964	2965	0.0708089992404
2965	2964	0.0708089992404
2965	2966	0.0708089992404
2966	2965	0.0708089992404
2966	2967	0.0708089992404
2967	2966	0.0708089992404
2967	2968	0.0708089992404
2968	2967	0.0708089992404
2968	2969	0.0708089992404
2969	2968	0.0708089992404
2969	2970	0.0708089992404
2970	2969	0.0708089992404
2970	2971	0.0708089992404
2971	2970	0.0708089992404
2971	2972	0.0708089992404
2972	2971	0.0708089992404
2972	2973	0.0708089992404
2973	2972	0.0708089992404
2973	2974	0.0708089992404
2974	2973	0.0708089992404
2974	2975	0.0708089992404
2975	2974	0.0708089992404
2975	2976	0.0708089992404
2976	2975	0.0708089992404
2976	2977	0.0708089992404
2977	2976	0.0708089992404
2977	2978	0.0708089992404
2978	2977	0.0708089992404
2978	2979	0.0708089992404
2979	2978	0.0708089992404
2979	2980	0.0708089992404
2980	2979	0.0708089992404
2980	2981	0.0708089992404
2981	2980	0.0708089992404
2982	2865	0.0429585017264
2982	2983	0.0429585017264
2983	2982	0.0429585017264
2983	2984	0.0429585017264
2984	2983	0.0429585017264
2984	2985	0.0429585017264
2985	2984	0.0429585017264
2985	2986	0.0429585017264
2986	2985	0.0429585017264
2986	2987	0.0429585017264
2987	2986	0.0429585017264
2987	2988	0.0429585017264
2988	2987	0.0429585017264
2988	2989	0.0429585017264
2989	2988	0.0429585017264
2989	2990	0.0429585017264
2990	2989	0.0429585017264
2990	2991	0.0429585017264
2991	2990	0.0429585017264
2991	2992	0.0429585017264
2992	2991	0.0429585017264
2992	2993	0.0429585017264
2993	2992	0.0429585017264
2994	2864	0.0703165009618
2994	2995	0.0703165009618
2995	2994	0.0703165009618
2995	2996	0.0703165009618
2996	2995	0.0703165009618
2996	2997	0.0703165009618
2997	2996	0.0703165009618
2997	2998	0.0703165009618
2998	2997	0.0703165009618
2998	2999	0.0703165009618
2999	2998	0.0703165009618
2999	3000	0.0703165009618
3000	2999	0.0703165009618
3000	3001	0.0703165009618
3001	3000	0.0703165009618
3001	3002	0.0703165009618
3002	3001	0.0703165009618
3002	3003	0.0703165009618
3003	3002	0.0703165009618
3003	3004	0.0703165009618
3004	3003	0.0703165009618
3004	3005	0.0703165009618
3005	3004	0.0703165009618
3005	3006	0.0703165009618
3006	3005	0.0703165009618
3006	3007	0.0703165009618
3007	3006	0.0703165009618
3007	3008	0.0703165009618
3008	3007	0.0703165009618
3008	3009	0.0703165009618
3009	3008	0.0703165009618
3009	3010	0.0703165009618
3010	3009	0.0703165009618
3010	3011	0.0703165009618
3011	3010	0.0703165009618
3011	3012	0.0703165009618
3012	3011	0.0703165009618
3012	3013	0.0703165009618
3013	3012	0.0703165009618
3013	3014	0.0703165009618
3014	3013	0.0703165009618
3014	3015	0.0703165009618
3015	3014	0.0703165009618
3015	3016	0.0467295013368
3015	3025	0.0626270025969
3016	3015	0.0467295013368
3016	3017	0.0467295013368
3017	3016	0.0467295013368
3017	3018	0.0467295013368
3018	3017	0.0467295013368
3018	3019	0.0467295013368
3019	3018	0.0467295013368
3019	3020	0.0467295013368
3020	3019	0.0467295013368
3020	3021	0.0467295013368
3021	3020	0.0467295013368
3021	3022	0.0467295013368
3022	3021	0.0467295013368
3022	3023	0.0467295013368
3023	3022	0.0467295013368
3023	3024	0.0467295013368
3024	3023	0.0467295013368
3025	3015	0.0626270025969
3025	3026	0.0626270025969
3026	3025	0.0626270025969
3026	3027	0.0626270025969
3027	3026	0.0626270025969
3027	3028	0.0626270025969
3028	3027	0.0626270025969
3028	3029	0.0626270025969
3029	3028	0.0626270025969
3029	3030	0.0626270025969
3030	3029	0.0626270025969
3030	3031	0.0626270025969
3031	3030	0.0626270025969
3031	3032	0.0626270025969
3032	3031	0.0626270025969
3032	3033	0.0626270025969
3033	3032	0.0626270025969
3033	3034	0.0626270025969
3034	3033	0.0626270025969
3034	3035	0.0626270025969
3035	3034	0.0626270025969
3035	3036	0.0626270025969
3036	3035	0.0626270025969
3036	3037	0.0626270025969
3037	3036	0.0626270025969
3037	3038	0.0626270025969
3038	3037	0.0626270025969
3038	3039	0.0626270025969
3039	3038	0.0626270025969
3039	3040	0.0626270025969
3040	3039	0.0626270025969
3040	3041	0.0626270025969
3041	3040	0.0626270025969
3041	3042	0.0626270025969
3042	3041	0.0626270025969
3042	3043	0.0626270025969
3043	3042	0.0626270025969
3043	3044	0.0626270025969
3044	3043	0.0626270025969
3044	3045	0.0626270025969
3045	3044	0.0626270025969
3045	3046	0.0626270025969
3046	3045	0.0626270025969
3046	3047	0.0626270025969
3047	3046	0.0626270025969
3047	3048	0.0626270025969
3048	3047	0.0626270025969
3048	3049	0.0626270025969
3049	3048	0.0626270025969
3049	3050	0.0626270025969
3050	3049	0.0626270025969
3050	3051	0.0626270025969
3051	3050	0.0626270025969
3051	3052	0.0626270025969
3052	3051	0.0626270025969
3052	3053	0.0626270025969
3053	3052	0.0626270025969
3054	2778	0.268389999866
3054	3055	0.268389999866
3055	3054	0.268389999866
3055	3056	0.268389999866
3056	3055	0.268389999866
3056	3057	0.268389999866
3057	3056	0.268389999866
3057	3058	0.268389999866
3058	3057	0.268389999866
3058	3059	0.268389999866
3059	3058	0.268389999866
3059	3060	0.268389999866
3060	3059	0.268389999866
3060	3061	0.268389999866
3061	3060	0.268389999866
3061	3062	0.268389999866
3062	3061	0.268389999866
3062	3063	0.268389999866
3063	3062	0.268389999866
3063	3064	0.268389999866
3064	3063	0.268389999866
3064	3065	0.268389999866
3065	3064	0.268389999866
3065	3066	0.268389999866
3066	3065	0.268389999866
3066	3067	0.268389999866
3067	3066	0.268389999866
3067	3068	0.268389999866
3068	3067	0.268389999866
3068	3069	0.268389999866
3069	3068	0.268389999866
3069	3070	0.268389999866
3070	3069	0.268389999866
3070	3071	0.268389999866
3071	3070	0.268389999866
3071	3072	0.268389999866
3072	3071	0.268389999866
3072	3073	0.261744499207
3072	5814	0.111891001463
3073	3072	0.261744499207
3073	3074	0.261744499207
3074	3073	0.261744499207
3074	3075	0.261744499207
3075	3074	0.261744499207
3075	3076	0.261744499207
3076	3075	0.261744499207
3076	3077	0.261744499207
3077	3076	0.261744499207
3077	3078	0.261744499207
3078	3077	0.261744499207
3078	3079	0.261744499207
3079	3078	0.261744499207
3079	3080	0.261744499207
3080	3079	0.261744499207
3080	3081	0.261744499207
3081	3080	0.261744499207
3081	3082	0.043584998697
3081	3101	0.261341005564
3082	3081	0.043584998697
3082	3083	0.043584998697
3083	3082	0.043584998697
3083	3084	0.043584998697
3084	3083	0.043584998697
3084	3085	0.043584998697
3085	3084	0.043584998697
3085	3086	0.043584998697
3086	3085	0.043584998697
3086	3087	0.043584998697
3087	3086	0.043584998697
3087	3088	0.043584998697
3088	3087	0.043584998697
3088	3089	0.043584998697
3089	3088	0.043584998697
3089	3090	0.043584998697
3090	3089	0.043584998697
3090	3091	0.043584998697
3091	3090	0.043584998697
3091	3092	0.043584998697
3092	3091	0.043584998697
3092	3093	0.043584998697
3093	3092	0.043584998697
3093	3094	0.043584998697
3094	3093	0.043584998697
3094	3095	0.043584998697
3095	3094	0.043584998697
3095	3096	0.043584998697
3096	3095	0.043584998697
3096	3097	0.043584998697
3097	3096	0.043584998697
3097	3098	0.043584998697
3098	3097	0.043584998697
3098	3099	0.043584998697
3099	3098	0.043584998697
3099	3100	0.043584998697
3100	3099	0.043584998697
3101	3081	0.261341005564
3101	3102	0.261341005564
3102	3101	0.261341005564
3102	3103	0.261341005564
3103	3102	0.261341005564
3103	3104	0.261341005564
3104	3103	0.261341005564
3104	3105	0.261341005564
3105	3104	0.261341005564
3105	3106	0.261341005564
3106	3105	0.261341005564
3106	3107	0.261341005564
3107	3106	0.261341005564
3107	3108	0.261341005564
3108	3107	0.261341005564
3108	3109	0.261341005564
3109	3108	0.261341005564
3109	3110	0.256294995546
3109	5583	0.100465998054
3110	3109	0.256294995546
3110	3111	0.256294995546
3111	3110	0.256294995546
3111	3112	0.256294995546
3112	3111	0.256294995546
3112	3113	0.256294995546
3113	3112	0.256294995546
3113	3114	0.256294995546
3114	3113	0.256294995546
3114	3115	0.256294995546
3115	3114	0.256294995546
3115	3116	0.256294995546
3116	3115	0.256294995546
3116	3117	0.256294995546
3117	3116	0.256294995546
3117	3118	0.256294995546
3118	3117	0.256294995546
3118	3119	0.256294995546
3119	3118	0.256294995546
3119	3120	0.256294995546
3120	3119	0.256294995546
3120	3121	0.256294995546
3121	3120	0.256294995546
3121	3122	0.256294995546
3122	3121	0.256294995546
3122	3123	0.256294995546
3123	3122	0.256294995546
3123	3124	0.256294995546
3124	3123	0.256294995546
3124	3125	0.256294995546
3125	3124	0.256294995546
3125	3126	0.256294995546
3126	3125	0.256294995546
3126	3127	0.256294995546
3127	3126	0.256294995546
3127	3128	0.256294995546
3128	3127	0.256294995546
3128	3129	0.256294995546
3129	3128	0.256294995546
3129	3130	0.256294995546
3130	3129	0.256294995546
3130	3131	0.256294995546
3131	3130	0.256294995546
3131	3132	0.256294995546
3132	3131	0.256294995546
3132	3133	0.256294995546
3133	3132	0.256294995546
3133	3134	0.256294995546
3134	3133	0.256294995546
3134	3135	0.256294995546
3135	3134	0.256294995546
3135	3136	0.256294995546
3136	3135	0.256294995546
3136	3137	0.256294995546
3137	3136	0.256294995546
3137	3138	0.256294995546
3138	3137	0.256294995546
3138	3139	0.256294995546
3139	3138	0.256294995546
3139	3140	0.256294995546
3140	3139	0.256294995546
3140	3141	0.256294995546
3141	3140	0.256294995546
3141	3142	0.256294995546
3142	3141	0.256294995546
3142	3143	0.256294995546
3143	3142	0.256294995546
3143	3144	0.256294995546
3144	3143	0.256294995546
3144	3145	0.256294995546
3145	3144	0.256294995546
3145	3146	0.256294995546
3146	3145	0.256294995546
3146	3147	0.256294995546
3147	3146	0.256294995546
3147	3148	0.256294995546
3148	3147	0.256294995546
3148	3149	0.256294995546
3149	3148	0.256294995546
3149	3150	0.256294995546
3150	3149	0.256294995546
3150	3151	0.256294995546
3151	3150	0.256294995546
3151	3152	0.195281505585
3151	4276	0.210958003998
3152	3151	0.195281505585
3152	3153	0.195281505585
3153	3152	0.195281505585
3153	3154	0.195281505585
3154	3153	0.195281505585
3154	3155	0.195281505585
3155	3154	0.195281505585
3155	3156	0.195281505585
3156	3155	0.195281505585
3156	3157	0.195281505585
3157	3156	0.195281505585
3157	3158	0.195281505585
3158	3157	0.195281505585
3158	3159	0.195281505585
3159	3158	0.195281505585
3159	3160	0.195281505585
3160	3159	0.195281505585
3160	3161	0.195281505585
3161	3160	0.195281505585
3161	3162	0.195281505585
3162	3161	0.195281505585
3162	3163	0.195281505585
3163	3162	0.195281505585
3163	3164	0.195281505585
3164	3163	0.195281505585
3164	3165	0.195281505585
3165	3164	0.195281505585
3165	3166	0.195281505585
3166	3165	0.195281505585
3166	3167	0.195281505585
3167	3166	0.195281505585
3167	3168	0.195281505585
3168	3167	0.195281505585
3168	3169	0.195281505585
3169	3168	0.195281505585
3169	3170	0.195281505585
3170	3169	0.195281505585
3170	3171	0.195281505585
3171	3170	0.195281505585
3171	3172	0.195281505585
3172	3171	0.195281505585
3172	3173	0.195281505585
3173	3172	0.195281505585
3173	3174	0.195281505585
3174	3173	0.195281505585
3174	3175	0.195281505585
3175	3174	0.195281505585
3175	3176	0.195281505585
3176	3175	0.195281505585
3176	3177	0.195281505585
3177	3176	0.195281505585
3177	3178	0.0362889990211
3177	3185	0.194863006473
3178	3177	0.0362889990211
3178	3179	0.0362889990211
3179	3178	0.0362889990211
3179	3180	0.0362889990211
3180	3179	0.0362889990211
3180	3181	0.0362889990211
3181	3180	0.0362889990211
3181	3182	0.0362889990211
3182	3181	0.0362889990211
3182	3183	0.0362889990211
3183	3182	0.0362889990211
3183	3184	0.0362889990211
3184	3183	0.0362889990211
3185	3177	0.194863006473
3185	3186	0.194863006473
3186	3185	0.194863006473
3186	3187	0.194863006473
3187	3186	0.194863006473
3187	3188	0.194863006473
3188	3187	0.194863006473
3188	3189	0.194863006473
3189	3188	0.194863006473
3189	3190	0.194863006473
3190	3189	0.194863006473
3190	3191	0.194863006473
3191	3190	0.194863006473
3191	3192	0.194863006473
3192	3191	0.194863006473
3192	3193	0.194863006473
3193	3192	0.194863006473
3193	3194	0.194863006473
3194	3193	0.194863006473
3194	3195	0.190815493464
3194	4188	0.0767195001245
3195	3194	0.190815493464
3195	3196	0.190815493464
3196	3195	0.190815493464
3196	3197	0.190815493464
3197	3196	0.190815493464
3197	3198	0.190815493464
3198	3197	0.190815493464
3198	3199	0.190815493464
3199	3198	0.190815493464
3199	3200	0.190815493464
3200	3199	0.190815493464
3200	3201	0.190815493464
3201	3200	0.190815493464
3201	3202	0.190815493464
3202	3201	0.190815493464
3202	3203	0.190815493464
3203	3202	0.190815493464
3203	3204	0.190815493464
3204	3203	0.190815493464
3204	3205	0.0499975010753
3204	3229	0.189664006233
3205	3204	0.0499975010753
3205	3206	0.0499975010753
3206	3205	0.0499975010753
3206	3207	0.0499975010753
3207	3206	0.0499975010753
3207	3208	0.0499975010753
3208	3207	0.0499975010753
3208	3209	0.0499975010753
3209	3208	0.0499975010753
3209	3210	0.0499975010753
3210	3209	0.0499975010753
3210	3211	0.0499975010753
3211	3210	0.0499975010753
3211	3212	0.0499975010753
3212	3211	0.0499975010753
3212	3213	0.0499975010753
3213	3212	0.0499975010753
3213	3214	0.0499975010753
3214	3213	0.0499975010753
3214	3215	0.0499975010753
3215	3214	0.0499975010753
3215	3216	0.0499975010753
3216	3215	0.0499975010753
3216	3217	0.0499975010753
3217	3216	0.0499975010753
3217	3218	0.0499975010753
3218	3217	0.0499975010753
3218	3219	0.0499975010753
3219	3218	0.0499975010753
3219	3220	0.0499975010753
3220	3219	0.0499975010753
3220	3221	0.0499975010753
3221	3220	0.0499975010753
3221	3222	0.0499975010753
3222	3221	0.0499975010753
3222	3223	0.0499975010753
3223	3222	0.0499975010753
3223	3224	0.0499975010753
3224	3223	0.0499975010753
3224	3225	0.0499975010753
3225	3224	0.0499975010753
3225	3226	0.0499975010753
3226	3225	0.0499975010753
3226	3227	0.0499975010753
3227	3226	0.0499975010753
3227	3228	0.0499975010753
3228	3227	0.0499975010753
3229	3204	0.189664006233
3229	3230	0.189664006233
3230	3229	0.189664006233
3230	3231	0.189664006233
3231	3230	0.189664006233
3231	3232	0.189664006233
3232	3231	0.189664006233
3232	3233	0.189664006233
3233	3232	0.189664006233
3233	3234	0.188516005874
3233	4165	0.0497524999082
3234	3233	0.188516005874
3234	3235	0.188516005874
3235	3234	0.188516005874
3235	3236	0.188516005874
3236	3235	0.188516005874
3236	3237	0.188516005874
3237	3236	0.188516005874
3237	3238	0.188516005874
3238	3237	0.188516005874
3238	3239	0.0755779966712
3238	3318	0.184376493096
3239	3238	0.0755779966712
3239	3240	0.0755779966712
3240	3239	0.0755779966712
3240	3241	0.0755779966712
3241	3240	0.0755779966712
3241	3242	0.0755779966712
3242	3241	0.0755779966712
3242	3243	0.0755779966712
3243	3242	0.0755779966712
3243	3244	0.0755779966712
3244	3243	0.0755779966712
3244	3245	0.0755779966712
3245	3244	0.0755779966712
3245	3246	0.0755779966712
3246	3245	0.0755779966712
3246	3247	0.0755779966712
3247	3246	0.0755779966712
3247	3248	0.0755779966712
3248	3247	0.0755779966712
3248	3249	0.0755779966712
3249	3248	0.0755779966712
3249	3250	0.0755779966712
3250	3249	0.0755779966712
3250	3251	0.0755779966712
3251	3250	0.0755779966712
3251	3252	0.0755779966712
3252	3251	0.0755779966712
3252	3253	0.0755779966712
3253	3252	0.0755779966712
3253	3254	0.0755779966712
3254	3253	0.0755779966712
3254	3255	0.0755779966712
3255	3254	0.0755779966712
3255	3256	0.0755779966712
3256	3255	0.0755779966712
3256	3257	0.0755779966712
3257	3256	0.0755779966712
3257	3258	0.0755779966712
3258	3257	0.0755779966712
3258	3259	0.0755779966712
3259	3258	0.0755779966712
3259	3260	0.0755779966712
3260	3259	0.0755779966712
3260	3261	0.0755779966712
3261	3260	0.0755779966712
3261	3262	0.0755779966712
3262	3261	0.0755779966712
3262	3263	0.0755779966712
3263	3262	0.0755779966712
3263	3264	0.0755779966712
3264	3263	0.0755779966712
3264	3265	0.0603780001402
3264	3292	0.0595889985561
3265	3264	0.0603780001402
3265	3266	0.0603780001402
3266	3265	0.0603780001402
3266	3267	0.0603780001402
3267	3266	0.0603780001402
3267	3268	0.0603780001402
3268	3267	0.0603780001402
3268	3269	0.0603780001402
3269	3268	0.0603780001402
3269	3270	0.0603780001402
3270	3269	0.0603780001402
3270	3271	0.0603780001402
3271	3270	0.0603780001402
3271	3272	0.0603780001402
3272	3271	0.0603780001402
3272	3273	0.0603780001402
3273	3272	0.0603780001402
3273	3274	0.0603780001402
3274	3273	0.0603780001402
3274	3275	0.0603780001402
3275	3274	0.0603780001402
3275	3276	0.0603780001402
3276	3275	0.0603780001402
3276	3277	0.0603780001402
3277	3276	0.0603780001402
3277	3278	0.0603780001402
3278	3277	0.0603780001402
3278	3279	0.0603780001402
3279	3278	0.0603780001402
3279	3280	0.0603780001402
3280	3279	0.0603780001402
3280	3281	0.0603780001402
3281	3280	0.0603780001402
3281	3282	0.0603780001402
3282	3281	0.0603780001402
3282	3283	0.0603780001402
3283	3282	0.0603780001402
3283	3284	0.0603780001402
3284	3283	0.0603780001402
3284	3285	0.0603780001402
3285	3284	0.0603780001402
3285	3286	0.0603780001402
3286	3285	0.0603780001402
3286	3287	0.0603780001402
3287	3286	0.0603780001402
3287	3288	0.0603780001402
3288	3287	0.0603780001402
3288	3289	0.0603780001402
3289	3288	0.0603780001402
3289	3290	0.0603780001402
3290	3289	0.0603780001402
3290	3291	0.0603780001402
3291	3290	0.0603780001402
3292	3264	0.0595889985561
3292	3293	0.0595889985561
3293	3292	0.0595889985561
3293	3294	0.0595889985561
3294	3293	0.0595889985561
3294	3295	0.0595889985561
3295	3294	0.0595889985561
3295	3296	0.0595889985561
3296	3295	0.0595889985561
3296	3297	0.0595889985561
3297	3296	0.0595889985561
3297	3298	0.0595889985561
3298	3297	0.0595889985561
3298	3299	0.0595889985561
3299	3298	0.0595889985561
3299	3300	0.0595889985561
3300	3299	0.0595889985561
3300	3301	0.0595889985561
3301	3300	0.0595889985561
3301	3302	0.0595889985561
3302	3301	0.0595889985561
3302	3303	0.0595889985561
3303	3302	0.0595889985561
3303	3304	0.0595889985561
3304	3303	0.0595889985561
3304	3305	0.0595889985561
3305	3304	0.0595889985561
3305	3306	0.0595889985561
3306	3305	0.0595889985561
3306	3307	0.0595889985561
3307	3306	0.0595889985561
3307	3308	0.0595889985561
3308	3307	0.0595889985561
3308	3309	0.0595889985561
3309	3308	0.0595889985561
3309	3310	0.0595889985561
3310	3309	0.0595889985561
3310	3311	0.0595889985561
3311	3310	0.0595889985561
3311	3312	0.0595889985561
3312	3311	0.0595889985561
3312	3313	0.0595889985561
3313	3312	0.0595889985561
3313	3314	0.0595889985561
3314	3313	0.0595889985561
3314	3315	0.0595889985561
3315	3314	0.0595889985561
3315	3316	0.0595889985561
3316	3315	0.0595889985561
3316	3317	0.0595889985561
3317	3316	0.0595889985561
3318	3238	0.184376493096
3318	3319	0.184376493096
3319	3318	0.184376493096
3319	3320	0.184376493096
3320	3319	0.184376493096
3320	3321	0.184376493096
3321	3320	0.184376493096
3321	3322	0.184376493096
3322	3321	0.184376493096
3322	3323	0.184376493096
3323	3322	0.184376493096
3323	3324	0.184376493096
3324	3323	0.184376493096
3324	3325	0.184376493096
3325	3324	0.184376493096
3325	3326	0.184376493096
3326	3325	0.184376493096
3326	3327	0.184376493096
3327	3326	0.184376493096
3327	3328	0.184376493096
3328	3327	0.184376493096
3328	3329	0.184376493096
3329	3328	0.184376493096
3329	3330	0.184376493096
3330	3329	0.184376493096
3330	3331	0.184376493096
3331	3330	0.184376493096
3331	3332	0.184376493096
3332	3331	0.184376493096
3332	3333	0.184376493096
3333	3332	0.184376493096
3333	3334	0.184376493096
3334	3333	0.184376493096
3334	3335	0.184376493096
3335	3334	0.184376493096
3335	3336	0.184376493096
3336	3335	0.184376493096
3336	3337	0.184376493096
3337	3336	0.184376493096
3337	3338	0.181349992752
3337	4118	0.067212998867
3338	3337	0.181349992752
3338	3339	0.181349992752
3339	3338	0.181349992752
3339	3340	0.181349992752
3340	3339	0.181349992752
3340	3341	0.181349992752
3341	3340	0.181349992752
3341	3342	0.181349992752
3342	3341	0.181349992752
3342	3343	0.181349992752
3343	3342	0.181349992752
3343	3344	0.181349992752
3344	3343	0.181349992752
3344	3345	0.181349992752
3345	3344	0.181349992752
3345	3346	0.181349992752
3346	3345	0.181349992752
3346	3347	0.181349992752
3347	3346	0.181349992752
3347	3348	0.181349992752
3348	3347	0.181349992752
3348	3349	0.181349992752
3349	3348	0.181349992752
3349	3350	0.181349992752
3350	3349	0.181349992752
3350	3351	0.181349992752
3351	3350	0.181349992752
3351	3352	0.181349992752
3352	3351	0.181349992752
3352	3353	0.181349992752
3353	3352	0.181349992752
3353	3354	0.181349992752
3354	3353	0.181349992752
3354	3355	0.181349992752
3355	3354	0.181349992752
3355	3356	0.181349992752
3356	3355	0.181349992752
3356	3357	0.181349992752
3357	3356	0.181349992752
3357	3358	0.181349992752
3358	3357	0.181349992752
3358	3359	0.172171995044
3358	3986	0.0951144993305
3359	3358	0.172171995044
3359	3360	0.172171995044
3360	3359	0.172171995044
3360	3361	0.172171995044
3361	3360	0.172171995044
3361	3362	0.172171995044
3362	3361	0.172171995044
3362	3363	0.172171995044
3363	3362	0.172171995044
3363	3364	0.172171995044
3364	3363	0.172171995044
3364	3365	0.172171995044
3365	3364	0.172171995044
3365	3366	0.172171995044
3366	3365	0.172171995044
3366	3367	0.172171995044
3367	3366	0.172171995044
3367	3368	0.172171995044
3368	3367	0.172171995044
3368	3369	0.172171995044
3369	3368	0.172171995044
3369	3370	0.172171995044
3370	3369	0.172171995044
3370	3371	0.172171995044
3371	3370	0.172171995044
3371	3372	0.172171995044
3372	3371	0.172171995044
3372	3373	0.172171995044
3373	3372	0.172171995044
3373	3374	0.172171995044
3374	3373	0.172171995044
3374	3375	0.172171995044
3375	3374	0.172171995044
3375	3376	0.172171995044
3376	3375	0.172171995044
3376	3377	0.172171995044
3377	3376	0.172171995044
3377	3378	0.172171995044
3378	3377	0.172171995044
3378	3379	0.172171995044
3379	3378	0.172171995044
3379	3380	0.172171995044
3380	3379	0.172171995044
3380	3381	0.172171995044
3381	3380	0.172171995044
3381	3382	0.172171995044
3382	3381	0.172171995044
3382	3383	0.172171995044
3383	3382	0.172171995044
3383	3384	0.172171995044
3384	3383	0.172171995044
3384	3385	0.172171995044
3385	3384	0.172171995044
3385	3386	0.172171995044
3386	3385	0.172171995044
3386	3387	0.172171995044
3387	3386	0.172171995044
3387	3388	0.172171995044
3388	3387	0.172171995044
3388	3389	0.170910507441
3388	3973	0.048110999167
3389	3388	0.170910507441
3389	3390	0.170910507441
3390	3389	0.170910507441
3390	3391	0.170910507441
3391	3390	0.170910507441
3391	3392	0.170910507441
3392	3391	0.170910507441
3392	3393	0.170910507441
3393	3392	0.170910507441
3393	3394	0.170910507441
3394	3393	0.170910507441
3394	3395	0.170910507441
3395	3394	0.170910507441
3395	3396	0.170910507441
3396	3395	0.170910507441
3396	3397	0.0839544981718
3396	3479	0.163872003555
3397	3396	0.0839544981718
3397	3398	0.0839544981718
3398	3397	0.0839544981718
3398	3399	0.0839544981718
3399	3398	0.0839544981718
3399	3400	0.0839544981718
3400	3399	0.0839544981718
3400	3401	0.0839544981718
3401	3400	0.0839544981718
3401	3402	0.0839544981718
3402	3401	0.0839544981718
3402	3403	0.0839544981718
3403	3402	0.0839544981718
3403	3404	0.0839544981718
3404	3403	0.0839544981718
3404	3405	0.0839544981718
3405	3404	0.0839544981718
3405	3406	0.0839544981718
3406	3405	0.0839544981718
3406	3407	0.0839544981718
3407	3406	0.0839544981718
3407	3408	0.0839544981718
3408	3407	0.0839544981718
3408	3409	0.0839544981718
3409	3408	0.0839544981718
3409	3410	0.0839544981718
3410	3409	0.0839544981718
3410	3411	0.0839544981718
3411	3410	0.0839544981718
3411	3412	0.0839544981718
3412	3411	0.0839544981718
3412	3413	0.0839544981718
3413	3412	0.0839544981718
3413	3414	0.0839544981718
3414	3413	0.0839544981718
3414	3415	0.0839544981718
3415	3414	0.0839544981718
3415	3416	0.0839544981718
3416	3415	0.0839544981718
3416	3417	0.0839544981718
3417	3416	0.0839544981718
3417	3418	0.0839544981718
3418	3417	0.0839544981718
3418	3419	0.0839544981718
3419	3418	0.0839544981718
3419	3420	0.0770300030708
3419	3470	0.0512580014765
3420	3419	0.0770300030708
3420	3421	0.0770300030708
3421	3420	0.0770300030708
3421	3422	0.0770300030708
3422	3421	0.0770300030708
3422	3423	0.0770300030708
3423	3422	0.0770300030708
3423	3424	0.0770300030708
3424	3423	0.0770300030708
3424	3425	0.0770300030708
3425	3424	0.0770300030708
3425	3426	0.0770300030708
3426	3425	0.0770300030708
3426	3427	0.0770300030708
3427	3426	0.0770300030708
3427	3428	0.0770300030708
3428	3427	0.0770300030708
3428	3429	0.0770300030708
3429	3428	0.0770300030708
3429	3430	0.0770300030708
3430	3429	0.0770300030708
3430	3431	0.0770300030708
3431	3430	0.0770300030708
3431	3432	0.0770300030708
3432	3431	0.0770300030708
3432	3433	0.0770300030708
3433	3432	0.0770300030708
3433	3434	0.0770300030708
3434	3433	0.0770300030708
3434	3435	0.0770300030708
3435	3434	0.0770300030708
3435	3436	0.0770300030708
3436	3435	0.0770300030708
3436	3437	0.0770300030708
3437	3436	0.0770300030708
3437	3438	0.0770300030708
3438	3437	0.0770300030708
3438	3439	0.0770300030708
3439	3438	0.0770300030708
3439	3440	0.0770300030708
3440	3439	0.0770300030708
3440	3441	0.0770300030708
3441	3440	0.0770300030708
3441	3442	0.0770300030708
3442	3441	0.0770300030708
3442	3443	0.0770300030708
3443	3442	0.0770300030708
3443	3444	0.0770300030708
3444	3443	0.0770300030708
3444	3445	0.0770300030708
3445	3444	0.0770300030708
3445	3446	0.0770300030708
3446	3445	0.0770300030708
3446	3447	0.0770300030708
3447	3446	0.0770300030708
3447	3448	0.0770300030708
3448	3447	0.0770300030708
3448	3449	0.0770300030708
3449	3448	0.0770300030708
3449	3450	0.0770300030708
3450	3449	0.0770300030708
3450	3451	0.0770300030708
3451	3450	0.0770300030708
3451	3452	0.0770300030708
3452	3451	0.0770300030708
3452	3453	0.0770300030708
3453	3452	0.0770300030708
3453	3454	0.0770300030708
3454	3453	0.0770300030708
3454	3455	0.0770300030708
3455	3454	0.0770300030708
3455	3456	0.0770300030708
3456	3455	0.0770300030708
3456	3457	0.0770300030708
3457	3456	0.0770300030708
3457	3458	0.0770300030708
3458	3457	0.0770300030708
3458	3459	0.0770300030708
3459	3458	0.0770300030708
3459	3460	0.0770300030708
3460	3459	0.0770300030708
3460	3461	0.0770300030708
3461	3460	0.0770300030708
3461	3462	0.0770300030708
3462	3461	0.0770300030708
3462	3463	0.0770300030708
3463	3462	0.0770300030708
3463	3464	0.0770300030708
3464	3463	0.0770300030708
3464	3465	0.0770300030708
3465	3464	0.0770300030708
3465	3466	0.0770300030708
3466	3465	0.0770300030708
3466	3467	0.0770300030708
3467	3466	0.0770300030708
3467	3468	0.0770300030708
3468	3467	0.0770300030708
3468	3469	0.0770300030708
3469	3468	0.0770300030708
3470	3419	0.0512580014765
3470	3471	0.0512580014765
3471	3470	0.0512580014765
3471	3472	0.0512580014765
3472	3471	0.0512580014765
3472	3473	0.0512580014765
3473	3472	0.0512580014765
3473	3474	0.0512580014765
3474	3473	0.0512580014765
3474	3475	0.0512580014765
3475	3474	0.0512580014765
3475	3476	0.0512580014765
3476	3475	0.0512580014765
3476	3477	0.0512580014765
3477	3476	0.0512580014765
3477	3478	0.0512580014765
3478	3477	0.0512580014765
3479	3396	0.163872003555
3479	3480	0.163872003555
3480	3479	0.163872003555
3480	3481	0.163872003555
3481	3480	0.163872003555
3481	3482	0.163872003555
3482	3481	0.163872003555
3482	3483	0.163872003555
3483	3482	0.163872003555
3483	3484	0.163872003555
3484	3483	0.163872003555
3484	3485	0.163872003555
3485	3484	0.163872003555
3485	3486	0.163872003555
3486	3485	0.163872003555
3486	3487	0.163872003555
3487	3486	0.163872003555
3487	3488	0.163872003555
3488	3487	0.163872003555
3488	3489	0.163872003555
3489	3488	0.163872003555
3489	3490	0.124697998166
3489	3710	0.135022997856
3490	3489	0.124697998166
3490	3491	0.124697998166
3491	3490	0.124697998166
3491	3492	0.124697998166
3492	3491	0.124697998166
3492	3493	0.124697998166
3493	3492	0.124697998166
3493	3494	0.124697998166
3494	3493	0.124697998166
3494	3495	0.124697998166
3495	3494	0.124697998166
3495	3496	0.124697998166
3496	3495	0.124697998166
3496	3497	0.124697998166
3497	3496	0.124697998166
3497	3498	0.124697998166
3498	3497	0.124697998166
3498	3499	0.124697998166
3499	3498	0.124697998166
3499	3500	0.124697998166
3500	3499	0.124697998166
3500	3501	0.118639498949
3500	3677	0.0645624995232
3501	3500	0.118639498949
3501	3502	0.118639498949
3502	3501	0.118639498949
3502	3503	0.118639498949
3503	3502	0.118639498949
3503	3504	0.118639498949
3504	3503	0.118639498949
3504	3505	0.118639498949
3505	3504	0.118639498949
3505	3506	0.118639498949
3506	3505	0.118639498949
3506	3507	0.118639498949
3507	3506	0.118639498949
3507	3508	0.118639498949
3508	3507	0.118639498949
3508	3509	0.118639498949
3509	3508	0.118639498949
3509	3510	0.118639498949
3510	3509	0.118639498949
3510	3511	0.118639498949
3511	3510	0.118639498949
3511	3512	0.118639498949
3512	3511	0.118639498949
3512	3513	0.118639498949
3513	3512	0.118639498949
3513	3514	0.118639498949
3514	3513	0.118639498949
3514	3515	0.118639498949
3515	3514	0.118639498949
3515	3516	0.118639498949
3516	3515	0.118639498949
3516	3517	0.118639498949
3517	3516	0.118639498949
3517	3518	0.118639498949
3518	3517	0.118639498949
3518	3519	0.118639498949
3519	3518	0.118639498949
3519	3520	0.118639498949
3520	3519	0.118639498949
3520	3521	0.118639498949
3521	3520	0.118639498949
3521	3522	0.118639498949
3522	3521	0.118639498949
3522	3523	0.100478999317
3522	3617	0.0868645012379
3523	3522	0.100478999317
3523	3524	0.100478999317
3524	3523	0.100478999317
3524	3525	0.100478999317
3525	3524	0.100478999317
3525	3526	0.100478999317
3526	3525	0.100478999317
3526	3527	0.100478999317
3527	3526	0.100478999317
3527	3528	0.100478999317
3528	3527	0.100478999317
3528	3529	0.100478999317
3529	3528	0.100478999317
3529	3530	0.100478999317
3530	3529	0.100478999317
3530	3531	0.100478999317
3531	3530	0.100478999317
3531	3532	0.100478999317
3532	3531	0.100478999317
3532	3533	0.100478999317
3533	3532	0.100478999317
3533	3534	0.100478999317
3534	3533	0.100478999317
3534	3535	0.100478999317
3535	3534	0.100478999317
3535	3536	0.100478999317
3536	3535	0.100478999317
3536	3537	0.100478999317
3537	3536	0.100478999317
3537	3538	0.100478999317
3538	3537	0.100478999317
3538	3539	0.100478999317
3539	3538	0.100478999317
3539	3540	0.100478999317
3540	3539	0.100478999317
3540	3541	0.100478999317
3541	3540	0.100478999317
3541	3542	0.100478999317
3542	3541	0.100478999317
3542	3543	0.100478999317
3543	3542	0.100478999317
3543	3544	0.100478999317
3544	3543	0.100478999317
3544	3545	0.100478999317
3545	3544	0.100478999317
3545	3546	0.100478999317
3546	3545	0.100478999317
3546	3547	0.100478999317
3547	3546	0.100478999317
3547	3548	0.100478999317
3548	3547	0.100478999317
3548	3549	0.100478999317
3549	3548	0.100478999317
3549	3550	0.100478999317
3550	3549	0.100478999317
3550	3551	0.100478999317
3551	3550	0.100478999317
3551	3552	0.100478999317
3552	3551	0.100478999317
3552	3553	0.100478999317
3553	3552	0.100478999317
3553	3554	0.100478999317
3554	3553	0.100478999317
3554	3555	0.100478999317
3555	3554	0.100478999317
3555	3556	0.100478999317
3556	3555	0.100478999317
3556	3557	0.100478999317
3557	3556	0.100478999317
3557	3558	0.100478999317
3558	3557	0.100478999317
3558	3559	0.100478999317
3559	3558	0.100478999317
3559	3560	0.100478999317
3560	3559	0.100478999317
3560	3561	0.100478999317
3561	3560	0.100478999317
3561	3562	0.100478999317
3562	3561	0.100478999317
3562	3563	0.100478999317
3563	3562	0.100478999317
3563	3564	0.100478999317
3564	3563	0.100478999317
3564	3565	0.100478999317
3565	3564	0.100478999317
3565	3566	0.0768140032887
3565	3588	0.0824854969978
3566	3565	0.0768140032887
3566	3567	0.0768140032887
3567	3566	0.0768140032887
3567	3568	0.0768140032887
3568	3567	0.0768140032887
3568	3569	0.0768140032887
3569	3568	0.0768140032887
3569	3570	0.0768140032887
3570	3569	0.0768140032887
3570	3571	0.0768140032887
3571	3570	0.0768140032887
3571	3572	0.0768140032887
3572	3571	0.0768140032887
3572	3573	0.0768140032887
3573	3572	0.0768140032887
3573	3574	0.0768140032887
3574	3573	0.0768140032887
3574	3575	0.0768140032887
3575	3574	0.0768140032887
3575	3576	0.0768140032887
3576	3575	0.0768140032887
3576	3577	0.0768140032887
3577	3576	0.0768140032887
3577	3578	0.0768140032887
3578	3577	0.0768140032887
3578	3579	0.0768140032887
3579	3578	0.0768140032887
3579	3580	0.0768140032887
3580	3579	0.0768140032887
3580	3581	0.0768140032887
3581	3580	0.0768140032887
3581	3582	0.0768140032887
3582	3581	0.0768140032887
3582	3583	0.0768140032887
3583	3582	0.0768140032887
3583	3584	0.0768140032887
3584	3583	0.0768140032887
3584	3585	0.0768140032887
3585	3584	0.0768140032887
3585	3586	0.0768140032887
3586	3585	0.0768140032887
3586	3587	0.0768140032887
3587	3586	0.0768140032887
3588	3565	0.0824854969978
3588	3589	0.0824854969978
3589	3588	0.0824854969978
3589	3590	0.0824854969978
3590	3589	0.0824854969978
3590	3591	0.0824854969978
3591	3590	0.0824854969978
3591	3592	0.0824854969978
3592	3591	0.0824854969978
3592	3593	0.0824854969978
3593	3592	0.0824854969978
3593	3594	0.0824854969978
3594	3593	0.0824854969978
3594	3595	0.0824854969978
3595	3594	0.0824854969978
3595	3596	0.0824854969978
3596	3595	0.0824854969978
3596	3597	0.0824854969978
3597	3596	0.0824854969978
3597	3598	0.0824854969978
3598	3597	0.0824854969978
3598	3599	0.0824854969978
3599	3598	0.0824854969978
3599	3600	0.0824854969978
3600	3599	0.0824854969978
3600	3601	0.0824854969978
3601	3600	0.0824854969978
3601	3602	0.0824854969978
3602	3601	0.0824854969978
3602	3603	0.0824854969978
3603	3602	0.0824854969978
3603	3604	0.0824854969978
3604	3603	0.0824854969978
3604	3605	0.0824854969978
3605	3604	0.0824854969978
3605	3606	0.0824854969978
3606	3605	0.0824854969978
3606	3607	0.0824854969978
3607	3606	0.0824854969978
3607	3608	0.0824854969978
3608	3607	0.0824854969978
3608	3609	0.0824854969978
3609	3608	0.0824854969978
3609	3610	0.0824854969978
3610	3609	0.0824854969978
3610	3611	0.0824854969978
3611	3610	0.0824854969978
3611	3612	0.0824854969978
3612	3611	0.0824854969978
3612	3613	0.0824854969978
3613	3612	0.0824854969978
3613	3614	0.0824854969978
3614	3613	0.0824854969978
3614	3615	0.0824854969978
3615	3614	0.0824854969978
3615	3616	0.0824854969978
3616	3615	0.0824854969978
3617	3522	0.0868645012379
3617	3618	0.0868645012379
3618	3617	0.0868645012379
3618	3619	0.0868645012379
3619	3618	0.0868645012379
3619	3620	0.0868645012379
3620	3619	0.0868645012379
3620	3621	0.0868645012379
3621	3620	0.0868645012379
3621	3622	0.0868645012379
3622	3621	0.0868645012379
3622	3623	0.0868645012379
3623	3622	0.0868645012379
3623	3624	0.0868645012379
3624	3623	0.0868645012379
3624	3625	0.0868645012379
3625	3624	0.0868645012379
3625	3626	0.0868645012379
3626	3625	0.0868645012379
3626	3627	0.0721620023251
3626	3657	0.0653949975967
3627	3626	0.0721620023251
3627	3628	0.0721620023251
3628	3627	0.0721620023251
3628	3629	0.0721620023251
3629	3628	0.0721620023251
3629	3630	0.0721620023251
3630	3629	0.0721620023251
3630	3631	0.0721620023251
3631	3630	0.0721620023251
3631	3632	0.0721620023251
3632	3631	0.0721620023251
3632	3633	0.0721620023251
3633	3632	0.0721620023251
3633	3634	0.0721620023251
3634	3633	0.0721620023251
3634	3635	0.0721620023251
3635	3634	0.0721620023251
3635	3636	0.0721620023251
3636	3635	0.0721620023251
3636	3637	0.0721620023251
3637	3636	0.0721620023251
3637	3638	0.0721620023251
3638	3637	0.0721620023251
3638	3639	0.0721620023251
3639	3638	0.0721620023251
3639	3640	0.0721620023251
3640	3639	0.0721620023251
3640	3641	0.0721620023251
3641	3640	0.0721620023251
3641	3642	0.0721620023251
3642	3641	0.0721620023251
3642	3643	0.0721620023251
3643	3642	0.0721620023251
3643	3644	0.0721620023251
3644	3643	0.0721620023251
3644	3645	0.0721620023251
3645	3644	0.0721620023251
3645	3646	0.0721620023251
3646	3645	0.0721620023251
3646	3647	0.0721620023251
3647	3646	0.0721620023251
3647	3648	0.0721620023251
3648	3647	0.0721620023251
3648	3649	0.0721620023251
3649	3648	0.0721620023251
3649	3650	0.0721620023251
3650	3649	0.0721620023251
3650	3651	0.0721620023251
3651	3650	0.0721620023251
3651	3652	0.0721620023251
3652	3651	0.0721620023251
3652	3653	0.0721620023251
3653	3652	0.0721620023251
3653	3654	0.0721620023251
3654	3653	0.0721620023251
3654	3655	0.0721620023251
3655	3654	0.0721620023251
3655	3656	0.0721620023251
3656	3655	0.0721620023251
3657	3626	0.0653949975967
3657	3658	0.0653949975967
3658	3657	0.0653949975967
3658	3659	0.0653949975967
3659	3658	0.0653949975967
3659	3660	0.0653949975967
3660	3659	0.0653949975967
3660	3661	0.0653949975967
3661	3660	0.0653949975967
3661	3662	0.0653949975967
3662	3661	0.0653949975967
3662	3663	0.0653949975967
3663	3662	0.0653949975967
3663	3664	0.0653949975967
3664	3663	0.0653949975967
3664	3665	0.0653949975967
3665	3664	0.0653949975967
3665	3666	0.0653949975967
3666	3665	0.0653949975967
3666	3667	0.0653949975967
3667	3666	0.0653949975967
3667	3668	0.0653949975967
3668	3667	0.0653949975967
3668	3669	0.0653949975967
3669	3668	0.0653949975967
3669	3670	0.0653949975967
3670	3669	0.0653949975967
3670	3671	0.0653949975967
3671	3670	0.0653949975967
3671	3672	0.0653949975967
3672	3671	0.0653949975967
3672	3673	0.0653949975967
3673	3672	0.0653949975967
3673	3674	0.0653949975967
3674	3673	0.0653949975967
3674	3675	0.0653949975967
3675	3674	0.0653949975967
3675	3676	0.0653949975967
3676	3675	0.0653949975967
3677	3500	0.0645624995232
3677	3678	0.0645624995232
3678	3677	0.0645624995232
3678	3679	0.0645624995232
3679	3678	0.0645624995232
3679	3680	0.0645624995232
3680	3679	0.0645624995232
3680	3681	0.0645624995232
3681	3680	0.0645624995232
3681	3682	0.0645624995232
3682	3681	0.0645624995232
3682	3683	0.0645624995232
3683	3682	0.0645624995232
3683	3684	0.0645624995232
3684	3683	0.0645624995232
3684	3685	0.0645624995232
3685	3684	0.0645624995232
3685	3686	0.0645624995232
3686	3685	0.0645624995232
3686	3687	0.0645624995232
3687	3686	0.0645624995232
3687	3688	0.0645624995232
3688	3687	0.0645624995232
3688	3689	0.0645624995232
3689	3688	0.0645624995232
3689	3690	0.0645624995232
3690	3689	0.0645624995232
3690	3691	0.0645624995232
3691	3690	0.0645624995232
3691	3692	0.0645624995232
3692	3691	0.0645624995232
3692	3693	0.0645624995232
3693	3692	0.0645624995232
3693	3694	0.0645624995232
3694	3693	0.0645624995232
3694	3695	0.0645624995232
3695	3694	0.0645624995232
3695	3696	0.0645624995232
3696	3695	0.0645624995232
3696	3697	0.0645624995232
3697	3696	0.0645624995232
3697	3698	0.0645624995232
3698	3697	0.0645624995232
3698	3699	0.0645624995232
3699	3698	0.0645624995232
3699	3700	0.0645624995232
3700	3699	0.0645624995232
3700	3701	0.0645624995232
3701	3700	0.0645624995232
3701	3702	0.0645624995232
3702	3701	0.0645624995232
3702	3703	0.0645624995232
3703	3702	0.0645624995232
3703	3704	0.0645624995232
3704	3703	0.0645624995232
3704	3705	0.0645624995232
3705	3704	0.0645624995232
3705	3706	0.0645624995232
3706	3705	0.0645624995232
3706	3707	0.0645624995232
3707	3706	0.0645624995232
3707	3708	0.0645624995232
3708	3707	0.0645624995232
3708	3709	0.0645624995232
3709	3708	0.0645624995232
3710	3489	0.135022997856
3710	3711	0.135022997856
3711	3710	0.135022997856
3711	3712	0.135022997856
3712	3711	0.135022997856
3712	3713	0.135022997856
3713	3712	0.135022997856
3713	3714	0.135022997856
3714	3713	0.135022997856
3714	3715	0.135022997856
3715	3714	0.135022997856
3715	3716	0.135022997856
3716	3715	0.135022997856
3716	3717	0.135022997856
3717	3716	0.135022997856
3717	3718	0.135022997856
3718	3717	0.135022997856
3718	3719	0.135022997856
3719	3718	0.135022997856
3719	3720	0.135022997856
3720	3719	0.135022997856
3720	3721	0.135022997856
3721	3720	0.135022997856
3721	3722	0.135022997856
3722	3721	0.135022997856
3722	3723	0.135022997856
3723	3722	0.135022997856
3723	3724	0.135022997856
3724	3723	0.135022997856
3724	3725	0.135022997856
3725	3724	0.135022997856
3725	3726	0.135022997856
3726	3725	0.135022997856
3726	3727	0.135022997856
3727	3726	0.135022997856
3727	3728	0.130747497082
3727	3949	0.0609565004706
3728	3727	0.130747497082
3728	3729	0.130747497082
3729	3728	0.130747497082
3729	3730	0.130747497082
3730	3729	0.130747497082
3730	3731	0.130747497082
3731	3730	0.130747497082
3731	3732	0.130747497082
3732	3731	0.130747497082
3732	3733	0.130747497082
3733	3732	0.130747497082
3733	3734	0.130747497082
3734	3733	0.130747497082
3734	3735	0.130747497082
3735	3734	0.130747497082
3735	3736	0.130747497082
3736	3735	0.130747497082
3736	3737	0.130747497082
3737	3736	0.130747497082
3737	3738	0.130747497082
3738	3737	0.130747497082
3738	3739	0.130747497082
3739	3738	0.130747497082
3739	3740	0.130747497082
3740	3739	0.130747497082
3740	3741	0.130747497082
3741	3740	0.130747497082
3741	3742	0.130747497082
3742	3741	0.130747497082
3742	3743	0.130747497082
3743	3742	0.130747497082
3743	3744	0.130747497082
3744	3743	0.130747497082
3744	3745	0.130747497082
3745	3744	0.130747497082
3745	3746	0.1133774966
3745	3879	0.0919615030289
3746	3745	0.1133774966
3746	3747	0.1133774966
3747	3746	0.1133774966
3747	3748	0.093678496778
3747	3818	0.0859669968486
3748	3747	0.093678496778
3748	3749	0.093678496778
3749	3748	0.093678496778
3749	3750	0.093678496778
3750	3749	0.093678496778
3750	3751	0.093678496778
3751	3750	0.093678496778
3751	3752	0.093678496778
3752	3751	0.093678496778
3752	3753	0.093678496778
3753	3752	0.093678496778
3753	3754	0.093678496778
3754	3753	0.093678496778
3754	3755	0.093678496778
3755	3754	0.093678496778
3755	3756	0.093678496778
3756	3755	0.093678496778
3756	3757	0.093678496778
3757	3756	0.093678496778
3757	3758	0.093678496778
3758	3757	0.093678496778
3758	3759	0.093678496778
3759	3758	0.093678496778
3759	3760	0.093678496778
3760	3759	0.093678496778
3760	3761	0.093678496778
3761	3760	0.093678496778
3761	3762	0.093678496778
3762	3761	0.093678496778
3762	3763	0.093678496778
3763	3762	0.093678496778
3763	3764	0.093678496778
3764	3763	0.093678496778
3764	3765	0.093678496778
3765	3764	0.093678496778
3765	3766	0.093678496778
3766	3765	0.093678496778
3766	3767	0.093678496778
3767	3766	0.093678496778
3767	3768	0.0757654979825
3767	3795	0.0728835016489
3768	3767	0.0757654979825
3768	3769	0.0757654979825
3769	3768	0.0757654979825
3769	3770	0.0757654979825
3770	3769	0.0757654979825
3770	3771	0.0757654979825
3771	3770	0.0757654979825
3771	3772	0.0757654979825
3772	3771	0.0757654979825
3772	3773	0.0757654979825
3773	3772	0.0757654979825
3773	3774	0.0757654979825
3774	3773	0.0757654979825
3774	3775	0.0757654979825
3775	3774	0.0757654979825
3775	3776	0.0757654979825
3776	3775	0.0757654979825
3776	3777	0.0757654979825
3777	3776	0.0757654979825
3777	3778	0.0757654979825
3778	3777	0.0757654979825
3778	3779	0.0757654979825
3779	3778	0.0757654979825
3779	3780	0.0757654979825
3780	3779	0.0757654979825
3780	3781	0.0757654979825
3781	3780	0.0757654979825
3781	3782	0.0757654979825
3782	3781	0.0757654979825
3782	3783	0.0757654979825
3783	3782	0.0757654979825
3783	3784	0.0757654979825
3784	3783	0.0757654979825
3784	3785	0.0757654979825
3785	3784	0.0757654979825
3785	3786	0.0757654979825
3786	3785	0.0757654979825
3786	3787	0.0757654979825
3787	3786	0.0757654979825
3787	3788	0.0757654979825
3788	3787	0.0757654979825
3788	3789	0.0757654979825
3789	3788	0.0757654979825
3789	3790	0.0757654979825
3790	3789	0.0757654979825
3790	3791	0.0757654979825
3791	3790	0.0757654979825
3791	3792	0.0757654979825
3792	3791	0.0757654979825
3792	3793	0.0757654979825
3793	3792	0.0757654979825
3793	3794	0.0757654979825
3794	3793	0.0757654979825
3795	3767	0.0728835016489
3795	3796	0.0728835016489
3796	3795	0.0728835016489
3796	3797	0.0728835016489
3797	3796	0.0728835016489
3797	3798	0.0728835016489
3798	3797	0.0728835016489
3798	3799	0.0728835016489
3799	3798	0.0728835016489
3799	3800	0.0728835016489
3800	3799	0.0728835016489
3800	3801	0.0728835016489
3801	3800	0.0728835016489
3801	3802	0.0728835016489
3802	3801	0.0728835016489
3802	3803	0.0728835016489
3803	3802	0.0728835016489
3803	3804	0.0728835016489
3804	3803	0.0728835016489
3804	3805	0.0728835016489
3805	3804	0.0728835016489
3805	3806	0.0728835016489
3806	3805	0.0728835016489
3806	3807	0.0728835016489
3807	3806	0.0728835016489
3807	3808	0.0728835016489
3808	3807	0.0728835016489
3808	3809	0.0728835016489
3809	3808	0.0728835016489
3809	3810	0.0728835016489
3810	3809	0.0728835016489
3810	3811	0.0728835016489
3811	3810	0.0728835016489
3811	3812	0.0728835016489
3812	3811	0.0728835016489
3812	3813	0.0728835016489
3813	3812	0.0728835016489
3813	3814	0.0728835016489
3814	3813	0.0728835016489
3814	3815	0.0728835016489
3815	3814	0.0728835016489
3815	3816	0.0728835016489
3816	3815	0.0728835016489
3816	3817	0.0728835016489
3817	3816	0.0728835016489
3818	3747	0.0859669968486
3818	3819	0.0859669968486
3819	3818	0.0859669968486
3819	3820	0.0859669968486
3820	3819	0.0859669968486
3820	3821	0.0859669968486
3821	3820	0.0859669968486
3821	3822	0.0859669968486
3822	3821	0.0859669968486
3822	3823	0.0454580001533
3822	3828	0.0815019980073
3823	3822	0.0454580001533
3823	3824	0.0454580001533
3824	3823	0.0454580001533
3824	3825	0.0454580001533
3825	3824	0.0454580001533
3825	3826	0.0454580001533
3826	3825	0.0454580001533
3826	3827	0.0454580001533
3827	3826	0.0454580001533
3828	3822	0.0815019980073
3828	3829	0.0815019980073
3829	3828	0.0815019980073
3829	3830	0.0815019980073
3830	3829	0.0815019980073
3830	3831	0.0815019980073
3831	3830	0.0815019980073
3831	3832	0.0815019980073
3832	3831	0.0815019980073
3832	3833	0.0815019980073
3833	3832	0.0815019980073
3833	3834	0.0815019980073
3834	3833	0.0815019980073
3834	3835	0.0815019980073
3835	3834	0.0815019980073
3835	3836	0.0815019980073
3836	3835	0.0815019980073
3836	3837	0.0815019980073
3837	3836	0.0815019980073
3837	3838	0.0815019980073
3838	3837	0.0815019980073
3838	3839	0.0815019980073
3839	3838	0.0815019980073
3839	3840	0.0815019980073
3840	3839	0.0815019980073
3840	3841	0.0815019980073
3841	3840	0.0815019980073
3841	3842	0.0815019980073
3842	3841	0.0815019980073
3842	3843	0.0815019980073
3843	3842	0.0815019980073
3843	3844	0.0815019980073
3844	3843	0.0815019980073
3844	3845	0.0815019980073
3845	3844	0.0815019980073
3845	3846	0.0815019980073
3846	3845	0.0815019980073
3846	3847	0.0815019980073
3847	3846	0.0815019980073
3847	3848	0.0815019980073
3848	3847	0.0815019980073
3848	3849	0.0815019980073
3849	3848	0.0815019980073
3849	3850	0.0815019980073
3850	3849	0.0815019980073
3850	3851	0.0815019980073
3851	3850	0.0815019980073
3851	3852	0.0815019980073
3852	3851	0.0815019980073
3852	3853	0.0815019980073
3853	3852	0.0815019980073
3853	3854	0.0815019980073
3854	3853	0.0815019980073
3854	3855	0.0815019980073
3855	3854	0.0815019980073
3855	3856	0.0815019980073
3856	3855	0.0815019980073
3856	3857	0.0815019980073
3857	3856	0.0815019980073
3857	3858	0.0815019980073
3858	3857	0.0815019980073
3858	3859	0.0815019980073
3859	3858	0.0815019980073
3859	3860	0.0815019980073
3860	3859	0.0815019980073
3860	3861	0.0815019980073
3861	3860	0.0815019980073
3861	3862	0.0815019980073
3862	3861	0.0815019980073
3862	3863	0.0815019980073
3863	3862	0.0815019980073
3863	3864	0.0815019980073
3864	3863	0.0815019980073
3864	3865	0.0815019980073
3865	3864	0.0815019980073
3865	3866	0.0815019980073
3866	3865	0.0815019980073
3866	3867	0.0815019980073
3867	3866	0.0815019980073
3867	3868	0.0815019980073
3868	3867	0.0815019980073
3868	3869	0.0815019980073
3869	3868	0.0815019980073
3869	3870	0.0815019980073
3870	3869	0.0815019980073
3870	3871	0.0815019980073
3871	3870	0.0815019980073
3871	3872	0.0815019980073
3872	3871	0.0815019980073
3872	3873	0.0815019980073
3873	3872	0.0815019980073
3873	3874	0.0815019980073
3874	3873	0.0815019980073
3874	3875	0.0815019980073
3875	3874	0.0815019980073
3875	3876	0.0815019980073
3876	3875	0.0815019980073
3876	3877	0.0815019980073
3877	3876	0.0815019980073
3877	3878	0.0815019980073
3878	3877	0.0815019980073
3879	3745	0.0919615030289
3879	3880	0.0919615030289
3880	3879	0.0919615030289
3880	3881	0.0919615030289
3881	3880	0.0919615030289
3881	3882	0.0919615030289
3882	3881	0.0919615030289
3882	3883	0.0919615030289
3883	3882	0.0919615030289
3883	3884	0.0919615030289
3884	3883	0.0919615030289
3884	3885	0.0919615030289
3885	3884	0.0919615030289
3885	3886	0.0919615030289
3886	3885	0.0919615030289
3886	3887	0.0919615030289
3887	3886	0.0919615030289
3887	3888	0.0919615030289
3888	3887	0.0919615030289
3888	3889	0.0919615030289
3889	3888	0.0919615030289
3889	3890	0.0919615030289
3890	3889	0.0919615030289
3890	3891	0.0919615030289
3891	3890	0.0919615030289
3891	3892	0.0919615030289
3892	3891	0.0919615030289
3892	3893	0.0724914968014
3892	3920	0.0734815001488
3893	3892	0.0724914968014
3893	3894	0.0724914968014
3894	3893	0.0724914968014
3894	3895	0.0724914968014
3895	3894	0.0724914968014
3895	3896	0.0724914968014
3896	3895	0.0724914968014
3896	3897	0.0724914968014
3897	3896	0.0724914968014
3897	3898	0.0724914968014
3898	3897	0.0724914968014
3898	3899	0.0724914968014
3899	3898	0.0724914968014
3899	3900	0.0724914968014
3900	3899	0.0724914968014
3900	3901	0.0724914968014
3901	3900	0.0724914968014
3901	3902	0.0724914968014
3902	3901	0.0724914968014
3902	3903	0.0724914968014
3903	3902	0.0724914968014
3903	3904	0.0724914968014
3904	3903	0.0724914968014
3904	3905	0.0724914968014
3905	3904	0.0724914968014
3905	3906	0.0724914968014
3906	3905	0.0724914968014
3906	3907	0.0724914968014
3907	3906	0.0724914968014
3907	3908	0.0724914968014
3908	3907	0.0724914968014
3908	3909	0.0724914968014
3909	3908	0.0724914968014
3909	3910	0.0724914968014
3910	3909	0.0724914968014
3910	3911	0.0724914968014
3911	3910	0.0724914968014
3911	3912	0.0724914968014
3912	3911	0.0724914968014
3912	3913	0.0724914968014
3913	3912	0.0724914968014
3913	3914	0.0724914968014
3914	3913	0.0724914968014
3914	3915	0.0724914968014
3915	3914	0.0724914968014
3915	3916	0.0724914968014
3916	3915	0.0724914968014
3916	3917	0.0724914968014
3917	3916	0.0724914968014
3917	3918	0.0724914968014
3918	3917	0.0724914968014
3918	3919	0.0724914968014
3919	3918	0.0724914968014
3920	3892	0.0734815001488
3920	3921	0.0734815001488
3921	3920	0.0734815001488
3921	3922	0.0734815001488
3922	3921	0.0734815001488
3922	3923	0.0734815001488
3923	3922	0.0734815001488
3923	3924	0.0734815001488
3924	3923	0.0734815001488
3924	3925	0.0734815001488
3925	3924	0.0734815001488
3925	3926	0.0734815001488
3926	3925	0.0734815001488
3926	3927	0.0734815001488
3927	3926	0.0734815001488
3927	3928	0.0734815001488
3928	3927	0.0734815001488
3928	3929	0.0734815001488
3929	3928	0.0734815001488
3929	3930	0.0734815001488
3930	3929	0.0734815001488
3930	3931	0.0734815001488
3931	3930	0.0734815001488
3931	3932	0.0734815001488
3932	3931	0.0734815001488
3932	3933	0.0734815001488
3933	3932	0.0734815001488
3933	3934	0.0734815001488
3934	3933	0.0734815001488
3934	3935	0.0734815001488
3935	3934	0.0734815001488
3935	3936	0.0734815001488
3936	3935	0.0734815001488
3936	3937	0.0734815001488
3937	3936	0.0734815001488
3937	3938	0.0734815001488
3938	3937	0.0734815001488
3938	3939	0.0734815001488
3939	3938	0.0734815001488
3939	3940	0.0734815001488
3940	3939	0.0734815001488
3940	3941	0.0734815001488
3941	3940	0.0734815001488
3941	3942	0.0734815001488
3942	3941	0.0734815001488
3942	3943	0.0734815001488
3943	3942	0.0734815001488
3943	3944	0.0734815001488
3944	3943	0.0734815001488
3944	3945	0.0734815001488
3945	3944	0.0734815001488
3945	3946	0.0734815001488
3946	3945	0.0734815001488
3946	3947	0.0734815001488
3947	3946	0.0734815001488
3947	3948	0.0734815001488
3948	3947	0.0734815001488
3949	3727	0.0609565004706
3949	3950	0.0609565004706
3950	3949	0.0609565004706
3950	3951	0.0609565004706
3951	3950	0.0609565004706
3951	3952	0.0609565004706
3952	3951	0.0609565004706
3952	3953	0.0609565004706
3953	3952	0.0609565004706
3953	3954	0.0609565004706
3954	3953	0.0609565004706
3954	3955	0.0609565004706
3955	3954	0.0609565004706
3955	3956	0.0609565004706
3956	3955	0.0609565004706
3956	3957	0.0609565004706
3957	3956	0.0609565004706
3957	3958	0.0609565004706
3958	3957	0.0609565004706
3958	3959	0.0609565004706
3959	3958	0.0609565004706
3959	3960	0.0609565004706
3960	3959	0.0609565004706
3960	3961	0.0609565004706
3961	3960	0.0609565004706
3961	3962	0.0609565004706
3962	3961	0.0609565004706
3962	3963	0.0609565004706
3963	3962	0.0609565004706
3963	3964	0.0609565004706
3964	3963	0.0609565004706
3964	3965	0.0609565004706
3965	3964	0.0609565004706
3965	3966	0.0609565004706
3966	3965	0.0609565004706
3966	3967	0.0609565004706
3967	3966	0.0609565004706
3967	3968	0.0609565004706
3968	3967	0.0609565004706
3968	3969	0.0609565004706
3969	3968	0.0609565004706
3969	3970	0.0609565004706
3970	3969	0.0609565004706
3970	3971	0.0609565004706
3971	3970	0.0609565004706
3971	3972	0.0609565004706
3972	3971	0.0609565004706
3973	3388	0.048110999167
3973	3974	0.048110999167
3974	3973	0.048110999167
3974	3975	0.048110999167
3975	3974	0.048110999167
3975	3976	0.048110999167
3976	3975	0.048110999167
3976	3977	0.048110999167
3977	3976	0.048110999167
3977	3978	0.048110999167
3978	3977	0.048110999167
3978	3979	0.048110999167
3979	3978	0.048110999167
3979	3980	0.048110999167
3980	3979	0.048110999167
3980	3981	0.048110999167
3981	3980	0.048110999167
3981	3982	0.048110999167
3982	3981	0.048110999167
3982	3983	0.048110999167
3983	3982	0.048110999167
3983	3984	0.048110999167
3984	3983	0.048110999167
3984	3985	0.048110999167
3985	3984	0.048110999167
3986	3358	0.0951144993305
3986	3987	0.0951144993305
3987	3986	0.0951144993305
3987	3988	0.0951144993305
3988	3987	0.0951144993305
3988	3989	0.0951144993305
3989	3988	0.0951144993305
3989	3990	0.0951144993305
3990	3989	0.0951144993305
3990	3991	0.0951144993305
3991	3990	0.0951144993305
3991	3992	0.0951144993305
3992	3991	0.0951144993305
3992	3993	0.0951144993305
3993	3992	0.0951144993305
3993	3994	0.0951144993305
3994	3993	0.0951144993305
3994	3995	0.0951144993305
3995	3994	0.0951144993305
3995	3996	0.0951144993305
3996	3995	0.0951144993305
3996	3997	0.0951144993305
3997	3996	0.0951144993305
3997	3998	0.0951144993305
3998	3997	0.0951144993305
3998	3999	0.0951144993305
3999	3998	0.0951144993305
3999	4000	0.0951144993305
4000	3999	0.0951144993305
4000	4001	0.0951144993305
4001	4000	0.0951144993305
4001	4002	0.0951144993305
4002	4001	0.0951144993305
4002	4003	0.0951144993305
4003	4002	0.0951144993305
4003	4004	0.0951144993305
4004	4003	0.0951144993305
4004	4005	0.0951144993305
4005	4004	0.0951144993305
4005	4006	0.0951144993305
4006	4005	0.0951144993305
4006	4007	0.0951144993305
4007	4006	0.0951144993305
4007	4008	0.0951144993305
4008	4007	0.0951144993305
4008	4009	0.0951144993305
4009	4008	0.0951144993305
4009	4010	0.0951144993305
4010	4009	0.0951144993305
4010	4011	0.0951144993305
4011	4010	0.0951144993305
4011	4012	0.0458545014262
4011	4021	0.0914205014706
4012	4011	0.0458545014262
4012	4013	0.0458545014262
4013	4012	0.0458545014262
4013	4014	0.0458545014262
4014	4013	0.0458545014262
4014	4015	0.0458545014262
4015	4014	0.0458545014262
4015	4016	0.0458545014262
4016	4015	0.0458545014262
4016	4017	0.0458545014262
4017	4016	0.0458545014262
4017	4018	0.0458545014262
4018	4017	0.0458545014262
4018	4019	0.0458545014262
4019	4018	0.0458545014262
4019	4020	0.0458545014262
4020	4019	0.0458545014262
4021	4011	0.0914205014706
4021	4022	0.0914205014706
4022	4021	0.0914205014706
4022	4023	0.0914205014706
4023	4022	0.0914205014706
4023	4024	0.0914205014706
4024	4023	0.0914205014706
4024	4025	0.0914205014706
4025	4024	0.0914205014706
4025	4026	0.0914205014706
4026	4025	0.0914205014706
4026	4027	0.0914205014706
4027	4026	0.0914205014706
4027	4028	0.0914205014706
4028	4027	0.0914205014706
4028	4029	0.0914205014706
4029	4028	0.0914205014706
4029	4030	0.0914205014706
4030	4029	0.0914205014706
4030	4031	0.0914205014706
4031	4030	0.0914205014706
4031	4032	0.0914205014706
4032	4031	0.0914205014706
4032	4033	0.0914205014706
4033	4032	0.0914205014706
4033	4034	0.0914205014706
4034	4033	0.0914205014706
4034	4035	0.0914205014706
4035	4034	0.0914205014706
4035	4036	0.0914205014706
4036	4035	0.0914205014706
4036	4037	0.0914205014706
4037	4036	0.0914205014706
4037	4038	0.0914205014706
4038	4037	0.0914205014706
4038	4039	0.0914205014706
4039	4038	0.0914205014706
4039	4040	0.0914205014706
4040	4039	0.0914205014706
4040	4041	0.0914205014706
4041	4040	0.0914205014706
4041	4042	0.0914205014706
4042	4041	0.0914205014706
4042	4043	0.0914205014706
4043	4042	0.0914205014706
4043	4044	0.0914205014706
4044	4043	0.0914205014706
4044	4045	0.0914205014706
4045	4044	0.0914205014706
4045	4046	0.0914205014706
4046	4045	0.0914205014706
4046	4047	0.0914205014706
4047	4046	0.0914205014706
4047	4048	0.0914205014706
4048	4047	0.0914205014706
4048	4049	0.0914205014706
4049	4048	0.0914205014706
4049	4050	0.0914205014706
4050	4049	0.0914205014706
4050	4051	0.0914205014706
4051	4050	0.0914205014706
4051	4052	0.0597070008516
4051	4066	0.0819924995303
4052	4051	0.0597070008516
4052	4053	0.0597070008516
4053	4052	0.0597070008516
4053	4054	0.0597070008516
4054	4053	0.0597070008516
4054	4055	0.0597070008516
4055	4054	0.0597070008516
4055	4056	0.0597070008516
4056	4055	0.0597070008516
4056	4057	0.0597070008516
4057	4056	0.0597070008516
4057	4058	0.0597070008516
4058	4057	0.0597070008516
4058	4059	0.0597070008516
4059	4058	0.0597070008516
4059	4060	0.0597070008516
4060	4059	0.0597070008516
4060	4061	0.0597070008516
4061	4060	0.0597070008516
4061	4062	0.0597070008516
4062	4061	0.0597070008516
4062	4063	0.0597070008516
4063	4062	0.0597070008516
4063	4064	0.0597070008516
4064	4063	0.0597070008516
4064	4065	0.0597070008516
4065	4064	0.0597070008516
4066	4051	0.0819924995303
4066	4067	0.0819924995303
4067	4066	0.0819924995303
4067	4068	0.0819924995303
4068	4067	0.0819924995303
4068	4069	0.0819924995303
4069	4068	0.0819924995303
4069	4070	0.0819924995303
4070	4069	0.0819924995303
4070	4071	0.0819924995303
4071	4070	0.0819924995303
4071	4072	0.0819924995303
4072	4071	0.0819924995303
4072	4073	0.0819924995303
4073	4072	0.0819924995303
4073	4074	0.0819924995303
4074	4073	0.0819924995303
4074	4075	0.0819924995303
4075	4074	0.0819924995303
4075	4076	0.0819924995303
4076	4075	0.0819924995303
4076	4077	0.0819924995303
4077	4076	0.0819924995303
4077	4078	0.0819924995303
4078	4077	0.0819924995303
4078	4079	0.0819924995303
4079	4078	0.0819924995303
4079	4080	0.0819924995303
4080	4079	0.0819924995303
4080	4081	0.0819924995303
4081	4080	0.0819924995303
4081	4082	0.0819924995303
4082	4081	0.0819924995303
4082	4083	0.0819924995303
4083	4082	0.0819924995303
4083	4084	0.0819924995303
4084	4083	0.0819924995303
4084	4085	0.0819924995303
4085	4084	0.0819924995303
4085	4086	0.0819924995303
4086	4085	0.0819924995303
4086	4087	0.0819924995303
4087	4086	0.0819924995303
4087	4088	0.0819924995303
4088	4087	0.0819924995303
4088	4089	0.0819924995303
4089	4088	0.0819924995303
4089	4090	0.0819924995303
4090	4089	0.0819924995303
4090	4091	0.0819924995303
4091	4090	0.0819924995303
4091	4092	0.0819924995303
4092	4091	0.0819924995303
4092	4093	0.0819924995303
4093	4092	0.0819924995303
4093	4094	0.0819924995303
4094	4093	0.0819924995303
4094	4095	0.0819924995303
4095	4094	0.0819924995303
4095	4096	0.0819924995303
4096	4095	0.0819924995303
4096	4097	0.0819924995303
4097	4096	0.0819924995303
4097	4098	0.0819924995303
4098	4097	0.0819924995303
4098	4099	0.0819924995303
4099	4098	0.0819924995303
4099	4100	0.0819924995303
4100	4099	0.0819924995303
4100	4101	0.0819924995303
4101	4100	0.0819924995303
4101	4102	0.0819924995303
4102	4101	0.0819924995303
4102	4103	0.0819924995303
4103	4102	0.0819924995303
4103	4104	0.0819924995303
4104	4103	0.0819924995303
4104	4105	0.0819924995303
4105	4104	0.0819924995303
4105	4106	0.0819924995303
4106	4105	0.0819924995303
4106	4107	0.0819924995303
4107	4106	0.0819924995303
4107	4108	0.0819924995303
4108	4107	0.0819924995303
4108	4109	0.0819924995303
4109	4108	0.0819924995303
4109	4110	0.0819924995303
4110	4109	0.0819924995303
4110	4111	0.0819924995303
4111	4110	0.0819924995303
4111	4112	0.0819924995303
4112	4111	0.0819924995303
4112	4113	0.0819924995303
4113	4112	0.0819924995303
4113	4114	0.0819924995303
4114	4113	0.0819924995303
4114	4115	0.0819924995303
4115	4114	0.0819924995303
4115	4116	0.0819924995303
4116	4115	0.0819924995303
4116	4117	0.0819924995303
4117	4116	0.0819924995303
4118	3337	0.067212998867
4118	4119	0.067212998867
4119	4118	0.067212998867
4119	4120	0.067212998867
4120	4119	0.067212998867
4120	4121	0.067212998867
4121	4120	0.067212998867
4121	4122	0.067212998867
4122	4121	0.067212998867
4122	4123	0.067212998867
4123	4122	0.067212998867
4123	4124	0.067212998867
4124	4123	0.067212998867
4124	4125	0.067212998867
4125	4124	0.067212998867
4125	4126	0.067212998867
4126	4125	0.067212998867
4126	4127	0.067212998867
4127	4126	0.067212998867
4127	4128	0.067212998867
4128	4127	0.067212998867
4128	4129	0.067212998867
4129	4128	0.067212998867
4129	4130	0.067212998867
4130	4129	0.067212998867
4130	4131	0.067212998867
4131	4130	0.067212998867
4131	4132	0.0602810010314
4131	4158	0.0438980013132
4132	4131	0.0602810010314
4132	4133	0.0602810010314
4133	4132	0.0602810010314
4133	4134	0.0602810010314
4134	4133	0.0602810010314
4134	4135	0.0602810010314
4135	4134	0.0602810010314
4135	4136	0.0602810010314
4136	4135	0.0602810010314
4136	4137	0.0602810010314
4137	4136	0.0602810010314
4137	4138	0.0602810010314
4138	4137	0.0602810010314
4138	4139	0.0602810010314
4139	4138	0.0602810010314
4139	4140	0.0602810010314
4140	4139	0.0602810010314
4140	4141	0.0602810010314
4141	4140	0.0602810010314
4141	4142	0.0602810010314
4142	4141	0.0602810010314
4142	4143	0.0602810010314
4143	4142	0.0602810010314
4143	4144	0.0602810010314
4144	4143	0.0602810010314
4144	4145	0.0602810010314
4145	4144	0.0602810010314
4145	4146	0.0602810010314
4146	4145	0.0602810010314
4146	4147	0.0602810010314
4147	4146	0.0602810010314
4147	4148	0.0602810010314
4148	4147	0.0602810010314
4148	4149	0.0602810010314
4149	4148	0.0602810010314
4149	4150	0.0602810010314
4150	4149	0.0602810010314
4150	4151	0.0602810010314
4151	4150	0.0602810010314
4151	4152	0.0602810010314
4152	4151	0.0602810010314
4152	4153	0.0602810010314
4153	4152	0.0602810010314
4153	4154	0.0602810010314
4154	4153	0.0602810010314
4154	4155	0.0602810010314
4155	4154	0.0602810010314
4155	4156	0.0602810010314
4156	4155	0.0602810010314
4156	4157	0.0602810010314
4157	4156	0.0602810010314
4158	4131	0.0438980013132
4158	4159	0.0438980013132
4159	4158	0.0438980013132
4159	4160	0.0438980013132
4160	4159	0.0438980013132
4160	4161	0.0438980013132
4161	4160	0.0438980013132
4161	4162	0.0438980013132
4162	4161	0.0438980013132
4162	4163	0.0438980013132
4163	4162	0.0438980013132
4163	4164	0.0438980013132
4164	4163	0.0438980013132
4165	3233	0.0497524999082
4165	4166	0.0497524999082
4166	4165	0.0497524999082
4166	4167	0.0497524999082
4167	4166	0.0497524999082
4167	4168	0.0497524999082
4168	4167	0.0497524999082
4168	4169	0.0497524999082
4169	4168	0.0497524999082
4169	4170	0.0497524999082
4170	4169	0.0497524999082
4170	4171	0.0497524999082
4171	4170	0.0497524999082
4171	4172	0.0497524999082
4172	4171	0.0497524999082
4172	4173	0.0497524999082
4173	4172	0.0497524999082
4173	4174	0.0497524999082
4174	4173	0.0497524999082
4174	4175	0.0497524999082
4175	4174	0.0497524999082
4175	4176	0.0497524999082
4176	4175	0.0497524999082
4176	4177	0.0497524999082
4177	4176	0.0497524999082
4177	4178	0.0497524999082
4178	4177	0.0497524999082
4178	4179	0.0497524999082
4179	4178	0.0497524999082
4179	4180	0.0497524999082
4180	4179	0.0497524999082
4180	4181	0.0497524999082
4181	4180	0.0497524999082
4181	4182	0.0497524999082
4182	4181	0.0497524999082
4182	4183	0.0497524999082
4183	4182	0.0497524999082
4183	4184	0.0497524999082
4184	4183	0.0497524999082
4184	4185	0.0497524999082
4185	4184	0.0497524999082
4185	4186	0.0497524999082
4186	4185	0.0497524999082
4186	4187	0.0497524999082
4187	4186	0.0497524999082
4188	3194	0.0767195001245
4188	4189	0.0767195001245
4189	4188	0.0767195001245
4189	4190	0.0767195001245
4190	4189	0.0767195001245
4190	4191	0.0767195001245
4191	4190	0.0767195001245
4191	4192	0.0767195001245
4192	4191	0.0767195001245
4192	4193	0.0767195001245
4193	4192	0.0767195001245
4193	4194	0.0767195001245
4194	4193	0.0767195001245
4194	4195	0.0767195001245
4195	4194	0.0767195001245
4195	4196	0.0767195001245
4196	4195	0.0767195001245
4196	4197	0.0767195001245
4197	4196	0.0767195001245
4197	4198	0.0767195001245
4198	4197	0.0767195001245
4198	4199	0.0767195001245
4199	4198	0.0767195001245
4199	4200	0.0767195001245
4200	4199	0.0767195001245
4200	4201	0.0767195001245
4201	4200	0.0767195001245
4201	4202	0.0767195001245
4202	4201	0.0767195001245
4202	4203	0.0767195001245
4203	4202	0.0767195001245
4203	4204	0.0767195001245
4204	4203	0.0767195001245
4204	4205	0.0767195001245
4205	4204	0.0767195001245
4205	4206	0.0767195001245
4206	4205	0.0767195001245
4206	4207	0.0767195001245
4207	4206	0.0767195001245
4207	4208	0.0767195001245
4208	4207	0.0767195001245
4208	4209	0.0767195001245
4209	4208	0.0767195001245
4209	4210	0.0767195001245
4210	4209	0.0767195001245
4210	4211	0.0767195001245
4211	4210	0.0767195001245
4211	4212	0.0767195001245
4212	4211	0.0767195001245
4212	4213	0.0767195001245
4213	4212	0.0767195001245
4213	4214	0.0767195001245
4214	4213	0.0767195001245
4214	4215	0.0767195001245
4215	4214	0.0767195001245
4215	4216	0.0767195001245
4216	4215	0.0767195001245
4216	4217	0.0767195001245
4217	4216	0.0767195001245
4217	4218	0.0767195001245
4218	4217	0.0767195001245
4218	4219	0.0767195001245
4219	4218	0.0767195001245
4219	4220	0.0767195001245
4220	4219	0.0767195001245
4220	4221	0.0767195001245
4221	4220	0.0767195001245
4221	4222	0.0767195001245
4222	4221	0.0767195001245
4222	4223	0.0767195001245
4223	4222	0.0767195001245
4223	4224	0.0767195001245
4224	4223	0.0767195001245
4224	4225	0.0767195001245
4225	4224	0.0767195001245
4225	4226	0.0767195001245
4226	4225	0.0767195001245
4226	4227	0.0517775006592
4226	4239	0.0678784996271
4227	4226	0.0517775006592
4227	4228	0.0517775006592
4228	4227	0.0517775006592
4228	4229	0.0517775006592
4229	4228	0.0517775006592
4229	4230	0.0517775006592
4230	4229	0.0517775006592
4230	4231	0.0517775006592
4231	4230	0.0517775006592
4231	4232	0.0517775006592
4232	4231	0.0517775006592
4232	4233	0.0517775006592
4233	4232	0.0517775006592
4233	4234	0.0517775006592
4234	4233	0.0517775006592
4234	4235	0.0517775006592
4235	4234	0.0517775006592
4235	4236	0.0517775006592
4236	4235	0.0517775006592
4236	4237	0.0517775006592
4237	4236	0.0517775006592
4237	4238	0.0517775006592
4238	4237	0.0517775006592
4239	4226	0.0678784996271
4239	4240	0.0678784996271
4240	4239	0.0678784996271
4240	4241	0.0678784996271
4241	4240	0.0678784996271
4241	4242	0.0678784996271
4242	4241	0.0678784996271
4242	4243	0.0678784996271
4243	4242	0.0678784996271
4243	4244	0.0678784996271
4244	4243	0.0678784996271
4244	4245	0.0678784996271
4245	4244	0.0678784996271
4245	4246	0.0678784996271
4246	4245	0.0678784996271
4246	4247	0.0678784996271
4247	4246	0.0678784996271
4247	4248	0.0678784996271
4248	4247	0.0678784996271
4248	4249	0.0678784996271
4249	4248	0.0678784996271
4249	4250	0.0678784996271
4250	4249	0.0678784996271
4250	4251	0.0678784996271
4251	4250	0.0678784996271
4251	4252	0.0678784996271
4252	4251	0.0678784996271
4252	4253	0.0678784996271
4253	4252	0.0678784996271
4253	4254	0.0678784996271
4254	4253	0.0678784996271
4254	4255	0.0678784996271
4255	4254	0.0678784996271
4255	4256	0.0678784996271
4256	4255	0.0678784996271
4256	4257	0.0678784996271
4257	4256	0.0678784996271
4257	4258	0.0678784996271
4258	4257	0.0678784996271
4258	4259	0.0678784996271
4259	4258	0.0678784996271
4259	4260	0.0678784996271
4260	4259	0.0678784996271
4260	4261	0.0678784996271
4261	4260	0.0678784996271
4261	4262	0.0678784996271
4262	4261	0.0678784996271
4262	4263	0.0678784996271
4263	4262	0.0678784996271
4263	4264	0.0678784996271
4264	4263	0.0678784996271
4264	4265	0.0678784996271
4265	4264	0.0678784996271
4265	4266	0.0678784996271
4266	4265	0.0678784996271
4266	4267	0.0678784996271
4267	4266	0.0678784996271
4267	4268	0.0678784996271
4268	4267	0.0678784996271
4268	4269	0.0678784996271
4269	4268	0.0678784996271
4269	4270	0.0678784996271
4270	4269	0.0678784996271
4270	4271	0.0678784996271
4271	4270	0.0678784996271
4271	4272	0.0678784996271
4272	4271	0.0678784996271
4272	4273	0.0678784996271
4273	4272	0.0678784996271
4273	4274	0.0678784996271
4274	4273	0.0678784996271
4274	4275	0.0678784996271
4275	4274	0.0678784996271
4276	3151	0.210958003998
4276	4277	0.210958003998
4277	4276	0.210958003998
4277	4278	0.210958003998
4278	4277	0.210958003998
4278	4279	0.210958003998
4279	4278	0.210958003998
4279	4280	0.210958003998
4280	4279	0.210958003998
4280	4281	0.210958003998
4281	4280	0.210958003998
4281	4282	0.210958003998
4282	4281	0.210958003998
4282	4283	0.210958003998
4283	4282	0.210958003998
4283	4284	0.210958003998
4284	4283	0.210958003998
4284	4285	0.210958003998
4285	4284	0.210958003998
4285	4286	0.210958003998
4286	4285	0.210958003998
4286	4287	0.210958003998
4287	4286	0.210958003998
4287	4288	0.21023850143
4287	5564	0.0457425005734
4288	4287	0.21023850143
4288	4289	0.21023850143
4289	4288	0.21023850143
4289	4290	0.21023850143
4290	4289	0.21023850143
4290	4291	0.21023850143
4291	4290	0.21023850143
4291	4292	0.21023850143
4292	4291	0.21023850143
4292	4293	0.21023850143
4293	4292	0.21023850143
4293	4294	0.21023850143
4294	4293	0.21023850143
4294	4295	0.21023850143
4295	4294	0.21023850143
4295	4296	0.21023850143
4296	4295	0.21023850143
4296	4297	0.21023850143
4297	4296	0.21023850143
4297	4298	0.21023850143
4298	4297	0.21023850143
4298	4299	0.21023850143
4299	4298	0.21023850143
4299	4300	0.21023850143
4300	4299	0.21023850143
4300	4301	0.21023850143
4301	4300	0.21023850143
4301	4302	0.0478920005262
4301	4324	0.209407001734
4302	4301	0.0478920005262
4302	4303	0.0478920005262
4303	4302	0.0478920005262
4303	4304	0.0478920005262
4304	4303	0.0478920005262
4304	4305	0.0478920005262
4305	4304	0.0478920005262
4305	4306	0.0478920005262
4306	4305	0.0478920005262
4306	4307	0.0478920005262
4307	4306	0.0478920005262
4307	4308	0.0478920005262
4308	4307	0.0478920005262
4308	4309	0.0478920005262
4309	4308	0.0478920005262
4309	4310	0.0478920005262
4310	4309	0.0478920005262
4310	4311	0.0478920005262
4311	4310	0.0478920005262
4311	4312	0.0478920005262
4312	4311	0.0478920005262
4312	4313	0.0478920005262
4313	4312	0.0478920005262
4313	4314	0.0478920005262
4314	4313	0.0478920005262
4314	4315	0.0478920005262
4315	4314	0.0478920005262
4315	4316	0.0478920005262
4316	4315	0.0478920005262
4316	4317	0.0478920005262
4317	4316	0.0478920005262
4317	4318	0.0478920005262
4318	4317	0.0478920005262
4318	4319	0.0478920005262
4319	4318	0.0478920005262
4319	4320	0.0478920005262
4320	4319	0.0478920005262
4320	4321	0.0478920005262
4321	4320	0.0478920005262
4321	4322	0.0478920005262
4322	4321	0.0478920005262
4322	4323	0.0478920005262
4323	4322	0.0478920005262
4324	4301	0.209407001734
4324	4325	0.209407001734
4325	4324	0.209407001734
4325	4326	0.209407001734
4326	4325	0.209407001734
4326	4327	0.209407001734
4327	4326	0.209407001734
4327	4328	0.209407001734
4328	4327	0.209407001734
4328	4329	0.209407001734
4329	4328	0.209407001734
4329	4330	0.209407001734
4330	4329	0.209407001734
4330	4331	0.209407001734
4331	4330	0.209407001734
4331	4332	0.209407001734
4332	4331	0.209407001734
4332	4333	0.209407001734
4333	4332	0.209407001734
4333	4334	0.209407001734
4334	4333	0.209407001734
4334	4335	0.209407001734
4335	4334	0.209407001734
4335	4336	0.209407001734
4336	4335	0.209407001734
4336	4337	0.209407001734
4337	4336	0.209407001734
4337	4338	0.0521164983511
4337	4367	0.208324998617
4338	4337	0.0521164983511
4338	4339	0.0521164983511
4339	4338	0.0521164983511
4339	4340	0.0521164983511
4340	4339	0.0521164983511
4340	4341	0.0521164983511
4341	4340	0.0521164983511
4341	4342	0.0521164983511
4342	4341	0.0521164983511
4342	4343	0.0521164983511
4343	4342	0.0521164983511
4343	4344	0.0521164983511
4344	4343	0.0521164983511
4344	4345	0.0521164983511
4345	4344	0.0521164983511
4345	4346	0.0521164983511
4346	4345	0.0521164983511
4346	4347	0.0521164983511
4347	4346	0.0521164983511
4347	4348	0.0521164983511
4348	4347	0.0521164983511
4348	4349	0.0521164983511
4349	4348	0.0521164983511
4349	4350	0.0521164983511
4350	4349	0.0521164983511
4350	4351	0.0521164983511
4351	4350	0.0521164983511
4351	4352	0.0521164983511
4352	4351	0.0521164983511
4352	4353	0.0521164983511
4353	4352	0.0521164983511
4353	4354	0.0521164983511
4354	4353	0.0521164983511
4354	4355	0.0521164983511
4355	4354	0.0521164983511
4355	4356	0.0521164983511
4356	4355	0.0521164983511
4356	4357	0.0521164983511
4357	4356	0.0521164983511
4357	4358	0.0521164983511
4358	4357	0.0521164983511
4358	4359	0.0521164983511
4359	4358	0.0521164983511
4359	4360	0.0521164983511
4360	4359	0.0521164983511
4360	4361	0.0521164983511
4361	4360	0.0521164983511
4361	4362	0.0521164983511
4362	4361	0.0521164983511
4362	4363	0.0521164983511
4363	4362	0.0521164983511
4363	4364	0.0521164983511
4364	4363	0.0521164983511
4364	4365	0.0521164983511
4365	4364	0.0521164983511
4365	4366	0.0521164983511
4366	4365	0.0521164983511
4367	4337	0.208324998617
4367	4368	0.208324998617
4368	4367	0.208324998617
4368	4369	0.208324998617
4369	4368	0.208324998617
4369	4370	0.208324998617
4370	4369	0.208324998617
4370	4371	0.208324998617
4371	4370	0.208324998617
4371	4372	0.208324998617
4372	4371	0.208324998617
4372	4373	0.208324998617
4373	4372	0.208324998617
4373	4374	0.208324998617
4374	4373	0.208324998617
4374	4375	0.208324998617
4375	4374	0.208324998617
4375	4376	0.208324998617
4376	4375	0.208324998617
4376	4377	0.208324998617
4377	4376	0.208324998617
4377	4378	0.208324998617
4378	4377	0.208324998617
4378	4379	0.20735900104
4378	5540	0.0500329993665
4379	4378	0.20735900104
4379	4380	0.20735900104
4380	4379	0.20735900104
4380	4381	0.20735900104
4381	4380	0.20735900104
4381	4382	0.20735900104
4382	4381	0.20735900104
4382	4383	0.20735900104
4383	4382	0.20735900104
4383	4384	0.20735900104
4384	4383	0.20735900104
4384	4385	0.20735900104
4385	4384	0.20735900104
4385	4386	0.20735900104
4386	4385	0.20735900104
4386	4387	0.20735900104
4387	4386	0.20735900104
4387	4388	0.20735900104
4388	4387	0.20735900104
4388	4389	0.20735900104
4389	4388	0.20735900104
4389	4390	0.20735900104
4390	4389	0.20735900104
4390	4391	0.176357001066
4390	5114	0.150823995471
4391	4390	0.176357001066
4391	4392	0.176357001066
4392	4391	0.176357001066
4392	4393	0.176357001066
4393	4392	0.176357001066
4393	4394	0.176357001066
4394	4393	0.176357001066
4394	4395	0.176357001066
4395	4394	0.176357001066
4395	4396	0.176357001066
4396	4395	0.176357001066
4396	4397	0.176357001066
4397	4396	0.176357001066
4397	4398	0.176357001066
4398	4397	0.176357001066
4398	4399	0.176357001066
4399	4398	0.176357001066
4399	4400	0.176357001066
4400	4399	0.176357001066
4400	4401	0.176357001066
4401	4400	0.176357001066
4401	4402	0.176357001066
4402	4401	0.176357001066
4402	4403	0.0559829995036
4402	4436	0.174456000328
4403	4402	0.0559829995036
4403	4404	0.0559829995036
4404	4403	0.0559829995036
4404	4405	0.0559829995036
4405	4404	0.0559829995036
4405	4406	0.0559829995036
4406	4405	0.0559829995036
4406	4407	0.0559829995036
4407	4406	0.0559829995036
4407	4408	0.0559829995036
4408	4407	0.0559829995036
4408	4409	0.0559829995036
4409	4408	0.0559829995036
4409	4410	0.0559829995036
4410	4409	0.0559829995036
4410	4411	0.0559829995036
4411	4410	0.0559829995036
4411	4412	0.0559829995036
4412	4411	0.0559829995036
4412	4413	0.0559829995036
4413	4412	0.0559829995036
4413	4414	0.0559829995036
4414	4413	0.0559829995036
4414	4415	0.0559829995036
4415	4414	0.0559829995036
4415	4416	0.0559829995036
4416	4415	0.0559829995036
4416	4417	0.0559829995036
4417	4416	0.0559829995036
4417	4418	0.0559829995036
4418	4417	0.0559829995036
4418	4419	0.0559829995036
4419	4418	0.0559829995036
4419	4420	0.0559829995036
4420	4419	0.0559829995036
4420	4421	0.0559829995036
4421	4420	0.0559829995036
4421	4422	0.0559829995036
4422	4421	0.0559829995036
4422	4423	0.0559829995036
4423	4422	0.0559829995036
4423	4424	0.0559829995036
4424	4423	0.0559829995036
4424	4425	0.0559829995036
4425	4424	0.0559829995036
4425	4426	0.0559829995036
4426	4425	0.0559829995036
4426	4427	0.0559829995036
4427	4426	0.0559829995036
4427	4428	0.0559829995036
4428	4427	0.0559829995036
4428	4429	0.0559829995036
4429	4428	0.0559829995036
4429	4430	0.0559829995036
4430	4429	0.0559829995036
4430	4431	0.0559829995036
4431	4430	0.0559829995036
4431	4432	0.0559829995036
4432	4431	0.0559829995036
4432	4433	0.0559829995036
4433	4432	0.0559829995036
4433	4434	0.0559829995036
4434	4433	0.0559829995036
4434	4435	0.0559829995036
4435	4434	0.0559829995036
4436	4402	0.174456000328
4436	4437	0.174456000328
4437	4436	0.174456000328
4437	4438	0.174456000328
4438	4437	0.174456000328
4438	4439	0.174456000328
4439	4438	0.174456000328
4439	4440	0.174456000328
4440	4439	0.174456000328
4440	4441	0.174456000328
4441	4440	0.174456000328
4441	4442	0.174456000328
4442	4441	0.174456000328
4442	4443	0.174456000328
4443	4442	0.174456000328
4443	4444	0.174456000328
4444	4443	0.174456000328
4444	4445	0.174456000328
4445	4444	0.174456000328
4445	4446	0.174456000328
4446	4445	0.174456000328
4446	4447	0.174456000328
4447	4446	0.174456000328
4447	4448	0.17357750237
4447	5104	0.0430544987321
4448	4447	0.17357750237
4448	4449	0.17357750237
4449	4448	0.17357750237
4449	4450	0.17357750237
4450	4449	0.17357750237
4450	4451	0.17357750237
4451	4450	0.17357750237
4451	4452	0.17357750237
4452	4451	0.17357750237
4452	4453	0.17357750237
4453	4452	0.17357750237
4453	4454	0.17357750237
4454	4453	0.17357750237
4454	4455	0.17357750237
4455	4454	0.17357750237
4455	4456	0.17357750237
4456	4455	0.17357750237
4456	4457	0.17357750237
4457	4456	0.17357750237
4457	4458	0.17357750237
4458	4457	0.17357750237
4458	4459	0.17357750237
4459	4458	0.17357750237
4459	4460	0.17357750237
4460	4459	0.17357750237
4460	4461	0.17357750237
4461	4460	0.17357750237
4461	4462	0.17357750237
4462	4461	0.17357750237
4462	4463	0.17357750237
4463	4462	0.17357750237
4463	4464	0.17357750237
4464	4463	0.17357750237
4464	4465	0.17357750237
4465	4464	0.17357750237
4465	4466	0.17357750237
4466	4465	0.17357750237
4466	4467	0.17357750237
4467	4466	0.17357750237
4467	4468	0.17357750237
4468	4467	0.17357750237
4468	4469	0.0900904983282
4468	4585	0.165078505874
4469	4468	0.0900904983282
4469	4470	0.0900904983282
4470	4469	0.0900904983282
4470	4471	0.0900904983282
4471	4470	0.0900904983282
4471	4472	0.0900904983282
4472	4471	0.0900904983282
4472	4473	0.0900904983282
4473	4472	0.0900904983282
4473	4474	0.0900904983282
4474	4473	0.0900904983282
4474	4475	0.0900904983282
4475	4474	0.0900904983282
4475	4476	0.0533169992268
4475	4496	0.0833780020475
4476	4475	0.0533169992268
4476	4477	0.0533169992268
4477	4476	0.0533169992268
4477	4478	0.0533169992268
4478	4477	0.0533169992268
4478	4479	0.0533169992268
4479	4478	0.0533169992268
4479	4480	0.0533169992268
4480	4479	0.0533169992268
4480	4481	0.0533169992268
4481	4480	0.0533169992268
4481	4482	0.0533169992268
4482	4481	0.0533169992268
4482	4483	0.0533169992268
4483	4482	0.0533169992268
4483	4484	0.0533169992268
4484	4483	0.0533169992268
4484	4485	0.0533169992268
4485	4484	0.0533169992268
4485	4486	0.0533169992268
4486	4485	0.0533169992268
4486	4487	0.0533169992268
4487	4486	0.0533169992268
4487	4488	0.0533169992268
4488	4487	0.0533169992268
4488	4489	0.0533169992268
4489	4488	0.0533169992268
4489	4490	0.0533169992268
4490	4489	0.0533169992268
4490	4491	0.0533169992268
4491	4490	0.0533169992268
4491	4492	0.0533169992268
4492	4491	0.0533169992268
4492	4493	0.0533169992268
4493	4492	0.0533169992268
4493	4494	0.0533169992268
4494	4493	0.0533169992268
4494	4495	0.0533169992268
4495	4494	0.0533169992268
4496	4475	0.0833780020475
4496	4497	0.0833780020475
4497	4496	0.0833780020475
4497	4498	0.0833780020475
4498	4497	0.0833780020475
4498	4499	0.0833780020475
4499	4498	0.0833780020475
4499	4500	0.0833780020475
4500	4499	0.0833780020475
4500	4501	0.0833780020475
4501	4500	0.0833780020475
4501	4502	0.0833780020475
4502	4501	0.0833780020475
4502	4503	0.0833780020475
4503	4502	0.0833780020475
4503	4504	0.0833780020475
4504	4503	0.0833780020475
4504	4505	0.0833780020475
4505	4504	0.0833780020475
4505	4506	0.0833780020475
4506	4505	0.0833780020475
4506	4507	0.0833780020475
4507	4506	0.0833780020475
4507	4508	0.0833780020475
4508	4507	0.0833780020475
4508	4509	0.0833780020475
4509	4508	0.0833780020475
4509	4510	0.0528015010059
4509	4524	0.0756200030446
4510	4509	0.0528015010059
4510	4511	0.0528015010059
4511	4510	0.0528015010059
4511	4512	0.0528015010059
4512	4511	0.0528015010059
4512	4513	0.0528015010059
4513	4512	0.0528015010059
4513	4514	0.0528015010059
4514	4513	0.0528015010059
4514	4515	0.0528015010059
4515	4514	0.0528015010059
4515	4516	0.0528015010059
4516	4515	0.0528015010059
4516	4517	0.0528015010059
4517	4516	0.0528015010059
4517	4518	0.0528015010059
4518	4517	0.0528015010059
4518	4519	0.0528015010059
4519	4518	0.0528015010059
4519	4520	0.0528015010059
4520	4519	0.0528015010059
4520	4521	0.0528015010059
4521	4520	0.0528015010059
4521	4522	0.0528015010059
4522	4521	0.0528015010059
4522	4523	0.0528015010059
4523	4522	0.0528015010059
4524	4509	0.0756200030446
4524	4525	0.0756200030446
4525	4524	0.0756200030446
4525	4526	0.0756200030446
4526	4525	0.0756200030446
4526	4527	0.0756200030446
4527	4526	0.0756200030446
4527	4528	0.0756200030446
4528	4527	0.0756200030446
4528	4529	0.0756200030446
4529	4528	0.0756200030446
4529	4530	0.0756200030446
4530	4529	0.0756200030446
4530	4531	0.0756200030446
4531	4530	0.0756200030446
4531	4532	0.0756200030446
4532	4531	0.0756200030446
4532	4533	0.0756200030446
4533	4532	0.0756200030446
4533	4534	0.0756200030446
4534	4533	0.0756200030446
4534	4535	0.0756200030446
4535	4534	0.0756200030446
4535	4536	0.0756200030446
4536	4535	0.0756200030446
4536	4537	0.0756200030446
4537	4536	0.0756200030446
4537	4538	0.0756200030446
4538	4537	0.0756200030446
4538	4539	0.0756200030446
4539	4538	0.0756200030446
4539	4540	0.0756200030446
4540	4539	0.0756200030446
4540	4541	0.0756200030446
4541	4540	0.0756200030446
4541	4542	0.0756200030446
4542	4541	0.0756200030446
4542	4543	0.0756200030446
4543	4542	0.0756200030446
4543	4544	0.0756200030446
4544	4543	0.0756200030446
4544	4545	0.0756200030446
4545	4544	0.0756200030446
4545	4546	0.0756200030446
4546	4545	0.0756200030446
4546	4547	0.0756200030446
4547	4546	0.0756200030446
4547	4548	0.0756200030446
4548	4547	0.0756200030446
4548	4549	0.0756200030446
4549	4548	0.0756200030446
4549	4550	0.0756200030446
4550	4549	0.0756200030446
4550	4551	0.0756200030446
4551	4550	0.0756200030446
4551	4552	0.0756200030446
4552	4551	0.0756200030446
4552	4553	0.0756200030446
4553	4552	0.0756200030446
4553	4554	0.0756200030446
4554	4553	0.0756200030446
4554	4555	0.0756200030446
4555	4554	0.0756200030446
4555	4556	0.0756200030446
4556	4555	0.0756200030446
4556	4557	0.0756200030446
4557	4556	0.0756200030446
4557	4558	0.0756200030446
4558	4557	0.0756200030446
4558	4559	0.0756200030446
4559	4558	0.0756200030446
4559	4560	0.0756200030446
4560	4559	0.0756200030446
4560	4561	0.0756200030446
4561	4560	0.0756200030446
4561	4562	0.0756200030446
4562	4561	0.0756200030446
4562	4563	0.0756200030446
4563	4562	0.0756200030446
4563	4564	0.0756200030446
4564	4563	0.0756200030446
4564	4565	0.0756200030446
4565	4564	0.0756200030446
4565	4566	0.0756200030446
4566	4565	0.0756200030446
4566	4567	0.0756200030446
4567	4566	0.0756200030446
4567	4568	0.0756200030446
4568	4567	0.0756200030446
4568	4569	0.0756200030446
4569	4568	0.0756200030446
4569	4570	0.0756200030446
4570	4569	0.0756200030446
4570	4571	0.0756200030446
4571	4570	0.0756200030446
4571	4572	0.0756200030446
4572	4571	0.0756200030446
4572	4573	0.0756200030446
4573	4572	0.0756200030446
4573	4574	0.0756200030446
4574	4573	0.0756200030446
4574	4575	0.0756200030446
4575	4574	0.0756200030446
4575	4576	0.0756200030446
4576	4575	0.0756200030446
4576	4577	0.0756200030446
4577	4576	0.0756200030446
4577	4578	0.0756200030446
4578	4577	0.0756200030446
4578	4579	0.0756200030446
4579	4578	0.0756200030446
4579	4580	0.0756200030446
4580	4579	0.0756200030446
4580	4581	0.0756200030446
4581	4580	0.0756200030446
4581	4582	0.0756200030446
4582	4581	0.0756200030446
4582	4583	0.0756200030446
4583	4582	0.0756200030446
4583	4584	0.0756200030446
4584	4583	0.0756200030446
4585	4468	0.165078505874
4585	4586	0.165078505874
4586	4585	0.165078505874
4586	4587	0.165078505874
4587	4586	0.165078505874
4587	4588	0.165078505874
4588	4587	0.165078505874
4588	4589	0.165078505874
4589	4588	0.165078505874
4589	4590	0.165078505874
4590	4589	0.165078505874
4590	4591	0.165078505874
4591	4590	0.165078505874
4591	4592	0.165078505874
4592	4591	0.165078505874
4592	4593	0.165078505874
4593	4592	0.165078505874
4593	4594	0.165078505874
4594	4593	0.165078505874
4594	4595	0.165078505874
4595	4594	0.165078505874
4595	4596	0.165078505874
4596	4595	0.165078505874
4596	4597	0.165078505874
4597	4596	0.165078505874
4597	4598	0.165078505874
4598	4597	0.165078505874
4598	4599	0.165078505874
4599	4598	0.165078505874
4599	4600	0.165078505874
4600	4599	0.165078505874
4600	4601	0.165078505874
4601	4600	0.165078505874
4601	4602	0.165078505874
4602	4601	0.165078505874
4602	4603	0.165078505874
4603	4602	0.165078505874
4603	4604	0.165078505874
4604	4603	0.165078505874
4604	4605	0.165078505874
4605	4604	0.165078505874
4605	4606	0.165078505874
4606	4605	0.165078505874
4606	4607	0.165078505874
4607	4606	0.165078505874
4607	4608	0.165078505874
4608	4607	0.165078505874
4608	4609	0.165078505874
4609	4608	0.165078505874
4609	4610	0.162670493126
4609	5078	0.0578894987702
4610	4609	0.162670493126
4610	4611	0.162670493126
4611	4610	0.162670493126
4611	4612	0.162670493126
4612	4611	0.162670493126
4612	4613	0.162670493126
4613	4612	0.162670493126
4613	4614	0.162670493126
4614	4613	0.162670493126
4614	4615	0.162670493126
4615	4614	0.162670493126
4615	4616	0.162670493126
4616	4615	0.162670493126
4616	4617	0.162670493126
4617	4616	0.162670493126
4617	4618	0.162670493126
4618	4617	0.162670493126
4618	4619	0.162670493126
4619	4618	0.162670493126
4619	4620	0.162670493126
4620	4619	0.162670493126
4620	4621	0.162670493126
4621	4620	0.162670493126
4621	4622	0.0560390017927
4621	4643	0.160422503948
4622	4621	0.0560390017927
4622	4623	0.0560390017927
4623	4622	0.0560390017927
4623	4624	0.0560390017927
4624	4623	0.0560390017927
4624	4625	0.0560390017927
4625	4624	0.0560390017927
4625	4626	0.0560390017927
4626	4625	0.0560390017927
4626	4627	0.0560390017927
4627	4626	0.0560390017927
4627	4628	0.0560390017927
4628	4627	0.0560390017927
4628	4629	0.0560390017927
4629	4628	0.0560390017927
4629	4630	0.0560390017927
4630	4629	0.0560390017927
4630	4631	0.0560390017927
4631	4630	0.0560390017927
4631	4632	0.0560390017927
4632	4631	0.0560390017927
4632	4633	0.0560390017927
4633	4632	0.0560390017927
4633	4634	0.0560390017927
4634	4633	0.0560390017927
4634	4635	0.0560390017927
4635	4634	0.0560390017927
4635	4636	0.0560390017927
4636	4635	0.0560390017927
4636	4637	0.0560390017927
4637	4636	0.0560390017927
4637	4638	0.0560390017927
4638	4637	0.0560390017927
4638	4639	0.0560390017927
4639	4638	0.0560390017927
4639	4640	0.0560390017927
4640	4639	0.0560390017927
4640	4641	0.0560390017927
4641	4640	0.0560390017927
4641	4642	0.0560390017927
4642	4641	0.0560390017927
4643	4621	0.160422503948
4643	4644	0.160422503948
4644	4643	0.160422503948
4644	4645	0.160422503948
4645	4644	0.160422503948
4645	4646	0.160422503948
4646	4645	0.160422503948
4646	4647	0.160422503948
4647	4646	0.160422503948
4647	4648	0.160422503948
4648	4647	0.160422503948
4648	4649	0.160422503948
4649	4648	0.160422503948
4649	4650	0.160422503948
4650	4649	0.160422503948
4650	4651	0.160422503948
4651	4650	0.160422503948
4651	4652	0.160422503948
4652	4651	0.160422503948
4652	4653	0.160422503948
4653	4652	0.160422503948
4653	4654	0.160422503948
4654	4653	0.160422503948
4654	4655	0.0987315028906
4654	4756	0.146839499474
4655	4654	0.0987315028906
4655	4656	0.0987315028906
4656	4655	0.0987315028906
4656	4657	0.0987315028906
4657	4656	0.0987315028906
4657	4658	0.0987315028906
4658	4657	0.0987315028906
4658	4659	0.0987315028906
4659	4658	0.0987315028906
4659	4660	0.0987315028906
4660	4659	0.0987315028906
4660	4661	0.0987315028906
4661	4660	0.0987315028906
4661	4662	0.0987315028906
4662	4661	0.0987315028906
4662	4663	0.0987315028906
4663	4662	0.0987315028906
4663	4664	0.0987315028906
4664	4663	0.0987315028906
4664	4665	0.0987315028906
4665	4664	0.0987315028906
4665	4666	0.0987315028906
4666	4665	0.0987315028906
4666	4667	0.0987315028906
4667	4666	0.0987315028906
4667	4668	0.0987315028906
4668	4667	0.0987315028906
4668	4669	0.0987315028906
4669	4668	0.0987315028906
4669	4670	0.0987315028906
4670	4669	0.0987315028906
4670	4671	0.0987315028906
4671	4670	0.0987315028906
4671	4672	0.0945679992437
4671	4748	0.0488675013185
4672	4671	0.0945679992437
4672	4673	0.0945679992437
4673	4672	0.0945679992437
4673	4674	0.0945679992437
4674	4673	0.0945679992437
4674	4675	0.0945679992437
4675	4674	0.0945679992437
4675	4676	0.0945679992437
4676	4675	0.0945679992437
4676	4677	0.0945679992437
4677	4676	0.0945679992437
4677	4678	0.0945679992437
4678	4677	0.0945679992437
4678	4679	0.0945679992437
4679	4678	0.0945679992437
4679	4680	0.0945679992437
4680	4679	0.0945679992437
4680	4681	0.0945679992437
4681	4680	0.0945679992437
4681	4682	0.0945679992437
4682	4681	0.0945679992437
4682	4683	0.0945679992437
4683	4682	0.0945679992437
4683	4684	0.0945679992437
4684	4683	0.0945679992437
4684	4685	0.0945679992437
4685	4684	0.0945679992437
4685	4686	0.0945679992437
4686	4685	0.0945679992437
4686	4687	0.0945679992437
4687	4686	0.0945679992437
4687	4688	0.0945679992437
4688	4687	0.0945679992437
4688	4689	0.0945679992437
4689	4688	0.0945679992437
4689	4690	0.0945679992437
4690	4689	0.0945679992437
4690	4691	0.0945679992437
4691	4690	0.0945679992437
4691	4692	0.0945679992437
4692	4691	0.0945679992437
4692	4693	0.0792710036039
4692	4727	0.0703115016222
4693	4692	0.0792710036039
4693	4694	0.0792710036039
4694	4693	0.0792710036039
4694	4695	0.0792710036039
4695	4694	0.0792710036039
4695	4696	0.0792710036039
4696	4695	0.0792710036039
4696	4697	0.0792710036039
4697	4696	0.0792710036039
4697	4698	0.0792710036039
4698	4697	0.0792710036039
4698	4699	0.0792710036039
4699	4698	0.0792710036039
4699	4700	0.0792710036039
4700	4699	0.0792710036039
4700	4701	0.0792710036039
4701	4700	0.0792710036039
4701	4702	0.0792710036039
4702	4701	0.0792710036039
4702	4703	0.0792710036039
4703	4702	0.0792710036039
4703	4704	0.0792710036039
4704	4703	0.0792710036039
4704	4705	0.0792710036039
4705	4704	0.0792710036039
4705	4706	0.0792710036039
4706	4705	0.0792710036039
4706	4707	0.0792710036039
4707	4706	0.0792710036039
4707	4708	0.0792710036039
4708	4707	0.0792710036039
4708	4709	0.0792710036039
4709	4708	0.0792710036039
4709	4710	0.0792710036039
4710	4709	0.0792710036039
4710	4711	0.0792710036039
4711	4710	0.0792710036039
4711	4712	0.0792710036039
4712	4711	0.0792710036039
4712	4713	0.0792710036039
4713	4712	0.0792710036039
4713	4714	0.0792710036039
4714	4713	0.0792710036039
4714	4715	0.0792710036039
4715	4714	0.0792710036039
4715	4716	0.0792710036039
4716	4715	0.0792710036039
4716	4717	0.0792710036039
4717	4716	0.0792710036039
4717	4718	0.0792710036039
4718	4717	0.0792710036039
4718	4719	0.0792710036039
4719	4718	0.0792710036039
4719	4720	0.0792710036039
4720	4719	0.0792710036039
4720	4721	0.0792710036039
4721	4720	0.0792710036039
4721	4722	0.0792710036039
4722	4721	0.0792710036039
4722	4723	0.0792710036039
4723	4722	0.0792710036039
4723	4724	0.0792710036039
4724	4723	0.0792710036039
4724	4725	0.0792710036039
4725	4724	0.0792710036039
4725	4726	0.0792710036039
4726	4725	0.0792710036039
4727	4692	0.0703115016222
4727	4728	0.0703115016222
4728	4727	0.0703115016222
4728	4729	0.0703115016222
4729	4728	0.0703115016222
4729	4730	0.0703115016222
4730	4729	0.0703115016222
4730	4731	0.0703115016222
4731	4730	0.0703115016222
4731	4732	0.0703115016222
4732	4731	0.0703115016222
4732	4733	0.0703115016222
4733	4732	0.0703115016222
4733	4734	0.0703115016222
4734	4733	0.0703115016222
4734	4735	0.0703115016222
4735	4734	0.0703115016222
4735	4736	0.0703115016222
4736	4735	0.0703115016222
4736	4737	0.0703115016222
4737	4736	0.0703115016222
4737	4738	0.0703115016222
4738	4737	0.0703115016222
4738	4739	0.0703115016222
4739	4738	0.0703115016222
4739	4740	0.0703115016222
4740	4739	0.0703115016222
4740	4741	0.0703115016222
4741	4740	0.0703115016222
4741	4742	0.0703115016222
4742	4741	0.0703115016222
4742	4743	0.0703115016222
4743	4742	0.0703115016222
4743	4744	0.0703115016222
4744	4743	0.0703115016222
4744	4745	0.0703115016222
4745	4744	0.0703115016222
4745	4746	0.0703115016222
4746	4745	0.0703115016222
4746	4747	0.0703115016222
4747	4746	0.0703115016222
4748	4671	0.0488675013185
4748	4749	0.0488675013185
4749	4748	0.0488675013185
4749	4750	0.0488675013185
4750	4749	0.0488675013185
4750	4751	0.0488675013185
4751	4750	0.0488675013185
4751	4752	0.0488675013185
4752	4751	0.0488675013185
4752	4753	0.0488675013185
4753	4752	0.0488675013185
4753	4754	0.0488675013185
4754	4753	0.0488675013185
4754	4755	0.0488675013185
4755	4754	0.0488675013185
4756	4654	0.146839499474
4756	4757	0.146839499474
4757	4756	0.146839499474
4757	4758	0.146839499474
4758	4757	0.146839499474
4758	4759	0.146839499474
4759	4758	0.146839499474
4759	4760	0.146839499474
4760	4759	0.146839499474
4760	4761	0.146839499474
4761	4760	0.146839499474
4761	4762	0.146839499474
4762	4761	0.146839499474
4762	4763	0.146839499474
4763	4762	0.146839499474
4763	4764	0.146839499474
4764	4763	0.146839499474
4764	4765	0.146839499474
4765	4764	0.146839499474
4765	4766	0.135095506907
4765	5003	0.0888125002384
4766	4765	0.135095506907
4766	4767	0.135095506907
4767	4766	0.135095506907
4767	4768	0.135095506907
4768	4767	0.135095506907
4768	4769	0.135095506907
4769	4768	0.135095506907
4769	4770	0.135095506907
4770	4769	0.135095506907
4770	4771	0.135095506907
4771	4770	0.135095506907
4771	4772	0.135095506907
4772	4771	0.135095506907
4772	4773	0.066982999444
4772	4806	0.129366993904
4773	4772	0.066982999444
4773	4774	0.066982999444
4774	4773	0.066982999444
4774	4775	0.066982999444
4775	4774	0.066982999444
4775	4776	0.066982999444
4776	4775	0.066982999444
4776	4777	0.066982999444
4777	4776	0.066982999444
4777	4778	0.066982999444
4778	4777	0.066982999444
4778	4779	0.066982999444
4779	4778	0.066982999444
4779	4780	0.066982999444
4780	4779	0.066982999444
4780	4781	0.066982999444
4781	4780	0.066982999444
4781	4782	0.066982999444
4782	4781	0.066982999444
4782	4783	0.066982999444
4783	4782	0.066982999444
4783	4784	0.066982999444
4784	4783	0.066982999444
4784	4785	0.066982999444
4785	4784	0.066982999444
4785	4786	0.066982999444
4786	4785	0.066982999444
4786	4787	0.066982999444
4787	4786	0.066982999444
4787	4788	0.066982999444
4788	4787	0.066982999444
4788	4789	0.066982999444
4789	4788	0.066982999444
4789	4790	0.066982999444
4790	4789	0.066982999444
4790	4791	0.066982999444
4791	4790	0.066982999444
4791	4792	0.066982999444
4792	4791	0.066982999444
4792	4793	0.066982999444
4793	4792	0.066982999444
4793	4794	0.066982999444
4794	4793	0.066982999444
4794	4795	0.066982999444
4795	4794	0.066982999444
4795	4796	0.066982999444
4796	4795	0.066982999444
4796	4797	0.066982999444
4797	4796	0.066982999444
4797	4798	0.066982999444
4798	4797	0.066982999444
4798	4799	0.066982999444
4799	4798	0.066982999444
4799	4800	0.066982999444
4800	4799	0.066982999444
4800	4801	0.066982999444
4801	4800	0.066982999444
4801	4802	0.066982999444
4802	4801	0.066982999444
4802	4803	0.066982999444
4803	4802	0.066982999444
4803	4804	0.066982999444
4804	4803	0.066982999444
4804	4805	0.066982999444
4805	4804	0.066982999444
4806	4772	0.129366993904
4806	4807	0.129366993904
4807	4806	0.129366993904
4807	4808	0.129366993904
4808	4807	0.129366993904
4808	4809	0.129366993904
4809	4808	0.129366993904
4809	4810	0.129366993904
4810	4809	0.129366993904
4810	4811	0.129366993904
4811	4810	0.129366993904
4811	4812	0.129366993904
4812	4811	0.129366993904
4812	4813	0.124626502395
4812	4982	0.0612144991755
4813	4812	0.124626502395
4813	4814	0.124626502395
4814	4813	0.124626502395
4814	4815	0.124626502395
4815	4814	0.124626502395
4815	4816	0.124626502395
4816	4815	0.124626502395
4816	4817	0.124626502395
4817	4816	0.124626502395
4817	4818	0.124626502395
4818	4817	0.124626502395
4818	4819	0.124626502395
4819	4818	0.124626502395
4819	4820	0.124626502395
4820	4819	0.124626502395
4820	4821	0.124626502395
4821	4820	0.124626502395
4821	4822	0.124626502395
4822	4821	0.124626502395
4822	4823	0.124626502395
4823	4822	0.124626502395
4823	4824	0.124626502395
4824	4823	0.124626502395
4824	4825	0.124626502395
4825	4824	0.124626502395
4825	4826	0.124626502395
4826	4825	0.124626502395
4826	4827	0.124626502395
4827	4826	0.124626502395
4827	4828	0.124626502395
4828	4827	0.124626502395
4828	4829	0.124626502395
4829	4828	0.124626502395
4829	4830	0.124626502395
4830	4829	0.124626502395
4830	4831	0.124626502395
4831	4830	0.124626502395
4831	4832	0.124626502395
4832	4831	0.124626502395
4832	4833	0.124626502395
4833	4832	0.124626502395
4833	4834	0.124626502395
4834	4833	0.124626502395
4834	4835	0.114429503679
4834	4945	0.0759050026536
4835	4834	0.114429503679
4835	4836	0.114429503679
4836	4835	0.114429503679
4836	4837	0.114429503679
4837	4836	0.114429503679
4837	4838	0.114429503679
4838	4837	0.114429503679
4838	4839	0.114429503679
4839	4838	0.114429503679
4839	4840	0.114429503679
4840	4839	0.114429503679
4840	4841	0.114429503679
4841	4840	0.114429503679
4841	4842	0.114429503679
4842	4841	0.114429503679
4842	4843	0.114429503679
4843	4842	0.114429503679
4843	4844	0.114429503679
4844	4843	0.114429503679
4844	4845	0.114429503679
4845	4844	0.114429503679
4845	4846	0.114429503679
4846	4845	0.114429503679
4846	4847	0.114429503679
4847	4846	0.114429503679
4847	4848	0.114429503679
4848	4847	0.114429503679
4848	4849	0.114429503679
4849	4848	0.114429503679
4849	4850	0.114429503679
4850	4849	0.114429503679
4850	4851	0.114429503679
4851	4850	0.114429503679
4851	4852	0.114429503679
4852	4851	0.114429503679
4852	4853	0.114429503679
4853	4852	0.114429503679
4853	4854	0.114429503679
4854	4853	0.114429503679
4854	4855	0.114429503679
4855	4854	0.114429503679
4855	4856	0.114429503679
4856	4855	0.114429503679
4856	4857	0.0651199966669
4856	4870	0.106917500496
4857	4856	0.0651199966669
4857	4858	0.0651199966669
4858	4857	0.0651199966669
4858	4859	0.0651199966669
4859	4858	0.0651199966669
4859	4860	0.0651199966669
4860	4859	0.0651199966669
4860	4861	0.0651199966669
4861	4860	0.0651199966669
4861	4862	0.0651199966669
4862	4861	0.0651199966669
4862	4863	0.0651199966669
4863	4862	0.0651199966669
4863	4864	0.0651199966669
4864	4863	0.0651199966669
4864	4865	0.0651199966669
4865	4864	0.0651199966669
4865	4866	0.0651199966669
4866	4865	0.0651199966669
4866	4867	0.0651199966669
4867	4866	0.0651199966669
4867	4868	0.0651199966669
4868	4867	0.0651199966669
4868	4869	0.0651199966669
4869	4868	0.0651199966669
4870	4856	0.106917500496
4870	4871	0.106917500496
4871	4870	0.106917500496
4871	4872	0.0803065001965
4871	4901	0.0889720022678
4872	4871	0.0803065001965
4872	4873	0.0803065001965
4873	4872	0.0803065001965
4873	4874	0.0803065001965
4874	4873	0.0803065001965
4874	4875	0.0803065001965
4875	4874	0.0803065001965
4875	4876	0.0803065001965
4876	4875	0.0803065001965
4876	4877	0.0803065001965
4877	4876	0.0803065001965
4877	4878	0.0803065001965
4878	4877	0.0803065001965
4878	4879	0.0803065001965
4879	4878	0.0803065001965
4879	4880	0.0803065001965
4880	4879	0.0803065001965
4880	4881	0.0803065001965
4881	4880	0.0803065001965
4881	4882	0.0803065001965
4882	4881	0.0803065001965
4882	4883	0.0803065001965
4883	4882	0.0803065001965
4883	4884	0.0803065001965
4884	4883	0.0803065001965
4884	4885	0.0803065001965
4885	4884	0.0803065001965
4885	4886	0.0803065001965
4886	4885	0.0803065001965
4886	4887	0.0803065001965
4887	4886	0.0803065001965
4887	4888	0.0803065001965
4888	4887	0.0803065001965
4888	4889	0.0803065001965
4889	4888	0.0803065001965
4889	4890	0.0803065001965
4890	4889	0.0803065001965
4890	4891	0.0803065001965
4891	4890	0.0803065001965
4891	4892	0.0803065001965
4892	4891	0.0803065001965
4892	4893	0.0803065001965
4893	4892	0.0803065001965
4893	4894	0.0803065001965
4894	4893	0.0803065001965
4894	4895	0.0803065001965
4895	4894	0.0803065001965
4895	4896	0.0803065001965
4896	4895	0.0803065001965
4896	4897	0.0803065001965
4897	4896	0.0803065001965
4897	4898	0.0803065001965
4898	4897	0.0803065001965
4898	4899	0.0803065001965
4899	4898	0.0803065001965
4899	4900	0.0803065001965
4900	4899	0.0803065001965
4901	4871	0.0889720022678
4901	4902	0.0889720022678
4902	4901	0.0889720022678
4902	4903	0.0889720022678
4903	4902	0.0889720022678
4903	4904	0.0889720022678
4904	4903	0.0889720022678
4904	4905	0.0889720022678
4905	4904	0.0889720022678
4905	4906	0.0889720022678
4906	4905	0.0889720022678
4906	4907	0.0889720022678
4907	4906	0.0889720022678
4907	4908	0.0889720022678
4908	4907	0.0889720022678
4908	4909	0.0889720022678
4909	4908	0.0889720022678
4909	4910	0.0889720022678
4910	4909	0.0889720022678
4910	4911	0.0889720022678
4911	4910	0.0889720022678
4911	4912	0.0889720022678
4912	4911	0.0889720022678
4912	4913	0.0889720022678
4913	4912	0.0889720022678
4913	4914	0.0889720022678
4914	4913	0.0889720022678
4914	4915	0.0889720022678
4915	4914	0.0889720022678
4915	4916	0.0889720022678
4916	4915	0.0889720022678
4916	4917	0.0889720022678
4917	4916	0.0889720022678
4917	4918	0.0889720022678
4918	4917	0.0889720022678
4918	4919	0.0889720022678
4919	4918	0.0889720022678
4919	4920	0.0889720022678
4920	4919	0.0889720022678
4920	4921	0.0889720022678
4921	4920	0.0889720022678
4921	4922	0.0889720022678
4922	4921	0.0889720022678
4922	4923	0.0889720022678
4923	4922	0.0889720022678
4923	4924	0.0889720022678
4924	4923	0.0889720022678
4924	4925	0.0889720022678
4925	4924	0.0889720022678
4925	4926	0.0889720022678
4926	4925	0.0889720022678
4926	4927	0.0889720022678
4927	4926	0.0889720022678
4927	4928	0.0889720022678
4928	4927	0.0889720022678
4928	4929	0.0889720022678
4929	4928	0.0889720022678
4929	4930	0.0889720022678
4930	4929	0.0889720022678
4930	4931	0.0889720022678
4931	4930	0.0889720022678
4931	4932	0.0889720022678
4932	4931	0.0889720022678
4932	4933	0.0889720022678
4933	4932	0.0889720022678
4933	4934	0.0889720022678
4934	4933	0.0889720022678
4934	4935	0.0889720022678
4935	4934	0.0889720022678
4935	4936	0.0889720022678
4936	4935	0.0889720022678
4936	4937	0.0889720022678
4937	4936	0.0889720022678
4937	4938	0.0889720022678
4938	4937	0.0889720022678
4938	4939	0.0889720022678
4939	4938	0.0889720022678
4939	4940	0.0889720022678
4940	4939	0.0889720022678
4940	4941	0.0889720022678
4941	4940	0.0889720022678
4941	4942	0.0889720022678
4942	4941	0.0889720022678
4942	4943	0.0889720022678
4943	4942	0.0889720022678
4943	4944	0.0889720022678
4944	4943	0.0889720022678
4945	4834	0.0759050026536
4945	4946	0.0759050026536
4946	4945	0.0759050026536
4946	4947	0.0759050026536
4947	4946	0.0759050026536
4947	4948	0.0759050026536
4948	4947	0.0759050026536
4948	4949	0.0759050026536
4949	4948	0.0759050026536
4949	4950	0.0759050026536
4950	4949	0.0759050026536
4950	4951	0.0759050026536
4951	4950	0.0759050026536
4951	4952	0.0759050026536
4952	4951	0.0759050026536
4952	4953	0.0759050026536
4953	4952	0.0759050026536
4953	4954	0.0759050026536
4954	4953	0.0759050026536
4954	4955	0.0759050026536
4955	4954	0.0759050026536
4955	4956	0.0759050026536
4956	4955	0.0759050026536
4956	4957	0.0759050026536
4957	4956	0.0759050026536
4957	4958	0.0759050026536
4958	4957	0.0759050026536
4958	4959	0.0759050026536
4959	4958	0.0759050026536
4959	4960	0.0759050026536
4960	4959	0.0759050026536
4960	4961	0.0759050026536
4961	4960	0.0759050026536
4961	4962	0.0759050026536
4962	4961	0.0759050026536
4962	4963	0.0759050026536
4963	4962	0.0759050026536
4963	4964	0.0759050026536
4964	4963	0.0759050026536
4964	4965	0.0759050026536
4965	4964	0.0759050026536
4965	4966	0.0759050026536
4966	4965	0.0759050026536
4966	4967	0.0759050026536
4967	4966	0.0759050026536
4967	4968	0.0759050026536
4968	4967	0.0759050026536
4968	4969	0.0759050026536
4969	4968	0.0759050026536
4969	4970	0.0759050026536
4970	4969	0.0759050026536
4970	4971	0.0759050026536
4971	4970	0.0759050026536
4971	4972	0.0759050026536
4972	4971	0.0759050026536
4972	4973	0.0759050026536
4973	4972	0.0759050026536
4973	4974	0.0759050026536
4974	4973	0.0759050026536
4974	4975	0.0759050026536
4975	4974	0.0759050026536
4975	4976	0.0759050026536
4976	4975	0.0759050026536
4976	4977	0.0759050026536
4977	4976	0.0759050026536
4977	4978	0.0759050026536
4978	4977	0.0759050026536
4978	4979	0.0759050026536
4979	4978	0.0759050026536
4979	4980	0.0759050026536
4980	4979	0.0759050026536
4980	4981	0.0759050026536
4981	4980	0.0759050026536
4982	4812	0.0612144991755
4982	4983	0.0612144991755
4983	4982	0.0612144991755
4983	4984	0.0612144991755
4984	4983	0.0612144991755
4984	4985	0.0612144991755
4985	4984	0.0612144991755
4985	4986	0.0612144991755
4986	4985	0.0612144991755
4986	4987	0.0612144991755
4987	4986	0.0612144991755
4987	4988	0.0612144991755
4988	4987	0.0612144991755
4988	4989	0.0612144991755
4989	4988	0.0612144991755
4989	4990	0.0612144991755
4990	4989	0.0612144991755
4990	4991	0.0612144991755
4991	4990	0.0612144991755
4991	4992	0.0612144991755
4992	4991	0.0612144991755
4992	4993	0.0612144991755
4993	4992	0.0612144991755
4993	4994	0.0612144991755
4994	4993	0.0612144991755
4994	4995	0.0612144991755
4995	4994	0.0612144991755
4995	4996	0.0612144991755
4996	4995	0.0612144991755
4996	4997	0.0612144991755
4997	4996	0.0612144991755
4997	4998	0.0612144991755
4998	4997	0.0612144991755
4998	4999	0.0612144991755
4999	4998	0.0612144991755
4999	5000	0.0612144991755
5000	4999	0.0612144991755
5000	5001	0.0612144991755
5001	5000	0.0612144991755
5001	5002	0.0612144991755
5002	5001	0.0612144991755
5003	4765	0.0888125002384
5003	5004	0.0888125002384
5004	5003	0.0888125002384
5004	5005	0.0888125002384
5005	5004	0.0888125002384
5005	5006	0.0888125002384
5006	5005	0.0888125002384
5006	5007	0.0888125002384
5007	5006	0.0888125002384
5007	5008	0.0888125002384
5008	5007	0.0888125002384
5008	5009	0.0888125002384
5009	5008	0.0888125002384
5009	5010	0.0888125002384
5010	5009	0.0888125002384
5010	5011	0.0888125002384
5011	5010	0.0888125002384
5011	5012	0.0888125002384
5012	5011	0.0888125002384
5012	5013	0.0888125002384
5013	5012	0.0888125002384
5013	5014	0.0888125002384
5014	5013	0.0888125002384
5014	5015	0.0888125002384
5015	5014	0.0888125002384
5015	5016	0.0888125002384
5016	5015	0.0888125002384
5016	5017	0.0888125002384
5017	5016	0.0888125002384
5017	5018	0.0888125002384
5018	5017	0.0888125002384
5018	5019	0.0888125002384
5019	5018	0.0888125002384
5019	5020	0.0888125002384
5020	5019	0.0888125002384
5020	5021	0.0888125002384
5021	5020	0.0888125002384
5021	5022	0.0888125002384
5022	5021	0.0888125002384
5022	5023	0.0676539987326
5022	5046	0.0731154978275
5023	5022	0.0676539987326
5023	5024	0.0676539987326
5024	5023	0.0676539987326
5024	5025	0.0676539987326
5025	5024	0.0676539987326
5025	5026	0.0676539987326
5026	5025	0.0676539987326
5026	5027	0.0676539987326
5027	5026	0.0676539987326
5027	5028	0.0676539987326
5028	5027	0.0676539987326
5028	5029	0.0676539987326
5029	5028	0.0676539987326
5029	5030	0.0676539987326
5030	5029	0.0676539987326
5030	5031	0.0676539987326
5031	5030	0.0676539987326
5031	5032	0.0676539987326
5032	5031	0.0676539987326
5032	5033	0.0676539987326
5033	5032	0.0676539987326
5033	5034	0.0676539987326
5034	5033	0.0676539987326
5034	5035	0.0676539987326
5035	5034	0.0676539987326
5035	5036	0.0676539987326
5036	5035	0.0676539987326
5036	5037	0.0676539987326
5037	5036	0.0676539987326
5037	5038	0.0676539987326
5038	5037	0.0676539987326
5038	5039	0.0676539987326
5039	5038	0.0676539987326
5039	5040	0.0676539987326
5040	5039	0.0676539987326
5040	5041	0.0676539987326
5041	5040	0.0676539987326
5041	5042	0.0676539987326
5042	5041	0.0676539987326
5042	5043	0.0676539987326
5043	5042	0.0676539987326
5043	5044	0.0676539987326
5044	5043	0.0676539987326
5044	5045	0.0676539987326
5045	5044	0.0676539987326
5046	5022	0.0731154978275
5046	5047	0.0731154978275
5047	5046	0.0731154978275
5047	5048	0.0731154978275
5048	5047	0.0731154978275
5048	5049	0.0731154978275
5049	5048	0.0731154978275
5049	5050	0.0731154978275
5050	5049	0.0731154978275
5050	5051	0.0731154978275
5051	5050	0.0731154978275
5051	5052	0.0731154978275
5052	5051	0.0731154978275
5052	5053	0.0731154978275
5053	5052	0.0731154978275
5053	5054	0.0731154978275
5054	5053	0.0731154978275
5054	5055	0.0731154978275
5055	5054	0.0731154978275
5055	5056	0.0731154978275
5056	5055	0.0731154978275
5056	5057	0.0731154978275
5057	5056	0.0731154978275
5057	5058	0.0731154978275
5058	5057	0.0731154978275
5058	5059	0.0731154978275
5059	5058	0.0731154978275
5059	5060	0.0731154978275
5060	5059	0.0731154978275
5060	5061	0.0731154978275
5061	5060	0.0731154978275
5061	5062	0.0731154978275
5062	5061	0.0731154978275
5062	5063	0.0731154978275
5063	5062	0.0731154978275
5063	5064	0.0731154978275
5064	5063	0.0731154978275
5064	5065	0.0731154978275
5065	5064	0.0731154978275
5065	5066	0.0731154978275
5066	5065	0.0731154978275
5066	5067	0.0731154978275
5067	5066	0.0731154978275
5067	5068	0.0731154978275
5068	5067	0.0731154978275
5068	5069	0.0731154978275
5069	5068	0.0731154978275
5069	5070	0.0731154978275
5070	5069	0.0731154978275
5070	5071	0.0731154978275
5071	5070	0.0731154978275
5071	5072	0.0731154978275
5072	5071	0.0731154978275
5072	5073	0.0731154978275
5073	5072	0.0731154978275
5073	5074	0.0731154978275
5074	5073	0.0731154978275
5074	5075	0.0731154978275
5075	5074	0.0731154978275
5075	5076	0.0731154978275
5076	5075	0.0731154978275
5076	5077	0.0731154978275
5077	5076	0.0731154978275
5078	4609	0.0578894987702
5078	5079	0.0578894987702
5079	5078	0.0578894987702
5079	5080	0.0578894987702
5080	5079	0.0578894987702
5080	5081	0.0578894987702
5081	5080	0.0578894987702
5081	5082	0.0578894987702
5082	5081	0.0578894987702
5082	5083	0.0578894987702
5083	5082	0.0578894987702
5083	5084	0.0578894987702
5084	5083	0.0578894987702
5084	5085	0.0578894987702
5085	5084	0.0578894987702
5085	5086	0.0578894987702
5086	5085	0.0578894987702
5086	5087	0.0578894987702
5087	5086	0.0578894987702
5087	5088	0.0578894987702
5088	5087	0.0578894987702
5088	5089	0.0578894987702
5089	5088	0.0578894987702
5089	5090	0.0578894987702
5090	5089	0.0578894987702
5090	5091	0.0578894987702
5091	5090	0.0578894987702
5091	5092	0.0578894987702
5092	5091	0.0578894987702
5092	5093	0.0578894987702
5093	5092	0.0578894987702
5093	5094	0.0578894987702
5094	5093	0.0578894987702
5094	5095	0.0578894987702
5095	5094	0.0578894987702
5095	5096	0.0578894987702
5096	5095	0.0578894987702
5096	5097	0.0578894987702
5097	5096	0.0578894987702
5097	5098	0.0578894987702
5098	5097	0.0578894987702
5098	5099	0.0578894987702
5099	5098	0.0578894987702
5099	5100	0.0578894987702
5100	5099	0.0578894987702
5100	5101	0.0578894987702
5101	5100	0.0578894987702
5101	5102	0.0578894987702
5102	5101	0.0578894987702
5102	5103	0.0578894987702
5103	5102	0.0578894987702
5104	4447	0.0430544987321
5104	5105	0.0430544987321
5105	5104	0.0430544987321
5105	5106	0.0430544987321
5106	5105	0.0430544987321
5106	5107	0.0430544987321
5107	5106	0.0430544987321
5107	5108	0.0430544987321
5108	5107	0.0430544987321
5108	5109	0.0430544987321
5109	5108	0.0430544987321
5109	5110	0.0430544987321
5110	5109	0.0430544987321
5110	5111	0.0430544987321
5111	5110	0.0430544987321
5111	5112	0.0430544987321
5112	5111	0.0430544987321
5112	5113	0.0430544987321
5113	5112	0.0430544987321
5114	4390	0.150823995471
5114	5115	0.150823995471
5115	5114	0.150823995471
5115	5116	0.150823995471
5116	5115	0.150823995471
5116	5117	0.150823995471
5117	5116	0.150823995471
5117	5118	0.150823995471
5118	5117	0.150823995471
5118	5119	0.150823995471
5119	5118	0.150823995471
5119	5120	0.150823995471
5120	5119	0.150823995471
5120	5121	0.150823995471
5121	5120	0.150823995471
5121	5122	0.150823995471
5122	5121	0.150823995471
5122	5123	0.150823995471
5123	5122	0.150823995471
5123	5124	0.150823995471
5124	5123	0.150823995471
5124	5125	0.150823995471
5125	5124	0.150823995471
5125	5126	0.150823995471
5126	5125	0.150823995471
5126	5127	0.150823995471
5127	5126	0.150823995471
5127	5128	0.150823995471
5128	5127	0.150823995471
5128	5129	0.150823995471
5129	5128	0.150823995471
5129	5130	0.150823995471
5130	5129	0.150823995471
5130	5131	0.150823995471
5131	5130	0.150823995471
5131	5132	0.150823995471
5132	5131	0.150823995471
5132	5133	0.150823995471
5133	5132	0.150823995471
5133	5134	0.150823995471
5134	5133	0.150823995471
5134	5135	0.150823995471
5135	5134	0.150823995471
5135	5136	0.150823995471
5136	5135	0.150823995471
5136	5137	0.150823995471
5137	5136	0.150823995471
5137	5138	0.150823995471
5138	5137	0.150823995471
5138	5139	0.150823995471
5139	5138	0.150823995471
5139	5140	0.150823995471
5140	5139	0.150823995471
5140	5141	0.150823995471
5141	5140	0.150823995471
5141	5142	0.150823995471
5142	5141	0.150823995471
5142	5143	0.149032503366
5142	5522	0.0494375005364
5143	5142	0.149032503366
5143	5144	0.149032503366
5144	5143	0.149032503366
5144	5145	0.149032503366
5145	5144	0.149032503366
5145	5146	0.149032503366
5146	5145	0.149032503366
5146	5147	0.149032503366
5147	5146	0.149032503366
5147	5148	0.149032503366
5148	5147	0.149032503366
5148	5149	0.149032503366
5149	5148	0.149032503366
5149	5150	0.149032503366
5150	5149	0.149032503366
5150	5151	0.149032503366
5151	5150	0.149032503366
5151	5152	0.149032503366
5152	5151	0.149032503366
5152	5153	0.149032503366
5153	5152	0.149032503366
5153	5154	0.149032503366
5154	5153	0.149032503366
5154	5155	0.149032503366
5155	5154	0.149032503366
5155	5156	0.149032503366
5156	5155	0.149032503366
5156	5157	0.149032503366
5157	5156	0.149032503366
5157	5158	0.149032503366
5158	5157	0.149032503366
5158	5159	0.149032503366
5159	5158	0.149032503366
5159	5160	0.149032503366
5160	5159	0.149032503366
5160	5161	0.149032503366
5161	5160	0.149032503366
5161	5162	0.149032503366
5162	5161	0.149032503366
5162	5163	0.149032503366
5163	5162	0.149032503366
5163	5164	0.149032503366
5164	5163	0.149032503366
5164	5165	0.149032503366
5165	5164	0.149032503366
5165	5166	0.149032503366
5166	5165	0.149032503366
5166	5167	0.149032503366
5167	5166	0.149032503366
5167	5168	0.149032503366
5168	5167	0.149032503366
5168	5169	0.149032503366
5169	5168	0.149032503366
5169	5170	0.149032503366
5170	5169	0.149032503366
5170	5171	0.149032503366
5171	5170	0.149032503366
5171	5172	0.145982503891
5171	5494	0.0583939999342
5172	5171	0.145982503891
5172	5173	0.145982503891
5173	5172	0.145982503891
5173	5174	0.145982503891
5174	5173	0.145982503891
5174	5175	0.145982503891
5175	5174	0.145982503891
5175	5176	0.145982503891
5176	5175	0.145982503891
5176	5177	0.145982503891
5177	5176	0.145982503891
5177	5178	0.145982503891
5178	5177	0.145982503891
5178	5179	0.145982503891
5179	5178	0.145982503891
5179	5180	0.145982503891
5180	5179	0.145982503891
5180	5181	0.145982503891
5181	5180	0.145982503891
5181	5182	0.145982503891
5182	5181	0.145982503891
5182	5183	0.145982503891
5183	5182	0.145982503891
5183	5184	0.145982503891
5184	5183	0.145982503891
5184	5185	0.145982503891
5185	5184	0.145982503891
5185	5186	0.145982503891
5186	5185	0.145982503891
5186	5187	0.145982503891
5187	5186	0.145982503891
5187	5188	0.145982503891
5188	5187	0.145982503891
5188	5189	0.145982503891
5189	5188	0.145982503891
5189	5190	0.145982503891
5190	5189	0.145982503891
5190	5191	0.145982503891
5191	5190	0.145982503891
5191	5192	0.145982503891
5192	5191	0.145982503891
5192	5193	0.145982503891
5193	5192	0.145982503891
5193	5194	0.145982503891
5194	5193	0.145982503891
5194	5195	0.138842999935
5194	5451	0.0757390037179
5195	5194	0.138842999935
5195	5196	0.138842999935
5196	5195	0.138842999935
5196	5197	0.138842999935
5197	5196	0.138842999935
5197	5198	0.138842999935
5198	5197	0.138842999935
5198	5199	0.138842999935
5199	5198	0.138842999935
5199	5200	0.138842999935
5200	5199	0.138842999935
5200	5201	0.138842999935
5201	5200	0.138842999935
5201	5202	0.138842999935
5202	5201	0.138842999935
5202	5203	0.138842999935
5203	5202	0.138842999935
5203	5204	0.138842999935
5204	5203	0.138842999935
5204	5205	0.138842999935
5205	5204	0.138842999935
5205	5206	0.138842999935
5206	5205	0.138842999935
5206	5207	0.138842999935
5207	5206	0.138842999935
5207	5208	0.138842999935
5208	5207	0.138842999935
5208	5209	0.069155998528
5208	5247	0.132871001959
5209	5208	0.069155998528
5209	5210	0.069155998528
5210	5209	0.069155998528
5210	5211	0.069155998528
5211	5210	0.069155998528
5211	5212	0.069155998528
5212	5211	0.069155998528
5212	5213	0.069155998528
5213	5212	0.069155998528
5213	5214	0.069155998528
5214	5213	0.069155998528
5214	5215	0.069155998528
5215	5214	0.069155998528
5215	5216	0.069155998528
5216	5215	0.069155998528
5216	5217	0.069155998528
5217	5216	0.069155998528
5217	5218	0.069155998528
5218	5217	0.069155998528
5218	5219	0.069155998528
5219	5218	0.069155998528
5219	5220	0.069155998528
5220	5219	0.069155998528
5220	5221	0.069155998528
5221	5220	0.069155998528
5221	5222	0.069155998528
5222	5221	0.069155998528
5222	5223	0.069155998528
5223	5222	0.069155998528
5223	5224	0.069155998528
5224	5223	0.069155998528
5224	5225	0.069155998528
5225	5224	0.069155998528
5225	5226	0.069155998528
5226	5225	0.069155998528
5226	5227	0.069155998528
5227	5226	0.069155998528
5227	5228	0.069155998528
5228	5227	0.069155998528
5228	5229	0.069155998528
5229	5228	0.069155998528
5229	5230	0.069155998528
5230	5229	0.069155998528
5230	5231	0.069155998528
5231	5230	0.069155998528
5231	5232	0.069155998528
5232	5231	0.069155998528
5232	5233	0.069155998528
5233	5232	0.069155998528
5233	5234	0.069155998528
5234	5233	0.069155998528
5234	5235	0.069155998528
5235	5234	0.069155998528
5235	5236	0.069155998528
5236	5235	0.069155998528
5236	5237	0.069155998528
5237	5236	0.069155998528
5237	5238	0.069155998528
5238	5237	0.069155998528
5238	5239	0.069155998528
5239	5238	0.069155998528
5239	5240	0.069155998528
5240	5239	0.069155998528
5240	5241	0.069155998528
5241	5240	0.069155998528
5241	5242	0.069155998528
5242	5241	0.069155998528
5242	5243	0.069155998528
5243	5242	0.069155998528
5243	5244	0.069155998528
5244	5243	0.069155998528
5244	5245	0.069155998528
5245	5244	0.069155998528
5245	5246	0.069155998528
5246	5245	0.069155998528
5247	5208	0.132871001959
5247	5248	0.132871001959
5248	5247	0.132871001959
5248	5249	0.132871001959
5249	5248	0.132871001959
5249	5250	0.132871001959
5250	5249	0.132871001959
5250	5251	0.132871001959
5251	5250	0.132871001959
5251	5252	0.132871001959
5252	5251	0.132871001959
5252	5253	0.132871001959
5253	5252	0.132871001959
5253	5254	0.132871001959
5254	5253	0.132871001959
5254	5255	0.132871001959
5255	5254	0.132871001959
5255	5256	0.132871001959
5256	5255	0.132871001959
5256	5257	0.111719496548
5256	5372	0.0983524993062
5257	5256	0.111719496548
5257	5258	0.111719496548
5258	5257	0.111719496548
5258	5259	0.111719496548
5259	5258	0.111719496548
5259	5260	0.111719496548
5260	5259	0.111719496548
5260	5261	0.111719496548
5261	5260	0.111719496548
5261	5262	0.111719496548
5262	5261	0.111719496548
5262	5263	0.111719496548
5263	5262	0.111719496548
5263	5264	0.111719496548
5264	5263	0.111719496548
5264	5265	0.111719496548
5265	5264	0.111719496548
5265	5266	0.111719496548
5266	5265	0.111719496548
5266	5267	0.111719496548
5267	5266	0.111719496548
5267	5268	0.111719496548
5268	5267	0.111719496548
5268	5269	0.111719496548
5269	5268	0.111719496548
5269	5270	0.111719496548
5270	5269	0.111719496548
5270	5271	0.111719496548
5271	5270	0.111719496548
5271	5272	0.111719496548
5272	5271	0.111719496548
5272	5273	0.111719496548
5273	5272	0.111719496548
5273	5274	0.111719496548
5274	5273	0.111719496548
5274	5275	0.111719496548
5275	5274	0.111719496548
5275	5276	0.111719496548
5276	5275	0.111719496548
5276	5277	0.111719496548
5277	5276	0.111719496548
5277	5278	0.111719496548
5278	5277	0.111719496548
5278	5279	0.111719496548
5279	5278	0.111719496548
5279	5280	0.111719496548
5280	5279	0.111719496548
5280	5281	0.111719496548
5281	5280	0.111719496548
5281	5282	0.111719496548
5282	5281	0.111719496548
5282	5283	0.111719496548
5283	5282	0.111719496548
5283	5284	0.111719496548
5284	5283	0.111719496548
5284	5285	0.111719496548
5285	5284	0.111719496548
5285	5286	0.111719496548
5286	5285	0.111719496548
5286	5287	0.103160500526
5286	5355	0.0666865035892
5287	5286	0.103160500526
5287	5288	0.103160500526
5288	5287	0.103160500526
5288	5289	0.103160500526
5289	5288	0.103160500526
5289	5290	0.103160500526
5290	5289	0.103160500526
5290	5291	0.103160500526
5291	5290	0.103160500526
5291	5292	0.103160500526
5292	5291	0.103160500526
5292	5293	0.103160500526
5293	5292	0.103160500526
5293	5294	0.103160500526
5294	5293	0.103160500526
5294	5295	0.103160500526
5295	5294	0.103160500526
5295	5296	0.103160500526
5296	5295	0.103160500526
5296	5297	0.103160500526
5297	5296	0.103160500526
5297	5298	0.103160500526
5298	5297	0.103160500526
5298	5299	0.103160500526
5299	5298	0.103160500526
5299	5300	0.103160500526
5300	5299	0.103160500526
5300	5301	0.103160500526
5301	5300	0.103160500526
5301	5302	0.103160500526
5302	5301	0.103160500526
5302	5303	0.103160500526
5303	5302	0.103160500526
5303	5304	0.103160500526
5304	5303	0.103160500526
5304	5305	0.103160500526
5305	5304	0.103160500526
5305	5306	0.103160500526
5306	5305	0.103160500526
5306	5307	0.103160500526
5307	5306	0.103160500526
5307	5308	0.103160500526
5308	5307	0.103160500526
5308	5309	0.103160500526
5309	5308	0.103160500526
5309	5310	0.103160500526
5310	5309	0.103160500526
5310	5311	0.103160500526
5311	5310	0.103160500526
5311	5312	0.0919684991241
5311	5345	0.0683955028653
5312	5311	0.0919684991241
5312	5313	0.0919684991241
5313	5312	0.0919684991241
5313	5314	0.0919684991241
5314	5313	0.0919684991241
5314	5315	0.0919684991241
5315	5314	0.0919684991241
5315	5316	0.0919684991241
5316	5315	0.0919684991241
5316	5317	0.0919684991241
5317	5316	0.0919684991241
5317	5318	0.0919684991241
5318	5317	0.0919684991241
5318	5319	0.0919684991241
5319	5318	0.0919684991241
5319	5320	0.0919684991241
5320	5319	0.0919684991241
5320	5321	0.0919684991241
5321	5320	0.0919684991241
5321	5322	0.0919684991241
5322	5321	0.0919684991241
5322	5323	0.0919684991241
5323	5322	0.0919684991241
5323	5324	0.0919684991241
5324	5323	0.0919684991241
5324	5325	0.0919684991241
5325	5324	0.0919684991241
5325	5326	0.0919684991241
5326	5325	0.0919684991241
5326	5327	0.0919684991241
5327	5326	0.0919684991241
5327	5328	0.0919684991241
5328	5327	0.0919684991241
5328	5329	0.0919684991241
5329	5328	0.0919684991241
5329	5330	0.0919684991241
5330	5329	0.0919684991241
5330	5331	0.0919684991241
5331	5330	0.0919684991241
5331	5332	0.0919684991241
5332	5331	0.0919684991241
5332	5333	0.0919684991241
5333	5332	0.0919684991241
5333	5334	0.0919684991241
5334	5333	0.0919684991241
5334	5335	0.0919684991241
5335	5334	0.0919684991241
5335	5336	0.0919684991241
5336	5335	0.0919684991241
5336	5337	0.0919684991241
5337	5336	0.0919684991241
5337	5338	0.0919684991241
5338	5337	0.0919684991241
5338	5339	0.0919684991241
5339	5338	0.0919684991241
5339	5340	0.0919684991241
5340	5339	0.0919684991241
5340	5341	0.0919684991241
5341	5340	0.0919684991241
5341	5342	0.0919684991241
5342	5341	0.0919684991241
5342	5343	0.0919684991241
5343	5342	0.0919684991241
5343	5344	0.0919684991241
5344	5343	0.0919684991241
5345	5311	0.0683955028653
5345	5346	0.0683955028653
5346	5345	0.0683955028653
5346	5347	0.0683955028653
5347	5346	0.0683955028653
5347	5348	0.0683955028653
5348	5347	0.0683955028653
5348	5349	0.0683955028653
5349	5348	0.0683955028653
5349	5350	0.0683955028653
5350	5349	0.0683955028653
5350	5351	0.0683955028653
5351	5350	0.0683955028653
5351	5352	0.0683955028653
5352	5351	0.0683955028653
5352	5353	0.0683955028653
5353	5352	0.0683955028653
5353	5354	0.0683955028653
5354	5353	0.0683955028653
5355	5286	0.0666865035892
5355	5356	0.0666865035892
5356	5355	0.0666865035892
5356	5357	0.0666865035892
5357	5356	0.0666865035892
5357	5358	0.0666865035892
5358	5357	0.0666865035892
5358	5359	0.0666865035892
5359	5358	0.0666865035892
5359	5360	0.0666865035892
5360	5359	0.0666865035892
5360	5361	0.0666865035892
5361	5360	0.0666865035892
5361	5362	0.0666865035892
5362	5361	0.0666865035892
5362	5363	0.0666865035892
5363	5362	0.0666865035892
5363	5364	0.0666865035892
5364	5363	0.0666865035892
5364	5365	0.0666865035892
5365	5364	0.0666865035892
5365	5366	0.0666865035892
5366	5365	0.0666865035892
5366	5367	0.0666865035892
5367	5366	0.0666865035892
5367	5368	0.0666865035892
5368	5367	0.0666865035892
5368	5369	0.0666865035892
5369	5368	0.0666865035892
5369	5370	0.0666865035892
5370	5369	0.0666865035892
5370	5371	0.0666865035892
5371	5370	0.0666865035892
5372	5256	0.0983524993062
5372	5373	0.0983524993062
5373	5372	0.0983524993062
5373	5374	0.0983524993062
5374	5373	0.0983524993062
5374	5375	0.0983524993062
5375	5374	0.0983524993062
5375	5376	0.0983524993062
5376	5375	0.0983524993062
5376	5377	0.0983524993062
5377	5376	0.0983524993062
5377	5378	0.0983524993062
5378	5377	0.0983524993062
5378	5379	0.0983524993062
5379	5378	0.0983524993062
5379	5380	0.0983524993062
5380	5379	0.0983524993062
5380	5381	0.0919779986143
5380	5440	0.0557469986379
5381	5380	0.0919779986143
5381	5382	0.0919779986143
5382	5381	0.0919779986143
5382	5383	0.0919779986143
5383	5382	0.0919779986143
5383	5384	0.0919779986143
5384	5383	0.0919779986143
5384	5385	0.0919779986143
5385	5384	0.0919779986143
5385	5386	0.0919779986143
5386	5385	0.0919779986143
5386	5387	0.0919779986143
5387	5386	0.0919779986143
5387	5388	0.0919779986143
5388	5387	0.0919779986143
5388	5389	0.0919779986143
5389	5388	0.0919779986143
5389	5390	0.0919779986143
5390	5389	0.0919779986143
5390	5391	0.0919779986143
5391	5390	0.0919779986143
5391	5392	0.0919779986143
5392	5391	0.0919779986143
5392	5393	0.0919779986143
5393	5392	0.0919779986143
5393	5394	0.0919779986143
5394	5393	0.0919779986143
5394	5395	0.0919779986143
5395	5394	0.0919779986143
5395	5396	0.0919779986143
5396	5395	0.0919779986143
5396	5397	0.0919779986143
5397	5396	0.0919779986143
5397	5398	0.0919779986143
5398	5397	0.0919779986143
5398	5399	0.0919779986143
5399	5398	0.0919779986143
5399	5400	0.0919779986143
5400	5399	0.0919779986143
5400	5401	0.0872604995966
5400	5437	0.0484459996223
5401	5400	0.0872604995966
5401	5402	0.0872604995966
5402	5401	0.0872604995966
5402	5403	0.0872604995966
5403	5402	0.0872604995966
5403	5404	0.0872604995966
5404	5403	0.0872604995966
5404	5405	0.0872604995966
5405	5404	0.0872604995966
5405	5406	0.0872604995966
5406	5405	0.0872604995966
5406	5407	0.0872604995966
5407	5406	0.0872604995966
5407	5408	0.0872604995966
5408	5407	0.0872604995966
5408	5409	0.0872604995966
5409	5408	0.0872604995966
5409	5410	0.0872604995966
5410	5409	0.0872604995966
5410	5411	0.0872604995966
5411	5410	0.0872604995966
5411	5412	0.0872604995966
5412	5411	0.0872604995966
5412	5413	0.0872604995966
5413	5412	0.0872604995966
5413	5414	0.0872604995966
5414	5413	0.0872604995966
5414	5415	0.0872604995966
5415	5414	0.0872604995966
5415	5416	0.0872604995966
5416	5415	0.0872604995966
5416	5417	0.0872604995966
5417	5416	0.0872604995966
5417	5418	0.0872604995966
5418	5417	0.0872604995966
5418	5419	0.0872604995966
5419	5418	0.0872604995966
5419	5420	0.0872604995966
5420	5419	0.0872604995966
5420	5421	0.0872604995966
5421	5420	0.0872604995966
5421	5422	0.0872604995966
5422	5421	0.0872604995966
5422	5423	0.0872604995966
5423	5422	0.0872604995966
5423	5424	0.0872604995966
5424	5423	0.0872604995966
5424	5425	0.0872604995966
5425	5424	0.0872604995966
5425	5426	0.0872604995966
5426	5425	0.0872604995966
5426	5427	0.0872604995966
5427	5426	0.0872604995966
5427	5428	0.0872604995966
5428	5427	0.0872604995966
5428	5429	0.0872604995966
5429	5428	0.0872604995966
5429	5430	0.0872604995966
5430	5429	0.0872604995966
5430	5431	0.0872604995966
5431	5430	0.0872604995966
5431	5432	0.0872604995966
5432	5431	0.0872604995966
5432	5433	0.0872604995966
5433	5432	0.0872604995966
5433	5434	0.0872604995966
5434	5433	0.0872604995966
5434	5435	0.0872604995966
5435	5434	0.0872604995966
5435	5436	0.0872604995966
5436	5435	0.0872604995966
5437	5400	0.0484459996223
5437	5438	0.0484459996223
5438	5437	0.0484459996223
5438	5439	0.0484459996223
5439	5438	0.0484459996223
5440	5380	0.0557469986379
5440	5441	0.0557469986379
5441	5440	0.0557469986379
5441	5442	0.0557469986379
5442	5441	0.0557469986379
5442	5443	0.0557469986379
5443	5442	0.0557469986379
5443	5444	0.0557469986379
5444	5443	0.0557469986379
5444	5445	0.0557469986379
5445	5444	0.0557469986379
5445	5446	0.0557469986379
5446	5445	0.0557469986379
5446	5447	0.0557469986379
5447	5446	0.0557469986379
5447	5448	0.0557469986379
5448	5447	0.0557469986379
5448	5449	0.0557469986379
5449	5448	0.0557469986379
5449	5450	0.0557469986379
5450	5449	0.0557469986379
5451	5194	0.0757390037179
5451	5452	0.0757390037179
5452	5451	0.0757390037179
5452	5453	0.0757390037179
5453	5452	0.0757390037179
5453	5454	0.0757390037179
5454	5453	0.0757390037179
5454	5455	0.0757390037179
5455	5454	0.0757390037179
5455	5456	0.0757390037179
5456	5455	0.0757390037179
5456	5457	0.0757390037179
5457	5456	0.0757390037179
5457	5458	0.0757390037179
5458	5457	0.0757390037179
5458	5459	0.0757390037179
5459	5458	0.0757390037179
5459	5460	0.0757390037179
5460	5459	0.0757390037179
5460	5461	0.0757390037179
5461	5460	0.0757390037179
5461	5462	0.064957998693
5461	5484	0.0543305017054
5462	5461	0.064957998693
5462	5463	0.064957998693
5463	5462	0.064957998693
5463	5464	0.064957998693
5464	5463	0.064957998693
5464	5465	0.064957998693
5465	5464	0.064957998693
5465	5466	0.064957998693
5466	5465	0.064957998693
5466	5467	0.064957998693
5467	5466	0.064957998693
5467	5468	0.064957998693
5468	5467	0.064957998693
5468	5469	0.064957998693
5469	5468	0.064957998693
5469	5470	0.064957998693
5470	5469	0.064957998693
5470	5471	0.064957998693
5471	5470	0.064957998693
5471	5472	0.064957998693
5472	5471	0.064957998693
5472	5473	0.064957998693
5473	5472	0.064957998693
5473	5474	0.064957998693
5474	5473	0.064957998693
5474	5475	0.064957998693
5475	5474	0.064957998693
5475	5476	0.064957998693
5476	5475	0.064957998693
5476	5477	0.064957998693
5477	5476	0.064957998693
5477	5478	0.064957998693
5478	5477	0.064957998693
5478	5479	0.064957998693
5479	5478	0.064957998693
5479	5480	0.064957998693
5480	5479	0.064957998693
5480	5481	0.064957998693
5481	5480	0.064957998693
5481	5482	0.064957998693
5482	5481	0.064957998693
5482	5483	0.064957998693
5483	5482	0.064957998693
5484	5461	0.0543305017054
5484	5485	0.0543305017054
5485	5484	0.0543305017054
5485	5486	0.0543305017054
5486	5485	0.0543305017054
5486	5487	0.0543305017054
5487	5486	0.0543305017054
5487	5488	0.0543305017054
5488	5487	0.0543305017054
5488	5489	0.0543305017054
5489	5488	0.0543305017054
5489	5490	0.0543305017054
5490	5489	0.0543305017054
5490	5491	0.0543305017054
5491	5490	0.0543305017054
5491	5492	0.0543305017054
5492	5491	0.0543305017054
5492	5493	0.0543305017054
5493	5492	0.0543305017054
5494	5171	0.0583939999342
5494	5495	0.0583939999342
5495	5494	0.0583939999342
5495	5496	0.0583939999342
5496	5495	0.0583939999342
5496	5497	0.0583939999342
5497	5496	0.0583939999342
5497	5498	0.0583939999342
5498	5497	0.0583939999342
5498	5499	0.0583939999342
5499	5498	0.0583939999342
5499	5500	0.0583939999342
5500	5499	0.0583939999342
5500	5501	0.0583939999342
5501	5500	0.0583939999342
5501	5502	0.0583939999342
5502	5501	0.0583939999342
5502	5503	0.0583939999342
5503	5502	0.0583939999342
5503	5504	0.0583939999342
5504	5503	0.0583939999342
5504	5505	0.0583939999342
5505	5504	0.0583939999342
5505	5506	0.0583939999342
5506	5505	0.0583939999342
5506	5507	0.0583939999342
5507	5506	0.0583939999342
5507	5508	0.0583939999342
5508	5507	0.0583939999342
5508	5509	0.0583939999342
5509	5508	0.0583939999342
5509	5510	0.0583939999342
5510	5509	0.0583939999342
5510	5511	0.0583939999342
5511	5510	0.0583939999342
5511	5512	0.0583939999342
5512	5511	0.0583939999342
5512	5513	0.0583939999342
5513	5512	0.0583939999342
5513	5514	0.0583939999342
5514	5513	0.0583939999342
5514	5515	0.0583939999342
5515	5514	0.0583939999342
5515	5516	0.0583939999342
5516	5515	0.0583939999342
5516	5517	0.0583939999342
5517	5516	0.0583939999342
5517	5518	0.0583939999342
5518	5517	0.0583939999342
5518	5519	0.0583939999342
5519	5518	0.0583939999342
5519	5520	0.0583939999342
5520	5519	0.0583939999342
5520	5521	0.0583939999342
5521	5520	0.0583939999342
5522	5142	0.0494375005364
5522	5523	0.0494375005364
5523	5522	0.0494375005364
5523	5524	0.0494375005364
5524	5523	0.0494375005364
5524	5525	0.0494375005364
5525	5524	0.0494375005364
5525	5526	0.0494375005364
5526	5525	0.0494375005364
5526	5527	0.0494375005364
5527	5526	0.0494375005364
5527	5528	0.0494375005364
5528	5527	0.0494375005364
5528	5529	0.0494375005364
5529	5528	0.0494375005364
5529	5530	0.0494375005364
5530	5529	0.0494375005364
5530	5531	0.0494375005364
5531	5530	0.0494375005364
5531	5532	0.0494375005364
5532	5531	0.0494375005364
5532	5533	0.0494375005364
5533	5532	0.0494375005364
5533	5534	0.0494375005364
5534	5533	0.0494375005364
5534	5535	0.0494375005364
5535	5534	0.0494375005364
5535	5536	0.0494375005364
5536	5535	0.0494375005364
5536	5537	0.0494375005364
5537	5536	0.0494375005364
5537	5538	0.0494375005364
5538	5537	0.0494375005364
5538	5539	0.0494375005364
5539	5538	0.0494375005364
5540	4378	0.0500329993665
5540	5541	0.0500329993665
5541	5540	0.0500329993665
5541	5542	0.0500329993665
5542	5541	0.0500329993665
5542	5543	0.0500329993665
5543	5542	0.0500329993665
5543	5544	0.0500329993665
5544	5543	0.0500329993665
5544	5545	0.0500329993665
5545	5544	0.0500329993665
5545	5546	0.0500329993665
5546	5545	0.0500329993665
5546	5547	0.0500329993665
5547	5546	0.0500329993665
5547	5548	0.0500329993665
5548	5547	0.0500329993665
5548	5549	0.0500329993665
5549	5548	0.0500329993665
5549	5550	0.0500329993665
5550	5549	0.0500329993665
5550	5551	0.0500329993665
5551	5550	0.0500329993665
5551	5552	0.0500329993665
5552	5551	0.0500329993665
5552	5553	0.0500329993665
5553	5552	0.0500329993665
5553	5554	0.0500329993665
5554	5553	0.0500329993665
5554	5555	0.0500329993665
5555	5554	0.0500329993665
5555	5556	0.0500329993665
5556	5555	0.0500329993665
5556	5557	0.0500329993665
5557	5556	0.0500329993665
5557	5558	0.0500329993665
5558	5557	0.0500329993665
5558	5559	0.0500329993665
5559	5558	0.0500329993665
5559	5560	0.0500329993665
5560	5559	0.0500329993665
5560	5561	0.0500329993665
5561	5560	0.0500329993665
5561	5562	0.0500329993665
5562	5561	0.0500329993665
5562	5563	0.0500329993665
5563	5562	0.0500329993665
5564	4287	0.0457425005734
5564	5565	0.0457425005734
5565	5564	0.0457425005734
5565	5566	0.0457425005734
5566	5565	0.0457425005734
5566	5567	0.0457425005734
5567	5566	0.0457425005734
5567	5568	0.0457425005734
5568	5567	0.0457425005734
5568	5569	0.0457425005734
5569	5568	0.0457425005734
5569	5570	0.0457425005734
5570	5569	0.0457425005734
5570	5571	0.0457425005734
5571	5570	0.0457425005734
5571	5572	0.0457425005734
5572	5571	0.0457425005734
5572	5573	0.0457425005734
5573	5572	0.0457425005734
5573	5574	0.0457425005734
5574	5573	0.0457425005734
5574	5575	0.0457425005734
5575	5574	0.0457425005734
5575	5576	0.0457425005734
5576	5575	0.0457425005734
5576	5577	0.0457425005734
5577	5576	0.0457425005734
5577	5578	0.0457425005734
5578	5577	0.0457425005734
5578	5579	0.0457425005734
5579	5578	0.0457425005734
5579	5580	0.0457425005734
5580	5579	0.0457425005734
5580	5581	0.0457425005734
5581	5580	0.0457425005734
5581	5582	0.0457425005734
5582	5581	0.0457425005734
5583	3109	0.100465998054
5583	5584	0.100465998054
5584	5583	0.100465998054
5584	5585	0.100465998054
5585	5584	0.100465998054
5585	5586	0.100465998054
5586	5585	0.100465998054
5586	5587	0.100465998054
5587	5586	0.100465998054
5587	5588	0.100465998054
5588	5587	0.100465998054
5588	5589	0.097055003047
5588	5792	0.0463869981468
5589	5588	0.097055003047
5589	5590	0.097055003047
5590	5589	0.097055003047
5590	5591	0.097055003047
5591	5590	0.097055003047
5591	5592	0.097055003047
5592	5591	0.097055003047
5592	5593	0.097055003047
5593	5592	0.097055003047
5593	5594	0.097055003047
5594	5593	0.097055003047
5594	5595	0.0916379988194
5594	5758	0.052499499172
5595	5594	0.0916379988194
5595	5596	0.0916379988194
5596	5595	0.0916379988194
5596	5597	0.0916379988194
5597	5596	0.0916379988194
5597	5598	0.0916379988194
5598	5597	0.0916379988194
5598	5599	0.0916379988194
5599	5598	0.0916379988194
5599	5600	0.0916379988194
5600	5599	0.0916379988194
5600	5601	0.0916379988194
5601	5600	0.0916379988194
5601	5602	0.0916379988194
5602	5601	0.0916379988194
5602	5603	0.0916379988194
5603	5602	0.0916379988194
5603	5604	0.0916379988194
5604	5603	0.0916379988194
5604	5605	0.0582959987223
5604	5651	0.0829820036888
5605	5604	0.0582959987223
5605	5606	0.0582959987223
5606	5605	0.0582959987223
5606	5607	0.0582959987223
5607	5606	0.0582959987223
5607	5608	0.0582959987223
5608	5607	0.0582959987223
5608	5609	0.0582959987223
5609	5608	0.0582959987223
5609	5610	0.0582959987223
5610	5609	0.0582959987223
5610	5611	0.0582959987223
5611	5610	0.0582959987223
5611	5612	0.0582959987223
5612	5611	0.0582959987223
5612	5613	0.0582959987223
5613	5612	0.0582959987223
5613	5614	0.0582959987223
5614	5613	0.0582959987223
5614	5615	0.0582959987223
5615	5614	0.0582959987223
5615	5616	0.0582959987223
5616	5615	0.0582959987223
5616	5617	0.0582959987223
5617	5616	0.0582959987223
5617	5618	0.0582959987223
5618	5617	0.0582959987223
5618	5619	0.0582959987223
5619	5618	0.0582959987223
5619	5620	0.0582959987223
5620	5619	0.0582959987223
5620	5621	0.0582959987223
5621	5620	0.0582959987223
5621	5622	0.0582959987223
5622	5621	0.0582959987223
5622	5623	0.0582959987223
5623	5622	0.0582959987223
5623	5624	0.0582959987223
5624	5623	0.0582959987223
5624	5625	0.0582959987223
5625	5624	0.0582959987223
5625	5626	0.0582959987223
5626	5625	0.0582959987223
5626	5627	0.0582959987223
5627	5626	0.0582959987223
5627	5628	0.0582959987223
5628	5627	0.0582959987223
5628	5629	0.0582959987223
5629	5628	0.0582959987223
5629	5630	0.0582959987223
5630	5629	0.0582959987223
5630	5631	0.0582959987223
5631	5630	0.0582959987223
5631	5632	0.0582959987223
5632	5631	0.0582959987223
5632	5633	0.0582959987223
5633	5632	0.0582959987223
5633	5634	0.0582959987223
5634	5633	0.0582959987223
5634	5635	0.0582959987223
5635	5634	0.0582959987223
5635	5636	0.0582959987223
5636	5635	0.0582959987223
5636	5637	0.0582959987223
5637	5636	0.0582959987223
5637	5638	0.0582959987223
5638	5637	0.0582959987223
5638	5639	0.0582959987223
5639	5638	0.0582959987223
5639	5640	0.0582959987223
5640	5639	0.0582959987223
5640	5641	0.0582959987223
5641	5640	0.0582959987223
5641	5642	0.0582959987223
5642	5641	0.0582959987223
5642	5643	0.0582959987223
5643	5642	0.0582959987223
5643	5644	0.0582959987223
5644	5643	0.0582959987223
5644	5645	0.0582959987223
5645	5644	0.0582959987223
5645	5646	0.0582959987223
5646	5645	0.0582959987223
5646	5647	0.0582959987223
5647	5646	0.0582959987223
5647	5648	0.0582959987223
5648	5647	0.0582959987223
5648	5649	0.0582959987223
5649	5648	0.0582959987223
5649	5650	0.0582959987223
5650	5649	0.0582959987223
5651	5604	0.0829820036888
5651	5652	0.0829820036888
5652	5651	0.0829820036888
5652	5653	0.0829820036888
5653	5652	0.0829820036888
5653	5654	0.0829820036888
5654	5653	0.0829820036888
5654	5655	0.0829820036888
5655	5654	0.0829820036888
5655	5656	0.0829820036888
5656	5655	0.0829820036888
5656	5657	0.0829820036888
5657	5656	0.0829820036888
5657	5658	0.0829820036888
5658	5657	0.0829820036888
5658	5659	0.0829820036888
5659	5658	0.0829820036888
5659	5660	0.0829820036888
5660	5659	0.0829820036888
5660	5661	0.0471710003912
5660	5677	0.0775540024042
5661	5660	0.0471710003912
5661	5662	0.0471710003912
5662	5661	0.0471710003912
5662	5663	0.0471710003912
5663	5662	0.0471710003912
5663	5664	0.0471710003912
5664	5663	0.0471710003912
5664	5665	0.0471710003912
5665	5664	0.0471710003912
5665	5666	0.0471710003912
5666	5665	0.0471710003912
5666	5667	0.0471710003912
5667	5666	0.0471710003912
5667	5668	0.0471710003912
5668	5667	0.0471710003912
5668	5669	0.0471710003912
5669	5668	0.0471710003912
5669	5670	0.0471710003912
5670	5669	0.0471710003912
5670	5671	0.0471710003912
5671	5670	0.0471710003912
5671	5672	0.0471710003912
5672	5671	0.0471710003912
5672	5673	0.0471710003912
5673	5672	0.0471710003912
5673	5674	0.0471710003912
5674	5673	0.0471710003912
5674	5675	0.0471710003912
5675	5674	0.0471710003912
5675	5676	0.0471710003912
5676	5675	0.0471710003912
5677	5660	0.0775540024042
5677	5678	0.0775540024042
5678	5677	0.0775540024042
5678	5679	0.0775540024042
5679	5678	0.0775540024042
5679	5680	0.0775540024042
5680	5679	0.0775540024042
5680	5681	0.0775540024042
5681	5680	0.0775540024042
5681	5682	0.0775540024042
5682	5681	0.0775540024042
5682	5683	0.0775540024042
5683	5682	0.0775540024042
5683	5684	0.0775540024042
5684	5683	0.0775540024042
5684	5685	0.0775540024042
5685	5684	0.0775540024042
5685	5686	0.0775540024042
5686	5685	0.0775540024042
5686	5687	0.0775540024042
5687	5686	0.0775540024042
5687	5688	0.0775540024042
5688	5687	0.0775540024042
5688	5689	0.0775540024042
5689	5688	0.0775540024042
5689	5690	0.0775540024042
5690	5689	0.0775540024042
5690	5691	0.0775540024042
5691	5690	0.0775540024042
5691	5692	0.0775540024042
5692	5691	0.0775540024042
5692	5693	0.0775540024042
5693	5692	0.0775540024042
5693	5694	0.0775540024042
5694	5693	0.0775540024042
5694	5695	0.0775540024042
5695	5694	0.0775540024042
5695	5696	0.0775540024042
5696	5695	0.0775540024042
5696	5697	0.0775540024042
5697	5696	0.0775540024042
5697	5698	0.0775540024042
5698	5697	0.0775540024042
5698	5699	0.0775540024042
5699	5698	0.0775540024042
5699	5700	0.0775540024042
5700	5699	0.0775540024042
5700	5701	0.0775540024042
5701	5700	0.0775540024042
5701	5702	0.0775540024042
5702	5701	0.0775540024042
5702	5703	0.0555000007153
5702	5721	0.0666069984436
5703	5702	0.0555000007153
5703	5704	0.0555000007153
5704	5703	0.0555000007153
5704	5705	0.0555000007153
5705	5704	0.0555000007153
5705	5706	0.0555000007153
5706	5705	0.0555000007153
5706	5707	0.0555000007153
5707	5706	0.0555000007153
5707	5708	0.0555000007153
5708	5707	0.0555000007153
5708	5709	0.0555000007153
5709	5708	0.0555000007153
5709	5710	0.0555000007153
5710	5709	0.0555000007153
5710	5711	0.0555000007153
5711	5710	0.0555000007153
5711	5712	0.0555000007153
5712	5711	0.0555000007153
5712	5713	0.0555000007153
5713	5712	0.0555000007153
5713	5714	0.0555000007153
5714	5713	0.0555000007153
5714	5715	0.0555000007153
5715	5714	0.0555000007153
5715	5716	0.0555000007153
5716	5715	0.0555000007153
5716	5717	0.0555000007153
5717	5716	0.0555000007153
5717	5718	0.0555000007153
5718	5717	0.0555000007153
5718	5719	0.0555000007153
5719	5718	0.0555000007153
5719	5720	0.0555000007153
5720	5719	0.0555000007153
5721	5702	0.0666069984436
5721	5722	0.0666069984436
5722	5721	0.0666069984436
5722	5723	0.0666069984436
5723	5722	0.0666069984436
5723	5724	0.0666069984436
5724	5723	0.0666069984436
5724	5725	0.0666069984436
5725	5724	0.0666069984436
5725	5726	0.0666069984436
5726	5725	0.0666069984436
5726	5727	0.0666069984436
5727	5726	0.0666069984436
5727	5728	0.0666069984436
5728	5727	0.0666069984436
5728	5729	0.0666069984436
5729	5728	0.0666069984436
5729	5730	0.0666069984436
5730	5729	0.0666069984436
5730	5731	0.0666069984436
5731	5730	0.0666069984436
5731	5732	0.0666069984436
5732	5731	0.0666069984436
5732	5733	0.0666069984436
5733	5732	0.0666069984436
5733	5734	0.0666069984436
5734	5733	0.0666069984436
5734	5735	0.0666069984436
5735	5734	0.0666069984436
5735	5736	0.0666069984436
5736	5735	0.0666069984436
5736	5737	0.0666069984436
5737	5736	0.0666069984436
5737	5738	0.0666069984436
5738	5737	0.0666069984436
5738	5739	0.0666069984436
5739	5738	0.0666069984436
5739	5740	0.0666069984436
5740	5739	0.0666069984436
5740	5741	0.0666069984436
5741	5740	0.0666069984436
5741	5742	0.0666069984436
5742	5741	0.0666069984436
5742	5743	0.0666069984436
5743	5742	0.0666069984436
5743	5744	0.0666069984436
5744	5743	0.0666069984436
5744	5745	0.0666069984436
5745	5744	0.0666069984436
5745	5746	0.0666069984436
5746	5745	0.0666069984436
5746	5747	0.0666069984436
5747	5746	0.0666069984436
5747	5748	0.0666069984436
5748	5747	0.0666069984436
5748	5749	0.0666069984436
5749	5748	0.0666069984436
5749	5750	0.0666069984436
5750	5749	0.0666069984436
5750	5751	0.0666069984436
5751	5750	0.0666069984436
5751	5752	0.0666069984436
5752	5751	0.0666069984436
5752	5753	0.0666069984436
5753	5752	0.0666069984436
5753	5754	0.0666069984436
5754	5753	0.0666069984436
5754	5755	0.0666069984436
5755	5754	0.0666069984436
5755	5756	0.0666069984436
5756	5755	0.0666069984436
5756	5757	0.0666069984436
5757	5756	0.0666069984436
5758	5594	0.052499499172
5758	5759	0.052499499172
5759	5758	0.052499499172
5759	5760	0.052499499172
5760	5759	0.052499499172
5760	5761	0.052499499172
5761	5760	0.052499499172
5761	5762	0.052499499172
5762	5761	0.052499499172
5762	5763	0.052499499172
5763	5762	0.052499499172
5763	5764	0.052499499172
5764	5763	0.052499499172
5764	5765	0.052499499172
5765	5764	0.052499499172
5765	5766	0.052499499172
5766	5765	0.052499499172
5766	5767	0.052499499172
5767	5766	0.052499499172
5767	5768	0.052499499172
5768	5767	0.052499499172
5768	5769	0.052499499172
5769	5768	0.052499499172
5769	5770	0.052499499172
5770	5769	0.052499499172
5770	5771	0.052499499172
5771	5770	0.052499499172
5771	5772	0.052499499172
5772	5771	0.052499499172
5772	5773	0.052499499172
5773	5772	0.052499499172
5773	5774	0.052499499172
5774	5773	0.052499499172
5774	5775	0.052499499172
5775	5774	0.052499499172
5775	5776	0.052499499172
5776	5775	0.052499499172
5776	5777	0.052499499172
5777	5776	0.052499499172
5777	5778	0.052499499172
5778	5777	0.052499499172
5778	5779	0.052499499172
5779	5778	0.052499499172
5779	5780	0.052499499172
5780	5779	0.052499499172
5780	5781	0.052499499172
5781	5780	0.052499499172
5781	5782	0.052499499172
5782	5781	0.052499499172
5782	5783	0.052499499172
5783	5782	0.052499499172
5783	5784	0.052499499172
5784	5783	0.052499499172
5784	5785	0.052499499172
5785	5784	0.052499499172
5785	5786	0.052499499172
5786	5785	0.052499499172
5786	5787	0.052499499172
5787	5786	0.052499499172
5787	5788	0.052499499172
5788	5787	0.052499499172
5788	5789	0.052499499172
5789	5788	0.052499499172
5789	5790	0.052499499172
5790	5789	0.052499499172
5790	5791	0.052499499172
5791	5790	0.052499499172
5792	5588	0.0463869981468
5792	5793	0.0463869981468
5793	5792	0.0463869981468
5793	5794	0.0463869981468
5794	5793	0.0463869981468
5794	5795	0.0463869981468
5795	5794	0.0463869981468
5795	5796	0.0463869981468
5796	5795	0.0463869981468
5796	5797	0.0463869981468
5797	5796	0.0463869981468
5797	5798	0.0463869981468
5798	5797	0.0463869981468
5798	5799	0.0463869981468
5799	5798	0.0463869981468
5799	5800	0.0463869981468
5800	5799	0.0463869981468
5800	5801	0.0463869981468
5801	5800	0.0463869981468
5801	5802	0.0463869981468
5802	5801	0.0463869981468
5802	5803	0.0463869981468
5803	5802	0.0463869981468
5803	5804	0.0463869981468
5804	5803	0.0463869981468
5804	5805	0.0463869981468
5805	5804	0.0463869981468
5805	5806	0.0463869981468
5806	5805	0.0463869981468
5806	5807	0.0463869981468
5807	5806	0.0463869981468
5807	5808	0.0463869981468
5808	5807	0.0463869981468
5808	5809	0.0463869981468
5809	5808	0.0463869981468
5809	5810	0.0463869981468
5810	5809	0.0463869981468
5810	5811	0.0463869981468
5811	5810	0.0463869981468
5811	5812	0.0463869981468
5812	5811	0.0463869981468
5812	5813	0.0463869981468
5813	5812	0.0463869981468
5814	3072	0.111891001463
5814	5815	0.111891001463
5815	5814	0.111891001463
5815	5816	0.111891001463
5816	5815	0.111891001463
5816	5817	0.111891001463
5817	5816	0.111891001463
5817	5818	0.111891001463
5818	5817	0.111891001463
5818	5819	0.111891001463
5819	5818	0.111891001463
5819	5820	0.111891001463
5820	5819	0.111891001463
5820	5821	0.111891001463
5821	5820	0.111891001463
5821	5822	0.111891001463
5822	5821	0.111891001463
5822	5823	0.111891001463
5823	5822	0.111891001463
5823	5824	0.111891001463
5824	5823	0.111891001463
5824	5825	0.111891001463
5825	5824	0.111891001463
5825	5826	0.111891001463
5826	5825	0.111891001463
5826	5827	0.111891001463
5827	5826	0.111891001463
5827	5828	0.111891001463
5828	5827	0.111891001463
5828	5829	0.110242500901
5828	6061	0.0393659994006
5829	5828	0.110242500901
5829	5830	0.110242500901
5830	5829	0.110242500901
5830	5831	0.110242500901
5831	5830	0.110242500901
5831	5832	0.110242500901
5832	5831	0.110242500901
5832	5833	0.110242500901
5833	5832	0.110242500901
5833	5834	0.110242500901
5834	5833	0.110242500901
5834	5835	0.110242500901
5835	5834	0.110242500901
5835	5836	0.110242500901
5836	5835	0.110242500901
5836	5837	0.110242500901
5837	5836	0.110242500901
5837	5838	0.110242500901
5838	5837	0.110242500901
5838	5839	0.110242500901
5839	5838	0.110242500901
5839	5840	0.110242500901
5840	5839	0.110242500901
5840	5841	0.110242500901
5841	5840	0.110242500901
5841	5842	0.110242500901
5842	5841	0.110242500901
5842	5843	0.110242500901
5843	5842	0.110242500901
5843	5844	0.110242500901
5844	5843	0.110242500901
5844	5845	0.110242500901
5845	5844	0.110242500901
5845	5846	0.110242500901
5846	5845	0.110242500901
5846	5847	0.110242500901
5847	5846	0.110242500901
5847	5848	0.110242500901
5848	5847	0.110242500901
5848	5849	0.110242500901
5849	5848	0.110242500901
5849	5850	0.110242500901
5850	5849	0.110242500901
5850	5851	0.110242500901
5851	5850	0.110242500901
5851	5852	0.0448084995151
5851	5867	0.107717499137
5852	5851	0.0448084995151
5852	5853	0.0448084995151
5853	5852	0.0448084995151
5853	5854	0.0448084995151
5854	5853	0.0448084995151
5854	5855	0.0448084995151
5855	5854	0.0448084995151
5855	5856	0.0448084995151
5856	5855	0.0448084995151
5856	5857	0.0448084995151
5857	5856	0.0448084995151
5857	5858	0.0448084995151
5858	5857	0.0448084995151
5858	5859	0.0448084995151
5859	5858	0.0448084995151
5859	5860	0.0448084995151
5860	5859	0.0448084995151
5860	5861	0.0448084995151
5861	5860	0.0448084995151
5861	5862	0.0448084995151
5862	5861	0.0448084995151
5862	5863	0.0448084995151
5863	5862	0.0448084995151
5863	5864	0.0448084995151
5864	5863	0.0448084995151
5864	5865	0.0448084995151
5865	5864	0.0448084995151
5865	5866	0.0448084995151
5866	5865	0.0448084995151
5867	5851	0.107717499137
5867	5868	0.107717499137
5868	5867	0.107717499137
5868	5869	0.107717499137
5869	5868	0.107717499137
5869	5870	0.107717499137
5870	5869	0.107717499137
5870	5871	0.107717499137
5871	5870	0.107717499137
5871	5872	0.107717499137
5872	5871	0.107717499137
5872	5873	0.107717499137
5873	5872	0.107717499137
5873	5874	0.107717499137
5874	5873	0.107717499137
5874	5875	0.107717499137
5875	5874	0.107717499137
5875	5876	0.107717499137
5876	5875	0.107717499137
5876	5877	0.107717499137
5877	5876	0.107717499137
5877	5878	0.107717499137
5878	5877	0.107717499137
5878	5879	0.107717499137
5879	5878	0.107717499137
5879	5880	0.107717499137
5880	5879	0.107717499137
5880	5881	0.107717499137
5881	5880	0.107717499137
5881	5882	0.107717499137
5882	5881	0.107717499137
5882	5883	0.107717499137
5883	5882	0.107717499137
5883	5884	0.107717499137
5884	5883	0.107717499137
5884	5885	0.107717499137
5885	5884	0.107717499137
5885	5886	0.107717499137
5886	5885	0.107717499137
5886	5887	0.107717499137
5887	5886	0.107717499137
5887	5888	0.107717499137
5888	5887	0.107717499137
5888	5889	0.107717499137
5889	5888	0.107717499137
5889	5890	0.107717499137
5890	5889	0.107717499137
5890	5891	0.107717499137
5891	5890	0.107717499137
5891	5892	0.107717499137
5892	5891	0.107717499137
5892	5893	0.107717499137
5893	5892	0.107717499137
5893	5894	0.104211002588
5893	6045	0.0490670017898
5894	5893	0.104211002588
5894	5895	0.104211002588
5895	5894	0.104211002588
5895	5896	0.104211002588
5896	5895	0.104211002588
5896	5897	0.104211002588
5897	5896	0.104211002588
5897	5898	0.104211002588
5898	5897	0.104211002588
5898	5899	0.104211002588
5899	5898	0.104211002588
5899	5900	0.104211002588
5900	5899	0.104211002588
5900	5901	0.104211002588
5901	5900	0.104211002588
5901	5902	0.104211002588
5902	5901	0.104211002588
5902	5903	0.104211002588
5903	5902	0.104211002588
5903	5904	0.104211002588
5904	5903	0.104211002588
5904	5905	0.104211002588
5905	5904	0.104211002588
5905	5906	0.104211002588
5906	5905	0.104211002588
5906	5907	0.104211002588
5907	5906	0.104211002588
5907	5908	0.104211002588
5908	5907	0.104211002588
5908	5909	0.104211002588
5909	5908	0.104211002588
5909	5910	0.104211002588
5910	5909	0.104211002588
5910	5911	0.104211002588
5911	5910	0.104211002588
5911	5912	0.104211002588
5912	5911	0.104211002588
5912	5913	0.104211002588
5913	5912	0.104211002588
5913	5914	0.104211002588
5914	5913	0.104211002588
5914	5915	0.104211002588
5915	5914	0.104211002588
5915	5916	0.104211002588
5916	5915	0.104211002588
5916	5917	0.104211002588
5917	5916	0.104211002588
5917	5918	0.104211002588
5918	5917	0.104211002588
5918	5919	0.104211002588
5919	5918	0.104211002588
5919	5920	0.104211002588
5920	5919	0.104211002588
5920	5921	0.0795885026455
5920	5977	0.0856164991856
5921	5920	0.0795885026455
5921	5922	0.0795885026455
5922	5921	0.0795885026455
5922	5923	0.0795885026455
5923	5922	0.0795885026455
5923	5924	0.0795885026455
5924	5923	0.0795885026455
5924	5925	0.0795885026455
5925	5924	0.0795885026455
5925	5926	0.0795885026455
5926	5925	0.0795885026455
5926	5927	0.0795885026455
5927	5926	0.0795885026455
5927	5928	0.0795885026455
5928	5927	0.0795885026455
5928	5929	0.0795885026455
5929	5928	0.0795885026455
5929	5930	0.0795885026455
5930	5929	0.0795885026455
5930	5931	0.0795885026455
5931	5930	0.0795885026455
5931	5932	0.0795885026455
5932	5931	0.0795885026455
5932	5933	0.0795885026455
5933	5932	0.0795885026455
5933	5934	0.0795885026455
5934	5933	0.0795885026455
5934	5935	0.0795885026455
5935	5934	0.0795885026455
5935	5936	0.0438480004668
5935	5940	0.0748789981008
5936	5935	0.0438480004668
5936	5937	0.0438480004668
5937	5936	0.0438480004668
5937	5938	0.0438480004668
5938	5937	0.0438480004668
5938	5939	0.0438480004668
5939	5938	0.0438480004668
5940	5935	0.0748789981008
5940	5941	0.0748789981008
5941	5940	0.0748789981008
5941	5942	0.0748789981008
5942	5941	0.0748789981008
5942	5943	0.0748789981008
5943	5942	0.0748789981008
5943	5944	0.0748789981008
5944	5943	0.0748789981008
5944	5945	0.0748789981008
5945	5944	0.0748789981008
5945	5946	0.0748789981008
5946	5945	0.0748789981008
5946	5947	0.0748789981008
5947	5946	0.0748789981008
5947	5948	0.0748789981008
5948	5947	0.0748789981008
5948	5949	0.0748789981008
5949	5948	0.0748789981008
5949	5950	0.0748789981008
5950	5949	0.0748789981008
5950	5951	0.0748789981008
5951	5950	0.0748789981008
5951	5952	0.0748789981008
5952	5951	0.0748789981008
5952	5953	0.0748789981008
5953	5952	0.0748789981008
5953	5954	0.0748789981008
5954	5953	0.0748789981008
5954	5955	0.0748789981008
5955	5954	0.0748789981008
5955	5956	0.0748789981008
5956	5955	0.0748789981008
5956	5957	0.0748789981008
5957	5956	0.0748789981008
5957	5958	0.0748789981008
5958	5957	0.0748789981008
5958	5959	0.0748789981008
5959	5958	0.0748789981008
5959	5960	0.0748789981008
5960	5959	0.0748789981008
5960	5961	0.0748789981008
5961	5960	0.0748789981008
5961	5962	0.0748789981008
5962	5961	0.0748789981008
5962	5963	0.0748789981008
5963	5962	0.0748789981008
5963	5964	0.0748789981008
5964	5963	0.0748789981008
5964	5965	0.0748789981008
5965	5964	0.0748789981008
5965	5966	0.0748789981008
5966	5965	0.0748789981008
5966	5967	0.0748789981008
5967	5966	0.0748789981008
5967	5968	0.0748789981008
5968	5967	0.0748789981008
5968	5969	0.0748789981008
5969	5968	0.0748789981008
5969	5970	0.0748789981008
5970	5969	0.0748789981008
5970	5971	0.0748789981008
5971	5970	0.0748789981008
5971	5972	0.0748789981008
5972	5971	0.0748789981008
5972	5973	0.0748789981008
5973	5972	0.0748789981008
5973	5974	0.0748789981008
5974	5973	0.0748789981008
5974	5975	0.0748789981008
5975	5974	0.0748789981008
5975	5976	0.0748789981008
5976	5975	0.0748789981008
5977	5920	0.0856164991856
5977	5978	0.0856164991856
5978	5977	0.0856164991856
5978	5979	0.0856164991856
5979	5978	0.0856164991856
5979	5980	0.0856164991856
5980	5979	0.0856164991856
5980	5981	0.0856164991856
5981	5980	0.0856164991856
5981	5982	0.0856164991856
5982	5981	0.0856164991856
5982	5983	0.0856164991856
5983	5982	0.0856164991856
5983	5984	0.0856164991856
5984	5983	0.0856164991856
5984	5985	0.0856164991856
5985	5984	0.0856164991856
5985	5986	0.0856164991856
5986	5985	0.0856164991856
5986	5987	0.0856164991856
5987	5986	0.0856164991856
5987	5988	0.0856164991856
5988	5987	0.0856164991856
5988	5989	0.0856164991856
5989	5988	0.0856164991856
5989	5990	0.0856164991856
5990	5989	0.0856164991856
5990	5991	0.0856164991856
5991	5990	0.0856164991856
5991	5992	0.0856164991856
5992	5991	0.0856164991856
5992	5993	0.0856164991856
5993	5992	0.0856164991856
5993	5994	0.0856164991856
5994	5993	0.0856164991856
5994	5995	0.0856164991856
5995	5994	0.0856164991856
5995	5996	0.0856164991856
5996	5995	0.0856164991856
5996	5997	0.0856164991856
5997	5996	0.0856164991856
5997	5998	0.0856164991856
5998	5997	0.0856164991856
5998	5999	0.0856164991856
5999	5998	0.0856164991856
5999	6000	0.0856164991856
6000	5999	0.0856164991856
6000	6001	0.0856164991856
6001	6000	0.0856164991856
6001	6002	0.0856164991856
6002	6001	0.0856164991856
6002	6003	0.0587669983506
6002	6014	0.0751625001431
6003	6002	0.0587669983506
6003	6004	0.0587669983506
6004	6003	0.0587669983506
6004	6005	0.0587669983506
6005	6004	0.0587669983506
6005	6006	0.0587669983506
6006	6005	0.0587669983506
6006	6007	0.0587669983506
6007	6006	0.0587669983506
6007	6008	0.0587669983506
6008	6007	0.0587669983506
6008	6009	0.0587669983506
6009	6008	0.0587669983506
6009	6010	0.0587669983506
6010	6009	0.0587669983506
6010	6011	0.0587669983506
6011	6010	0.0587669983506
6011	6012	0.0587669983506
6012	6011	0.0587669983506
6012	6013	0.0587669983506
6013	6012	0.0587669983506
6014	6002	0.0751625001431
6014	6015	0.0751625001431
6015	6014	0.0751625001431
6015	6016	0.0751625001431
6016	6015	0.0751625001431
6016	6017	0.0751625001431
6017	6016	0.0751625001431
6017	6018	0.0751625001431
6018	6017	0.0751625001431
6018	6019	0.0751625001431
6019	6018	0.0751625001431
6019	6020	0.0751625001431
6020	6019	0.0751625001431
6020	6021	0.0751625001431
6021	6020	0.0751625001431
6021	6022	0.0751625001431
6022	6021	0.0751625001431
6022	6023	0.0751625001431
6023	6022	0.0751625001431
6023	6024	0.0751625001431
6024	6023	0.0751625001431
6024	6025	0.0751625001431
6025	6024	0.0751625001431
6025	6026	0.0751625001431
6026	6025	0.0751625001431
6026	6027	0.0751625001431
6027	6026	0.0751625001431
6027	6028	0.0751625001431
6028	6027	0.0751625001431
6028	6029	0.0751625001431
6029	6028	0.0751625001431
6029	6030	0.0751625001431
6030	6029	0.0751625001431
6030	6031	0.0751625001431
6031	6030	0.0751625001431
6031	6032	0.0751625001431
6032	6031	0.0751625001431
6032	6033	0.0751625001431
6033	6032	0.0751625001431
6033	6034	0.0751625001431
6034	6033	0.0751625001431
6034	6035	0.0751625001431
6035	6034	0.0751625001431
6035	6036	0.0751625001431
6036	6035	0.0751625001431
6036	6037	0.0751625001431
6037	6036	0.0751625001431
6037	6038	0.0751625001431
6038	6037	0.0751625001431
6038	6039	0.0751625001431
6039	6038	0.0751625001431
6039	6040	0.0751625001431
6040	6039	0.0751625001431
6040	6041	0.0751625001431
6041	6040	0.0751625001431
6041	6042	0.0751625001431
6042	6041	0.0751625001431
6042	6043	0.0751625001431
6043	6042	0.0751625001431
6043	6044	0.0751625001431
6044	6043	0.0751625001431
6045	5893	0.0490670017898
6045	6046	0.0490670017898
6046	6045	0.0490670017898
6046	6047	0.0490670017898
6047	6046	0.0490670017898
6047	6048	0.0490670017898
6048	6047	0.0490670017898
6048	6049	0.0490670017898
6049	6048	0.0490670017898
6049	6050	0.0490670017898
6050	6049	0.0490670017898
6050	6051	0.0490670017898
6051	6050	0.0490670017898
6051	6052	0.0490670017898
6052	6051	0.0490670017898
6052	6053	0.0490670017898
6053	6052	0.0490670017898
6053	6054	0.0490670017898
6054	6053	0.0490670017898
6054	6055	0.0490670017898
6055	6054	0.0490670017898
6055	6056	0.0490670017898
6056	6055	0.0490670017898
6056	6057	0.0490670017898
6057	6056	0.0490670017898
6057	6058	0.0490670017898
6058	6057	0.0490670017898
6058	6059	0.0490670017898
6059	6058	0.0490670017898
6059	6060	0.0490670017898
6060	6059	0.0490670017898
6061	5828	0.0393659994006
6061	6062	0.0393659994006
6062	6061	0.0393659994006
6062	6063	0.0393659994006
6063	6062	0.0393659994006
6063	6064	0.0393659994006
6064	6063	0.0393659994006
6064	6065	0.0393659994006
6065	6064	0.0393659994006
6065	6066	0.0393659994006
6066	6065	0.0393659994006
6066	6067	0.0393659994006
6067	6066	0.0393659994006
6067	6068	0.0393659994006
6068	6067	0.0393659994006
6068	6069	0.0393659994006
6069	6068	0.0393659994006
6069	6070	0.0393659994006
6070	6069	0.0393659994006
6070	6071	0.0393659994006
6071	6070	0.0393659994006
6072	2769	0.0440259985626
6072	6073	0.0440259985626
6073	6072	0.0440259985626
6073	6074	0.0440259985626
6074	6073	0.0440259985626
6074	6075	0.0440259985626
6075	6074	0.0440259985626
6075	6076	0.0440259985626
6076	6075	0.0440259985626
6076	6077	0.0440259985626
6077	6076	0.0440259985626
6077	6078	0.0440259985626
6078	6077	0.0440259985626
6078	6079	0.0440259985626
6079	6078	0.0440259985626
6079	6080	0.0440259985626
6080	6079	0.0440259985626
6080	6081	0.0440259985626
6081	6080	0.0440259985626
6081	6082	0.0440259985626
6082	6081	0.0440259985626
6082	6083	0.0440259985626
6083	6082	0.0440259985626
6083	6084	0.0440259985626
6084	6083	0.0440259985626
6084	6085	0.0440259985626
6085	6084	0.0440259985626
6085	6086	0.0440259985626
6086	6085	0.0440259985626
6086	6087	0.0440259985626
6087	6086	0.0440259985626
6087	6088	0.0440259985626
6088	6087	0.0440259985626
6088	6089	0.0440259985626
6089	6088	0.0440259985626
6089	6090	0.0440259985626
6090	6089	0.0440259985626
6090	6091	0.0440259985626
6091	6090	0.0440259985626
6091	6092	0.0440259985626
6092	6091	0.0440259985626
6092	6093	0.0440259985626
6093	6092	0.0440259985626
6094	2688	0.0893525034189
6094	6095	0.0893525034189
6095	6094	0.0893525034189
6095	6096	0.0893525034189
6096	6095	0.0893525034189
6096	6097	0.0893525034189
6097	6096	0.0893525034189
6097	6098	0.0893525034189
6098	6097	0.0893525034189
6098	6099	0.0893525034189
6099	6098	0.0893525034189
6099	6100	0.0893525034189
6100	6099	0.0893525034189
6100	6101	0.0893525034189
6101	6100	0.0893525034189
6101	6102	0.0893525034189
6102	6101	0.0893525034189
6102	6103	0.0893525034189
6103	6102	0.0893525034189
6103	6104	0.0893525034189
6104	6103	0.0893525034189
6104	6105	0.0893525034189
6105	6104	0.0893525034189
6105	6106	0.0893525034189
6106	6105	0.0893525034189
6106	6107	0.0893525034189
6107	6106	0.0893525034189
6107	6108	0.0893525034189
6108	6107	0.0893525034189
6108	6109	0.0893525034189
6109	6108	0.0893525034189
6109	6110	0.0893525034189
6110	6109	0.0893525034189
6110	6111	0.0893525034189
6111	6110	0.0893525034189
6111	6112	0.0793875008821
6111	6233	0.0597250014544
6112	6111	0.0793875008821
6112	6113	0.0793875008821
6113	6112	0.0793875008821
6113	6114	0.0793875008821
6114	6113	0.0793875008821
6114	6115	0.0793875008821
6115	6114	0.0793875008821
6115	6116	0.0793875008821
6116	6115	0.0793875008821
6116	6117	0.0793875008821
6117	6116	0.0793875008821
6117	6118	0.0793875008821
6118	6117	0.0793875008821
6118	6119	0.0793875008821
6119	6118	0.0793875008821
6119	6120	0.0793875008821
6120	6119	0.0793875008821
6120	6121	0.0793875008821
6121	6120	0.0793875008821
6121	6122	0.0793875008821
6122	6121	0.0793875008821
6122	6123	0.071239002049
6122	6201	0.0517759993672
6123	6122	0.071239002049
6123	6124	0.071239002049
6124	6123	0.071239002049
6124	6125	0.071239002049
6125	6124	0.071239002049
6125	6126	0.071239002049
6126	6125	0.071239002049
6126	6127	0.071239002049
6127	6126	0.071239002049
6127	6128	0.071239002049
6128	6127	0.071239002049
6128	6129	0.071239002049
6129	6128	0.071239002049
6129	6130	0.071239002049
6130	6129	0.071239002049
6130	6131	0.071239002049
6131	6130	0.071239002049
6131	6132	0.071239002049
6132	6131	0.071239002049
6132	6133	0.071239002049
6133	6132	0.071239002049
6133	6134	0.071239002049
6134	6133	0.071239002049
6134	6135	0.071239002049
6135	6134	0.071239002049
6135	6136	0.071239002049
6136	6135	0.071239002049
6136	6137	0.071239002049
6137	6136	0.071239002049
6137	6138	0.071239002049
6138	6137	0.071239002049
6138	6139	0.071239002049
6139	6138	0.071239002049
6139	6140	0.071239002049
6140	6139	0.071239002049
6140	6141	0.071239002049
6141	6140	0.071239002049
6141	6142	0.071239002049
6142	6141	0.071239002049
6142	6143	0.071239002049
6143	6142	0.071239002049
6143	6144	0.0597084984183
6143	6179	0.052974998951
6144	6143	0.0597084984183
6144	6145	0.0597084984183
6145	6144	0.0597084984183
6145	6146	0.0597084984183
6146	6145	0.0597084984183
6146	6147	0.0597084984183
6147	6146	0.0597084984183
6147	6148	0.0597084984183
6148	6147	0.0597084984183
6148	6149	0.0597084984183
6149	6148	0.0597084984183
6149	6150	0.0597084984183
6150	6149	0.0597084984183
6150	6151	0.0597084984183
6151	6150	0.0597084984183
6151	6152	0.0597084984183
6152	6151	0.0597084984183
6152	6153	0.0597084984183
6153	6152	0.0597084984183
6153	6154	0.0597084984183
6154	6153	0.0597084984183
6154	6155	0.0597084984183
6155	6154	0.0597084984183
6155	6156	0.0597084984183
6156	6155	0.0597084984183
6156	6157	0.0597084984183
6157	6156	0.0597084984183
6157	6158	0.0597084984183
6158	6157	0.0597084984183
6158	6159	0.0597084984183
6159	6158	0.0597084984183
6159	6160	0.0597084984183
6160	6159	0.0597084984183
6160	6161	0.0597084984183
6161	6160	0.0597084984183
6161	6162	0.0597084984183
6162	6161	0.0597084984183
6162	6163	0.0597084984183
6163	6162	0.0597084984183
6163	6164	0.0597084984183
6164	6163	0.0597084984183
6164	6165	0.0597084984183
6165	6164	0.0597084984183
6165	6166	0.0597084984183
6166	6165	0.0597084984183
6166	6167	0.0597084984183
6167	6166	0.0597084984183
6167	6168	0.0597084984183
6168	6167	0.0597084984183
6168	6169	0.0597084984183
6169	6168	0.0597084984183
6169	6170	0.0597084984183
6170	6169	0.0597084984183
6170	6171	0.0597084984183
6171	6170	0.0597084984183
6171	6172	0.0597084984183
6172	6171	0.0597084984183
6172	6173	0.0597084984183
6173	6172	0.0597084984183
6173	6174	0.0597084984183
6174	6173	0.0597084984183
6174	6175	0.0597084984183
6175	6174	0.0597084984183
6175	6176	0.0597084984183
6176	6175	0.0597084984183
6176	6177	0.0597084984183
6177	6176	0.0597084984183
6177	6178	0.0597084984183
6178	6177	0.0597084984183
6179	6143	0.052974998951
6179	6180	0.052974998951
6180	6179	0.052974998951
6180	6181	0.052974998951
6181	6180	0.052974998951
6181	6182	0.052974998951
6182	6181	0.052974998951
6182	6183	0.052974998951
6183	6182	0.052974998951
6183	6184	0.052974998951
6184	6183	0.052974998951
6184	6185	0.052974998951
6185	6184	0.052974998951
6185	6186	0.052974998951
6186	6185	0.052974998951
6186	6187	0.052974998951
6187	6186	0.052974998951
6187	6188	0.052974998951
6188	6187	0.052974998951
6188	6189	0.052974998951
6189	6188	0.052974998951
6189	6190	0.052974998951
6190	6189	0.052974998951
6190	6191	0.052974998951
6191	6190	0.052974998951
6191	6192	0.052974998951
6192	6191	0.052974998951
6192	6193	0.052974998951
6193	6192	0.052974998951
6193	6194	0.052974998951
6194	6193	0.052974998951
6194	6195	0.052974998951
6195	6194	0.052974998951
6195	6196	0.052974998951
6196	6195	0.052974998951
6196	6197	0.052974998951
6197	6196	0.052974998951
6197	6198	0.052974998951
6198	6197	0.052974998951
6198	6199	0.052974998951
6199	6198	0.052974998951
6199	6200	0.052974998951
6200	6199	0.052974998951
6201	6122	0.0517759993672
6201	6202	0.0517759993672
6202	6201	0.0517759993672
6202	6203	0.0517759993672
6203	6202	0.0517759993672
6203	6204	0.0517759993672
6204	6203	0.0517759993672
6204	6205	0.0517759993672
6205	6204	0.0517759993672
6205	6206	0.0517759993672
6206	6205	0.0517759993672
6206	6207	0.0517759993672
6207	6206	0.0517759993672
6207	6208	0.0517759993672
6208	6207	0.0517759993672
6208	6209	0.0517759993672
6209	6208	0.0517759993672
6209	6210	0.0517759993672
6210	6209	0.0517759993672
6210	6211	0.0517759993672
6211	6210	0.0517759993672
6211	6212	0.0517759993672
6212	6211	0.0517759993672
6212	6213	0.0517759993672
6213	6212	0.0517759993672
6213	6214	0.0517759993672
6214	6213	0.0517759993672
6214	6215	0.0517759993672
6215	6214	0.0517759993672
6215	6216	0.0517759993672
6216	6215	0.0517759993672
6216	6217	0.0517759993672
6217	6216	0.0517759993672
6217	6218	0.0517759993672
6218	6217	0.0517759993672
6218	6219	0.0517759993672
6219	6218	0.0517759993672
6219	6220	0.0517759993672
6220	6219	0.0517759993672
6220	6221	0.0517759993672
6221	6220	0.0517759993672
6221	6222	0.0517759993672
6222	6221	0.0517759993672
6222	6223	0.0517759993672
6223	6222	0.0517759993672
6223	6224	0.0517759993672
6224	6223	0.0517759993672
6224	6225	0.0517759993672
6225	6224	0.0517759993672
6225	6226	0.0517759993672
6226	6225	0.0517759993672
6226	6227	0.0517759993672
6227	6226	0.0517759993672
6227	6228	0.0517759993672
6228	6227	0.0517759993672
6228	6229	0.0517759993672
6229	6228	0.0517759993672
6229	6230	0.0517759993672
6230	6229	0.0517759993672
6230	6231	0.0517759993672
6231	6230	0.0517759993672
6231	6232	0.0517759993672
6232	6231	0.0517759993672
6233	6111	0.0597250014544
6233	6234	0.0597250014544
6234	6233	0.0597250014544
6234	6235	0.0597250014544
6235	6234	0.0597250014544
6235	6236	0.0597250014544
6236	6235	0.0597250014544
6236	6237	0.0597250014544
6237	6236	0.0597250014544
6237	6238	0.0597250014544
6238	6237	0.0597250014544
6238	6239	0.0597250014544
6239	6238	0.0597250014544
6239	6240	0.0597250014544
6240	6239	0.0597250014544
6240	6241	0.0597250014544
6241	6240	0.0597250014544
6241	6242	0.0597250014544
6242	6241	0.0597250014544
6242	6243	0.0597250014544
6243	6242	0.0597250014544
6243	6244	0.0597250014544
6244	6243	0.0597250014544
6244	6245	0.0426010005176
6244	6256	0.0513915009797
6245	6244	0.0426010005176
6245	6246	0.0426010005176
6246	6245	0.0426010005176
6246	6247	0.0426010005176
6247	6246	0.0426010005176
6247	6248	0.0426010005176
6248	6247	0.0426010005176
6248	6249	0.0426010005176
6249	6248	0.0426010005176
6249	6250	0.0426010005176
6250	6249	0.0426010005176
6250	6251	0.0426010005176
6251	6250	0.0426010005176
6251	6252	0.0426010005176
6252	6251	0.0426010005176
6252	6253	0.0426010005176
6253	6252	0.0426010005176
6253	6254	0.0426010005176
6254	6253	0.0426010005176
6254	6255	0.0426010005176
6255	6254	0.0426010005176
6256	6244	0.0513915009797
6256	6257	0.0513915009797
6257	6256	0.0513915009797
6257	6258	0.0513915009797
6258	6257	0.0513915009797
6258	6259	0.0513915009797
6259	6258	0.0513915009797
6259	6260	0.0513915009797
6260	6259	0.0513915009797
6260	6261	0.0513915009797
6261	6260	0.0513915009797
6261	6262	0.0513915009797
6262	6261	0.0513915009797
6262	6263	0.0513915009797
6263	6262	0.0513915009797
6263	6264	0.0513915009797
6264	6263	0.0513915009797
6264	6265	0.0513915009797
6265	6264	0.0513915009797
6265	6266	0.0513915009797
6266	6265	0.0513915009797
6266	6267	0.0513915009797
6267	6266	0.0513915009797
6267	6268	0.0513915009797
6268	6267	0.0513915009797
6268	6269	0.0513915009797
6269	6268	0.0513915009797
6269	6270	0.0513915009797
6270	6269	0.0513915009797
6270	6271	0.0513915009797
6271	6270	0.0513915009797
6271	6272	0.0513915009797
6272	6271	0.0513915009797
6272	6273	0.0513915009797
6273	6272	0.0513915009797
6273	6274	0.0513915009797
6274	6273	0.0513915009797
6274	6275	0.0513915009797
6275	6274	0.0513915009797
6275	6276	0.0513915009797
6276	6275	0.0513915009797
6276	6277	0.0513915009797
6277	6276	0.0513915009797
6277	6278	0.0513915009797
6278	6277	0.0513915009797
6279	2630	0.0533244982362
6279	6280	0.0533244982362
6280	6279	0.0533244982362
6280	6281	0.0533244982362
6281	6280	0.0533244982362
6281	6282	0.0533244982362
6282	6281	0.0533244982362
6282	6283	0.0533244982362
6283	6282	0.0533244982362
6283	6284	0.0533244982362
6284	6283	0.0533244982362
6284	6285	0.0533244982362
6285	6284	0.0533244982362
6285	6286	0.0533244982362
6286	6285	0.0533244982362
6286	6287	0.0533244982362
6287	6286	0.0533244982362
6287	6288	0.0493840016425
6287	6317	0.0314785018563
6288	6287	0.0493840016425
6288	6289	0.0493840016425
6289	6288	0.0493840016425
6289	6290	0.0493840016425
6290	6289	0.0493840016425
6290	6291	0.0493840016425
6291	6290	0.0493840016425
6291	6292	0.0493840016425
6292	6291	0.0493840016425
6292	6293	0.0493840016425
6293	6292	0.0493840016425
6293	6294	0.0493840016425
6294	6293	0.0493840016425
6294	6295	0.0493840016425
6295	6294	0.0493840016425
6295	6296	0.0493840016425
6296	6295	0.0493840016425
6296	6297	0.0493840016425
6297	6296	0.0493840016425
6297	6298	0.0493840016425
6298	6297	0.0493840016425
6298	6299	0.0493840016425
6299	6298	0.0493840016425
6299	6300	0.0493840016425
6300	6299	0.0493840016425
6300	6301	0.0493840016425
6301	6300	0.0493840016425
6301	6302	0.0493840016425
6302	6301	0.0493840016425
6302	6303	0.0493840016425
6303	6302	0.0493840016425
6303	6304	0.0493840016425
6304	6303	0.0493840016425
6304	6305	0.0493840016425
6305	6304	0.0493840016425
6305	6306	0.0493840016425
6306	6305	0.0493840016425
6306	6307	0.0493840016425
6307	6306	0.0493840016425
6307	6308	0.0493840016425
6308	6307	0.0493840016425
6308	6309	0.0493840016425
6309	6308	0.0493840016425
6309	6310	0.0493840016425
6310	6309	0.0493840016425
6310	6311	0.0493840016425
6311	6310	0.0493840016425
6311	6312	0.0493840016425
6312	6311	0.0493840016425
6312	6313	0.0493840016425
6313	6312	0.0493840016425
6313	6314	0.0493840016425
6314	6313	0.0493840016425
6314	6315	0.0493840016425
6315	6314	0.0493840016425
6315	6316	0.0493840016425
6316	6315	0.0493840016425
6317	6287	0.0314785018563
6317	6318	0.0314785018563
6318	6317	0.0314785018563
6318	6319	0.0314785018563
6319	6318	0.0314785018563
6319	6320	0.0314785018563
6320	6319	0.0314785018563
6321	2372	0.0451730005443
6321	6322	0.0451730005443
6322	6321	0.0451730005443
6322	6323	0.0451730005443
6323	6322	0.0451730005443
6323	6324	0.0451730005443
6324	6323	0.0451730005443
6324	6325	0.0451730005443
6325	6324	0.0451730005443
6325	6326	0.0451730005443
6326	6325	0.0451730005443
6326	6327	0.0451730005443
6327	6326	0.0451730005443
6327	6328	0.0451730005443
6328	6327	0.0451730005443
6328	6329	0.0451730005443
6329	6328	0.0451730005443
6329	6330	0.0451730005443
6330	6329	0.0451730005443
6330	6331	0.0451730005443
6331	6330	0.0451730005443
6331	6332	0.0451730005443
6332	6331	0.0451730005443
6332	6333	0.0451730005443
6333	6332	0.0451730005443
6333	6334	0.0451730005443
6334	6333	0.0451730005443
6334	6335	0.0451730005443
6335	6334	0.0451730005443
6335	6336	0.0451730005443
6336	6335	0.0451730005443
6336	6337	0.0451730005443
6337	6336	0.0451730005443
6337	6338	0.0451730005443
6338	6337	0.0451730005443
6338	6339	0.0451730005443
6339	6338	0.0451730005443
6339	6340	0.0451730005443
6340	6339	0.0451730005443
6340	6341	0.0451730005443
6341	6340	0.0451730005443
6341	6342	0.0451730005443
6342	6341	0.0451730005443
6342	6343	0.0451730005443
6343	6342	0.0451730005443
6343	6344	0.0451730005443
6344	6343	0.0451730005443
6344	6345	0.0451730005443
6345	6344	0.0451730005443
6345	6346	0.0451730005443
6346	6345	0.0451730005443
6346	6347	0.0451730005443
6347	6346	0.0451730005443
6347	6348	0.0451730005443
6348	6347	0.0451730005443
6348	6349	0.0451730005443
6349	6348	0.0451730005443
6349	6350	0.0451730005443
6350	6349	0.0451730005443
6350	6351	0.0451730005443
6351	6350	0.0451730005443
6351	6352	0.0451730005443
6352	6351	0.0451730005443
6352	6353	0.0451730005443
6353	6352	0.0451730005443
6354	1157	0.0335084982216
6354	6355	0.0335084982216
6355	6354	0.0335084982216
6355	6356	0.0335084982216
6356	6355	0.0335084982216
6356	6357	0.0335084982216
6357	6356	0.0335084982216
6357	6358	0.0335084982216
6358	6357	0.0335084982216
6358	6359	0.0335084982216
6359	6358	0.0335084982216
6359	6360	0.0335084982216
6360	6359	0.0335084982216
6360	6361	0.0335084982216
6361	6360	0.0335084982216
6361	6362	0.0335084982216
6362	6361	0.0335084982216
6362	6363	0.0335084982216
6363	6362	0.0335084982216
6364	1105	0.0623604990542
6364	6365	0.0623604990542
6365	6364	0.0623604990542
6365	6366	0.0623604990542
6366	6365	0.0623604990542
6366	6367	0.0623604990542
6367	6366	0.0623604990542
6367	6368	0.0623604990542
6368	6367	0.0623604990542
6368	6369	0.0623604990542
6369	6368	0.0623604990542
6369	6370	0.0623604990542
6370	6369	0.0623604990542
6370	6371	0.0623604990542
6371	6370	0.0623604990542
6371	6372	0.0623604990542
6372	6371	0.0623604990542
6372	6373	0.0623604990542
6373	6372	0.0623604990542
6373	6374	0.0623604990542
6374	6373	0.0623604990542
6374	6375	0.0623604990542
6375	6374	0.0623604990542
6375	6376	0.0623604990542
6376	6375	0.0623604990542
6376	6377	0.0623604990542
6377	6376	0.0623604990542
6377	6378	0.0623604990542
6378	6377	0.0623604990542
6378	6379	0.0623604990542
6379	6378	0.0623604990542
6379	6380	0.0623604990542
6380	6379	0.0623604990542
6380	6381	0.0623604990542
6381	6380	0.0623604990542
6381	6382	0.0623604990542
6382	6381	0.0623604990542
6382	6383	0.0623604990542
6383	6382	0.0623604990542
6383	6384	0.0623604990542
6384	6383	0.0623604990542
6384	6385	0.0623604990542
6385	6384	0.0623604990542
6385	6386	0.0623604990542
6386	6385	0.0623604990542
6386	6387	0.0623604990542
6387	6386	0.0623604990542
6387	6388	0.0623604990542
6388	6387	0.0623604990542
6388	6389	0.0623604990542
6389	6388	0.0623604990542
6389	6390	0.0623604990542
6390	6389	0.0623604990542
6390	6391	0.0623604990542
6391	6390	0.0623604990542
6391	6392	0.0623604990542
6392	6391	0.0623604990542
6392	6393	0.0623604990542
6393	6392	0.0623604990542
6393	6394	0.0537074990571
6393	6433	0.0444105006754
6394	6393	0.0537074990571
6394	6395	0.0537074990571
6395	6394	0.0537074990571
6395	6396	0.0537074990571
6396	6395	0.0537074990571
6396	6397	0.0537074990571
6397	6396	0.0537074990571
6397	6398	0.0537074990571
6398	6397	0.0537074990571
6398	6399	0.0537074990571
6399	6398	0.0537074990571
6399	6400	0.0537074990571
6400	6399	0.0537074990571
6400	6401	0.0537074990571
6401	6400	0.0537074990571
6401	6402	0.0537074990571
6402	6401	0.0537074990571
6402	6403	0.0537074990571
6403	6402	0.0537074990571
6403	6404	0.0537074990571
6404	6403	0.0537074990571
6404	6405	0.0537074990571
6405	6404	0.0537074990571
6405	6406	0.0537074990571
6406	6405	0.0537074990571
6406	6407	0.0537074990571
6407	6406	0.0537074990571
6407	6408	0.0537074990571
6408	6407	0.0537074990571
6408	6409	0.0537074990571
6409	6408	0.0537074990571
6409	6410	0.0537074990571
6410	6409	0.0537074990571
6410	6411	0.0537074990571
6411	6410	0.0537074990571
6411	6412	0.0537074990571
6412	6411	0.0537074990571
6412	6413	0.0537074990571
6413	6412	0.0537074990571
6413	6414	0.0537074990571
6414	6413	0.0537074990571
6414	6415	0.0537074990571
6415	6414	0.0537074990571
6415	6416	0.0537074990571
6416	6415	0.0537074990571
6416	6417	0.0537074990571
6417	6416	0.0537074990571
6417	6418	0.0537074990571
6418	6417	0.0537074990571
6418	6419	0.0537074990571
6419	6418	0.0537074990571
6419	6420	0.0537074990571
6420	6419	0.0537074990571
6420	6421	0.0537074990571
6421	6420	0.0537074990571
6421	6422	0.0537074990571
6422	6421	0.0537074990571
6422	6423	0.0537074990571
6423	6422	0.0537074990571
6423	6424	0.0537074990571
6424	6423	0.0537074990571
6424	6425	0.0537074990571
6425	6424	0.0537074990571
6425	6426	0.0537074990571
6426	6425	0.0537074990571
6426	6427	0.0537074990571
6427	6426	0.0537074990571
6427	6428	0.0537074990571
6428	6427	0.0537074990571
6428	6429	0.0537074990571
6429	6428	0.0537074990571
6429	6430	0.0537074990571
6430	6429	0.0537074990571
6430	6431	0.0537074990571
6431	6430	0.0537074990571
6431	6432	0.0537074990571
6432	6431	0.0537074990571
6433	6393	0.0444105006754
6433	6434	0.0444105006754
6434	6433	0.0444105006754
6434	6435	0.0444105006754
6435	6434	0.0444105006754
6435	6436	0.0444105006754
6436	6435	0.0444105006754
6436	6437	0.0444105006754
6437	6436	0.0444105006754
6437	6438	0.0444105006754
6438	6437	0.0444105006754
6438	6439	0.0444105006754
6439	6438	0.0444105006754
6439	6440	0.0444105006754
6440	6439	0.0444105006754
6440	6441	0.0444105006754
6441	6440	0.0444105006754
6441	6442	0.0444105006754
6442	6441	0.0444105006754
6442	6443	0.0444105006754
6443	6442	0.0444105006754
6443	6444	0.0444105006754
6444	6443	0.0444105006754
6444	6445	0.0444105006754
6445	6444	0.0444105006754
6445	6446	0.0444105006754
6446	6445	0.0444105006754
6446	6447	0.0444105006754
6447	6446	0.0444105006754
6447	6448	0.0444105006754
6448	6447	0.0444105006754
6448	6449	0.0444105006754
6449	6448	0.0444105006754
6449	6450	0.0444105006754
6450	6449	0.0444105006754
6451	1031	0.0622950010002
6451	6452	0.0622950010002
6452	6451	0.0622950010002
6452	6453	0.0622950010002
6453	6452	0.0622950010002
6453	6454	0.0622950010002
6454	6453	0.0622950010002
6454	6455	0.0622950010002
6455	6454	0.0622950010002
6455	6456	0.0622950010002
6456	6455	0.0622950010002
6456	6457	0.0622950010002
6457	6456	0.0622950010002
6457	6458	0.0622950010002
6458	6457	0.0622950010002
6458	6459	0.0622950010002
6459	6458	0.0622950010002
6459	6460	0.0529375001788
6459	6502	0.0453709997237
6460	6459	0.0529375001788
6460	6461	0.0529375001788
6461	6460	0.0529375001788
6461	6462	0.0529375001788
6462	6461	0.0529375001788
6462	6463	0.0529375001788
6463	6462	0.0529375001788
6463	6464	0.0529375001788
6464	6463	0.0529375001788
6464	6465	0.0529375001788
6465	6464	0.0529375001788
6465	6466	0.0529375001788
6466	6465	0.0529375001788
6466	6467	0.0529375001788
6467	6466	0.0529375001788
6467	6468	0.0529375001788
6468	6467	0.0529375001788
6468	6469	0.0492240004241
6468	6498	0.0307509992272
6469	6468	0.0492240004241
6469	6470	0.0492240004241
6470	6469	0.0492240004241
6470	6471	0.0492240004241
6471	6470	0.0492240004241
6471	6472	0.0492240004241
6472	6471	0.0492240004241
6472	6473	0.0492240004241
6473	6472	0.0492240004241
6473	6474	0.0492240004241
6474	6473	0.0492240004241
6474	6475	0.0492240004241
6475	6474	0.0492240004241
6475	6476	0.0492240004241
6476	6475	0.0492240004241
6476	6477	0.0492240004241
6477	6476	0.0492240004241
6477	6478	0.0492240004241
6478	6477	0.0492240004241
6478	6479	0.0492240004241
6479	6478	0.0492240004241
6479	6480	0.0492240004241
6480	6479	0.0492240004241
6480	6481	0.0492240004241
6481	6480	0.0492240004241
6481	6482	0.0492240004241
6482	6481	0.0492240004241
6482	6483	0.0492240004241
6483	6482	0.0492240004241
6483	6484	0.0492240004241
6484	6483	0.0492240004241
6484	6485	0.0492240004241
6485	6484	0.0492240004241
6485	6486	0.0492240004241
6486	6485	0.0492240004241
6486	6487	0.0492240004241
6487	6486	0.0492240004241
6487	6488	0.0492240004241
6488	6487	0.0492240004241
6488	6489	0.0492240004241
6489	6488	0.0492240004241
6489	6490	0.0492240004241
6490	6489	0.0492240004241
6490	6491	0.0492240004241
6491	6490	0.0492240004241
6491	6492	0.0492240004241
6492	6491	0.0492240004241
6492	6493	0.0492240004241
6493	6492	0.0492240004241
6493	6494	0.0492240004241
6494	6493	0.0492240004241
6494	6495	0.0492240004241
6495	6494	0.0492240004241
6495	6496	0.0492240004241
6496	6495	0.0492240004241
6496	6497	0.0492240004241
6497	6496	0.0492240004241
6498	6468	0.0307509992272
6498	6499	0.0307509992272
6499	6498	0.0307509992272
6499	6500	0.0307509992272
6500	6499	0.0307509992272
6500	6501	0.0307509992272
6501	6500	0.0307509992272
6502	6459	0.0453709997237
6502	6503	0.0453709997237
6503	6502	0.0453709997237
6503	6504	0.0453709997237
6504	6503	0.0453709997237
6504	6505	0.0453709997237
6505	6504	0.0453709997237
6505	6506	0.0453709997237
6506	6505	0.0453709997237
6506	6507	0.0453709997237
6507	6506	0.0453709997237
6507	6508	0.0453709997237
6508	6507	0.0453709997237
6508	6509	0.0453709997237
6509	6508	0.0453709997237
6509	6510	0.0453709997237
6510	6509	0.0453709997237
6510	6511	0.0453709997237
6511	6510	0.0453709997237
6511	6512	0.0453709997237
6512	6511	0.0453709997237
6512	6513	0.0453709997237
6513	6512	0.0453709997237
6513	6514	0.0453709997237
6514	6513	0.0453709997237
6514	6515	0.0453709997237
6515	6514	0.0453709997237
6515	6516	0.0453709997237
6516	6515	0.0453709997237
6516	6517	0.0453709997237
6517	6516	0.0453709997237
6517	6518	0.0453709997237
6518	6517	0.0453709997237
6518	6519	0.0453709997237
6519	6518	0.0453709997237
6519	6520	0.0453709997237
6520	6519	0.0453709997237
6520	6521	0.0453709997237
6521	6520	0.0453709997237
6521	6522	0.0453709997237
6522	6521	0.0453709997237
6522	6523	0.0453709997237
6523	6522	0.0453709997237
6523	6524	0.0453709997237
6524	6523	0.0453709997237
6524	6525	0.0453709997237
6525	6524	0.0453709997237
6525	6526	0.0453709997237
6526	6525	0.0453709997237
6526	6527	0.0453709997237
6527	6526	0.0453709997237
6527	6528	0.0453709997237
6528	6527	0.0453709997237
6528	6529	0.0453709997237
6529	6528	0.0453709997237
6529	6530	0.0453709997237
6530	6529	0.0453709997237
6530	6531	0.0453709997237
6531	6530	0.0453709997237
6531	6532	0.0453709997237
6532	6531	0.0453709997237
6533	374	0.099688000977
6533	6534	0.099688000977
6534	6533	0.099688000977
6534	6535	0.099688000977
6535	6534	0.099688000977
6535	6536	0.099688000977
6536	6535	0.099688000977
6536	6537	0.0962639972568
6536	6804	0.0461995005608
6537	6536	0.0962639972568
6537	6538	0.0962639972568
6538	6537	0.0962639972568
6538	6539	0.0962639972568
6539	6538	0.0962639972568
6539	6540	0.0962639972568
6540	6539	0.0962639972568
6540	6541	0.0940255001187
6540	6782	0.0393224991858
6541	6540	0.0940255001187
6541	6542	0.0940255001187
6542	6541	0.0940255001187
6542	6543	0.0940255001187
6543	6542	0.0940255001187
6543	6544	0.0940255001187
6544	6543	0.0940255001187
6544	6545	0.0940255001187
6545	6544	0.0940255001187
6545	6546	0.0940255001187
6546	6545	0.0940255001187
6546	6547	0.0940255001187
6547	6546	0.0940255001187
6547	6548	0.0940255001187
6548	6547	0.0940255001187
6548	6549	0.0940255001187
6549	6548	0.0940255001187
6549	6550	0.0940255001187
6550	6549	0.0940255001187
6550	6551	0.0940255001187
6551	6550	0.0940255001187
6551	6552	0.0940255001187
6552	6551	0.0940255001187
6552	6553	0.0940255001187
6553	6552	0.0940255001187
6553	6554	0.0940255001187
6554	6553	0.0940255001187
6554	6555	0.0940255001187
6555	6554	0.0940255001187
6555	6556	0.0940255001187
6556	6555	0.0940255001187
6556	6557	0.0940255001187
6557	6556	0.0940255001187
6557	6558	0.0940255001187
6558	6557	0.0940255001187
6558	6559	0.0940255001187
6559	6558	0.0940255001187
6559	6560	0.0940255001187
6560	6559	0.0940255001187
6560	6561	0.0940255001187
6561	6560	0.0940255001187
6561	6562	0.0940255001187
6562	6561	0.0940255001187
6562	6563	0.0940255001187
6563	6562	0.0940255001187
6563	6564	0.0940255001187
6564	6563	0.0940255001187
6564	6565	0.0940255001187
6565	6564	0.0940255001187
6565	6566	0.0940255001187
6566	6565	0.0940255001187
6566	6567	0.0940255001187
6567	6566	0.0940255001187
6567	6568	0.0940255001187
6568	6567	0.0940255001187
6568	6569	0.0940255001187
6569	6568	0.0940255001187
6569	6570	0.0940255001187
6570	6569	0.0940255001187
6570	6571	0.0940255001187
6571	6570	0.0940255001187
6571	6572	0.0940255001187
6572	6571	0.0940255001187
6572	6573	0.0940255001187
6573	6572	0.0940255001187
6573	6574	0.0940255001187
6574	6573	0.0940255001187
6574	6575	0.0940255001187
6575	6574	0.0940255001187
6575	6576	0.0940255001187
6576	6575	0.0940255001187
6576	6577	0.0940255001187
6577	6576	0.0940255001187
6577	6578	0.0940255001187
6578	6577	0.0940255001187
6578	6579	0.0940255001187
6579	6578	0.0940255001187
6579	6580	0.0940255001187
6580	6579	0.0940255001187
6580	6581	0.0940255001187
6581	6580	0.0940255001187
6581	6582	0.0940255001187
6582	6581	0.0940255001187
6582	6583	0.0436739996076
6582	6606	0.0907735005021
6583	6582	0.0436739996076
6583	6584	0.0436739996076
6584	6583	0.0436739996076
6584	6585	0.0436739996076
6585	6584	0.0436739996076
6585	6586	0.0436739996076
6586	6585	0.0436739996076
6586	6587	0.0436739996076
6587	6586	0.0436739996076
6587	6588	0.0436739996076
6588	6587	0.0436739996076
6588	6589	0.0436739996076
6589	6588	0.0436739996076
6589	6590	0.0436739996076
6590	6589	0.0436739996076
6590	6591	0.0436739996076
6591	6590	0.0436739996076
6591	6592	0.0436739996076
6592	6591	0.0436739996076
6592	6593	0.0436739996076
6593	6592	0.0436739996076
6593	6594	0.0436739996076
6594	6593	0.0436739996076
6594	6595	0.0436739996076
6595	6594	0.0436739996076
6595	6596	0.0436739996076
6596	6595	0.0436739996076
6596	6597	0.0436739996076
6597	6596	0.0436739996076
6597	6598	0.0436739996076
6598	6597	0.0436739996076
6598	6599	0.0436739996076
6599	6598	0.0436739996076
6599	6600	0.0436739996076
6600	6599	0.0436739996076
6600	6601	0.0436739996076
6601	6600	0.0436739996076
6601	6602	0.0436739996076
6602	6601	0.0436739996076
6602	6603	0.0436739996076
6603	6602	0.0436739996076
6603	6604	0.0436739996076
6604	6603	0.0436739996076
6604	6605	0.0436739996076
6605	6604	0.0436739996076
6606	6582	0.0907735005021
6606	6607	0.0907735005021
6607	6606	0.0907735005021
6607	6608	0.0907735005021
6608	6607	0.0907735005021
6608	6609	0.0907735005021
6609	6608	0.0907735005021
6609	6610	0.0907735005021
6610	6609	0.0907735005021
6610	6611	0.0907735005021
6611	6610	0.0907735005021
6611	6612	0.0907735005021
6612	6611	0.0907735005021
6612	6613	0.0907735005021
6613	6612	0.0907735005021
6613	6614	0.0907735005021
6614	6613	0.0907735005021
6614	6615	0.0907735005021
6615	6614	0.0907735005021
6615	6616	0.0907735005021
6616	6615	0.0907735005021
6616	6617	0.0859045013785
6616	6752	0.0484899990261
6617	6616	0.0859045013785
6617	6618	0.0859045013785
6618	6617	0.0859045013785
6618	6619	0.0859045013785
6619	6618	0.0859045013785
6619	6620	0.0859045013785
6620	6619	0.0859045013785
6620	6621	0.0859045013785
6621	6620	0.0859045013785
6621	6622	0.0859045013785
6622	6621	0.0859045013785
6622	6623	0.0859045013785
6623	6622	0.0859045013785
6623	6624	0.0859045013785
6624	6623	0.0859045013785
6624	6625	0.0859045013785
6625	6624	0.0859045013785
6625	6626	0.0859045013785
6626	6625	0.0859045013785
6626	6627	0.0859045013785
6627	6626	0.0859045013785
6627	6628	0.0859045013785
6628	6627	0.0859045013785
6628	6629	0.0859045013785
6629	6628	0.0859045013785
6629	6630	0.0859045013785
6630	6629	0.0859045013785
6630	6631	0.0859045013785
6631	6630	0.0859045013785
6631	6632	0.0859045013785
6632	6631	0.0859045013785
6632	6633	0.0859045013785
6633	6632	0.0859045013785
6633	6634	0.0859045013785
6634	6633	0.0859045013785
6634	6635	0.0441230013967
6634	6650	0.0818345025182
6635	6634	0.0441230013967
6635	6636	0.0441230013967
6636	6635	0.0441230013967
6636	6637	0.0441230013967
6637	6636	0.0441230013967
6637	6638	0.0441230013967
6638	6637	0.0441230013967
6638	6639	0.0441230013967
6639	6638	0.0441230013967
6639	6640	0.0441230013967
6640	6639	0.0441230013967
6640	6641	0.0441230013967
6641	6640	0.0441230013967
6641	6642	0.0441230013967
6642	6641	0.0441230013967
6642	6643	0.0441230013967
6643	6642	0.0441230013967
6643	6644	0.0441230013967
6644	6643	0.0441230013967
6644	6645	0.0441230013967
6645	6644	0.0441230013967
6645	6646	0.0441230013967
6646	6645	0.0441230013967
6646	6647	0.0441230013967
6647	6646	0.0441230013967
6647	6648	0.0441230013967
6648	6647	0.0441230013967
6648	6649	0.0441230013967
6649	6648	0.0441230013967
6650	6634	0.0818345025182
6650	6651	0.0818345025182
6651	6650	0.0818345025182
6651	6652	0.0818345025182
6652	6651	0.0818345025182
6652	6653	0.0818345025182
6653	6652	0.0818345025182
6653	6654	0.0818345025182
6654	6653	0.0818345025182
6654	6655	0.0818345025182
6655	6654	0.0818345025182
6655	6656	0.0818345025182
6656	6655	0.0818345025182
6656	6657	0.0818345025182
6657	6656	0.0818345025182
6657	6658	0.0818345025182
6658	6657	0.0818345025182
6658	6659	0.0818345025182
6659	6658	0.0818345025182
6659	6660	0.0818345025182
6660	6659	0.0818345025182
6660	6661	0.0818345025182
6661	6660	0.0818345025182
6661	6662	0.0818345025182
6662	6661	0.0818345025182
6662	6663	0.0818345025182
6663	6662	0.0818345025182
6663	6664	0.0724259987473
6663	6724	0.0551925003529
6664	6663	0.0724259987473
6664	6665	0.0724259987473
6665	6664	0.0724259987473
6665	6666	0.0724259987473
6666	6665	0.0724259987473
6666	6667	0.0724259987473
6667	6666	0.0724259987473
6667	6668	0.0724259987473
6668	6667	0.0724259987473
6668	6669	0.0724259987473
6669	6668	0.0724259987473
6669	6670	0.0724259987473
6670	6669	0.0724259987473
6670	6671	0.0724259987473
6671	6670	0.0724259987473
6671	6672	0.0724259987473
6672	6671	0.0724259987473
6672	6673	0.0724259987473
6673	6672	0.0724259987473
6673	6674	0.0724259987473
6674	6673	0.0724259987473
6674	6675	0.0724259987473
6675	6674	0.0724259987473
6675	6676	0.0724259987473
6676	6675	0.0724259987473
6676	6677	0.0724259987473
6677	6676	0.0724259987473
6677	6678	0.0452499985695
6677	6686	0.0659819990396
6678	6677	0.0452499985695
6678	6679	0.0452499985695
6679	6678	0.0452499985695
6679	6680	0.0452499985695
6680	6679	0.0452499985695
6680	6681	0.0452499985695
6681	6680	0.0452499985695
6681	6682	0.0452499985695
6682	6681	0.0452499985695
6682	6683	0.0452499985695
6683	6682	0.0452499985695
6683	6684	0.0452499985695
6684	6683	0.0452499985695
6684	6685	0.0452499985695
6685	6684	0.0452499985695
6686	6677	0.0659819990396
6686	6687	0.0659819990396
6687	6686	0.0659819990396
6687	6688	0.0659819990396
6688	6687	0.0659819990396
6688	6689	0.0659819990396
6689	6688	0.0659819990396
6689	6690	0.0659819990396
6690	6689	0.0659819990396
6690	6691	0.0659819990396
6691	6690	0.0659819990396
6691	6692	0.0659819990396
6692	6691	0.0659819990396
6692	6693	0.0659819990396
6693	6692	0.0659819990396
6693	6694	0.0659819990396
6694	6693	0.0659819990396
6694	6695	0.0659819990396
6695	6694	0.0659819990396
6695	6696	0.0659819990396
6696	6695	0.0659819990396
6696	6697	0.0659819990396
6697	6696	0.0659819990396
6697	6698	0.0659819990396
6698	6697	0.0659819990396
6698	6699	0.0659819990396
6699	6698	0.0659819990396
6699	6700	0.0659819990396
6700	6699	0.0659819990396
6700	6701	0.0659819990396
6701	6700	0.0659819990396
6701	6702	0.0659819990396
6702	6701	0.0659819990396
6702	6703	0.0659819990396
6703	6702	0.0659819990396
6703	6704	0.0659819990396
6704	6703	0.0659819990396
6704	6705	0.0659819990396
6705	6704	0.0659819990396
6705	6706	0.0659819990396
6706	6705	0.0659819990396
6706	6707	0.0659819990396
6707	6706	0.0659819990396
6707	6708	0.0659819990396
6708	6707	0.0659819990396
6708	6709	0.0659819990396
6709	6708	0.0659819990396
6709	6710	0.0659819990396
6710	6709	0.0659819990396
6710	6711	0.0659819990396
6711	6710	0.0659819990396
6711	6712	0.0659819990396
6712	6711	0.0659819990396
6712	6713	0.0659819990396
6713	6712	0.0659819990396
6713	6714	0.0659819990396
6714	6713	0.0659819990396
6714	6715	0.0659819990396
6715	6714	0.0659819990396
6715	6716	0.0659819990396
6716	6715	0.0659819990396
6716	6717	0.0659819990396
6717	6716	0.0659819990396
6717	6718	0.0659819990396
6718	6717	0.0659819990396
6718	6719	0.0659819990396
6719	6718	0.0659819990396
6719	6720	0.0659819990396
6720	6719	0.0659819990396
6720	6721	0.0659819990396
6721	6720	0.0659819990396
6721	6722	0.0659819990396
6722	6721	0.0659819990396
6722	6723	0.0659819990396
6723	6722	0.0659819990396
6724	6663	0.0551925003529
6724	6725	0.0551925003529
6725	6724	0.0551925003529
6725	6726	0.0551925003529
6726	6725	0.0551925003529
6726	6727	0.0551925003529
6727	6726	0.0551925003529
6727	6728	0.0551925003529
6728	6727	0.0551925003529
6728	6729	0.0551925003529
6729	6728	0.0551925003529
6729	6730	0.0551925003529
6730	6729	0.0551925003529
6730	6731	0.0551925003529
6731	6730	0.0551925003529
6731	6732	0.0551925003529
6732	6731	0.0551925003529
6732	6733	0.0551925003529
6733	6732	0.0551925003529
6733	6734	0.0551925003529
6734	6733	0.0551925003529
6734	6735	0.0551925003529
6735	6734	0.0551925003529
6735	6736	0.0551925003529
6736	6735	0.0551925003529
6736	6737	0.0551925003529
6737	6736	0.0551925003529
6737	6738	0.0551925003529
6738	6737	0.0551925003529
6738	6739	0.0551925003529
6739	6738	0.0551925003529
6739	6740	0.0551925003529
6740	6739	0.0551925003529
6740	6741	0.0551925003529
6741	6740	0.0551925003529
6741	6742	0.0551925003529
6742	6741	0.0551925003529
6742	6743	0.0551925003529
6743	6742	0.0551925003529
6743	6744	0.0551925003529
6744	6743	0.0551925003529
6744	6745	0.0551925003529
6745	6744	0.0551925003529
6745	6746	0.0551925003529
6746	6745	0.0551925003529
6746	6747	0.0551925003529
6747	6746	0.0551925003529
6747	6748	0.0551925003529
6748	6747	0.0551925003529
6748	6749	0.0551925003529
6749	6748	0.0551925003529
6749	6750	0.0551925003529
6750	6749	0.0551925003529
6750	6751	0.0551925003529
6751	6750	0.0551925003529
6752	6616	0.0484899990261
6752	6753	0.0484899990261
6753	6752	0.0484899990261
6753	6754	0.0484899990261
6754	6753	0.0484899990261
6754	6755	0.0484899990261
6755	6754	0.0484899990261
6755	6756	0.0484899990261
6756	6755	0.0484899990261
6756	6757	0.0484899990261
6757	6756	0.0484899990261
6757	6758	0.0484899990261
6758	6757	0.0484899990261
6758	6759	0.0484899990261
6759	6758	0.0484899990261
6759	6760	0.0484899990261
6760	6759	0.0484899990261
6760	6761	0.0484899990261
6761	6760	0.0484899990261
6761	6762	0.0484899990261
6762	6761	0.0484899990261
6762	6763	0.0484899990261
6763	6762	0.0484899990261
6763	6764	0.0484899990261
6764	6763	0.0484899990261
6764	6765	0.0484899990261
6765	6764	0.0484899990261
6765	6766	0.0484899990261
6766	6765	0.0484899990261
6766	6767	0.0484899990261
6767	6766	0.0484899990261
6767	6768	0.0484899990261
6768	6767	0.0484899990261
6768	6769	0.0484899990261
6769	6768	0.0484899990261
6769	6770	0.0484899990261
6770	6769	0.0484899990261
6770	6771	0.0484899990261
6771	6770	0.0484899990261
6771	6772	0.0484899990261
6772	6771	0.0484899990261
6772	6773	0.0484899990261
6773	6772	0.0484899990261
6773	6774	0.0484899990261
6774	6773	0.0484899990261
6774	6775	0.0484899990261
6775	6774	0.0484899990261
6775	6776	0.0484899990261
6776	6775	0.0484899990261
6776	6777	0.0484899990261
6777	6776	0.0484899990261
6777	6778	0.0484899990261
6778	6777	0.0484899990261
6778	6779	0.0484899990261
6779	6778	0.0484899990261
6779	6780	0.0484899990261
6780	6779	0.0484899990261
6780	6781	0.0484899990261
6781	6780	0.0484899990261
6782	6540	0.0393224991858
6782	6783	0.0393224991858
6783	6782	0.0393224991858
6783	6784	0.0393224991858
6784	6783	0.0393224991858
6784	6785	0.0393224991858
6785	6784	0.0393224991858
6785	6786	0.0393224991858
6786	6785	0.0393224991858
6786	6787	0.0393224991858
6787	6786	0.0393224991858
6787	6788	0.0393224991858
6788	6787	0.0393224991858
6788	6789	0.0393224991858
6789	6788	0.0393224991858
6789	6790	0.0393224991858
6790	6789	0.0393224991858
6790	6791	0.0393224991858
6791	6790	0.0393224991858
6791	6792	0.0393224991858
6792	6791	0.0393224991858
6792	6793	0.0393224991858
6793	6792	0.0393224991858
6793	6794	0.0393224991858
6794	6793	0.0393224991858
6794	6795	0.0393224991858
6795	6794	0.0393224991858
6795	6796	0.0393224991858
6796	6795	0.0393224991858
6796	6797	0.0393224991858
6797	6796	0.0393224991858
6797	6798	0.0393224991858
6798	6797	0.0393224991858
6798	6799	0.0393224991858
6799	6798	0.0393224991858
6799	6800	0.0393224991858
6800	6799	0.0393224991858
6800	6801	0.0393224991858
6801	6800	0.0393224991858
6801	6802	0.0393224991858
6802	6801	0.0393224991858
6802	6803	0.0393224991858
6803	6802	0.0393224991858
6804	6536	0.0461995005608
6804	6805	0.0461995005608
6805	6804	0.0461995005608
6805	6806	0.0461995005608
6806	6805	0.0461995005608
6806	6807	0.0461995005608
6807	6806	0.0461995005608
6807	6808	0.0461995005608
6808	6807	0.0461995005608
6808	6809	0.0461995005608
6809	6808	0.0461995005608
6809	6810	0.0461995005608
6810	6809	0.0461995005608
6810	6811	0.0461995005608
6811	6810	0.0461995005608
6811	6812	0.0461995005608
6812	6811	0.0461995005608
6812	6813	0.0461995005608
6813	6812	0.0461995005608
6813	6814	0.0461995005608
6814	6813	0.0461995005608
6814	6815	0.0461995005608
6815	6814	0.0461995005608
6815	6816	0.0461995005608
6816	6815	0.0461995005608
6816	6817	0.0461995005608
6817	6816	0.0461995005608
6817	6818	0.0461995005608
6818	6817	0.0461995005608
6818	6819	0.0461995005608
6819	6818	0.0461995005608
6819	6820	0.0461995005608
6820	6819	0.0461995005608
6820	6821	0.0461995005608
6821	6820	0.0461995005608
6821	6822	0.0461995005608
6822	6821	0.0461995005608
6822	6823	0.0461995005608
6823	6822	0.0461995005608
6823	6824	0.0461995005608
6824	6823	0.0461995005608
6824	6825	0.0461995005608
6825	6824	0.0461995005608
6825	6826	0.0461995005608
6826	6825	0.0461995005608
6826	6827	0.0461995005608
6827	6826	0.0461995005608
6827	6828	0.0461995005608
6828	6827	0.0461995005608
6828	6829	0.0461995005608
6829	6828	0.0461995005608
6829	6830	0.0461995005608
6830	6829	0.0461995005608
6830	6831	0.0461995005608
6831	6830	0.0461995005608
6831	6832	0.0461995005608
6832	6831	0.0461995005608
6832	6833	0.0461995005608
6833	6832	0.0461995005608
6833	6834	0.0461995005608
6834	6833	0.0461995005608
6834	6835	0.0461995005608
6835	6834	0.0461995005608
6835	6836	0.0461995005608
6836	6835	0.0461995005608
6836	6837	0.0461995005608
6837	6836	0.0461995005608
6837	6838	0.0461995005608
6838	6837	0.0461995005608
6838	6839	0.0461995005608
6839	6838	0.0461995005608
6839	6840	0.0461995005608
6840	6839	0.0461995005608
6840	6841	0.0461995005608
6841	6840	0.0461995005608
6841	6842	0.0461995005608
6842	6841	0.0461995005608
6842	6843	0.0461995005608
6843	6842	0.0461995005608
6843	6844	0.0461995005608
6844	6843	0.0461995005608
6844	6845	0.0461995005608
6845	6844	0.0461995005608
6845	6846	0.0461995005608
6846	6845	0.0461995005608
6846	6847	0.0461995005608
6847	6846	0.0461995005608
6847	6848	0.0461995005608
6848	6847	0.0461995005608
6849	314	0.0371799990535
6849	6850	0.0371799990535
6850	6849	0.0371799990535
6850	6851	0.0371799990535
6851	6850	0.0371799990535
6851	6852	0.0371799990535
6852	6851	0.0371799990535
6852	6853	0.0371799990535
6853	6852	0.0371799990535
6853	6854	0.0371799990535
6854	6853	0.0371799990535
6854	6855	0.0371799990535
6855	6854	0.0371799990535
6855	6856	0.0371799990535
6856	6855	0.0371799990535
6856	6857	0.0371799990535
6857	6856	0.0371799990535
6857	6858	0.0371799990535
6858	6857	0.0371799990535
6858	6859	0.0371799990535
6859	6858	0.0371799990535
6859	6860	0.0371799990535
6860	6859	0.0371799990535
6860	6861	0.0371799990535
6861	6860	0.0371799990535
6861	6862	0.0371799990535
6862	6861	0.0371799990535
6862	6863	0.0371799990535
6863	6862	0.0371799990535
6863	6864	0.0371799990535
6864	6863	0.0371799990535
6864	6865	0.0371799990535
6865	6864	0.0371799990535
6865	6866	0.0371799990535
6866	6865	0.0371799990535
6866	6867	0.0371799990535
6867	6866	0.0371799990535
6867	6868	0.0371799990535
6868	6867	0.0371799990535
6869	178	0.043397501111
6869	6870	0.043397501111
6870	6869	0.043397501111
6870	6871	0.043397501111
6871	6870	0.043397501111
6871	6872	0.043397501111
6872	6871	0.043397501111
6872	6873	0.043397501111
6873	6872	0.043397501111
6873	6874	0.043397501111
6874	6873	0.043397501111
6874	6875	0.043397501111
6875	6874	0.043397501111
6875	6876	0.043397501111
6876	6875	0.043397501111
6876	6877	0.043397501111
6877	6876	0.043397501111
6877	6878	0.043397501111
6878	6877	0.043397501111
6878	6879	0.043397501111
6879	6878	0.043397501111
6879	6880	0.043397501111
6880	6879	0.043397501111
6880	6881	0.043397501111
6881	6880	0.043397501111
6881	6882	0.043397501111
6882	6881	0.043397501111
6882	6883	0.043397501111
6883	6882	0.043397501111
6883	6884	0.043397501111
6884	6883	0.043397501111
6884	6885	0.043397501111
6885	6884	0.043397501111
6885	6886	0.043397501111
6886	6885	0.043397501111
6886	6887	0.043397501111
6887	6886	0.043397501111
6887	6888	0.043397501111
6888	6887	0.043397501111
6888	6889	0.043397501111
6889	6888	0.043397501111
6889	6890	0.043397501111
6890	6889	0.043397501111
6890	6891	0.043397501111
6891	6890	0.043397501111
6891	6892	0.043397501111
6892	6891	0.043397501111
6892	6893	0.043397501111
6893	6892	0.043397501111
6893	6894	0.043397501111
6894	6893	0.043397501111
6894	6895	0.043397501111
6895	6894	0.043397501111
6895	6896	0.043397501111
6896	6895	0.043397501111
6896	6897	0.043397501111
6897	6896	0.043397501111
6897	6898	0.043397501111
6898	6897	0.043397501111
6898	6899	0.043397501111
6899	6898	0.043397501111
6899	6900	0.043397501111
6900	6899	0.043397501111
6900	6901	0.043397501111
6901	6900	0.043397501111
6901	6902	0.043397501111
6902	6901	0.043397501111
6902	6903	0.043397501111
6903	6902	0.043397501111
6903	6904	0.043397501111
6904	6903	0.043397501111
6904	6905	0.043397501111
6905	6904	0.043397501111
6905	6906	0.043397501111
6906	6905	0.043397501111
6906	6907	0.043397501111
6907	6906	0.043397501111
6907	6908	0.043397501111
6908	6907	0.043397501111
6909	164	0.0362319983542
6909	6910	0.0362319983542
6910	6909	0.0362319983542
6910	6911	0.0362319983542
6911	6910	0.0362319983542
6911	6912	0.0362319983542
6912	6911	0.0362319983542
6912	6913	0.0362319983542
6913	6912	0.0362319983542
6913	6914	0.0362319983542
6914	6913	0.0362319983542
6914	6915	0.0362319983542
6915	6914	0.0362319983542
6915	6916	0.0362319983542
6916	6915	0.0362319983542
6916	6917	0.0362319983542
6917	6916	0.0362319983542
6917	6918	0.0362319983542
6918	6917	0.0362319983542
6918	6919	0.0362319983542
6919	6918	0.0362319983542
6919	6920	0.0362319983542
6920	6919	0.0362319983542
6920	6921	0.0362319983542
6921	6920	0.0362319983542
6921	6922	0.0362319983542
6922	6921	0.0362319983542
6922	6923	0.0362319983542
6923	6922	0.0362319983542
6923	6924	0.0362319983542
6924	6923	0.0362319983542
6924	6925	0.0362319983542
6925	6924	0.0362319983542
6925	6926	0.0362319983542
6926	6925	0.0362319983542
6926	6927	0.0362319983542
6927	6926	0.0362319983542
6927	6928	0.0362319983542
6928	6927	0.0362319983542
6929	64	0.322793006897
6929	6930	0.322793006897
6930	6929	0.322793006897
6930	6931	0.322793006897
6931	6930	0.322793006897
6931	6932	0.322793006897
6932	6931	0.322793006897
6932	6933	0.322793006897
6933	6932	0.322793006897
6933	6934	0.322793006897
6934	6933	0.322793006897
6934	6935	0.322793006897
6935	6934	0.322793006897
6935	6936	0.322793006897
6936	6935	0.322793006897
6936	6937	0.322793006897
6937	6936	0.322793006897
6937	6938	0.322652995586
6937	15195	0.0352254994214
6938	6937	0.322652995586
6938	6939	0.322652995586
6939	6938	0.322652995586
6939	6940	0.322652995586
6940	6939	0.322652995586
6940	6941	0.322652995586
6941	6940	0.322652995586
6941	6942	0.322652995586
6942	6941	0.322652995586
6942	6943	0.322652995586
6943	6942	0.322652995586
6943	6944	0.322652995586
6944	6943	0.322652995586
6944	6945	0.322652995586
6945	6944	0.322652995586
6945	6946	0.322652995586
6946	6945	0.322652995586
6946	6947	0.0672240033746
6946	7082	0.32167750597
6947	6946	0.0672240033746
6947	6948	0.0672240033746
6948	6947	0.0672240033746
6948	6949	0.0672240033746
6949	6948	0.0672240033746
6949	6950	0.0672240033746
6950	6949	0.0672240033746
6950	6951	0.0672240033746
6951	6950	0.0672240033746
6951	6952	0.0672240033746
6952	6951	0.0672240033746
6952	6953	0.0672240033746
6953	6952	0.0672240033746
6953	6954	0.0672240033746
6954	6953	0.0672240033746
6954	6955	0.0672240033746
6955	6954	0.0672240033746
6955	6956	0.0672240033746
6956	6955	0.0672240033746
6956	6957	0.0672240033746
6957	6956	0.0672240033746
6957	6958	0.0672240033746
6958	6957	0.0672240033746
6958	6959	0.0672240033746
6959	6958	0.0672240033746
6959	6960	0.0672240033746
6960	6959	0.0672240033746
6960	6961	0.0672240033746
6961	6960	0.0672240033746
6961	6962	0.0672240033746
6962	6961	0.0672240033746
6962	6963	0.0672240033746
6963	6962	0.0672240033746
6963	6964	0.0672240033746
6964	6963	0.0672240033746
6964	6965	0.0672240033746
6965	6964	0.0672240033746
6965	6966	0.0672240033746
6966	6965	0.0672240033746
6966	6967	0.0672240033746
6967	6966	0.0672240033746
6967	6968	0.0672240033746
6968	6967	0.0672240033746
6968	6969	0.0672240033746
6969	6968	0.0672240033746
6969	6970	0.0672240033746
6970	6969	0.0672240033746
6970	6971	0.0672240033746
6971	6970	0.0672240033746
6971	6972	0.0672240033746
6972	6971	0.0672240033746
6972	6973	0.0672240033746
6973	6972	0.0672240033746
6973	6974	0.0672240033746
6974	6973	0.0672240033746
6974	6975	0.0672240033746
6975	6974	0.0672240033746
6975	6976	0.0672240033746
6976	6975	0.0672240033746
6976	6977	0.0672240033746
6977	6976	0.0672240033746
6977	6978	0.0371959991753
6977	6993	0.0631909966469
6978	6977	0.0371959991753
6978	6979	0.0371959991753
6979	6978	0.0371959991753
6979	6980	0.0371959991753
6980	6979	0.0371959991753
6980	6981	0.0371959991753
6981	6980	0.0371959991753
6981	6982	0.0371959991753
6982	6981	0.0371959991753
6982	6983	0.0371959991753
6983	6982	0.0371959991753
6983	6984	0.0371959991753
6984	6983	0.0371959991753
6984	6985	0.0371959991753
6985	6984	0.0371959991753
6985	6986	0.0371959991753
6986	6985	0.0371959991753
6986	6987	0.0371959991753
6987	6986	0.0371959991753
6987	6988	0.0371959991753
6988	6987	0.0371959991753
6988	6989	0.0371959991753
6989	6988	0.0371959991753
6989	6990	0.0371959991753
6990	6989	0.0371959991753
6990	6991	0.0371959991753
6991	6990	0.0371959991753
6991	6992	0.0371959991753
6992	6991	0.0371959991753
6993	6977	0.0631909966469
6993	6994	0.0631909966469
6994	6993	0.0631909966469
6994	6995	0.0631909966469
6995	6994	0.0631909966469
6995	6996	0.0631909966469
6996	6995	0.0631909966469
6996	6997	0.0631909966469
6997	6996	0.0631909966469
6997	6998	0.0631909966469
6998	6997	0.0631909966469
6998	6999	0.0631909966469
6999	6998	0.0631909966469
6999	7000	0.0631909966469
7000	6999	0.0631909966469
7000	7001	0.0631909966469
7001	7000	0.0631909966469
7001	7002	0.0631909966469
7002	7001	0.0631909966469
7002	7003	0.0631909966469
7003	7002	0.0631909966469
7003	7004	0.0631909966469
7004	7003	0.0631909966469
7004	7005	0.0631909966469
7005	7004	0.0631909966469
7005	7006	0.0631909966469
7006	7005	0.0631909966469
7006	7007	0.0631909966469
7007	7006	0.0631909966469
7007	7008	0.0631909966469
7008	7007	0.0631909966469
7008	7009	0.0631909966469
7009	7008	0.0631909966469
7009	7010	0.0631909966469
7010	7009	0.0631909966469
7010	7011	0.0631909966469
7011	7010	0.0631909966469
7011	7012	0.0631909966469
7012	7011	0.0631909966469
7012	7013	0.0631909966469
7013	7012	0.0631909966469
7013	7014	0.0631909966469
7014	7013	0.0631909966469
7014	7015	0.0631909966469
7015	7014	0.0631909966469
7015	7016	0.0631909966469
7016	7015	0.0631909966469
7016	7017	0.0631909966469
7017	7016	0.0631909966469
7017	7018	0.0631909966469
7018	7017	0.0631909966469
7018	7019	0.0631909966469
7019	7018	0.0631909966469
7019	7020	0.0364929996431
7019	7028	0.0588415004313
7020	7019	0.0364929996431
7020	7021	0.0364929996431
7021	7020	0.0364929996431
7021	7022	0.0364929996431
7022	7021	0.0364929996431
7022	7023	0.0364929996431
7023	7022	0.0364929996431
7023	7024	0.0364929996431
7024	7023	0.0364929996431
7024	7025	0.0364929996431
7025	7024	0.0364929996431
7025	7026	0.0364929996431
7026	7025	0.0364929996431
7026	7027	0.0364929996431
7027	7026	0.0364929996431
7028	7019	0.0588415004313
7028	7029	0.0588415004313
7029	7028	0.0588415004313
7029	7030	0.0588415004313
7030	7029	0.0588415004313
7030	7031	0.0588415004313
7031	7030	0.0588415004313
7031	7032	0.0588415004313
7032	7031	0.0588415004313
7032	7033	0.0588415004313
7033	7032	0.0588415004313
7033	7034	0.0588415004313
7034	7033	0.0588415004313
7034	7035	0.0588415004313
7035	7034	0.0588415004313
7035	7036	0.0588415004313
7036	7035	0.0588415004313
7036	7037	0.0588415004313
7037	7036	0.0588415004313
7037	7038	0.0588415004313
7038	7037	0.0588415004313
7038	7039	0.0588415004313
7039	7038	0.0588415004313
7039	7040	0.0588415004313
7040	7039	0.0588415004313
7040	7041	0.0588415004313
7041	7040	0.0588415004313
7041	7042	0.0588415004313
7042	7041	0.0588415004313
7042	7043	0.0588415004313
7043	7042	0.0588415004313
7043	7044	0.0588415004313
7044	7043	0.0588415004313
7044	7045	0.0588415004313
7045	7044	0.0588415004313
7045	7046	0.0588415004313
7046	7045	0.0588415004313
7046	7047	0.0588415004313
7047	7046	0.0588415004313
7047	7048	0.0588415004313
7048	7047	0.0588415004313
7048	7049	0.0588415004313
7049	7048	0.0588415004313
7049	7050	0.0588415004313
7050	7049	0.0588415004313
7050	7051	0.0588415004313
7051	7050	0.0588415004313
7051	7052	0.0588415004313
7052	7051	0.0588415004313
7052	7053	0.0588415004313
7053	7052	0.0588415004313
7053	7054	0.0588415004313
7054	7053	0.0588415004313
7054	7055	0.0588415004313
7055	7054	0.0588415004313
7055	7056	0.0588415004313
7056	7055	0.0588415004313
7056	7057	0.0588415004313
7057	7056	0.0588415004313
7057	7058	0.0588415004313
7058	7057	0.0588415004313
7058	7059	0.0588415004313
7059	7058	0.0588415004313
7059	7060	0.0588415004313
7060	7059	0.0588415004313
7060	7061	0.0588415004313
7061	7060	0.0588415004313
7061	7062	0.0588415004313
7062	7061	0.0588415004313
7062	7063	0.0588415004313
7063	7062	0.0588415004313
7063	7064	0.0588415004313
7064	7063	0.0588415004313
7064	7065	0.0588415004313
7065	7064	0.0588415004313
7065	7066	0.0588415004313
7066	7065	0.0588415004313
7066	7067	0.0588415004313
7067	7066	0.0588415004313
7067	7068	0.0588415004313
7068	7067	0.0588415004313
7068	7069	0.0588415004313
7069	7068	0.0588415004313
7069	7070	0.0588415004313
7070	7069	0.0588415004313
7070	7071	0.0588415004313
7071	7070	0.0588415004313
7071	7072	0.0588415004313
7072	7071	0.0588415004313
7072	7073	0.0588415004313
7073	7072	0.0588415004313
7073	7074	0.0588415004313
7074	7073	0.0588415004313
7074	7075	0.0588415004313
7075	7074	0.0588415004313
7075	7076	0.0588415004313
7076	7075	0.0588415004313
7076	7077	0.0588415004313
7077	7076	0.0588415004313
7077	7078	0.0588415004313
7078	7077	0.0588415004313
7078	7079	0.0588415004313
7079	7078	0.0588415004313
7079	7080	0.0588415004313
7080	7079	0.0588415004313
7080	7081	0.0588415004313
7081	7080	0.0588415004313
7082	6946	0.32167750597
7082	7083	0.32167750597
7083	7082	0.32167750597
7083	7084	0.32167750597
7084	7083	0.32167750597
7084	7085	0.32167750597
7085	7084	0.32167750597
7085	7086	0.32167750597
7086	7085	0.32167750597
7086	7087	0.32167750597
7087	7086	0.32167750597
7087	7088	0.32167750597
7088	7087	0.32167750597
7088	7089	0.32167750597
7089	7088	0.32167750597
7089	7090	0.32167750597
7090	7089	0.32167750597
7090	7091	0.321477502584
7090	15165	0.0395975001156
7091	7090	0.321477502584
7091	7092	0.321477502584
7092	7091	0.321477502584
7092	7093	0.321477502584
7093	7092	0.321477502584
7093	7094	0.321477502584
7094	7093	0.321477502584
7094	7095	0.321477502584
7095	7094	0.321477502584
7095	7096	0.321477502584
7096	7095	0.321477502584
7096	7097	0.321477502584
7097	7096	0.321477502584
7097	7098	0.321477502584
7098	7097	0.321477502584
7098	7099	0.321477502584
7099	7098	0.321477502584
7099	7100	0.321386009455
7099	15155	0.0304965004325
7100	7099	0.321386009455
7100	7101	0.321386009455
7101	7100	0.321386009455
7101	7102	0.321386009455
7102	7101	0.321386009455
7102	7103	0.321386009455
7103	7102	0.321386009455
7103	7104	0.321386009455
7104	7103	0.321386009455
7104	7105	0.321386009455
7105	7104	0.321386009455
7105	7106	0.321386009455
7106	7105	0.321386009455
7106	7107	0.321386009455
7107	7106	0.321386009455
7107	7108	0.321386009455
7108	7107	0.321386009455
7108	7109	0.0409105010331
7108	7143	0.321164995432
7109	7108	0.0409105010331
7109	7110	0.0409105010331
7110	7109	0.0409105010331
7110	7111	0.0409105010331
7111	7110	0.0409105010331
7111	7112	0.0409105010331
7112	7111	0.0409105010331
7112	7113	0.0409105010331
7113	7112	0.0409105010331
7113	7114	0.0409105010331
7114	7113	0.0409105010331
7114	7115	0.0409105010331
7115	7114	0.0409105010331
7115	7116	0.0409105010331
7116	7115	0.0409105010331
7116	7117	0.0409105010331
7117	7116	0.0409105010331
7117	7118	0.0409105010331
7118	7117	0.0409105010331
7118	7119	0.0409105010331
7119	7118	0.0409105010331
7119	7120	0.0409105010331
7120	7119	0.0409105010331
7120	7121	0.0409105010331
7121	7120	0.0409105010331
7121	7122	0.0409105010331
7122	7121	0.0409105010331
7122	7123	0.0409105010331
7123	7122	0.0409105010331
7123	7124	0.0409105010331
7124	7123	0.0409105010331
7124	7125	0.0409105010331
7125	7124	0.0409105010331
7125	7126	0.0409105010331
7126	7125	0.0409105010331
7126	7127	0.0409105010331
7127	7126	0.0409105010331
7127	7128	0.0409105010331
7128	7127	0.0409105010331
7128	7129	0.0409105010331
7129	7128	0.0409105010331
7129	7130	0.0409105010331
7130	7129	0.0409105010331
7130	7131	0.0409105010331
7131	7130	0.0409105010331
7131	7132	0.0409105010331
7132	7131	0.0409105010331
7132	7133	0.0409105010331
7133	7132	0.0409105010331
7133	7134	0.0409105010331
7134	7133	0.0409105010331
7134	7135	0.0409105010331
7135	7134	0.0409105010331
7135	7136	0.0409105010331
7136	7135	0.0409105010331
7136	7137	0.0409105010331
7137	7136	0.0409105010331
7137	7138	0.0409105010331
7138	7137	0.0409105010331
7138	7139	0.0409105010331
7139	7138	0.0409105010331
7139	7140	0.0409105010331
7140	7139	0.0409105010331
7140	7141	0.0409105010331
7141	7140	0.0409105010331
7141	7142	0.0409105010331
7142	7141	0.0409105010331
7143	7108	0.321164995432
7143	7144	0.321164995432
7144	7143	0.321164995432
7144	7145	0.321164995432
7145	7144	0.321164995432
7145	7146	0.321164995432
7146	7145	0.321164995432
7146	7147	0.321164995432
7147	7146	0.321164995432
7147	7148	0.321164995432
7148	7147	0.321164995432
7148	7149	0.321164995432
7149	7148	0.321164995432
7149	7150	0.321164995432
7150	7149	0.321164995432
7150	7151	0.321164995432
7151	7150	0.321164995432
7151	7152	0.0733684971929
7151	7320	0.319883495569
7152	7151	0.0733684971929
7152	7153	0.0733684971929
7153	7152	0.0733684971929
7153	7154	0.0733684971929
7154	7153	0.0733684971929
7154	7155	0.0733684971929
7155	7154	0.0733684971929
7155	7156	0.0733684971929
7156	7155	0.0733684971929
7156	7157	0.0733684971929
7157	7156	0.0733684971929
7157	7158	0.0733684971929
7158	7157	0.0733684971929
7158	7159	0.0733684971929
7159	7158	0.0733684971929
7159	7160	0.0733684971929
7160	7159	0.0733684971929
7160	7161	0.0733684971929
7161	7160	0.0733684971929
7161	7162	0.0733684971929
7162	7161	0.0733684971929
7162	7163	0.0733684971929
7163	7162	0.0733684971929
7163	7164	0.0733684971929
7164	7163	0.0733684971929
7164	7165	0.0733684971929
7165	7164	0.0733684971929
7165	7166	0.0733684971929
7166	7165	0.0733684971929
7166	7167	0.0733684971929
7167	7166	0.0733684971929
7167	7168	0.0733684971929
7168	7167	0.0733684971929
7168	7169	0.0733684971929
7169	7168	0.0733684971929
7169	7170	0.0733684971929
7170	7169	0.0733684971929
7170	7171	0.0733684971929
7171	7170	0.0733684971929
7171	7172	0.0733684971929
7172	7171	0.0733684971929
7172	7173	0.0733684971929
7173	7172	0.0733684971929
7173	7174	0.0733684971929
7174	7173	0.0733684971929
7174	7175	0.0733684971929
7175	7174	0.0733684971929
7175	7176	0.0733684971929
7176	7175	0.0733684971929
7176	7177	0.0733684971929
7177	7176	0.0733684971929
7177	7178	0.0733684971929
7178	7177	0.0733684971929
7178	7179	0.0733684971929
7179	7178	0.0733684971929
7179	7180	0.0733684971929
7180	7179	0.0733684971929
7180	7181	0.0733684971929
7181	7180	0.0733684971929
7181	7182	0.0733684971929
7182	7181	0.0733684971929
7182	7183	0.0733684971929
7183	7182	0.0733684971929
7183	7184	0.0733684971929
7184	7183	0.0733684971929
7184	7185	0.0733684971929
7185	7184	0.0733684971929
7185	7186	0.0733684971929
7186	7185	0.0733684971929
7186	7187	0.0733684971929
7187	7186	0.0733684971929
7187	7188	0.0733684971929
7188	7187	0.0733684971929
7188	7189	0.0733684971929
7189	7188	0.0733684971929
7189	7190	0.0733684971929
7190	7189	0.0733684971929
7190	7191	0.0733684971929
7191	7190	0.0733684971929
7191	7192	0.0733684971929
7192	7191	0.0733684971929
7192	7193	0.0733684971929
7193	7192	0.0733684971929
7193	7194	0.0733684971929
7194	7193	0.0733684971929
7194	7195	0.0733684971929
7195	7194	0.0733684971929
7195	7196	0.0733684971929
7196	7195	0.0733684971929
7196	7197	0.0733684971929
7197	7196	0.0733684971929
7197	7198	0.0733684971929
7198	7197	0.0733684971929
7198	7199	0.0733684971929
7199	7198	0.0733684971929
7199	7200	0.0733684971929
7200	7199	0.0733684971929
7200	7201	0.0733684971929
7201	7200	0.0733684971929
7201	7202	0.0733684971929
7202	7201	0.0733684971929
7202	7203	0.0733684971929
7203	7202	0.0733684971929
7203	7204	0.0496275015175
7203	7244	0.06484849751
7204	7203	0.0496275015175
7204	7205	0.0496275015175
7205	7204	0.0496275015175
7205	7206	0.0496275015175
7206	7205	0.0496275015175
7206	7207	0.0496275015175
7207	7206	0.0496275015175
7207	7208	0.0496275015175
7208	7207	0.0496275015175
7208	7209	0.0496275015175
7209	7208	0.0496275015175
7209	7210	0.0496275015175
7210	7209	0.0496275015175
7210	7211	0.0496275015175
7211	7210	0.0496275015175
7211	7212	0.0496275015175
7212	7211	0.0496275015175
7212	7213	0.0496275015175
7213	7212	0.0496275015175
7213	7214	0.0496275015175
7214	7213	0.0496275015175
7214	7215	0.0496275015175
7215	7214	0.0496275015175
7215	7216	0.0496275015175
7216	7215	0.0496275015175
7216	7217	0.0496275015175
7217	7216	0.0496275015175
7217	7218	0.0496275015175
7218	7217	0.0496275015175
7218	7219	0.0496275015175
7219	7218	0.0496275015175
7219	7220	0.0496275015175
7220	7219	0.0496275015175
7220	7221	0.0496275015175
7221	7220	0.0496275015175
7221	7222	0.0496275015175
7222	7221	0.0496275015175
7222	7223	0.0496275015175
7223	7222	0.0496275015175
7223	7224	0.0496275015175
7224	7223	0.0496275015175
7224	7225	0.0496275015175
7225	7224	0.0496275015175
7225	7226	0.0496275015175
7226	7225	0.0496275015175
7226	7227	0.0496275015175
7227	7226	0.0496275015175
7227	7228	0.0496275015175
7228	7227	0.0496275015175
7228	7229	0.0496275015175
7229	7228	0.0496275015175
7229	7230	0.0496275015175
7230	7229	0.0496275015175
7230	7231	0.0496275015175
7231	7230	0.0496275015175
7231	7232	0.0496275015175
7232	7231	0.0496275015175
7232	7233	0.0496275015175
7233	7232	0.0496275015175
7233	7234	0.0496275015175
7234	7233	0.0496275015175
7234	7235	0.0496275015175
7235	7234	0.0496275015175
7235	7236	0.0496275015175
7236	7235	0.0496275015175
7236	7237	0.0496275015175
7237	7236	0.0496275015175
7237	7238	0.0496275015175
7238	7237	0.0496275015175
7238	7239	0.0496275015175
7239	7238	0.0496275015175
7239	7240	0.0496275015175
7240	7239	0.0496275015175
7240	7241	0.0496275015175
7241	7240	0.0496275015175
7241	7242	0.0496275015175
7242	7241	0.0496275015175
7242	7243	0.0496275015175
7243	7242	0.0496275015175
7244	7203	0.06484849751
7244	7245	0.06484849751
7245	7244	0.06484849751
7245	7246	0.06484849751
7246	7245	0.06484849751
7246	7247	0.06484849751
7247	7246	0.06484849751
7247	7248	0.06484849751
7248	7247	0.06484849751
7248	7249	0.06484849751
7249	7248	0.06484849751
7249	7250	0.06484849751
7250	7249	0.06484849751
7250	7251	0.06484849751
7251	7250	0.06484849751
7251	7252	0.06484849751
7252	7251	0.06484849751
7252	7253	0.06484849751
7253	7252	0.06484849751
7253	7254	0.06484849751
7254	7253	0.06484849751
7254	7255	0.06484849751
7255	7254	0.06484849751
7255	7256	0.06484849751
7256	7255	0.06484849751
7256	7257	0.06484849751
7257	7256	0.06484849751
7257	7258	0.06484849751
7258	7257	0.06484849751
7258	7259	0.06484849751
7259	7258	0.06484849751
7259	7260	0.06484849751
7260	7259	0.06484849751
7260	7261	0.06484849751
7261	7260	0.06484849751
7261	7262	0.06484849751
7262	7261	0.06484849751
7262	7263	0.06484849751
7263	7262	0.06484849751
7263	7264	0.06484849751
7264	7263	0.06484849751
7264	7265	0.06484849751
7265	7264	0.06484849751
7265	7266	0.06484849751
7266	7265	0.06484849751
7266	7267	0.06484849751
7267	7266	0.06484849751
7267	7268	0.06484849751
7268	7267	0.06484849751
7268	7269	0.06484849751
7269	7268	0.06484849751
7269	7270	0.06484849751
7270	7269	0.06484849751
7270	7271	0.06484849751
7271	7270	0.06484849751
7271	7272	0.06484849751
7272	7271	0.06484849751
7272	7273	0.06484849751
7273	7272	0.06484849751
7273	7274	0.0598820000887
7273	7314	0.0387044996023
7274	7273	0.0598820000887
7274	7275	0.0598820000887
7275	7274	0.0598820000887
7275	7276	0.0598820000887
7276	7275	0.0598820000887
7276	7277	0.0598820000887
7277	7276	0.0598820000887
7277	7278	0.0598820000887
7278	7277	0.0598820000887
7278	7279	0.0598820000887
7279	7278	0.0598820000887
7279	7280	0.0598820000887
7280	7279	0.0598820000887
7280	7281	0.0598820000887
7281	7280	0.0598820000887
7281	7282	0.0598820000887
7282	7281	0.0598820000887
7282	7283	0.0598820000887
7283	7282	0.0598820000887
7283	7284	0.0598820000887
7284	7283	0.0598820000887
7284	7285	0.0598820000887
7285	7284	0.0598820000887
7285	7286	0.0598820000887
7286	7285	0.0598820000887
7286	7287	0.0598820000887
7287	7286	0.0598820000887
7287	7288	0.0598820000887
7288	7287	0.0598820000887
7288	7289	0.0598820000887
7289	7288	0.0598820000887
7289	7290	0.0598820000887
7290	7289	0.0598820000887
7290	7291	0.0598820000887
7291	7290	0.0598820000887
7291	7292	0.0598820000887
7292	7291	0.0598820000887
7292	7293	0.0598820000887
7293	7292	0.0598820000887
7293	7294	0.0598820000887
7294	7293	0.0598820000887
7294	7295	0.0598820000887
7295	7294	0.0598820000887
7295	7296	0.0598820000887
7296	7295	0.0598820000887
7296	7297	0.0598820000887
7297	7296	0.0598820000887
7297	7298	0.0598820000887
7298	7297	0.0598820000887
7298	7299	0.0598820000887
7299	7298	0.0598820000887
7299	7300	0.0598820000887
7300	7299	0.0598820000887
7300	7301	0.0598820000887
7301	7300	0.0598820000887
7301	7302	0.0598820000887
7302	7301	0.0598820000887
7302	7303	0.0598820000887
7303	7302	0.0598820000887
7303	7304	0.0598820000887
7304	7303	0.0598820000887
7304	7305	0.0598820000887
7305	7304	0.0598820000887
7305	7306	0.0598820000887
7306	7305	0.0598820000887
7306	7307	0.0598820000887
7307	7306	0.0598820000887
7307	7308	0.0598820000887
7308	7307	0.0598820000887
7308	7309	0.0598820000887
7309	7308	0.0598820000887
7309	7310	0.0598820000887
7310	7309	0.0598820000887
7310	7311	0.0598820000887
7311	7310	0.0598820000887
7311	7312	0.0598820000887
7312	7311	0.0598820000887
7312	7313	0.0598820000887
7313	7312	0.0598820000887
7314	7273	0.0387044996023
7314	7315	0.0387044996023
7315	7314	0.0387044996023
7315	7316	0.0387044996023
7316	7315	0.0387044996023
7316	7317	0.0387044996023
7317	7316	0.0387044996023
7317	7318	0.0387044996023
7318	7317	0.0387044996023
7318	7319	0.0387044996023
7319	7318	0.0387044996023
7320	7151	0.319883495569
7320	7321	0.319883495569
7321	7320	0.319883495569
7321	7322	0.319883495569
7322	7321	0.319883495569
7322	7323	0.319883495569
7323	7322	0.319883495569
7323	7324	0.319883495569
7324	7323	0.319883495569
7324	7325	0.319883495569
7325	7324	0.319883495569
7325	7326	0.319883495569
7326	7325	0.319883495569
7326	7327	0.319883495569
7327	7326	0.319883495569
7327	7328	0.319883495569
7328	7327	0.319883495569
7328	7329	0.319741010666
7328	15137	0.035229999572
7329	7328	0.319741010666
7329	7330	0.319741010666
7330	7329	0.319741010666
7330	7331	0.319741010666
7331	7330	0.319741010666
7331	7332	0.319741010666
7332	7331	0.319741010666
7332	7333	0.319741010666
7333	7332	0.319741010666
7333	7334	0.319741010666
7334	7333	0.319741010666
7334	7335	0.319741010666
7335	7334	0.319741010666
7335	7336	0.319741010666
7336	7335	0.319741010666
7336	7337	0.319741010666
7337	7336	0.319741010666
7337	7338	0.27444550395
7337	12287	0.229051500559
7338	7337	0.27444550395
7338	7339	0.27444550395
7339	7338	0.27444550395
7339	7340	0.27444550395
7340	7339	0.27444550395
7340	7341	0.27444550395
7341	7340	0.27444550395
7341	7342	0.27444550395
7342	7341	0.27444550395
7342	7343	0.27444550395
7343	7342	0.27444550395
7343	7344	0.27444550395
7344	7343	0.27444550395
7344	7345	0.27444550395
7345	7344	0.27444550395
7345	7346	0.27444550395
7346	7345	0.27444550395
7346	7347	0.27444550395
7347	7346	0.27444550395
7347	7348	0.27444550395
7348	7347	0.27444550395
7348	7349	0.27444550395
7349	7348	0.27444550395
7349	7350	0.0366719998419
7349	7370	0.274226993322
7350	7349	0.0366719998419
7350	7351	0.0366719998419
7351	7350	0.0366719998419
7351	7352	0.0366719998419
7352	7351	0.0366719998419
7352	7353	0.0366719998419
7353	7352	0.0366719998419
7353	7354	0.0366719998419
7354	7353	0.0366719998419
7354	7355	0.0366719998419
7355	7354	0.0366719998419
7355	7356	0.0366719998419
7356	7355	0.0366719998419
7356	7357	0.0366719998419
7357	7356	0.0366719998419
7357	7358	0.0366719998419
7358	7357	0.0366719998419
7358	7359	0.0366719998419
7359	7358	0.0366719998419
7359	7360	0.0366719998419
7360	7359	0.0366719998419
7360	7361	0.0366719998419
7361	7360	0.0366719998419
7361	7362	0.0366719998419
7362	7361	0.0366719998419
7362	7363	0.0366719998419
7363	7362	0.0366719998419
7363	7364	0.0366719998419
7364	7363	0.0366719998419
7364	7365	0.0366719998419
7365	7364	0.0366719998419
7365	7366	0.0366719998419
7366	7365	0.0366719998419
7366	7367	0.0366719998419
7367	7366	0.0366719998419
7367	7368	0.0366719998419
7368	7367	0.0366719998419
7368	7369	0.0366719998419
7369	7368	0.0366719998419
7370	7349	0.274226993322
7370	7371	0.274226993322
7371	7370	0.274226993322
7371	7372	0.274226993322
7372	7371	0.274226993322
7372	7373	0.274226993322
7373	7372	0.274226993322
7373	7374	0.274226993322
7374	7373	0.274226993322
7374	7375	0.274226993322
7375	7374	0.274226993322
7375	7376	0.274226993322
7376	7375	0.274226993322
7376	7377	0.274226993322
7377	7376	0.274226993322
7377	7378	0.274226993322
7378	7377	0.274226993322
7378	7379	0.274226993322
7379	7378	0.274226993322
7379	7380	0.274226993322
7380	7379	0.274226993322
7380	7381	0.274226993322
7381	7380	0.274226993322
7381	7382	0.0348410010338
7381	7398	0.274039506912
7382	7381	0.0348410010338
7382	7383	0.0348410010338
7383	7382	0.0348410010338
7383	7384	0.0348410010338
7384	7383	0.0348410010338
7384	7385	0.0348410010338
7385	7384	0.0348410010338
7385	7386	0.0348410010338
7386	7385	0.0348410010338
7386	7387	0.0348410010338
7387	7386	0.0348410010338
7387	7388	0.0348410010338
7388	7387	0.0348410010338
7388	7389	0.0348410010338
7389	7388	0.0348410010338
7389	7390	0.0348410010338
7390	7389	0.0348410010338
7390	7391	0.0348410010338
7391	7390	0.0348410010338
7391	7392	0.0348410010338
7392	7391	0.0348410010338
7392	7393	0.0348410010338
7393	7392	0.0348410010338
7393	7394	0.0348410010338
7394	7393	0.0348410010338
7394	7395	0.0348410010338
7395	7394	0.0348410010338
7395	7396	0.0348410010338
7396	7395	0.0348410010338
7396	7397	0.0348410010338
7397	7396	0.0348410010338
7398	7381	0.274039506912
7398	7399	0.274039506912
7399	7398	0.274039506912
7399	7400	0.274039506912
7400	7399	0.274039506912
7400	7401	0.274039506912
7401	7400	0.274039506912
7401	7402	0.274039506912
7402	7401	0.274039506912
7402	7403	0.274039506912
7403	7402	0.274039506912
7403	7404	0.274039506912
7404	7403	0.274039506912
7404	7405	0.274039506912
7405	7404	0.274039506912
7405	7406	0.274039506912
7406	7405	0.274039506912
7406	7407	0.274039506912
7407	7406	0.274039506912
7407	7408	0.274039506912
7408	7407	0.274039506912
7408	7409	0.274039506912
7409	7408	0.274039506912
7409	7410	0.274039506912
7410	7409	0.274039506912
7410	7411	0.274039506912
7411	7410	0.274039506912
7411	7412	0.274039506912
7412	7411	0.274039506912
7412	7413	0.274039506912
7413	7412	0.274039506912
7413	7414	0.274039506912
7414	7413	0.274039506912
7414	7415	0.274039506912
7415	7414	0.274039506912
7415	7416	0.274039506912
7416	7415	0.274039506912
7416	7417	0.274039506912
7417	7416	0.274039506912
7417	7418	0.274039506912
7418	7417	0.274039506912
7418	7419	0.274039506912
7419	7418	0.274039506912
7419	7420	0.274039506912
7420	7419	0.274039506912
7420	7421	0.274039506912
7421	7420	0.274039506912
7421	7422	0.274039506912
7422	7421	0.274039506912
7422	7423	0.274039506912
7423	7422	0.274039506912
7423	7424	0.274039506912
7424	7423	0.274039506912
7424	7425	0.273445010185
7424	12235	0.0511359982193
7425	7424	0.273445010185
7425	7426	0.273445010185
7426	7425	0.273445010185
7426	7427	0.273445010185
7427	7426	0.273445010185
7427	7428	0.273445010185
7428	7427	0.273445010185
7428	7429	0.273445010185
7429	7428	0.273445010185
7429	7430	0.273445010185
7430	7429	0.273445010185
7430	7431	0.273445010185
7431	7430	0.273445010185
7431	7432	0.273445010185
7432	7431	0.273445010185
7432	7433	0.273445010185
7433	7432	0.273445010185
7433	7434	0.273445010185
7434	7433	0.273445010185
7434	7435	0.273445010185
7435	7434	0.273445010185
7435	7436	0.273445010185
7436	7435	0.273445010185
7436	7437	0.273445010185
7437	7436	0.273445010185
7437	7438	0.0368199981749
7437	7457	0.273221999407
7438	7437	0.0368199981749
7438	7439	0.0368199981749
7439	7438	0.0368199981749
7439	7440	0.0368199981749
7440	7439	0.0368199981749
7440	7441	0.0368199981749
7441	7440	0.0368199981749
7441	7442	0.0368199981749
7442	7441	0.0368199981749
7442	7443	0.0368199981749
7443	7442	0.0368199981749
7443	7444	0.0368199981749
7444	7443	0.0368199981749
7444	7445	0.0368199981749
7445	7444	0.0368199981749
7445	7446	0.0368199981749
7446	7445	0.0368199981749
7446	7447	0.0368199981749
7447	7446	0.0368199981749
7447	7448	0.0368199981749
7448	7447	0.0368199981749
7448	7449	0.0368199981749
7449	7448	0.0368199981749
7449	7450	0.0368199981749
7450	7449	0.0368199981749
7450	7451	0.0368199981749
7451	7450	0.0368199981749
7451	7452	0.0368199981749
7452	7451	0.0368199981749
7452	7453	0.0368199981749
7453	7452	0.0368199981749
7453	7454	0.0368199981749
7454	7453	0.0368199981749
7454	7455	0.0368199981749
7455	7454	0.0368199981749
7455	7456	0.0368199981749
7456	7455	0.0368199981749
7457	7437	0.273221999407
7457	7458	0.273221999407
7458	7457	0.273221999407
7458	7459	0.273221999407
7459	7458	0.273221999407
7459	7460	0.273221999407
7460	7459	0.273221999407
7460	7461	0.273221999407
7461	7460	0.273221999407
7461	7462	0.273221999407
7462	7461	0.273221999407
7462	7463	0.273221999407
7463	7462	0.273221999407
7463	7464	0.273221999407
7464	7463	0.273221999407
7464	7465	0.273221999407
7465	7464	0.273221999407
7465	7466	0.273221999407
7466	7465	0.273221999407
7466	7467	0.273221999407
7467	7466	0.273221999407
7467	7468	0.273221999407
7468	7467	0.273221999407
7468	7469	0.273221999407
7469	7468	0.273221999407
7469	7470	0.054006498307
7469	7531	0.272516995668
7470	7469	0.054006498307
7470	7471	0.054006498307
7471	7470	0.054006498307
7471	7472	0.054006498307
7472	7471	0.054006498307
7472	7473	0.054006498307
7473	7472	0.054006498307
7473	7474	0.054006498307
7474	7473	0.054006498307
7474	7475	0.054006498307
7475	7474	0.054006498307
7475	7476	0.054006498307
7476	7475	0.054006498307
7476	7477	0.054006498307
7477	7476	0.054006498307
7477	7478	0.054006498307
7478	7477	0.054006498307
7478	7479	0.054006498307
7479	7478	0.054006498307
7479	7480	0.054006498307
7480	7479	0.054006498307
7480	7481	0.054006498307
7481	7480	0.054006498307
7481	7482	0.054006498307
7482	7481	0.054006498307
7482	7483	0.054006498307
7483	7482	0.054006498307
7483	7484	0.054006498307
7484	7483	0.054006498307
7484	7485	0.054006498307
7485	7484	0.054006498307
7485	7486	0.0496900007129
7485	7524	0.0326575003564
7486	7485	0.0496900007129
7486	7487	0.0496900007129
7487	7486	0.0496900007129
7487	7488	0.0496900007129
7488	7487	0.0496900007129
7488	7489	0.0496900007129
7489	7488	0.0496900007129
7489	7490	0.0496900007129
7490	7489	0.0496900007129
7490	7491	0.0496900007129
7491	7490	0.0496900007129
7491	7492	0.0496900007129
7492	7491	0.0496900007129
7492	7493	0.0496900007129
7493	7492	0.0496900007129
7493	7494	0.0496900007129
7494	7493	0.0496900007129
7494	7495	0.0496900007129
7495	7494	0.0496900007129
7495	7496	0.0496900007129
7496	7495	0.0496900007129
7496	7497	0.0496900007129
7497	7496	0.0496900007129
7497	7498	0.0496900007129
7498	7497	0.0496900007129
7498	7499	0.0496900007129
7499	7498	0.0496900007129
7499	7500	0.0496900007129
7500	7499	0.0496900007129
7500	7501	0.0496900007129
7501	7500	0.0496900007129
7501	7502	0.0496900007129
7502	7501	0.0496900007129
7502	7503	0.0496900007129
7503	7502	0.0496900007129
7503	7504	0.0496900007129
7504	7503	0.0496900007129
7504	7505	0.0496900007129
7505	7504	0.0496900007129
7505	7506	0.0496900007129
7506	7505	0.0496900007129
7506	7507	0.0496900007129
7507	7506	0.0496900007129
7507	7508	0.0496900007129
7508	7507	0.0496900007129
7508	7509	0.0496900007129
7509	7508	0.0496900007129
7509	7510	0.0496900007129
7510	7509	0.0496900007129
7510	7511	0.0496900007129
7511	7510	0.0496900007129
7511	7512	0.0496900007129
7512	7511	0.0496900007129
7512	7513	0.0496900007129
7513	7512	0.0496900007129
7513	7514	0.0496900007129
7514	7513	0.0496900007129
7514	7515	0.0496900007129
7515	7514	0.0496900007129
7515	7516	0.0496900007129
7516	7515	0.0496900007129
7516	7517	0.0496900007129
7517	7516	0.0496900007129
7517	7518	0.0496900007129
7518	7517	0.0496900007129
7518	7519	0.0496900007129
7519	7518	0.0496900007129
7519	7520	0.0496900007129
7520	7519	0.0496900007129
7520	7521	0.0496900007129
7521	7520	0.0496900007129
7521	7522	0.0496900007129
7522	7521	0.0496900007129
7522	7523	0.0496900007129
7523	7522	0.0496900007129
7524	7485	0.0326575003564
7524	7525	0.0326575003564
7525	7524	0.0326575003564
7525	7526	0.0326575003564
7526	7525	0.0326575003564
7526	7527	0.0326575003564
7527	7526	0.0326575003564
7527	7528	0.0326575003564
7528	7527	0.0326575003564
7528	7529	0.0326575003564
7529	7528	0.0326575003564
7529	7530	0.0326575003564
7530	7529	0.0326575003564
7531	7469	0.272516995668
7531	7532	0.272516995668
7532	7531	0.272516995668
7532	7533	0.272516995668
7533	7532	0.272516995668
7533	7534	0.272516995668
7534	7533	0.272516995668
7534	7535	0.272516995668
7535	7534	0.272516995668
7535	7536	0.272516995668
7536	7535	0.272516995668
7536	7537	0.272516995668
7537	7536	0.272516995668
7537	7538	0.272516995668
7538	7537	0.272516995668
7538	7539	0.272516995668
7539	7538	0.272516995668
7539	7540	0.272516995668
7540	7539	0.272516995668
7540	7541	0.272516995668
7541	7540	0.272516995668
7541	7542	0.272516995668
7542	7541	0.272516995668
7542	7543	0.272516995668
7543	7542	0.272516995668
7543	7544	0.272516995668
7544	7543	0.272516995668
7544	7545	0.272516995668
7545	7544	0.272516995668
7545	7546	0.272516995668
7546	7545	0.272516995668
7546	7547	0.272516995668
7547	7546	0.272516995668
7547	7548	0.272516995668
7548	7547	0.272516995668
7548	7549	0.272516995668
7549	7548	0.272516995668
7549	7550	0.272516995668
7550	7549	0.272516995668
7550	7551	0.272516995668
7551	7550	0.272516995668
7551	7552	0.272516995668
7552	7551	0.272516995668
7552	7553	0.272516995668
7553	7552	0.272516995668
7553	7554	0.272516995668
7554	7553	0.272516995668
7554	7555	0.272516995668
7555	7554	0.272516995668
7555	7556	0.0857919976115
7555	7793	0.269652485847
7556	7555	0.0857919976115
7556	7557	0.0857919976115
7557	7556	0.0857919976115
7557	7558	0.0857919976115
7558	7557	0.0857919976115
7558	7559	0.0857919976115
7559	7558	0.0857919976115
7559	7560	0.0857919976115
7560	7559	0.0857919976115
7560	7561	0.0857919976115
7561	7560	0.0857919976115
7561	7562	0.0857919976115
7562	7561	0.0857919976115
7562	7563	0.0857919976115
7563	7562	0.0857919976115
7563	7564	0.0857919976115
7564	7563	0.0857919976115
7564	7565	0.0857919976115
7565	7564	0.0857919976115
7565	7566	0.0857919976115
7566	7565	0.0857919976115
7566	7567	0.0857919976115
7567	7566	0.0857919976115
7567	7568	0.0782594978809
7567	7745	0.0533850006759
7568	7567	0.0782594978809
7568	7569	0.0782594978809
7569	7568	0.0782594978809
7569	7570	0.0782594978809
7570	7569	0.0782594978809
7570	7571	0.0782594978809
7571	7570	0.0782594978809
7571	7572	0.0782594978809
7572	7571	0.0782594978809
7572	7573	0.0782594978809
7573	7572	0.0782594978809
7573	7574	0.0782594978809
7574	7573	0.0782594978809
7574	7575	0.0782594978809
7575	7574	0.0782594978809
7575	7576	0.0782594978809
7576	7575	0.0782594978809
7576	7577	0.0782594978809
7577	7576	0.0782594978809
7577	7578	0.0782594978809
7578	7577	0.0782594978809
7578	7579	0.0782594978809
7579	7578	0.0782594978809
7579	7580	0.0782594978809
7580	7579	0.0782594978809
7580	7581	0.0782594978809
7581	7580	0.0782594978809
7581	7582	0.0782594978809
7582	7581	0.0782594978809
7582	7583	0.0782594978809
7583	7582	0.0782594978809
7583	7584	0.0782594978809
7584	7583	0.0782594978809
7584	7585	0.0782594978809
7585	7584	0.0782594978809
7585	7586	0.0782594978809
7586	7585	0.0782594978809
7586	7587	0.0782594978809
7587	7586	0.0782594978809
7587	7588	0.0782594978809
7588	7587	0.0782594978809
7588	7589	0.0782594978809
7589	7588	0.0782594978809
7589	7590	0.0782594978809
7590	7589	0.0782594978809
7590	7591	0.0782594978809
7591	7590	0.0782594978809
7591	7592	0.0782594978809
7592	7591	0.0782594978809
7592	7593	0.0782594978809
7593	7592	0.0782594978809
7593	7594	0.0782594978809
7594	7593	0.0782594978809
7594	7595	0.0782594978809
7595	7594	0.0782594978809
7595	7596	0.0782594978809
7596	7595	0.0782594978809
7596	7597	0.0782594978809
7597	7596	0.0782594978809
7597	7598	0.0782594978809
7598	7597	0.0782594978809
7598	7599	0.0782594978809
7599	7598	0.0782594978809
7599	7600	0.0782594978809
7600	7599	0.0782594978809
7600	7601	0.0782594978809
7601	7600	0.0782594978809
7601	7602	0.0782594978809
7602	7601	0.0782594978809
7602	7603	0.0782594978809
7603	7602	0.0782594978809
7603	7604	0.0782594978809
7604	7603	0.0782594978809
7604	7605	0.0704315006733
7604	7709	0.0506484992802
7605	7604	0.0704315006733
7605	7606	0.0704315006733
7606	7605	0.0704315006733
7606	7607	0.0704315006733
7607	7606	0.0704315006733
7607	7608	0.0704315006733
7608	7607	0.0704315006733
7608	7609	0.0704315006733
7609	7608	0.0704315006733
7609	7610	0.0704315006733
7610	7609	0.0704315006733
7610	7611	0.0704315006733
7611	7610	0.0704315006733
7611	7612	0.0704315006733
7612	7611	0.0704315006733
7612	7613	0.0704315006733
7613	7612	0.0704315006733
7613	7614	0.0704315006733
7614	7613	0.0704315006733
7614	7615	0.0704315006733
7615	7614	0.0704315006733
7615	7616	0.0704315006733
7616	7615	0.0704315006733
7616	7617	0.0455220006406
7616	7636	0.0634170025587
7617	7616	0.0455220006406
7617	7618	0.0455220006406
7618	7617	0.0455220006406
7618	7619	0.0455220006406
7619	7618	0.0455220006406
7619	7620	0.0455220006406
7620	7619	0.0455220006406
7620	7621	0.0455220006406
7621	7620	0.0455220006406
7621	7622	0.0455220006406
7622	7621	0.0455220006406
7622	7623	0.0455220006406
7623	7622	0.0455220006406
7623	7624	0.0455220006406
7624	7623	0.0455220006406
7624	7625	0.0455220006406
7625	7624	0.0455220006406
7625	7626	0.0455220006406
7626	7625	0.0455220006406
7626	7627	0.0455220006406
7627	7626	0.0455220006406
7627	7628	0.0455220006406
7628	7627	0.0455220006406
7628	7629	0.0455220006406
7629	7628	0.0455220006406
7629	7630	0.0455220006406
7630	7629	0.0455220006406
7630	7631	0.0455220006406
7631	7630	0.0455220006406
7631	7632	0.0455220006406
7632	7631	0.0455220006406
7632	7633	0.0455220006406
7633	7632	0.0455220006406
7633	7634	0.0455220006406
7634	7633	0.0455220006406
7634	7635	0.0455220006406
7635	7634	0.0455220006406
7636	7616	0.0634170025587
7636	7637	0.0634170025587
7637	7636	0.0634170025587
7637	7638	0.0634170025587
7638	7637	0.0634170025587
7638	7639	0.0634170025587
7639	7638	0.0634170025587
7639	7640	0.0634170025587
7640	7639	0.0634170025587
7640	7641	0.0634170025587
7641	7640	0.0634170025587
7641	7642	0.0634170025587
7642	7641	0.0634170025587
7642	7643	0.0634170025587
7643	7642	0.0634170025587
7643	7644	0.0634170025587
7644	7643	0.0634170025587
7644	7645	0.0634170025587
7645	7644	0.0634170025587
7645	7646	0.0634170025587
7646	7645	0.0634170025587
7646	7647	0.0634170025587
7647	7646	0.0634170025587
7647	7648	0.0634170025587
7648	7647	0.0634170025587
7648	7649	0.0634170025587
7649	7648	0.0634170025587
7649	7650	0.0634170025587
7650	7649	0.0634170025587
7650	7651	0.0634170025587
7651	7650	0.0634170025587
7651	7652	0.0634170025587
7652	7651	0.0634170025587
7652	7653	0.0634170025587
7653	7652	0.0634170025587
7653	7654	0.0634170025587
7654	7653	0.0634170025587
7654	7655	0.0634170025587
7655	7654	0.0634170025587
7655	7656	0.0634170025587
7656	7655	0.0634170025587
7656	7657	0.0634170025587
7657	7656	0.0634170025587
7657	7658	0.0634170025587
7658	7657	0.0634170025587
7658	7659	0.0634170025587
7659	7658	0.0634170025587
7659	7660	0.0634170025587
7660	7659	0.0634170025587
7660	7661	0.0634170025587
7661	7660	0.0634170025587
7661	7662	0.0634170025587
7662	7661	0.0634170025587
7662	7663	0.0634170025587
7663	7662	0.0634170025587
7663	7664	0.0634170025587
7664	7663	0.0634170025587
7664	7665	0.0634170025587
7665	7664	0.0634170025587
7665	7666	0.0634170025587
7666	7665	0.0634170025587
7666	7667	0.0634170025587
7667	7666	0.0634170025587
7667	7668	0.0634170025587
7668	7667	0.0634170025587
7668	7669	0.0634170025587
7669	7668	0.0634170025587
7669	7670	0.0634170025587
7670	7669	0.0634170025587
7670	7671	0.0634170025587
7671	7670	0.0634170025587
7671	7672	0.0634170025587
7672	7671	0.0634170025587
7672	7673	0.0634170025587
7673	7672	0.0634170025587
7673	7674	0.0634170025587
7674	7673	0.0634170025587
7674	7675	0.0634170025587
7675	7674	0.0634170025587
7675	7676	0.0634170025587
7676	7675	0.0634170025587
7676	7677	0.0634170025587
7677	7676	0.0634170025587
7677	7678	0.0634170025587
7678	7677	0.0634170025587
7678	7679	0.0634170025587
7679	7678	0.0634170025587
7679	7680	0.0634170025587
7680	7679	0.0634170025587
7680	7681	0.0634170025587
7681	7680	0.0634170025587
7681	7682	0.0634170025587
7682	7681	0.0634170025587
7682	7683	0.0634170025587
7683	7682	0.0634170025587
7683	7684	0.0634170025587
7684	7683	0.0634170025587
7684	7685	0.0634170025587
7685	7684	0.0634170025587
7685	7686	0.0634170025587
7686	7685	0.0634170025587
7686	7687	0.0634170025587
7687	7686	0.0634170025587
7687	7688	0.0634170025587
7688	7687	0.0634170025587
7688	7689	0.0634170025587
7689	7688	0.0634170025587
7689	7690	0.0634170025587
7690	7689	0.0634170025587
7690	7691	0.0634170025587
7691	7690	0.0634170025587
7691	7692	0.0634170025587
7692	7691	0.0634170025587
7692	7693	0.0634170025587
7693	7692	0.0634170025587
7693	7694	0.0634170025587
7694	7693	0.0634170025587
7694	7695	0.0634170025587
7695	7694	0.0634170025587
7695	7696	0.0634170025587
7696	7695	0.0634170025587
7696	7697	0.0634170025587
7697	7696	0.0634170025587
7697	7698	0.0634170025587
7698	7697	0.0634170025587
7698	7699	0.0634170025587
7699	7698	0.0634170025587
7699	7700	0.0634170025587
7700	7699	0.0634170025587
7700	7701	0.0634170025587
7701	7700	0.0634170025587
7701	7702	0.0634170025587
7702	7701	0.0634170025587
7702	7703	0.0634170025587
7703	7702	0.0634170025587
7703	7704	0.0634170025587
7704	7703	0.0634170025587
7704	7705	0.0634170025587
7705	7704	0.0634170025587
7705	7706	0.0634170025587
7706	7705	0.0634170025587
7706	7707	0.0634170025587
7707	7706	0.0634170025587
7707	7708	0.0634170025587
7708	7707	0.0634170025587
7709	7604	0.0506484992802
7709	7710	0.0506484992802
7710	7709	0.0506484992802
7710	7711	0.0506484992802
7711	7710	0.0506484992802
7711	7712	0.0506484992802
7712	7711	0.0506484992802
7712	7713	0.0506484992802
7713	7712	0.0506484992802
7713	7714	0.0506484992802
7714	7713	0.0506484992802
7714	7715	0.0506484992802
7715	7714	0.0506484992802
7715	7716	0.0506484992802
7716	7715	0.0506484992802
7716	7717	0.0506484992802
7717	7716	0.0506484992802
7717	7718	0.0506484992802
7718	7717	0.0506484992802
7718	7719	0.0506484992802
7719	7718	0.0506484992802
7719	7720	0.0506484992802
7720	7719	0.0506484992802
7720	7721	0.0506484992802
7721	7720	0.0506484992802
7721	7722	0.0506484992802
7722	7721	0.0506484992802
7722	7723	0.0506484992802
7723	7722	0.0506484992802
7723	7724	0.0506484992802
7724	7723	0.0506484992802
7724	7725	0.0506484992802
7725	7724	0.0506484992802
7725	7726	0.0506484992802
7726	7725	0.0506484992802
7726	7727	0.0506484992802
7727	7726	0.0506484992802
7727	7728	0.0506484992802
7728	7727	0.0506484992802
7728	7729	0.0506484992802
7729	7728	0.0506484992802
7729	7730	0.0506484992802
7730	7729	0.0506484992802
7730	7731	0.0506484992802
7731	7730	0.0506484992802
7731	7732	0.0506484992802
7732	7731	0.0506484992802
7732	7733	0.0506484992802
7733	7732	0.0506484992802
7733	7734	0.0506484992802
7734	7733	0.0506484992802
7734	7735	0.0506484992802
7735	7734	0.0506484992802
7735	7736	0.0506484992802
7736	7735	0.0506484992802
7736	7737	0.0506484992802
7737	7736	0.0506484992802
7737	7738	0.0506484992802
7738	7737	0.0506484992802
7738	7739	0.0506484992802
7739	7738	0.0506484992802
7739	7740	0.0506484992802
7740	7739	0.0506484992802
7740	7741	0.0506484992802
7741	7740	0.0506484992802
7741	7742	0.0506484992802
7742	7741	0.0506484992802
7742	7743	0.0506484992802
7743	7742	0.0506484992802
7743	7744	0.0506484992802
7744	7743	0.0506484992802
7745	7567	0.0533850006759
7745	7746	0.0533850006759
7746	7745	0.0533850006759
7746	7747	0.0533850006759
7747	7746	0.0533850006759
7747	7748	0.0533850006759
7748	7747	0.0533850006759
7748	7749	0.0533850006759
7749	7748	0.0533850006759
7749	7750	0.0533850006759
7750	7749	0.0533850006759
7750	7751	0.0533850006759
7751	7750	0.0533850006759
7751	7752	0.0533850006759
7752	7751	0.0533850006759
7752	7753	0.0533850006759
7753	7752	0.0533850006759
7753	7754	0.0382959991693
7753	7767	0.0457855015993
7754	7753	0.0382959991693
7754	7755	0.0382959991693
7755	7754	0.0382959991693
7755	7756	0.0382959991693
7756	7755	0.0382959991693
7756	7757	0.0382959991693
7757	7756	0.0382959991693
7757	7758	0.0382959991693
7758	7757	0.0382959991693
7758	7759	0.0382959991693
7759	7758	0.0382959991693
7759	7760	0.0382959991693
7760	7759	0.0382959991693
7760	7761	0.0382959991693
7761	7760	0.0382959991693
7761	7762	0.0382959991693
7762	7761	0.0382959991693
7762	7763	0.0382959991693
7763	7762	0.0382959991693
7763	7764	0.0382959991693
7764	7763	0.0382959991693
7764	7765	0.0382959991693
7765	7764	0.0382959991693
7765	7766	0.0382959991693
7766	7765	0.0382959991693
7767	7753	0.0457855015993
7767	7768	0.0457855015993
7768	7767	0.0457855015993
7768	7769	0.0457855015993
7769	7768	0.0457855015993
7769	7770	0.0457855015993
7770	7769	0.0457855015993
7770	7771	0.0457855015993
7771	7770	0.0457855015993
7771	7772	0.0457855015993
7772	7771	0.0457855015993
7772	7773	0.0457855015993
7773	7772	0.0457855015993
7773	7774	0.0457855015993
7774	7773	0.0457855015993
7774	7775	0.0457855015993
7775	7774	0.0457855015993
7775	7776	0.0457855015993
7776	7775	0.0457855015993
7776	7777	0.0457855015993
7777	7776	0.0457855015993
7777	7778	0.0457855015993
7778	7777	0.0457855015993
7778	7779	0.0457855015993
7779	7778	0.0457855015993
7779	7780	0.0457855015993
7780	7779	0.0457855015993
7780	7781	0.0457855015993
7781	7780	0.0457855015993
7781	7782	0.0457855015993
7782	7781	0.0457855015993
7782	7783	0.0457855015993
7783	7782	0.0457855015993
7783	7784	0.0457855015993
7784	7783	0.0457855015993
7784	7785	0.0457855015993
7785	7784	0.0457855015993
7785	7786	0.0457855015993
7786	7785	0.0457855015993
7786	7787	0.0457855015993
7787	7786	0.0457855015993
7787	7788	0.0457855015993
7788	7787	0.0457855015993
7788	7789	0.0457855015993
7789	7788	0.0457855015993
7789	7790	0.0457855015993
7790	7789	0.0457855015993
7790	7791	0.0457855015993
7791	7790	0.0457855015993
7791	7792	0.0457855015993
7792	7791	0.0457855015993
7793	7555	0.269652485847
7793	7794	0.269652485847
7794	7793	0.269652485847
7794	7795	0.269652485847
7795	7794	0.269652485847
7795	7796	0.269652485847
7796	7795	0.269652485847
7796	7797	0.269652485847
7797	7796	0.269652485847
7797	7798	0.269652485847
7798	7797	0.269652485847
7798	7799	0.269652485847
7799	7798	0.269652485847
7799	7800	0.269652485847
7800	7799	0.269652485847
7800	7801	0.269652485847
7801	7800	0.269652485847
7801	7802	0.269652485847
7802	7801	0.269652485847
7802	7803	0.269652485847
7803	7802	0.269652485847
7803	7804	0.269652485847
7804	7803	0.269652485847
7804	7805	0.268273502588
7804	12120	0.0668945014477
7805	7804	0.268273502588
7805	7806	0.268273502588
7806	7805	0.268273502588
7806	7807	0.268273502588
7807	7806	0.268273502588
7807	7808	0.268273502588
7808	7807	0.268273502588
7808	7809	0.268273502588
7809	7808	0.268273502588
7809	7810	0.268273502588
7810	7809	0.268273502588
7810	7811	0.268273502588
7811	7810	0.268273502588
7811	7812	0.268273502588
7812	7811	0.268273502588
7812	7813	0.268273502588
7813	7812	0.268273502588
7813	7814	0.268273502588
7814	7813	0.268273502588
7814	7815	0.268273502588
7815	7814	0.268273502588
7815	7816	0.268273502588
7816	7815	0.268273502588
7816	7817	0.268273502588
7817	7816	0.268273502588
7817	7818	0.268273502588
7818	7817	0.268273502588
7818	7819	0.268273502588
7819	7818	0.268273502588
7819	7820	0.268273502588
7820	7819	0.268273502588
7820	7821	0.268273502588
7821	7820	0.268273502588
7821	7822	0.268273502588
7822	7821	0.268273502588
7822	7823	0.268273502588
7823	7822	0.268273502588
7823	7824	0.268273502588
7824	7823	0.268273502588
7824	7825	0.268273502588
7825	7824	0.268273502588
7825	7826	0.268273502588
7826	7825	0.268273502588
7826	7827	0.268273502588
7827	7826	0.268273502588
7827	7828	0.266872495413
7827	12021	0.0670109987259
7828	7827	0.266872495413
7828	7829	0.266872495413
7829	7828	0.266872495413
7829	7830	0.266872495413
7830	7829	0.266872495413
7830	7831	0.266872495413
7831	7830	0.266872495413
7831	7832	0.266872495413
7832	7831	0.266872495413
7832	7833	0.266872495413
7833	7832	0.266872495413
7833	7834	0.266872495413
7834	7833	0.266872495413
7834	7835	0.266872495413
7835	7834	0.266872495413
7835	7836	0.266872495413
7836	7835	0.266872495413
7836	7837	0.266872495413
7837	7836	0.266872495413
7837	7838	0.266872495413
7838	7837	0.266872495413
7838	7839	0.266872495413
7839	7838	0.266872495413
7839	7840	0.266872495413
7840	7839	0.266872495413
7840	7841	0.266872495413
7841	7840	0.266872495413
7841	7842	0.266872495413
7842	7841	0.266872495413
7842	7843	0.266872495413
7843	7842	0.266872495413
7843	7844	0.266872495413
7844	7843	0.266872495413
7844	7845	0.0421180017292
7844	7872	0.266522496939
7845	7844	0.0421180017292
7845	7846	0.0421180017292
7846	7845	0.0421180017292
7846	7847	0.0421180017292
7847	7846	0.0421180017292
7847	7848	0.0421180017292
7848	7847	0.0421180017292
7848	7849	0.0421180017292
7849	7848	0.0421180017292
7849	7850	0.0421180017292
7850	7849	0.0421180017292
7850	7851	0.0421180017292
7851	7850	0.0421180017292
7851	7852	0.0421180017292
7852	7851	0.0421180017292
7852	7853	0.0421180017292
7853	7852	0.0421180017292
7853	7854	0.0421180017292
7854	7853	0.0421180017292
7854	7855	0.0421180017292
7855	7854	0.0421180017292
7855	7856	0.0421180017292
7856	7855	0.0421180017292
7856	7857	0.0421180017292
7857	7856	0.0421180017292
7857	7858	0.0421180017292
7858	7857	0.0421180017292
7858	7859	0.0421180017292
7859	7858	0.0421180017292
7859	7860	0.0421180017292
7860	7859	0.0421180017292
7860	7861	0.0421180017292
7861	7860	0.0421180017292
7861	7862	0.0421180017292
7862	7861	0.0421180017292
7862	7863	0.0421180017292
7863	7862	0.0421180017292
7863	7864	0.0421180017292
7864	7863	0.0421180017292
7864	7865	0.0421180017292
7865	7864	0.0421180017292
7865	7866	0.0421180017292
7866	7865	0.0421180017292
7866	7867	0.0421180017292
7867	7866	0.0421180017292
7867	7868	0.0421180017292
7868	7867	0.0421180017292
7868	7869	0.0421180017292
7869	7868	0.0421180017292
7869	7870	0.0421180017292
7870	7869	0.0421180017292
7870	7871	0.0421180017292
7871	7870	0.0421180017292
7872	7844	0.266522496939
7872	7873	0.266522496939
7873	7872	0.266522496939
7873	7874	0.266522496939
7874	7873	0.266522496939
7874	7875	0.266522496939
7875	7874	0.266522496939
7875	7876	0.266522496939
7876	7875	0.266522496939
7876	7877	0.266522496939
7877	7876	0.266522496939
7877	7878	0.266522496939
7878	7877	0.266522496939
7878	7879	0.266522496939
7879	7878	0.266522496939
7879	7880	0.266522496939
7880	7879	0.266522496939
7880	7881	0.266522496939
7881	7880	0.266522496939
7881	7882	0.266522496939
7882	7881	0.266522496939
7882	7883	0.266522496939
7883	7882	0.266522496939
7883	7884	0.266522496939
7884	7883	0.266522496939
7884	7885	0.266522496939
7885	7884	0.266522496939
7885	7886	0.266522496939
7886	7885	0.266522496939
7886	7887	0.266522496939
7887	7886	0.266522496939
7887	7888	0.266522496939
7888	7887	0.266522496939
7888	7889	0.156231999397
7888	8751	0.247271001339
7889	7888	0.156231999397
7889	7890	0.156231999397
7890	7889	0.156231999397
7890	7891	0.156231999397
7891	7890	0.156231999397
7891	7892	0.156231999397
7892	7891	0.156231999397
7892	7893	0.156231999397
7893	7892	0.156231999397
7893	7894	0.156231999397
7894	7893	0.156231999397
7894	7895	0.156231999397
7895	7894	0.156231999397
7895	7896	0.156231999397
7896	7895	0.156231999397
7896	7897	0.156231999397
7897	7896	0.156231999397
7897	7898	0.156231999397
7898	7897	0.156231999397
7898	7899	0.156231999397
7899	7898	0.156231999397
7899	7900	0.156231999397
7900	7899	0.156231999397
7900	7901	0.156231999397
7901	7900	0.156231999397
7901	7902	0.156231999397
7902	7901	0.156231999397
7902	7903	0.156231999397
7903	7902	0.156231999397
7903	7904	0.156231999397
7904	7903	0.156231999397
7904	7905	0.035816501826
7904	7917	0.155601501465
7905	7904	0.035816501826
7905	7906	0.035816501826
7906	7905	0.035816501826
7906	7907	0.035816501826
7907	7906	0.035816501826
7907	7908	0.035816501826
7908	7907	0.035816501826
7908	7909	0.035816501826
7909	7908	0.035816501826
7909	7910	0.035816501826
7910	7909	0.035816501826
7910	7911	0.035816501826
7911	7910	0.035816501826
7911	7912	0.035816501826
7912	7911	0.035816501826
7912	7913	0.035816501826
7913	7912	0.035816501826
7913	7914	0.035816501826
7914	7913	0.035816501826
7914	7915	0.035816501826
7915	7914	0.035816501826
7915	7916	0.035816501826
7916	7915	0.035816501826
7917	7904	0.155601501465
7917	7918	0.155601501465
7918	7917	0.155601501465
7918	7919	0.155601501465
7919	7918	0.155601501465
7919	7920	0.155601501465
7920	7919	0.155601501465
7920	7921	0.155601501465
7921	7920	0.155601501465
7921	7922	0.155601501465
7922	7921	0.155601501465
7922	7923	0.155601501465
7923	7922	0.155601501465
7923	7924	0.155601501465
7924	7923	0.155601501465
7924	7925	0.155601501465
7925	7924	0.155601501465
7925	7926	0.155601501465
7926	7925	0.155601501465
7926	7927	0.155601501465
7927	7926	0.155601501465
7927	7928	0.155601501465
7928	7927	0.155601501465
7928	7929	0.155601501465
7929	7928	0.155601501465
7929	7930	0.155601501465
7930	7929	0.155601501465
7930	7931	0.155601501465
7931	7930	0.155601501465
7931	7932	0.155601501465
7932	7931	0.155601501465
7932	7933	0.0358039997518
7932	7945	0.15496750176
7933	7932	0.0358039997518
7933	7934	0.0358039997518
7934	7933	0.0358039997518
7934	7935	0.0358039997518
7935	7934	0.0358039997518
7935	7936	0.0358039997518
7936	7935	0.0358039997518
7936	7937	0.0358039997518
7937	7936	0.0358039997518
7937	7938	0.0358039997518
7938	7937	0.0358039997518
7938	7939	0.0358039997518
7939	7938	0.0358039997518
7939	7940	0.0358039997518
7940	7939	0.0358039997518
7940	7941	0.0358039997518
7941	7940	0.0358039997518
7941	7942	0.0358039997518
7942	7941	0.0358039997518
7942	7943	0.0358039997518
7943	7942	0.0358039997518
7943	7944	0.0358039997518
7944	7943	0.0358039997518
7945	7932	0.15496750176
7945	7946	0.15496750176
7946	7945	0.15496750176
7946	7947	0.15496750176
7947	7946	0.15496750176
7947	7948	0.15496750176
7948	7947	0.15496750176
7948	7949	0.15496750176
7949	7948	0.15496750176
7949	7950	0.15496750176
7950	7949	0.15496750176
7950	7951	0.15496750176
7951	7950	0.15496750176
7951	7952	0.15496750176
7952	7951	0.15496750176
7952	7953	0.15496750176
7953	7952	0.15496750176
7953	7954	0.15496750176
7954	7953	0.15496750176
7954	7955	0.15496750176
7955	7954	0.15496750176
7955	7956	0.15496750176
7956	7955	0.15496750176
7956	7957	0.15496750176
7957	7956	0.15496750176
7957	7958	0.15496750176
7958	7957	0.15496750176
7958	7959	0.15496750176
7959	7958	0.15496750176
7959	7960	0.15496750176
7960	7959	0.15496750176
7960	7961	0.15496750176
7961	7960	0.15496750176
7961	7962	0.15496750176
7962	7961	0.15496750176
7962	7963	0.15496750176
7963	7962	0.15496750176
7963	7964	0.15496750176
7964	7963	0.15496750176
7964	7965	0.15496750176
7965	7964	0.15496750176
7965	7966	0.15496750176
7966	7965	0.15496750176
7966	7967	0.15496750176
7967	7966	0.15496750176
7967	7968	0.15496750176
7968	7967	0.15496750176
7968	7969	0.15496750176
7969	7968	0.15496750176
7969	7970	0.15496750176
7970	7969	0.15496750176
7970	7971	0.15496750176
7971	7970	0.15496750176
7971	7972	0.15496750176
7972	7971	0.15496750176
7972	7973	0.15496750176
7973	7972	0.15496750176
7973	7974	0.15496750176
7974	7973	0.15496750176
7974	7975	0.15496750176
7975	7974	0.15496750176
7975	7976	0.15496750176
7976	7975	0.15496750176
7976	7977	0.15496750176
7977	7976	0.15496750176
7977	7978	0.15496750176
7978	7977	0.15496750176
7978	7979	0.15496750176
7979	7978	0.15496750176
7979	7980	0.15496750176
7980	7979	0.15496750176
7980	7981	0.15496750176
7981	7980	0.15496750176
7981	7982	0.15496750176
7982	7981	0.15496750176
7982	7983	0.150410994887
7982	8665	0.0683059990406
7983	7982	0.150410994887
7983	7984	0.150410994887
7984	7983	0.150410994887
7984	7985	0.150410994887
7985	7984	0.150410994887
7985	7986	0.150410994887
7986	7985	0.150410994887
7986	7987	0.150410994887
7987	7986	0.150410994887
7987	7988	0.150410994887
7988	7987	0.150410994887
7988	7989	0.150410994887
7989	7988	0.150410994887
7989	7990	0.150410994887
7990	7989	0.150410994887
7990	7991	0.150410994887
7991	7990	0.150410994887
7991	7992	0.150410994887
7992	7991	0.150410994887
7992	7993	0.150410994887
7993	7992	0.150410994887
7993	7994	0.150410994887
7994	7993	0.150410994887
7994	7995	0.150410994887
7995	7994	0.150410994887
7995	7996	0.150410994887
7996	7995	0.150410994887
7996	7997	0.150410994887
7997	7996	0.150410994887
7997	7998	0.150410994887
7998	7997	0.150410994887
7998	7999	0.150410994887
7999	7998	0.150410994887
7999	8000	0.150410994887
8000	7999	0.150410994887
8000	8001	0.150410994887
8001	8000	0.150410994887
8001	8002	0.0738364979625
8001	8124	0.144229501486
8002	8001	0.0738364979625
8002	8003	0.0738364979625
8003	8002	0.0738364979625
8003	8004	0.0738364979625
8004	8003	0.0738364979625
8004	8005	0.0738364979625
8005	8004	0.0738364979625
8005	8006	0.0738364979625
8006	8005	0.0738364979625
8006	8007	0.0738364979625
8007	8006	0.0738364979625
8007	8008	0.0738364979625
8008	8007	0.0738364979625
8008	8009	0.0738364979625
8009	8008	0.0738364979625
8009	8010	0.0738364979625
8010	8009	0.0738364979625
8010	8011	0.0738364979625
8011	8010	0.0738364979625
8011	8012	0.0738364979625
8012	8011	0.0738364979625
8012	8013	0.0738364979625
8013	8012	0.0738364979625
8013	8014	0.0738364979625
8014	8013	0.0738364979625
8014	8015	0.0738364979625
8015	8014	0.0738364979625
8015	8016	0.0738364979625
8016	8015	0.0738364979625
8016	8017	0.0738364979625
8017	8016	0.0738364979625
8017	8018	0.0738364979625
8018	8017	0.0738364979625
8018	8019	0.0738364979625
8019	8018	0.0738364979625
8019	8020	0.0738364979625
8020	8019	0.0738364979625
8020	8021	0.0738364979625
8021	8020	0.0738364979625
8021	8022	0.0738364979625
8022	8021	0.0738364979625
8022	8023	0.0738364979625
8023	8022	0.0738364979625
8023	8024	0.0738364979625
8024	8023	0.0738364979625
8024	8025	0.0738364979625
8025	8024	0.0738364979625
8025	8026	0.0738364979625
8026	8025	0.0738364979625
8026	8027	0.0738364979625
8027	8026	0.0738364979625
8027	8028	0.0738364979625
8028	8027	0.0738364979625
8028	8029	0.0738364979625
8029	8028	0.0738364979625
8029	8030	0.0681335031986
8029	8110	0.0441835001111
8030	8029	0.0681335031986
8030	8031	0.0681335031986
8031	8030	0.0681335031986
8031	8032	0.0681335031986
8032	8031	0.0681335031986
8032	8033	0.0681335031986
8033	8032	0.0681335031986
8033	8034	0.0681335031986
8034	8033	0.0681335031986
8034	8035	0.0681335031986
8035	8034	0.0681335031986
8035	8036	0.0681335031986
8036	8035	0.0681335031986
8036	8037	0.0681335031986
8037	8036	0.0681335031986
8037	8038	0.0681335031986
8038	8037	0.0681335031986
8038	8039	0.0681335031986
8039	8038	0.0681335031986
8039	8040	0.0681335031986
8040	8039	0.0681335031986
8040	8041	0.0681335031986
8041	8040	0.0681335031986
8041	8042	0.0681335031986
8042	8041	0.0681335031986
8042	8043	0.0681335031986
8043	8042	0.0681335031986
8043	8044	0.0681335031986
8044	8043	0.0681335031986
8044	8045	0.0681335031986
8045	8044	0.0681335031986
8045	8046	0.0681335031986
8046	8045	0.0681335031986
8046	8047	0.0681335031986
8047	8046	0.0681335031986
8047	8048	0.0681335031986
8048	8047	0.0681335031986
8048	8049	0.0681335031986
8049	8048	0.0681335031986
8049	8050	0.0681335031986
8050	8049	0.0681335031986
8050	8051	0.0681335031986
8051	8050	0.0681335031986
8051	8052	0.0681335031986
8052	8051	0.0681335031986
8052	8053	0.0681335031986
8053	8052	0.0681335031986
8053	8054	0.0681335031986
8054	8053	0.0681335031986
8054	8055	0.0681335031986
8055	8054	0.0681335031986
8055	8056	0.0681335031986
8056	8055	0.0681335031986
8056	8057	0.0681335031986
8057	8056	0.0681335031986
8057	8058	0.0681335031986
8058	8057	0.0681335031986
8058	8059	0.0681335031986
8059	8058	0.0681335031986
8059	8060	0.0681335031986
8060	8059	0.0681335031986
8060	8061	0.0681335031986
8061	8060	0.0681335031986
8061	8062	0.0681335031986
8062	8061	0.0681335031986
8062	8063	0.0681335031986
8063	8062	0.0681335031986
8063	8064	0.0681335031986
8064	8063	0.0681335031986
8064	8065	0.0681335031986
8065	8064	0.0681335031986
8065	8066	0.0681335031986
8066	8065	0.0681335031986
8066	8067	0.0681335031986
8067	8066	0.0681335031986
8067	8068	0.0681335031986
8068	8067	0.0681335031986
8068	8069	0.0681335031986
8069	8068	0.0681335031986
8069	8070	0.0681335031986
8070	8069	0.0681335031986
8070	8071	0.0681335031986
8071	8070	0.0681335031986
8071	8072	0.0681335031986
8072	8071	0.0681335031986
8072	8073	0.0681335031986
8073	8072	0.0681335031986
8073	8074	0.0681335031986
8074	8073	0.0681335031986
8074	8075	0.0681335031986
8075	8074	0.0681335031986
8075	8076	0.0681335031986
8076	8075	0.0681335031986
8076	8077	0.0681335031986
8077	8076	0.0681335031986
8077	8078	0.0681335031986
8078	8077	0.0681335031986
8078	8079	0.0681335031986
8079	8078	0.0681335031986
8079	8080	0.0681335031986
8080	8079	0.0681335031986
8080	8081	0.0681335031986
8081	8080	0.0681335031986
8081	8082	0.0681335031986
8082	8081	0.0681335031986
8082	8083	0.0681335031986
8083	8082	0.0681335031986
8083	8084	0.0681335031986
8084	8083	0.0681335031986
8084	8085	0.0681335031986
8085	8084	0.0681335031986
8085	8086	0.0681335031986
8086	8085	0.0681335031986
8086	8087	0.0681335031986
8087	8086	0.0681335031986
8087	8088	0.0681335031986
8088	8087	0.0681335031986
8088	8089	0.0681335031986
8089	8088	0.0681335031986
8089	8090	0.0681335031986
8090	8089	0.0681335031986
8090	8091	0.0681335031986
8091	8090	0.0681335031986
8091	8092	0.0681335031986
8092	8091	0.0681335031986
8092	8093	0.0681335031986
8093	8092	0.0681335031986
8093	8094	0.0681335031986
8094	8093	0.0681335031986
8094	8095	0.0681335031986
8095	8094	0.0681335031986
8095	8096	0.0681335031986
8096	8095	0.0681335031986
8096	8097	0.0681335031986
8097	8096	0.0681335031986
8097	8098	0.0681335031986
8098	8097	0.0681335031986
8098	8099	0.0681335031986
8099	8098	0.0681335031986
8099	8100	0.0681335031986
8100	8099	0.0681335031986
8100	8101	0.0681335031986
8101	8100	0.0681335031986
8101	8102	0.0681335031986
8102	8101	0.0681335031986
8102	8103	0.0681335031986
8103	8102	0.0681335031986
8103	8104	0.0681335031986
8104	8103	0.0681335031986
8104	8105	0.0681335031986
8105	8104	0.0681335031986
8105	8106	0.0681335031986
8106	8105	0.0681335031986
8106	8107	0.0681335031986
8107	8106	0.0681335031986
8107	8108	0.0681335031986
8108	8107	0.0681335031986
8108	8109	0.0681335031986
8109	8108	0.0681335031986
8110	8029	0.0441835001111
8110	8111	0.0441835001111
8111	8110	0.0441835001111
8111	8112	0.0441835001111
8112	8111	0.0441835001111
8112	8113	0.0441835001111
8113	8112	0.0441835001111
8113	8114	0.0441835001111
8114	8113	0.0441835001111
8114	8115	0.0441835001111
8115	8114	0.0441835001111
8115	8116	0.0441835001111
8116	8115	0.0441835001111
8116	8117	0.0441835001111
8117	8116	0.0441835001111
8117	8118	0.0441835001111
8118	8117	0.0441835001111
8118	8119	0.0441835001111
8119	8118	0.0441835001111
8119	8120	0.0441835001111
8120	8119	0.0441835001111
8120	8121	0.0441835001111
8121	8120	0.0441835001111
8121	8122	0.0441835001111
8122	8121	0.0441835001111
8122	8123	0.0441835001111
8123	8122	0.0441835001111
8124	8001	0.144229501486
8124	8125	0.144229501486
8125	8124	0.144229501486
8125	8126	0.144229501486
8126	8125	0.144229501486
8126	8127	0.144229501486
8127	8126	0.144229501486
8127	8128	0.144229501486
8128	8127	0.144229501486
8128	8129	0.144229501486
8129	8128	0.144229501486
8129	8130	0.144229501486
8130	8129	0.144229501486
8130	8131	0.144229501486
8131	8130	0.144229501486
8131	8132	0.144229501486
8132	8131	0.144229501486
8132	8133	0.144229501486
8133	8132	0.144229501486
8133	8134	0.144229501486
8134	8133	0.144229501486
8134	8135	0.144229501486
8135	8134	0.144229501486
8135	8136	0.144229501486
8136	8135	0.144229501486
8136	8137	0.144229501486
8137	8136	0.144229501486
8137	8138	0.144229501486
8138	8137	0.144229501486
8138	8139	0.144229501486
8139	8138	0.144229501486
8139	8140	0.144229501486
8140	8139	0.144229501486
8140	8141	0.144229501486
8141	8140	0.144229501486
8141	8142	0.144229501486
8142	8141	0.144229501486
8142	8143	0.140968993306
8142	8620	0.0583725012839
8143	8142	0.140968993306
8143	8144	0.140968993306
8144	8143	0.140968993306
8144	8145	0.140968993306
8145	8144	0.140968993306
8145	8146	0.140968993306
8146	8145	0.140968993306
8146	8147	0.140968993306
8147	8146	0.140968993306
8147	8148	0.140968993306
8148	8147	0.140968993306
8148	8149	0.140968993306
8149	8148	0.140968993306
8149	8150	0.140968993306
8150	8149	0.140968993306
8150	8151	0.140968993306
8151	8150	0.140968993306
8151	8152	0.140968993306
8152	8151	0.140968993306
8152	8153	0.140968993306
8153	8152	0.140968993306
8153	8154	0.140968993306
8154	8153	0.140968993306
8154	8155	0.140968993306
8155	8154	0.140968993306
8155	8156	0.140968993306
8156	8155	0.140968993306
8156	8157	0.140968993306
8157	8156	0.140968993306
8157	8158	0.140968993306
8158	8157	0.140968993306
8158	8159	0.140968993306
8159	8158	0.140968993306
8159	8160	0.140968993306
8160	8159	0.140968993306
8160	8161	0.140968993306
8161	8160	0.140968993306
8161	8162	0.140968993306
8162	8161	0.140968993306
8162	8163	0.140968993306
8163	8162	0.140968993306
8163	8164	0.140968993306
8164	8163	0.140968993306
8164	8165	0.140968993306
8165	8164	0.140968993306
8165	8166	0.139556497335
8165	8604	0.0436870008707
8166	8165	0.139556497335
8166	8167	0.139556497335
8167	8166	0.139556497335
8167	8168	0.139556497335
8168	8167	0.139556497335
8168	8169	0.139556497335
8169	8168	0.139556497335
8169	8170	0.139556497335
8170	8169	0.139556497335
8170	8171	0.139556497335
8171	8170	0.139556497335
8171	8172	0.139556497335
8172	8171	0.139556497335
8172	8173	0.139556497335
8173	8172	0.139556497335
8173	8174	0.139556497335
8174	8173	0.139556497335
8174	8175	0.139556497335
8175	8174	0.139556497335
8175	8176	0.139556497335
8176	8175	0.139556497335
8176	8177	0.139556497335
8177	8176	0.139556497335
8177	8178	0.139556497335
8178	8177	0.139556497335
8178	8179	0.139556497335
8179	8178	0.139556497335
8179	8180	0.139556497335
8180	8179	0.139556497335
8180	8181	0.139556497335
8181	8180	0.139556497335
8181	8182	0.139556497335
8182	8181	0.139556497335
8182	8183	0.139556497335
8183	8182	0.139556497335
8183	8184	0.139556497335
8184	8183	0.139556497335
8184	8185	0.139556497335
8185	8184	0.139556497335
8185	8186	0.139556497335
8186	8185	0.139556497335
8186	8187	0.139556497335
8187	8186	0.139556497335
8187	8188	0.056074000895
8187	8225	0.136471003294
8188	8187	0.056074000895
8188	8189	0.056074000895
8189	8188	0.056074000895
8189	8190	0.056074000895
8190	8189	0.056074000895
8190	8191	0.056074000895
8191	8190	0.056074000895
8191	8192	0.056074000895
8192	8191	0.056074000895
8192	8193	0.056074000895
8193	8192	0.056074000895
8193	8194	0.056074000895
8194	8193	0.056074000895
8194	8195	0.056074000895
8195	8194	0.056074000895
8195	8196	0.056074000895
8196	8195	0.056074000895
8196	8197	0.056074000895
8197	8196	0.056074000895
8197	8198	0.056074000895
8198	8197	0.056074000895
8198	8199	0.056074000895
8199	8198	0.056074000895
8199	8200	0.056074000895
8200	8199	0.056074000895
8200	8201	0.056074000895
8201	8200	0.056074000895
8201	8202	0.056074000895
8202	8201	0.056074000895
8202	8203	0.056074000895
8203	8202	0.056074000895
8203	8204	0.056074000895
8204	8203	0.056074000895
8204	8205	0.056074000895
8205	8204	0.056074000895
8205	8206	0.056074000895
8206	8205	0.056074000895
8206	8207	0.056074000895
8207	8206	0.056074000895
8207	8208	0.056074000895
8208	8207	0.056074000895
8208	8209	0.056074000895
8209	8208	0.056074000895
8209	8210	0.056074000895
8210	8209	0.056074000895
8210	8211	0.056074000895
8211	8210	0.056074000895
8211	8212	0.056074000895
8212	8211	0.056074000895
8212	8213	0.056074000895
8213	8212	0.056074000895
8213	8214	0.056074000895
8214	8213	0.056074000895
8214	8215	0.056074000895
8215	8214	0.056074000895
8215	8216	0.056074000895
8216	8215	0.056074000895
8216	8217	0.056074000895
8217	8216	0.056074000895
8217	8218	0.056074000895
8218	8217	0.056074000895
8218	8219	0.056074000895
8219	8218	0.056074000895
8219	8220	0.056074000895
8220	8219	0.056074000895
8220	8221	0.056074000895
8221	8220	0.056074000895
8221	8222	0.056074000895
8222	8221	0.056074000895
8222	8223	0.056074000895
8223	8222	0.056074000895
8223	8224	0.056074000895
8224	8223	0.056074000895
8225	8187	0.136471003294
8225	8226	0.136471003294
8226	8225	0.136471003294
8226	8227	0.136471003294
8227	8226	0.136471003294
8227	8228	0.136471003294
8228	8227	0.136471003294
8228	8229	0.136471003294
8229	8228	0.136471003294
8229	8230	0.136471003294
8230	8229	0.136471003294
8230	8231	0.136471003294
8231	8230	0.136471003294
8231	8232	0.136471003294
8232	8231	0.136471003294
8232	8233	0.136471003294
8233	8232	0.136471003294
8233	8234	0.136471003294
8234	8233	0.136471003294
8234	8235	0.136471003294
8235	8234	0.136471003294
8235	8236	0.136471003294
8236	8235	0.136471003294
8236	8237	0.136471003294
8237	8236	0.136471003294
8237	8238	0.136471003294
8238	8237	0.136471003294
8238	8239	0.136471003294
8239	8238	0.136471003294
8239	8240	0.136471003294
8240	8239	0.136471003294
8240	8241	0.136471003294
8241	8240	0.136471003294
8241	8242	0.136471003294
8242	8241	0.136471003294
8242	8243	0.136471003294
8243	8242	0.136471003294
8243	8244	0.136471003294
8244	8243	0.136471003294
8244	8245	0.136471003294
8245	8244	0.136471003294
8245	8246	0.136471003294
8246	8245	0.136471003294
8246	8247	0.0469724982977
8246	8262	0.134590506554
8247	8246	0.0469724982977
8247	8248	0.0469724982977
8248	8247	0.0469724982977
8248	8249	0.0469724982977
8249	8248	0.0469724982977
8249	8250	0.0469724982977
8250	8249	0.0469724982977
8250	8251	0.0469724982977
8251	8250	0.0469724982977
8251	8252	0.0469724982977
8252	8251	0.0469724982977
8252	8253	0.0469724982977
8253	8252	0.0469724982977
8253	8254	0.0469724982977
8254	8253	0.0469724982977
8254	8255	0.0469724982977
8255	8254	0.0469724982977
8255	8256	0.0469724982977
8256	8255	0.0469724982977
8256	8257	0.0469724982977
8257	8256	0.0469724982977
8257	8258	0.0469724982977
8258	8257	0.0469724982977
8258	8259	0.0469724982977
8259	8258	0.0469724982977
8259	8260	0.0469724982977
8260	8259	0.0469724982977
8260	8261	0.0469724982977
8261	8260	0.0469724982977
8262	8246	0.134590506554
8262	8263	0.134590506554
8263	8262	0.134590506554
8263	8264	0.134590506554
8264	8263	0.134590506554
8264	8265	0.134590506554
8265	8264	0.134590506554
8265	8266	0.134590506554
8266	8265	0.134590506554
8266	8267	0.134590506554
8267	8266	0.134590506554
8267	8268	0.134590506554
8268	8267	0.134590506554
8268	8269	0.134590506554
8269	8268	0.134590506554
8269	8270	0.134590506554
8270	8269	0.134590506554
8270	8271	0.134590506554
8271	8270	0.134590506554
8271	8272	0.134590506554
8272	8271	0.134590506554
8272	8273	0.134590506554
8273	8272	0.134590506554
8273	8274	0.0525305010378
8273	8296	0.131868496537
8274	8273	0.0525305010378
8274	8275	0.0525305010378
8275	8274	0.0525305010378
8275	8276	0.0525305010378
8276	8275	0.0525305010378
8276	8277	0.0525305010378
8277	8276	0.0525305010378
8277	8278	0.0525305010378
8278	8277	0.0525305010378
8278	8279	0.0525305010378
8279	8278	0.0525305010378
8279	8280	0.0525305010378
8280	8279	0.0525305010378
8280	8281	0.0525305010378
8281	8280	0.0525305010378
8281	8282	0.0525305010378
8282	8281	0.0525305010378
8282	8283	0.0525305010378
8283	8282	0.0525305010378
8283	8284	0.0525305010378
8284	8283	0.0525305010378
8284	8285	0.0525305010378
8285	8284	0.0525305010378
8285	8286	0.0525305010378
8286	8285	0.0525305010378
8286	8287	0.0525305010378
8287	8286	0.0525305010378
8287	8288	0.0525305010378
8288	8287	0.0525305010378
8288	8289	0.0525305010378
8289	8288	0.0525305010378
8289	8290	0.0525305010378
8290	8289	0.0525305010378
8290	8291	0.0525305010378
8291	8290	0.0525305010378
8291	8292	0.0525305010378
8292	8291	0.0525305010378
8292	8293	0.0525305010378
8293	8292	0.0525305010378
8293	8294	0.0525305010378
8294	8293	0.0525305010378
8294	8295	0.0525305010378
8295	8294	0.0525305010378
8296	8273	0.131868496537
8296	8297	0.131868496537
8297	8296	0.131868496537
8297	8298	0.131868496537
8298	8297	0.131868496537
8298	8299	0.131868496537
8299	8298	0.131868496537
8299	8300	0.131868496537
8300	8299	0.131868496537
8300	8301	0.131868496537
8301	8300	0.131868496537
8301	8302	0.131868496537
8302	8301	0.131868496537
8302	8303	0.131868496537
8303	8302	0.131868496537
8303	8304	0.131868496537
8304	8303	0.131868496537
8304	8305	0.131868496537
8305	8304	0.131868496537
8305	8306	0.131868496537
8306	8305	0.131868496537
8306	8307	0.120731502771
8306	8529	0.0810945034027
8307	8306	0.120731502771
8307	8308	0.120731502771
8308	8307	0.120731502771
8308	8309	0.120731502771
8309	8308	0.120731502771
8309	8310	0.120731502771
8310	8309	0.120731502771
8310	8311	0.120731502771
8311	8310	0.120731502771
8311	8312	0.120731502771
8312	8311	0.120731502771
8312	8313	0.120731502771
8313	8312	0.120731502771
8313	8314	0.120731502771
8314	8313	0.120731502771
8314	8315	0.120731502771
8315	8314	0.120731502771
8315	8316	0.120731502771
8316	8315	0.120731502771
8316	8317	0.120731502771
8317	8316	0.120731502771
8317	8318	0.120731502771
8318	8317	0.120731502771
8318	8319	0.120731502771
8319	8318	0.120731502771
8319	8320	0.120731502771
8320	8319	0.120731502771
8320	8321	0.120731502771
8321	8320	0.120731502771
8321	8322	0.120731502771
8322	8321	0.120731502771
8322	8323	0.120731502771
8323	8322	0.120731502771
8323	8324	0.120731502771
8324	8323	0.120731502771
8324	8325	0.120731502771
8325	8324	0.120731502771
8325	8326	0.120731502771
8326	8325	0.120731502771
8326	8327	0.120731502771
8327	8326	0.120731502771
8327	8328	0.120731502771
8328	8327	0.120731502771
8328	8329	0.120731502771
8329	8328	0.120731502771
8329	8330	0.120731502771
8330	8329	0.120731502771
8330	8331	0.120731502771
8331	8330	0.120731502771
8331	8332	0.120731502771
8332	8331	0.120731502771
8332	8333	0.120731502771
8333	8332	0.120731502771
8333	8334	0.114227503538
8333	8495	0.0645824968815
8334	8333	0.114227503538
8334	8335	0.114227503538
8335	8334	0.114227503538
8335	8336	0.114227503538
8336	8335	0.114227503538
8336	8337	0.114227503538
8337	8336	0.114227503538
8337	8338	0.114227503538
8338	8337	0.114227503538
8338	8339	0.114227503538
8339	8338	0.114227503538
8339	8340	0.114227503538
8340	8339	0.114227503538
8340	8341	0.114227503538
8341	8340	0.114227503538
8341	8342	0.114227503538
8342	8341	0.114227503538
8342	8343	0.114227503538
8343	8342	0.114227503538
8343	8344	0.114227503538
8344	8343	0.114227503538
8344	8345	0.114227503538
8345	8344	0.114227503538
8345	8346	0.114227503538
8346	8345	0.114227503538
8346	8347	0.114227503538
8347	8346	0.114227503538
8347	8348	0.114227503538
8348	8347	0.114227503538
8348	8349	0.114227503538
8349	8348	0.114227503538
8349	8350	0.0944914966822
8349	8430	0.0864790007472
8350	8349	0.0944914966822
8350	8351	0.0944914966822
8351	8350	0.0944914966822
8351	8352	0.0944914966822
8352	8351	0.0944914966822
8352	8353	0.0944914966822
8353	8352	0.0944914966822
8353	8354	0.0944914966822
8354	8353	0.0944914966822
8354	8355	0.0944914966822
8355	8354	0.0944914966822
8355	8356	0.0944914966822
8356	8355	0.0944914966822
8356	8357	0.0944914966822
8357	8356	0.0944914966822
8357	8358	0.0944914966822
8358	8357	0.0944914966822
8358	8359	0.0944914966822
8359	8358	0.0944914966822
8359	8360	0.0944914966822
8360	8359	0.0944914966822
8360	8361	0.0944914966822
8361	8360	0.0944914966822
8361	8362	0.0944914966822
8362	8361	0.0944914966822
8362	8363	0.0944914966822
8363	8362	0.0944914966822
8363	8364	0.0944914966822
8364	8363	0.0944914966822
8364	8365	0.0944914966822
8365	8364	0.0944914966822
8365	8366	0.0944914966822
8366	8365	0.0944914966822
8366	8367	0.0944914966822
8367	8366	0.0944914966822
8367	8368	0.0944914966822
8368	8367	0.0944914966822
8368	8369	0.0944914966822
8369	8368	0.0944914966822
8369	8370	0.0944914966822
8370	8369	0.0944914966822
8370	8371	0.0944914966822
8371	8370	0.0944914966822
8371	8372	0.0944914966822
8372	8371	0.0944914966822
8372	8373	0.0944914966822
8373	8372	0.0944914966822
8373	8374	0.0944914966822
8374	8373	0.0944914966822
8374	8375	0.0944914966822
8375	8374	0.0944914966822
8375	8376	0.0944914966822
8376	8375	0.0944914966822
8376	8377	0.0944914966822
8377	8376	0.0944914966822
8377	8378	0.0944914966822
8378	8377	0.0944914966822
8378	8379	0.0944914966822
8379	8378	0.0944914966822
8379	8380	0.0944914966822
8380	8379	0.0944914966822
8380	8381	0.0944914966822
8381	8380	0.0944914966822
8381	8382	0.0944914966822
8382	8381	0.0944914966822
8382	8383	0.0944914966822
8383	8382	0.0944914966822
8383	8384	0.0944914966822
8384	8383	0.0944914966822
8384	8385	0.0944914966822
8385	8384	0.0944914966822
8385	8386	0.0944914966822
8386	8385	0.0944914966822
8386	8387	0.0840509980917
8386	8420	0.062987498939
8387	8386	0.0840509980917
8387	8388	0.0840509980917
8388	8387	0.0840509980917
8388	8389	0.0840509980917
8389	8388	0.0840509980917
8389	8390	0.0840509980917
8390	8389	0.0840509980917
8390	8391	0.0840509980917
8391	8390	0.0840509980917
8391	8392	0.0840509980917
8392	8391	0.0840509980917
8392	8393	0.0840509980917
8393	8392	0.0840509980917
8393	8394	0.0840509980917
8394	8393	0.0840509980917
8394	8395	0.0840509980917
8395	8394	0.0840509980917
8395	8396	0.0840509980917
8396	8395	0.0840509980917
8396	8397	0.0840509980917
8397	8396	0.0840509980917
8397	8398	0.0840509980917
8398	8397	0.0840509980917
8398	8399	0.0840509980917
8399	8398	0.0840509980917
8399	8400	0.0840509980917
8400	8399	0.0840509980917
8400	8401	0.0840509980917
8401	8400	0.0840509980917
8401	8402	0.0840509980917
8402	8401	0.0840509980917
8402	8403	0.0840509980917
8403	8402	0.0840509980917
8403	8404	0.0840509980917
8404	8403	0.0840509980917
8404	8405	0.0840509980917
8405	8404	0.0840509980917
8405	8406	0.0840509980917
8406	8405	0.0840509980917
8406	8407	0.0840509980917
8407	8406	0.0840509980917
8407	8408	0.0840509980917
8408	8407	0.0840509980917
8408	8409	0.0840509980917
8409	8408	0.0840509980917
8409	8410	0.0840509980917
8410	8409	0.0840509980917
8410	8411	0.0840509980917
8411	8410	0.0840509980917
8411	8412	0.0840509980917
8412	8411	0.0840509980917
8412	8413	0.0840509980917
8413	8412	0.0840509980917
8413	8414	0.0840509980917
8414	8413	0.0840509980917
8414	8415	0.0840509980917
8415	8414	0.0840509980917
8415	8416	0.0840509980917
8416	8415	0.0840509980917
8416	8417	0.0840509980917
8417	8416	0.0840509980917
8417	8418	0.0840509980917
8418	8417	0.0840509980917
8418	8419	0.0840509980917
8419	8418	0.0840509980917
8420	8386	0.062987498939
8420	8421	0.062987498939
8421	8420	0.062987498939
8421	8422	0.062987498939
8422	8421	0.062987498939
8422	8423	0.062987498939
8423	8422	0.062987498939
8423	8424	0.062987498939
8424	8423	0.062987498939
8424	8425	0.062987498939
8425	8424	0.062987498939
8425	8426	0.062987498939
8426	8425	0.062987498939
8426	8427	0.062987498939
8427	8426	0.062987498939
8427	8428	0.062987498939
8428	8427	0.062987498939
8428	8429	0.062987498939
8429	8428	0.062987498939
8430	8349	0.0864790007472
8430	8431	0.0864790007472
8431	8430	0.0864790007472
8431	8432	0.0864790007472
8432	8431	0.0864790007472
8432	8433	0.0864790007472
8433	8432	0.0864790007472
8433	8434	0.0864790007472
8434	8433	0.0864790007472
8434	8435	0.0864790007472
8435	8434	0.0864790007472
8435	8436	0.0864790007472
8436	8435	0.0864790007472
8436	8437	0.0864790007472
8437	8436	0.0864790007472
8437	8438	0.0864790007472
8438	8437	0.0864790007472
8438	8439	0.0864790007472
8439	8438	0.0864790007472
8439	8440	0.0864790007472
8440	8439	0.0864790007472
8440	8441	0.0864790007472
8441	8440	0.0864790007472
8441	8442	0.0864790007472
8442	8441	0.0864790007472
8442	8443	0.0864790007472
8443	8442	0.0864790007472
8443	8444	0.0864790007472
8444	8443	0.0864790007472
8444	8445	0.0864790007472
8445	8444	0.0864790007472
8445	8446	0.0793804973364
8445	8487	0.0527219995856
8446	8445	0.0793804973364
8446	8447	0.0793804973364
8447	8446	0.0793804973364
8447	8448	0.0793804973364
8448	8447	0.0793804973364
8448	8449	0.0793804973364
8449	8448	0.0793804973364
8449	8450	0.0793804973364
8450	8449	0.0793804973364
8450	8451	0.0793804973364
8451	8450	0.0793804973364
8451	8452	0.0793804973364
8452	8451	0.0793804973364
8452	8453	0.0793804973364
8453	8452	0.0793804973364
8453	8454	0.0793804973364
8454	8453	0.0793804973364
8454	8455	0.0793804973364
8455	8454	0.0793804973364
8455	8456	0.0793804973364
8456	8455	0.0793804973364
8456	8457	0.0793804973364
8457	8456	0.0793804973364
8457	8458	0.0793804973364
8458	8457	0.0793804973364
8458	8459	0.0793804973364
8459	8458	0.0793804973364
8459	8460	0.0793804973364
8460	8459	0.0793804973364
8460	8461	0.0793804973364
8461	8460	0.0793804973364
8461	8462	0.0793804973364
8462	8461	0.0793804973364
8462	8463	0.0793804973364
8463	8462	0.0793804973364
8463	8464	0.0793804973364
8464	8463	0.0793804973364
8464	8465	0.0793804973364
8465	8464	0.0793804973364
8465	8466	0.0793804973364
8466	8465	0.0793804973364
8466	8467	0.0793804973364
8467	8466	0.0793804973364
8467	8468	0.0793804973364
8468	8467	0.0793804973364
8468	8469	0.0793804973364
8469	8468	0.0793804973364
8469	8470	0.0793804973364
8470	8469	0.0793804973364
8470	8471	0.0793804973364
8471	8470	0.0793804973364
8471	8472	0.0793804973364
8472	8471	0.0793804973364
8472	8473	0.0793804973364
8473	8472	0.0793804973364
8473	8474	0.0793804973364
8474	8473	0.0793804973364
8474	8475	0.0793804973364
8475	8474	0.0793804973364
8475	8476	0.0793804973364
8476	8475	0.0793804973364
8476	8477	0.0793804973364
8477	8476	0.0793804973364
8477	8478	0.0793804973364
8478	8477	0.0793804973364
8478	8479	0.0793804973364
8479	8478	0.0793804973364
8479	8480	0.0793804973364
8480	8479	0.0793804973364
8480	8481	0.0793804973364
8481	8480	0.0793804973364
8481	8482	0.0793804973364
8482	8481	0.0793804973364
8482	8483	0.0793804973364
8483	8482	0.0793804973364
8483	8484	0.0793804973364
8484	8483	0.0793804973364
8484	8485	0.0793804973364
8485	8484	0.0793804973364
8485	8486	0.0793804973364
8486	8485	0.0793804973364
8487	8445	0.0527219995856
8487	8488	0.0527219995856
8488	8487	0.0527219995856
8488	8489	0.0527219995856
8489	8488	0.0527219995856
8489	8490	0.0527219995856
8490	8489	0.0527219995856
8490	8491	0.0527219995856
8491	8490	0.0527219995856
8491	8492	0.0527219995856
8492	8491	0.0527219995856
8492	8493	0.0527219995856
8493	8492	0.0527219995856
8493	8494	0.0527219995856
8494	8493	0.0527219995856
8495	8333	0.0645824968815
8495	8496	0.0645824968815
8496	8495	0.0645824968815
8496	8497	0.0645824968815
8497	8496	0.0645824968815
8497	8498	0.0645824968815
8498	8497	0.0645824968815
8498	8499	0.0645824968815
8499	8498	0.0645824968815
8499	8500	0.0645824968815
8500	8499	0.0645824968815
8500	8501	0.0645824968815
8501	8500	0.0645824968815
8501	8502	0.0645824968815
8502	8501	0.0645824968815
8502	8503	0.0645824968815
8503	8502	0.0645824968815
8503	8504	0.0645824968815
8504	8503	0.0645824968815
8504	8505	0.0645824968815
8505	8504	0.0645824968815
8505	8506	0.0645824968815
8506	8505	0.0645824968815
8506	8507	0.0645824968815
8507	8506	0.0645824968815
8507	8508	0.0645824968815
8508	8507	0.0645824968815
8508	8509	0.0645824968815
8509	8508	0.0645824968815
8509	8510	0.0645824968815
8510	8509	0.0645824968815
8510	8511	0.0645824968815
8511	8510	0.0645824968815
8511	8512	0.0645824968815
8512	8511	0.0645824968815
8512	8513	0.0645824968815
8513	8512	0.0645824968815
8513	8514	0.0645824968815
8514	8513	0.0645824968815
8514	8515	0.0645824968815
8515	8514	0.0645824968815
8515	8516	0.0645824968815
8516	8515	0.0645824968815
8516	8517	0.0645824968815
8517	8516	0.0645824968815
8517	8518	0.0645824968815
8518	8517	0.0645824968815
8518	8519	0.0645824968815
8519	8518	0.0645824968815
8519	8520	0.0645824968815
8520	8519	0.0645824968815
8520	8521	0.0645824968815
8521	8520	0.0645824968815
8521	8522	0.0645824968815
8522	8521	0.0645824968815
8522	8523	0.0645824968815
8523	8522	0.0645824968815
8523	8524	0.0645824968815
8524	8523	0.0645824968815
8524	8525	0.0645824968815
8525	8524	0.0645824968815
8525	8526	0.0645824968815
8526	8525	0.0645824968815
8526	8527	0.0645824968815
8527	8526	0.0645824968815
8527	8528	0.0645824968815
8528	8527	0.0645824968815
8529	8306	0.0810945034027
8529	8530	0.0810945034027
8530	8529	0.0810945034027
8530	8531	0.0810945034027
8531	8530	0.0810945034027
8531	8532	0.0810945034027
8532	8531	0.0810945034027
8532	8533	0.0810945034027
8533	8532	0.0810945034027
8533	8534	0.0810945034027
8534	8533	0.0810945034027
8534	8535	0.0810945034027
8535	8534	0.0810945034027
8535	8536	0.0810945034027
8536	8535	0.0810945034027
8536	8537	0.0810945034027
8537	8536	0.0810945034027
8537	8538	0.0810945034027
8538	8537	0.0810945034027
8538	8539	0.0810945034027
8539	8538	0.0810945034027
8539	8540	0.0810945034027
8540	8539	0.0810945034027
8540	8541	0.0810945034027
8541	8540	0.0810945034027
8541	8542	0.0810945034027
8542	8541	0.0810945034027
8542	8543	0.0810945034027
8543	8542	0.0810945034027
8543	8544	0.0810945034027
8544	8543	0.0810945034027
8544	8545	0.0810945034027
8545	8544	0.0810945034027
8545	8546	0.0810945034027
8546	8545	0.0810945034027
8546	8547	0.0810945034027
8547	8546	0.0810945034027
8547	8548	0.0810945034027
8548	8547	0.0810945034027
8548	8549	0.0810945034027
8549	8548	0.0810945034027
8549	8550	0.0810945034027
8550	8549	0.0810945034027
8550	8551	0.0810945034027
8551	8550	0.0810945034027
8551	8552	0.0810945034027
8552	8551	0.0810945034027
8552	8553	0.0810945034027
8553	8552	0.0810945034027
8553	8554	0.0810945034027
8554	8553	0.0810945034027
8554	8555	0.0810945034027
8555	8554	0.0810945034027
8555	8556	0.0810945034027
8556	8555	0.0810945034027
8556	8557	0.0810945034027
8557	8556	0.0810945034027
8557	8558	0.0516109988093
8557	8567	0.0734229981899
8558	8557	0.0516109988093
8558	8559	0.0516109988093
8559	8558	0.0516109988093
8559	8560	0.0516109988093
8560	8559	0.0516109988093
8560	8561	0.0516109988093
8561	8560	0.0516109988093
8561	8562	0.0516109988093
8562	8561	0.0516109988093
8562	8563	0.0516109988093
8563	8562	0.0516109988093
8563	8564	0.0516109988093
8564	8563	0.0516109988093
8564	8565	0.0516109988093
8565	8564	0.0516109988093
8565	8566	0.0516109988093
8566	8565	0.0516109988093
8567	8557	0.0734229981899
8567	8568	0.0734229981899
8568	8567	0.0734229981899
8568	8569	0.0734229981899
8569	8568	0.0734229981899
8569	8570	0.0734229981899
8570	8569	0.0734229981899
8570	8571	0.0734229981899
8571	8570	0.0734229981899
8571	8572	0.0734229981899
8572	8571	0.0734229981899
8572	8573	0.0734229981899
8573	8572	0.0734229981899
8573	8574	0.0734229981899
8574	8573	0.0734229981899
8574	8575	0.0734229981899
8575	8574	0.0734229981899
8575	8576	0.0734229981899
8576	8575	0.0734229981899
8576	8577	0.0734229981899
8577	8576	0.0734229981899
8577	8578	0.0734229981899
8578	8577	0.0734229981899
8578	8579	0.0734229981899
8579	8578	0.0734229981899
8579	8580	0.0734229981899
8580	8579	0.0734229981899
8580	8581	0.0734229981899
8581	8580	0.0734229981899
8581	8582	0.0734229981899
8582	8581	0.0734229981899
8582	8583	0.0734229981899
8583	8582	0.0734229981899
8583	8584	0.0734229981899
8584	8583	0.0734229981899
8584	8585	0.0734229981899
8585	8584	0.0734229981899
8585	8586	0.0734229981899
8586	8585	0.0734229981899
8586	8587	0.0734229981899
8587	8586	0.0734229981899
8587	8588	0.0734229981899
8588	8587	0.0734229981899
8588	8589	0.0734229981899
8589	8588	0.0734229981899
8589	8590	0.0734229981899
8590	8589	0.0734229981899
8590	8591	0.0734229981899
8591	8590	0.0734229981899
8591	8592	0.0734229981899
8592	8591	0.0734229981899
8592	8593	0.0734229981899
8593	8592	0.0734229981899
8593	8594	0.0734229981899
8594	8593	0.0734229981899
8594	8595	0.0734229981899
8595	8594	0.0734229981899
8595	8596	0.0734229981899
8596	8595	0.0734229981899
8596	8597	0.0734229981899
8597	8596	0.0734229981899
8597	8598	0.0734229981899
8598	8597	0.0734229981899
8598	8599	0.0734229981899
8599	8598	0.0734229981899
8599	8600	0.0734229981899
8600	8599	0.0734229981899
8600	8601	0.0734229981899
8601	8600	0.0734229981899
8601	8602	0.0734229981899
8602	8601	0.0734229981899
8602	8603	0.0734229981899
8603	8602	0.0734229981899
8604	8165	0.0436870008707
8604	8605	0.0436870008707
8605	8604	0.0436870008707
8605	8606	0.0436870008707
8606	8605	0.0436870008707
8606	8607	0.0436870008707
8607	8606	0.0436870008707
8607	8608	0.0436870008707
8608	8607	0.0436870008707
8608	8609	0.0436870008707
8609	8608	0.0436870008707
8609	8610	0.0436870008707
8610	8609	0.0436870008707
8610	8611	0.0436870008707
8611	8610	0.0436870008707
8611	8612	0.0436870008707
8612	8611	0.0436870008707
8612	8613	0.0436870008707
8613	8612	0.0436870008707
8613	8614	0.0436870008707
8614	8613	0.0436870008707
8614	8615	0.0436870008707
8615	8614	0.0436870008707
8615	8616	0.0436870008707
8616	8615	0.0436870008707
8616	8617	0.0436870008707
8617	8616	0.0436870008707
8617	8618	0.0436870008707
8618	8617	0.0436870008707
8618	8619	0.0436870008707
8619	8618	0.0436870008707
8620	8142	0.0583725012839
8620	8621	0.0583725012839
8621	8620	0.0583725012839
8621	8622	0.0583725012839
8622	8621	0.0583725012839
8622	8623	0.0583725012839
8623	8622	0.0583725012839
8623	8624	0.0583725012839
8624	8623	0.0583725012839
8624	8625	0.0583725012839
8625	8624	0.0583725012839
8625	8626	0.0583725012839
8626	8625	0.0583725012839
8626	8627	0.0583725012839
8627	8626	0.0583725012839
8627	8628	0.0561820007861
8627	8663	0.0278315003961
8628	8627	0.0561820007861
8628	8629	0.0561820007861
8629	8628	0.0561820007861
8629	8630	0.0561820007861
8630	8629	0.0561820007861
8630	8631	0.0561820007861
8631	8630	0.0561820007861
8631	8632	0.0561820007861
8632	8631	0.0561820007861
8632	8633	0.0561820007861
8633	8632	0.0561820007861
8633	8634	0.0561820007861
8634	8633	0.0561820007861
8634	8635	0.0561820007861
8635	8634	0.0561820007861
8635	8636	0.0561820007861
8636	8635	0.0561820007861
8636	8637	0.0561820007861
8637	8636	0.0561820007861
8637	8638	0.0561820007861
8638	8637	0.0561820007861
8638	8639	0.0561820007861
8639	8638	0.0561820007861
8639	8640	0.0561820007861
8640	8639	0.0561820007861
8640	8641	0.0561820007861
8641	8640	0.0561820007861
8641	8642	0.0561820007861
8642	8641	0.0561820007861
8642	8643	0.0561820007861
8643	8642	0.0561820007861
8643	8644	0.0561820007861
8644	8643	0.0561820007861
8644	8645	0.0561820007861
8645	8644	0.0561820007861
8645	8646	0.0561820007861
8646	8645	0.0561820007861
8646	8647	0.0561820007861
8647	8646	0.0561820007861
8647	8648	0.0561820007861
8648	8647	0.0561820007861
8648	8649	0.0561820007861
8649	8648	0.0561820007861
8649	8650	0.0561820007861
8650	8649	0.0561820007861
8650	8651	0.0561820007861
8651	8650	0.0561820007861
8651	8652	0.0561820007861
8652	8651	0.0561820007861
8652	8653	0.0561820007861
8653	8652	0.0561820007861
8653	8654	0.0561820007861
8654	8653	0.0561820007861
8654	8655	0.0561820007861
8655	8654	0.0561820007861
8655	8656	0.0561820007861
8656	8655	0.0561820007861
8656	8657	0.0561820007861
8657	8656	0.0561820007861
8657	8658	0.0561820007861
8658	8657	0.0561820007861
8658	8659	0.0561820007861
8659	8658	0.0561820007861
8659	8660	0.0561820007861
8660	8659	0.0561820007861
8660	8661	0.0561820007861
8661	8660	0.0561820007861
8661	8662	0.0561820007861
8662	8661	0.0561820007861
8663	8627	0.0278315003961
8663	8664	0.0278315003961
8664	8663	0.0278315003961
8665	7982	0.0683059990406
8665	8666	0.0683059990406
8666	8665	0.0683059990406
8666	8667	0.0683059990406
8667	8666	0.0683059990406
8667	8668	0.0683059990406
8668	8667	0.0683059990406
8668	8669	0.0683059990406
8669	8668	0.0683059990406
8669	8670	0.0683059990406
8670	8669	0.0683059990406
8670	8671	0.0683059990406
8671	8670	0.0683059990406
8671	8672	0.0683059990406
8672	8671	0.0683059990406
8672	8673	0.0683059990406
8673	8672	0.0683059990406
8673	8674	0.0683059990406
8674	8673	0.0683059990406
8674	8675	0.0683059990406
8675	8674	0.0683059990406
8675	8676	0.0683059990406
8676	8675	0.0683059990406
8676	8677	0.0683059990406
8677	8676	0.0683059990406
8677	8678	0.0683059990406
8678	8677	0.0683059990406
8678	8679	0.0683059990406
8679	8678	0.0683059990406
8679	8680	0.0683059990406
8680	8679	0.0683059990406
8680	8681	0.0683059990406
8681	8680	0.0683059990406
8681	8682	0.0683059990406
8682	8681	0.0683059990406
8682	8683	0.0683059990406
8683	8682	0.0683059990406
8683	8684	0.0683059990406
8684	8683	0.0683059990406
8684	8685	0.0683059990406
8685	8684	0.0683059990406
8685	8686	0.0683059990406
8686	8685	0.0683059990406
8686	8687	0.0683059990406
8687	8686	0.0683059990406
8687	8688	0.0683059990406
8688	8687	0.0683059990406
8688	8689	0.0683059990406
8689	8688	0.0683059990406
8689	8690	0.0683059990406
8690	8689	0.0683059990406
8690	8691	0.0683059990406
8691	8690	0.0683059990406
8691	8692	0.0683059990406
8692	8691	0.0683059990406
8692	8693	0.0683059990406
8693	8692	0.0683059990406
8693	8694	0.0683059990406
8694	8693	0.0683059990406
8694	8695	0.0683059990406
8695	8694	0.0683059990406
8695	8696	0.0683059990406
8696	8695	0.0683059990406
8696	8697	0.0683059990406
8697	8696	0.0683059990406
8697	8698	0.0683059990406
8698	8697	0.0683059990406
8698	8699	0.0683059990406
8699	8698	0.0683059990406
8699	8700	0.0683059990406
8700	8699	0.0683059990406
8700	8701	0.0683059990406
8701	8700	0.0683059990406
8701	8702	0.0683059990406
8702	8701	0.0683059990406
8702	8703	0.0683059990406
8703	8702	0.0683059990406
8703	8704	0.0683059990406
8704	8703	0.0683059990406
8704	8705	0.062918998301
8704	8744	0.0411360003054
8705	8704	0.062918998301
8705	8706	0.062918998301
8706	8705	0.062918998301
8706	8707	0.062918998301
8707	8706	0.062918998301
8707	8708	0.062918998301
8708	8707	0.062918998301
8708	8709	0.062918998301
8709	8708	0.062918998301
8709	8710	0.062918998301
8710	8709	0.062918998301
8710	8711	0.062918998301
8711	8710	0.062918998301
8711	8712	0.062918998301
8712	8711	0.062918998301
8712	8713	0.062918998301
8713	8712	0.062918998301
8713	8714	0.062918998301
8714	8713	0.062918998301
8714	8715	0.062918998301
8715	8714	0.062918998301
8715	8716	0.062918998301
8716	8715	0.062918998301
8716	8717	0.062918998301
8717	8716	0.062918998301
8717	8718	0.062918998301
8718	8717	0.062918998301
8718	8719	0.062918998301
8719	8718	0.062918998301
8719	8720	0.062918998301
8720	8719	0.062918998301
8720	8721	0.062918998301
8721	8720	0.062918998301
8721	8722	0.062918998301
8722	8721	0.062918998301
8722	8723	0.062918998301
8723	8722	0.062918998301
8723	8724	0.062918998301
8724	8723	0.062918998301
8724	8725	0.062918998301
8725	8724	0.062918998301
8725	8726	0.062918998301
8726	8725	0.062918998301
8726	8727	0.062918998301
8727	8726	0.062918998301
8727	8728	0.062918998301
8728	8727	0.062918998301
8728	8729	0.062918998301
8729	8728	0.062918998301
8729	8730	0.062918998301
8730	8729	0.062918998301
8730	8731	0.062918998301
8731	8730	0.062918998301
8731	8732	0.062918998301
8732	8731	0.062918998301
8732	8733	0.062918998301
8733	8732	0.062918998301
8733	8734	0.062918998301
8734	8733	0.062918998301
8734	8735	0.062918998301
8735	8734	0.062918998301
8735	8736	0.062918998301
8736	8735	0.062918998301
8736	8737	0.062918998301
8737	8736	0.062918998301
8737	8738	0.062918998301
8738	8737	0.062918998301
8738	8739	0.062918998301
8739	8738	0.062918998301
8739	8740	0.062918998301
8740	8739	0.062918998301
8740	8741	0.062918998301
8741	8740	0.062918998301
8741	8742	0.062918998301
8742	8741	0.062918998301
8742	8743	0.062918998301
8743	8742	0.062918998301
8744	8704	0.0411360003054
8744	8745	0.0411360003054
8745	8744	0.0411360003054
8745	8746	0.0411360003054
8746	8745	0.0411360003054
8746	8747	0.0411360003054
8747	8746	0.0411360003054
8747	8748	0.0411360003054
8748	8747	0.0411360003054
8748	8749	0.0411360003054
8749	8748	0.0411360003054
8749	8750	0.0411360003054
8750	8749	0.0411360003054
8751	7888	0.247271001339
8751	8752	0.247271001339
8752	8751	0.247271001339
8752	8753	0.247271001339
8753	8752	0.247271001339
8753	8754	0.247271001339
8754	8753	0.247271001339
8754	8755	0.247271001339
8755	8754	0.247271001339
8755	8756	0.247271001339
8756	8755	0.247271001339
8756	8757	0.247271001339
8757	8756	0.247271001339
8757	8758	0.247271001339
8758	8757	0.247271001339
8758	8759	0.247271001339
8759	8758	0.247271001339
8759	8760	0.247271001339
8760	8759	0.247271001339
8760	8761	0.247271001339
8761	8760	0.247271001339
8761	8762	0.247271001339
8762	8761	0.247271001339
8762	8763	0.247271001339
8763	8762	0.247271001339
8763	8764	0.247271001339
8764	8763	0.247271001339
8764	8765	0.247271001339
8765	8764	0.247271001339
8765	8766	0.247271001339
8766	8765	0.247271001339
8766	8767	0.247271001339
8767	8766	0.247271001339
8767	8768	0.24619050324
8767	11956	0.0582109987736
8768	8767	0.24619050324
8768	8769	0.24619050324
8769	8768	0.24619050324
8769	8770	0.24619050324
8770	8769	0.24619050324
8770	8771	0.24619050324
8771	8770	0.24619050324
8771	8772	0.24619050324
8772	8771	0.24619050324
8772	8773	0.24619050324
8773	8772	0.24619050324
8773	8774	0.24619050324
8774	8773	0.24619050324
8774	8775	0.24619050324
8775	8774	0.24619050324
8775	8776	0.24619050324
8776	8775	0.24619050324
8776	8777	0.24619050324
8777	8776	0.24619050324
8777	8778	0.24619050324
8778	8777	0.24619050324
8778	8779	0.24619050324
8779	8778	0.24619050324
8779	8780	0.24619050324
8780	8779	0.24619050324
8780	8781	0.24619050324
8781	8780	0.24619050324
8781	8782	0.24619050324
8782	8781	0.24619050324
8782	8783	0.24619050324
8783	8782	0.24619050324
8783	8784	0.24619050324
8784	8783	0.24619050324
8784	8785	0.24352799356
8784	11821	0.0782399997115
8785	8784	0.24352799356
8785	8786	0.24352799356
8786	8785	0.24352799356
8786	8787	0.24352799356
8787	8786	0.24352799356
8787	8788	0.24352799356
8788	8787	0.24352799356
8788	8789	0.24352799356
8789	8788	0.24352799356
8789	8790	0.24352799356
8790	8789	0.24352799356
8790	8791	0.24352799356
8791	8790	0.24352799356
8791	8792	0.24352799356
8792	8791	0.24352799356
8792	8793	0.24352799356
8793	8792	0.24352799356
8793	8794	0.24352799356
8794	8793	0.24352799356
8794	8795	0.24352799356
8795	8794	0.24352799356
8795	8796	0.24352799356
8796	8795	0.24352799356
8796	8797	0.24352799356
8797	8796	0.24352799356
8797	8798	0.24352799356
8798	8797	0.24352799356
8798	8799	0.24352799356
8799	8798	0.24352799356
8799	8800	0.24352799356
8800	8799	0.24352799356
8800	8801	0.24352799356
8801	8800	0.24352799356
8801	8802	0.24352799356
8802	8801	0.24352799356
8802	8803	0.24352799356
8803	8802	0.24352799356
8803	8804	0.24352799356
8804	8803	0.24352799356
8804	8805	0.24352799356
8805	8804	0.24352799356
8805	8806	0.24352799356
8806	8805	0.24352799356
8806	8807	0.0904774963856
8806	9014	0.239291504025
8807	8806	0.0904774963856
8807	8808	0.0904774963856
8808	8807	0.0904774963856
8808	8809	0.0904774963856
8809	8808	0.0904774963856
8809	8810	0.0904774963856
8810	8809	0.0904774963856
8810	8811	0.0904774963856
8811	8810	0.0904774963856
8811	8812	0.0904774963856
8812	8811	0.0904774963856
8812	8813	0.0904774963856
8813	8812	0.0904774963856
8813	8814	0.0904774963856
8814	8813	0.0904774963856
8814	8815	0.0904774963856
8815	8814	0.0904774963856
8815	8816	0.0904774963856
8816	8815	0.0904774963856
8816	8817	0.0904774963856
8817	8816	0.0904774963856
8817	8818	0.0904774963856
8818	8817	0.0904774963856
8818	8819	0.0904774963856
8819	8818	0.0904774963856
8819	8820	0.0904774963856
8820	8819	0.0904774963856
8820	8821	0.0317550003529
8820	8827	0.089154496789
8821	8820	0.0317550003529
8821	8822	0.0317550003529
8822	8821	0.0317550003529
8822	8823	0.0317550003529
8823	8822	0.0317550003529
8823	8824	0.0317550003529
8824	8823	0.0317550003529
8824	8825	0.0317550003529
8825	8824	0.0317550003529
8825	8826	0.0317550003529
8826	8825	0.0317550003529
8827	8820	0.089154496789
8827	8828	0.089154496789
8828	8827	0.089154496789
8828	8829	0.089154496789
8829	8828	0.089154496789
8829	8830	0.089154496789
8830	8829	0.089154496789
8830	8831	0.089154496789
8831	8830	0.089154496789
8831	8832	0.089154496789
8832	8831	0.089154496789
8832	8833	0.089154496789
8833	8832	0.089154496789
8833	8834	0.089154496789
8834	8833	0.089154496789
8834	8835	0.089154496789
8835	8834	0.089154496789
8835	8836	0.089154496789
8836	8835	0.089154496789
8836	8837	0.089154496789
8837	8836	0.089154496789
8837	8838	0.089154496789
8838	8837	0.089154496789
8838	8839	0.089154496789
8839	8838	0.089154496789
8839	8840	0.089154496789
8840	8839	0.089154496789
8840	8841	0.089154496789
8841	8840	0.089154496789
8841	8842	0.089154496789
8842	8841	0.089154496789
8842	8843	0.089154496789
8843	8842	0.089154496789
8843	8844	0.089154496789
8844	8843	0.089154496789
8844	8845	0.089154496789
8845	8844	0.089154496789
8845	8846	0.0805334970355
8845	8962	0.0571170002222
8846	8845	0.0805334970355
8846	8847	0.0805334970355
8847	8846	0.0805334970355
8847	8848	0.0805334970355
8848	8847	0.0805334970355
8848	8849	0.0805334970355
8849	8848	0.0805334970355
8849	8850	0.0805334970355
8850	8849	0.0805334970355
8850	8851	0.0805334970355
8851	8850	0.0805334970355
8851	8852	0.0805334970355
8852	8851	0.0805334970355
8852	8853	0.0805334970355
8853	8852	0.0805334970355
8853	8854	0.0805334970355
8854	8853	0.0805334970355
8854	8855	0.0773845016956
8854	8953	0.0389094986022
8855	8854	0.0773845016956
8855	8856	0.0773845016956
8856	8855	0.0773845016956
8856	8857	0.0773845016956
8857	8856	0.0773845016956
8857	8858	0.0773845016956
8858	8857	0.0773845016956
8858	8859	0.0773845016956
8859	8858	0.0773845016956
8859	8860	0.0773845016956
8860	8859	0.0773845016956
8860	8861	0.0773845016956
8861	8860	0.0773845016956
8861	8862	0.0773845016956
8862	8861	0.0773845016956
8862	8863	0.0773845016956
8863	8862	0.0773845016956
8863	8864	0.0773845016956
8864	8863	0.0773845016956
8864	8865	0.0773845016956
8865	8864	0.0773845016956
8865	8866	0.0773845016956
8866	8865	0.0773845016956
8866	8867	0.0773845016956
8867	8866	0.0773845016956
8867	8868	0.0773845016956
8868	8867	0.0773845016956
8868	8869	0.0773845016956
8869	8868	0.0773845016956
8869	8870	0.0773845016956
8870	8869	0.0773845016956
8870	8871	0.0773845016956
8871	8870	0.0773845016956
8871	8872	0.0773845016956
8872	8871	0.0773845016956
8872	8873	0.0773845016956
8873	8872	0.0773845016956
8873	8874	0.0773845016956
8874	8873	0.0773845016956
8874	8875	0.0773845016956
8875	8874	0.0773845016956
8875	8876	0.0773845016956
8876	8875	0.0773845016956
8876	8877	0.0773845016956
8877	8876	0.0773845016956
8877	8878	0.0773845016956
8878	8877	0.0773845016956
8878	8879	0.0773845016956
8879	8878	0.0773845016956
8879	8880	0.0773845016956
8880	8879	0.0773845016956
8880	8881	0.0773845016956
8881	8880	0.0773845016956
8881	8882	0.0773845016956
8882	8881	0.0773845016956
8882	8883	0.0773845016956
8883	8882	0.0773845016956
8883	8884	0.0773845016956
8884	8883	0.0773845016956
8884	8885	0.0773845016956
8885	8884	0.0773845016956
8885	8886	0.0773845016956
8886	8885	0.0773845016956
8886	8887	0.0773845016956
8887	8886	0.0773845016956
8887	8888	0.0773845016956
8888	8887	0.0773845016956
8888	8889	0.0773845016956
8889	8888	0.0773845016956
8889	8890	0.0773845016956
8890	8889	0.0773845016956
8890	8891	0.0773845016956
8891	8890	0.0773845016956
8891	8892	0.0773845016956
8892	8891	0.0773845016956
8892	8893	0.0773845016956
8893	8892	0.0773845016956
8893	8894	0.0773845016956
8894	8893	0.0773845016956
8894	8895	0.0773845016956
8895	8894	0.0773845016956
8895	8896	0.0683704987168
8895	8939	0.0523905009031
8896	8895	0.0683704987168
8896	8897	0.0683704987168
8897	8896	0.0683704987168
8897	8898	0.0683704987168
8898	8897	0.0683704987168
8898	8899	0.0683704987168
8899	8898	0.0683704987168
8899	8900	0.0683704987168
8900	8899	0.0683704987168
8900	8901	0.0683704987168
8901	8900	0.0683704987168
8901	8902	0.0683704987168
8902	8901	0.0683704987168
8902	8903	0.0683704987168
8903	8902	0.0683704987168
8903	8904	0.0683704987168
8904	8903	0.0683704987168
8904	8905	0.0683704987168
8905	8904	0.0683704987168
8905	8906	0.0683704987168
8906	8905	0.0683704987168
8906	8907	0.0683704987168
8907	8906	0.0683704987168
8907	8908	0.0683704987168
8908	8907	0.0683704987168
8908	8909	0.0683704987168
8909	8908	0.0683704987168
8909	8910	0.0683704987168
8910	8909	0.0683704987168
8910	8911	0.0683704987168
8911	8910	0.0683704987168
8911	8912	0.0683704987168
8912	8911	0.0683704987168
8912	8913	0.0683704987168
8913	8912	0.0683704987168
8913	8914	0.0683704987168
8914	8913	0.0683704987168
8914	8915	0.0683704987168
8915	8914	0.0683704987168
8915	8916	0.0683704987168
8916	8915	0.0683704987168
8916	8917	0.0683704987168
8917	8916	0.0683704987168
8917	8918	0.0683704987168
8918	8917	0.0683704987168
8918	8919	0.0683704987168
8919	8918	0.0683704987168
8919	8920	0.0683704987168
8920	8919	0.0683704987168
8920	8921	0.0683704987168
8921	8920	0.0683704987168
8921	8922	0.0683704987168
8922	8921	0.0683704987168
8922	8923	0.0683704987168
8923	8922	0.0683704987168
8923	8924	0.0683704987168
8924	8923	0.0683704987168
8924	8925	0.0683704987168
8925	8924	0.0683704987168
8925	8926	0.0683704987168
8926	8925	0.0683704987168
8926	8927	0.0683704987168
8927	8926	0.0683704987168
8927	8928	0.0683704987168
8928	8927	0.0683704987168
8928	8929	0.0683704987168
8929	8928	0.0683704987168
8929	8930	0.0683704987168
8930	8929	0.0683704987168
8930	8931	0.0683704987168
8931	8930	0.0683704987168
8931	8932	0.0683704987168
8932	8931	0.0683704987168
8932	8933	0.0683704987168
8933	8932	0.0683704987168
8933	8934	0.0683704987168
8934	8933	0.0683704987168
8934	8935	0.0683704987168
8935	8934	0.0683704987168
8935	8936	0.0683704987168
8936	8935	0.0683704987168
8936	8937	0.0683704987168
8937	8936	0.0683704987168
8937	8938	0.0683704987168
8938	8937	0.0683704987168
8939	8895	0.0523905009031
8939	8940	0.0523905009031
8940	8939	0.0523905009031
8940	8941	0.0523905009031
8941	8940	0.0523905009031
8941	8942	0.0523905009031
8942	8941	0.0523905009031
8942	8943	0.0523905009031
8943	8942	0.0523905009031
8943	8944	0.0523905009031
8944	8943	0.0523905009031
8944	8945	0.0523905009031
8945	8944	0.0523905009031
8945	8946	0.0523905009031
8946	8945	0.0523905009031
8946	8947	0.0523905009031
8947	8946	0.0523905009031
8947	8948	0.0523905009031
8948	8947	0.0523905009031
8948	8949	0.0523905009031
8949	8948	0.0523905009031
8949	8950	0.0523905009031
8950	8949	0.0523905009031
8950	8951	0.0523905009031
8951	8950	0.0523905009031
8951	8952	0.0523905009031
8952	8951	0.0523905009031
8953	8854	0.0389094986022
8953	8954	0.0389094986022
8954	8953	0.0389094986022
8954	8955	0.0389094986022
8955	8954	0.0389094986022
8955	8956	0.0389094986022
8956	8955	0.0389094986022
8956	8957	0.0389094986022
8957	8956	0.0389094986022
8957	8958	0.0389094986022
8958	8957	0.0389094986022
8958	8959	0.0389094986022
8959	8958	0.0389094986022
8959	8960	0.0389094986022
8960	8959	0.0389094986022
8960	8961	0.0389094986022
8961	8960	0.0389094986022
8962	8845	0.0571170002222
8962	8963	0.0571170002222
8963	8962	0.0571170002222
8963	8964	0.0571170002222
8964	8963	0.0571170002222
8964	8965	0.0571170002222
8965	8964	0.0571170002222
8965	8966	0.0571170002222
8966	8965	0.0571170002222
8966	8967	0.0571170002222
8967	8966	0.0571170002222
8967	8968	0.0571170002222
8968	8967	0.0571170002222
8968	8969	0.0571170002222
8969	8968	0.0571170002222
8969	8970	0.0571170002222
8970	8969	0.0571170002222
8970	8971	0.0571170002222
8971	8970	0.0571170002222
8971	8972	0.0571170002222
8972	8971	0.0571170002222
8972	8973	0.0571170002222
8973	8972	0.0571170002222
8973	8974	0.0571170002222
8974	8973	0.0571170002222
8974	8975	0.0571170002222
8975	8974	0.0571170002222
8975	8976	0.0571170002222
8976	8975	0.0571170002222
8976	8977	0.0571170002222
8977	8976	0.0571170002222
8977	8978	0.0571170002222
8978	8977	0.0571170002222
8978	8979	0.0571170002222
8979	8978	0.0571170002222
8979	8980	0.0571170002222
8980	8979	0.0571170002222
8980	8981	0.0571170002222
8981	8980	0.0571170002222
8981	8982	0.0571170002222
8982	8981	0.0571170002222
8982	8983	0.0571170002222
8983	8982	0.0571170002222
8983	8984	0.0571170002222
8984	8983	0.0571170002222
8984	8985	0.0571170002222
8985	8984	0.0571170002222
8985	8986	0.0571170002222
8986	8985	0.0571170002222
8986	8987	0.0571170002222
8987	8986	0.0571170002222
8987	8988	0.0571170002222
8988	8987	0.0571170002222
8988	8989	0.0571170002222
8989	8988	0.0571170002222
8989	8990	0.0571170002222
8990	8989	0.0571170002222
8990	8991	0.0571170002222
8991	8990	0.0571170002222
8991	8992	0.0571170002222
8992	8991	0.0571170002222
8992	8993	0.0571170002222
8993	8992	0.0571170002222
8993	8994	0.0571170002222
8994	8993	0.0571170002222
8994	8995	0.0571170002222
8995	8994	0.0571170002222
8995	8996	0.0571170002222
8996	8995	0.0571170002222
8996	8997	0.0571170002222
8997	8996	0.0571170002222
8997	8998	0.0571170002222
8998	8997	0.0571170002222
8998	8999	0.0571170002222
8999	8998	0.0571170002222
8999	9000	0.0571170002222
9000	8999	0.0571170002222
9000	9001	0.0571170002222
9001	9000	0.0571170002222
9001	9002	0.0571170002222
9002	9001	0.0571170002222
9002	9003	0.0571170002222
9003	9002	0.0571170002222
9003	9004	0.0571170002222
9004	9003	0.0571170002222
9004	9005	0.0571170002222
9005	9004	0.0571170002222
9005	9006	0.0571170002222
9006	9005	0.0571170002222
9006	9007	0.0571170002222
9007	9006	0.0571170002222
9007	9008	0.0571170002222
9008	9007	0.0571170002222
9008	9009	0.0571170002222
9009	9008	0.0571170002222
9009	9010	0.0571170002222
9010	9009	0.0571170002222
9010	9011	0.0571170002222
9011	9010	0.0571170002222
9011	9012	0.0571170002222
9012	9011	0.0571170002222
9012	9013	0.0571170002222
9013	9012	0.0571170002222
9014	8806	0.239291504025
9014	9015	0.239291504025
9015	9014	0.239291504025
9015	9016	0.239291504025
9016	9015	0.239291504025
9016	9017	0.239291504025
9017	9016	0.239291504025
9017	9018	0.239291504025
9018	9017	0.239291504025
9018	9019	0.239291504025
9019	9018	0.239291504025
9019	9020	0.239291504025
9020	9019	0.239291504025
9020	9021	0.239291504025
9021	9020	0.239291504025
9021	9022	0.239291504025
9022	9021	0.239291504025
9022	9023	0.239291504025
9023	9022	0.239291504025
9023	9024	0.239291504025
9024	9023	0.239291504025
9024	9025	0.238819494843
9024	11797	0.0432600006461
9025	9024	0.238819494843
9025	9026	0.238819494843
9026	9025	0.238819494843
9026	9027	0.238819494843
9027	9026	0.238819494843
9027	9028	0.238819494843
9028	9027	0.238819494843
9028	9029	0.238819494843
9029	9028	0.238819494843
9029	9030	0.238819494843
9030	9029	0.238819494843
9030	9031	0.238819494843
9031	9030	0.238819494843
9031	9032	0.238819494843
9032	9031	0.238819494843
9032	9033	0.238819494843
9033	9032	0.238819494843
9033	9034	0.238819494843
9034	9033	0.238819494843
9034	9035	0.238819494843
9035	9034	0.238819494843
9035	9036	0.190227493644
9035	10428	0.188869997859
9036	9035	0.190227493644
9036	9037	0.190227493644
9037	9036	0.190227493644
9037	9038	0.190227493644
9038	9037	0.190227493644
9038	9039	0.190227493644
9039	9038	0.190227493644
9039	9040	0.190227493644
9040	9039	0.190227493644
9040	9041	0.190227493644
9041	9040	0.190227493644
9041	9042	0.190227493644
9042	9041	0.190227493644
9042	9043	0.190227493644
9043	9042	0.190227493644
9043	9044	0.190227493644
9044	9043	0.190227493644
9044	9045	0.190227493644
9045	9044	0.190227493644
9045	9046	0.190227493644
9046	9045	0.190227493644
9046	9047	0.190227493644
9047	9046	0.190227493644
9047	9048	0.190227493644
9048	9047	0.190227493644
9048	9049	0.190227493644
9049	9048	0.190227493644
9049	9050	0.190227493644
9050	9049	0.190227493644
9050	9051	0.190227493644
9051	9050	0.190227493644
9051	9052	0.190227493644
9052	9051	0.190227493644
9052	9053	0.190227493644
9053	9052	0.190227493644
9053	9054	0.190227493644
9054	9053	0.190227493644
9054	9055	0.190227493644
9055	9054	0.190227493644
9055	9056	0.190227493644
9056	9055	0.190227493644
9056	9057	0.190227493644
9057	9056	0.190227493644
9057	9058	0.190227493644
9058	9057	0.190227493644
9058	9059	0.190227493644
9059	9058	0.190227493644
9059	9060	0.190227493644
9060	9059	0.190227493644
9060	9061	0.190227493644
9061	9060	0.190227493644
9061	9062	0.190227493644
9062	9061	0.190227493644
9062	9063	0.04002700001
9062	9078	0.189634501934
9063	9062	0.04002700001
9063	9064	0.04002700001
9064	9063	0.04002700001
9064	9065	0.04002700001
9065	9064	0.04002700001
9065	9066	0.04002700001
9066	9065	0.04002700001
9066	9067	0.04002700001
9067	9066	0.04002700001
9067	9068	0.04002700001
9068	9067	0.04002700001
9068	9069	0.04002700001
9069	9068	0.04002700001
9069	9070	0.04002700001
9070	9069	0.04002700001
9070	9071	0.04002700001
9071	9070	0.04002700001
9071	9072	0.04002700001
9072	9071	0.04002700001
9072	9073	0.04002700001
9073	9072	0.04002700001
9073	9074	0.04002700001
9074	9073	0.04002700001
9074	9075	0.04002700001
9075	9074	0.04002700001
9075	9076	0.04002700001
9076	9075	0.04002700001
9076	9077	0.04002700001
9077	9076	0.04002700001
9078	9062	0.189634501934
9078	9079	0.189634501934
9079	9078	0.189634501934
9079	9080	0.189634501934
9080	9079	0.189634501934
9080	9081	0.189634501934
9081	9080	0.189634501934
9081	9082	0.189634501934
9082	9081	0.189634501934
9082	9083	0.189634501934
9083	9082	0.189634501934
9083	9084	0.189634501934
9084	9083	0.189634501934
9084	9085	0.189634501934
9085	9084	0.189634501934
9085	9086	0.189634501934
9086	9085	0.189634501934
9086	9087	0.189634501934
9087	9086	0.189634501934
9087	9088	0.189634501934
9088	9087	0.189634501934
9088	9089	0.189634501934
9089	9088	0.189634501934
9089	9090	0.189634501934
9090	9089	0.189634501934
9090	9091	0.189634501934
9091	9090	0.189634501934
9091	9092	0.189634501934
9092	9091	0.189634501934
9092	9093	0.189634501934
9093	9092	0.189634501934
9093	9094	0.189634501934
9094	9093	0.189634501934
9094	9095	0.189634501934
9095	9094	0.189634501934
9095	9096	0.189634501934
9096	9095	0.189634501934
9096	9097	0.189634501934
9097	9096	0.189634501934
9097	9098	0.189634501934
9098	9097	0.189634501934
9098	9099	0.189634501934
9099	9098	0.189634501934
9099	9100	0.189634501934
9100	9099	0.189634501934
9100	9101	0.189634501934
9101	9100	0.189634501934
9101	9102	0.189634501934
9102	9101	0.189634501934
9102	9103	0.189634501934
9103	9102	0.189634501934
9103	9104	0.164920002222
9103	9934	0.132645994425
9104	9103	0.164920002222
9104	9105	0.164920002222
9105	9104	0.164920002222
9105	9106	0.164920002222
9106	9105	0.164920002222
9106	9107	0.164920002222
9107	9106	0.164920002222
9107	9108	0.164920002222
9108	9107	0.164920002222
9108	9109	0.164920002222
9109	9108	0.164920002222
9109	9110	0.164920002222
9110	9109	0.164920002222
9110	9111	0.164920002222
9111	9110	0.164920002222
9111	9112	0.164920002222
9112	9111	0.164920002222
9112	9113	0.164920002222
9113	9112	0.164920002222
9113	9114	0.164920002222
9114	9113	0.164920002222
9114	9115	0.164920002222
9115	9114	0.164920002222
9115	9116	0.164920002222
9116	9115	0.164920002222
9116	9117	0.164920002222
9117	9116	0.164920002222
9117	9118	0.164920002222
9118	9117	0.164920002222
9118	9119	0.164920002222
9119	9118	0.164920002222
9119	9120	0.164920002222
9120	9119	0.164920002222
9120	9121	0.164920002222
9121	9120	0.164920002222
9121	9122	0.0493439994752
9121	9152	0.163434505463
9122	9121	0.0493439994752
9122	9123	0.0493439994752
9123	9122	0.0493439994752
9123	9124	0.0493439994752
9124	9123	0.0493439994752
9124	9125	0.0493439994752
9125	9124	0.0493439994752
9125	9126	0.0493439994752
9126	9125	0.0493439994752
9126	9127	0.0493439994752
9127	9126	0.0493439994752
9127	9128	0.0493439994752
9128	9127	0.0493439994752
9128	9129	0.0493439994752
9129	9128	0.0493439994752
9129	9130	0.0493439994752
9130	9129	0.0493439994752
9130	9131	0.0493439994752
9131	9130	0.0493439994752
9131	9132	0.0493439994752
9132	9131	0.0493439994752
9132	9133	0.0493439994752
9133	9132	0.0493439994752
9133	9134	0.0493439994752
9134	9133	0.0493439994752
9134	9135	0.0493439994752
9135	9134	0.0493439994752
9135	9136	0.0493439994752
9136	9135	0.0493439994752
9136	9137	0.0493439994752
9137	9136	0.0493439994752
9137	9138	0.0493439994752
9138	9137	0.0493439994752
9138	9139	0.0493439994752
9139	9138	0.0493439994752
9139	9140	0.0493439994752
9140	9139	0.0493439994752
9140	9141	0.0493439994752
9141	9140	0.0493439994752
9141	9142	0.0493439994752
9142	9141	0.0493439994752
9142	9143	0.0493439994752
9143	9142	0.0493439994752
9143	9144	0.0493439994752
9144	9143	0.0493439994752
9144	9145	0.0493439994752
9145	9144	0.0493439994752
9145	9146	0.0493439994752
9146	9145	0.0493439994752
9146	9147	0.0493439994752
9147	9146	0.0493439994752
9147	9148	0.0493439994752
9148	9147	0.0493439994752
9148	9149	0.0493439994752
9149	9148	0.0493439994752
9149	9150	0.0493439994752
9150	9149	0.0493439994752
9150	9151	0.0493439994752
9151	9150	0.0493439994752
9152	9121	0.163434505463
9152	9153	0.163434505463
9153	9152	0.163434505463
9153	9154	0.163434505463
9154	9153	0.163434505463
9154	9155	0.163434505463
9155	9154	0.163434505463
9155	9156	0.163434505463
9156	9155	0.163434505463
9156	9157	0.163434505463
9157	9156	0.163434505463
9157	9158	0.163434505463
9158	9157	0.163434505463
9158	9159	0.163434505463
9159	9158	0.163434505463
9159	9160	0.163434505463
9160	9159	0.163434505463
9160	9161	0.163434505463
9161	9160	0.163434505463
9161	9162	0.163434505463
9162	9161	0.163434505463
9162	9163	0.163434505463
9163	9162	0.163434505463
9163	9164	0.163434505463
9164	9163	0.163434505463
9164	9165	0.163434505463
9165	9164	0.163434505463
9165	9166	0.163434505463
9166	9165	0.163434505463
9166	9167	0.163434505463
9167	9166	0.163434505463
9167	9168	0.163434505463
9168	9167	0.163434505463
9168	9169	0.163434505463
9169	9168	0.163434505463
9169	9170	0.0760845020413
9169	9268	0.157741993666
9170	9169	0.0760845020413
9170	9171	0.0760845020413
9171	9170	0.0760845020413
9171	9172	0.0760845020413
9172	9171	0.0760845020413
9172	9173	0.0760845020413
9173	9172	0.0760845020413
9173	9174	0.0760845020413
9174	9173	0.0760845020413
9174	9175	0.0760845020413
9175	9174	0.0760845020413
9175	9176	0.0760845020413
9176	9175	0.0760845020413
9176	9177	0.0760845020413
9177	9176	0.0760845020413
9177	9178	0.0760845020413
9178	9177	0.0760845020413
9178	9179	0.0760845020413
9179	9178	0.0760845020413
9179	9180	0.0760845020413
9180	9179	0.0760845020413
9180	9181	0.0760845020413
9181	9180	0.0760845020413
9181	9182	0.0760845020413
9182	9181	0.0760845020413
9182	9183	0.0760845020413
9183	9182	0.0760845020413
9183	9184	0.0760845020413
9184	9183	0.0760845020413
9184	9185	0.0760845020413
9185	9184	0.0760845020413
9185	9186	0.0760845020413
9186	9185	0.0760845020413
9186	9187	0.0760845020413
9187	9186	0.0760845020413
9187	9188	0.0760845020413
9188	9187	0.0760845020413
9188	9189	0.0760845020413
9189	9188	0.0760845020413
9189	9190	0.0760845020413
9190	9189	0.0760845020413
9190	9191	0.0760845020413
9191	9190	0.0760845020413
9191	9192	0.0760845020413
9192	9191	0.0760845020413
9192	9193	0.0760845020413
9193	9192	0.0760845020413
9193	9194	0.0760845020413
9194	9193	0.0760845020413
9194	9195	0.0760845020413
9195	9194	0.0760845020413
9195	9196	0.0760845020413
9196	9195	0.0760845020413
9196	9197	0.0760845020413
9197	9196	0.0760845020413
9197	9198	0.0760845020413
9198	9197	0.0760845020413
9198	9199	0.0760845020413
9199	9198	0.0760845020413
9199	9200	0.0760845020413
9200	9199	0.0760845020413
9200	9201	0.0760845020413
9201	9200	0.0760845020413
9201	9202	0.0760845020413
9202	9201	0.0760845020413
9202	9203	0.0760845020413
9203	9202	0.0760845020413
9203	9204	0.0760845020413
9204	9203	0.0760845020413
9204	9205	0.0760845020413
9205	9204	0.0760845020413
9205	9206	0.0760845020413
9206	9205	0.0760845020413
9206	9207	0.0760845020413
9207	9206	0.0760845020413
9207	9208	0.0760845020413
9208	9207	0.0760845020413
9208	9209	0.0760845020413
9209	9208	0.0760845020413
9209	9210	0.0760845020413
9210	9209	0.0760845020413
9210	9211	0.0760845020413
9211	9210	0.0760845020413
9211	9212	0.0760845020413
9212	9211	0.0760845020413
9212	9213	0.0760845020413
9213	9212	0.0760845020413
9213	9214	0.0760845020413
9214	9213	0.0760845020413
9214	9215	0.0760845020413
9215	9214	0.0760845020413
9215	9216	0.0760845020413
9216	9215	0.0760845020413
9216	9217	0.0539885014296
9216	9233	0.0656604990363
9217	9216	0.0539885014296
9217	9218	0.0539885014296
9218	9217	0.0539885014296
9218	9219	0.0539885014296
9219	9218	0.0539885014296
9219	9220	0.0539885014296
9220	9219	0.0539885014296
9220	9221	0.0539885014296
9221	9220	0.0539885014296
9221	9222	0.0539885014296
9222	9221	0.0539885014296
9222	9223	0.0539885014296
9223	9222	0.0539885014296
9223	9224	0.0539885014296
9224	9223	0.0539885014296
9224	9225	0.0539885014296
9225	9224	0.0539885014296
9225	9226	0.0539885014296
9226	9225	0.0539885014296
9226	9227	0.0539885014296
9227	9226	0.0539885014296
9227	9228	0.0539885014296
9228	9227	0.0539885014296
9228	9229	0.0539885014296
9229	9228	0.0539885014296
9229	9230	0.0539885014296
9230	9229	0.0539885014296
9230	9231	0.0539885014296
9231	9230	0.0539885014296
9231	9232	0.0539885014296
9232	9231	0.0539885014296
9233	9216	0.0656604990363
9233	9234	0.0656604990363
9234	9233	0.0656604990363
9234	9235	0.0656604990363
9235	9234	0.0656604990363
9235	9236	0.0656604990363
9236	9235	0.0656604990363
9236	9237	0.0656604990363
9237	9236	0.0656604990363
9237	9238	0.0656604990363
9238	9237	0.0656604990363
9238	9239	0.0656604990363
9239	9238	0.0656604990363
9239	9240	0.0656604990363
9240	9239	0.0656604990363
9240	9241	0.0656604990363
9241	9240	0.0656604990363
9241	9242	0.0656604990363
9242	9241	0.0656604990363
9242	9243	0.0656604990363
9243	9242	0.0656604990363
9243	9244	0.0656604990363
9244	9243	0.0656604990363
9244	9245	0.0656604990363
9245	9244	0.0656604990363
9245	9246	0.0656604990363
9246	9245	0.0656604990363
9246	9247	0.0656604990363
9247	9246	0.0656604990363
9247	9248	0.0656604990363
9248	9247	0.0656604990363
9248	9249	0.0656604990363
9249	9248	0.0656604990363
9249	9250	0.0656604990363
9250	9249	0.0656604990363
9250	9251	0.0656604990363
9251	9250	0.0656604990363
9251	9252	0.0656604990363
9252	9251	0.0656604990363
9252	9253	0.0656604990363
9253	9252	0.0656604990363
9253	9254	0.0656604990363
9254	9253	0.0656604990363
9254	9255	0.0656604990363
9255	9254	0.0656604990363
9255	9256	0.0656604990363
9256	9255	0.0656604990363
9256	9257	0.0656604990363
9257	9256	0.0656604990363
9257	9258	0.0656604990363
9258	9257	0.0656604990363
9258	9259	0.0656604990363
9259	9258	0.0656604990363
9259	9260	0.0656604990363
9260	9259	0.0656604990363
9260	9261	0.0656604990363
9261	9260	0.0656604990363
9261	9262	0.0656604990363
9262	9261	0.0656604990363
9262	9263	0.0656604990363
9263	9262	0.0656604990363
9263	9264	0.0656604990363
9264	9263	0.0656604990363
9264	9265	0.0656604990363
9265	9264	0.0656604990363
9265	9266	0.0656604990363
9266	9265	0.0656604990363
9266	9267	0.0656604990363
9267	9266	0.0656604990363
9268	9169	0.157741993666
9268	9269	0.157741993666
9269	9268	0.157741993666
9269	9270	0.157741993666
9270	9269	0.157741993666
9270	9271	0.157741993666
9271	9270	0.157741993666
9271	9272	0.157741993666
9272	9271	0.157741993666
9272	9273	0.157741993666
9273	9272	0.157741993666
9273	9274	0.157741993666
9274	9273	0.157741993666
9274	9275	0.157741993666
9275	9274	0.157741993666
9275	9276	0.157741993666
9276	9275	0.157741993666
9276	9277	0.157741993666
9277	9276	0.157741993666
9277	9278	0.157741993666
9278	9277	0.157741993666
9278	9279	0.157741993666
9279	9278	0.157741993666
9279	9280	0.157741993666
9280	9279	0.157741993666
9280	9281	0.157741993666
9281	9280	0.157741993666
9281	9282	0.157741993666
9282	9281	0.157741993666
9282	9283	0.157741993666
9283	9282	0.157741993666
9283	9284	0.157741993666
9284	9283	0.157741993666
9284	9285	0.157741993666
9285	9284	0.157741993666
9285	9286	0.157741993666
9286	9285	0.157741993666
9286	9287	0.157741993666
9287	9286	0.157741993666
9287	9288	0.157741993666
9288	9287	0.157741993666
9288	9289	0.157741993666
9289	9288	0.157741993666
9289	9290	0.157741993666
9290	9289	0.157741993666
9290	9291	0.157741993666
9291	9290	0.157741993666
9291	9292	0.157741993666
9292	9291	0.157741993666
9292	9293	0.157741993666
9293	9292	0.157741993666
9293	9294	0.157741993666
9294	9293	0.157741993666
9294	9295	0.157741993666
9295	9294	0.157741993666
9295	9296	0.157741993666
9296	9295	0.157741993666
9296	9297	0.157741993666
9297	9296	0.157741993666
9297	9298	0.157741993666
9298	9297	0.157741993666
9298	9299	0.157741993666
9299	9298	0.157741993666
9299	9300	0.157741993666
9300	9299	0.157741993666
9300	9301	0.157741993666
9301	9300	0.157741993666
9301	9302	0.157741993666
9302	9301	0.157741993666
9302	9303	0.157741993666
9303	9302	0.157741993666
9303	9304	0.157741993666
9304	9303	0.157741993666
9304	9305	0.157741993666
9305	9304	0.157741993666
9305	9306	0.157741993666
9306	9305	0.157741993666
9306	9307	0.157741993666
9307	9306	0.157741993666
9307	9308	0.106760501862
9307	9504	0.139388501644
9308	9307	0.106760501862
9308	9309	0.106760501862
9309	9308	0.106760501862
9309	9310	0.106760501862
9310	9309	0.106760501862
9310	9311	0.106760501862
9311	9310	0.106760501862
9311	9312	0.106760501862
9312	9311	0.106760501862
9312	9313	0.106760501862
9313	9312	0.106760501862
9313	9314	0.106760501862
9314	9313	0.106760501862
9314	9315	0.106760501862
9315	9314	0.106760501862
9315	9316	0.106760501862
9316	9315	0.106760501862
9316	9317	0.106760501862
9317	9316	0.106760501862
9317	9318	0.106760501862
9318	9317	0.106760501862
9318	9319	0.106760501862
9319	9318	0.106760501862
9319	9320	0.106760501862
9320	9319	0.106760501862
9320	9321	0.106760501862
9321	9320	0.106760501862
9321	9322	0.059865500778
9321	9362	0.100075997412
9322	9321	0.059865500778
9322	9323	0.059865500778
9323	9322	0.059865500778
9323	9324	0.059865500778
9324	9323	0.059865500778
9324	9325	0.059865500778
9325	9324	0.059865500778
9325	9326	0.059865500778
9326	9325	0.059865500778
9326	9327	0.059865500778
9327	9326	0.059865500778
9327	9328	0.059865500778
9328	9327	0.059865500778
9328	9329	0.059865500778
9329	9328	0.059865500778
9329	9330	0.059865500778
9330	9329	0.059865500778
9330	9331	0.059865500778
9331	9330	0.059865500778
9331	9332	0.059865500778
9332	9331	0.059865500778
9332	9333	0.059865500778
9333	9332	0.059865500778
9333	9334	0.059865500778
9334	9333	0.059865500778
9334	9335	0.059865500778
9335	9334	0.059865500778
9335	9336	0.059865500778
9336	9335	0.059865500778
9336	9337	0.059865500778
9337	9336	0.059865500778
9337	9338	0.059865500778
9338	9337	0.059865500778
9338	9339	0.059865500778
9339	9338	0.059865500778
9339	9340	0.059865500778
9340	9339	0.059865500778
9340	9341	0.059865500778
9341	9340	0.059865500778
9341	9342	0.059865500778
9342	9341	0.059865500778
9342	9343	0.059865500778
9343	9342	0.059865500778
9343	9344	0.059865500778
9344	9343	0.059865500778
9344	9345	0.059865500778
9345	9344	0.059865500778
9345	9346	0.059865500778
9346	9345	0.059865500778
9346	9347	0.059865500778
9347	9346	0.059865500778
9347	9348	0.059865500778
9348	9347	0.059865500778
9348	9349	0.059865500778
9349	9348	0.059865500778
9349	9350	0.059865500778
9350	9349	0.059865500778
9350	9351	0.059865500778
9351	9350	0.059865500778
9351	9352	0.059865500778
9352	9351	0.059865500778
9352	9353	0.059865500778
9353	9352	0.059865500778
9353	9354	0.059865500778
9354	9353	0.059865500778
9354	9355	0.059865500778
9355	9354	0.059865500778
9355	9356	0.059865500778
9356	9355	0.059865500778
9356	9357	0.059865500778
9357	9356	0.059865500778
9357	9358	0.059865500778
9358	9357	0.059865500778
9358	9359	0.059865500778
9359	9358	0.059865500778
9359	9360	0.059865500778
9360	9359	0.059865500778
9360	9361	0.059865500778
9361	9360	0.059865500778
9362	9321	0.100075997412
9362	9363	0.100075997412
9363	9362	0.100075997412
9363	9364	0.100075997412
9364	9363	0.100075997412
9364	9365	0.100075997412
9365	9364	0.100075997412
9365	9366	0.100075997412
9366	9365	0.100075997412
9366	9367	0.100075997412
9367	9366	0.100075997412
9367	9368	0.100075997412
9368	9367	0.100075997412
9368	9369	0.100075997412
9369	9368	0.100075997412
9369	9370	0.100075997412
9370	9369	0.100075997412
9370	9371	0.100075997412
9371	9370	0.100075997412
9371	9372	0.100075997412
9372	9371	0.100075997412
9372	9373	0.100075997412
9373	9372	0.100075997412
9373	9374	0.100075997412
9374	9373	0.100075997412
9374	9375	0.100075997412
9375	9374	0.100075997412
9375	9376	0.0402439981699
9375	9382	0.0978579968214
9376	9375	0.0402439981699
9376	9377	0.0402439981699
9377	9376	0.0402439981699
9377	9378	0.0402439981699
9378	9377	0.0402439981699
9378	9379	0.0402439981699
9379	9378	0.0402439981699
9379	9380	0.0402439981699
9380	9379	0.0402439981699
9380	9381	0.0402439981699
9381	9380	0.0402439981699
9382	9375	0.0978579968214
9382	9383	0.0978579968214
9383	9382	0.0978579968214
9383	9384	0.0978579968214
9384	9383	0.0978579968214
9384	9385	0.0978579968214
9385	9384	0.0978579968214
9385	9386	0.0978579968214
9386	9385	0.0978579968214
9386	9387	0.0978579968214
9387	9386	0.0978579968214
9387	9388	0.0978579968214
9388	9387	0.0978579968214
9388	9389	0.0978579968214
9389	9388	0.0978579968214
9389	9390	0.0978579968214
9390	9389	0.0978579968214
9390	9391	0.0978579968214
9391	9390	0.0978579968214
9391	9392	0.0978579968214
9392	9391	0.0978579968214
9392	9393	0.0978579968214
9393	9392	0.0978579968214
9393	9394	0.0978579968214
9394	9393	0.0978579968214
9394	9395	0.0978579968214
9395	9394	0.0978579968214
9395	9396	0.0978579968214
9396	9395	0.0978579968214
9396	9397	0.0978579968214
9397	9396	0.0978579968214
9397	9398	0.0978579968214
9398	9397	0.0978579968214
9398	9399	0.0978579968214
9399	9398	0.0978579968214
9399	9400	0.0978579968214
9400	9399	0.0978579968214
9400	9401	0.0978579968214
9401	9400	0.0978579968214
9401	9402	0.0978579968214
9402	9401	0.0978579968214
9402	9403	0.0978579968214
9403	9402	0.0978579968214
9403	9404	0.0978579968214
9404	9403	0.0978579968214
9404	9405	0.0978579968214
9405	9404	0.0978579968214
9405	9406	0.0978579968214
9406	9405	0.0978579968214
9406	9407	0.088312998414
9406	9478	0.062856502831
9407	9406	0.088312998414
9407	9408	0.088312998414
9408	9407	0.088312998414
9408	9409	0.088312998414
9409	9408	0.088312998414
9409	9410	0.088312998414
9410	9409	0.088312998414
9410	9411	0.088312998414
9411	9410	0.088312998414
9411	9412	0.088312998414
9412	9411	0.088312998414
9412	9413	0.088312998414
9413	9412	0.088312998414
9413	9414	0.088312998414
9414	9413	0.088312998414
9414	9415	0.088312998414
9415	9414	0.088312998414
9415	9416	0.088312998414
9416	9415	0.088312998414
9416	9417	0.088312998414
9417	9416	0.088312998414
9417	9418	0.088312998414
9418	9417	0.088312998414
9418	9419	0.088312998414
9419	9418	0.088312998414
9419	9420	0.088312998414
9420	9419	0.088312998414
9420	9421	0.088312998414
9421	9420	0.088312998414
9421	9422	0.088312998414
9422	9421	0.088312998414
9422	9423	0.088312998414
9423	9422	0.088312998414
9423	9424	0.088312998414
9424	9423	0.088312998414
9424	9425	0.088312998414
9425	9424	0.088312998414
9425	9426	0.0726040005684
9425	9456	0.0673900023103
9426	9425	0.0726040005684
9426	9427	0.0726040005684
9427	9426	0.0726040005684
9427	9428	0.0726040005684
9428	9427	0.0726040005684
9428	9429	0.0726040005684
9429	9428	0.0726040005684
9429	9430	0.0726040005684
9430	9429	0.0726040005684
9430	9431	0.0726040005684
9431	9430	0.0726040005684
9431	9432	0.0726040005684
9432	9431	0.0726040005684
9432	9433	0.0726040005684
9433	9432	0.0726040005684
9433	9434	0.0726040005684
9434	9433	0.0726040005684
9434	9435	0.0726040005684
9435	9434	0.0726040005684
9435	9436	0.0726040005684
9436	9435	0.0726040005684
9436	9437	0.0726040005684
9437	9436	0.0726040005684
9437	9438	0.0726040005684
9438	9437	0.0726040005684
9438	9439	0.0726040005684
9439	9438	0.0726040005684
9439	9440	0.0726040005684
9440	9439	0.0726040005684
9440	9441	0.0726040005684
9441	9440	0.0726040005684
9441	9442	0.0726040005684
9442	9441	0.0726040005684
9442	9443	0.0726040005684
9443	9442	0.0726040005684
9443	9444	0.0726040005684
9444	9443	0.0726040005684
9444	9445	0.0726040005684
9445	9444	0.0726040005684
9445	9446	0.0726040005684
9446	9445	0.0726040005684
9446	9447	0.0726040005684
9447	9446	0.0726040005684
9447	9448	0.0726040005684
9448	9447	0.0726040005684
9448	9449	0.0726040005684
9449	9448	0.0726040005684
9449	9450	0.0726040005684
9450	9449	0.0726040005684
9450	9451	0.0726040005684
9451	9450	0.0726040005684
9451	9452	0.0726040005684
9452	9451	0.0726040005684
9452	9453	0.0726040005684
9453	9452	0.0726040005684
9453	9454	0.0726040005684
9454	9453	0.0726040005684
9454	9455	0.0726040005684
9455	9454	0.0726040005684
9456	9425	0.0673900023103
9456	9457	0.0673900023103
9457	9456	0.0673900023103
9457	9458	0.0673900023103
9458	9457	0.0673900023103
9458	9459	0.0673900023103
9459	9458	0.0673900023103
9459	9460	0.0673900023103
9460	9459	0.0673900023103
9460	9461	0.0673900023103
9461	9460	0.0673900023103
9461	9462	0.0673900023103
9462	9461	0.0673900023103
9462	9463	0.0673900023103
9463	9462	0.0673900023103
9463	9464	0.0673900023103
9464	9463	0.0673900023103
9464	9465	0.0673900023103
9465	9464	0.0673900023103
9465	9466	0.0673900023103
9466	9465	0.0673900023103
9466	9467	0.0673900023103
9467	9466	0.0673900023103
9467	9468	0.0673900023103
9468	9467	0.0673900023103
9468	9469	0.0673900023103
9469	9468	0.0673900023103
9469	9470	0.0673900023103
9470	9469	0.0673900023103
9470	9471	0.0673900023103
9471	9470	0.0673900023103
9471	9472	0.0673900023103
9472	9471	0.0673900023103
9472	9473	0.0673900023103
9473	9472	0.0673900023103
9473	9474	0.0673900023103
9474	9473	0.0673900023103
9474	9475	0.0673900023103
9475	9474	0.0673900023103
9475	9476	0.0673900023103
9476	9475	0.0673900023103
9476	9477	0.0673900023103
9477	9476	0.0673900023103
9478	9406	0.062856502831
9478	9479	0.062856502831
9479	9478	0.062856502831
9479	9480	0.062856502831
9480	9479	0.062856502831
9480	9481	0.062856502831
9481	9480	0.062856502831
9481	9482	0.062856502831
9482	9481	0.062856502831
9482	9483	0.062856502831
9483	9482	0.062856502831
9483	9484	0.062856502831
9484	9483	0.062856502831
9484	9485	0.062856502831
9485	9484	0.062856502831
9485	9486	0.062856502831
9486	9485	0.062856502831
9486	9487	0.062856502831
9487	9486	0.062856502831
9487	9488	0.062856502831
9488	9487	0.062856502831
9488	9489	0.062856502831
9489	9488	0.062856502831
9489	9490	0.062856502831
9490	9489	0.062856502831
9490	9491	0.062856502831
9491	9490	0.062856502831
9491	9492	0.062856502831
9492	9491	0.062856502831
9492	9493	0.062856502831
9493	9492	0.062856502831
9493	9494	0.062856502831
9494	9493	0.062856502831
9494	9495	0.062856502831
9495	9494	0.062856502831
9495	9496	0.062856502831
9496	9495	0.062856502831
9496	9497	0.062856502831
9497	9496	0.062856502831
9497	9498	0.062856502831
9498	9497	0.062856502831
9498	9499	0.062856502831
9499	9498	0.062856502831
9499	9500	0.062856502831
9500	9499	0.062856502831
9500	9501	0.062856502831
9501	9500	0.062856502831
9501	9502	0.062856502831
9502	9501	0.062856502831
9502	9503	0.062856502831
9503	9502	0.062856502831
9504	9307	0.139388501644
9504	9505	0.139388501644
9505	9504	0.139388501644
9505	9506	0.139388501644
9506	9505	0.139388501644
9506	9507	0.0916799977422
9506	9632	0.124668002129
9507	9506	0.0916799977422
9507	9508	0.0916799977422
9508	9507	0.0916799977422
9508	9509	0.0916799977422
9509	9508	0.0916799977422
9509	9510	0.0898085013032
9509	9627	0.0358900018036
9510	9509	0.0898085013032
9510	9511	0.0898085013032
9511	9510	0.0898085013032
9511	9512	0.0898085013032
9512	9511	0.0898085013032
9512	9513	0.0898085013032
9513	9512	0.0898085013032
9513	9514	0.0898085013032
9514	9513	0.0898085013032
9514	9515	0.0898085013032
9515	9514	0.0898085013032
9515	9516	0.0898085013032
9516	9515	0.0898085013032
9516	9517	0.0898085013032
9517	9516	0.0898085013032
9517	9518	0.0898085013032
9518	9517	0.0898085013032
9518	9519	0.0898085013032
9519	9518	0.0898085013032
9519	9520	0.0898085013032
9520	9519	0.0898085013032
9520	9521	0.0898085013032
9521	9520	0.0898085013032
9521	9522	0.0898085013032
9522	9521	0.0898085013032
9522	9523	0.0898085013032
9523	9522	0.0898085013032
9523	9524	0.0898085013032
9524	9523	0.0898085013032
9524	9525	0.0898085013032
9525	9524	0.0898085013032
9525	9526	0.0898085013032
9526	9525	0.0898085013032
9526	9527	0.0898085013032
9527	9526	0.0898085013032
9527	9528	0.0898085013032
9528	9527	0.0898085013032
9528	9529	0.0898085013032
9529	9528	0.0898085013032
9529	9530	0.0898085013032
9530	9529	0.0898085013032
9530	9531	0.0898085013032
9531	9530	0.0898085013032
9531	9532	0.0898085013032
9532	9531	0.0898085013032
9532	9533	0.0898085013032
9533	9532	0.0898085013032
9533	9534	0.0898085013032
9534	9533	0.0898085013032
9534	9535	0.0807074978948
9534	9602	0.0583489984274
9535	9534	0.0807074978948
9535	9536	0.0807074978948
9536	9535	0.0807074978948
9536	9537	0.0807074978948
9537	9536	0.0807074978948
9537	9538	0.0807074978948
9538	9537	0.0807074978948
9538	9539	0.0807074978948
9539	9538	0.0807074978948
9539	9540	0.0807074978948
9540	9539	0.0807074978948
9540	9541	0.0807074978948
9541	9540	0.0807074978948
9541	9542	0.0807074978948
9542	9541	0.0807074978948
9542	9543	0.0807074978948
9543	9542	0.0807074978948
9543	9544	0.0807074978948
9544	9543	0.0807074978948
9544	9545	0.0807074978948
9545	9544	0.0807074978948
9545	9546	0.0807074978948
9546	9545	0.0807074978948
9546	9547	0.0807074978948
9547	9546	0.0807074978948
9547	9548	0.0719894990325
9547	9590	0.0534400008619
9548	9547	0.0719894990325
9548	9549	0.0719894990325
9549	9548	0.0719894990325
9549	9550	0.0719894990325
9550	9549	0.0719894990325
9550	9551	0.0719894990325
9551	9550	0.0719894990325
9551	9552	0.0719894990325
9552	9551	0.0719894990325
9552	9553	0.0719894990325
9553	9552	0.0719894990325
9553	9554	0.0719894990325
9554	9553	0.0719894990325
9554	9555	0.0719894990325
9555	9554	0.0719894990325
9555	9556	0.0719894990325
9556	9555	0.0719894990325
9556	9557	0.0719894990325
9557	9556	0.0719894990325
9557	9558	0.0719894990325
9558	9557	0.0719894990325
9558	9559	0.0719894990325
9559	9558	0.0719894990325
9559	9560	0.0719894990325
9560	9559	0.0719894990325
9560	9561	0.0719894990325
9561	9560	0.0719894990325
9561	9562	0.0719894990325
9562	9561	0.0719894990325
9562	9563	0.0719894990325
9563	9562	0.0719894990325
9563	9564	0.0719894990325
9564	9563	0.0719894990325
9564	9565	0.0719894990325
9565	9564	0.0719894990325
9565	9566	0.0719894990325
9566	9565	0.0719894990325
9566	9567	0.0719894990325
9567	9566	0.0719894990325
9567	9568	0.0719894990325
9568	9567	0.0719894990325
9568	9569	0.0719894990325
9569	9568	0.0719894990325
9569	9570	0.0719894990325
9570	9569	0.0719894990325
9570	9571	0.0719894990325
9571	9570	0.0719894990325
9571	9572	0.0719894990325
9572	9571	0.0719894990325
9572	9573	0.0719894990325
9573	9572	0.0719894990325
9573	9574	0.0719894990325
9574	9573	0.0719894990325
9574	9575	0.0719894990325
9575	9574	0.0719894990325
9575	9576	0.0719894990325
9576	9575	0.0719894990325
9576	9577	0.0719894990325
9577	9576	0.0719894990325
9577	9578	0.0719894990325
9578	9577	0.0719894990325
9578	9579	0.0719894990325
9579	9578	0.0719894990325
9579	9580	0.0719894990325
9580	9579	0.0719894990325
9580	9581	0.0719894990325
9581	9580	0.0719894990325
9581	9582	0.0719894990325
9582	9581	0.0719894990325
9582	9583	0.0719894990325
9583	9582	0.0719894990325
9583	9584	0.0719894990325
9584	9583	0.0719894990325
9584	9585	0.0719894990325
9585	9584	0.0719894990325
9585	9586	0.0719894990325
9586	9585	0.0719894990325
9586	9587	0.0719894990325
9587	9586	0.0719894990325
9587	9588	0.0719894990325
9588	9587	0.0719894990325
9588	9589	0.0719894990325
9589	9588	0.0719894990325
9590	9547	0.0534400008619
9590	9591	0.0534400008619
9591	9590	0.0534400008619
9591	9592	0.0534400008619
9592	9591	0.0534400008619
9592	9593	0.0534400008619
9593	9592	0.0534400008619
9593	9594	0.0534400008619
9594	9593	0.0534400008619
9594	9595	0.0534400008619
9595	9594	0.0534400008619
9595	9596	0.0534400008619
9596	9595	0.0534400008619
9596	9597	0.0534400008619
9597	9596	0.0534400008619
9597	9598	0.0534400008619
9598	9597	0.0534400008619
9598	9599	0.0534400008619
9599	9598	0.0534400008619
9599	9600	0.0534400008619
9600	9599	0.0534400008619
9600	9601	0.0534400008619
9601	9600	0.0534400008619
9602	9534	0.0583489984274
9602	9603	0.0583489984274
9603	9602	0.0583489984274
9603	9604	0.0583489984274
9604	9603	0.0583489984274
9604	9605	0.0583489984274
9605	9604	0.0583489984274
9605	9606	0.0583489984274
9606	9605	0.0583489984274
9606	9607	0.0583489984274
9607	9606	0.0583489984274
9607	9608	0.0583489984274
9608	9607	0.0583489984274
9608	9609	0.0583489984274
9609	9608	0.0583489984274
9609	9610	0.0583489984274
9610	9609	0.0583489984274
9610	9611	0.0583489984274
9611	9610	0.0583489984274
9611	9612	0.0583489984274
9612	9611	0.0583489984274
9612	9613	0.0583489984274
9613	9612	0.0583489984274
9613	9614	0.0583489984274
9614	9613	0.0583489984274
9614	9615	0.0583489984274
9615	9614	0.0583489984274
9615	9616	0.0583489984274
9616	9615	0.0583489984274
9616	9617	0.0583489984274
9617	9616	0.0583489984274
9617	9618	0.0583489984274
9618	9617	0.0583489984274
9618	9619	0.0583489984274
9619	9618	0.0583489984274
9619	9620	0.0583489984274
9620	9619	0.0583489984274
9620	9621	0.0583489984274
9621	9620	0.0583489984274
9621	9622	0.0583489984274
9622	9621	0.0583489984274
9622	9623	0.0583489984274
9623	9622	0.0583489984274
9623	9624	0.0583489984274
9624	9623	0.0583489984274
9624	9625	0.0583489984274
9625	9624	0.0583489984274
9625	9626	0.0583489984274
9626	9625	0.0583489984274
9627	9509	0.0358900018036
9627	9628	0.0358900018036
9628	9627	0.0358900018036
9628	9629	0.0358900018036
9629	9628	0.0358900018036
9629	9630	0.0358900018036
9630	9629	0.0358900018036
9630	9631	0.0358900018036
9631	9630	0.0358900018036
9632	9506	0.124668002129
9632	9633	0.124668002129
9633	9632	0.124668002129
9633	9634	0.124668002129
9634	9633	0.124668002129
9634	9635	0.124668002129
9635	9634	0.124668002129
9635	9636	0.124668002129
9636	9635	0.124668002129
9636	9637	0.124668002129
9637	9636	0.124668002129
9637	9638	0.124668002129
9638	9637	0.124668002129
9638	9639	0.124668002129
9639	9638	0.124668002129
9639	9640	0.124668002129
9640	9639	0.124668002129
9640	9641	0.124668002129
9641	9640	0.124668002129
9641	9642	0.124668002129
9642	9641	0.124668002129
9642	9643	0.124668002129
9643	9642	0.124668002129
9643	9644	0.124668002129
9644	9643	0.124668002129
9644	9645	0.124668002129
9645	9644	0.124668002129
9645	9646	0.124668002129
9646	9645	0.124668002129
9646	9647	0.124668002129
9647	9646	0.124668002129
9647	9648	0.124668002129
9648	9647	0.124668002129
9648	9649	0.124668002129
9649	9648	0.124668002129
9649	9650	0.124668002129
9650	9649	0.124668002129
9650	9651	0.124668002129
9651	9650	0.124668002129
9651	9652	0.124668002129
9652	9651	0.124668002129
9652	9653	0.124668002129
9653	9652	0.124668002129
9653	9654	0.124668002129
9654	9653	0.124668002129
9654	9655	0.124668002129
9655	9654	0.124668002129
9655	9656	0.124668002129
9656	9655	0.124668002129
9656	9657	0.124668002129
9657	9656	0.124668002129
9657	9658	0.124668002129
9658	9657	0.124668002129
9658	9659	0.124668002129
9659	9658	0.124668002129
9659	9660	0.124668002129
9660	9659	0.124668002129
9660	9661	0.124668002129
9661	9660	0.124668002129
9661	9662	0.124668002129
9662	9661	0.124668002129
9662	9663	0.124668002129
9663	9662	0.124668002129
9663	9664	0.124668002129
9664	9663	0.124668002129
9664	9665	0.124668002129
9665	9664	0.124668002129
9665	9666	0.124668002129
9666	9665	0.124668002129
9666	9667	0.124668002129
9667	9666	0.124668002129
9667	9668	0.124668002129
9668	9667	0.124668002129
9668	9669	0.124668002129
9669	9668	0.124668002129
9669	9670	0.124668002129
9670	9669	0.124668002129
9670	9671	0.124668002129
9671	9670	0.124668002129
9671	9672	0.124668002129
9672	9671	0.124668002129
9672	9673	0.124668002129
9673	9672	0.124668002129
9673	9674	0.124668002129
9674	9673	0.124668002129
9674	9675	0.124668002129
9675	9674	0.124668002129
9675	9676	0.124668002129
9676	9675	0.124668002129
9676	9677	0.124668002129
9677	9676	0.124668002129
9677	9678	0.124668002129
9678	9677	0.124668002129
9678	9679	0.124668002129
9679	9678	0.124668002129
9679	9680	0.124668002129
9680	9679	0.124668002129
9680	9681	0.124668002129
9681	9680	0.124668002129
9681	9682	0.124668002129
9682	9681	0.124668002129
9682	9683	0.108593001962
9682	9842	0.0869354978204
9683	9682	0.108593001962
9683	9684	0.108593001962
9684	9683	0.108593001962
9684	9685	0.108593001962
9685	9684	0.108593001962
9685	9686	0.108593001962
9686	9685	0.108593001962
9686	9687	0.108593001962
9687	9686	0.108593001962
9687	9688	0.108593001962
9688	9687	0.108593001962
9688	9689	0.108593001962
9689	9688	0.108593001962
9689	9690	0.108593001962
9690	9689	0.108593001962
9690	9691	0.0595535002649
9690	9717	0.102260500193
9691	9690	0.0595535002649
9691	9692	0.0595535002649
9692	9691	0.0595535002649
9692	9693	0.0595535002649
9693	9692	0.0595535002649
9693	9694	0.0595535002649
9694	9693	0.0595535002649
9694	9695	0.0595535002649
9695	9694	0.0595535002649
9695	9696	0.0595535002649
9696	9695	0.0595535002649
9696	9697	0.0595535002649
9697	9696	0.0595535002649
9697	9698	0.0595535002649
9698	9697	0.0595535002649
9698	9699	0.0595535002649
9699	9698	0.0595535002649
9699	9700	0.0595535002649
9700	9699	0.0595535002649
9700	9701	0.0595535002649
9701	9700	0.0595535002649
9701	9702	0.0595535002649
9702	9701	0.0595535002649
9702	9703	0.0595535002649
9703	9702	0.0595535002649
9703	9704	0.0595535002649
9704	9703	0.0595535002649
9704	9705	0.0595535002649
9705	9704	0.0595535002649
9705	9706	0.0595535002649
9706	9705	0.0595535002649
9706	9707	0.0595535002649
9707	9706	0.0595535002649
9707	9708	0.0595535002649
9708	9707	0.0595535002649
9708	9709	0.0595535002649
9709	9708	0.0595535002649
9709	9710	0.0595535002649
9710	9709	0.0595535002649
9710	9711	0.0595535002649
9711	9710	0.0595535002649
9711	9712	0.0595535002649
9712	9711	0.0595535002649
9712	9713	0.0595535002649
9713	9712	0.0595535002649
9713	9714	0.0595535002649
9714	9713	0.0595535002649
9714	9715	0.0595535002649
9715	9714	0.0595535002649
9715	9716	0.0595535002649
9716	9715	0.0595535002649
9717	9690	0.102260500193
9717	9718	0.102260500193
9718	9717	0.102260500193
9718	9719	0.102260500193
9719	9718	0.102260500193
9719	9720	0.102260500193
9720	9719	0.102260500193
9720	9721	0.102260500193
9721	9720	0.102260500193
9721	9722	0.102260500193
9722	9721	0.102260500193
9722	9723	0.102260500193
9723	9722	0.102260500193
9723	9724	0.102260500193
9724	9723	0.102260500193
9724	9725	0.0919220000505
9724	9807	0.0663914978504
9725	9724	0.0919220000505
9725	9726	0.0919220000505
9726	9725	0.0919220000505
9726	9727	0.0919220000505
9727	9726	0.0919220000505
9727	9728	0.0919220000505
9728	9727	0.0919220000505
9728	9729	0.0919220000505
9729	9728	0.0919220000505
9729	9730	0.0919220000505
9730	9729	0.0919220000505
9730	9731	0.0919220000505
9731	9730	0.0919220000505
9731	9732	0.0919220000505
9732	9731	0.0919220000505
9732	9733	0.0919220000505
9733	9732	0.0919220000505
9733	9734	0.0919220000505
9734	9733	0.0919220000505
9734	9735	0.0919220000505
9735	9734	0.0919220000505
9735	9736	0.0919220000505
9736	9735	0.0919220000505
9736	9737	0.0919220000505
9737	9736	0.0919220000505
9737	9738	0.0919220000505
9738	9737	0.0919220000505
9738	9739	0.0919220000505
9739	9738	0.0919220000505
9739	9740	0.0919220000505
9740	9739	0.0919220000505
9740	9741	0.0919220000505
9741	9740	0.0919220000505
9741	9742	0.0919220000505
9742	9741	0.0919220000505
9742	9743	0.0919220000505
9743	9742	0.0919220000505
9743	9744	0.0919220000505
9744	9743	0.0919220000505
9744	9745	0.0919220000505
9745	9744	0.0919220000505
9745	9746	0.0919220000505
9746	9745	0.0919220000505
9746	9747	0.0919220000505
9747	9746	0.0919220000505
9747	9748	0.0919220000505
9748	9747	0.0919220000505
9748	9749	0.0919220000505
9749	9748	0.0919220000505
9749	9750	0.0919220000505
9750	9749	0.0919220000505
9750	9751	0.0919220000505
9751	9750	0.0919220000505
9751	9752	0.0919220000505
9752	9751	0.0919220000505
9752	9753	0.0919220000505
9753	9752	0.0919220000505
9753	9754	0.0919220000505
9754	9753	0.0919220000505
9754	9755	0.0919220000505
9755	9754	0.0919220000505
9755	9756	0.0919220000505
9756	9755	0.0919220000505
9756	9757	0.0919220000505
9757	9756	0.0919220000505
9757	9758	0.0919220000505
9758	9757	0.0919220000505
9758	9759	0.0919220000505
9759	9758	0.0919220000505
9759	9760	0.0919220000505
9760	9759	0.0919220000505
9760	9761	0.0919220000505
9761	9760	0.0919220000505
9761	9762	0.0919220000505
9762	9761	0.0919220000505
9762	9763	0.0776040032506
9762	9791	0.0676319971681
9763	9762	0.0776040032506
9763	9764	0.0776040032506
9764	9763	0.0776040032506
9764	9765	0.0776040032506
9765	9764	0.0776040032506
9765	9766	0.0776040032506
9766	9765	0.0776040032506
9766	9767	0.0776040032506
9767	9766	0.0776040032506
9767	9768	0.0776040032506
9768	9767	0.0776040032506
9768	9769	0.0776040032506
9769	9768	0.0776040032506
9769	9770	0.0776040032506
9770	9769	0.0776040032506
9770	9771	0.0776040032506
9771	9770	0.0776040032506
9771	9772	0.0776040032506
9772	9771	0.0776040032506
9772	9773	0.0776040032506
9773	9772	0.0776040032506
9773	9774	0.0776040032506
9774	9773	0.0776040032506
9774	9775	0.0776040032506
9775	9774	0.0776040032506
9775	9776	0.0776040032506
9776	9775	0.0776040032506
9776	9777	0.0776040032506
9777	9776	0.0776040032506
9777	9778	0.0776040032506
9778	9777	0.0776040032506
9778	9779	0.0776040032506
9779	9778	0.0776040032506
9779	9780	0.0776040032506
9780	9779	0.0776040032506
9780	9781	0.0776040032506
9781	9780	0.0776040032506
9781	9782	0.0776040032506
9782	9781	0.0776040032506
9782	9783	0.0776040032506
9783	9782	0.0776040032506
9783	9784	0.0776040032506
9784	9783	0.0776040032506
9784	9785	0.0776040032506
9785	9784	0.0776040032506
9785	9786	0.0776040032506
9786	9785	0.0776040032506
9786	9787	0.0776040032506
9787	9786	0.0776040032506
9787	9788	0.0776040032506
9788	9787	0.0776040032506
9788	9789	0.0776040032506
9789	9788	0.0776040032506
9789	9790	0.0776040032506
9790	9789	0.0776040032506
9791	9762	0.0676319971681
9791	9792	0.0676319971681
9792	9791	0.0676319971681
9792	9793	0.0676319971681
9793	9792	0.0676319971681
9793	9794	0.0676319971681
9794	9793	0.0676319971681
9794	9795	0.0676319971681
9795	9794	0.0676319971681
9795	9796	0.0676319971681
9796	9795	0.0676319971681
9796	9797	0.0676319971681
9797	9796	0.0676319971681
9797	9798	0.0676319971681
9798	9797	0.0676319971681
9798	9799	0.0676319971681
9799	9798	0.0676319971681
9799	9800	0.0676319971681
9800	9799	0.0676319971681
9800	9801	0.0676319971681
9801	9800	0.0676319971681
9801	9802	0.0676319971681
9802	9801	0.0676319971681
9802	9803	0.0676319971681
9803	9802	0.0676319971681
9803	9804	0.0676319971681
9804	9803	0.0676319971681
9804	9805	0.0676319971681
9805	9804	0.0676319971681
9805	9806	0.0676319971681
9806	9805	0.0676319971681
9807	9724	0.0663914978504
9807	9808	0.0663914978504
9808	9807	0.0663914978504
9808	9809	0.0663914978504
9809	9808	0.0663914978504
9809	9810	0.0663914978504
9810	9809	0.0663914978504
9810	9811	0.0663914978504
9811	9810	0.0663914978504
9811	9812	0.0663914978504
9812	9811	0.0663914978504
9812	9813	0.0663914978504
9813	9812	0.0663914978504
9813	9814	0.0663914978504
9814	9813	0.0663914978504
9814	9815	0.0663914978504
9815	9814	0.0663914978504
9815	9816	0.0663914978504
9816	9815	0.0663914978504
9816	9817	0.0663914978504
9817	9816	0.0663914978504
9817	9818	0.0663914978504
9818	9817	0.0663914978504
9818	9819	0.0663914978504
9819	9818	0.0663914978504
9819	9820	0.0663914978504
9820	9819	0.0663914978504
9820	9821	0.0663914978504
9821	9820	0.0663914978504
9821	9822	0.0663914978504
9822	9821	0.0663914978504
9822	9823	0.0663914978504
9823	9822	0.0663914978504
9823	9824	0.0663914978504
9824	9823	0.0663914978504
9824	9825	0.0663914978504
9825	9824	0.0663914978504
9825	9826	0.0663914978504
9826	9825	0.0663914978504
9826	9827	0.0663914978504
9827	9826	0.0663914978504
9827	9828	0.0663914978504
9828	9827	0.0663914978504
9828	9829	0.0663914978504
9829	9828	0.0663914978504
9829	9830	0.0663914978504
9830	9829	0.0663914978504
9830	9831	0.0663914978504
9831	9830	0.0663914978504
9831	9832	0.0663914978504
9832	9831	0.0663914978504
9832	9833	0.0663914978504
9833	9832	0.0663914978504
9833	9834	0.0663914978504
9834	9833	0.0663914978504
9834	9835	0.0663914978504
9835	9834	0.0663914978504
9835	9836	0.0663914978504
9836	9835	0.0663914978504
9836	9837	0.0663914978504
9837	9836	0.0663914978504
9837	9838	0.0663914978504
9838	9837	0.0663914978504
9838	9839	0.0663914978504
9839	9838	0.0663914978504
9839	9840	0.0663914978504
9840	9839	0.0663914978504
9840	9841	0.0663914978504
9841	9840	0.0663914978504
9842	9682	0.0869354978204
9842	9843	0.0869354978204
9843	9842	0.0869354978204
9843	9844	0.0869354978204
9844	9843	0.0869354978204
9844	9845	0.0869354978204
9845	9844	0.0869354978204
9845	9846	0.0869354978204
9846	9845	0.0869354978204
9846	9847	0.0869354978204
9847	9846	0.0869354978204
9847	9848	0.0869354978204
9848	9847	0.0869354978204
9848	9849	0.0869354978204
9849	9848	0.0869354978204
9849	9850	0.0869354978204
9850	9849	0.0869354978204
9850	9851	0.0869354978204
9851	9850	0.0869354978204
9851	9852	0.0869354978204
9852	9851	0.0869354978204
9852	9853	0.0869354978204
9853	9852	0.0869354978204
9853	9854	0.0869354978204
9854	9853	0.0869354978204
9854	9855	0.0869354978204
9855	9854	0.0869354978204
9855	9856	0.0869354978204
9856	9855	0.0869354978204
9856	9857	0.0869354978204
9857	9856	0.0869354978204
9857	9858	0.0869354978204
9858	9857	0.0869354978204
9858	9859	0.0869354978204
9859	9858	0.0869354978204
9859	9860	0.0869354978204
9860	9859	0.0869354978204
9860	9861	0.0869354978204
9861	9860	0.0869354978204
9861	9862	0.0869354978204
9862	9861	0.0869354978204
9862	9863	0.0869354978204
9863	9862	0.0869354978204
9863	9864	0.0869354978204
9864	9863	0.0869354978204
9864	9865	0.0869354978204
9865	9864	0.0869354978204
9865	9866	0.0869354978204
9866	9865	0.0869354978204
9866	9867	0.078097499907
9866	9920	0.056536000222
9867	9866	0.078097499907
9867	9868	0.078097499907
9868	9867	0.078097499907
9868	9869	0.078097499907
9869	9868	0.078097499907
9869	9870	0.078097499907
9870	9869	0.078097499907
9870	9871	0.078097499907
9871	9870	0.078097499907
9871	9872	0.078097499907
9872	9871	0.078097499907
9872	9873	0.078097499907
9873	9872	0.078097499907
9873	9874	0.078097499907
9874	9873	0.078097499907
9874	9875	0.078097499907
9875	9874	0.078097499907
9875	9876	0.078097499907
9876	9875	0.078097499907
9876	9877	0.078097499907
9877	9876	0.078097499907
9877	9878	0.078097499907
9878	9877	0.078097499907
9878	9879	0.078097499907
9879	9878	0.078097499907
9879	9880	0.078097499907
9880	9879	0.078097499907
9880	9881	0.078097499907
9881	9880	0.078097499907
9881	9882	0.078097499907
9882	9881	0.078097499907
9882	9883	0.078097499907
9883	9882	0.078097499907
9883	9884	0.078097499907
9884	9883	0.078097499907
9884	9885	0.078097499907
9885	9884	0.078097499907
9885	9886	0.078097499907
9886	9885	0.078097499907
9886	9887	0.078097499907
9887	9886	0.078097499907
9887	9888	0.078097499907
9888	9887	0.078097499907
9888	9889	0.078097499907
9889	9888	0.078097499907
9889	9890	0.078097499907
9890	9889	0.078097499907
9890	9891	0.078097499907
9891	9890	0.078097499907
9891	9892	0.078097499907
9892	9891	0.078097499907
9892	9893	0.078097499907
9893	9892	0.078097499907
9893	9894	0.078097499907
9894	9893	0.078097499907
9894	9895	0.078097499907
9895	9894	0.078097499907
9895	9896	0.078097499907
9896	9895	0.078097499907
9896	9897	0.078097499907
9897	9896	0.078097499907
9897	9898	0.078097499907
9898	9897	0.078097499907
9898	9899	0.078097499907
9899	9898	0.078097499907
9899	9900	0.078097499907
9900	9899	0.078097499907
9900	9901	0.078097499907
9901	9900	0.078097499907
9901	9902	0.078097499907
9902	9901	0.078097499907
9902	9903	0.078097499907
9903	9902	0.078097499907
9903	9904	0.078097499907
9904	9903	0.078097499907
9904	9905	0.078097499907
9905	9904	0.078097499907
9905	9906	0.078097499907
9906	9905	0.078097499907
9906	9907	0.078097499907
9907	9906	0.078097499907
9907	9908	0.078097499907
9908	9907	0.078097499907
9908	9909	0.078097499907
9909	9908	0.078097499907
9909	9910	0.078097499907
9910	9909	0.078097499907
9910	9911	0.078097499907
9911	9910	0.078097499907
9911	9912	0.078097499907
9912	9911	0.078097499907
9912	9913	0.078097499907
9913	9912	0.078097499907
9913	9914	0.078097499907
9914	9913	0.078097499907
9914	9915	0.078097499907
9915	9914	0.078097499907
9915	9916	0.078097499907
9916	9915	0.078097499907
9916	9917	0.078097499907
9917	9916	0.078097499907
9917	9918	0.078097499907
9918	9917	0.078097499907
9918	9919	0.078097499907
9919	9918	0.078097499907
9920	9866	0.056536000222
9920	9921	0.056536000222
9921	9920	0.056536000222
9921	9922	0.056536000222
9922	9921	0.056536000222
9922	9923	0.056536000222
9923	9922	0.056536000222
9923	9924	0.056536000222
9924	9923	0.056536000222
9924	9925	0.056536000222
9925	9924	0.056536000222
9925	9926	0.056536000222
9926	9925	0.056536000222
9926	9927	0.056536000222
9927	9926	0.056536000222
9927	9928	0.056536000222
9928	9927	0.056536000222
9928	9929	0.056536000222
9929	9928	0.056536000222
9929	9930	0.056536000222
9930	9929	0.056536000222
9930	9931	0.056536000222
9931	9930	0.056536000222
9931	9932	0.056536000222
9932	9931	0.056536000222
9932	9933	0.056536000222
9933	9932	0.056536000222
9934	9103	0.132645994425
9934	9935	0.132645994425
9935	9934	0.132645994425
9935	9936	0.132645994425
9936	9935	0.132645994425
9936	9937	0.132645994425
9937	9936	0.132645994425
9937	9938	0.132645994425
9938	9937	0.132645994425
9938	9939	0.132645994425
9939	9938	0.132645994425
9939	9940	0.130197495222
9939	10394	0.0502484999597
9940	9939	0.130197495222
9940	9941	0.130197495222
9941	9940	0.130197495222
9941	9942	0.130197495222
9942	9941	0.130197495222
9942	9943	0.130197495222
9943	9942	0.130197495222
9943	9944	0.130197495222
9944	9943	0.130197495222
9944	9945	0.130197495222
9945	9944	0.130197495222
9945	9946	0.124592497945
9945	10338	0.0648669973016
9946	9945	0.124592497945
9946	9947	0.124592497945
9947	9946	0.124592497945
9947	9948	0.124592497945
9948	9947	0.124592497945
9948	9949	0.124592497945
9949	9948	0.124592497945
9949	9950	0.124592497945
9950	9949	0.124592497945
9950	9951	0.124592497945
9951	9950	0.124592497945
9951	9952	0.124592497945
9952	9951	0.124592497945
9952	9953	0.124592497945
9953	9952	0.124592497945
9953	9954	0.124592497945
9954	9953	0.124592497945
9954	9955	0.124592497945
9955	9954	0.124592497945
9955	9956	0.124592497945
9956	9955	0.124592497945
9956	9957	0.124592497945
9957	9956	0.124592497945
9957	9958	0.120013996959
9957	10283	0.0590094998479
9958	9957	0.120013996959
9958	9959	0.120013996959
9959	9958	0.120013996959
9959	9960	0.120013996959
9960	9959	0.120013996959
9960	9961	0.120013996959
9961	9960	0.120013996959
9961	9962	0.120013996959
9962	9961	0.120013996959
9962	9963	0.120013996959
9963	9962	0.120013996959
9963	9964	0.120013996959
9964	9963	0.120013996959
9964	9965	0.120013996959
9965	9964	0.120013996959
9965	9966	0.120013996959
9966	9965	0.120013996959
9966	9967	0.120013996959
9967	9966	0.120013996959
9967	9968	0.120013996959
9968	9967	0.120013996959
9968	9969	0.120013996959
9969	9968	0.120013996959
9969	9970	0.120013996959
9970	9969	0.120013996959
9970	9971	0.120013996959
9971	9970	0.120013996959
9971	9972	0.120013996959
9972	9971	0.120013996959
9972	9973	0.120013996959
9973	9972	0.120013996959
9973	9974	0.120013996959
9974	9973	0.120013996959
9974	9975	0.111408002675
9974	10208	0.0701930001378
9975	9974	0.111408002675
9975	9976	0.111408002675
9976	9975	0.111408002675
9976	9977	0.111408002675
9977	9976	0.111408002675
9977	9978	0.111408002675
9978	9977	0.111408002675
9978	9979	0.111408002675
9979	9978	0.111408002675
9979	9980	0.111408002675
9980	9979	0.111408002675
9980	9981	0.111408002675
9981	9980	0.111408002675
9981	9982	0.111408002675
9982	9981	0.111408002675
9982	9983	0.111408002675
9983	9982	0.111408002675
9983	9984	0.111408002675
9984	9983	0.111408002675
9984	9985	0.111408002675
9985	9984	0.111408002675
9985	9986	0.111408002675
9986	9985	0.111408002675
9986	9987	0.111408002675
9987	9986	0.111408002675
9987	9988	0.111408002675
9988	9987	0.111408002675
9988	9989	0.111408002675
9989	9988	0.111408002675
9989	9990	0.111408002675
9990	9989	0.111408002675
9990	9991	0.109072498977
9990	10196	0.0439925007522
9991	9990	0.109072498977
9991	9992	0.109072498977
9992	9991	0.109072498977
9992	9993	0.109072498977
9993	9992	0.109072498977
9993	9994	0.109072498977
9994	9993	0.109072498977
9994	9995	0.109072498977
9995	9994	0.109072498977
9995	9996	0.109072498977
9996	9995	0.109072498977
9996	9997	0.109072498977
9997	9996	0.109072498977
9997	9998	0.109072498977
9998	9997	0.109072498977
9998	9999	0.109072498977
9999	9998	0.109072498977
9999	10000	0.109072498977
10000	9999	0.109072498977
10000	10001	0.109072498977
10001	10000	0.109072498977
10001	10002	0.109072498977
10002	10001	0.109072498977
10002	10003	0.109072498977
10003	10002	0.109072498977
10003	10004	0.109072498977
10004	10003	0.109072498977
10004	10005	0.109072498977
10005	10004	0.109072498977
10005	10006	0.109072498977
10006	10005	0.109072498977
10006	10007	0.109072498977
10007	10006	0.109072498977
10007	10008	0.109072498977
10008	10007	0.109072498977
10008	10009	0.109072498977
10009	10008	0.109072498977
10009	10010	0.0917764976621
10009	10124	0.0806505009532
10010	10009	0.0917764976621
10010	10011	0.0917764976621
10011	10010	0.0917764976621
10011	10012	0.0917764976621
10012	10011	0.0917764976621
10012	10013	0.0917764976621
10013	10012	0.0917764976621
10013	10014	0.0917764976621
10014	10013	0.0917764976621
10014	10015	0.0917764976621
10015	10014	0.0917764976621
10015	10016	0.0917764976621
10016	10015	0.0917764976621
10016	10017	0.0885175019503
10016	10117	0.0429899990559
10017	10016	0.0885175019503
10017	10018	0.0885175019503
10018	10017	0.0885175019503
10018	10019	0.0885175019503
10019	10018	0.0885175019503
10019	10020	0.0885175019503
10020	10019	0.0885175019503
10020	10021	0.0885175019503
10021	10020	0.0885175019503
10021	10022	0.0885175019503
10022	10021	0.0885175019503
10022	10023	0.0885175019503
10023	10022	0.0885175019503
10023	10024	0.0885175019503
10024	10023	0.0885175019503
10024	10025	0.0885175019503
10025	10024	0.0885175019503
10025	10026	0.0885175019503
10026	10025	0.0885175019503
10026	10027	0.0885175019503
10027	10026	0.0885175019503
10027	10028	0.0885175019503
10028	10027	0.0885175019503
10028	10029	0.0885175019503
10029	10028	0.0885175019503
10029	10030	0.0885175019503
10030	10029	0.0885175019503
10030	10031	0.0885175019503
10031	10030	0.0885175019503
10031	10032	0.0885175019503
10032	10031	0.0885175019503
10032	10033	0.0885175019503
10033	10032	0.0885175019503
10033	10034	0.0885175019503
10034	10033	0.0885175019503
10034	10035	0.0885175019503
10035	10034	0.0885175019503
10035	10036	0.0885175019503
10036	10035	0.0885175019503
10036	10037	0.0885175019503
10037	10036	0.0885175019503
10037	10038	0.0885175019503
10038	10037	0.0885175019503
10038	10039	0.0885175019503
10039	10038	0.0885175019503
10039	10040	0.05885649845
10039	10058	0.0788204967976
10040	10039	0.05885649845
10040	10041	0.05885649845
10041	10040	0.05885649845
10041	10042	0.05885649845
10042	10041	0.05885649845
10042	10043	0.05885649845
10043	10042	0.05885649845
10043	10044	0.05885649845
10044	10043	0.05885649845
10044	10045	0.05885649845
10045	10044	0.05885649845
10045	10046	0.05885649845
10046	10045	0.05885649845
10046	10047	0.05885649845
10047	10046	0.05885649845
10047	10048	0.05885649845
10048	10047	0.05885649845
10048	10049	0.05885649845
10049	10048	0.05885649845
10049	10050	0.05885649845
10050	10049	0.05885649845
10050	10051	0.05885649845
10051	10050	0.05885649845
10051	10052	0.05885649845
10052	10051	0.05885649845
10052	10053	0.05885649845
10053	10052	0.05885649845
10053	10054	0.05885649845
10054	10053	0.05885649845
10054	10055	0.05885649845
10055	10054	0.05885649845
10055	10056	0.05885649845
10056	10055	0.05885649845
10056	10057	0.05885649845
10057	10056	0.05885649845
10058	10039	0.0788204967976
10058	10059	0.0788204967976
10059	10058	0.0788204967976
10059	10060	0.0788204967976
10060	10059	0.0788204967976
10060	10061	0.0788204967976
10061	10060	0.0788204967976
10061	10062	0.0788204967976
10062	10061	0.0788204967976
10062	10063	0.0788204967976
10063	10062	0.0788204967976
10063	10064	0.0788204967976
10064	10063	0.0788204967976
10064	10065	0.0788204967976
10065	10064	0.0788204967976
10065	10066	0.0788204967976
10066	10065	0.0788204967976
10066	10067	0.0788204967976
10067	10066	0.0788204967976
10067	10068	0.0788204967976
10068	10067	0.0788204967976
10068	10069	0.0788204967976
10069	10068	0.0788204967976
10069	10070	0.0788204967976
10070	10069	0.0788204967976
10070	10071	0.0788204967976
10071	10070	0.0788204967976
10071	10072	0.0788204967976
10072	10071	0.0788204967976
10072	10073	0.0788204967976
10073	10072	0.0788204967976
10073	10074	0.0788204967976
10074	10073	0.0788204967976
10074	10075	0.0788204967976
10075	10074	0.0788204967976
10075	10076	0.0788204967976
10076	10075	0.0788204967976
10076	10077	0.0788204967976
10077	10076	0.0788204967976
10077	10078	0.0788204967976
10078	10077	0.0788204967976
10078	10079	0.0788204967976
10079	10078	0.0788204967976
10079	10080	0.0788204967976
10080	10079	0.0788204967976
10080	10081	0.0788204967976
10081	10080	0.0788204967976
10081	10082	0.0788204967976
10082	10081	0.0788204967976
10082	10083	0.0788204967976
10083	10082	0.0788204967976
10083	10084	0.0788204967976
10084	10083	0.0788204967976
10084	10085	0.0788204967976
10085	10084	0.0788204967976
10085	10086	0.0788204967976
10086	10085	0.0788204967976
10086	10087	0.0788204967976
10087	10086	0.0788204967976
10087	10088	0.0788204967976
10088	10087	0.0788204967976
10088	10089	0.0788204967976
10089	10088	0.0788204967976
10089	10090	0.0788204967976
10090	10089	0.0788204967976
10090	10091	0.0788204967976
10091	10090	0.0788204967976
10091	10092	0.0788204967976
10092	10091	0.0788204967976
10092	10093	0.0788204967976
10093	10092	0.0788204967976
10093	10094	0.0788204967976
10094	10093	0.0788204967976
10094	10095	0.0788204967976
10095	10094	0.0788204967976
10095	10096	0.0788204967976
10096	10095	0.0788204967976
10096	10097	0.0788204967976
10097	10096	0.0788204967976
10097	10098	0.0788204967976
10098	10097	0.0788204967976
10098	10099	0.0788204967976
10099	10098	0.0788204967976
10099	10100	0.0788204967976
10100	10099	0.0788204967976
10100	10101	0.0788204967976
10101	10100	0.0788204967976
10101	10102	0.0788204967976
10102	10101	0.0788204967976
10102	10103	0.0788204967976
10103	10102	0.0788204967976
10103	10104	0.0788204967976
10104	10103	0.0788204967976
10104	10105	0.0788204967976
10105	10104	0.0788204967976
10105	10106	0.0788204967976
10106	10105	0.0788204967976
10106	10107	0.0788204967976
10107	10106	0.0788204967976
10107	10108	0.0788204967976
10108	10107	0.0788204967976
10108	10109	0.0788204967976
10109	10108	0.0788204967976
10109	10110	0.0788204967976
10110	10109	0.0788204967976
10110	10111	0.0788204967976
10111	10110	0.0788204967976
10111	10112	0.0788204967976
10112	10111	0.0788204967976
10112	10113	0.0788204967976
10113	10112	0.0788204967976
10113	10114	0.0788204967976
10114	10113	0.0788204967976
10114	10115	0.0788204967976
10115	10114	0.0788204967976
10115	10116	0.0788204967976
10116	10115	0.0788204967976
10117	10016	0.0429899990559
10117	10118	0.0429899990559
10118	10117	0.0429899990559
10118	10119	0.0429899990559
10119	10118	0.0429899990559
10119	10120	0.0429899990559
10120	10119	0.0429899990559
10120	10121	0.0429899990559
10121	10120	0.0429899990559
10121	10122	0.0429899990559
10122	10121	0.0429899990559
10122	10123	0.0429899990559
10123	10122	0.0429899990559
10124	10009	0.0806505009532
10124	10125	0.0806505009532
10125	10124	0.0806505009532
10125	10126	0.0806505009532
10126	10125	0.0806505009532
10126	10127	0.0806505009532
10127	10126	0.0806505009532
10127	10128	0.0806505009532
10128	10127	0.0806505009532
10128	10129	0.0806505009532
10129	10128	0.0806505009532
10129	10130	0.0806505009532
10130	10129	0.0806505009532
10130	10131	0.0806505009532
10131	10130	0.0806505009532
10131	10132	0.0806505009532
10132	10131	0.0806505009532
10132	10133	0.0806505009532
10133	10132	0.0806505009532
10133	10134	0.0806505009532
10134	10133	0.0806505009532
10134	10135	0.0806505009532
10135	10134	0.0806505009532
10135	10136	0.0806505009532
10136	10135	0.0806505009532
10136	10137	0.0806505009532
10137	10136	0.0806505009532
10137	10138	0.0806505009532
10138	10137	0.0806505009532
10138	10139	0.0806505009532
10139	10138	0.0806505009532
10139	10140	0.0806505009532
10140	10139	0.0806505009532
10140	10141	0.0806505009532
10141	10140	0.0806505009532
10141	10142	0.0806505009532
10142	10141	0.0806505009532
10142	10143	0.0806505009532
10143	10142	0.0806505009532
10143	10144	0.0806505009532
10144	10143	0.0806505009532
10144	10145	0.0806505009532
10145	10144	0.0806505009532
10145	10146	0.0806505009532
10146	10145	0.0806505009532
10146	10147	0.0806505009532
10147	10146	0.0806505009532
10147	10148	0.0806505009532
10148	10147	0.0806505009532
10148	10149	0.0806505009532
10149	10148	0.0806505009532
10149	10150	0.0806505009532
10150	10149	0.0806505009532
10150	10151	0.0531210005283
10150	10161	0.0720930024981
10151	10150	0.0531210005283
10151	10152	0.0531210005283
10152	10151	0.0531210005283
10152	10153	0.0531210005283
10153	10152	0.0531210005283
10153	10154	0.0531210005283
10154	10153	0.0531210005283
10154	10155	0.0531210005283
10155	10154	0.0531210005283
10155	10156	0.0531210005283
10156	10155	0.0531210005283
10156	10157	0.0531210005283
10157	10156	0.0531210005283
10157	10158	0.0531210005283
10158	10157	0.0531210005283
10158	10159	0.0531210005283
10159	10158	0.0531210005283
10159	10160	0.0531210005283
10160	10159	0.0531210005283
10161	10150	0.0720930024981
10161	10162	0.0720930024981
10162	10161	0.0720930024981
10162	10163	0.0720930024981
10163	10162	0.0720930024981
10163	10164	0.0720930024981
10164	10163	0.0720930024981
10164	10165	0.0720930024981
10165	10164	0.0720930024981
10165	10166	0.0720930024981
10166	10165	0.0720930024981
10166	10167	0.0720930024981
10167	10166	0.0720930024981
10167	10168	0.0720930024981
10168	10167	0.0720930024981
10168	10169	0.0720930024981
10169	10168	0.0720930024981
10169	10170	0.0720930024981
10170	10169	0.0720930024981
10170	10171	0.0720930024981
10171	10170	0.0720930024981
10171	10172	0.0720930024981
10172	10171	0.0720930024981
10172	10173	0.0720930024981
10173	10172	0.0720930024981
10173	10174	0.0720930024981
10174	10173	0.0720930024981
10174	10175	0.0720930024981
10175	10174	0.0720930024981
10175	10176	0.0720930024981
10176	10175	0.0720930024981
10176	10177	0.0720930024981
10177	10176	0.0720930024981
10177	10178	0.0720930024981
10178	10177	0.0720930024981
10178	10179	0.0720930024981
10179	10178	0.0720930024981
10179	10180	0.0720930024981
10180	10179	0.0720930024981
10180	10181	0.0720930024981
10181	10180	0.0720930024981
10181	10182	0.0720930024981
10182	10181	0.0720930024981
10182	10183	0.0720930024981
10183	10182	0.0720930024981
10183	10184	0.0720930024981
10184	10183	0.0720930024981
10184	10185	0.0720930024981
10185	10184	0.0720930024981
10185	10186	0.0720930024981
10186	10185	0.0720930024981
10186	10187	0.0720930024981
10187	10186	0.0720930024981
10187	10188	0.0720930024981
10188	10187	0.0720930024981
10188	10189	0.0720930024981
10189	10188	0.0720930024981
10189	10190	0.0720930024981
10190	10189	0.0720930024981
10190	10191	0.0720930024981
10191	10190	0.0720930024981
10191	10192	0.0720930024981
10192	10191	0.0720930024981
10192	10193	0.0720930024981
10193	10192	0.0720930024981
10193	10194	0.0720930024981
10194	10193	0.0720930024981
10194	10195	0.0720930024981
10195	10194	0.0720930024981
10196	9990	0.0439925007522
10196	10197	0.0439925007522
10197	10196	0.0439925007522
10197	10198	0.0439925007522
10198	10197	0.0439925007522
10198	10199	0.0439925007522
10199	10198	0.0439925007522
10199	10200	0.0439925007522
10200	10199	0.0439925007522
10200	10201	0.0439925007522
10201	10200	0.0439925007522
10201	10202	0.0439925007522
10202	10201	0.0439925007522
10202	10203	0.0439925007522
10203	10202	0.0439925007522
10203	10204	0.0439925007522
10204	10203	0.0439925007522
10204	10205	0.0439925007522
10205	10204	0.0439925007522
10205	10206	0.0439925007522
10206	10205	0.0439925007522
10206	10207	0.0439925007522
10207	10206	0.0439925007522
10208	9974	0.0701930001378
10208	10209	0.0701930001378
10209	10208	0.0701930001378
10209	10210	0.0701930001378
10210	10209	0.0701930001378
10210	10211	0.0701930001378
10211	10210	0.0701930001378
10211	10212	0.0701930001378
10212	10211	0.0701930001378
10212	10213	0.0701930001378
10213	10212	0.0701930001378
10213	10214	0.0701930001378
10214	10213	0.0701930001378
10214	10215	0.0701930001378
10215	10214	0.0701930001378
10215	10216	0.0701930001378
10216	10215	0.0701930001378
10216	10217	0.0660120025277
10216	10276	0.0387509986758
10217	10216	0.0660120025277
10217	10218	0.0660120025277
10218	10217	0.0660120025277
10218	10219	0.0660120025277
10219	10218	0.0660120025277
10219	10220	0.0660120025277
10220	10219	0.0660120025277
10220	10221	0.0660120025277
10221	10220	0.0660120025277
10221	10222	0.0660120025277
10222	10221	0.0660120025277
10222	10223	0.0660120025277
10223	10222	0.0660120025277
10223	10224	0.0660120025277
10224	10223	0.0660120025277
10224	10225	0.0660120025277
10225	10224	0.0660120025277
10225	10226	0.0660120025277
10226	10225	0.0660120025277
10226	10227	0.0660120025277
10227	10226	0.0660120025277
10227	10228	0.0660120025277
10228	10227	0.0660120025277
10228	10229	0.0660120025277
10229	10228	0.0660120025277
10229	10230	0.0660120025277
10230	10229	0.0660120025277
10230	10231	0.0660120025277
10231	10230	0.0660120025277
10231	10232	0.0660120025277
10232	10231	0.0660120025277
10232	10233	0.0660120025277
10233	10232	0.0660120025277
10233	10234	0.0660120025277
10234	10233	0.0660120025277
10234	10235	0.0660120025277
10235	10234	0.0660120025277
10235	10236	0.0660120025277
10236	10235	0.0660120025277
10236	10237	0.0660120025277
10237	10236	0.0660120025277
10237	10238	0.0660120025277
10238	10237	0.0660120025277
10238	10239	0.0660120025277
10239	10238	0.0660120025277
10239	10240	0.0660120025277
10240	10239	0.0660120025277
10240	10241	0.0660120025277
10241	10240	0.0660120025277
10241	10242	0.0660120025277
10242	10241	0.0660120025277
10242	10243	0.0660120025277
10243	10242	0.0660120025277
10243	10244	0.0660120025277
10244	10243	0.0660120025277
10244	10245	0.0660120025277
10245	10244	0.0660120025277
10245	10246	0.0660120025277
10246	10245	0.0660120025277
10246	10247	0.0660120025277
10247	10246	0.0660120025277
10247	10248	0.0660120025277
10248	10247	0.0660120025277
10248	10249	0.0660120025277
10249	10248	0.0660120025277
10249	10250	0.0660120025277
10250	10249	0.0660120025277
10250	10251	0.0660120025277
10251	10250	0.0660120025277
10251	10252	0.0660120025277
10252	10251	0.0660120025277
10252	10253	0.0660120025277
10253	10252	0.0660120025277
10253	10254	0.0660120025277
10254	10253	0.0660120025277
10254	10255	0.0660120025277
10255	10254	0.0660120025277
10255	10256	0.0660120025277
10256	10255	0.0660120025277
10256	10257	0.0660120025277
10257	10256	0.0660120025277
10257	10258	0.0660120025277
10258	10257	0.0660120025277
10258	10259	0.0660120025277
10259	10258	0.0660120025277
10259	10260	0.0660120025277
10260	10259	0.0660120025277
10260	10261	0.0660120025277
10261	10260	0.0660120025277
10261	10262	0.0660120025277
10262	10261	0.0660120025277
10262	10263	0.0660120025277
10263	10262	0.0660120025277
10263	10264	0.0660120025277
10264	10263	0.0660120025277
10264	10265	0.0660120025277
10265	10264	0.0660120025277
10265	10266	0.0660120025277
10266	10265	0.0660120025277
10266	10267	0.0660120025277
10267	10266	0.0660120025277
10267	10268	0.0660120025277
10268	10267	0.0660120025277
10268	10269	0.0660120025277
10269	10268	0.0660120025277
10269	10270	0.0660120025277
10270	10269	0.0660120025277
10270	10271	0.0660120025277
10271	10270	0.0660120025277
10271	10272	0.0660120025277
10272	10271	0.0660120025277
10272	10273	0.0660120025277
10273	10272	0.0660120025277
10273	10274	0.0660120025277
10274	10273	0.0660120025277
10274	10275	0.0660120025277
10275	10274	0.0660120025277
10276	10216	0.0387509986758
10276	10277	0.0387509986758
10277	10276	0.0387509986758
10277	10278	0.0387509986758
10278	10277	0.0387509986758
10278	10279	0.0387509986758
10279	10278	0.0387509986758
10279	10280	0.0387509986758
10280	10279	0.0387509986758
10280	10281	0.0387509986758
10281	10280	0.0387509986758
10281	10282	0.0387509986758
10282	10281	0.0387509986758
10283	9957	0.0590094998479
10283	10284	0.0590094998479
10284	10283	0.0590094998479
10284	10285	0.0590094998479
10285	10284	0.0590094998479
10285	10286	0.0590094998479
10286	10285	0.0590094998479
10286	10287	0.0590094998479
10287	10286	0.0590094998479
10287	10288	0.0590094998479
10288	10287	0.0590094998479
10288	10289	0.0590094998479
10289	10288	0.0590094998479
10289	10290	0.0590094998479
10290	10289	0.0590094998479
10290	10291	0.0590094998479
10291	10290	0.0590094998479
10291	10292	0.0590094998479
10292	10291	0.0590094998479
10292	10293	0.0590094998479
10293	10292	0.0590094998479
10293	10294	0.0590094998479
10294	10293	0.0590094998479
10294	10295	0.0590094998479
10295	10294	0.0590094998479
10295	10296	0.0590094998479
10296	10295	0.0590094998479
10296	10297	0.0590094998479
10297	10296	0.0590094998479
10297	10298	0.0590094998479
10298	10297	0.0590094998479
10298	10299	0.0590094998479
10299	10298	0.0590094998479
10299	10300	0.0590094998479
10300	10299	0.0590094998479
10300	10301	0.0590094998479
10301	10300	0.0590094998479
10301	10302	0.0590094998479
10302	10301	0.0590094998479
10302	10303	0.0590094998479
10303	10302	0.0590094998479
10303	10304	0.0590094998479
10304	10303	0.0590094998479
10304	10305	0.0590094998479
10305	10304	0.0590094998479
10305	10306	0.0590094998479
10306	10305	0.0590094998479
10306	10307	0.0590094998479
10307	10306	0.0590094998479
10307	10308	0.0590094998479
10308	10307	0.0590094998479
10308	10309	0.0590094998479
10309	10308	0.0590094998479
10309	10310	0.0590094998479
10310	10309	0.0590094998479
10310	10311	0.0590094998479
10311	10310	0.0590094998479
10311	10312	0.0590094998479
10312	10311	0.0590094998479
10312	10313	0.0590094998479
10313	10312	0.0590094998479
10313	10314	0.0590094998479
10314	10313	0.0590094998479
10314	10315	0.0590094998479
10315	10314	0.0590094998479
10315	10316	0.0590094998479
10316	10315	0.0590094998479
10316	10317	0.0590094998479
10317	10316	0.0590094998479
10317	10318	0.0590094998479
10318	10317	0.0590094998479
10318	10319	0.0590094998479
10319	10318	0.0590094998479
10319	10320	0.0590094998479
10320	10319	0.0590094998479
10320	10321	0.0590094998479
10321	10320	0.0590094998479
10321	10322	0.0590094998479
10322	10321	0.0590094998479
10322	10323	0.0590094998479
10323	10322	0.0590094998479
10323	10324	0.0590094998479
10324	10323	0.0590094998479
10324	10325	0.0590094998479
10325	10324	0.0590094998479
10325	10326	0.0590094998479
10326	10325	0.0590094998479
10326	10327	0.0590094998479
10327	10326	0.0590094998479
10327	10328	0.0590094998479
10328	10327	0.0590094998479
10328	10329	0.0590094998479
10329	10328	0.0590094998479
10329	10330	0.0590094998479
10330	10329	0.0590094998479
10330	10331	0.0590094998479
10331	10330	0.0590094998479
10331	10332	0.0590094998479
10332	10331	0.0590094998479
10332	10333	0.0590094998479
10333	10332	0.0590094998479
10333	10334	0.0590094998479
10334	10333	0.0590094998479
10334	10335	0.0590094998479
10335	10334	0.0590094998479
10335	10336	0.0590094998479
10336	10335	0.0590094998479
10336	10337	0.0590094998479
10337	10336	0.0590094998479
10338	9945	0.0648669973016
10338	10339	0.0648669973016
10339	10338	0.0648669973016
10339	10340	0.0648669973016
10340	10339	0.0648669973016
10340	10341	0.0648669973016
10341	10340	0.0648669973016
10341	10342	0.0648669973016
10342	10341	0.0648669973016
10342	10343	0.0648669973016
10343	10342	0.0648669973016
10343	10344	0.0648669973016
10344	10343	0.0648669973016
10344	10345	0.0648669973016
10345	10344	0.0648669973016
10345	10346	0.0648669973016
10346	10345	0.0648669973016
10346	10347	0.0648669973016
10347	10346	0.0648669973016
10347	10348	0.0648669973016
10348	10347	0.0648669973016
10348	10349	0.0648669973016
10349	10348	0.0648669973016
10349	10350	0.0648669973016
10350	10349	0.0648669973016
10350	10351	0.0648669973016
10351	10350	0.0648669973016
10351	10352	0.0648669973016
10352	10351	0.0648669973016
10352	10353	0.0648669973016
10353	10352	0.0648669973016
10353	10354	0.0648669973016
10354	10353	0.0648669973016
10354	10355	0.0648669973016
10355	10354	0.0648669973016
10355	10356	0.0648669973016
10356	10355	0.0648669973016
10356	10357	0.0648669973016
10357	10356	0.0648669973016
10357	10358	0.0648669973016
10358	10357	0.0648669973016
10358	10359	0.0648669973016
10359	10358	0.0648669973016
10359	10360	0.0648669973016
10360	10359	0.0648669973016
10360	10361	0.0559859983623
10360	10384	0.046020001173
10361	10360	0.0559859983623
10361	10362	0.0559859983623
10362	10361	0.0559859983623
10362	10363	0.0559859983623
10363	10362	0.0559859983623
10363	10364	0.0559859983623
10364	10363	0.0559859983623
10364	10365	0.0559859983623
10365	10364	0.0559859983623
10365	10366	0.0559859983623
10366	10365	0.0559859983623
10366	10367	0.0559859983623
10367	10366	0.0559859983623
10367	10368	0.0559859983623
10368	10367	0.0559859983623
10368	10369	0.0559859983623
10369	10368	0.0559859983623
10369	10370	0.0559859983623
10370	10369	0.0559859983623
10370	10371	0.0559859983623
10371	10370	0.0559859983623
10371	10372	0.0559859983623
10372	10371	0.0559859983623
10372	10373	0.0559859983623
10373	10372	0.0559859983623
10373	10374	0.0559859983623
10374	10373	0.0559859983623
10374	10375	0.0559859983623
10375	10374	0.0559859983623
10375	10376	0.0559859983623
10376	10375	0.0559859983623
10376	10377	0.0559859983623
10377	10376	0.0559859983623
10377	10378	0.0559859983623
10378	10377	0.0559859983623
10378	10379	0.0559859983623
10379	10378	0.0559859983623
10379	10380	0.0559859983623
10380	10379	0.0559859983623
10380	10381	0.0559859983623
10381	10380	0.0559859983623
10381	10382	0.0559859983623
10382	10381	0.0559859983623
10382	10383	0.0559859983623
10383	10382	0.0559859983623
10384	10360	0.046020001173
10384	10385	0.046020001173
10385	10384	0.046020001173
10385	10386	0.046020001173
10386	10385	0.046020001173
10386	10387	0.046020001173
10387	10386	0.046020001173
10387	10388	0.046020001173
10388	10387	0.046020001173
10388	10389	0.046020001173
10389	10388	0.046020001173
10389	10390	0.046020001173
10390	10389	0.046020001173
10390	10391	0.046020001173
10391	10390	0.046020001173
10391	10392	0.046020001173
10392	10391	0.046020001173
10392	10393	0.046020001173
10393	10392	0.046020001173
10394	9939	0.0502484999597
10394	10395	0.0502484999597
10395	10394	0.0502484999597
10395	10396	0.0502484999597
10396	10395	0.0502484999597
10396	10397	0.0502484999597
10397	10396	0.0502484999597
10397	10398	0.0502484999597
10398	10397	0.0502484999597
10398	10399	0.0502484999597
10399	10398	0.0502484999597
10399	10400	0.0502484999597
10400	10399	0.0502484999597
10400	10401	0.0502484999597
10401	10400	0.0502484999597
10401	10402	0.0502484999597
10402	10401	0.0502484999597
10402	10403	0.0502484999597
10403	10402	0.0502484999597
10403	10404	0.0502484999597
10404	10403	0.0502484999597
10404	10405	0.0502484999597
10405	10404	0.0502484999597
10405	10406	0.0502484999597
10406	10405	0.0502484999597
10406	10407	0.0502484999597
10407	10406	0.0502484999597
10407	10408	0.0502484999597
10408	10407	0.0502484999597
10408	10409	0.0502484999597
10409	10408	0.0502484999597
10409	10410	0.0502484999597
10410	10409	0.0502484999597
10410	10411	0.0502484999597
10411	10410	0.0502484999597
10411	10412	0.0502484999597
10412	10411	0.0502484999597
10412	10413	0.0502484999597
10413	10412	0.0502484999597
10413	10414	0.0502484999597
10414	10413	0.0502484999597
10414	10415	0.0502484999597
10415	10414	0.0502484999597
10415	10416	0.0502484999597
10416	10415	0.0502484999597
10416	10417	0.0502484999597
10417	10416	0.0502484999597
10417	10418	0.0502484999597
10418	10417	0.0502484999597
10418	10419	0.0502484999597
10419	10418	0.0502484999597
10419	10420	0.0502484999597
10420	10419	0.0502484999597
10420	10421	0.0502484999597
10421	10420	0.0502484999597
10421	10422	0.0502484999597
10422	10421	0.0502484999597
10422	10423	0.0502484999597
10423	10422	0.0502484999597
10423	10424	0.0502484999597
10424	10423	0.0502484999597
10424	10425	0.0502484999597
10425	10424	0.0502484999597
10425	10426	0.0502484999597
10426	10425	0.0502484999597
10426	10427	0.0502484999597
10427	10426	0.0502484999597
10428	9035	0.188869997859
10428	10429	0.188869997859
10429	10428	0.188869997859
10429	10430	0.188869997859
10430	10429	0.188869997859
10430	10431	0.188869997859
10431	10430	0.188869997859
10431	10432	0.188869997859
10432	10431	0.188869997859
10432	10433	0.188869997859
10433	10432	0.188869997859
10433	10434	0.188869997859
10434	10433	0.188869997859
10434	10435	0.188869997859
10435	10434	0.188869997859
10435	10436	0.188869997859
10436	10435	0.188869997859
10436	10437	0.188869997859
10437	10436	0.188869997859
10437	10438	0.188869997859
10438	10437	0.188869997859
10438	10439	0.188869997859
10439	10438	0.188869997859
10439	10440	0.188869997859
10440	10439	0.188869997859
10440	10441	0.188869997859
10441	10440	0.188869997859
10441	10442	0.188869997859
10442	10441	0.188869997859
10442	10443	0.188869997859
10443	10442	0.188869997859
10443	10444	0.188869997859
10444	10443	0.188869997859
10444	10445	0.187955006957
10444	11769	0.0460230000317
10445	10444	0.187955006957
10445	10446	0.187955006957
10446	10445	0.187955006957
10446	10447	0.187955006957
10447	10446	0.187955006957
10447	10448	0.187955006957
10448	10447	0.187955006957
10448	10449	0.187955006957
10449	10448	0.187955006957
10449	10450	0.187955006957
10450	10449	0.187955006957
10450	10451	0.187955006957
10451	10450	0.187955006957
10451	10452	0.187955006957
10452	10451	0.187955006957
10452	10453	0.187955006957
10453	10452	0.187955006957
10453	10454	0.187955006957
10454	10453	0.187955006957
10454	10455	0.187955006957
10455	10454	0.187955006957
10455	10456	0.187955006957
10456	10455	0.187955006957
10456	10457	0.187955006957
10457	10456	0.187955006957
10457	10458	0.187955006957
10458	10457	0.187955006957
10458	10459	0.187955006957
10459	10458	0.187955006957
10459	10460	0.187955006957
10460	10459	0.187955006957
10460	10461	0.187955006957
10461	10460	0.187955006957
10461	10462	0.0761665031314
10461	10564	0.183689504862
10462	10461	0.0761665031314
10462	10463	0.0761665031314
10463	10462	0.0761665031314
10463	10464	0.0761665031314
10464	10463	0.0761665031314
10464	10465	0.0761665031314
10465	10464	0.0761665031314
10465	10466	0.0761665031314
10466	10465	0.0761665031314
10466	10467	0.0761665031314
10467	10466	0.0761665031314
10467	10468	0.0761665031314
10468	10467	0.0761665031314
10468	10469	0.0761665031314
10469	10468	0.0761665031314
10469	10470	0.0761665031314
10470	10469	0.0761665031314
10470	10471	0.0761665031314
10471	10470	0.0761665031314
10471	10472	0.0761665031314
10472	10471	0.0761665031314
10472	10473	0.0761665031314
10473	10472	0.0761665031314
10473	10474	0.0761665031314
10474	10473	0.0761665031314
10474	10475	0.0761665031314
10475	10474	0.0761665031314
10475	10476	0.0761665031314
10476	10475	0.0761665031314
10476	10477	0.0761665031314
10477	10476	0.0761665031314
10477	10478	0.0761665031314
10478	10477	0.0761665031314
10478	10479	0.0761665031314
10479	10478	0.0761665031314
10479	10480	0.0761665031314
10480	10479	0.0761665031314
10480	10481	0.0761665031314
10481	10480	0.0761665031314
10481	10482	0.0417415015399
10481	10494	0.0717350021005
10482	10481	0.0417415015399
10482	10483	0.0417415015399
10483	10482	0.0417415015399
10483	10484	0.0417415015399
10484	10483	0.0417415015399
10484	10485	0.0417415015399
10485	10484	0.0417415015399
10485	10486	0.0417415015399
10486	10485	0.0417415015399
10486	10487	0.0417415015399
10487	10486	0.0417415015399
10487	10488	0.0417415015399
10488	10487	0.0417415015399
10488	10489	0.0417415015399
10489	10488	0.0417415015399
10489	10490	0.0417415015399
10490	10489	0.0417415015399
10490	10491	0.0417415015399
10491	10490	0.0417415015399
10491	10492	0.0417415015399
10492	10491	0.0417415015399
10492	10493	0.0417415015399
10493	10492	0.0417415015399
10494	10481	0.0717350021005
10494	10495	0.0717350021005
10495	10494	0.0717350021005
10495	10496	0.0717350021005
10496	10495	0.0717350021005
10496	10497	0.0717350021005
10497	10496	0.0717350021005
10497	10498	0.0717350021005
10498	10497	0.0717350021005
10498	10499	0.0717350021005
10499	10498	0.0717350021005
10499	10500	0.0717350021005
10500	10499	0.0717350021005
10500	10501	0.0717350021005
10501	10500	0.0717350021005
10501	10502	0.0717350021005
10502	10501	0.0717350021005
10502	10503	0.0717350021005
10503	10502	0.0717350021005
10503	10504	0.0717350021005
10504	10503	0.0717350021005
10504	10505	0.0717350021005
10505	10504	0.0717350021005
10505	10506	0.0717350021005
10506	10505	0.0717350021005
10506	10507	0.0717350021005
10507	10506	0.0717350021005
10507	10508	0.0717350021005
10508	10507	0.0717350021005
10508	10509	0.0717350021005
10509	10508	0.0717350021005
10509	10510	0.0717350021005
10510	10509	0.0717350021005
10510	10511	0.0717350021005
10511	10510	0.0717350021005
10511	10512	0.0717350021005
10512	10511	0.0717350021005
10512	10513	0.0717350021005
10513	10512	0.0717350021005
10513	10514	0.0717350021005
10514	10513	0.0717350021005
10514	10515	0.0717350021005
10515	10514	0.0717350021005
10515	10516	0.0717350021005
10516	10515	0.0717350021005
10516	10517	0.0717350021005
10517	10516	0.0717350021005
10517	10518	0.0717350021005
10518	10517	0.0717350021005
10518	10519	0.0717350021005
10519	10518	0.0717350021005
10519	10520	0.0717350021005
10520	10519	0.0717350021005
10520	10521	0.0717350021005
10521	10520	0.0717350021005
10521	10522	0.0717350021005
10522	10521	0.0717350021005
10522	10523	0.0717350021005
10523	10522	0.0717350021005
10523	10524	0.0717350021005
10524	10523	0.0717350021005
10524	10525	0.0717350021005
10525	10524	0.0717350021005
10525	10526	0.0407374985516
10525	10530	0.0670569986105
10526	10525	0.0407374985516
10526	10527	0.0407374985516
10527	10526	0.0407374985516
10527	10528	0.0407374985516
10528	10527	0.0407374985516
10528	10529	0.0407374985516
10529	10528	0.0407374985516
10530	10525	0.0670569986105
10530	10531	0.0670569986105
10531	10530	0.0670569986105
10531	10532	0.0670569986105
10532	10531	0.0670569986105
10532	10533	0.0670569986105
10533	10532	0.0670569986105
10533	10534	0.0670569986105
10534	10533	0.0670569986105
10534	10535	0.0670569986105
10535	10534	0.0670569986105
10535	10536	0.0670569986105
10536	10535	0.0670569986105
10536	10537	0.0670569986105
10537	10536	0.0670569986105
10537	10538	0.0670569986105
10538	10537	0.0670569986105
10538	10539	0.0670569986105
10539	10538	0.0670569986105
10539	10540	0.0670569986105
10540	10539	0.0670569986105
10540	10541	0.0670569986105
10541	10540	0.0670569986105
10541	10542	0.0670569986105
10542	10541	0.0670569986105
10542	10543	0.0670569986105
10543	10542	0.0670569986105
10543	10544	0.0670569986105
10544	10543	0.0670569986105
10544	10545	0.0670569986105
10545	10544	0.0670569986105
10545	10546	0.0670569986105
10546	10545	0.0670569986105
10546	10547	0.0670569986105
10547	10546	0.0670569986105
10547	10548	0.0670569986105
10548	10547	0.0670569986105
10548	10549	0.0670569986105
10549	10548	0.0670569986105
10549	10550	0.0670569986105
10550	10549	0.0670569986105
10550	10551	0.0670569986105
10551	10550	0.0670569986105
10551	10552	0.0670569986105
10552	10551	0.0670569986105
10552	10553	0.0670569986105
10553	10552	0.0670569986105
10553	10554	0.0670569986105
10554	10553	0.0670569986105
10554	10555	0.0670569986105
10555	10554	0.0670569986105
10555	10556	0.0670569986105
10556	10555	0.0670569986105
10556	10557	0.0670569986105
10557	10556	0.0670569986105
10557	10558	0.0670569986105
10558	10557	0.0670569986105
10558	10559	0.0670569986105
10559	10558	0.0670569986105
10559	10560	0.0670569986105
10560	10559	0.0670569986105
10560	10561	0.0670569986105
10561	10560	0.0670569986105
10561	10562	0.0670569986105
10562	10561	0.0670569986105
10562	10563	0.0670569986105
10563	10562	0.0670569986105
10564	10461	0.183689504862
10564	10565	0.183689504862
10565	10564	0.183689504862
10565	10566	0.183689504862
10566	10565	0.183689504862
10566	10567	0.183689504862
10567	10566	0.183689504862
10567	10568	0.183689504862
10568	10567	0.183689504862
10568	10569	0.183689504862
10569	10568	0.183689504862
10569	10570	0.183689504862
10570	10569	0.183689504862
10570	10571	0.183689504862
10571	10570	0.183689504862
10571	10572	0.183689504862
10572	10571	0.183689504862
10572	10573	0.183689504862
10573	10572	0.183689504862
10573	10574	0.183689504862
10574	10573	0.183689504862
10574	10575	0.183689504862
10575	10574	0.183689504862
10575	10576	0.183689504862
10576	10575	0.183689504862
10576	10577	0.182892993093
10576	11750	0.043136999011
10577	10576	0.182892993093
10577	10578	0.182892993093
10578	10577	0.182892993093
10578	10579	0.182892993093
10579	10578	0.182892993093
10579	10580	0.182892993093
10580	10579	0.182892993093
10580	10581	0.182892993093
10581	10580	0.182892993093
10581	10582	0.182892993093
10582	10581	0.182892993093
10582	10583	0.182892993093
10583	10582	0.182892993093
10583	10584	0.182892993093
10584	10583	0.182892993093
10584	10585	0.182892993093
10585	10584	0.182892993093
10585	10586	0.182892993093
10586	10585	0.182892993093
10586	10587	0.0518564991653
10586	10626	0.181492492557
10587	10586	0.0518564991653
10587	10588	0.0518564991653
10588	10587	0.0518564991653
10588	10589	0.0518564991653
10589	10588	0.0518564991653
10589	10590	0.0518564991653
10590	10589	0.0518564991653
10590	10591	0.0518564991653
10591	10590	0.0518564991653
10591	10592	0.0518564991653
10592	10591	0.0518564991653
10592	10593	0.0518564991653
10593	10592	0.0518564991653
10593	10594	0.0518564991653
10594	10593	0.0518564991653
10594	10595	0.0518564991653
10595	10594	0.0518564991653
10595	10596	0.0518564991653
10596	10595	0.0518564991653
10596	10597	0.0518564991653
10597	10596	0.0518564991653
10597	10598	0.0518564991653
10598	10597	0.0518564991653
10598	10599	0.0518564991653
10599	10598	0.0518564991653
10599	10600	0.0518564991653
10600	10599	0.0518564991653
10600	10601	0.0518564991653
10601	10600	0.0518564991653
10601	10602	0.0518564991653
10602	10601	0.0518564991653
10602	10603	0.0518564991653
10603	10602	0.0518564991653
10603	10604	0.0518564991653
10604	10603	0.0518564991653
10604	10605	0.0518564991653
10605	10604	0.0518564991653
10605	10606	0.0518564991653
10606	10605	0.0518564991653
10606	10607	0.0518564991653
10607	10606	0.0518564991653
10607	10608	0.0518564991653
10608	10607	0.0518564991653
10608	10609	0.0518564991653
10609	10608	0.0518564991653
10609	10610	0.0518564991653
10610	10609	0.0518564991653
10610	10611	0.0518564991653
10611	10610	0.0518564991653
10611	10612	0.0518564991653
10612	10611	0.0518564991653
10612	10613	0.0518564991653
10613	10612	0.0518564991653
10613	10614	0.0518564991653
10614	10613	0.0518564991653
10614	10615	0.0518564991653
10615	10614	0.0518564991653
10615	10616	0.0518564991653
10616	10615	0.0518564991653
10616	10617	0.0518564991653
10617	10616	0.0518564991653
10617	10618	0.0518564991653
10618	10617	0.0518564991653
10618	10619	0.0518564991653
10619	10618	0.0518564991653
10619	10620	0.0518564991653
10620	10619	0.0518564991653
10620	10621	0.0518564991653
10621	10620	0.0518564991653
10621	10622	0.0518564991653
10622	10621	0.0518564991653
10622	10623	0.0518564991653
10623	10622	0.0518564991653
10623	10624	0.0518564991653
10624	10623	0.0518564991653
10624	10625	0.0518564991653
10625	10624	0.0518564991653
10626	10586	0.181492492557
10626	10627	0.181492492557
10627	10626	0.181492492557
10627	10628	0.181492492557
10628	10627	0.181492492557
10628	10629	0.181492492557
10629	10628	0.181492492557
10629	10630	0.181492492557
10630	10629	0.181492492557
10630	10631	0.181492492557
10631	10630	0.181492492557
10631	10632	0.181492492557
10632	10631	0.181492492557
10632	10633	0.181492492557
10633	10632	0.181492492557
10633	10634	0.181492492557
10634	10633	0.181492492557
10634	10635	0.181492492557
10635	10634	0.181492492557
10635	10636	0.0812854990363
10635	10754	0.175886496902
10636	10635	0.0812854990363
10636	10637	0.0812854990363
10637	10636	0.0812854990363
10637	10638	0.0812854990363
10638	10637	0.0812854990363
10638	10639	0.0812854990363
10639	10638	0.0812854990363
10639	10640	0.0812854990363
10640	10639	0.0812854990363
10640	10641	0.0812854990363
10641	10640	0.0812854990363
10641	10642	0.0812854990363
10642	10641	0.0812854990363
10642	10643	0.0812854990363
10643	10642	0.0812854990363
10643	10644	0.0812854990363
10644	10643	0.0812854990363
10644	10645	0.0812854990363
10645	10644	0.0812854990363
10645	10646	0.0812854990363
10646	10645	0.0812854990363
10646	10647	0.0812854990363
10647	10646	0.0812854990363
10647	10648	0.0812854990363
10648	10647	0.0812854990363
10648	10649	0.0812854990363
10649	10648	0.0812854990363
10649	10650	0.0812854990363
10650	10649	0.0812854990363
10650	10651	0.0812854990363
10651	10650	0.0812854990363
10651	10652	0.0812854990363
10652	10651	0.0812854990363
10652	10653	0.0812854990363
10653	10652	0.0812854990363
10653	10654	0.0812854990363
10654	10653	0.0812854990363
10654	10655	0.0812854990363
10655	10654	0.0812854990363
10655	10656	0.0812854990363
10656	10655	0.0812854990363
10656	10657	0.0482840016484
10656	10677	0.0751560032368
10657	10656	0.0482840016484
10657	10658	0.0482840016484
10658	10657	0.0482840016484
10658	10659	0.0482840016484
10659	10658	0.0482840016484
10659	10660	0.0482840016484
10660	10659	0.0482840016484
10660	10661	0.0482840016484
10661	10660	0.0482840016484
10661	10662	0.0482840016484
10662	10661	0.0482840016484
10662	10663	0.0482840016484
10663	10662	0.0482840016484
10663	10664	0.0482840016484
10664	10663	0.0482840016484
10664	10665	0.0482840016484
10665	10664	0.0482840016484
10665	10666	0.0482840016484
10666	10665	0.0482840016484
10666	10667	0.0482840016484
10667	10666	0.0482840016484
10667	10668	0.0482840016484
10668	10667	0.0482840016484
10668	10669	0.0482840016484
10669	10668	0.0482840016484
10669	10670	0.0482840016484
10670	10669	0.0482840016484
10670	10671	0.0482840016484
10671	10670	0.0482840016484
10671	10672	0.0482840016484
10672	10671	0.0482840016484
10672	10673	0.0482840016484
10673	10672	0.0482840016484
10673	10674	0.0482840016484
10674	10673	0.0482840016484
10674	10675	0.0482840016484
10675	10674	0.0482840016484
10675	10676	0.0482840016484
10676	10675	0.0482840016484
10677	10656	0.0751560032368
10677	10678	0.0751560032368
10678	10677	0.0751560032368
10678	10679	0.0751560032368
10679	10678	0.0751560032368
10679	10680	0.0751560032368
10680	10679	0.0751560032368
10680	10681	0.0751560032368
10681	10680	0.0751560032368
10681	10682	0.0751560032368
10682	10681	0.0751560032368
10682	10683	0.0751560032368
10683	10682	0.0751560032368
10683	10684	0.0751560032368
10684	10683	0.0751560032368
10684	10685	0.0751560032368
10685	10684	0.0751560032368
10685	10686	0.0751560032368
10686	10685	0.0751560032368
10686	10687	0.0751560032368
10687	10686	0.0751560032368
10687	10688	0.0751560032368
10688	10687	0.0751560032368
10688	10689	0.0751560032368
10689	10688	0.0751560032368
10689	10690	0.0751560032368
10690	10689	0.0751560032368
10690	10691	0.0751560032368
10691	10690	0.0751560032368
10691	10692	0.0751560032368
10692	10691	0.0751560032368
10692	10693	0.0751560032368
10693	10692	0.0751560032368
10693	10694	0.0751560032368
10694	10693	0.0751560032368
10694	10695	0.0751560032368
10695	10694	0.0751560032368
10695	10696	0.0751560032368
10696	10695	0.0751560032368
10696	10697	0.0751560032368
10697	10696	0.0751560032368
10697	10698	0.0751560032368
10698	10697	0.0751560032368
10698	10699	0.0751560032368
10699	10698	0.0751560032368
10699	10700	0.0751560032368
10700	10699	0.0751560032368
10700	10701	0.0751560032368
10701	10700	0.0751560032368
10701	10702	0.0751560032368
10702	10701	0.0751560032368
10702	10703	0.0751560032368
10703	10702	0.0751560032368
10703	10704	0.0751560032368
10704	10703	0.0751560032368
10704	10705	0.0751560032368
10705	10704	0.0751560032368
10705	10706	0.0751560032368
10706	10705	0.0751560032368
10706	10707	0.0751560032368
10707	10706	0.0751560032368
10707	10708	0.053765501827
10707	10723	0.0645605027676
10708	10707	0.053765501827
10708	10709	0.053765501827
10709	10708	0.053765501827
10709	10710	0.053765501827
10710	10709	0.053765501827
10710	10711	0.053765501827
10711	10710	0.053765501827
10711	10712	0.053765501827
10712	10711	0.053765501827
10712	10713	0.053765501827
10713	10712	0.053765501827
10713	10714	0.053765501827
10714	10713	0.053765501827
10714	10715	0.053765501827
10715	10714	0.053765501827
10715	10716	0.053765501827
10716	10715	0.053765501827
10716	10717	0.053765501827
10717	10716	0.053765501827
10717	10718	0.053765501827
10718	10717	0.053765501827
10718	10719	0.053765501827
10719	10718	0.053765501827
10719	10720	0.053765501827
10720	10719	0.053765501827
10720	10721	0.053765501827
10721	10720	0.053765501827
10721	10722	0.053765501827
10722	10721	0.053765501827
10723	10707	0.0645605027676
10723	10724	0.0645605027676
10724	10723	0.0645605027676
10724	10725	0.0645605027676
10725	10724	0.0645605027676
10725	10726	0.0645605027676
10726	10725	0.0645605027676
10726	10727	0.0645605027676
10727	10726	0.0645605027676
10727	10728	0.0645605027676
10728	10727	0.0645605027676
10728	10729	0.0645605027676
10729	10728	0.0645605027676
10729	10730	0.0645605027676
10730	10729	0.0645605027676
10730	10731	0.0645605027676
10731	10730	0.0645605027676
10731	10732	0.0645605027676
10732	10731	0.0645605027676
10732	10733	0.0645605027676
10733	10732	0.0645605027676
10733	10734	0.0645605027676
10734	10733	0.0645605027676
10734	10735	0.0645605027676
10735	10734	0.0645605027676
10735	10736	0.0645605027676
10736	10735	0.0645605027676
10736	10737	0.0645605027676
10737	10736	0.0645605027676
10737	10738	0.0645605027676
10738	10737	0.0645605027676
10738	10739	0.0645605027676
10739	10738	0.0645605027676
10739	10740	0.0645605027676
10740	10739	0.0645605027676
10740	10741	0.0645605027676
10741	10740	0.0645605027676
10741	10742	0.0645605027676
10742	10741	0.0645605027676
10742	10743	0.0645605027676
10743	10742	0.0645605027676
10743	10744	0.0645605027676
10744	10743	0.0645605027676
10744	10745	0.0645605027676
10745	10744	0.0645605027676
10745	10746	0.0645605027676
10746	10745	0.0645605027676
10746	10747	0.0645605027676
10747	10746	0.0645605027676
10747	10748	0.0645605027676
10748	10747	0.0645605027676
10748	10749	0.0645605027676
10749	10748	0.0645605027676
10749	10750	0.0645605027676
10750	10749	0.0645605027676
10750	10751	0.0645605027676
10751	10750	0.0645605027676
10751	10752	0.0645605027676
10752	10751	0.0645605027676
10752	10753	0.0645605027676
10753	10752	0.0645605027676
10754	10635	0.175886496902
10754	10755	0.175886496902
10755	10754	0.175886496902
10755	10756	0.175886496902
10756	10755	0.175886496902
10756	10757	0.175886496902
10757	10756	0.175886496902
10757	10758	0.175886496902
10758	10757	0.175886496902
10758	10759	0.175886496902
10759	10758	0.175886496902
10759	10760	0.175886496902
10760	10759	0.175886496902
10760	10761	0.175886496902
10761	10760	0.175886496902
10761	10762	0.175886496902
10762	10761	0.175886496902
10762	10763	0.175886496902
10763	10762	0.175886496902
10763	10764	0.17429600656
10763	11711	0.0526890009642
10764	10763	0.17429600656
10764	10765	0.17429600656
10765	10764	0.17429600656
10765	10766	0.17429600656
10766	10765	0.17429600656
10766	10767	0.17429600656
10767	10766	0.17429600656
10767	10768	0.17429600656
10768	10767	0.17429600656
10768	10769	0.17429600656
10769	10768	0.17429600656
10769	10770	0.17429600656
10770	10769	0.17429600656
10770	10771	0.17429600656
10771	10770	0.17429600656
10771	10772	0.17429600656
10772	10771	0.17429600656
10772	10773	0.17429600656
10773	10772	0.17429600656
10773	10774	0.166085496545
10773	11537	0.0893615037203
10774	10773	0.166085496545
10774	10775	0.166085496545
10775	10774	0.166085496545
10775	10776	0.166085496545
10776	10775	0.166085496545
10776	10777	0.166085496545
10777	10776	0.166085496545
10777	10778	0.166085496545
10778	10777	0.166085496545
10778	10779	0.166085496545
10779	10778	0.166085496545
10779	10780	0.166085496545
10780	10779	0.166085496545
10780	10781	0.166085496545
10781	10780	0.166085496545
10781	10782	0.166085496545
10782	10781	0.166085496545
10782	10783	0.166085496545
10783	10782	0.166085496545
10783	10784	0.166085496545
10784	10783	0.166085496545
10784	10785	0.166085496545
10785	10784	0.166085496545
10785	10786	0.166085496545
10786	10785	0.166085496545
10786	10787	0.162170499563
10786	11468	0.0681404992938
10787	10786	0.162170499563
10787	10788	0.162170499563
10788	10787	0.162170499563
10788	10789	0.162170499563
10789	10788	0.162170499563
10789	10790	0.162170499563
10790	10789	0.162170499563
10790	10791	0.162170499563
10791	10790	0.162170499563
10791	10792	0.162170499563
10792	10791	0.162170499563
10792	10793	0.162170499563
10793	10792	0.162170499563
10793	10794	0.162170499563
10794	10793	0.162170499563
10794	10795	0.162170499563
10795	10794	0.162170499563
10795	10796	0.162170499563
10796	10795	0.162170499563
10796	10797	0.162170499563
10797	10796	0.162170499563
10797	10798	0.162170499563
10798	10797	0.162170499563
10798	10799	0.162170499563
10799	10798	0.162170499563
10799	10800	0.162170499563
10800	10799	0.162170499563
10800	10801	0.162170499563
10801	10800	0.162170499563
10801	10802	0.162170499563
10802	10801	0.162170499563
10802	10803	0.162170499563
10803	10802	0.162170499563
10803	10804	0.162170499563
10804	10803	0.162170499563
10804	10805	0.162170499563
10805	10804	0.162170499563
10805	10806	0.162170499563
10806	10805	0.162170499563
10806	10807	0.162170499563
10807	10806	0.162170499563
10807	10808	0.162170499563
10808	10807	0.162170499563
10808	10809	0.162170499563
10809	10808	0.162170499563
10809	10810	0.162170499563
10810	10809	0.162170499563
10810	10811	0.162170499563
10811	10810	0.162170499563
10811	10812	0.162170499563
10812	10811	0.162170499563
10812	10813	0.162170499563
10813	10812	0.162170499563
10813	10814	0.162170499563
10814	10813	0.162170499563
10814	10815	0.162170499563
10815	10814	0.162170499563
10815	10816	0.162170499563
10816	10815	0.162170499563
10816	10817	0.162170499563
10817	10816	0.162170499563
10817	10818	0.162170499563
10818	10817	0.162170499563
10818	10819	0.162170499563
10819	10818	0.162170499563
10819	10820	0.162170499563
10820	10819	0.162170499563
10820	10821	0.162170499563
10821	10820	0.162170499563
10821	10822	0.162170499563
10822	10821	0.162170499563
10822	10823	0.162170499563
10823	10822	0.162170499563
10823	10824	0.162170499563
10824	10823	0.162170499563
10824	10825	0.0522699989378
10824	10852	0.160339996219
10825	10824	0.0522699989378
10825	10826	0.0522699989378
10826	10825	0.0522699989378
10826	10827	0.0522699989378
10827	10826	0.0522699989378
10827	10828	0.0522699989378
10828	10827	0.0522699989378
10828	10829	0.0522699989378
10829	10828	0.0522699989378
10829	10830	0.0522699989378
10830	10829	0.0522699989378
10830	10831	0.0522699989378
10831	10830	0.0522699989378
10831	10832	0.0522699989378
10832	10831	0.0522699989378
10832	10833	0.0522699989378
10833	10832	0.0522699989378
10833	10834	0.0522699989378
10834	10833	0.0522699989378
10834	10835	0.0522699989378
10835	10834	0.0522699989378
10835	10836	0.0522699989378
10836	10835	0.0522699989378
10836	10837	0.0522699989378
10837	10836	0.0522699989378
10837	10838	0.0522699989378
10838	10837	0.0522699989378
10838	10839	0.0522699989378
10839	10838	0.0522699989378
10839	10840	0.0522699989378
10840	10839	0.0522699989378
10840	10841	0.0522699989378
10841	10840	0.0522699989378
10841	10842	0.0522699989378
10842	10841	0.0522699989378
10842	10843	0.0522699989378
10843	10842	0.0522699989378
10843	10844	0.0522699989378
10844	10843	0.0522699989378
10844	10845	0.0522699989378
10845	10844	0.0522699989378
10845	10846	0.0522699989378
10846	10845	0.0522699989378
10846	10847	0.0522699989378
10847	10846	0.0522699989378
10847	10848	0.0522699989378
10848	10847	0.0522699989378
10848	10849	0.0522699989378
10849	10848	0.0522699989378
10849	10850	0.0522699989378
10850	10849	0.0522699989378
10850	10851	0.0522699989378
10851	10850	0.0522699989378
10852	10824	0.160339996219
10852	10853	0.160339996219
10853	10852	0.160339996219
10853	10854	0.160339996219
10854	10853	0.160339996219
10854	10855	0.160339996219
10855	10854	0.160339996219
10855	10856	0.160339996219
10856	10855	0.160339996219
10856	10857	0.160339996219
10857	10856	0.160339996219
10857	10858	0.160339996219
10858	10857	0.160339996219
10858	10859	0.160339996219
10859	10858	0.160339996219
10859	10860	0.160339996219
10860	10859	0.160339996219
10860	10861	0.160339996219
10861	10860	0.160339996219
10861	10862	0.160339996219
10862	10861	0.160339996219
10862	10863	0.160339996219
10863	10862	0.160339996219
10863	10864	0.160339996219
10864	10863	0.160339996219
10864	10865	0.160339996219
10865	10864	0.160339996219
10865	10866	0.160339996219
10866	10865	0.160339996219
10866	10867	0.160339996219
10867	10866	0.160339996219
10867	10868	0.160339996219
10868	10867	0.160339996219
10868	10869	0.160339996219
10869	10868	0.160339996219
10869	10870	0.160339996219
10870	10869	0.160339996219
10870	10871	0.160339996219
10871	10870	0.160339996219
10871	10872	0.160339996219
10872	10871	0.160339996219
10872	10873	0.160339996219
10873	10872	0.160339996219
10873	10874	0.126392498612
10873	11151	0.128119006753
10874	10873	0.126392498612
10874	10875	0.126392498612
10875	10874	0.126392498612
10875	10876	0.126392498612
10876	10875	0.126392498612
10876	10877	0.126392498612
10877	10876	0.126392498612
10877	10878	0.126392498612
10878	10877	0.126392498612
10878	10879	0.126392498612
10879	10878	0.126392498612
10879	10880	0.126392498612
10880	10879	0.126392498612
10880	10881	0.126392498612
10881	10880	0.126392498612
10881	10882	0.126392498612
10882	10881	0.126392498612
10882	10883	0.126392498612
10883	10882	0.126392498612
10883	10884	0.126392498612
10884	10883	0.126392498612
10884	10885	0.126392498612
10885	10884	0.126392498612
10885	10886	0.126392498612
10886	10885	0.126392498612
10886	10887	0.126392498612
10887	10886	0.126392498612
10887	10888	0.126392498612
10888	10887	0.126392498612
10888	10889	0.126392498612
10889	10888	0.126392498612
10889	10890	0.126392498612
10890	10889	0.126392498612
10890	10891	0.0635519996285
10890	10936	0.120792500675
10891	10890	0.0635519996285
10891	10892	0.0635519996285
10892	10891	0.0635519996285
10892	10893	0.0635519996285
10893	10892	0.0635519996285
10893	10894	0.0635519996285
10894	10893	0.0635519996285
10894	10895	0.0635519996285
10895	10894	0.0635519996285
10895	10896	0.0635519996285
10896	10895	0.0635519996285
10896	10897	0.0635519996285
10897	10896	0.0635519996285
10897	10898	0.0635519996285
10898	10897	0.0635519996285
10898	10899	0.0635519996285
10899	10898	0.0635519996285
10899	10900	0.0635519996285
10900	10899	0.0635519996285
10900	10901	0.0635519996285
10901	10900	0.0635519996285
10901	10902	0.0635519996285
10902	10901	0.0635519996285
10902	10903	0.0635519996285
10903	10902	0.0635519996285
10903	10904	0.0635519996285
10904	10903	0.0635519996285
10904	10905	0.0635519996285
10905	10904	0.0635519996285
10905	10906	0.0635519996285
10906	10905	0.0635519996285
10906	10907	0.0635519996285
10907	10906	0.0635519996285
10907	10908	0.0635519996285
10908	10907	0.0635519996285
10908	10909	0.0635519996285
10909	10908	0.0635519996285
10909	10910	0.0635519996285
10910	10909	0.0635519996285
10910	10911	0.0635519996285
10911	10910	0.0635519996285
10911	10912	0.0635519996285
10912	10911	0.0635519996285
10912	10913	0.0635519996285
10913	10912	0.0635519996285
10913	10914	0.0635519996285
10914	10913	0.0635519996285
10914	10915	0.0635519996285
10915	10914	0.0635519996285
10915	10916	0.0635519996285
10916	10915	0.0635519996285
10916	10917	0.0635519996285
10917	10916	0.0635519996285
10917	10918	0.0635519996285
10918	10917	0.0635519996285
10918	10919	0.0635519996285
10919	10918	0.0635519996285
10919	10920	0.0635519996285
10920	10919	0.0635519996285
10920	10921	0.0635519996285
10921	10920	0.0635519996285
10921	10922	0.0635519996285
10922	10921	0.0635519996285
10922	10923	0.0635519996285
10923	10922	0.0635519996285
10923	10924	0.0635519996285
10924	10923	0.0635519996285
10924	10925	0.0635519996285
10925	10924	0.0635519996285
10925	10926	0.0635519996285
10926	10925	0.0635519996285
10926	10927	0.0635519996285
10927	10926	0.0635519996285
10927	10928	0.0635519996285
10928	10927	0.0635519996285
10928	10929	0.0635519996285
10929	10928	0.0635519996285
10929	10930	0.0635519996285
10930	10929	0.0635519996285
10930	10931	0.0635519996285
10931	10930	0.0635519996285
10931	10932	0.0635519996285
10932	10931	0.0635519996285
10932	10933	0.0635519996285
10933	10932	0.0635519996285
10933	10934	0.0635519996285
10934	10933	0.0635519996285
10934	10935	0.0635519996285
10935	10934	0.0635519996285
10936	10890	0.120792500675
10936	10937	0.120792500675
10937	10936	0.120792500675
10937	10938	0.120792500675
10938	10937	0.120792500675
10938	10939	0.120792500675
10939	10938	0.120792500675
10939	10940	0.120792500675
10940	10939	0.120792500675
10940	10941	0.120792500675
10941	10940	0.120792500675
10941	10942	0.120792500675
10942	10941	0.120792500675
10942	10943	0.120792500675
10943	10942	0.120792500675
10943	10944	0.120792500675
10944	10943	0.120792500675
10944	10945	0.120792500675
10945	10944	0.120792500675
10945	10946	0.120792500675
10946	10945	0.120792500675
10946	10947	0.120792500675
10947	10946	0.120792500675
10947	10948	0.120792500675
10948	10947	0.120792500675
10948	10949	0.120792500675
10949	10948	0.120792500675
10949	10950	0.120792500675
10950	10949	0.120792500675
10950	10951	0.120792500675
10951	10950	0.120792500675
10951	10952	0.120792500675
10952	10951	0.120792500675
10952	10953	0.118816502392
10952	11143	0.0439835004508
10953	10952	0.118816502392
10953	10954	0.118816502392
10954	10953	0.118816502392
10954	10955	0.118816502392
10955	10954	0.118816502392
10955	10956	0.118816502392
10956	10955	0.118816502392
10956	10957	0.118816502392
10957	10956	0.118816502392
10957	10958	0.118816502392
10958	10957	0.118816502392
10958	10959	0.118816502392
10959	10958	0.118816502392
10959	10960	0.118816502392
10960	10959	0.118816502392
10960	10961	0.118816502392
10961	10960	0.118816502392
10961	10962	0.118816502392
10962	10961	0.118816502392
10962	10963	0.118816502392
10963	10962	0.118816502392
10963	10964	0.118816502392
10964	10963	0.118816502392
10964	10965	0.118816502392
10965	10964	0.118816502392
10965	10966	0.118816502392
10966	10965	0.118816502392
10966	10967	0.118816502392
10967	10966	0.118816502392
10967	10968	0.0699110031128
10967	11013	0.110128499568
10968	10967	0.0699110031128
10968	10969	0.0699110031128
10969	10968	0.0699110031128
10969	10970	0.0699110031128
10970	10969	0.0699110031128
10970	10971	0.0699110031128
10971	10970	0.0699110031128
10971	10972	0.0699110031128
10972	10971	0.0699110031128
10972	10973	0.0699110031128
10973	10972	0.0699110031128
10973	10974	0.0699110031128
10974	10973	0.0699110031128
10974	10975	0.0699110031128
10975	10974	0.0699110031128
10975	10976	0.0699110031128
10976	10975	0.0699110031128
10976	10977	0.0699110031128
10977	10976	0.0699110031128
10977	10978	0.0699110031128
10978	10977	0.0699110031128
10978	10979	0.0699110031128
10979	10978	0.0699110031128
10979	10980	0.0699110031128
10980	10979	0.0699110031128
10980	10981	0.0699110031128
10981	10980	0.0699110031128
10981	10982	0.0699110031128
10982	10981	0.0699110031128
10982	10983	0.0699110031128
10983	10982	0.0699110031128
10983	10984	0.0699110031128
10984	10983	0.0699110031128
10984	10985	0.0699110031128
10985	10984	0.0699110031128
10985	10986	0.0699110031128
10986	10985	0.0699110031128
10986	10987	0.0699110031128
10987	10986	0.0699110031128
10987	10988	0.0699110031128
10988	10987	0.0699110031128
10988	10989	0.0699110031128
10989	10988	0.0699110031128
10989	10990	0.0699110031128
10990	10989	0.0699110031128
10990	10991	0.0699110031128
10991	10990	0.0699110031128
10991	10992	0.0699110031128
10992	10991	0.0699110031128
10992	10993	0.0699110031128
10993	10992	0.0699110031128
10993	10994	0.0699110031128
10994	10993	0.0699110031128
10994	10995	0.0699110031128
10995	10994	0.0699110031128
10995	10996	0.0699110031128
10996	10995	0.0699110031128
10996	10997	0.0699110031128
10997	10996	0.0699110031128
10997	10998	0.0699110031128
10998	10997	0.0699110031128
10998	10999	0.0699110031128
10999	10998	0.0699110031128
10999	11000	0.0699110031128
11000	10999	0.0699110031128
11000	11001	0.0699110031128
11001	11000	0.0699110031128
11001	11002	0.0699110031128
11002	11001	0.0699110031128
11002	11003	0.0699110031128
11003	11002	0.0699110031128
11003	11004	0.0699110031128
11004	11003	0.0699110031128
11004	11005	0.0699110031128
11005	11004	0.0699110031128
11005	11006	0.0699110031128
11006	11005	0.0699110031128
11006	11007	0.0699110031128
11007	11006	0.0699110031128
11007	11008	0.0699110031128
11008	11007	0.0699110031128
11008	11009	0.0699110031128
11009	11008	0.0699110031128
11009	11010	0.0699110031128
11010	11009	0.0699110031128
11010	11011	0.0699110031128
11011	11010	0.0699110031128
11011	11012	0.0699110031128
11012	11011	0.0699110031128
11013	10967	0.110128499568
11013	11014	0.110128499568
11014	11013	0.110128499568
11014	11015	0.110128499568
11015	11014	0.110128499568
11015	11016	0.110128499568
11016	11015	0.110128499568
11016	11017	0.110128499568
11017	11016	0.110128499568
11017	11018	0.110128499568
11018	11017	0.110128499568
11018	11019	0.110128499568
11019	11018	0.110128499568
11019	11020	0.110128499568
11020	11019	0.110128499568
11020	11021	0.110128499568
11021	11020	0.110128499568
11021	11022	0.110128499568
11022	11021	0.110128499568
11022	11023	0.110128499568
11023	11022	0.110128499568
11023	11024	0.110128499568
11024	11023	0.110128499568
11024	11025	0.110128499568
11025	11024	0.110128499568
11025	11026	0.110128499568
11026	11025	0.110128499568
11026	11027	0.110128499568
11027	11026	0.110128499568
11027	11028	0.105240501463
11027	11130	0.0554039999843
11028	11027	0.105240501463
11028	11029	0.105240501463
11029	11028	0.105240501463
11029	11030	0.105240501463
11030	11029	0.105240501463
11030	11031	0.105240501463
11031	11030	0.105240501463
11031	11032	0.105240501463
11032	11031	0.105240501463
11032	11033	0.105240501463
11033	11032	0.105240501463
11033	11034	0.105240501463
11034	11033	0.105240501463
11034	11035	0.105240501463
11035	11034	0.105240501463
11035	11036	0.105240501463
11036	11035	0.105240501463
11036	11037	0.105240501463
11037	11036	0.105240501463
11037	11038	0.105240501463
11038	11037	0.105240501463
11038	11039	0.105240501463
11039	11038	0.105240501463
11039	11040	0.068479500711
11039	11065	0.0945210009813
11040	11039	0.068479500711
11040	11041	0.068479500711
11041	11040	0.068479500711
11041	11042	0.068479500711
11042	11041	0.068479500711
11042	11043	0.068479500711
11043	11042	0.068479500711
11043	11044	0.068479500711
11044	11043	0.068479500711
11044	11045	0.068479500711
11045	11044	0.068479500711
11045	11046	0.068479500711
11046	11045	0.068479500711
11046	11047	0.068479500711
11047	11046	0.068479500711
11047	11048	0.068479500711
11048	11047	0.068479500711
11048	11049	0.068479500711
11049	11048	0.068479500711
11049	11050	0.068479500711
11050	11049	0.068479500711
11050	11051	0.068479500711
11051	11050	0.068479500711
11051	11052	0.068479500711
11052	11051	0.068479500711
11052	11053	0.068479500711
11053	11052	0.068479500711
11053	11054	0.068479500711
11054	11053	0.068479500711
11054	11055	0.068479500711
11055	11054	0.068479500711
11055	11056	0.068479500711
11056	11055	0.068479500711
11056	11057	0.068479500711
11057	11056	0.068479500711
11057	11058	0.068479500711
11058	11057	0.068479500711
11058	11059	0.068479500711
11059	11058	0.068479500711
11059	11060	0.068479500711
11060	11059	0.068479500711
11060	11061	0.068479500711
11061	11060	0.068479500711
11061	11062	0.068479500711
11062	11061	0.068479500711
11062	11063	0.068479500711
11063	11062	0.068479500711
11063	11064	0.068479500711
11064	11063	0.068479500711
11065	11039	0.0945210009813
11065	11066	0.0945210009813
11066	11065	0.0945210009813
11066	11067	0.0945210009813
11067	11066	0.0945210009813
11067	11068	0.0945210009813
11068	11067	0.0945210009813
11068	11069	0.0945210009813
11069	11068	0.0945210009813
11069	11070	0.0945210009813
11070	11069	0.0945210009813
11070	11071	0.0945210009813
11071	11070	0.0945210009813
11071	11072	0.0945210009813
11072	11071	0.0945210009813
11072	11073	0.0945210009813
11073	11072	0.0945210009813
11073	11074	0.0945210009813
11074	11073	0.0945210009813
11074	11075	0.0945210009813
11075	11074	0.0945210009813
11075	11076	0.0945210009813
11076	11075	0.0945210009813
11076	11077	0.0712430030107
11076	11098	0.0784535035491
11077	11076	0.0712430030107
11077	11078	0.0712430030107
11078	11077	0.0712430030107
11078	11079	0.0712430030107
11079	11078	0.0712430030107
11079	11080	0.0712430030107
11080	11079	0.0712430030107
11080	11081	0.0712430030107
11081	11080	0.0712430030107
11081	11082	0.0712430030107
11082	11081	0.0712430030107
11082	11083	0.0712430030107
11083	11082	0.0712430030107
11083	11084	0.0712430030107
11084	11083	0.0712430030107
11084	11085	0.0712430030107
11085	11084	0.0712430030107
11085	11086	0.0712430030107
11086	11085	0.0712430030107
11086	11087	0.0712430030107
11087	11086	0.0712430030107
11087	11088	0.0712430030107
11088	11087	0.0712430030107
11088	11089	0.0712430030107
11089	11088	0.0712430030107
11089	11090	0.0712430030107
11090	11089	0.0712430030107
11090	11091	0.0712430030107
11091	11090	0.0712430030107
11091	11092	0.0712430030107
11092	11091	0.0712430030107
11092	11093	0.0712430030107
11093	11092	0.0712430030107
11093	11094	0.0712430030107
11094	11093	0.0712430030107
11094	11095	0.0712430030107
11095	11094	0.0712430030107
11095	11096	0.0712430030107
11096	11095	0.0712430030107
11096	11097	0.0712430030107
11097	11096	0.0712430030107
11098	11076	0.0784535035491
11098	11099	0.0784535035491
11099	11098	0.0784535035491
11099	11100	0.0784535035491
11100	11099	0.0784535035491
11100	11101	0.0784535035491
11101	11100	0.0784535035491
11101	11102	0.0784535035491
11102	11101	0.0784535035491
11102	11103	0.0784535035491
11103	11102	0.0784535035491
11103	11104	0.0784535035491
11104	11103	0.0784535035491
11104	11105	0.0784535035491
11105	11104	0.0784535035491
11105	11106	0.0784535035491
11106	11105	0.0784535035491
11106	11107	0.0784535035491
11107	11106	0.0784535035491
11107	11108	0.0784535035491
11108	11107	0.0784535035491
11108	11109	0.0784535035491
11109	11108	0.0784535035491
11109	11110	0.0784535035491
11110	11109	0.0784535035491
11110	11111	0.0784535035491
11111	11110	0.0784535035491
11111	11112	0.0784535035491
11112	11111	0.0784535035491
11112	11113	0.0784535035491
11113	11112	0.0784535035491
11113	11114	0.0784535035491
11114	11113	0.0784535035491
11114	11115	0.0784535035491
11115	11114	0.0784535035491
11115	11116	0.0784535035491
11116	11115	0.0784535035491
11116	11117	0.0784535035491
11117	11116	0.0784535035491
11117	11118	0.0784535035491
11118	11117	0.0784535035491
11118	11119	0.0784535035491
11119	11118	0.0784535035491
11119	11120	0.0784535035491
11120	11119	0.0784535035491
11120	11121	0.0784535035491
11121	11120	0.0784535035491
11121	11122	0.0784535035491
11122	11121	0.0784535035491
11122	11123	0.0784535035491
11123	11122	0.0784535035491
11123	11124	0.0784535035491
11124	11123	0.0784535035491
11124	11125	0.0784535035491
11125	11124	0.0784535035491
11125	11126	0.0784535035491
11126	11125	0.0784535035491
11126	11127	0.0784535035491
11127	11126	0.0784535035491
11127	11128	0.0784535035491
11128	11127	0.0784535035491
11128	11129	0.0784535035491
11129	11128	0.0784535035491
11130	11027	0.0554039999843
11130	11131	0.0554039999843
11131	11130	0.0554039999843
11131	11132	0.0554039999843
11132	11131	0.0554039999843
11132	11133	0.0554039999843
11133	11132	0.0554039999843
11133	11134	0.0554039999843
11134	11133	0.0554039999843
11134	11135	0.0554039999843
11135	11134	0.0554039999843
11135	11136	0.0554039999843
11136	11135	0.0554039999843
11136	11137	0.0554039999843
11137	11136	0.0554039999843
11137	11138	0.0554039999843
11138	11137	0.0554039999843
11138	11139	0.0554039999843
11139	11138	0.0554039999843
11139	11140	0.0554039999843
11140	11139	0.0554039999843
11140	11141	0.0554039999843
11141	11140	0.0554039999843
11141	11142	0.0554039999843
11142	11141	0.0554039999843
11143	10952	0.0439835004508
11143	11144	0.0439835004508
11144	11143	0.0439835004508
11144	11145	0.0439835004508
11145	11144	0.0439835004508
11145	11146	0.0439835004508
11146	11145	0.0439835004508
11146	11147	0.0439835004508
11147	11146	0.0439835004508
11147	11148	0.0439835004508
11148	11147	0.0439835004508
11148	11149	0.0439835004508
11149	11148	0.0439835004508
11149	11150	0.0439835004508
11150	11149	0.0439835004508
11151	10873	0.128119006753
11151	11152	0.128119006753
11152	11151	0.128119006753
11152	11153	0.128119006753
11153	11152	0.128119006753
11153	11154	0.128119006753
11154	11153	0.128119006753
11154	11155	0.128119006753
11155	11154	0.128119006753
11155	11156	0.128119006753
11156	11155	0.128119006753
11156	11157	0.128119006753
11157	11156	0.128119006753
11157	11158	0.128119006753
11158	11157	0.128119006753
11158	11159	0.128119006753
11159	11158	0.128119006753
11159	11160	0.128119006753
11160	11159	0.128119006753
11160	11161	0.128119006753
11161	11160	0.128119006753
11161	11162	0.128119006753
11162	11161	0.128119006753
11162	11163	0.128119006753
11163	11162	0.128119006753
11163	11164	0.128119006753
11164	11163	0.128119006753
11164	11165	0.128119006753
11165	11164	0.128119006753
11165	11166	0.128119006753
11166	11165	0.128119006753
11166	11167	0.128119006753
11167	11166	0.128119006753
11167	11168	0.128119006753
11168	11167	0.128119006753
11168	11169	0.128119006753
11169	11168	0.128119006753
11169	11170	0.128119006753
11170	11169	0.128119006753
11170	11171	0.128119006753
11171	11170	0.128119006753
11171	11172	0.128119006753
11172	11171	0.128119006753
11172	11173	0.117007002234
11172	11396	0.0794290006161
11173	11172	0.117007002234
11173	11174	0.117007002234
11174	11173	0.117007002234
11174	11175	0.117007002234
11175	11174	0.117007002234
11175	11176	0.117007002234
11176	11175	0.117007002234
11176	11177	0.117007002234
11177	11176	0.117007002234
11177	11178	0.117007002234
11178	11177	0.117007002234
11178	11179	0.117007002234
11179	11178	0.117007002234
11179	11180	0.117007002234
11180	11179	0.117007002234
11180	11181	0.117007002234
11181	11180	0.117007002234
11181	11182	0.117007002234
11182	11181	0.117007002234
11182	11183	0.117007002234
11183	11182	0.117007002234
11183	11184	0.117007002234
11184	11183	0.117007002234
11184	11185	0.117007002234
11185	11184	0.117007002234
11185	11186	0.117007002234
11186	11185	0.117007002234
11186	11187	0.117007002234
11187	11186	0.117007002234
11187	11188	0.117007002234
11188	11187	0.117007002234
11188	11189	0.117007002234
11189	11188	0.117007002234
11189	11190	0.117007002234
11190	11189	0.117007002234
11190	11191	0.117007002234
11191	11190	0.117007002234
11191	11192	0.117007002234
11192	11191	0.117007002234
11192	11193	0.117007002234
11193	11192	0.117007002234
11193	11194	0.117007002234
11194	11193	0.117007002234
11194	11195	0.117007002234
11195	11194	0.117007002234
11195	11196	0.117007002234
11196	11195	0.117007002234
11196	11197	0.117007002234
11197	11196	0.117007002234
11197	11198	0.117007002234
11198	11197	0.117007002234
11198	11199	0.117007002234
11199	11198	0.117007002234
11199	11200	0.117007002234
11200	11199	0.117007002234
11200	11201	0.117007002234
11201	11200	0.117007002234
11201	11202	0.11276049912
11201	11379	0.0551970005035
11202	11201	0.11276049912
11202	11203	0.11276049912
11203	11202	0.11276049912
11203	11204	0.0708865001798
11203	11248	0.102520503104
11204	11203	0.0708865001798
11204	11205	0.0708865001798
11205	11204	0.0708865001798
11205	11206	0.0708865001798
11206	11205	0.0708865001798
11206	11207	0.0708865001798
11207	11206	0.0708865001798
11207	11208	0.0708865001798
11208	11207	0.0708865001798
11208	11209	0.0708865001798
11209	11208	0.0708865001798
11209	11210	0.0708865001798
11210	11209	0.0708865001798
11210	11211	0.0708865001798
11211	11210	0.0708865001798
11211	11212	0.0708865001798
11212	11211	0.0708865001798
11212	11213	0.0708865001798
11213	11212	0.0708865001798
11213	11214	0.0708865001798
11214	11213	0.0708865001798
11214	11215	0.0708865001798
11215	11214	0.0708865001798
11215	11216	0.0708865001798
11216	11215	0.0708865001798
11216	11217	0.0708865001798
11217	11216	0.0708865001798
11217	11218	0.0708865001798
11218	11217	0.0708865001798
11218	11219	0.0708865001798
11219	11218	0.0708865001798
11219	11220	0.0708865001798
11220	11219	0.0708865001798
11220	11221	0.0708865001798
11221	11220	0.0708865001798
11221	11222	0.0708865001798
11222	11221	0.0708865001798
11222	11223	0.0708865001798
11223	11222	0.0708865001798
11223	11224	0.0708865001798
11224	11223	0.0708865001798
11224	11225	0.0708865001798
11225	11224	0.0708865001798
11225	11226	0.0708865001798
11226	11225	0.0708865001798
11226	11227	0.0708865001798
11227	11226	0.0708865001798
11227	11228	0.0708865001798
11228	11227	0.0708865001798
11228	11229	0.0708865001798
11229	11228	0.0708865001798
11229	11230	0.0708865001798
11230	11229	0.0708865001798
11230	11231	0.0708865001798
11231	11230	0.0708865001798
11231	11232	0.0708865001798
11232	11231	0.0708865001798
11232	11233	0.0708865001798
11233	11232	0.0708865001798
11233	11234	0.0708865001798
11234	11233	0.0708865001798
11234	11235	0.0708865001798
11235	11234	0.0708865001798
11235	11236	0.0708865001798
11236	11235	0.0708865001798
11236	11237	0.0708865001798
11237	11236	0.0708865001798
11237	11238	0.0708865001798
11238	11237	0.0708865001798
11238	11239	0.0708865001798
11239	11238	0.0708865001798
11239	11240	0.0708865001798
11240	11239	0.0708865001798
11240	11241	0.0708865001798
11241	11240	0.0708865001798
11241	11242	0.0708865001798
11242	11241	0.0708865001798
11242	11243	0.0708865001798
11243	11242	0.0708865001798
11243	11244	0.0708865001798
11244	11243	0.0708865001798
11244	11245	0.0708865001798
11245	11244	0.0708865001798
11245	11246	0.0708865001798
11246	11245	0.0708865001798
11246	11247	0.0708865001798
11247	11246	0.0708865001798
11248	11203	0.102520503104
11248	11249	0.102520503104
11249	11248	0.102520503104
11249	11250	0.0815880000591
11249	11325	0.0811524987221
11250	11249	0.0815880000591
11250	11251	0.0815880000591
11251	11250	0.0815880000591
11251	11252	0.0815880000591
11252	11251	0.0815880000591
11252	11253	0.0815880000591
11253	11252	0.0815880000591
11253	11254	0.0815880000591
11254	11253	0.0815880000591
11254	11255	0.0815880000591
11255	11254	0.0815880000591
11255	11256	0.0815880000591
11256	11255	0.0815880000591
11256	11257	0.0815880000591
11257	11256	0.0815880000591
11257	11258	0.0815880000591
11258	11257	0.0815880000591
11258	11259	0.0815880000591
11259	11258	0.0815880000591
11259	11260	0.0815880000591
11260	11259	0.0815880000591
11260	11261	0.0815880000591
11261	11260	0.0815880000591
11261	11262	0.0815880000591
11262	11261	0.0815880000591
11262	11263	0.0815880000591
11263	11262	0.0815880000591
11263	11264	0.0815880000591
11264	11263	0.0815880000591
11264	11265	0.0815880000591
11265	11264	0.0815880000591
11265	11266	0.0815880000591
11266	11265	0.0815880000591
11266	11267	0.0815880000591
11267	11266	0.0815880000591
11267	11268	0.0815880000591
11268	11267	0.0815880000591
11268	11269	0.0815880000591
11269	11268	0.0815880000591
11269	11270	0.0815880000591
11270	11269	0.0815880000591
11270	11271	0.0815880000591
11271	11270	0.0815880000591
11271	11272	0.0815880000591
11272	11271	0.0815880000591
11272	11273	0.0815880000591
11273	11272	0.0815880000591
11273	11274	0.0815880000591
11274	11273	0.0815880000591
11274	11275	0.0815880000591
11275	11274	0.0815880000591
11275	11276	0.0815880000591
11276	11275	0.0815880000591
11276	11277	0.0815880000591
11277	11276	0.0815880000591
11277	11278	0.0815880000591
11278	11277	0.0815880000591
11278	11279	0.0815880000591
11279	11278	0.0815880000591
11279	11280	0.0815880000591
11280	11279	0.0815880000591
11280	11281	0.0815880000591
11281	11280	0.0815880000591
11281	11282	0.0815880000591
11282	11281	0.0815880000591
11282	11283	0.0815880000591
11283	11282	0.0815880000591
11283	11284	0.0815880000591
11284	11283	0.0815880000591
11284	11285	0.0815880000591
11285	11284	0.0815880000591
11285	11286	0.0815880000591
11286	11285	0.0815880000591
11286	11287	0.0815880000591
11287	11286	0.0815880000591
11287	11288	0.0815880000591
11288	11287	0.0815880000591
11288	11289	0.0815880000591
11289	11288	0.0815880000591
11289	11290	0.0815880000591
11290	11289	0.0815880000591
11290	11291	0.0815880000591
11291	11290	0.0815880000591
11291	11292	0.0815880000591
11292	11291	0.0815880000591
11292	11293	0.0815880000591
11293	11292	0.0815880000591
11293	11294	0.0815880000591
11294	11293	0.0815880000591
11294	11295	0.0815880000591
11295	11294	0.0815880000591
11295	11296	0.0815880000591
11296	11295	0.0815880000591
11296	11297	0.0815880000591
11297	11296	0.0815880000591
11297	11298	0.0815880000591
11298	11297	0.0815880000591
11298	11299	0.0815880000591
11299	11298	0.0815880000591
11299	11300	0.0815880000591
11300	11299	0.0815880000591
11300	11301	0.0815880000591
11301	11300	0.0815880000591
11301	11302	0.0815880000591
11302	11301	0.0815880000591
11302	11303	0.0815880000591
11303	11302	0.0815880000591
11303	11304	0.0815880000591
11304	11303	0.0815880000591
11304	11305	0.0815880000591
11305	11304	0.0815880000591
11305	11306	0.0815880000591
11306	11305	0.0815880000591
11306	11307	0.0815880000591
11307	11306	0.0815880000591
11307	11308	0.0815880000591
11308	11307	0.0815880000591
11308	11309	0.0815880000591
11309	11308	0.0815880000591
11309	11310	0.0815880000591
11310	11309	0.0815880000591
11310	11311	0.0815880000591
11311	11310	0.0815880000591
11311	11312	0.0815880000591
11312	11311	0.0815880000591
11312	11313	0.0815880000591
11313	11312	0.0815880000591
11313	11314	0.0815880000591
11314	11313	0.0815880000591
11314	11315	0.0815880000591
11315	11314	0.0815880000591
11315	11316	0.0815880000591
11316	11315	0.0815880000591
11316	11317	0.0815880000591
11317	11316	0.0815880000591
11317	11318	0.0815880000591
11318	11317	0.0815880000591
11318	11319	0.0815880000591
11319	11318	0.0815880000591
11319	11320	0.0815880000591
11320	11319	0.0815880000591
11320	11321	0.0815880000591
11321	11320	0.0815880000591
11321	11322	0.0815880000591
11322	11321	0.0815880000591
11322	11323	0.0815880000591
11323	11322	0.0815880000591
11323	11324	0.0815880000591
11324	11323	0.0815880000591
11325	11249	0.0811524987221
11325	11326	0.0811524987221
11326	11325	0.0811524987221
11326	11327	0.0811524987221
11327	11326	0.0811524987221
11327	11328	0.0811524987221
11328	11327	0.0811524987221
11328	11329	0.0811524987221
11329	11328	0.0811524987221
11329	11330	0.0548035018146
11329	11342	0.0717805027962
11330	11329	0.0548035018146
11330	11331	0.0548035018146
11331	11330	0.0548035018146
11331	11332	0.0548035018146
11332	11331	0.0548035018146
11332	11333	0.0548035018146
11333	11332	0.0548035018146
11333	11334	0.0548035018146
11334	11333	0.0548035018146
11334	11335	0.0548035018146
11335	11334	0.0548035018146
11335	11336	0.0548035018146
11336	11335	0.0548035018146
11336	11337	0.0548035018146
11337	11336	0.0548035018146
11337	11338	0.0548035018146
11338	11337	0.0548035018146
11338	11339	0.0548035018146
11339	11338	0.0548035018146
11339	11340	0.0548035018146
11340	11339	0.0548035018146
11340	11341	0.0548035018146
11341	11340	0.0548035018146
11342	11329	0.0717805027962
11342	11343	0.0717805027962
11343	11342	0.0717805027962
11343	11344	0.0717805027962
11344	11343	0.0717805027962
11344	11345	0.0717805027962
11345	11344	0.0717805027962
11345	11346	0.0717805027962
11346	11345	0.0717805027962
11346	11347	0.0717805027962
11347	11346	0.0717805027962
11347	11348	0.0717805027962
11348	11347	0.0717805027962
11348	11349	0.0717805027962
11349	11348	0.0717805027962
11349	11350	0.0717805027962
11350	11349	0.0717805027962
11350	11351	0.0717805027962
11351	11350	0.0717805027962
11351	11352	0.0717805027962
11352	11351	0.0717805027962
11352	11353	0.0717805027962
11353	11352	0.0717805027962
11353	11354	0.0717805027962
11354	11353	0.0717805027962
11354	11355	0.0717805027962
11355	11354	0.0717805027962
11355	11356	0.0717805027962
11356	11355	0.0717805027962
11356	11357	0.0717805027962
11357	11356	0.0717805027962
11357	11358	0.0717805027962
11358	11357	0.0717805027962
11358	11359	0.0717805027962
11359	11358	0.0717805027962
11359	11360	0.0717805027962
11360	11359	0.0717805027962
11360	11361	0.0717805027962
11361	11360	0.0717805027962
11361	11362	0.0717805027962
11362	11361	0.0717805027962
11362	11363	0.0717805027962
11363	11362	0.0717805027962
11363	11364	0.0717805027962
11364	11363	0.0717805027962
11364	11365	0.0717805027962
11365	11364	0.0717805027962
11365	11366	0.0717805027962
11366	11365	0.0717805027962
11366	11367	0.0717805027962
11367	11366	0.0717805027962
11367	11368	0.0717805027962
11368	11367	0.0717805027962
11368	11369	0.0717805027962
11369	11368	0.0717805027962
11369	11370	0.0717805027962
11370	11369	0.0717805027962
11370	11371	0.0717805027962
11371	11370	0.0717805027962
11371	11372	0.0717805027962
11372	11371	0.0717805027962
11372	11373	0.0717805027962
11373	11372	0.0717805027962
11373	11374	0.0717805027962
11374	11373	0.0717805027962
11374	11375	0.0717805027962
11375	11374	0.0717805027962
11375	11376	0.0717805027962
11376	11375	0.0717805027962
11376	11377	0.0717805027962
11377	11376	0.0717805027962
11377	11378	0.0717805027962
11378	11377	0.0717805027962
11379	11201	0.0551970005035
11379	11380	0.0551970005035
11380	11379	0.0551970005035
11380	11381	0.0551970005035
11381	11380	0.0551970005035
11381	11382	0.0551970005035
11382	11381	0.0551970005035
11382	11383	0.0551970005035
11383	11382	0.0551970005035
11383	11384	0.0551970005035
11384	11383	0.0551970005035
11384	11385	0.0551970005035
11385	11384	0.0551970005035
11385	11386	0.0551970005035
11386	11385	0.0551970005035
11386	11387	0.0551970005035
11387	11386	0.0551970005035
11387	11388	0.0551970005035
11388	11387	0.0551970005035
11388	11389	0.0551970005035
11389	11388	0.0551970005035
11389	11390	0.0551970005035
11390	11389	0.0551970005035
11390	11391	0.0551970005035
11391	11390	0.0551970005035
11391	11392	0.0551970005035
11392	11391	0.0551970005035
11392	11393	0.0551970005035
11393	11392	0.0551970005035
11393	11394	0.0551970005035
11394	11393	0.0551970005035
11394	11395	0.0551970005035
11395	11394	0.0551970005035
11396	11172	0.0794290006161
11396	11397	0.0794290006161
11397	11396	0.0794290006161
11397	11398	0.0794290006161
11398	11397	0.0794290006161
11398	11399	0.0794290006161
11399	11398	0.0794290006161
11399	11400	0.0794290006161
11400	11399	0.0794290006161
11400	11401	0.0794290006161
11401	11400	0.0794290006161
11401	11402	0.0794290006161
11402	11401	0.0794290006161
11402	11403	0.0794290006161
11403	11402	0.0794290006161
11403	11404	0.0794290006161
11404	11403	0.0794290006161
11404	11405	0.0794290006161
11405	11404	0.0794290006161
11405	11406	0.0794290006161
11406	11405	0.0794290006161
11406	11407	0.0794290006161
11407	11406	0.0794290006161
11407	11408	0.0794290006161
11408	11407	0.0794290006161
11408	11409	0.0794290006161
11409	11408	0.0794290006161
11409	11410	0.0794290006161
11410	11409	0.0794290006161
11410	11411	0.0794290006161
11411	11410	0.0794290006161
11411	11412	0.0794290006161
11412	11411	0.0794290006161
11412	11413	0.0794290006161
11413	11412	0.0794290006161
11413	11414	0.0587130002677
11413	11434	0.0668475031853
11414	11413	0.0587130002677
11414	11415	0.0587130002677
11415	11414	0.0587130002677
11415	11416	0.0587130002677
11416	11415	0.0587130002677
11416	11417	0.0587130002677
11417	11416	0.0587130002677
11417	11418	0.0587130002677
11418	11417	0.0587130002677
11418	11419	0.0587130002677
11419	11418	0.0587130002677
11419	11420	0.0587130002677
11420	11419	0.0587130002677
11420	11421	0.0587130002677
11421	11420	0.0587130002677
11421	11422	0.0587130002677
11422	11421	0.0587130002677
11422	11423	0.0587130002677
11423	11422	0.0587130002677
11423	11424	0.0587130002677
11424	11423	0.0587130002677
11424	11425	0.0587130002677
11425	11424	0.0587130002677
11425	11426	0.0587130002677
11426	11425	0.0587130002677
11426	11427	0.0587130002677
11427	11426	0.0587130002677
11427	11428	0.0587130002677
11428	11427	0.0587130002677
11428	11429	0.0587130002677
11429	11428	0.0587130002677
11429	11430	0.0587130002677
11430	11429	0.0587130002677
11430	11431	0.0587130002677
11431	11430	0.0587130002677
11431	11432	0.0587130002677
11432	11431	0.0587130002677
11432	11433	0.0587130002677
11433	11432	0.0587130002677
11434	11413	0.0668475031853
11434	11435	0.0668475031853
11435	11434	0.0668475031853
11435	11436	0.0668475031853
11436	11435	0.0668475031853
11436	11437	0.0668475031853
11437	11436	0.0668475031853
11437	11438	0.0668475031853
11438	11437	0.0668475031853
11438	11439	0.0668475031853
11439	11438	0.0668475031853
11439	11440	0.0668475031853
11440	11439	0.0668475031853
11440	11441	0.0668475031853
11441	11440	0.0668475031853
11441	11442	0.0668475031853
11442	11441	0.0668475031853
11442	11443	0.0668475031853
11443	11442	0.0668475031853
11443	11444	0.0668475031853
11444	11443	0.0668475031853
11444	11445	0.0668475031853
11445	11444	0.0668475031853
11445	11446	0.0668475031853
11446	11445	0.0668475031853
11446	11447	0.0668475031853
11447	11446	0.0668475031853
11447	11448	0.0668475031853
11448	11447	0.0668475031853
11448	11449	0.0668475031853
11449	11448	0.0668475031853
11449	11450	0.0668475031853
11450	11449	0.0668475031853
11450	11451	0.0668475031853
11451	11450	0.0668475031853
11451	11452	0.0668475031853
11452	11451	0.0668475031853
11452	11453	0.0668475031853
11453	11452	0.0668475031853
11453	11454	0.0668475031853
11454	11453	0.0668475031853
11454	11455	0.0668475031853
11455	11454	0.0668475031853
11455	11456	0.0668475031853
11456	11455	0.0668475031853
11456	11457	0.0668475031853
11457	11456	0.0668475031853
11457	11458	0.0668475031853
11458	11457	0.0668475031853
11458	11459	0.0668475031853
11459	11458	0.0668475031853
11459	11460	0.0668475031853
11460	11459	0.0668475031853
11460	11461	0.0668475031853
11461	11460	0.0668475031853
11461	11462	0.0668475031853
11462	11461	0.0668475031853
11462	11463	0.0668475031853
11463	11462	0.0668475031853
11463	11464	0.0668475031853
11464	11463	0.0668475031853
11464	11465	0.0668475031853
11465	11464	0.0668475031853
11465	11466	0.0668475031853
11466	11465	0.0668475031853
11466	11467	0.0668475031853
11467	11466	0.0668475031853
11468	10786	0.0681404992938
11468	11469	0.0681404992938
11469	11468	0.0681404992938
11469	11470	0.0681404992938
11470	11469	0.0681404992938
11470	11471	0.0681404992938
11471	11470	0.0681404992938
11471	11472	0.0681404992938
11472	11471	0.0681404992938
11472	11473	0.0681404992938
11473	11472	0.0681404992938
11473	11474	0.0681404992938
11474	11473	0.0681404992938
11474	11475	0.0681404992938
11475	11474	0.0681404992938
11475	11476	0.0681404992938
11476	11475	0.0681404992938
11476	11477	0.0681404992938
11477	11476	0.0681404992938
11477	11478	0.0681404992938
11478	11477	0.0681404992938
11478	11479	0.0681404992938
11479	11478	0.0681404992938
11479	11480	0.0681404992938
11480	11479	0.0681404992938
11480	11481	0.0681404992938
11481	11480	0.0681404992938
11481	11482	0.0681404992938
11482	11481	0.0681404992938
11482	11483	0.0681404992938
11483	11482	0.0681404992938
11483	11484	0.0433754995465
11483	11494	0.0616904981434
11484	11483	0.0433754995465
11484	11485	0.0433754995465
11485	11484	0.0433754995465
11485	11486	0.0433754995465
11486	11485	0.0433754995465
11486	11487	0.0433754995465
11487	11486	0.0433754995465
11487	11488	0.0433754995465
11488	11487	0.0433754995465
11488	11489	0.0433754995465
11489	11488	0.0433754995465
11489	11490	0.0433754995465
11490	11489	0.0433754995465
11490	11491	0.0433754995465
11491	11490	0.0433754995465
11491	11492	0.0433754995465
11492	11491	0.0433754995465
11492	11493	0.0433754995465
11493	11492	0.0433754995465
11494	11483	0.0616904981434
11494	11495	0.0616904981434
11495	11494	0.0616904981434
11495	11496	0.0616904981434
11496	11495	0.0616904981434
11496	11497	0.0616904981434
11497	11496	0.0616904981434
11497	11498	0.0616904981434
11498	11497	0.0616904981434
11498	11499	0.0616904981434
11499	11498	0.0616904981434
11499	11500	0.0616904981434
11500	11499	0.0616904981434
11500	11501	0.0616904981434
11501	11500	0.0616904981434
11501	11502	0.0616904981434
11502	11501	0.0616904981434
11502	11503	0.0616904981434
11503	11502	0.0616904981434
11503	11504	0.0616904981434
11504	11503	0.0616904981434
11504	11505	0.0616904981434
11505	11504	0.0616904981434
11505	11506	0.0616904981434
11506	11505	0.0616904981434
11506	11507	0.0616904981434
11507	11506	0.0616904981434
11507	11508	0.0616904981434
11508	11507	0.0616904981434
11508	11509	0.0616904981434
11509	11508	0.0616904981434
11509	11510	0.0616904981434
11510	11509	0.0616904981434
11510	11511	0.0616904981434
11511	11510	0.0616904981434
11511	11512	0.0616904981434
11512	11511	0.0616904981434
11512	11513	0.0616904981434
11513	11512	0.0616904981434
11513	11514	0.0616904981434
11514	11513	0.0616904981434
11514	11515	0.0616904981434
11515	11514	0.0616904981434
11515	11516	0.0616904981434
11516	11515	0.0616904981434
11516	11517	0.0616904981434
11517	11516	0.0616904981434
11517	11518	0.0616904981434
11518	11517	0.0616904981434
11518	11519	0.0616904981434
11519	11518	0.0616904981434
11519	11520	0.0616904981434
11520	11519	0.0616904981434
11520	11521	0.0616904981434
11521	11520	0.0616904981434
11521	11522	0.0616904981434
11522	11521	0.0616904981434
11522	11523	0.0616904981434
11523	11522	0.0616904981434
11523	11524	0.0616904981434
11524	11523	0.0616904981434
11524	11525	0.0616904981434
11525	11524	0.0616904981434
11525	11526	0.0616904981434
11526	11525	0.0616904981434
11526	11527	0.0616904981434
11527	11526	0.0616904981434
11527	11528	0.0616904981434
11528	11527	0.0616904981434
11528	11529	0.0616904981434
11529	11528	0.0616904981434
11529	11530	0.0616904981434
11530	11529	0.0616904981434
11530	11531	0.0616904981434
11531	11530	0.0616904981434
11531	11532	0.0616904981434
11532	11531	0.0616904981434
11532	11533	0.0616904981434
11533	11532	0.0616904981434
11533	11534	0.0616904981434
11534	11533	0.0616904981434
11534	11535	0.0616904981434
11535	11534	0.0616904981434
11535	11536	0.0616904981434
11536	11535	0.0616904981434
11537	10773	0.0893615037203
11537	11538	0.0893615037203
11538	11537	0.0893615037203
11538	11539	0.0893615037203
11539	11538	0.0893615037203
11539	11540	0.0893615037203
11540	11539	0.0893615037203
11540	11541	0.0893615037203
11541	11540	0.0893615037203
11541	11542	0.0893615037203
11542	11541	0.0893615037203
11542	11543	0.0893615037203
11543	11542	0.0893615037203
11543	11544	0.0893615037203
11544	11543	0.0893615037203
11544	11545	0.0893615037203
11545	11544	0.0893615037203
11545	11546	0.0893615037203
11546	11545	0.0893615037203
11546	11547	0.0893615037203
11547	11546	0.0893615037203
11547	11548	0.0893615037203
11548	11547	0.0893615037203
11548	11549	0.0893615037203
11549	11548	0.0893615037203
11549	11550	0.0893615037203
11550	11549	0.0893615037203
11550	11551	0.0893615037203
11551	11550	0.0893615037203
11551	11552	0.0893615037203
11552	11551	0.0893615037203
11552	11553	0.0893615037203
11553	11552	0.0893615037203
11553	11554	0.0893615037203
11554	11553	0.0893615037203
11554	11555	0.0893615037203
11555	11554	0.0893615037203
11555	11556	0.0893615037203
11556	11555	0.0893615037203
11556	11557	0.0893615037203
11557	11556	0.0893615037203
11557	11558	0.0893615037203
11558	11557	0.0893615037203
11558	11559	0.0893615037203
11559	11558	0.0893615037203
11559	11560	0.0802474990487
11559	11669	0.0581694990396
11560	11559	0.0802474990487
11560	11561	0.0802474990487
11561	11560	0.0802474990487
11561	11562	0.0802474990487
11562	11561	0.0802474990487
11562	11563	0.0802474990487
11563	11562	0.0802474990487
11563	11564	0.0802474990487
11564	11563	0.0802474990487
11564	11565	0.0802474990487
11565	11564	0.0802474990487
11565	11566	0.0802474990487
11566	11565	0.0802474990487
11566	11567	0.0802474990487
11567	11566	0.0802474990487
11567	11568	0.0802474990487
11568	11567	0.0802474990487
11568	11569	0.0802474990487
11569	11568	0.0802474990487
11569	11570	0.0802474990487
11570	11569	0.0802474990487
11570	11571	0.0802474990487
11571	11570	0.0802474990487
11571	11572	0.0802474990487
11572	11571	0.0802474990487
11572	11573	0.0802474990487
11573	11572	0.0802474990487
11573	11574	0.0802474990487
11574	11573	0.0802474990487
11574	11575	0.0802474990487
11575	11574	0.0802474990487
11575	11576	0.0802474990487
11576	11575	0.0802474990487
11576	11577	0.0802474990487
11577	11576	0.0802474990487
11577	11578	0.0802474990487
11578	11577	0.0802474990487
11578	11579	0.0802474990487
11579	11578	0.0802474990487
11579	11580	0.0802474990487
11580	11579	0.0802474990487
11580	11581	0.0802474990487
11581	11580	0.0802474990487
11581	11582	0.0802474990487
11582	11581	0.0802474990487
11582	11583	0.0593235008419
11582	11615	0.0675325021148
11583	11582	0.0593235008419
11583	11584	0.0593235008419
11584	11583	0.0593235008419
11584	11585	0.0593235008419
11585	11584	0.0593235008419
11585	11586	0.0593235008419
11586	11585	0.0593235008419
11586	11587	0.0593235008419
11587	11586	0.0593235008419
11587	11588	0.0593235008419
11588	11587	0.0593235008419
11588	11589	0.0593235008419
11589	11588	0.0593235008419
11589	11590	0.0593235008419
11590	11589	0.0593235008419
11590	11591	0.0593235008419
11591	11590	0.0593235008419
11591	11592	0.0593235008419
11592	11591	0.0593235008419
11592	11593	0.0593235008419
11593	11592	0.0593235008419
11593	11594	0.0593235008419
11594	11593	0.0593235008419
11594	11595	0.0593235008419
11595	11594	0.0593235008419
11595	11596	0.0593235008419
11596	11595	0.0593235008419
11596	11597	0.0593235008419
11597	11596	0.0593235008419
11597	11598	0.0593235008419
11598	11597	0.0593235008419
11598	11599	0.0593235008419
11599	11598	0.0593235008419
11599	11600	0.0593235008419
11600	11599	0.0593235008419
11600	11601	0.0593235008419
11601	11600	0.0593235008419
11601	11602	0.0593235008419
11602	11601	0.0593235008419
11602	11603	0.0593235008419
11603	11602	0.0593235008419
11603	11604	0.0593235008419
11604	11603	0.0593235008419
11604	11605	0.0593235008419
11605	11604	0.0593235008419
11605	11606	0.0593235008419
11606	11605	0.0593235008419
11606	11607	0.0593235008419
11607	11606	0.0593235008419
11607	11608	0.0593235008419
11608	11607	0.0593235008419
11608	11609	0.0593235008419
11609	11608	0.0593235008419
11609	11610	0.0593235008419
11610	11609	0.0593235008419
11610	11611	0.0593235008419
11611	11610	0.0593235008419
11611	11612	0.0593235008419
11612	11611	0.0593235008419
11612	11613	0.0593235008419
11613	11612	0.0593235008419
11613	11614	0.0593235008419
11614	11613	0.0593235008419
11615	11582	0.0675325021148
11615	11616	0.0675325021148
11616	11615	0.0675325021148
11616	11617	0.0675325021148
11617	11616	0.0675325021148
11617	11618	0.0675325021148
11618	11617	0.0675325021148
11618	11619	0.0675325021148
11619	11618	0.0675325021148
11619	11620	0.0675325021148
11620	11619	0.0675325021148
11620	11621	0.0675325021148
11621	11620	0.0675325021148
11621	11622	0.0675325021148
11622	11621	0.0675325021148
11622	11623	0.0675325021148
11623	11622	0.0675325021148
11623	11624	0.0675325021148
11624	11623	0.0675325021148
11624	11625	0.0675325021148
11625	11624	0.0675325021148
11625	11626	0.0675325021148
11626	11625	0.0675325021148
11626	11627	0.0675325021148
11627	11626	0.0675325021148
11627	11628	0.0675325021148
11628	11627	0.0675325021148
11628	11629	0.0675325021148
11629	11628	0.0675325021148
11629	11630	0.0675325021148
11630	11629	0.0675325021148
11630	11631	0.0675325021148
11631	11630	0.0675325021148
11631	11632	0.0675325021148
11632	11631	0.0675325021148
11632	11633	0.0675325021148
11633	11632	0.0675325021148
11633	11634	0.0675325021148
11634	11633	0.0675325021148
11634	11635	0.0675325021148
11635	11634	0.0675325021148
11635	11636	0.0675325021148
11636	11635	0.0675325021148
11636	11637	0.0675325021148
11637	11636	0.0675325021148
11637	11638	0.0675325021148
11638	11637	0.0675325021148
11638	11639	0.0675325021148
11639	11638	0.0675325021148
11639	11640	0.0675325021148
11640	11639	0.0675325021148
11640	11641	0.0675325021148
11641	11640	0.0675325021148
11641	11642	0.0675325021148
11642	11641	0.0675325021148
11642	11643	0.0675325021148
11643	11642	0.0675325021148
11643	11644	0.0675325021148
11644	11643	0.0675325021148
11644	11645	0.0675325021148
11645	11644	0.0675325021148
11645	11646	0.0675325021148
11646	11645	0.0675325021148
11646	11647	0.0675325021148
11647	11646	0.0675325021148
11647	11648	0.0675325021148
11648	11647	0.0675325021148
11648	11649	0.0675325021148
11649	11648	0.0675325021148
11649	11650	0.0675325021148
11650	11649	0.0675325021148
11650	11651	0.0675325021148
11651	11650	0.0675325021148
11651	11652	0.0675325021148
11652	11651	0.0675325021148
11652	11653	0.0675325021148
11653	11652	0.0675325021148
11653	11654	0.0675325021148
11654	11653	0.0675325021148
11654	11655	0.0675325021148
11655	11654	0.0675325021148
11655	11656	0.0675325021148
11656	11655	0.0675325021148
11656	11657	0.0675325021148
11657	11656	0.0675325021148
11657	11658	0.0675325021148
11658	11657	0.0675325021148
11658	11659	0.0675325021148
11659	11658	0.0675325021148
11659	11660	0.0675325021148
11660	11659	0.0675325021148
11660	11661	0.0675325021148
11661	11660	0.0675325021148
11661	11662	0.0675325021148
11662	11661	0.0675325021148
11662	11663	0.0675325021148
11663	11662	0.0675325021148
11663	11664	0.0675325021148
11664	11663	0.0675325021148
11664	11665	0.0675325021148
11665	11664	0.0675325021148
11665	11666	0.0675325021148
11666	11665	0.0675325021148
11666	11667	0.0675325021148
11667	11666	0.0675325021148
11667	11668	0.0675325021148
11668	11667	0.0675325021148
11669	11559	0.0581694990396
11669	11670	0.0581694990396
11670	11669	0.0581694990396
11670	11671	0.0581694990396
11671	11670	0.0581694990396
11671	11672	0.0581694990396
11672	11671	0.0581694990396
11672	11673	0.0581694990396
11673	11672	0.0581694990396
11673	11674	0.0581694990396
11674	11673	0.0581694990396
11674	11675	0.0581694990396
11675	11674	0.0581694990396
11675	11676	0.0581694990396
11676	11675	0.0581694990396
11676	11677	0.0581694990396
11677	11676	0.0581694990396
11677	11678	0.0581694990396
11678	11677	0.0581694990396
11678	11679	0.0581694990396
11679	11678	0.0581694990396
11679	11680	0.0581694990396
11680	11679	0.0581694990396
11680	11681	0.0581694990396
11681	11680	0.0581694990396
11681	11682	0.0581694990396
11682	11681	0.0581694990396
11682	11683	0.0581694990396
11683	11682	0.0581694990396
11683	11684	0.0581694990396
11684	11683	0.0581694990396
11684	11685	0.0581694990396
11685	11684	0.0581694990396
11685	11686	0.0581694990396
11686	11685	0.0581694990396
11686	11687	0.0581694990396
11687	11686	0.0581694990396
11687	11688	0.0581694990396
11688	11687	0.0581694990396
11688	11689	0.0581694990396
11689	11688	0.0581694990396
11689	11690	0.0581694990396
11690	11689	0.0581694990396
11690	11691	0.0581694990396
11691	11690	0.0581694990396
11691	11692	0.0581694990396
11692	11691	0.0581694990396
11692	11693	0.0581694990396
11693	11692	0.0581694990396
11693	11694	0.0581694990396
11694	11693	0.0581694990396
11694	11695	0.0581694990396
11695	11694	0.0581694990396
11695	11696	0.0581694990396
11696	11695	0.0581694990396
11696	11697	0.0581694990396
11697	11696	0.0581694990396
11697	11698	0.0581694990396
11698	11697	0.0581694990396
11698	11699	0.0581694990396
11699	11698	0.0581694990396
11699	11700	0.0581694990396
11700	11699	0.0581694990396
11700	11701	0.0581694990396
11701	11700	0.0581694990396
11701	11702	0.0581694990396
11702	11701	0.0581694990396
11702	11703	0.0581694990396
11703	11702	0.0581694990396
11703	11704	0.0581694990396
11704	11703	0.0581694990396
11704	11705	0.0581694990396
11705	11704	0.0581694990396
11705	11706	0.0581694990396
11706	11705	0.0581694990396
11706	11707	0.0581694990396
11707	11706	0.0581694990396
11707	11708	0.0581694990396
11708	11707	0.0581694990396
11708	11709	0.0581694990396
11709	11708	0.0581694990396
11709	11710	0.0581694990396
11710	11709	0.0581694990396
11711	10763	0.0526890009642
11711	11712	0.0526890009642
11712	11711	0.0526890009642
11712	11713	0.0526890009642
11713	11712	0.0526890009642
11713	11714	0.0526890009642
11714	11713	0.0526890009642
11714	11715	0.0526890009642
11715	11714	0.0526890009642
11715	11716	0.0526890009642
11716	11715	0.0526890009642
11716	11717	0.0526890009642
11717	11716	0.0526890009642
11717	11718	0.0526890009642
11718	11717	0.0526890009642
11718	11719	0.0526890009642
11719	11718	0.0526890009642
11719	11720	0.0526890009642
11720	11719	0.0526890009642
11720	11721	0.0526890009642
11721	11720	0.0526890009642
11721	11722	0.0526890009642
11722	11721	0.0526890009642
11722	11723	0.0526890009642
11723	11722	0.0526890009642
11723	11724	0.0526890009642
11724	11723	0.0526890009642
11724	11725	0.0526890009642
11725	11724	0.0526890009642
11725	11726	0.0526890009642
11726	11725	0.0526890009642
11726	11727	0.0526890009642
11727	11726	0.0526890009642
11727	11728	0.0526890009642
11728	11727	0.0526890009642
11728	11729	0.0526890009642
11729	11728	0.0526890009642
11729	11730	0.0526890009642
11730	11729	0.0526890009642
11730	11731	0.0526890009642
11731	11730	0.0526890009642
11731	11732	0.0526890009642
11732	11731	0.0526890009642
11732	11733	0.0526890009642
11733	11732	0.0526890009642
11733	11734	0.0526890009642
11734	11733	0.0526890009642
11734	11735	0.0526890009642
11735	11734	0.0526890009642
11735	11736	0.0526890009642
11736	11735	0.0526890009642
11736	11737	0.0526890009642
11737	11736	0.0526890009642
11737	11738	0.0526890009642
11738	11737	0.0526890009642
11738	11739	0.0526890009642
11739	11738	0.0526890009642
11739	11740	0.0526890009642
11740	11739	0.0526890009642
11740	11741	0.0526890009642
11741	11740	0.0526890009642
11741	11742	0.0526890009642
11742	11741	0.0526890009642
11742	11743	0.0526890009642
11743	11742	0.0526890009642
11743	11744	0.0526890009642
11744	11743	0.0526890009642
11744	11745	0.0526890009642
11745	11744	0.0526890009642
11745	11746	0.0526890009642
11746	11745	0.0526890009642
11746	11747	0.0526890009642
11747	11746	0.0526890009642
11747	11748	0.0526890009642
11748	11747	0.0526890009642
11748	11749	0.0526890009642
11749	11748	0.0526890009642
11750	10576	0.043136999011
11750	11751	0.043136999011
11751	11750	0.043136999011
11751	11752	0.043136999011
11752	11751	0.043136999011
11752	11753	0.043136999011
11753	11752	0.043136999011
11753	11754	0.043136999011
11754	11753	0.043136999011
11754	11755	0.043136999011
11755	11754	0.043136999011
11755	11756	0.043136999011
11756	11755	0.043136999011
11756	11757	0.043136999011
11757	11756	0.043136999011
11757	11758	0.043136999011
11758	11757	0.043136999011
11758	11759	0.043136999011
11759	11758	0.043136999011
11759	11760	0.043136999011
11760	11759	0.043136999011
11760	11761	0.043136999011
11761	11760	0.043136999011
11761	11762	0.043136999011
11762	11761	0.043136999011
11762	11763	0.043136999011
11763	11762	0.043136999011
11763	11764	0.043136999011
11764	11763	0.043136999011
11764	11765	0.043136999011
11765	11764	0.043136999011
11765	11766	0.043136999011
11766	11765	0.043136999011
11766	11767	0.043136999011
11767	11766	0.043136999011
11767	11768	0.043136999011
11768	11767	0.043136999011
11769	10444	0.0460230000317
11769	11770	0.0460230000317
11770	11769	0.0460230000317
11770	11771	0.0460230000317
11771	11770	0.0460230000317
11771	11772	0.0460230000317
11772	11771	0.0460230000317
11772	11773	0.0460230000317
11773	11772	0.0460230000317
11773	11774	0.0460230000317
11774	11773	0.0460230000317
11774	11775	0.0460230000317
11775	11774	0.0460230000317
11775	11776	0.0460230000317
11776	11775	0.0460230000317
11776	11777	0.0460230000317
11777	11776	0.0460230000317
11777	11778	0.0460230000317
11778	11777	0.0460230000317
11778	11779	0.0460230000317
11779	11778	0.0460230000317
11779	11780	0.0460230000317
11780	11779	0.0460230000317
11780	11781	0.0460230000317
11781	11780	0.0460230000317
11781	11782	0.0460230000317
11782	11781	0.0460230000317
11782	11783	0.0460230000317
11783	11782	0.0460230000317
11783	11784	0.0460230000317
11784	11783	0.0460230000317
11784	11785	0.0460230000317
11785	11784	0.0460230000317
11785	11786	0.0460230000317
11786	11785	0.0460230000317
11786	11787	0.0460230000317
11787	11786	0.0460230000317
11787	11788	0.0460230000317
11788	11787	0.0460230000317
11788	11789	0.0460230000317
11789	11788	0.0460230000317
11789	11790	0.0460230000317
11790	11789	0.0460230000317
11790	11791	0.0460230000317
11791	11790	0.0460230000317
11791	11792	0.0460230000317
11792	11791	0.0460230000317
11792	11793	0.0460230000317
11793	11792	0.0460230000317
11793	11794	0.0460230000317
11794	11793	0.0460230000317
11794	11795	0.0460230000317
11795	11794	0.0460230000317
11795	11796	0.0460230000317
11796	11795	0.0460230000317
11797	9024	0.0432600006461
11797	11798	0.0432600006461
11798	11797	0.0432600006461
11798	11799	0.0432600006461
11799	11798	0.0432600006461
11799	11800	0.0432600006461
11800	11799	0.0432600006461
11800	11801	0.0432600006461
11801	11800	0.0432600006461
11801	11802	0.0432600006461
11802	11801	0.0432600006461
11802	11803	0.0432600006461
11803	11802	0.0432600006461
11803	11804	0.0432600006461
11804	11803	0.0432600006461
11804	11805	0.0432600006461
11805	11804	0.0432600006461
11805	11806	0.0432600006461
11806	11805	0.0432600006461
11806	11807	0.0432600006461
11807	11806	0.0432600006461
11807	11808	0.0432600006461
11808	11807	0.0432600006461
11808	11809	0.0432600006461
11809	11808	0.0432600006461
11809	11810	0.0432600006461
11810	11809	0.0432600006461
11810	11811	0.0432600006461
11811	11810	0.0432600006461
11811	11812	0.0432600006461
11812	11811	0.0432600006461
11812	11813	0.0432600006461
11813	11812	0.0432600006461
11813	11814	0.0432600006461
11814	11813	0.0432600006461
11814	11815	0.0432600006461
11815	11814	0.0432600006461
11815	11816	0.0432600006461
11816	11815	0.0432600006461
11816	11817	0.0432600006461
11817	11816	0.0432600006461
11817	11818	0.0432600006461
11818	11817	0.0432600006461
11818	11819	0.0432600006461
11819	11818	0.0432600006461
11819	11820	0.0432600006461
11820	11819	0.0432600006461
11821	8784	0.0782399997115
11821	11822	0.0782399997115
11822	11821	0.0782399997115
11822	11823	0.0782399997115
11823	11822	0.0782399997115
11823	11824	0.0782399997115
11824	11823	0.0782399997115
11824	11825	0.0782399997115
11825	11824	0.0782399997115
11825	11826	0.0782399997115
11826	11825	0.0782399997115
11826	11827	0.0782399997115
11827	11826	0.0782399997115
11827	11828	0.0782399997115
11828	11827	0.0782399997115
11828	11829	0.0782399997115
11829	11828	0.0782399997115
11829	11830	0.0752485021949
11829	11943	0.0375309996307
11830	11829	0.0752485021949
11830	11831	0.0752485021949
11831	11830	0.0752485021949
11831	11832	0.0752485021949
11832	11831	0.0752485021949
11832	11833	0.0752485021949
11833	11832	0.0752485021949
11833	11834	0.0752485021949
11834	11833	0.0752485021949
11834	11835	0.0752485021949
11835	11834	0.0752485021949
11835	11836	0.0752485021949
11836	11835	0.0752485021949
11836	11837	0.0752485021949
11837	11836	0.0752485021949
11837	11838	0.0752485021949
11838	11837	0.0752485021949
11838	11839	0.0752485021949
11839	11838	0.0752485021949
11839	11840	0.0752485021949
11840	11839	0.0752485021949
11840	11841	0.0752485021949
11841	11840	0.0752485021949
11841	11842	0.0752485021949
11842	11841	0.0752485021949
11842	11843	0.0752485021949
11843	11842	0.0752485021949
11843	11844	0.0752485021949
11844	11843	0.0752485021949
11844	11845	0.0752485021949
11845	11844	0.0752485021949
11845	11846	0.0752485021949
11846	11845	0.0752485021949
11846	11847	0.0752485021949
11847	11846	0.0752485021949
11847	11848	0.0752485021949
11848	11847	0.0752485021949
11848	11849	0.0752485021949
11849	11848	0.0752485021949
11849	11850	0.0752485021949
11850	11849	0.0752485021949
11850	11851	0.0752485021949
11851	11850	0.0752485021949
11851	11852	0.0752485021949
11852	11851	0.0752485021949
11852	11853	0.0752485021949
11853	11852	0.0752485021949
11853	11854	0.0752485021949
11854	11853	0.0752485021949
11854	11855	0.0702999979258
11854	11929	0.0428454987705
11855	11854	0.0702999979258
11855	11856	0.0702999979258
11856	11855	0.0702999979258
11856	11857	0.0702999979258
11857	11856	0.0702999979258
11857	11858	0.0702999979258
11858	11857	0.0702999979258
11858	11859	0.0702999979258
11859	11858	0.0702999979258
11859	11860	0.0702999979258
11860	11859	0.0702999979258
11860	11861	0.0702999979258
11861	11860	0.0702999979258
11861	11862	0.0702999979258
11862	11861	0.0702999979258
11862	11863	0.0702999979258
11863	11862	0.0702999979258
11863	11864	0.0702999979258
11864	11863	0.0702999979258
11864	11865	0.0702999979258
11865	11864	0.0702999979258
11865	11866	0.0702999979258
11866	11865	0.0702999979258
11866	11867	0.0702999979258
11867	11866	0.0702999979258
11867	11868	0.0574694983661
11867	11902	0.0540179982781
11868	11867	0.0574694983661
11868	11869	0.0574694983661
11869	11868	0.0574694983661
11869	11870	0.0574694983661
11870	11869	0.0574694983661
11870	11871	0.0574694983661
11871	11870	0.0574694983661
11871	11872	0.0574694983661
11872	11871	0.0574694983661
11872	11873	0.0574694983661
11873	11872	0.0574694983661
11873	11874	0.0574694983661
11874	11873	0.0574694983661
11874	11875	0.0574694983661
11875	11874	0.0574694983661
11875	11876	0.0574694983661
11876	11875	0.0574694983661
11876	11877	0.0574694983661
11877	11876	0.0574694983661
11877	11878	0.0574694983661
11878	11877	0.0574694983661
11878	11879	0.0574694983661
11879	11878	0.0574694983661
11879	11880	0.0574694983661
11880	11879	0.0574694983661
11880	11881	0.0574694983661
11881	11880	0.0574694983661
11881	11882	0.0574694983661
11882	11881	0.0574694983661
11882	11883	0.0574694983661
11883	11882	0.0574694983661
11883	11884	0.0574694983661
11884	11883	0.0574694983661
11884	11885	0.0574694983661
11885	11884	0.0574694983661
11885	11886	0.0574694983661
11886	11885	0.0574694983661
11886	11887	0.0574694983661
11887	11886	0.0574694983661
11887	11888	0.0574694983661
11888	11887	0.0574694983661
11888	11889	0.0574694983661
11889	11888	0.0574694983661
11889	11890	0.0574694983661
11890	11889	0.0574694983661
11890	11891	0.0574694983661
11891	11890	0.0574694983661
11891	11892	0.0574694983661
11892	11891	0.0574694983661
11892	11893	0.0574694983661
11893	11892	0.0574694983661
11893	11894	0.0574694983661
11894	11893	0.0574694983661
11894	11895	0.0574694983661
11895	11894	0.0574694983661
11895	11896	0.0574694983661
11896	11895	0.0574694983661
11896	11897	0.0574694983661
11897	11896	0.0574694983661
11897	11898	0.0574694983661
11898	11897	0.0574694983661
11898	11899	0.0574694983661
11899	11898	0.0574694983661
11899	11900	0.0574694983661
11900	11899	0.0574694983661
11900	11901	0.0574694983661
11901	11900	0.0574694983661
11902	11867	0.0540179982781
11902	11903	0.0540179982781
11903	11902	0.0540179982781
11903	11904	0.0540179982781
11904	11903	0.0540179982781
11904	11905	0.0540179982781
11905	11904	0.0540179982781
11905	11906	0.0540179982781
11906	11905	0.0540179982781
11906	11907	0.0540179982781
11907	11906	0.0540179982781
11907	11908	0.0540179982781
11908	11907	0.0540179982781
11908	11909	0.0540179982781
11909	11908	0.0540179982781
11909	11910	0.0540179982781
11910	11909	0.0540179982781
11910	11911	0.0540179982781
11911	11910	0.0540179982781
11911	11912	0.0540179982781
11912	11911	0.0540179982781
11912	11913	0.0540179982781
11913	11912	0.0540179982781
11913	11914	0.0540179982781
11914	11913	0.0540179982781
11914	11915	0.0540179982781
11915	11914	0.0540179982781
11915	11916	0.0540179982781
11916	11915	0.0540179982781
11916	11917	0.0540179982781
11917	11916	0.0540179982781
11917	11918	0.0540179982781
11918	11917	0.0540179982781
11918	11919	0.0540179982781
11919	11918	0.0540179982781
11919	11920	0.0540179982781
11920	11919	0.0540179982781
11920	11921	0.0540179982781
11921	11920	0.0540179982781
11921	11922	0.0540179982781
11922	11921	0.0540179982781
11922	11923	0.0540179982781
11923	11922	0.0540179982781
11923	11924	0.0540179982781
11924	11923	0.0540179982781
11924	11925	0.0540179982781
11925	11924	0.0540179982781
11925	11926	0.0540179982781
11926	11925	0.0540179982781
11926	11927	0.0540179982781
11927	11926	0.0540179982781
11927	11928	0.0540179982781
11928	11927	0.0540179982781
11929	11854	0.0428454987705
11929	11930	0.0428454987705
11930	11929	0.0428454987705
11930	11931	0.0428454987705
11931	11930	0.0428454987705
11931	11932	0.0428454987705
11932	11931	0.0428454987705
11932	11933	0.0428454987705
11933	11932	0.0428454987705
11933	11934	0.0428454987705
11934	11933	0.0428454987705
11934	11935	0.0428454987705
11935	11934	0.0428454987705
11935	11936	0.0428454987705
11936	11935	0.0428454987705
11936	11937	0.0428454987705
11937	11936	0.0428454987705
11937	11938	0.0428454987705
11938	11937	0.0428454987705
11938	11939	0.0428454987705
11939	11938	0.0428454987705
11939	11940	0.0428454987705
11940	11939	0.0428454987705
11940	11941	0.0428454987705
11941	11940	0.0428454987705
11941	11942	0.0428454987705
11942	11941	0.0428454987705
11943	11829	0.0375309996307
11943	11944	0.0375309996307
11944	11943	0.0375309996307
11944	11945	0.0375309996307
11945	11944	0.0375309996307
11945	11946	0.0375309996307
11946	11945	0.0375309996307
11946	11947	0.0375309996307
11947	11946	0.0375309996307
11947	11948	0.0375309996307
11948	11947	0.0375309996307
11948	11949	0.0375309996307
11949	11948	0.0375309996307
11949	11950	0.0375309996307
11950	11949	0.0375309996307
11950	11951	0.0375309996307
11951	11950	0.0375309996307
11951	11952	0.0375309996307
11952	11951	0.0375309996307
11952	11953	0.0375309996307
11953	11952	0.0375309996307
11953	11954	0.0375309996307
11954	11953	0.0375309996307
11954	11955	0.0375309996307
11955	11954	0.0375309996307
11956	8767	0.0582109987736
11956	11957	0.0582109987736
11957	11956	0.0582109987736
11957	11958	0.0582109987736
11958	11957	0.0582109987736
11958	11959	0.0582109987736
11959	11958	0.0582109987736
11959	11960	0.0582109987736
11960	11959	0.0582109987736
11960	11961	0.0582109987736
11961	11960	0.0582109987736
11961	11962	0.0582109987736
11962	11961	0.0582109987736
11962	11963	0.0582109987736
11963	11962	0.0582109987736
11963	11964	0.0582109987736
11964	11963	0.0582109987736
11964	11965	0.0582109987736
11965	11964	0.0582109987736
11965	11966	0.0582109987736
11966	11965	0.0582109987736
11966	11967	0.0582109987736
11967	11966	0.0582109987736
11967	11968	0.0582109987736
11968	11967	0.0582109987736
11968	11969	0.0582109987736
11969	11968	0.0582109987736
11969	11970	0.0582109987736
11970	11969	0.0582109987736
11970	11971	0.0582109987736
11971	11970	0.0582109987736
11971	11972	0.0356590002775
11971	11980	0.053357001394
11972	11971	0.0356590002775
11972	11973	0.0356590002775
11973	11972	0.0356590002775
11973	11974	0.0356590002775
11974	11973	0.0356590002775
11974	11975	0.0356590002775
11975	11974	0.0356590002775
11975	11976	0.0356590002775
11976	11975	0.0356590002775
11976	11977	0.0356590002775
11977	11976	0.0356590002775
11977	11978	0.0356590002775
11978	11977	0.0356590002775
11978	11979	0.0356590002775
11979	11978	0.0356590002775
11980	11971	0.053357001394
11980	11981	0.053357001394
11981	11980	0.053357001394
11981	11982	0.053357001394
11982	11981	0.053357001394
11982	11983	0.053357001394
11983	11982	0.053357001394
11983	11984	0.053357001394
11984	11983	0.053357001394
11984	11985	0.053357001394
11985	11984	0.053357001394
11985	11986	0.053357001394
11986	11985	0.053357001394
11986	11987	0.053357001394
11987	11986	0.053357001394
11987	11988	0.053357001394
11988	11987	0.053357001394
11988	11989	0.053357001394
11989	11988	0.053357001394
11989	11990	0.053357001394
11990	11989	0.053357001394
11990	11991	0.053357001394
11991	11990	0.053357001394
11991	11992	0.053357001394
11992	11991	0.053357001394
11992	11993	0.053357001394
11993	11992	0.053357001394
11993	11994	0.053357001394
11994	11993	0.053357001394
11994	11995	0.053357001394
11995	11994	0.053357001394
11995	11996	0.053357001394
11996	11995	0.053357001394
11996	11997	0.053357001394
11997	11996	0.053357001394
11997	11998	0.053357001394
11998	11997	0.053357001394
11998	11999	0.053357001394
11999	11998	0.053357001394
11999	12000	0.053357001394
12000	11999	0.053357001394
12000	12001	0.053357001394
12001	12000	0.053357001394
12001	12002	0.053357001394
12002	12001	0.053357001394
12002	12003	0.053357001394
12003	12002	0.053357001394
12003	12004	0.053357001394
12004	12003	0.053357001394
12004	12005	0.053357001394
12005	12004	0.053357001394
12005	12006	0.053357001394
12006	12005	0.053357001394
12006	12007	0.053357001394
12007	12006	0.053357001394
12007	12008	0.053357001394
12008	12007	0.053357001394
12008	12009	0.053357001394
12009	12008	0.053357001394
12009	12010	0.053357001394
12010	12009	0.053357001394
12010	12011	0.053357001394
12011	12010	0.053357001394
12011	12012	0.053357001394
12012	12011	0.053357001394
12012	12013	0.053357001394
12013	12012	0.053357001394
12013	12014	0.053357001394
12014	12013	0.053357001394
12014	12015	0.053357001394
12015	12014	0.053357001394
12015	12016	0.053357001394
12016	12015	0.053357001394
12016	12017	0.053357001394
12017	12016	0.053357001394
12017	12018	0.053357001394
12018	12017	0.053357001394
12018	12019	0.053357001394
12019	12018	0.053357001394
12019	12020	0.053357001394
12020	12019	0.053357001394
12021	7827	0.0670109987259
12021	12022	0.0670109987259
12022	12021	0.0670109987259
12022	12023	0.0670109987259
12023	12022	0.0670109987259
12023	12024	0.0670109987259
12024	12023	0.0670109987259
12024	12025	0.0670109987259
12025	12024	0.0670109987259
12025	12026	0.0670109987259
12026	12025	0.0670109987259
12026	12027	0.0670109987259
12027	12026	0.0670109987259
12027	12028	0.0670109987259
12028	12027	0.0670109987259
12028	12029	0.0670109987259
12029	12028	0.0670109987259
12029	12030	0.0670109987259
12030	12029	0.0670109987259
12030	12031	0.0670109987259
12031	12030	0.0670109987259
12031	12032	0.0670109987259
12032	12031	0.0670109987259
12032	12033	0.0670109987259
12033	12032	0.0670109987259
12033	12034	0.0670109987259
12034	12033	0.0670109987259
12034	12035	0.0670109987259
12035	12034	0.0670109987259
12035	12036	0.0670109987259
12036	12035	0.0670109987259
12036	12037	0.0618330016732
12036	12104	0.0401040017605
12037	12036	0.0618330016732
12037	12038	0.0618330016732
12038	12037	0.0618330016732
12038	12039	0.0618330016732
12039	12038	0.0618330016732
12039	12040	0.0618330016732
12040	12039	0.0618330016732
12040	12041	0.0618330016732
12041	12040	0.0618330016732
12041	12042	0.0618330016732
12042	12041	0.0618330016732
12042	12043	0.0618330016732
12043	12042	0.0618330016732
12043	12044	0.0618330016732
12044	12043	0.0618330016732
12044	12045	0.0618330016732
12045	12044	0.0618330016732
12045	12046	0.0618330016732
12046	12045	0.0618330016732
12046	12047	0.0618330016732
12047	12046	0.0618330016732
12047	12048	0.0618330016732
12048	12047	0.0618330016732
12048	12049	0.0618330016732
12049	12048	0.0618330016732
12049	12050	0.0618330016732
12050	12049	0.0618330016732
12050	12051	0.0618330016732
12051	12050	0.0618330016732
12051	12052	0.0618330016732
12052	12051	0.0618330016732
12052	12053	0.0393039993942
12052	12063	0.0560079999268
12053	12052	0.0393039993942
12053	12054	0.0393039993942
12054	12053	0.0393039993942
12054	12055	0.0393039993942
12055	12054	0.0393039993942
12055	12056	0.0393039993942
12056	12055	0.0393039993942
12056	12057	0.0393039993942
12057	12056	0.0393039993942
12057	12058	0.0393039993942
12058	12057	0.0393039993942
12058	12059	0.0393039993942
12059	12058	0.0393039993942
12059	12060	0.0393039993942
12060	12059	0.0393039993942
12060	12061	0.0393039993942
12061	12060	0.0393039993942
12061	12062	0.0393039993942
12062	12061	0.0393039993942
12063	12052	0.0560079999268
12063	12064	0.0560079999268
12064	12063	0.0560079999268
12064	12065	0.0560079999268
12065	12064	0.0560079999268
12065	12066	0.0560079999268
12066	12065	0.0560079999268
12066	12067	0.0560079999268
12067	12066	0.0560079999268
12067	12068	0.0560079999268
12068	12067	0.0560079999268
12068	12069	0.0560079999268
12069	12068	0.0560079999268
12069	12070	0.0560079999268
12070	12069	0.0560079999268
12070	12071	0.0560079999268
12071	12070	0.0560079999268
12071	12072	0.0560079999268
12072	12071	0.0560079999268
12072	12073	0.0560079999268
12073	12072	0.0560079999268
12073	12074	0.0560079999268
12074	12073	0.0560079999268
12074	12075	0.0560079999268
12075	12074	0.0560079999268
12075	12076	0.0560079999268
12076	12075	0.0560079999268
12076	12077	0.0560079999268
12077	12076	0.0560079999268
12077	12078	0.0560079999268
12078	12077	0.0560079999268
12078	12079	0.0560079999268
12079	12078	0.0560079999268
12079	12080	0.0560079999268
12080	12079	0.0560079999268
12080	12081	0.0560079999268
12081	12080	0.0560079999268
12081	12082	0.0560079999268
12082	12081	0.0560079999268
12082	12083	0.0560079999268
12083	12082	0.0560079999268
12083	12084	0.0560079999268
12084	12083	0.0560079999268
12084	12085	0.0560079999268
12085	12084	0.0560079999268
12085	12086	0.0560079999268
12086	12085	0.0560079999268
12086	12087	0.0560079999268
12087	12086	0.0560079999268
12087	12088	0.0560079999268
12088	12087	0.0560079999268
12088	12089	0.0560079999268
12089	12088	0.0560079999268
12089	12090	0.0560079999268
12090	12089	0.0560079999268
12090	12091	0.0560079999268
12091	12090	0.0560079999268
12091	12092	0.0560079999268
12092	12091	0.0560079999268
12092	12093	0.0560079999268
12093	12092	0.0560079999268
12093	12094	0.0560079999268
12094	12093	0.0560079999268
12094	12095	0.0560079999268
12095	12094	0.0560079999268
12095	12096	0.0560079999268
12096	12095	0.0560079999268
12096	12097	0.0560079999268
12097	12096	0.0560079999268
12097	12098	0.0560079999268
12098	12097	0.0560079999268
12098	12099	0.0560079999268
12099	12098	0.0560079999268
12099	12100	0.0560079999268
12100	12099	0.0560079999268
12100	12101	0.0560079999268
12101	12100	0.0560079999268
12101	12102	0.0560079999268
12102	12101	0.0560079999268
12102	12103	0.0560079999268
12103	12102	0.0560079999268
12104	12036	0.0401040017605
12104	12105	0.0401040017605
12105	12104	0.0401040017605
12105	12106	0.0401040017605
12106	12105	0.0401040017605
12106	12107	0.0401040017605
12107	12106	0.0401040017605
12107	12108	0.0401040017605
12108	12107	0.0401040017605
12108	12109	0.0401040017605
12109	12108	0.0401040017605
12109	12110	0.0401040017605
12110	12109	0.0401040017605
12110	12111	0.0401040017605
12111	12110	0.0401040017605
12111	12112	0.0401040017605
12112	12111	0.0401040017605
12112	12113	0.0401040017605
12113	12112	0.0401040017605
12113	12114	0.0401040017605
12114	12113	0.0401040017605
12114	12115	0.0401040017605
12115	12114	0.0401040017605
12115	12116	0.0401040017605
12116	12115	0.0401040017605
12116	12117	0.0401040017605
12117	12116	0.0401040017605
12117	12118	0.0401040017605
12118	12117	0.0401040017605
12118	12119	0.0401040017605
12119	12118	0.0401040017605
12120	7804	0.0668945014477
12120	12121	0.0668945014477
12121	12120	0.0668945014477
12121	12122	0.0668945014477
12122	12121	0.0668945014477
12122	12123	0.0668945014477
12123	12122	0.0668945014477
12123	12124	0.0668945014477
12124	12123	0.0668945014477
12124	12125	0.0668945014477
12125	12124	0.0668945014477
12125	12126	0.0668945014477
12126	12125	0.0668945014477
12126	12127	0.0668945014477
12127	12126	0.0668945014477
12127	12128	0.0668945014477
12128	12127	0.0668945014477
12128	12129	0.0668945014477
12129	12128	0.0668945014477
12129	12130	0.0668945014477
12130	12129	0.0668945014477
12130	12131	0.0668945014477
12131	12130	0.0668945014477
12131	12132	0.0668945014477
12132	12131	0.0668945014477
12132	12133	0.0668945014477
12133	12132	0.0668945014477
12133	12134	0.0668945014477
12134	12133	0.0668945014477
12134	12135	0.0668945014477
12135	12134	0.0668945014477
12135	12136	0.0532950013876
12135	12181	0.0528915002942
12136	12135	0.0532950013876
12136	12137	0.0532950013876
12137	12136	0.0532950013876
12137	12138	0.0532950013876
12138	12137	0.0532950013876
12138	12139	0.0532950013876
12139	12138	0.0532950013876
12139	12140	0.0501544997096
12139	12177	0.0293234996498
12140	12139	0.0501544997096
12140	12141	0.0501544997096
12141	12140	0.0501544997096
12141	12142	0.0501544997096
12142	12141	0.0501544997096
12142	12143	0.0501544997096
12143	12142	0.0501544997096
12143	12144	0.0501544997096
12144	12143	0.0501544997096
12144	12145	0.0501544997096
12145	12144	0.0501544997096
12145	12146	0.0501544997096
12146	12145	0.0501544997096
12146	12147	0.0501544997096
12147	12146	0.0501544997096
12147	12148	0.0501544997096
12148	12147	0.0501544997096
12148	12149	0.0501544997096
12149	12148	0.0501544997096
12149	12150	0.0501544997096
12150	12149	0.0501544997096
12150	12151	0.0501544997096
12151	12150	0.0501544997096
12151	12152	0.0501544997096
12152	12151	0.0501544997096
12152	12153	0.0501544997096
12153	12152	0.0501544997096
12153	12154	0.0501544997096
12154	12153	0.0501544997096
12154	12155	0.0501544997096
12155	12154	0.0501544997096
12155	12156	0.0501544997096
12156	12155	0.0501544997096
12156	12157	0.0501544997096
12157	12156	0.0501544997096
12157	12158	0.0501544997096
12158	12157	0.0501544997096
12158	12159	0.0501544997096
12159	12158	0.0501544997096
12159	12160	0.0501544997096
12160	12159	0.0501544997096
12160	12161	0.0501544997096
12161	12160	0.0501544997096
12161	12162	0.0501544997096
12162	12161	0.0501544997096
12162	12163	0.0501544997096
12163	12162	0.0501544997096
12163	12164	0.0501544997096
12164	12163	0.0501544997096
12164	12165	0.0501544997096
12165	12164	0.0501544997096
12165	12166	0.0501544997096
12166	12165	0.0501544997096
12166	12167	0.0501544997096
12167	12166	0.0501544997096
12167	12168	0.0501544997096
12168	12167	0.0501544997096
12168	12169	0.0501544997096
12169	12168	0.0501544997096
12169	12170	0.0501544997096
12170	12169	0.0501544997096
12170	12171	0.0501544997096
12171	12170	0.0501544997096
12171	12172	0.0501544997096
12172	12171	0.0501544997096
12172	12173	0.0501544997096
12173	12172	0.0501544997096
12173	12174	0.0501544997096
12174	12173	0.0501544997096
12174	12175	0.0501544997096
12175	12174	0.0501544997096
12175	12176	0.0501544997096
12176	12175	0.0501544997096
12177	12139	0.0293234996498
12177	12178	0.0293234996498
12178	12177	0.0293234996498
12178	12179	0.0293234996498
12179	12178	0.0293234996498
12179	12180	0.0293234996498
12180	12179	0.0293234996498
12181	12135	0.0528915002942
12181	12182	0.0528915002942
12182	12181	0.0528915002942
12182	12183	0.0528915002942
12183	12182	0.0528915002942
12183	12184	0.0528915002942
12184	12183	0.0528915002942
12184	12185	0.0528915002942
12185	12184	0.0528915002942
12185	12186	0.0528915002942
12186	12185	0.0528915002942
12186	12187	0.0528915002942
12187	12186	0.0528915002942
12187	12188	0.0528915002942
12188	12187	0.0528915002942
12188	12189	0.0528915002942
12189	12188	0.0528915002942
12189	12190	0.0528915002942
12190	12189	0.0528915002942
12190	12191	0.0528915002942
12191	12190	0.0528915002942
12191	12192	0.0528915002942
12192	12191	0.0528915002942
12192	12193	0.0528915002942
12193	12192	0.0528915002942
12193	12194	0.0528915002942
12194	12193	0.0528915002942
12194	12195	0.0528915002942
12195	12194	0.0528915002942
12195	12196	0.0528915002942
12196	12195	0.0528915002942
12196	12197	0.0528915002942
12197	12196	0.0528915002942
12197	12198	0.0528915002942
12198	12197	0.0528915002942
12198	12199	0.0528915002942
12199	12198	0.0528915002942
12199	12200	0.0528915002942
12200	12199	0.0528915002942
12200	12201	0.0528915002942
12201	12200	0.0528915002942
12201	12202	0.0528915002942
12202	12201	0.0528915002942
12202	12203	0.0528915002942
12203	12202	0.0528915002942
12203	12204	0.0528915002942
12204	12203	0.0528915002942
12204	12205	0.0528915002942
12205	12204	0.0528915002942
12205	12206	0.0528915002942
12206	12205	0.0528915002942
12206	12207	0.0528915002942
12207	12206	0.0528915002942
12207	12208	0.0528915002942
12208	12207	0.0528915002942
12208	12209	0.0528915002942
12209	12208	0.0528915002942
12209	12210	0.0528915002942
12210	12209	0.0528915002942
12210	12211	0.0528915002942
12211	12210	0.0528915002942
12211	12212	0.0528915002942
12212	12211	0.0528915002942
12212	12213	0.0528915002942
12213	12212	0.0528915002942
12213	12214	0.0528915002942
12214	12213	0.0528915002942
12214	12215	0.0528915002942
12215	12214	0.0528915002942
12215	12216	0.0528915002942
12216	12215	0.0528915002942
12216	12217	0.0528915002942
12217	12216	0.0528915002942
12217	12218	0.0528915002942
12218	12217	0.0528915002942
12218	12219	0.0528915002942
12219	12218	0.0528915002942
12219	12220	0.0528915002942
12220	12219	0.0528915002942
12220	12221	0.0528915002942
12221	12220	0.0528915002942
12221	12222	0.0528915002942
12222	12221	0.0528915002942
12222	12223	0.0528915002942
12223	12222	0.0528915002942
12223	12224	0.0528915002942
12224	12223	0.0528915002942
12224	12225	0.0528915002942
12225	12224	0.0528915002942
12225	12226	0.0528915002942
12226	12225	0.0528915002942
12226	12227	0.0528915002942
12227	12226	0.0528915002942
12227	12228	0.0528915002942
12228	12227	0.0528915002942
12228	12229	0.0528915002942
12229	12228	0.0528915002942
12229	12230	0.0528915002942
12230	12229	0.0528915002942
12230	12231	0.0528915002942
12231	12230	0.0528915002942
12231	12232	0.0528915002942
12232	12231	0.0528915002942
12232	12233	0.0528915002942
12233	12232	0.0528915002942
12233	12234	0.0528915002942
12234	12233	0.0528915002942
12235	7424	0.0511359982193
12235	12236	0.0511359982193
12236	12235	0.0511359982193
12236	12237	0.0511359982193
12237	12236	0.0511359982193
12237	12238	0.0511359982193
12238	12237	0.0511359982193
12238	12239	0.0511359982193
12239	12238	0.0511359982193
12239	12240	0.0511359982193
12240	12239	0.0511359982193
12240	12241	0.0511359982193
12241	12240	0.0511359982193
12241	12242	0.0511359982193
12242	12241	0.0511359982193
12242	12243	0.0511359982193
12243	12242	0.0511359982193
12243	12244	0.045938000083
12243	12278	0.0332540012896
12244	12243	0.045938000083
12244	12245	0.045938000083
12245	12244	0.045938000083
12245	12246	0.045938000083
12246	12245	0.045938000083
12246	12247	0.045938000083
12247	12246	0.045938000083
12247	12248	0.045938000083
12248	12247	0.045938000083
12248	12249	0.045938000083
12249	12248	0.045938000083
12249	12250	0.045938000083
12250	12249	0.045938000083
12250	12251	0.045938000083
12251	12250	0.045938000083
12251	12252	0.045938000083
12252	12251	0.045938000083
12252	12253	0.045938000083
12253	12252	0.045938000083
12253	12254	0.045938000083
12254	12253	0.045938000083
12254	12255	0.045938000083
12255	12254	0.045938000083
12255	12256	0.045938000083
12256	12255	0.045938000083
12256	12257	0.045938000083
12257	12256	0.045938000083
12257	12258	0.045938000083
12258	12257	0.045938000083
12258	12259	0.045938000083
12259	12258	0.045938000083
12259	12260	0.045938000083
12260	12259	0.045938000083
12260	12261	0.045938000083
12261	12260	0.045938000083
12261	12262	0.045938000083
12262	12261	0.045938000083
12262	12263	0.045938000083
12263	12262	0.045938000083
12263	12264	0.045938000083
12264	12263	0.045938000083
12264	12265	0.045938000083
12265	12264	0.045938000083
12265	12266	0.045938000083
12266	12265	0.045938000083
12266	12267	0.045938000083
12267	12266	0.045938000083
12267	12268	0.045938000083
12268	12267	0.045938000083
12268	12269	0.045938000083
12269	12268	0.045938000083
12269	12270	0.045938000083
12270	12269	0.045938000083
12270	12271	0.045938000083
12271	12270	0.045938000083
12271	12272	0.045938000083
12272	12271	0.045938000083
12272	12273	0.045938000083
12273	12272	0.045938000083
12273	12274	0.045938000083
12274	12273	0.045938000083
12274	12275	0.045938000083
12275	12274	0.045938000083
12275	12276	0.045938000083
12276	12275	0.045938000083
12276	12277	0.045938000083
12277	12276	0.045938000083
12278	12243	0.0332540012896
12278	12279	0.0332540012896
12279	12278	0.0332540012896
12279	12280	0.0332540012896
12280	12279	0.0332540012896
12280	12281	0.0332540012896
12281	12280	0.0332540012896
12281	12282	0.0332540012896
12282	12281	0.0332540012896
12282	12283	0.0332540012896
12283	12282	0.0332540012896
12283	12284	0.0332540012896
12284	12283	0.0332540012896
12284	12285	0.0332540012896
12285	12284	0.0332540012896
12285	12286	0.0332540012896
12286	12285	0.0332540012896
12287	7337	0.229051500559
12287	12288	0.229051500559
12288	12287	0.229051500559
12288	12289	0.229051500559
12289	12288	0.229051500559
12289	12290	0.229051500559
12290	12289	0.229051500559
12290	12291	0.229051500559
12291	12290	0.229051500559
12291	12292	0.229051500559
12292	12291	0.229051500559
12292	12293	0.229051500559
12293	12292	0.229051500559
12293	12294	0.229051500559
12294	12293	0.229051500559
12294	12295	0.229051500559
12295	12294	0.229051500559
12295	12296	0.229051500559
12296	12295	0.229051500559
12296	12297	0.229051500559
12297	12296	0.229051500559
12297	12298	0.228411003947
12297	15084	0.0464960001409
12298	12297	0.228411003947
12298	12299	0.228411003947
12299	12298	0.228411003947
12299	12300	0.228411003947
12300	12299	0.228411003947
12300	12301	0.228411003947
12301	12300	0.228411003947
12301	12302	0.228411003947
12302	12301	0.228411003947
12302	12303	0.228411003947
12303	12302	0.228411003947
12303	12304	0.228411003947
12304	12303	0.228411003947
12304	12305	0.228411003947
12305	12304	0.228411003947
12305	12306	0.228411003947
12306	12305	0.228411003947
12306	12307	0.228411003947
12307	12306	0.228411003947
12307	12308	0.228411003947
12308	12307	0.228411003947
12308	12309	0.228049501777
12308	15060	0.0383735001087
12309	12308	0.228049501777
12309	12310	0.228049501777
12310	12309	0.228049501777
12310	12311	0.228049501777
12311	12310	0.228049501777
12311	12312	0.228049501777
12312	12311	0.228049501777
12312	12313	0.228049501777
12313	12312	0.228049501777
12313	12314	0.228049501777
12314	12313	0.228049501777
12314	12315	0.228049501777
12315	12314	0.228049501777
12315	12316	0.228049501777
12316	12315	0.228049501777
12316	12317	0.228049501777
12317	12316	0.228049501777
12317	12318	0.228049501777
12318	12317	0.228049501777
12318	12319	0.228049501777
12319	12318	0.228049501777
12319	12320	0.228049501777
12320	12319	0.228049501777
12320	12321	0.228049501777
12321	12320	0.228049501777
12321	12322	0.228049501777
12322	12321	0.228049501777
12322	12323	0.228049501777
12323	12322	0.228049501777
12323	12324	0.228049501777
12324	12323	0.228049501777
12324	12325	0.228049501777
12325	12324	0.228049501777
12325	12326	0.228049501777
12326	12325	0.228049501777
12326	12327	0.228049501777
12327	12326	0.228049501777
12327	12328	0.228049501777
12328	12327	0.228049501777
12328	12329	0.228049501777
12329	12328	0.228049501777
12329	12330	0.228049501777
12330	12329	0.228049501777
12330	12331	0.228049501777
12331	12330	0.228049501777
12331	12332	0.227561503649
12331	15027	0.0423564985394
12332	12331	0.227561503649
12332	12333	0.227561503649
12333	12332	0.227561503649
12333	12334	0.227561503649
12334	12333	0.227561503649
12334	12335	0.227561503649
12335	12334	0.227561503649
12335	12336	0.227561503649
12336	12335	0.227561503649
12336	12337	0.039005998522
12336	12361	0.227179005742
12337	12336	0.039005998522
12337	12338	0.039005998522
12338	12337	0.039005998522
12338	12339	0.039005998522
12339	12338	0.039005998522
12339	12340	0.039005998522
12340	12339	0.039005998522
12340	12341	0.039005998522
12341	12340	0.039005998522
12341	12342	0.039005998522
12342	12341	0.039005998522
12342	12343	0.039005998522
12343	12342	0.039005998522
12343	12344	0.039005998522
12344	12343	0.039005998522
12344	12345	0.039005998522
12345	12344	0.039005998522
12345	12346	0.039005998522
12346	12345	0.039005998522
12346	12347	0.039005998522
12347	12346	0.039005998522
12347	12348	0.039005998522
12348	12347	0.039005998522
12348	12349	0.039005998522
12349	12348	0.039005998522
12349	12350	0.039005998522
12350	12349	0.039005998522
12350	12351	0.039005998522
12351	12350	0.039005998522
12351	12352	0.039005998522
12352	12351	0.039005998522
12352	12353	0.039005998522
12353	12352	0.039005998522
12353	12354	0.039005998522
12354	12353	0.039005998522
12354	12355	0.039005998522
12355	12354	0.039005998522
12355	12356	0.039005998522
12356	12355	0.039005998522
12356	12357	0.039005998522
12357	12356	0.039005998522
12357	12358	0.039005998522
12358	12357	0.039005998522
12358	12359	0.039005998522
12359	12358	0.039005998522
12359	12360	0.039005998522
12360	12359	0.039005998522
12361	12336	0.227179005742
12361	12362	0.227179005742
12362	12361	0.227179005742
12362	12363	0.227179005742
12363	12362	0.227179005742
12363	12364	0.227179005742
12364	12363	0.227179005742
12364	12365	0.227179005742
12365	12364	0.227179005742
12365	12366	0.191034495831
12365	13925	0.168135493994
12366	12365	0.191034495831
12366	12367	0.191034495831
12367	12366	0.191034495831
12367	12368	0.191034495831
12368	12367	0.191034495831
12368	12369	0.191034495831
12369	12368	0.191034495831
12369	12370	0.191034495831
12370	12369	0.191034495831
12370	12371	0.191034495831
12371	12370	0.191034495831
12371	12372	0.191034495831
12372	12371	0.191034495831
12372	12373	0.191034495831
12373	12372	0.191034495831
12373	12374	0.191034495831
12374	12373	0.191034495831
12374	12375	0.191034495831
12375	12374	0.191034495831
12375	12376	0.191034495831
12376	12375	0.191034495831
12376	12377	0.191034495831
12377	12376	0.191034495831
12377	12378	0.191034495831
12378	12377	0.191034495831
12378	12379	0.191034495831
12379	12378	0.191034495831
12379	12380	0.191034495831
12380	12379	0.191034495831
12380	12381	0.191034495831
12381	12380	0.191034495831
12381	12382	0.191034495831
12382	12381	0.191034495831
12382	12383	0.191034495831
12383	12382	0.191034495831
12383	12384	0.191034495831
12384	12383	0.191034495831
12384	12385	0.191034495831
12385	12384	0.191034495831
12385	12386	0.191034495831
12386	12385	0.191034495831
12386	12387	0.191034495831
12387	12386	0.191034495831
12387	12388	0.191034495831
12388	12387	0.191034495831
12388	12389	0.191034495831
12389	12388	0.191034495831
12389	12390	0.191034495831
12390	12389	0.191034495831
12390	12391	0.191034495831
12391	12390	0.191034495831
12391	12392	0.0502590015531
12391	12439	0.18986800313
12392	12391	0.0502590015531
12392	12393	0.0502590015531
12393	12392	0.0502590015531
12393	12394	0.0502590015531
12394	12393	0.0502590015531
12394	12395	0.0502590015531
12395	12394	0.0502590015531
12395	12396	0.0289999991655
12395	12401	0.0468089990318
12396	12395	0.0289999991655
12396	12397	0.0289999991655
12397	12396	0.0289999991655
12397	12398	0.0289999991655
12398	12397	0.0289999991655
12398	12399	0.0289999991655
12399	12398	0.0289999991655
12399	12400	0.0289999991655
12400	12399	0.0289999991655
12401	12395	0.0468089990318
12401	12402	0.0468089990318
12402	12401	0.0468089990318
12402	12403	0.0468089990318
12403	12402	0.0468089990318
12403	12404	0.0468089990318
12404	12403	0.0468089990318
12404	12405	0.0468089990318
12405	12404	0.0468089990318
12405	12406	0.0468089990318
12406	12405	0.0468089990318
12406	12407	0.0468089990318
12407	12406	0.0468089990318
12407	12408	0.0468089990318
12408	12407	0.0468089990318
12408	12409	0.0468089990318
12409	12408	0.0468089990318
12409	12410	0.0468089990318
12410	12409	0.0468089990318
12410	12411	0.0468089990318
12411	12410	0.0468089990318
12411	12412	0.0468089990318
12412	12411	0.0468089990318
12412	12413	0.0468089990318
12413	12412	0.0468089990318
12413	12414	0.0468089990318
12414	12413	0.0468089990318
12414	12415	0.0468089990318
12415	12414	0.0468089990318
12415	12416	0.0468089990318
12416	12415	0.0468089990318
12416	12417	0.0468089990318
12417	12416	0.0468089990318
12417	12418	0.0468089990318
12418	12417	0.0468089990318
12418	12419	0.0468089990318
12419	12418	0.0468089990318
12419	12420	0.0468089990318
12420	12419	0.0468089990318
12420	12421	0.0468089990318
12421	12420	0.0468089990318
12421	12422	0.0468089990318
12422	12421	0.0468089990318
12422	12423	0.0468089990318
12423	12422	0.0468089990318
12423	12424	0.0468089990318
12424	12423	0.0468089990318
12424	12425	0.0468089990318
12425	12424	0.0468089990318
12425	12426	0.0468089990318
12426	12425	0.0468089990318
12426	12427	0.0468089990318
12427	12426	0.0468089990318
12427	12428	0.0468089990318
12428	12427	0.0468089990318
12428	12429	0.0468089990318
12429	12428	0.0468089990318
12429	12430	0.0468089990318
12430	12429	0.0468089990318
12430	12431	0.0468089990318
12431	12430	0.0468089990318
12431	12432	0.0468089990318
12432	12431	0.0468089990318
12432	12433	0.0468089990318
12433	12432	0.0468089990318
12433	12434	0.0468089990318
12434	12433	0.0468089990318
12434	12435	0.0468089990318
12435	12434	0.0468089990318
12435	12436	0.0468089990318
12436	12435	0.0468089990318
12436	12437	0.0468089990318
12437	12436	0.0468089990318
12437	12438	0.0468089990318
12438	12437	0.0468089990318
12439	12391	0.18986800313
12439	12440	0.18986800313
12440	12439	0.18986800313
12440	12441	0.18986800313
12441	12440	0.18986800313
12441	12442	0.18986800313
12442	12441	0.18986800313
12442	12443	0.18986800313
12443	12442	0.18986800313
12443	12444	0.18986800313
12444	12443	0.18986800313
12444	12445	0.18986800313
12445	12444	0.18986800313
12445	12446	0.18986800313
12446	12445	0.18986800313
12446	12447	0.18986800313
12447	12446	0.18986800313
12447	12448	0.18986800313
12448	12447	0.18986800313
12448	12449	0.189095497131
12448	13892	0.0436520017684
12449	12448	0.189095497131
12449	12450	0.189095497131
12450	12449	0.189095497131
12450	12451	0.189095497131
12451	12450	0.189095497131
12451	12452	0.189095497131
12452	12451	0.189095497131
12452	12453	0.189095497131
12453	12452	0.189095497131
12453	12454	0.189095497131
12454	12453	0.189095497131
12454	12455	0.189095497131
12455	12454	0.189095497131
12455	12456	0.189095497131
12456	12455	0.189095497131
12456	12457	0.189095497131
12457	12456	0.189095497131
12457	12458	0.189095497131
12458	12457	0.189095497131
12458	12459	0.18775549531
12458	13845	0.0522604994476
12459	12458	0.18775549531
12459	12460	0.18775549531
12460	12459	0.18775549531
12460	12461	0.18775549531
12461	12460	0.18775549531
12461	12462	0.18775549531
12462	12461	0.18775549531
12462	12463	0.18775549531
12463	12462	0.18775549531
12463	12464	0.18775549531
12464	12463	0.18775549531
12464	12465	0.18775549531
12465	12464	0.18775549531
12465	12466	0.18775549531
12466	12465	0.18775549531
12466	12467	0.18775549531
12467	12466	0.18775549531
12467	12468	0.18775549531
12468	12467	0.18775549531
12468	12469	0.18775549531
12469	12468	0.18775549531
12469	12470	0.18775549531
12470	12469	0.18775549531
12470	12471	0.18775549531
12471	12470	0.18775549531
12471	12472	0.18775549531
12472	12471	0.18775549531
12472	12473	0.18775549531
12473	12472	0.18775549531
12473	12474	0.18775549531
12474	12473	0.18775549531
12474	12475	0.18775549531
12475	12474	0.18775549531
12475	12476	0.18775549531
12476	12475	0.18775549531
12476	12477	0.18775549531
12477	12476	0.18775549531
12477	12478	0.18775549531
12478	12477	0.18775549531
12478	12479	0.18775549531
12479	12478	0.18775549531
12479	12480	0.0406159982085
12479	12502	0.187120005488
12480	12479	0.0406159982085
12480	12481	0.0406159982085
12481	12480	0.0406159982085
12481	12482	0.0406159982085
12482	12481	0.0406159982085
12482	12483	0.0406159982085
12483	12482	0.0406159982085
12483	12484	0.0406159982085
12484	12483	0.0406159982085
12484	12485	0.0406159982085
12485	12484	0.0406159982085
12485	12486	0.0406159982085
12486	12485	0.0406159982085
12486	12487	0.0406159982085
12487	12486	0.0406159982085
12487	12488	0.0406159982085
12488	12487	0.0406159982085
12488	12489	0.0406159982085
12489	12488	0.0406159982085
12489	12490	0.0406159982085
12490	12489	0.0406159982085
12490	12491	0.0406159982085
12491	12490	0.0406159982085
12491	12492	0.0406159982085
12492	12491	0.0406159982085
12492	12493	0.0406159982085
12493	12492	0.0406159982085
12493	12494	0.0406159982085
12494	12493	0.0406159982085
12494	12495	0.0406159982085
12495	12494	0.0406159982085
12495	12496	0.0406159982085
12496	12495	0.0406159982085
12496	12497	0.0406159982085
12497	12496	0.0406159982085
12497	12498	0.0406159982085
12498	12497	0.0406159982085
12498	12499	0.0406159982085
12499	12498	0.0406159982085
12499	12500	0.0406159982085
12500	12499	0.0406159982085
12500	12501	0.0406159982085
12501	12500	0.0406159982085
12502	12479	0.187120005488
12502	12503	0.187120005488
12503	12502	0.187120005488
12503	12504	0.187120005488
12504	12503	0.187120005488
12504	12505	0.187120005488
12505	12504	0.187120005488
12505	12506	0.187120005488
12506	12505	0.187120005488
12506	12507	0.187120005488
12507	12506	0.187120005488
12507	12508	0.187120005488
12508	12507	0.187120005488
12508	12509	0.187120005488
12509	12508	0.187120005488
12509	12510	0.0451730005443
12509	12543	0.186238005757
12510	12509	0.0451730005443
12510	12511	0.0451730005443
12511	12510	0.0451730005443
12511	12512	0.0451730005443
12512	12511	0.0451730005443
12512	12513	0.0451730005443
12513	12512	0.0451730005443
12513	12514	0.0451730005443
12514	12513	0.0451730005443
12514	12515	0.0451730005443
12515	12514	0.0451730005443
12515	12516	0.0451730005443
12516	12515	0.0451730005443
12516	12517	0.0451730005443
12517	12516	0.0451730005443
12517	12518	0.0451730005443
12518	12517	0.0451730005443
12518	12519	0.0451730005443
12519	12518	0.0451730005443
12519	12520	0.0451730005443
12520	12519	0.0451730005443
12520	12521	0.0451730005443
12521	12520	0.0451730005443
12521	12522	0.0451730005443
12522	12521	0.0451730005443
12522	12523	0.0451730005443
12523	12522	0.0451730005443
12523	12524	0.0451730005443
12524	12523	0.0451730005443
12524	12525	0.0451730005443
12525	12524	0.0451730005443
12525	12526	0.0451730005443
12526	12525	0.0451730005443
12526	12527	0.0451730005443
12527	12526	0.0451730005443
12527	12528	0.0451730005443
12528	12527	0.0451730005443
12528	12529	0.0451730005443
12529	12528	0.0451730005443
12529	12530	0.0451730005443
12530	12529	0.0451730005443
12530	12531	0.0451730005443
12531	12530	0.0451730005443
12531	12532	0.0451730005443
12532	12531	0.0451730005443
12532	12533	0.0451730005443
12533	12532	0.0451730005443
12533	12534	0.0451730005443
12534	12533	0.0451730005443
12534	12535	0.0451730005443
12535	12534	0.0451730005443
12535	12536	0.0451730005443
12536	12535	0.0451730005443
12536	12537	0.0451730005443
12537	12536	0.0451730005443
12537	12538	0.0451730005443
12538	12537	0.0451730005443
12538	12539	0.0451730005443
12539	12538	0.0451730005443
12539	12540	0.0451730005443
12540	12539	0.0451730005443
12540	12541	0.0451730005443
12541	12540	0.0451730005443
12541	12542	0.0451730005443
12542	12541	0.0451730005443
12543	12509	0.186238005757
12543	12544	0.186238005757
12544	12543	0.186238005757
12544	12545	0.186238005757
12545	12544	0.186238005757
12545	12546	0.186238005757
12546	12545	0.186238005757
12546	12547	0.186238005757
12547	12546	0.186238005757
12547	12548	0.186238005757
12548	12547	0.186238005757
12548	12549	0.186238005757
12549	12548	0.186238005757
12549	12550	0.186238005757
12550	12549	0.186238005757
12550	12551	0.186238005757
12551	12550	0.186238005757
12551	12552	0.186238005757
12552	12551	0.186238005757
12552	12553	0.186238005757
12553	12552	0.186238005757
12553	12554	0.186238005757
12554	12553	0.186238005757
12554	12555	0.186238005757
12555	12554	0.186238005757
12555	12556	0.186238005757
12556	12555	0.186238005757
12556	12557	0.186238005757
12557	12556	0.186238005757
12557	12558	0.186238005757
12558	12557	0.186238005757
12558	12559	0.186238005757
12559	12558	0.186238005757
12559	12560	0.186238005757
12560	12559	0.186238005757
12560	12561	0.186238005757
12561	12560	0.186238005757
12561	12562	0.182467997074
12561	13731	0.0727099999785
12562	12561	0.182467997074
12562	12563	0.182467997074
12563	12562	0.182467997074
12563	12564	0.182467997074
12564	12563	0.182467997074
12564	12565	0.182467997074
12565	12564	0.182467997074
12565	12566	0.182467997074
12566	12565	0.182467997074
12566	12567	0.182467997074
12567	12566	0.182467997074
12567	12568	0.182467997074
12568	12567	0.182467997074
12568	12569	0.182467997074
12569	12568	0.182467997074
12569	12570	0.182467997074
12570	12569	0.182467997074
12570	12571	0.182467997074
12571	12570	0.182467997074
12571	12572	0.182467997074
12572	12571	0.182467997074
12572	12573	0.182467997074
12573	12572	0.182467997074
12573	12574	0.182467997074
12574	12573	0.182467997074
12574	12575	0.182467997074
12575	12574	0.182467997074
12575	12576	0.182467997074
12576	12575	0.182467997074
12576	12577	0.182467997074
12577	12576	0.182467997074
12577	12578	0.182467997074
12578	12577	0.182467997074
12578	12579	0.182467997074
12579	12578	0.182467997074
12579	12580	0.182467997074
12580	12579	0.182467997074
12580	12581	0.182467997074
12581	12580	0.182467997074
12581	12582	0.182467997074
12582	12581	0.182467997074
12582	12583	0.182467997074
12583	12582	0.182467997074
12583	12584	0.182467997074
12584	12583	0.182467997074
12584	12585	0.182467997074
12585	12584	0.182467997074
12585	12586	0.182467997074
12586	12585	0.182467997074
12586	12587	0.182467997074
12587	12586	0.182467997074
12587	12588	0.182467997074
12588	12587	0.182467997074
12588	12589	0.182467997074
12589	12588	0.182467997074
12589	12590	0.182467997074
12590	12589	0.182467997074
12590	12591	0.0369384996593
12590	12603	0.181961998343
12591	12590	0.0369384996593
12591	12592	0.0369384996593
12592	12591	0.0369384996593
12592	12593	0.0369384996593
12593	12592	0.0369384996593
12593	12594	0.0369384996593
12594	12593	0.0369384996593
12594	12595	0.0369384996593
12595	12594	0.0369384996593
12595	12596	0.0369384996593
12596	12595	0.0369384996593
12596	12597	0.0369384996593
12597	12596	0.0369384996593
12597	12598	0.0369384996593
12598	12597	0.0369384996593
12598	12599	0.0369384996593
12599	12598	0.0369384996593
12599	12600	0.0369384996593
12600	12599	0.0369384996593
12600	12601	0.0369384996593
12601	12600	0.0369384996593
12601	12602	0.0369384996593
12602	12601	0.0369384996593
12603	12590	0.181961998343
12603	12604	0.181961998343
12604	12603	0.181961998343
12604	12605	0.181961998343
12605	12604	0.181961998343
12605	12606	0.181961998343
12606	12605	0.181961998343
12606	12607	0.181961998343
12607	12606	0.181961998343
12607	12608	0.181961998343
12608	12607	0.181961998343
12608	12609	0.18078699708
12608	13694	0.0487634986639
12609	12608	0.18078699708
12609	12610	0.18078699708
12610	12609	0.18078699708
12610	12611	0.18078699708
12611	12610	0.18078699708
12611	12612	0.18078699708
12612	12611	0.18078699708
12612	12613	0.18078699708
12613	12612	0.18078699708
12613	12614	0.18078699708
12614	12613	0.18078699708
12614	12615	0.174815505743
12614	13556	0.0827395021915
12615	12614	0.174815505743
12615	12616	0.174815505743
12616	12615	0.174815505743
12616	12617	0.174815505743
12617	12616	0.174815505743
12617	12618	0.174815505743
12618	12617	0.174815505743
12618	12619	0.174815505743
12619	12618	0.174815505743
12619	12620	0.174815505743
12620	12619	0.174815505743
12620	12621	0.174815505743
12621	12620	0.174815505743
12621	12622	0.174815505743
12622	12621	0.174815505743
12622	12623	0.174815505743
12623	12622	0.174815505743
12623	12624	0.174815505743
12624	12623	0.174815505743
12624	12625	0.174815505743
12625	12624	0.174815505743
12625	12626	0.174815505743
12626	12625	0.174815505743
12626	12627	0.174815505743
12627	12626	0.174815505743
12627	12628	0.174815505743
12628	12627	0.174815505743
12628	12629	0.174815505743
12629	12628	0.174815505743
12629	12630	0.174815505743
12630	12629	0.174815505743
12630	12631	0.174815505743
12631	12630	0.174815505743
12631	12632	0.174815505743
12632	12631	0.174815505743
12632	12633	0.174815505743
12633	12632	0.174815505743
12633	12634	0.174815505743
12634	12633	0.174815505743
12634	12635	0.174815505743
12635	12634	0.174815505743
12635	12636	0.174815505743
12636	12635	0.174815505743
12636	12637	0.174815505743
12637	12636	0.174815505743
12637	12638	0.174815505743
12638	12637	0.174815505743
12638	12639	0.0432699993253
12638	12659	0.173926994205
12639	12638	0.0432699993253
12639	12640	0.0432699993253
12640	12639	0.0432699993253
12640	12641	0.0432699993253
12641	12640	0.0432699993253
12641	12642	0.0432699993253
12642	12641	0.0432699993253
12642	12643	0.0432699993253
12643	12642	0.0432699993253
12643	12644	0.0432699993253
12644	12643	0.0432699993253
12644	12645	0.0432699993253
12645	12644	0.0432699993253
12645	12646	0.0432699993253
12646	12645	0.0432699993253
12646	12647	0.0432699993253
12647	12646	0.0432699993253
12647	12648	0.0432699993253
12648	12647	0.0432699993253
12648	12649	0.0432699993253
12649	12648	0.0432699993253
12649	12650	0.0432699993253
12650	12649	0.0432699993253
12650	12651	0.0432699993253
12651	12650	0.0432699993253
12651	12652	0.0432699993253
12652	12651	0.0432699993253
12652	12653	0.0432699993253
12653	12652	0.0432699993253
12653	12654	0.0432699993253
12654	12653	0.0432699993253
12654	12655	0.0432699993253
12655	12654	0.0432699993253
12655	12656	0.0432699993253
12656	12655	0.0432699993253
12656	12657	0.0432699993253
12657	12656	0.0432699993253
12657	12658	0.0432699993253
12658	12657	0.0432699993253
12659	12638	0.173926994205
12659	12660	0.173926994205
12660	12659	0.173926994205
12660	12661	0.173926994205
12661	12660	0.173926994205
12661	12662	0.173926994205
12662	12661	0.173926994205
12662	12663	0.173926994205
12663	12662	0.173926994205
12663	12664	0.173926994205
12664	12663	0.173926994205
12664	12665	0.173926994205
12665	12664	0.173926994205
12665	12666	0.173926994205
12666	12665	0.173926994205
12666	12667	0.173926994205
12667	12666	0.173926994205
12667	12668	0.173926994205
12668	12667	0.173926994205
12668	12669	0.173926994205
12669	12668	0.173926994205
12669	12670	0.173926994205
12670	12669	0.173926994205
12670	12671	0.173926994205
12671	12670	0.173926994205
12671	12672	0.173926994205
12672	12671	0.173926994205
12672	12673	0.173926994205
12673	12672	0.173926994205
12673	12674	0.173926994205
12674	12673	0.173926994205
12674	12675	0.173926994205
12675	12674	0.173926994205
12675	12676	0.173926994205
12676	12675	0.173926994205
12676	12677	0.173926994205
12677	12676	0.173926994205
12677	12678	0.173926994205
12678	12677	0.173926994205
12678	12679	0.173926994205
12679	12678	0.173926994205
12679	12680	0.173926994205
12680	12679	0.173926994205
12680	12681	0.173926994205
12681	12680	0.173926994205
12681	12682	0.173926994205
12682	12681	0.173926994205
12682	12683	0.0916635021567
12682	12835	0.164988994598
12683	12682	0.0916635021567
12683	12684	0.0916635021567
12684	12683	0.0916635021567
12684	12685	0.0916635021567
12685	12684	0.0916635021567
12685	12686	0.0916635021567
12686	12685	0.0916635021567
12686	12687	0.0916635021567
12687	12686	0.0916635021567
12687	12688	0.0916635021567
12688	12687	0.0916635021567
12688	12689	0.0916635021567
12689	12688	0.0916635021567
12689	12690	0.0916635021567
12690	12689	0.0916635021567
12690	12691	0.0916635021567
12691	12690	0.0916635021567
12691	12692	0.0916635021567
12692	12691	0.0916635021567
12692	12693	0.0916635021567
12693	12692	0.0916635021567
12693	12694	0.0916635021567
12694	12693	0.0916635021567
12694	12695	0.0916635021567
12695	12694	0.0916635021567
12695	12696	0.0916635021567
12696	12695	0.0916635021567
12696	12697	0.0916635021567
12697	12696	0.0916635021567
12697	12698	0.0916635021567
12698	12697	0.0916635021567
12698	12699	0.0916635021567
12699	12698	0.0916635021567
12699	12700	0.0916635021567
12700	12699	0.0916635021567
12700	12701	0.0916635021567
12701	12700	0.0916635021567
12701	12702	0.0916635021567
12702	12701	0.0916635021567
12702	12703	0.0916635021567
12703	12702	0.0916635021567
12703	12704	0.0916635021567
12704	12703	0.0916635021567
12704	12705	0.0916635021567
12705	12704	0.0916635021567
12705	12706	0.0916635021567
12706	12705	0.0916635021567
12706	12707	0.0916635021567
12707	12706	0.0916635021567
12707	12708	0.0916635021567
12708	12707	0.0916635021567
12708	12709	0.0916635021567
12709	12708	0.0916635021567
12709	12710	0.0895475000143
12709	12828	0.0373549982905
12710	12709	0.0895475000143
12710	12711	0.0895475000143
12711	12710	0.0895475000143
12711	12712	0.0895475000143
12712	12711	0.0895475000143
12712	12713	0.0895475000143
12713	12712	0.0895475000143
12713	12714	0.0895475000143
12714	12713	0.0895475000143
12714	12715	0.0895475000143
12715	12714	0.0895475000143
12715	12716	0.0895475000143
12716	12715	0.0895475000143
12716	12717	0.0895475000143
12717	12716	0.0895475000143
12717	12718	0.0895475000143
12718	12717	0.0895475000143
12718	12719	0.0895475000143
12719	12718	0.0895475000143
12719	12720	0.0895475000143
12720	12719	0.0895475000143
12720	12721	0.0895475000143
12721	12720	0.0895475000143
12721	12722	0.0895475000143
12722	12721	0.0895475000143
12722	12723	0.0895475000143
12723	12722	0.0895475000143
12723	12724	0.0895475000143
12724	12723	0.0895475000143
12724	12725	0.0895475000143
12725	12724	0.0895475000143
12725	12726	0.0895475000143
12726	12725	0.0895475000143
12726	12727	0.0895475000143
12727	12726	0.0895475000143
12727	12728	0.0895475000143
12728	12727	0.0895475000143
12728	12729	0.0895475000143
12729	12728	0.0895475000143
12729	12730	0.0895475000143
12730	12729	0.0895475000143
12730	12731	0.0895475000143
12731	12730	0.0895475000143
12731	12732	0.0895475000143
12732	12731	0.0895475000143
12732	12733	0.0895475000143
12733	12732	0.0895475000143
12733	12734	0.0895475000143
12734	12733	0.0895475000143
12734	12735	0.0841490030289
12734	12814	0.0496224984527
12735	12734	0.0841490030289
12735	12736	0.0841490030289
12736	12735	0.0841490030289
12736	12737	0.0841490030289
12737	12736	0.0841490030289
12737	12738	0.0841490030289
12738	12737	0.0841490030289
12738	12739	0.0841490030289
12739	12738	0.0841490030289
12739	12740	0.0841490030289
12740	12739	0.0841490030289
12740	12741	0.0841490030289
12741	12740	0.0841490030289
12741	12742	0.0841490030289
12742	12741	0.0841490030289
12742	12743	0.0841490030289
12743	12742	0.0841490030289
12743	12744	0.0841490030289
12744	12743	0.0841490030289
12744	12745	0.0841490030289
12745	12744	0.0841490030289
12745	12746	0.0841490030289
12746	12745	0.0841490030289
12746	12747	0.0841490030289
12747	12746	0.0841490030289
12747	12748	0.0841490030289
12748	12747	0.0841490030289
12748	12749	0.0841490030289
12749	12748	0.0841490030289
12749	12750	0.0841490030289
12750	12749	0.0841490030289
12750	12751	0.0841490030289
12751	12750	0.0841490030289
12751	12752	0.0841490030289
12752	12751	0.0841490030289
12752	12753	0.0841490030289
12753	12752	0.0841490030289
12753	12754	0.0841490030289
12754	12753	0.0841490030289
12754	12755	0.0841490030289
12755	12754	0.0841490030289
12755	12756	0.0841490030289
12756	12755	0.0841490030289
12756	12757	0.0841490030289
12757	12756	0.0841490030289
12757	12758	0.0841490030289
12758	12757	0.0841490030289
12758	12759	0.0841490030289
12759	12758	0.0841490030289
12759	12760	0.0841490030289
12760	12759	0.0841490030289
12760	12761	0.0841490030289
12761	12760	0.0841490030289
12761	12762	0.0841490030289
12762	12761	0.0841490030289
12762	12763	0.0637079998851
12762	12784	0.0696095004678
12763	12762	0.0637079998851
12763	12764	0.0637079998851
12764	12763	0.0637079998851
12764	12765	0.0637079998851
12765	12764	0.0637079998851
12765	12766	0.0637079998851
12766	12765	0.0637079998851
12766	12767	0.0637079998851
12767	12766	0.0637079998851
12767	12768	0.0637079998851
12768	12767	0.0637079998851
12768	12769	0.0637079998851
12769	12768	0.0637079998851
12769	12770	0.0637079998851
12770	12769	0.0637079998851
12770	12771	0.0637079998851
12771	12770	0.0637079998851
12771	12772	0.0637079998851
12772	12771	0.0637079998851
12772	12773	0.0637079998851
12773	12772	0.0637079998851
12773	12774	0.0637079998851
12774	12773	0.0637079998851
12774	12775	0.0637079998851
12775	12774	0.0637079998851
12775	12776	0.0637079998851
12776	12775	0.0637079998851
12776	12777	0.0637079998851
12777	12776	0.0637079998851
12777	12778	0.0637079998851
12778	12777	0.0637079998851
12778	12779	0.0637079998851
12779	12778	0.0637079998851
12779	12780	0.0637079998851
12780	12779	0.0637079998851
12780	12781	0.0637079998851
12781	12780	0.0637079998851
12781	12782	0.0637079998851
12782	12781	0.0637079998851
12782	12783	0.0637079998851
12783	12782	0.0637079998851
12784	12762	0.0696095004678
12784	12785	0.0696095004678
12785	12784	0.0696095004678
12785	12786	0.0696095004678
12786	12785	0.0696095004678
12786	12787	0.0696095004678
12787	12786	0.0696095004678
12787	12788	0.0696095004678
12788	12787	0.0696095004678
12788	12789	0.0696095004678
12789	12788	0.0696095004678
12789	12790	0.0696095004678
12790	12789	0.0696095004678
12790	12791	0.0696095004678
12791	12790	0.0696095004678
12791	12792	0.0696095004678
12792	12791	0.0696095004678
12792	12793	0.0696095004678
12793	12792	0.0696095004678
12793	12794	0.0696095004678
12794	12793	0.0696095004678
12794	12795	0.0696095004678
12795	12794	0.0696095004678
12795	12796	0.0696095004678
12796	12795	0.0696095004678
12796	12797	0.0696095004678
12797	12796	0.0696095004678
12797	12798	0.0696095004678
12798	12797	0.0696095004678
12798	12799	0.0696095004678
12799	12798	0.0696095004678
12799	12800	0.0696095004678
12800	12799	0.0696095004678
12800	12801	0.0696095004678
12801	12800	0.0696095004678
12801	12802	0.0696095004678
12802	12801	0.0696095004678
12802	12803	0.0696095004678
12803	12802	0.0696095004678
12803	12804	0.0696095004678
12804	12803	0.0696095004678
12804	12805	0.0696095004678
12805	12804	0.0696095004678
12805	12806	0.0696095004678
12806	12805	0.0696095004678
12806	12807	0.0696095004678
12807	12806	0.0696095004678
12807	12808	0.0696095004678
12808	12807	0.0696095004678
12808	12809	0.0696095004678
12809	12808	0.0696095004678
12809	12810	0.0696095004678
12810	12809	0.0696095004678
12810	12811	0.0696095004678
12811	12810	0.0696095004678
12811	12812	0.0696095004678
12812	12811	0.0696095004678
12812	12813	0.0696095004678
12813	12812	0.0696095004678
12814	12734	0.0496224984527
12814	12815	0.0496224984527
12815	12814	0.0496224984527
12815	12816	0.0496224984527
12816	12815	0.0496224984527
12816	12817	0.0496224984527
12817	12816	0.0496224984527
12817	12818	0.0496224984527
12818	12817	0.0496224984527
12818	12819	0.0496224984527
12819	12818	0.0496224984527
12819	12820	0.0496224984527
12820	12819	0.0496224984527
12820	12821	0.0496224984527
12821	12820	0.0496224984527
12821	12822	0.0496224984527
12822	12821	0.0496224984527
12822	12823	0.0496224984527
12823	12822	0.0496224984527
12823	12824	0.0496224984527
12824	12823	0.0496224984527
12824	12825	0.0496224984527
12825	12824	0.0496224984527
12825	12826	0.0496224984527
12826	12825	0.0496224984527
12826	12827	0.0496224984527
12827	12826	0.0496224984527
12828	12709	0.0373549982905
12828	12829	0.0373549982905
12829	12828	0.0373549982905
12829	12830	0.0373549982905
12830	12829	0.0373549982905
12830	12831	0.0373549982905
12831	12830	0.0373549982905
12831	12832	0.0373549982905
12832	12831	0.0373549982905
12832	12833	0.0373549982905
12833	12832	0.0373549982905
12833	12834	0.0373549982905
12834	12833	0.0373549982905
12835	12682	0.164988994598
12835	12836	0.164988994598
12836	12835	0.164988994598
12836	12837	0.164988994598
12837	12836	0.164988994598
12837	12838	0.164988994598
12838	12837	0.164988994598
12838	12839	0.164988994598
12839	12838	0.164988994598
12839	12840	0.164988994598
12840	12839	0.164988994598
12840	12841	0.164988994598
12841	12840	0.164988994598
12841	12842	0.164988994598
12842	12841	0.164988994598
12842	12843	0.164988994598
12843	12842	0.164988994598
12843	12844	0.164988994598
12844	12843	0.164988994598
12844	12845	0.164988994598
12845	12844	0.164988994598
12845	12846	0.164988994598
12846	12845	0.164988994598
12846	12847	0.164988994598
12847	12846	0.164988994598
12847	12848	0.164988994598
12848	12847	0.164988994598
12848	12849	0.164988994598
12849	12848	0.164988994598
12849	12850	0.164988994598
12850	12849	0.164988994598
12850	12851	0.164988994598
12851	12850	0.164988994598
12851	12852	0.163540005684
12851	13529	0.0489494986832
12852	12851	0.163540005684
12852	12853	0.163540005684
12853	12852	0.163540005684
12853	12854	0.163540005684
12854	12853	0.163540005684
12854	12855	0.163540005684
12855	12854	0.163540005684
12855	12856	0.163540005684
12856	12855	0.163540005684
12856	12857	0.163540005684
12857	12856	0.163540005684
12857	12858	0.163540005684
12858	12857	0.163540005684
12858	12859	0.163540005684
12859	12858	0.163540005684
12859	12860	0.163540005684
12860	12859	0.163540005684
12860	12861	0.163540005684
12861	12860	0.163540005684
12861	12862	0.163540005684
12862	12861	0.163540005684
12862	12863	0.163540005684
12863	12862	0.163540005684
12863	12864	0.163540005684
12864	12863	0.163540005684
12864	12865	0.163540005684
12865	12864	0.163540005684
12865	12866	0.163540005684
12866	12865	0.163540005684
12866	12867	0.163540005684
12867	12866	0.163540005684
12867	12868	0.163540005684
12868	12867	0.163540005684
12868	12869	0.157409995794
12868	13433	0.0779509991407
12869	12868	0.157409995794
12869	12870	0.157409995794
12870	12869	0.157409995794
12870	12871	0.157409995794
12871	12870	0.157409995794
12871	12872	0.157409995794
12872	12871	0.157409995794
12872	12873	0.157409995794
12873	12872	0.157409995794
12873	12874	0.157409995794
12874	12873	0.157409995794
12874	12875	0.157409995794
12875	12874	0.157409995794
12875	12876	0.157409995794
12876	12875	0.157409995794
12876	12877	0.157409995794
12877	12876	0.157409995794
12877	12878	0.157409995794
12878	12877	0.157409995794
12878	12879	0.157409995794
12879	12878	0.157409995794
12879	12880	0.157409995794
12880	12879	0.157409995794
12880	12881	0.157409995794
12881	12880	0.157409995794
12881	12882	0.157409995794
12882	12881	0.157409995794
12882	12883	0.157409995794
12883	12882	0.157409995794
12883	12884	0.157409995794
12884	12883	0.157409995794
12884	12885	0.157409995794
12885	12884	0.157409995794
12885	12886	0.157409995794
12886	12885	0.157409995794
12886	12887	0.157409995794
12887	12886	0.157409995794
12887	12888	0.157409995794
12888	12887	0.157409995794
12888	12889	0.157409995794
12889	12888	0.157409995794
12889	12890	0.157409995794
12890	12889	0.157409995794
12890	12891	0.157409995794
12891	12890	0.157409995794
12891	12892	0.157409995794
12892	12891	0.157409995794
12892	12893	0.157409995794
12893	12892	0.157409995794
12893	12894	0.157409995794
12894	12893	0.157409995794
12894	12895	0.157409995794
12895	12894	0.157409995794
12895	12896	0.157409995794
12896	12895	0.157409995794
12896	12897	0.157409995794
12897	12896	0.157409995794
12897	12898	0.157409995794
12898	12897	0.157409995794
12898	12899	0.157409995794
12899	12898	0.157409995794
12899	12900	0.157409995794
12900	12899	0.157409995794
12900	12901	0.157409995794
12901	12900	0.157409995794
12901	12902	0.157409995794
12902	12901	0.157409995794
12902	12903	0.0548189990222
12902	12935	0.155161499977
12903	12902	0.0548189990222
12903	12904	0.0548189990222
12904	12903	0.0548189990222
12904	12905	0.0548189990222
12905	12904	0.0548189990222
12905	12906	0.0548189990222
12906	12905	0.0548189990222
12906	12907	0.0548189990222
12907	12906	0.0548189990222
12907	12908	0.0548189990222
12908	12907	0.0548189990222
12908	12909	0.0548189990222
12909	12908	0.0548189990222
12909	12910	0.0548189990222
12910	12909	0.0548189990222
12910	12911	0.0548189990222
12911	12910	0.0548189990222
12911	12912	0.0548189990222
12912	12911	0.0548189990222
12912	12913	0.0548189990222
12913	12912	0.0548189990222
12913	12914	0.0548189990222
12914	12913	0.0548189990222
12914	12915	0.0548189990222
12915	12914	0.0548189990222
12915	12916	0.0548189990222
12916	12915	0.0548189990222
12916	12917	0.0548189990222
12917	12916	0.0548189990222
12917	12918	0.0548189990222
12918	12917	0.0548189990222
12918	12919	0.0548189990222
12919	12918	0.0548189990222
12919	12920	0.0548189990222
12920	12919	0.0548189990222
12920	12921	0.0548189990222
12921	12920	0.0548189990222
12921	12922	0.0548189990222
12922	12921	0.0548189990222
12922	12923	0.0548189990222
12923	12922	0.0548189990222
12923	12924	0.0548189990222
12924	12923	0.0548189990222
12924	12925	0.0548189990222
12925	12924	0.0548189990222
12925	12926	0.0548189990222
12926	12925	0.0548189990222
12926	12927	0.0548189990222
12927	12926	0.0548189990222
12927	12928	0.0548189990222
12928	12927	0.0548189990222
12928	12929	0.0548189990222
12929	12928	0.0548189990222
12929	12930	0.0548189990222
12930	12929	0.0548189990222
12930	12931	0.0548189990222
12931	12930	0.0548189990222
12931	12932	0.0548189990222
12932	12931	0.0548189990222
12932	12933	0.0548189990222
12933	12932	0.0548189990222
12933	12934	0.0548189990222
12934	12933	0.0548189990222
12935	12902	0.155161499977
12935	12936	0.155161499977
12936	12935	0.155161499977
12936	12937	0.155161499977
12937	12936	0.155161499977
12937	12938	0.155161499977
12938	12937	0.155161499977
12938	12939	0.155161499977
12939	12938	0.155161499977
12939	12940	0.155161499977
12940	12939	0.155161499977
12940	12941	0.155161499977
12941	12940	0.155161499977
12941	12942	0.155161499977
12942	12941	0.155161499977
12942	12943	0.155161499977
12943	12942	0.155161499977
12943	12944	0.155161499977
12944	12943	0.155161499977
12944	12945	0.155161499977
12945	12944	0.155161499977
12945	12946	0.155161499977
12946	12945	0.155161499977
12946	12947	0.155161499977
12947	12946	0.155161499977
12947	12948	0.155161499977
12948	12947	0.155161499977
12948	12949	0.155161499977
12949	12948	0.155161499977
12949	12950	0.155161499977
12950	12949	0.155161499977
12950	12951	0.155161499977
12951	12950	0.155161499977
12951	12952	0.155161499977
12952	12951	0.155161499977
12952	12953	0.155161499977
12953	12952	0.155161499977
12953	12954	0.155161499977
12954	12953	0.155161499977
12954	12955	0.155161499977
12955	12954	0.155161499977
12955	12956	0.155161499977
12956	12955	0.155161499977
12956	12957	0.155161499977
12957	12956	0.155161499977
12957	12958	0.155161499977
12958	12957	0.155161499977
12958	12959	0.155161499977
12959	12958	0.155161499977
12959	12960	0.155161499977
12960	12959	0.155161499977
12960	12961	0.155161499977
12961	12960	0.155161499977
12961	12962	0.155161499977
12962	12961	0.155161499977
12962	12963	0.155161499977
12963	12962	0.155161499977
12963	12964	0.155161499977
12964	12963	0.155161499977
12964	12965	0.155161499977
12965	12964	0.155161499977
12965	12966	0.155161499977
12966	12965	0.155161499977
12966	12967	0.155161499977
12967	12966	0.155161499977
12967	12968	0.155161499977
12968	12967	0.155161499977
12968	12969	0.146086007357
12968	13353	0.0851735025644
12969	12968	0.146086007357
12969	12970	0.146086007357
12970	12969	0.146086007357
12970	12971	0.146086007357
12971	12970	0.146086007357
12971	12972	0.146086007357
12972	12971	0.146086007357
12972	12973	0.146086007357
12973	12972	0.146086007357
12973	12974	0.146086007357
12974	12973	0.146086007357
12974	12975	0.146086007357
12975	12974	0.146086007357
12975	12976	0.146086007357
12976	12975	0.146086007357
12976	12977	0.0628255009651
12976	13017	0.14210550487
12977	12976	0.0628255009651
12977	12978	0.0628255009651
12978	12977	0.0628255009651
12978	12979	0.0628255009651
12979	12978	0.0628255009651
12979	12980	0.0628255009651
12980	12979	0.0628255009651
12980	12981	0.0628255009651
12981	12980	0.0628255009651
12981	12982	0.0628255009651
12982	12981	0.0628255009651
12982	12983	0.0628255009651
12983	12982	0.0628255009651
12983	12984	0.0628255009651
12984	12983	0.0628255009651
12984	12985	0.0628255009651
12985	12984	0.0628255009651
12985	12986	0.0628255009651
12986	12985	0.0628255009651
12986	12987	0.0628255009651
12987	12986	0.0628255009651
12987	12988	0.0628255009651
12988	12987	0.0628255009651
12988	12989	0.0628255009651
12989	12988	0.0628255009651
12989	12990	0.0628255009651
12990	12989	0.0628255009651
12990	12991	0.0628255009651
12991	12990	0.0628255009651
12991	12992	0.0628255009651
12992	12991	0.0628255009651
12992	12993	0.0628255009651
12993	12992	0.0628255009651
12993	12994	0.0628255009651
12994	12993	0.0628255009651
12994	12995	0.0628255009651
12995	12994	0.0628255009651
12995	12996	0.0628255009651
12996	12995	0.0628255009651
12996	12997	0.0628255009651
12997	12996	0.0628255009651
12997	12998	0.0628255009651
12998	12997	0.0628255009651
12998	12999	0.0628255009651
12999	12998	0.0628255009651
12999	13000	0.0628255009651
13000	12999	0.0628255009651
13000	13001	0.0628255009651
13001	13000	0.0628255009651
13001	13002	0.0628255009651
13002	13001	0.0628255009651
13002	13003	0.0628255009651
13003	13002	0.0628255009651
13003	13004	0.0628255009651
13004	13003	0.0628255009651
13004	13005	0.0628255009651
13005	13004	0.0628255009651
13005	13006	0.0628255009651
13006	13005	0.0628255009651
13006	13007	0.0628255009651
13007	13006	0.0628255009651
13007	13008	0.0628255009651
13008	13007	0.0628255009651
13008	13009	0.0628255009651
13009	13008	0.0628255009651
13009	13010	0.0628255009651
13010	13009	0.0628255009651
13010	13011	0.0628255009651
13011	13010	0.0628255009651
13011	13012	0.0628255009651
13012	13011	0.0628255009651
13012	13013	0.0628255009651
13013	13012	0.0628255009651
13013	13014	0.0628255009651
13014	13013	0.0628255009651
13014	13015	0.0628255009651
13015	13014	0.0628255009651
13015	13016	0.0628255009651
13016	13015	0.0628255009651
13017	12976	0.14210550487
13017	13018	0.14210550487
13018	13017	0.14210550487
13018	13019	0.14210550487
13019	13018	0.14210550487
13019	13020	0.14210550487
13020	13019	0.14210550487
13020	13021	0.14210550487
13021	13020	0.14210550487
13021	13022	0.14210550487
13022	13021	0.14210550487
13022	13023	0.14210550487
13023	13022	0.14210550487
13023	13024	0.14210550487
13024	13023	0.14210550487
13024	13025	0.062795996666
13024	13062	0.137894496322
13025	13024	0.062795996666
13025	13026	0.062795996666
13026	13025	0.062795996666
13026	13027	0.062795996666
13027	13026	0.062795996666
13027	13028	0.062795996666
13028	13027	0.062795996666
13028	13029	0.062795996666
13029	13028	0.062795996666
13029	13030	0.062795996666
13030	13029	0.062795996666
13030	13031	0.062795996666
13031	13030	0.062795996666
13031	13032	0.062795996666
13032	13031	0.062795996666
13032	13033	0.062795996666
13033	13032	0.062795996666
13033	13034	0.062795996666
13034	13033	0.062795996666
13034	13035	0.062795996666
13035	13034	0.062795996666
13035	13036	0.062795996666
13036	13035	0.062795996666
13036	13037	0.062795996666
13037	13036	0.062795996666
13037	13038	0.062795996666
13038	13037	0.062795996666
13038	13039	0.062795996666
13039	13038	0.062795996666
13039	13040	0.062795996666
13040	13039	0.062795996666
13040	13041	0.062795996666
13041	13040	0.062795996666
13041	13042	0.062795996666
13042	13041	0.062795996666
13042	13043	0.062795996666
13043	13042	0.062795996666
13043	13044	0.062795996666
13044	13043	0.062795996666
13044	13045	0.062795996666
13045	13044	0.062795996666
13045	13046	0.062795996666
13046	13045	0.062795996666
13046	13047	0.062795996666
13047	13046	0.062795996666
13047	13048	0.062795996666
13048	13047	0.062795996666
13048	13049	0.062795996666
13049	13048	0.062795996666
13049	13050	0.062795996666
13050	13049	0.062795996666
13050	13051	0.062795996666
13051	13050	0.062795996666
13051	13052	0.062795996666
13052	13051	0.062795996666
13052	13053	0.062795996666
13053	13052	0.062795996666
13053	13054	0.062795996666
13054	13053	0.062795996666
13054	13055	0.062795996666
13055	13054	0.062795996666
13055	13056	0.062795996666
13056	13055	0.062795996666
13056	13057	0.062795996666
13057	13056	0.062795996666
13057	13058	0.062795996666
13058	13057	0.062795996666
13058	13059	0.062795996666
13059	13058	0.062795996666
13059	13060	0.062795996666
13060	13059	0.062795996666
13060	13061	0.062795996666
13061	13060	0.062795996666
13062	13024	0.137894496322
13062	13063	0.137894496322
13063	13062	0.137894496322
13063	13064	0.137894496322
13064	13063	0.137894496322
13064	13065	0.137894496322
13065	13064	0.137894496322
13065	13066	0.137894496322
13066	13065	0.137894496322
13066	13067	0.137894496322
13067	13066	0.137894496322
13067	13068	0.137894496322
13068	13067	0.137894496322
13068	13069	0.137894496322
13069	13068	0.137894496322
13069	13070	0.137894496322
13070	13069	0.137894496322
13070	13071	0.137894496322
13071	13070	0.137894496322
13071	13072	0.137894496322
13072	13071	0.137894496322
13072	13073	0.137894496322
13073	13072	0.137894496322
13073	13074	0.137894496322
13074	13073	0.137894496322
13074	13075	0.137894496322
13075	13074	0.137894496322
13075	13076	0.137894496322
13076	13075	0.137894496322
13076	13077	0.137894496322
13077	13076	0.137894496322
13077	13078	0.137894496322
13078	13077	0.137894496322
13078	13079	0.0836154967546
13078	13146	0.126773506403
13079	13078	0.0836154967546
13079	13080	0.0836154967546
13080	13079	0.0836154967546
13080	13081	0.0836154967546
13081	13080	0.0836154967546
13081	13082	0.0836154967546
13082	13081	0.0836154967546
13082	13083	0.0836154967546
13083	13082	0.0836154967546
13083	13084	0.0836154967546
13084	13083	0.0836154967546
13084	13085	0.0836154967546
13085	13084	0.0836154967546
13085	13086	0.0836154967546
13086	13085	0.0836154967546
13086	13087	0.0836154967546
13087	13086	0.0836154967546
13087	13088	0.0836154967546
13088	13087	0.0836154967546
13088	13089	0.0836154967546
13089	13088	0.0836154967546
13089	13090	0.0836154967546
13090	13089	0.0836154967546
13090	13091	0.0836154967546
13091	13090	0.0836154967546
13091	13092	0.0836154967546
13092	13091	0.0836154967546
13092	13093	0.0836154967546
13093	13092	0.0836154967546
13093	13094	0.0836154967546
13094	13093	0.0836154967546
13094	13095	0.0836154967546
13095	13094	0.0836154967546
13095	13096	0.0836154967546
13096	13095	0.0836154967546
13096	13097	0.0836154967546
13097	13096	0.0836154967546
13097	13098	0.0836154967546
13098	13097	0.0836154967546
13098	13099	0.0836154967546
13099	13098	0.0836154967546
13099	13100	0.0836154967546
13100	13099	0.0836154967546
13100	13101	0.0836154967546
13101	13100	0.0836154967546
13101	13102	0.0776365026832
13101	13140	0.0488624982536
13102	13101	0.0776365026832
13102	13103	0.0776365026832
13103	13102	0.0776365026832
13103	13104	0.0776365026832
13104	13103	0.0776365026832
13104	13105	0.0776365026832
13105	13104	0.0776365026832
13105	13106	0.0776365026832
13106	13105	0.0776365026832
13106	13107	0.0776365026832
13107	13106	0.0776365026832
13107	13108	0.0776365026832
13108	13107	0.0776365026832
13108	13109	0.0776365026832
13109	13108	0.0776365026832
13109	13110	0.0776365026832
13110	13109	0.0776365026832
13110	13111	0.0776365026832
13111	13110	0.0776365026832
13111	13112	0.0776365026832
13112	13111	0.0776365026832
13112	13113	0.0776365026832
13113	13112	0.0776365026832
13113	13114	0.0776365026832
13114	13113	0.0776365026832
13114	13115	0.0776365026832
13115	13114	0.0776365026832
13115	13116	0.0776365026832
13116	13115	0.0776365026832
13116	13117	0.0776365026832
13117	13116	0.0776365026832
13117	13118	0.0776365026832
13118	13117	0.0776365026832
13118	13119	0.0776365026832
13119	13118	0.0776365026832
13119	13120	0.0776365026832
13120	13119	0.0776365026832
13120	13121	0.0776365026832
13121	13120	0.0776365026832
13121	13122	0.0776365026832
13122	13121	0.0776365026832
13122	13123	0.0776365026832
13123	13122	0.0776365026832
13123	13124	0.0776365026832
13124	13123	0.0776365026832
13124	13125	0.0776365026832
13125	13124	0.0776365026832
13125	13126	0.0776365026832
13126	13125	0.0776365026832
13126	13127	0.0776365026832
13127	13126	0.0776365026832
13127	13128	0.0776365026832
13128	13127	0.0776365026832
13128	13129	0.0776365026832
13129	13128	0.0776365026832
13129	13130	0.0776365026832
13130	13129	0.0776365026832
13130	13131	0.0776365026832
13131	13130	0.0776365026832
13131	13132	0.0776365026832
13132	13131	0.0776365026832
13132	13133	0.0776365026832
13133	13132	0.0776365026832
13133	13134	0.0776365026832
13134	13133	0.0776365026832
13134	13135	0.0776365026832
13135	13134	0.0776365026832
13135	13136	0.0776365026832
13136	13135	0.0776365026832
13136	13137	0.0776365026832
13137	13136	0.0776365026832
13137	13138	0.0776365026832
13138	13137	0.0776365026832
13138	13139	0.0776365026832
13139	13138	0.0776365026832
13140	13101	0.0488624982536
13140	13141	0.0488624982536
13141	13140	0.0488624982536
13141	13142	0.0488624982536
13142	13141	0.0488624982536
13142	13143	0.0488624982536
13143	13142	0.0488624982536
13143	13144	0.0488624982536
13144	13143	0.0488624982536
13144	13145	0.0488624982536
13145	13144	0.0488624982536
13146	13078	0.126773506403
13146	13147	0.126773506403
13147	13146	0.126773506403
13147	13148	0.126773506403
13148	13147	0.126773506403
13148	13149	0.126773506403
13149	13148	0.126773506403
13149	13150	0.126773506403
13150	13149	0.126773506403
13150	13151	0.126773506403
13151	13150	0.126773506403
13151	13152	0.126773506403
13152	13151	0.126773506403
13152	13153	0.126773506403
13153	13152	0.126773506403
13153	13154	0.126773506403
13154	13153	0.126773506403
13154	13155	0.126773506403
13155	13154	0.126773506403
13155	13156	0.126773506403
13156	13155	0.126773506403
13156	13157	0.126773506403
13157	13156	0.126773506403
13157	13158	0.126773506403
13158	13157	0.126773506403
13158	13159	0.126773506403
13159	13158	0.126773506403
13159	13160	0.126773506403
13160	13159	0.126773506403
13160	13161	0.126773506403
13161	13160	0.126773506403
13161	13162	0.126773506403
13162	13161	0.126773506403
13162	13163	0.126773506403
13163	13162	0.126773506403
13163	13164	0.126773506403
13164	13163	0.126773506403
13164	13165	0.126773506403
13165	13164	0.126773506403
13165	13166	0.126773506403
13166	13165	0.126773506403
13166	13167	0.126773506403
13167	13166	0.126773506403
13167	13168	0.126773506403
13168	13167	0.126773506403
13168	13169	0.126773506403
13169	13168	0.126773506403
13169	13170	0.120034001768
13169	13323	0.0675320029259
13170	13169	0.120034001768
13170	13171	0.120034001768
13171	13170	0.120034001768
13171	13172	0.0628520026803
13171	13193	0.113990500569
13172	13171	0.0628520026803
13172	13173	0.0628520026803
13173	13172	0.0628520026803
13173	13174	0.0628520026803
13174	13173	0.0628520026803
13174	13175	0.0628520026803
13175	13174	0.0628520026803
13175	13176	0.0628520026803
13176	13175	0.0628520026803
13176	13177	0.0628520026803
13177	13176	0.0628520026803
13177	13178	0.0628520026803
13178	13177	0.0628520026803
13178	13179	0.0628520026803
13179	13178	0.0628520026803
13179	13180	0.0628520026803
13180	13179	0.0628520026803
13180	13181	0.0628520026803
13181	13180	0.0628520026803
13181	13182	0.0628520026803
13182	13181	0.0628520026803
13182	13183	0.0628520026803
13183	13182	0.0628520026803
13183	13184	0.0628520026803
13184	13183	0.0628520026803
13184	13185	0.0628520026803
13185	13184	0.0628520026803
13185	13186	0.0628520026803
13186	13185	0.0628520026803
13186	13187	0.0628520026803
13187	13186	0.0628520026803
13187	13188	0.0628520026803
13188	13187	0.0628520026803
13188	13189	0.0628520026803
13189	13188	0.0628520026803
13189	13190	0.0628520026803
13190	13189	0.0628520026803
13190	13191	0.0628520026803
13191	13190	0.0628520026803
13191	13192	0.0628520026803
13192	13191	0.0628520026803
13193	13171	0.113990500569
13193	13194	0.113990500569
13194	13193	0.113990500569
13194	13195	0.101518496871
13194	13279	0.0757654979825
13195	13194	0.101518496871
13195	13196	0.101518496871
13196	13195	0.101518496871
13196	13197	0.101518496871
13197	13196	0.101518496871
13197	13198	0.101518496871
13198	13197	0.101518496871
13198	13199	0.101518496871
13199	13198	0.101518496871
13199	13200	0.101518496871
13200	13199	0.101518496871
13200	13201	0.097876496613
13200	13273	0.0477114990354
13201	13200	0.097876496613
13201	13202	0.097876496613
13202	13201	0.097876496613
13202	13203	0.097876496613
13203	13202	0.097876496613
13203	13204	0.097876496613
13204	13203	0.097876496613
13204	13205	0.097876496613
13205	13204	0.097876496613
13205	13206	0.097876496613
13206	13205	0.097876496613
13206	13207	0.097876496613
13207	13206	0.097876496613
13207	13208	0.097876496613
13208	13207	0.097876496613
13208	13209	0.097876496613
13209	13208	0.097876496613
13209	13210	0.097876496613
13210	13209	0.097876496613
13210	13211	0.097876496613
13211	13210	0.097876496613
13211	13212	0.097876496613
13212	13211	0.097876496613
13212	13213	0.097876496613
13213	13212	0.097876496613
13213	13214	0.097876496613
13214	13213	0.097876496613
13214	13215	0.097876496613
13215	13214	0.097876496613
13215	13216	0.097876496613
13216	13215	0.097876496613
13216	13217	0.097876496613
13217	13216	0.097876496613
13217	13218	0.097876496613
13218	13217	0.097876496613
13218	13219	0.097876496613
13219	13218	0.097876496613
13219	13220	0.097876496613
13220	13219	0.097876496613
13220	13221	0.0836879983544
13220	13256	0.0705744996667
13221	13220	0.0836879983544
13221	13222	0.0836879983544
13222	13221	0.0836879983544
13222	13223	0.0836879983544
13223	13222	0.0836879983544
13223	13224	0.0836879983544
13224	13223	0.0836879983544
13224	13225	0.0836879983544
13225	13224	0.0836879983544
13225	13226	0.0836879983544
13226	13225	0.0836879983544
13226	13227	0.0836879983544
13227	13226	0.0836879983544
13227	13228	0.0836879983544
13228	13227	0.0836879983544
13228	13229	0.0836879983544
13229	13228	0.0836879983544
13229	13230	0.0836879983544
13230	13229	0.0836879983544
13230	13231	0.0836879983544
13231	13230	0.0836879983544
13231	13232	0.0836879983544
13232	13231	0.0836879983544
13232	13233	0.0836879983544
13233	13232	0.0836879983544
13233	13234	0.0836879983544
13234	13233	0.0836879983544
13234	13235	0.0836879983544
13235	13234	0.0836879983544
13235	13236	0.0836879983544
13236	13235	0.0836879983544
13236	13237	0.0836879983544
13237	13236	0.0836879983544
13237	13238	0.0836879983544
13238	13237	0.0836879983544
13238	13239	0.0836879983544
13239	13238	0.0836879983544
13239	13240	0.0836879983544
13240	13239	0.0836879983544
13240	13241	0.0836879983544
13241	13240	0.0836879983544
13241	13242	0.0836879983544
13242	13241	0.0836879983544
13242	13243	0.0836879983544
13243	13242	0.0836879983544
13243	13244	0.0836879983544
13244	13243	0.0836879983544
13244	13245	0.0836879983544
13245	13244	0.0836879983544
13245	13246	0.0836879983544
13246	13245	0.0836879983544
13246	13247	0.0836879983544
13247	13246	0.0836879983544
13247	13248	0.0836879983544
13248	13247	0.0836879983544
13248	13249	0.0836879983544
13249	13248	0.0836879983544
13249	13250	0.0836879983544
13250	13249	0.0836879983544
13250	13251	0.0836879983544
13251	13250	0.0836879983544
13251	13252	0.0836879983544
13252	13251	0.0836879983544
13252	13253	0.0836879983544
13253	13252	0.0836879983544
13253	13254	0.0836879983544
13254	13253	0.0836879983544
13254	13255	0.0836879983544
13255	13254	0.0836879983544
13256	13220	0.0705744996667
13256	13257	0.0705744996667
13257	13256	0.0705744996667
13257	13258	0.0705744996667
13258	13257	0.0705744996667
13258	13259	0.0705744996667
13259	13258	0.0705744996667
13259	13260	0.0705744996667
13260	13259	0.0705744996667
13260	13261	0.0705744996667
13261	13260	0.0705744996667
13261	13262	0.0705744996667
13262	13261	0.0705744996667
13262	13263	0.0705744996667
13263	13262	0.0705744996667
13263	13264	0.0705744996667
13264	13263	0.0705744996667
13264	13265	0.0705744996667
13265	13264	0.0705744996667
13265	13266	0.0705744996667
13266	13265	0.0705744996667
13266	13267	0.0705744996667
13267	13266	0.0705744996667
13267	13268	0.0705744996667
13268	13267	0.0705744996667
13268	13269	0.0705744996667
13269	13268	0.0705744996667
13269	13270	0.0705744996667
13270	13269	0.0705744996667
13270	13271	0.0705744996667
13271	13270	0.0705744996667
13271	13272	0.0705744996667
13272	13271	0.0705744996667
13273	13200	0.0477114990354
13273	13274	0.0477114990354
13274	13273	0.0477114990354
13274	13275	0.0477114990354
13275	13274	0.0477114990354
13275	13276	0.0477114990354
13276	13275	0.0477114990354
13276	13277	0.0477114990354
13277	13276	0.0477114990354
13277	13278	0.0477114990354
13278	13277	0.0477114990354
13279	13194	0.0757654979825
13279	13280	0.0757654979825
13280	13279	0.0757654979825
13280	13281	0.0757654979825
13281	13280	0.0757654979825
13281	13282	0.0757654979825
13282	13281	0.0757654979825
13282	13283	0.0757654979825
13283	13282	0.0757654979825
13283	13284	0.0757654979825
13284	13283	0.0757654979825
13284	13285	0.0757654979825
13285	13284	0.0757654979825
13285	13286	0.0757654979825
13286	13285	0.0757654979825
13286	13287	0.0757654979825
13287	13286	0.0757654979825
13287	13288	0.0757654979825
13288	13287	0.0757654979825
13288	13289	0.0757654979825
13289	13288	0.0757654979825
13289	13290	0.0757654979825
13290	13289	0.0757654979825
13290	13291	0.0757654979825
13291	13290	0.0757654979825
13291	13292	0.0757654979825
13292	13291	0.0757654979825
13292	13293	0.0757654979825
13293	13292	0.0757654979825
13293	13294	0.0757654979825
13294	13293	0.0757654979825
13294	13295	0.0757654979825
13295	13294	0.0757654979825
13295	13296	0.0757654979825
13296	13295	0.0757654979825
13296	13297	0.0757654979825
13297	13296	0.0757654979825
13297	13298	0.0757654979825
13298	13297	0.0757654979825
13298	13299	0.0757654979825
13299	13298	0.0757654979825
13299	13300	0.0757654979825
13300	13299	0.0757654979825
13300	13301	0.0757654979825
13301	13300	0.0757654979825
13301	13302	0.0757654979825
13302	13301	0.0757654979825
13302	13303	0.0757654979825
13303	13302	0.0757654979825
13303	13304	0.0757654979825
13304	13303	0.0757654979825
13304	13305	0.0757654979825
13305	13304	0.0757654979825
13305	13306	0.0757654979825
13306	13305	0.0757654979825
13306	13307	0.0757654979825
13307	13306	0.0757654979825
13307	13308	0.0757654979825
13308	13307	0.0757654979825
13308	13309	0.0757654979825
13309	13308	0.0757654979825
13309	13310	0.0757654979825
13310	13309	0.0757654979825
13310	13311	0.0757654979825
13311	13310	0.0757654979825
13311	13312	0.0757654979825
13312	13311	0.0757654979825
13312	13313	0.0757654979825
13313	13312	0.0757654979825
13313	13314	0.0757654979825
13314	13313	0.0757654979825
13314	13315	0.0757654979825
13315	13314	0.0757654979825
13315	13316	0.0757654979825
13316	13315	0.0757654979825
13316	13317	0.0757654979825
13317	13316	0.0757654979825
13317	13318	0.0757654979825
13318	13317	0.0757654979825
13318	13319	0.0757654979825
13319	13318	0.0757654979825
13319	13320	0.0757654979825
13320	13319	0.0757654979825
13320	13321	0.0757654979825
13321	13320	0.0757654979825
13321	13322	0.0757654979825
13322	13321	0.0757654979825
13323	13169	0.0675320029259
13323	13324	0.0675320029259
13324	13323	0.0675320029259
13324	13325	0.0675320029259
13325	13324	0.0675320029259
13325	13326	0.0675320029259
13326	13325	0.0675320029259
13326	13327	0.0675320029259
13327	13326	0.0675320029259
13327	13328	0.0675320029259
13328	13327	0.0675320029259
13328	13329	0.0675320029259
13329	13328	0.0675320029259
13329	13330	0.0675320029259
13330	13329	0.0675320029259
13330	13331	0.0675320029259
13331	13330	0.0675320029259
13331	13332	0.0675320029259
13332	13331	0.0675320029259
13332	13333	0.0675320029259
13333	13332	0.0675320029259
13333	13334	0.0675320029259
13334	13333	0.0675320029259
13334	13335	0.0675320029259
13335	13334	0.0675320029259
13335	13336	0.0675320029259
13336	13335	0.0675320029259
13336	13337	0.0675320029259
13337	13336	0.0675320029259
13337	13338	0.0675320029259
13338	13337	0.0675320029259
13338	13339	0.0675320029259
13339	13338	0.0675320029259
13339	13340	0.0675320029259
13340	13339	0.0675320029259
13340	13341	0.0675320029259
13341	13340	0.0675320029259
13341	13342	0.0675320029259
13342	13341	0.0675320029259
13342	13343	0.0675320029259
13343	13342	0.0675320029259
13343	13344	0.0675320029259
13344	13343	0.0675320029259
13344	13345	0.0675320029259
13345	13344	0.0675320029259
13345	13346	0.0675320029259
13346	13345	0.0675320029259
13346	13347	0.0675320029259
13347	13346	0.0675320029259
13347	13348	0.0675320029259
13348	13347	0.0675320029259
13348	13349	0.0675320029259
13349	13348	0.0675320029259
13349	13350	0.0675320029259
13350	13349	0.0675320029259
13350	13351	0.0675320029259
13351	13350	0.0675320029259
13351	13352	0.0675320029259
13352	13351	0.0675320029259
13353	12968	0.0851735025644
13353	13354	0.0851735025644
13354	13353	0.0851735025644
13354	13355	0.0851735025644
13355	13354	0.0851735025644
13355	13356	0.0851735025644
13356	13355	0.0851735025644
13356	13357	0.0851735025644
13357	13356	0.0851735025644
13357	13358	0.0851735025644
13358	13357	0.0851735025644
13358	13359	0.0851735025644
13359	13358	0.0851735025644
13359	13360	0.0491680018604
13359	13373	0.0793185010552
13360	13359	0.0491680018604
13360	13361	0.0491680018604
13361	13360	0.0491680018604
13361	13362	0.0491680018604
13362	13361	0.0491680018604
13362	13363	0.0491680018604
13363	13362	0.0491680018604
13363	13364	0.0491680018604
13364	13363	0.0491680018604
13364	13365	0.0491680018604
13365	13364	0.0491680018604
13365	13366	0.0491680018604
13366	13365	0.0491680018604
13366	13367	0.0491680018604
13367	13366	0.0491680018604
13367	13368	0.0491680018604
13368	13367	0.0491680018604
13368	13369	0.0491680018604
13369	13368	0.0491680018604
13369	13370	0.0491680018604
13370	13369	0.0491680018604
13370	13371	0.0491680018604
13371	13370	0.0491680018604
13371	13372	0.0491680018604
13372	13371	0.0491680018604
13373	13359	0.0793185010552
13373	13374	0.0793185010552
13374	13373	0.0793185010552
13374	13375	0.0793185010552
13375	13374	0.0793185010552
13375	13376	0.0793185010552
13376	13375	0.0793185010552
13376	13377	0.0793185010552
13377	13376	0.0793185010552
13377	13378	0.0793185010552
13378	13377	0.0793185010552
13378	13379	0.0793185010552
13379	13378	0.0793185010552
13379	13380	0.0793185010552
13380	13379	0.0793185010552
13380	13381	0.0793185010552
13381	13380	0.0793185010552
13381	13382	0.0793185010552
13382	13381	0.0793185010552
13382	13383	0.0793185010552
13383	13382	0.0793185010552
13383	13384	0.0793185010552
13384	13383	0.0793185010552
13384	13385	0.0793185010552
13385	13384	0.0793185010552
13385	13386	0.0793185010552
13386	13385	0.0793185010552
13386	13387	0.0793185010552
13387	13386	0.0793185010552
13387	13388	0.0793185010552
13388	13387	0.0793185010552
13388	13389	0.0793185010552
13389	13388	0.0793185010552
13389	13390	0.0793185010552
13390	13389	0.0793185010552
13390	13391	0.0793185010552
13391	13390	0.0793185010552
13391	13392	0.0793185010552
13392	13391	0.0793185010552
13392	13393	0.0793185010552
13393	13392	0.0793185010552
13393	13394	0.0793185010552
13394	13393	0.0793185010552
13394	13395	0.0793185010552
13395	13394	0.0793185010552
13395	13396	0.0793185010552
13396	13395	0.0793185010552
13396	13397	0.0793185010552
13397	13396	0.0793185010552
13397	13398	0.0793185010552
13398	13397	0.0793185010552
13398	13399	0.0793185010552
13399	13398	0.0793185010552
13399	13400	0.0727220028639
13399	13428	0.0485494993627
13400	13399	0.0727220028639
13400	13401	0.0727220028639
13401	13400	0.0727220028639
13401	13402	0.0727220028639
13402	13401	0.0727220028639
13402	13403	0.0727220028639
13403	13402	0.0727220028639
13403	13404	0.0727220028639
13404	13403	0.0727220028639
13404	13405	0.0727220028639
13405	13404	0.0727220028639
13405	13406	0.0727220028639
13406	13405	0.0727220028639
13406	13407	0.0727220028639
13407	13406	0.0727220028639
13407	13408	0.0727220028639
13408	13407	0.0727220028639
13408	13409	0.0727220028639
13409	13408	0.0727220028639
13409	13410	0.0727220028639
13410	13409	0.0727220028639
13410	13411	0.0727220028639
13411	13410	0.0727220028639
13411	13412	0.0727220028639
13412	13411	0.0727220028639
13412	13413	0.0727220028639
13413	13412	0.0727220028639
13413	13414	0.0727220028639
13414	13413	0.0727220028639
13414	13415	0.0727220028639
13415	13414	0.0727220028639
13415	13416	0.0727220028639
13416	13415	0.0727220028639
13416	13417	0.0727220028639
13417	13416	0.0727220028639
13417	13418	0.0727220028639
13418	13417	0.0727220028639
13418	13419	0.0727220028639
13419	13418	0.0727220028639
13419	13420	0.0727220028639
13420	13419	0.0727220028639
13420	13421	0.0727220028639
13421	13420	0.0727220028639
13421	13422	0.0727220028639
13422	13421	0.0727220028639
13422	13423	0.0727220028639
13423	13422	0.0727220028639
13423	13424	0.0727220028639
13424	13423	0.0727220028639
13424	13425	0.0727220028639
13425	13424	0.0727220028639
13425	13426	0.0727220028639
13426	13425	0.0727220028639
13426	13427	0.0727220028639
13427	13426	0.0727220028639
13428	13399	0.0485494993627
13428	13429	0.0485494993627
13429	13428	0.0485494993627
13429	13430	0.0485494993627
13430	13429	0.0485494993627
13430	13431	0.0485494993627
13431	13430	0.0485494993627
13431	13432	0.0485494993627
13432	13431	0.0485494993627
13433	12868	0.0779509991407
13433	13434	0.0779509991407
13434	13433	0.0779509991407
13434	13435	0.0779509991407
13435	13434	0.0779509991407
13435	13436	0.0779509991407
13436	13435	0.0779509991407
13436	13437	0.0779509991407
13437	13436	0.0779509991407
13437	13438	0.0694449990988
13437	13501	0.0517705008388
13438	13437	0.0694449990988
13438	13439	0.0694449990988
13439	13438	0.0694449990988
13439	13440	0.0694449990988
13440	13439	0.0694449990988
13440	13441	0.0694449990988
13441	13440	0.0694449990988
13441	13442	0.0694449990988
13442	13441	0.0694449990988
13442	13443	0.0694449990988
13443	13442	0.0694449990988
13443	13444	0.0694449990988
13444	13443	0.0694449990988
13444	13445	0.0694449990988
13445	13444	0.0694449990988
13445	13446	0.0694449990988
13446	13445	0.0694449990988
13446	13447	0.0694449990988
13447	13446	0.0694449990988
13447	13448	0.0694449990988
13448	13447	0.0694449990988
13448	13449	0.0694449990988
13449	13448	0.0694449990988
13449	13450	0.0694449990988
13450	13449	0.0694449990988
13450	13451	0.0694449990988
13451	13450	0.0694449990988
13451	13452	0.0694449990988
13452	13451	0.0694449990988
13452	13453	0.0694449990988
13453	13452	0.0694449990988
13453	13454	0.0694449990988
13454	13453	0.0694449990988
13454	13455	0.063385002315
13454	13493	0.0431330017745
13455	13454	0.063385002315
13455	13456	0.063385002315
13456	13455	0.063385002315
13456	13457	0.063385002315
13457	13456	0.063385002315
13457	13458	0.063385002315
13458	13457	0.063385002315
13458	13459	0.063385002315
13459	13458	0.063385002315
13459	13460	0.063385002315
13460	13459	0.063385002315
13460	13461	0.063385002315
13461	13460	0.063385002315
13461	13462	0.063385002315
13462	13461	0.063385002315
13462	13463	0.063385002315
13463	13462	0.063385002315
13463	13464	0.063385002315
13464	13463	0.063385002315
13464	13465	0.063385002315
13465	13464	0.063385002315
13465	13466	0.063385002315
13466	13465	0.063385002315
13466	13467	0.063385002315
13467	13466	0.063385002315
13467	13468	0.063385002315
13468	13467	0.063385002315
13468	13469	0.063385002315
13469	13468	0.063385002315
13469	13470	0.063385002315
13470	13469	0.063385002315
13470	13471	0.063385002315
13471	13470	0.063385002315
13471	13472	0.063385002315
13472	13471	0.063385002315
13472	13473	0.063385002315
13473	13472	0.063385002315
13473	13474	0.063385002315
13474	13473	0.063385002315
13474	13475	0.063385002315
13475	13474	0.063385002315
13475	13476	0.063385002315
13476	13475	0.063385002315
13476	13477	0.063385002315
13477	13476	0.063385002315
13477	13478	0.063385002315
13478	13477	0.063385002315
13478	13479	0.063385002315
13479	13478	0.063385002315
13479	13480	0.063385002315
13480	13479	0.063385002315
13480	13481	0.063385002315
13481	13480	0.063385002315
13481	13482	0.063385002315
13482	13481	0.063385002315
13482	13483	0.063385002315
13483	13482	0.063385002315
13483	13484	0.063385002315
13484	13483	0.063385002315
13484	13485	0.063385002315
13485	13484	0.063385002315
13485	13486	0.063385002315
13486	13485	0.063385002315
13486	13487	0.063385002315
13487	13486	0.063385002315
13487	13488	0.063385002315
13488	13487	0.063385002315
13488	13489	0.063385002315
13489	13488	0.063385002315
13489	13490	0.063385002315
13490	13489	0.063385002315
13490	13491	0.063385002315
13491	13490	0.063385002315
13491	13492	0.063385002315
13492	13491	0.063385002315
13493	13454	0.0431330017745
13493	13494	0.0431330017745
13494	13493	0.0431330017745
13494	13495	0.0431330017745
13495	13494	0.0431330017745
13495	13496	0.0431330017745
13496	13495	0.0431330017745
13496	13497	0.0431330017745
13497	13496	0.0431330017745
13497	13498	0.0431330017745
13498	13497	0.0431330017745
13498	13499	0.0431330017745
13499	13498	0.0431330017745
13499	13500	0.0431330017745
13500	13499	0.0431330017745
13501	13437	0.0517705008388
13501	13502	0.0517705008388
13502	13501	0.0517705008388
13502	13503	0.0517705008388
13503	13502	0.0517705008388
13503	13504	0.0517705008388
13504	13503	0.0517705008388
13504	13505	0.0517705008388
13505	13504	0.0517705008388
13505	13506	0.0517705008388
13506	13505	0.0517705008388
13506	13507	0.0517705008388
13507	13506	0.0517705008388
13507	13508	0.0517705008388
13508	13507	0.0517705008388
13508	13509	0.0517705008388
13509	13508	0.0517705008388
13509	13510	0.0517705008388
13510	13509	0.0517705008388
13510	13511	0.0517705008388
13511	13510	0.0517705008388
13511	13512	0.0517705008388
13512	13511	0.0517705008388
13512	13513	0.0517705008388
13513	13512	0.0517705008388
13513	13514	0.0517705008388
13514	13513	0.0517705008388
13514	13515	0.0517705008388
13515	13514	0.0517705008388
13515	13516	0.0517705008388
13516	13515	0.0517705008388
13516	13517	0.0517705008388
13517	13516	0.0517705008388
13517	13518	0.0517705008388
13518	13517	0.0517705008388
13518	13519	0.0517705008388
13519	13518	0.0517705008388
13519	13520	0.0517705008388
13520	13519	0.0517705008388
13520	13521	0.0517705008388
13521	13520	0.0517705008388
13521	13522	0.0517705008388
13522	13521	0.0517705008388
13522	13523	0.0517705008388
13523	13522	0.0517705008388
13523	13524	0.0517705008388
13524	13523	0.0517705008388
13524	13525	0.0517705008388
13525	13524	0.0517705008388
13525	13526	0.0517705008388
13526	13525	0.0517705008388
13526	13527	0.0517705008388
13527	13526	0.0517705008388
13527	13528	0.0517705008388
13528	13527	0.0517705008388
13529	12851	0.0489494986832
13529	13530	0.0489494986832
13530	13529	0.0489494986832
13530	13531	0.0489494986832
13531	13530	0.0489494986832
13531	13532	0.0489494986832
13532	13531	0.0489494986832
13532	13533	0.0489494986832
13533	13532	0.0489494986832
13533	13534	0.0489494986832
13534	13533	0.0489494986832
13534	13535	0.0489494986832
13535	13534	0.0489494986832
13535	13536	0.0489494986832
13536	13535	0.0489494986832
13536	13537	0.0489494986832
13537	13536	0.0489494986832
13537	13538	0.0489494986832
13538	13537	0.0489494986832
13538	13539	0.0489494986832
13539	13538	0.0489494986832
13539	13540	0.0489494986832
13540	13539	0.0489494986832
13540	13541	0.0489494986832
13541	13540	0.0489494986832
13541	13542	0.0489494986832
13542	13541	0.0489494986832
13542	13543	0.0489494986832
13543	13542	0.0489494986832
13543	13544	0.0489494986832
13544	13543	0.0489494986832
13544	13545	0.0489494986832
13545	13544	0.0489494986832
13545	13546	0.0489494986832
13546	13545	0.0489494986832
13546	13547	0.0489494986832
13547	13546	0.0489494986832
13547	13548	0.0489494986832
13548	13547	0.0489494986832
13548	13549	0.0489494986832
13549	13548	0.0489494986832
13549	13550	0.0489494986832
13550	13549	0.0489494986832
13550	13551	0.0489494986832
13551	13550	0.0489494986832
13551	13552	0.0489494986832
13552	13551	0.0489494986832
13552	13553	0.0489494986832
13553	13552	0.0489494986832
13553	13554	0.0489494986832
13554	13553	0.0489494986832
13554	13555	0.0489494986832
13555	13554	0.0489494986832
13556	12614	0.0827395021915
13556	13557	0.0827395021915
13557	13556	0.0827395021915
13557	13558	0.0827395021915
13558	13557	0.0827395021915
13558	13559	0.0827395021915
13559	13558	0.0827395021915
13559	13560	0.0827395021915
13560	13559	0.0827395021915
13560	13561	0.0827395021915
13561	13560	0.0827395021915
13561	13562	0.0827395021915
13562	13561	0.0827395021915
13562	13563	0.0827395021915
13563	13562	0.0827395021915
13563	13564	0.0827395021915
13564	13563	0.0827395021915
13564	13565	0.0827395021915
13565	13564	0.0827395021915
13565	13566	0.0827395021915
13566	13565	0.0827395021915
13566	13567	0.0827395021915
13567	13566	0.0827395021915
13567	13568	0.0827395021915
13568	13567	0.0827395021915
13568	13569	0.0827395021915
13569	13568	0.0827395021915
13569	13570	0.0827395021915
13570	13569	0.0827395021915
13570	13571	0.0827395021915
13571	13570	0.0827395021915
13571	13572	0.0357845015824
13571	13580	0.0804454982281
13572	13571	0.0357845015824
13572	13573	0.0357845015824
13573	13572	0.0357845015824
13573	13574	0.0357845015824
13574	13573	0.0357845015824
13574	13575	0.0357845015824
13575	13574	0.0357845015824
13575	13576	0.0357845015824
13576	13575	0.0357845015824
13576	13577	0.0357845015824
13577	13576	0.0357845015824
13577	13578	0.0357845015824
13578	13577	0.0357845015824
13578	13579	0.0357845015824
13579	13578	0.0357845015824
13580	13571	0.0804454982281
13580	13581	0.0804454982281
13581	13580	0.0804454982281
13581	13582	0.0804454982281
13582	13581	0.0804454982281
13582	13583	0.0804454982281
13583	13582	0.0804454982281
13583	13584	0.0804454982281
13584	13583	0.0804454982281
13584	13585	0.0804454982281
13585	13584	0.0804454982281
13585	13586	0.0804454982281
13586	13585	0.0804454982281
13586	13587	0.0804454982281
13587	13586	0.0804454982281
13587	13588	0.0804454982281
13588	13587	0.0804454982281
13588	13589	0.0804454982281
13589	13588	0.0804454982281
13589	13590	0.0804454982281
13590	13589	0.0804454982281
13590	13591	0.0804454982281
13591	13590	0.0804454982281
13591	13592	0.0804454982281
13592	13591	0.0804454982281
13592	13593	0.0804454982281
13593	13592	0.0804454982281
13593	13594	0.0804454982281
13594	13593	0.0804454982281
13594	13595	0.0804454982281
13595	13594	0.0804454982281
13595	13596	0.0804454982281
13596	13595	0.0804454982281
13596	13597	0.0804454982281
13597	13596	0.0804454982281
13597	13598	0.0554369986057
13597	13632	0.0704884976149
13598	13597	0.0554369986057
13598	13599	0.0554369986057
13599	13598	0.0554369986057
13599	13600	0.0554369986057
13600	13599	0.0554369986057
13600	13601	0.0554369986057
13601	13600	0.0554369986057
13601	13602	0.0554369986057
13602	13601	0.0554369986057
13602	13603	0.0554369986057
13603	13602	0.0554369986057
13603	13604	0.0554369986057
13604	13603	0.0554369986057
13604	13605	0.0554369986057
13605	13604	0.0554369986057
13605	13606	0.0554369986057
13606	13605	0.0554369986057
13606	13607	0.0554369986057
13607	13606	0.0554369986057
13607	13608	0.0554369986057
13608	13607	0.0554369986057
13608	13609	0.0554369986057
13609	13608	0.0554369986057
13609	13610	0.0554369986057
13610	13609	0.0554369986057
13610	13611	0.0554369986057
13611	13610	0.0554369986057
13611	13612	0.0554369986057
13612	13611	0.0554369986057
13612	13613	0.0554369986057
13613	13612	0.0554369986057
13613	13614	0.0554369986057
13614	13613	0.0554369986057
13614	13615	0.0554369986057
13615	13614	0.0554369986057
13615	13616	0.0554369986057
13616	13615	0.0554369986057
13616	13617	0.0554369986057
13617	13616	0.0554369986057
13617	13618	0.0554369986057
13618	13617	0.0554369986057
13618	13619	0.0554369986057
13619	13618	0.0554369986057
13619	13620	0.0554369986057
13620	13619	0.0554369986057
13620	13621	0.0554369986057
13621	13620	0.0554369986057
13621	13622	0.0554369986057
13622	13621	0.0554369986057
13622	13623	0.0554369986057
13623	13622	0.0554369986057
13623	13624	0.0554369986057
13624	13623	0.0554369986057
13624	13625	0.0554369986057
13625	13624	0.0554369986057
13625	13626	0.0554369986057
13626	13625	0.0554369986057
13626	13627	0.0554369986057
13627	13626	0.0554369986057
13627	13628	0.0554369986057
13628	13627	0.0554369986057
13628	13629	0.0554369986057
13629	13628	0.0554369986057
13629	13630	0.0554369986057
13630	13629	0.0554369986057
13630	13631	0.0554369986057
13631	13630	0.0554369986057
13632	13597	0.0704884976149
13632	13633	0.0704884976149
13633	13632	0.0704884976149
13633	13634	0.0704884976149
13634	13633	0.0704884976149
13634	13635	0.0704884976149
13635	13634	0.0704884976149
13635	13636	0.0704884976149
13636	13635	0.0704884976149
13636	13637	0.0704884976149
13637	13636	0.0704884976149
13637	13638	0.0704884976149
13638	13637	0.0704884976149
13638	13639	0.0704884976149
13639	13638	0.0704884976149
13639	13640	0.0704884976149
13640	13639	0.0704884976149
13640	13641	0.0704884976149
13641	13640	0.0704884976149
13641	13642	0.0704884976149
13642	13641	0.0704884976149
13642	13643	0.0704884976149
13643	13642	0.0704884976149
13643	13644	0.0704884976149
13644	13643	0.0704884976149
13644	13645	0.0704884976149
13645	13644	0.0704884976149
13645	13646	0.0704884976149
13646	13645	0.0704884976149
13646	13647	0.0704884976149
13647	13646	0.0704884976149
13647	13648	0.0704884976149
13648	13647	0.0704884976149
13648	13649	0.0704884976149
13649	13648	0.0704884976149
13649	13650	0.0422644987702
13649	13656	0.0650084987283
13650	13649	0.0422644987702
13650	13651	0.0422644987702
13651	13650	0.0422644987702
13651	13652	0.0422644987702
13652	13651	0.0422644987702
13652	13653	0.0422644987702
13653	13652	0.0422644987702
13653	13654	0.0422644987702
13654	13653	0.0422644987702
13654	13655	0.0422644987702
13655	13654	0.0422644987702
13656	13649	0.0650084987283
13656	13657	0.0650084987283
13657	13656	0.0650084987283
13657	13658	0.0650084987283
13658	13657	0.0650084987283
13658	13659	0.0650084987283
13659	13658	0.0650084987283
13659	13660	0.0650084987283
13660	13659	0.0650084987283
13660	13661	0.0650084987283
13661	13660	0.0650084987283
13661	13662	0.0650084987283
13662	13661	0.0650084987283
13662	13663	0.0650084987283
13663	13662	0.0650084987283
13663	13664	0.0650084987283
13664	13663	0.0650084987283
13664	13665	0.0650084987283
13665	13664	0.0650084987283
13665	13666	0.0650084987283
13666	13665	0.0650084987283
13666	13667	0.0650084987283
13667	13666	0.0650084987283
13667	13668	0.0650084987283
13668	13667	0.0650084987283
13668	13669	0.0650084987283
13669	13668	0.0650084987283
13669	13670	0.0650084987283
13670	13669	0.0650084987283
13670	13671	0.0650084987283
13671	13670	0.0650084987283
13671	13672	0.0650084987283
13672	13671	0.0650084987283
13672	13673	0.0650084987283
13673	13672	0.0650084987283
13673	13674	0.0650084987283
13674	13673	0.0650084987283
13674	13675	0.0650084987283
13675	13674	0.0650084987283
13675	13676	0.0650084987283
13676	13675	0.0650084987283
13676	13677	0.0650084987283
13677	13676	0.0650084987283
13677	13678	0.0650084987283
13678	13677	0.0650084987283
13678	13679	0.0650084987283
13679	13678	0.0650084987283
13679	13680	0.0650084987283
13680	13679	0.0650084987283
13680	13681	0.0650084987283
13681	13680	0.0650084987283
13681	13682	0.0650084987283
13682	13681	0.0650084987283
13682	13683	0.0650084987283
13683	13682	0.0650084987283
13683	13684	0.0650084987283
13684	13683	0.0650084987283
13684	13685	0.0650084987283
13685	13684	0.0650084987283
13685	13686	0.0650084987283
13686	13685	0.0650084987283
13686	13687	0.0650084987283
13687	13686	0.0650084987283
13687	13688	0.0650084987283
13688	13687	0.0650084987283
13688	13689	0.0650084987283
13689	13688	0.0650084987283
13689	13690	0.0650084987283
13690	13689	0.0650084987283
13690	13691	0.0650084987283
13691	13690	0.0650084987283
13691	13692	0.0650084987283
13692	13691	0.0650084987283
13692	13693	0.0650084987283
13693	13692	0.0650084987283
13694	12608	0.0487634986639
13694	13695	0.0487634986639
13695	13694	0.0487634986639
13695	13696	0.0487634986639
13696	13695	0.0487634986639
13696	13697	0.0487634986639
13697	13696	0.0487634986639
13697	13698	0.0487634986639
13698	13697	0.0487634986639
13698	13699	0.0487634986639
13699	13698	0.0487634986639
13699	13700	0.0487634986639
13700	13699	0.0487634986639
13700	13701	0.0487634986639
13701	13700	0.0487634986639
13701	13702	0.0487634986639
13702	13701	0.0487634986639
13702	13703	0.0487634986639
13703	13702	0.0487634986639
13703	13704	0.0487634986639
13704	13703	0.0487634986639
13704	13705	0.0487634986639
13705	13704	0.0487634986639
13705	13706	0.0487634986639
13706	13705	0.0487634986639
13706	13707	0.0487634986639
13707	13706	0.0487634986639
13707	13708	0.0487634986639
13708	13707	0.0487634986639
13708	13709	0.0487634986639
13709	13708	0.0487634986639
13709	13710	0.0487634986639
13710	13709	0.0487634986639
13710	13711	0.0487634986639
13711	13710	0.0487634986639
13711	13712	0.0487634986639
13712	13711	0.0487634986639
13712	13713	0.0487634986639
13713	13712	0.0487634986639
13713	13714	0.0487634986639
13714	13713	0.0487634986639
13714	13715	0.0487634986639
13715	13714	0.0487634986639
13715	13716	0.0487634986639
13716	13715	0.0487634986639
13716	13717	0.0487634986639
13717	13716	0.0487634986639
13717	13718	0.0487634986639
13718	13717	0.0487634986639
13718	13719	0.0487634986639
13719	13718	0.0487634986639
13719	13720	0.0487634986639
13720	13719	0.0487634986639
13720	13721	0.0487634986639
13721	13720	0.0487634986639
13721	13722	0.0487634986639
13722	13721	0.0487634986639
13722	13723	0.0487634986639
13723	13722	0.0487634986639
13723	13724	0.0487634986639
13724	13723	0.0487634986639
13724	13725	0.0487634986639
13725	13724	0.0487634986639
13725	13726	0.0487634986639
13726	13725	0.0487634986639
13726	13727	0.0487634986639
13727	13726	0.0487634986639
13727	13728	0.0487634986639
13728	13727	0.0487634986639
13728	13729	0.0487634986639
13729	13728	0.0487634986639
13729	13730	0.0487634986639
13730	13729	0.0487634986639
13731	12561	0.0727099999785
13731	13732	0.0727099999785
13732	13731	0.0727099999785
13732	13733	0.0727099999785
13733	13732	0.0727099999785
13733	13734	0.0727099999785
13734	13733	0.0727099999785
13734	13735	0.0727099999785
13735	13734	0.0727099999785
13735	13736	0.0727099999785
13736	13735	0.0727099999785
13736	13737	0.0727099999785
13737	13736	0.0727099999785
13737	13738	0.0727099999785
13738	13737	0.0727099999785
13738	13739	0.0727099999785
13739	13738	0.0727099999785
13739	13740	0.0727099999785
13740	13739	0.0727099999785
13740	13741	0.0727099999785
13741	13740	0.0727099999785
13741	13742	0.0727099999785
13742	13741	0.0727099999785
13742	13743	0.0727099999785
13743	13742	0.0727099999785
13743	13744	0.0727099999785
13744	13743	0.0727099999785
13744	13745	0.0727099999785
13745	13744	0.0727099999785
13745	13746	0.0727099999785
13746	13745	0.0727099999785
13746	13747	0.0727099999785
13747	13746	0.0727099999785
13747	13748	0.0727099999785
13748	13747	0.0727099999785
13748	13749	0.0685549974442
13748	13832	0.0396214984357
13749	13748	0.0685549974442
13749	13750	0.0685549974442
13750	13749	0.0685549974442
13750	13751	0.0685549974442
13751	13750	0.0685549974442
13751	13752	0.0685549974442
13752	13751	0.0685549974442
13752	13753	0.0685549974442
13753	13752	0.0685549974442
13753	13754	0.0685549974442
13754	13753	0.0685549974442
13754	13755	0.0685549974442
13755	13754	0.0685549974442
13755	13756	0.0685549974442
13756	13755	0.0685549974442
13756	13757	0.0685549974442
13757	13756	0.0685549974442
13757	13758	0.0685549974442
13758	13757	0.0685549974442
13758	13759	0.0685549974442
13759	13758	0.0685549974442
13759	13760	0.0685549974442
13760	13759	0.0685549974442
13760	13761	0.0685549974442
13761	13760	0.0685549974442
13761	13762	0.0685549974442
13762	13761	0.0685549974442
13762	13763	0.0685549974442
13763	13762	0.0685549974442
13763	13764	0.0685549974442
13764	13763	0.0685549974442
13764	13765	0.0685549974442
13765	13764	0.0685549974442
13765	13766	0.0685549974442
13766	13765	0.0685549974442
13766	13767	0.0685549974442
13767	13766	0.0685549974442
13767	13768	0.0685549974442
13768	13767	0.0685549974442
13768	13769	0.0685549974442
13769	13768	0.0685549974442
13769	13770	0.0535245016217
13769	13799	0.0552714988589
13770	13769	0.0535245016217
13770	13771	0.0535245016217
13771	13770	0.0535245016217
13771	13772	0.0535245016217
13772	13771	0.0535245016217
13772	13773	0.0535245016217
13773	13772	0.0535245016217
13773	13774	0.0535245016217
13774	13773	0.0535245016217
13774	13775	0.0535245016217
13775	13774	0.0535245016217
13775	13776	0.0535245016217
13776	13775	0.0535245016217
13776	13777	0.0535245016217
13777	13776	0.0535245016217
13777	13778	0.0535245016217
13778	13777	0.0535245016217
13778	13779	0.0535245016217
13779	13778	0.0535245016217
13779	13780	0.0535245016217
13780	13779	0.0535245016217
13780	13781	0.0535245016217
13781	13780	0.0535245016217
13781	13782	0.0535245016217
13782	13781	0.0535245016217
13782	13783	0.0535245016217
13783	13782	0.0535245016217
13783	13784	0.0535245016217
13784	13783	0.0535245016217
13784	13785	0.0535245016217
13785	13784	0.0535245016217
13785	13786	0.0535245016217
13786	13785	0.0535245016217
13786	13787	0.0535245016217
13787	13786	0.0535245016217
13787	13788	0.0535245016217
13788	13787	0.0535245016217
13788	13789	0.0535245016217
13789	13788	0.0535245016217
13789	13790	0.0535245016217
13790	13789	0.0535245016217
13790	13791	0.0535245016217
13791	13790	0.0535245016217
13791	13792	0.0535245016217
13792	13791	0.0535245016217
13792	13793	0.0535245016217
13793	13792	0.0535245016217
13793	13794	0.0535245016217
13794	13793	0.0535245016217
13794	13795	0.0535245016217
13795	13794	0.0535245016217
13795	13796	0.0535245016217
13796	13795	0.0535245016217
13796	13797	0.0535245016217
13797	13796	0.0535245016217
13797	13798	0.0535245016217
13798	13797	0.0535245016217
13799	13769	0.0552714988589
13799	13800	0.0552714988589
13800	13799	0.0552714988589
13800	13801	0.0552714988589
13801	13800	0.0552714988589
13801	13802	0.0552714988589
13802	13801	0.0552714988589
13802	13803	0.0552714988589
13803	13802	0.0552714988589
13803	13804	0.0552714988589
13804	13803	0.0552714988589
13804	13805	0.0552714988589
13805	13804	0.0552714988589
13805	13806	0.0552714988589
13806	13805	0.0552714988589
13806	13807	0.0552714988589
13807	13806	0.0552714988589
13807	13808	0.0552714988589
13808	13807	0.0552714988589
13808	13809	0.0552714988589
13809	13808	0.0552714988589
13809	13810	0.0552714988589
13810	13809	0.0552714988589
13810	13811	0.0552714988589
13811	13810	0.0552714988589
13811	13812	0.0552714988589
13812	13811	0.0552714988589
13812	13813	0.0552714988589
13813	13812	0.0552714988589
13813	13814	0.0552714988589
13814	13813	0.0552714988589
13814	13815	0.0552714988589
13815	13814	0.0552714988589
13815	13816	0.0552714988589
13816	13815	0.0552714988589
13816	13817	0.0552714988589
13817	13816	0.0552714988589
13817	13818	0.0552714988589
13818	13817	0.0552714988589
13818	13819	0.0552714988589
13819	13818	0.0552714988589
13819	13820	0.0552714988589
13820	13819	0.0552714988589
13820	13821	0.0552714988589
13821	13820	0.0552714988589
13821	13822	0.0552714988589
13822	13821	0.0552714988589
13822	13823	0.0552714988589
13823	13822	0.0552714988589
13823	13824	0.0552714988589
13824	13823	0.0552714988589
13824	13825	0.0552714988589
13825	13824	0.0552714988589
13825	13826	0.0552714988589
13826	13825	0.0552714988589
13826	13827	0.0552714988589
13827	13826	0.0552714988589
13827	13828	0.0552714988589
13828	13827	0.0552714988589
13828	13829	0.0552714988589
13829	13828	0.0552714988589
13829	13830	0.0552714988589
13830	13829	0.0552714988589
13830	13831	0.0552714988589
13831	13830	0.0552714988589
13832	13748	0.0396214984357
13832	13833	0.0396214984357
13833	13832	0.0396214984357
13833	13834	0.0396214984357
13834	13833	0.0396214984357
13834	13835	0.0396214984357
13835	13834	0.0396214984357
13835	13836	0.0396214984357
13836	13835	0.0396214984357
13836	13837	0.0396214984357
13837	13836	0.0396214984357
13837	13838	0.0396214984357
13838	13837	0.0396214984357
13838	13839	0.0396214984357
13839	13838	0.0396214984357
13839	13840	0.0396214984357
13840	13839	0.0396214984357
13840	13841	0.0396214984357
13841	13840	0.0396214984357
13841	13842	0.0396214984357
13842	13841	0.0396214984357
13842	13843	0.0396214984357
13843	13842	0.0396214984357
13843	13844	0.0396214984357
13844	13843	0.0396214984357
13845	12458	0.0522604994476
13845	13846	0.0522604994476
13846	13845	0.0522604994476
13846	13847	0.0522604994476
13847	13846	0.0522604994476
13847	13848	0.0522604994476
13848	13847	0.0522604994476
13848	13849	0.0522604994476
13849	13848	0.0522604994476
13849	13850	0.0522604994476
13850	13849	0.0522604994476
13850	13851	0.0522604994476
13851	13850	0.0522604994476
13851	13852	0.0522604994476
13852	13851	0.0522604994476
13852	13853	0.0522604994476
13853	13852	0.0522604994476
13853	13854	0.0522604994476
13854	13853	0.0522604994476
13854	13855	0.0522604994476
13855	13854	0.0522604994476
13855	13856	0.047350499779
13855	13885	0.0331925004721
13856	13855	0.047350499779
13856	13857	0.047350499779
13857	13856	0.047350499779
13857	13858	0.047350499779
13858	13857	0.047350499779
13858	13859	0.047350499779
13859	13858	0.047350499779
13859	13860	0.047350499779
13860	13859	0.047350499779
13860	13861	0.047350499779
13861	13860	0.047350499779
13861	13862	0.047350499779
13862	13861	0.047350499779
13862	13863	0.047350499779
13863	13862	0.047350499779
13863	13864	0.047350499779
13864	13863	0.047350499779
13864	13865	0.047350499779
13865	13864	0.047350499779
13865	13866	0.047350499779
13866	13865	0.047350499779
13866	13867	0.047350499779
13867	13866	0.047350499779
13867	13868	0.047350499779
13868	13867	0.047350499779
13868	13869	0.047350499779
13869	13868	0.047350499779
13869	13870	0.047350499779
13870	13869	0.047350499779
13870	13871	0.047350499779
13871	13870	0.047350499779
13871	13872	0.047350499779
13872	13871	0.047350499779
13872	13873	0.047350499779
13873	13872	0.047350499779
13873	13874	0.047350499779
13874	13873	0.047350499779
13874	13875	0.047350499779
13875	13874	0.047350499779
13875	13876	0.047350499779
13876	13875	0.047350499779
13876	13877	0.047350499779
13877	13876	0.047350499779
13877	13878	0.047350499779
13878	13877	0.047350499779
13878	13879	0.047350499779
13879	13878	0.047350499779
13879	13880	0.047350499779
13880	13879	0.047350499779
13880	13881	0.047350499779
13881	13880	0.047350499779
13881	13882	0.047350499779
13882	13881	0.047350499779
13882	13883	0.047350499779
13883	13882	0.047350499779
13883	13884	0.047350499779
13884	13883	0.047350499779
13885	13855	0.0331925004721
13885	13886	0.0331925004721
13886	13885	0.0331925004721
13886	13887	0.0331925004721
13887	13886	0.0331925004721
13887	13888	0.0331925004721
13888	13887	0.0331925004721
13888	13889	0.0331925004721
13889	13888	0.0331925004721
13889	13890	0.0331925004721
13890	13889	0.0331925004721
13890	13891	0.0331925004721
13891	13890	0.0331925004721
13892	12448	0.0436520017684
13892	13893	0.0436520017684
13893	13892	0.0436520017684
13893	13894	0.0436520017684
13894	13893	0.0436520017684
13894	13895	0.0436520017684
13895	13894	0.0436520017684
13895	13896	0.0436520017684
13896	13895	0.0436520017684
13896	13897	0.0436520017684
13897	13896	0.0436520017684
13897	13898	0.0436520017684
13898	13897	0.0436520017684
13898	13899	0.0436520017684
13899	13898	0.0436520017684
13899	13900	0.0436520017684
13900	13899	0.0436520017684
13900	13901	0.0436520017684
13901	13900	0.0436520017684
13901	13902	0.0436520017684
13902	13901	0.0436520017684
13902	13903	0.0436520017684
13903	13902	0.0436520017684
13903	13904	0.0436520017684
13904	13903	0.0436520017684
13904	13905	0.0436520017684
13905	13904	0.0436520017684
13905	13906	0.0436520017684
13906	13905	0.0436520017684
13906	13907	0.0436520017684
13907	13906	0.0436520017684
13907	13908	0.0436520017684
13908	13907	0.0436520017684
13908	13909	0.0436520017684
13909	13908	0.0436520017684
13909	13910	0.0436520017684
13910	13909	0.0436520017684
13910	13911	0.0436520017684
13911	13910	0.0436520017684
13911	13912	0.0436520017684
13912	13911	0.0436520017684
13912	13913	0.0436520017684
13913	13912	0.0436520017684
13913	13914	0.0436520017684
13914	13913	0.0436520017684
13914	13915	0.0436520017684
13915	13914	0.0436520017684
13915	13916	0.0436520017684
13916	13915	0.0436520017684
13916	13917	0.0436520017684
13917	13916	0.0436520017684
13917	13918	0.0436520017684
13918	13917	0.0436520017684
13918	13919	0.0436520017684
13919	13918	0.0436520017684
13919	13920	0.0436520017684
13920	13919	0.0436520017684
13920	13921	0.0436520017684
13921	13920	0.0436520017684
13921	13922	0.0436520017684
13922	13921	0.0436520017684
13922	13923	0.0436520017684
13923	13922	0.0436520017684
13923	13924	0.0436520017684
13924	13923	0.0436520017684
13925	12365	0.168135493994
13925	13926	0.168135493994
13926	13925	0.168135493994
13926	13927	0.168135493994
13927	13926	0.168135493994
13927	13928	0.168135493994
13928	13927	0.168135493994
13928	13929	0.168135493994
13929	13928	0.168135493994
13929	13930	0.168135493994
13930	13929	0.168135493994
13930	13931	0.168135493994
13931	13930	0.168135493994
13931	13932	0.168135493994
13932	13931	0.168135493994
13932	13933	0.168135493994
13933	13932	0.168135493994
13933	13934	0.168135493994
13934	13933	0.168135493994
13934	13935	0.168135493994
13935	13934	0.168135493994
13935	13936	0.168135493994
13936	13935	0.168135493994
13936	13937	0.168135493994
13937	13936	0.168135493994
13937	13938	0.168135493994
13938	13937	0.168135493994
13938	13939	0.168135493994
13939	13938	0.168135493994
13939	13940	0.168135493994
13940	13939	0.168135493994
13940	13941	0.168135493994
13941	13940	0.168135493994
13941	13942	0.168135493994
13942	13941	0.168135493994
13942	13943	0.168135493994
13943	13942	0.168135493994
13943	13944	0.168135493994
13944	13943	0.168135493994
13944	13945	0.168135493994
13945	13944	0.168135493994
13945	13946	0.168135493994
13946	13945	0.168135493994
13946	13947	0.168135493994
13947	13946	0.168135493994
13947	13948	0.168135493994
13948	13947	0.168135493994
13948	13949	0.168135493994
13949	13948	0.168135493994
13949	13950	0.168135493994
13950	13949	0.168135493994
13950	13951	0.168135493994
13951	13950	0.168135493994
13951	13952	0.168135493994
13952	13951	0.168135493994
13952	13953	0.168135493994
13953	13952	0.168135493994
13953	13954	0.167231500149
13953	14997	0.0424015000463
13954	13953	0.167231500149
13954	13955	0.167231500149
13955	13954	0.167231500149
13955	13956	0.167231500149
13956	13955	0.167231500149
13956	13957	0.167231500149
13957	13956	0.167231500149
13957	13958	0.167231500149
13958	13957	0.167231500149
13958	13959	0.167231500149
13959	13958	0.167231500149
13959	13960	0.167231500149
13960	13959	0.167231500149
13960	13961	0.167231500149
13961	13960	0.167231500149
13961	13962	0.167231500149
13962	13961	0.167231500149
13962	13963	0.167231500149
13963	13962	0.167231500149
13963	13964	0.167231500149
13964	13963	0.167231500149
13964	13965	0.167231500149
13965	13964	0.167231500149
13965	13966	0.167231500149
13966	13965	0.167231500149
13966	13967	0.167231500149
13967	13966	0.167231500149
13967	13968	0.167231500149
13968	13967	0.167231500149
13968	13969	0.167231500149
13969	13968	0.167231500149
13969	13970	0.167231500149
13970	13969	0.167231500149
13970	13971	0.167231500149
13971	13970	0.167231500149
13971	13972	0.167231500149
13972	13971	0.167231500149
13972	13973	0.167231500149
13973	13972	0.167231500149
13973	13974	0.167231500149
13974	13973	0.167231500149
13974	13975	0.167231500149
13975	13974	0.167231500149
13975	13976	0.167231500149
13976	13975	0.167231500149
13976	13977	0.167231500149
13977	13976	0.167231500149
13977	13978	0.167231500149
13978	13977	0.167231500149
13978	13979	0.167231500149
13979	13978	0.167231500149
13979	13980	0.167231500149
13980	13979	0.167231500149
13980	13981	0.167231500149
13981	13980	0.167231500149
13981	13982	0.167231500149
13982	13981	0.167231500149
13982	13983	0.167231500149
13983	13982	0.167231500149
13983	13984	0.167231500149
13984	13983	0.167231500149
13984	13985	0.167231500149
13985	13984	0.167231500149
13985	13986	0.167231500149
13986	13985	0.167231500149
13986	13987	0.167231500149
13987	13986	0.167231500149
13987	13988	0.0558920018375
13987	14043	0.165123999119
13988	13987	0.0558920018375
13988	13989	0.0558920018375
13989	13988	0.0558920018375
13989	13990	0.0558920018375
13990	13989	0.0558920018375
13990	13991	0.0558920018375
13991	13990	0.0558920018375
13991	13992	0.0558920018375
13992	13991	0.0558920018375
13992	13993	0.0558920018375
13993	13992	0.0558920018375
13993	13994	0.0558920018375
13994	13993	0.0558920018375
13994	13995	0.0558920018375
13995	13994	0.0558920018375
13995	13996	0.0558920018375
13996	13995	0.0558920018375
13996	13997	0.0558920018375
13997	13996	0.0558920018375
13997	13998	0.0558920018375
13998	13997	0.0558920018375
13998	13999	0.0432659983635
13998	14019	0.0454054996371
13999	13998	0.0432659983635
13999	14000	0.0432659983635
14000	13999	0.0432659983635
14000	14001	0.0432659983635
14001	14000	0.0432659983635
14001	14002	0.0432659983635
14002	14001	0.0432659983635
14002	14003	0.0432659983635
14003	14002	0.0432659983635
14003	14004	0.0432659983635
14004	14003	0.0432659983635
14004	14005	0.0432659983635
14005	14004	0.0432659983635
14005	14006	0.0432659983635
14006	14005	0.0432659983635
14006	14007	0.0432659983635
14007	14006	0.0432659983635
14007	14008	0.0432659983635
14008	14007	0.0432659983635
14008	14009	0.0432659983635
14009	14008	0.0432659983635
14009	14010	0.0432659983635
14010	14009	0.0432659983635
14010	14011	0.0432659983635
14011	14010	0.0432659983635
14011	14012	0.0432659983635
14012	14011	0.0432659983635
14012	14013	0.0432659983635
14013	14012	0.0432659983635
14013	14014	0.0432659983635
14014	14013	0.0432659983635
14014	14015	0.0432659983635
14015	14014	0.0432659983635
14015	14016	0.0432659983635
14016	14015	0.0432659983635
14016	14017	0.0432659983635
14017	14016	0.0432659983635
14017	14018	0.0432659983635
14018	14017	0.0432659983635
14019	13998	0.0454054996371
14019	14020	0.0454054996371
14020	14019	0.0454054996371
14020	14021	0.0454054996371
14021	14020	0.0454054996371
14021	14022	0.0454054996371
14022	14021	0.0454054996371
14022	14023	0.0454054996371
14023	14022	0.0454054996371
14023	14024	0.0454054996371
14024	14023	0.0454054996371
14024	14025	0.0454054996371
14025	14024	0.0454054996371
14025	14026	0.0454054996371
14026	14025	0.0454054996371
14026	14027	0.0454054996371
14027	14026	0.0454054996371
14027	14028	0.0454054996371
14028	14027	0.0454054996371
14028	14029	0.0454054996371
14029	14028	0.0454054996371
14029	14030	0.0454054996371
14030	14029	0.0454054996371
14030	14031	0.0454054996371
14031	14030	0.0454054996371
14031	14032	0.0454054996371
14032	14031	0.0454054996371
14032	14033	0.0454054996371
14033	14032	0.0454054996371
14033	14034	0.0454054996371
14034	14033	0.0454054996371
14034	14035	0.0454054996371
14035	14034	0.0454054996371
14035	14036	0.0454054996371
14036	14035	0.0454054996371
14036	14037	0.0454054996371
14037	14036	0.0454054996371
14037	14038	0.0454054996371
14038	14037	0.0454054996371
14038	14039	0.0454054996371
14039	14038	0.0454054996371
14039	14040	0.0454054996371
14040	14039	0.0454054996371
14040	14041	0.0454054996371
14041	14040	0.0454054996371
14041	14042	0.0454054996371
14042	14041	0.0454054996371
14043	13987	0.165123999119
14043	14044	0.165123999119
14044	14043	0.165123999119
14044	14045	0.165123999119
14045	14044	0.165123999119
14045	14046	0.165123999119
14046	14045	0.165123999119
14046	14047	0.165123999119
14047	14046	0.165123999119
14047	14048	0.165123999119
14048	14047	0.165123999119
14048	14049	0.165123999119
14049	14048	0.165123999119
14049	14050	0.165123999119
14050	14049	0.165123999119
14050	14051	0.165123999119
14051	14050	0.165123999119
14051	14052	0.165123999119
14052	14051	0.165123999119
14052	14053	0.165123999119
14053	14052	0.165123999119
14053	14054	0.165123999119
14054	14053	0.165123999119
14054	14055	0.165123999119
14055	14054	0.165123999119
14055	14056	0.165123999119
14056	14055	0.165123999119
14056	14057	0.165123999119
14057	14056	0.165123999119
14057	14058	0.165123999119
14058	14057	0.165123999119
14058	14059	0.165123999119
14059	14058	0.165123999119
14059	14060	0.165123999119
14060	14059	0.165123999119
14060	14061	0.165123999119
14061	14060	0.165123999119
14061	14062	0.165123999119
14062	14061	0.165123999119
14062	14063	0.165123999119
14063	14062	0.165123999119
14063	14064	0.165123999119
14064	14063	0.165123999119
14064	14065	0.0456994995475
14064	14097	0.163948997855
14065	14064	0.0456994995475
14065	14066	0.0456994995475
14066	14065	0.0456994995475
14066	14067	0.0456994995475
14067	14066	0.0456994995475
14067	14068	0.0456994995475
14068	14067	0.0456994995475
14068	14069	0.0456994995475
14069	14068	0.0456994995475
14069	14070	0.0456994995475
14070	14069	0.0456994995475
14070	14071	0.0456994995475
14071	14070	0.0456994995475
14071	14072	0.0456994995475
14072	14071	0.0456994995475
14072	14073	0.0456994995475
14073	14072	0.0456994995475
14073	14074	0.0456994995475
14074	14073	0.0456994995475
14074	14075	0.0456994995475
14075	14074	0.0456994995475
14075	14076	0.0456994995475
14076	14075	0.0456994995475
14076	14077	0.0456994995475
14077	14076	0.0456994995475
14077	14078	0.0456994995475
14078	14077	0.0456994995475
14078	14079	0.0456994995475
14079	14078	0.0456994995475
14079	14080	0.0456994995475
14080	14079	0.0456994995475
14080	14081	0.0456994995475
14081	14080	0.0456994995475
14081	14082	0.0456994995475
14082	14081	0.0456994995475
14082	14083	0.0456994995475
14083	14082	0.0456994995475
14083	14084	0.0456994995475
14084	14083	0.0456994995475
14084	14085	0.0456994995475
14085	14084	0.0456994995475
14085	14086	0.0456994995475
14086	14085	0.0456994995475
14086	14087	0.0456994995475
14087	14086	0.0456994995475
14087	14088	0.0456994995475
14088	14087	0.0456994995475
14088	14089	0.0456994995475
14089	14088	0.0456994995475
14089	14090	0.0456994995475
14090	14089	0.0456994995475
14090	14091	0.0456994995475
14091	14090	0.0456994995475
14091	14092	0.0456994995475
14092	14091	0.0456994995475
14092	14093	0.0456994995475
14093	14092	0.0456994995475
14093	14094	0.0456994995475
14094	14093	0.0456994995475
14094	14095	0.0456994995475
14095	14094	0.0456994995475
14095	14096	0.0456994995475
14096	14095	0.0456994995475
14097	14064	0.163948997855
14097	14098	0.163948997855
14098	14097	0.163948997855
14098	14099	0.163948997855
14099	14098	0.163948997855
14099	14100	0.163948997855
14100	14099	0.163948997855
14100	14101	0.163948997855
14101	14100	0.163948997855
14101	14102	0.163948997855
14102	14101	0.163948997855
14102	14103	0.163948997855
14103	14102	0.163948997855
14103	14104	0.163948997855
14104	14103	0.163948997855
14104	14105	0.163948997855
14105	14104	0.163948997855
14105	14106	0.163948997855
14106	14105	0.163948997855
14106	14107	0.163948997855
14107	14106	0.163948997855
14107	14108	0.163948997855
14108	14107	0.163948997855
14108	14109	0.163948997855
14109	14108	0.163948997855
14109	14110	0.163948997855
14110	14109	0.163948997855
14110	14111	0.163948997855
14111	14110	0.163948997855
14111	14112	0.163948997855
14112	14111	0.163948997855
14112	14113	0.163948997855
14113	14112	0.163948997855
14113	14114	0.163948997855
14114	14113	0.163948997855
14114	14115	0.163948997855
14115	14114	0.163948997855
14115	14116	0.163948997855
14116	14115	0.163948997855
14116	14117	0.163948997855
14117	14116	0.163948997855
14117	14118	0.163948997855
14118	14117	0.163948997855
14118	14119	0.163948997855
14119	14118	0.163948997855
14119	14120	0.163948997855
14120	14119	0.163948997855
14120	14121	0.156716004014
14120	14855	0.082322999835
14121	14120	0.156716004014
14121	14122	0.156716004014
14122	14121	0.156716004014
14122	14123	0.156716004014
14123	14122	0.156716004014
14123	14124	0.156716004014
14124	14123	0.156716004014
14124	14125	0.156716004014
14125	14124	0.156716004014
14125	14126	0.156716004014
14126	14125	0.156716004014
14126	14127	0.156716004014
14127	14126	0.156716004014
14127	14128	0.156716004014
14128	14127	0.156716004014
14128	14129	0.156716004014
14129	14128	0.156716004014
14129	14130	0.156716004014
14130	14129	0.156716004014
14130	14131	0.156716004014
14131	14130	0.156716004014
14131	14132	0.0334874987602
14131	14140	0.156204506755
14132	14131	0.0334874987602
14132	14133	0.0334874987602
14133	14132	0.0334874987602
14133	14134	0.0334874987602
14134	14133	0.0334874987602
14134	14135	0.0334874987602
14135	14134	0.0334874987602
14135	14136	0.0334874987602
14136	14135	0.0334874987602
14136	14137	0.0334874987602
14137	14136	0.0334874987602
14137	14138	0.0334874987602
14138	14137	0.0334874987602
14138	14139	0.0334874987602
14139	14138	0.0334874987602
14140	14131	0.156204506755
14140	14141	0.156204506755
14141	14140	0.156204506755
14141	14142	0.156204506755
14142	14141	0.156204506755
14142	14143	0.156204506755
14143	14142	0.156204506755
14143	14144	0.156204506755
14144	14143	0.156204506755
14144	14145	0.156204506755
14145	14144	0.156204506755
14145	14146	0.156204506755
14146	14145	0.156204506755
14146	14147	0.156204506755
14147	14146	0.156204506755
14147	14148	0.156204506755
14148	14147	0.156204506755
14148	14149	0.156204506755
14149	14148	0.156204506755
14149	14150	0.156204506755
14150	14149	0.156204506755
14150	14151	0.150376498699
14150	14755	0.0743435025215
14151	14150	0.150376498699
14151	14152	0.150376498699
14152	14151	0.150376498699
14152	14153	0.150376498699
14153	14152	0.150376498699
14153	14154	0.150376498699
14154	14153	0.150376498699
14154	14155	0.150376498699
14155	14154	0.150376498699
14155	14156	0.150376498699
14156	14155	0.150376498699
14156	14157	0.150376498699
14157	14156	0.150376498699
14157	14158	0.150376498699
14158	14157	0.150376498699
14158	14159	0.150376498699
14159	14158	0.150376498699
14159	14160	0.150376498699
14160	14159	0.150376498699
14160	14161	0.150376498699
14161	14160	0.150376498699
14161	14162	0.150376498699
14162	14161	0.150376498699
14162	14163	0.150376498699
14163	14162	0.150376498699
14163	14164	0.150376498699
14164	14163	0.150376498699
14164	14165	0.150376498699
14165	14164	0.150376498699
14165	14166	0.150376498699
14166	14165	0.150376498699
14166	14167	0.150376498699
14167	14166	0.150376498699
14167	14168	0.150376498699
14168	14167	0.150376498699
14168	14169	0.150376498699
14169	14168	0.150376498699
14169	14170	0.150376498699
14170	14169	0.150376498699
14170	14171	0.150376498699
14171	14170	0.150376498699
14171	14172	0.150376498699
14172	14171	0.150376498699
14172	14173	0.150376498699
14173	14172	0.150376498699
14173	14174	0.150376498699
14174	14173	0.150376498699
14174	14175	0.150376498699
14175	14174	0.150376498699
14175	14176	0.150376498699
14176	14175	0.150376498699
14176	14177	0.150376498699
14177	14176	0.150376498699
14177	14178	0.150376498699
14178	14177	0.150376498699
14178	14179	0.150376498699
14179	14178	0.150376498699
14179	14180	0.150376498699
14180	14179	0.150376498699
14180	14181	0.150376498699
14181	14180	0.150376498699
14181	14182	0.150376498699
14182	14181	0.150376498699
14182	14183	0.150376498699
14183	14182	0.150376498699
14183	14184	0.150376498699
14184	14183	0.150376498699
14184	14185	0.150376498699
14185	14184	0.150376498699
14185	14186	0.150376498699
14186	14185	0.150376498699
14186	14187	0.150376498699
14187	14186	0.150376498699
14187	14188	0.150376498699
14188	14187	0.150376498699
14188	14189	0.150376498699
14189	14188	0.150376498699
14189	14190	0.150376498699
14190	14189	0.150376498699
14190	14191	0.150376498699
14191	14190	0.150376498699
14191	14192	0.150376498699
14192	14191	0.150376498699
14192	14193	0.150376498699
14193	14192	0.150376498699
14193	14194	0.150376498699
14194	14193	0.150376498699
14194	14195	0.0537495017052
14194	14235	0.14805200696
14195	14194	0.0537495017052
14195	14196	0.0537495017052
14196	14195	0.0537495017052
14196	14197	0.0537495017052
14197	14196	0.0537495017052
14197	14198	0.0537495017052
14198	14197	0.0537495017052
14198	14199	0.0537495017052
14199	14198	0.0537495017052
14199	14200	0.0537495017052
14200	14199	0.0537495017052
14200	14201	0.0537495017052
14201	14200	0.0537495017052
14201	14202	0.0537495017052
14202	14201	0.0537495017052
14202	14203	0.0537495017052
14203	14202	0.0537495017052
14203	14204	0.0537495017052
14204	14203	0.0537495017052
14204	14205	0.0537495017052
14205	14204	0.0537495017052
14205	14206	0.0537495017052
14206	14205	0.0537495017052
14206	14207	0.0537495017052
14207	14206	0.0537495017052
14207	14208	0.0537495017052
14208	14207	0.0537495017052
14208	14209	0.0537495017052
14209	14208	0.0537495017052
14209	14210	0.0537495017052
14210	14209	0.0537495017052
14210	14211	0.0537495017052
14211	14210	0.0537495017052
14211	14212	0.0537495017052
14212	14211	0.0537495017052
14212	14213	0.0537495017052
14213	14212	0.0537495017052
14213	14214	0.0537495017052
14214	14213	0.0537495017052
14214	14215	0.0537495017052
14215	14214	0.0537495017052
14215	14216	0.0537495017052
14216	14215	0.0537495017052
14216	14217	0.0537495017052
14217	14216	0.0537495017052
14217	14218	0.0537495017052
14218	14217	0.0537495017052
14218	14219	0.0537495017052
14219	14218	0.0537495017052
14219	14220	0.0537495017052
14220	14219	0.0537495017052
14220	14221	0.0537495017052
14221	14220	0.0537495017052
14221	14222	0.0537495017052
14222	14221	0.0537495017052
14222	14223	0.0537495017052
14223	14222	0.0537495017052
14223	14224	0.0537495017052
14224	14223	0.0537495017052
14224	14225	0.0537495017052
14225	14224	0.0537495017052
14225	14226	0.0537495017052
14226	14225	0.0537495017052
14226	14227	0.0537495017052
14227	14226	0.0537495017052
14227	14228	0.0537495017052
14228	14227	0.0537495017052
14228	14229	0.0537495017052
14229	14228	0.0537495017052
14229	14230	0.0537495017052
14230	14229	0.0537495017052
14230	14231	0.0537495017052
14231	14230	0.0537495017052
14231	14232	0.0537495017052
14232	14231	0.0537495017052
14232	14233	0.0537495017052
14233	14232	0.0537495017052
14233	14234	0.0537495017052
14234	14233	0.0537495017052
14235	14194	0.14805200696
14235	14236	0.14805200696
14236	14235	0.14805200696
14236	14237	0.14805200696
14237	14236	0.14805200696
14237	14238	0.14805200696
14238	14237	0.14805200696
14238	14239	0.14805200696
14239	14238	0.14805200696
14239	14240	0.14805200696
14240	14239	0.14805200696
14240	14241	0.14805200696
14241	14240	0.14805200696
14241	14242	0.14805200696
14242	14241	0.14805200696
14242	14243	0.14805200696
14243	14242	0.14805200696
14243	14244	0.14805200696
14244	14243	0.14805200696
14244	14245	0.14805200696
14245	14244	0.14805200696
14245	14246	0.106858000159
14245	14448	0.126515492797
14246	14245	0.106858000159
14246	14247	0.106858000159
14247	14246	0.106858000159
14247	14248	0.106858000159
14248	14247	0.106858000159
14248	14249	0.106858000159
14249	14248	0.106858000159
14249	14250	0.106858000159
14250	14249	0.106858000159
14250	14251	0.106858000159
14251	14250	0.106858000159
14251	14252	0.106858000159
14252	14251	0.106858000159
14252	14253	0.106858000159
14253	14252	0.106858000159
14253	14254	0.106858000159
14254	14253	0.106858000159
14254	14255	0.106858000159
14255	14254	0.106858000159
14255	14256	0.106858000159
14256	14255	0.106858000159
14256	14257	0.106858000159
14257	14256	0.106858000159
14257	14258	0.106858000159
14258	14257	0.106858000159
14258	14259	0.106858000159
14259	14258	0.106858000159
14259	14260	0.106858000159
14260	14259	0.106858000159
14260	14261	0.106858000159
14261	14260	0.106858000159
14261	14262	0.106858000159
14262	14261	0.106858000159
14262	14263	0.106858000159
14263	14262	0.106858000159
14263	14264	0.106858000159
14264	14263	0.106858000159
14264	14265	0.106858000159
14265	14264	0.106858000159
14265	14266	0.106858000159
14266	14265	0.106858000159
14266	14267	0.106858000159
14267	14266	0.106858000159
14267	14268	0.106858000159
14268	14267	0.106858000159
14268	14269	0.106858000159
14269	14268	0.106858000159
14269	14270	0.106858000159
14270	14269	0.106858000159
14270	14271	0.106858000159
14271	14270	0.106858000159
14271	14272	0.106858000159
14272	14271	0.106858000159
14272	14273	0.106858000159
14273	14272	0.106858000159
14273	14274	0.106858000159
14274	14273	0.106858000159
14274	14275	0.106858000159
14275	14274	0.106858000159
14275	14276	0.106858000159
14276	14275	0.106858000159
14276	14277	0.106858000159
14277	14276	0.106858000159
14277	14278	0.106858000159
14278	14277	0.106858000159
14278	14279	0.106858000159
14279	14278	0.106858000159
14279	14280	0.106858000159
14280	14279	0.106858000159
14280	14281	0.106858000159
14281	14280	0.106858000159
14281	14282	0.106858000159
14282	14281	0.106858000159
14282	14283	0.106858000159
14283	14282	0.106858000159
14283	14284	0.106858000159
14284	14283	0.106858000159
14284	14285	0.106858000159
14285	14284	0.106858000159
14285	14286	0.106858000159
14286	14285	0.106858000159
14286	14287	0.106858000159
14287	14286	0.106858000159
14287	14288	0.106858000159
14288	14287	0.106858000159
14288	14289	0.106858000159
14289	14288	0.106858000159
14289	14290	0.106858000159
14290	14289	0.106858000159
14290	14291	0.106858000159
14291	14290	0.106858000159
14291	14292	0.106858000159
14292	14291	0.106858000159
14292	14293	0.106858000159
14293	14292	0.106858000159
14293	14294	0.106858000159
14294	14293	0.106858000159
14294	14295	0.106858000159
14295	14294	0.106858000159
14295	14296	0.102819003165
14295	14430	0.0510689988732
14296	14295	0.102819003165
14296	14297	0.102819003165
14297	14296	0.102819003165
14297	14298	0.102819003165
14298	14297	0.102819003165
14298	14299	0.102819003165
14299	14298	0.102819003165
14299	14300	0.102819003165
14300	14299	0.102819003165
14300	14301	0.102819003165
14301	14300	0.102819003165
14301	14302	0.102819003165
14302	14301	0.102819003165
14302	14303	0.102819003165
14303	14302	0.102819003165
14303	14304	0.102819003165
14304	14303	0.102819003165
14304	14305	0.102819003165
14305	14304	0.102819003165
14305	14306	0.102819003165
14306	14305	0.102819003165
14306	14307	0.102819003165
14307	14306	0.102819003165
14307	14308	0.102819003165
14308	14307	0.102819003165
14308	14309	0.102819003165
14309	14308	0.102819003165
14309	14310	0.102819003165
14310	14309	0.102819003165
14310	14311	0.102819003165
14311	14310	0.102819003165
14311	14312	0.102819003165
14312	14311	0.102819003165
14312	14313	0.102819003165
14313	14312	0.102819003165
14313	14314	0.102819003165
14314	14313	0.102819003165
14314	14315	0.102819003165
14315	14314	0.102819003165
14315	14316	0.102819003165
14316	14315	0.102819003165
14316	14317	0.102819003165
14317	14316	0.102819003165
14317	14318	0.102819003165
14318	14317	0.102819003165
14318	14319	0.0999009981751
14318	14423	0.0448044985533
14319	14318	0.0999009981751
14319	14320	0.0999009981751
14320	14319	0.0999009981751
14320	14321	0.0999009981751
14321	14320	0.0999009981751
14321	14322	0.0999009981751
14322	14321	0.0999009981751
14322	14323	0.0999009981751
14323	14322	0.0999009981751
14323	14324	0.0999009981751
14324	14323	0.0999009981751
14324	14325	0.0999009981751
14325	14324	0.0999009981751
14325	14326	0.0999009981751
14326	14325	0.0999009981751
14326	14327	0.0999009981751
14327	14326	0.0999009981751
14327	14328	0.0999009981751
14328	14327	0.0999009981751
14328	14329	0.0999009981751
14329	14328	0.0999009981751
14329	14330	0.0680470019579
14329	14361	0.088020503521
14330	14329	0.0680470019579
14330	14331	0.0680470019579
14331	14330	0.0680470019579
14331	14332	0.0680470019579
14332	14331	0.0680470019579
14332	14333	0.0680470019579
14333	14332	0.0680470019579
14333	14334	0.0680470019579
14334	14333	0.0680470019579
14334	14335	0.0680470019579
14335	14334	0.0680470019579
14335	14336	0.0680470019579
14336	14335	0.0680470019579
14336	14337	0.0680470019579
14337	14336	0.0680470019579
14337	14338	0.0680470019579
14338	14337	0.0680470019579
14338	14339	0.0680470019579
14339	14338	0.0680470019579
14339	14340	0.0680470019579
14340	14339	0.0680470019579
14340	14341	0.0680470019579
14341	14340	0.0680470019579
14341	14342	0.0680470019579
14342	14341	0.0680470019579
14342	14343	0.0680470019579
14343	14342	0.0680470019579
14343	14344	0.0680470019579
14344	14343	0.0680470019579
14344	14345	0.0680470019579
14345	14344	0.0680470019579
14345	14346	0.0680470019579
14346	14345	0.0680470019579
14346	14347	0.0680470019579
14347	14346	0.0680470019579
14347	14348	0.0680470019579
14348	14347	0.0680470019579
14348	14349	0.0680470019579
14349	14348	0.0680470019579
14349	14350	0.0680470019579
14350	14349	0.0680470019579
14350	14351	0.0680470019579
14351	14350	0.0680470019579
14351	14352	0.0680470019579
14352	14351	0.0680470019579
14352	14353	0.0680470019579
14353	14352	0.0680470019579
14353	14354	0.0680470019579
14354	14353	0.0680470019579
14354	14355	0.0680470019579
14355	14354	0.0680470019579
14355	14356	0.0680470019579
14356	14355	0.0680470019579
14356	14357	0.0680470019579
14357	14356	0.0680470019579
14357	14358	0.0680470019579
14358	14357	0.0680470019579
14358	14359	0.0680470019579
14359	14358	0.0680470019579
14359	14360	0.0680470019579
14360	14359	0.0680470019579
14361	14329	0.088020503521
14361	14362	0.088020503521
14362	14361	0.088020503521
14362	14363	0.088020503521
14363	14362	0.088020503521
14363	14364	0.088020503521
14364	14363	0.088020503521
14364	14365	0.088020503521
14365	14364	0.088020503521
14365	14366	0.088020503521
14366	14365	0.088020503521
14366	14367	0.088020503521
14367	14366	0.088020503521
14367	14368	0.088020503521
14368	14367	0.088020503521
14368	14369	0.088020503521
14369	14368	0.088020503521
14369	14370	0.088020503521
14370	14369	0.088020503521
14370	14371	0.088020503521
14371	14370	0.088020503521
14371	14372	0.0650440007448
14371	14391	0.0740939974785
14372	14371	0.0650440007448
14372	14373	0.0650440007448
14373	14372	0.0650440007448
14373	14374	0.0650440007448
14374	14373	0.0650440007448
14374	14375	0.0650440007448
14375	14374	0.0650440007448
14375	14376	0.0650440007448
14376	14375	0.0650440007448
14376	14377	0.0650440007448
14377	14376	0.0650440007448
14377	14378	0.0650440007448
14378	14377	0.0650440007448
14378	14379	0.0650440007448
14379	14378	0.0650440007448
14379	14380	0.0650440007448
14380	14379	0.0650440007448
14380	14381	0.0650440007448
14381	14380	0.0650440007448
14381	14382	0.0650440007448
14382	14381	0.0650440007448
14382	14383	0.0650440007448
14383	14382	0.0650440007448
14383	14384	0.0650440007448
14384	14383	0.0650440007448
14384	14385	0.0650440007448
14385	14384	0.0650440007448
14385	14386	0.0650440007448
14386	14385	0.0650440007448
14386	14387	0.0650440007448
14387	14386	0.0650440007448
14387	14388	0.0650440007448
14388	14387	0.0650440007448
14388	14389	0.0650440007448
14389	14388	0.0650440007448
14389	14390	0.0650440007448
14390	14389	0.0650440007448
14391	14371	0.0740939974785
14391	14392	0.0740939974785
14392	14391	0.0740939974785
14392	14393	0.0740939974785
14393	14392	0.0740939974785
14393	14394	0.0740939974785
14394	14393	0.0740939974785
14394	14395	0.0740939974785
14395	14394	0.0740939974785
14395	14396	0.0740939974785
14396	14395	0.0740939974785
14396	14397	0.0740939974785
14397	14396	0.0740939974785
14397	14398	0.0740939974785
14398	14397	0.0740939974785
14398	14399	0.0740939974785
14399	14398	0.0740939974785
14399	14400	0.0740939974785
14400	14399	0.0740939974785
14400	14401	0.0740939974785
14401	14400	0.0740939974785
14401	14402	0.0740939974785
14402	14401	0.0740939974785
14402	14403	0.0740939974785
14403	14402	0.0740939974785
14403	14404	0.0740939974785
14404	14403	0.0740939974785
14404	14405	0.0740939974785
14405	14404	0.0740939974785
14405	14406	0.0740939974785
14406	14405	0.0740939974785
14406	14407	0.0740939974785
14407	14406	0.0740939974785
14407	14408	0.0740939974785
14408	14407	0.0740939974785
14408	14409	0.0740939974785
14409	14408	0.0740939974785
14409	14410	0.0740939974785
14410	14409	0.0740939974785
14410	14411	0.0740939974785
14411	14410	0.0740939974785
14411	14412	0.0740939974785
14412	14411	0.0740939974785
14412	14413	0.0740939974785
14413	14412	0.0740939974785
14413	14414	0.0740939974785
14414	14413	0.0740939974785
14414	14415	0.0740939974785
14415	14414	0.0740939974785
14415	14416	0.0740939974785
14416	14415	0.0740939974785
14416	14417	0.0740939974785
14417	14416	0.0740939974785
14417	14418	0.0740939974785
14418	14417	0.0740939974785
14418	14419	0.0740939974785
14419	14418	0.0740939974785
14419	14420	0.0740939974785
14420	14419	0.0740939974785
14420	14421	0.0740939974785
14421	14420	0.0740939974785
14421	14422	0.0740939974785
14422	14421	0.0740939974785
14423	14318	0.0448044985533
14423	14424	0.0448044985533
14424	14423	0.0448044985533
14424	14425	0.0448044985533
14425	14424	0.0448044985533
14425	14426	0.0448044985533
14426	14425	0.0448044985533
14426	14427	0.0448044985533
14427	14426	0.0448044985533
14427	14428	0.0448044985533
14428	14427	0.0448044985533
14428	14429	0.0448044985533
14429	14428	0.0448044985533
14430	14295	0.0510689988732
14430	14431	0.0510689988732
14431	14430	0.0510689988732
14431	14432	0.0510689988732
14432	14431	0.0510689988732
14432	14433	0.0510689988732
14433	14432	0.0510689988732
14433	14434	0.0510689988732
14434	14433	0.0510689988732
14434	14435	0.0510689988732
14435	14434	0.0510689988732
14435	14436	0.0510689988732
14436	14435	0.0510689988732
14436	14437	0.0510689988732
14437	14436	0.0510689988732
14437	14438	0.0510689988732
14438	14437	0.0510689988732
14438	14439	0.0510689988732
14439	14438	0.0510689988732
14439	14440	0.0510689988732
14440	14439	0.0510689988732
14440	14441	0.0510689988732
14441	14440	0.0510689988732
14441	14442	0.0510689988732
14442	14441	0.0510689988732
14442	14443	0.0510689988732
14443	14442	0.0510689988732
14443	14444	0.0510689988732
14444	14443	0.0510689988732
14444	14445	0.0510689988732
14445	14444	0.0510689988732
14445	14446	0.0510689988732
14446	14445	0.0510689988732
14446	14447	0.0510689988732
14447	14446	0.0510689988732
14448	14245	0.126515492797
14448	14449	0.126515492797
14449	14448	0.126515492797
14449	14450	0.126515492797
14450	14449	0.126515492797
14450	14451	0.126515492797
14451	14450	0.126515492797
14451	14452	0.126515492797
14452	14451	0.126515492797
14452	14453	0.126515492797
14453	14452	0.126515492797
14453	14454	0.126515492797
14454	14453	0.126515492797
14454	14455	0.126515492797
14455	14454	0.126515492797
14455	14456	0.126515492797
14456	14455	0.126515492797
14456	14457	0.126515492797
14457	14456	0.126515492797
14457	14458	0.126515492797
14458	14457	0.126515492797
14458	14459	0.126515492797
14459	14458	0.126515492797
14459	14460	0.126515492797
14460	14459	0.126515492797
14460	14461	0.126515492797
14461	14460	0.126515492797
14461	14462	0.126515492797
14462	14461	0.126515492797
14462	14463	0.126515492797
14463	14462	0.126515492797
14463	14464	0.126515492797
14464	14463	0.126515492797
14464	14465	0.126515492797
14465	14464	0.126515492797
14465	14466	0.126515492797
14466	14465	0.126515492797
14466	14467	0.126515492797
14467	14466	0.126515492797
14467	14468	0.126515492797
14468	14467	0.126515492797
14468	14469	0.126515492797
14469	14468	0.126515492797
14469	14470	0.126515492797
14470	14469	0.126515492797
14470	14471	0.126515492797
14471	14470	0.126515492797
14471	14472	0.126515492797
14472	14471	0.126515492797
14472	14473	0.126515492797
14473	14472	0.126515492797
14473	14474	0.126515492797
14474	14473	0.126515492797
14474	14475	0.126515492797
14475	14474	0.126515492797
14475	14476	0.126515492797
14476	14475	0.126515492797
14476	14477	0.126515492797
14477	14476	0.126515492797
14477	14478	0.126515492797
14478	14477	0.126515492797
14478	14479	0.126515492797
14479	14478	0.126515492797
14479	14480	0.126515492797
14480	14479	0.126515492797
14480	14481	0.126515492797
14481	14480	0.126515492797
14481	14482	0.126515492797
14482	14481	0.126515492797
14482	14483	0.123714499176
14482	14732	0.050856500864
14483	14482	0.123714499176
14483	14484	0.123714499176
14484	14483	0.123714499176
14484	14485	0.123714499176
14485	14484	0.123714499176
14485	14486	0.123714499176
14486	14485	0.123714499176
14486	14487	0.123714499176
14487	14486	0.123714499176
14487	14488	0.123714499176
14488	14487	0.123714499176
14488	14489	0.123714499176
14489	14488	0.123714499176
14489	14490	0.123714499176
14490	14489	0.123714499176
14490	14491	0.123714499176
14491	14490	0.123714499176
14491	14492	0.123714499176
14492	14491	0.123714499176
14492	14493	0.123714499176
14493	14492	0.123714499176
14493	14494	0.123714499176
14494	14493	0.123714499176
14494	14495	0.0447175018489
14494	14507	0.121735498309
14495	14494	0.0447175018489
14495	14496	0.0447175018489
14496	14495	0.0447175018489
14496	14497	0.0447175018489
14497	14496	0.0447175018489
14497	14498	0.0447175018489
14498	14497	0.0447175018489
14498	14499	0.0447175018489
14499	14498	0.0447175018489
14499	14500	0.0447175018489
14500	14499	0.0447175018489
14500	14501	0.0447175018489
14501	14500	0.0447175018489
14501	14502	0.0447175018489
14502	14501	0.0447175018489
14502	14503	0.0447175018489
14503	14502	0.0447175018489
14503	14504	0.0447175018489
14504	14503	0.0447175018489
14504	14505	0.0447175018489
14505	14504	0.0447175018489
14505	14506	0.0447175018489
14506	14505	0.0447175018489
14507	14494	0.121735498309
14507	14508	0.121735498309
14508	14507	0.121735498309
14508	14509	0.121735498309
14509	14508	0.121735498309
14509	14510	0.121735498309
14510	14509	0.121735498309
14510	14511	0.121735498309
14511	14510	0.121735498309
14511	14512	0.121735498309
14512	14511	0.121735498309
14512	14513	0.121735498309
14513	14512	0.121735498309
14513	14514	0.121735498309
14514	14513	0.121735498309
14514	14515	0.121735498309
14515	14514	0.121735498309
14515	14516	0.121735498309
14516	14515	0.121735498309
14516	14517	0.121735498309
14517	14516	0.121735498309
14517	14518	0.121735498309
14518	14517	0.121735498309
14518	14519	0.0535124987364
14518	14541	0.118186503649
14519	14518	0.0535124987364
14519	14520	0.0535124987364
14520	14519	0.0535124987364
14520	14521	0.0535124987364
14521	14520	0.0535124987364
14521	14522	0.0535124987364
14522	14521	0.0535124987364
14522	14523	0.0535124987364
14523	14522	0.0535124987364
14523	14524	0.0535124987364
14524	14523	0.0535124987364
14524	14525	0.0535124987364
14525	14524	0.0535124987364
14525	14526	0.0535124987364
14526	14525	0.0535124987364
14526	14527	0.0535124987364
14527	14526	0.0535124987364
14527	14528	0.0535124987364
14528	14527	0.0535124987364
14528	14529	0.0535124987364
14529	14528	0.0535124987364
14529	14530	0.0535124987364
14530	14529	0.0535124987364
14530	14531	0.0535124987364
14531	14530	0.0535124987364
14531	14532	0.0535124987364
14532	14531	0.0535124987364
14532	14533	0.0535124987364
14533	14532	0.0535124987364
14533	14534	0.0535124987364
14534	14533	0.0535124987364
14534	14535	0.0535124987364
14535	14534	0.0535124987364
14535	14536	0.0535124987364
14536	14535	0.0535124987364
14536	14537	0.0535124987364
14537	14536	0.0535124987364
14537	14538	0.0535124987364
14538	14537	0.0535124987364
14538	14539	0.0535124987364
14539	14538	0.0535124987364
14539	14540	0.0535124987364
14540	14539	0.0535124987364
14541	14518	0.118186503649
14541	14542	0.118186503649
14542	14541	0.118186503649
14542	14543	0.118186503649
14543	14542	0.118186503649
14543	14544	0.118186503649
14544	14543	0.118186503649
14544	14545	0.118186503649
14545	14544	0.118186503649
14545	14546	0.118186503649
14546	14545	0.118186503649
14546	14547	0.118186503649
14547	14546	0.118186503649
14547	14548	0.118186503649
14548	14547	0.118186503649
14548	14549	0.118186503649
14549	14548	0.118186503649
14549	14550	0.118186503649
14550	14549	0.118186503649
14550	14551	0.118186503649
14551	14550	0.118186503649
14551	14552	0.118186503649
14552	14551	0.118186503649
14552	14553	0.118186503649
14553	14552	0.118186503649
14553	14554	0.118186503649
14554	14553	0.118186503649
14554	14555	0.118186503649
14555	14554	0.118186503649
14555	14556	0.118186503649
14556	14555	0.118186503649
14556	14557	0.118186503649
14557	14556	0.118186503649
14557	14558	0.115732498467
14557	14722	0.0465239994228
14558	14557	0.115732498467
14558	14559	0.115732498467
14559	14558	0.115732498467
14559	14560	0.115732498467
14560	14559	0.115732498467
14560	14561	0.115732498467
14561	14560	0.115732498467
14561	14562	0.115732498467
14562	14561	0.115732498467
14562	14563	0.115732498467
14563	14562	0.115732498467
14563	14564	0.115732498467
14564	14563	0.115732498467
14564	14565	0.115732498467
14565	14564	0.115732498467
14565	14566	0.115732498467
14566	14565	0.115732498467
14566	14567	0.115732498467
14567	14566	0.115732498467
14567	14568	0.115732498467
14568	14567	0.115732498467
14568	14569	0.115732498467
14569	14568	0.115732498467
14569	14570	0.115732498467
14570	14569	0.115732498467
14570	14571	0.115732498467
14571	14570	0.115732498467
14571	14572	0.115732498467
14572	14571	0.115732498467
14572	14573	0.115732498467
14573	14572	0.115732498467
14573	14574	0.115732498467
14574	14573	0.115732498467
14574	14575	0.115732498467
14575	14574	0.115732498467
14575	14576	0.115732498467
14576	14575	0.115732498467
14576	14577	0.115732498467
14577	14576	0.115732498467
14577	14578	0.115732498467
14578	14577	0.115732498467
14578	14579	0.115732498467
14579	14578	0.115732498467
14579	14580	0.115732498467
14580	14579	0.115732498467
14580	14581	0.115732498467
14581	14580	0.115732498467
14581	14582	0.115732498467
14582	14581	0.115732498467
14582	14583	0.115732498467
14583	14582	0.115732498467
14583	14584	0.115732498467
14584	14583	0.115732498467
14584	14585	0.115732498467
14585	14584	0.115732498467
14585	14586	0.115732498467
14586	14585	0.115732498467
14586	14587	0.115732498467
14587	14586	0.115732498467
14587	14588	0.115732498467
14588	14587	0.115732498467
14588	14589	0.115732498467
14589	14588	0.115732498467
14589	14590	0.115732498467
14590	14589	0.115732498467
14590	14591	0.115732498467
14591	14590	0.115732498467
14591	14592	0.115732498467
14592	14591	0.115732498467
14592	14593	0.115732498467
14593	14592	0.115732498467
14593	14594	0.115732498467
14594	14593	0.115732498467
14594	14595	0.115732498467
14595	14594	0.115732498467
14595	14596	0.115732498467
14596	14595	0.115732498467
14596	14597	0.115732498467
14597	14596	0.115732498467
14597	14598	0.115732498467
14598	14597	0.115732498467
14598	14599	0.115732498467
14599	14598	0.115732498467
14599	14600	0.115732498467
14600	14599	0.115732498467
14600	14601	0.115732498467
14601	14600	0.115732498467
14601	14602	0.115732498467
14602	14601	0.115732498467
14602	14603	0.115732498467
14603	14602	0.115732498467
14603	14604	0.115732498467
14604	14603	0.115732498467
14604	14605	0.115732498467
14605	14604	0.115732498467
14605	14606	0.115732498467
14606	14605	0.115732498467
14606	14607	0.115732498467
14607	14606	0.115732498467
14607	14608	0.115732498467
14608	14607	0.115732498467
14608	14609	0.115732498467
14609	14608	0.115732498467
14609	14610	0.115732498467
14610	14609	0.115732498467
14610	14611	0.115732498467
14611	14610	0.115732498467
14611	14612	0.0858915001154
14611	14655	0.097134500742
14612	14611	0.0858915001154
14612	14613	0.0858915001154
14613	14612	0.0858915001154
14613	14614	0.0858915001154
14614	14613	0.0858915001154
14614	14615	0.0858915001154
14615	14614	0.0858915001154
14615	14616	0.0858915001154
14616	14615	0.0858915001154
14616	14617	0.0858915001154
14617	14616	0.0858915001154
14617	14618	0.0858915001154
14618	14617	0.0858915001154
14618	14619	0.0858915001154
14619	14618	0.0858915001154
14619	14620	0.0858915001154
14620	14619	0.0858915001154
14620	14621	0.0858915001154
14621	14620	0.0858915001154
14621	14622	0.0858915001154
14622	14621	0.0858915001154
14622	14623	0.0530490018427
14622	14628	0.0785339996219
14623	14622	0.0530490018427
14623	14624	0.0530490018427
14624	14623	0.0530490018427
14624	14625	0.0530490018427
14625	14624	0.0530490018427
14625	14626	0.0530490018427
14626	14625	0.0530490018427
14626	14627	0.0530490018427
14627	14626	0.0530490018427
14628	14622	0.0785339996219
14628	14629	0.0785339996219
14629	14628	0.0785339996219
14629	14630	0.0785339996219
14630	14629	0.0785339996219
14630	14631	0.0785339996219
14631	14630	0.0785339996219
14631	14632	0.0785339996219
14632	14631	0.0785339996219
14632	14633	0.0785339996219
14633	14632	0.0785339996219
14633	14634	0.0785339996219
14634	14633	0.0785339996219
14634	14635	0.0785339996219
14635	14634	0.0785339996219
14635	14636	0.0785339996219
14636	14635	0.0785339996219
14636	14637	0.0785339996219
14637	14636	0.0785339996219
14637	14638	0.0785339996219
14638	14637	0.0785339996219
14638	14639	0.0785339996219
14639	14638	0.0785339996219
14639	14640	0.0785339996219
14640	14639	0.0785339996219
14640	14641	0.0785339996219
14641	14640	0.0785339996219
14641	14642	0.0785339996219
14642	14641	0.0785339996219
14642	14643	0.0785339996219
14643	14642	0.0785339996219
14643	14644	0.0785339996219
14644	14643	0.0785339996219
14644	14645	0.0785339996219
14645	14644	0.0785339996219
14645	14646	0.0785339996219
14646	14645	0.0785339996219
14646	14647	0.0785339996219
14647	14646	0.0785339996219
14647	14648	0.0785339996219
14648	14647	0.0785339996219
14648	14649	0.0785339996219
14649	14648	0.0785339996219
14649	14650	0.0785339996219
14650	14649	0.0785339996219
14650	14651	0.0785339996219
14651	14650	0.0785339996219
14651	14652	0.0785339996219
14652	14651	0.0785339996219
14652	14653	0.0785339996219
14653	14652	0.0785339996219
14653	14654	0.0785339996219
14654	14653	0.0785339996219
14655	14611	0.097134500742
14655	14656	0.097134500742
14656	14655	0.097134500742
14656	14657	0.097134500742
14657	14656	0.097134500742
14657	14658	0.097134500742
14658	14657	0.097134500742
14658	14659	0.097134500742
14659	14658	0.097134500742
14659	14660	0.097134500742
14660	14659	0.097134500742
14660	14661	0.097134500742
14661	14660	0.097134500742
14661	14662	0.097134500742
14662	14661	0.097134500742
14662	14663	0.097134500742
14663	14662	0.097134500742
14663	14664	0.097134500742
14664	14663	0.097134500742
14664	14665	0.097134500742
14665	14664	0.097134500742
14665	14666	0.097134500742
14666	14665	0.097134500742
14666	14667	0.097134500742
14667	14666	0.097134500742
14667	14668	0.097134500742
14668	14667	0.097134500742
14668	14669	0.097134500742
14669	14668	0.097134500742
14669	14670	0.097134500742
14670	14669	0.097134500742
14670	14671	0.097134500742
14671	14670	0.097134500742
14671	14672	0.097134500742
14672	14671	0.097134500742
14672	14673	0.097134500742
14673	14672	0.097134500742
14673	14674	0.097134500742
14674	14673	0.097134500742
14674	14675	0.0676020011306
14674	14688	0.0846944972873
14675	14674	0.0676020011306
14675	14676	0.0676020011306
14676	14675	0.0676020011306
14676	14677	0.0676020011306
14677	14676	0.0676020011306
14677	14678	0.0676020011306
14678	14677	0.0676020011306
14678	14679	0.0676020011306
14679	14678	0.0676020011306
14679	14680	0.0676020011306
14680	14679	0.0676020011306
14680	14681	0.0676020011306
14681	14680	0.0676020011306
14681	14682	0.0676020011306
14682	14681	0.0676020011306
14682	14683	0.0676020011306
14683	14682	0.0676020011306
14683	14684	0.0676020011306
14684	14683	0.0676020011306
14684	14685	0.0676020011306
14685	14684	0.0676020011306
14685	14686	0.0676020011306
14686	14685	0.0676020011306
14686	14687	0.0676020011306
14687	14686	0.0676020011306
14688	14674	0.0846944972873
14688	14689	0.0846944972873
14689	14688	0.0846944972873
14689	14690	0.0846944972873
14690	14689	0.0846944972873
14690	14691	0.0846944972873
14691	14690	0.0846944972873
14691	14692	0.0846944972873
14692	14691	0.0846944972873
14692	14693	0.0846944972873
14693	14692	0.0846944972873
14693	14694	0.0846944972873
14694	14693	0.0846944972873
14694	14695	0.0846944972873
14695	14694	0.0846944972873
14695	14696	0.0846944972873
14696	14695	0.0846944972873
14696	14697	0.0846944972873
14697	14696	0.0846944972873
14697	14698	0.0846944972873
14698	14697	0.0846944972873
14698	14699	0.0846944972873
14699	14698	0.0846944972873
14699	14700	0.0846944972873
14700	14699	0.0846944972873
14700	14701	0.0846944972873
14701	14700	0.0846944972873
14701	14702	0.0846944972873
14702	14701	0.0846944972873
14702	14703	0.0846944972873
14703	14702	0.0846944972873
14703	14704	0.0846944972873
14704	14703	0.0846944972873
14704	14705	0.0846944972873
14705	14704	0.0846944972873
14705	14706	0.0846944972873
14706	14705	0.0846944972873
14706	14707	0.0846944972873
14707	14706	0.0846944972873
14707	14708	0.0846944972873
14708	14707	0.0846944972873
14708	14709	0.0846944972873
14709	14708	0.0846944972873
14709	14710	0.0846944972873
14710	14709	0.0846944972873
14710	14711	0.0846944972873
14711	14710	0.0846944972873
14711	14712	0.0846944972873
14712	14711	0.0846944972873
14712	14713	0.0846944972873
14713	14712	0.0846944972873
14713	14714	0.0846944972873
14714	14713	0.0846944972873
14714	14715	0.0846944972873
14715	14714	0.0846944972873
14715	14716	0.0846944972873
14716	14715	0.0846944972873
14716	14717	0.0846944972873
14717	14716	0.0846944972873
14717	14718	0.0846944972873
14718	14717	0.0846944972873
14718	14719	0.0846944972873
14719	14718	0.0846944972873
14719	14720	0.0846944972873
14720	14719	0.0846944972873
14720	14721	0.0846944972873
14721	14720	0.0846944972873
14722	14557	0.0465239994228
14722	14723	0.0465239994228
14723	14722	0.0465239994228
14723	14724	0.0465239994228
14724	14723	0.0465239994228
14724	14725	0.0465239994228
14725	14724	0.0465239994228
14725	14726	0.0465239994228
14726	14725	0.0465239994228
14726	14727	0.0465239994228
14727	14726	0.0465239994228
14727	14728	0.0465239994228
14728	14727	0.0465239994228
14728	14729	0.0465239994228
14729	14728	0.0465239994228
14729	14730	0.0465239994228
14730	14729	0.0465239994228
14730	14731	0.0465239994228
14731	14730	0.0465239994228
14732	14482	0.050856500864
14732	14733	0.050856500864
14733	14732	0.050856500864
14733	14734	0.050856500864
14734	14733	0.050856500864
14734	14735	0.050856500864
14735	14734	0.050856500864
14735	14736	0.050856500864
14736	14735	0.050856500864
14736	14737	0.050856500864
14737	14736	0.050856500864
14737	14738	0.050856500864
14738	14737	0.050856500864
14738	14739	0.050856500864
14739	14738	0.050856500864
14739	14740	0.050856500864
14740	14739	0.050856500864
14740	14741	0.050856500864
14741	14740	0.050856500864
14741	14742	0.050856500864
14742	14741	0.050856500864
14742	14743	0.050856500864
14743	14742	0.050856500864
14743	14744	0.050856500864
14744	14743	0.050856500864
14744	14745	0.050856500864
14745	14744	0.050856500864
14745	14746	0.050856500864
14746	14745	0.050856500864
14746	14747	0.050856500864
14747	14746	0.050856500864
14747	14748	0.050856500864
14748	14747	0.050856500864
14748	14749	0.050856500864
14749	14748	0.050856500864
14749	14750	0.050856500864
14750	14749	0.050856500864
14750	14751	0.050856500864
14751	14750	0.050856500864
14751	14752	0.050856500864
14752	14751	0.050856500864
14752	14753	0.050856500864
14753	14752	0.050856500864
14753	14754	0.050856500864
14754	14753	0.050856500864
14755	14150	0.0743435025215
14755	14756	0.0743435025215
14756	14755	0.0743435025215
14756	14757	0.0743435025215
14757	14756	0.0743435025215
14757	14758	0.0743435025215
14758	14757	0.0743435025215
14758	14759	0.0743435025215
14759	14758	0.0743435025215
14759	14760	0.0743435025215
14760	14759	0.0743435025215
14760	14761	0.0743435025215
14761	14760	0.0743435025215
14761	14762	0.0743435025215
14762	14761	0.0743435025215
14762	14763	0.0743435025215
14763	14762	0.0743435025215
14763	14764	0.0743435025215
14764	14763	0.0743435025215
14764	14765	0.0743435025215
14765	14764	0.0743435025215
14765	14766	0.0743435025215
14766	14765	0.0743435025215
14766	14767	0.0743435025215
14767	14766	0.0743435025215
14767	14768	0.0743435025215
14768	14767	0.0743435025215
14768	14769	0.0743435025215
14769	14768	0.0743435025215
14769	14770	0.0743435025215
14770	14769	0.0743435025215
14770	14771	0.0743435025215
14771	14770	0.0743435025215
14771	14772	0.0743435025215
14772	14771	0.0743435025215
14772	14773	0.0743435025215
14773	14772	0.0743435025215
14773	14774	0.0743435025215
14774	14773	0.0743435025215
14774	14775	0.0743435025215
14775	14774	0.0743435025215
14775	14776	0.0743435025215
14776	14775	0.0743435025215
14776	14777	0.0351044982672
14776	14782	0.0716369971633
14777	14776	0.0351044982672
14777	14778	0.0351044982672
14778	14777	0.0351044982672
14778	14779	0.0351044982672
14779	14778	0.0351044982672
14779	14780	0.0351044982672
14780	14779	0.0351044982672
14780	14781	0.0351044982672
14781	14780	0.0351044982672
14782	14776	0.0716369971633
14782	14783	0.0716369971633
14783	14782	0.0716369971633
14783	14784	0.0716369971633
14784	14783	0.0716369971633
14784	14785	0.0716369971633
14785	14784	0.0716369971633
14785	14786	0.0716369971633
14786	14785	0.0716369971633
14786	14787	0.0716369971633
14787	14786	0.0716369971633
14787	14788	0.0716369971633
14788	14787	0.0716369971633
14788	14789	0.0716369971633
14789	14788	0.0716369971633
14789	14790	0.0716369971633
14790	14789	0.0716369971633
14790	14791	0.0716369971633
14791	14790	0.0716369971633
14791	14792	0.0716369971633
14792	14791	0.0716369971633
14792	14793	0.0716369971633
14793	14792	0.0716369971633
14793	14794	0.0547465011477
14793	14820	0.0588244982064
14794	14793	0.0547465011477
14794	14795	0.0547465011477
14795	14794	0.0547465011477
14795	14796	0.0547465011477
14796	14795	0.0547465011477
14796	14797	0.0547465011477
14797	14796	0.0547465011477
14797	14798	0.0547465011477
14798	14797	0.0547465011477
14798	14799	0.0547465011477
14799	14798	0.0547465011477
14799	14800	0.0547465011477
14800	14799	0.0547465011477
14800	14801	0.0547465011477
14801	14800	0.0547465011477
14801	14802	0.0547465011477
14802	14801	0.0547465011477
14802	14803	0.0547465011477
14803	14802	0.0547465011477
14803	14804	0.0547465011477
14804	14803	0.0547465011477
14804	14805	0.0547465011477
14805	14804	0.0547465011477
14805	14806	0.0547465011477
14806	14805	0.0547465011477
14806	14807	0.0547465011477
14807	14806	0.0547465011477
14807	14808	0.0547465011477
14808	14807	0.0547465011477
14808	14809	0.0547465011477
14809	14808	0.0547465011477
14809	14810	0.0547465011477
14810	14809	0.0547465011477
14810	14811	0.0547465011477
14811	14810	0.0547465011477
14811	14812	0.0547465011477
14812	14811	0.0547465011477
14812	14813	0.0547465011477
14813	14812	0.0547465011477
14813	14814	0.0547465011477
14814	14813	0.0547465011477
14814	14815	0.0547465011477
14815	14814	0.0547465011477
14815	14816	0.0547465011477
14816	14815	0.0547465011477
14816	14817	0.0547465011477
14817	14816	0.0547465011477
14817	14818	0.0547465011477
14818	14817	0.0547465011477
14818	14819	0.0547465011477
14819	14818	0.0547465011477
14820	14793	0.0588244982064
14820	14821	0.0588244982064
14821	14820	0.0588244982064
14821	14822	0.0588244982064
14822	14821	0.0588244982064
14822	14823	0.0588244982064
14823	14822	0.0588244982064
14823	14824	0.0588244982064
14824	14823	0.0588244982064
14824	14825	0.0588244982064
14825	14824	0.0588244982064
14825	14826	0.0588244982064
14826	14825	0.0588244982064
14826	14827	0.0588244982064
14827	14826	0.0588244982064
14827	14828	0.0588244982064
14828	14827	0.0588244982064
14828	14829	0.0588244982064
14829	14828	0.0588244982064
14829	14830	0.0588244982064
14830	14829	0.0588244982064
14830	14831	0.0588244982064
14831	14830	0.0588244982064
14831	14832	0.0588244982064
14832	14831	0.0588244982064
14832	14833	0.0588244982064
14833	14832	0.0588244982064
14833	14834	0.0588244982064
14834	14833	0.0588244982064
14834	14835	0.0588244982064
14835	14834	0.0588244982064
14835	14836	0.0588244982064
14836	14835	0.0588244982064
14836	14837	0.0588244982064
14837	14836	0.0588244982064
14837	14838	0.0588244982064
14838	14837	0.0588244982064
14838	14839	0.0588244982064
14839	14838	0.0588244982064
14839	14840	0.0588244982064
14840	14839	0.0588244982064
14840	14841	0.0588244982064
14841	14840	0.0588244982064
14841	14842	0.0588244982064
14842	14841	0.0588244982064
14842	14843	0.0588244982064
14843	14842	0.0588244982064
14843	14844	0.0588244982064
14844	14843	0.0588244982064
14844	14845	0.0588244982064
14845	14844	0.0588244982064
14845	14846	0.0588244982064
14846	14845	0.0588244982064
14846	14847	0.0588244982064
14847	14846	0.0588244982064
14847	14848	0.0588244982064
14848	14847	0.0588244982064
14848	14849	0.0588244982064
14849	14848	0.0588244982064
14849	14850	0.0588244982064
14850	14849	0.0588244982064
14850	14851	0.0588244982064
14851	14850	0.0588244982064
14851	14852	0.0588244982064
14852	14851	0.0588244982064
14852	14853	0.0588244982064
14853	14852	0.0588244982064
14853	14854	0.0588244982064
14854	14853	0.0588244982064
14855	14120	0.082322999835
14855	14856	0.082322999835
14856	14855	0.082322999835
14856	14857	0.082322999835
14857	14856	0.082322999835
14857	14858	0.082322999835
14858	14857	0.082322999835
14858	14859	0.082322999835
14859	14858	0.082322999835
14859	14860	0.082322999835
14860	14859	0.082322999835
14860	14861	0.082322999835
14861	14860	0.082322999835
14861	14862	0.082322999835
14862	14861	0.082322999835
14862	14863	0.082322999835
14863	14862	0.082322999835
14863	14864	0.082322999835
14864	14863	0.082322999835
14864	14865	0.082322999835
14865	14864	0.082322999835
14865	14866	0.082322999835
14866	14865	0.082322999835
14866	14867	0.082322999835
14867	14866	0.082322999835
14867	14868	0.082322999835
14868	14867	0.082322999835
14868	14869	0.082322999835
14869	14868	0.082322999835
14869	14870	0.082322999835
14870	14869	0.082322999835
14870	14871	0.082322999835
14871	14870	0.082322999835
14871	14872	0.082322999835
14872	14871	0.082322999835
14872	14873	0.082322999835
14873	14872	0.082322999835
14873	14874	0.082322999835
14874	14873	0.082322999835
14874	14875	0.082322999835
14875	14874	0.082322999835
14875	14876	0.082322999835
14876	14875	0.082322999835
14876	14877	0.082322999835
14877	14876	0.082322999835
14877	14878	0.082322999835
14878	14877	0.082322999835
14878	14879	0.082322999835
14879	14878	0.082322999835
14879	14880	0.0734015032649
14879	14957	0.0545625016093
14880	14879	0.0734015032649
14880	14881	0.0734015032649
14881	14880	0.0734015032649
14881	14882	0.0734015032649
14882	14881	0.0734015032649
14882	14883	0.0734015032649
14883	14882	0.0734015032649
14883	14884	0.0734015032649
14884	14883	0.0734015032649
14884	14885	0.0734015032649
14885	14884	0.0734015032649
14885	14886	0.0734015032649
14886	14885	0.0734015032649
14886	14887	0.0734015032649
14887	14886	0.0734015032649
14887	14888	0.0734015032649
14888	14887	0.0734015032649
14888	14889	0.0385240018368
14888	14897	0.0696785002947
14889	14888	0.0385240018368
14889	14890	0.0385240018368
14890	14889	0.0385240018368
14890	14891	0.0385240018368
14891	14890	0.0385240018368
14891	14892	0.0385240018368
14892	14891	0.0385240018368
14892	14893	0.0385240018368
14893	14892	0.0385240018368
14893	14894	0.0385240018368
14894	14893	0.0385240018368
14894	14895	0.0385240018368
14895	14894	0.0385240018368
14895	14896	0.0385240018368
14896	14895	0.0385240018368
14897	14888	0.0696785002947
14897	14898	0.0696785002947
14898	14897	0.0696785002947
14898	14899	0.0696785002947
14899	14898	0.0696785002947
14899	14900	0.0696785002947
14900	14899	0.0696785002947
14900	14901	0.0696785002947
14901	14900	0.0696785002947
14901	14902	0.0696785002947
14902	14901	0.0696785002947
14902	14903	0.0696785002947
14903	14902	0.0696785002947
14903	14904	0.0696785002947
14904	14903	0.0696785002947
14904	14905	0.0696785002947
14905	14904	0.0696785002947
14905	14906	0.0696785002947
14906	14905	0.0696785002947
14906	14907	0.0696785002947
14907	14906	0.0696785002947
14907	14908	0.0696785002947
14908	14907	0.0696785002947
14908	14909	0.0495630018413
14908	14924	0.0600504986942
14909	14908	0.0495630018413
14909	14910	0.0495630018413
14910	14909	0.0495630018413
14910	14911	0.0495630018413
14911	14910	0.0495630018413
14911	14912	0.0495630018413
14912	14911	0.0495630018413
14912	14913	0.0495630018413
14913	14912	0.0495630018413
14913	14914	0.0495630018413
14914	14913	0.0495630018413
14914	14915	0.0495630018413
14915	14914	0.0495630018413
14915	14916	0.0495630018413
14916	14915	0.0495630018413
14916	14917	0.0495630018413
14917	14916	0.0495630018413
14917	14918	0.0495630018413
14918	14917	0.0495630018413
14918	14919	0.0495630018413
14919	14918	0.0495630018413
14919	14920	0.0495630018413
14920	14919	0.0495630018413
14920	14921	0.0495630018413
14921	14920	0.0495630018413
14921	14922	0.0495630018413
14922	14921	0.0495630018413
14922	14923	0.0495630018413
14923	14922	0.0495630018413
14924	14908	0.0600504986942
14924	14925	0.0600504986942
14925	14924	0.0600504986942
14925	14926	0.0600504986942
14926	14925	0.0600504986942
14926	14927	0.0600504986942
14927	14926	0.0600504986942
14927	14928	0.0600504986942
14928	14927	0.0600504986942
14928	14929	0.0600504986942
14929	14928	0.0600504986942
14929	14930	0.0600504986942
14930	14929	0.0600504986942
14930	14931	0.0600504986942
14931	14930	0.0600504986942
14931	14932	0.0600504986942
14932	14931	0.0600504986942
14932	14933	0.0600504986942
14933	14932	0.0600504986942
14933	14934	0.0600504986942
14934	14933	0.0600504986942
14934	14935	0.0600504986942
14935	14934	0.0600504986942
14935	14936	0.0600504986942
14936	14935	0.0600504986942
14936	14937	0.0600504986942
14937	14936	0.0600504986942
14937	14938	0.0600504986942
14938	14937	0.0600504986942
14938	14939	0.0600504986942
14939	14938	0.0600504986942
14939	14940	0.0600504986942
14940	14939	0.0600504986942
14940	14941	0.0600504986942
14941	14940	0.0600504986942
14941	14942	0.0600504986942
14942	14941	0.0600504986942
14942	14943	0.0600504986942
14943	14942	0.0600504986942
14943	14944	0.0600504986942
14944	14943	0.0600504986942
14944	14945	0.0600504986942
14945	14944	0.0600504986942
14945	14946	0.0600504986942
14946	14945	0.0600504986942
14946	14947	0.0600504986942
14947	14946	0.0600504986942
14947	14948	0.0600504986942
14948	14947	0.0600504986942
14948	14949	0.0600504986942
14949	14948	0.0600504986942
14949	14950	0.0600504986942
14950	14949	0.0600504986942
14950	14951	0.0600504986942
14951	14950	0.0600504986942
14951	14952	0.0600504986942
14952	14951	0.0600504986942
14952	14953	0.0600504986942
14953	14952	0.0600504986942
14953	14954	0.0600504986942
14954	14953	0.0600504986942
14954	14955	0.0600504986942
14955	14954	0.0600504986942
14955	14956	0.0600504986942
14956	14955	0.0600504986942
14957	14879	0.0545625016093
14957	14958	0.0545625016093
14958	14957	0.0545625016093
14958	14959	0.0545625016093
14959	14958	0.0545625016093
14959	14960	0.0545625016093
14960	14959	0.0545625016093
14960	14961	0.0545625016093
14961	14960	0.0545625016093
14961	14962	0.0545625016093
14962	14961	0.0545625016093
14962	14963	0.0545625016093
14963	14962	0.0545625016093
14963	14964	0.0545625016093
14964	14963	0.0545625016093
14964	14965	0.0545625016093
14965	14964	0.0545625016093
14965	14966	0.0545625016093
14966	14965	0.0545625016093
14966	14967	0.0545625016093
14967	14966	0.0545625016093
14967	14968	0.0545625016093
14968	14967	0.0545625016093
14968	14969	0.0545625016093
14969	14968	0.0545625016093
14969	14970	0.0545625016093
14970	14969	0.0545625016093
14970	14971	0.0545625016093
14971	14970	0.0545625016093
14971	14972	0.0545625016093
14972	14971	0.0545625016093
14972	14973	0.0545625016093
14973	14972	0.0545625016093
14973	14974	0.0545625016093
14974	14973	0.0545625016093
14974	14975	0.0545625016093
14975	14974	0.0545625016093
14975	14976	0.0545625016093
14976	14975	0.0545625016093
14976	14977	0.0545625016093
14977	14976	0.0545625016093
14977	14978	0.0545625016093
14978	14977	0.0545625016093
14978	14979	0.0545625016093
14979	14978	0.0545625016093
14979	14980	0.0545625016093
14980	14979	0.0545625016093
14980	14981	0.0545625016093
14981	14980	0.0545625016093
14981	14982	0.0545625016093
14982	14981	0.0545625016093
14982	14983	0.0545625016093
14983	14982	0.0545625016093
14983	14984	0.0545625016093
14984	14983	0.0545625016093
14984	14985	0.0545625016093
14985	14984	0.0545625016093
14985	14986	0.0545625016093
14986	14985	0.0545625016093
14986	14987	0.0545625016093
14987	14986	0.0545625016093
14987	14988	0.0545625016093
14988	14987	0.0545625016093
14988	14989	0.0545625016093
14989	14988	0.0545625016093
14989	14990	0.0545625016093
14990	14989	0.0545625016093
14990	14991	0.0545625016093
14991	14990	0.0545625016093
14991	14992	0.0545625016093
14992	14991	0.0545625016093
14992	14993	0.0545625016093
14993	14992	0.0545625016093
14993	14994	0.0545625016093
14994	14993	0.0545625016093
14994	14995	0.0545625016093
14995	14994	0.0545625016093
14995	14996	0.0545625016093
14996	14995	0.0545625016093
14997	13953	0.0424015000463
14997	14998	0.0424015000463
14998	14997	0.0424015000463
14998	14999	0.0424015000463
14999	14998	0.0424015000463
14999	15000	0.0424015000463
15000	14999	0.0424015000463
15000	15001	0.0424015000463
15001	15000	0.0424015000463
15001	15002	0.0424015000463
15002	15001	0.0424015000463
15002	15003	0.0424015000463
15003	15002	0.0424015000463
15003	15004	0.0424015000463
15004	15003	0.0424015000463
15004	15005	0.0424015000463
15005	15004	0.0424015000463
15005	15006	0.0424015000463
15006	15005	0.0424015000463
15006	15007	0.0424015000463
15007	15006	0.0424015000463
15007	15008	0.0424015000463
15008	15007	0.0424015000463
15008	15009	0.0424015000463
15009	15008	0.0424015000463
15009	15010	0.0424015000463
15010	15009	0.0424015000463
15010	15011	0.0424015000463
15011	15010	0.0424015000463
15011	15012	0.0424015000463
15012	15011	0.0424015000463
15012	15013	0.0424015000463
15013	15012	0.0424015000463
15013	15014	0.0424015000463
15014	15013	0.0424015000463
15014	15015	0.0424015000463
15015	15014	0.0424015000463
15015	15016	0.0424015000463
15016	15015	0.0424015000463
15016	15017	0.0424015000463
15017	15016	0.0424015000463
15017	15018	0.0424015000463
15018	15017	0.0424015000463
15018	15019	0.0424015000463
15019	15018	0.0424015000463
15019	15020	0.0424015000463
15020	15019	0.0424015000463
15020	15021	0.0424015000463
15021	15020	0.0424015000463
15021	15022	0.0424015000463
15022	15021	0.0424015000463
15022	15023	0.0424015000463
15023	15022	0.0424015000463
15023	15024	0.0424015000463
15024	15023	0.0424015000463
15024	15025	0.0424015000463
15025	15024	0.0424015000463
15025	15026	0.0424015000463
15026	15025	0.0424015000463
15027	12331	0.0423564985394
15027	15028	0.0423564985394
15028	15027	0.0423564985394
15028	15029	0.0423564985394
15029	15028	0.0423564985394
15029	15030	0.0423564985394
15030	15029	0.0423564985394
15030	15031	0.0423564985394
15031	15030	0.0423564985394
15031	15032	0.0423564985394
15032	15031	0.0423564985394
15032	15033	0.0423564985394
15033	15032	0.0423564985394
15033	15034	0.0423564985394
15034	15033	0.0423564985394
15034	15035	0.0423564985394
15035	15034	0.0423564985394
15035	15036	0.0423564985394
15036	15035	0.0423564985394
15036	15037	0.0423564985394
15037	15036	0.0423564985394
15037	15038	0.0423564985394
15038	15037	0.0423564985394
15038	15039	0.0423564985394
15039	15038	0.0423564985394
15039	15040	0.0423564985394
15040	15039	0.0423564985394
15040	15041	0.0423564985394
15041	15040	0.0423564985394
15041	15042	0.0423564985394
15042	15041	0.0423564985394
15042	15043	0.0423564985394
15043	15042	0.0423564985394
15043	15044	0.0423564985394
15044	15043	0.0423564985394
15044	15045	0.0423564985394
15045	15044	0.0423564985394
15045	15046	0.0423564985394
15046	15045	0.0423564985394
15046	15047	0.0423564985394
15047	15046	0.0423564985394
15047	15048	0.0423564985394
15048	15047	0.0423564985394
15048	15049	0.0423564985394
15049	15048	0.0423564985394
15049	15050	0.0423564985394
15050	15049	0.0423564985394
15050	15051	0.0423564985394
15051	15050	0.0423564985394
15051	15052	0.0423564985394
15052	15051	0.0423564985394
15052	15053	0.0423564985394
15053	15052	0.0423564985394
15053	15054	0.0423564985394
15054	15053	0.0423564985394
15054	15055	0.0423564985394
15055	15054	0.0423564985394
15055	15056	0.0423564985394
15056	15055	0.0423564985394
15056	15057	0.0423564985394
15057	15056	0.0423564985394
15057	15058	0.0423564985394
15058	15057	0.0423564985394
15058	15059	0.0423564985394
15059	15058	0.0423564985394
15060	12308	0.0383735001087
15060	15061	0.0383735001087
15061	15060	0.0383735001087
15061	15062	0.0383735001087
15062	15061	0.0383735001087
15062	15063	0.0383735001087
15063	15062	0.0383735001087
15063	15064	0.0383735001087
15064	15063	0.0383735001087
15064	15065	0.0383735001087
15065	15064	0.0383735001087
15065	15066	0.0383735001087
15066	15065	0.0383735001087
15066	15067	0.0383735001087
15067	15066	0.0383735001087
15067	15068	0.0383735001087
15068	15067	0.0383735001087
15068	15069	0.0383735001087
15069	15068	0.0383735001087
15069	15070	0.0383735001087
15070	15069	0.0383735001087
15070	15071	0.0383735001087
15071	15070	0.0383735001087
15071	15072	0.0383735001087
15072	15071	0.0383735001087
15072	15073	0.0383735001087
15073	15072	0.0383735001087
15073	15074	0.0383735001087
15074	15073	0.0383735001087
15074	15075	0.0383735001087
15075	15074	0.0383735001087
15075	15076	0.0383735001087
15076	15075	0.0383735001087
15076	15077	0.0383735001087
15077	15076	0.0383735001087
15077	15078	0.0383735001087
15078	15077	0.0383735001087
15078	15079	0.0383735001087
15079	15078	0.0383735001087
15079	15080	0.0383735001087
15080	15079	0.0383735001087
15080	15081	0.0383735001087
15081	15080	0.0383735001087
15081	15082	0.0383735001087
15082	15081	0.0383735001087
15082	15083	0.0383735001087
15083	15082	0.0383735001087
15084	12297	0.0464960001409
15084	15085	0.0464960001409
15085	15084	0.0464960001409
15085	15086	0.0464960001409
15086	15085	0.0464960001409
15086	15087	0.0464960001409
15087	15086	0.0464960001409
15087	15088	0.0464960001409
15088	15087	0.0464960001409
15088	15089	0.0464960001409
15089	15088	0.0464960001409
15089	15090	0.0464960001409
15090	15089	0.0464960001409
15090	15091	0.0464960001409
15091	15090	0.0464960001409
15091	15092	0.0464960001409
15092	15091	0.0464960001409
15092	15093	0.0464960001409
15093	15092	0.0464960001409
15093	15094	0.0464960001409
15094	15093	0.0464960001409
15094	15095	0.0464960001409
15095	15094	0.0464960001409
15095	15096	0.0464960001409
15096	15095	0.0464960001409
15096	15097	0.0464960001409
15097	15096	0.0464960001409
15097	15098	0.0464960001409
15098	15097	0.0464960001409
15098	15099	0.0464960001409
15099	15098	0.0464960001409
15099	15100	0.0464960001409
15100	15099	0.0464960001409
15100	15101	0.0464960001409
15101	15100	0.0464960001409
15101	15102	0.0464960001409
15102	15101	0.0464960001409
15102	15103	0.0464960001409
15103	15102	0.0464960001409
15103	15104	0.0464960001409
15104	15103	0.0464960001409
15104	15105	0.0464960001409
15105	15104	0.0464960001409
15105	15106	0.0464960001409
15106	15105	0.0464960001409
15106	15107	0.0464960001409
15107	15106	0.0464960001409
15107	15108	0.0464960001409
15108	15107	0.0464960001409
15108	15109	0.0464960001409
15109	15108	0.0464960001409
15109	15110	0.0464960001409
15110	15109	0.0464960001409
15110	15111	0.0464960001409
15111	15110	0.0464960001409
15111	15112	0.0464960001409
15112	15111	0.0464960001409
15112	15113	0.0464960001409
15113	15112	0.0464960001409
15113	15114	0.0464960001409
15114	15113	0.0464960001409
15114	15115	0.0464960001409
15115	15114	0.0464960001409
15115	15116	0.0464960001409
15116	15115	0.0464960001409
15116	15117	0.0464960001409
15117	15116	0.0464960001409
15117	15118	0.0464960001409
15118	15117	0.0464960001409
15118	15119	0.0464960001409
15119	15118	0.0464960001409
15119	15120	0.0464960001409
15120	15119	0.0464960001409
15120	15121	0.0464960001409
15121	15120	0.0464960001409
15121	15122	0.0464960001409
15122	15121	0.0464960001409
15122	15123	0.0464960001409
15123	15122	0.0464960001409
15123	15124	0.0464960001409
15124	15123	0.0464960001409
15124	15125	0.0464960001409
15125	15124	0.0464960001409
15125	15126	0.0464960001409
15126	15125	0.0464960001409
15126	15127	0.0464960001409
15127	15126	0.0464960001409
15127	15128	0.0464960001409
15128	15127	0.0464960001409
15128	15129	0.0464960001409
15129	15128	0.0464960001409
15129	15130	0.0464960001409
15130	15129	0.0464960001409
15130	15131	0.0464960001409
15131	15130	0.0464960001409
15131	15132	0.0464960001409
15132	15131	0.0464960001409
15132	15133	0.0464960001409
15133	15132	0.0464960001409
15133	15134	0.0464960001409
15134	15133	0.0464960001409
15134	15135	0.0464960001409
15135	15134	0.0464960001409
15135	15136	0.0464960001409
15136	15135	0.0464960001409
15137	7328	0.035229999572
15137	15138	0.035229999572
15138	15137	0.035229999572
15138	15139	0.035229999572
15139	15138	0.035229999572
15139	15140	0.035229999572
15140	15139	0.035229999572
15140	15141	0.035229999572
15141	15140	0.035229999572
15141	15142	0.035229999572
15142	15141	0.035229999572
15142	15143	0.035229999572
15143	15142	0.035229999572
15143	15144	0.035229999572
15144	15143	0.035229999572
15144	15145	0.035229999572
15145	15144	0.035229999572
15145	15146	0.035229999572
15146	15145	0.035229999572
15146	15147	0.035229999572
15147	15146	0.035229999572
15147	15148	0.035229999572
15148	15147	0.035229999572
15148	15149	0.035229999572
15149	15148	0.035229999572
15149	15150	0.035229999572
15150	15149	0.035229999572
15150	15151	0.035229999572
15151	15150	0.035229999572
15151	15152	0.035229999572
15152	15151	0.035229999572
15152	15153	0.035229999572
15153	15152	0.035229999572
15153	15154	0.035229999572
15154	15153	0.035229999572
15155	7099	0.0304965004325
15155	15156	0.0304965004325
15156	15155	0.0304965004325
15156	15157	0.0304965004325
15157	15156	0.0304965004325
15157	15158	0.0304965004325
15158	15157	0.0304965004325
15158	15159	0.0304965004325
15159	15158	0.0304965004325
15159	15160	0.0304965004325
15160	15159	0.0304965004325
15160	15161	0.0304965004325
15161	15160	0.0304965004325
15161	15162	0.0304965004325
15162	15161	0.0304965004325
15162	15163	0.0304965004325
15163	15162	0.0304965004325
15163	15164	0.0304965004325
15164	15163	0.0304965004325
15165	7090	0.0395975001156
15165	15166	0.0395975001156
15166	15165	0.0395975001156
15166	15167	0.0395975001156
15167	15166	0.0395975001156
15167	15168	0.0395975001156
15168	15167	0.0395975001156
15168	15169	0.0395975001156
15169	15168	0.0395975001156
15169	15170	0.0395975001156
15170	15169	0.0395975001156
15170	15171	0.0395975001156
15171	15170	0.0395975001156
15171	15172	0.0395975001156
15172	15171	0.0395975001156
15172	15173	0.0395975001156
15173	15172	0.0395975001156
15173	15174	0.0395975001156
15174	15173	0.0395975001156
15174	15175	0.0395975001156
15175	15174	0.0395975001156
15175	15176	0.0395975001156
15176	15175	0.0395975001156
15176	15177	0.0395975001156
15177	15176	0.0395975001156
15177	15178	0.0395975001156
15178	15177	0.0395975001156
15178	15179	0.0395975001156
15179	15178	0.0395975001156
15179	15180	0.0395975001156
15180	15179	0.0395975001156
15180	15181	0.0395975001156
15181	15180	0.0395975001156
15181	15182	0.0395975001156
15182	15181	0.0395975001156
15182	15183	0.0395975001156
15183	15182	0.0395975001156
15183	15184	0.0395975001156
15184	15183	0.0395975001156
15184	15185	0.0395975001156
15185	15184	0.0395975001156
15185	15186	0.0395975001156
15186	15185	0.0395975001156
15186	15187	0.0395975001156
15187	15186	0.0395975001156
15187	15188	0.0395975001156
15188	15187	0.0395975001156
15188	15189	0.0395975001156
15189	15188	0.0395975001156
15189	15190	0.0395975001156
15190	15189	0.0395975001156
15190	15191	0.0395975001156
15191	15190	0.0395975001156
15191	15192	0.0395975001156
15192	15191	0.0395975001156
15192	15193	0.0395975001156
15193	15192	0.0395975001156
15193	15194	0.0395975001156
15194	15193	0.0395975001156
15195	6937	0.0352254994214
15195	15196	0.0352254994214
15196	15195	0.0352254994214
15196	15197	0.0352254994214
15197	15196	0.0352254994214
15197	15198	0.0352254994214
15198	15197	0.0352254994214
15198	15199	0.0352254994214
15199	15198	0.0352254994214
15199	15200	0.0352254994214
15200	15199	0.0352254994214
15200	15201	0.0352254994214
15201	15200	0.0352254994214
15201	15202	0.0352254994214
15202	15201	0.0352254994214
15202	15203	0.0352254994214
15203	15202	0.0352254994214
15203	15204	0.0352254994214
15204	15203	0.0352254994214
15204	15205	0.0352254994214
15205	15204	0.0352254994214
15205	15206	0.0352254994214
15206	15205	0.0352254994214
15206	15207	0.0352254994214
15207	15206	0.0352254994214
15207	15208	0.0352254994214
15208	15207	0.0352254994214
15208	15209	0.0352254994214
15209	15208	0.0352254994214
15209	15210	0.0352254994214
15210	15209	0.0352254994214
15210	15211	0.0352254994214
15211	15210	0.0352254994214
15211	15212	0.0352254994214
15212	15211	0.0352254994214
15212	15213	0.0352254994214
15213	15212	0.0352254994214
