0	1	0.326357990503
1	0	0.326357990503
1	2	0.326357990503
2	1	0.326357990503
2	3	0.326357990503
3	2	0.326357990503
3	4	0.326357990503
4	3	0.326357990503
4	5	0.130496501923
4	1135	0.319249510765
5	4	0.130496501923
5	6	0.130496501923
6	5	0.130496501923
6	7	0.130496501923
7	6	0.130496501923
7	8	0.130496501923
8	7	0.130496501923
8	9	0.130496501923
9	8	0.130496501923
9	10	0.130496501923
10	9	0.130496501923
10	11	0.130496501923
11	10	0.130496501923
11	12	0.130496501923
12	11	0.130496501923
12	13	0.130496501923
13	12	0.130496501923
13	14	0.130496501923
14	13	0.130496501923
14	15	0.130496501923
15	14	0.130496501923
15	16	0.130496501923
16	15	0.130496501923
16	17	0.130496501923
17	16	0.130496501923
17	18	0.130496501923
18	17	0.130496501923
18	19	0.130496501923
19	18	0.130496501923
19	20	0.130496501923
20	19	0.130496501923
20	21	0.130496501923
21	20	0.130496501923
21	22	0.130496501923
22	21	0.130496501923
22	23	0.130496501923
23	22	0.130496501923
23	24	0.130496501923
24	23	0.130496501923
24	25	0.130496501923
25	24	0.130496501923
25	26	0.130496501923
26	25	0.130496501923
26	27	0.130496501923
27	26	0.130496501923
27	28	0.130496501923
28	27	0.130496501923
28	29	0.130496501923
29	28	0.130496501923
29	30	0.130496501923
30	29	0.130496501923
30	31	0.130496501923
31	30	0.130496501923
31	32	0.130496501923
32	31	0.130496501923
32	33	0.130496501923
33	32	0.130496501923
33	34	0.130496501923
34	33	0.130496501923
34	35	0.130496501923
35	34	0.130496501923
35	36	0.130496501923
36	35	0.130496501923
36	37	0.130496501923
37	36	0.130496501923
37	38	0.130496501923
38	37	0.130496501923
38	39	0.130496501923
39	38	0.130496501923
39	40	0.130496501923
40	39	0.130496501923
40	41	0.130496501923
41	40	0.130496501923
41	42	0.130496501923
42	41	0.130496501923
42	43	0.130496501923
43	42	0.130496501923
43	44	0.130496501923
44	43	0.130496501923
44	45	0.130496501923
45	44	0.130496501923
45	46	0.130496501923
46	45	0.130496501923
46	47	0.130496501923
47	46	0.130496501923
47	48	0.130496501923
48	47	0.130496501923
48	49	0.130496501923
49	48	0.130496501923
49	50	0.130496501923
50	49	0.130496501923
50	51	0.130496501923
51	50	0.130496501923
51	52	0.130496501923
52	51	0.130496501923
52	53	0.130496501923
53	52	0.130496501923
53	54	0.130496501923
54	53	0.130496501923
54	55	0.130496501923
55	54	0.130496501923
55	56	0.130496501923
56	55	0.130496501923
56	57	0.130496501923
57	56	0.130496501923
57	58	0.130496501923
58	57	0.130496501923
58	59	0.130496501923
59	58	0.130496501923
59	60	0.130496501923
60	59	0.130496501923
60	61	0.130496501923
61	60	0.130496501923
61	62	0.130496501923
62	61	0.130496501923
62	63	0.130496501923
63	62	0.130496501923
63	64	0.130496501923
64	63	0.130496501923
64	65	0.130496501923
65	64	0.130496501923
65	66	0.130496501923
66	65	0.130496501923
66	67	0.130496501923
67	66	0.130496501923
67	68	0.130496501923
68	67	0.130496501923
68	69	0.130496501923
69	68	0.130496501923
69	70	0.130496501923
70	69	0.130496501923
70	71	0.130496501923
71	70	0.130496501923
71	72	0.130496501923
72	71	0.130496501923
72	73	0.130496501923
73	72	0.130496501923
73	74	0.130496501923
74	73	0.130496501923
74	75	0.130496501923
75	74	0.130496501923
75	76	0.130496501923
76	75	0.130496501923
76	77	0.130496501923
77	76	0.130496501923
77	78	0.130496501923
78	77	0.130496501923
78	79	0.130496501923
79	78	0.130496501923
79	80	0.130496501923
80	79	0.130496501923
80	81	0.130496501923
81	80	0.130496501923
81	82	0.130496501923
82	81	0.130496501923
82	83	0.130496501923
83	82	0.130496501923
83	84	0.130496501923
84	83	0.130496501923
84	85	0.130496501923
85	84	0.130496501923
85	86	0.130496501923
86	85	0.130496501923
86	87	0.130496501923
87	86	0.130496501923
87	88	0.130496501923
88	87	0.130496501923
88	89	0.130496501923
89	88	0.130496501923
89	90	0.130496501923
90	89	0.130496501923
90	91	0.130496501923
91	90	0.130496501923
91	92	0.130496501923
92	91	0.130496501923
92	93	0.130496501923
93	92	0.130496501923
93	94	0.130496501923
94	93	0.130496501923
94	95	0.130496501923
95	94	0.130496501923
95	96	0.130496501923
96	95	0.130496501923
96	97	0.130496501923
97	96	0.130496501923
97	98	0.130496501923
98	97	0.130496501923
98	99	0.130496501923
99	98	0.130496501923
99	100	0.130496501923
100	99	0.130496501923
100	101	0.130496501923
101	100	0.130496501923
101	102	0.130496501923
102	101	0.130496501923
102	103	0.130496501923
103	102	0.130496501923
103	104	0.130496501923
104	103	0.130496501923
104	105	0.130496501923
105	104	0.130496501923
105	106	0.130496501923
106	105	0.130496501923
106	107	0.130496501923
107	106	0.130496501923
107	108	0.130496501923
108	107	0.130496501923
108	109	0.130496501923
109	108	0.130496501923
109	110	0.130496501923
110	109	0.130496501923
110	111	0.130496501923
111	110	0.130496501923
111	112	0.130496501923
112	111	0.130496501923
112	113	0.130496501923
113	112	0.130496501923
113	114	0.130496501923
114	113	0.130496501923
114	115	0.0500830002129
114	204	0.127989500761
115	114	0.0500830002129
115	116	0.0500830002129
116	115	0.0500830002129
116	117	0.0500830002129
117	116	0.0500830002129
117	118	0.0500830002129
118	117	0.0500830002129
118	119	0.0500830002129
119	118	0.0500830002129
119	120	0.0500830002129
120	119	0.0500830002129
120	121	0.0500830002129
121	120	0.0500830002129
121	122	0.0500830002129
122	121	0.0500830002129
122	123	0.0500830002129
123	122	0.0500830002129
123	124	0.0500830002129
124	123	0.0500830002129
124	125	0.0500830002129
125	124	0.0500830002129
125	126	0.0500830002129
126	125	0.0500830002129
126	127	0.0500830002129
127	126	0.0500830002129
127	128	0.0500830002129
128	127	0.0500830002129
128	129	0.0500830002129
129	128	0.0500830002129
129	130	0.0500830002129
130	129	0.0500830002129
130	131	0.0500830002129
131	130	0.0500830002129
131	132	0.0500830002129
132	131	0.0500830002129
132	133	0.0500830002129
133	132	0.0500830002129
133	134	0.0500830002129
134	133	0.0500830002129
134	135	0.0500830002129
135	134	0.0500830002129
135	136	0.0500830002129
136	135	0.0500830002129
136	137	0.0500830002129
137	136	0.0500830002129
137	138	0.0500830002129
138	137	0.0500830002129
138	139	0.0500830002129
139	138	0.0500830002129
139	140	0.0500830002129
140	139	0.0500830002129
140	141	0.0500830002129
141	140	0.0500830002129
141	142	0.0500830002129
142	141	0.0500830002129
142	143	0.0500830002129
143	142	0.0500830002129
143	144	0.0500830002129
144	143	0.0500830002129
144	145	0.0500830002129
145	144	0.0500830002129
145	146	0.0500830002129
146	145	0.0500830002129
146	147	0.0500830002129
147	146	0.0500830002129
147	148	0.0500830002129
148	147	0.0500830002129
148	149	0.0500830002129
149	148	0.0500830002129
149	150	0.0500830002129
150	149	0.0500830002129
150	151	0.0500830002129
151	150	0.0500830002129
151	152	0.0500830002129
152	151	0.0500830002129
152	153	0.0500830002129
153	152	0.0500830002129
153	154	0.0500830002129
154	153	0.0500830002129
154	155	0.0500830002129
155	154	0.0500830002129
155	156	0.0500830002129
156	155	0.0500830002129
156	157	0.0500830002129
157	156	0.0500830002129
157	158	0.0500830002129
158	157	0.0500830002129
158	159	0.0500830002129
159	158	0.0500830002129
159	160	0.0466594994068
159	199	0.0288615003228
160	159	0.0466594994068
160	161	0.0466594994068
161	160	0.0466594994068
161	162	0.0466594994068
162	161	0.0466594994068
162	163	0.0466594994068
163	162	0.0466594994068
163	164	0.0466594994068
164	163	0.0466594994068
164	165	0.0466594994068
165	164	0.0466594994068
165	166	0.0466594994068
166	165	0.0466594994068
166	167	0.0466594994068
167	166	0.0466594994068
167	168	0.0466594994068
168	167	0.0466594994068
168	169	0.0466594994068
169	168	0.0466594994068
169	170	0.0466594994068
170	169	0.0466594994068
170	171	0.0466594994068
171	170	0.0466594994068
171	172	0.0466594994068
172	171	0.0466594994068
172	173	0.0466594994068
173	172	0.0466594994068
173	174	0.0466594994068
174	173	0.0466594994068
174	175	0.0466594994068
175	174	0.0466594994068
175	176	0.0466594994068
176	175	0.0466594994068
176	177	0.0466594994068
177	176	0.0466594994068
177	178	0.0466594994068
178	177	0.0466594994068
178	179	0.0466594994068
179	178	0.0466594994068
179	180	0.0466594994068
180	179	0.0466594994068
180	181	0.0466594994068
181	180	0.0466594994068
181	182	0.0466594994068
182	181	0.0466594994068
182	183	0.0466594994068
183	182	0.0466594994068
183	184	0.0466594994068
184	183	0.0466594994068
184	185	0.0466594994068
185	184	0.0466594994068
185	186	0.0466594994068
186	185	0.0466594994068
186	187	0.0466594994068
187	186	0.0466594994068
187	188	0.0466594994068
188	187	0.0466594994068
188	189	0.0466594994068
189	188	0.0466594994068
189	190	0.0466594994068
190	189	0.0466594994068
190	191	0.0466594994068
191	190	0.0466594994068
191	192	0.0466594994068
192	191	0.0466594994068
192	193	0.0466594994068
193	192	0.0466594994068
193	194	0.0466594994068
194	193	0.0466594994068
194	195	0.0466594994068
195	194	0.0466594994068
195	196	0.0466594994068
196	195	0.0466594994068
196	197	0.0466594994068
197	196	0.0466594994068
197	198	0.0466594994068
198	197	0.0466594994068
199	159	0.0288615003228
199	200	0.0288615003228
200	199	0.0288615003228
200	201	0.0288615003228
201	200	0.0288615003228
201	202	0.0288615003228
202	201	0.0288615003228
202	203	0.0288615003228
203	202	0.0288615003228
204	114	0.127989500761
204	205	0.127989500761
205	204	0.127989500761
205	206	0.127989500761
206	205	0.127989500761
206	207	0.127989500761
207	206	0.127989500761
207	208	0.127989500761
208	207	0.127989500761
208	209	0.127989500761
209	208	0.127989500761
209	210	0.127989500761
210	209	0.127989500761
210	211	0.127989500761
211	210	0.127989500761
211	212	0.127449005842
211	1118	0.0297950003296
212	211	0.127449005842
212	213	0.127449005842
213	212	0.127449005842
213	214	0.127449005842
214	213	0.127449005842
214	215	0.127449005842
215	214	0.127449005842
215	216	0.127449005842
216	215	0.127449005842
216	217	0.127449005842
217	216	0.127449005842
217	218	0.127449005842
218	217	0.127449005842
218	219	0.127449005842
219	218	0.127449005842
219	220	0.127449005842
220	219	0.127449005842
220	221	0.127449005842
221	220	0.127449005842
221	222	0.127449005842
222	221	0.127449005842
222	223	0.127449005842
223	222	0.127449005842
223	224	0.127449005842
224	223	0.127449005842
224	225	0.127449005842
225	224	0.127449005842
225	226	0.127449005842
226	225	0.127449005842
226	227	0.127449005842
227	226	0.127449005842
227	228	0.127449005842
228	227	0.127449005842
228	229	0.127449005842
229	228	0.127449005842
229	230	0.0710724964738
229	420	0.119609497488
230	229	0.0710724964738
230	231	0.0710724964738
231	230	0.0710724964738
231	232	0.0710724964738
232	231	0.0710724964738
232	233	0.0710724964738
233	232	0.0710724964738
233	234	0.0710724964738
234	233	0.0710724964738
234	235	0.0710724964738
235	234	0.0710724964738
235	236	0.0710724964738
236	235	0.0710724964738
236	237	0.0710724964738
237	236	0.0710724964738
237	238	0.0710724964738
238	237	0.0710724964738
238	239	0.0710724964738
239	238	0.0710724964738
239	240	0.0710724964738
240	239	0.0710724964738
240	241	0.0710724964738
241	240	0.0710724964738
241	242	0.0710724964738
242	241	0.0710724964738
242	243	0.0710724964738
243	242	0.0710724964738
243	244	0.0710724964738
244	243	0.0710724964738
244	245	0.0710724964738
245	244	0.0710724964738
245	246	0.0710724964738
246	245	0.0710724964738
246	247	0.0710724964738
247	246	0.0710724964738
247	248	0.0710724964738
248	247	0.0710724964738
248	249	0.0710724964738
249	248	0.0710724964738
249	250	0.0710724964738
250	249	0.0710724964738
250	251	0.0710724964738
251	250	0.0710724964738
251	252	0.0710724964738
252	251	0.0710724964738
252	253	0.0710724964738
253	252	0.0710724964738
253	254	0.0710724964738
254	253	0.0710724964738
254	255	0.0710724964738
255	254	0.0710724964738
255	256	0.0710724964738
256	255	0.0710724964738
256	257	0.0710724964738
257	256	0.0710724964738
257	258	0.0710724964738
258	257	0.0710724964738
258	259	0.0710724964738
259	258	0.0710724964738
259	260	0.0710724964738
260	259	0.0710724964738
260	261	0.0710724964738
261	260	0.0710724964738
261	262	0.0688640028238
261	406	0.0318945012987
262	261	0.0688640028238
262	263	0.0688640028238
263	262	0.0688640028238
263	264	0.0688640028238
264	263	0.0688640028238
264	265	0.0688640028238
265	264	0.0688640028238
265	266	0.0688640028238
266	265	0.0688640028238
266	267	0.0688640028238
267	266	0.0688640028238
267	268	0.0688640028238
268	267	0.0688640028238
268	269	0.0688640028238
269	268	0.0688640028238
269	270	0.0688640028238
270	269	0.0688640028238
270	271	0.0688640028238
271	270	0.0688640028238
271	272	0.0688640028238
272	271	0.0688640028238
272	273	0.0688640028238
273	272	0.0688640028238
273	274	0.0688640028238
274	273	0.0688640028238
274	275	0.0396504998207
274	302	0.0641689971089
275	274	0.0396504998207
275	276	0.0396504998207
276	275	0.0396504998207
276	277	0.0396504998207
277	276	0.0396504998207
277	278	0.0396504998207
278	277	0.0396504998207
278	279	0.0396504998207
279	278	0.0396504998207
279	280	0.0396504998207
280	279	0.0396504998207
280	281	0.0396504998207
281	280	0.0396504998207
281	282	0.0396504998207
282	281	0.0396504998207
282	283	0.0396504998207
283	282	0.0396504998207
283	284	0.0396504998207
284	283	0.0396504998207
284	285	0.0396504998207
285	284	0.0396504998207
285	286	0.0396504998207
286	285	0.0396504998207
286	287	0.0396504998207
287	286	0.0396504998207
287	288	0.0396504998207
288	287	0.0396504998207
288	289	0.0396504998207
289	288	0.0396504998207
289	290	0.0396504998207
290	289	0.0396504998207
290	291	0.0396504998207
291	290	0.0396504998207
291	292	0.0396504998207
292	291	0.0396504998207
292	293	0.0396504998207
293	292	0.0396504998207
293	294	0.0396504998207
294	293	0.0396504998207
294	295	0.0396504998207
295	294	0.0396504998207
295	296	0.0396504998207
296	295	0.0396504998207
296	297	0.0396504998207
297	296	0.0396504998207
297	298	0.0396504998207
298	297	0.0396504998207
298	299	0.0396504998207
299	298	0.0396504998207
299	300	0.0396504998207
300	299	0.0396504998207
300	301	0.0396504998207
301	300	0.0396504998207
302	274	0.0641689971089
302	303	0.0641689971089
303	302	0.0641689971089
303	304	0.0641689971089
304	303	0.0641689971089
304	305	0.0641689971089
305	304	0.0641689971089
305	306	0.0641689971089
306	305	0.0641689971089
306	307	0.0641689971089
307	306	0.0641689971089
307	308	0.0641689971089
308	307	0.0641689971089
308	309	0.0641689971089
309	308	0.0641689971089
309	310	0.0641689971089
310	309	0.0641689971089
310	311	0.0641689971089
311	310	0.0641689971089
311	312	0.0641689971089
312	311	0.0641689971089
312	313	0.0641689971089
313	312	0.0641689971089
313	314	0.0641689971089
314	313	0.0641689971089
314	315	0.0396759994328
314	337	0.0586525015533
315	314	0.0396759994328
315	316	0.0396759994328
316	315	0.0396759994328
316	317	0.0396759994328
317	316	0.0396759994328
317	318	0.0396759994328
318	317	0.0396759994328
318	319	0.0396759994328
319	318	0.0396759994328
319	320	0.0396759994328
320	319	0.0396759994328
320	321	0.0396759994328
321	320	0.0396759994328
321	322	0.0396759994328
322	321	0.0396759994328
322	323	0.0396759994328
323	322	0.0396759994328
323	324	0.0396759994328
324	323	0.0396759994328
324	325	0.0396759994328
325	324	0.0396759994328
325	326	0.0396759994328
326	325	0.0396759994328
326	327	0.0396759994328
327	326	0.0396759994328
327	328	0.0396759994328
328	327	0.0396759994328
328	329	0.0396759994328
329	328	0.0396759994328
329	330	0.0396759994328
330	329	0.0396759994328
330	331	0.0396759994328
331	330	0.0396759994328
331	332	0.0396759994328
332	331	0.0396759994328
332	333	0.0396759994328
333	332	0.0396759994328
333	334	0.0396759994328
334	333	0.0396759994328
334	335	0.0396759994328
335	334	0.0396759994328
335	336	0.0396759994328
336	335	0.0396759994328
337	314	0.0586525015533
337	338	0.0586525015533
338	337	0.0586525015533
338	339	0.0586525015533
339	338	0.0586525015533
339	340	0.0586525015533
340	339	0.0586525015533
340	341	0.0586525015533
341	340	0.0586525015533
341	342	0.0586525015533
342	341	0.0586525015533
342	343	0.0586525015533
343	342	0.0586525015533
343	344	0.0586525015533
344	343	0.0586525015533
344	345	0.0586525015533
345	344	0.0586525015533
345	346	0.0586525015533
346	345	0.0586525015533
346	347	0.0586525015533
347	346	0.0586525015533
347	348	0.0586525015533
348	347	0.0586525015533
348	349	0.0586525015533
349	348	0.0586525015533
349	350	0.0586525015533
350	349	0.0586525015533
350	351	0.0586525015533
351	350	0.0586525015533
351	352	0.0586525015533
352	351	0.0586525015533
352	353	0.0586525015533
353	352	0.0586525015533
353	354	0.0586525015533
354	353	0.0586525015533
354	355	0.0586525015533
355	354	0.0586525015533
355	356	0.0586525015533
356	355	0.0586525015533
356	357	0.0586525015533
357	356	0.0586525015533
357	358	0.0586525015533
358	357	0.0586525015533
358	359	0.0586525015533
359	358	0.0586525015533
359	360	0.0586525015533
360	359	0.0586525015533
360	361	0.0524554997683
360	396	0.0385829992592
361	360	0.0524554997683
361	362	0.0524554997683
362	361	0.0524554997683
362	363	0.0524554997683
363	362	0.0524554997683
363	364	0.0524554997683
364	363	0.0524554997683
364	365	0.0524554997683
365	364	0.0524554997683
365	366	0.0524554997683
366	365	0.0524554997683
366	367	0.0524554997683
367	366	0.0524554997683
367	368	0.0524554997683
368	367	0.0524554997683
368	369	0.0524554997683
369	368	0.0524554997683
369	370	0.0524554997683
370	369	0.0524554997683
370	371	0.0524554997683
371	370	0.0524554997683
371	372	0.0524554997683
372	371	0.0524554997683
372	373	0.0524554997683
373	372	0.0524554997683
373	374	0.0524554997683
374	373	0.0524554997683
374	375	0.0524554997683
375	374	0.0524554997683
375	376	0.0524554997683
376	375	0.0524554997683
376	377	0.0524554997683
377	376	0.0524554997683
377	378	0.0524554997683
378	377	0.0524554997683
378	379	0.0524554997683
379	378	0.0524554997683
379	380	0.0524554997683
380	379	0.0524554997683
380	381	0.0524554997683
381	380	0.0524554997683
381	382	0.0524554997683
382	381	0.0524554997683
382	383	0.0524554997683
383	382	0.0524554997683
383	384	0.0524554997683
384	383	0.0524554997683
384	385	0.0524554997683
385	384	0.0524554997683
385	386	0.0524554997683
386	385	0.0524554997683
386	387	0.0524554997683
387	386	0.0524554997683
387	388	0.0524554997683
388	387	0.0524554997683
388	389	0.0524554997683
389	388	0.0524554997683
389	390	0.0524554997683
390	389	0.0524554997683
390	391	0.0524554997683
391	390	0.0524554997683
391	392	0.0524554997683
392	391	0.0524554997683
392	393	0.0524554997683
393	392	0.0524554997683
393	394	0.0524554997683
394	393	0.0524554997683
394	395	0.0524554997683
395	394	0.0524554997683
396	360	0.0385829992592
396	397	0.0385829992592
397	396	0.0385829992592
397	398	0.0385829992592
398	397	0.0385829992592
398	399	0.0385829992592
399	398	0.0385829992592
399	400	0.0385829992592
400	399	0.0385829992592
400	401	0.0385829992592
401	400	0.0385829992592
401	402	0.0385829992592
402	401	0.0385829992592
402	403	0.0385829992592
403	402	0.0385829992592
403	404	0.0385829992592
404	403	0.0385829992592
404	405	0.0385829992592
405	404	0.0385829992592
406	261	0.0318945012987
406	407	0.0318945012987
407	406	0.0318945012987
407	408	0.0318945012987
408	407	0.0318945012987
408	409	0.0318945012987
409	408	0.0318945012987
409	410	0.0318945012987
410	409	0.0318945012987
410	411	0.0318945012987
411	410	0.0318945012987
411	412	0.0318945012987
412	411	0.0318945012987
412	413	0.0318945012987
413	412	0.0318945012987
413	414	0.0318945012987
414	413	0.0318945012987
414	415	0.0318945012987
415	414	0.0318945012987
415	416	0.0318945012987
416	415	0.0318945012987
416	417	0.0318945012987
417	416	0.0318945012987
417	418	0.0318945012987
418	417	0.0318945012987
418	419	0.0318945012987
419	418	0.0318945012987
420	229	0.119609497488
420	421	0.119609497488
421	420	0.119609497488
421	422	0.119609497488
422	421	0.119609497488
422	423	0.119609497488
423	422	0.119609497488
423	424	0.119609497488
424	423	0.119609497488
424	425	0.119609497488
425	424	0.119609497488
425	426	0.119609497488
426	425	0.119609497488
426	427	0.119609497488
427	426	0.119609497488
427	428	0.119609497488
428	427	0.119609497488
428	429	0.119609497488
429	428	0.119609497488
429	430	0.119609497488
430	429	0.119609497488
430	431	0.119609497488
431	430	0.119609497488
431	432	0.119609497488
432	431	0.119609497488
432	433	0.119609497488
433	432	0.119609497488
433	434	0.119609497488
434	433	0.119609497488
434	435	0.119609497488
435	434	0.119609497488
435	436	0.119609497488
436	435	0.119609497488
436	437	0.119609497488
437	436	0.119609497488
437	438	0.119609497488
438	437	0.119609497488
438	439	0.119135499001
438	1108	0.0272624995559
439	438	0.119135499001
439	440	0.119135499001
440	439	0.119135499001
440	441	0.119135499001
441	440	0.119135499001
441	442	0.119135499001
442	441	0.119135499001
442	443	0.119135499001
443	442	0.119135499001
443	444	0.119135499001
444	443	0.119135499001
444	445	0.119135499001
445	444	0.119135499001
445	446	0.119135499001
446	445	0.119135499001
446	447	0.119135499001
447	446	0.119135499001
447	448	0.119135499001
448	447	0.119135499001
448	449	0.119135499001
449	448	0.119135499001
449	450	0.119135499001
450	449	0.119135499001
450	451	0.119135499001
451	450	0.119135499001
451	452	0.119135499001
452	451	0.119135499001
452	453	0.119135499001
453	452	0.119135499001
453	454	0.119135499001
454	453	0.119135499001
454	455	0.119135499001
455	454	0.119135499001
455	456	0.119135499001
456	455	0.119135499001
456	457	0.119135499001
457	456	0.119135499001
457	458	0.119135499001
458	457	0.119135499001
458	459	0.119135499001
459	458	0.119135499001
459	460	0.119135499001
460	459	0.119135499001
460	461	0.119135499001
461	460	0.119135499001
461	462	0.119135499001
462	461	0.119135499001
462	463	0.119135499001
463	462	0.119135499001
463	464	0.119135499001
464	463	0.119135499001
464	465	0.119135499001
465	464	0.119135499001
465	466	0.119135499001
466	465	0.119135499001
466	467	0.119135499001
467	466	0.119135499001
467	468	0.119135499001
468	467	0.119135499001
468	469	0.119135499001
469	468	0.119135499001
469	470	0.119135499001
470	469	0.119135499001
470	471	0.119135499001
471	470	0.119135499001
471	472	0.119135499001
472	471	0.119135499001
472	473	0.119135499001
473	472	0.119135499001
473	474	0.119135499001
474	473	0.119135499001
474	475	0.119135499001
475	474	0.119135499001
475	476	0.119135499001
476	475	0.119135499001
476	477	0.119135499001
477	476	0.119135499001
477	478	0.119135499001
478	477	0.119135499001
478	479	0.119135499001
479	478	0.119135499001
479	480	0.0556970015168
479	565	0.114931002259
480	479	0.0556970015168
480	481	0.0556970015168
481	480	0.0556970015168
481	482	0.0556970015168
482	481	0.0556970015168
482	483	0.0556970015168
483	482	0.0556970015168
483	484	0.0556970015168
484	483	0.0556970015168
484	485	0.0556970015168
485	484	0.0556970015168
485	486	0.0556970015168
486	485	0.0556970015168
486	487	0.0556970015168
487	486	0.0556970015168
487	488	0.0556970015168
488	487	0.0556970015168
488	489	0.0556970015168
489	488	0.0556970015168
489	490	0.0556970015168
490	489	0.0556970015168
490	491	0.0449809990823
490	527	0.0434045009315
491	490	0.0449809990823
491	492	0.0449809990823
492	491	0.0449809990823
492	493	0.0449809990823
493	492	0.0449809990823
493	494	0.0425879992545
493	524	0.0239675007761
494	493	0.0425879992545
494	495	0.0425879992545
495	494	0.0425879992545
495	496	0.0425879992545
496	495	0.0425879992545
496	497	0.0425879992545
497	496	0.0425879992545
497	498	0.0425879992545
498	497	0.0425879992545
498	499	0.0425879992545
499	498	0.0425879992545
499	500	0.0425879992545
500	499	0.0425879992545
500	501	0.0425879992545
501	500	0.0425879992545
501	502	0.0425879992545
502	501	0.0425879992545
502	503	0.0425879992545
503	502	0.0425879992545
503	504	0.0425879992545
504	503	0.0425879992545
504	505	0.0425879992545
505	504	0.0425879992545
505	506	0.0425879992545
506	505	0.0425879992545
506	507	0.0425879992545
507	506	0.0425879992545
507	508	0.0425879992545
508	507	0.0425879992545
508	509	0.0425879992545
509	508	0.0425879992545
509	510	0.0425879992545
510	509	0.0425879992545
510	511	0.0425879992545
511	510	0.0425879992545
511	512	0.0425879992545
512	511	0.0425879992545
512	513	0.0425879992545
513	512	0.0425879992545
513	514	0.0425879992545
514	513	0.0425879992545
514	515	0.0425879992545
515	514	0.0425879992545
515	516	0.0425879992545
516	515	0.0425879992545
516	517	0.0425879992545
517	516	0.0425879992545
517	518	0.0425879992545
518	517	0.0425879992545
518	519	0.0425879992545
519	518	0.0425879992545
519	520	0.0425879992545
520	519	0.0425879992545
520	521	0.0425879992545
521	520	0.0425879992545
521	522	0.0425879992545
522	521	0.0425879992545
522	523	0.0425879992545
523	522	0.0425879992545
524	493	0.0239675007761
524	525	0.0239675007761
525	524	0.0239675007761
525	526	0.0239675007761
526	525	0.0239675007761
527	490	0.0434045009315
527	528	0.0434045009315
528	527	0.0434045009315
528	529	0.0434045009315
529	528	0.0434045009315
529	530	0.0434045009315
530	529	0.0434045009315
530	531	0.0434045009315
531	530	0.0434045009315
531	532	0.0434045009315
532	531	0.0434045009315
532	533	0.0434045009315
533	532	0.0434045009315
533	534	0.0434045009315
534	533	0.0434045009315
534	535	0.0434045009315
535	534	0.0434045009315
535	536	0.0434045009315
536	535	0.0434045009315
536	537	0.0434045009315
537	536	0.0434045009315
537	538	0.0434045009315
538	537	0.0434045009315
538	539	0.0434045009315
539	538	0.0434045009315
539	540	0.0434045009315
540	539	0.0434045009315
540	541	0.0434045009315
541	540	0.0434045009315
541	542	0.0434045009315
542	541	0.0434045009315
542	543	0.0434045009315
543	542	0.0434045009315
543	544	0.0434045009315
544	543	0.0434045009315
544	545	0.0434045009315
545	544	0.0434045009315
545	546	0.0434045009315
546	545	0.0434045009315
546	547	0.0434045009315
547	546	0.0434045009315
547	548	0.0434045009315
548	547	0.0434045009315
548	549	0.0434045009315
549	548	0.0434045009315
549	550	0.0434045009315
550	549	0.0434045009315
550	551	0.0434045009315
551	550	0.0434045009315
551	552	0.0434045009315
552	551	0.0434045009315
552	553	0.0434045009315
553	552	0.0434045009315
553	554	0.0434045009315
554	553	0.0434045009315
554	555	0.0434045009315
555	554	0.0434045009315
555	556	0.0434045009315
556	555	0.0434045009315
556	557	0.0434045009315
557	556	0.0434045009315
557	558	0.0434045009315
558	557	0.0434045009315
558	559	0.0434045009315
559	558	0.0434045009315
559	560	0.0434045009315
560	559	0.0434045009315
560	561	0.0434045009315
561	560	0.0434045009315
561	562	0.0434045009315
562	561	0.0434045009315
562	563	0.0434045009315
563	562	0.0434045009315
563	564	0.0434045009315
564	563	0.0434045009315
565	479	0.114931002259
565	566	0.114931002259
566	565	0.114931002259
566	567	0.114931002259
567	566	0.114931002259
567	568	0.114931002259
568	567	0.114931002259
568	569	0.114931002259
569	568	0.114931002259
569	570	0.114931002259
570	569	0.114931002259
570	571	0.114931002259
571	570	0.114931002259
571	572	0.114931002259
572	571	0.114931002259
572	573	0.114931002259
573	572	0.114931002259
573	574	0.114931002259
574	573	0.114931002259
574	575	0.114931002259
575	574	0.114931002259
575	576	0.114931002259
576	575	0.114931002259
576	577	0.114931002259
577	576	0.114931002259
577	578	0.114931002259
578	577	0.114931002259
578	579	0.114931002259
579	578	0.114931002259
579	580	0.114931002259
580	579	0.114931002259
580	581	0.114931002259
581	580	0.114931002259
581	582	0.114931002259
582	581	0.114931002259
582	583	0.114931002259
583	582	0.114931002259
583	584	0.114931002259
584	583	0.114931002259
584	585	0.114931002259
585	584	0.114931002259
585	586	0.114265501499
585	1099	0.0297055002302
586	585	0.114265501499
586	587	0.114265501499
587	586	0.114265501499
587	588	0.114265501499
588	587	0.114265501499
588	589	0.114265501499
589	588	0.114265501499
589	590	0.114265501499
590	589	0.114265501499
590	591	0.114265501499
591	590	0.114265501499
591	592	0.114265501499
592	591	0.114265501499
592	593	0.114265501499
593	592	0.114265501499
593	594	0.114265501499
594	593	0.114265501499
594	595	0.114265501499
595	594	0.114265501499
595	596	0.114265501499
596	595	0.114265501499
596	597	0.114265501499
597	596	0.114265501499
597	598	0.114265501499
598	597	0.114265501499
598	599	0.114265501499
599	598	0.114265501499
599	600	0.099622502923
599	921	0.0795395001769
600	599	0.099622502923
600	601	0.099622502923
601	600	0.099622502923
601	602	0.099622502923
602	601	0.099622502923
602	603	0.099622502923
603	602	0.099622502923
603	604	0.099622502923
604	603	0.099622502923
604	605	0.099622502923
605	604	0.099622502923
605	606	0.099622502923
606	605	0.099622502923
606	607	0.099622502923
607	606	0.099622502923
607	608	0.099622502923
608	607	0.099622502923
608	609	0.099622502923
609	608	0.099622502923
609	610	0.099622502923
610	609	0.099622502923
610	611	0.099622502923
611	610	0.099622502923
611	612	0.099622502923
612	611	0.099622502923
612	613	0.099622502923
613	612	0.099622502923
613	614	0.099622502923
614	613	0.099622502923
614	615	0.099622502923
615	614	0.099622502923
615	616	0.099622502923
616	615	0.099622502923
616	617	0.099622502923
617	616	0.099622502923
617	618	0.099622502923
618	617	0.099622502923
618	619	0.099622502923
619	618	0.099622502923
619	620	0.099622502923
620	619	0.099622502923
620	621	0.099622502923
621	620	0.099622502923
621	622	0.0404344983399
621	647	0.0973509997129
622	621	0.0404344983399
622	623	0.0404344983399
623	622	0.0404344983399
623	624	0.0404344983399
624	623	0.0404344983399
624	625	0.0404344983399
625	624	0.0404344983399
625	626	0.0404344983399
626	625	0.0404344983399
626	627	0.0404344983399
627	626	0.0404344983399
627	628	0.0404344983399
628	627	0.0404344983399
628	629	0.0404344983399
629	628	0.0404344983399
629	630	0.0404344983399
630	629	0.0404344983399
630	631	0.0404344983399
631	630	0.0404344983399
631	632	0.0404344983399
632	631	0.0404344983399
632	633	0.0404344983399
633	632	0.0404344983399
633	634	0.0404344983399
634	633	0.0404344983399
634	635	0.0404344983399
635	634	0.0404344983399
635	636	0.0404344983399
636	635	0.0404344983399
636	637	0.0404344983399
637	636	0.0404344983399
637	638	0.0404344983399
638	637	0.0404344983399
638	639	0.0404344983399
639	638	0.0404344983399
639	640	0.0404344983399
640	639	0.0404344983399
640	641	0.0404344983399
641	640	0.0404344983399
641	642	0.0404344983399
642	641	0.0404344983399
642	643	0.0404344983399
643	642	0.0404344983399
643	644	0.0404344983399
644	643	0.0404344983399
644	645	0.0404344983399
645	644	0.0404344983399
645	646	0.0404344983399
646	645	0.0404344983399
647	621	0.0973509997129
647	648	0.0973509997129
648	647	0.0973509997129
648	649	0.0973509997129
649	648	0.0973509997129
649	650	0.0973509997129
650	649	0.0973509997129
650	651	0.0973509997129
651	650	0.0973509997129
651	652	0.0973509997129
652	651	0.0973509997129
652	653	0.0973509997129
653	652	0.0973509997129
653	654	0.0960884988308
653	911	0.0328444987535
654	653	0.0960884988308
654	655	0.0960884988308
655	654	0.0960884988308
655	656	0.0960884988308
656	655	0.0960884988308
656	657	0.0960884988308
657	656	0.0960884988308
657	658	0.0960884988308
658	657	0.0960884988308
658	659	0.0960884988308
659	658	0.0960884988308
659	660	0.0960884988308
660	659	0.0960884988308
660	661	0.0436960011721
660	691	0.0929765030742
661	660	0.0436960011721
661	662	0.0436960011721
662	661	0.0436960011721
662	663	0.0436960011721
663	662	0.0436960011721
663	664	0.0436960011721
664	663	0.0436960011721
664	665	0.0436960011721
665	664	0.0436960011721
665	666	0.0436960011721
666	665	0.0436960011721
666	667	0.0436960011721
667	666	0.0436960011721
667	668	0.0436960011721
668	667	0.0436960011721
668	669	0.0436960011721
669	668	0.0436960011721
669	670	0.0436960011721
670	669	0.0436960011721
670	671	0.0436960011721
671	670	0.0436960011721
671	672	0.0436960011721
672	671	0.0436960011721
672	673	0.0436960011721
673	672	0.0436960011721
673	674	0.0436960011721
674	673	0.0436960011721
674	675	0.0436960011721
675	674	0.0436960011721
675	676	0.0436960011721
676	675	0.0436960011721
676	677	0.0436960011721
677	676	0.0436960011721
677	678	0.0436960011721
678	677	0.0436960011721
678	679	0.0436960011721
679	678	0.0436960011721
679	680	0.0436960011721
680	679	0.0436960011721
680	681	0.0436960011721
681	680	0.0436960011721
681	682	0.0436960011721
682	681	0.0436960011721
682	683	0.0436960011721
683	682	0.0436960011721
683	684	0.0436960011721
684	683	0.0436960011721
684	685	0.0436960011721
685	684	0.0436960011721
685	686	0.0436960011721
686	685	0.0436960011721
686	687	0.0436960011721
687	686	0.0436960011721
687	688	0.0436960011721
688	687	0.0436960011721
688	689	0.0436960011721
689	688	0.0436960011721
689	690	0.0436960011721
690	689	0.0436960011721
691	660	0.0929765030742
691	692	0.0929765030742
692	691	0.0929765030742
692	693	0.0929765030742
693	692	0.0929765030742
693	694	0.0929765030742
694	693	0.0929765030742
694	695	0.0929765030742
695	694	0.0929765030742
695	696	0.0929765030742
696	695	0.0929765030742
696	697	0.0929765030742
697	696	0.0929765030742
697	698	0.0929765030742
698	697	0.0929765030742
698	699	0.0929765030742
699	698	0.0929765030742
699	700	0.0929765030742
700	699	0.0929765030742
700	701	0.0929765030742
701	700	0.0929765030742
701	702	0.0929765030742
702	701	0.0929765030742
702	703	0.0929765030742
703	702	0.0929765030742
703	704	0.0929765030742
704	703	0.0929765030742
704	705	0.0929765030742
705	704	0.0929765030742
705	706	0.0929765030742
706	705	0.0929765030742
706	707	0.0929765030742
707	706	0.0929765030742
707	708	0.0929765030742
708	707	0.0929765030742
708	709	0.0929765030742
709	708	0.0929765030742
709	710	0.0929765030742
710	709	0.0929765030742
710	711	0.0929765030742
711	710	0.0929765030742
711	712	0.0929765030742
712	711	0.0929765030742
712	713	0.0929765030742
713	712	0.0929765030742
713	714	0.0929765030742
714	713	0.0929765030742
714	715	0.0929765030742
715	714	0.0929765030742
715	716	0.0929765030742
716	715	0.0929765030742
716	717	0.0929765030742
717	716	0.0929765030742
717	718	0.0929765030742
718	717	0.0929765030742
718	719	0.0929765030742
719	718	0.0929765030742
719	720	0.0914724990726
719	904	0.0337315015495
720	719	0.0914724990726
720	721	0.0914724990726
721	720	0.0914724990726
721	722	0.0914724990726
722	721	0.0914724990726
722	723	0.0914724990726
723	722	0.0914724990726
723	724	0.0914724990726
724	723	0.0914724990726
724	725	0.0914724990726
725	724	0.0914724990726
725	726	0.0914724990726
726	725	0.0914724990726
726	727	0.0914724990726
727	726	0.0914724990726
727	728	0.0914724990726
728	727	0.0914724990726
728	729	0.0914724990726
729	728	0.0914724990726
729	730	0.0510765016079
729	765	0.0858220010996
730	729	0.0510765016079
730	731	0.0510765016079
731	730	0.0510765016079
731	732	0.0510765016079
732	731	0.0510765016079
732	733	0.0510765016079
733	732	0.0510765016079
733	734	0.0510765016079
734	733	0.0510765016079
734	735	0.0510765016079
735	734	0.0510765016079
735	736	0.0510765016079
736	735	0.0510765016079
736	737	0.0510765016079
737	736	0.0510765016079
737	738	0.0510765016079
738	737	0.0510765016079
738	739	0.0510765016079
739	738	0.0510765016079
739	740	0.0510765016079
740	739	0.0510765016079
740	741	0.0510765016079
741	740	0.0510765016079
741	742	0.0510765016079
742	741	0.0510765016079
742	743	0.0510765016079
743	742	0.0510765016079
743	744	0.0510765016079
744	743	0.0510765016079
744	745	0.0510765016079
745	744	0.0510765016079
745	746	0.0510765016079
746	745	0.0510765016079
746	747	0.0510765016079
747	746	0.0510765016079
747	748	0.0510765016079
748	747	0.0510765016079
748	749	0.0510765016079
749	748	0.0510765016079
749	750	0.0510765016079
750	749	0.0510765016079
750	751	0.0510765016079
751	750	0.0510765016079
751	752	0.0510765016079
752	751	0.0510765016079
752	753	0.0510765016079
753	752	0.0510765016079
753	754	0.0510765016079
754	753	0.0510765016079
754	755	0.0510765016079
755	754	0.0510765016079
755	756	0.0510765016079
756	755	0.0510765016079
756	757	0.0510765016079
757	756	0.0510765016079
757	758	0.0510765016079
758	757	0.0510765016079
758	759	0.0510765016079
759	758	0.0510765016079
759	760	0.0510765016079
760	759	0.0510765016079
760	761	0.0510765016079
761	760	0.0510765016079
761	762	0.0510765016079
762	761	0.0510765016079
762	763	0.0510765016079
763	762	0.0510765016079
763	764	0.0510765016079
764	763	0.0510765016079
765	729	0.0858220010996
765	766	0.0858220010996
766	765	0.0858220010996
766	767	0.0858220010996
767	766	0.0858220010996
767	768	0.0858220010996
768	767	0.0858220010996
768	769	0.0858220010996
769	768	0.0858220010996
769	770	0.0858220010996
770	769	0.0858220010996
770	771	0.0858220010996
771	770	0.0858220010996
771	772	0.0858220010996
772	771	0.0858220010996
772	773	0.0858220010996
773	772	0.0858220010996
773	774	0.0858220010996
774	773	0.0858220010996
774	775	0.0708409994841
774	847	0.0651559978724
775	774	0.0708409994841
775	776	0.0708409994841
776	775	0.0708409994841
776	777	0.0708409994841
777	776	0.0708409994841
777	778	0.0708409994841
778	777	0.0708409994841
778	779	0.0708409994841
779	778	0.0708409994841
779	780	0.0708409994841
780	779	0.0708409994841
780	781	0.0708409994841
781	780	0.0708409994841
781	782	0.0708409994841
782	781	0.0708409994841
782	783	0.0708409994841
783	782	0.0708409994841
783	784	0.0708409994841
784	783	0.0708409994841
784	785	0.0708409994841
785	784	0.0708409994841
785	786	0.0708409994841
786	785	0.0708409994841
786	787	0.0708409994841
787	786	0.0708409994841
787	788	0.0708409994841
788	787	0.0708409994841
788	789	0.0708409994841
789	788	0.0708409994841
789	790	0.0708409994841
790	789	0.0708409994841
790	791	0.0708409994841
791	790	0.0708409994841
791	792	0.0708409994841
792	791	0.0708409994841
792	793	0.0708409994841
793	792	0.0708409994841
793	794	0.0708409994841
794	793	0.0708409994841
794	795	0.0708409994841
795	794	0.0708409994841
795	796	0.0708409994841
796	795	0.0708409994841
796	797	0.0708409994841
797	796	0.0708409994841
797	798	0.0708409994841
798	797	0.0708409994841
798	799	0.0708409994841
799	798	0.0708409994841
799	800	0.0708409994841
800	799	0.0708409994841
800	801	0.0708409994841
801	800	0.0708409994841
801	802	0.0708409994841
802	801	0.0708409994841
802	803	0.0708409994841
803	802	0.0708409994841
803	804	0.0647974982858
803	840	0.0436985008419
804	803	0.0647974982858
804	805	0.0647974982858
805	804	0.0647974982858
805	806	0.0647974982858
806	805	0.0647974982858
806	807	0.0647974982858
807	806	0.0647974982858
807	808	0.0647974982858
808	807	0.0647974982858
808	809	0.0647974982858
809	808	0.0647974982858
809	810	0.0647974982858
810	809	0.0647974982858
810	811	0.0647974982858
811	810	0.0647974982858
811	812	0.0647974982858
812	811	0.0647974982858
812	813	0.0647974982858
813	812	0.0647974982858
813	814	0.0647974982858
814	813	0.0647974982858
814	815	0.0647974982858
815	814	0.0647974982858
815	816	0.0647974982858
816	815	0.0647974982858
816	817	0.0647974982858
817	816	0.0647974982858
817	818	0.0647974982858
818	817	0.0647974982858
818	819	0.0647974982858
819	818	0.0647974982858
819	820	0.0647974982858
820	819	0.0647974982858
820	821	0.0647974982858
821	820	0.0647974982858
821	822	0.0647974982858
822	821	0.0647974982858
822	823	0.0647974982858
823	822	0.0647974982858
823	824	0.0647974982858
824	823	0.0647974982858
824	825	0.0647974982858
825	824	0.0647974982858
825	826	0.0647974982858
826	825	0.0647974982858
826	827	0.0647974982858
827	826	0.0647974982858
827	828	0.0647974982858
828	827	0.0647974982858
828	829	0.0647974982858
829	828	0.0647974982858
829	830	0.0647974982858
830	829	0.0647974982858
830	831	0.0647974982858
831	830	0.0647974982858
831	832	0.0647974982858
832	831	0.0647974982858
832	833	0.0647974982858
833	832	0.0647974982858
833	834	0.0647974982858
834	833	0.0647974982858
834	835	0.0647974982858
835	834	0.0647974982858
835	836	0.0647974982858
836	835	0.0647974982858
836	837	0.0647974982858
837	836	0.0647974982858
837	838	0.0647974982858
838	837	0.0647974982858
838	839	0.0647974982858
839	838	0.0647974982858
840	803	0.0436985008419
840	841	0.0436985008419
841	840	0.0436985008419
841	842	0.0436985008419
842	841	0.0436985008419
842	843	0.0436985008419
843	842	0.0436985008419
843	844	0.0436985008419
844	843	0.0436985008419
844	845	0.0436985008419
845	844	0.0436985008419
845	846	0.0436985008419
846	845	0.0436985008419
847	774	0.0651559978724
847	848	0.0651559978724
848	847	0.0651559978724
848	849	0.0651559978724
849	848	0.0651559978724
849	850	0.0651559978724
850	849	0.0651559978724
850	851	0.0651559978724
851	850	0.0651559978724
851	852	0.0651559978724
852	851	0.0651559978724
852	853	0.0651559978724
853	852	0.0651559978724
853	854	0.0651559978724
854	853	0.0651559978724
854	855	0.0651559978724
855	854	0.0651559978724
855	856	0.0651559978724
856	855	0.0651559978724
856	857	0.0651559978724
857	856	0.0651559978724
857	858	0.0651559978724
858	857	0.0651559978724
858	859	0.0651559978724
859	858	0.0651559978724
859	860	0.0377174988389
859	865	0.0606365017593
860	859	0.0377174988389
860	861	0.0377174988389
861	860	0.0377174988389
861	862	0.0377174988389
862	861	0.0377174988389
862	863	0.0377174988389
863	862	0.0377174988389
863	864	0.0377174988389
864	863	0.0377174988389
865	859	0.0606365017593
865	866	0.0606365017593
866	865	0.0606365017593
866	867	0.0606365017593
867	866	0.0606365017593
867	868	0.0606365017593
868	867	0.0606365017593
868	869	0.0606365017593
869	868	0.0606365017593
869	870	0.0606365017593
870	869	0.0606365017593
870	871	0.0606365017593
871	870	0.0606365017593
871	872	0.0606365017593
872	871	0.0606365017593
872	873	0.0606365017593
873	872	0.0606365017593
873	874	0.0606365017593
874	873	0.0606365017593
874	875	0.0606365017593
875	874	0.0606365017593
875	876	0.0606365017593
876	875	0.0606365017593
876	877	0.0606365017593
877	876	0.0606365017593
877	878	0.0606365017593
878	877	0.0606365017593
878	879	0.0606365017593
879	878	0.0606365017593
879	880	0.0606365017593
880	879	0.0606365017593
880	881	0.0606365017593
881	880	0.0606365017593
881	882	0.0606365017593
882	881	0.0606365017593
882	883	0.0606365017593
883	882	0.0606365017593
883	884	0.0606365017593
884	883	0.0606365017593
884	885	0.0606365017593
885	884	0.0606365017593
885	886	0.0606365017593
886	885	0.0606365017593
886	887	0.0606365017593
887	886	0.0606365017593
887	888	0.0606365017593
888	887	0.0606365017593
888	889	0.0606365017593
889	888	0.0606365017593
889	890	0.0606365017593
890	889	0.0606365017593
890	891	0.0606365017593
891	890	0.0606365017593
891	892	0.0606365017593
892	891	0.0606365017593
892	893	0.0606365017593
893	892	0.0606365017593
893	894	0.0606365017593
894	893	0.0606365017593
894	895	0.0606365017593
895	894	0.0606365017593
895	896	0.0606365017593
896	895	0.0606365017593
896	897	0.0606365017593
897	896	0.0606365017593
897	898	0.0606365017593
898	897	0.0606365017593
898	899	0.0606365017593
899	898	0.0606365017593
899	900	0.0606365017593
900	899	0.0606365017593
900	901	0.0606365017593
901	900	0.0606365017593
901	902	0.0606365017593
902	901	0.0606365017593
902	903	0.0606365017593
903	902	0.0606365017593
904	719	0.0337315015495
904	905	0.0337315015495
905	904	0.0337315015495
905	906	0.0337315015495
906	905	0.0337315015495
906	907	0.0337315015495
907	906	0.0337315015495
907	908	0.0337315015495
908	907	0.0337315015495
908	909	0.0337315015495
909	908	0.0337315015495
909	910	0.0337315015495
910	909	0.0337315015495
911	653	0.0328444987535
911	912	0.0328444987535
912	911	0.0328444987535
912	913	0.0328444987535
913	912	0.0328444987535
913	914	0.0328444987535
914	913	0.0328444987535
914	915	0.0328444987535
915	914	0.0328444987535
915	916	0.0328444987535
916	915	0.0328444987535
916	917	0.0328444987535
917	916	0.0328444987535
917	918	0.0328444987535
918	917	0.0328444987535
918	919	0.0328444987535
919	918	0.0328444987535
919	920	0.0328444987535
920	919	0.0328444987535
921	599	0.0795395001769
921	922	0.0795395001769
922	921	0.0795395001769
922	923	0.0795395001769
923	922	0.0795395001769
923	924	0.0795395001769
924	923	0.0795395001769
924	925	0.0795395001769
925	924	0.0795395001769
925	926	0.0795395001769
926	925	0.0795395001769
926	927	0.0795395001769
927	926	0.0795395001769
927	928	0.0795395001769
928	927	0.0795395001769
928	929	0.0795395001769
929	928	0.0795395001769
929	930	0.0795395001769
930	929	0.0795395001769
930	931	0.0795395001769
931	930	0.0795395001769
931	932	0.0795395001769
932	931	0.0795395001769
932	933	0.0795395001769
933	932	0.0795395001769
933	934	0.0795395001769
934	933	0.0795395001769
934	935	0.0795395001769
935	934	0.0795395001769
935	936	0.0795395001769
936	935	0.0795395001769
936	937	0.0795395001769
937	936	0.0795395001769
937	938	0.0795395001769
938	937	0.0795395001769
938	939	0.0795395001769
939	938	0.0795395001769
939	940	0.0795395001769
940	939	0.0795395001769
940	941	0.0795395001769
941	940	0.0795395001769
941	942	0.0795395001769
942	941	0.0795395001769
942	943	0.0795395001769
943	942	0.0795395001769
943	944	0.0289264991879
943	949	0.0782430022955
944	943	0.0289264991879
944	945	0.0289264991879
945	944	0.0289264991879
945	946	0.0289264991879
946	945	0.0289264991879
946	947	0.0289264991879
947	946	0.0289264991879
947	948	0.0289264991879
948	947	0.0289264991879
949	943	0.0782430022955
949	950	0.0782430022955
950	949	0.0782430022955
950	951	0.0782430022955
951	950	0.0782430022955
951	952	0.0782430022955
952	951	0.0782430022955
952	953	0.0782430022955
953	952	0.0782430022955
953	954	0.0782430022955
954	953	0.0782430022955
954	955	0.0782430022955
955	954	0.0782430022955
955	956	0.0782430022955
956	955	0.0782430022955
956	957	0.0782430022955
957	956	0.0782430022955
957	958	0.0782430022955
958	957	0.0782430022955
958	959	0.0782430022955
959	958	0.0782430022955
959	960	0.0782430022955
960	959	0.0782430022955
960	961	0.0782430022955
961	960	0.0782430022955
961	962	0.0782430022955
962	961	0.0782430022955
962	963	0.0782430022955
963	962	0.0782430022955
963	964	0.0782430022955
964	963	0.0782430022955
964	965	0.0782430022955
965	964	0.0782430022955
965	966	0.0782430022955
966	965	0.0782430022955
966	967	0.0782430022955
967	966	0.0782430022955
967	968	0.0782430022955
968	967	0.0782430022955
968	969	0.0782430022955
969	968	0.0782430022955
969	970	0.0782430022955
970	969	0.0782430022955
970	971	0.0603430010378
970	1031	0.0637655034661
971	970	0.0603430010378
971	972	0.0603430010378
972	971	0.0603430010378
972	973	0.0603430010378
973	972	0.0603430010378
973	974	0.0603430010378
974	973	0.0603430010378
974	975	0.0603430010378
975	974	0.0603430010378
975	976	0.0603430010378
976	975	0.0603430010378
976	977	0.0603430010378
977	976	0.0603430010378
977	978	0.0603430010378
978	977	0.0603430010378
978	979	0.0603430010378
979	978	0.0603430010378
979	980	0.0603430010378
980	979	0.0603430010378
980	981	0.0603430010378
981	980	0.0603430010378
981	982	0.0603430010378
982	981	0.0603430010378
982	983	0.0553280003369
982	1023	0.036927498877
983	982	0.0553280003369
983	984	0.0553280003369
984	983	0.0553280003369
984	985	0.0553280003369
985	984	0.0553280003369
985	986	0.0553280003369
986	985	0.0553280003369
986	987	0.0553280003369
987	986	0.0553280003369
987	988	0.0553280003369
988	987	0.0553280003369
988	989	0.0553280003369
989	988	0.0553280003369
989	990	0.0553280003369
990	989	0.0553280003369
990	991	0.0553280003369
991	990	0.0553280003369
991	992	0.0553280003369
992	991	0.0553280003369
992	993	0.0553280003369
993	992	0.0553280003369
993	994	0.0553280003369
994	993	0.0553280003369
994	995	0.0553280003369
995	994	0.0553280003369
995	996	0.0553280003369
996	995	0.0553280003369
996	997	0.0553280003369
997	996	0.0553280003369
997	998	0.0553280003369
998	997	0.0553280003369
998	999	0.0553280003369
999	998	0.0553280003369
999	1000	0.0553280003369
1000	999	0.0553280003369
1000	1001	0.0553280003369
1001	1000	0.0553280003369
1001	1002	0.0553280003369
1002	1001	0.0553280003369
1002	1003	0.0553280003369
1003	1002	0.0553280003369
1003	1004	0.0553280003369
1004	1003	0.0553280003369
1004	1005	0.0553280003369
1005	1004	0.0553280003369
1005	1006	0.0553280003369
1006	1005	0.0553280003369
1006	1007	0.0553280003369
1007	1006	0.0553280003369
1007	1008	0.0553280003369
1008	1007	0.0553280003369
1008	1009	0.0553280003369
1009	1008	0.0553280003369
1009	1010	0.0553280003369
1010	1009	0.0553280003369
1010	1011	0.0553280003369
1011	1010	0.0553280003369
1011	1012	0.0553280003369
1012	1011	0.0553280003369
1012	1013	0.0553280003369
1013	1012	0.0553280003369
1013	1014	0.0553280003369
1014	1013	0.0553280003369
1014	1015	0.0553280003369
1015	1014	0.0553280003369
1015	1016	0.0553280003369
1016	1015	0.0553280003369
1016	1017	0.0553280003369
1017	1016	0.0553280003369
1017	1018	0.0553280003369
1018	1017	0.0553280003369
1018	1019	0.0553280003369
1019	1018	0.0553280003369
1019	1020	0.0553280003369
1020	1019	0.0553280003369
1020	1021	0.0553280003369
1021	1020	0.0553280003369
1021	1022	0.0553280003369
1022	1021	0.0553280003369
1023	982	0.036927498877
1023	1024	0.036927498877
1024	1023	0.036927498877
1024	1025	0.036927498877
1025	1024	0.036927498877
1025	1026	0.036927498877
1026	1025	0.036927498877
1026	1027	0.036927498877
1027	1026	0.036927498877
1027	1028	0.036927498877
1028	1027	0.036927498877
1028	1029	0.036927498877
1029	1028	0.036927498877
1029	1030	0.036927498877
1030	1029	0.036927498877
1031	970	0.0637655034661
1031	1032	0.0637655034661
1032	1031	0.0637655034661
1032	1033	0.0637655034661
1033	1032	0.0637655034661
1033	1034	0.0637655034661
1034	1033	0.0637655034661
1034	1035	0.0637655034661
1035	1034	0.0637655034661
1035	1036	0.0637655034661
1036	1035	0.0637655034661
1036	1037	0.0637655034661
1037	1036	0.0637655034661
1037	1038	0.0637655034661
1038	1037	0.0637655034661
1038	1039	0.0637655034661
1039	1038	0.0637655034661
1039	1040	0.0637655034661
1040	1039	0.0637655034661
1040	1041	0.0637655034661
1041	1040	0.0637655034661
1041	1042	0.0637655034661
1042	1041	0.0637655034661
1042	1043	0.0637655034661
1043	1042	0.0637655034661
1043	1044	0.0637655034661
1044	1043	0.0637655034661
1044	1045	0.0637655034661
1045	1044	0.0637655034661
1045	1046	0.0637655034661
1046	1045	0.0637655034661
1046	1047	0.0637655034661
1047	1046	0.0637655034661
1047	1048	0.0637655034661
1048	1047	0.0637655034661
1048	1049	0.0637655034661
1049	1048	0.0637655034661
1049	1050	0.0637655034661
1050	1049	0.0637655034661
1050	1051	0.0637655034661
1051	1050	0.0637655034661
1051	1052	0.0637655034661
1052	1051	0.0637655034661
1052	1053	0.0427685007453
1052	1064	0.0565709993243
1053	1052	0.0427685007453
1053	1054	0.0427685007453
1054	1053	0.0427685007453
1054	1055	0.0427685007453
1055	1054	0.0427685007453
1055	1056	0.0427685007453
1056	1055	0.0427685007453
1056	1057	0.0427685007453
1057	1056	0.0427685007453
1057	1058	0.0427685007453
1058	1057	0.0427685007453
1058	1059	0.0427685007453
1059	1058	0.0427685007453
1059	1060	0.0427685007453
1060	1059	0.0427685007453
1060	1061	0.0427685007453
1061	1060	0.0427685007453
1061	1062	0.0427685007453
1062	1061	0.0427685007453
1062	1063	0.0427685007453
1063	1062	0.0427685007453
1064	1052	0.0565709993243
1064	1065	0.0565709993243
1065	1064	0.0565709993243
1065	1066	0.0565709993243
1066	1065	0.0565709993243
1066	1067	0.0565709993243
1067	1066	0.0565709993243
1067	1068	0.0565709993243
1068	1067	0.0565709993243
1068	1069	0.0565709993243
1069	1068	0.0565709993243
1069	1070	0.0565709993243
1070	1069	0.0565709993243
1070	1071	0.0565709993243
1071	1070	0.0565709993243
1071	1072	0.0565709993243
1072	1071	0.0565709993243
1072	1073	0.0565709993243
1073	1072	0.0565709993243
1073	1074	0.0565709993243
1074	1073	0.0565709993243
1074	1075	0.0565709993243
1075	1074	0.0565709993243
1075	1076	0.0565709993243
1076	1075	0.0565709993243
1076	1077	0.0565709993243
1077	1076	0.0565709993243
1077	1078	0.0565709993243
1078	1077	0.0565709993243
1078	1079	0.0565709993243
1079	1078	0.0565709993243
1079	1080	0.0565709993243
1080	1079	0.0565709993243
1080	1081	0.0565709993243
1081	1080	0.0565709993243
1081	1082	0.0565709993243
1082	1081	0.0565709993243
1082	1083	0.0565709993243
1083	1082	0.0565709993243
1083	1084	0.0565709993243
1084	1083	0.0565709993243
1084	1085	0.0565709993243
1085	1084	0.0565709993243
1085	1086	0.0565709993243
1086	1085	0.0565709993243
1086	1087	0.0565709993243
1087	1086	0.0565709993243
1087	1088	0.0565709993243
1088	1087	0.0565709993243
1088	1089	0.0565709993243
1089	1088	0.0565709993243
1089	1090	0.0565709993243
1090	1089	0.0565709993243
1090	1091	0.0565709993243
1091	1090	0.0565709993243
1091	1092	0.0565709993243
1092	1091	0.0565709993243
1092	1093	0.0565709993243
1093	1092	0.0565709993243
1093	1094	0.0565709993243
1094	1093	0.0565709993243
1094	1095	0.0565709993243
1095	1094	0.0565709993243
1095	1096	0.0565709993243
1096	1095	0.0565709993243
1096	1097	0.0565709993243
1097	1096	0.0565709993243
1097	1098	0.0565709993243
1098	1097	0.0565709993243
1099	585	0.0297055002302
1099	1100	0.0297055002302
1100	1099	0.0297055002302
1100	1101	0.0297055002302
1101	1100	0.0297055002302
1101	1102	0.0297055002302
1102	1101	0.0297055002302
1102	1103	0.0297055002302
1103	1102	0.0297055002302
1103	1104	0.0297055002302
1104	1103	0.0297055002302
1104	1105	0.0297055002302
1105	1104	0.0297055002302
1105	1106	0.0297055002302
1106	1105	0.0297055002302
1106	1107	0.0297055002302
1107	1106	0.0297055002302
1108	438	0.0272624995559
1108	1109	0.0272624995559
1109	1108	0.0272624995559
1109	1110	0.0272624995559
1110	1109	0.0272624995559
1110	1111	0.0272624995559
1111	1110	0.0272624995559
1111	1112	0.0272624995559
1112	1111	0.0272624995559
1112	1113	0.0272624995559
1113	1112	0.0272624995559
1113	1114	0.0272624995559
1114	1113	0.0272624995559
1114	1115	0.0272624995559
1115	1114	0.0272624995559
1115	1116	0.0272624995559
1116	1115	0.0272624995559
1116	1117	0.0272624995559
1117	1116	0.0272624995559
1118	211	0.0297950003296
1118	1119	0.0297950003296
1119	1118	0.0297950003296
1119	1120	0.0297950003296
1120	1119	0.0297950003296
1120	1121	0.0297950003296
1121	1120	0.0297950003296
1121	1122	0.0297950003296
1122	1121	0.0297950003296
1122	1123	0.0297950003296
1123	1122	0.0297950003296
1123	1124	0.0297950003296
1124	1123	0.0297950003296
1124	1125	0.0297950003296
1125	1124	0.0297950003296
1125	1126	0.0297950003296
1126	1125	0.0297950003296
1126	1127	0.0297950003296
1127	1126	0.0297950003296
1127	1128	0.0297950003296
1128	1127	0.0297950003296
1128	1129	0.0297950003296
1129	1128	0.0297950003296
1129	1130	0.0297950003296
1130	1129	0.0297950003296
1130	1131	0.0297950003296
1131	1130	0.0297950003296
1131	1132	0.0297950003296
1132	1131	0.0297950003296
1132	1133	0.0297950003296
1133	1132	0.0297950003296
1133	1134	0.0297950003296
1134	1133	0.0297950003296
1135	4	0.319249510765
1135	1136	0.319249510765
1136	1135	0.319249510765
1136	1137	0.319249510765
1137	1136	0.319249510765
1137	1138	0.319249510765
1138	1137	0.319249510765
1138	1139	0.319249510765
1139	1138	0.319249510765
1139	1140	0.319249510765
1140	1139	0.319249510765
1140	1141	0.319249510765
1141	1140	0.319249510765
1141	1142	0.319249510765
1142	1141	0.319249510765
1142	1143	0.319249510765
1143	1142	0.319249510765
1143	1144	0.319249510765
1144	1143	0.319249510765
1144	1145	0.319249510765
1145	1144	0.319249510765
1145	1146	0.319249510765
1146	1145	0.319249510765
1146	1147	0.319249510765
1147	1146	0.319249510765
1147	1148	0.319249510765
1148	1147	0.319249510765
1148	1149	0.319249510765
1149	1148	0.319249510765
1149	1150	0.319249510765
1150	1149	0.319249510765
1150	1151	0.319249510765
1151	1150	0.319249510765
1151	1152	0.319249510765
1152	1151	0.319249510765
1152	1153	0.319249510765
1153	1152	0.319249510765
1153	1154	0.319249510765
1154	1153	0.319249510765
1154	1155	0.319249510765
1155	1154	0.319249510765
1155	1156	0.318331509829
1155	14807	0.0654070004821
1156	1155	0.318331509829
1156	1157	0.318331509829
1157	1156	0.318331509829
1157	1158	0.318331509829
1158	1157	0.318331509829
1158	1159	0.318331509829
1159	1158	0.318331509829
1159	1160	0.318331509829
1160	1159	0.318331509829
1160	1161	0.318331509829
1161	1160	0.318331509829
1161	1162	0.318331509829
1162	1161	0.318331509829
1162	1163	0.318331509829
1163	1162	0.318331509829
1163	1164	0.318331509829
1164	1163	0.318331509829
1164	1165	0.318331509829
1165	1164	0.318331509829
1165	1166	0.318331509829
1166	1165	0.318331509829
1166	1167	0.318331509829
1167	1166	0.318331509829
1167	1168	0.318331509829
1168	1167	0.318331509829
1168	1169	0.318331509829
1169	1168	0.318331509829
1169	1170	0.318331509829
1170	1169	0.318331509829
1170	1171	0.318331509829
1171	1170	0.318331509829
1171	1172	0.318331509829
1172	1171	0.318331509829
1172	1173	0.318331509829
1173	1172	0.318331509829
1173	1174	0.318331509829
1174	1173	0.318331509829
1174	1175	0.318331509829
1175	1174	0.318331509829
1175	1176	0.318331509829
1176	1175	0.318331509829
1176	1177	0.0570649988949
1176	1323	0.317719489336
1177	1176	0.0570649988949
1177	1178	0.0570649988949
1178	1177	0.0570649988949
1178	1179	0.0570649988949
1179	1178	0.0570649988949
1179	1180	0.0570649988949
1180	1179	0.0570649988949
1180	1181	0.0570649988949
1181	1180	0.0570649988949
1181	1182	0.0570649988949
1182	1181	0.0570649988949
1182	1183	0.0570649988949
1183	1182	0.0570649988949
1183	1184	0.0570649988949
1184	1183	0.0570649988949
1184	1185	0.0288434997201
1184	1204	0.0544949993491
1185	1184	0.0288434997201
1185	1186	0.0288434997201
1186	1185	0.0288434997201
1186	1187	0.0288434997201
1187	1186	0.0288434997201
1187	1188	0.0288434997201
1188	1187	0.0288434997201
1188	1189	0.0288434997201
1189	1188	0.0288434997201
1189	1190	0.0288434997201
1190	1189	0.0288434997201
1190	1191	0.0288434997201
1191	1190	0.0288434997201
1191	1192	0.0288434997201
1192	1191	0.0288434997201
1192	1193	0.0288434997201
1193	1192	0.0288434997201
1193	1194	0.0288434997201
1194	1193	0.0288434997201
1194	1195	0.0288434997201
1195	1194	0.0288434997201
1195	1196	0.0288434997201
1196	1195	0.0288434997201
1196	1197	0.0288434997201
1197	1196	0.0288434997201
1197	1198	0.0288434997201
1198	1197	0.0288434997201
1198	1199	0.0288434997201
1199	1198	0.0288434997201
1199	1200	0.0288434997201
1200	1199	0.0288434997201
1200	1201	0.0288434997201
1201	1200	0.0288434997201
1201	1202	0.0288434997201
1202	1201	0.0288434997201
1202	1203	0.0288434997201
1203	1202	0.0288434997201
1204	1184	0.0544949993491
1204	1205	0.0544949993491
1205	1204	0.0544949993491
1205	1206	0.0544949993491
1206	1205	0.0544949993491
1206	1207	0.0544949993491
1207	1206	0.0544949993491
1207	1208	0.0544949993491
1208	1207	0.0544949993491
1208	1209	0.0544949993491
1209	1208	0.0544949993491
1209	1210	0.0544949993491
1210	1209	0.0544949993491
1210	1211	0.0544949993491
1211	1210	0.0544949993491
1211	1212	0.0544949993491
1212	1211	0.0544949993491
1212	1213	0.0544949993491
1213	1212	0.0544949993491
1213	1214	0.0544949993491
1214	1213	0.0544949993491
1214	1215	0.0544949993491
1215	1214	0.0544949993491
1215	1216	0.0544949993491
1216	1215	0.0544949993491
1216	1217	0.0544949993491
1217	1216	0.0544949993491
1217	1218	0.0544949993491
1218	1217	0.0544949993491
1218	1219	0.0544949993491
1219	1218	0.0544949993491
1219	1220	0.0544949993491
1220	1219	0.0544949993491
1220	1221	0.0544949993491
1221	1220	0.0544949993491
1221	1222	0.0544949993491
1222	1221	0.0544949993491
1222	1223	0.0544949993491
1223	1222	0.0544949993491
1223	1224	0.0544949993491
1224	1223	0.0544949993491
1224	1225	0.0544949993491
1225	1224	0.0544949993491
1225	1226	0.0544949993491
1226	1225	0.0544949993491
1226	1227	0.0544949993491
1227	1226	0.0544949993491
1227	1228	0.0544949993491
1228	1227	0.0544949993491
1228	1229	0.0544949993491
1229	1228	0.0544949993491
1229	1230	0.0544949993491
1230	1229	0.0544949993491
1230	1231	0.0544949993491
1231	1230	0.0544949993491
1231	1232	0.0544949993491
1232	1231	0.0544949993491
1232	1233	0.0544949993491
1233	1232	0.0544949993491
1233	1234	0.0544949993491
1234	1233	0.0544949993491
1234	1235	0.0544949993491
1235	1234	0.0544949993491
1235	1236	0.0544949993491
1236	1235	0.0544949993491
1236	1237	0.0544949993491
1237	1236	0.0544949993491
1237	1238	0.0544949993491
1238	1237	0.0544949993491
1238	1239	0.0544949993491
1239	1238	0.0544949993491
1239	1240	0.0544949993491
1240	1239	0.0544949993491
1240	1241	0.0520884990692
1240	1315	0.027370499447
1241	1240	0.0520884990692
1241	1242	0.0520884990692
1242	1241	0.0520884990692
1242	1243	0.0520884990692
1243	1242	0.0520884990692
1243	1244	0.0520884990692
1244	1243	0.0520884990692
1244	1245	0.0520884990692
1245	1244	0.0520884990692
1245	1246	0.0520884990692
1246	1245	0.0520884990692
1246	1247	0.0520884990692
1247	1246	0.0520884990692
1247	1248	0.0520884990692
1248	1247	0.0520884990692
1248	1249	0.0520884990692
1249	1248	0.0520884990692
1249	1250	0.0520884990692
1250	1249	0.0520884990692
1250	1251	0.0520884990692
1251	1250	0.0520884990692
1251	1252	0.0520884990692
1252	1251	0.0520884990692
1252	1253	0.0520884990692
1253	1252	0.0520884990692
1253	1254	0.0520884990692
1254	1253	0.0520884990692
1254	1255	0.0520884990692
1255	1254	0.0520884990692
1255	1256	0.0520884990692
1256	1255	0.0520884990692
1256	1257	0.0520884990692
1257	1256	0.0520884990692
1257	1258	0.0520884990692
1258	1257	0.0520884990692
1258	1259	0.0520884990692
1259	1258	0.0520884990692
1259	1260	0.0520884990692
1260	1259	0.0520884990692
1260	1261	0.0520884990692
1261	1260	0.0520884990692
1261	1262	0.0520884990692
1262	1261	0.0520884990692
1262	1263	0.0520884990692
1263	1262	0.0520884990692
1263	1264	0.0520884990692
1264	1263	0.0520884990692
1264	1265	0.0520884990692
1265	1264	0.0520884990692
1265	1266	0.0520884990692
1266	1265	0.0520884990692
1266	1267	0.0520884990692
1267	1266	0.0520884990692
1267	1268	0.0520884990692
1268	1267	0.0520884990692
1268	1269	0.0520884990692
1269	1268	0.0520884990692
1269	1270	0.0520884990692
1270	1269	0.0520884990692
1270	1271	0.0520884990692
1271	1270	0.0520884990692
1271	1272	0.0520884990692
1272	1271	0.0520884990692
1272	1273	0.0298155006021
1272	1278	0.0486044995487
1273	1272	0.0298155006021
1273	1274	0.0298155006021
1274	1273	0.0298155006021
1274	1275	0.0298155006021
1275	1274	0.0298155006021
1275	1276	0.0298155006021
1276	1275	0.0298155006021
1276	1277	0.0298155006021
1277	1276	0.0298155006021
1278	1272	0.0486044995487
1278	1279	0.0486044995487
1279	1278	0.0486044995487
1279	1280	0.0486044995487
1280	1279	0.0486044995487
1280	1281	0.0486044995487
1281	1280	0.0486044995487
1281	1282	0.0486044995487
1282	1281	0.0486044995487
1282	1283	0.0486044995487
1283	1282	0.0486044995487
1283	1284	0.0486044995487
1284	1283	0.0486044995487
1284	1285	0.0486044995487
1285	1284	0.0486044995487
1285	1286	0.0486044995487
1286	1285	0.0486044995487
1286	1287	0.0486044995487
1287	1286	0.0486044995487
1287	1288	0.0486044995487
1288	1287	0.0486044995487
1288	1289	0.0486044995487
1289	1288	0.0486044995487
1289	1290	0.0486044995487
1290	1289	0.0486044995487
1290	1291	0.0486044995487
1291	1290	0.0486044995487
1291	1292	0.0486044995487
1292	1291	0.0486044995487
1292	1293	0.0486044995487
1293	1292	0.0486044995487
1293	1294	0.0486044995487
1294	1293	0.0486044995487
1294	1295	0.0486044995487
1295	1294	0.0486044995487
1295	1296	0.0486044995487
1296	1295	0.0486044995487
1296	1297	0.0486044995487
1297	1296	0.0486044995487
1297	1298	0.0486044995487
1298	1297	0.0486044995487
1298	1299	0.0486044995487
1299	1298	0.0486044995487
1299	1300	0.0486044995487
1300	1299	0.0486044995487
1300	1301	0.0486044995487
1301	1300	0.0486044995487
1301	1302	0.0486044995487
1302	1301	0.0486044995487
1302	1303	0.0486044995487
1303	1302	0.0486044995487
1303	1304	0.0486044995487
1304	1303	0.0486044995487
1304	1305	0.0486044995487
1305	1304	0.0486044995487
1305	1306	0.0486044995487
1306	1305	0.0486044995487
1306	1307	0.0486044995487
1307	1306	0.0486044995487
1307	1308	0.0486044995487
1308	1307	0.0486044995487
1308	1309	0.0486044995487
1309	1308	0.0486044995487
1309	1310	0.0486044995487
1310	1309	0.0486044995487
1310	1311	0.0486044995487
1311	1310	0.0486044995487
1311	1312	0.0486044995487
1312	1311	0.0486044995487
1312	1313	0.0486044995487
1313	1312	0.0486044995487
1313	1314	0.0486044995487
1314	1313	0.0486044995487
1315	1240	0.027370499447
1315	1316	0.027370499447
1316	1315	0.027370499447
1316	1317	0.027370499447
1317	1316	0.027370499447
1317	1318	0.027370499447
1318	1317	0.027370499447
1318	1319	0.027370499447
1319	1318	0.027370499447
1319	1320	0.027370499447
1320	1319	0.027370499447
1320	1321	0.027370499447
1321	1320	0.027370499447
1321	1322	0.027370499447
1322	1321	0.027370499447
1323	1176	0.317719489336
1323	1324	0.317719489336
1324	1323	0.317719489336
1324	1325	0.317719489336
1325	1324	0.317719489336
1325	1326	0.317719489336
1326	1325	0.317719489336
1326	1327	0.317719489336
1327	1326	0.317719489336
1327	1328	0.317719489336
1328	1327	0.317719489336
1328	1329	0.317719489336
1329	1328	0.317719489336
1329	1330	0.317719489336
1330	1329	0.317719489336
1330	1331	0.317719489336
1331	1330	0.317719489336
1331	1332	0.317719489336
1332	1331	0.317719489336
1332	1333	0.317719489336
1333	1332	0.317719489336
1333	1334	0.317719489336
1334	1333	0.317719489336
1334	1335	0.317625492811
1334	14781	0.0304924994707
1335	1334	0.317625492811
1335	1336	0.317625492811
1336	1335	0.317625492811
1336	1337	0.317625492811
1337	1336	0.317625492811
1337	1338	0.317625492811
1338	1337	0.317625492811
1338	1339	0.317625492811
1339	1338	0.317625492811
1339	1340	0.317625492811
1340	1339	0.317625492811
1340	1341	0.317625492811
1341	1340	0.317625492811
1341	1342	0.317625492811
1342	1341	0.317625492811
1342	1343	0.317625492811
1343	1342	0.317625492811
1343	1344	0.317625492811
1344	1343	0.317625492811
1344	1345	0.317625492811
1345	1344	0.317625492811
1345	1346	0.317625492811
1346	1345	0.317625492811
1346	1347	0.317492008209
1346	14739	0.0343405008316
1347	1346	0.317492008209
1347	1348	0.317492008209
1348	1347	0.317492008209
1348	1349	0.317492008209
1349	1348	0.317492008209
1349	1350	0.317492008209
1350	1349	0.317492008209
1350	1351	0.317492008209
1351	1350	0.317492008209
1351	1352	0.317492008209
1352	1351	0.317492008209
1352	1353	0.317492008209
1353	1352	0.317492008209
1353	1354	0.317492008209
1354	1353	0.317492008209
1354	1355	0.317492008209
1355	1354	0.317492008209
1355	1356	0.317492008209
1356	1355	0.317492008209
1356	1357	0.317492008209
1357	1356	0.317492008209
1357	1358	0.317492008209
1358	1357	0.317492008209
1358	1359	0.317492008209
1359	1358	0.317492008209
1359	1360	0.317492008209
1360	1359	0.317492008209
1360	1361	0.317492008209
1361	1360	0.317492008209
1361	1362	0.317492008209
1362	1361	0.317492008209
1362	1363	0.317492008209
1363	1362	0.317492008209
1363	1364	0.317492008209
1364	1363	0.317492008209
1364	1365	0.317492008209
1365	1364	0.317492008209
1365	1366	0.317492008209
1366	1365	0.317492008209
1366	1367	0.317492008209
1367	1366	0.317492008209
1367	1368	0.317492008209
1368	1367	0.317492008209
1368	1369	0.317492008209
1369	1368	0.317492008209
1369	1370	0.317492008209
1370	1369	0.317492008209
1370	1371	0.317492008209
1371	1370	0.317492008209
1371	1372	0.317377001047
1371	14706	0.0325905010104
1372	1371	0.317377001047
1372	1373	0.317377001047
1373	1372	0.317377001047
1373	1374	0.317377001047
1374	1373	0.317377001047
1374	1375	0.317377001047
1375	1374	0.317377001047
1375	1376	0.317377001047
1376	1375	0.317377001047
1376	1377	0.317377001047
1377	1376	0.317377001047
1377	1378	0.317377001047
1378	1377	0.317377001047
1378	1379	0.317377001047
1379	1378	0.317377001047
1379	1380	0.317377001047
1380	1379	0.317377001047
1380	1381	0.317377001047
1381	1380	0.317377001047
1381	1382	0.317377001047
1382	1381	0.317377001047
1382	1383	0.317377001047
1383	1382	0.317377001047
1383	1384	0.317377001047
1384	1383	0.317377001047
1384	1385	0.317377001047
1385	1384	0.317377001047
1385	1386	0.317377001047
1386	1385	0.317377001047
1386	1387	0.317377001047
1387	1386	0.317377001047
1387	1388	0.317377001047
1388	1387	0.317377001047
1388	1389	0.317377001047
1389	1388	0.317377001047
1389	1390	0.317377001047
1390	1389	0.317377001047
1390	1391	0.317377001047
1391	1390	0.317377001047
1391	1392	0.317377001047
1392	1391	0.317377001047
1392	1393	0.287097007036
1392	10612	0.202510505915
1393	1392	0.287097007036
1393	1394	0.287097007036
1394	1393	0.287097007036
1394	1395	0.287097007036
1395	1394	0.287097007036
1395	1396	0.287097007036
1396	1395	0.287097007036
1396	1397	0.287097007036
1397	1396	0.287097007036
1397	1398	0.287097007036
1398	1397	0.287097007036
1398	1399	0.287097007036
1399	1398	0.287097007036
1399	1400	0.287097007036
1400	1399	0.287097007036
1400	1401	0.287097007036
1401	1400	0.287097007036
1401	1402	0.287097007036
1402	1401	0.287097007036
1402	1403	0.287097007036
1403	1402	0.287097007036
1403	1404	0.287097007036
1404	1403	0.287097007036
1404	1405	0.287097007036
1405	1404	0.287097007036
1405	1406	0.287097007036
1406	1405	0.287097007036
1406	1407	0.287097007036
1407	1406	0.287097007036
1407	1408	0.287097007036
1408	1407	0.287097007036
1408	1409	0.287097007036
1409	1408	0.287097007036
1409	1410	0.287097007036
1410	1409	0.287097007036
1410	1411	0.287097007036
1411	1410	0.287097007036
1411	1412	0.287097007036
1412	1411	0.287097007036
1412	1413	0.287097007036
1413	1412	0.287097007036
1413	1414	0.287097007036
1414	1413	0.287097007036
1414	1415	0.287097007036
1415	1414	0.287097007036
1415	1416	0.287097007036
1416	1415	0.287097007036
1416	1417	0.287097007036
1417	1416	0.287097007036
1417	1418	0.287097007036
1418	1417	0.287097007036
1418	1419	0.287097007036
1419	1418	0.287097007036
1419	1420	0.0356405004859
1419	1465	0.286913514137
1420	1419	0.0356405004859
1420	1421	0.0356405004859
1421	1420	0.0356405004859
1421	1422	0.0356405004859
1422	1421	0.0356405004859
1422	1423	0.0356405004859
1423	1422	0.0356405004859
1423	1424	0.0356405004859
1424	1423	0.0356405004859
1424	1425	0.0356405004859
1425	1424	0.0356405004859
1425	1426	0.0356405004859
1426	1425	0.0356405004859
1426	1427	0.0356405004859
1427	1426	0.0356405004859
1427	1428	0.0356405004859
1428	1427	0.0356405004859
1428	1429	0.0356405004859
1429	1428	0.0356405004859
1429	1430	0.0356405004859
1430	1429	0.0356405004859
1430	1431	0.0356405004859
1431	1430	0.0356405004859
1431	1432	0.0356405004859
1432	1431	0.0356405004859
1432	1433	0.0356405004859
1433	1432	0.0356405004859
1433	1434	0.0356405004859
1434	1433	0.0356405004859
1434	1435	0.0356405004859
1435	1434	0.0356405004859
1435	1436	0.0356405004859
1436	1435	0.0356405004859
1436	1437	0.0356405004859
1437	1436	0.0356405004859
1437	1438	0.0356405004859
1438	1437	0.0356405004859
1438	1439	0.0356405004859
1439	1438	0.0356405004859
1439	1440	0.0356405004859
1440	1439	0.0356405004859
1440	1441	0.0356405004859
1441	1440	0.0356405004859
1441	1442	0.0356405004859
1442	1441	0.0356405004859
1442	1443	0.0356405004859
1443	1442	0.0356405004859
1443	1444	0.0356405004859
1444	1443	0.0356405004859
1444	1445	0.0356405004859
1445	1444	0.0356405004859
1445	1446	0.0356405004859
1446	1445	0.0356405004859
1446	1447	0.0356405004859
1447	1446	0.0356405004859
1447	1448	0.0356405004859
1448	1447	0.0356405004859
1448	1449	0.0356405004859
1449	1448	0.0356405004859
1449	1450	0.0356405004859
1450	1449	0.0356405004859
1450	1451	0.0356405004859
1451	1450	0.0356405004859
1451	1452	0.0356405004859
1452	1451	0.0356405004859
1452	1453	0.0356405004859
1453	1452	0.0356405004859
1453	1454	0.0356405004859
1454	1453	0.0356405004859
1454	1455	0.0356405004859
1455	1454	0.0356405004859
1455	1456	0.0356405004859
1456	1455	0.0356405004859
1456	1457	0.0356405004859
1457	1456	0.0356405004859
1457	1458	0.0356405004859
1458	1457	0.0356405004859
1458	1459	0.0356405004859
1459	1458	0.0356405004859
1459	1460	0.0356405004859
1460	1459	0.0356405004859
1460	1461	0.0356405004859
1461	1460	0.0356405004859
1461	1462	0.0356405004859
1462	1461	0.0356405004859
1462	1463	0.0356405004859
1463	1462	0.0356405004859
1463	1464	0.0356405004859
1464	1463	0.0356405004859
1465	1419	0.286913514137
1465	1466	0.286913514137
1466	1465	0.286913514137
1466	1467	0.286913514137
1467	1466	0.286913514137
1467	1468	0.286913514137
1468	1467	0.286913514137
1468	1469	0.286913514137
1469	1468	0.286913514137
1469	1470	0.286913514137
1470	1469	0.286913514137
1470	1471	0.286913514137
1471	1470	0.286913514137
1471	1472	0.286913514137
1472	1471	0.286913514137
1472	1473	0.286913514137
1473	1472	0.286913514137
1473	1474	0.286913514137
1474	1473	0.286913514137
1474	1475	0.286913514137
1475	1474	0.286913514137
1475	1476	0.286913514137
1476	1475	0.286913514137
1476	1477	0.286913514137
1477	1476	0.286913514137
1477	1478	0.286913514137
1478	1477	0.286913514137
1478	1479	0.286913514137
1479	1478	0.286913514137
1479	1480	0.286913514137
1480	1479	0.286913514137
1480	1481	0.286913514137
1481	1480	0.286913514137
1481	1482	0.286913514137
1482	1481	0.286913514137
1482	1483	0.286913514137
1483	1482	0.286913514137
1483	1484	0.286913514137
1484	1483	0.286913514137
1484	1485	0.286913514137
1485	1484	0.286913514137
1485	1486	0.286913514137
1486	1485	0.286913514137
1486	1487	0.286913514137
1487	1486	0.286913514137
1487	1488	0.286913514137
1488	1487	0.286913514137
1488	1489	0.286913514137
1489	1488	0.286913514137
1489	1490	0.286913514137
1490	1489	0.286913514137
1490	1491	0.286913514137
1491	1490	0.286913514137
1491	1492	0.0489284992218
1491	1583	0.286438494921
1492	1491	0.0489284992218
1492	1493	0.0489284992218
1493	1492	0.0489284992218
1493	1494	0.0489284992218
1494	1493	0.0489284992218
1494	1495	0.0489284992218
1495	1494	0.0489284992218
1495	1496	0.0489284992218
1496	1495	0.0489284992218
1496	1497	0.0489284992218
1497	1496	0.0489284992218
1497	1498	0.0489284992218
1498	1497	0.0489284992218
1498	1499	0.0489284992218
1499	1498	0.0489284992218
1499	1500	0.0469054989517
1499	1576	0.0240640006959
1500	1499	0.0469054989517
1500	1501	0.0469054989517
1501	1500	0.0469054989517
1501	1502	0.0469054989517
1502	1501	0.0469054989517
1502	1503	0.0469054989517
1503	1502	0.0469054989517
1503	1504	0.0469054989517
1504	1503	0.0469054989517
1504	1505	0.0469054989517
1505	1504	0.0469054989517
1505	1506	0.0469054989517
1506	1505	0.0469054989517
1506	1507	0.0469054989517
1507	1506	0.0469054989517
1507	1508	0.0469054989517
1508	1507	0.0469054989517
1508	1509	0.0469054989517
1509	1508	0.0469054989517
1509	1510	0.0469054989517
1510	1509	0.0469054989517
1510	1511	0.0469054989517
1511	1510	0.0469054989517
1511	1512	0.0469054989517
1512	1511	0.0469054989517
1512	1513	0.0469054989517
1513	1512	0.0469054989517
1513	1514	0.0469054989517
1514	1513	0.0469054989517
1514	1515	0.0469054989517
1515	1514	0.0469054989517
1515	1516	0.0469054989517
1516	1515	0.0469054989517
1516	1517	0.0469054989517
1517	1516	0.0469054989517
1517	1518	0.0469054989517
1518	1517	0.0469054989517
1518	1519	0.0469054989517
1519	1518	0.0469054989517
1519	1520	0.0399264991283
1519	1557	0.0340704992414
1520	1519	0.0399264991283
1520	1521	0.0399264991283
1521	1520	0.0399264991283
1521	1522	0.0399264991283
1522	1521	0.0399264991283
1522	1523	0.0399264991283
1523	1522	0.0399264991283
1523	1524	0.0399264991283
1524	1523	0.0399264991283
1524	1525	0.0399264991283
1525	1524	0.0399264991283
1525	1526	0.0399264991283
1526	1525	0.0399264991283
1526	1527	0.0399264991283
1527	1526	0.0399264991283
1527	1528	0.0399264991283
1528	1527	0.0399264991283
1528	1529	0.0399264991283
1529	1528	0.0399264991283
1529	1530	0.0399264991283
1530	1529	0.0399264991283
1530	1531	0.0399264991283
1531	1530	0.0399264991283
1531	1532	0.0399264991283
1532	1531	0.0399264991283
1532	1533	0.0399264991283
1533	1532	0.0399264991283
1533	1534	0.0399264991283
1534	1533	0.0399264991283
1534	1535	0.0399264991283
1535	1534	0.0399264991283
1535	1536	0.0399264991283
1536	1535	0.0399264991283
1536	1537	0.0399264991283
1537	1536	0.0399264991283
1537	1538	0.0399264991283
1538	1537	0.0399264991283
1538	1539	0.0399264991283
1539	1538	0.0399264991283
1539	1540	0.0399264991283
1540	1539	0.0399264991283
1540	1541	0.0399264991283
1541	1540	0.0399264991283
1541	1542	0.0399264991283
1542	1541	0.0399264991283
1542	1543	0.0399264991283
1543	1542	0.0399264991283
1543	1544	0.0399264991283
1544	1543	0.0399264991283
1544	1545	0.0399264991283
1545	1544	0.0399264991283
1545	1546	0.0399264991283
1546	1545	0.0399264991283
1546	1547	0.0399264991283
1547	1546	0.0399264991283
1547	1548	0.0399264991283
1548	1547	0.0399264991283
1548	1549	0.0399264991283
1549	1548	0.0399264991283
1549	1550	0.0399264991283
1550	1549	0.0399264991283
1550	1551	0.0399264991283
1551	1550	0.0399264991283
1551	1552	0.0399264991283
1552	1551	0.0399264991283
1552	1553	0.0399264991283
1553	1552	0.0399264991283
1553	1554	0.0399264991283
1554	1553	0.0399264991283
1554	1555	0.0399264991283
1555	1554	0.0399264991283
1555	1556	0.0399264991283
1556	1555	0.0399264991283
1557	1519	0.0340704992414
1557	1558	0.0340704992414
1558	1557	0.0340704992414
1558	1559	0.0340704992414
1559	1558	0.0340704992414
1559	1560	0.0340704992414
1560	1559	0.0340704992414
1560	1561	0.0340704992414
1561	1560	0.0340704992414
1561	1562	0.0340704992414
1562	1561	0.0340704992414
1562	1563	0.0340704992414
1563	1562	0.0340704992414
1563	1564	0.0340704992414
1564	1563	0.0340704992414
1564	1565	0.0340704992414
1565	1564	0.0340704992414
1565	1566	0.0340704992414
1566	1565	0.0340704992414
1566	1567	0.0340704992414
1567	1566	0.0340704992414
1567	1568	0.0340704992414
1568	1567	0.0340704992414
1568	1569	0.0340704992414
1569	1568	0.0340704992414
1569	1570	0.0340704992414
1570	1569	0.0340704992414
1570	1571	0.0340704992414
1571	1570	0.0340704992414
1571	1572	0.0340704992414
1572	1571	0.0340704992414
1572	1573	0.0340704992414
1573	1572	0.0340704992414
1573	1574	0.0340704992414
1574	1573	0.0340704992414
1574	1575	0.0340704992414
1575	1574	0.0340704992414
1576	1499	0.0240640006959
1576	1577	0.0240640006959
1577	1576	0.0240640006959
1577	1578	0.0240640006959
1578	1577	0.0240640006959
1578	1579	0.0240640006959
1579	1578	0.0240640006959
1579	1580	0.0240640006959
1580	1579	0.0240640006959
1580	1581	0.0240640006959
1581	1580	0.0240640006959
1581	1582	0.0240640006959
1582	1581	0.0240640006959
1583	1491	0.286438494921
1583	1584	0.286438494921
1584	1583	0.286438494921
1584	1585	0.286438494921
1585	1584	0.286438494921
1585	1586	0.286438494921
1586	1585	0.286438494921
1586	1587	0.286438494921
1587	1586	0.286438494921
1587	1588	0.286438494921
1588	1587	0.286438494921
1588	1589	0.286438494921
1589	1588	0.286438494921
1589	1590	0.286438494921
1590	1589	0.286438494921
1590	1591	0.286438494921
1591	1590	0.286438494921
1591	1592	0.286438494921
1592	1591	0.286438494921
1592	1593	0.286438494921
1593	1592	0.286438494921
1593	1594	0.286438494921
1594	1593	0.286438494921
1594	1595	0.286438494921
1595	1594	0.286438494921
1595	1596	0.286438494921
1596	1595	0.286438494921
1596	1597	0.286438494921
1597	1596	0.286438494921
1597	1598	0.286438494921
1598	1597	0.286438494921
1598	1599	0.286438494921
1599	1598	0.286438494921
1599	1600	0.286438494921
1600	1599	0.286438494921
1600	1601	0.286438494921
1601	1600	0.286438494921
1601	1602	0.286438494921
1602	1601	0.286438494921
1602	1603	0.286438494921
1603	1602	0.286438494921
1603	1604	0.286438494921
1604	1603	0.286438494921
1604	1605	0.286438494921
1605	1604	0.286438494921
1605	1606	0.286438494921
1606	1605	0.286438494921
1606	1607	0.286438494921
1607	1606	0.286438494921
1607	1608	0.286438494921
1608	1607	0.286438494921
1608	1609	0.286438494921
1609	1608	0.286438494921
1609	1610	0.286438494921
1610	1609	0.286438494921
1610	1611	0.286438494921
1611	1610	0.286438494921
1611	1612	0.286438494921
1612	1611	0.286438494921
1612	1613	0.286438494921
1613	1612	0.286438494921
1613	1614	0.286438494921
1614	1613	0.286438494921
1614	1615	0.286438494921
1615	1614	0.286438494921
1615	1616	0.286438494921
1616	1615	0.286438494921
1616	1617	0.286438494921
1617	1616	0.286438494921
1617	1618	0.286438494921
1618	1617	0.286438494921
1618	1619	0.286438494921
1619	1618	0.286438494921
1619	1620	0.286438494921
1620	1619	0.286438494921
1620	1621	0.286438494921
1621	1620	0.286438494921
1621	1622	0.286438494921
1622	1621	0.286438494921
1622	1623	0.286438494921
1623	1622	0.286438494921
1623	1624	0.286438494921
1624	1623	0.286438494921
1624	1625	0.286438494921
1625	1624	0.286438494921
1625	1626	0.286438494921
1626	1625	0.286438494921
1626	1627	0.286438494921
1627	1626	0.286438494921
1627	1628	0.286438494921
1628	1627	0.286438494921
1628	1629	0.286438494921
1629	1628	0.286438494921
1629	1630	0.286438494921
1630	1629	0.286438494921
1630	1631	0.286438494921
1631	1630	0.286438494921
1631	1632	0.286438494921
1632	1631	0.286438494921
1632	1633	0.286438494921
1633	1632	0.286438494921
1633	1634	0.286438494921
1634	1633	0.286438494921
1634	1635	0.286438494921
1635	1634	0.286438494921
1635	1636	0.286438494921
1636	1635	0.286438494921
1636	1637	0.0754769966006
1636	1922	0.284680992365
1637	1636	0.0754769966006
1637	1638	0.0754769966006
1638	1637	0.0754769966006
1638	1639	0.0754769966006
1639	1638	0.0754769966006
1639	1640	0.0754769966006
1640	1639	0.0754769966006
1640	1641	0.0754769966006
1641	1640	0.0754769966006
1641	1642	0.0754769966006
1642	1641	0.0754769966006
1642	1643	0.0754769966006
1643	1642	0.0754769966006
1643	1644	0.0754769966006
1644	1643	0.0754769966006
1644	1645	0.0754769966006
1645	1644	0.0754769966006
1645	1646	0.0754769966006
1646	1645	0.0754769966006
1646	1647	0.0754769966006
1647	1646	0.0754769966006
1647	1648	0.0754769966006
1648	1647	0.0754769966006
1648	1649	0.0754769966006
1649	1648	0.0754769966006
1649	1650	0.0754769966006
1650	1649	0.0754769966006
1650	1651	0.0754769966006
1651	1650	0.0754769966006
1651	1652	0.0754769966006
1652	1651	0.0754769966006
1652	1653	0.0754769966006
1653	1652	0.0754769966006
1653	1654	0.0754769966006
1654	1653	0.0754769966006
1654	1655	0.0754769966006
1655	1654	0.0754769966006
1655	1656	0.0754769966006
1656	1655	0.0754769966006
1656	1657	0.0754769966006
1657	1656	0.0754769966006
1657	1658	0.0754769966006
1658	1657	0.0754769966006
1658	1659	0.0754769966006
1659	1658	0.0754769966006
1659	1660	0.0754769966006
1660	1659	0.0754769966006
1660	1661	0.0754769966006
1661	1660	0.0754769966006
1661	1662	0.0754769966006
1662	1661	0.0754769966006
1662	1663	0.0754769966006
1663	1662	0.0754769966006
1663	1664	0.0754769966006
1664	1663	0.0754769966006
1664	1665	0.0754769966006
1665	1664	0.0754769966006
1665	1666	0.0754769966006
1666	1665	0.0754769966006
1666	1667	0.0754769966006
1667	1666	0.0754769966006
1667	1668	0.0754769966006
1668	1667	0.0754769966006
1668	1669	0.0754769966006
1669	1668	0.0754769966006
1669	1670	0.0754769966006
1670	1669	0.0754769966006
1670	1671	0.0754769966006
1671	1670	0.0754769966006
1671	1672	0.0285104997456
1671	1684	0.0740960016847
1672	1671	0.0285104997456
1672	1673	0.0285104997456
1673	1672	0.0285104997456
1673	1674	0.0285104997456
1674	1673	0.0285104997456
1674	1675	0.0285104997456
1675	1674	0.0285104997456
1675	1676	0.0285104997456
1676	1675	0.0285104997456
1676	1677	0.0285104997456
1677	1676	0.0285104997456
1677	1678	0.0285104997456
1678	1677	0.0285104997456
1678	1679	0.0285104997456
1679	1678	0.0285104997456
1679	1680	0.0285104997456
1680	1679	0.0285104997456
1680	1681	0.0285104997456
1681	1680	0.0285104997456
1681	1682	0.0285104997456
1682	1681	0.0285104997456
1682	1683	0.0285104997456
1683	1682	0.0285104997456
1684	1671	0.0740960016847
1684	1685	0.0740960016847
1685	1684	0.0740960016847
1685	1686	0.0740960016847
1686	1685	0.0740960016847
1686	1687	0.0740960016847
1687	1686	0.0740960016847
1687	1688	0.0740960016847
1688	1687	0.0740960016847
1688	1689	0.0740960016847
1689	1688	0.0740960016847
1689	1690	0.0740960016847
1690	1689	0.0740960016847
1690	1691	0.0740960016847
1691	1690	0.0740960016847
1691	1692	0.0740960016847
1692	1691	0.0740960016847
1692	1693	0.0740960016847
1693	1692	0.0740960016847
1693	1694	0.0740960016847
1694	1693	0.0740960016847
1694	1695	0.0740960016847
1695	1694	0.0740960016847
1695	1696	0.0740960016847
1696	1695	0.0740960016847
1696	1697	0.0740960016847
1697	1696	0.0740960016847
1697	1698	0.07077550143
1697	1890	0.037390999496
1698	1697	0.07077550143
1698	1699	0.07077550143
1699	1698	0.07077550143
1699	1700	0.07077550143
1700	1699	0.07077550143
1700	1701	0.07077550143
1701	1700	0.07077550143
1701	1702	0.07077550143
1702	1701	0.07077550143
1702	1703	0.07077550143
1703	1702	0.07077550143
1703	1704	0.07077550143
1704	1703	0.07077550143
1704	1705	0.07077550143
1705	1704	0.07077550143
1705	1706	0.07077550143
1706	1705	0.07077550143
1706	1707	0.07077550143
1707	1706	0.07077550143
1707	1708	0.07077550143
1708	1707	0.07077550143
1708	1709	0.07077550143
1709	1708	0.07077550143
1709	1710	0.07077550143
1710	1709	0.07077550143
1710	1711	0.07077550143
1711	1710	0.07077550143
1711	1712	0.07077550143
1712	1711	0.07077550143
1712	1713	0.07077550143
1713	1712	0.07077550143
1713	1714	0.07077550143
1714	1713	0.07077550143
1714	1715	0.07077550143
1715	1714	0.07077550143
1715	1716	0.07077550143
1716	1715	0.07077550143
1716	1717	0.07077550143
1717	1716	0.07077550143
1717	1718	0.07077550143
1718	1717	0.07077550143
1718	1719	0.07077550143
1719	1718	0.07077550143
1719	1720	0.07077550143
1720	1719	0.07077550143
1720	1721	0.07077550143
1721	1720	0.07077550143
1721	1722	0.07077550143
1722	1721	0.07077550143
1722	1723	0.07077550143
1723	1722	0.07077550143
1723	1724	0.07077550143
1724	1723	0.07077550143
1724	1725	0.0651490017772
1724	1849	0.0427279993892
1725	1724	0.0651490017772
1725	1726	0.0651490017772
1726	1725	0.0651490017772
1726	1727	0.0651490017772
1727	1726	0.0651490017772
1727	1728	0.0651490017772
1728	1727	0.0651490017772
1728	1729	0.0651490017772
1729	1728	0.0651490017772
1729	1730	0.0651490017772
1730	1729	0.0651490017772
1730	1731	0.0651490017772
1731	1730	0.0651490017772
1731	1732	0.0651490017772
1732	1731	0.0651490017772
1732	1733	0.0651490017772
1733	1732	0.0651490017772
1733	1734	0.0651490017772
1734	1733	0.0651490017772
1734	1735	0.0651490017772
1735	1734	0.0651490017772
1735	1736	0.0651490017772
1736	1735	0.0651490017772
1736	1737	0.0651490017772
1737	1736	0.0651490017772
1737	1738	0.0651490017772
1738	1737	0.0651490017772
1738	1739	0.0651490017772
1739	1738	0.0651490017772
1739	1740	0.0651490017772
1740	1739	0.0651490017772
1740	1741	0.0453795008361
1740	1781	0.0567815005779
1741	1740	0.0453795008361
1741	1742	0.0453795008361
1742	1741	0.0453795008361
1742	1743	0.0453795008361
1743	1742	0.0453795008361
1743	1744	0.0453795008361
1744	1743	0.0453795008361
1744	1745	0.0453795008361
1745	1744	0.0453795008361
1745	1746	0.0453795008361
1746	1745	0.0453795008361
1746	1747	0.0453795008361
1747	1746	0.0453795008361
1747	1748	0.0453795008361
1748	1747	0.0453795008361
1748	1749	0.0453795008361
1749	1748	0.0453795008361
1749	1750	0.0453795008361
1750	1749	0.0453795008361
1750	1751	0.0453795008361
1751	1750	0.0453795008361
1751	1752	0.0453795008361
1752	1751	0.0453795008361
1752	1753	0.0453795008361
1753	1752	0.0453795008361
1753	1754	0.0453795008361
1754	1753	0.0453795008361
1754	1755	0.0453795008361
1755	1754	0.0453795008361
1755	1756	0.0453795008361
1756	1755	0.0453795008361
1756	1757	0.0453795008361
1757	1756	0.0453795008361
1757	1758	0.0453795008361
1758	1757	0.0453795008361
1758	1759	0.0453795008361
1759	1758	0.0453795008361
1759	1760	0.0453795008361
1760	1759	0.0453795008361
1760	1761	0.0453795008361
1761	1760	0.0453795008361
1761	1762	0.0453795008361
1762	1761	0.0453795008361
1762	1763	0.0453795008361
1763	1762	0.0453795008361
1763	1764	0.0453795008361
1764	1763	0.0453795008361
1764	1765	0.0453795008361
1765	1764	0.0453795008361
1765	1766	0.0453795008361
1766	1765	0.0453795008361
1766	1767	0.0453795008361
1767	1766	0.0453795008361
1767	1768	0.0453795008361
1768	1767	0.0453795008361
1768	1769	0.0453795008361
1769	1768	0.0453795008361
1769	1770	0.0453795008361
1770	1769	0.0453795008361
1770	1771	0.0453795008361
1771	1770	0.0453795008361
1771	1772	0.0453795008361
1772	1771	0.0453795008361
1772	1773	0.0453795008361
1773	1772	0.0453795008361
1773	1774	0.0453795008361
1774	1773	0.0453795008361
1774	1775	0.0453795008361
1775	1774	0.0453795008361
1775	1776	0.0453795008361
1776	1775	0.0453795008361
1776	1777	0.0453795008361
1777	1776	0.0453795008361
1777	1778	0.0453795008361
1778	1777	0.0453795008361
1778	1779	0.0453795008361
1779	1778	0.0453795008361
1779	1780	0.0453795008361
1780	1779	0.0453795008361
1781	1740	0.0567815005779
1781	1782	0.0567815005779
1782	1781	0.0567815005779
1782	1783	0.0567815005779
1783	1782	0.0567815005779
1783	1784	0.0567815005779
1784	1783	0.0567815005779
1784	1785	0.0567815005779
1785	1784	0.0567815005779
1785	1786	0.0567815005779
1786	1785	0.0567815005779
1786	1787	0.0567815005779
1787	1786	0.0567815005779
1787	1788	0.0567815005779
1788	1787	0.0567815005779
1788	1789	0.0567815005779
1789	1788	0.0567815005779
1789	1790	0.0567815005779
1790	1789	0.0567815005779
1790	1791	0.0567815005779
1791	1790	0.0567815005779
1791	1792	0.0567815005779
1792	1791	0.0567815005779
1792	1793	0.0567815005779
1793	1792	0.0567815005779
1793	1794	0.0567815005779
1794	1793	0.0567815005779
1794	1795	0.0567815005779
1795	1794	0.0567815005779
1795	1796	0.0567815005779
1796	1795	0.0567815005779
1796	1797	0.0567815005779
1797	1796	0.0567815005779
1797	1798	0.0567815005779
1798	1797	0.0567815005779
1798	1799	0.0387829989195
1798	1812	0.0499644987285
1799	1798	0.0387829989195
1799	1800	0.0387829989195
1800	1799	0.0387829989195
1800	1801	0.0387829989195
1801	1800	0.0387829989195
1801	1802	0.0387829989195
1802	1801	0.0387829989195
1802	1803	0.0387829989195
1803	1802	0.0387829989195
1803	1804	0.0387829989195
1804	1803	0.0387829989195
1804	1805	0.0387829989195
1805	1804	0.0387829989195
1805	1806	0.0387829989195
1806	1805	0.0387829989195
1806	1807	0.0387829989195
1807	1806	0.0387829989195
1807	1808	0.0387829989195
1808	1807	0.0387829989195
1808	1809	0.0387829989195
1809	1808	0.0387829989195
1809	1810	0.0387829989195
1810	1809	0.0387829989195
1810	1811	0.0387829989195
1811	1810	0.0387829989195
1812	1798	0.0499644987285
1812	1813	0.0499644987285
1813	1812	0.0499644987285
1813	1814	0.0499644987285
1814	1813	0.0499644987285
1814	1815	0.0499644987285
1815	1814	0.0499644987285
1815	1816	0.0499644987285
1816	1815	0.0499644987285
1816	1817	0.0499644987285
1817	1816	0.0499644987285
1817	1818	0.0499644987285
1818	1817	0.0499644987285
1818	1819	0.0499644987285
1819	1818	0.0499644987285
1819	1820	0.0499644987285
1820	1819	0.0499644987285
1820	1821	0.0499644987285
1821	1820	0.0499644987285
1821	1822	0.0499644987285
1822	1821	0.0499644987285
1822	1823	0.0499644987285
1823	1822	0.0499644987285
1823	1824	0.0499644987285
1824	1823	0.0499644987285
1824	1825	0.0499644987285
1825	1824	0.0499644987285
1825	1826	0.0499644987285
1826	1825	0.0499644987285
1826	1827	0.0499644987285
1827	1826	0.0499644987285
1827	1828	0.0499644987285
1828	1827	0.0499644987285
1828	1829	0.0499644987285
1829	1828	0.0499644987285
1829	1830	0.0499644987285
1830	1829	0.0499644987285
1830	1831	0.0499644987285
1831	1830	0.0499644987285
1831	1832	0.0499644987285
1832	1831	0.0499644987285
1832	1833	0.0499644987285
1833	1832	0.0499644987285
1833	1834	0.0499644987285
1834	1833	0.0499644987285
1834	1835	0.0499644987285
1835	1834	0.0499644987285
1835	1836	0.0499644987285
1836	1835	0.0499644987285
1836	1837	0.0499644987285
1837	1836	0.0499644987285
1837	1838	0.0499644987285
1838	1837	0.0499644987285
1838	1839	0.0499644987285
1839	1838	0.0499644987285
1839	1840	0.0499644987285
1840	1839	0.0499644987285
1840	1841	0.0499644987285
1841	1840	0.0499644987285
1841	1842	0.0499644987285
1842	1841	0.0499644987285
1842	1843	0.0499644987285
1843	1842	0.0499644987285
1843	1844	0.0499644987285
1844	1843	0.0499644987285
1844	1845	0.0499644987285
1845	1844	0.0499644987285
1845	1846	0.0499644987285
1846	1845	0.0499644987285
1846	1847	0.0499644987285
1847	1846	0.0499644987285
1847	1848	0.0499644987285
1848	1847	0.0499644987285
1849	1724	0.0427279993892
1849	1850	0.0427279993892
1850	1849	0.0427279993892
1850	1851	0.0427279993892
1851	1850	0.0427279993892
1851	1852	0.0427279993892
1852	1851	0.0427279993892
1852	1853	0.0427279993892
1853	1852	0.0427279993892
1853	1854	0.0427279993892
1854	1853	0.0427279993892
1854	1855	0.0427279993892
1855	1854	0.0427279993892
1855	1856	0.0427279993892
1856	1855	0.0427279993892
1856	1857	0.0427279993892
1857	1856	0.0427279993892
1857	1858	0.0427279993892
1858	1857	0.0427279993892
1858	1859	0.0427279993892
1859	1858	0.0427279993892
1859	1860	0.0427279993892
1860	1859	0.0427279993892
1860	1861	0.0427279993892
1861	1860	0.0427279993892
1861	1862	0.0427279993892
1862	1861	0.0427279993892
1862	1863	0.0427279993892
1863	1862	0.0427279993892
1863	1864	0.0427279993892
1864	1863	0.0427279993892
1864	1865	0.0427279993892
1865	1864	0.0427279993892
1865	1866	0.0427279993892
1866	1865	0.0427279993892
1866	1867	0.0427279993892
1867	1866	0.0427279993892
1867	1868	0.0427279993892
1868	1867	0.0427279993892
1868	1869	0.0427279993892
1869	1868	0.0427279993892
1869	1870	0.0427279993892
1870	1869	0.0427279993892
1870	1871	0.0427279993892
1871	1870	0.0427279993892
1871	1872	0.0427279993892
1872	1871	0.0427279993892
1872	1873	0.0427279993892
1873	1872	0.0427279993892
1873	1874	0.0427279993892
1874	1873	0.0427279993892
1874	1875	0.0427279993892
1875	1874	0.0427279993892
1875	1876	0.0427279993892
1876	1875	0.0427279993892
1876	1877	0.0427279993892
1877	1876	0.0427279993892
1877	1878	0.0427279993892
1878	1877	0.0427279993892
1878	1879	0.0427279993892
1879	1878	0.0427279993892
1879	1880	0.0427279993892
1880	1879	0.0427279993892
1880	1881	0.0427279993892
1881	1880	0.0427279993892
1881	1882	0.0427279993892
1882	1881	0.0427279993892
1882	1883	0.0427279993892
1883	1882	0.0427279993892
1883	1884	0.0427279993892
1884	1883	0.0427279993892
1884	1885	0.0427279993892
1885	1884	0.0427279993892
1885	1886	0.0427279993892
1886	1885	0.0427279993892
1886	1887	0.0427279993892
1887	1886	0.0427279993892
1887	1888	0.0427279993892
1888	1887	0.0427279993892
1888	1889	0.0427279993892
1889	1888	0.0427279993892
1890	1697	0.037390999496
1890	1891	0.037390999496
1891	1890	0.037390999496
1891	1892	0.037390999496
1892	1891	0.037390999496
1892	1893	0.037390999496
1893	1892	0.037390999496
1893	1894	0.037390999496
1894	1893	0.037390999496
1894	1895	0.037390999496
1895	1894	0.037390999496
1895	1896	0.037390999496
1896	1895	0.037390999496
1896	1897	0.037390999496
1897	1896	0.037390999496
1897	1898	0.037390999496
1898	1897	0.037390999496
1898	1899	0.037390999496
1899	1898	0.037390999496
1899	1900	0.037390999496
1900	1899	0.037390999496
1900	1901	0.037390999496
1901	1900	0.037390999496
1901	1902	0.037390999496
1902	1901	0.037390999496
1902	1903	0.037390999496
1903	1902	0.037390999496
1903	1904	0.037390999496
1904	1903	0.037390999496
1904	1905	0.037390999496
1905	1904	0.037390999496
1905	1906	0.037390999496
1906	1905	0.037390999496
1906	1907	0.037390999496
1907	1906	0.037390999496
1907	1908	0.037390999496
1908	1907	0.037390999496
1908	1909	0.037390999496
1909	1908	0.037390999496
1909	1910	0.037390999496
1910	1909	0.037390999496
1910	1911	0.037390999496
1911	1910	0.037390999496
1911	1912	0.037390999496
1912	1911	0.037390999496
1912	1913	0.037390999496
1913	1912	0.037390999496
1913	1914	0.037390999496
1914	1913	0.037390999496
1914	1915	0.037390999496
1915	1914	0.037390999496
1915	1916	0.037390999496
1916	1915	0.037390999496
1916	1917	0.037390999496
1917	1916	0.037390999496
1917	1918	0.037390999496
1918	1917	0.037390999496
1918	1919	0.037390999496
1919	1918	0.037390999496
1919	1920	0.037390999496
1920	1919	0.037390999496
1920	1921	0.037390999496
1921	1920	0.037390999496
1922	1636	0.284680992365
1922	1923	0.284680992365
1923	1922	0.284680992365
1923	1924	0.284680992365
1924	1923	0.284680992365
1924	1925	0.284680992365
1925	1924	0.284680992365
1925	1926	0.284680992365
1926	1925	0.284680992365
1926	1927	0.284680992365
1927	1926	0.284680992365
1927	1928	0.284680992365
1928	1927	0.284680992365
1928	1929	0.284680992365
1929	1928	0.284680992365
1929	1930	0.284680992365
1930	1929	0.284680992365
1930	1931	0.284680992365
1931	1930	0.284680992365
1931	1932	0.284680992365
1932	1931	0.284680992365
1932	1933	0.28455299139
1932	10588	0.0314240008593
1933	1932	0.28455299139
1933	1934	0.28455299139
1934	1933	0.28455299139
1934	1935	0.28455299139
1935	1934	0.28455299139
1935	1936	0.28455299139
1936	1935	0.28455299139
1936	1937	0.28455299139
1937	1936	0.28455299139
1937	1938	0.28455299139
1938	1937	0.28455299139
1938	1939	0.28455299139
1939	1938	0.28455299139
1939	1940	0.28455299139
1940	1939	0.28455299139
1940	1941	0.28455299139
1941	1940	0.28455299139
1941	1942	0.28455299139
1942	1941	0.28455299139
1942	1943	0.28455299139
1943	1942	0.28455299139
1943	1944	0.281634509563
1943	10170	0.0888625010848
1944	1943	0.281634509563
1944	1945	0.281634509563
1945	1944	0.281634509563
1945	1946	0.281634509563
1946	1945	0.281634509563
1946	1947	0.281634509563
1947	1946	0.281634509563
1947	1948	0.281634509563
1948	1947	0.281634509563
1948	1949	0.281634509563
1949	1948	0.281634509563
1949	1950	0.281634509563
1950	1949	0.281634509563
1950	1951	0.281634509563
1951	1950	0.281634509563
1951	1952	0.281634509563
1952	1951	0.281634509563
1952	1953	0.281634509563
1953	1952	0.281634509563
1953	1954	0.281634509563
1954	1953	0.281634509563
1954	1955	0.281634509563
1955	1954	0.281634509563
1955	1956	0.281634509563
1956	1955	0.281634509563
1956	1957	0.281634509563
1957	1956	0.281634509563
1957	1958	0.281634509563
1958	1957	0.281634509563
1958	1959	0.281634509563
1959	1958	0.281634509563
1959	1960	0.281634509563
1960	1959	0.281634509563
1960	1961	0.281634509563
1961	1960	0.281634509563
1961	1962	0.281634509563
1962	1961	0.281634509563
1962	1963	0.281634509563
1963	1962	0.281634509563
1963	1964	0.281634509563
1964	1963	0.281634509563
1964	1965	0.281634509563
1965	1964	0.281634509563
1965	1966	0.281634509563
1966	1965	0.281634509563
1966	1967	0.162595003843
1966	3697	0.262268990278
1967	1966	0.162595003843
1967	1968	0.162595003843
1968	1967	0.162595003843
1968	1969	0.162595003843
1969	1968	0.162595003843
1969	1970	0.162595003843
1970	1969	0.162595003843
1970	1971	0.162595003843
1971	1970	0.162595003843
1971	1972	0.162595003843
1972	1971	0.162595003843
1972	1973	0.162595003843
1973	1972	0.162595003843
1973	1974	0.162595003843
1974	1973	0.162595003843
1974	1975	0.162595003843
1975	1974	0.162595003843
1975	1976	0.162595003843
1976	1975	0.162595003843
1976	1977	0.162595003843
1977	1976	0.162595003843
1977	1978	0.162595003843
1978	1977	0.162595003843
1978	1979	0.162595003843
1979	1978	0.162595003843
1979	1980	0.162595003843
1980	1979	0.162595003843
1980	1981	0.162595003843
1981	1980	0.162595003843
1981	1982	0.162595003843
1982	1981	0.162595003843
1982	1983	0.162595003843
1983	1982	0.162595003843
1983	1984	0.162595003843
1984	1983	0.162595003843
1984	1985	0.162595003843
1985	1984	0.162595003843
1985	1986	0.162595003843
1986	1985	0.162595003843
1986	1987	0.162595003843
1987	1986	0.162595003843
1987	1988	0.162595003843
1988	1987	0.162595003843
1988	1989	0.162595003843
1989	1988	0.162595003843
1989	1990	0.162595003843
1990	1989	0.162595003843
1990	1991	0.162595003843
1991	1990	0.162595003843
1991	1992	0.162595003843
1992	1991	0.162595003843
1992	1993	0.162595003843
1993	1992	0.162595003843
1993	1994	0.0330029986799
1993	2020	0.162140503526
1994	1993	0.0330029986799
1994	1995	0.0330029986799
1995	1994	0.0330029986799
1995	1996	0.0330029986799
1996	1995	0.0330029986799
1996	1997	0.0330029986799
1997	1996	0.0330029986799
1997	1998	0.0330029986799
1998	1997	0.0330029986799
1998	1999	0.0330029986799
1999	1998	0.0330029986799
1999	2000	0.0330029986799
2000	1999	0.0330029986799
2000	2001	0.0330029986799
2001	2000	0.0330029986799
2001	2002	0.0330029986799
2002	2001	0.0330029986799
2002	2003	0.0330029986799
2003	2002	0.0330029986799
2003	2004	0.0330029986799
2004	2003	0.0330029986799
2004	2005	0.0330029986799
2005	2004	0.0330029986799
2005	2006	0.0330029986799
2006	2005	0.0330029986799
2006	2007	0.0330029986799
2007	2006	0.0330029986799
2007	2008	0.0330029986799
2008	2007	0.0330029986799
2008	2009	0.0330029986799
2009	2008	0.0330029986799
2009	2010	0.0330029986799
2010	2009	0.0330029986799
2010	2011	0.0330029986799
2011	2010	0.0330029986799
2011	2012	0.0330029986799
2012	2011	0.0330029986799
2012	2013	0.0330029986799
2013	2012	0.0330029986799
2013	2014	0.0330029986799
2014	2013	0.0330029986799
2014	2015	0.0330029986799
2015	2014	0.0330029986799
2015	2016	0.0330029986799
2016	2015	0.0330029986799
2016	2017	0.0330029986799
2017	2016	0.0330029986799
2017	2018	0.0330029986799
2018	2017	0.0330029986799
2018	2019	0.0330029986799
2019	2018	0.0330029986799
2020	1993	0.162140503526
2020	2021	0.162140503526
2021	2020	0.162140503526
2021	2022	0.162140503526
2022	2021	0.162140503526
2022	2023	0.162140503526
2023	2022	0.162140503526
2023	2024	0.162140503526
2024	2023	0.162140503526
2024	2025	0.162140503526
2025	2024	0.162140503526
2025	2026	0.162140503526
2026	2025	0.162140503526
2026	2027	0.162140503526
2027	2026	0.162140503526
2027	2028	0.162140503526
2028	2027	0.162140503526
2028	2029	0.162140503526
2029	2028	0.162140503526
2029	2030	0.162140503526
2030	2029	0.162140503526
2030	2031	0.162140503526
2031	2030	0.162140503526
2031	2032	0.162140503526
2032	2031	0.162140503526
2032	2033	0.162140503526
2033	2032	0.162140503526
2033	2034	0.162140503526
2034	2033	0.162140503526
2034	2035	0.162140503526
2035	2034	0.162140503526
2035	2036	0.162140503526
2036	2035	0.162140503526
2036	2037	0.162140503526
2037	2036	0.162140503526
2037	2038	0.162140503526
2038	2037	0.162140503526
2038	2039	0.162140503526
2039	2038	0.162140503526
2039	2040	0.162140503526
2040	2039	0.162140503526
2040	2041	0.162140503526
2041	2040	0.162140503526
2041	2042	0.162140503526
2042	2041	0.162140503526
2042	2043	0.162140503526
2043	2042	0.162140503526
2043	2044	0.162140503526
2044	2043	0.162140503526
2044	2045	0.162140503526
2045	2044	0.162140503526
2045	2046	0.162140503526
2046	2045	0.162140503526
2046	2047	0.0248620007187
2046	2054	0.16194550693
2047	2046	0.0248620007187
2047	2048	0.0248620007187
2048	2047	0.0248620007187
2048	2049	0.0248620007187
2049	2048	0.0248620007187
2049	2050	0.0248620007187
2050	2049	0.0248620007187
2050	2051	0.0248620007187
2051	2050	0.0248620007187
2051	2052	0.0248620007187
2052	2051	0.0248620007187
2052	2053	0.0248620007187
2053	2052	0.0248620007187
2054	2046	0.16194550693
2054	2055	0.16194550693
2055	2054	0.16194550693
2055	2056	0.16194550693
2056	2055	0.16194550693
2056	2057	0.16194550693
2057	2056	0.16194550693
2057	2058	0.16194550693
2058	2057	0.16194550693
2058	2059	0.16194550693
2059	2058	0.16194550693
2059	2060	0.16194550693
2060	2059	0.16194550693
2060	2061	0.16194550693
2061	2060	0.16194550693
2061	2062	0.16194550693
2062	2061	0.16194550693
2062	2063	0.16194550693
2063	2062	0.16194550693
2063	2064	0.16194550693
2064	2063	0.16194550693
2064	2065	0.16194550693
2065	2064	0.16194550693
2065	2066	0.16194550693
2066	2065	0.16194550693
2066	2067	0.160624995828
2066	3633	0.0468864999712
2067	2066	0.160624995828
2067	2068	0.160624995828
2068	2067	0.160624995828
2068	2069	0.160624995828
2069	2068	0.160624995828
2069	2070	0.160624995828
2070	2069	0.160624995828
2070	2071	0.160624995828
2071	2070	0.160624995828
2071	2072	0.160624995828
2072	2071	0.160624995828
2072	2073	0.160624995828
2073	2072	0.160624995828
2073	2074	0.160624995828
2074	2073	0.160624995828
2074	2075	0.160624995828
2075	2074	0.160624995828
2075	2076	0.160624995828
2076	2075	0.160624995828
2076	2077	0.160624995828
2077	2076	0.160624995828
2077	2078	0.160624995828
2078	2077	0.160624995828
2078	2079	0.160624995828
2079	2078	0.160624995828
2079	2080	0.0291805006564
2079	2093	0.160302996635
2080	2079	0.0291805006564
2080	2081	0.0291805006564
2081	2080	0.0291805006564
2081	2082	0.0291805006564
2082	2081	0.0291805006564
2082	2083	0.0291805006564
2083	2082	0.0291805006564
2083	2084	0.0291805006564
2084	2083	0.0291805006564
2084	2085	0.0291805006564
2085	2084	0.0291805006564
2085	2086	0.0291805006564
2086	2085	0.0291805006564
2086	2087	0.0291805006564
2087	2086	0.0291805006564
2087	2088	0.0291805006564
2088	2087	0.0291805006564
2088	2089	0.0291805006564
2089	2088	0.0291805006564
2089	2090	0.0291805006564
2090	2089	0.0291805006564
2090	2091	0.0291805006564
2091	2090	0.0291805006564
2091	2092	0.0291805006564
2092	2091	0.0291805006564
2093	2079	0.160302996635
2093	2094	0.160302996635
2094	2093	0.160302996635
2094	2095	0.160302996635
2095	2094	0.160302996635
2095	2096	0.160302996635
2096	2095	0.160302996635
2096	2097	0.160302996635
2097	2096	0.160302996635
2097	2098	0.160302996635
2098	2097	0.160302996635
2098	2099	0.160302996635
2099	2098	0.160302996635
2099	2100	0.160302996635
2100	2099	0.160302996635
2100	2101	0.160302996635
2101	2100	0.160302996635
2101	2102	0.160302996635
2102	2101	0.160302996635
2102	2103	0.160302996635
2103	2102	0.160302996635
2103	2104	0.160302996635
2104	2103	0.160302996635
2104	2105	0.160302996635
2105	2104	0.160302996635
2105	2106	0.160302996635
2106	2105	0.160302996635
2106	2107	0.160302996635
2107	2106	0.160302996635
2107	2108	0.160302996635
2108	2107	0.160302996635
2108	2109	0.160302996635
2109	2108	0.160302996635
2109	2110	0.160302996635
2110	2109	0.160302996635
2110	2111	0.160302996635
2111	2110	0.160302996635
2111	2112	0.154765993357
2111	3431	0.0744265019894
2112	2111	0.154765993357
2112	2113	0.154765993357
2113	2112	0.154765993357
2113	2114	0.154765993357
2114	2113	0.154765993357
2114	2115	0.154765993357
2115	2114	0.154765993357
2115	2116	0.154765993357
2116	2115	0.154765993357
2116	2117	0.154765993357
2117	2116	0.154765993357
2117	2118	0.154765993357
2118	2117	0.154765993357
2118	2119	0.154765993357
2119	2118	0.154765993357
2119	2120	0.154765993357
2120	2119	0.154765993357
2120	2121	0.154765993357
2121	2120	0.154765993357
2121	2122	0.154765993357
2122	2121	0.154765993357
2122	2123	0.154765993357
2123	2122	0.154765993357
2123	2124	0.154765993357
2124	2123	0.154765993357
2124	2125	0.154765993357
2125	2124	0.154765993357
2125	2126	0.154765993357
2126	2125	0.154765993357
2126	2127	0.154765993357
2127	2126	0.154765993357
2127	2128	0.154765993357
2128	2127	0.154765993357
2128	2129	0.154765993357
2129	2128	0.154765993357
2129	2130	0.154765993357
2130	2129	0.154765993357
2130	2131	0.154765993357
2131	2130	0.154765993357
2131	2132	0.154765993357
2132	2131	0.154765993357
2132	2133	0.154765993357
2133	2132	0.154765993357
2133	2134	0.154765993357
2134	2133	0.154765993357
2134	2135	0.154765993357
2135	2134	0.154765993357
2135	2136	0.154765993357
2136	2135	0.154765993357
2136	2137	0.154765993357
2137	2136	0.154765993357
2137	2138	0.154765993357
2138	2137	0.154765993357
2138	2139	0.154765993357
2139	2138	0.154765993357
2139	2140	0.154765993357
2140	2139	0.154765993357
2140	2141	0.154765993357
2141	2140	0.154765993357
2141	2142	0.154765993357
2142	2141	0.154765993357
2142	2143	0.0701794996858
2142	2297	0.149798497558
2143	2142	0.0701794996858
2143	2144	0.0701794996858
2144	2143	0.0701794996858
2144	2145	0.0701794996858
2145	2144	0.0701794996858
2145	2146	0.0701794996858
2146	2145	0.0701794996858
2146	2147	0.0701794996858
2147	2146	0.0701794996858
2147	2148	0.0701794996858
2148	2147	0.0701794996858
2148	2149	0.0701794996858
2149	2148	0.0701794996858
2149	2150	0.0701794996858
2150	2149	0.0701794996858
2150	2151	0.0701794996858
2151	2150	0.0701794996858
2151	2152	0.0701794996858
2152	2151	0.0701794996858
2152	2153	0.0701794996858
2153	2152	0.0701794996858
2153	2154	0.0701794996858
2154	2153	0.0701794996858
2154	2155	0.0701794996858
2155	2154	0.0701794996858
2155	2156	0.0701794996858
2156	2155	0.0701794996858
2156	2157	0.0701794996858
2157	2156	0.0701794996858
2157	2158	0.0701794996858
2158	2157	0.0701794996858
2158	2159	0.0701794996858
2159	2158	0.0701794996858
2159	2160	0.0701794996858
2160	2159	0.0701794996858
2160	2161	0.0701794996858
2161	2160	0.0701794996858
2161	2162	0.0701794996858
2162	2161	0.0701794996858
2162	2163	0.0701794996858
2163	2162	0.0701794996858
2163	2164	0.0701794996858
2164	2163	0.0701794996858
2164	2165	0.0701794996858
2165	2164	0.0701794996858
2165	2166	0.0701794996858
2166	2165	0.0701794996858
2166	2167	0.0701794996858
2167	2166	0.0701794996858
2167	2168	0.0701794996858
2168	2167	0.0701794996858
2168	2169	0.0701794996858
2169	2168	0.0701794996858
2169	2170	0.0701794996858
2170	2169	0.0701794996858
2170	2171	0.0701794996858
2171	2170	0.0701794996858
2171	2172	0.0701794996858
2172	2171	0.0701794996858
2172	2173	0.0701794996858
2173	2172	0.0701794996858
2173	2174	0.0701794996858
2174	2173	0.0701794996858
2174	2175	0.0701794996858
2175	2174	0.0701794996858
2175	2176	0.0682834982872
2175	2289	0.0300974994898
2176	2175	0.0682834982872
2176	2177	0.0682834982872
2177	2176	0.0682834982872
2177	2178	0.0682834982872
2178	2177	0.0682834982872
2178	2179	0.0682834982872
2179	2178	0.0682834982872
2179	2180	0.0682834982872
2180	2179	0.0682834982872
2180	2181	0.0682834982872
2181	2180	0.0682834982872
2181	2182	0.0682834982872
2182	2181	0.0682834982872
2182	2183	0.0682834982872
2183	2182	0.0682834982872
2183	2184	0.0682834982872
2184	2183	0.0682834982872
2184	2185	0.0682834982872
2185	2184	0.0682834982872
2185	2186	0.0682834982872
2186	2185	0.0682834982872
2186	2187	0.0682834982872
2187	2186	0.0682834982872
2187	2188	0.0682834982872
2188	2187	0.0682834982872
2188	2189	0.0682834982872
2189	2188	0.0682834982872
2189	2190	0.0682834982872
2190	2189	0.0682834982872
2190	2191	0.0682834982872
2191	2190	0.0682834982872
2191	2192	0.0682834982872
2192	2191	0.0682834982872
2192	2193	0.0682834982872
2193	2192	0.0682834982872
2193	2194	0.0682834982872
2194	2193	0.0682834982872
2194	2195	0.0682834982872
2195	2194	0.0682834982872
2195	2196	0.0682834982872
2196	2195	0.0682834982872
2196	2197	0.0412830002606
2196	2218	0.0628295019269
2197	2196	0.0412830002606
2197	2198	0.0412830002606
2198	2197	0.0412830002606
2198	2199	0.0412830002606
2199	2198	0.0412830002606
2199	2200	0.0412830002606
2200	2199	0.0412830002606
2200	2201	0.0412830002606
2201	2200	0.0412830002606
2201	2202	0.0412830002606
2202	2201	0.0412830002606
2202	2203	0.0412830002606
2203	2202	0.0412830002606
2203	2204	0.0412830002606
2204	2203	0.0412830002606
2204	2205	0.0412830002606
2205	2204	0.0412830002606
2205	2206	0.0412830002606
2206	2205	0.0412830002606
2206	2207	0.0412830002606
2207	2206	0.0412830002606
2207	2208	0.0412830002606
2208	2207	0.0412830002606
2208	2209	0.0412830002606
2209	2208	0.0412830002606
2209	2210	0.0412830002606
2210	2209	0.0412830002606
2210	2211	0.0412830002606
2211	2210	0.0412830002606
2211	2212	0.0412830002606
2212	2211	0.0412830002606
2212	2213	0.0412830002606
2213	2212	0.0412830002606
2213	2214	0.0412830002606
2214	2213	0.0412830002606
2214	2215	0.0412830002606
2215	2214	0.0412830002606
2215	2216	0.0412830002606
2216	2215	0.0412830002606
2216	2217	0.0412830002606
2217	2216	0.0412830002606
2218	2196	0.0628295019269
2218	2219	0.0628295019269
2219	2218	0.0628295019269
2219	2220	0.0628295019269
2220	2219	0.0628295019269
2220	2221	0.0628295019269
2221	2220	0.0628295019269
2221	2222	0.0628295019269
2222	2221	0.0628295019269
2222	2223	0.0628295019269
2223	2222	0.0628295019269
2223	2224	0.0628295019269
2224	2223	0.0628295019269
2224	2225	0.0628295019269
2225	2224	0.0628295019269
2225	2226	0.0628295019269
2226	2225	0.0628295019269
2226	2227	0.0628295019269
2227	2226	0.0628295019269
2227	2228	0.0628295019269
2228	2227	0.0628295019269
2228	2229	0.0628295019269
2229	2228	0.0628295019269
2229	2230	0.0628295019269
2230	2229	0.0628295019269
2230	2231	0.0628295019269
2231	2230	0.0628295019269
2231	2232	0.0628295019269
2232	2231	0.0628295019269
2232	2233	0.0628295019269
2233	2232	0.0628295019269
2233	2234	0.0628295019269
2234	2233	0.0628295019269
2234	2235	0.0628295019269
2235	2234	0.0628295019269
2235	2236	0.0628295019269
2236	2235	0.0628295019269
2236	2237	0.0628295019269
2237	2236	0.0628295019269
2237	2238	0.0628295019269
2238	2237	0.0628295019269
2238	2239	0.0628295019269
2239	2238	0.0628295019269
2239	2240	0.0628295019269
2240	2239	0.0628295019269
2240	2241	0.0628295019269
2241	2240	0.0628295019269
2241	2242	0.0628295019269
2242	2241	0.0628295019269
2242	2243	0.0628295019269
2243	2242	0.0628295019269
2243	2244	0.0628295019269
2244	2243	0.0628295019269
2244	2245	0.0628295019269
2245	2244	0.0628295019269
2245	2246	0.0628295019269
2246	2245	0.0628295019269
2246	2247	0.0628295019269
2247	2246	0.0628295019269
2247	2248	0.0628295019269
2248	2247	0.0628295019269
2248	2249	0.0628295019269
2249	2248	0.0628295019269
2249	2250	0.0628295019269
2250	2249	0.0628295019269
2250	2251	0.03963400051
2250	2258	0.0570584982634
2251	2250	0.03963400051
2251	2252	0.03963400051
2252	2251	0.03963400051
2252	2253	0.03963400051
2253	2252	0.03963400051
2253	2254	0.03963400051
2254	2253	0.03963400051
2254	2255	0.03963400051
2255	2254	0.03963400051
2255	2256	0.03963400051
2256	2255	0.03963400051
2256	2257	0.03963400051
2257	2256	0.03963400051
2258	2250	0.0570584982634
2258	2259	0.0570584982634
2259	2258	0.0570584982634
2259	2260	0.0570584982634
2260	2259	0.0570584982634
2260	2261	0.0570584982634
2261	2260	0.0570584982634
2261	2262	0.0570584982634
2262	2261	0.0570584982634
2262	2263	0.0570584982634
2263	2262	0.0570584982634
2263	2264	0.0570584982634
2264	2263	0.0570584982634
2264	2265	0.0570584982634
2265	2264	0.0570584982634
2265	2266	0.0570584982634
2266	2265	0.0570584982634
2266	2267	0.0570584982634
2267	2266	0.0570584982634
2267	2268	0.0570584982634
2268	2267	0.0570584982634
2268	2269	0.0570584982634
2269	2268	0.0570584982634
2269	2270	0.0570584982634
2270	2269	0.0570584982634
2270	2271	0.0570584982634
2271	2270	0.0570584982634
2271	2272	0.0570584982634
2272	2271	0.0570584982634
2272	2273	0.0570584982634
2273	2272	0.0570584982634
2273	2274	0.0570584982634
2274	2273	0.0570584982634
2274	2275	0.0570584982634
2275	2274	0.0570584982634
2275	2276	0.0570584982634
2276	2275	0.0570584982634
2276	2277	0.0570584982634
2277	2276	0.0570584982634
2277	2278	0.0570584982634
2278	2277	0.0570584982634
2278	2279	0.0570584982634
2279	2278	0.0570584982634
2279	2280	0.0570584982634
2280	2279	0.0570584982634
2280	2281	0.0570584982634
2281	2280	0.0570584982634
2281	2282	0.0570584982634
2282	2281	0.0570584982634
2282	2283	0.0570584982634
2283	2282	0.0570584982634
2283	2284	0.0570584982634
2284	2283	0.0570584982634
2284	2285	0.0570584982634
2285	2284	0.0570584982634
2285	2286	0.0570584982634
2286	2285	0.0570584982634
2286	2287	0.0570584982634
2287	2286	0.0570584982634
2287	2288	0.0570584982634
2288	2287	0.0570584982634
2289	2175	0.0300974994898
2289	2290	0.0300974994898
2290	2289	0.0300974994898
2290	2291	0.0300974994898
2291	2290	0.0300974994898
2291	2292	0.0300974994898
2292	2291	0.0300974994898
2292	2293	0.0300974994898
2293	2292	0.0300974994898
2293	2294	0.0300974994898
2294	2293	0.0300974994898
2294	2295	0.0300974994898
2295	2294	0.0300974994898
2295	2296	0.0300974994898
2296	2295	0.0300974994898
2297	2142	0.149798497558
2297	2298	0.149798497558
2298	2297	0.149798497558
2298	2299	0.149798497558
2299	2298	0.149798497558
2299	2300	0.149798497558
2300	2299	0.149798497558
2300	2301	0.149798497558
2301	2300	0.149798497558
2301	2302	0.149798497558
2302	2301	0.149798497558
2302	2303	0.148185998201
2302	3380	0.0475330017507
2303	2302	0.148185998201
2303	2304	0.148185998201
2304	2303	0.148185998201
2304	2305	0.148185998201
2305	2304	0.148185998201
2305	2306	0.0394469983876
2305	2343	0.147247999907
2306	2305	0.0394469983876
2306	2307	0.0394469983876
2307	2306	0.0394469983876
2307	2308	0.0394469983876
2308	2307	0.0394469983876
2308	2309	0.0394469983876
2309	2308	0.0394469983876
2309	2310	0.0394469983876
2310	2309	0.0394469983876
2310	2311	0.0394469983876
2311	2310	0.0394469983876
2311	2312	0.0394469983876
2312	2311	0.0394469983876
2312	2313	0.0394469983876
2313	2312	0.0394469983876
2313	2314	0.0394469983876
2314	2313	0.0394469983876
2314	2315	0.0394469983876
2315	2314	0.0394469983876
2315	2316	0.0394469983876
2316	2315	0.0394469983876
2316	2317	0.0394469983876
2317	2316	0.0394469983876
2317	2318	0.0394469983876
2318	2317	0.0394469983876
2318	2319	0.0394469983876
2319	2318	0.0394469983876
2319	2320	0.0394469983876
2320	2319	0.0394469983876
2320	2321	0.0394469983876
2321	2320	0.0394469983876
2321	2322	0.0394469983876
2322	2321	0.0394469983876
2322	2323	0.0394469983876
2323	2322	0.0394469983876
2323	2324	0.0394469983876
2324	2323	0.0394469983876
2324	2325	0.0394469983876
2325	2324	0.0394469983876
2325	2326	0.0394469983876
2326	2325	0.0394469983876
2326	2327	0.0394469983876
2327	2326	0.0394469983876
2327	2328	0.0394469983876
2328	2327	0.0394469983876
2328	2329	0.0394469983876
2329	2328	0.0394469983876
2329	2330	0.0394469983876
2330	2329	0.0394469983876
2330	2331	0.0394469983876
2331	2330	0.0394469983876
2331	2332	0.0394469983876
2332	2331	0.0394469983876
2332	2333	0.0394469983876
2333	2332	0.0394469983876
2333	2334	0.0394469983876
2334	2333	0.0394469983876
2334	2335	0.0394469983876
2335	2334	0.0394469983876
2335	2336	0.0394469983876
2336	2335	0.0394469983876
2336	2337	0.0394469983876
2337	2336	0.0394469983876
2337	2338	0.0394469983876
2338	2337	0.0394469983876
2338	2339	0.0394469983876
2339	2338	0.0394469983876
2339	2340	0.0394469983876
2340	2339	0.0394469983876
2340	2341	0.0394469983876
2341	2340	0.0394469983876
2341	2342	0.0394469983876
2342	2341	0.0394469983876
2343	2305	0.147247999907
2343	2344	0.147247999907
2344	2343	0.147247999907
2344	2345	0.147247999907
2345	2344	0.147247999907
2345	2346	0.146738499403
2345	3364	0.0320839993656
2346	2345	0.146738499403
2346	2347	0.146738499403
2347	2346	0.146738499403
2347	2348	0.146738499403
2348	2347	0.146738499403
2348	2349	0.146738499403
2349	2348	0.146738499403
2349	2350	0.146738499403
2350	2349	0.146738499403
2350	2351	0.146738499403
2351	2350	0.146738499403
2351	2352	0.146738499403
2352	2351	0.146738499403
2352	2353	0.146738499403
2353	2352	0.146738499403
2353	2354	0.146738499403
2354	2353	0.146738499403
2354	2355	0.146738499403
2355	2354	0.146738499403
2355	2356	0.146738499403
2356	2355	0.146738499403
2356	2357	0.146738499403
2357	2356	0.146738499403
2357	2358	0.146738499403
2358	2357	0.146738499403
2358	2359	0.146738499403
2359	2358	0.146738499403
2359	2360	0.146738499403
2360	2359	0.146738499403
2360	2361	0.146738499403
2361	2360	0.146738499403
2361	2362	0.146738499403
2362	2361	0.146738499403
2362	2363	0.146738499403
2363	2362	0.146738499403
2363	2364	0.146738499403
2364	2363	0.146738499403
2364	2365	0.146738499403
2365	2364	0.146738499403
2365	2366	0.146738499403
2366	2365	0.146738499403
2366	2367	0.146738499403
2367	2366	0.146738499403
2367	2368	0.146738499403
2368	2367	0.146738499403
2368	2369	0.146738499403
2369	2368	0.146738499403
2369	2370	0.146738499403
2370	2369	0.146738499403
2370	2371	0.146738499403
2371	2370	0.146738499403
2371	2372	0.146738499403
2372	2371	0.146738499403
2372	2373	0.146738499403
2373	2372	0.146738499403
2373	2374	0.146738499403
2374	2373	0.146738499403
2374	2375	0.146738499403
2375	2374	0.146738499403
2375	2376	0.146738499403
2376	2375	0.146738499403
2376	2377	0.146738499403
2377	2376	0.146738499403
2377	2378	0.146738499403
2378	2377	0.146738499403
2378	2379	0.146738499403
2379	2378	0.146738499403
2379	2380	0.146738499403
2380	2379	0.146738499403
2380	2381	0.146738499403
2381	2380	0.146738499403
2381	2382	0.146738499403
2382	2381	0.146738499403
2382	2383	0.146738499403
2383	2382	0.146738499403
2383	2384	0.146738499403
2384	2383	0.146738499403
2384	2385	0.146738499403
2385	2384	0.146738499403
2385	2386	0.146738499403
2386	2385	0.146738499403
2386	2387	0.146738499403
2387	2386	0.146738499403
2387	2388	0.146738499403
2388	2387	0.146738499403
2388	2389	0.146738499403
2389	2388	0.146738499403
2389	2390	0.146738499403
2390	2389	0.146738499403
2390	2391	0.146738499403
2391	2390	0.146738499403
2391	2392	0.146738499403
2392	2391	0.146738499403
2392	2393	0.146738499403
2393	2392	0.146738499403
2393	2394	0.146738499403
2394	2393	0.146738499403
2394	2395	0.146738499403
2395	2394	0.146738499403
2395	2396	0.146738499403
2396	2395	0.146738499403
2396	2397	0.146738499403
2397	2396	0.146738499403
2397	2398	0.146738499403
2398	2397	0.146738499403
2398	2399	0.146738499403
2399	2398	0.146738499403
2399	2400	0.146738499403
2400	2399	0.146738499403
2400	2401	0.0615100003779
2400	2498	0.143043503165
2401	2400	0.0615100003779
2401	2402	0.0615100003779
2402	2401	0.0615100003779
2402	2403	0.0615100003779
2403	2402	0.0615100003779
2403	2404	0.0615100003779
2404	2403	0.0615100003779
2404	2405	0.0615100003779
2405	2404	0.0615100003779
2405	2406	0.0615100003779
2406	2405	0.0615100003779
2406	2407	0.0615100003779
2407	2406	0.0615100003779
2407	2408	0.0615100003779
2408	2407	0.0615100003779
2408	2409	0.0615100003779
2409	2408	0.0615100003779
2409	2410	0.0615100003779
2410	2409	0.0615100003779
2410	2411	0.0615100003779
2411	2410	0.0615100003779
2411	2412	0.0615100003779
2412	2411	0.0615100003779
2412	2413	0.0615100003779
2413	2412	0.0615100003779
2413	2414	0.0615100003779
2414	2413	0.0615100003779
2414	2415	0.0615100003779
2415	2414	0.0615100003779
2415	2416	0.0550829991698
2415	2476	0.0403290018439
2416	2415	0.0550829991698
2416	2417	0.0550829991698
2417	2416	0.0550829991698
2417	2418	0.0550829991698
2418	2417	0.0550829991698
2418	2419	0.0550829991698
2419	2418	0.0550829991698
2419	2420	0.0550829991698
2420	2419	0.0550829991698
2420	2421	0.0550829991698
2421	2420	0.0550829991698
2421	2422	0.0550829991698
2422	2421	0.0550829991698
2422	2423	0.0509884990752
2422	2469	0.0325765013695
2423	2422	0.0509884990752
2423	2424	0.0509884990752
2424	2423	0.0509884990752
2424	2425	0.0509884990752
2425	2424	0.0509884990752
2425	2426	0.0509884990752
2426	2425	0.0509884990752
2426	2427	0.0509884990752
2427	2426	0.0509884990752
2427	2428	0.0509884990752
2428	2427	0.0509884990752
2428	2429	0.0509884990752
2429	2428	0.0509884990752
2429	2430	0.0509884990752
2430	2429	0.0509884990752
2430	2431	0.0509884990752
2431	2430	0.0509884990752
2431	2432	0.0509884990752
2432	2431	0.0509884990752
2432	2433	0.0509884990752
2433	2432	0.0509884990752
2433	2434	0.0509884990752
2434	2433	0.0509884990752
2434	2435	0.0509884990752
2435	2434	0.0509884990752
2435	2436	0.0509884990752
2436	2435	0.0509884990752
2436	2437	0.0509884990752
2437	2436	0.0509884990752
2437	2438	0.0509884990752
2438	2437	0.0509884990752
2438	2439	0.0509884990752
2439	2438	0.0509884990752
2439	2440	0.0509884990752
2440	2439	0.0509884990752
2440	2441	0.0509884990752
2441	2440	0.0509884990752
2441	2442	0.0509884990752
2442	2441	0.0509884990752
2442	2443	0.0509884990752
2443	2442	0.0509884990752
2443	2444	0.0509884990752
2444	2443	0.0509884990752
2444	2445	0.0509884990752
2445	2444	0.0509884990752
2445	2446	0.0509884990752
2446	2445	0.0509884990752
2446	2447	0.0509884990752
2447	2446	0.0509884990752
2447	2448	0.0509884990752
2448	2447	0.0509884990752
2448	2449	0.0509884990752
2449	2448	0.0509884990752
2449	2450	0.0509884990752
2450	2449	0.0509884990752
2450	2451	0.0509884990752
2451	2450	0.0509884990752
2451	2452	0.0509884990752
2452	2451	0.0509884990752
2452	2453	0.0509884990752
2453	2452	0.0509884990752
2453	2454	0.0509884990752
2454	2453	0.0509884990752
2454	2455	0.0509884990752
2455	2454	0.0509884990752
2455	2456	0.0509884990752
2456	2455	0.0509884990752
2456	2457	0.0509884990752
2457	2456	0.0509884990752
2457	2458	0.0509884990752
2458	2457	0.0509884990752
2458	2459	0.0509884990752
2459	2458	0.0509884990752
2459	2460	0.0509884990752
2460	2459	0.0509884990752
2460	2461	0.0509884990752
2461	2460	0.0509884990752
2461	2462	0.0509884990752
2462	2461	0.0509884990752
2462	2463	0.0509884990752
2463	2462	0.0509884990752
2463	2464	0.0509884990752
2464	2463	0.0509884990752
2464	2465	0.0509884990752
2465	2464	0.0509884990752
2465	2466	0.0509884990752
2466	2465	0.0509884990752
2466	2467	0.0509884990752
2467	2466	0.0509884990752
2467	2468	0.0509884990752
2468	2467	0.0509884990752
2469	2422	0.0325765013695
2469	2470	0.0325765013695
2470	2469	0.0325765013695
2470	2471	0.0325765013695
2471	2470	0.0325765013695
2471	2472	0.0325765013695
2472	2471	0.0325765013695
2472	2473	0.0325765013695
2473	2472	0.0325765013695
2473	2474	0.0325765013695
2474	2473	0.0325765013695
2474	2475	0.0325765013695
2475	2474	0.0325765013695
2476	2415	0.0403290018439
2476	2477	0.0403290018439
2477	2476	0.0403290018439
2477	2478	0.0403290018439
2478	2477	0.0403290018439
2478	2479	0.0403290018439
2479	2478	0.0403290018439
2479	2480	0.0403290018439
2480	2479	0.0403290018439
2480	2481	0.0403290018439
2481	2480	0.0403290018439
2481	2482	0.0403290018439
2482	2481	0.0403290018439
2482	2483	0.0403290018439
2483	2482	0.0403290018439
2483	2484	0.0403290018439
2484	2483	0.0403290018439
2484	2485	0.0403290018439
2485	2484	0.0403290018439
2485	2486	0.0403290018439
2486	2485	0.0403290018439
2486	2487	0.0403290018439
2487	2486	0.0403290018439
2487	2488	0.0403290018439
2488	2487	0.0403290018439
2488	2489	0.0403290018439
2489	2488	0.0403290018439
2489	2490	0.0403290018439
2490	2489	0.0403290018439
2490	2491	0.0403290018439
2491	2490	0.0403290018439
2491	2492	0.0403290018439
2492	2491	0.0403290018439
2492	2493	0.0403290018439
2493	2492	0.0403290018439
2493	2494	0.0403290018439
2494	2493	0.0403290018439
2494	2495	0.0403290018439
2495	2494	0.0403290018439
2495	2496	0.0403290018439
2496	2495	0.0403290018439
2496	2497	0.0403290018439
2497	2496	0.0403290018439
2498	2400	0.143043503165
2498	2499	0.143043503165
2499	2498	0.143043503165
2499	2500	0.143043503165
2500	2499	0.143043503165
2500	2501	0.143043503165
2501	2500	0.143043503165
2501	2502	0.143043503165
2502	2501	0.143043503165
2502	2503	0.143043503165
2503	2502	0.143043503165
2503	2504	0.143043503165
2504	2503	0.143043503165
2504	2505	0.143043503165
2505	2504	0.143043503165
2505	2506	0.143043503165
2506	2505	0.143043503165
2506	2507	0.143043503165
2507	2506	0.143043503165
2507	2508	0.14082249999
2507	3312	0.0512019991875
2508	2507	0.14082249999
2508	2509	0.14082249999
2509	2508	0.14082249999
2509	2510	0.14082249999
2510	2509	0.14082249999
2510	2511	0.14082249999
2511	2510	0.14082249999
2511	2512	0.14082249999
2512	2511	0.14082249999
2512	2513	0.14082249999
2513	2512	0.14082249999
2513	2514	0.14082249999
2514	2513	0.14082249999
2514	2515	0.14082249999
2515	2514	0.14082249999
2515	2516	0.14082249999
2516	2515	0.14082249999
2516	2517	0.14082249999
2517	2516	0.14082249999
2517	2518	0.14019100368
2517	3299	0.0334470011294
2518	2517	0.14019100368
2518	2519	0.14019100368
2519	2518	0.14019100368
2519	2520	0.14019100368
2520	2519	0.14019100368
2520	2521	0.127573996782
2520	3096	0.0878914967179
2521	2520	0.127573996782
2521	2522	0.127573996782
2522	2521	0.127573996782
2522	2523	0.127573996782
2523	2522	0.127573996782
2523	2524	0.127573996782
2524	2523	0.127573996782
2524	2525	0.127573996782
2525	2524	0.127573996782
2525	2526	0.127573996782
2526	2525	0.127573996782
2526	2527	0.127573996782
2527	2526	0.127573996782
2527	2528	0.127573996782
2528	2527	0.127573996782
2528	2529	0.127573996782
2529	2528	0.127573996782
2529	2530	0.127573996782
2530	2529	0.127573996782
2530	2531	0.127573996782
2531	2530	0.127573996782
2531	2532	0.127573996782
2532	2531	0.127573996782
2532	2533	0.127573996782
2533	2532	0.127573996782
2533	2534	0.127573996782
2534	2533	0.127573996782
2534	2535	0.127573996782
2535	2534	0.127573996782
2535	2536	0.127573996782
2536	2535	0.127573996782
2536	2537	0.127573996782
2537	2536	0.127573996782
2537	2538	0.127573996782
2538	2537	0.127573996782
2538	2539	0.127573996782
2539	2538	0.127573996782
2539	2540	0.127573996782
2540	2539	0.127573996782
2540	2541	0.127573996782
2541	2540	0.127573996782
2541	2542	0.127573996782
2542	2541	0.127573996782
2542	2543	0.127573996782
2543	2542	0.127573996782
2543	2544	0.127573996782
2544	2543	0.127573996782
2544	2545	0.127573996782
2545	2544	0.127573996782
2545	2546	0.127573996782
2546	2545	0.127573996782
2546	2547	0.127573996782
2547	2546	0.127573996782
2547	2548	0.127573996782
2548	2547	0.127573996782
2548	2549	0.127573996782
2549	2548	0.127573996782
2549	2550	0.127573996782
2550	2549	0.127573996782
2550	2551	0.127573996782
2551	2550	0.127573996782
2551	2552	0.127573996782
2552	2551	0.127573996782
2552	2553	0.127573996782
2553	2552	0.127573996782
2553	2554	0.127573996782
2554	2553	0.127573996782
2554	2555	0.127573996782
2555	2554	0.127573996782
2555	2556	0.127573996782
2556	2555	0.127573996782
2556	2557	0.127573996782
2557	2556	0.127573996782
2557	2558	0.127573996782
2558	2557	0.127573996782
2558	2559	0.0582999996841
2558	2627	0.123378999531
2559	2558	0.0582999996841
2559	2560	0.0582999996841
2560	2559	0.0582999996841
2560	2561	0.0582999996841
2561	2560	0.0582999996841
2561	2562	0.0582999996841
2562	2561	0.0582999996841
2562	2563	0.0582999996841
2563	2562	0.0582999996841
2563	2564	0.0582999996841
2564	2563	0.0582999996841
2564	2565	0.0582999996841
2565	2564	0.0582999996841
2565	2566	0.0582999996841
2566	2565	0.0582999996841
2566	2567	0.0582999996841
2567	2566	0.0582999996841
2567	2568	0.0582999996841
2568	2567	0.0582999996841
2568	2569	0.0582999996841
2569	2568	0.0582999996841
2569	2570	0.0582999996841
2570	2569	0.0582999996841
2570	2571	0.0582999996841
2571	2570	0.0582999996841
2571	2572	0.0582999996841
2572	2571	0.0582999996841
2572	2573	0.0582999996841
2573	2572	0.0582999996841
2573	2574	0.0582999996841
2574	2573	0.0582999996841
2574	2575	0.0582999996841
2575	2574	0.0582999996841
2575	2576	0.0582999996841
2576	2575	0.0582999996841
2576	2577	0.0582999996841
2577	2576	0.0582999996841
2577	2578	0.0534659996629
2577	2619	0.0356524996459
2578	2577	0.0534659996629
2578	2579	0.0534659996629
2579	2578	0.0534659996629
2579	2580	0.0534659996629
2580	2579	0.0534659996629
2580	2581	0.0534659996629
2581	2580	0.0534659996629
2581	2582	0.0534659996629
2582	2581	0.0534659996629
2582	2583	0.0534659996629
2583	2582	0.0534659996629
2583	2584	0.0534659996629
2584	2583	0.0534659996629
2584	2585	0.0534659996629
2585	2584	0.0534659996629
2585	2586	0.0534659996629
2586	2585	0.0534659996629
2586	2587	0.0534659996629
2587	2586	0.0534659996629
2587	2588	0.0534659996629
2588	2587	0.0534659996629
2588	2589	0.0534659996629
2589	2588	0.0534659996629
2589	2590	0.0534659996629
2590	2589	0.0534659996629
2590	2591	0.0534659996629
2591	2590	0.0534659996629
2591	2592	0.0534659996629
2592	2591	0.0534659996629
2592	2593	0.0534659996629
2593	2592	0.0534659996629
2593	2594	0.0534659996629
2594	2593	0.0534659996629
2594	2595	0.0534659996629
2595	2594	0.0534659996629
2595	2596	0.0534659996629
2596	2595	0.0534659996629
2596	2597	0.0534659996629
2597	2596	0.0534659996629
2597	2598	0.0534659996629
2598	2597	0.0534659996629
2598	2599	0.0534659996629
2599	2598	0.0534659996629
2599	2600	0.0534659996629
2600	2599	0.0534659996629
2600	2601	0.0534659996629
2601	2600	0.0534659996629
2601	2602	0.0534659996629
2602	2601	0.0534659996629
2602	2603	0.0534659996629
2603	2602	0.0534659996629
2603	2604	0.0534659996629
2604	2603	0.0534659996629
2604	2605	0.0534659996629
2605	2604	0.0534659996629
2605	2606	0.0534659996629
2606	2605	0.0534659996629
2606	2607	0.0534659996629
2607	2606	0.0534659996629
2607	2608	0.0534659996629
2608	2607	0.0534659996629
2608	2609	0.0534659996629
2609	2608	0.0534659996629
2609	2610	0.0534659996629
2610	2609	0.0534659996629
2610	2611	0.0534659996629
2611	2610	0.0534659996629
2611	2612	0.0534659996629
2612	2611	0.0534659996629
2612	2613	0.0534659996629
2613	2612	0.0534659996629
2613	2614	0.0534659996629
2614	2613	0.0534659996629
2614	2615	0.0534659996629
2615	2614	0.0534659996629
2615	2616	0.0534659996629
2616	2615	0.0534659996629
2616	2617	0.0534659996629
2617	2616	0.0534659996629
2617	2618	0.0534659996629
2618	2617	0.0534659996629
2619	2577	0.0356524996459
2619	2620	0.0356524996459
2620	2619	0.0356524996459
2620	2621	0.0356524996459
2621	2620	0.0356524996459
2621	2622	0.0356524996459
2622	2621	0.0356524996459
2622	2623	0.0356524996459
2623	2622	0.0356524996459
2623	2624	0.0356524996459
2624	2623	0.0356524996459
2624	2625	0.0356524996459
2625	2624	0.0356524996459
2625	2626	0.0356524996459
2626	2625	0.0356524996459
2627	2558	0.123378999531
2627	2628	0.123378999531
2628	2627	0.123378999531
2628	2629	0.123378999531
2629	2628	0.123378999531
2629	2630	0.123378999531
2630	2629	0.123378999531
2630	2631	0.123378999531
2631	2630	0.123378999531
2631	2632	0.123378999531
2632	2631	0.123378999531
2632	2633	0.123378999531
2633	2632	0.123378999531
2633	2634	0.123378999531
2634	2633	0.123378999531
2634	2635	0.123378999531
2635	2634	0.123378999531
2635	2636	0.123378999531
2636	2635	0.123378999531
2636	2637	0.123378999531
2637	2636	0.123378999531
2637	2638	0.123378999531
2638	2637	0.123378999531
2638	2639	0.123378999531
2639	2638	0.123378999531
2639	2640	0.123378999531
2640	2639	0.123378999531
2640	2641	0.123378999531
2641	2640	0.123378999531
2641	2642	0.123378999531
2642	2641	0.123378999531
2642	2643	0.123378999531
2643	2642	0.123378999531
2643	2644	0.123378999531
2644	2643	0.123378999531
2644	2645	0.123378999531
2645	2644	0.123378999531
2645	2646	0.118985496461
2645	3039	0.0578479990363
2646	2645	0.118985496461
2646	2647	0.118985496461
2647	2646	0.118985496461
2647	2648	0.118985496461
2648	2647	0.118985496461
2648	2649	0.118985496461
2649	2648	0.118985496461
2649	2650	0.118985496461
2650	2649	0.118985496461
2650	2651	0.118985496461
2651	2650	0.118985496461
2651	2652	0.118985496461
2652	2651	0.118985496461
2652	2653	0.118985496461
2653	2652	0.118985496461
2653	2654	0.118985496461
2654	2653	0.118985496461
2654	2655	0.0466495007277
2654	2686	0.116545498371
2655	2654	0.0466495007277
2655	2656	0.0466495007277
2656	2655	0.0466495007277
2656	2657	0.0466495007277
2657	2656	0.0466495007277
2657	2658	0.0466495007277
2658	2657	0.0466495007277
2658	2659	0.0466495007277
2659	2658	0.0466495007277
2659	2660	0.0466495007277
2660	2659	0.0466495007277
2660	2661	0.0466495007277
2661	2660	0.0466495007277
2661	2662	0.0466495007277
2662	2661	0.0466495007277
2662	2663	0.0466495007277
2663	2662	0.0466495007277
2663	2664	0.0466495007277
2664	2663	0.0466495007277
2664	2665	0.0466495007277
2665	2664	0.0466495007277
2665	2666	0.0466495007277
2666	2665	0.0466495007277
2666	2667	0.0466495007277
2667	2666	0.0466495007277
2667	2668	0.0466495007277
2668	2667	0.0466495007277
2668	2669	0.0466495007277
2669	2668	0.0466495007277
2669	2670	0.0466495007277
2670	2669	0.0466495007277
2670	2671	0.0466495007277
2671	2670	0.0466495007277
2671	2672	0.0466495007277
2672	2671	0.0466495007277
2672	2673	0.0466495007277
2673	2672	0.0466495007277
2673	2674	0.0466495007277
2674	2673	0.0466495007277
2674	2675	0.0466495007277
2675	2674	0.0466495007277
2675	2676	0.0466495007277
2676	2675	0.0466495007277
2676	2677	0.0466495007277
2677	2676	0.0466495007277
2677	2678	0.0466495007277
2678	2677	0.0466495007277
2678	2679	0.0466495007277
2679	2678	0.0466495007277
2679	2680	0.0466495007277
2680	2679	0.0466495007277
2680	2681	0.0466495007277
2681	2680	0.0466495007277
2681	2682	0.0466495007277
2682	2681	0.0466495007277
2682	2683	0.0466495007277
2683	2682	0.0466495007277
2683	2684	0.0466495007277
2684	2683	0.0466495007277
2684	2685	0.0466495007277
2685	2684	0.0466495007277
2686	2654	0.116545498371
2686	2687	0.116545498371
2687	2686	0.116545498371
2687	2688	0.116545498371
2688	2687	0.116545498371
2688	2689	0.116545498371
2689	2688	0.116545498371
2689	2690	0.116545498371
2690	2689	0.116545498371
2690	2691	0.116545498371
2691	2690	0.116545498371
2691	2692	0.116545498371
2692	2691	0.116545498371
2692	2693	0.116545498371
2693	2692	0.116545498371
2693	2694	0.116545498371
2694	2693	0.116545498371
2694	2695	0.109907001257
2694	2971	0.0634460002184
2695	2694	0.109907001257
2695	2696	0.109907001257
2696	2695	0.109907001257
2696	2697	0.109907001257
2697	2696	0.109907001257
2697	2698	0.109907001257
2698	2697	0.109907001257
2698	2699	0.109907001257
2699	2698	0.109907001257
2699	2700	0.109907001257
2700	2699	0.109907001257
2700	2701	0.109907001257
2701	2700	0.109907001257
2701	2702	0.109907001257
2702	2701	0.109907001257
2702	2703	0.109907001257
2703	2702	0.109907001257
2703	2704	0.033342000097
2703	2710	0.108874499798
2704	2703	0.033342000097
2704	2705	0.033342000097
2705	2704	0.033342000097
2705	2706	0.033342000097
2706	2705	0.033342000097
2706	2707	0.033342000097
2707	2706	0.033342000097
2707	2708	0.033342000097
2708	2707	0.033342000097
2708	2709	0.033342000097
2709	2708	0.033342000097
2710	2703	0.108874499798
2710	2711	0.108874499798
2711	2710	0.108874499798
2711	2712	0.108874499798
2712	2711	0.108874499798
2712	2713	0.108874499798
2713	2712	0.108874499798
2713	2714	0.108874499798
2714	2713	0.108874499798
2714	2715	0.108874499798
2715	2714	0.108874499798
2715	2716	0.108874499798
2716	2715	0.108874499798
2716	2717	0.108874499798
2717	2716	0.108874499798
2717	2718	0.108874499798
2718	2717	0.108874499798
2718	2719	0.108874499798
2719	2718	0.108874499798
2719	2720	0.108874499798
2720	2719	0.108874499798
2720	2721	0.108874499798
2721	2720	0.108874499798
2721	2722	0.108874499798
2722	2721	0.108874499798
2722	2723	0.108874499798
2723	2722	0.108874499798
2723	2724	0.108874499798
2724	2723	0.108874499798
2724	2725	0.108874499798
2725	2724	0.108874499798
2725	2726	0.108874499798
2726	2725	0.108874499798
2726	2727	0.108874499798
2727	2726	0.108874499798
2727	2728	0.108874499798
2728	2727	0.108874499798
2728	2729	0.108874499798
2729	2728	0.108874499798
2729	2730	0.108874499798
2730	2729	0.108874499798
2730	2731	0.108874499798
2731	2730	0.108874499798
2731	2732	0.108874499798
2732	2731	0.108874499798
2732	2733	0.0925780013204
2732	2877	0.0792165026069
2733	2732	0.0925780013204
2733	2734	0.0925780013204
2734	2733	0.0925780013204
2734	2735	0.0925780013204
2735	2734	0.0925780013204
2735	2736	0.0925780013204
2736	2735	0.0925780013204
2736	2737	0.0925780013204
2737	2736	0.0925780013204
2737	2738	0.0925780013204
2738	2737	0.0925780013204
2738	2739	0.0925780013204
2739	2738	0.0925780013204
2739	2740	0.0925780013204
2740	2739	0.0925780013204
2740	2741	0.0925780013204
2741	2740	0.0925780013204
2741	2742	0.0925780013204
2742	2741	0.0925780013204
2742	2743	0.0925780013204
2743	2742	0.0925780013204
2743	2744	0.0925780013204
2744	2743	0.0925780013204
2744	2745	0.0925780013204
2745	2744	0.0925780013204
2745	2746	0.0925780013204
2746	2745	0.0925780013204
2746	2747	0.0925780013204
2747	2746	0.0925780013204
2747	2748	0.0522300004959
2747	2774	0.0866675004363
2748	2747	0.0522300004959
2748	2749	0.0522300004959
2749	2748	0.0522300004959
2749	2750	0.0522300004959
2750	2749	0.0522300004959
2750	2751	0.0522300004959
2751	2750	0.0522300004959
2751	2752	0.0522300004959
2752	2751	0.0522300004959
2752	2753	0.0522300004959
2753	2752	0.0522300004959
2753	2754	0.0522300004959
2754	2753	0.0522300004959
2754	2755	0.0522300004959
2755	2754	0.0522300004959
2755	2756	0.0522300004959
2756	2755	0.0522300004959
2756	2757	0.0522300004959
2757	2756	0.0522300004959
2757	2758	0.0522300004959
2758	2757	0.0522300004959
2758	2759	0.0522300004959
2759	2758	0.0522300004959
2759	2760	0.0522300004959
2760	2759	0.0522300004959
2760	2761	0.0522300004959
2761	2760	0.0522300004959
2761	2762	0.0522300004959
2762	2761	0.0522300004959
2762	2763	0.0522300004959
2763	2762	0.0522300004959
2763	2764	0.0522300004959
2764	2763	0.0522300004959
2764	2765	0.0522300004959
2765	2764	0.0522300004959
2765	2766	0.0522300004959
2766	2765	0.0522300004959
2766	2767	0.0522300004959
2767	2766	0.0522300004959
2767	2768	0.0522300004959
2768	2767	0.0522300004959
2768	2769	0.0522300004959
2769	2768	0.0522300004959
2769	2770	0.0522300004959
2770	2769	0.0522300004959
2770	2771	0.0522300004959
2771	2770	0.0522300004959
2771	2772	0.0522300004959
2772	2771	0.0522300004959
2772	2773	0.0522300004959
2773	2772	0.0522300004959
2774	2747	0.0866675004363
2774	2775	0.0866675004363
2775	2774	0.0866675004363
2775	2776	0.0866675004363
2776	2775	0.0866675004363
2776	2777	0.0866675004363
2777	2776	0.0866675004363
2777	2778	0.0866675004363
2778	2777	0.0866675004363
2778	2779	0.0866675004363
2779	2778	0.0866675004363
2779	2780	0.0866675004363
2780	2779	0.0866675004363
2780	2781	0.0866675004363
2781	2780	0.0866675004363
2781	2782	0.0866675004363
2782	2781	0.0866675004363
2782	2783	0.0866675004363
2783	2782	0.0866675004363
2783	2784	0.0866675004363
2784	2783	0.0866675004363
2784	2785	0.0866675004363
2785	2784	0.0866675004363
2785	2786	0.0866675004363
2786	2785	0.0866675004363
2786	2787	0.0866675004363
2787	2786	0.0866675004363
2787	2788	0.0866675004363
2788	2787	0.0866675004363
2788	2789	0.0866675004363
2789	2788	0.0866675004363
2789	2790	0.0866675004363
2790	2789	0.0866675004363
2790	2791	0.0866675004363
2791	2790	0.0866675004363
2791	2792	0.0866675004363
2792	2791	0.0866675004363
2792	2793	0.0866675004363
2793	2792	0.0866675004363
2793	2794	0.0866675004363
2794	2793	0.0866675004363
2794	2795	0.0866675004363
2795	2794	0.0866675004363
2795	2796	0.0866675004363
2796	2795	0.0866675004363
2796	2797	0.0436214990914
2796	2805	0.0828154981136
2797	2796	0.0436214990914
2797	2798	0.0436214990914
2798	2797	0.0436214990914
2798	2799	0.0436214990914
2799	2798	0.0436214990914
2799	2800	0.0436214990914
2800	2799	0.0436214990914
2800	2801	0.0436214990914
2801	2800	0.0436214990914
2801	2802	0.0436214990914
2802	2801	0.0436214990914
2802	2803	0.0436214990914
2803	2802	0.0436214990914
2803	2804	0.0436214990914
2804	2803	0.0436214990914
2805	2796	0.0828154981136
2805	2806	0.0828154981136
2806	2805	0.0828154981136
2806	2807	0.0828154981136
2807	2806	0.0828154981136
2807	2808	0.0828154981136
2808	2807	0.0828154981136
2808	2809	0.0828154981136
2809	2808	0.0828154981136
2809	2810	0.0828154981136
2810	2809	0.0828154981136
2810	2811	0.0828154981136
2811	2810	0.0828154981136
2811	2812	0.0828154981136
2812	2811	0.0828154981136
2812	2813	0.0828154981136
2813	2812	0.0828154981136
2813	2814	0.0828154981136
2814	2813	0.0828154981136
2814	2815	0.0828154981136
2815	2814	0.0828154981136
2815	2816	0.0828154981136
2816	2815	0.0828154981136
2816	2817	0.0828154981136
2817	2816	0.0828154981136
2817	2818	0.0828154981136
2818	2817	0.0828154981136
2818	2819	0.0828154981136
2819	2818	0.0828154981136
2819	2820	0.0828154981136
2820	2819	0.0828154981136
2820	2821	0.0828154981136
2821	2820	0.0828154981136
2821	2822	0.0828154981136
2822	2821	0.0828154981136
2822	2823	0.0828154981136
2823	2822	0.0828154981136
2823	2824	0.0828154981136
2824	2823	0.0828154981136
2824	2825	0.0828154981136
2825	2824	0.0828154981136
2825	2826	0.0828154981136
2826	2825	0.0828154981136
2826	2827	0.0601415000856
2826	2844	0.0705029964447
2827	2826	0.0601415000856
2827	2828	0.0601415000856
2828	2827	0.0601415000856
2828	2829	0.0601415000856
2829	2828	0.0601415000856
2829	2830	0.0601415000856
2830	2829	0.0601415000856
2830	2831	0.0601415000856
2831	2830	0.0601415000856
2831	2832	0.0601415000856
2832	2831	0.0601415000856
2832	2833	0.0601415000856
2833	2832	0.0601415000856
2833	2834	0.0601415000856
2834	2833	0.0601415000856
2834	2835	0.0601415000856
2835	2834	0.0601415000856
2835	2836	0.0601415000856
2836	2835	0.0601415000856
2836	2837	0.0601415000856
2837	2836	0.0601415000856
2837	2838	0.0601415000856
2838	2837	0.0601415000856
2838	2839	0.0601415000856
2839	2838	0.0601415000856
2839	2840	0.0601415000856
2840	2839	0.0601415000856
2840	2841	0.0601415000856
2841	2840	0.0601415000856
2841	2842	0.0601415000856
2842	2841	0.0601415000856
2842	2843	0.0601415000856
2843	2842	0.0601415000856
2844	2826	0.0705029964447
2844	2845	0.0705029964447
2845	2844	0.0705029964447
2845	2846	0.0705029964447
2846	2845	0.0705029964447
2846	2847	0.0705029964447
2847	2846	0.0705029964447
2847	2848	0.0705029964447
2848	2847	0.0705029964447
2848	2849	0.0705029964447
2849	2848	0.0705029964447
2849	2850	0.0705029964447
2850	2849	0.0705029964447
2850	2851	0.0705029964447
2851	2850	0.0705029964447
2851	2852	0.0705029964447
2852	2851	0.0705029964447
2852	2853	0.0705029964447
2853	2852	0.0705029964447
2853	2854	0.0705029964447
2854	2853	0.0705029964447
2854	2855	0.0705029964447
2855	2854	0.0705029964447
2855	2856	0.0705029964447
2856	2855	0.0705029964447
2856	2857	0.0705029964447
2857	2856	0.0705029964447
2857	2858	0.0705029964447
2858	2857	0.0705029964447
2858	2859	0.0705029964447
2859	2858	0.0705029964447
2859	2860	0.0705029964447
2860	2859	0.0705029964447
2860	2861	0.0705029964447
2861	2860	0.0705029964447
2861	2862	0.0705029964447
2862	2861	0.0705029964447
2862	2863	0.0705029964447
2863	2862	0.0705029964447
2863	2864	0.0705029964447
2864	2863	0.0705029964447
2864	2865	0.0705029964447
2865	2864	0.0705029964447
2865	2866	0.0705029964447
2866	2865	0.0705029964447
2866	2867	0.0705029964447
2867	2866	0.0705029964447
2867	2868	0.0705029964447
2868	2867	0.0705029964447
2868	2869	0.0705029964447
2869	2868	0.0705029964447
2869	2870	0.0705029964447
2870	2869	0.0705029964447
2870	2871	0.0705029964447
2871	2870	0.0705029964447
2871	2872	0.0705029964447
2872	2871	0.0705029964447
2872	2873	0.0705029964447
2873	2872	0.0705029964447
2873	2874	0.0705029964447
2874	2873	0.0705029964447
2874	2875	0.0705029964447
2875	2874	0.0705029964447
2875	2876	0.0705029964447
2876	2875	0.0705029964447
2877	2732	0.0792165026069
2877	2878	0.0792165026069
2878	2877	0.0792165026069
2878	2879	0.0792165026069
2879	2878	0.0792165026069
2879	2880	0.0792165026069
2880	2879	0.0792165026069
2880	2881	0.0792165026069
2881	2880	0.0792165026069
2881	2882	0.0792165026069
2882	2881	0.0792165026069
2882	2883	0.0792165026069
2883	2882	0.0792165026069
2883	2884	0.0792165026069
2884	2883	0.0792165026069
2884	2885	0.0792165026069
2885	2884	0.0792165026069
2885	2886	0.0792165026069
2886	2885	0.0792165026069
2886	2887	0.0792165026069
2887	2886	0.0792165026069
2887	2888	0.0792165026069
2888	2887	0.0792165026069
2888	2889	0.0792165026069
2889	2888	0.0792165026069
2889	2890	0.0792165026069
2890	2889	0.0792165026069
2890	2891	0.0792165026069
2891	2890	0.0792165026069
2891	2892	0.0792165026069
2892	2891	0.0792165026069
2892	2893	0.0364309996367
2892	2898	0.076559998095
2893	2892	0.0364309996367
2893	2894	0.0364309996367
2894	2893	0.0364309996367
2894	2895	0.0364309996367
2895	2894	0.0364309996367
2895	2896	0.0364309996367
2896	2895	0.0364309996367
2896	2897	0.0364309996367
2897	2896	0.0364309996367
2898	2892	0.076559998095
2898	2899	0.076559998095
2899	2898	0.076559998095
2899	2900	0.076559998095
2900	2899	0.076559998095
2900	2901	0.076559998095
2901	2900	0.076559998095
2901	2902	0.076559998095
2902	2901	0.076559998095
2902	2903	0.076559998095
2903	2902	0.076559998095
2903	2904	0.076559998095
2904	2903	0.076559998095
2904	2905	0.076559998095
2905	2904	0.076559998095
2905	2906	0.076559998095
2906	2905	0.076559998095
2906	2907	0.076559998095
2907	2906	0.076559998095
2907	2908	0.076559998095
2908	2907	0.076559998095
2908	2909	0.076559998095
2909	2908	0.076559998095
2909	2910	0.076559998095
2910	2909	0.076559998095
2910	2911	0.076559998095
2911	2910	0.076559998095
2911	2912	0.076559998095
2912	2911	0.076559998095
2912	2913	0.076559998095
2913	2912	0.076559998095
2913	2914	0.076559998095
2914	2913	0.076559998095
2914	2915	0.076559998095
2915	2914	0.076559998095
2915	2916	0.076559998095
2916	2915	0.076559998095
2916	2917	0.076559998095
2917	2916	0.076559998095
2917	2918	0.076559998095
2918	2917	0.076559998095
2918	2919	0.076559998095
2919	2918	0.076559998095
2919	2920	0.0566404983401
2919	2939	0.0643960013986
2920	2919	0.0566404983401
2920	2921	0.0566404983401
2921	2920	0.0566404983401
2921	2922	0.0566404983401
2922	2921	0.0566404983401
2922	2923	0.0566404983401
2923	2922	0.0566404983401
2923	2924	0.0566404983401
2924	2923	0.0566404983401
2924	2925	0.0566404983401
2925	2924	0.0566404983401
2925	2926	0.0566404983401
2926	2925	0.0566404983401
2926	2927	0.0566404983401
2927	2926	0.0566404983401
2927	2928	0.0566404983401
2928	2927	0.0566404983401
2928	2929	0.0566404983401
2929	2928	0.0566404983401
2929	2930	0.0566404983401
2930	2929	0.0566404983401
2930	2931	0.0566404983401
2931	2930	0.0566404983401
2931	2932	0.0566404983401
2932	2931	0.0566404983401
2932	2933	0.0566404983401
2933	2932	0.0566404983401
2933	2934	0.0566404983401
2934	2933	0.0566404983401
2934	2935	0.0566404983401
2935	2934	0.0566404983401
2935	2936	0.0566404983401
2936	2935	0.0566404983401
2936	2937	0.0566404983401
2937	2936	0.0566404983401
2937	2938	0.0566404983401
2938	2937	0.0566404983401
2939	2919	0.0643960013986
2939	2940	0.0643960013986
2940	2939	0.0643960013986
2940	2941	0.0643960013986
2941	2940	0.0643960013986
2941	2942	0.0643960013986
2942	2941	0.0643960013986
2942	2943	0.0643960013986
2943	2942	0.0643960013986
2943	2944	0.0643960013986
2944	2943	0.0643960013986
2944	2945	0.0643960013986
2945	2944	0.0643960013986
2945	2946	0.0643960013986
2946	2945	0.0643960013986
2946	2947	0.0643960013986
2947	2946	0.0643960013986
2947	2948	0.0643960013986
2948	2947	0.0643960013986
2948	2949	0.0643960013986
2949	2948	0.0643960013986
2949	2950	0.0643960013986
2950	2949	0.0643960013986
2950	2951	0.0643960013986
2951	2950	0.0643960013986
2951	2952	0.0643960013986
2952	2951	0.0643960013986
2952	2953	0.0643960013986
2953	2952	0.0643960013986
2953	2954	0.0643960013986
2954	2953	0.0643960013986
2954	2955	0.0643960013986
2955	2954	0.0643960013986
2955	2956	0.0643960013986
2956	2955	0.0643960013986
2956	2957	0.0643960013986
2957	2956	0.0643960013986
2957	2958	0.0643960013986
2958	2957	0.0643960013986
2958	2959	0.0643960013986
2959	2958	0.0643960013986
2959	2960	0.0643960013986
2960	2959	0.0643960013986
2960	2961	0.0643960013986
2961	2960	0.0643960013986
2961	2962	0.0643960013986
2962	2961	0.0643960013986
2962	2963	0.0643960013986
2963	2962	0.0643960013986
2963	2964	0.0643960013986
2964	2963	0.0643960013986
2964	2965	0.0643960013986
2965	2964	0.0643960013986
2965	2966	0.0643960013986
2966	2965	0.0643960013986
2966	2967	0.0643960013986
2967	2966	0.0643960013986
2967	2968	0.0643960013986
2968	2967	0.0643960013986
2968	2969	0.0643960013986
2969	2968	0.0643960013986
2969	2970	0.0643960013986
2970	2969	0.0643960013986
2971	2694	0.0634460002184
2971	2972	0.0634460002184
2972	2971	0.0634460002184
2972	2973	0.0634460002184
2973	2972	0.0634460002184
2973	2974	0.0634460002184
2974	2973	0.0634460002184
2974	2975	0.0634460002184
2975	2974	0.0634460002184
2975	2976	0.0634460002184
2976	2975	0.0634460002184
2976	2977	0.0634460002184
2977	2976	0.0634460002184
2977	2978	0.0634460002184
2978	2977	0.0634460002184
2978	2979	0.0634460002184
2979	2978	0.0634460002184
2979	2980	0.0634460002184
2980	2979	0.0634460002184
2980	2981	0.0634460002184
2981	2980	0.0634460002184
2981	2982	0.0634460002184
2982	2981	0.0634460002184
2982	2983	0.0634460002184
2983	2982	0.0634460002184
2983	2984	0.0634460002184
2984	2983	0.0634460002184
2984	2985	0.0634460002184
2985	2984	0.0634460002184
2985	2986	0.0634460002184
2986	2985	0.0634460002184
2986	2987	0.0634460002184
2987	2986	0.0634460002184
2987	2988	0.0532935000956
2987	3020	0.0470314994454
2988	2987	0.0532935000956
2988	2989	0.0532935000956
2989	2988	0.0532935000956
2989	2990	0.0532935000956
2990	2989	0.0532935000956
2990	2991	0.0532935000956
2991	2990	0.0532935000956
2991	2992	0.0532935000956
2992	2991	0.0532935000956
2992	2993	0.0532935000956
2993	2992	0.0532935000956
2993	2994	0.0532935000956
2994	2993	0.0532935000956
2994	2995	0.0532935000956
2995	2994	0.0532935000956
2995	2996	0.0532935000956
2996	2995	0.0532935000956
2996	2997	0.0532935000956
2997	2996	0.0532935000956
2997	2998	0.0532935000956
2998	2997	0.0532935000956
2998	2999	0.0532935000956
2999	2998	0.0532935000956
2999	3000	0.0532935000956
3000	2999	0.0532935000956
3000	3001	0.0532935000956
3001	3000	0.0532935000956
3001	3002	0.0532935000956
3002	3001	0.0532935000956
3002	3003	0.0532935000956
3003	3002	0.0532935000956
3003	3004	0.0532935000956
3004	3003	0.0532935000956
3004	3005	0.0532935000956
3005	3004	0.0532935000956
3005	3006	0.0532935000956
3006	3005	0.0532935000956
3006	3007	0.0532935000956
3007	3006	0.0532935000956
3007	3008	0.0532935000956
3008	3007	0.0532935000956
3008	3009	0.0532935000956
3009	3008	0.0532935000956
3009	3010	0.0532935000956
3010	3009	0.0532935000956
3010	3011	0.0532935000956
3011	3010	0.0532935000956
3011	3012	0.0532935000956
3012	3011	0.0532935000956
3012	3013	0.0532935000956
3013	3012	0.0532935000956
3013	3014	0.0532935000956
3014	3013	0.0532935000956
3014	3015	0.0532935000956
3015	3014	0.0532935000956
3015	3016	0.0532935000956
3016	3015	0.0532935000956
3016	3017	0.0532935000956
3017	3016	0.0532935000956
3017	3018	0.0532935000956
3018	3017	0.0532935000956
3018	3019	0.0532935000956
3019	3018	0.0532935000956
3020	2987	0.0470314994454
3020	3021	0.0470314994454
3021	3020	0.0470314994454
3021	3022	0.0470314994454
3022	3021	0.0470314994454
3022	3023	0.0470314994454
3023	3022	0.0470314994454
3023	3024	0.0470314994454
3024	3023	0.0470314994454
3024	3025	0.0470314994454
3025	3024	0.0470314994454
3025	3026	0.0470314994454
3026	3025	0.0470314994454
3026	3027	0.0470314994454
3027	3026	0.0470314994454
3027	3028	0.0470314994454
3028	3027	0.0470314994454
3028	3029	0.0470314994454
3029	3028	0.0470314994454
3029	3030	0.0470314994454
3030	3029	0.0470314994454
3030	3031	0.0470314994454
3031	3030	0.0470314994454
3031	3032	0.0470314994454
3032	3031	0.0470314994454
3032	3033	0.0470314994454
3033	3032	0.0470314994454
3033	3034	0.0470314994454
3034	3033	0.0470314994454
3034	3035	0.0470314994454
3035	3034	0.0470314994454
3035	3036	0.0470314994454
3036	3035	0.0470314994454
3036	3037	0.0470314994454
3037	3036	0.0470314994454
3037	3038	0.0470314994454
3038	3037	0.0470314994454
3039	2645	0.0578479990363
3039	3040	0.0578479990363
3040	3039	0.0578479990363
3040	3041	0.0578479990363
3041	3040	0.0578479990363
3041	3042	0.0578479990363
3042	3041	0.0578479990363
3042	3043	0.0578479990363
3043	3042	0.0578479990363
3043	3044	0.0578479990363
3044	3043	0.0578479990363
3044	3045	0.0578479990363
3045	3044	0.0578479990363
3045	3046	0.0578479990363
3046	3045	0.0578479990363
3046	3047	0.0578479990363
3047	3046	0.0578479990363
3047	3048	0.0578479990363
3048	3047	0.0578479990363
3048	3049	0.0505650006235
3048	3083	0.0400610007346
3049	3048	0.0505650006235
3049	3050	0.0505650006235
3050	3049	0.0505650006235
3050	3051	0.0505650006235
3051	3050	0.0505650006235
3051	3052	0.0505650006235
3052	3051	0.0505650006235
3052	3053	0.0505650006235
3053	3052	0.0505650006235
3053	3054	0.0505650006235
3054	3053	0.0505650006235
3054	3055	0.0505650006235
3055	3054	0.0505650006235
3055	3056	0.0505650006235
3056	3055	0.0505650006235
3056	3057	0.0505650006235
3057	3056	0.0505650006235
3057	3058	0.0505650006235
3058	3057	0.0505650006235
3058	3059	0.0505650006235
3059	3058	0.0505650006235
3059	3060	0.0505650006235
3060	3059	0.0505650006235
3060	3061	0.0505650006235
3061	3060	0.0505650006235
3061	3062	0.0505650006235
3062	3061	0.0505650006235
3062	3063	0.0505650006235
3063	3062	0.0505650006235
3063	3064	0.0505650006235
3064	3063	0.0505650006235
3064	3065	0.0505650006235
3065	3064	0.0505650006235
3065	3066	0.0505650006235
3066	3065	0.0505650006235
3066	3067	0.0505650006235
3067	3066	0.0505650006235
3067	3068	0.0505650006235
3068	3067	0.0505650006235
3068	3069	0.0505650006235
3069	3068	0.0505650006235
3069	3070	0.0505650006235
3070	3069	0.0505650006235
3070	3071	0.0505650006235
3071	3070	0.0505650006235
3071	3072	0.0505650006235
3072	3071	0.0505650006235
3072	3073	0.0505650006235
3073	3072	0.0505650006235
3073	3074	0.0505650006235
3074	3073	0.0505650006235
3074	3075	0.0505650006235
3075	3074	0.0505650006235
3075	3076	0.0505650006235
3076	3075	0.0505650006235
3076	3077	0.0505650006235
3077	3076	0.0505650006235
3077	3078	0.0505650006235
3078	3077	0.0505650006235
3078	3079	0.0505650006235
3079	3078	0.0505650006235
3079	3080	0.0505650006235
3080	3079	0.0505650006235
3080	3081	0.0505650006235
3081	3080	0.0505650006235
3081	3082	0.0505650006235
3082	3081	0.0505650006235
3083	3048	0.0400610007346
3083	3084	0.0400610007346
3084	3083	0.0400610007346
3084	3085	0.0400610007346
3085	3084	0.0400610007346
3085	3086	0.0400610007346
3086	3085	0.0400610007346
3086	3087	0.0400610007346
3087	3086	0.0400610007346
3087	3088	0.0400610007346
3088	3087	0.0400610007346
3088	3089	0.0400610007346
3089	3088	0.0400610007346
3089	3090	0.0400610007346
3090	3089	0.0400610007346
3090	3091	0.0400610007346
3091	3090	0.0400610007346
3091	3092	0.0400610007346
3092	3091	0.0400610007346
3092	3093	0.0400610007346
3093	3092	0.0400610007346
3093	3094	0.0400610007346
3094	3093	0.0400610007346
3094	3095	0.0400610007346
3095	3094	0.0400610007346
3096	2520	0.0878914967179
3096	3097	0.0878914967179
3097	3096	0.0878914967179
3097	3098	0.0878914967179
3098	3097	0.0878914967179
3098	3099	0.0878914967179
3099	3098	0.0878914967179
3099	3100	0.0878914967179
3100	3099	0.0878914967179
3100	3101	0.0878914967179
3101	3100	0.0878914967179
3101	3102	0.0878914967179
3102	3101	0.0878914967179
3102	3103	0.0878914967179
3103	3102	0.0878914967179
3103	3104	0.0878914967179
3104	3103	0.0878914967179
3104	3105	0.0878914967179
3105	3104	0.0878914967179
3105	3106	0.0878914967179
3106	3105	0.0878914967179
3106	3107	0.0878914967179
3107	3106	0.0878914967179
3107	3108	0.0878914967179
3108	3107	0.0878914967179
3108	3109	0.0878914967179
3109	3108	0.0878914967179
3109	3110	0.0878914967179
3110	3109	0.0878914967179
3110	3111	0.0878914967179
3111	3110	0.0878914967179
3111	3112	0.0878914967179
3112	3111	0.0878914967179
3112	3113	0.0878914967179
3113	3112	0.0878914967179
3113	3114	0.0878914967179
3114	3113	0.0878914967179
3114	3115	0.0878914967179
3115	3114	0.0878914967179
3115	3116	0.0878914967179
3116	3115	0.0878914967179
3116	3117	0.0878914967179
3117	3116	0.0878914967179
3117	3118	0.0878914967179
3118	3117	0.0878914967179
3118	3119	0.0878914967179
3119	3118	0.0878914967179
3119	3120	0.0878914967179
3120	3119	0.0878914967179
3120	3121	0.0878914967179
3121	3120	0.0878914967179
3121	3122	0.0878914967179
3122	3121	0.0878914967179
3122	3123	0.0878914967179
3123	3122	0.0878914967179
3123	3124	0.0878914967179
3124	3123	0.0878914967179
3124	3125	0.0878914967179
3125	3124	0.0878914967179
3125	3126	0.0878914967179
3126	3125	0.0878914967179
3126	3127	0.0878914967179
3127	3126	0.0878914967179
3127	3128	0.0845014974475
3127	3277	0.0422784984112
3128	3127	0.0845014974475
3128	3129	0.0845014974475
3129	3128	0.0845014974475
3129	3130	0.0845014974475
3130	3129	0.0845014974475
3130	3131	0.0845014974475
3131	3130	0.0845014974475
3131	3132	0.0845014974475
3132	3131	0.0845014974475
3132	3133	0.0845014974475
3133	3132	0.0845014974475
3133	3134	0.0365520007908
3133	3145	0.0821570008993
3134	3133	0.0365520007908
3134	3135	0.0365520007908
3135	3134	0.0365520007908
3135	3136	0.0365520007908
3136	3135	0.0365520007908
3136	3137	0.0365520007908
3137	3136	0.0365520007908
3137	3138	0.0365520007908
3138	3137	0.0365520007908
3138	3139	0.0365520007908
3139	3138	0.0365520007908
3139	3140	0.0365520007908
3140	3139	0.0365520007908
3140	3141	0.0365520007908
3141	3140	0.0365520007908
3141	3142	0.0365520007908
3142	3141	0.0365520007908
3142	3143	0.0365520007908
3143	3142	0.0365520007908
3143	3144	0.0365520007908
3144	3143	0.0365520007908
3145	3133	0.0821570008993
3145	3146	0.0821570008993
3146	3145	0.0821570008993
3146	3147	0.0821570008993
3147	3146	0.0821570008993
3147	3148	0.0821570008993
3148	3147	0.0821570008993
3148	3149	0.0821570008993
3149	3148	0.0821570008993
3149	3150	0.0821570008993
3150	3149	0.0821570008993
3150	3151	0.0821570008993
3151	3150	0.0821570008993
3151	3152	0.0821570008993
3152	3151	0.0821570008993
3152	3153	0.0821570008993
3153	3152	0.0821570008993
3153	3154	0.0821570008993
3154	3153	0.0821570008993
3154	3155	0.0821570008993
3155	3154	0.0821570008993
3155	3156	0.0821570008993
3156	3155	0.0821570008993
3156	3157	0.0821570008993
3157	3156	0.0821570008993
3157	3158	0.0821570008993
3158	3157	0.0821570008993
3158	3159	0.0821570008993
3159	3158	0.0821570008993
3159	3160	0.0444405004382
3159	3179	0.0775714963675
3160	3159	0.0444405004382
3160	3161	0.0444405004382
3161	3160	0.0444405004382
3161	3162	0.0444405004382
3162	3161	0.0444405004382
3162	3163	0.0444405004382
3163	3162	0.0444405004382
3163	3164	0.0444405004382
3164	3163	0.0444405004382
3164	3165	0.0444405004382
3165	3164	0.0444405004382
3165	3166	0.0444405004382
3166	3165	0.0444405004382
3166	3167	0.0444405004382
3167	3166	0.0444405004382
3167	3168	0.0444405004382
3168	3167	0.0444405004382
3168	3169	0.0444405004382
3169	3168	0.0444405004382
3169	3170	0.0444405004382
3170	3169	0.0444405004382
3170	3171	0.0444405004382
3171	3170	0.0444405004382
3171	3172	0.0444405004382
3172	3171	0.0444405004382
3172	3173	0.0444405004382
3173	3172	0.0444405004382
3173	3174	0.0444405004382
3174	3173	0.0444405004382
3174	3175	0.0444405004382
3175	3174	0.0444405004382
3175	3176	0.0444405004382
3176	3175	0.0444405004382
3176	3177	0.0444405004382
3177	3176	0.0444405004382
3177	3178	0.0444405004382
3178	3177	0.0444405004382
3179	3159	0.0775714963675
3179	3180	0.0775714963675
3180	3179	0.0775714963675
3180	3181	0.0775714963675
3181	3180	0.0775714963675
3181	3182	0.0775714963675
3182	3181	0.0775714963675
3182	3183	0.0775714963675
3183	3182	0.0775714963675
3183	3184	0.0775714963675
3184	3183	0.0775714963675
3184	3185	0.0775714963675
3185	3184	0.0775714963675
3185	3186	0.0775714963675
3186	3185	0.0775714963675
3186	3187	0.0775714963675
3187	3186	0.0775714963675
3187	3188	0.0775714963675
3188	3187	0.0775714963675
3188	3189	0.0775714963675
3189	3188	0.0775714963675
3189	3190	0.0775714963675
3190	3189	0.0775714963675
3190	3191	0.0775714963675
3191	3190	0.0775714963675
3191	3192	0.0775714963675
3192	3191	0.0775714963675
3192	3193	0.0775714963675
3193	3192	0.0775714963675
3193	3194	0.0775714963675
3194	3193	0.0775714963675
3194	3195	0.0775714963675
3195	3194	0.0775714963675
3195	3196	0.0775714963675
3196	3195	0.0775714963675
3196	3197	0.0775714963675
3197	3196	0.0775714963675
3197	3198	0.0775714963675
3198	3197	0.0775714963675
3198	3199	0.0775714963675
3199	3198	0.0775714963675
3199	3200	0.0775714963675
3200	3199	0.0775714963675
3200	3201	0.0572184994817
3200	3235	0.0653780028224
3201	3200	0.0572184994817
3201	3202	0.0572184994817
3202	3201	0.0572184994817
3202	3203	0.0572184994817
3203	3202	0.0572184994817
3203	3204	0.0572184994817
3204	3203	0.0572184994817
3204	3205	0.0572184994817
3205	3204	0.0572184994817
3205	3206	0.0572184994817
3206	3205	0.0572184994817
3206	3207	0.0572184994817
3207	3206	0.0572184994817
3207	3208	0.0572184994817
3208	3207	0.0572184994817
3208	3209	0.0572184994817
3209	3208	0.0572184994817
3209	3210	0.0572184994817
3210	3209	0.0572184994817
3210	3211	0.0572184994817
3211	3210	0.0572184994817
3211	3212	0.0572184994817
3212	3211	0.0572184994817
3212	3213	0.0572184994817
3213	3212	0.0572184994817
3213	3214	0.0572184994817
3214	3213	0.0572184994817
3214	3215	0.0572184994817
3215	3214	0.0572184994817
3215	3216	0.0572184994817
3216	3215	0.0572184994817
3216	3217	0.0572184994817
3217	3216	0.0572184994817
3217	3218	0.0572184994817
3218	3217	0.0572184994817
3218	3219	0.0572184994817
3219	3218	0.0572184994817
3219	3220	0.0572184994817
3220	3219	0.0572184994817
3220	3221	0.0572184994817
3221	3220	0.0572184994817
3221	3222	0.0572184994817
3222	3221	0.0572184994817
3222	3223	0.0572184994817
3223	3222	0.0572184994817
3223	3224	0.0572184994817
3224	3223	0.0572184994817
3224	3225	0.0572184994817
3225	3224	0.0572184994817
3225	3226	0.0572184994817
3226	3225	0.0572184994817
3226	3227	0.0572184994817
3227	3226	0.0572184994817
3227	3228	0.0572184994817
3228	3227	0.0572184994817
3228	3229	0.0572184994817
3229	3228	0.0572184994817
3229	3230	0.0572184994817
3230	3229	0.0572184994817
3230	3231	0.0572184994817
3231	3230	0.0572184994817
3231	3232	0.0572184994817
3232	3231	0.0572184994817
3232	3233	0.0572184994817
3233	3232	0.0572184994817
3233	3234	0.0572184994817
3234	3233	0.0572184994817
3235	3200	0.0653780028224
3235	3236	0.0653780028224
3236	3235	0.0653780028224
3236	3237	0.0653780028224
3237	3236	0.0653780028224
3237	3238	0.0653780028224
3238	3237	0.0653780028224
3238	3239	0.0653780028224
3239	3238	0.0653780028224
3239	3240	0.0653780028224
3240	3239	0.0653780028224
3240	3241	0.0653780028224
3241	3240	0.0653780028224
3241	3242	0.0653780028224
3242	3241	0.0653780028224
3242	3243	0.0653780028224
3243	3242	0.0653780028224
3243	3244	0.0593950003386
3243	3271	0.0411950014532
3244	3243	0.0593950003386
3244	3245	0.0593950003386
3245	3244	0.0593950003386
3245	3246	0.0593950003386
3246	3245	0.0593950003386
3246	3247	0.0593950003386
3247	3246	0.0593950003386
3247	3248	0.0593950003386
3248	3247	0.0593950003386
3248	3249	0.0593950003386
3249	3248	0.0593950003386
3249	3250	0.0593950003386
3250	3249	0.0593950003386
3250	3251	0.0593950003386
3251	3250	0.0593950003386
3251	3252	0.0593950003386
3252	3251	0.0593950003386
3252	3253	0.0593950003386
3253	3252	0.0593950003386
3253	3254	0.0593950003386
3254	3253	0.0593950003386
3254	3255	0.0593950003386
3255	3254	0.0593950003386
3255	3256	0.0593950003386
3256	3255	0.0593950003386
3256	3257	0.0593950003386
3257	3256	0.0593950003386
3257	3258	0.0593950003386
3258	3257	0.0593950003386
3258	3259	0.0593950003386
3259	3258	0.0593950003386
3259	3260	0.0593950003386
3260	3259	0.0593950003386
3260	3261	0.0593950003386
3261	3260	0.0593950003386
3261	3262	0.0593950003386
3262	3261	0.0593950003386
3262	3263	0.0593950003386
3263	3262	0.0593950003386
3263	3264	0.0593950003386
3264	3263	0.0593950003386
3264	3265	0.0593950003386
3265	3264	0.0593950003386
3265	3266	0.0593950003386
3266	3265	0.0593950003386
3266	3267	0.0593950003386
3267	3266	0.0593950003386
3267	3268	0.0593950003386
3268	3267	0.0593950003386
3268	3269	0.0593950003386
3269	3268	0.0593950003386
3269	3270	0.0593950003386
3270	3269	0.0593950003386
3271	3243	0.0411950014532
3271	3272	0.0411950014532
3272	3271	0.0411950014532
3272	3273	0.0411950014532
3273	3272	0.0411950014532
3273	3274	0.0411950014532
3274	3273	0.0411950014532
3274	3275	0.0411950014532
3275	3274	0.0411950014532
3275	3276	0.0411950014532
3276	3275	0.0411950014532
3277	3127	0.0422784984112
3277	3278	0.0422784984112
3278	3277	0.0422784984112
3278	3279	0.0422784984112
3279	3278	0.0422784984112
3279	3280	0.0422784984112
3280	3279	0.0422784984112
3280	3281	0.0422784984112
3281	3280	0.0422784984112
3281	3282	0.0422784984112
3282	3281	0.0422784984112
3282	3283	0.0422784984112
3283	3282	0.0422784984112
3283	3284	0.0422784984112
3284	3283	0.0422784984112
3284	3285	0.0422784984112
3285	3284	0.0422784984112
3285	3286	0.0422784984112
3286	3285	0.0422784984112
3286	3287	0.0422784984112
3287	3286	0.0422784984112
3287	3288	0.0422784984112
3288	3287	0.0422784984112
3288	3289	0.0422784984112
3289	3288	0.0422784984112
3289	3290	0.0422784984112
3290	3289	0.0422784984112
3290	3291	0.0422784984112
3291	3290	0.0422784984112
3291	3292	0.0422784984112
3292	3291	0.0422784984112
3292	3293	0.0422784984112
3293	3292	0.0422784984112
3293	3294	0.0422784984112
3294	3293	0.0422784984112
3294	3295	0.0422784984112
3295	3294	0.0422784984112
3295	3296	0.0422784984112
3296	3295	0.0422784984112
3296	3297	0.0422784984112
3297	3296	0.0422784984112
3297	3298	0.0422784984112
3298	3297	0.0422784984112
3299	2517	0.0334470011294
3299	3300	0.0334470011294
3300	3299	0.0334470011294
3300	3301	0.0334470011294
3301	3300	0.0334470011294
3301	3302	0.0334470011294
3302	3301	0.0334470011294
3302	3303	0.0334470011294
3303	3302	0.0334470011294
3303	3304	0.0334470011294
3304	3303	0.0334470011294
3304	3305	0.0334470011294
3305	3304	0.0334470011294
3305	3306	0.0334470011294
3306	3305	0.0334470011294
3306	3307	0.0334470011294
3307	3306	0.0334470011294
3307	3308	0.0334470011294
3308	3307	0.0334470011294
3308	3309	0.0334470011294
3309	3308	0.0334470011294
3309	3310	0.0334470011294
3310	3309	0.0334470011294
3310	3311	0.0334470011294
3311	3310	0.0334470011294
3312	2507	0.0512019991875
3312	3313	0.0512019991875
3313	3312	0.0512019991875
3313	3314	0.0512019991875
3314	3313	0.0512019991875
3314	3315	0.0512019991875
3315	3314	0.0512019991875
3315	3316	0.0512019991875
3316	3315	0.0512019991875
3316	3317	0.0512019991875
3317	3316	0.0512019991875
3317	3318	0.0512019991875
3318	3317	0.0512019991875
3318	3319	0.0512019991875
3319	3318	0.0512019991875
3319	3320	0.0512019991875
3320	3319	0.0512019991875
3320	3321	0.0512019991875
3321	3320	0.0512019991875
3321	3322	0.0512019991875
3322	3321	0.0512019991875
3322	3323	0.0512019991875
3323	3322	0.0512019991875
3323	3324	0.0512019991875
3324	3323	0.0512019991875
3324	3325	0.0512019991875
3325	3324	0.0512019991875
3325	3326	0.0512019991875
3326	3325	0.0512019991875
3326	3327	0.0512019991875
3327	3326	0.0512019991875
3327	3328	0.0437659993768
3327	3352	0.0369395017624
3328	3327	0.0437659993768
3328	3329	0.0437659993768
3329	3328	0.0437659993768
3329	3330	0.0437659993768
3330	3329	0.0437659993768
3330	3331	0.0437659993768
3331	3330	0.0437659993768
3331	3332	0.0437659993768
3332	3331	0.0437659993768
3332	3333	0.0437659993768
3333	3332	0.0437659993768
3333	3334	0.0437659993768
3334	3333	0.0437659993768
3334	3335	0.0437659993768
3335	3334	0.0437659993768
3335	3336	0.0437659993768
3336	3335	0.0437659993768
3336	3337	0.0437659993768
3337	3336	0.0437659993768
3337	3338	0.0437659993768
3338	3337	0.0437659993768
3338	3339	0.0437659993768
3339	3338	0.0437659993768
3339	3340	0.0437659993768
3340	3339	0.0437659993768
3340	3341	0.0437659993768
3341	3340	0.0437659993768
3341	3342	0.0437659993768
3342	3341	0.0437659993768
3342	3343	0.0437659993768
3343	3342	0.0437659993768
3343	3344	0.0437659993768
3344	3343	0.0437659993768
3344	3345	0.0437659993768
3345	3344	0.0437659993768
3345	3346	0.0437659993768
3346	3345	0.0437659993768
3346	3347	0.0437659993768
3347	3346	0.0437659993768
3347	3348	0.0437659993768
3348	3347	0.0437659993768
3348	3349	0.0437659993768
3349	3348	0.0437659993768
3349	3350	0.0437659993768
3350	3349	0.0437659993768
3350	3351	0.0437659993768
3351	3350	0.0437659993768
3352	3327	0.0369395017624
3352	3353	0.0369395017624
3353	3352	0.0369395017624
3353	3354	0.0369395017624
3354	3353	0.0369395017624
3354	3355	0.0369395017624
3355	3354	0.0369395017624
3355	3356	0.0369395017624
3356	3355	0.0369395017624
3356	3357	0.0369395017624
3357	3356	0.0369395017624
3357	3358	0.0369395017624
3358	3357	0.0369395017624
3358	3359	0.0369395017624
3359	3358	0.0369395017624
3359	3360	0.0369395017624
3360	3359	0.0369395017624
3360	3361	0.0369395017624
3361	3360	0.0369395017624
3361	3362	0.0369395017624
3362	3361	0.0369395017624
3362	3363	0.0369395017624
3363	3362	0.0369395017624
3364	2345	0.0320839993656
3364	3365	0.0320839993656
3365	3364	0.0320839993656
3365	3366	0.0320839993656
3366	3365	0.0320839993656
3366	3367	0.0320839993656
3367	3366	0.0320839993656
3367	3368	0.0320839993656
3368	3367	0.0320839993656
3368	3369	0.0320839993656
3369	3368	0.0320839993656
3369	3370	0.0320839993656
3370	3369	0.0320839993656
3370	3371	0.0320839993656
3371	3370	0.0320839993656
3371	3372	0.0320839993656
3372	3371	0.0320839993656
3372	3373	0.0320839993656
3373	3372	0.0320839993656
3373	3374	0.0320839993656
3374	3373	0.0320839993656
3374	3375	0.0320839993656
3375	3374	0.0320839993656
3375	3376	0.0320839993656
3376	3375	0.0320839993656
3376	3377	0.0320839993656
3377	3376	0.0320839993656
3377	3378	0.0320839993656
3378	3377	0.0320839993656
3378	3379	0.0320839993656
3379	3378	0.0320839993656
3380	2302	0.0475330017507
3380	3381	0.0475330017507
3381	3380	0.0475330017507
3381	3382	0.0475330017507
3382	3381	0.0475330017507
3382	3383	0.0475330017507
3383	3382	0.0475330017507
3383	3384	0.0475330017507
3384	3383	0.0475330017507
3384	3385	0.0475330017507
3385	3384	0.0475330017507
3385	3386	0.0475330017507
3386	3385	0.0475330017507
3386	3387	0.0475330017507
3387	3386	0.0475330017507
3387	3388	0.0475330017507
3388	3387	0.0475330017507
3388	3389	0.0475330017507
3389	3388	0.0475330017507
3389	3390	0.0475330017507
3390	3389	0.0475330017507
3390	3391	0.0475330017507
3391	3390	0.0475330017507
3391	3392	0.0475330017507
3392	3391	0.0475330017507
3392	3393	0.0475330017507
3393	3392	0.0475330017507
3393	3394	0.0475330017507
3394	3393	0.0475330017507
3394	3395	0.0475330017507
3395	3394	0.0475330017507
3395	3396	0.0475330017507
3396	3395	0.0475330017507
3396	3397	0.0376279987395
3396	3414	0.0378254987299
3397	3396	0.0376279987395
3397	3398	0.0376279987395
3398	3397	0.0376279987395
3398	3399	0.0376279987395
3399	3398	0.0376279987395
3399	3400	0.0376279987395
3400	3399	0.0376279987395
3400	3401	0.0376279987395
3401	3400	0.0376279987395
3401	3402	0.0376279987395
3402	3401	0.0376279987395
3402	3403	0.0376279987395
3403	3402	0.0376279987395
3403	3404	0.0376279987395
3404	3403	0.0376279987395
3404	3405	0.0376279987395
3405	3404	0.0376279987395
3405	3406	0.0376279987395
3406	3405	0.0376279987395
3406	3407	0.0376279987395
3407	3406	0.0376279987395
3407	3408	0.0376279987395
3408	3407	0.0376279987395
3408	3409	0.0376279987395
3409	3408	0.0376279987395
3409	3410	0.0376279987395
3410	3409	0.0376279987395
3410	3411	0.0376279987395
3411	3410	0.0376279987395
3411	3412	0.0376279987395
3412	3411	0.0376279987395
3412	3413	0.0376279987395
3413	3412	0.0376279987395
3414	3396	0.0378254987299
3414	3415	0.0378254987299
3415	3414	0.0378254987299
3415	3416	0.0378254987299
3416	3415	0.0378254987299
3416	3417	0.0378254987299
3417	3416	0.0378254987299
3417	3418	0.0378254987299
3418	3417	0.0378254987299
3418	3419	0.0378254987299
3419	3418	0.0378254987299
3419	3420	0.0378254987299
3420	3419	0.0378254987299
3420	3421	0.0378254987299
3421	3420	0.0378254987299
3421	3422	0.0378254987299
3422	3421	0.0378254987299
3422	3423	0.0378254987299
3423	3422	0.0378254987299
3423	3424	0.0378254987299
3424	3423	0.0378254987299
3424	3425	0.0378254987299
3425	3424	0.0378254987299
3425	3426	0.0378254987299
3426	3425	0.0378254987299
3426	3427	0.0378254987299
3427	3426	0.0378254987299
3427	3428	0.0378254987299
3428	3427	0.0378254987299
3428	3429	0.0378254987299
3429	3428	0.0378254987299
3429	3430	0.0378254987299
3430	3429	0.0378254987299
3431	2111	0.0744265019894
3431	3432	0.0744265019894
3432	3431	0.0744265019894
3432	3433	0.0744265019894
3433	3432	0.0744265019894
3433	3434	0.0744265019894
3434	3433	0.0744265019894
3434	3435	0.0744265019894
3435	3434	0.0744265019894
3435	3436	0.0744265019894
3436	3435	0.0744265019894
3436	3437	0.0744265019894
3437	3436	0.0744265019894
3437	3438	0.0744265019894
3438	3437	0.0744265019894
3438	3439	0.0744265019894
3439	3438	0.0744265019894
3439	3440	0.0744265019894
3440	3439	0.0744265019894
3440	3441	0.0744265019894
3441	3440	0.0744265019894
3441	3442	0.0744265019894
3442	3441	0.0744265019894
3442	3443	0.0744265019894
3443	3442	0.0744265019894
3443	3444	0.0722049996257
3443	3616	0.0329670011997
3444	3443	0.0722049996257
3444	3445	0.0722049996257
3445	3444	0.0722049996257
3445	3446	0.0722049996257
3446	3445	0.0722049996257
3446	3447	0.0722049996257
3447	3446	0.0722049996257
3447	3448	0.0722049996257
3448	3447	0.0722049996257
3448	3449	0.0722049996257
3449	3448	0.0722049996257
3449	3450	0.0722049996257
3450	3449	0.0722049996257
3450	3451	0.0722049996257
3451	3450	0.0722049996257
3451	3452	0.0722049996257
3452	3451	0.0722049996257
3452	3453	0.0722049996257
3453	3452	0.0722049996257
3453	3454	0.0640854984522
3453	3564	0.0483814999461
3454	3453	0.0640854984522
3454	3455	0.0640854984522
3455	3454	0.0640854984522
3455	3456	0.0640854984522
3456	3455	0.0640854984522
3456	3457	0.0640854984522
3457	3456	0.0640854984522
3457	3458	0.0640854984522
3458	3457	0.0640854984522
3458	3459	0.0640854984522
3459	3458	0.0640854984522
3459	3460	0.0640854984522
3460	3459	0.0640854984522
3460	3461	0.0640854984522
3461	3460	0.0640854984522
3461	3462	0.0640854984522
3462	3461	0.0640854984522
3462	3463	0.0640854984522
3463	3462	0.0640854984522
3463	3464	0.0640854984522
3464	3463	0.0640854984522
3464	3465	0.0640854984522
3465	3464	0.0640854984522
3465	3466	0.0640854984522
3466	3465	0.0640854984522
3466	3467	0.0640854984522
3467	3466	0.0640854984522
3467	3468	0.0640854984522
3468	3467	0.0640854984522
3468	3469	0.0640854984522
3469	3468	0.0640854984522
3469	3470	0.0640854984522
3470	3469	0.0640854984522
3470	3471	0.0640854984522
3471	3470	0.0640854984522
3471	3472	0.0640854984522
3472	3471	0.0640854984522
3472	3473	0.0640854984522
3473	3472	0.0640854984522
3473	3474	0.0640854984522
3474	3473	0.0640854984522
3474	3475	0.0640854984522
3475	3474	0.0640854984522
3475	3476	0.0640854984522
3476	3475	0.0640854984522
3476	3477	0.0640854984522
3477	3476	0.0640854984522
3477	3478	0.0640854984522
3478	3477	0.0640854984522
3478	3479	0.0640854984522
3479	3478	0.0640854984522
3479	3480	0.0640854984522
3480	3479	0.0640854984522
3480	3481	0.0640854984522
3481	3480	0.0640854984522
3481	3482	0.0640854984522
3482	3481	0.0640854984522
3482	3483	0.0610210001469
3482	3555	0.0330119989812
3483	3482	0.0610210001469
3483	3484	0.0610210001469
3484	3483	0.0610210001469
3484	3485	0.0610210001469
3485	3484	0.0610210001469
3485	3486	0.0610210001469
3486	3485	0.0610210001469
3486	3487	0.0610210001469
3487	3486	0.0610210001469
3487	3488	0.0610210001469
3488	3487	0.0610210001469
3488	3489	0.0610210001469
3489	3488	0.0610210001469
3489	3490	0.0610210001469
3490	3489	0.0610210001469
3490	3491	0.0610210001469
3491	3490	0.0610210001469
3491	3492	0.0610210001469
3492	3491	0.0610210001469
3492	3493	0.0610210001469
3493	3492	0.0610210001469
3493	3494	0.0610210001469
3494	3493	0.0610210001469
3494	3495	0.0610210001469
3495	3494	0.0610210001469
3495	3496	0.0610210001469
3496	3495	0.0610210001469
3496	3497	0.0610210001469
3497	3496	0.0610210001469
3497	3498	0.0610210001469
3498	3497	0.0610210001469
3498	3499	0.0610210001469
3499	3498	0.0610210001469
3499	3500	0.0610210001469
3500	3499	0.0610210001469
3500	3501	0.0610210001469
3501	3500	0.0610210001469
3501	3502	0.0498965010047
3501	3532	0.0468745008111
3502	3501	0.0498965010047
3502	3503	0.0498965010047
3503	3502	0.0498965010047
3503	3504	0.0498965010047
3504	3503	0.0498965010047
3504	3505	0.0498965010047
3505	3504	0.0498965010047
3505	3506	0.0498965010047
3506	3505	0.0498965010047
3506	3507	0.0498965010047
3507	3506	0.0498965010047
3507	3508	0.0498965010047
3508	3507	0.0498965010047
3508	3509	0.0498965010047
3509	3508	0.0498965010047
3509	3510	0.0498965010047
3510	3509	0.0498965010047
3510	3511	0.0498965010047
3511	3510	0.0498965010047
3511	3512	0.0498965010047
3512	3511	0.0498965010047
3512	3513	0.0498965010047
3513	3512	0.0498965010047
3513	3514	0.0498965010047
3514	3513	0.0498965010047
3514	3515	0.0498965010047
3515	3514	0.0498965010047
3515	3516	0.0498965010047
3516	3515	0.0498965010047
3516	3517	0.0498965010047
3517	3516	0.0498965010047
3517	3518	0.0498965010047
3518	3517	0.0498965010047
3518	3519	0.0498965010047
3519	3518	0.0498965010047
3519	3520	0.0498965010047
3520	3519	0.0498965010047
3520	3521	0.0498965010047
3521	3520	0.0498965010047
3521	3522	0.0498965010047
3522	3521	0.0498965010047
3522	3523	0.0498965010047
3523	3522	0.0498965010047
3523	3524	0.0498965010047
3524	3523	0.0498965010047
3524	3525	0.0498965010047
3525	3524	0.0498965010047
3525	3526	0.0498965010047
3526	3525	0.0498965010047
3526	3527	0.0498965010047
3527	3526	0.0498965010047
3527	3528	0.0498965010047
3528	3527	0.0498965010047
3528	3529	0.0498965010047
3529	3528	0.0498965010047
3529	3530	0.0498965010047
3530	3529	0.0498965010047
3530	3531	0.0498965010047
3531	3530	0.0498965010047
3532	3501	0.0468745008111
3532	3533	0.0468745008111
3533	3532	0.0468745008111
3533	3534	0.0468745008111
3534	3533	0.0468745008111
3534	3535	0.0468745008111
3535	3534	0.0468745008111
3535	3536	0.0468745008111
3536	3535	0.0468745008111
3536	3537	0.0468745008111
3537	3536	0.0468745008111
3537	3538	0.0468745008111
3538	3537	0.0468745008111
3538	3539	0.0468745008111
3539	3538	0.0468745008111
3539	3540	0.0468745008111
3540	3539	0.0468745008111
3540	3541	0.0468745008111
3541	3540	0.0468745008111
3541	3542	0.0468745008111
3542	3541	0.0468745008111
3542	3543	0.0468745008111
3543	3542	0.0468745008111
3543	3544	0.0468745008111
3544	3543	0.0468745008111
3544	3545	0.0468745008111
3545	3544	0.0468745008111
3545	3546	0.0468745008111
3546	3545	0.0468745008111
3546	3547	0.0468745008111
3547	3546	0.0468745008111
3547	3548	0.0468745008111
3548	3547	0.0468745008111
3548	3549	0.0468745008111
3549	3548	0.0468745008111
3549	3550	0.0468745008111
3550	3549	0.0468745008111
3550	3551	0.0468745008111
3551	3550	0.0468745008111
3551	3552	0.0468745008111
3552	3551	0.0468745008111
3552	3553	0.0468745008111
3553	3552	0.0468745008111
3553	3554	0.0468745008111
3554	3553	0.0468745008111
3555	3482	0.0330119989812
3555	3556	0.0330119989812
3556	3555	0.0330119989812
3556	3557	0.0330119989812
3557	3556	0.0330119989812
3557	3558	0.0330119989812
3558	3557	0.0330119989812
3558	3559	0.0330119989812
3559	3558	0.0330119989812
3559	3560	0.0330119989812
3560	3559	0.0330119989812
3560	3561	0.0330119989812
3561	3560	0.0330119989812
3561	3562	0.0330119989812
3562	3561	0.0330119989812
3562	3563	0.0330119989812
3563	3562	0.0330119989812
3564	3453	0.0483814999461
3564	3565	0.0483814999461
3565	3564	0.0483814999461
3565	3566	0.0483814999461
3566	3565	0.0483814999461
3566	3567	0.0483814999461
3567	3566	0.0483814999461
3567	3568	0.0483814999461
3568	3567	0.0483814999461
3568	3569	0.0483814999461
3569	3568	0.0483814999461
3569	3570	0.0483814999461
3570	3569	0.0483814999461
3570	3571	0.0483814999461
3571	3570	0.0483814999461
3571	3572	0.0323319993913
3571	3582	0.042989499867
3572	3571	0.0323319993913
3572	3573	0.0323319993913
3573	3572	0.0323319993913
3573	3574	0.0323319993913
3574	3573	0.0323319993913
3574	3575	0.0323319993913
3575	3574	0.0323319993913
3575	3576	0.0323319993913
3576	3575	0.0323319993913
3576	3577	0.0323319993913
3577	3576	0.0323319993913
3577	3578	0.0323319993913
3578	3577	0.0323319993913
3578	3579	0.0323319993913
3579	3578	0.0323319993913
3579	3580	0.0323319993913
3580	3579	0.0323319993913
3580	3581	0.0323319993913
3581	3580	0.0323319993913
3582	3571	0.042989499867
3582	3583	0.042989499867
3583	3582	0.042989499867
3583	3584	0.042989499867
3584	3583	0.042989499867
3584	3585	0.042989499867
3585	3584	0.042989499867
3585	3586	0.042989499867
3586	3585	0.042989499867
3586	3587	0.042989499867
3587	3586	0.042989499867
3587	3588	0.042989499867
3588	3587	0.042989499867
3588	3589	0.042989499867
3589	3588	0.042989499867
3589	3590	0.042989499867
3590	3589	0.042989499867
3590	3591	0.042989499867
3591	3590	0.042989499867
3591	3592	0.042989499867
3592	3591	0.042989499867
3592	3593	0.042989499867
3593	3592	0.042989499867
3593	3594	0.042989499867
3594	3593	0.042989499867
3594	3595	0.042989499867
3595	3594	0.042989499867
3595	3596	0.042989499867
3596	3595	0.042989499867
3596	3597	0.042989499867
3597	3596	0.042989499867
3597	3598	0.042989499867
3598	3597	0.042989499867
3598	3599	0.042989499867
3599	3598	0.042989499867
3599	3600	0.042989499867
3600	3599	0.042989499867
3600	3601	0.042989499867
3601	3600	0.042989499867
3601	3602	0.042989499867
3602	3601	0.042989499867
3602	3603	0.042989499867
3603	3602	0.042989499867
3603	3604	0.042989499867
3604	3603	0.042989499867
3604	3605	0.042989499867
3605	3604	0.042989499867
3605	3606	0.042989499867
3606	3605	0.042989499867
3606	3607	0.042989499867
3607	3606	0.042989499867
3607	3608	0.042989499867
3608	3607	0.042989499867
3608	3609	0.042989499867
3609	3608	0.042989499867
3609	3610	0.042989499867
3610	3609	0.042989499867
3610	3611	0.042989499867
3611	3610	0.042989499867
3611	3612	0.042989499867
3612	3611	0.042989499867
3612	3613	0.042989499867
3613	3612	0.042989499867
3613	3614	0.042989499867
3614	3613	0.042989499867
3614	3615	0.042989499867
3615	3614	0.042989499867
3616	3443	0.0329670011997
3616	3617	0.0329670011997
3617	3616	0.0329670011997
3617	3618	0.0329670011997
3618	3617	0.0329670011997
3618	3619	0.0329670011997
3619	3618	0.0329670011997
3619	3620	0.0329670011997
3620	3619	0.0329670011997
3620	3621	0.0329670011997
3621	3620	0.0329670011997
3621	3622	0.0329670011997
3622	3621	0.0329670011997
3622	3623	0.0329670011997
3623	3622	0.0329670011997
3623	3624	0.0329670011997
3624	3623	0.0329670011997
3624	3625	0.0329670011997
3625	3624	0.0329670011997
3625	3626	0.0329670011997
3626	3625	0.0329670011997
3626	3627	0.0329670011997
3627	3626	0.0329670011997
3627	3628	0.0329670011997
3628	3627	0.0329670011997
3628	3629	0.0329670011997
3629	3628	0.0329670011997
3629	3630	0.0329670011997
3630	3629	0.0329670011997
3630	3631	0.0329670011997
3631	3630	0.0329670011997
3631	3632	0.0329670011997
3632	3631	0.0329670011997
3633	2066	0.0468864999712
3633	3634	0.0468864999712
3634	3633	0.0468864999712
3634	3635	0.0468864999712
3635	3634	0.0468864999712
3635	3636	0.0468864999712
3636	3635	0.0468864999712
3636	3637	0.0468864999712
3637	3636	0.0468864999712
3637	3638	0.0468864999712
3638	3637	0.0468864999712
3638	3639	0.0468864999712
3639	3638	0.0468864999712
3639	3640	0.0468864999712
3640	3639	0.0468864999712
3640	3641	0.0468864999712
3641	3640	0.0468864999712
3641	3642	0.0468864999712
3642	3641	0.0468864999712
3642	3643	0.0468864999712
3643	3642	0.0468864999712
3643	3644	0.0468864999712
3644	3643	0.0468864999712
3644	3645	0.0468864999712
3645	3644	0.0468864999712
3645	3646	0.0468864999712
3646	3645	0.0468864999712
3646	3647	0.0468864999712
3647	3646	0.0468864999712
3647	3648	0.0468864999712
3648	3647	0.0468864999712
3648	3649	0.0468864999712
3649	3648	0.0468864999712
3649	3650	0.0468864999712
3650	3649	0.0468864999712
3650	3651	0.0468864999712
3651	3650	0.0468864999712
3651	3652	0.0468864999712
3652	3651	0.0468864999712
3652	3653	0.0468864999712
3653	3652	0.0468864999712
3653	3654	0.0468864999712
3654	3653	0.0468864999712
3654	3655	0.0468864999712
3655	3654	0.0468864999712
3655	3656	0.0468864999712
3656	3655	0.0468864999712
3656	3657	0.026297500357
3656	3661	0.0439490005374
3657	3656	0.026297500357
3657	3658	0.026297500357
3658	3657	0.026297500357
3658	3659	0.026297500357
3659	3658	0.026297500357
3659	3660	0.026297500357
3660	3659	0.026297500357
3661	3656	0.0439490005374
3661	3662	0.0439490005374
3662	3661	0.0439490005374
3662	3663	0.0439490005374
3663	3662	0.0439490005374
3663	3664	0.0439490005374
3664	3663	0.0439490005374
3664	3665	0.0439490005374
3665	3664	0.0439490005374
3665	3666	0.0439490005374
3666	3665	0.0439490005374
3666	3667	0.0439490005374
3667	3666	0.0439490005374
3667	3668	0.0439490005374
3668	3667	0.0439490005374
3668	3669	0.0439490005374
3669	3668	0.0439490005374
3669	3670	0.0439490005374
3670	3669	0.0439490005374
3670	3671	0.0439490005374
3671	3670	0.0439490005374
3671	3672	0.0439490005374
3672	3671	0.0439490005374
3672	3673	0.0439490005374
3673	3672	0.0439490005374
3673	3674	0.0439490005374
3674	3673	0.0439490005374
3674	3675	0.0439490005374
3675	3674	0.0439490005374
3675	3676	0.0439490005374
3676	3675	0.0439490005374
3676	3677	0.0439490005374
3677	3676	0.0439490005374
3677	3678	0.0439490005374
3678	3677	0.0439490005374
3678	3679	0.0439490005374
3679	3678	0.0439490005374
3679	3680	0.0439490005374
3680	3679	0.0439490005374
3680	3681	0.0439490005374
3681	3680	0.0439490005374
3681	3682	0.0439490005374
3682	3681	0.0439490005374
3682	3683	0.0439490005374
3683	3682	0.0439490005374
3683	3684	0.0439490005374
3684	3683	0.0439490005374
3684	3685	0.0439490005374
3685	3684	0.0439490005374
3685	3686	0.0439490005374
3686	3685	0.0439490005374
3686	3687	0.0439490005374
3687	3686	0.0439490005374
3687	3688	0.0439490005374
3688	3687	0.0439490005374
3688	3689	0.0439490005374
3689	3688	0.0439490005374
3689	3690	0.0439490005374
3690	3689	0.0439490005374
3690	3691	0.0439490005374
3691	3690	0.0439490005374
3691	3692	0.0439490005374
3692	3691	0.0439490005374
3692	3693	0.0439490005374
3693	3692	0.0439490005374
3693	3694	0.0439490005374
3694	3693	0.0439490005374
3694	3695	0.0439490005374
3695	3694	0.0439490005374
3695	3696	0.0439490005374
3696	3695	0.0439490005374
3697	1966	0.262268990278
3697	3698	0.262268990278
3698	3697	0.262268990278
3698	3699	0.262268990278
3699	3698	0.262268990278
3699	3700	0.262268990278
3700	3699	0.262268990278
3700	3701	0.262268990278
3701	3700	0.262268990278
3701	3702	0.262268990278
3702	3701	0.262268990278
3702	3703	0.262268990278
3703	3702	0.262268990278
3703	3704	0.262268990278
3704	3703	0.262268990278
3704	3705	0.262268990278
3705	3704	0.262268990278
3705	3706	0.262268990278
3706	3705	0.262268990278
3706	3707	0.262268990278
3707	3706	0.262268990278
3707	3708	0.262268990278
3708	3707	0.262268990278
3708	3709	0.262268990278
3709	3708	0.262268990278
3709	3710	0.262064009905
3709	10135	0.0348119996488
3710	3709	0.262064009905
3710	3711	0.262064009905
3711	3710	0.262064009905
3711	3712	0.262064009905
3712	3711	0.262064009905
3712	3713	0.262064009905
3713	3712	0.262064009905
3713	3714	0.262064009905
3714	3713	0.262064009905
3714	3715	0.262064009905
3715	3714	0.262064009905
3715	3716	0.262064009905
3716	3715	0.262064009905
3716	3717	0.262064009905
3717	3716	0.262064009905
3717	3718	0.262064009905
3718	3717	0.262064009905
3718	3719	0.262064009905
3719	3718	0.262064009905
3719	3720	0.262064009905
3720	3719	0.262064009905
3720	3721	0.262064009905
3721	3720	0.262064009905
3721	3722	0.262064009905
3722	3721	0.262064009905
3722	3723	0.261752009392
3722	10075	0.0400484986603
3723	3722	0.261752009392
3723	3724	0.261752009392
3724	3723	0.261752009392
3724	3725	0.261752009392
3725	3724	0.261752009392
3725	3726	0.261752009392
3726	3725	0.261752009392
3726	3727	0.261752009392
3727	3726	0.261752009392
3727	3728	0.261752009392
3728	3727	0.261752009392
3728	3729	0.261752009392
3729	3728	0.261752009392
3729	3730	0.261752009392
3730	3729	0.261752009392
3730	3731	0.261752009392
3731	3730	0.261752009392
3731	3732	0.261752009392
3732	3731	0.261752009392
3732	3733	0.261752009392
3733	3732	0.261752009392
3733	3734	0.261752009392
3734	3733	0.261752009392
3734	3735	0.261752009392
3735	3734	0.261752009392
3735	3736	0.261752009392
3736	3735	0.261752009392
3736	3737	0.261752009392
3737	3736	0.261752009392
3737	3738	0.261752009392
3738	3737	0.261752009392
3738	3739	0.261752009392
3739	3738	0.261752009392
3739	3740	0.261752009392
3740	3739	0.261752009392
3740	3741	0.261752009392
3741	3740	0.261752009392
3741	3742	0.261752009392
3742	3741	0.261752009392
3742	3743	0.261752009392
3743	3742	0.261752009392
3743	3744	0.261752009392
3744	3743	0.261752009392
3744	3745	0.261752009392
3745	3744	0.261752009392
3745	3746	0.261752009392
3746	3745	0.261752009392
3746	3747	0.261752009392
3747	3746	0.261752009392
3747	3748	0.261752009392
3748	3747	0.261752009392
3748	3749	0.261752009392
3749	3748	0.261752009392
3749	3750	0.261322498322
3749	10009	0.0444989986718
3750	3749	0.261322498322
3750	3751	0.261322498322
3751	3750	0.261322498322
3751	3752	0.261322498322
3752	3751	0.261322498322
3752	3753	0.261322498322
3753	3752	0.261322498322
3753	3754	0.261322498322
3754	3753	0.261322498322
3754	3755	0.261322498322
3755	3754	0.261322498322
3755	3756	0.261322498322
3756	3755	0.261322498322
3756	3757	0.261322498322
3757	3756	0.261322498322
3757	3758	0.261322498322
3758	3757	0.261322498322
3758	3759	0.261322498322
3759	3758	0.261322498322
3759	3760	0.261322498322
3760	3759	0.261322498322
3760	3761	0.261322498322
3761	3760	0.261322498322
3761	3762	0.261322498322
3762	3761	0.261322498322
3762	3763	0.261322498322
3763	3762	0.261322498322
3763	3764	0.261322498322
3764	3763	0.261322498322
3764	3765	0.261322498322
3765	3764	0.261322498322
3765	3766	0.261322498322
3766	3765	0.261322498322
3766	3767	0.261322498322
3767	3766	0.261322498322
3767	3768	0.261322498322
3768	3767	0.261322498322
3768	3769	0.261322498322
3769	3768	0.261322498322
3769	3770	0.261322498322
3770	3769	0.261322498322
3770	3771	0.261322498322
3771	3770	0.261322498322
3771	3772	0.261322498322
3772	3771	0.261322498322
3772	3773	0.261322498322
3773	3772	0.261322498322
3773	3774	0.261322498322
3774	3773	0.261322498322
3774	3775	0.261322498322
3775	3774	0.261322498322
3775	3776	0.261322498322
3776	3775	0.261322498322
3776	3777	0.0356959998608
3776	3812	0.261100500822
3777	3776	0.0356959998608
3777	3778	0.0356959998608
3778	3777	0.0356959998608
3778	3779	0.0356959998608
3779	3778	0.0356959998608
3779	3780	0.0356959998608
3780	3779	0.0356959998608
3780	3781	0.0356959998608
3781	3780	0.0356959998608
3781	3782	0.0356959998608
3782	3781	0.0356959998608
3782	3783	0.0356959998608
3783	3782	0.0356959998608
3783	3784	0.0356959998608
3784	3783	0.0356959998608
3784	3785	0.0356959998608
3785	3784	0.0356959998608
3785	3786	0.0356959998608
3786	3785	0.0356959998608
3786	3787	0.0356959998608
3787	3786	0.0356959998608
3787	3788	0.0356959998608
3788	3787	0.0356959998608
3788	3789	0.0356959998608
3789	3788	0.0356959998608
3789	3790	0.0356959998608
3790	3789	0.0356959998608
3790	3791	0.0356959998608
3791	3790	0.0356959998608
3791	3792	0.0356959998608
3792	3791	0.0356959998608
3792	3793	0.0356959998608
3793	3792	0.0356959998608
3793	3794	0.0356959998608
3794	3793	0.0356959998608
3794	3795	0.0356959998608
3795	3794	0.0356959998608
3795	3796	0.0356959998608
3796	3795	0.0356959998608
3796	3797	0.0356959998608
3797	3796	0.0356959998608
3797	3798	0.0356959998608
3798	3797	0.0356959998608
3798	3799	0.0356959998608
3799	3798	0.0356959998608
3799	3800	0.0356959998608
3800	3799	0.0356959998608
3800	3801	0.0356959998608
3801	3800	0.0356959998608
3801	3802	0.0356959998608
3802	3801	0.0356959998608
3802	3803	0.0356959998608
3803	3802	0.0356959998608
3803	3804	0.0356959998608
3804	3803	0.0356959998608
3804	3805	0.0356959998608
3805	3804	0.0356959998608
3805	3806	0.0356959998608
3806	3805	0.0356959998608
3806	3807	0.0356959998608
3807	3806	0.0356959998608
3807	3808	0.0356959998608
3808	3807	0.0356959998608
3808	3809	0.0356959998608
3809	3808	0.0356959998608
3809	3810	0.0356959998608
3810	3809	0.0356959998608
3810	3811	0.0356959998608
3811	3810	0.0356959998608
3812	3776	0.261100500822
3812	3813	0.261100500822
3813	3812	0.261100500822
3813	3814	0.261100500822
3814	3813	0.261100500822
3814	3815	0.261100500822
3815	3814	0.261100500822
3815	3816	0.261100500822
3816	3815	0.261100500822
3816	3817	0.261100500822
3817	3816	0.261100500822
3817	3818	0.261100500822
3818	3817	0.261100500822
3818	3819	0.261100500822
3819	3818	0.261100500822
3819	3820	0.261100500822
3820	3819	0.261100500822
3820	3821	0.261100500822
3821	3820	0.261100500822
3821	3822	0.261100500822
3822	3821	0.261100500822
3822	3823	0.261100500822
3823	3822	0.261100500822
3823	3824	0.261100500822
3824	3823	0.261100500822
3824	3825	0.261100500822
3825	3824	0.261100500822
3825	3826	0.261100500822
3826	3825	0.261100500822
3826	3827	0.261100500822
3827	3826	0.261100500822
3827	3828	0.261100500822
3828	3827	0.261100500822
3828	3829	0.261100500822
3829	3828	0.261100500822
3829	3830	0.261100500822
3830	3829	0.261100500822
3830	3831	0.261100500822
3831	3830	0.261100500822
3831	3832	0.261100500822
3832	3831	0.261100500822
3832	3833	0.261100500822
3833	3832	0.261100500822
3833	3834	0.261100500822
3834	3833	0.261100500822
3834	3835	0.261100500822
3835	3834	0.261100500822
3835	3836	0.261100500822
3836	3835	0.261100500822
3836	3837	0.261100500822
3837	3836	0.261100500822
3837	3838	0.261100500822
3838	3837	0.261100500822
3838	3839	0.26096200943
3838	9992	0.030468499288
3839	3838	0.26096200943
3839	3840	0.26096200943
3840	3839	0.26096200943
3840	3841	0.26096200943
3841	3840	0.26096200943
3841	3842	0.26096200943
3842	3841	0.26096200943
3842	3843	0.26096200943
3843	3842	0.26096200943
3843	3844	0.26096200943
3844	3843	0.26096200943
3844	3845	0.0904145017266
3844	4197	0.257292985916
3845	3844	0.0904145017266
3845	3846	0.0904145017266
3846	3845	0.0904145017266
3846	3847	0.0904145017266
3847	3846	0.0904145017266
3847	3848	0.0904145017266
3848	3847	0.0904145017266
3848	3849	0.0904145017266
3849	3848	0.0904145017266
3849	3850	0.0904145017266
3850	3849	0.0904145017266
3850	3851	0.0904145017266
3851	3850	0.0904145017266
3851	3852	0.0904145017266
3852	3851	0.0904145017266
3852	3853	0.0904145017266
3853	3852	0.0904145017266
3853	3854	0.0904145017266
3854	3853	0.0904145017266
3854	3855	0.0904145017266
3855	3854	0.0904145017266
3855	3856	0.0320724993944
3855	3875	0.0890484973788
3856	3855	0.0320724993944
3856	3857	0.0320724993944
3857	3856	0.0320724993944
3857	3858	0.0320724993944
3858	3857	0.0320724993944
3858	3859	0.0320724993944
3859	3858	0.0320724993944
3859	3860	0.0320724993944
3860	3859	0.0320724993944
3860	3861	0.0320724993944
3861	3860	0.0320724993944
3861	3862	0.0320724993944
3862	3861	0.0320724993944
3862	3863	0.0320724993944
3863	3862	0.0320724993944
3863	3864	0.0320724993944
3864	3863	0.0320724993944
3864	3865	0.0320724993944
3865	3864	0.0320724993944
3865	3866	0.0320724993944
3866	3865	0.0320724993944
3866	3867	0.0320724993944
3867	3866	0.0320724993944
3867	3868	0.0320724993944
3868	3867	0.0320724993944
3868	3869	0.0320724993944
3869	3868	0.0320724993944
3869	3870	0.0320724993944
3870	3869	0.0320724993944
3870	3871	0.0320724993944
3871	3870	0.0320724993944
3871	3872	0.0320724993944
3872	3871	0.0320724993944
3872	3873	0.0320724993944
3873	3872	0.0320724993944
3873	3874	0.0320724993944
3874	3873	0.0320724993944
3875	3855	0.0890484973788
3875	3876	0.0890484973788
3876	3875	0.0890484973788
3876	3877	0.0890484973788
3877	3876	0.0890484973788
3877	3878	0.0890484973788
3878	3877	0.0890484973788
3878	3879	0.0890484973788
3879	3878	0.0890484973788
3879	3880	0.0890484973788
3880	3879	0.0890484973788
3880	3881	0.0890484973788
3881	3880	0.0890484973788
3881	3882	0.0890484973788
3882	3881	0.0890484973788
3882	3883	0.0890484973788
3883	3882	0.0890484973788
3883	3884	0.0890484973788
3884	3883	0.0890484973788
3884	3885	0.0890484973788
3885	3884	0.0890484973788
3885	3886	0.0274839997292
3885	3895	0.0881669968367
3886	3885	0.0274839997292
3886	3887	0.0274839997292
3887	3886	0.0274839997292
3887	3888	0.0274839997292
3888	3887	0.0274839997292
3888	3889	0.0274839997292
3889	3888	0.0274839997292
3889	3890	0.0274839997292
3890	3889	0.0274839997292
3890	3891	0.0274839997292
3891	3890	0.0274839997292
3891	3892	0.0274839997292
3892	3891	0.0274839997292
3892	3893	0.0274839997292
3893	3892	0.0274839997292
3893	3894	0.0274839997292
3894	3893	0.0274839997292
3895	3885	0.0881669968367
3895	3896	0.0881669968367
3896	3895	0.0881669968367
3896	3897	0.0881669968367
3897	3896	0.0881669968367
3897	3898	0.0881669968367
3898	3897	0.0881669968367
3898	3899	0.0881669968367
3899	3898	0.0881669968367
3899	3900	0.0881669968367
3900	3899	0.0881669968367
3900	3901	0.0881669968367
3901	3900	0.0881669968367
3901	3902	0.0881669968367
3902	3901	0.0881669968367
3902	3903	0.0881669968367
3903	3902	0.0881669968367
3903	3904	0.0881669968367
3904	3903	0.0881669968367
3904	3905	0.0881669968367
3905	3904	0.0881669968367
3905	3906	0.0881669968367
3906	3905	0.0881669968367
3906	3907	0.0881669968367
3907	3906	0.0881669968367
3907	3908	0.0881669968367
3908	3907	0.0881669968367
3908	3909	0.0881669968367
3909	3908	0.0881669968367
3909	3910	0.0881669968367
3910	3909	0.0881669968367
3910	3911	0.0881669968367
3911	3910	0.0881669968367
3911	3912	0.0881669968367
3912	3911	0.0881669968367
3912	3913	0.0881669968367
3913	3912	0.0881669968367
3913	3914	0.0881669968367
3914	3913	0.0881669968367
3914	3915	0.0881669968367
3915	3914	0.0881669968367
3915	3916	0.0881669968367
3916	3915	0.0881669968367
3916	3917	0.0881669968367
3917	3916	0.0881669968367
3917	3918	0.0329000018537
3917	3934	0.0866129994392
3918	3917	0.0329000018537
3918	3919	0.0329000018537
3919	3918	0.0329000018537
3919	3920	0.0329000018537
3920	3919	0.0329000018537
3920	3921	0.0329000018537
3921	3920	0.0329000018537
3921	3922	0.0329000018537
3922	3921	0.0329000018537
3922	3923	0.0329000018537
3923	3922	0.0329000018537
3923	3924	0.0329000018537
3924	3923	0.0329000018537
3924	3925	0.0329000018537
3925	3924	0.0329000018537
3925	3926	0.0329000018537
3926	3925	0.0329000018537
3926	3927	0.0329000018537
3927	3926	0.0329000018537
3927	3928	0.0329000018537
3928	3927	0.0329000018537
3928	3929	0.0329000018537
3929	3928	0.0329000018537
3929	3930	0.0329000018537
3930	3929	0.0329000018537
3930	3931	0.0329000018537
3931	3930	0.0329000018537
3931	3932	0.0329000018537
3932	3931	0.0329000018537
3932	3933	0.0329000018537
3933	3932	0.0329000018537
3934	3917	0.0866129994392
3934	3935	0.0866129994392
3935	3934	0.0866129994392
3935	3936	0.0866129994392
3936	3935	0.0866129994392
3936	3937	0.0866129994392
3937	3936	0.0866129994392
3937	3938	0.0866129994392
3938	3937	0.0866129994392
3938	3939	0.0866129994392
3939	3938	0.0866129994392
3939	3940	0.0866129994392
3940	3939	0.0866129994392
3940	3941	0.0866129994392
3941	3940	0.0866129994392
3941	3942	0.0866129994392
3942	3941	0.0866129994392
3942	3943	0.0866129994392
3943	3942	0.0866129994392
3943	3944	0.0866129994392
3944	3943	0.0866129994392
3944	3945	0.0866129994392
3945	3944	0.0866129994392
3945	3946	0.0866129994392
3946	3945	0.0866129994392
3946	3947	0.0866129994392
3947	3946	0.0866129994392
3947	3948	0.0866129994392
3948	3947	0.0866129994392
3948	3949	0.0866129994392
3949	3948	0.0866129994392
3949	3950	0.0866129994392
3950	3949	0.0866129994392
3950	3951	0.0866129994392
3951	3950	0.0866129994392
3951	3952	0.0866129994392
3952	3951	0.0866129994392
3952	3953	0.0866129994392
3953	3952	0.0866129994392
3953	3954	0.0333665013313
3953	3968	0.0849295035005
3954	3953	0.0333665013313
3954	3955	0.0333665013313
3955	3954	0.0333665013313
3955	3956	0.0333665013313
3956	3955	0.0333665013313
3956	3957	0.0333665013313
3957	3956	0.0333665013313
3957	3958	0.0333665013313
3958	3957	0.0333665013313
3958	3959	0.0333665013313
3959	3958	0.0333665013313
3959	3960	0.0333665013313
3960	3959	0.0333665013313
3960	3961	0.0333665013313
3961	3960	0.0333665013313
3961	3962	0.0333665013313
3962	3961	0.0333665013313
3962	3963	0.0333665013313
3963	3962	0.0333665013313
3963	3964	0.0333665013313
3964	3963	0.0333665013313
3964	3965	0.0333665013313
3965	3964	0.0333665013313
3965	3966	0.0333665013313
3966	3965	0.0333665013313
3966	3967	0.0333665013313
3967	3966	0.0333665013313
3968	3953	0.0849295035005
3968	3969	0.0849295035005
3969	3968	0.0849295035005
3969	3970	0.0849295035005
3970	3969	0.0849295035005
3970	3971	0.0849295035005
3971	3970	0.0849295035005
3971	3972	0.0849295035005
3972	3971	0.0849295035005
3972	3973	0.0849295035005
3973	3972	0.0849295035005
3973	3974	0.0849295035005
3974	3973	0.0849295035005
3974	3975	0.0849295035005
3975	3974	0.0849295035005
3975	3976	0.0849295035005
3976	3975	0.0849295035005
3976	3977	0.0849295035005
3977	3976	0.0849295035005
3977	3978	0.0849295035005
3978	3977	0.0849295035005
3978	3979	0.0806249976158
3978	4157	0.0445645004511
3979	3978	0.0806249976158
3979	3980	0.0806249976158
3980	3979	0.0806249976158
3980	3981	0.0806249976158
3981	3980	0.0806249976158
3981	3982	0.0806249976158
3982	3981	0.0806249976158
3982	3983	0.0806249976158
3983	3982	0.0806249976158
3983	3984	0.0806249976158
3984	3983	0.0806249976158
3984	3985	0.0806249976158
3985	3984	0.0806249976158
3985	3986	0.0806249976158
3986	3985	0.0806249976158
3986	3987	0.0806249976158
3987	3986	0.0806249976158
3987	3988	0.0806249976158
3988	3987	0.0806249976158
3988	3989	0.0806249976158
3989	3988	0.0806249976158
3989	3990	0.054740998894
3989	4050	0.0711420029402
3990	3989	0.054740998894
3990	3991	0.054740998894
3991	3990	0.054740998894
3991	3992	0.054740998894
3992	3991	0.054740998894
3992	3993	0.054740998894
3993	3992	0.054740998894
3993	3994	0.054740998894
3994	3993	0.054740998894
3994	3995	0.054740998894
3995	3994	0.054740998894
3995	3996	0.054740998894
3996	3995	0.054740998894
3996	3997	0.054740998894
3997	3996	0.054740998894
3997	3998	0.054740998894
3998	3997	0.054740998894
3998	3999	0.049916498363
3998	4041	0.034102499485
3999	3998	0.049916498363
3999	4000	0.049916498363
4000	3999	0.049916498363
4000	4001	0.049916498363
4001	4000	0.049916498363
4001	4002	0.049916498363
4002	4001	0.049916498363
4002	4003	0.049916498363
4003	4002	0.049916498363
4003	4004	0.049916498363
4004	4003	0.049916498363
4004	4005	0.049916498363
4005	4004	0.049916498363
4005	4006	0.049916498363
4006	4005	0.049916498363
4006	4007	0.049916498363
4007	4006	0.049916498363
4007	4008	0.049916498363
4008	4007	0.049916498363
4008	4009	0.049916498363
4009	4008	0.049916498363
4009	4010	0.049916498363
4010	4009	0.049916498363
4010	4011	0.049916498363
4011	4010	0.049916498363
4011	4012	0.049916498363
4012	4011	0.049916498363
4012	4013	0.049916498363
4013	4012	0.049916498363
4013	4014	0.049916498363
4014	4013	0.049916498363
4014	4015	0.049916498363
4015	4014	0.049916498363
4015	4016	0.049916498363
4016	4015	0.049916498363
4016	4017	0.049916498363
4017	4016	0.049916498363
4017	4018	0.049916498363
4018	4017	0.049916498363
4018	4019	0.049916498363
4019	4018	0.049916498363
4019	4020	0.049916498363
4020	4019	0.049916498363
4020	4021	0.049916498363
4021	4020	0.049916498363
4021	4022	0.049916498363
4022	4021	0.049916498363
4022	4023	0.049916498363
4023	4022	0.049916498363
4023	4024	0.049916498363
4024	4023	0.049916498363
4024	4025	0.049916498363
4025	4024	0.049916498363
4025	4026	0.049916498363
4026	4025	0.049916498363
4026	4027	0.049916498363
4027	4026	0.049916498363
4027	4028	0.049916498363
4028	4027	0.049916498363
4028	4029	0.049916498363
4029	4028	0.049916498363
4029	4030	0.049916498363
4030	4029	0.049916498363
4030	4031	0.049916498363
4031	4030	0.049916498363
4031	4032	0.049916498363
4032	4031	0.049916498363
4032	4033	0.049916498363
4033	4032	0.049916498363
4033	4034	0.049916498363
4034	4033	0.049916498363
4034	4035	0.049916498363
4035	4034	0.049916498363
4035	4036	0.049916498363
4036	4035	0.049916498363
4036	4037	0.049916498363
4037	4036	0.049916498363
4037	4038	0.049916498363
4038	4037	0.049916498363
4038	4039	0.049916498363
4039	4038	0.049916498363
4039	4040	0.049916498363
4040	4039	0.049916498363
4041	3998	0.034102499485
4041	4042	0.034102499485
4042	4041	0.034102499485
4042	4043	0.034102499485
4043	4042	0.034102499485
4043	4044	0.034102499485
4044	4043	0.034102499485
4044	4045	0.034102499485
4045	4044	0.034102499485
4045	4046	0.034102499485
4046	4045	0.034102499485
4046	4047	0.034102499485
4047	4046	0.034102499485
4047	4048	0.034102499485
4048	4047	0.034102499485
4048	4049	0.034102499485
4049	4048	0.034102499485
4050	3989	0.0711420029402
4050	4051	0.0711420029402
4051	4050	0.0711420029402
4051	4052	0.0711420029402
4052	4051	0.0711420029402
4052	4053	0.0711420029402
4053	4052	0.0711420029402
4053	4054	0.0711420029402
4054	4053	0.0711420029402
4054	4055	0.0711420029402
4055	4054	0.0711420029402
4055	4056	0.0711420029402
4056	4055	0.0711420029402
4056	4057	0.0711420029402
4057	4056	0.0711420029402
4057	4058	0.0711420029402
4058	4057	0.0711420029402
4058	4059	0.0711420029402
4059	4058	0.0711420029402
4059	4060	0.0711420029402
4060	4059	0.0711420029402
4060	4061	0.0711420029402
4061	4060	0.0711420029402
4061	4062	0.0711420029402
4062	4061	0.0711420029402
4062	4063	0.0711420029402
4063	4062	0.0711420029402
4063	4064	0.0711420029402
4064	4063	0.0711420029402
4064	4065	0.0711420029402
4065	4064	0.0711420029402
4065	4066	0.0711420029402
4066	4065	0.0711420029402
4066	4067	0.0711420029402
4067	4066	0.0711420029402
4067	4068	0.0711420029402
4068	4067	0.0711420029402
4068	4069	0.0711420029402
4069	4068	0.0711420029402
4069	4070	0.0711420029402
4070	4069	0.0711420029402
4070	4071	0.0711420029402
4071	4070	0.0711420029402
4071	4072	0.0711420029402
4072	4071	0.0711420029402
4072	4073	0.0711420029402
4073	4072	0.0711420029402
4073	4074	0.0711420029402
4074	4073	0.0711420029402
4074	4075	0.0711420029402
4075	4074	0.0711420029402
4075	4076	0.0711420029402
4076	4075	0.0711420029402
4076	4077	0.0711420029402
4077	4076	0.0711420029402
4077	4078	0.0711420029402
4078	4077	0.0711420029402
4078	4079	0.0711420029402
4079	4078	0.0711420029402
4079	4080	0.0711420029402
4080	4079	0.0711420029402
4080	4081	0.0711420029402
4081	4080	0.0711420029402
4081	4082	0.0711420029402
4082	4081	0.0711420029402
4082	4083	0.0711420029402
4083	4082	0.0711420029402
4083	4084	0.0711420029402
4084	4083	0.0711420029402
4084	4085	0.0711420029402
4085	4084	0.0711420029402
4085	4086	0.0711420029402
4086	4085	0.0711420029402
4086	4087	0.0711420029402
4087	4086	0.0711420029402
4087	4088	0.0711420029402
4088	4087	0.0711420029402
4088	4089	0.0711420029402
4089	4088	0.0711420029402
4089	4090	0.0711420029402
4090	4089	0.0711420029402
4090	4091	0.0676859989762
4090	4150	0.0368320010602
4091	4090	0.0676859989762
4091	4092	0.0676859989762
4092	4091	0.0676859989762
4092	4093	0.0676859989762
4093	4092	0.0676859989762
4093	4094	0.0676859989762
4094	4093	0.0676859989762
4094	4095	0.0676859989762
4095	4094	0.0676859989762
4095	4096	0.0676859989762
4096	4095	0.0676859989762
4096	4097	0.0676859989762
4097	4096	0.0676859989762
4097	4098	0.0676859989762
4098	4097	0.0676859989762
4098	4099	0.0676859989762
4099	4098	0.0676859989762
4099	4100	0.0676859989762
4100	4099	0.0676859989762
4100	4101	0.0501330010593
4100	4119	0.0568874999881
4101	4100	0.0501330010593
4101	4102	0.0501330010593
4102	4101	0.0501330010593
4102	4103	0.0501330010593
4103	4102	0.0501330010593
4103	4104	0.0501330010593
4104	4103	0.0501330010593
4104	4105	0.0501330010593
4105	4104	0.0501330010593
4105	4106	0.0501330010593
4106	4105	0.0501330010593
4106	4107	0.0501330010593
4107	4106	0.0501330010593
4107	4108	0.0501330010593
4108	4107	0.0501330010593
4108	4109	0.0501330010593
4109	4108	0.0501330010593
4109	4110	0.0501330010593
4110	4109	0.0501330010593
4110	4111	0.0501330010593
4111	4110	0.0501330010593
4111	4112	0.0501330010593
4112	4111	0.0501330010593
4112	4113	0.0501330010593
4113	4112	0.0501330010593
4113	4114	0.0501330010593
4114	4113	0.0501330010593
4114	4115	0.0501330010593
4115	4114	0.0501330010593
4115	4116	0.0501330010593
4116	4115	0.0501330010593
4116	4117	0.0501330010593
4117	4116	0.0501330010593
4117	4118	0.0501330010593
4118	4117	0.0501330010593
4119	4100	0.0568874999881
4119	4120	0.0568874999881
4120	4119	0.0568874999881
4120	4121	0.0568874999881
4121	4120	0.0568874999881
4121	4122	0.0568874999881
4122	4121	0.0568874999881
4122	4123	0.0568874999881
4123	4122	0.0568874999881
4123	4124	0.0568874999881
4124	4123	0.0568874999881
4124	4125	0.0568874999881
4125	4124	0.0568874999881
4125	4126	0.0568874999881
4126	4125	0.0568874999881
4126	4127	0.0568874999881
4127	4126	0.0568874999881
4127	4128	0.0568874999881
4128	4127	0.0568874999881
4128	4129	0.0568874999881
4129	4128	0.0568874999881
4129	4130	0.0568874999881
4130	4129	0.0568874999881
4130	4131	0.0568874999881
4131	4130	0.0568874999881
4131	4132	0.0568874999881
4132	4131	0.0568874999881
4132	4133	0.0568874999881
4133	4132	0.0568874999881
4133	4134	0.0568874999881
4134	4133	0.0568874999881
4134	4135	0.0568874999881
4135	4134	0.0568874999881
4135	4136	0.0568874999881
4136	4135	0.0568874999881
4136	4137	0.0568874999881
4137	4136	0.0568874999881
4137	4138	0.0568874999881
4138	4137	0.0568874999881
4138	4139	0.0568874999881
4139	4138	0.0568874999881
4139	4140	0.0568874999881
4140	4139	0.0568874999881
4140	4141	0.0568874999881
4141	4140	0.0568874999881
4141	4142	0.0568874999881
4142	4141	0.0568874999881
4142	4143	0.0568874999881
4143	4142	0.0568874999881
4143	4144	0.0568874999881
4144	4143	0.0568874999881
4144	4145	0.0568874999881
4145	4144	0.0568874999881
4145	4146	0.0568874999881
4146	4145	0.0568874999881
4146	4147	0.0568874999881
4147	4146	0.0568874999881
4147	4148	0.0568874999881
4148	4147	0.0568874999881
4148	4149	0.0568874999881
4149	4148	0.0568874999881
4150	4090	0.0368320010602
4150	4151	0.0368320010602
4151	4150	0.0368320010602
4151	4152	0.0368320010602
4152	4151	0.0368320010602
4152	4153	0.0368320010602
4153	4152	0.0368320010602
4153	4154	0.0368320010602
4154	4153	0.0368320010602
4154	4155	0.0368320010602
4155	4154	0.0368320010602
4155	4156	0.0368320010602
4156	4155	0.0368320010602
4157	3978	0.0445645004511
4157	4158	0.0445645004511
4158	4157	0.0445645004511
4158	4159	0.0445645004511
4159	4158	0.0445645004511
4159	4160	0.0445645004511
4160	4159	0.0445645004511
4160	4161	0.0445645004511
4161	4160	0.0445645004511
4161	4162	0.0445645004511
4162	4161	0.0445645004511
4162	4163	0.0445645004511
4163	4162	0.0445645004511
4163	4164	0.0445645004511
4164	4163	0.0445645004511
4164	4165	0.0445645004511
4165	4164	0.0445645004511
4165	4166	0.0445645004511
4166	4165	0.0445645004511
4166	4167	0.0445645004511
4167	4166	0.0445645004511
4167	4168	0.0445645004511
4168	4167	0.0445645004511
4168	4169	0.0445645004511
4169	4168	0.0445645004511
4169	4170	0.0445645004511
4170	4169	0.0445645004511
4170	4171	0.0445645004511
4171	4170	0.0445645004511
4171	4172	0.0445645004511
4172	4171	0.0445645004511
4172	4173	0.0445645004511
4173	4172	0.0445645004511
4173	4174	0.0445645004511
4174	4173	0.0445645004511
4174	4175	0.0445645004511
4175	4174	0.0445645004511
4175	4176	0.0445645004511
4176	4175	0.0445645004511
4176	4177	0.0445645004511
4177	4176	0.0445645004511
4177	4178	0.0445645004511
4178	4177	0.0445645004511
4178	4179	0.0445645004511
4179	4178	0.0445645004511
4179	4180	0.0445645004511
4180	4179	0.0445645004511
4180	4181	0.0445645004511
4181	4180	0.0445645004511
4181	4182	0.0445645004511
4182	4181	0.0445645004511
4182	4183	0.0445645004511
4183	4182	0.0445645004511
4183	4184	0.0445645004511
4184	4183	0.0445645004511
4184	4185	0.0445645004511
4185	4184	0.0445645004511
4185	4186	0.0445645004511
4186	4185	0.0445645004511
4186	4187	0.0445645004511
4187	4186	0.0445645004511
4187	4188	0.0445645004511
4188	4187	0.0445645004511
4188	4189	0.0445645004511
4189	4188	0.0445645004511
4189	4190	0.0445645004511
4190	4189	0.0445645004511
4190	4191	0.0445645004511
4191	4190	0.0445645004511
4191	4192	0.0445645004511
4192	4191	0.0445645004511
4192	4193	0.0445645004511
4193	4192	0.0445645004511
4193	4194	0.0445645004511
4194	4193	0.0445645004511
4194	4195	0.0445645004511
4195	4194	0.0445645004511
4195	4196	0.0445645004511
4196	4195	0.0445645004511
4197	3844	0.257292985916
4197	4198	0.257292985916
4198	4197	0.257292985916
4198	4199	0.257292985916
4199	4198	0.257292985916
4199	4200	0.257292985916
4200	4199	0.257292985916
4200	4201	0.257292985916
4201	4200	0.257292985916
4201	4202	0.257292985916
4202	4201	0.257292985916
4202	4203	0.0565459989011
4202	4310	0.25637948513
4203	4202	0.0565459989011
4203	4204	0.0565459989011
4204	4203	0.0565459989011
4204	4205	0.0565459989011
4205	4204	0.0565459989011
4205	4206	0.0565459989011
4206	4205	0.0565459989011
4206	4207	0.0565459989011
4207	4206	0.0565459989011
4207	4208	0.0565459989011
4208	4207	0.0565459989011
4208	4209	0.0565459989011
4209	4208	0.0565459989011
4209	4210	0.0565459989011
4210	4209	0.0565459989011
4210	4211	0.0565459989011
4211	4210	0.0565459989011
4211	4212	0.0565459989011
4212	4211	0.0565459989011
4212	4213	0.0565459989011
4213	4212	0.0565459989011
4213	4214	0.0565459989011
4214	4213	0.0565459989011
4214	4215	0.0565459989011
4215	4214	0.0565459989011
4215	4216	0.0565459989011
4216	4215	0.0565459989011
4216	4217	0.0565459989011
4217	4216	0.0565459989011
4217	4218	0.0565459989011
4218	4217	0.0565459989011
4218	4219	0.0565459989011
4219	4218	0.0565459989011
4219	4220	0.0565459989011
4220	4219	0.0565459989011
4220	4221	0.0565459989011
4221	4220	0.0565459989011
4221	4222	0.0565459989011
4222	4221	0.0565459989011
4222	4223	0.0565459989011
4223	4222	0.0565459989011
4223	4224	0.0565459989011
4224	4223	0.0565459989011
4224	4225	0.0565459989011
4225	4224	0.0565459989011
4225	4226	0.0374020002782
4225	4252	0.0504595004022
4226	4225	0.0374020002782
4226	4227	0.0374020002782
4227	4226	0.0374020002782
4227	4228	0.0374020002782
4228	4227	0.0374020002782
4228	4229	0.0374020002782
4229	4228	0.0374020002782
4229	4230	0.0374020002782
4230	4229	0.0374020002782
4230	4231	0.0374020002782
4231	4230	0.0374020002782
4231	4232	0.0374020002782
4232	4231	0.0374020002782
4232	4233	0.0374020002782
4233	4232	0.0374020002782
4233	4234	0.0374020002782
4234	4233	0.0374020002782
4234	4235	0.0374020002782
4235	4234	0.0374020002782
4235	4236	0.0374020002782
4236	4235	0.0374020002782
4236	4237	0.0374020002782
4237	4236	0.0374020002782
4237	4238	0.0374020002782
4238	4237	0.0374020002782
4238	4239	0.0374020002782
4239	4238	0.0374020002782
4239	4240	0.0374020002782
4240	4239	0.0374020002782
4240	4241	0.0374020002782
4241	4240	0.0374020002782
4241	4242	0.0374020002782
4242	4241	0.0374020002782
4242	4243	0.0374020002782
4243	4242	0.0374020002782
4243	4244	0.0374020002782
4244	4243	0.0374020002782
4244	4245	0.0374020002782
4245	4244	0.0374020002782
4245	4246	0.0374020002782
4246	4245	0.0374020002782
4246	4247	0.0374020002782
4247	4246	0.0374020002782
4247	4248	0.0374020002782
4248	4247	0.0374020002782
4248	4249	0.0374020002782
4249	4248	0.0374020002782
4249	4250	0.0374020002782
4250	4249	0.0374020002782
4250	4251	0.0374020002782
4251	4250	0.0374020002782
4252	4225	0.0504595004022
4252	4253	0.0504595004022
4253	4252	0.0504595004022
4253	4254	0.0504595004022
4254	4253	0.0504595004022
4254	4255	0.0504595004022
4255	4254	0.0504595004022
4255	4256	0.0504595004022
4256	4255	0.0504595004022
4256	4257	0.0504595004022
4257	4256	0.0504595004022
4257	4258	0.0504595004022
4258	4257	0.0504595004022
4258	4259	0.0504595004022
4259	4258	0.0504595004022
4259	4260	0.0504595004022
4260	4259	0.0504595004022
4260	4261	0.0504595004022
4261	4260	0.0504595004022
4261	4262	0.0504595004022
4262	4261	0.0504595004022
4262	4263	0.0504595004022
4263	4262	0.0504595004022
4263	4264	0.0504595004022
4264	4263	0.0504595004022
4264	4265	0.0504595004022
4265	4264	0.0504595004022
4265	4266	0.0504595004022
4266	4265	0.0504595004022
4266	4267	0.0504595004022
4267	4266	0.0504595004022
4267	4268	0.0504595004022
4268	4267	0.0504595004022
4268	4269	0.0504595004022
4269	4268	0.0504595004022
4269	4270	0.0504595004022
4270	4269	0.0504595004022
4270	4271	0.0504595004022
4271	4270	0.0504595004022
4271	4272	0.0504595004022
4272	4271	0.0504595004022
4272	4273	0.0504595004022
4273	4272	0.0504595004022
4273	4274	0.0466624982655
4273	4305	0.0299545004964
4274	4273	0.0466624982655
4274	4275	0.0466624982655
4275	4274	0.0466624982655
4275	4276	0.0466624982655
4276	4275	0.0466624982655
4276	4277	0.0466624982655
4277	4276	0.0466624982655
4277	4278	0.0466624982655
4278	4277	0.0466624982655
4278	4279	0.0466624982655
4279	4278	0.0466624982655
4279	4280	0.0466624982655
4280	4279	0.0466624982655
4280	4281	0.0466624982655
4281	4280	0.0466624982655
4281	4282	0.0466624982655
4282	4281	0.0466624982655
4282	4283	0.0466624982655
4283	4282	0.0466624982655
4283	4284	0.0466624982655
4284	4283	0.0466624982655
4284	4285	0.0466624982655
4285	4284	0.0466624982655
4285	4286	0.0466624982655
4286	4285	0.0466624982655
4286	4287	0.0466624982655
4287	4286	0.0466624982655
4287	4288	0.0466624982655
4288	4287	0.0466624982655
4288	4289	0.0466624982655
4289	4288	0.0466624982655
4289	4290	0.0466624982655
4290	4289	0.0466624982655
4290	4291	0.0466624982655
4291	4290	0.0466624982655
4291	4292	0.0466624982655
4292	4291	0.0466624982655
4292	4293	0.0466624982655
4293	4292	0.0466624982655
4293	4294	0.0466624982655
4294	4293	0.0466624982655
4294	4295	0.0466624982655
4295	4294	0.0466624982655
4295	4296	0.0466624982655
4296	4295	0.0466624982655
4296	4297	0.0466624982655
4297	4296	0.0466624982655
4297	4298	0.0466624982655
4298	4297	0.0466624982655
4298	4299	0.0466624982655
4299	4298	0.0466624982655
4299	4300	0.0466624982655
4300	4299	0.0466624982655
4300	4301	0.0466624982655
4301	4300	0.0466624982655
4301	4302	0.0466624982655
4302	4301	0.0466624982655
4302	4303	0.0466624982655
4303	4302	0.0466624982655
4303	4304	0.0466624982655
4304	4303	0.0466624982655
4305	4273	0.0299545004964
4305	4306	0.0299545004964
4306	4305	0.0299545004964
4306	4307	0.0299545004964
4307	4306	0.0299545004964
4307	4308	0.0299545004964
4308	4307	0.0299545004964
4308	4309	0.0299545004964
4309	4308	0.0299545004964
4310	4202	0.25637948513
4310	4311	0.25637948513
4311	4310	0.25637948513
4311	4312	0.25637948513
4312	4311	0.25637948513
4312	4313	0.25637948513
4313	4312	0.25637948513
4313	4314	0.25637948513
4314	4313	0.25637948513
4314	4315	0.25637948513
4315	4314	0.25637948513
4315	4316	0.25637948513
4316	4315	0.25637948513
4316	4317	0.25637948513
4317	4316	0.25637948513
4317	4318	0.25637948513
4318	4317	0.25637948513
4318	4319	0.25637948513
4319	4318	0.25637948513
4319	4320	0.25637948513
4320	4319	0.25637948513
4320	4321	0.25637948513
4321	4320	0.25637948513
4321	4322	0.25637948513
4322	4321	0.25637948513
4322	4323	0.254467993975
4322	9773	0.0720534995198
4323	4322	0.254467993975
4323	4324	0.254467993975
4324	4323	0.254467993975
4324	4325	0.254467993975
4325	4324	0.254467993975
4325	4326	0.254467993975
4326	4325	0.254467993975
4326	4327	0.254467993975
4327	4326	0.254467993975
4327	4328	0.254467993975
4328	4327	0.254467993975
4328	4329	0.254467993975
4329	4328	0.254467993975
4329	4330	0.254467993975
4330	4329	0.254467993975
4330	4331	0.254467993975
4331	4330	0.254467993975
4331	4332	0.254467993975
4332	4331	0.254467993975
4332	4333	0.254467993975
4333	4332	0.254467993975
4333	4334	0.254467993975
4334	4333	0.254467993975
4334	4335	0.254467993975
4335	4334	0.254467993975
4335	4336	0.254467993975
4336	4335	0.254467993975
4336	4337	0.254467993975
4337	4336	0.254467993975
4337	4338	0.254467993975
4338	4337	0.254467993975
4338	4339	0.254467993975
4339	4338	0.254467993975
4339	4340	0.254467993975
4340	4339	0.254467993975
4340	4341	0.254467993975
4341	4340	0.254467993975
4341	4342	0.254467993975
4342	4341	0.254467993975
4342	4343	0.254467993975
4343	4342	0.254467993975
4343	4344	0.254467993975
4344	4343	0.254467993975
4344	4345	0.254467993975
4345	4344	0.254467993975
4345	4346	0.254467993975
4346	4345	0.254467993975
4346	4347	0.254467993975
4347	4346	0.254467993975
4347	4348	0.0517250001431
4347	4436	0.253753989935
4348	4347	0.0517250001431
4348	4349	0.0517250001431
4349	4348	0.0517250001431
4349	4350	0.0517250001431
4350	4349	0.0517250001431
4350	4351	0.0517250001431
4351	4350	0.0517250001431
4351	4352	0.0517250001431
4352	4351	0.0517250001431
4352	4353	0.0517250001431
4353	4352	0.0517250001431
4353	4354	0.0517250001431
4354	4353	0.0517250001431
4354	4355	0.0517250001431
4355	4354	0.0517250001431
4355	4356	0.0517250001431
4356	4355	0.0517250001431
4356	4357	0.0517250001431
4357	4356	0.0517250001431
4357	4358	0.0517250001431
4358	4357	0.0517250001431
4358	4359	0.0517250001431
4359	4358	0.0517250001431
4359	4360	0.0517250001431
4360	4359	0.0517250001431
4360	4361	0.0517250001431
4361	4360	0.0517250001431
4361	4362	0.0517250001431
4362	4361	0.0517250001431
4362	4363	0.0517250001431
4363	4362	0.0517250001431
4363	4364	0.0517250001431
4364	4363	0.0517250001431
4364	4365	0.0517250001431
4365	4364	0.0517250001431
4365	4366	0.0517250001431
4366	4365	0.0517250001431
4366	4367	0.0517250001431
4367	4366	0.0517250001431
4367	4368	0.0517250001431
4368	4367	0.0517250001431
4368	4369	0.0517250001431
4369	4368	0.0517250001431
4369	4370	0.0517250001431
4370	4369	0.0517250001431
4370	4371	0.0517250001431
4371	4370	0.0517250001431
4371	4372	0.0517250001431
4372	4371	0.0517250001431
4372	4373	0.0517250001431
4373	4372	0.0517250001431
4373	4374	0.0517250001431
4374	4373	0.0517250001431
4374	4375	0.0517250001431
4375	4374	0.0517250001431
4375	4376	0.0517250001431
4376	4375	0.0517250001431
4376	4377	0.0517250001431
4377	4376	0.0517250001431
4377	4378	0.0517250001431
4378	4377	0.0517250001431
4378	4379	0.0517250001431
4379	4378	0.0517250001431
4379	4380	0.0517250001431
4380	4379	0.0517250001431
4380	4381	0.0517250001431
4381	4380	0.0517250001431
4381	4382	0.0517250001431
4382	4381	0.0517250001431
4382	4383	0.0517250001431
4383	4382	0.0517250001431
4383	4384	0.0517250001431
4384	4383	0.0517250001431
4384	4385	0.0517250001431
4385	4384	0.0517250001431
4385	4386	0.0517250001431
4386	4385	0.0517250001431
4386	4387	0.0517250001431
4387	4386	0.0517250001431
4387	4388	0.0317460000515
4387	4396	0.0473849996924
4388	4387	0.0317460000515
4388	4389	0.0317460000515
4389	4388	0.0317460000515
4389	4390	0.0317460000515
4390	4389	0.0317460000515
4390	4391	0.0317460000515
4391	4390	0.0317460000515
4391	4392	0.0317460000515
4392	4391	0.0317460000515
4392	4393	0.0317460000515
4393	4392	0.0317460000515
4393	4394	0.0317460000515
4394	4393	0.0317460000515
4394	4395	0.0317460000515
4395	4394	0.0317460000515
4396	4387	0.0473849996924
4396	4397	0.0473849996924
4397	4396	0.0473849996924
4397	4398	0.0473849996924
4398	4397	0.0473849996924
4398	4399	0.0473849996924
4399	4398	0.0473849996924
4399	4400	0.0473849996924
4400	4399	0.0473849996924
4400	4401	0.0473849996924
4401	4400	0.0473849996924
4401	4402	0.0473849996924
4402	4401	0.0473849996924
4402	4403	0.0473849996924
4403	4402	0.0473849996924
4403	4404	0.0473849996924
4404	4403	0.0473849996924
4404	4405	0.0473849996924
4405	4404	0.0473849996924
4405	4406	0.0473849996924
4406	4405	0.0473849996924
4406	4407	0.0473849996924
4407	4406	0.0473849996924
4407	4408	0.0473849996924
4408	4407	0.0473849996924
4408	4409	0.0473849996924
4409	4408	0.0473849996924
4409	4410	0.0473849996924
4410	4409	0.0473849996924
4410	4411	0.0473849996924
4411	4410	0.0473849996924
4411	4412	0.0473849996924
4412	4411	0.0473849996924
4412	4413	0.0473849996924
4413	4412	0.0473849996924
4413	4414	0.0473849996924
4414	4413	0.0473849996924
4414	4415	0.0473849996924
4415	4414	0.0473849996924
4415	4416	0.0473849996924
4416	4415	0.0473849996924
4416	4417	0.0473849996924
4417	4416	0.0473849996924
4417	4418	0.0473849996924
4418	4417	0.0473849996924
4418	4419	0.0473849996924
4419	4418	0.0473849996924
4419	4420	0.0473849996924
4420	4419	0.0473849996924
4420	4421	0.0473849996924
4421	4420	0.0473849996924
4421	4422	0.0473849996924
4422	4421	0.0473849996924
4422	4423	0.0473849996924
4423	4422	0.0473849996924
4423	4424	0.0473849996924
4424	4423	0.0473849996924
4424	4425	0.0473849996924
4425	4424	0.0473849996924
4425	4426	0.0473849996924
4426	4425	0.0473849996924
4426	4427	0.0473849996924
4427	4426	0.0473849996924
4427	4428	0.0473849996924
4428	4427	0.0473849996924
4428	4429	0.0473849996924
4429	4428	0.0473849996924
4429	4430	0.0473849996924
4430	4429	0.0473849996924
4430	4431	0.0473849996924
4431	4430	0.0473849996924
4431	4432	0.0473849996924
4432	4431	0.0473849996924
4432	4433	0.0473849996924
4433	4432	0.0473849996924
4433	4434	0.0473849996924
4434	4433	0.0473849996924
4434	4435	0.0473849996924
4435	4434	0.0473849996924
4436	4347	0.253753989935
4436	4437	0.253753989935
4437	4436	0.253753989935
4437	4438	0.253753989935
4438	4437	0.253753989935
4438	4439	0.253753989935
4439	4438	0.253753989935
4439	4440	0.253753989935
4440	4439	0.253753989935
4440	4441	0.253753989935
4441	4440	0.253753989935
4441	4442	0.253753989935
4442	4441	0.253753989935
4442	4443	0.253753989935
4443	4442	0.253753989935
4443	4444	0.253753989935
4444	4443	0.253753989935
4444	4445	0.253753989935
4445	4444	0.253753989935
4445	4446	0.253753989935
4446	4445	0.253753989935
4446	4447	0.253753989935
4447	4446	0.253753989935
4447	4448	0.253753989935
4448	4447	0.253753989935
4448	4449	0.253753989935
4449	4448	0.253753989935
4449	4450	0.253753989935
4450	4449	0.253753989935
4450	4451	0.253753989935
4451	4450	0.253753989935
4451	4452	0.253753989935
4452	4451	0.253753989935
4452	4453	0.253753989935
4453	4452	0.253753989935
4453	4454	0.253753989935
4454	4453	0.253753989935
4454	4455	0.253753989935
4455	4454	0.253753989935
4455	4456	0.253753989935
4456	4455	0.253753989935
4456	4457	0.253753989935
4457	4456	0.253753989935
4457	4458	0.253753989935
4458	4457	0.253753989935
4458	4459	0.253753989935
4459	4458	0.253753989935
4459	4460	0.253753989935
4460	4459	0.253753989935
4460	4461	0.0403020009398
4460	4509	0.253414511681
4461	4460	0.0403020009398
4461	4462	0.0403020009398
4462	4461	0.0403020009398
4462	4463	0.0403020009398
4463	4462	0.0403020009398
4463	4464	0.0403020009398
4464	4463	0.0403020009398
4464	4465	0.0403020009398
4465	4464	0.0403020009398
4465	4466	0.0403020009398
4466	4465	0.0403020009398
4466	4467	0.0403020009398
4467	4466	0.0403020009398
4467	4468	0.0403020009398
4468	4467	0.0403020009398
4468	4469	0.0403020009398
4469	4468	0.0403020009398
4469	4470	0.0403020009398
4470	4469	0.0403020009398
4470	4471	0.0403020009398
4471	4470	0.0403020009398
4471	4472	0.0403020009398
4472	4471	0.0403020009398
4472	4473	0.0403020009398
4473	4472	0.0403020009398
4473	4474	0.0403020009398
4474	4473	0.0403020009398
4474	4475	0.0403020009398
4475	4474	0.0403020009398
4475	4476	0.0403020009398
4476	4475	0.0403020009398
4476	4477	0.0403020009398
4477	4476	0.0403020009398
4477	4478	0.0403020009398
4478	4477	0.0403020009398
4478	4479	0.0403020009398
4479	4478	0.0403020009398
4479	4480	0.0403020009398
4480	4479	0.0403020009398
4480	4481	0.0403020009398
4481	4480	0.0403020009398
4481	4482	0.0403020009398
4482	4481	0.0403020009398
4482	4483	0.0403020009398
4483	4482	0.0403020009398
4483	4484	0.0403020009398
4484	4483	0.0403020009398
4484	4485	0.0403020009398
4485	4484	0.0403020009398
4485	4486	0.0403020009398
4486	4485	0.0403020009398
4486	4487	0.0403020009398
4487	4486	0.0403020009398
4487	4488	0.0403020009398
4488	4487	0.0403020009398
4488	4489	0.0403020009398
4489	4488	0.0403020009398
4489	4490	0.0403020009398
4490	4489	0.0403020009398
4490	4491	0.0403020009398
4491	4490	0.0403020009398
4491	4492	0.0403020009398
4492	4491	0.0403020009398
4492	4493	0.0403020009398
4493	4492	0.0403020009398
4493	4494	0.0403020009398
4494	4493	0.0403020009398
4494	4495	0.0403020009398
4495	4494	0.0403020009398
4495	4496	0.0403020009398
4496	4495	0.0403020009398
4496	4497	0.0403020009398
4497	4496	0.0403020009398
4497	4498	0.0403020009398
4498	4497	0.0403020009398
4498	4499	0.0403020009398
4499	4498	0.0403020009398
4499	4500	0.0403020009398
4500	4499	0.0403020009398
4500	4501	0.0403020009398
4501	4500	0.0403020009398
4501	4502	0.0403020009398
4502	4501	0.0403020009398
4502	4503	0.0403020009398
4503	4502	0.0403020009398
4503	4504	0.0403020009398
4504	4503	0.0403020009398
4504	4505	0.0403020009398
4505	4504	0.0403020009398
4505	4506	0.0403020009398
4506	4505	0.0403020009398
4506	4507	0.0403020009398
4507	4506	0.0403020009398
4507	4508	0.0403020009398
4508	4507	0.0403020009398
4509	4460	0.253414511681
4509	4510	0.253414511681
4510	4509	0.253414511681
4510	4511	0.253414511681
4511	4510	0.253414511681
4511	4512	0.253414511681
4512	4511	0.253414511681
4512	4513	0.253414511681
4513	4512	0.253414511681
4513	4514	0.253414511681
4514	4513	0.253414511681
4514	4515	0.253414511681
4515	4514	0.253414511681
4515	4516	0.253414511681
4516	4515	0.253414511681
4516	4517	0.253414511681
4517	4516	0.253414511681
4517	4518	0.253414511681
4518	4517	0.253414511681
4518	4519	0.253414511681
4519	4518	0.253414511681
4519	4520	0.253414511681
4520	4519	0.253414511681
4520	4521	0.253414511681
4521	4520	0.253414511681
4521	4522	0.253414511681
4522	4521	0.253414511681
4522	4523	0.253414511681
4523	4522	0.253414511681
4523	4524	0.253414511681
4524	4523	0.253414511681
4524	4525	0.253414511681
4525	4524	0.253414511681
4525	4526	0.253414511681
4526	4525	0.253414511681
4526	4527	0.253414511681
4527	4526	0.253414511681
4527	4528	0.253414511681
4528	4527	0.253414511681
4528	4529	0.253414511681
4529	4528	0.253414511681
4529	4530	0.253414511681
4530	4529	0.253414511681
4530	4531	0.253414511681
4531	4530	0.253414511681
4531	4532	0.253414511681
4532	4531	0.253414511681
4532	4533	0.253414511681
4533	4532	0.253414511681
4533	4534	0.253414511681
4534	4533	0.253414511681
4534	4535	0.253414511681
4535	4534	0.253414511681
4535	4536	0.253414511681
4536	4535	0.253414511681
4536	4537	0.253414511681
4537	4536	0.253414511681
4537	4538	0.253414511681
4538	4537	0.253414511681
4538	4539	0.253414511681
4539	4538	0.253414511681
4539	4540	0.253414511681
4540	4539	0.253414511681
4540	4541	0.253414511681
4541	4540	0.253414511681
4541	4542	0.253414511681
4542	4541	0.253414511681
4542	4543	0.253414511681
4543	4542	0.253414511681
4543	4544	0.253414511681
4544	4543	0.253414511681
4544	4545	0.253414511681
4545	4544	0.253414511681
4545	4546	0.253414511681
4546	4545	0.253414511681
4546	4547	0.253414511681
4547	4546	0.253414511681
4547	4548	0.253414511681
4548	4547	0.253414511681
4548	4549	0.253414511681
4549	4548	0.253414511681
4549	4550	0.253414511681
4550	4549	0.253414511681
4550	4551	0.253414511681
4551	4550	0.253414511681
4551	4552	0.253414511681
4552	4551	0.253414511681
4552	4553	0.253414511681
4553	4552	0.253414511681
4553	4554	0.253414511681
4554	4553	0.253414511681
4554	4555	0.253414511681
4555	4554	0.253414511681
4555	4556	0.253414511681
4556	4555	0.253414511681
4556	4557	0.253414511681
4557	4556	0.253414511681
4557	4558	0.253414511681
4558	4557	0.253414511681
4558	4559	0.253414511681
4559	4558	0.253414511681
4559	4560	0.0788834989071
4559	4806	0.250840514898
4560	4559	0.0788834989071
4560	4561	0.0788834989071
4561	4560	0.0788834989071
4561	4562	0.0788834989071
4562	4561	0.0788834989071
4562	4563	0.0788834989071
4563	4562	0.0788834989071
4563	4564	0.0788834989071
4564	4563	0.0788834989071
4564	4565	0.0788834989071
4565	4564	0.0788834989071
4565	4566	0.0788834989071
4566	4565	0.0788834989071
4566	4567	0.0788834989071
4567	4566	0.0788834989071
4567	4568	0.0788834989071
4568	4567	0.0788834989071
4568	4569	0.0788834989071
4569	4568	0.0788834989071
4569	4570	0.0788834989071
4570	4569	0.0788834989071
4570	4571	0.0788834989071
4571	4570	0.0788834989071
4571	4572	0.0788834989071
4572	4571	0.0788834989071
4572	4573	0.038041498512
4572	4604	0.0758169963956
4573	4572	0.038041498512
4573	4574	0.038041498512
4574	4573	0.038041498512
4574	4575	0.038041498512
4575	4574	0.038041498512
4575	4576	0.038041498512
4576	4575	0.038041498512
4576	4577	0.038041498512
4577	4576	0.038041498512
4577	4578	0.038041498512
4578	4577	0.038041498512
4578	4579	0.038041498512
4579	4578	0.038041498512
4579	4580	0.038041498512
4580	4579	0.038041498512
4580	4581	0.038041498512
4581	4580	0.038041498512
4581	4582	0.038041498512
4582	4581	0.038041498512
4582	4583	0.038041498512
4583	4582	0.038041498512
4583	4584	0.038041498512
4584	4583	0.038041498512
4584	4585	0.038041498512
4585	4584	0.038041498512
4585	4586	0.038041498512
4586	4585	0.038041498512
4586	4587	0.038041498512
4587	4586	0.038041498512
4587	4588	0.038041498512
4588	4587	0.038041498512
4588	4589	0.038041498512
4589	4588	0.038041498512
4589	4590	0.038041498512
4590	4589	0.038041498512
4590	4591	0.038041498512
4591	4590	0.038041498512
4591	4592	0.038041498512
4592	4591	0.038041498512
4592	4593	0.038041498512
4593	4592	0.038041498512
4593	4594	0.038041498512
4594	4593	0.038041498512
4594	4595	0.038041498512
4595	4594	0.038041498512
4595	4596	0.038041498512
4596	4595	0.038041498512
4596	4597	0.038041498512
4597	4596	0.038041498512
4597	4598	0.038041498512
4598	4597	0.038041498512
4598	4599	0.038041498512
4599	4598	0.038041498512
4599	4600	0.038041498512
4600	4599	0.038041498512
4600	4601	0.038041498512
4601	4600	0.038041498512
4601	4602	0.038041498512
4602	4601	0.038041498512
4602	4603	0.038041498512
4603	4602	0.038041498512
4604	4572	0.0758169963956
4604	4605	0.0758169963956
4605	4604	0.0758169963956
4605	4606	0.0758169963956
4606	4605	0.0758169963956
4606	4607	0.0758169963956
4607	4606	0.0758169963956
4607	4608	0.0758169963956
4608	4607	0.0758169963956
4608	4609	0.0758169963956
4609	4608	0.0758169963956
4609	4610	0.0758169963956
4610	4609	0.0758169963956
4610	4611	0.0758169963956
4611	4610	0.0758169963956
4611	4612	0.0758169963956
4612	4611	0.0758169963956
4612	4613	0.0758169963956
4613	4612	0.0758169963956
4613	4614	0.0758169963956
4614	4613	0.0758169963956
4614	4615	0.0758169963956
4615	4614	0.0758169963956
4615	4616	0.0758169963956
4616	4615	0.0758169963956
4616	4617	0.0537674985826
4616	4697	0.0654504969716
4617	4616	0.0537674985826
4617	4618	0.0537674985826
4618	4617	0.0537674985826
4618	4619	0.0537674985826
4619	4618	0.0537674985826
4619	4620	0.0537674985826
4620	4619	0.0537674985826
4620	4621	0.0537674985826
4621	4620	0.0537674985826
4621	4622	0.0537674985826
4622	4621	0.0537674985826
4622	4623	0.0537674985826
4623	4622	0.0537674985826
4623	4624	0.0537674985826
4624	4623	0.0537674985826
4624	4625	0.0537674985826
4625	4624	0.0537674985826
4625	4626	0.0474670007825
4625	4679	0.036465998739
4626	4625	0.0474670007825
4626	4627	0.0474670007825
4627	4626	0.0474670007825
4627	4628	0.0474670007825
4628	4627	0.0474670007825
4628	4629	0.0474670007825
4629	4628	0.0474670007825
4629	4630	0.0474670007825
4630	4629	0.0474670007825
4630	4631	0.0474670007825
4631	4630	0.0474670007825
4631	4632	0.0474670007825
4632	4631	0.0474670007825
4632	4633	0.0474670007825
4633	4632	0.0474670007825
4633	4634	0.0474670007825
4634	4633	0.0474670007825
4634	4635	0.0474670007825
4635	4634	0.0474670007825
4635	4636	0.0474670007825
4636	4635	0.0474670007825
4636	4637	0.0474670007825
4637	4636	0.0474670007825
4637	4638	0.0474670007825
4638	4637	0.0474670007825
4638	4639	0.0474670007825
4639	4638	0.0474670007825
4639	4640	0.0474670007825
4640	4639	0.0474670007825
4640	4641	0.0474670007825
4641	4640	0.0474670007825
4641	4642	0.0474670007825
4642	4641	0.0474670007825
4642	4643	0.0474670007825
4643	4642	0.0474670007825
4643	4644	0.0474670007825
4644	4643	0.0474670007825
4644	4645	0.0474670007825
4645	4644	0.0474670007825
4645	4646	0.0474670007825
4646	4645	0.0474670007825
4646	4647	0.0474670007825
4647	4646	0.0474670007825
4647	4648	0.0474670007825
4648	4647	0.0474670007825
4648	4649	0.0474670007825
4649	4648	0.0474670007825
4649	4650	0.0474670007825
4650	4649	0.0474670007825
4650	4651	0.0474670007825
4651	4650	0.0474670007825
4651	4652	0.0474670007825
4652	4651	0.0474670007825
4652	4653	0.0474670007825
4653	4652	0.0474670007825
4653	4654	0.0474670007825
4654	4653	0.0474670007825
4654	4655	0.0474670007825
4655	4654	0.0474670007825
4655	4656	0.0474670007825
4656	4655	0.0474670007825
4656	4657	0.0474670007825
4657	4656	0.0474670007825
4657	4658	0.0474670007825
4658	4657	0.0474670007825
4658	4659	0.0474670007825
4659	4658	0.0474670007825
4659	4660	0.0474670007825
4660	4659	0.0474670007825
4660	4661	0.0474670007825
4661	4660	0.0474670007825
4661	4662	0.0474670007825
4662	4661	0.0474670007825
4662	4663	0.0474670007825
4663	4662	0.0474670007825
4663	4664	0.0474670007825
4664	4663	0.0474670007825
4664	4665	0.0474670007825
4665	4664	0.0474670007825
4665	4666	0.0474670007825
4666	4665	0.0474670007825
4666	4667	0.0474670007825
4667	4666	0.0474670007825
4667	4668	0.0474670007825
4668	4667	0.0474670007825
4668	4669	0.0474670007825
4669	4668	0.0474670007825
4669	4670	0.0474670007825
4670	4669	0.0474670007825
4670	4671	0.0474670007825
4671	4670	0.0474670007825
4671	4672	0.0474670007825
4672	4671	0.0474670007825
4672	4673	0.0474670007825
4673	4672	0.0474670007825
4673	4674	0.0474670007825
4674	4673	0.0474670007825
4674	4675	0.0474670007825
4675	4674	0.0474670007825
4675	4676	0.0474670007825
4676	4675	0.0474670007825
4676	4677	0.0474670007825
4677	4676	0.0474670007825
4677	4678	0.0474670007825
4678	4677	0.0474670007825
4679	4625	0.036465998739
4679	4680	0.036465998739
4680	4679	0.036465998739
4680	4681	0.036465998739
4681	4680	0.036465998739
4681	4682	0.036465998739
4682	4681	0.036465998739
4682	4683	0.036465998739
4683	4682	0.036465998739
4683	4684	0.036465998739
4684	4683	0.036465998739
4684	4685	0.036465998739
4685	4684	0.036465998739
4685	4686	0.036465998739
4686	4685	0.036465998739
4686	4687	0.036465998739
4687	4686	0.036465998739
4687	4688	0.036465998739
4688	4687	0.036465998739
4688	4689	0.036465998739
4689	4688	0.036465998739
4689	4690	0.036465998739
4690	4689	0.036465998739
4690	4691	0.036465998739
4691	4690	0.036465998739
4691	4692	0.036465998739
4692	4691	0.036465998739
4692	4693	0.036465998739
4693	4692	0.036465998739
4693	4694	0.036465998739
4694	4693	0.036465998739
4694	4695	0.036465998739
4695	4694	0.036465998739
4695	4696	0.036465998739
4696	4695	0.036465998739
4697	4616	0.0654504969716
4697	4698	0.0654504969716
4698	4697	0.0654504969716
4698	4699	0.0654504969716
4699	4698	0.0654504969716
4699	4700	0.0654504969716
4700	4699	0.0654504969716
4700	4701	0.0654504969716
4701	4700	0.0654504969716
4701	4702	0.0654504969716
4702	4701	0.0654504969716
4702	4703	0.0654504969716
4703	4702	0.0654504969716
4703	4704	0.0654504969716
4704	4703	0.0654504969716
4704	4705	0.0654504969716
4705	4704	0.0654504969716
4705	4706	0.0654504969716
4706	4705	0.0654504969716
4706	4707	0.0654504969716
4707	4706	0.0654504969716
4707	4708	0.0654504969716
4708	4707	0.0654504969716
4708	4709	0.0654504969716
4709	4708	0.0654504969716
4709	4710	0.0654504969716
4710	4709	0.0654504969716
4710	4711	0.0654504969716
4711	4710	0.0654504969716
4711	4712	0.0654504969716
4712	4711	0.0654504969716
4712	4713	0.0654504969716
4713	4712	0.0654504969716
4713	4714	0.0654504969716
4714	4713	0.0654504969716
4714	4715	0.0654504969716
4715	4714	0.0654504969716
4715	4716	0.0654504969716
4716	4715	0.0654504969716
4716	4717	0.0654504969716
4717	4716	0.0654504969716
4717	4718	0.0654504969716
4718	4717	0.0654504969716
4718	4719	0.0654504969716
4719	4718	0.0654504969716
4719	4720	0.0654504969716
4720	4719	0.0654504969716
4720	4721	0.0654504969716
4721	4720	0.0654504969716
4721	4722	0.0654504969716
4722	4721	0.0654504969716
4722	4723	0.0654504969716
4723	4722	0.0654504969716
4723	4724	0.0654504969716
4724	4723	0.0654504969716
4724	4725	0.0654504969716
4725	4724	0.0654504969716
4725	4726	0.0654504969716
4726	4725	0.0654504969716
4726	4727	0.0654504969716
4727	4726	0.0654504969716
4727	4728	0.0654504969716
4728	4727	0.0654504969716
4728	4729	0.0654504969716
4729	4728	0.0654504969716
4729	4730	0.0654504969716
4730	4729	0.0654504969716
4730	4731	0.0654504969716
4731	4730	0.0654504969716
4731	4732	0.0654504969716
4732	4731	0.0654504969716
4732	4733	0.0654504969716
4733	4732	0.0654504969716
4733	4734	0.0654504969716
4734	4733	0.0654504969716
4734	4735	0.0654504969716
4735	4734	0.0654504969716
4735	4736	0.0654504969716
4736	4735	0.0654504969716
4736	4737	0.0654504969716
4737	4736	0.0654504969716
4737	4738	0.0581275001168
4737	4785	0.0437900014222
4738	4737	0.0581275001168
4738	4739	0.0581275001168
4739	4738	0.0581275001168
4739	4740	0.0581275001168
4740	4739	0.0581275001168
4740	4741	0.0581275001168
4741	4740	0.0581275001168
4741	4742	0.0581275001168
4742	4741	0.0581275001168
4742	4743	0.0581275001168
4743	4742	0.0581275001168
4743	4744	0.0581275001168
4744	4743	0.0581275001168
4744	4745	0.0581275001168
4745	4744	0.0581275001168
4745	4746	0.0497434996068
4745	4772	0.0418540015817
4746	4745	0.0497434996068
4746	4747	0.0497434996068
4747	4746	0.0497434996068
4747	4748	0.0497434996068
4748	4747	0.0497434996068
4748	4749	0.0497434996068
4749	4748	0.0497434996068
4749	4750	0.0497434996068
4750	4749	0.0497434996068
4750	4751	0.0497434996068
4751	4750	0.0497434996068
4751	4752	0.0497434996068
4752	4751	0.0497434996068
4752	4753	0.0497434996068
4753	4752	0.0497434996068
4753	4754	0.0497434996068
4754	4753	0.0497434996068
4754	4755	0.0497434996068
4755	4754	0.0497434996068
4755	4756	0.0497434996068
4756	4755	0.0497434996068
4756	4757	0.0497434996068
4757	4756	0.0497434996068
4757	4758	0.0497434996068
4758	4757	0.0497434996068
4758	4759	0.0497434996068
4759	4758	0.0497434996068
4759	4760	0.0497434996068
4760	4759	0.0497434996068
4760	4761	0.0497434996068
4761	4760	0.0497434996068
4761	4762	0.0497434996068
4762	4761	0.0497434996068
4762	4763	0.0497434996068
4763	4762	0.0497434996068
4763	4764	0.0497434996068
4764	4763	0.0497434996068
4764	4765	0.0497434996068
4765	4764	0.0497434996068
4765	4766	0.0497434996068
4766	4765	0.0497434996068
4766	4767	0.0497434996068
4767	4766	0.0497434996068
4767	4768	0.0497434996068
4768	4767	0.0497434996068
4768	4769	0.0497434996068
4769	4768	0.0497434996068
4769	4770	0.0497434996068
4770	4769	0.0497434996068
4770	4771	0.0497434996068
4771	4770	0.0497434996068
4772	4745	0.0418540015817
4772	4773	0.0418540015817
4773	4772	0.0418540015817
4773	4774	0.0418540015817
4774	4773	0.0418540015817
4774	4775	0.0418540015817
4775	4774	0.0418540015817
4775	4776	0.0418540015817
4776	4775	0.0418540015817
4776	4777	0.0418540015817
4777	4776	0.0418540015817
4777	4778	0.0418540015817
4778	4777	0.0418540015817
4778	4779	0.0418540015817
4779	4778	0.0418540015817
4779	4780	0.0418540015817
4780	4779	0.0418540015817
4780	4781	0.0418540015817
4781	4780	0.0418540015817
4781	4782	0.0418540015817
4782	4781	0.0418540015817
4782	4783	0.0418540015817
4783	4782	0.0418540015817
4783	4784	0.0418540015817
4784	4783	0.0418540015817
4785	4737	0.0437900014222
4785	4786	0.0437900014222
4786	4785	0.0437900014222
4786	4787	0.0437900014222
4787	4786	0.0437900014222
4787	4788	0.0437900014222
4788	4787	0.0437900014222
4788	4789	0.0437900014222
4789	4788	0.0437900014222
4789	4790	0.0437900014222
4790	4789	0.0437900014222
4790	4791	0.0437900014222
4791	4790	0.0437900014222
4791	4792	0.0437900014222
4792	4791	0.0437900014222
4792	4793	0.0437900014222
4793	4792	0.0437900014222
4793	4794	0.0437900014222
4794	4793	0.0437900014222
4794	4795	0.0437900014222
4795	4794	0.0437900014222
4795	4796	0.0437900014222
4796	4795	0.0437900014222
4796	4797	0.0437900014222
4797	4796	0.0437900014222
4797	4798	0.0437900014222
4798	4797	0.0437900014222
4798	4799	0.0437900014222
4799	4798	0.0437900014222
4799	4800	0.0437900014222
4800	4799	0.0437900014222
4800	4801	0.0437900014222
4801	4800	0.0437900014222
4801	4802	0.0437900014222
4802	4801	0.0437900014222
4802	4803	0.0437900014222
4803	4802	0.0437900014222
4803	4804	0.0437900014222
4804	4803	0.0437900014222
4804	4805	0.0437900014222
4805	4804	0.0437900014222
4806	4559	0.250840514898
4806	4807	0.250840514898
4807	4806	0.250840514898
4807	4808	0.250840514898
4808	4807	0.250840514898
4808	4809	0.250840514898
4809	4808	0.250840514898
4809	4810	0.250840514898
4810	4809	0.250840514898
4810	4811	0.250840514898
4811	4810	0.250840514898
4811	4812	0.250840514898
4812	4811	0.250840514898
4812	4813	0.250840514898
4813	4812	0.250840514898
4813	4814	0.250840514898
4814	4813	0.250840514898
4814	4815	0.250840514898
4815	4814	0.250840514898
4815	4816	0.250840514898
4816	4815	0.250840514898
4816	4817	0.250840514898
4817	4816	0.250840514898
4817	4818	0.250840514898
4818	4817	0.250840514898
4818	4819	0.250840514898
4819	4818	0.250840514898
4819	4820	0.250840514898
4820	4819	0.250840514898
4820	4821	0.250840514898
4821	4820	0.250840514898
4821	4822	0.250840514898
4822	4821	0.250840514898
4822	4823	0.250331997871
4822	9719	0.0457529984415
4823	4822	0.250331997871
4823	4824	0.250331997871
4824	4823	0.250331997871
4824	4825	0.250331997871
4825	4824	0.250331997871
4825	4826	0.250331997871
4826	4825	0.250331997871
4826	4827	0.250331997871
4827	4826	0.250331997871
4827	4828	0.250331997871
4828	4827	0.250331997871
4828	4829	0.250331997871
4829	4828	0.250331997871
4829	4830	0.250331997871
4830	4829	0.250331997871
4830	4831	0.250331997871
4831	4830	0.250331997871
4831	4832	0.250331997871
4832	4831	0.250331997871
4832	4833	0.250331997871
4833	4832	0.250331997871
4833	4834	0.250331997871
4834	4833	0.250331997871
4834	4835	0.250331997871
4835	4834	0.250331997871
4835	4836	0.250331997871
4836	4835	0.250331997871
4836	4837	0.250331997871
4837	4836	0.250331997871
4837	4838	0.250331997871
4838	4837	0.250331997871
4838	4839	0.250331997871
4839	4838	0.250331997871
4839	4840	0.250041007996
4839	9686	0.037960998714
4840	4839	0.250041007996
4840	4841	0.250041007996
4841	4840	0.250041007996
4841	4842	0.250041007996
4842	4841	0.250041007996
4842	4843	0.250041007996
4843	4842	0.250041007996
4843	4844	0.250041007996
4844	4843	0.250041007996
4844	4845	0.250041007996
4845	4844	0.250041007996
4845	4846	0.250041007996
4846	4845	0.250041007996
4846	4847	0.250041007996
4847	4846	0.250041007996
4847	4848	0.250041007996
4848	4847	0.250041007996
4848	4849	0.250041007996
4849	4848	0.250041007996
4849	4850	0.250041007996
4850	4849	0.250041007996
4850	4851	0.250041007996
4851	4850	0.250041007996
4851	4852	0.250041007996
4852	4851	0.250041007996
4852	4853	0.250041007996
4853	4852	0.250041007996
4853	4854	0.250041007996
4854	4853	0.250041007996
4854	4855	0.250041007996
4855	4854	0.250041007996
4855	4856	0.250041007996
4856	4855	0.250041007996
4856	4857	0.0437244996428
4856	4913	0.2495944947
4857	4856	0.0437244996428
4857	4858	0.0437244996428
4858	4857	0.0437244996428
4858	4859	0.0437244996428
4859	4858	0.0437244996428
4859	4860	0.0437244996428
4860	4859	0.0437244996428
4860	4861	0.0437244996428
4861	4860	0.0437244996428
4861	4862	0.0437244996428
4862	4861	0.0437244996428
4862	4863	0.0437244996428
4863	4862	0.0437244996428
4863	4864	0.0437244996428
4864	4863	0.0437244996428
4864	4865	0.0437244996428
4865	4864	0.0437244996428
4865	4866	0.0437244996428
4866	4865	0.0437244996428
4866	4867	0.0437244996428
4867	4866	0.0437244996428
4867	4868	0.0437244996428
4868	4867	0.0437244996428
4868	4869	0.0437244996428
4869	4868	0.0437244996428
4869	4870	0.0437244996428
4870	4869	0.0437244996428
4870	4871	0.0437244996428
4871	4870	0.0437244996428
4871	4872	0.0437244996428
4872	4871	0.0437244996428
4872	4873	0.0437244996428
4873	4872	0.0437244996428
4873	4874	0.0437244996428
4874	4873	0.0437244996428
4874	4875	0.0437244996428
4875	4874	0.0437244996428
4875	4876	0.0437244996428
4876	4875	0.0437244996428
4876	4877	0.0437244996428
4877	4876	0.0437244996428
4877	4878	0.0437244996428
4878	4877	0.0437244996428
4878	4879	0.0437244996428
4879	4878	0.0437244996428
4879	4880	0.0437244996428
4880	4879	0.0437244996428
4880	4881	0.0437244996428
4881	4880	0.0437244996428
4881	4882	0.0437244996428
4882	4881	0.0437244996428
4882	4883	0.0437244996428
4883	4882	0.0437244996428
4883	4884	0.0437244996428
4884	4883	0.0437244996428
4884	4885	0.0437244996428
4885	4884	0.0437244996428
4885	4886	0.0437244996428
4886	4885	0.0437244996428
4886	4887	0.0437244996428
4887	4886	0.0437244996428
4887	4888	0.0437244996428
4888	4887	0.0437244996428
4888	4889	0.0437244996428
4889	4888	0.0437244996428
4889	4890	0.0437244996428
4890	4889	0.0437244996428
4890	4891	0.0437244996428
4891	4890	0.0437244996428
4891	4892	0.0437244996428
4892	4891	0.0437244996428
4892	4893	0.0437244996428
4893	4892	0.0437244996428
4893	4894	0.0437244996428
4894	4893	0.0437244996428
4894	4895	0.0437244996428
4895	4894	0.0437244996428
4895	4896	0.0437244996428
4896	4895	0.0437244996428
4896	4897	0.0437244996428
4897	4896	0.0437244996428
4897	4898	0.0437244996428
4898	4897	0.0437244996428
4898	4899	0.0437244996428
4899	4898	0.0437244996428
4899	4900	0.0437244996428
4900	4899	0.0437244996428
4900	4901	0.0437244996428
4901	4900	0.0437244996428
4901	4902	0.0437244996428
4902	4901	0.0437244996428
4902	4903	0.0437244996428
4903	4902	0.0437244996428
4903	4904	0.0437244996428
4904	4903	0.0437244996428
4904	4905	0.0437244996428
4905	4904	0.0437244996428
4905	4906	0.0437244996428
4906	4905	0.0437244996428
4906	4907	0.0437244996428
4907	4906	0.0437244996428
4907	4908	0.0437244996428
4908	4907	0.0437244996428
4908	4909	0.0437244996428
4909	4908	0.0437244996428
4909	4910	0.0437244996428
4910	4909	0.0437244996428
4910	4911	0.0437244996428
4911	4910	0.0437244996428
4911	4912	0.0437244996428
4912	4911	0.0437244996428
4913	4856	0.2495944947
4913	4914	0.2495944947
4914	4913	0.2495944947
4914	4915	0.2495944947
4915	4914	0.2495944947
4915	4916	0.2495944947
4916	4915	0.2495944947
4916	4917	0.2495944947
4917	4916	0.2495944947
4917	4918	0.2495944947
4918	4917	0.2495944947
4918	4919	0.2495944947
4919	4918	0.2495944947
4919	4920	0.2495944947
4920	4919	0.2495944947
4920	4921	0.2495944947
4921	4920	0.2495944947
4921	4922	0.2495944947
4922	4921	0.2495944947
4922	4923	0.2495944947
4923	4922	0.2495944947
4923	4924	0.2495944947
4924	4923	0.2495944947
4924	4925	0.2495944947
4925	4924	0.2495944947
4925	4926	0.2495944947
4926	4925	0.2495944947
4926	4927	0.2495944947
4927	4926	0.2495944947
4927	4928	0.2495944947
4928	4927	0.2495944947
4928	4929	0.2495944947
4929	4928	0.2495944947
4929	4930	0.109167002141
4929	5535	0.242429494858
4930	4929	0.109167002141
4930	4931	0.109167002141
4931	4930	0.109167002141
4931	4932	0.109167002141
4932	4931	0.109167002141
4932	4933	0.109167002141
4933	4932	0.109167002141
4933	4934	0.109167002141
4934	4933	0.109167002141
4934	4935	0.109167002141
4935	4934	0.109167002141
4935	4936	0.109167002141
4936	4935	0.109167002141
4936	4937	0.109167002141
4937	4936	0.109167002141
4937	4938	0.109167002141
4938	4937	0.109167002141
4938	4939	0.0422470010817
4938	4983	0.107015997171
4939	4938	0.0422470010817
4939	4940	0.0422470010817
4940	4939	0.0422470010817
4940	4941	0.0422470010817
4941	4940	0.0422470010817
4941	4942	0.0422470010817
4942	4941	0.0422470010817
4942	4943	0.0422470010817
4943	4942	0.0422470010817
4943	4944	0.0422470010817
4944	4943	0.0422470010817
4944	4945	0.0422470010817
4945	4944	0.0422470010817
4945	4946	0.0422470010817
4946	4945	0.0422470010817
4946	4947	0.0422470010817
4947	4946	0.0422470010817
4947	4948	0.0422470010817
4948	4947	0.0422470010817
4948	4949	0.0422470010817
4949	4948	0.0422470010817
4949	4950	0.0422470010817
4950	4949	0.0422470010817
4950	4951	0.0422470010817
4951	4950	0.0422470010817
4951	4952	0.0422470010817
4952	4951	0.0422470010817
4952	4953	0.0422470010817
4953	4952	0.0422470010817
4953	4954	0.0422470010817
4954	4953	0.0422470010817
4954	4955	0.0422470010817
4955	4954	0.0422470010817
4955	4956	0.0422470010817
4956	4955	0.0422470010817
4956	4957	0.0422470010817
4957	4956	0.0422470010817
4957	4958	0.0422470010817
4958	4957	0.0422470010817
4958	4959	0.0422470010817
4959	4958	0.0422470010817
4959	4960	0.0422470010817
4960	4959	0.0422470010817
4960	4961	0.0422470010817
4961	4960	0.0422470010817
4961	4962	0.0422470010817
4962	4961	0.0422470010817
4962	4963	0.0422470010817
4963	4962	0.0422470010817
4963	4964	0.0422470010817
4964	4963	0.0422470010817
4964	4965	0.0422470010817
4965	4964	0.0422470010817
4965	4966	0.0422470010817
4966	4965	0.0422470010817
4966	4967	0.0422470010817
4967	4966	0.0422470010817
4967	4968	0.0422470010817
4968	4967	0.0422470010817
4968	4969	0.0422470010817
4969	4968	0.0422470010817
4969	4970	0.0422470010817
4970	4969	0.0422470010817
4970	4971	0.0422470010817
4971	4970	0.0422470010817
4971	4972	0.0422470010817
4972	4971	0.0422470010817
4972	4973	0.0422470010817
4973	4972	0.0422470010817
4973	4974	0.0422470010817
4974	4973	0.0422470010817
4974	4975	0.0422470010817
4975	4974	0.0422470010817
4975	4976	0.0422470010817
4976	4975	0.0422470010817
4976	4977	0.0422470010817
4977	4976	0.0422470010817
4977	4978	0.0422470010817
4978	4977	0.0422470010817
4978	4979	0.0422470010817
4979	4978	0.0422470010817
4979	4980	0.0422470010817
4980	4979	0.0422470010817
4980	4981	0.0422470010817
4981	4980	0.0422470010817
4981	4982	0.0422470010817
4982	4981	0.0422470010817
4983	4938	0.107015997171
4983	4984	0.107015997171
4984	4983	0.107015997171
4984	4985	0.107015997171
4985	4984	0.107015997171
4985	4986	0.107015997171
4986	4985	0.107015997171
4986	4987	0.105406999588
4986	5507	0.0379029996693
4987	4986	0.105406999588
4987	4988	0.105406999588
4988	4987	0.105406999588
4988	4989	0.105406999588
4989	4988	0.105406999588
4989	4990	0.105406999588
4990	4989	0.105406999588
4990	4991	0.0430239997804
4990	5036	0.102961502969
4991	4990	0.0430239997804
4991	4992	0.0430239997804
4992	4991	0.0430239997804
4992	4993	0.0430239997804
4993	4992	0.0430239997804
4993	4994	0.0430239997804
4994	4993	0.0430239997804
4994	4995	0.0430239997804
4995	4994	0.0430239997804
4995	4996	0.0430239997804
4996	4995	0.0430239997804
4996	4997	0.0430239997804
4997	4996	0.0430239997804
4997	4998	0.0430239997804
4998	4997	0.0430239997804
4998	4999	0.0430239997804
4999	4998	0.0430239997804
4999	5000	0.0430239997804
5000	4999	0.0430239997804
5000	5001	0.0430239997804
5001	5000	0.0430239997804
5001	5002	0.0430239997804
5002	5001	0.0430239997804
5002	5003	0.0430239997804
5003	5002	0.0430239997804
5003	5004	0.0430239997804
5004	5003	0.0430239997804
5004	5005	0.0430239997804
5005	5004	0.0430239997804
5005	5006	0.0430239997804
5006	5005	0.0430239997804
5006	5007	0.0430239997804
5007	5006	0.0430239997804
5007	5008	0.0430239997804
5008	5007	0.0430239997804
5008	5009	0.0430239997804
5009	5008	0.0430239997804
5009	5010	0.0430239997804
5010	5009	0.0430239997804
5010	5011	0.0430239997804
5011	5010	0.0430239997804
5011	5012	0.0430239997804
5012	5011	0.0430239997804
5012	5013	0.0430239997804
5013	5012	0.0430239997804
5013	5014	0.0430239997804
5014	5013	0.0430239997804
5014	5015	0.0430239997804
5015	5014	0.0430239997804
5015	5016	0.0430239997804
5016	5015	0.0430239997804
5016	5017	0.0430239997804
5017	5016	0.0430239997804
5017	5018	0.0430239997804
5018	5017	0.0430239997804
5018	5019	0.0430239997804
5019	5018	0.0430239997804
5019	5020	0.0430239997804
5020	5019	0.0430239997804
5020	5021	0.0430239997804
5021	5020	0.0430239997804
5021	5022	0.0430239997804
5022	5021	0.0430239997804
5022	5023	0.0430239997804
5023	5022	0.0430239997804
5023	5024	0.0430239997804
5024	5023	0.0430239997804
5024	5025	0.0430239997804
5025	5024	0.0430239997804
5025	5026	0.0430239997804
5026	5025	0.0430239997804
5026	5027	0.0430239997804
5027	5026	0.0430239997804
5027	5028	0.0430239997804
5028	5027	0.0430239997804
5028	5029	0.0430239997804
5029	5028	0.0430239997804
5029	5030	0.0430239997804
5030	5029	0.0430239997804
5030	5031	0.0430239997804
5031	5030	0.0430239997804
5031	5032	0.0430239997804
5032	5031	0.0430239997804
5032	5033	0.0430239997804
5033	5032	0.0430239997804
5033	5034	0.0430239997804
5034	5033	0.0430239997804
5034	5035	0.0430239997804
5035	5034	0.0430239997804
5036	4990	0.102961502969
5036	5037	0.102961502969
5037	5036	0.102961502969
5037	5038	0.102961502969
5038	5037	0.102961502969
5038	5039	0.102961502969
5039	5038	0.102961502969
5039	5040	0.102961502969
5040	5039	0.102961502969
5040	5041	0.102961502969
5041	5040	0.102961502969
5041	5042	0.102961502969
5042	5041	0.102961502969
5042	5043	0.102961502969
5043	5042	0.102961502969
5043	5044	0.102961502969
5044	5043	0.102961502969
5044	5045	0.102961502969
5045	5044	0.102961502969
5045	5046	0.102961502969
5046	5045	0.102961502969
5046	5047	0.102961502969
5047	5046	0.102961502969
5047	5048	0.102961502969
5048	5047	0.102961502969
5048	5049	0.102961502969
5049	5048	0.102961502969
5049	5050	0.102961502969
5050	5049	0.102961502969
5050	5051	0.102961502969
5051	5050	0.102961502969
5051	5052	0.102961502969
5052	5051	0.102961502969
5052	5053	0.102961502969
5053	5052	0.102961502969
5053	5054	0.102961502969
5054	5053	0.102961502969
5054	5055	0.0835034996271
5054	5273	0.0798565000296
5055	5054	0.0835034996271
5055	5056	0.0835034996271
5056	5055	0.0835034996271
5056	5057	0.0835034996271
5057	5056	0.0835034996271
5057	5058	0.0835034996271
5058	5057	0.0835034996271
5058	5059	0.0835034996271
5059	5058	0.0835034996271
5059	5060	0.0835034996271
5060	5059	0.0835034996271
5060	5061	0.0835034996271
5061	5060	0.0835034996271
5061	5062	0.0835034996271
5062	5061	0.0835034996271
5062	5063	0.0835034996271
5063	5062	0.0835034996271
5063	5064	0.0835034996271
5064	5063	0.0835034996271
5064	5065	0.0835034996271
5065	5064	0.0835034996271
5065	5066	0.0835034996271
5066	5065	0.0835034996271
5066	5067	0.0835034996271
5067	5066	0.0835034996271
5067	5068	0.0835034996271
5068	5067	0.0835034996271
5068	5069	0.0835034996271
5069	5068	0.0835034996271
5069	5070	0.0835034996271
5070	5069	0.0835034996271
5070	5071	0.0835034996271
5071	5070	0.0835034996271
5071	5072	0.0835034996271
5072	5071	0.0835034996271
5072	5073	0.0835034996271
5073	5072	0.0835034996271
5073	5074	0.0835034996271
5074	5073	0.0835034996271
5074	5075	0.0835034996271
5075	5074	0.0835034996271
5075	5076	0.0835034996271
5076	5075	0.0835034996271
5076	5077	0.0835034996271
5077	5076	0.0835034996271
5077	5078	0.0835034996271
5078	5077	0.0835034996271
5078	5079	0.0835034996271
5079	5078	0.0835034996271
5079	5080	0.0835034996271
5080	5079	0.0835034996271
5080	5081	0.0835034996271
5081	5080	0.0835034996271
5081	5082	0.0835034996271
5082	5081	0.0835034996271
5082	5083	0.0835034996271
5083	5082	0.0835034996271
5083	5084	0.0835034996271
5084	5083	0.0835034996271
5084	5085	0.0835034996271
5085	5084	0.0835034996271
5085	5086	0.0835034996271
5086	5085	0.0835034996271
5086	5087	0.0835034996271
5087	5086	0.0835034996271
5087	5088	0.0835034996271
5088	5087	0.0835034996271
5088	5089	0.0835034996271
5089	5088	0.0835034996271
5089	5090	0.0835034996271
5090	5089	0.0835034996271
5090	5091	0.0835034996271
5091	5090	0.0835034996271
5091	5092	0.0835034996271
5092	5091	0.0835034996271
5092	5093	0.0835034996271
5093	5092	0.0835034996271
5093	5094	0.0835034996271
5094	5093	0.0835034996271
5094	5095	0.0835034996271
5095	5094	0.0835034996271
5095	5096	0.0835034996271
5096	5095	0.0835034996271
5096	5097	0.0835034996271
5097	5096	0.0835034996271
5097	5098	0.0835034996271
5098	5097	0.0835034996271
5098	5099	0.0835034996271
5099	5098	0.0835034996271
5099	5100	0.0835034996271
5100	5099	0.0835034996271
5100	5101	0.0835034996271
5101	5100	0.0835034996271
5101	5102	0.0835034996271
5102	5101	0.0835034996271
5102	5103	0.0401404984295
5102	5123	0.0802894979715
5103	5102	0.0401404984295
5103	5104	0.0401404984295
5104	5103	0.0401404984295
5104	5105	0.0401404984295
5105	5104	0.0401404984295
5105	5106	0.0401404984295
5106	5105	0.0401404984295
5106	5107	0.0401404984295
5107	5106	0.0401404984295
5107	5108	0.0401404984295
5108	5107	0.0401404984295
5108	5109	0.0401404984295
5109	5108	0.0401404984295
5109	5110	0.0401404984295
5110	5109	0.0401404984295
5110	5111	0.0401404984295
5111	5110	0.0401404984295
5111	5112	0.0401404984295
5112	5111	0.0401404984295
5112	5113	0.0401404984295
5113	5112	0.0401404984295
5113	5114	0.0401404984295
5114	5113	0.0401404984295
5114	5115	0.0401404984295
5115	5114	0.0401404984295
5115	5116	0.0401404984295
5116	5115	0.0401404984295
5116	5117	0.0401404984295
5117	5116	0.0401404984295
5117	5118	0.0401404984295
5118	5117	0.0401404984295
5118	5119	0.0401404984295
5119	5118	0.0401404984295
5119	5120	0.0401404984295
5120	5119	0.0401404984295
5120	5121	0.0401404984295
5121	5120	0.0401404984295
5121	5122	0.0401404984295
5122	5121	0.0401404984295
5123	5102	0.0802894979715
5123	5124	0.0802894979715
5124	5123	0.0802894979715
5124	5125	0.0802894979715
5125	5124	0.0802894979715
5125	5126	0.0802894979715
5126	5125	0.0802894979715
5126	5127	0.0802894979715
5127	5126	0.0802894979715
5127	5128	0.0802894979715
5128	5127	0.0802894979715
5128	5129	0.0802894979715
5129	5128	0.0802894979715
5129	5130	0.0802894979715
5130	5129	0.0802894979715
5130	5131	0.0802894979715
5131	5130	0.0802894979715
5131	5132	0.0802894979715
5132	5131	0.0802894979715
5132	5133	0.0802894979715
5133	5132	0.0802894979715
5133	5134	0.0802894979715
5134	5133	0.0802894979715
5134	5135	0.0802894979715
5135	5134	0.0802894979715
5135	5136	0.0802894979715
5136	5135	0.0802894979715
5136	5137	0.0802894979715
5137	5136	0.0802894979715
5137	5138	0.0802894979715
5138	5137	0.0802894979715
5138	5139	0.0802894979715
5139	5138	0.0802894979715
5139	5140	0.0802894979715
5140	5139	0.0802894979715
5140	5141	0.0802894979715
5141	5140	0.0802894979715
5141	5142	0.0802894979715
5142	5141	0.0802894979715
5142	5143	0.0802894979715
5143	5142	0.0802894979715
5143	5144	0.0802894979715
5144	5143	0.0802894979715
5144	5145	0.0802894979715
5145	5144	0.0802894979715
5145	5146	0.0802894979715
5146	5145	0.0802894979715
5146	5147	0.0802894979715
5147	5146	0.0802894979715
5147	5148	0.0802894979715
5148	5147	0.0802894979715
5148	5149	0.0802894979715
5149	5148	0.0802894979715
5149	5150	0.0802894979715
5150	5149	0.0802894979715
5150	5151	0.0802894979715
5151	5150	0.0802894979715
5151	5152	0.0802894979715
5152	5151	0.0802894979715
5152	5153	0.0802894979715
5153	5152	0.0802894979715
5153	5154	0.0802894979715
5154	5153	0.0802894979715
5154	5155	0.0802894979715
5155	5154	0.0802894979715
5155	5156	0.0802894979715
5156	5155	0.0802894979715
5156	5157	0.0802894979715
5157	5156	0.0802894979715
5157	5158	0.0802894979715
5158	5157	0.0802894979715
5158	5159	0.0802894979715
5159	5158	0.0802894979715
5159	5160	0.0802894979715
5160	5159	0.0802894979715
5160	5161	0.0802894979715
5161	5160	0.0802894979715
5161	5162	0.0802894979715
5162	5161	0.0802894979715
5162	5163	0.0802894979715
5163	5162	0.0802894979715
5163	5164	0.0802894979715
5164	5163	0.0802894979715
5164	5165	0.0802894979715
5165	5164	0.0802894979715
5165	5166	0.0802894979715
5166	5165	0.0802894979715
5166	5167	0.0802894979715
5167	5166	0.0802894979715
5167	5168	0.0802894979715
5168	5167	0.0802894979715
5168	5169	0.0802894979715
5169	5168	0.0802894979715
5169	5170	0.0802894979715
5170	5169	0.0802894979715
5170	5171	0.0802894979715
5171	5170	0.0802894979715
5171	5172	0.0802894979715
5172	5171	0.0802894979715
5172	5173	0.0802894979715
5173	5172	0.0802894979715
5173	5174	0.0802894979715
5174	5173	0.0802894979715
5174	5175	0.0802894979715
5175	5174	0.0802894979715
5175	5176	0.0802894979715
5176	5175	0.0802894979715
5176	5177	0.0802894979715
5177	5176	0.0802894979715
5177	5178	0.0802894979715
5178	5177	0.0802894979715
5178	5179	0.0802894979715
5179	5178	0.0802894979715
5179	5180	0.0802894979715
5180	5179	0.0802894979715
5180	5181	0.0802894979715
5181	5180	0.0802894979715
5181	5182	0.0724724978209
5181	5249	0.0515430010855
5182	5181	0.0724724978209
5182	5183	0.0724724978209
5183	5182	0.0724724978209
5183	5184	0.0724724978209
5184	5183	0.0724724978209
5184	5185	0.0724724978209
5185	5184	0.0724724978209
5185	5186	0.0724724978209
5186	5185	0.0724724978209
5186	5187	0.0724724978209
5187	5186	0.0724724978209
5187	5188	0.0724724978209
5188	5187	0.0724724978209
5188	5189	0.0724724978209
5189	5188	0.0724724978209
5189	5190	0.0724724978209
5190	5189	0.0724724978209
5190	5191	0.0724724978209
5191	5190	0.0724724978209
5191	5192	0.0724724978209
5192	5191	0.0724724978209
5192	5193	0.0724724978209
5193	5192	0.0724724978209
5193	5194	0.0724724978209
5194	5193	0.0724724978209
5194	5195	0.0724724978209
5195	5194	0.0724724978209
5195	5196	0.0724724978209
5196	5195	0.0724724978209
5196	5197	0.0643149986863
5196	5236	0.0485744997859
5197	5196	0.0643149986863
5197	5198	0.0643149986863
5198	5197	0.0643149986863
5198	5199	0.0643149986863
5199	5198	0.0643149986863
5199	5200	0.0643149986863
5200	5199	0.0643149986863
5200	5201	0.0643149986863
5201	5200	0.0643149986863
5201	5202	0.0643149986863
5202	5201	0.0643149986863
5202	5203	0.0643149986863
5203	5202	0.0643149986863
5203	5204	0.0643149986863
5204	5203	0.0643149986863
5204	5205	0.0643149986863
5205	5204	0.0643149986863
5205	5206	0.0643149986863
5206	5205	0.0643149986863
5206	5207	0.0643149986863
5207	5206	0.0643149986863
5207	5208	0.0643149986863
5208	5207	0.0643149986863
5208	5209	0.0643149986863
5209	5208	0.0643149986863
5209	5210	0.0643149986863
5210	5209	0.0643149986863
5210	5211	0.0643149986863
5211	5210	0.0643149986863
5211	5212	0.0643149986863
5212	5211	0.0643149986863
5212	5213	0.0643149986863
5213	5212	0.0643149986863
5213	5214	0.0643149986863
5214	5213	0.0643149986863
5214	5215	0.0643149986863
5215	5214	0.0643149986863
5215	5216	0.0643149986863
5216	5215	0.0643149986863
5216	5217	0.0643149986863
5217	5216	0.0643149986863
5217	5218	0.0643149986863
5218	5217	0.0643149986863
5218	5219	0.0643149986863
5219	5218	0.0643149986863
5219	5220	0.0643149986863
5220	5219	0.0643149986863
5220	5221	0.0643149986863
5221	5220	0.0643149986863
5221	5222	0.0643149986863
5222	5221	0.0643149986863
5222	5223	0.0643149986863
5223	5222	0.0643149986863
5223	5224	0.0643149986863
5224	5223	0.0643149986863
5224	5225	0.0643149986863
5225	5224	0.0643149986863
5225	5226	0.0643149986863
5226	5225	0.0643149986863
5226	5227	0.0643149986863
5227	5226	0.0643149986863
5227	5228	0.0643149986863
5228	5227	0.0643149986863
5228	5229	0.0643149986863
5229	5228	0.0643149986863
5229	5230	0.0643149986863
5230	5229	0.0643149986863
5230	5231	0.0643149986863
5231	5230	0.0643149986863
5231	5232	0.0643149986863
5232	5231	0.0643149986863
5232	5233	0.0643149986863
5233	5232	0.0643149986863
5233	5234	0.0643149986863
5234	5233	0.0643149986863
5234	5235	0.0643149986863
5235	5234	0.0643149986863
5236	5196	0.0485744997859
5236	5237	0.0485744997859
5237	5236	0.0485744997859
5237	5238	0.0485744997859
5238	5237	0.0485744997859
5238	5239	0.0485744997859
5239	5238	0.0485744997859
5239	5240	0.0485744997859
5240	5239	0.0485744997859
5240	5241	0.0485744997859
5241	5240	0.0485744997859
5241	5242	0.0485744997859
5242	5241	0.0485744997859
5242	5243	0.0485744997859
5243	5242	0.0485744997859
5243	5244	0.0485744997859
5244	5243	0.0485744997859
5244	5245	0.0485744997859
5245	5244	0.0485744997859
5245	5246	0.0485744997859
5246	5245	0.0485744997859
5246	5247	0.0485744997859
5247	5246	0.0485744997859
5247	5248	0.0485744997859
5248	5247	0.0485744997859
5249	5181	0.0515430010855
5249	5250	0.0515430010855
5250	5249	0.0515430010855
5250	5251	0.0515430010855
5251	5250	0.0515430010855
5251	5252	0.0515430010855
5252	5251	0.0515430010855
5252	5253	0.0515430010855
5253	5252	0.0515430010855
5253	5254	0.0515430010855
5254	5253	0.0515430010855
5254	5255	0.0515430010855
5255	5254	0.0515430010855
5255	5256	0.0515430010855
5256	5255	0.0515430010855
5256	5257	0.0515430010855
5257	5256	0.0515430010855
5257	5258	0.0515430010855
5258	5257	0.0515430010855
5258	5259	0.0515430010855
5259	5258	0.0515430010855
5259	5260	0.0515430010855
5260	5259	0.0515430010855
5260	5261	0.0515430010855
5261	5260	0.0515430010855
5261	5262	0.0515430010855
5262	5261	0.0515430010855
5262	5263	0.0515430010855
5263	5262	0.0515430010855
5263	5264	0.0515430010855
5264	5263	0.0515430010855
5264	5265	0.0515430010855
5265	5264	0.0515430010855
5265	5266	0.0515430010855
5266	5265	0.0515430010855
5266	5267	0.0515430010855
5267	5266	0.0515430010855
5267	5268	0.0515430010855
5268	5267	0.0515430010855
5268	5269	0.0515430010855
5269	5268	0.0515430010855
5269	5270	0.0515430010855
5270	5269	0.0515430010855
5270	5271	0.0515430010855
5271	5270	0.0515430010855
5271	5272	0.0515430010855
5272	5271	0.0515430010855
5273	5054	0.0798565000296
5273	5274	0.0798565000296
5274	5273	0.0798565000296
5274	5275	0.0798565000296
5275	5274	0.0798565000296
5275	5276	0.0798565000296
5276	5275	0.0798565000296
5276	5277	0.0798565000296
5277	5276	0.0798565000296
5277	5278	0.0798565000296
5278	5277	0.0798565000296
5278	5279	0.0798565000296
5279	5278	0.0798565000296
5279	5280	0.0798565000296
5280	5279	0.0798565000296
5280	5281	0.0798565000296
5281	5280	0.0798565000296
5281	5282	0.0709794983268
5281	5422	0.0533264987171
5282	5281	0.0709794983268
5282	5283	0.0709794983268
5283	5282	0.0709794983268
5283	5284	0.0709794983268
5284	5283	0.0709794983268
5284	5285	0.0709794983268
5285	5284	0.0709794983268
5285	5286	0.0709794983268
5286	5285	0.0709794983268
5286	5287	0.047474000603
5286	5335	0.0630469992757
5287	5286	0.047474000603
5287	5288	0.047474000603
5288	5287	0.047474000603
5288	5289	0.047474000603
5289	5288	0.047474000603
5289	5290	0.047474000603
5290	5289	0.047474000603
5290	5291	0.047474000603
5291	5290	0.047474000603
5291	5292	0.047474000603
5292	5291	0.047474000603
5292	5293	0.047474000603
5293	5292	0.047474000603
5293	5294	0.047474000603
5294	5293	0.047474000603
5294	5295	0.047474000603
5295	5294	0.047474000603
5295	5296	0.047474000603
5296	5295	0.047474000603
5296	5297	0.047474000603
5297	5296	0.047474000603
5297	5298	0.047474000603
5298	5297	0.047474000603
5298	5299	0.047474000603
5299	5298	0.047474000603
5299	5300	0.047474000603
5300	5299	0.047474000603
5300	5301	0.047474000603
5301	5300	0.047474000603
5301	5302	0.047474000603
5302	5301	0.047474000603
5302	5303	0.047474000603
5303	5302	0.047474000603
5303	5304	0.047474000603
5304	5303	0.047474000603
5304	5305	0.047474000603
5305	5304	0.047474000603
5305	5306	0.047474000603
5306	5305	0.047474000603
5306	5307	0.047474000603
5307	5306	0.047474000603
5307	5308	0.047474000603
5308	5307	0.047474000603
5308	5309	0.047474000603
5309	5308	0.047474000603
5309	5310	0.047474000603
5310	5309	0.047474000603
5310	5311	0.047474000603
5311	5310	0.047474000603
5311	5312	0.047474000603
5312	5311	0.047474000603
5312	5313	0.047474000603
5313	5312	0.047474000603
5313	5314	0.047474000603
5314	5313	0.047474000603
5314	5315	0.047474000603
5315	5314	0.047474000603
5315	5316	0.047474000603
5316	5315	0.047474000603
5316	5317	0.047474000603
5317	5316	0.047474000603
5317	5318	0.047474000603
5318	5317	0.047474000603
5318	5319	0.047474000603
5319	5318	0.047474000603
5319	5320	0.047474000603
5320	5319	0.047474000603
5320	5321	0.047474000603
5321	5320	0.047474000603
5321	5322	0.047474000603
5322	5321	0.047474000603
5322	5323	0.047474000603
5323	5322	0.047474000603
5323	5324	0.047474000603
5324	5323	0.047474000603
5324	5325	0.047474000603
5325	5324	0.047474000603
5325	5326	0.047474000603
5326	5325	0.047474000603
5326	5327	0.047474000603
5327	5326	0.047474000603
5327	5328	0.047474000603
5328	5327	0.047474000603
5328	5329	0.047474000603
5329	5328	0.047474000603
5329	5330	0.047474000603
5330	5329	0.047474000603
5330	5331	0.047474000603
5331	5330	0.047474000603
5331	5332	0.047474000603
5332	5331	0.047474000603
5332	5333	0.047474000603
5333	5332	0.047474000603
5333	5334	0.047474000603
5334	5333	0.047474000603
5335	5286	0.0630469992757
5335	5336	0.0630469992757
5336	5335	0.0630469992757
5336	5337	0.0630469992757
5337	5336	0.0630469992757
5337	5338	0.0630469992757
5338	5337	0.0630469992757
5338	5339	0.0630469992757
5339	5338	0.0630469992757
5339	5340	0.0350069999695
5339	5352	0.0592220015824
5340	5339	0.0350069999695
5340	5341	0.0350069999695
5341	5340	0.0350069999695
5341	5342	0.0350069999695
5342	5341	0.0350069999695
5342	5343	0.0350069999695
5343	5342	0.0350069999695
5343	5344	0.0350069999695
5344	5343	0.0350069999695
5344	5345	0.0350069999695
5345	5344	0.0350069999695
5345	5346	0.0350069999695
5346	5345	0.0350069999695
5346	5347	0.0350069999695
5347	5346	0.0350069999695
5347	5348	0.0350069999695
5348	5347	0.0350069999695
5348	5349	0.0350069999695
5349	5348	0.0350069999695
5349	5350	0.0350069999695
5350	5349	0.0350069999695
5350	5351	0.0350069999695
5351	5350	0.0350069999695
5352	5339	0.0592220015824
5352	5353	0.0592220015824
5353	5352	0.0592220015824
5353	5354	0.0592220015824
5354	5353	0.0592220015824
5354	5355	0.0592220015824
5355	5354	0.0592220015824
5355	5356	0.0592220015824
5356	5355	0.0592220015824
5356	5357	0.0592220015824
5357	5356	0.0592220015824
5357	5358	0.0592220015824
5358	5357	0.0592220015824
5358	5359	0.0592220015824
5359	5358	0.0592220015824
5359	5360	0.0592220015824
5360	5359	0.0592220015824
5360	5361	0.0592220015824
5361	5360	0.0592220015824
5361	5362	0.0592220015824
5362	5361	0.0592220015824
5362	5363	0.0592220015824
5363	5362	0.0592220015824
5363	5364	0.0592220015824
5364	5363	0.0592220015824
5364	5365	0.0592220015824
5365	5364	0.0592220015824
5365	5366	0.0592220015824
5366	5365	0.0592220015824
5366	5367	0.0592220015824
5367	5366	0.0592220015824
5367	5368	0.0592220015824
5368	5367	0.0592220015824
5368	5369	0.0592220015824
5369	5368	0.0592220015824
5369	5370	0.0592220015824
5370	5369	0.0592220015824
5370	5371	0.0592220015824
5371	5370	0.0592220015824
5371	5372	0.0592220015824
5372	5371	0.0592220015824
5372	5373	0.0398319996893
5372	5385	0.0524764992297
5373	5372	0.0398319996893
5373	5374	0.0398319996893
5374	5373	0.0398319996893
5374	5375	0.0398319996893
5375	5374	0.0398319996893
5375	5376	0.0398319996893
5376	5375	0.0398319996893
5376	5377	0.0398319996893
5377	5376	0.0398319996893
5377	5378	0.0398319996893
5378	5377	0.0398319996893
5378	5379	0.0398319996893
5379	5378	0.0398319996893
5379	5380	0.0398319996893
5380	5379	0.0398319996893
5380	5381	0.0398319996893
5381	5380	0.0398319996893
5381	5382	0.0398319996893
5382	5381	0.0398319996893
5382	5383	0.0398319996893
5383	5382	0.0398319996893
5383	5384	0.0398319996893
5384	5383	0.0398319996893
5385	5372	0.0524764992297
5385	5386	0.0524764992297
5386	5385	0.0524764992297
5386	5387	0.0524764992297
5387	5386	0.0524764992297
5387	5388	0.0524764992297
5388	5387	0.0524764992297
5388	5389	0.0524764992297
5389	5388	0.0524764992297
5389	5390	0.0524764992297
5390	5389	0.0524764992297
5390	5391	0.0524764992297
5391	5390	0.0524764992297
5391	5392	0.0524764992297
5392	5391	0.0524764992297
5392	5393	0.0524764992297
5393	5392	0.0524764992297
5393	5394	0.0524764992297
5394	5393	0.0524764992297
5394	5395	0.0524764992297
5395	5394	0.0524764992297
5395	5396	0.0524764992297
5396	5395	0.0524764992297
5396	5397	0.0524764992297
5397	5396	0.0524764992297
5397	5398	0.0524764992297
5398	5397	0.0524764992297
5398	5399	0.0524764992297
5399	5398	0.0524764992297
5399	5400	0.0524764992297
5400	5399	0.0524764992297
5400	5401	0.0524764992297
5401	5400	0.0524764992297
5401	5402	0.0524764992297
5402	5401	0.0524764992297
5402	5403	0.0524764992297
5403	5402	0.0524764992297
5403	5404	0.0524764992297
5404	5403	0.0524764992297
5404	5405	0.0524764992297
5405	5404	0.0524764992297
5405	5406	0.0524764992297
5406	5405	0.0524764992297
5406	5407	0.0524764992297
5407	5406	0.0524764992297
5407	5408	0.0524764992297
5408	5407	0.0524764992297
5408	5409	0.0524764992297
5409	5408	0.0524764992297
5409	5410	0.0524764992297
5410	5409	0.0524764992297
5410	5411	0.0524764992297
5411	5410	0.0524764992297
5411	5412	0.0524764992297
5412	5411	0.0524764992297
5412	5413	0.0524764992297
5413	5412	0.0524764992297
5413	5414	0.0524764992297
5414	5413	0.0524764992297
5414	5415	0.0524764992297
5415	5414	0.0524764992297
5415	5416	0.0524764992297
5416	5415	0.0524764992297
5416	5417	0.0524764992297
5417	5416	0.0524764992297
5417	5418	0.0524764992297
5418	5417	0.0524764992297
5418	5419	0.0524764992297
5419	5418	0.0524764992297
5419	5420	0.0524764992297
5420	5419	0.0524764992297
5420	5421	0.0524764992297
5421	5420	0.0524764992297
5422	5281	0.0533264987171
5422	5423	0.0533264987171
5423	5422	0.0533264987171
5423	5424	0.0533264987171
5424	5423	0.0533264987171
5424	5425	0.0533264987171
5425	5424	0.0533264987171
5425	5426	0.0533264987171
5426	5425	0.0533264987171
5426	5427	0.0533264987171
5427	5426	0.0533264987171
5427	5428	0.0533264987171
5428	5427	0.0533264987171
5428	5429	0.0533264987171
5429	5428	0.0533264987171
5429	5430	0.0533264987171
5430	5429	0.0533264987171
5430	5431	0.0533264987171
5431	5430	0.0533264987171
5431	5432	0.0533264987171
5432	5431	0.0533264987171
5432	5433	0.0533264987171
5433	5432	0.0533264987171
5433	5434	0.0533264987171
5434	5433	0.0533264987171
5434	5435	0.0533264987171
5435	5434	0.0533264987171
5435	5436	0.0533264987171
5436	5435	0.0533264987171
5436	5437	0.0533264987171
5437	5436	0.0533264987171
5437	5438	0.0533264987171
5438	5437	0.0533264987171
5438	5439	0.0533264987171
5439	5438	0.0533264987171
5439	5440	0.0533264987171
5440	5439	0.0533264987171
5440	5441	0.0533264987171
5441	5440	0.0533264987171
5441	5442	0.0533264987171
5442	5441	0.0533264987171
5442	5443	0.0533264987171
5443	5442	0.0533264987171
5443	5444	0.0533264987171
5444	5443	0.0533264987171
5444	5445	0.0533264987171
5445	5444	0.0533264987171
5445	5446	0.0533264987171
5446	5445	0.0533264987171
5446	5447	0.0533264987171
5447	5446	0.0533264987171
5447	5448	0.0533264987171
5448	5447	0.0533264987171
5448	5449	0.0533264987171
5449	5448	0.0533264987171
5449	5450	0.0533264987171
5450	5449	0.0533264987171
5450	5451	0.0533264987171
5451	5450	0.0533264987171
5451	5452	0.0533264987171
5452	5451	0.0533264987171
5452	5453	0.0533264987171
5453	5452	0.0533264987171
5453	5454	0.0533264987171
5454	5453	0.0533264987171
5454	5455	0.0533264987171
5455	5454	0.0533264987171
5455	5456	0.0533264987171
5456	5455	0.0533264987171
5456	5457	0.0533264987171
5457	5456	0.0533264987171
5457	5458	0.0533264987171
5458	5457	0.0533264987171
5458	5459	0.0533264987171
5459	5458	0.0533264987171
5459	5460	0.0533264987171
5460	5459	0.0533264987171
5460	5461	0.0533264987171
5461	5460	0.0533264987171
5461	5462	0.0533264987171
5462	5461	0.0533264987171
5462	5463	0.0533264987171
5463	5462	0.0533264987171
5463	5464	0.0533264987171
5464	5463	0.0533264987171
5464	5465	0.0533264987171
5465	5464	0.0533264987171
5465	5466	0.0533264987171
5466	5465	0.0533264987171
5466	5467	0.0533264987171
5467	5466	0.0533264987171
5467	5468	0.0533264987171
5468	5467	0.0533264987171
5468	5469	0.0533264987171
5469	5468	0.0533264987171
5469	5470	0.0533264987171
5470	5469	0.0533264987171
5470	5471	0.0533264987171
5471	5470	0.0533264987171
5471	5472	0.0533264987171
5472	5471	0.0533264987171
5472	5473	0.0533264987171
5473	5472	0.0533264987171
5473	5474	0.0533264987171
5474	5473	0.0533264987171
5474	5475	0.0533264987171
5475	5474	0.0533264987171
5475	5476	0.0533264987171
5476	5475	0.0533264987171
5476	5477	0.0533264987171
5477	5476	0.0533264987171
5477	5478	0.0533264987171
5478	5477	0.0533264987171
5478	5479	0.0533264987171
5479	5478	0.0533264987171
5479	5480	0.0533264987171
5480	5479	0.0533264987171
5480	5481	0.0533264987171
5481	5480	0.0533264987171
5481	5482	0.0533264987171
5482	5481	0.0533264987171
5482	5483	0.0533264987171
5483	5482	0.0533264987171
5483	5484	0.0533264987171
5484	5483	0.0533264987171
5484	5485	0.0533264987171
5485	5484	0.0533264987171
5485	5486	0.0533264987171
5486	5485	0.0533264987171
5486	5487	0.0533264987171
5487	5486	0.0533264987171
5487	5488	0.0533264987171
5488	5487	0.0533264987171
5488	5489	0.0533264987171
5489	5488	0.0533264987171
5489	5490	0.0533264987171
5490	5489	0.0533264987171
5490	5491	0.0533264987171
5491	5490	0.0533264987171
5491	5492	0.0533264987171
5492	5491	0.0533264987171
5492	5493	0.0533264987171
5493	5492	0.0533264987171
5493	5494	0.0533264987171
5494	5493	0.0533264987171
5494	5495	0.0533264987171
5495	5494	0.0533264987171
5495	5496	0.0533264987171
5496	5495	0.0533264987171
5496	5497	0.0533264987171
5497	5496	0.0533264987171
5497	5498	0.0533264987171
5498	5497	0.0533264987171
5498	5499	0.0533264987171
5499	5498	0.0533264987171
5499	5500	0.0533264987171
5500	5499	0.0533264987171
5500	5501	0.0533264987171
5501	5500	0.0533264987171
5501	5502	0.0533264987171
5502	5501	0.0533264987171
5502	5503	0.0533264987171
5503	5502	0.0533264987171
5503	5504	0.0533264987171
5504	5503	0.0533264987171
5504	5505	0.0533264987171
5505	5504	0.0533264987171
5505	5506	0.0533264987171
5506	5505	0.0533264987171
5507	4986	0.0379029996693
5507	5508	0.0379029996693
5508	5507	0.0379029996693
5508	5509	0.0379029996693
5509	5508	0.0379029996693
5509	5510	0.0379029996693
5510	5509	0.0379029996693
5510	5511	0.0379029996693
5511	5510	0.0379029996693
5511	5512	0.0379029996693
5512	5511	0.0379029996693
5512	5513	0.0379029996693
5513	5512	0.0379029996693
5513	5514	0.0379029996693
5514	5513	0.0379029996693
5514	5515	0.0379029996693
5515	5514	0.0379029996693
5515	5516	0.0379029996693
5516	5515	0.0379029996693
5516	5517	0.0379029996693
5517	5516	0.0379029996693
5517	5518	0.0379029996693
5518	5517	0.0379029996693
5518	5519	0.0379029996693
5519	5518	0.0379029996693
5519	5520	0.0379029996693
5520	5519	0.0379029996693
5520	5521	0.0379029996693
5521	5520	0.0379029996693
5521	5522	0.0379029996693
5522	5521	0.0379029996693
5522	5523	0.0379029996693
5523	5522	0.0379029996693
5523	5524	0.0379029996693
5524	5523	0.0379029996693
5524	5525	0.0379029996693
5525	5524	0.0379029996693
5525	5526	0.0379029996693
5526	5525	0.0379029996693
5526	5527	0.0379029996693
5527	5526	0.0379029996693
5527	5528	0.0379029996693
5528	5527	0.0379029996693
5528	5529	0.0379029996693
5529	5528	0.0379029996693
5529	5530	0.0379029996693
5530	5529	0.0379029996693
5530	5531	0.0379029996693
5531	5530	0.0379029996693
5531	5532	0.0379029996693
5532	5531	0.0379029996693
5532	5533	0.0379029996693
5533	5532	0.0379029996693
5533	5534	0.0379029996693
5534	5533	0.0379029996693
5535	4929	0.242429494858
5535	5536	0.242429494858
5536	5535	0.242429494858
5536	5537	0.242429494858
5537	5536	0.242429494858
5537	5538	0.242429494858
5538	5537	0.242429494858
5538	5539	0.242429494858
5539	5538	0.242429494858
5539	5540	0.242429494858
5540	5539	0.242429494858
5540	5541	0.242429494858
5541	5540	0.242429494858
5541	5542	0.242429494858
5542	5541	0.242429494858
5542	5543	0.242286503315
5542	9676	0.0293144993484
5543	5542	0.242286503315
5543	5544	0.242286503315
5544	5543	0.242286503315
5544	5545	0.242286503315
5545	5544	0.242286503315
5545	5546	0.242286503315
5546	5545	0.242286503315
5546	5547	0.242286503315
5547	5546	0.242286503315
5547	5548	0.242286503315
5548	5547	0.242286503315
5548	5549	0.242286503315
5549	5548	0.242286503315
5549	5550	0.242286503315
5550	5549	0.242286503315
5550	5551	0.242286503315
5551	5550	0.242286503315
5551	5552	0.242286503315
5552	5551	0.242286503315
5552	5553	0.242286503315
5553	5552	0.242286503315
5553	5554	0.242286503315
5554	5553	0.242286503315
5554	5555	0.242286503315
5555	5554	0.242286503315
5555	5556	0.242286503315
5556	5555	0.242286503315
5556	5557	0.242286503315
5557	5556	0.242286503315
5557	5558	0.242286503315
5558	5557	0.242286503315
5558	5559	0.242286503315
5559	5558	0.242286503315
5559	5560	0.242286503315
5560	5559	0.242286503315
5560	5561	0.242286503315
5561	5560	0.242286503315
5561	5562	0.242286503315
5562	5561	0.242286503315
5562	5563	0.242286503315
5563	5562	0.242286503315
5563	5564	0.242286503315
5564	5563	0.242286503315
5564	5565	0.242286503315
5565	5564	0.242286503315
5565	5566	0.242286503315
5566	5565	0.242286503315
5566	5567	0.242286503315
5567	5566	0.242286503315
5567	5568	0.242286503315
5568	5567	0.242286503315
5568	5569	0.242286503315
5569	5568	0.242286503315
5569	5570	0.242286503315
5570	5569	0.242286503315
5570	5571	0.242286503315
5571	5570	0.242286503315
5571	5572	0.242286503315
5572	5571	0.242286503315
5572	5573	0.242286503315
5573	5572	0.242286503315
5573	5574	0.242286503315
5574	5573	0.242286503315
5574	5575	0.242286503315
5575	5574	0.242286503315
5575	5576	0.242286503315
5576	5575	0.242286503315
5576	5577	0.239356502891
5576	9468	0.0798830017447
5577	5576	0.239356502891
5577	5578	0.239356502891
5578	5577	0.239356502891
5578	5579	0.239356502891
5579	5578	0.239356502891
5579	5580	0.239356502891
5580	5579	0.239356502891
5580	5581	0.239356502891
5581	5580	0.239356502891
5581	5582	0.239356502891
5582	5581	0.239356502891
5582	5583	0.239356502891
5583	5582	0.239356502891
5583	5584	0.239356502891
5584	5583	0.239356502891
5584	5585	0.239356502891
5585	5584	0.239356502891
5585	5586	0.239356502891
5586	5585	0.239356502891
5586	5587	0.239356502891
5587	5586	0.239356502891
5587	5588	0.239356502891
5588	5587	0.239356502891
5588	5589	0.239356502891
5589	5588	0.239356502891
5589	5590	0.0427694991231
5589	5634	0.238900497556
5590	5589	0.0427694991231
5590	5591	0.0427694991231
5591	5590	0.0427694991231
5591	5592	0.0427694991231
5592	5591	0.0427694991231
5592	5593	0.0427694991231
5593	5592	0.0427694991231
5593	5594	0.0427694991231
5594	5593	0.0427694991231
5594	5595	0.0427694991231
5595	5594	0.0427694991231
5595	5596	0.0427694991231
5596	5595	0.0427694991231
5596	5597	0.0427694991231
5597	5596	0.0427694991231
5597	5598	0.0427694991231
5598	5597	0.0427694991231
5598	5599	0.0427694991231
5599	5598	0.0427694991231
5599	5600	0.0427694991231
5600	5599	0.0427694991231
5600	5601	0.0427694991231
5601	5600	0.0427694991231
5601	5602	0.0427694991231
5602	5601	0.0427694991231
5602	5603	0.0427694991231
5603	5602	0.0427694991231
5603	5604	0.0427694991231
5604	5603	0.0427694991231
5604	5605	0.0427694991231
5605	5604	0.0427694991231
5605	5606	0.0427694991231
5606	5605	0.0427694991231
5606	5607	0.0427694991231
5607	5606	0.0427694991231
5607	5608	0.0427694991231
5608	5607	0.0427694991231
5608	5609	0.0427694991231
5609	5608	0.0427694991231
5609	5610	0.0427694991231
5610	5609	0.0427694991231
5610	5611	0.0427694991231
5611	5610	0.0427694991231
5611	5612	0.0427694991231
5612	5611	0.0427694991231
5612	5613	0.0427694991231
5613	5612	0.0427694991231
5613	5614	0.0427694991231
5614	5613	0.0427694991231
5614	5615	0.0427694991231
5615	5614	0.0427694991231
5615	5616	0.0427694991231
5616	5615	0.0427694991231
5616	5617	0.0427694991231
5617	5616	0.0427694991231
5617	5618	0.0427694991231
5618	5617	0.0427694991231
5618	5619	0.0427694991231
5619	5618	0.0427694991231
5619	5620	0.0427694991231
5620	5619	0.0427694991231
5620	5621	0.0427694991231
5621	5620	0.0427694991231
5621	5622	0.0427694991231
5622	5621	0.0427694991231
5622	5623	0.0427694991231
5623	5622	0.0427694991231
5623	5624	0.0427694991231
5624	5623	0.0427694991231
5624	5625	0.0427694991231
5625	5624	0.0427694991231
5625	5626	0.0427694991231
5626	5625	0.0427694991231
5626	5627	0.0427694991231
5627	5626	0.0427694991231
5627	5628	0.0427694991231
5628	5627	0.0427694991231
5628	5629	0.0427694991231
5629	5628	0.0427694991231
5629	5630	0.0427694991231
5630	5629	0.0427694991231
5630	5631	0.0427694991231
5631	5630	0.0427694991231
5631	5632	0.0427694991231
5632	5631	0.0427694991231
5632	5633	0.0427694991231
5633	5632	0.0427694991231
5634	5589	0.238900497556
5634	5635	0.238900497556
5635	5634	0.238900497556
5635	5636	0.238900497556
5636	5635	0.238900497556
5636	5637	0.238900497556
5637	5636	0.238900497556
5637	5638	0.238900497556
5638	5637	0.238900497556
5638	5639	0.238900497556
5639	5638	0.238900497556
5639	5640	0.238900497556
5640	5639	0.238900497556
5640	5641	0.238900497556
5641	5640	0.238900497556
5641	5642	0.238900497556
5642	5641	0.238900497556
5642	5643	0.238900497556
5643	5642	0.238900497556
5643	5644	0.238900497556
5644	5643	0.238900497556
5644	5645	0.238900497556
5645	5644	0.238900497556
5645	5646	0.238900497556
5646	5645	0.238900497556
5646	5647	0.0602395012975
5646	5755	0.237617000937
5647	5646	0.0602395012975
5647	5648	0.0602395012975
5648	5647	0.0602395012975
5648	5649	0.0602395012975
5649	5648	0.0602395012975
5649	5650	0.0602395012975
5650	5649	0.0602395012975
5650	5651	0.0602395012975
5651	5650	0.0602395012975
5651	5652	0.0602395012975
5652	5651	0.0602395012975
5652	5653	0.0602395012975
5653	5652	0.0602395012975
5653	5654	0.0602395012975
5654	5653	0.0602395012975
5654	5655	0.0602395012975
5655	5654	0.0602395012975
5655	5656	0.0602395012975
5656	5655	0.0602395012975
5656	5657	0.0602395012975
5657	5656	0.0602395012975
5657	5658	0.0602395012975
5658	5657	0.0602395012975
5658	5659	0.0602395012975
5659	5658	0.0602395012975
5659	5660	0.0602395012975
5660	5659	0.0602395012975
5660	5661	0.0602395012975
5661	5660	0.0602395012975
5661	5662	0.0602395012975
5662	5661	0.0602395012975
5662	5663	0.0602395012975
5663	5662	0.0602395012975
5663	5664	0.0602395012975
5664	5663	0.0602395012975
5664	5665	0.0602395012975
5665	5664	0.0602395012975
5665	5666	0.0602395012975
5666	5665	0.0602395012975
5666	5667	0.0602395012975
5667	5666	0.0602395012975
5667	5668	0.0602395012975
5668	5667	0.0602395012975
5668	5669	0.0602395012975
5669	5668	0.0602395012975
5669	5670	0.0602395012975
5670	5669	0.0602395012975
5670	5671	0.0602395012975
5671	5670	0.0602395012975
5671	5672	0.0602395012975
5672	5671	0.0602395012975
5672	5673	0.0602395012975
5673	5672	0.0602395012975
5673	5674	0.0602395012975
5674	5673	0.0602395012975
5674	5675	0.0602395012975
5675	5674	0.0602395012975
5675	5676	0.0602395012975
5676	5675	0.0602395012975
5676	5677	0.0602395012975
5677	5676	0.0602395012975
5677	5678	0.0602395012975
5678	5677	0.0602395012975
5678	5679	0.0602395012975
5679	5678	0.0602395012975
5679	5680	0.0602395012975
5680	5679	0.0602395012975
5680	5681	0.0602395012975
5681	5680	0.0602395012975
5681	5682	0.0602395012975
5682	5681	0.0602395012975
5682	5683	0.0602395012975
5683	5682	0.0602395012975
5683	5684	0.0602395012975
5684	5683	0.0602395012975
5684	5685	0.0602395012975
5685	5684	0.0602395012975
5685	5686	0.0602395012975
5686	5685	0.0602395012975
5686	5687	0.0602395012975
5687	5686	0.0602395012975
5687	5688	0.0602395012975
5688	5687	0.0602395012975
5688	5689	0.0602395012975
5689	5688	0.0602395012975
5689	5690	0.0602395012975
5690	5689	0.0602395012975
5690	5691	0.0426849983633
5690	5711	0.0520264990628
5691	5690	0.0426849983633
5691	5692	0.0426849983633
5692	5691	0.0426849983633
5692	5693	0.0426849983633
5693	5692	0.0426849983633
5693	5694	0.0426849983633
5694	5693	0.0426849983633
5694	5695	0.0426849983633
5695	5694	0.0426849983633
5695	5696	0.0426849983633
5696	5695	0.0426849983633
5696	5697	0.0426849983633
5697	5696	0.0426849983633
5697	5698	0.0426849983633
5698	5697	0.0426849983633
5698	5699	0.0426849983633
5699	5698	0.0426849983633
5699	5700	0.0426849983633
5700	5699	0.0426849983633
5700	5701	0.0426849983633
5701	5700	0.0426849983633
5701	5702	0.0426849983633
5702	5701	0.0426849983633
5702	5703	0.0426849983633
5703	5702	0.0426849983633
5703	5704	0.0426849983633
5704	5703	0.0426849983633
5704	5705	0.0426849983633
5705	5704	0.0426849983633
5705	5706	0.0426849983633
5706	5705	0.0426849983633
5706	5707	0.0426849983633
5707	5706	0.0426849983633
5707	5708	0.0426849983633
5708	5707	0.0426849983633
5708	5709	0.0426849983633
5709	5708	0.0426849983633
5709	5710	0.0426849983633
5710	5709	0.0426849983633
5711	5690	0.0520264990628
5711	5712	0.0520264990628
5712	5711	0.0520264990628
5712	5713	0.0520264990628
5713	5712	0.0520264990628
5713	5714	0.0520264990628
5714	5713	0.0520264990628
5714	5715	0.0520264990628
5715	5714	0.0520264990628
5715	5716	0.0520264990628
5716	5715	0.0520264990628
5716	5717	0.0520264990628
5717	5716	0.0520264990628
5717	5718	0.0520264990628
5718	5717	0.0520264990628
5718	5719	0.0520264990628
5719	5718	0.0520264990628
5719	5720	0.0520264990628
5720	5719	0.0520264990628
5720	5721	0.0520264990628
5721	5720	0.0520264990628
5721	5722	0.0520264990628
5722	5721	0.0520264990628
5722	5723	0.0520264990628
5723	5722	0.0520264990628
5723	5724	0.0520264990628
5724	5723	0.0520264990628
5724	5725	0.0520264990628
5725	5724	0.0520264990628
5725	5726	0.0520264990628
5726	5725	0.0520264990628
5726	5727	0.0520264990628
5727	5726	0.0520264990628
5727	5728	0.0520264990628
5728	5727	0.0520264990628
5728	5729	0.0520264990628
5729	5728	0.0520264990628
5729	5730	0.0520264990628
5730	5729	0.0520264990628
5730	5731	0.0520264990628
5731	5730	0.0520264990628
5731	5732	0.0520264990628
5732	5731	0.0520264990628
5732	5733	0.0520264990628
5733	5732	0.0520264990628
5733	5734	0.0520264990628
5734	5733	0.0520264990628
5734	5735	0.0520264990628
5735	5734	0.0520264990628
5735	5736	0.0520264990628
5736	5735	0.0520264990628
5736	5737	0.0520264990628
5737	5736	0.0520264990628
5737	5738	0.0520264990628
5738	5737	0.0520264990628
5738	5739	0.0520264990628
5739	5738	0.0520264990628
5739	5740	0.0520264990628
5740	5739	0.0520264990628
5740	5741	0.0520264990628
5741	5740	0.0520264990628
5741	5742	0.0520264990628
5742	5741	0.0520264990628
5742	5743	0.0520264990628
5743	5742	0.0520264990628
5743	5744	0.0520264990628
5744	5743	0.0520264990628
5744	5745	0.0520264990628
5745	5744	0.0520264990628
5745	5746	0.0520264990628
5746	5745	0.0520264990628
5746	5747	0.0520264990628
5747	5746	0.0520264990628
5747	5748	0.0520264990628
5748	5747	0.0520264990628
5748	5749	0.0520264990628
5749	5748	0.0520264990628
5749	5750	0.0520264990628
5750	5749	0.0520264990628
5750	5751	0.0520264990628
5751	5750	0.0520264990628
5751	5752	0.0520264990628
5752	5751	0.0520264990628
5752	5753	0.0520264990628
5753	5752	0.0520264990628
5753	5754	0.0520264990628
5754	5753	0.0520264990628
5755	5646	0.237617000937
5755	5756	0.237617000937
5756	5755	0.237617000937
5756	5757	0.237617000937
5757	5756	0.237617000937
5757	5758	0.237243503332
5757	9436	0.0398195013404
5758	5757	0.237243503332
5758	5759	0.237243503332
5759	5758	0.237243503332
5759	5760	0.237243503332
5760	5759	0.237243503332
5760	5761	0.236978501081
5760	9416	0.0355070009828
5761	5760	0.236978501081
5761	5762	0.236978501081
5762	5761	0.236978501081
5762	5763	0.236978501081
5763	5762	0.236978501081
5763	5764	0.236978501081
5764	5763	0.236978501081
5764	5765	0.236978501081
5765	5764	0.236978501081
5765	5766	0.236978501081
5766	5765	0.236978501081
5766	5767	0.236727997661
5766	9398	0.0347925014794
5767	5766	0.236727997661
5767	5768	0.236727997661
5768	5767	0.236727997661
5768	5769	0.236727997661
5769	5768	0.236727997661
5769	5770	0.236727997661
5770	5769	0.236727997661
5770	5771	0.236727997661
5771	5770	0.236727997661
5771	5772	0.236727997661
5772	5771	0.236727997661
5772	5773	0.236727997661
5773	5772	0.236727997661
5773	5774	0.236727997661
5774	5773	0.236727997661
5774	5775	0.236727997661
5775	5774	0.236727997661
5775	5776	0.236727997661
5776	5775	0.236727997661
5776	5777	0.236727997661
5777	5776	0.236727997661
5777	5778	0.236727997661
5778	5777	0.236727997661
5778	5779	0.236727997661
5779	5778	0.236727997661
5779	5780	0.216199994087
5779	8531	0.146753504872
5780	5779	0.216199994087
5780	5781	0.216199994087
5781	5780	0.216199994087
5781	5782	0.216199994087
5782	5781	0.216199994087
5782	5783	0.216199994087
5783	5782	0.216199994087
5783	5784	0.216199994087
5784	5783	0.216199994087
5784	5785	0.216199994087
5785	5784	0.216199994087
5785	5786	0.216199994087
5786	5785	0.216199994087
5786	5787	0.216199994087
5787	5786	0.216199994087
5787	5788	0.216199994087
5788	5787	0.216199994087
5788	5789	0.216199994087
5789	5788	0.216199994087
5789	5790	0.216199994087
5790	5789	0.216199994087
5790	5791	0.216199994087
5791	5790	0.216199994087
5791	5792	0.216199994087
5792	5791	0.216199994087
5792	5793	0.216199994087
5793	5792	0.216199994087
5793	5794	0.216199994087
5794	5793	0.216199994087
5794	5795	0.216199994087
5795	5794	0.216199994087
5795	5796	0.216199994087
5796	5795	0.216199994087
5796	5797	0.216199994087
5797	5796	0.216199994087
5797	5798	0.216199994087
5798	5797	0.216199994087
5798	5799	0.216199994087
5799	5798	0.216199994087
5799	5800	0.216199994087
5800	5799	0.216199994087
5800	5801	0.216199994087
5801	5800	0.216199994087
5801	5802	0.216199994087
5802	5801	0.216199994087
5802	5803	0.197323992848
5802	7828	0.134304493666
5803	5802	0.197323992848
5803	5804	0.197323992848
5804	5803	0.197323992848
5804	5805	0.197323992848
5805	5804	0.197323992848
5805	5806	0.197323992848
5806	5805	0.197323992848
5806	5807	0.197323992848
5807	5806	0.197323992848
5807	5808	0.197323992848
5808	5807	0.197323992848
5808	5809	0.197323992848
5809	5808	0.197323992848
5809	5810	0.197323992848
5810	5809	0.197323992848
5810	5811	0.197323992848
5811	5810	0.197323992848
5811	5812	0.197323992848
5812	5811	0.197323992848
5812	5813	0.197323992848
5813	5812	0.197323992848
5813	5814	0.197323992848
5814	5813	0.197323992848
5814	5815	0.197323992848
5815	5814	0.197323992848
5815	5816	0.197323992848
5816	5815	0.197323992848
5816	5817	0.197323992848
5817	5816	0.197323992848
5817	5818	0.197323992848
5818	5817	0.197323992848
5818	5819	0.197323992848
5819	5818	0.197323992848
5819	5820	0.197323992848
5820	5819	0.197323992848
5820	5821	0.197323992848
5821	5820	0.197323992848
5821	5822	0.197323992848
5822	5821	0.197323992848
5822	5823	0.197323992848
5823	5822	0.197323992848
5823	5824	0.197323992848
5824	5823	0.197323992848
5824	5825	0.197323992848
5825	5824	0.197323992848
5825	5826	0.197323992848
5826	5825	0.197323992848
5826	5827	0.197323992848
5827	5826	0.197323992848
5827	5828	0.0377045013011
5827	5849	0.196863994002
5828	5827	0.0377045013011
5828	5829	0.0377045013011
5829	5828	0.0377045013011
5829	5830	0.0377045013011
5830	5829	0.0377045013011
5830	5831	0.0377045013011
5831	5830	0.0377045013011
5831	5832	0.0377045013011
5832	5831	0.0377045013011
5832	5833	0.0377045013011
5833	5832	0.0377045013011
5833	5834	0.0377045013011
5834	5833	0.0377045013011
5834	5835	0.0377045013011
5835	5834	0.0377045013011
5835	5836	0.0377045013011
5836	5835	0.0377045013011
5836	5837	0.0377045013011
5837	5836	0.0377045013011
5837	5838	0.0377045013011
5838	5837	0.0377045013011
5838	5839	0.0377045013011
5839	5838	0.0377045013011
5839	5840	0.0377045013011
5840	5839	0.0377045013011
5840	5841	0.0377045013011
5841	5840	0.0377045013011
5841	5842	0.0377045013011
5842	5841	0.0377045013011
5842	5843	0.0377045013011
5843	5842	0.0377045013011
5843	5844	0.0377045013011
5844	5843	0.0377045013011
5844	5845	0.0377045013011
5845	5844	0.0377045013011
5845	5846	0.0377045013011
5846	5845	0.0377045013011
5846	5847	0.0377045013011
5847	5846	0.0377045013011
5847	5848	0.0377045013011
5848	5847	0.0377045013011
5849	5827	0.196863994002
5849	5850	0.196863994002
5850	5849	0.196863994002
5850	5851	0.196863994002
5851	5850	0.196863994002
5851	5852	0.196863994002
5852	5851	0.196863994002
5852	5853	0.196863994002
5853	5852	0.196863994002
5853	5854	0.196863994002
5854	5853	0.196863994002
5854	5855	0.196863994002
5855	5854	0.196863994002
5855	5856	0.196863994002
5856	5855	0.196863994002
5856	5857	0.196863994002
5857	5856	0.196863994002
5857	5858	0.196863994002
5858	5857	0.196863994002
5858	5859	0.196863994002
5859	5858	0.196863994002
5859	5860	0.196863994002
5860	5859	0.196863994002
5860	5861	0.196863994002
5861	5860	0.196863994002
5861	5862	0.196863994002
5862	5861	0.196863994002
5862	5863	0.196863994002
5863	5862	0.196863994002
5863	5864	0.196863994002
5864	5863	0.196863994002
5864	5865	0.196863994002
5865	5864	0.196863994002
5865	5866	0.196863994002
5866	5865	0.196863994002
5866	5867	0.196863994002
5867	5866	0.196863994002
5867	5868	0.196863994002
5868	5867	0.196863994002
5868	5869	0.196863994002
5869	5868	0.196863994002
5869	5870	0.196863994002
5870	5869	0.196863994002
5870	5871	0.196863994002
5871	5870	0.196863994002
5871	5872	0.196863994002
5872	5871	0.196863994002
5872	5873	0.196863994002
5873	5872	0.196863994002
5873	5874	0.196211993694
5873	7797	0.0422790013254
5874	5873	0.196211993694
5874	5875	0.196211993694
5875	5874	0.196211993694
5875	5876	0.196211993694
5876	5875	0.196211993694
5876	5877	0.196211993694
5877	5876	0.196211993694
5877	5878	0.196211993694
5878	5877	0.196211993694
5878	5879	0.06872600317
5878	6000	0.193360000849
5879	5878	0.06872600317
5879	5880	0.06872600317
5880	5879	0.06872600317
5880	5881	0.06872600317
5881	5880	0.06872600317
5881	5882	0.06872600317
5882	5881	0.06872600317
5882	5883	0.06872600317
5883	5882	0.06872600317
5883	5884	0.06872600317
5884	5883	0.06872600317
5884	5885	0.06872600317
5885	5884	0.06872600317
5885	5886	0.06872600317
5886	5885	0.06872600317
5886	5887	0.06872600317
5887	5886	0.06872600317
5887	5888	0.06872600317
5888	5887	0.06872600317
5888	5889	0.06872600317
5889	5888	0.06872600317
5889	5890	0.06872600317
5890	5889	0.06872600317
5890	5891	0.06872600317
5891	5890	0.06872600317
5891	5892	0.06872600317
5892	5891	0.06872600317
5892	5893	0.06872600317
5893	5892	0.06872600317
5893	5894	0.06872600317
5894	5893	0.06872600317
5894	5895	0.06872600317
5895	5894	0.06872600317
5895	5896	0.06872600317
5896	5895	0.06872600317
5896	5897	0.06872600317
5897	5896	0.06872600317
5897	5898	0.06872600317
5898	5897	0.06872600317
5898	5899	0.0660014972091
5898	5992	0.0333494991064
5899	5898	0.0660014972091
5899	5900	0.0660014972091
5900	5899	0.0660014972091
5900	5901	0.0660014972091
5901	5900	0.0660014972091
5901	5902	0.0660014972091
5902	5901	0.0660014972091
5902	5903	0.0660014972091
5903	5902	0.0660014972091
5903	5904	0.0660014972091
5904	5903	0.0660014972091
5904	5905	0.0660014972091
5905	5904	0.0660014972091
5905	5906	0.0660014972091
5906	5905	0.0660014972091
5906	5907	0.0660014972091
5907	5906	0.0660014972091
5907	5908	0.0660014972091
5908	5907	0.0660014972091
5908	5909	0.0660014972091
5909	5908	0.0660014972091
5909	5910	0.0660014972091
5910	5909	0.0660014972091
5910	5911	0.0660014972091
5911	5910	0.0660014972091
5911	5912	0.0660014972091
5912	5911	0.0660014972091
5912	5913	0.0660014972091
5913	5912	0.0660014972091
5913	5914	0.0660014972091
5914	5913	0.0660014972091
5914	5915	0.0660014972091
5915	5914	0.0660014972091
5915	5916	0.0660014972091
5916	5915	0.0660014972091
5916	5917	0.0660014972091
5917	5916	0.0660014972091
5917	5918	0.0660014972091
5918	5917	0.0660014972091
5918	5919	0.0578580014408
5918	5972	0.0454415008426
5919	5918	0.0578580014408
5919	5920	0.0578580014408
5920	5919	0.0578580014408
5920	5921	0.0578580014408
5921	5920	0.0578580014408
5921	5922	0.0578580014408
5922	5921	0.0578580014408
5922	5923	0.0578580014408
5923	5922	0.0578580014408
5923	5924	0.0578580014408
5924	5923	0.0578580014408
5924	5925	0.0578580014408
5925	5924	0.0578580014408
5925	5926	0.0578580014408
5926	5925	0.0578580014408
5926	5927	0.0578580014408
5927	5926	0.0578580014408
5927	5928	0.0578580014408
5928	5927	0.0578580014408
5928	5929	0.0578580014408
5929	5928	0.0578580014408
5929	5930	0.0578580014408
5930	5929	0.0578580014408
5930	5931	0.0578580014408
5931	5930	0.0578580014408
5931	5932	0.0578580014408
5932	5931	0.0578580014408
5932	5933	0.0578580014408
5933	5932	0.0578580014408
5933	5934	0.0578580014408
5934	5933	0.0578580014408
5934	5935	0.0578580014408
5935	5934	0.0578580014408
5935	5936	0.0578580014408
5936	5935	0.0578580014408
5936	5937	0.0578580014408
5937	5936	0.0578580014408
5937	5938	0.0578580014408
5938	5937	0.0578580014408
5938	5939	0.0578580014408
5939	5938	0.0578580014408
5939	5940	0.0578580014408
5940	5939	0.0578580014408
5940	5941	0.0578580014408
5941	5940	0.0578580014408
5941	5942	0.0578580014408
5942	5941	0.0578580014408
5942	5943	0.0578580014408
5943	5942	0.0578580014408
5943	5944	0.0578580014408
5944	5943	0.0578580014408
5944	5945	0.0578580014408
5945	5944	0.0578580014408
5945	5946	0.0578580014408
5946	5945	0.0578580014408
5946	5947	0.0578580014408
5947	5946	0.0578580014408
5947	5948	0.0578580014408
5948	5947	0.0578580014408
5948	5949	0.0578580014408
5949	5948	0.0578580014408
5949	5950	0.0578580014408
5950	5949	0.0578580014408
5950	5951	0.0578580014408
5951	5950	0.0578580014408
5951	5952	0.0578580014408
5952	5951	0.0578580014408
5952	5953	0.0578580014408
5953	5952	0.0578580014408
5953	5954	0.0578580014408
5954	5953	0.0578580014408
5954	5955	0.0578580014408
5955	5954	0.0578580014408
5955	5956	0.0578580014408
5956	5955	0.0578580014408
5956	5957	0.0578580014408
5957	5956	0.0578580014408
5957	5958	0.0578580014408
5958	5957	0.0578580014408
5958	5959	0.0578580014408
5959	5958	0.0578580014408
5959	5960	0.0578580014408
5960	5959	0.0578580014408
5960	5961	0.0578580014408
5961	5960	0.0578580014408
5961	5962	0.0578580014408
5962	5961	0.0578580014408
5962	5963	0.0578580014408
5963	5962	0.0578580014408
5963	5964	0.0578580014408
5964	5963	0.0578580014408
5964	5965	0.0578580014408
5965	5964	0.0578580014408
5965	5966	0.0578580014408
5966	5965	0.0578580014408
5966	5967	0.0578580014408
5967	5966	0.0578580014408
5967	5968	0.0578580014408
5968	5967	0.0578580014408
5968	5969	0.0578580014408
5969	5968	0.0578580014408
5969	5970	0.0578580014408
5970	5969	0.0578580014408
5970	5971	0.0578580014408
5971	5970	0.0578580014408
5972	5918	0.0454415008426
5972	5973	0.0454415008426
5973	5972	0.0454415008426
5973	5974	0.0454415008426
5974	5973	0.0454415008426
5974	5975	0.0454415008426
5975	5974	0.0454415008426
5975	5976	0.0454415008426
5976	5975	0.0454415008426
5976	5977	0.0454415008426
5977	5976	0.0454415008426
5977	5978	0.0454415008426
5978	5977	0.0454415008426
5978	5979	0.0454415008426
5979	5978	0.0454415008426
5979	5980	0.0454415008426
5980	5979	0.0454415008426
5980	5981	0.0454415008426
5981	5980	0.0454415008426
5981	5982	0.0454415008426
5982	5981	0.0454415008426
5982	5983	0.0454415008426
5983	5982	0.0454415008426
5983	5984	0.0454415008426
5984	5983	0.0454415008426
5984	5985	0.0454415008426
5985	5984	0.0454415008426
5985	5986	0.0454415008426
5986	5985	0.0454415008426
5986	5987	0.0454415008426
5987	5986	0.0454415008426
5987	5988	0.0454415008426
5988	5987	0.0454415008426
5988	5989	0.0454415008426
5989	5988	0.0454415008426
5989	5990	0.0454415008426
5990	5989	0.0454415008426
5990	5991	0.0454415008426
5991	5990	0.0454415008426
5992	5898	0.0333494991064
5992	5993	0.0333494991064
5993	5992	0.0333494991064
5993	5994	0.0333494991064
5994	5993	0.0333494991064
5994	5995	0.0333494991064
5995	5994	0.0333494991064
5995	5996	0.0333494991064
5996	5995	0.0333494991064
5996	5997	0.0333494991064
5997	5996	0.0333494991064
5997	5998	0.0333494991064
5998	5997	0.0333494991064
5998	5999	0.0333494991064
5999	5998	0.0333494991064
6000	5878	0.193360000849
6000	6001	0.193360000849
6001	6000	0.193360000849
6001	6002	0.193360000849
6002	6001	0.193360000849
6002	6003	0.193360000849
6003	6002	0.193360000849
6003	6004	0.193360000849
6004	6003	0.193360000849
6004	6005	0.193360000849
6005	6004	0.193360000849
6005	6006	0.193360000849
6006	6005	0.193360000849
6006	6007	0.193360000849
6007	6006	0.193360000849
6007	6008	0.193360000849
6008	6007	0.193360000849
6008	6009	0.193360000849
6009	6008	0.193360000849
6009	6010	0.193360000849
6010	6009	0.193360000849
6010	6011	0.192734003067
6010	7771	0.0412169992924
6011	6010	0.192734003067
6011	6012	0.192734003067
6012	6011	0.192734003067
6012	6013	0.192734003067
6013	6012	0.192734003067
6013	6014	0.192734003067
6014	6013	0.192734003067
6014	6015	0.192734003067
6015	6014	0.192734003067
6015	6016	0.192734003067
6016	6015	0.192734003067
6016	6017	0.192734003067
6017	6016	0.192734003067
6017	6018	0.192734003067
6018	6017	0.192734003067
6018	6019	0.192734003067
6019	6018	0.192734003067
6019	6020	0.192734003067
6020	6019	0.192734003067
6020	6021	0.192734003067
6021	6020	0.192734003067
6021	6022	0.0933450013399
6021	6245	0.185139998794
6022	6021	0.0933450013399
6022	6023	0.0933450013399
6023	6022	0.0933450013399
6023	6024	0.0933450013399
6024	6023	0.0933450013399
6024	6025	0.0933450013399
6025	6024	0.0933450013399
6025	6026	0.0933450013399
6026	6025	0.0933450013399
6026	6027	0.0933450013399
6027	6026	0.0933450013399
6027	6028	0.0933450013399
6028	6027	0.0933450013399
6028	6029	0.0933450013399
6029	6028	0.0933450013399
6029	6030	0.0933450013399
6030	6029	0.0933450013399
6030	6031	0.0933450013399
6031	6030	0.0933450013399
6031	6032	0.0933450013399
6032	6031	0.0933450013399
6032	6033	0.0933450013399
6033	6032	0.0933450013399
6033	6034	0.0933450013399
6034	6033	0.0933450013399
6034	6035	0.0933450013399
6035	6034	0.0933450013399
6035	6036	0.0933450013399
6036	6035	0.0933450013399
6036	6037	0.0933450013399
6037	6036	0.0933450013399
6037	6038	0.0933450013399
6038	6037	0.0933450013399
6038	6039	0.0933450013399
6039	6038	0.0933450013399
6039	6040	0.0933450013399
6040	6039	0.0933450013399
6040	6041	0.0933450013399
6041	6040	0.0933450013399
6041	6042	0.0933450013399
6042	6041	0.0933450013399
6042	6043	0.0933450013399
6043	6042	0.0933450013399
6043	6044	0.0933450013399
6044	6043	0.0933450013399
6044	6045	0.0933450013399
6045	6044	0.0933450013399
6045	6046	0.0933450013399
6046	6045	0.0933450013399
6046	6047	0.0933450013399
6047	6046	0.0933450013399
6047	6048	0.0933450013399
6048	6047	0.0933450013399
6048	6049	0.0933450013399
6049	6048	0.0933450013399
6049	6050	0.0933450013399
6050	6049	0.0933450013399
6050	6051	0.0933450013399
6051	6050	0.0933450013399
6051	6052	0.0933450013399
6052	6051	0.0933450013399
6052	6053	0.0933450013399
6053	6052	0.0933450013399
6053	6054	0.0933450013399
6054	6053	0.0933450013399
6054	6055	0.0933450013399
6055	6054	0.0933450013399
6055	6056	0.0933450013399
6056	6055	0.0933450013399
6056	6057	0.0933450013399
6057	6056	0.0933450013399
6057	6058	0.0864050015807
6057	6200	0.0552074983716
6058	6057	0.0864050015807
6058	6059	0.0864050015807
6059	6058	0.0864050015807
6059	6060	0.0864050015807
6060	6059	0.0864050015807
6060	6061	0.0864050015807
6061	6060	0.0864050015807
6061	6062	0.0864050015807
6062	6061	0.0864050015807
6062	6063	0.0864050015807
6063	6062	0.0864050015807
6063	6064	0.0864050015807
6064	6063	0.0864050015807
6064	6065	0.0864050015807
6065	6064	0.0864050015807
6065	6066	0.0864050015807
6066	6065	0.0864050015807
6066	6067	0.0864050015807
6067	6066	0.0864050015807
6067	6068	0.0864050015807
6068	6067	0.0864050015807
6068	6069	0.0864050015807
6069	6068	0.0864050015807
6069	6070	0.0864050015807
6070	6069	0.0864050015807
6070	6071	0.0864050015807
6071	6070	0.0864050015807
6071	6072	0.0864050015807
6072	6071	0.0864050015807
6072	6073	0.0864050015807
6073	6072	0.0864050015807
6073	6074	0.0864050015807
6074	6073	0.0864050015807
6074	6075	0.0864050015807
6075	6074	0.0864050015807
6075	6076	0.0444220006466
6075	6094	0.0822990015149
6076	6075	0.0444220006466
6076	6077	0.0444220006466
6077	6076	0.0444220006466
6077	6078	0.0444220006466
6078	6077	0.0444220006466
6078	6079	0.0444220006466
6079	6078	0.0444220006466
6079	6080	0.0444220006466
6080	6079	0.0444220006466
6080	6081	0.0444220006466
6081	6080	0.0444220006466
6081	6082	0.0444220006466
6082	6081	0.0444220006466
6082	6083	0.0444220006466
6083	6082	0.0444220006466
6083	6084	0.0444220006466
6084	6083	0.0444220006466
6084	6085	0.0444220006466
6085	6084	0.0444220006466
6085	6086	0.0444220006466
6086	6085	0.0444220006466
6086	6087	0.0444220006466
6087	6086	0.0444220006466
6087	6088	0.0444220006466
6088	6087	0.0444220006466
6088	6089	0.0444220006466
6089	6088	0.0444220006466
6089	6090	0.0444220006466
6090	6089	0.0444220006466
6090	6091	0.0444220006466
6091	6090	0.0444220006466
6091	6092	0.0444220006466
6092	6091	0.0444220006466
6092	6093	0.0444220006466
6093	6092	0.0444220006466
6094	6075	0.0822990015149
6094	6095	0.0822990015149
6095	6094	0.0822990015149
6095	6096	0.0822990015149
6096	6095	0.0822990015149
6096	6097	0.0822990015149
6097	6096	0.0822990015149
6097	6098	0.0822990015149
6098	6097	0.0822990015149
6098	6099	0.0822990015149
6099	6098	0.0822990015149
6099	6100	0.0822990015149
6100	6099	0.0822990015149
6100	6101	0.0822990015149
6101	6100	0.0822990015149
6101	6102	0.0822990015149
6102	6101	0.0822990015149
6102	6103	0.0822990015149
6103	6102	0.0822990015149
6103	6104	0.0822990015149
6104	6103	0.0822990015149
6104	6105	0.0822990015149
6105	6104	0.0822990015149
6105	6106	0.0822990015149
6106	6105	0.0822990015149
6106	6107	0.0822990015149
6107	6106	0.0822990015149
6107	6108	0.0822990015149
6108	6107	0.0822990015149
6108	6109	0.0822990015149
6109	6108	0.0822990015149
6109	6110	0.0822990015149
6110	6109	0.0822990015149
6110	6111	0.0822990015149
6111	6110	0.0822990015149
6111	6112	0.0822990015149
6112	6111	0.0822990015149
6112	6113	0.0822990015149
6113	6112	0.0822990015149
6113	6114	0.0822990015149
6114	6113	0.0822990015149
6114	6115	0.0822990015149
6115	6114	0.0822990015149
6115	6116	0.0822990015149
6116	6115	0.0822990015149
6116	6117	0.0822990015149
6117	6116	0.0822990015149
6117	6118	0.0822990015149
6118	6117	0.0822990015149
6118	6119	0.0822990015149
6119	6118	0.0822990015149
6119	6120	0.0822990015149
6120	6119	0.0822990015149
6120	6121	0.0822990015149
6121	6120	0.0822990015149
6121	6122	0.0822990015149
6122	6121	0.0822990015149
6122	6123	0.0822990015149
6123	6122	0.0822990015149
6123	6124	0.0822990015149
6124	6123	0.0822990015149
6124	6125	0.0822990015149
6125	6124	0.0822990015149
6125	6126	0.0822990015149
6126	6125	0.0822990015149
6126	6127	0.0400579981506
6126	6133	0.0790055021644
6127	6126	0.0400579981506
6127	6128	0.0400579981506
6128	6127	0.0400579981506
6128	6129	0.0400579981506
6129	6128	0.0400579981506
6129	6130	0.0400579981506
6130	6129	0.0400579981506
6130	6131	0.0400579981506
6131	6130	0.0400579981506
6131	6132	0.0400579981506
6132	6131	0.0400579981506
6133	6126	0.0790055021644
6133	6134	0.0790055021644
6134	6133	0.0790055021644
6134	6135	0.0790055021644
6135	6134	0.0790055021644
6135	6136	0.0790055021644
6136	6135	0.0790055021644
6136	6137	0.0790055021644
6137	6136	0.0790055021644
6137	6138	0.0790055021644
6138	6137	0.0790055021644
6138	6139	0.0790055021644
6139	6138	0.0790055021644
6139	6140	0.0790055021644
6140	6139	0.0790055021644
6140	6141	0.0790055021644
6141	6140	0.0790055021644
6141	6142	0.0790055021644
6142	6141	0.0790055021644
6142	6143	0.0790055021644
6143	6142	0.0790055021644
6143	6144	0.0790055021644
6144	6143	0.0790055021644
6144	6145	0.0790055021644
6145	6144	0.0790055021644
6145	6146	0.0790055021644
6146	6145	0.0790055021644
6146	6147	0.0790055021644
6147	6146	0.0790055021644
6147	6148	0.0790055021644
6148	6147	0.0790055021644
6148	6149	0.0790055021644
6149	6148	0.0790055021644
6149	6150	0.0790055021644
6150	6149	0.0790055021644
6150	6151	0.0790055021644
6151	6150	0.0790055021644
6151	6152	0.0601379983127
6151	6172	0.0650805011392
6152	6151	0.0601379983127
6152	6153	0.0601379983127
6153	6152	0.0601379983127
6153	6154	0.0601379983127
6154	6153	0.0601379983127
6154	6155	0.0601379983127
6155	6154	0.0601379983127
6155	6156	0.0601379983127
6156	6155	0.0601379983127
6156	6157	0.0601379983127
6157	6156	0.0601379983127
6157	6158	0.0601379983127
6158	6157	0.0601379983127
6158	6159	0.0601379983127
6159	6158	0.0601379983127
6159	6160	0.0601379983127
6160	6159	0.0601379983127
6160	6161	0.0601379983127
6161	6160	0.0601379983127
6161	6162	0.0601379983127
6162	6161	0.0601379983127
6162	6163	0.0601379983127
6163	6162	0.0601379983127
6163	6164	0.0601379983127
6164	6163	0.0601379983127
6164	6165	0.0601379983127
6165	6164	0.0601379983127
6165	6166	0.0601379983127
6166	6165	0.0601379983127
6166	6167	0.0601379983127
6167	6166	0.0601379983127
6167	6168	0.0601379983127
6168	6167	0.0601379983127
6168	6169	0.0601379983127
6169	6168	0.0601379983127
6169	6170	0.0601379983127
6170	6169	0.0601379983127
6170	6171	0.0601379983127
6171	6170	0.0601379983127
6172	6151	0.0650805011392
6172	6173	0.0650805011392
6173	6172	0.0650805011392
6173	6174	0.0650805011392
6174	6173	0.0650805011392
6174	6175	0.0650805011392
6175	6174	0.0650805011392
6175	6176	0.0650805011392
6176	6175	0.0650805011392
6176	6177	0.0650805011392
6177	6176	0.0650805011392
6177	6178	0.0650805011392
6178	6177	0.0650805011392
6178	6179	0.0650805011392
6179	6178	0.0650805011392
6179	6180	0.0650805011392
6180	6179	0.0650805011392
6180	6181	0.0650805011392
6181	6180	0.0650805011392
6181	6182	0.0650805011392
6182	6181	0.0650805011392
6182	6183	0.0650805011392
6183	6182	0.0650805011392
6183	6184	0.0650805011392
6184	6183	0.0650805011392
6184	6185	0.0650805011392
6185	6184	0.0650805011392
6185	6186	0.0650805011392
6186	6185	0.0650805011392
6186	6187	0.0650805011392
6187	6186	0.0650805011392
6187	6188	0.0650805011392
6188	6187	0.0650805011392
6188	6189	0.0650805011392
6189	6188	0.0650805011392
6189	6190	0.0650805011392
6190	6189	0.0650805011392
6190	6191	0.0650805011392
6191	6190	0.0650805011392
6191	6192	0.0650805011392
6192	6191	0.0650805011392
6192	6193	0.0650805011392
6193	6192	0.0650805011392
6193	6194	0.0650805011392
6194	6193	0.0650805011392
6194	6195	0.0650805011392
6195	6194	0.0650805011392
6195	6196	0.0650805011392
6196	6195	0.0650805011392
6196	6197	0.0650805011392
6197	6196	0.0650805011392
6197	6198	0.0650805011392
6198	6197	0.0650805011392
6198	6199	0.0650805011392
6199	6198	0.0650805011392
6200	6057	0.0552074983716
6200	6201	0.0552074983716
6201	6200	0.0552074983716
6201	6202	0.0552074983716
6202	6201	0.0552074983716
6202	6203	0.0552074983716
6203	6202	0.0552074983716
6203	6204	0.0303080007434
6203	6208	0.0519775003195
6204	6203	0.0303080007434
6204	6205	0.0303080007434
6205	6204	0.0303080007434
6205	6206	0.0303080007434
6206	6205	0.0303080007434
6206	6207	0.0303080007434
6207	6206	0.0303080007434
6208	6203	0.0519775003195
6208	6209	0.0519775003195
6209	6208	0.0519775003195
6209	6210	0.0519775003195
6210	6209	0.0519775003195
6210	6211	0.0519775003195
6211	6210	0.0519775003195
6211	6212	0.0519775003195
6212	6211	0.0519775003195
6212	6213	0.0519775003195
6213	6212	0.0519775003195
6213	6214	0.0519775003195
6214	6213	0.0519775003195
6214	6215	0.0519775003195
6215	6214	0.0519775003195
6215	6216	0.0519775003195
6216	6215	0.0519775003195
6216	6217	0.0519775003195
6217	6216	0.0519775003195
6217	6218	0.0519775003195
6218	6217	0.0519775003195
6218	6219	0.0519775003195
6219	6218	0.0519775003195
6219	6220	0.0519775003195
6220	6219	0.0519775003195
6220	6221	0.0519775003195
6221	6220	0.0519775003195
6221	6222	0.0519775003195
6222	6221	0.0519775003195
6222	6223	0.0519775003195
6223	6222	0.0519775003195
6223	6224	0.0519775003195
6224	6223	0.0519775003195
6224	6225	0.0519775003195
6225	6224	0.0519775003195
6225	6226	0.0519775003195
6226	6225	0.0519775003195
6226	6227	0.0519775003195
6227	6226	0.0519775003195
6227	6228	0.0519775003195
6228	6227	0.0519775003195
6228	6229	0.0519775003195
6229	6228	0.0519775003195
6229	6230	0.0519775003195
6230	6229	0.0519775003195
6230	6231	0.0519775003195
6231	6230	0.0519775003195
6231	6232	0.0519775003195
6232	6231	0.0519775003195
6232	6233	0.0519775003195
6233	6232	0.0519775003195
6233	6234	0.0519775003195
6234	6233	0.0519775003195
6234	6235	0.0519775003195
6235	6234	0.0519775003195
6235	6236	0.0519775003195
6236	6235	0.0519775003195
6236	6237	0.0519775003195
6237	6236	0.0519775003195
6237	6238	0.0519775003195
6238	6237	0.0519775003195
6238	6239	0.0519775003195
6239	6238	0.0519775003195
6239	6240	0.0519775003195
6240	6239	0.0519775003195
6240	6241	0.0519775003195
6241	6240	0.0519775003195
6241	6242	0.0519775003195
6242	6241	0.0519775003195
6242	6243	0.0519775003195
6243	6242	0.0519775003195
6243	6244	0.0519775003195
6244	6243	0.0519775003195
6245	6021	0.185139998794
6245	6246	0.185139998794
6246	6245	0.185139998794
6246	6247	0.185139998794
6247	6246	0.185139998794
6247	6248	0.185139998794
6248	6247	0.185139998794
6248	6249	0.185139998794
6249	6248	0.185139998794
6249	6250	0.185139998794
6250	6249	0.185139998794
6250	6251	0.185139998794
6251	6250	0.185139998794
6251	6252	0.185139998794
6252	6251	0.185139998794
6252	6253	0.185139998794
6253	6252	0.185139998794
6253	6254	0.185139998794
6254	6253	0.185139998794
6254	6255	0.185139998794
6255	6254	0.185139998794
6255	6256	0.184175506234
6255	7732	0.0462125018239
6256	6255	0.184175506234
6256	6257	0.184175506234
6257	6256	0.184175506234
6257	6258	0.184175506234
6258	6257	0.184175506234
6258	6259	0.184175506234
6259	6258	0.184175506234
6259	6260	0.184175506234
6260	6259	0.184175506234
6260	6261	0.184175506234
6261	6260	0.184175506234
6261	6262	0.184175506234
6262	6261	0.184175506234
6262	6263	0.184175506234
6263	6262	0.184175506234
6263	6264	0.184175506234
6264	6263	0.184175506234
6264	6265	0.184175506234
6265	6264	0.184175506234
6265	6266	0.184175506234
6266	6265	0.184175506234
6266	6267	0.183433502913
6266	7706	0.0422080010176
6267	6266	0.183433502913
6267	6268	0.183433502913
6268	6267	0.183433502913
6268	6269	0.183433502913
6269	6268	0.183433502913
6269	6270	0.183433502913
6270	6269	0.183433502913
6270	6271	0.183433502913
6271	6270	0.183433502913
6271	6272	0.183433502913
6272	6271	0.183433502913
6272	6273	0.183433502913
6273	6272	0.183433502913
6273	6274	0.183433502913
6274	6273	0.183433502913
6274	6275	0.183433502913
6275	6274	0.183433502913
6275	6276	0.183433502913
6276	6275	0.183433502913
6276	6277	0.183433502913
6277	6276	0.183433502913
6277	6278	0.183433502913
6278	6277	0.183433502913
6278	6279	0.183433502913
6279	6278	0.183433502913
6279	6280	0.183433502913
6280	6279	0.183433502913
6280	6281	0.183433502913
6281	6280	0.183433502913
6281	6282	0.183433502913
6282	6281	0.183433502913
6282	6283	0.183433502913
6283	6282	0.183433502913
6283	6284	0.183433502913
6284	6283	0.183433502913
6284	6285	0.183433502913
6285	6284	0.183433502913
6285	6286	0.183433502913
6286	6285	0.183433502913
6286	6287	0.183433502913
6287	6286	0.183433502913
6287	6288	0.183433502913
6288	6287	0.183433502913
6288	6289	0.0974230021238
6288	6537	0.173773497343
6289	6288	0.0974230021238
6289	6290	0.0974230021238
6290	6289	0.0974230021238
6290	6291	0.0974230021238
6291	6290	0.0974230021238
6291	6292	0.0974230021238
6292	6291	0.0974230021238
6292	6293	0.0974230021238
6293	6292	0.0974230021238
6293	6294	0.0974230021238
6294	6293	0.0974230021238
6294	6295	0.0974230021238
6295	6294	0.0974230021238
6295	6296	0.0974230021238
6296	6295	0.0974230021238
6296	6297	0.0974230021238
6297	6296	0.0974230021238
6297	6298	0.0974230021238
6298	6297	0.0974230021238
6298	6299	0.0974230021238
6299	6298	0.0974230021238
6299	6300	0.0974230021238
6300	6299	0.0974230021238
6300	6301	0.0974230021238
6301	6300	0.0974230021238
6301	6302	0.0974230021238
6302	6301	0.0974230021238
6302	6303	0.0974230021238
6303	6302	0.0974230021238
6303	6304	0.0974230021238
6304	6303	0.0974230021238
6304	6305	0.0974230021238
6305	6304	0.0974230021238
6305	6306	0.0974230021238
6306	6305	0.0974230021238
6306	6307	0.0974230021238
6307	6306	0.0974230021238
6307	6308	0.0974230021238
6308	6307	0.0974230021238
6308	6309	0.0974230021238
6309	6308	0.0974230021238
6309	6310	0.0974230021238
6310	6309	0.0974230021238
6310	6311	0.0974230021238
6311	6310	0.0974230021238
6311	6312	0.0476760007441
6311	6342	0.0934579968452
6312	6311	0.0476760007441
6312	6313	0.0476760007441
6313	6312	0.0476760007441
6313	6314	0.0476760007441
6314	6313	0.0476760007441
6314	6315	0.0476760007441
6315	6314	0.0476760007441
6315	6316	0.0476760007441
6316	6315	0.0476760007441
6316	6317	0.0476760007441
6317	6316	0.0476760007441
6317	6318	0.0476760007441
6318	6317	0.0476760007441
6318	6319	0.0476760007441
6319	6318	0.0476760007441
6319	6320	0.0476760007441
6320	6319	0.0476760007441
6320	6321	0.0476760007441
6321	6320	0.0476760007441
6321	6322	0.0476760007441
6322	6321	0.0476760007441
6322	6323	0.0476760007441
6323	6322	0.0476760007441
6323	6324	0.0476760007441
6324	6323	0.0476760007441
6324	6325	0.0476760007441
6325	6324	0.0476760007441
6325	6326	0.0476760007441
6326	6325	0.0476760007441
6326	6327	0.0476760007441
6327	6326	0.0476760007441
6327	6328	0.0476760007441
6328	6327	0.0476760007441
6328	6329	0.0476760007441
6329	6328	0.0476760007441
6329	6330	0.0476760007441
6330	6329	0.0476760007441
6330	6331	0.0476760007441
6331	6330	0.0476760007441
6331	6332	0.0476760007441
6332	6331	0.0476760007441
6332	6333	0.0476760007441
6333	6332	0.0476760007441
6333	6334	0.0476760007441
6334	6333	0.0476760007441
6334	6335	0.0476760007441
6335	6334	0.0476760007441
6335	6336	0.0476760007441
6336	6335	0.0476760007441
6336	6337	0.0476760007441
6337	6336	0.0476760007441
6337	6338	0.0476760007441
6338	6337	0.0476760007441
6338	6339	0.0476760007441
6339	6338	0.0476760007441
6339	6340	0.0476760007441
6340	6339	0.0476760007441
6340	6341	0.0476760007441
6341	6340	0.0476760007441
6342	6311	0.0934579968452
6342	6343	0.0934579968452
6343	6342	0.0934579968452
6343	6344	0.0934579968452
6344	6343	0.0934579968452
6344	6345	0.0934579968452
6345	6344	0.0934579968452
6345	6346	0.0934579968452
6346	6345	0.0934579968452
6346	6347	0.0934579968452
6347	6346	0.0934579968452
6347	6348	0.0934579968452
6348	6347	0.0934579968452
6348	6349	0.0934579968452
6349	6348	0.0934579968452
6349	6350	0.0934579968452
6350	6349	0.0934579968452
6350	6351	0.0934579968452
6351	6350	0.0934579968452
6351	6352	0.0934579968452
6352	6351	0.0934579968452
6352	6353	0.0895479992032
6352	6514	0.0461409986019
6353	6352	0.0895479992032
6353	6354	0.0895479992032
6354	6353	0.0895479992032
6354	6355	0.0895479992032
6355	6354	0.0895479992032
6355	6356	0.0895479992032
6356	6355	0.0895479992032
6356	6357	0.0895479992032
6357	6356	0.0895479992032
6357	6358	0.0895479992032
6358	6357	0.0895479992032
6358	6359	0.0895479992032
6359	6358	0.0895479992032
6359	6360	0.0895479992032
6360	6359	0.0895479992032
6360	6361	0.0895479992032
6361	6360	0.0895479992032
6361	6362	0.0895479992032
6362	6361	0.0895479992032
6362	6363	0.0895479992032
6363	6362	0.0895479992032
6363	6364	0.0562650002539
6363	6409	0.081430003047
6364	6363	0.0562650002539
6364	6365	0.0562650002539
6365	6364	0.0562650002539
6365	6366	0.0562650002539
6366	6365	0.0562650002539
6366	6367	0.0562650002539
6367	6366	0.0562650002539
6367	6368	0.0562650002539
6368	6367	0.0562650002539
6368	6369	0.0562650002539
6369	6368	0.0562650002539
6369	6370	0.0562650002539
6370	6369	0.0562650002539
6370	6371	0.0562650002539
6371	6370	0.0562650002539
6371	6372	0.0562650002539
6372	6371	0.0562650002539
6372	6373	0.0562650002539
6373	6372	0.0562650002539
6373	6374	0.0562650002539
6374	6373	0.0562650002539
6374	6375	0.0562650002539
6375	6374	0.0562650002539
6375	6376	0.0562650002539
6376	6375	0.0562650002539
6376	6377	0.0562650002539
6377	6376	0.0562650002539
6377	6378	0.0562650002539
6378	6377	0.0562650002539
6378	6379	0.0562650002539
6379	6378	0.0562650002539
6379	6380	0.0562650002539
6380	6379	0.0562650002539
6380	6381	0.0562650002539
6381	6380	0.0562650002539
6381	6382	0.0562650002539
6382	6381	0.0562650002539
6382	6383	0.0562650002539
6383	6382	0.0562650002539
6383	6384	0.0562650002539
6384	6383	0.0562650002539
6384	6385	0.0562650002539
6385	6384	0.0562650002539
6385	6386	0.0562650002539
6386	6385	0.0562650002539
6386	6387	0.0562650002539
6387	6386	0.0562650002539
6387	6388	0.0562650002539
6388	6387	0.0562650002539
6388	6389	0.0562650002539
6389	6388	0.0562650002539
6389	6390	0.0562650002539
6390	6389	0.0562650002539
6390	6391	0.0562650002539
6391	6390	0.0562650002539
6391	6392	0.0562650002539
6392	6391	0.0562650002539
6392	6393	0.0562650002539
6393	6392	0.0562650002539
6393	6394	0.0562650002539
6394	6393	0.0562650002539
6394	6395	0.0562650002539
6395	6394	0.0562650002539
6395	6396	0.0562650002539
6396	6395	0.0562650002539
6396	6397	0.0562650002539
6397	6396	0.0562650002539
6397	6398	0.0562650002539
6398	6397	0.0562650002539
6398	6399	0.0562650002539
6399	6398	0.0562650002539
6399	6400	0.0562650002539
6400	6399	0.0562650002539
6400	6401	0.0562650002539
6401	6400	0.0562650002539
6401	6402	0.0562650002539
6402	6401	0.0562650002539
6402	6403	0.0562650002539
6403	6402	0.0562650002539
6403	6404	0.0562650002539
6404	6403	0.0562650002539
6404	6405	0.0562650002539
6405	6404	0.0562650002539
6405	6406	0.0562650002539
6406	6405	0.0562650002539
6406	6407	0.0562650002539
6407	6406	0.0562650002539
6407	6408	0.0562650002539
6408	6407	0.0562650002539
6409	6363	0.081430003047
6409	6410	0.081430003047
6410	6409	0.081430003047
6410	6411	0.081430003047
6411	6410	0.081430003047
6411	6412	0.081430003047
6412	6411	0.081430003047
6412	6413	0.081430003047
6413	6412	0.081430003047
6413	6414	0.081430003047
6414	6413	0.081430003047
6414	6415	0.081430003047
6415	6414	0.081430003047
6415	6416	0.081430003047
6416	6415	0.081430003047
6416	6417	0.081430003047
6417	6416	0.081430003047
6417	6418	0.081430003047
6418	6417	0.081430003047
6418	6419	0.081430003047
6419	6418	0.081430003047
6419	6420	0.081430003047
6420	6419	0.081430003047
6420	6421	0.081430003047
6421	6420	0.081430003047
6421	6422	0.081430003047
6422	6421	0.081430003047
6422	6423	0.081430003047
6423	6422	0.081430003047
6423	6424	0.081430003047
6424	6423	0.081430003047
6424	6425	0.0744564980268
6424	6493	0.0502884984016
6425	6424	0.0744564980268
6425	6426	0.0744564980268
6426	6425	0.0744564980268
6426	6427	0.0744564980268
6427	6426	0.0744564980268
6427	6428	0.0744564980268
6428	6427	0.0744564980268
6428	6429	0.0744564980268
6429	6428	0.0744564980268
6429	6430	0.0744564980268
6430	6429	0.0744564980268
6430	6431	0.0744564980268
6431	6430	0.0744564980268
6431	6432	0.0744564980268
6432	6431	0.0744564980268
6432	6433	0.0744564980268
6433	6432	0.0744564980268
6433	6434	0.0744564980268
6434	6433	0.0744564980268
6434	6435	0.0744564980268
6435	6434	0.0744564980268
6435	6436	0.0744564980268
6436	6435	0.0744564980268
6436	6437	0.0744564980268
6437	6436	0.0744564980268
6437	6438	0.0744564980268
6438	6437	0.0744564980268
6438	6439	0.0744564980268
6439	6438	0.0744564980268
6439	6440	0.0744564980268
6440	6439	0.0744564980268
6440	6441	0.0744564980268
6441	6440	0.0744564980268
6441	6442	0.0744564980268
6442	6441	0.0744564980268
6442	6443	0.0744564980268
6443	6442	0.0744564980268
6443	6444	0.0744564980268
6444	6443	0.0744564980268
6444	6445	0.0744564980268
6445	6444	0.0744564980268
6445	6446	0.0744564980268
6446	6445	0.0744564980268
6446	6447	0.0744564980268
6447	6446	0.0744564980268
6447	6448	0.0744564980268
6448	6447	0.0744564980268
6448	6449	0.0744564980268
6449	6448	0.0744564980268
6449	6450	0.0744564980268
6450	6449	0.0744564980268
6450	6451	0.0744564980268
6451	6450	0.0744564980268
6451	6452	0.0680344998837
6451	6486	0.0460825003684
6452	6451	0.0680344998837
6452	6453	0.0680344998837
6453	6452	0.0680344998837
6453	6454	0.0680344998837
6454	6453	0.0680344998837
6454	6455	0.0680344998837
6455	6454	0.0680344998837
6455	6456	0.0680344998837
6456	6455	0.0680344998837
6456	6457	0.0680344998837
6457	6456	0.0680344998837
6457	6458	0.0680344998837
6458	6457	0.0680344998837
6458	6459	0.0680344998837
6459	6458	0.0680344998837
6459	6460	0.0680344998837
6460	6459	0.0680344998837
6460	6461	0.0680344998837
6461	6460	0.0680344998837
6461	6462	0.0680344998837
6462	6461	0.0680344998837
6462	6463	0.0680344998837
6463	6462	0.0680344998837
6463	6464	0.0680344998837
6464	6463	0.0680344998837
6464	6465	0.0680344998837
6465	6464	0.0680344998837
6465	6466	0.0680344998837
6466	6465	0.0680344998837
6466	6467	0.0680344998837
6467	6466	0.0680344998837
6467	6468	0.0680344998837
6468	6467	0.0680344998837
6468	6469	0.0680344998837
6469	6468	0.0680344998837
6469	6470	0.0680344998837
6470	6469	0.0680344998837
6470	6471	0.0680344998837
6471	6470	0.0680344998837
6471	6472	0.0680344998837
6472	6471	0.0680344998837
6472	6473	0.0680344998837
6473	6472	0.0680344998837
6473	6474	0.0680344998837
6474	6473	0.0680344998837
6474	6475	0.0680344998837
6475	6474	0.0680344998837
6475	6476	0.0680344998837
6476	6475	0.0680344998837
6476	6477	0.0680344998837
6477	6476	0.0680344998837
6477	6478	0.0680344998837
6478	6477	0.0680344998837
6478	6479	0.0680344998837
6479	6478	0.0680344998837
6479	6480	0.0680344998837
6480	6479	0.0680344998837
6480	6481	0.0680344998837
6481	6480	0.0680344998837
6481	6482	0.0680344998837
6482	6481	0.0680344998837
6482	6483	0.0680344998837
6483	6482	0.0680344998837
6483	6484	0.0680344998837
6484	6483	0.0680344998837
6484	6485	0.0680344998837
6485	6484	0.0680344998837
6486	6451	0.0460825003684
6486	6487	0.0460825003684
6487	6486	0.0460825003684
6487	6488	0.0460825003684
6488	6487	0.0460825003684
6488	6489	0.0460825003684
6489	6488	0.0460825003684
6489	6490	0.0460825003684
6490	6489	0.0460825003684
6490	6491	0.0460825003684
6491	6490	0.0460825003684
6491	6492	0.0460825003684
6492	6491	0.0460825003684
6493	6424	0.0502884984016
6493	6494	0.0502884984016
6494	6493	0.0502884984016
6494	6495	0.0502884984016
6495	6494	0.0502884984016
6495	6496	0.0502884984016
6496	6495	0.0502884984016
6496	6497	0.0502884984016
6497	6496	0.0502884984016
6497	6498	0.0502884984016
6498	6497	0.0502884984016
6498	6499	0.0502884984016
6499	6498	0.0502884984016
6499	6500	0.0502884984016
6500	6499	0.0502884984016
6500	6501	0.0502884984016
6501	6500	0.0502884984016
6501	6502	0.0502884984016
6502	6501	0.0502884984016
6502	6503	0.0502884984016
6503	6502	0.0502884984016
6503	6504	0.0502884984016
6504	6503	0.0502884984016
6504	6505	0.0502884984016
6505	6504	0.0502884984016
6505	6506	0.0502884984016
6506	6505	0.0502884984016
6506	6507	0.0502884984016
6507	6506	0.0502884984016
6507	6508	0.0502884984016
6508	6507	0.0502884984016
6508	6509	0.0502884984016
6509	6508	0.0502884984016
6509	6510	0.0502884984016
6510	6509	0.0502884984016
6510	6511	0.0502884984016
6511	6510	0.0502884984016
6511	6512	0.0502884984016
6512	6511	0.0502884984016
6512	6513	0.0502884984016
6513	6512	0.0502884984016
6514	6352	0.0461409986019
6514	6515	0.0461409986019
6515	6514	0.0461409986019
6515	6516	0.0461409986019
6516	6515	0.0461409986019
6516	6517	0.0461409986019
6517	6516	0.0461409986019
6517	6518	0.0461409986019
6518	6517	0.0461409986019
6518	6519	0.0461409986019
6519	6518	0.0461409986019
6519	6520	0.0461409986019
6520	6519	0.0461409986019
6520	6521	0.0461409986019
6521	6520	0.0461409986019
6521	6522	0.0461409986019
6522	6521	0.0461409986019
6522	6523	0.0461409986019
6523	6522	0.0461409986019
6523	6524	0.0461409986019
6524	6523	0.0461409986019
6524	6525	0.0461409986019
6525	6524	0.0461409986019
6525	6526	0.0461409986019
6526	6525	0.0461409986019
6526	6527	0.0461409986019
6527	6526	0.0461409986019
6527	6528	0.0461409986019
6528	6527	0.0461409986019
6528	6529	0.0461409986019
6529	6528	0.0461409986019
6529	6530	0.0461409986019
6530	6529	0.0461409986019
6530	6531	0.0461409986019
6531	6530	0.0461409986019
6531	6532	0.0461409986019
6532	6531	0.0461409986019
6532	6533	0.0461409986019
6533	6532	0.0461409986019
6533	6534	0.0461409986019
6534	6533	0.0461409986019
6534	6535	0.0461409986019
6535	6534	0.0461409986019
6535	6536	0.0461409986019
6536	6535	0.0461409986019
6537	6288	0.173773497343
6537	6538	0.173773497343
6538	6537	0.173773497343
6538	6539	0.173773497343
6539	6538	0.173773497343
6539	6540	0.173773497343
6540	6539	0.173773497343
6540	6541	0.173773497343
6541	6540	0.173773497343
6541	6542	0.173773497343
6542	6541	0.173773497343
6542	6543	0.173773497343
6543	6542	0.173773497343
6543	6544	0.173773497343
6544	6543	0.173773497343
6544	6545	0.173773497343
6545	6544	0.173773497343
6545	6546	0.173773497343
6546	6545	0.173773497343
6546	6547	0.173773497343
6547	6546	0.173773497343
6547	6548	0.173773497343
6548	6547	0.173773497343
6548	6549	0.173773497343
6549	6548	0.173773497343
6549	6550	0.173773497343
6550	6549	0.173773497343
6550	6551	0.173773497343
6551	6550	0.173773497343
6551	6552	0.173773497343
6552	6551	0.173773497343
6552	6553	0.173773497343
6553	6552	0.173773497343
6553	6554	0.173773497343
6554	6553	0.173773497343
6554	6555	0.173773497343
6555	6554	0.173773497343
6555	6556	0.173773497343
6556	6555	0.173773497343
6556	6557	0.173773497343
6557	6556	0.173773497343
6557	6558	0.173773497343
6558	6557	0.173773497343
6558	6559	0.172536000609
6558	7670	0.0481025017798
6559	6558	0.172536000609
6559	6560	0.172536000609
6560	6559	0.172536000609
6560	6561	0.172536000609
6561	6560	0.172536000609
6561	6562	0.172536000609
6562	6561	0.172536000609
6562	6563	0.172536000609
6563	6562	0.172536000609
6563	6564	0.172536000609
6564	6563	0.172536000609
6564	6565	0.172536000609
6565	6564	0.172536000609
6565	6566	0.172536000609
6566	6565	0.172536000609
6566	6567	0.172536000609
6567	6566	0.172536000609
6567	6568	0.172536000609
6568	6567	0.172536000609
6568	6569	0.172536000609
6569	6568	0.172536000609
6569	6570	0.0501454994082
6569	6611	0.171112492681
6570	6569	0.0501454994082
6570	6571	0.0501454994082
6571	6570	0.0501454994082
6571	6572	0.0501454994082
6572	6571	0.0501454994082
6572	6573	0.0501454994082
6573	6572	0.0501454994082
6573	6574	0.0501454994082
6574	6573	0.0501454994082
6574	6575	0.0501454994082
6575	6574	0.0501454994082
6575	6576	0.0501454994082
6576	6575	0.0501454994082
6576	6577	0.0501454994082
6577	6576	0.0501454994082
6577	6578	0.0501454994082
6578	6577	0.0501454994082
6578	6579	0.0501454994082
6579	6578	0.0501454994082
6579	6580	0.0501454994082
6580	6579	0.0501454994082
6580	6581	0.0501454994082
6581	6580	0.0501454994082
6581	6582	0.0501454994082
6582	6581	0.0501454994082
6582	6583	0.0501454994082
6583	6582	0.0501454994082
6583	6584	0.0501454994082
6584	6583	0.0501454994082
6584	6585	0.0501454994082
6585	6584	0.0501454994082
6585	6586	0.0501454994082
6586	6585	0.0501454994082
6586	6587	0.0501454994082
6587	6586	0.0501454994082
6587	6588	0.0501454994082
6588	6587	0.0501454994082
6588	6589	0.0501454994082
6589	6588	0.0501454994082
6589	6590	0.0501454994082
6590	6589	0.0501454994082
6590	6591	0.0501454994082
6591	6590	0.0501454994082
6591	6592	0.0501454994082
6592	6591	0.0501454994082
6592	6593	0.0501454994082
6593	6592	0.0501454994082
6593	6594	0.0501454994082
6594	6593	0.0501454994082
6594	6595	0.0501454994082
6595	6594	0.0501454994082
6595	6596	0.0501454994082
6596	6595	0.0501454994082
6596	6597	0.0501454994082
6597	6596	0.0501454994082
6597	6598	0.0501454994082
6598	6597	0.0501454994082
6598	6599	0.0501454994082
6599	6598	0.0501454994082
6599	6600	0.0501454994082
6600	6599	0.0501454994082
6600	6601	0.0501454994082
6601	6600	0.0501454994082
6601	6602	0.0501454994082
6602	6601	0.0501454994082
6602	6603	0.0501454994082
6603	6602	0.0501454994082
6603	6604	0.0501454994082
6604	6603	0.0501454994082
6604	6605	0.0501454994082
6605	6604	0.0501454994082
6605	6606	0.0501454994082
6606	6605	0.0501454994082
6606	6607	0.0501454994082
6607	6606	0.0501454994082
6607	6608	0.0501454994082
6608	6607	0.0501454994082
6608	6609	0.0501454994082
6609	6608	0.0501454994082
6609	6610	0.0501454994082
6610	6609	0.0501454994082
6611	6569	0.171112492681
6611	6612	0.171112492681
6612	6611	0.171112492681
6612	6613	0.171112492681
6613	6612	0.171112492681
6613	6614	0.171112492681
6614	6613	0.171112492681
6614	6615	0.171112492681
6615	6614	0.171112492681
6615	6616	0.171112492681
6616	6615	0.171112492681
6616	6617	0.171112492681
6617	6616	0.171112492681
6617	6618	0.171112492681
6618	6617	0.171112492681
6618	6619	0.171112492681
6619	6618	0.171112492681
6619	6620	0.171112492681
6620	6619	0.171112492681
6620	6621	0.171112492681
6621	6620	0.171112492681
6621	6622	0.136923998594
6621	7142	0.134681001306
6622	6621	0.136923998594
6622	6623	0.136923998594
6623	6622	0.136923998594
6623	6624	0.136923998594
6624	6623	0.136923998594
6624	6625	0.136923998594
6625	6624	0.136923998594
6625	6626	0.136923998594
6626	6625	0.136923998594
6626	6627	0.136923998594
6627	6626	0.136923998594
6627	6628	0.136923998594
6628	6627	0.136923998594
6628	6629	0.136923998594
6629	6628	0.136923998594
6629	6630	0.136923998594
6630	6629	0.136923998594
6630	6631	0.136923998594
6631	6630	0.136923998594
6631	6632	0.136923998594
6632	6631	0.136923998594
6632	6633	0.136923998594
6633	6632	0.136923998594
6633	6634	0.136923998594
6634	6633	0.136923998594
6634	6635	0.0453119985759
6634	6658	0.135250002146
6635	6634	0.0453119985759
6635	6636	0.0453119985759
6636	6635	0.0453119985759
6636	6637	0.0453119985759
6637	6636	0.0453119985759
6637	6638	0.0453119985759
6638	6637	0.0453119985759
6638	6639	0.0453119985759
6639	6638	0.0453119985759
6639	6640	0.0453119985759
6640	6639	0.0453119985759
6640	6641	0.0453119985759
6641	6640	0.0453119985759
6641	6642	0.0453119985759
6642	6641	0.0453119985759
6642	6643	0.0453119985759
6643	6642	0.0453119985759
6643	6644	0.0453119985759
6644	6643	0.0453119985759
6644	6645	0.0453119985759
6645	6644	0.0453119985759
6645	6646	0.0453119985759
6646	6645	0.0453119985759
6646	6647	0.0453119985759
6647	6646	0.0453119985759
6647	6648	0.0453119985759
6648	6647	0.0453119985759
6648	6649	0.0453119985759
6649	6648	0.0453119985759
6649	6650	0.0453119985759
6650	6649	0.0453119985759
6650	6651	0.0453119985759
6651	6650	0.0453119985759
6651	6652	0.0453119985759
6652	6651	0.0453119985759
6652	6653	0.0453119985759
6653	6652	0.0453119985759
6653	6654	0.0453119985759
6654	6653	0.0453119985759
6654	6655	0.0453119985759
6655	6654	0.0453119985759
6655	6656	0.0453119985759
6656	6655	0.0453119985759
6656	6657	0.0453119985759
6657	6656	0.0453119985759
6658	6634	0.135250002146
6658	6659	0.135250002146
6659	6658	0.135250002146
6659	6660	0.135250002146
6660	6659	0.135250002146
6660	6661	0.135250002146
6661	6660	0.135250002146
6661	6662	0.135250002146
6662	6661	0.135250002146
6662	6663	0.135250002146
6663	6662	0.135250002146
6663	6664	0.135250002146
6664	6663	0.135250002146
6664	6665	0.135250002146
6665	6664	0.135250002146
6665	6666	0.135250002146
6666	6665	0.135250002146
6666	6667	0.135250002146
6667	6666	0.135250002146
6667	6668	0.135250002146
6668	6667	0.135250002146
6668	6669	0.135250002146
6669	6668	0.135250002146
6669	6670	0.135250002146
6670	6669	0.135250002146
6670	6671	0.135250002146
6671	6670	0.135250002146
6671	6672	0.135250002146
6672	6671	0.135250002146
6672	6673	0.135250002146
6673	6672	0.135250002146
6673	6674	0.135250002146
6674	6673	0.135250002146
6674	6675	0.135250002146
6675	6674	0.135250002146
6675	6676	0.135250002146
6676	6675	0.135250002146
6676	6677	0.135250002146
6677	6676	0.135250002146
6677	6678	0.0617215000093
6677	6728	0.130821496248
6678	6677	0.0617215000093
6678	6679	0.0617215000093
6679	6678	0.0617215000093
6679	6680	0.0617215000093
6680	6679	0.0617215000093
6680	6681	0.0617215000093
6681	6680	0.0617215000093
6681	6682	0.0617215000093
6682	6681	0.0617215000093
6682	6683	0.0617215000093
6683	6682	0.0617215000093
6683	6684	0.0617215000093
6684	6683	0.0617215000093
6684	6685	0.0617215000093
6685	6684	0.0617215000093
6685	6686	0.0617215000093
6686	6685	0.0617215000093
6686	6687	0.0617215000093
6687	6686	0.0617215000093
6687	6688	0.0617215000093
6688	6687	0.0617215000093
6688	6689	0.0617215000093
6689	6688	0.0617215000093
6689	6690	0.0570275001228
6689	6723	0.0367594994605
6690	6689	0.0570275001228
6690	6691	0.0570275001228
6691	6690	0.0570275001228
6691	6692	0.0570275001228
6692	6691	0.0570275001228
6692	6693	0.0570275001228
6693	6692	0.0570275001228
6693	6694	0.0570275001228
6694	6693	0.0570275001228
6694	6695	0.0570275001228
6695	6694	0.0570275001228
6695	6696	0.0570275001228
6696	6695	0.0570275001228
6696	6697	0.0570275001228
6697	6696	0.0570275001228
6697	6698	0.0570275001228
6698	6697	0.0570275001228
6698	6699	0.0570275001228
6699	6698	0.0570275001228
6699	6700	0.0570275001228
6700	6699	0.0570275001228
6700	6701	0.0570275001228
6701	6700	0.0570275001228
6701	6702	0.0570275001228
6702	6701	0.0570275001228
6702	6703	0.0570275001228
6703	6702	0.0570275001228
6703	6704	0.0570275001228
6704	6703	0.0570275001228
6704	6705	0.0570275001228
6705	6704	0.0570275001228
6705	6706	0.0570275001228
6706	6705	0.0570275001228
6706	6707	0.0570275001228
6707	6706	0.0570275001228
6707	6708	0.0570275001228
6708	6707	0.0570275001228
6708	6709	0.0570275001228
6709	6708	0.0570275001228
6709	6710	0.0570275001228
6710	6709	0.0570275001228
6710	6711	0.0570275001228
6711	6710	0.0570275001228
6711	6712	0.0570275001228
6712	6711	0.0570275001228
6712	6713	0.0570275001228
6713	6712	0.0570275001228
6713	6714	0.0570275001228
6714	6713	0.0570275001228
6714	6715	0.0570275001228
6715	6714	0.0570275001228
6715	6716	0.0570275001228
6716	6715	0.0570275001228
6716	6717	0.0570275001228
6717	6716	0.0570275001228
6717	6718	0.0570275001228
6718	6717	0.0570275001228
6718	6719	0.0570275001228
6719	6718	0.0570275001228
6719	6720	0.0570275001228
6720	6719	0.0570275001228
6720	6721	0.0570275001228
6721	6720	0.0570275001228
6721	6722	0.0570275001228
6722	6721	0.0570275001228
6723	6689	0.0367594994605
6723	6724	0.0367594994605
6724	6723	0.0367594994605
6724	6725	0.0367594994605
6725	6724	0.0367594994605
6725	6726	0.0367594994605
6726	6725	0.0367594994605
6726	6727	0.0367594994605
6727	6726	0.0367594994605
6728	6677	0.130821496248
6728	6729	0.130821496248
6729	6728	0.130821496248
6729	6730	0.130821496248
6730	6729	0.130821496248
6730	6731	0.130821496248
6731	6730	0.130821496248
6731	6732	0.130821496248
6732	6731	0.130821496248
6732	6733	0.130821496248
6733	6732	0.130821496248
6733	6734	0.130821496248
6734	6733	0.130821496248
6734	6735	0.130821496248
6735	6734	0.130821496248
6735	6736	0.130821496248
6736	6735	0.130821496248
6736	6737	0.130821496248
6737	6736	0.130821496248
6737	6738	0.130821496248
6738	6737	0.130821496248
6738	6739	0.130821496248
6739	6738	0.130821496248
6739	6740	0.130821496248
6740	6739	0.130821496248
6740	6741	0.130821496248
6741	6740	0.130821496248
6741	6742	0.130821496248
6742	6741	0.130821496248
6742	6743	0.130821496248
6743	6742	0.130821496248
6743	6744	0.130821496248
6744	6743	0.130821496248
6744	6745	0.130821496248
6745	6744	0.130821496248
6745	6746	0.130821496248
6746	6745	0.130821496248
6746	6747	0.130821496248
6747	6746	0.130821496248
6747	6748	0.130821496248
6748	6747	0.130821496248
6748	6749	0.130821496248
6749	6748	0.130821496248
6749	6750	0.130821496248
6750	6749	0.130821496248
6750	6751	0.130821496248
6751	6750	0.130821496248
6751	6752	0.130821496248
6752	6751	0.130821496248
6752	6753	0.123723000288
6752	7070	0.0701389983296
6753	6752	0.123723000288
6753	6754	0.123723000288
6754	6753	0.123723000288
6754	6755	0.123723000288
6755	6754	0.123723000288
6755	6756	0.123723000288
6756	6755	0.123723000288
6756	6757	0.123723000288
6757	6756	0.123723000288
6757	6758	0.123723000288
6758	6757	0.123723000288
6758	6759	0.123723000288
6759	6758	0.123723000288
6759	6760	0.123723000288
6760	6759	0.123723000288
6760	6761	0.123723000288
6761	6760	0.123723000288
6761	6762	0.123723000288
6762	6761	0.123723000288
6762	6763	0.123723000288
6763	6762	0.123723000288
6763	6764	0.123723000288
6764	6763	0.123723000288
6764	6765	0.0794700011611
6764	6856	0.111654996872
6765	6764	0.0794700011611
6765	6766	0.0794700011611
6766	6765	0.0794700011611
6766	6767	0.0794700011611
6767	6766	0.0794700011611
6767	6768	0.0794700011611
6768	6767	0.0794700011611
6768	6769	0.0794700011611
6769	6768	0.0794700011611
6769	6770	0.0794700011611
6770	6769	0.0794700011611
6770	6771	0.0794700011611
6771	6770	0.0794700011611
6771	6772	0.0794700011611
6772	6771	0.0794700011611
6772	6773	0.0794700011611
6773	6772	0.0794700011611
6773	6774	0.0794700011611
6774	6773	0.0794700011611
6774	6775	0.0794700011611
6775	6774	0.0794700011611
6775	6776	0.0794700011611
6776	6775	0.0794700011611
6776	6777	0.0794700011611
6777	6776	0.0794700011611
6777	6778	0.0794700011611
6778	6777	0.0794700011611
6778	6779	0.0794700011611
6779	6778	0.0794700011611
6779	6780	0.0794700011611
6780	6779	0.0794700011611
6780	6781	0.0794700011611
6781	6780	0.0794700011611
6781	6782	0.0794700011611
6782	6781	0.0794700011611
6782	6783	0.0794700011611
6783	6782	0.0794700011611
6783	6784	0.0794700011611
6784	6783	0.0794700011611
6784	6785	0.0794700011611
6785	6784	0.0794700011611
6785	6786	0.0794700011611
6786	6785	0.0794700011611
6786	6787	0.0794700011611
6787	6786	0.0794700011611
6787	6788	0.0794700011611
6788	6787	0.0794700011611
6788	6789	0.0794700011611
6789	6788	0.0794700011611
6789	6790	0.0794700011611
6790	6789	0.0794700011611
6790	6791	0.0794700011611
6791	6790	0.0794700011611
6791	6792	0.0794700011611
6792	6791	0.0794700011611
6792	6793	0.0794700011611
6793	6792	0.0794700011611
6793	6794	0.0794700011611
6794	6793	0.0794700011611
6794	6795	0.0794700011611
6795	6794	0.0794700011611
6795	6796	0.0794700011611
6796	6795	0.0794700011611
6796	6797	0.0794700011611
6797	6796	0.0794700011611
6797	6798	0.0794700011611
6798	6797	0.0794700011611
6798	6799	0.0794700011611
6799	6798	0.0794700011611
6799	6800	0.0794700011611
6800	6799	0.0794700011611
6800	6801	0.0794700011611
6801	6800	0.0794700011611
6801	6802	0.0794700011611
6802	6801	0.0794700011611
6802	6803	0.0794700011611
6803	6802	0.0794700011611
6803	6804	0.0794700011611
6804	6803	0.0794700011611
6804	6805	0.0794700011611
6805	6804	0.0794700011611
6805	6806	0.0794700011611
6806	6805	0.0794700011611
6806	6807	0.0794700011611
6807	6806	0.0794700011611
6807	6808	0.0794700011611
6808	6807	0.0794700011611
6808	6809	0.0732259973884
6808	6849	0.0478054992855
6809	6808	0.0732259973884
6809	6810	0.0732259973884
6810	6809	0.0732259973884
6810	6811	0.0732259973884
6811	6810	0.0732259973884
6811	6812	0.0732259973884
6812	6811	0.0732259973884
6812	6813	0.0732259973884
6813	6812	0.0732259973884
6813	6814	0.0732259973884
6814	6813	0.0732259973884
6814	6815	0.0732259973884
6815	6814	0.0732259973884
6815	6816	0.0732259973884
6816	6815	0.0732259973884
6816	6817	0.0732259973884
6817	6816	0.0732259973884
6817	6818	0.0732259973884
6818	6817	0.0732259973884
6818	6819	0.0732259973884
6819	6818	0.0732259973884
6819	6820	0.0732259973884
6820	6819	0.0732259973884
6820	6821	0.0732259973884
6821	6820	0.0732259973884
6821	6822	0.0732259973884
6822	6821	0.0732259973884
6822	6823	0.0732259973884
6823	6822	0.0732259973884
6823	6824	0.0732259973884
6824	6823	0.0732259973884
6824	6825	0.0732259973884
6825	6824	0.0732259973884
6825	6826	0.0732259973884
6826	6825	0.0732259973884
6826	6827	0.0732259973884
6827	6826	0.0732259973884
6827	6828	0.0732259973884
6828	6827	0.0732259973884
6828	6829	0.0732259973884
6829	6828	0.0732259973884
6829	6830	0.0732259973884
6830	6829	0.0732259973884
6830	6831	0.0732259973884
6831	6830	0.0732259973884
6831	6832	0.0732259973884
6832	6831	0.0732259973884
6832	6833	0.0732259973884
6833	6832	0.0732259973884
6833	6834	0.0732259973884
6834	6833	0.0732259973884
6834	6835	0.0732259973884
6835	6834	0.0732259973884
6835	6836	0.0732259973884
6836	6835	0.0732259973884
6836	6837	0.0732259973884
6837	6836	0.0732259973884
6837	6838	0.0732259973884
6838	6837	0.0732259973884
6838	6839	0.0732259973884
6839	6838	0.0732259973884
6839	6840	0.0732259973884
6840	6839	0.0732259973884
6840	6841	0.0732259973884
6841	6840	0.0732259973884
6841	6842	0.0732259973884
6842	6841	0.0732259973884
6842	6843	0.0732259973884
6843	6842	0.0732259973884
6843	6844	0.0732259973884
6844	6843	0.0732259973884
6844	6845	0.0732259973884
6845	6844	0.0732259973884
6845	6846	0.0732259973884
6846	6845	0.0732259973884
6846	6847	0.0732259973884
6847	6846	0.0732259973884
6847	6848	0.0732259973884
6848	6847	0.0732259973884
6849	6808	0.0478054992855
6849	6850	0.0478054992855
6850	6849	0.0478054992855
6850	6851	0.0478054992855
6851	6850	0.0478054992855
6851	6852	0.0478054992855
6852	6851	0.0478054992855
6852	6853	0.0478054992855
6853	6852	0.0478054992855
6853	6854	0.0478054992855
6854	6853	0.0478054992855
6854	6855	0.0478054992855
6855	6854	0.0478054992855
6856	6764	0.111654996872
6856	6857	0.111654996872
6857	6856	0.111654996872
6857	6858	0.111654996872
6858	6857	0.111654996872
6858	6859	0.111654996872
6859	6858	0.111654996872
6859	6860	0.111654996872
6860	6859	0.111654996872
6860	6861	0.111654996872
6861	6860	0.111654996872
6861	6862	0.111654996872
6862	6861	0.111654996872
6862	6863	0.111654996872
6863	6862	0.111654996872
6863	6864	0.111654996872
6864	6863	0.111654996872
6864	6865	0.111654996872
6865	6864	0.111654996872
6865	6866	0.111654996872
6866	6865	0.111654996872
6866	6867	0.111654996872
6867	6866	0.111654996872
6867	6868	0.0681295022368
6867	6915	0.1024639979
6868	6867	0.0681295022368
6868	6869	0.0681295022368
6869	6868	0.0681295022368
6869	6870	0.0681295022368
6870	6869	0.0681295022368
6870	6871	0.0681295022368
6871	6870	0.0681295022368
6871	6872	0.0681295022368
6872	6871	0.0681295022368
6872	6873	0.0681295022368
6873	6872	0.0681295022368
6873	6874	0.0681295022368
6874	6873	0.0681295022368
6874	6875	0.0681295022368
6875	6874	0.0681295022368
6875	6876	0.0681295022368
6876	6875	0.0681295022368
6876	6877	0.0681295022368
6877	6876	0.0681295022368
6877	6878	0.0681295022368
6878	6877	0.0681295022368
6878	6879	0.0681295022368
6879	6878	0.0681295022368
6879	6880	0.0403550006449
6879	6885	0.0630389973521
6880	6879	0.0403550006449
6880	6881	0.0403550006449
6881	6880	0.0403550006449
6881	6882	0.0403550006449
6882	6881	0.0403550006449
6882	6883	0.0403550006449
6883	6882	0.0403550006449
6883	6884	0.0403550006449
6884	6883	0.0403550006449
6885	6879	0.0630389973521
6885	6886	0.0630389973521
6886	6885	0.0630389973521
6886	6887	0.0630389973521
6887	6886	0.0630389973521
6887	6888	0.0630389973521
6888	6887	0.0630389973521
6888	6889	0.0630389973521
6889	6888	0.0630389973521
6889	6890	0.0630389973521
6890	6889	0.0630389973521
6890	6891	0.0630389973521
6891	6890	0.0630389973521
6891	6892	0.0630389973521
6892	6891	0.0630389973521
6892	6893	0.0630389973521
6893	6892	0.0630389973521
6893	6894	0.0630389973521
6894	6893	0.0630389973521
6894	6895	0.0630389973521
6895	6894	0.0630389973521
6895	6896	0.0630389973521
6896	6895	0.0630389973521
6896	6897	0.0630389973521
6897	6896	0.0630389973521
6897	6898	0.0630389973521
6898	6897	0.0630389973521
6898	6899	0.0630389973521
6899	6898	0.0630389973521
6899	6900	0.0630389973521
6900	6899	0.0630389973521
6900	6901	0.0630389973521
6901	6900	0.0630389973521
6901	6902	0.0630389973521
6902	6901	0.0630389973521
6902	6903	0.0630389973521
6903	6902	0.0630389973521
6903	6904	0.0630389973521
6904	6903	0.0630389973521
6904	6905	0.0630389973521
6905	6904	0.0630389973521
6905	6906	0.0630389973521
6906	6905	0.0630389973521
6906	6907	0.0630389973521
6907	6906	0.0630389973521
6907	6908	0.0630389973521
6908	6907	0.0630389973521
6908	6909	0.0630389973521
6909	6908	0.0630389973521
6909	6910	0.0630389973521
6910	6909	0.0630389973521
6910	6911	0.0630389973521
6911	6910	0.0630389973521
6911	6912	0.0630389973521
6912	6911	0.0630389973521
6912	6913	0.0630389973521
6913	6912	0.0630389973521
6913	6914	0.0630389973521
6914	6913	0.0630389973521
6915	6867	0.1024639979
6915	6916	0.1024639979
6916	6915	0.1024639979
6916	6917	0.1024639979
6917	6916	0.1024639979
6917	6918	0.1024639979
6918	6917	0.1024639979
6918	6919	0.1024639979
6919	6918	0.1024639979
6919	6920	0.1024639979
6920	6919	0.1024639979
6920	6921	0.1024639979
6921	6920	0.1024639979
6921	6922	0.1024639979
6922	6921	0.1024639979
6922	6923	0.1024639979
6923	6922	0.1024639979
6923	6924	0.1024639979
6924	6923	0.1024639979
6924	6925	0.1024639979
6925	6924	0.1024639979
6925	6926	0.1024639979
6926	6925	0.1024639979
6926	6927	0.1024639979
6927	6926	0.1024639979
6927	6928	0.1024639979
6928	6927	0.1024639979
6928	6929	0.1024639979
6929	6928	0.1024639979
6929	6930	0.1024639979
6930	6929	0.1024639979
6930	6931	0.1024639979
6931	6930	0.1024639979
6931	6932	0.0968950018287
6931	7048	0.0549639984965
6932	6931	0.0968950018287
6932	6933	0.0968950018287
6933	6932	0.0968950018287
6933	6934	0.0968950018287
6934	6933	0.0968950018287
6934	6935	0.0968950018287
6935	6934	0.0968950018287
6935	6936	0.0968950018287
6936	6935	0.0968950018287
6936	6937	0.0968950018287
6937	6936	0.0968950018287
6937	6938	0.0968950018287
6938	6937	0.0968950018287
6938	6939	0.0968950018287
6939	6938	0.0968950018287
6939	6940	0.0968950018287
6940	6939	0.0968950018287
6940	6941	0.0968950018287
6941	6940	0.0968950018287
6941	6942	0.0968950018287
6942	6941	0.0968950018287
6942	6943	0.0968950018287
6943	6942	0.0968950018287
6943	6944	0.0968950018287
6944	6943	0.0968950018287
6944	6945	0.0968950018287
6945	6944	0.0968950018287
6945	6946	0.087581500411
6945	7019	0.0619634985924
6946	6945	0.087581500411
6946	6947	0.087581500411
6947	6946	0.087581500411
6947	6948	0.087581500411
6948	6947	0.087581500411
6948	6949	0.087581500411
6949	6948	0.087581500411
6949	6950	0.087581500411
6950	6949	0.087581500411
6950	6951	0.087581500411
6951	6950	0.087581500411
6951	6952	0.087581500411
6952	6951	0.087581500411
6952	6953	0.087581500411
6953	6952	0.087581500411
6953	6954	0.087581500411
6954	6953	0.087581500411
6954	6955	0.087581500411
6955	6954	0.087581500411
6955	6956	0.087581500411
6956	6955	0.087581500411
6956	6957	0.087581500411
6957	6956	0.087581500411
6957	6958	0.087581500411
6958	6957	0.087581500411
6958	6959	0.087581500411
6959	6958	0.087581500411
6959	6960	0.087581500411
6960	6959	0.087581500411
6960	6961	0.087581500411
6961	6960	0.087581500411
6961	6962	0.087581500411
6962	6961	0.087581500411
6962	6963	0.087581500411
6963	6962	0.087581500411
6963	6964	0.087581500411
6964	6963	0.087581500411
6964	6965	0.087581500411
6965	6964	0.087581500411
6965	6966	0.087581500411
6966	6965	0.087581500411
6966	6967	0.087581500411
6967	6966	0.087581500411
6967	6968	0.087581500411
6968	6967	0.087581500411
6968	6969	0.087581500411
6969	6968	0.087581500411
6969	6970	0.087581500411
6970	6969	0.087581500411
6970	6971	0.087581500411
6971	6970	0.087581500411
6971	6972	0.087581500411
6972	6971	0.087581500411
6972	6973	0.087581500411
6973	6972	0.087581500411
6973	6974	0.0714875012636
6973	6999	0.0674204975367
6974	6973	0.0714875012636
6974	6975	0.0714875012636
6975	6974	0.0714875012636
6975	6976	0.0714875012636
6976	6975	0.0714875012636
6976	6977	0.0714875012636
6977	6976	0.0714875012636
6977	6978	0.0714875012636
6978	6977	0.0714875012636
6978	6979	0.0714875012636
6979	6978	0.0714875012636
6979	6980	0.0714875012636
6980	6979	0.0714875012636
6980	6981	0.0714875012636
6981	6980	0.0714875012636
6981	6982	0.0714875012636
6982	6981	0.0714875012636
6982	6983	0.0714875012636
6983	6982	0.0714875012636
6983	6984	0.0714875012636
6984	6983	0.0714875012636
6984	6985	0.0714875012636
6985	6984	0.0714875012636
6985	6986	0.0714875012636
6986	6985	0.0714875012636
6986	6987	0.0714875012636
6987	6986	0.0714875012636
6987	6988	0.0714875012636
6988	6987	0.0714875012636
6988	6989	0.0714875012636
6989	6988	0.0714875012636
6989	6990	0.0714875012636
6990	6989	0.0714875012636
6990	6991	0.0714875012636
6991	6990	0.0714875012636
6991	6992	0.0714875012636
6992	6991	0.0714875012636
6992	6993	0.0714875012636
6993	6992	0.0714875012636
6993	6994	0.0714875012636
6994	6993	0.0714875012636
6994	6995	0.0714875012636
6995	6994	0.0714875012636
6995	6996	0.0714875012636
6996	6995	0.0714875012636
6996	6997	0.0714875012636
6997	6996	0.0714875012636
6997	6998	0.0714875012636
6998	6997	0.0714875012636
6999	6973	0.0674204975367
6999	7000	0.0674204975367
7000	6999	0.0674204975367
7000	7001	0.0674204975367
7001	7000	0.0674204975367
7001	7002	0.0674204975367
7002	7001	0.0674204975367
7002	7003	0.0674204975367
7003	7002	0.0674204975367
7003	7004	0.0674204975367
7004	7003	0.0674204975367
7004	7005	0.0674204975367
7005	7004	0.0674204975367
7005	7006	0.0674204975367
7006	7005	0.0674204975367
7006	7007	0.0674204975367
7007	7006	0.0674204975367
7007	7008	0.0674204975367
7008	7007	0.0674204975367
7008	7009	0.0674204975367
7009	7008	0.0674204975367
7009	7010	0.0674204975367
7010	7009	0.0674204975367
7010	7011	0.0674204975367
7011	7010	0.0674204975367
7011	7012	0.0674204975367
7012	7011	0.0674204975367
7012	7013	0.0674204975367
7013	7012	0.0674204975367
7013	7014	0.0674204975367
7014	7013	0.0674204975367
7014	7015	0.0674204975367
7015	7014	0.0674204975367
7015	7016	0.0674204975367
7016	7015	0.0674204975367
7016	7017	0.0674204975367
7017	7016	0.0674204975367
7017	7018	0.0674204975367
7018	7017	0.0674204975367
7019	6945	0.0619634985924
7019	7020	0.0619634985924
7020	7019	0.0619634985924
7020	7021	0.0619634985924
7021	7020	0.0619634985924
7021	7022	0.0619634985924
7022	7021	0.0619634985924
7022	7023	0.0619634985924
7023	7022	0.0619634985924
7023	7024	0.0619634985924
7024	7023	0.0619634985924
7024	7025	0.0619634985924
7025	7024	0.0619634985924
7025	7026	0.0619634985924
7026	7025	0.0619634985924
7026	7027	0.0619634985924
7027	7026	0.0619634985924
7027	7028	0.0619634985924
7028	7027	0.0619634985924
7028	7029	0.0619634985924
7029	7028	0.0619634985924
7029	7030	0.0619634985924
7030	7029	0.0619634985924
7030	7031	0.0619634985924
7031	7030	0.0619634985924
7031	7032	0.0619634985924
7032	7031	0.0619634985924
7032	7033	0.0619634985924
7033	7032	0.0619634985924
7033	7034	0.0619634985924
7034	7033	0.0619634985924
7034	7035	0.0619634985924
7035	7034	0.0619634985924
7035	7036	0.0619634985924
7036	7035	0.0619634985924
7036	7037	0.0619634985924
7037	7036	0.0619634985924
7037	7038	0.0619634985924
7038	7037	0.0619634985924
7038	7039	0.0619634985924
7039	7038	0.0619634985924
7039	7040	0.0619634985924
7040	7039	0.0619634985924
7040	7041	0.0619634985924
7041	7040	0.0619634985924
7041	7042	0.0619634985924
7042	7041	0.0619634985924
7042	7043	0.0619634985924
7043	7042	0.0619634985924
7043	7044	0.0619634985924
7044	7043	0.0619634985924
7044	7045	0.0619634985924
7045	7044	0.0619634985924
7045	7046	0.0619634985924
7046	7045	0.0619634985924
7046	7047	0.0619634985924
7047	7046	0.0619634985924
7048	6931	0.0549639984965
7048	7049	0.0549639984965
7049	7048	0.0549639984965
7049	7050	0.0549639984965
7050	7049	0.0549639984965
7050	7051	0.0549639984965
7051	7050	0.0549639984965
7051	7052	0.0549639984965
7052	7051	0.0549639984965
7052	7053	0.0549639984965
7053	7052	0.0549639984965
7053	7054	0.0549639984965
7054	7053	0.0549639984965
7054	7055	0.0549639984965
7055	7054	0.0549639984965
7055	7056	0.0549639984965
7056	7055	0.0549639984965
7056	7057	0.0549639984965
7057	7056	0.0549639984965
7057	7058	0.0549639984965
7058	7057	0.0549639984965
7058	7059	0.0549639984965
7059	7058	0.0549639984965
7059	7060	0.0549639984965
7060	7059	0.0549639984965
7060	7061	0.0549639984965
7061	7060	0.0549639984965
7061	7062	0.0549639984965
7062	7061	0.0549639984965
7062	7063	0.0549639984965
7063	7062	0.0549639984965
7063	7064	0.0549639984965
7064	7063	0.0549639984965
7064	7065	0.0549639984965
7065	7064	0.0549639984965
7065	7066	0.0549639984965
7066	7065	0.0549639984965
7066	7067	0.0549639984965
7067	7066	0.0549639984965
7067	7068	0.0549639984965
7068	7067	0.0549639984965
7068	7069	0.0549639984965
7069	7068	0.0549639984965
7070	6752	0.0701389983296
7070	7071	0.0701389983296
7071	7070	0.0701389983296
7071	7072	0.0701389983296
7072	7071	0.0701389983296
7072	7073	0.0701389983296
7073	7072	0.0701389983296
7073	7074	0.0701389983296
7074	7073	0.0701389983296
7074	7075	0.0701389983296
7075	7074	0.0701389983296
7075	7076	0.0701389983296
7076	7075	0.0701389983296
7076	7077	0.0701389983296
7077	7076	0.0701389983296
7077	7078	0.0701389983296
7078	7077	0.0701389983296
7078	7079	0.0701389983296
7079	7078	0.0701389983296
7079	7080	0.0701389983296
7080	7079	0.0701389983296
7080	7081	0.0701389983296
7081	7080	0.0701389983296
7081	7082	0.0701389983296
7082	7081	0.0701389983296
7082	7083	0.045938000083
7082	7096	0.0628364980221
7083	7082	0.045938000083
7083	7084	0.045938000083
7084	7083	0.045938000083
7084	7085	0.045938000083
7085	7084	0.045938000083
7085	7086	0.045938000083
7086	7085	0.045938000083
7086	7087	0.045938000083
7087	7086	0.045938000083
7087	7088	0.045938000083
7088	7087	0.045938000083
7088	7089	0.045938000083
7089	7088	0.045938000083
7089	7090	0.045938000083
7090	7089	0.045938000083
7090	7091	0.045938000083
7091	7090	0.045938000083
7091	7092	0.045938000083
7092	7091	0.045938000083
7092	7093	0.045938000083
7093	7092	0.045938000083
7093	7094	0.045938000083
7094	7093	0.045938000083
7094	7095	0.045938000083
7095	7094	0.045938000083
7096	7082	0.0628364980221
7096	7097	0.0628364980221
7097	7096	0.0628364980221
7097	7098	0.0628364980221
7098	7097	0.0628364980221
7098	7099	0.0628364980221
7099	7098	0.0628364980221
7099	7100	0.0628364980221
7100	7099	0.0628364980221
7100	7101	0.0628364980221
7101	7100	0.0628364980221
7101	7102	0.0628364980221
7102	7101	0.0628364980221
7102	7103	0.0628364980221
7103	7102	0.0628364980221
7103	7104	0.0628364980221
7104	7103	0.0628364980221
7104	7105	0.0628364980221
7105	7104	0.0628364980221
7105	7106	0.0628364980221
7106	7105	0.0628364980221
7106	7107	0.0628364980221
7107	7106	0.0628364980221
7107	7108	0.0628364980221
7108	7107	0.0628364980221
7108	7109	0.0628364980221
7109	7108	0.0628364980221
7109	7110	0.0628364980221
7110	7109	0.0628364980221
7110	7111	0.0628364980221
7111	7110	0.0628364980221
7111	7112	0.0628364980221
7112	7111	0.0628364980221
7112	7113	0.0628364980221
7113	7112	0.0628364980221
7113	7114	0.0628364980221
7114	7113	0.0628364980221
7114	7115	0.0628364980221
7115	7114	0.0628364980221
7115	7116	0.0628364980221
7116	7115	0.0628364980221
7116	7117	0.0628364980221
7117	7116	0.0628364980221
7117	7118	0.0628364980221
7118	7117	0.0628364980221
7118	7119	0.0628364980221
7119	7118	0.0628364980221
7119	7120	0.0628364980221
7120	7119	0.0628364980221
7120	7121	0.0628364980221
7121	7120	0.0628364980221
7121	7122	0.0628364980221
7122	7121	0.0628364980221
7122	7123	0.0628364980221
7123	7122	0.0628364980221
7123	7124	0.0628364980221
7124	7123	0.0628364980221
7124	7125	0.0628364980221
7125	7124	0.0628364980221
7125	7126	0.0628364980221
7126	7125	0.0628364980221
7126	7127	0.0628364980221
7127	7126	0.0628364980221
7127	7128	0.0628364980221
7128	7127	0.0628364980221
7128	7129	0.0628364980221
7129	7128	0.0628364980221
7129	7130	0.0628364980221
7130	7129	0.0628364980221
7130	7131	0.0628364980221
7131	7130	0.0628364980221
7131	7132	0.0628364980221
7132	7131	0.0628364980221
7132	7133	0.0628364980221
7133	7132	0.0628364980221
7133	7134	0.0628364980221
7134	7133	0.0628364980221
7134	7135	0.0628364980221
7135	7134	0.0628364980221
7135	7136	0.0628364980221
7136	7135	0.0628364980221
7136	7137	0.0628364980221
7137	7136	0.0628364980221
7137	7138	0.0628364980221
7138	7137	0.0628364980221
7138	7139	0.0628364980221
7139	7138	0.0628364980221
7139	7140	0.0628364980221
7140	7139	0.0628364980221
7140	7141	0.0628364980221
7141	7140	0.0628364980221
7142	6621	0.134681001306
7142	7143	0.134681001306
7143	7142	0.134681001306
7143	7144	0.134681001306
7144	7143	0.134681001306
7144	7145	0.134681001306
7145	7144	0.134681001306
7145	7146	0.134681001306
7146	7145	0.134681001306
7146	7147	0.134681001306
7147	7146	0.134681001306
7147	7148	0.134681001306
7148	7147	0.134681001306
7148	7149	0.134681001306
7149	7148	0.134681001306
7149	7150	0.134062498808
7149	7664	0.0322384983301
7150	7149	0.134062498808
7150	7151	0.134062498808
7151	7150	0.134062498808
7151	7152	0.134062498808
7152	7151	0.134062498808
7152	7153	0.134062498808
7153	7152	0.134062498808
7153	7154	0.134062498808
7154	7153	0.134062498808
7154	7155	0.134062498808
7155	7154	0.134062498808
7155	7156	0.134062498808
7156	7155	0.134062498808
7156	7157	0.134062498808
7157	7156	0.134062498808
7157	7158	0.134062498808
7158	7157	0.134062498808
7158	7159	0.134062498808
7159	7158	0.134062498808
7159	7160	0.134062498808
7160	7159	0.134062498808
7160	7161	0.134062498808
7161	7160	0.134062498808
7161	7162	0.134062498808
7162	7161	0.134062498808
7162	7163	0.134062498808
7163	7162	0.134062498808
7163	7164	0.134062498808
7164	7163	0.134062498808
7164	7165	0.134062498808
7165	7164	0.134062498808
7165	7166	0.134062498808
7166	7165	0.134062498808
7166	7167	0.0397445000708
7166	7179	0.132888004184
7167	7166	0.0397445000708
7167	7168	0.0397445000708
7168	7167	0.0397445000708
7168	7169	0.0397445000708
7169	7168	0.0397445000708
7169	7170	0.0397445000708
7170	7169	0.0397445000708
7170	7171	0.0397445000708
7171	7170	0.0397445000708
7171	7172	0.0397445000708
7172	7171	0.0397445000708
7172	7173	0.0397445000708
7173	7172	0.0397445000708
7173	7174	0.0397445000708
7174	7173	0.0397445000708
7174	7175	0.0397445000708
7175	7174	0.0397445000708
7175	7176	0.0397445000708
7176	7175	0.0397445000708
7176	7177	0.0397445000708
7177	7176	0.0397445000708
7177	7178	0.0397445000708
7178	7177	0.0397445000708
7179	7166	0.132888004184
7179	7180	0.132888004184
7180	7179	0.132888004184
7180	7181	0.132888004184
7181	7180	0.132888004184
7181	7182	0.132888004184
7182	7181	0.132888004184
7182	7183	0.132888004184
7183	7182	0.132888004184
7183	7184	0.132888004184
7184	7183	0.132888004184
7184	7185	0.132888004184
7185	7184	0.132888004184
7185	7186	0.132888004184
7186	7185	0.132888004184
7186	7187	0.130919501185
7186	7641	0.0468364991248
7187	7186	0.130919501185
7187	7188	0.130919501185
7188	7187	0.130919501185
7188	7189	0.130919501185
7189	7188	0.130919501185
7189	7190	0.130919501185
7190	7189	0.130919501185
7190	7191	0.0585669986904
7190	7246	0.126890003681
7191	7190	0.0585669986904
7191	7192	0.0585669986904
7192	7191	0.0585669986904
7192	7193	0.0585669986904
7193	7192	0.0585669986904
7193	7194	0.0585669986904
7194	7193	0.0585669986904
7194	7195	0.0585669986904
7195	7194	0.0585669986904
7195	7196	0.0585669986904
7196	7195	0.0585669986904
7196	7197	0.0585669986904
7197	7196	0.0585669986904
7197	7198	0.0585669986904
7198	7197	0.0585669986904
7198	7199	0.0585669986904
7199	7198	0.0585669986904
7199	7200	0.0585669986904
7200	7199	0.0585669986904
7200	7201	0.0585669986904
7201	7200	0.0585669986904
7201	7202	0.0585669986904
7202	7201	0.0585669986904
7202	7203	0.0585669986904
7203	7202	0.0585669986904
7203	7204	0.0585669986904
7204	7203	0.0585669986904
7204	7205	0.0585669986904
7205	7204	0.0585669986904
7205	7206	0.0585669986904
7206	7205	0.0585669986904
7206	7207	0.0585669986904
7207	7206	0.0585669986904
7207	7208	0.0585669986904
7208	7207	0.0585669986904
7208	7209	0.0585669986904
7209	7208	0.0585669986904
7209	7210	0.0585669986904
7210	7209	0.0585669986904
7210	7211	0.0585669986904
7211	7210	0.0585669986904
7211	7212	0.0585669986904
7212	7211	0.0585669986904
7212	7213	0.0585669986904
7213	7212	0.0585669986904
7213	7214	0.0585669986904
7214	7213	0.0585669986904
7214	7215	0.0585669986904
7215	7214	0.0585669986904
7215	7216	0.0585669986904
7216	7215	0.0585669986904
7216	7217	0.0585669986904
7217	7216	0.0585669986904
7217	7218	0.0585669986904
7218	7217	0.0585669986904
7218	7219	0.0585669986904
7219	7218	0.0585669986904
7219	7220	0.0585669986904
7220	7219	0.0585669986904
7220	7221	0.0585669986904
7221	7220	0.0585669986904
7221	7222	0.0585669986904
7222	7221	0.0585669986904
7222	7223	0.0585669986904
7223	7222	0.0585669986904
7223	7224	0.0585669986904
7224	7223	0.0585669986904
7224	7225	0.0585669986904
7225	7224	0.0585669986904
7225	7226	0.0585669986904
7226	7225	0.0585669986904
7226	7227	0.0585669986904
7227	7226	0.0585669986904
7227	7228	0.0585669986904
7228	7227	0.0585669986904
7228	7229	0.0585669986904
7229	7228	0.0585669986904
7229	7230	0.0585669986904
7230	7229	0.0585669986904
7230	7231	0.0585669986904
7231	7230	0.0585669986904
7231	7232	0.0585669986904
7232	7231	0.0585669986904
7232	7233	0.0585669986904
7233	7232	0.0585669986904
7233	7234	0.0585669986904
7234	7233	0.0585669986904
7234	7235	0.0585669986904
7235	7234	0.0585669986904
7235	7236	0.0585669986904
7236	7235	0.0585669986904
7236	7237	0.0585669986904
7237	7236	0.0585669986904
7237	7238	0.0585669986904
7238	7237	0.0585669986904
7238	7239	0.0585669986904
7239	7238	0.0585669986904
7239	7240	0.0585669986904
7240	7239	0.0585669986904
7240	7241	0.0585669986904
7241	7240	0.0585669986904
7241	7242	0.0585669986904
7242	7241	0.0585669986904
7242	7243	0.0585669986904
7243	7242	0.0585669986904
7243	7244	0.0585669986904
7244	7243	0.0585669986904
7244	7245	0.0585669986904
7245	7244	0.0585669986904
7246	7190	0.126890003681
7246	7247	0.126890003681
7247	7246	0.126890003681
7247	7248	0.126890003681
7248	7247	0.126890003681
7248	7249	0.126890003681
7249	7248	0.126890003681
7249	7250	0.119880996644
7249	7574	0.068413503468
7250	7249	0.119880996644
7250	7251	0.119880996644
7251	7250	0.119880996644
7251	7252	0.119880996644
7252	7251	0.119880996644
7252	7253	0.119880996644
7253	7252	0.119880996644
7253	7254	0.119880996644
7254	7253	0.119880996644
7254	7255	0.119880996644
7255	7254	0.119880996644
7255	7256	0.119880996644
7256	7255	0.119880996644
7256	7257	0.119880996644
7257	7256	0.119880996644
7257	7258	0.119880996644
7258	7257	0.119880996644
7258	7259	0.119880996644
7259	7258	0.119880996644
7259	7260	0.119880996644
7260	7259	0.119880996644
7260	7261	0.119880996644
7261	7260	0.119880996644
7261	7262	0.119880996644
7262	7261	0.119880996644
7262	7263	0.119880996644
7263	7262	0.119880996644
7263	7264	0.119880996644
7264	7263	0.119880996644
7264	7265	0.119880996644
7265	7264	0.119880996644
7265	7266	0.119880996644
7266	7265	0.119880996644
7266	7267	0.119880996644
7267	7266	0.119880996644
7267	7268	0.119880996644
7268	7267	0.119880996644
7268	7269	0.119880996644
7269	7268	0.119880996644
7269	7270	0.119880996644
7270	7269	0.119880996644
7270	7271	0.119880996644
7271	7270	0.119880996644
7271	7272	0.119880996644
7272	7271	0.119880996644
7272	7273	0.119880996644
7273	7272	0.119880996644
7273	7274	0.0779485031962
7273	7360	0.107699997723
7274	7273	0.0779485031962
7274	7275	0.0779485031962
7275	7274	0.0779485031962
7275	7276	0.0779485031962
7276	7275	0.0779485031962
7276	7277	0.0779485031962
7277	7276	0.0779485031962
7277	7278	0.0779485031962
7278	7277	0.0779485031962
7278	7279	0.0779485031962
7279	7278	0.0779485031962
7279	7280	0.0779485031962
7280	7279	0.0779485031962
7280	7281	0.0779485031962
7281	7280	0.0779485031962
7281	7282	0.0779485031962
7282	7281	0.0779485031962
7282	7283	0.0779485031962
7283	7282	0.0779485031962
7283	7284	0.0779485031962
7284	7283	0.0779485031962
7284	7285	0.0779485031962
7285	7284	0.0779485031962
7285	7286	0.0779485031962
7286	7285	0.0779485031962
7286	7287	0.0779485031962
7287	7286	0.0779485031962
7287	7288	0.0779485031962
7288	7287	0.0779485031962
7288	7289	0.0779485031962
7289	7288	0.0779485031962
7289	7290	0.0779485031962
7290	7289	0.0779485031962
7290	7291	0.0779485031962
7291	7290	0.0779485031962
7291	7292	0.0779485031962
7292	7291	0.0779485031962
7292	7293	0.0779485031962
7293	7292	0.0779485031962
7293	7294	0.0779485031962
7294	7293	0.0779485031962
7294	7295	0.0779485031962
7295	7294	0.0779485031962
7295	7296	0.0779485031962
7296	7295	0.0779485031962
7296	7297	0.0779485031962
7297	7296	0.0779485031962
7297	7298	0.0779485031962
7298	7297	0.0779485031962
7298	7299	0.0779485031962
7299	7298	0.0779485031962
7299	7300	0.0779485031962
7300	7299	0.0779485031962
7300	7301	0.0779485031962
7301	7300	0.0779485031962
7301	7302	0.0779485031962
7302	7301	0.0779485031962
7302	7303	0.0779485031962
7303	7302	0.0779485031962
7303	7304	0.0779485031962
7304	7303	0.0779485031962
7304	7305	0.0779485031962
7305	7304	0.0779485031962
7305	7306	0.0779485031962
7306	7305	0.0779485031962
7306	7307	0.0779485031962
7307	7306	0.0779485031962
7307	7308	0.0779485031962
7308	7307	0.0779485031962
7308	7309	0.0779485031962
7309	7308	0.0779485031962
7309	7310	0.0779485031962
7310	7309	0.0779485031962
7310	7311	0.0779485031962
7311	7310	0.0779485031962
7311	7312	0.0779485031962
7312	7311	0.0779485031962
7312	7313	0.0779485031962
7313	7312	0.0779485031962
7313	7314	0.0779485031962
7314	7313	0.0779485031962
7314	7315	0.0779485031962
7315	7314	0.0779485031962
7315	7316	0.0779485031962
7316	7315	0.0779485031962
7316	7317	0.0728595033288
7316	7355	0.0442829988897
7317	7316	0.0728595033288
7317	7318	0.0728595033288
7318	7317	0.0728595033288
7318	7319	0.0728595033288
7319	7318	0.0728595033288
7319	7320	0.0728595033288
7320	7319	0.0728595033288
7320	7321	0.0728595033288
7321	7320	0.0728595033288
7321	7322	0.0728595033288
7322	7321	0.0728595033288
7322	7323	0.0728595033288
7323	7322	0.0728595033288
7323	7324	0.0728595033288
7324	7323	0.0728595033288
7324	7325	0.0728595033288
7325	7324	0.0728595033288
7325	7326	0.0728595033288
7326	7325	0.0728595033288
7326	7327	0.0728595033288
7327	7326	0.0728595033288
7327	7328	0.0728595033288
7328	7327	0.0728595033288
7328	7329	0.0728595033288
7329	7328	0.0728595033288
7329	7330	0.0728595033288
7330	7329	0.0728595033288
7330	7331	0.0728595033288
7331	7330	0.0728595033288
7331	7332	0.0728595033288
7332	7331	0.0728595033288
7332	7333	0.0728595033288
7333	7332	0.0728595033288
7333	7334	0.0728595033288
7334	7333	0.0728595033288
7334	7335	0.0728595033288
7335	7334	0.0728595033288
7335	7336	0.0728595033288
7336	7335	0.0728595033288
7336	7337	0.0728595033288
7337	7336	0.0728595033288
7337	7338	0.0728595033288
7338	7337	0.0728595033288
7338	7339	0.0728595033288
7339	7338	0.0728595033288
7339	7340	0.0728595033288
7340	7339	0.0728595033288
7340	7341	0.0728595033288
7341	7340	0.0728595033288
7341	7342	0.0728595033288
7342	7341	0.0728595033288
7342	7343	0.0728595033288
7343	7342	0.0728595033288
7343	7344	0.0728595033288
7344	7343	0.0728595033288
7344	7345	0.0728595033288
7345	7344	0.0728595033288
7345	7346	0.0728595033288
7346	7345	0.0728595033288
7346	7347	0.0728595033288
7347	7346	0.0728595033288
7347	7348	0.0728595033288
7348	7347	0.0728595033288
7348	7349	0.0728595033288
7349	7348	0.0728595033288
7349	7350	0.0728595033288
7350	7349	0.0728595033288
7350	7351	0.0728595033288
7351	7350	0.0728595033288
7351	7352	0.0728595033288
7352	7351	0.0728595033288
7352	7353	0.0728595033288
7353	7352	0.0728595033288
7353	7354	0.0728595033288
7354	7353	0.0728595033288
7355	7316	0.0442829988897
7355	7356	0.0442829988897
7356	7355	0.0442829988897
7356	7357	0.0442829988897
7357	7356	0.0442829988897
7357	7358	0.0442829988897
7358	7357	0.0442829988897
7358	7359	0.0442829988897
7359	7358	0.0442829988897
7360	7273	0.107699997723
7360	7361	0.107699997723
7361	7360	0.107699997723
7361	7362	0.107699997723
7362	7361	0.107699997723
7362	7363	0.107699997723
7363	7362	0.107699997723
7363	7364	0.107699997723
7364	7363	0.107699997723
7364	7365	0.107699997723
7365	7364	0.107699997723
7365	7366	0.107699997723
7366	7365	0.107699997723
7366	7367	0.107699997723
7367	7366	0.107699997723
7367	7368	0.107699997723
7368	7367	0.107699997723
7368	7369	0.107699997723
7369	7368	0.107699997723
7369	7370	0.107699997723
7370	7369	0.107699997723
7370	7371	0.107699997723
7371	7370	0.107699997723
7371	7372	0.107699997723
7372	7371	0.107699997723
7372	7373	0.107699997723
7373	7372	0.107699997723
7373	7374	0.107699997723
7374	7373	0.107699997723
7374	7375	0.107699997723
7375	7374	0.107699997723
7375	7376	0.107699997723
7376	7375	0.107699997723
7376	7377	0.107699997723
7377	7376	0.107699997723
7377	7378	0.107699997723
7378	7377	0.107699997723
7378	7379	0.107699997723
7379	7378	0.107699997723
7379	7380	0.107699997723
7380	7379	0.107699997723
7380	7381	0.107699997723
7381	7380	0.107699997723
7381	7382	0.107699997723
7382	7381	0.107699997723
7382	7383	0.107699997723
7383	7382	0.107699997723
7383	7384	0.0653529986739
7383	7435	0.0989940017462
7384	7383	0.0653529986739
7384	7385	0.0653529986739
7385	7384	0.0653529986739
7385	7386	0.0653529986739
7386	7385	0.0653529986739
7386	7387	0.0653529986739
7387	7386	0.0653529986739
7387	7388	0.0653529986739
7388	7387	0.0653529986739
7388	7389	0.0653529986739
7389	7388	0.0653529986739
7389	7390	0.0653529986739
7390	7389	0.0653529986739
7390	7391	0.0653529986739
7391	7390	0.0653529986739
7391	7392	0.0653529986739
7392	7391	0.0653529986739
7392	7393	0.0653529986739
7393	7392	0.0653529986739
7393	7394	0.0653529986739
7394	7393	0.0653529986739
7394	7395	0.0653529986739
7395	7394	0.0653529986739
7395	7396	0.0653529986739
7396	7395	0.0653529986739
7396	7397	0.0653529986739
7397	7396	0.0653529986739
7397	7398	0.0653529986739
7398	7397	0.0653529986739
7398	7399	0.0653529986739
7399	7398	0.0653529986739
7399	7400	0.0653529986739
7400	7399	0.0653529986739
7400	7401	0.0653529986739
7401	7400	0.0653529986739
7401	7402	0.0653529986739
7402	7401	0.0653529986739
7402	7403	0.0653529986739
7403	7402	0.0653529986739
7403	7404	0.0653529986739
7404	7403	0.0653529986739
7404	7405	0.0653529986739
7405	7404	0.0653529986739
7405	7406	0.0653529986739
7406	7405	0.0653529986739
7406	7407	0.0653529986739
7407	7406	0.0653529986739
7407	7408	0.0653529986739
7408	7407	0.0653529986739
7408	7409	0.0653529986739
7409	7408	0.0653529986739
7409	7410	0.0653529986739
7410	7409	0.0653529986739
7410	7411	0.0653529986739
7411	7410	0.0653529986739
7411	7412	0.0653529986739
7412	7411	0.0653529986739
7412	7413	0.0653529986739
7413	7412	0.0653529986739
7413	7414	0.0653529986739
7414	7413	0.0653529986739
7414	7415	0.0653529986739
7415	7414	0.0653529986739
7415	7416	0.0653529986739
7416	7415	0.0653529986739
7416	7417	0.0653529986739
7417	7416	0.0653529986739
7417	7418	0.0653529986739
7418	7417	0.0653529986739
7418	7419	0.0653529986739
7419	7418	0.0653529986739
7419	7420	0.0653529986739
7420	7419	0.0653529986739
7420	7421	0.0653529986739
7421	7420	0.0653529986739
7421	7422	0.0653529986739
7422	7421	0.0653529986739
7422	7423	0.0653529986739
7423	7422	0.0653529986739
7423	7424	0.0653529986739
7424	7423	0.0653529986739
7424	7425	0.0653529986739
7425	7424	0.0653529986739
7425	7426	0.0653529986739
7426	7425	0.0653529986739
7426	7427	0.0653529986739
7427	7426	0.0653529986739
7427	7428	0.0653529986739
7428	7427	0.0653529986739
7428	7429	0.0653529986739
7429	7428	0.0653529986739
7429	7430	0.0653529986739
7430	7429	0.0653529986739
7430	7431	0.0653529986739
7431	7430	0.0653529986739
7431	7432	0.0653529986739
7432	7431	0.0653529986739
7432	7433	0.0653529986739
7433	7432	0.0653529986739
7433	7434	0.0653529986739
7434	7433	0.0653529986739
7435	7383	0.0989940017462
7435	7436	0.0989940017462
7436	7435	0.0989940017462
7436	7437	0.0989940017462
7437	7436	0.0989940017462
7437	7438	0.0989940017462
7438	7437	0.0989940017462
7438	7439	0.0989940017462
7439	7438	0.0989940017462
7439	7440	0.0927515029907
7439	7550	0.0556335002184
7440	7439	0.0927515029907
7440	7441	0.0927515029907
7441	7440	0.0927515029907
7441	7442	0.0927515029907
7442	7441	0.0927515029907
7442	7443	0.0927515029907
7443	7442	0.0927515029907
7443	7444	0.0927515029907
7444	7443	0.0927515029907
7444	7445	0.0927515029907
7445	7444	0.0927515029907
7445	7446	0.0927515029907
7446	7445	0.0927515029907
7446	7447	0.0927515029907
7447	7446	0.0927515029907
7447	7448	0.0927515029907
7448	7447	0.0927515029907
7448	7449	0.0927515029907
7449	7448	0.0927515029907
7449	7450	0.0927515029907
7450	7449	0.0927515029907
7450	7451	0.0927515029907
7451	7450	0.0927515029907
7451	7452	0.0927515029907
7452	7451	0.0927515029907
7452	7453	0.0827879980206
7452	7522	0.0613150000572
7453	7452	0.0827879980206
7453	7454	0.0827879980206
7454	7453	0.0827879980206
7454	7455	0.0827879980206
7455	7454	0.0827879980206
7455	7456	0.0827879980206
7456	7455	0.0827879980206
7456	7457	0.0827879980206
7457	7456	0.0827879980206
7457	7458	0.0827879980206
7458	7457	0.0827879980206
7458	7459	0.0827879980206
7459	7458	0.0827879980206
7459	7460	0.0827879980206
7460	7459	0.0827879980206
7460	7461	0.0827879980206
7461	7460	0.0827879980206
7461	7462	0.0827879980206
7462	7461	0.0827879980206
7462	7463	0.0624170005322
7462	7487	0.0687000006437
7463	7462	0.0624170005322
7463	7464	0.0624170005322
7464	7463	0.0624170005322
7464	7465	0.0624170005322
7465	7464	0.0624170005322
7465	7466	0.0624170005322
7466	7465	0.0624170005322
7466	7467	0.0624170005322
7467	7466	0.0624170005322
7467	7468	0.0624170005322
7468	7467	0.0624170005322
7468	7469	0.0624170005322
7469	7468	0.0624170005322
7469	7470	0.0624170005322
7470	7469	0.0624170005322
7470	7471	0.0624170005322
7471	7470	0.0624170005322
7471	7472	0.0624170005322
7472	7471	0.0624170005322
7472	7473	0.0624170005322
7473	7472	0.0624170005322
7473	7474	0.0624170005322
7474	7473	0.0624170005322
7474	7475	0.0624170005322
7475	7474	0.0624170005322
7475	7476	0.0624170005322
7476	7475	0.0624170005322
7476	7477	0.0624170005322
7477	7476	0.0624170005322
7477	7478	0.0624170005322
7478	7477	0.0624170005322
7478	7479	0.0624170005322
7479	7478	0.0624170005322
7479	7480	0.0624170005322
7480	7479	0.0624170005322
7480	7481	0.0624170005322
7481	7480	0.0624170005322
7481	7482	0.0624170005322
7482	7481	0.0624170005322
7482	7483	0.0624170005322
7483	7482	0.0624170005322
7483	7484	0.0624170005322
7484	7483	0.0624170005322
7484	7485	0.0624170005322
7485	7484	0.0624170005322
7485	7486	0.0624170005322
7486	7485	0.0624170005322
7487	7462	0.0687000006437
7487	7488	0.0687000006437
7488	7487	0.0687000006437
7488	7489	0.0687000006437
7489	7488	0.0687000006437
7489	7490	0.0687000006437
7490	7489	0.0687000006437
7490	7491	0.0687000006437
7491	7490	0.0687000006437
7491	7492	0.0687000006437
7492	7491	0.0687000006437
7492	7493	0.0687000006437
7493	7492	0.0687000006437
7493	7494	0.0687000006437
7494	7493	0.0687000006437
7494	7495	0.0687000006437
7495	7494	0.0687000006437
7495	7496	0.0687000006437
7496	7495	0.0687000006437
7496	7497	0.0687000006437
7497	7496	0.0687000006437
7497	7498	0.0687000006437
7498	7497	0.0687000006437
7498	7499	0.0687000006437
7499	7498	0.0687000006437
7499	7500	0.0687000006437
7500	7499	0.0687000006437
7500	7501	0.0687000006437
7501	7500	0.0687000006437
7501	7502	0.0687000006437
7502	7501	0.0687000006437
7502	7503	0.0687000006437
7503	7502	0.0687000006437
7503	7504	0.0687000006437
7504	7503	0.0687000006437
7504	7505	0.0687000006437
7505	7504	0.0687000006437
7505	7506	0.0687000006437
7506	7505	0.0687000006437
7506	7507	0.0687000006437
7507	7506	0.0687000006437
7507	7508	0.0687000006437
7508	7507	0.0687000006437
7508	7509	0.0687000006437
7509	7508	0.0687000006437
7509	7510	0.0687000006437
7510	7509	0.0687000006437
7510	7511	0.0687000006437
7511	7510	0.0687000006437
7511	7512	0.0687000006437
7512	7511	0.0687000006437
7512	7513	0.0687000006437
7513	7512	0.0687000006437
7513	7514	0.0687000006437
7514	7513	0.0687000006437
7514	7515	0.0687000006437
7515	7514	0.0687000006437
7515	7516	0.0687000006437
7516	7515	0.0687000006437
7516	7517	0.0687000006437
7517	7516	0.0687000006437
7517	7518	0.0687000006437
7518	7517	0.0687000006437
7518	7519	0.0687000006437
7519	7518	0.0687000006437
7519	7520	0.0687000006437
7520	7519	0.0687000006437
7520	7521	0.0687000006437
7521	7520	0.0687000006437
7522	7452	0.0613150000572
7522	7523	0.0613150000572
7523	7522	0.0613150000572
7523	7524	0.0613150000572
7524	7523	0.0613150000572
7524	7525	0.0613150000572
7525	7524	0.0613150000572
7525	7526	0.0613150000572
7526	7525	0.0613150000572
7526	7527	0.0613150000572
7527	7526	0.0613150000572
7527	7528	0.0613150000572
7528	7527	0.0613150000572
7528	7529	0.0613150000572
7529	7528	0.0613150000572
7529	7530	0.0613150000572
7530	7529	0.0613150000572
7530	7531	0.0613150000572
7531	7530	0.0613150000572
7531	7532	0.0613150000572
7532	7531	0.0613150000572
7532	7533	0.0613150000572
7533	7532	0.0613150000572
7533	7534	0.0613150000572
7534	7533	0.0613150000572
7534	7535	0.0613150000572
7535	7534	0.0613150000572
7535	7536	0.0613150000572
7536	7535	0.0613150000572
7536	7537	0.0613150000572
7537	7536	0.0613150000572
7537	7538	0.0613150000572
7538	7537	0.0613150000572
7538	7539	0.0613150000572
7539	7538	0.0613150000572
7539	7540	0.0613150000572
7540	7539	0.0613150000572
7540	7541	0.0613150000572
7541	7540	0.0613150000572
7541	7542	0.0613150000572
7542	7541	0.0613150000572
7542	7543	0.0613150000572
7543	7542	0.0613150000572
7543	7544	0.0613150000572
7544	7543	0.0613150000572
7544	7545	0.0613150000572
7545	7544	0.0613150000572
7545	7546	0.0613150000572
7546	7545	0.0613150000572
7546	7547	0.0613150000572
7547	7546	0.0613150000572
7547	7548	0.0613150000572
7548	7547	0.0613150000572
7548	7549	0.0613150000572
7549	7548	0.0613150000572
7550	7439	0.0556335002184
7550	7551	0.0556335002184
7551	7550	0.0556335002184
7551	7552	0.0556335002184
7552	7551	0.0556335002184
7552	7553	0.0556335002184
7553	7552	0.0556335002184
7553	7554	0.0556335002184
7554	7553	0.0556335002184
7554	7555	0.0556335002184
7555	7554	0.0556335002184
7555	7556	0.0556335002184
7556	7555	0.0556335002184
7556	7557	0.0556335002184
7557	7556	0.0556335002184
7557	7558	0.0556335002184
7558	7557	0.0556335002184
7558	7559	0.0556335002184
7559	7558	0.0556335002184
7559	7560	0.0556335002184
7560	7559	0.0556335002184
7560	7561	0.0556335002184
7561	7560	0.0556335002184
7561	7562	0.0556335002184
7562	7561	0.0556335002184
7562	7563	0.0556335002184
7563	7562	0.0556335002184
7563	7564	0.0556335002184
7564	7563	0.0556335002184
7564	7565	0.0556335002184
7565	7564	0.0556335002184
7565	7566	0.0556335002184
7566	7565	0.0556335002184
7566	7567	0.0556335002184
7567	7566	0.0556335002184
7567	7568	0.0556335002184
7568	7567	0.0556335002184
7568	7569	0.0556335002184
7569	7568	0.0556335002184
7569	7570	0.0556335002184
7570	7569	0.0556335002184
7570	7571	0.0556335002184
7571	7570	0.0556335002184
7571	7572	0.0556335002184
7572	7571	0.0556335002184
7572	7573	0.0556335002184
7573	7572	0.0556335002184
7574	7249	0.068413503468
7574	7575	0.068413503468
7575	7574	0.068413503468
7575	7576	0.068413503468
7576	7575	0.068413503468
7576	7577	0.068413503468
7577	7576	0.068413503468
7577	7578	0.068413503468
7578	7577	0.068413503468
7578	7579	0.068413503468
7579	7578	0.068413503468
7579	7580	0.068413503468
7580	7579	0.068413503468
7580	7581	0.068413503468
7581	7580	0.068413503468
7581	7582	0.068413503468
7582	7581	0.068413503468
7582	7583	0.068413503468
7583	7582	0.068413503468
7583	7584	0.068413503468
7584	7583	0.068413503468
7584	7585	0.068413503468
7585	7584	0.068413503468
7585	7586	0.068413503468
7586	7585	0.068413503468
7586	7587	0.068413503468
7587	7586	0.068413503468
7587	7588	0.068413503468
7588	7587	0.068413503468
7588	7589	0.068413503468
7589	7588	0.068413503468
7589	7590	0.068413503468
7590	7589	0.068413503468
7590	7591	0.068413503468
7591	7590	0.068413503468
7591	7592	0.068413503468
7592	7591	0.068413503468
7592	7593	0.068413503468
7593	7592	0.068413503468
7593	7594	0.068413503468
7594	7593	0.068413503468
7594	7595	0.068413503468
7595	7594	0.068413503468
7595	7596	0.068413503468
7596	7595	0.068413503468
7596	7597	0.0409574992955
7596	7603	0.0631214976311
7597	7596	0.0409574992955
7597	7598	0.0409574992955
7598	7597	0.0409574992955
7598	7599	0.0409574992955
7599	7598	0.0409574992955
7599	7600	0.0409574992955
7600	7599	0.0409574992955
7600	7601	0.0409574992955
7601	7600	0.0409574992955
7601	7602	0.0409574992955
7602	7601	0.0409574992955
7603	7596	0.0631214976311
7603	7604	0.0631214976311
7604	7603	0.0631214976311
7604	7605	0.0631214976311
7605	7604	0.0631214976311
7605	7606	0.0631214976311
7606	7605	0.0631214976311
7606	7607	0.0631214976311
7607	7606	0.0631214976311
7607	7608	0.0631214976311
7608	7607	0.0631214976311
7608	7609	0.0631214976311
7609	7608	0.0631214976311
7609	7610	0.0631214976311
7610	7609	0.0631214976311
7610	7611	0.0631214976311
7611	7610	0.0631214976311
7611	7612	0.0631214976311
7612	7611	0.0631214976311
7612	7613	0.0631214976311
7613	7612	0.0631214976311
7613	7614	0.0631214976311
7614	7613	0.0631214976311
7614	7615	0.0631214976311
7615	7614	0.0631214976311
7615	7616	0.0631214976311
7616	7615	0.0631214976311
7616	7617	0.0631214976311
7617	7616	0.0631214976311
7617	7618	0.0631214976311
7618	7617	0.0631214976311
7618	7619	0.0631214976311
7619	7618	0.0631214976311
7619	7620	0.0631214976311
7620	7619	0.0631214976311
7620	7621	0.0631214976311
7621	7620	0.0631214976311
7621	7622	0.0631214976311
7622	7621	0.0631214976311
7622	7623	0.0631214976311
7623	7622	0.0631214976311
7623	7624	0.0631214976311
7624	7623	0.0631214976311
7624	7625	0.0631214976311
7625	7624	0.0631214976311
7625	7626	0.0631214976311
7626	7625	0.0631214976311
7626	7627	0.0631214976311
7627	7626	0.0631214976311
7627	7628	0.0631214976311
7628	7627	0.0631214976311
7628	7629	0.0631214976311
7629	7628	0.0631214976311
7629	7630	0.0631214976311
7630	7629	0.0631214976311
7630	7631	0.0631214976311
7631	7630	0.0631214976311
7631	7632	0.0631214976311
7632	7631	0.0631214976311
7632	7633	0.0631214976311
7633	7632	0.0631214976311
7633	7634	0.0631214976311
7634	7633	0.0631214976311
7634	7635	0.0631214976311
7635	7634	0.0631214976311
7635	7636	0.0631214976311
7636	7635	0.0631214976311
7636	7637	0.0631214976311
7637	7636	0.0631214976311
7637	7638	0.0631214976311
7638	7637	0.0631214976311
7638	7639	0.0631214976311
7639	7638	0.0631214976311
7639	7640	0.0631214976311
7640	7639	0.0631214976311
7641	7186	0.0468364991248
7641	7642	0.0468364991248
7642	7641	0.0468364991248
7642	7643	0.0468364991248
7643	7642	0.0468364991248
7643	7644	0.0468364991248
7644	7643	0.0468364991248
7644	7645	0.0468364991248
7645	7644	0.0468364991248
7645	7646	0.0468364991248
7646	7645	0.0468364991248
7646	7647	0.0468364991248
7647	7646	0.0468364991248
7647	7648	0.0468364991248
7648	7647	0.0468364991248
7648	7649	0.0468364991248
7649	7648	0.0468364991248
7649	7650	0.0468364991248
7650	7649	0.0468364991248
7650	7651	0.0468364991248
7651	7650	0.0468364991248
7651	7652	0.0468364991248
7652	7651	0.0468364991248
7652	7653	0.0468364991248
7653	7652	0.0468364991248
7653	7654	0.0468364991248
7654	7653	0.0468364991248
7654	7655	0.0468364991248
7655	7654	0.0468364991248
7655	7656	0.0468364991248
7656	7655	0.0468364991248
7656	7657	0.0468364991248
7657	7656	0.0468364991248
7657	7658	0.0468364991248
7658	7657	0.0468364991248
7658	7659	0.0468364991248
7659	7658	0.0468364991248
7659	7660	0.0468364991248
7660	7659	0.0468364991248
7660	7661	0.0468364991248
7661	7660	0.0468364991248
7661	7662	0.0468364991248
7662	7661	0.0468364991248
7662	7663	0.0468364991248
7663	7662	0.0468364991248
7664	7149	0.0322384983301
7664	7665	0.0322384983301
7665	7664	0.0322384983301
7665	7666	0.0322384983301
7666	7665	0.0322384983301
7666	7667	0.0322384983301
7667	7666	0.0322384983301
7667	7668	0.0322384983301
7668	7667	0.0322384983301
7668	7669	0.0322384983301
7669	7668	0.0322384983301
7670	6558	0.0481025017798
7670	7671	0.0481025017798
7671	7670	0.0481025017798
7671	7672	0.0481025017798
7672	7671	0.0481025017798
7672	7673	0.0481025017798
7673	7672	0.0481025017798
7673	7674	0.0481025017798
7674	7673	0.0481025017798
7674	7675	0.0481025017798
7675	7674	0.0481025017798
7675	7676	0.0481025017798
7676	7675	0.0481025017798
7676	7677	0.0481025017798
7677	7676	0.0481025017798
7677	7678	0.0481025017798
7678	7677	0.0481025017798
7678	7679	0.0481025017798
7679	7678	0.0481025017798
7679	7680	0.0481025017798
7680	7679	0.0481025017798
7680	7681	0.0481025017798
7681	7680	0.0481025017798
7681	7682	0.0481025017798
7682	7681	0.0481025017798
7682	7683	0.0481025017798
7683	7682	0.0481025017798
7683	7684	0.0481025017798
7684	7683	0.0481025017798
7684	7685	0.0481025017798
7685	7684	0.0481025017798
7685	7686	0.0481025017798
7686	7685	0.0481025017798
7686	7687	0.0481025017798
7687	7686	0.0481025017798
7687	7688	0.0481025017798
7688	7687	0.0481025017798
7688	7689	0.0481025017798
7689	7688	0.0481025017798
7689	7690	0.0481025017798
7690	7689	0.0481025017798
7690	7691	0.0481025017798
7691	7690	0.0481025017798
7691	7692	0.0481025017798
7692	7691	0.0481025017798
7692	7693	0.0481025017798
7693	7692	0.0481025017798
7693	7694	0.0481025017798
7694	7693	0.0481025017798
7694	7695	0.0481025017798
7695	7694	0.0481025017798
7695	7696	0.0481025017798
7696	7695	0.0481025017798
7696	7697	0.0481025017798
7697	7696	0.0481025017798
7697	7698	0.0481025017798
7698	7697	0.0481025017798
7698	7699	0.0481025017798
7699	7698	0.0481025017798
7699	7700	0.0481025017798
7700	7699	0.0481025017798
7700	7701	0.0481025017798
7701	7700	0.0481025017798
7701	7702	0.0481025017798
7702	7701	0.0481025017798
7702	7703	0.0481025017798
7703	7702	0.0481025017798
7703	7704	0.0481025017798
7704	7703	0.0481025017798
7704	7705	0.0481025017798
7705	7704	0.0481025017798
7706	6266	0.0422080010176
7706	7707	0.0422080010176
7707	7706	0.0422080010176
7707	7708	0.0422080010176
7708	7707	0.0422080010176
7708	7709	0.0422080010176
7709	7708	0.0422080010176
7709	7710	0.0422080010176
7710	7709	0.0422080010176
7710	7711	0.0422080010176
7711	7710	0.0422080010176
7711	7712	0.0422080010176
7712	7711	0.0422080010176
7712	7713	0.0422080010176
7713	7712	0.0422080010176
7713	7714	0.0422080010176
7714	7713	0.0422080010176
7714	7715	0.0422080010176
7715	7714	0.0422080010176
7715	7716	0.0422080010176
7716	7715	0.0422080010176
7716	7717	0.0422080010176
7717	7716	0.0422080010176
7717	7718	0.0422080010176
7718	7717	0.0422080010176
7718	7719	0.0422080010176
7719	7718	0.0422080010176
7719	7720	0.0422080010176
7720	7719	0.0422080010176
7720	7721	0.0422080010176
7721	7720	0.0422080010176
7721	7722	0.0422080010176
7722	7721	0.0422080010176
7722	7723	0.0422080010176
7723	7722	0.0422080010176
7723	7724	0.0422080010176
7724	7723	0.0422080010176
7724	7725	0.0422080010176
7725	7724	0.0422080010176
7725	7726	0.0422080010176
7726	7725	0.0422080010176
7726	7727	0.0422080010176
7727	7726	0.0422080010176
7727	7728	0.0422080010176
7728	7727	0.0422080010176
7728	7729	0.0422080010176
7729	7728	0.0422080010176
7729	7730	0.0422080010176
7730	7729	0.0422080010176
7730	7731	0.0422080010176
7731	7730	0.0422080010176
7732	6255	0.0462125018239
7732	7733	0.0462125018239
7733	7732	0.0462125018239
7733	7734	0.0462125018239
7734	7733	0.0462125018239
7734	7735	0.0462125018239
7735	7734	0.0462125018239
7735	7736	0.0462125018239
7736	7735	0.0462125018239
7736	7737	0.0462125018239
7737	7736	0.0462125018239
7737	7738	0.0462125018239
7738	7737	0.0462125018239
7738	7739	0.0462125018239
7739	7738	0.0462125018239
7739	7740	0.0462125018239
7740	7739	0.0462125018239
7740	7741	0.0462125018239
7741	7740	0.0462125018239
7741	7742	0.0462125018239
7742	7741	0.0462125018239
7742	7743	0.0462125018239
7743	7742	0.0462125018239
7743	7744	0.0462125018239
7744	7743	0.0462125018239
7744	7745	0.0462125018239
7745	7744	0.0462125018239
7745	7746	0.0462125018239
7746	7745	0.0462125018239
7746	7747	0.0462125018239
7747	7746	0.0462125018239
7747	7748	0.0462125018239
7748	7747	0.0462125018239
7748	7749	0.0462125018239
7749	7748	0.0462125018239
7749	7750	0.0462125018239
7750	7749	0.0462125018239
7750	7751	0.0462125018239
7751	7750	0.0462125018239
7751	7752	0.0462125018239
7752	7751	0.0462125018239
7752	7753	0.0462125018239
7753	7752	0.0462125018239
7753	7754	0.0462125018239
7754	7753	0.0462125018239
7754	7755	0.0462125018239
7755	7754	0.0462125018239
7755	7756	0.0462125018239
7756	7755	0.0462125018239
7756	7757	0.0462125018239
7757	7756	0.0462125018239
7757	7758	0.0462125018239
7758	7757	0.0462125018239
7758	7759	0.0462125018239
7759	7758	0.0462125018239
7759	7760	0.0462125018239
7760	7759	0.0462125018239
7760	7761	0.0462125018239
7761	7760	0.0462125018239
7761	7762	0.0462125018239
7762	7761	0.0462125018239
7762	7763	0.0462125018239
7763	7762	0.0462125018239
7763	7764	0.0462125018239
7764	7763	0.0462125018239
7764	7765	0.0462125018239
7765	7764	0.0462125018239
7765	7766	0.0462125018239
7766	7765	0.0462125018239
7766	7767	0.0462125018239
7767	7766	0.0462125018239
7767	7768	0.0462125018239
7768	7767	0.0462125018239
7768	7769	0.0462125018239
7769	7768	0.0462125018239
7769	7770	0.0462125018239
7770	7769	0.0462125018239
7771	6010	0.0412169992924
7771	7772	0.0412169992924
7772	7771	0.0412169992924
7772	7773	0.0412169992924
7773	7772	0.0412169992924
7773	7774	0.0412169992924
7774	7773	0.0412169992924
7774	7775	0.0412169992924
7775	7774	0.0412169992924
7775	7776	0.0412169992924
7776	7775	0.0412169992924
7776	7777	0.0412169992924
7777	7776	0.0412169992924
7777	7778	0.0412169992924
7778	7777	0.0412169992924
7778	7779	0.0412169992924
7779	7778	0.0412169992924
7779	7780	0.0412169992924
7780	7779	0.0412169992924
7780	7781	0.0412169992924
7781	7780	0.0412169992924
7781	7782	0.0412169992924
7782	7781	0.0412169992924
7782	7783	0.0412169992924
7783	7782	0.0412169992924
7783	7784	0.0412169992924
7784	7783	0.0412169992924
7784	7785	0.0412169992924
7785	7784	0.0412169992924
7785	7786	0.0412169992924
7786	7785	0.0412169992924
7786	7787	0.0412169992924
7787	7786	0.0412169992924
7787	7788	0.0412169992924
7788	7787	0.0412169992924
7788	7789	0.0412169992924
7789	7788	0.0412169992924
7789	7790	0.0412169992924
7790	7789	0.0412169992924
7790	7791	0.0412169992924
7791	7790	0.0412169992924
7791	7792	0.0412169992924
7792	7791	0.0412169992924
7792	7793	0.0412169992924
7793	7792	0.0412169992924
7793	7794	0.0412169992924
7794	7793	0.0412169992924
7794	7795	0.0412169992924
7795	7794	0.0412169992924
7795	7796	0.0412169992924
7796	7795	0.0412169992924
7797	5873	0.0422790013254
7797	7798	0.0422790013254
7798	7797	0.0422790013254
7798	7799	0.0422790013254
7799	7798	0.0422790013254
7799	7800	0.0422790013254
7800	7799	0.0422790013254
7800	7801	0.0422790013254
7801	7800	0.0422790013254
7801	7802	0.0422790013254
7802	7801	0.0422790013254
7802	7803	0.0422790013254
7803	7802	0.0422790013254
7803	7804	0.0422790013254
7804	7803	0.0422790013254
7804	7805	0.0422790013254
7805	7804	0.0422790013254
7805	7806	0.0422790013254
7806	7805	0.0422790013254
7806	7807	0.0422790013254
7807	7806	0.0422790013254
7807	7808	0.0422790013254
7808	7807	0.0422790013254
7808	7809	0.0422790013254
7809	7808	0.0422790013254
7809	7810	0.0422790013254
7810	7809	0.0422790013254
7810	7811	0.0422790013254
7811	7810	0.0422790013254
7811	7812	0.0422790013254
7812	7811	0.0422790013254
7812	7813	0.0422790013254
7813	7812	0.0422790013254
7813	7814	0.0422790013254
7814	7813	0.0422790013254
7814	7815	0.0422790013254
7815	7814	0.0422790013254
7815	7816	0.0422790013254
7816	7815	0.0422790013254
7816	7817	0.0422790013254
7817	7816	0.0422790013254
7817	7818	0.0422790013254
7818	7817	0.0422790013254
7818	7819	0.0422790013254
7819	7818	0.0422790013254
7819	7820	0.0422790013254
7820	7819	0.0422790013254
7820	7821	0.0422790013254
7821	7820	0.0422790013254
7821	7822	0.0422790013254
7822	7821	0.0422790013254
7822	7823	0.0422790013254
7823	7822	0.0422790013254
7823	7824	0.0422790013254
7824	7823	0.0422790013254
7824	7825	0.0422790013254
7825	7824	0.0422790013254
7825	7826	0.0422790013254
7826	7825	0.0422790013254
7826	7827	0.0422790013254
7827	7826	0.0422790013254
7828	5802	0.134304493666
7828	7829	0.134304493666
7829	7828	0.134304493666
7829	7830	0.134304493666
7830	7829	0.134304493666
7830	7831	0.134304493666
7831	7830	0.134304493666
7831	7832	0.134304493666
7832	7831	0.134304493666
7832	7833	0.134304493666
7833	7832	0.134304493666
7833	7834	0.131790995598
7833	8483	0.0511079989374
7834	7833	0.131790995598
7834	7835	0.131790995598
7835	7834	0.131790995598
7835	7836	0.131790995598
7836	7835	0.131790995598
7836	7837	0.131790995598
7837	7836	0.131790995598
7837	7838	0.131790995598
7838	7837	0.131790995598
7838	7839	0.131790995598
7839	7838	0.131790995598
7839	7840	0.131790995598
7840	7839	0.131790995598
7840	7841	0.131790995598
7841	7840	0.131790995598
7841	7842	0.131790995598
7842	7841	0.131790995598
7842	7843	0.131790995598
7843	7842	0.131790995598
7843	7844	0.0443814992905
7843	7884	0.130090996623
7844	7843	0.0443814992905
7844	7845	0.0443814992905
7845	7844	0.0443814992905
7845	7846	0.0443814992905
7846	7845	0.0443814992905
7846	7847	0.0443814992905
7847	7846	0.0443814992905
7847	7848	0.0443814992905
7848	7847	0.0443814992905
7848	7849	0.0443814992905
7849	7848	0.0443814992905
7849	7850	0.0443814992905
7850	7849	0.0443814992905
7850	7851	0.0443814992905
7851	7850	0.0443814992905
7851	7852	0.0443814992905
7852	7851	0.0443814992905
7852	7853	0.0443814992905
7853	7852	0.0443814992905
7853	7854	0.0443814992905
7854	7853	0.0443814992905
7854	7855	0.0443814992905
7855	7854	0.0443814992905
7855	7856	0.0443814992905
7856	7855	0.0443814992905
7856	7857	0.0443814992905
7857	7856	0.0443814992905
7857	7858	0.0443814992905
7858	7857	0.0443814992905
7858	7859	0.0443814992905
7859	7858	0.0443814992905
7859	7860	0.0443814992905
7860	7859	0.0443814992905
7860	7861	0.0443814992905
7861	7860	0.0443814992905
7861	7862	0.0443814992905
7862	7861	0.0443814992905
7862	7863	0.0443814992905
7863	7862	0.0443814992905
7863	7864	0.0443814992905
7864	7863	0.0443814992905
7864	7865	0.0443814992905
7865	7864	0.0443814992905
7865	7866	0.0443814992905
7866	7865	0.0443814992905
7866	7867	0.0443814992905
7867	7866	0.0443814992905
7867	7868	0.0443814992905
7868	7867	0.0443814992905
7868	7869	0.0443814992905
7869	7868	0.0443814992905
7869	7870	0.0443814992905
7870	7869	0.0443814992905
7870	7871	0.0443814992905
7871	7870	0.0443814992905
7871	7872	0.0443814992905
7872	7871	0.0443814992905
7872	7873	0.0443814992905
7873	7872	0.0443814992905
7873	7874	0.0443814992905
7874	7873	0.0443814992905
7874	7875	0.0443814992905
7875	7874	0.0443814992905
7875	7876	0.0443814992905
7876	7875	0.0443814992905
7876	7877	0.0443814992905
7877	7876	0.0443814992905
7877	7878	0.0443814992905
7878	7877	0.0443814992905
7878	7879	0.0443814992905
7879	7878	0.0443814992905
7879	7880	0.0443814992905
7880	7879	0.0443814992905
7880	7881	0.0443814992905
7881	7880	0.0443814992905
7881	7882	0.0443814992905
7882	7881	0.0443814992905
7882	7883	0.0443814992905
7883	7882	0.0443814992905
7884	7843	0.130090996623
7884	7885	0.130090996623
7885	7884	0.130090996623
7885	7886	0.130090996623
7886	7885	0.130090996623
7886	7887	0.130090996623
7887	7886	0.130090996623
7887	7888	0.130090996623
7888	7887	0.130090996623
7888	7889	0.130090996623
7889	7888	0.130090996623
7889	7890	0.130090996623
7890	7889	0.130090996623
7890	7891	0.130090996623
7891	7890	0.130090996623
7891	7892	0.130090996623
7892	7891	0.130090996623
7892	7893	0.130090996623
7893	7892	0.130090996623
7893	7894	0.130090996623
7894	7893	0.130090996623
7894	7895	0.130090996623
7895	7894	0.130090996623
7895	7896	0.130090996623
7896	7895	0.130090996623
7896	7897	0.130090996623
7897	7896	0.130090996623
7897	7898	0.130090996623
7898	7897	0.130090996623
7898	7899	0.130090996623
7899	7898	0.130090996623
7899	7900	0.130090996623
7900	7899	0.130090996623
7900	7901	0.130090996623
7901	7900	0.130090996623
7901	7902	0.130090996623
7902	7901	0.130090996623
7902	7903	0.130090996623
7903	7902	0.130090996623
7903	7904	0.130090996623
7904	7903	0.130090996623
7904	7905	0.130090996623
7905	7904	0.130090996623
7905	7906	0.130090996623
7906	7905	0.130090996623
7906	7907	0.130090996623
7907	7906	0.130090996623
7907	7908	0.130090996623
7908	7907	0.130090996623
7908	7909	0.130090996623
7909	7908	0.130090996623
7909	7910	0.130090996623
7910	7909	0.130090996623
7910	7911	0.130090996623
7911	7910	0.130090996623
7911	7912	0.130090996623
7912	7911	0.130090996623
7912	7913	0.130090996623
7913	7912	0.130090996623
7913	7914	0.130090996623
7914	7913	0.130090996623
7914	7915	0.130090996623
7915	7914	0.130090996623
7915	7916	0.130090996623
7916	7915	0.130090996623
7916	7917	0.130090996623
7917	7916	0.130090996623
7917	7918	0.130090996623
7918	7917	0.130090996623
7918	7919	0.130090996623
7919	7918	0.130090996623
7919	7920	0.130090996623
7920	7919	0.130090996623
7920	7921	0.130090996623
7921	7920	0.130090996623
7921	7922	0.130090996623
7922	7921	0.130090996623
7922	7923	0.130090996623
7923	7922	0.130090996623
7923	7924	0.127305999398
7923	8442	0.0517259985209
7924	7923	0.127305999398
7924	7925	0.127305999398
7925	7924	0.127305999398
7925	7926	0.127305999398
7926	7925	0.127305999398
7926	7927	0.127305999398
7927	7926	0.127305999398
7927	7928	0.127305999398
7928	7927	0.127305999398
7928	7929	0.127305999398
7929	7928	0.127305999398
7929	7930	0.127305999398
7930	7929	0.127305999398
7930	7931	0.127305999398
7931	7930	0.127305999398
7931	7932	0.127305999398
7932	7931	0.127305999398
7932	7933	0.127305999398
7933	7932	0.127305999398
7933	7934	0.127305999398
7934	7933	0.127305999398
7934	7935	0.127305999398
7935	7934	0.127305999398
7935	7936	0.127305999398
7936	7935	0.127305999398
7936	7937	0.127305999398
7937	7936	0.127305999398
7937	7938	0.127305999398
7938	7937	0.127305999398
7938	7939	0.127305999398
7939	7938	0.127305999398
7939	7940	0.127305999398
7940	7939	0.127305999398
7940	7941	0.127305999398
7941	7940	0.127305999398
7941	7942	0.0952195003629
7941	8156	0.106262996793
7942	7941	0.0952195003629
7942	7943	0.0952195003629
7943	7942	0.0952195003629
7943	7944	0.0952195003629
7944	7943	0.0952195003629
7944	7945	0.0952195003629
7945	7944	0.0952195003629
7945	7946	0.0952195003629
7946	7945	0.0952195003629
7946	7947	0.0952195003629
7947	7946	0.0952195003629
7947	7948	0.0952195003629
7948	7947	0.0952195003629
7948	7949	0.0952195003629
7949	7948	0.0952195003629
7949	7950	0.0952195003629
7950	7949	0.0952195003629
7950	7951	0.0952195003629
7951	7950	0.0952195003629
7951	7952	0.0952195003629
7952	7951	0.0952195003629
7952	7953	0.0952195003629
7953	7952	0.0952195003629
7953	7954	0.0952195003629
7954	7953	0.0952195003629
7954	7955	0.0375359989703
7954	7967	0.0932340025902
7955	7954	0.0375359989703
7955	7956	0.0375359989703
7956	7955	0.0375359989703
7956	7957	0.0375359989703
7957	7956	0.0375359989703
7957	7958	0.0375359989703
7958	7957	0.0375359989703
7958	7959	0.0375359989703
7959	7958	0.0375359989703
7959	7960	0.0375359989703
7960	7959	0.0375359989703
7960	7961	0.0375359989703
7961	7960	0.0375359989703
7961	7962	0.0375359989703
7962	7961	0.0375359989703
7962	7963	0.0375359989703
7963	7962	0.0375359989703
7963	7964	0.0375359989703
7964	7963	0.0375359989703
7964	7965	0.0375359989703
7965	7964	0.0375359989703
7965	7966	0.0375359989703
7966	7965	0.0375359989703
7967	7954	0.0932340025902
7967	7968	0.0932340025902
7968	7967	0.0932340025902
7968	7969	0.0932340025902
7969	7968	0.0932340025902
7969	7970	0.0932340025902
7970	7969	0.0932340025902
7970	7971	0.0932340025902
7971	7970	0.0932340025902
7971	7972	0.0932340025902
7972	7971	0.0932340025902
7972	7973	0.0932340025902
7973	7972	0.0932340025902
7973	7974	0.0932340025902
7974	7973	0.0932340025902
7974	7975	0.0932340025902
7975	7974	0.0932340025902
7975	7976	0.0932340025902
7976	7975	0.0932340025902
7976	7977	0.0932340025902
7977	7976	0.0932340025902
7977	7978	0.0932340025902
7978	7977	0.0932340025902
7978	7979	0.0932340025902
7979	7978	0.0932340025902
7979	7980	0.0932340025902
7980	7979	0.0932340025902
7980	7981	0.0932340025902
7981	7980	0.0932340025902
7981	7982	0.0932340025902
7982	7981	0.0932340025902
7982	7983	0.0932340025902
7983	7982	0.0932340025902
7983	7984	0.0932340025902
7984	7983	0.0932340025902
7984	7985	0.0932340025902
7985	7984	0.0932340025902
7985	7986	0.0822610035539
7985	8105	0.0633129999042
7986	7985	0.0822610035539
7986	7987	0.0822610035539
7987	7986	0.0822610035539
7987	7988	0.0822610035539
7988	7987	0.0822610035539
7988	7989	0.0822610035539
7989	7988	0.0822610035539
7989	7990	0.0822610035539
7990	7989	0.0822610035539
7990	7991	0.0822610035539
7991	7990	0.0822610035539
7991	7992	0.0822610035539
7992	7991	0.0822610035539
7992	7993	0.0822610035539
7993	7992	0.0822610035539
7993	7994	0.0822610035539
7994	7993	0.0822610035539
7994	7995	0.0822610035539
7995	7994	0.0822610035539
7995	7996	0.0822610035539
7996	7995	0.0822610035539
7996	7997	0.0822610035539
7997	7996	0.0822610035539
7997	7998	0.0822610035539
7998	7997	0.0822610035539
7998	7999	0.0822610035539
7999	7998	0.0822610035539
7999	8000	0.0822610035539
8000	7999	0.0822610035539
8000	8001	0.0822610035539
8001	8000	0.0822610035539
8001	8002	0.0822610035539
8002	8001	0.0822610035539
8002	8003	0.0822610035539
8003	8002	0.0822610035539
8003	8004	0.0822610035539
8004	8003	0.0822610035539
8004	8005	0.0822610035539
8005	8004	0.0822610035539
8005	8006	0.0822610035539
8006	8005	0.0822610035539
8006	8007	0.0822610035539
8007	8006	0.0822610035539
8007	8008	0.0822610035539
8008	8007	0.0822610035539
8008	8009	0.0822610035539
8009	8008	0.0822610035539
8009	8010	0.0822610035539
8010	8009	0.0822610035539
8010	8011	0.0544830001891
8010	8039	0.073367998004
8011	8010	0.0544830001891
8011	8012	0.0544830001891
8012	8011	0.0544830001891
8012	8013	0.0544830001891
8013	8012	0.0544830001891
8013	8014	0.0544830001891
8014	8013	0.0544830001891
8014	8015	0.0544830001891
8015	8014	0.0544830001891
8015	8016	0.0544830001891
8016	8015	0.0544830001891
8016	8017	0.0544830001891
8017	8016	0.0544830001891
8017	8018	0.0544830001891
8018	8017	0.0544830001891
8018	8019	0.0544830001891
8019	8018	0.0544830001891
8019	8020	0.0544830001891
8020	8019	0.0544830001891
8020	8021	0.0544830001891
8021	8020	0.0544830001891
8021	8022	0.0544830001891
8022	8021	0.0544830001891
8022	8023	0.0544830001891
8023	8022	0.0544830001891
8023	8024	0.0544830001891
8024	8023	0.0544830001891
8024	8025	0.0544830001891
8025	8024	0.0544830001891
8025	8026	0.0544830001891
8026	8025	0.0544830001891
8026	8027	0.0544830001891
8027	8026	0.0544830001891
8027	8028	0.0544830001891
8028	8027	0.0544830001891
8028	8029	0.0544830001891
8029	8028	0.0544830001891
8029	8030	0.0544830001891
8030	8029	0.0544830001891
8030	8031	0.0544830001891
8031	8030	0.0544830001891
8031	8032	0.0544830001891
8032	8031	0.0544830001891
8032	8033	0.0544830001891
8033	8032	0.0544830001891
8033	8034	0.0544830001891
8034	8033	0.0544830001891
8034	8035	0.0544830001891
8035	8034	0.0544830001891
8035	8036	0.0544830001891
8036	8035	0.0544830001891
8036	8037	0.0544830001891
8037	8036	0.0544830001891
8037	8038	0.0544830001891
8038	8037	0.0544830001891
8039	8010	0.073367998004
8039	8040	0.073367998004
8040	8039	0.073367998004
8040	8041	0.073367998004
8041	8040	0.073367998004
8041	8042	0.073367998004
8042	8041	0.073367998004
8042	8043	0.073367998004
8043	8042	0.073367998004
8043	8044	0.073367998004
8044	8043	0.073367998004
8044	8045	0.073367998004
8045	8044	0.073367998004
8045	8046	0.073367998004
8046	8045	0.073367998004
8046	8047	0.073367998004
8047	8046	0.073367998004
8047	8048	0.073367998004
8048	8047	0.073367998004
8048	8049	0.073367998004
8049	8048	0.073367998004
8049	8050	0.0546744987369
8049	8071	0.0614009983838
8050	8049	0.0546744987369
8050	8051	0.0546744987369
8051	8050	0.0546744987369
8051	8052	0.0546744987369
8052	8051	0.0546744987369
8052	8053	0.0546744987369
8053	8052	0.0546744987369
8053	8054	0.0546744987369
8054	8053	0.0546744987369
8054	8055	0.0546744987369
8055	8054	0.0546744987369
8055	8056	0.0546744987369
8056	8055	0.0546744987369
8056	8057	0.0546744987369
8057	8056	0.0546744987369
8057	8058	0.0546744987369
8058	8057	0.0546744987369
8058	8059	0.0546744987369
8059	8058	0.0546744987369
8059	8060	0.0546744987369
8060	8059	0.0546744987369
8060	8061	0.0546744987369
8061	8060	0.0546744987369
8061	8062	0.0546744987369
8062	8061	0.0546744987369
8062	8063	0.0546744987369
8063	8062	0.0546744987369
8063	8064	0.0546744987369
8064	8063	0.0546744987369
8064	8065	0.0546744987369
8065	8064	0.0546744987369
8065	8066	0.0546744987369
8066	8065	0.0546744987369
8066	8067	0.0546744987369
8067	8066	0.0546744987369
8067	8068	0.0546744987369
8068	8067	0.0546744987369
8068	8069	0.0546744987369
8069	8068	0.0546744987369
8069	8070	0.0546744987369
8070	8069	0.0546744987369
8071	8049	0.0614009983838
8071	8072	0.0614009983838
8072	8071	0.0614009983838
8072	8073	0.0614009983838
8073	8072	0.0614009983838
8073	8074	0.0614009983838
8074	8073	0.0614009983838
8074	8075	0.0614009983838
8075	8074	0.0614009983838
8075	8076	0.0614009983838
8076	8075	0.0614009983838
8076	8077	0.0614009983838
8077	8076	0.0614009983838
8077	8078	0.0614009983838
8078	8077	0.0614009983838
8078	8079	0.0614009983838
8079	8078	0.0614009983838
8079	8080	0.0614009983838
8080	8079	0.0614009983838
8080	8081	0.0614009983838
8081	8080	0.0614009983838
8081	8082	0.0614009983838
8082	8081	0.0614009983838
8082	8083	0.0614009983838
8083	8082	0.0614009983838
8083	8084	0.0614009983838
8084	8083	0.0614009983838
8084	8085	0.0614009983838
8085	8084	0.0614009983838
8085	8086	0.0614009983838
8086	8085	0.0614009983838
8086	8087	0.0614009983838
8087	8086	0.0614009983838
8087	8088	0.0614009983838
8088	8087	0.0614009983838
8088	8089	0.0614009983838
8089	8088	0.0614009983838
8089	8090	0.0614009983838
8090	8089	0.0614009983838
8090	8091	0.0614009983838
8091	8090	0.0614009983838
8091	8092	0.0614009983838
8092	8091	0.0614009983838
8092	8093	0.0614009983838
8093	8092	0.0614009983838
8093	8094	0.0614009983838
8094	8093	0.0614009983838
8094	8095	0.0614009983838
8095	8094	0.0614009983838
8095	8096	0.0614009983838
8096	8095	0.0614009983838
8096	8097	0.0614009983838
8097	8096	0.0614009983838
8097	8098	0.0614009983838
8098	8097	0.0614009983838
8098	8099	0.0614009983838
8099	8098	0.0614009983838
8099	8100	0.0614009983838
8100	8099	0.0614009983838
8100	8101	0.0614009983838
8101	8100	0.0614009983838
8101	8102	0.0614009983838
8102	8101	0.0614009983838
8102	8103	0.0614009983838
8103	8102	0.0614009983838
8103	8104	0.0614009983838
8104	8103	0.0614009983838
8105	7985	0.0633129999042
8105	8106	0.0633129999042
8106	8105	0.0633129999042
8106	8107	0.0633129999042
8107	8106	0.0633129999042
8107	8108	0.0633129999042
8108	8107	0.0633129999042
8108	8109	0.0633129999042
8109	8108	0.0633129999042
8109	8110	0.0633129999042
8110	8109	0.0633129999042
8110	8111	0.0633129999042
8111	8110	0.0633129999042
8111	8112	0.0633129999042
8112	8111	0.0633129999042
8112	8113	0.0633129999042
8113	8112	0.0633129999042
8113	8114	0.0633129999042
8114	8113	0.0633129999042
8114	8115	0.0633129999042
8115	8114	0.0633129999042
8115	8116	0.0633129999042
8116	8115	0.0633129999042
8116	8117	0.0633129999042
8117	8116	0.0633129999042
8117	8118	0.0633129999042
8118	8117	0.0633129999042
8118	8119	0.0633129999042
8119	8118	0.0633129999042
8119	8120	0.0633129999042
8120	8119	0.0633129999042
8120	8121	0.0497574992478
8120	8138	0.0507359988987
8121	8120	0.0497574992478
8121	8122	0.0497574992478
8122	8121	0.0497574992478
8122	8123	0.0497574992478
8123	8122	0.0497574992478
8123	8124	0.0497574992478
8124	8123	0.0497574992478
8124	8125	0.0497574992478
8125	8124	0.0497574992478
8125	8126	0.0497574992478
8126	8125	0.0497574992478
8126	8127	0.0497574992478
8127	8126	0.0497574992478
8127	8128	0.0497574992478
8128	8127	0.0497574992478
8128	8129	0.0497574992478
8129	8128	0.0497574992478
8129	8130	0.0497574992478
8130	8129	0.0497574992478
8130	8131	0.0497574992478
8131	8130	0.0497574992478
8131	8132	0.0497574992478
8132	8131	0.0497574992478
8132	8133	0.0497574992478
8133	8132	0.0497574992478
8133	8134	0.0497574992478
8134	8133	0.0497574992478
8134	8135	0.0497574992478
8135	8134	0.0497574992478
8135	8136	0.0497574992478
8136	8135	0.0497574992478
8136	8137	0.0497574992478
8137	8136	0.0497574992478
8138	8120	0.0507359988987
8138	8139	0.0507359988987
8139	8138	0.0507359988987
8139	8140	0.0507359988987
8140	8139	0.0507359988987
8140	8141	0.0507359988987
8141	8140	0.0507359988987
8141	8142	0.0507359988987
8142	8141	0.0507359988987
8142	8143	0.0507359988987
8143	8142	0.0507359988987
8143	8144	0.0507359988987
8144	8143	0.0507359988987
8144	8145	0.0507359988987
8145	8144	0.0507359988987
8145	8146	0.0507359988987
8146	8145	0.0507359988987
8146	8147	0.0507359988987
8147	8146	0.0507359988987
8147	8148	0.0507359988987
8148	8147	0.0507359988987
8148	8149	0.0507359988987
8149	8148	0.0507359988987
8149	8150	0.0507359988987
8150	8149	0.0507359988987
8150	8151	0.0507359988987
8151	8150	0.0507359988987
8151	8152	0.0507359988987
8152	8151	0.0507359988987
8152	8153	0.0507359988987
8153	8152	0.0507359988987
8153	8154	0.0507359988987
8154	8153	0.0507359988987
8154	8155	0.0507359988987
8155	8154	0.0507359988987
8156	7941	0.106262996793
8156	8157	0.106262996793
8157	8156	0.106262996793
8157	8158	0.106262996793
8158	8157	0.106262996793
8158	8159	0.106262996793
8159	8158	0.106262996793
8159	8160	0.106262996793
8160	8159	0.106262996793
8160	8161	0.106262996793
8161	8160	0.106262996793
8161	8162	0.106262996793
8162	8161	0.106262996793
8162	8163	0.106262996793
8163	8162	0.106262996793
8163	8164	0.106262996793
8164	8163	0.106262996793
8164	8165	0.106262996793
8165	8164	0.106262996793
8165	8166	0.106262996793
8166	8165	0.106262996793
8166	8167	0.104818500578
8166	8431	0.0364100001752
8167	8166	0.104818500578
8167	8168	0.104818500578
8168	8167	0.104818500578
8168	8169	0.104818500578
8169	8168	0.104818500578
8169	8170	0.104818500578
8170	8169	0.104818500578
8170	8171	0.104818500578
8171	8170	0.104818500578
8171	8172	0.104818500578
8172	8171	0.104818500578
8172	8173	0.104818500578
8173	8172	0.104818500578
8173	8174	0.104818500578
8174	8173	0.104818500578
8174	8175	0.104818500578
8175	8174	0.104818500578
8175	8176	0.104818500578
8176	8175	0.104818500578
8176	8177	0.104818500578
8177	8176	0.104818500578
8177	8178	0.0463650003076
8177	8204	0.101703003049
8178	8177	0.0463650003076
8178	8179	0.0463650003076
8179	8178	0.0463650003076
8179	8180	0.0463650003076
8180	8179	0.0463650003076
8180	8181	0.0463650003076
8181	8180	0.0463650003076
8181	8182	0.0463650003076
8182	8181	0.0463650003076
8182	8183	0.0463650003076
8183	8182	0.0463650003076
8183	8184	0.0463650003076
8184	8183	0.0463650003076
8184	8185	0.0463650003076
8185	8184	0.0463650003076
8185	8186	0.0463650003076
8186	8185	0.0463650003076
8186	8187	0.0463650003076
8187	8186	0.0463650003076
8187	8188	0.0463650003076
8188	8187	0.0463650003076
8188	8189	0.0463650003076
8189	8188	0.0463650003076
8189	8190	0.0463650003076
8190	8189	0.0463650003076
8190	8191	0.0463650003076
8191	8190	0.0463650003076
8191	8192	0.0463650003076
8192	8191	0.0463650003076
8192	8193	0.0463650003076
8193	8192	0.0463650003076
8193	8194	0.0463650003076
8194	8193	0.0463650003076
8194	8195	0.0463650003076
8195	8194	0.0463650003076
8195	8196	0.0463650003076
8196	8195	0.0463650003076
8196	8197	0.0463650003076
8197	8196	0.0463650003076
8197	8198	0.0463650003076
8198	8197	0.0463650003076
8198	8199	0.0463650003076
8199	8198	0.0463650003076
8199	8200	0.0463650003076
8200	8199	0.0463650003076
8200	8201	0.0463650003076
8201	8200	0.0463650003076
8201	8202	0.0463650003076
8202	8201	0.0463650003076
8202	8203	0.0463650003076
8203	8202	0.0463650003076
8204	8177	0.101703003049
8204	8205	0.101703003049
8205	8204	0.101703003049
8205	8206	0.101703003049
8206	8205	0.101703003049
8206	8207	0.101703003049
8207	8206	0.101703003049
8207	8208	0.101703003049
8208	8207	0.101703003049
8208	8209	0.101703003049
8209	8208	0.101703003049
8209	8210	0.101703003049
8210	8209	0.101703003049
8210	8211	0.101703003049
8211	8210	0.101703003049
8211	8212	0.101703003049
8212	8211	0.101703003049
8212	8213	0.101703003049
8213	8212	0.101703003049
8213	8214	0.101703003049
8214	8213	0.101703003049
8214	8215	0.101703003049
8215	8214	0.101703003049
8215	8216	0.101703003049
8216	8215	0.101703003049
8216	8217	0.101703003049
8217	8216	0.101703003049
8217	8218	0.101703003049
8218	8217	0.101703003049
8218	8219	0.101703003049
8219	8218	0.101703003049
8219	8220	0.101703003049
8220	8219	0.101703003049
8220	8221	0.101703003049
8221	8220	0.101703003049
8221	8222	0.101703003049
8222	8221	0.101703003049
8222	8223	0.101703003049
8223	8222	0.101703003049
8223	8224	0.101703003049
8224	8223	0.101703003049
8224	8225	0.101703003049
8225	8224	0.101703003049
8225	8226	0.101703003049
8226	8225	0.101703003049
8226	8227	0.0752049982548
8226	8308	0.0855719968677
8227	8226	0.0752049982548
8227	8228	0.0752049982548
8228	8227	0.0752049982548
8228	8229	0.0752049982548
8229	8228	0.0752049982548
8229	8230	0.0752049982548
8230	8229	0.0752049982548
8230	8231	0.0752049982548
8231	8230	0.0752049982548
8231	8232	0.0752049982548
8232	8231	0.0752049982548
8232	8233	0.0752049982548
8233	8232	0.0752049982548
8233	8234	0.0752049982548
8234	8233	0.0752049982548
8234	8235	0.0721834972501
8234	8302	0.0366530008614
8235	8234	0.0721834972501
8235	8236	0.0721834972501
8236	8235	0.0721834972501
8236	8237	0.0721834972501
8237	8236	0.0721834972501
8237	8238	0.0721834972501
8238	8237	0.0721834972501
8238	8239	0.0721834972501
8239	8238	0.0721834972501
8239	8240	0.0721834972501
8240	8239	0.0721834972501
8240	8241	0.0721834972501
8241	8240	0.0721834972501
8241	8242	0.0721834972501
8242	8241	0.0721834972501
8242	8243	0.0721834972501
8243	8242	0.0721834972501
8243	8244	0.0721834972501
8244	8243	0.0721834972501
8244	8245	0.0721834972501
8245	8244	0.0721834972501
8245	8246	0.0721834972501
8246	8245	0.0721834972501
8246	8247	0.0721834972501
8247	8246	0.0721834972501
8247	8248	0.0721834972501
8248	8247	0.0721834972501
8248	8249	0.0721834972501
8249	8248	0.0721834972501
8249	8250	0.0721834972501
8250	8249	0.0721834972501
8250	8251	0.0721834972501
8251	8250	0.0721834972501
8251	8252	0.0721834972501
8252	8251	0.0721834972501
8252	8253	0.0721834972501
8253	8252	0.0721834972501
8253	8254	0.0721834972501
8254	8253	0.0721834972501
8254	8255	0.0632750019431
8254	8289	0.0497004985809
8255	8254	0.0632750019431
8255	8256	0.0632750019431
8256	8255	0.0632750019431
8256	8257	0.0632750019431
8257	8256	0.0632750019431
8257	8258	0.0632750019431
8258	8257	0.0632750019431
8258	8259	0.0632750019431
8259	8258	0.0632750019431
8259	8260	0.0632750019431
8260	8259	0.0632750019431
8260	8261	0.0632750019431
8261	8260	0.0632750019431
8261	8262	0.0632750019431
8262	8261	0.0632750019431
8262	8263	0.0632750019431
8263	8262	0.0632750019431
8263	8264	0.0632750019431
8264	8263	0.0632750019431
8264	8265	0.0632750019431
8265	8264	0.0632750019431
8265	8266	0.0632750019431
8266	8265	0.0632750019431
8266	8267	0.0632750019431
8267	8266	0.0632750019431
8267	8268	0.0632750019431
8268	8267	0.0632750019431
8268	8269	0.0632750019431
8269	8268	0.0632750019431
8269	8270	0.0632750019431
8270	8269	0.0632750019431
8270	8271	0.0632750019431
8271	8270	0.0632750019431
8271	8272	0.0632750019431
8272	8271	0.0632750019431
8272	8273	0.0632750019431
8273	8272	0.0632750019431
8273	8274	0.0632750019431
8274	8273	0.0632750019431
8274	8275	0.0632750019431
8275	8274	0.0632750019431
8275	8276	0.0632750019431
8276	8275	0.0632750019431
8276	8277	0.0632750019431
8277	8276	0.0632750019431
8277	8278	0.0632750019431
8278	8277	0.0632750019431
8278	8279	0.0632750019431
8279	8278	0.0632750019431
8279	8280	0.0632750019431
8280	8279	0.0632750019431
8280	8281	0.0632750019431
8281	8280	0.0632750019431
8281	8282	0.0632750019431
8282	8281	0.0632750019431
8282	8283	0.0632750019431
8283	8282	0.0632750019431
8283	8284	0.0632750019431
8284	8283	0.0632750019431
8284	8285	0.0632750019431
8285	8284	0.0632750019431
8285	8286	0.0632750019431
8286	8285	0.0632750019431
8286	8287	0.0632750019431
8287	8286	0.0632750019431
8287	8288	0.0632750019431
8288	8287	0.0632750019431
8289	8254	0.0497004985809
8289	8290	0.0497004985809
8290	8289	0.0497004985809
8290	8291	0.0497004985809
8291	8290	0.0497004985809
8291	8292	0.0497004985809
8292	8291	0.0497004985809
8292	8293	0.0497004985809
8293	8292	0.0497004985809
8293	8294	0.0497004985809
8294	8293	0.0497004985809
8294	8295	0.0497004985809
8295	8294	0.0497004985809
8295	8296	0.0497004985809
8296	8295	0.0497004985809
8296	8297	0.0497004985809
8297	8296	0.0497004985809
8297	8298	0.0497004985809
8298	8297	0.0497004985809
8298	8299	0.0497004985809
8299	8298	0.0497004985809
8299	8300	0.0497004985809
8300	8299	0.0497004985809
8300	8301	0.0497004985809
8301	8300	0.0497004985809
8302	8234	0.0366530008614
8302	8303	0.0366530008614
8303	8302	0.0366530008614
8303	8304	0.0366530008614
8304	8303	0.0366530008614
8304	8305	0.0366530008614
8305	8304	0.0366530008614
8305	8306	0.0366530008614
8306	8305	0.0366530008614
8306	8307	0.0366530008614
8307	8306	0.0366530008614
8308	8226	0.0855719968677
8308	8309	0.0855719968677
8309	8308	0.0855719968677
8309	8310	0.0855719968677
8310	8309	0.0855719968677
8310	8311	0.0855719968677
8311	8310	0.0855719968677
8311	8312	0.0855719968677
8312	8311	0.0855719968677
8312	8313	0.0855719968677
8313	8312	0.0855719968677
8313	8314	0.0855719968677
8314	8313	0.0855719968677
8314	8315	0.0855719968677
8315	8314	0.0855719968677
8315	8316	0.0855719968677
8316	8315	0.0855719968677
8316	8317	0.0855719968677
8317	8316	0.0855719968677
8317	8318	0.0855719968677
8318	8317	0.0855719968677
8318	8319	0.0855719968677
8319	8318	0.0855719968677
8319	8320	0.0855719968677
8320	8319	0.0855719968677
8320	8321	0.0855719968677
8321	8320	0.0855719968677
8321	8322	0.0855719968677
8322	8321	0.0855719968677
8322	8323	0.0855719968677
8323	8322	0.0855719968677
8323	8324	0.0855719968677
8324	8323	0.0855719968677
8324	8325	0.0855719968677
8325	8324	0.0855719968677
8325	8326	0.0855719968677
8326	8325	0.0855719968677
8326	8327	0.0855719968677
8327	8326	0.0855719968677
8327	8328	0.0855719968677
8328	8327	0.0855719968677
8328	8329	0.0855719968677
8329	8328	0.0855719968677
8329	8330	0.0855719968677
8330	8329	0.0855719968677
8330	8331	0.0855719968677
8331	8330	0.0855719968677
8331	8332	0.0789270028472
8331	8410	0.0512914992869
8332	8331	0.0789270028472
8332	8333	0.0789270028472
8333	8332	0.0789270028472
8333	8334	0.0789270028472
8334	8333	0.0789270028472
8334	8335	0.0789270028472
8335	8334	0.0789270028472
8335	8336	0.0789270028472
8336	8335	0.0789270028472
8336	8337	0.0789270028472
8337	8336	0.0789270028472
8337	8338	0.0789270028472
8338	8337	0.0789270028472
8338	8339	0.0789270028472
8339	8338	0.0789270028472
8339	8340	0.0789270028472
8340	8339	0.0789270028472
8340	8341	0.0789270028472
8341	8340	0.0789270028472
8341	8342	0.0789270028472
8342	8341	0.0789270028472
8342	8343	0.0789270028472
8343	8342	0.0789270028472
8343	8344	0.0789270028472
8344	8343	0.0789270028472
8344	8345	0.0789270028472
8345	8344	0.0789270028472
8345	8346	0.0789270028472
8346	8345	0.0789270028472
8346	8347	0.0789270028472
8347	8346	0.0789270028472
8347	8348	0.0789270028472
8348	8347	0.0789270028472
8348	8349	0.0789270028472
8349	8348	0.0789270028472
8349	8350	0.0789270028472
8350	8349	0.0789270028472
8350	8351	0.0789270028472
8351	8350	0.0789270028472
8351	8352	0.0789270028472
8352	8351	0.0789270028472
8352	8353	0.0789270028472
8353	8352	0.0789270028472
8353	8354	0.0789270028472
8354	8353	0.0789270028472
8354	8355	0.0789270028472
8355	8354	0.0789270028472
8355	8356	0.0789270028472
8356	8355	0.0789270028472
8356	8357	0.0789270028472
8357	8356	0.0789270028472
8357	8358	0.0789270028472
8358	8357	0.0789270028472
8358	8359	0.0789270028472
8359	8358	0.0789270028472
8359	8360	0.0789270028472
8360	8359	0.0789270028472
8360	8361	0.0634410008788
8360	8387	0.0618270002306
8361	8360	0.0634410008788
8361	8362	0.0634410008788
8362	8361	0.0634410008788
8362	8363	0.0634410008788
8363	8362	0.0634410008788
8363	8364	0.0634410008788
8364	8363	0.0634410008788
8364	8365	0.0634410008788
8365	8364	0.0634410008788
8365	8366	0.0634410008788
8366	8365	0.0634410008788
8366	8367	0.0634410008788
8367	8366	0.0634410008788
8367	8368	0.0634410008788
8368	8367	0.0634410008788
8368	8369	0.0634410008788
8369	8368	0.0634410008788
8369	8370	0.0634410008788
8370	8369	0.0634410008788
8370	8371	0.0634410008788
8371	8370	0.0634410008788
8371	8372	0.0634410008788
8372	8371	0.0634410008788
8372	8373	0.0634410008788
8373	8372	0.0634410008788
8373	8374	0.0634410008788
8374	8373	0.0634410008788
8374	8375	0.0634410008788
8375	8374	0.0634410008788
8375	8376	0.0634410008788
8376	8375	0.0634410008788
8376	8377	0.0634410008788
8377	8376	0.0634410008788
8377	8378	0.0634410008788
8378	8377	0.0634410008788
8378	8379	0.0634410008788
8379	8378	0.0634410008788
8379	8380	0.0634410008788
8380	8379	0.0634410008788
8380	8381	0.0634410008788
8381	8380	0.0634410008788
8381	8382	0.0634410008788
8382	8381	0.0634410008788
8382	8383	0.0634410008788
8383	8382	0.0634410008788
8383	8384	0.0634410008788
8384	8383	0.0634410008788
8384	8385	0.0634410008788
8385	8384	0.0634410008788
8385	8386	0.0634410008788
8386	8385	0.0634410008788
8387	8360	0.0618270002306
8387	8388	0.0618270002306
8388	8387	0.0618270002306
8388	8389	0.0618270002306
8389	8388	0.0618270002306
8389	8390	0.0618270002306
8390	8389	0.0618270002306
8390	8391	0.0618270002306
8391	8390	0.0618270002306
8391	8392	0.0618270002306
8392	8391	0.0618270002306
8392	8393	0.0618270002306
8393	8392	0.0618270002306
8393	8394	0.0618270002306
8394	8393	0.0618270002306
8394	8395	0.0618270002306
8395	8394	0.0618270002306
8395	8396	0.0618270002306
8396	8395	0.0618270002306
8396	8397	0.0618270002306
8397	8396	0.0618270002306
8397	8398	0.0618270002306
8398	8397	0.0618270002306
8398	8399	0.0618270002306
8399	8398	0.0618270002306
8399	8400	0.0618270002306
8400	8399	0.0618270002306
8400	8401	0.0618270002306
8401	8400	0.0618270002306
8401	8402	0.0618270002306
8402	8401	0.0618270002306
8402	8403	0.0618270002306
8403	8402	0.0618270002306
8403	8404	0.0618270002306
8404	8403	0.0618270002306
8404	8405	0.0618270002306
8405	8404	0.0618270002306
8405	8406	0.0618270002306
8406	8405	0.0618270002306
8406	8407	0.0618270002306
8407	8406	0.0618270002306
8407	8408	0.0618270002306
8408	8407	0.0618270002306
8408	8409	0.0618270002306
8409	8408	0.0618270002306
8410	8331	0.0512914992869
8410	8411	0.0512914992869
8411	8410	0.0512914992869
8411	8412	0.0512914992869
8412	8411	0.0512914992869
8412	8413	0.0512914992869
8413	8412	0.0512914992869
8413	8414	0.0512914992869
8414	8413	0.0512914992869
8414	8415	0.0512914992869
8415	8414	0.0512914992869
8415	8416	0.0512914992869
8416	8415	0.0512914992869
8416	8417	0.0512914992869
8417	8416	0.0512914992869
8417	8418	0.0512914992869
8418	8417	0.0512914992869
8418	8419	0.0512914992869
8419	8418	0.0512914992869
8419	8420	0.0512914992869
8420	8419	0.0512914992869
8420	8421	0.0512914992869
8421	8420	0.0512914992869
8421	8422	0.0512914992869
8422	8421	0.0512914992869
8422	8423	0.0512914992869
8423	8422	0.0512914992869
8423	8424	0.0512914992869
8424	8423	0.0512914992869
8424	8425	0.0512914992869
8425	8424	0.0512914992869
8425	8426	0.0512914992869
8426	8425	0.0512914992869
8426	8427	0.0512914992869
8427	8426	0.0512914992869
8427	8428	0.0512914992869
8428	8427	0.0512914992869
8428	8429	0.0512914992869
8429	8428	0.0512914992869
8429	8430	0.0512914992869
8430	8429	0.0512914992869
8431	8166	0.0364100001752
8431	8432	0.0364100001752
8432	8431	0.0364100001752
8432	8433	0.0364100001752
8433	8432	0.0364100001752
8433	8434	0.0364100001752
8434	8433	0.0364100001752
8434	8435	0.0364100001752
8435	8434	0.0364100001752
8435	8436	0.0364100001752
8436	8435	0.0364100001752
8436	8437	0.0364100001752
8437	8436	0.0364100001752
8437	8438	0.0364100001752
8438	8437	0.0364100001752
8438	8439	0.0364100001752
8439	8438	0.0364100001752
8439	8440	0.0364100001752
8440	8439	0.0364100001752
8440	8441	0.0364100001752
8441	8440	0.0364100001752
8442	7923	0.0517259985209
8442	8443	0.0517259985209
8443	8442	0.0517259985209
8443	8444	0.0517259985209
8444	8443	0.0517259985209
8444	8445	0.0517259985209
8445	8444	0.0517259985209
8445	8446	0.0517259985209
8446	8445	0.0517259985209
8446	8447	0.0517259985209
8447	8446	0.0517259985209
8447	8448	0.0517259985209
8448	8447	0.0517259985209
8448	8449	0.0517259985209
8449	8448	0.0517259985209
8449	8450	0.0517259985209
8450	8449	0.0517259985209
8450	8451	0.0461819991469
8450	8476	0.0341714993119
8451	8450	0.0461819991469
8451	8452	0.0461819991469
8452	8451	0.0461819991469
8452	8453	0.0461819991469
8453	8452	0.0461819991469
8453	8454	0.0461819991469
8454	8453	0.0461819991469
8454	8455	0.0461819991469
8455	8454	0.0461819991469
8455	8456	0.0461819991469
8456	8455	0.0461819991469
8456	8457	0.0461819991469
8457	8456	0.0461819991469
8457	8458	0.0461819991469
8458	8457	0.0461819991469
8458	8459	0.0461819991469
8459	8458	0.0461819991469
8459	8460	0.0461819991469
8460	8459	0.0461819991469
8460	8461	0.0461819991469
8461	8460	0.0461819991469
8461	8462	0.0461819991469
8462	8461	0.0461819991469
8462	8463	0.0461819991469
8463	8462	0.0461819991469
8463	8464	0.0461819991469
8464	8463	0.0461819991469
8464	8465	0.0461819991469
8465	8464	0.0461819991469
8465	8466	0.0461819991469
8466	8465	0.0461819991469
8466	8467	0.0461819991469
8467	8466	0.0461819991469
8467	8468	0.0461819991469
8468	8467	0.0461819991469
8468	8469	0.0461819991469
8469	8468	0.0461819991469
8469	8470	0.0461819991469
8470	8469	0.0461819991469
8470	8471	0.0461819991469
8471	8470	0.0461819991469
8471	8472	0.0461819991469
8472	8471	0.0461819991469
8472	8473	0.0461819991469
8473	8472	0.0461819991469
8473	8474	0.0461819991469
8474	8473	0.0461819991469
8474	8475	0.0461819991469
8475	8474	0.0461819991469
8476	8450	0.0341714993119
8476	8477	0.0341714993119
8477	8476	0.0341714993119
8477	8478	0.0341714993119
8478	8477	0.0341714993119
8478	8479	0.0341714993119
8479	8478	0.0341714993119
8479	8480	0.0341714993119
8480	8479	0.0341714993119
8480	8481	0.0341714993119
8481	8480	0.0341714993119
8481	8482	0.0341714993119
8482	8481	0.0341714993119
8483	7833	0.0511079989374
8483	8484	0.0511079989374
8484	8483	0.0511079989374
8484	8485	0.0511079989374
8485	8484	0.0511079989374
8485	8486	0.0511079989374
8486	8485	0.0511079989374
8486	8487	0.0511079989374
8487	8486	0.0511079989374
8487	8488	0.0511079989374
8488	8487	0.0511079989374
8488	8489	0.0511079989374
8489	8488	0.0511079989374
8489	8490	0.0511079989374
8490	8489	0.0511079989374
8490	8491	0.0511079989374
8491	8490	0.0511079989374
8491	8492	0.0511079989374
8492	8491	0.0511079989374
8492	8493	0.0511079989374
8493	8492	0.0511079989374
8493	8494	0.0511079989374
8494	8493	0.0511079989374
8494	8495	0.0511079989374
8495	8494	0.0511079989374
8495	8496	0.0511079989374
8496	8495	0.0511079989374
8496	8497	0.0511079989374
8497	8496	0.0511079989374
8497	8498	0.0511079989374
8498	8497	0.0511079989374
8498	8499	0.0413094982505
8498	8516	0.0397909991443
8499	8498	0.0413094982505
8499	8500	0.0413094982505
8500	8499	0.0413094982505
8500	8501	0.0413094982505
8501	8500	0.0413094982505
8501	8502	0.0413094982505
8502	8501	0.0413094982505
8502	8503	0.0413094982505
8503	8502	0.0413094982505
8503	8504	0.0413094982505
8504	8503	0.0413094982505
8504	8505	0.0413094982505
8505	8504	0.0413094982505
8505	8506	0.0413094982505
8506	8505	0.0413094982505
8506	8507	0.0413094982505
8507	8506	0.0413094982505
8507	8508	0.0413094982505
8508	8507	0.0413094982505
8508	8509	0.0413094982505
8509	8508	0.0413094982505
8509	8510	0.0413094982505
8510	8509	0.0413094982505
8510	8511	0.0413094982505
8511	8510	0.0413094982505
8511	8512	0.0413094982505
8512	8511	0.0413094982505
8512	8513	0.0413094982505
8513	8512	0.0413094982505
8513	8514	0.0413094982505
8514	8513	0.0413094982505
8514	8515	0.0413094982505
8515	8514	0.0413094982505
8516	8498	0.0397909991443
8516	8517	0.0397909991443
8517	8516	0.0397909991443
8517	8518	0.0397909991443
8518	8517	0.0397909991443
8518	8519	0.0397909991443
8519	8518	0.0397909991443
8519	8520	0.0397909991443
8520	8519	0.0397909991443
8520	8521	0.0397909991443
8521	8520	0.0397909991443
8521	8522	0.0397909991443
8522	8521	0.0397909991443
8522	8523	0.0397909991443
8523	8522	0.0397909991443
8523	8524	0.0397909991443
8524	8523	0.0397909991443
8524	8525	0.0397909991443
8525	8524	0.0397909991443
8525	8526	0.0397909991443
8526	8525	0.0397909991443
8526	8527	0.0397909991443
8527	8526	0.0397909991443
8527	8528	0.0397909991443
8528	8527	0.0397909991443
8528	8529	0.0397909991443
8529	8528	0.0397909991443
8529	8530	0.0397909991443
8530	8529	0.0397909991443
8531	5779	0.146753504872
8531	8532	0.146753504872
8532	8531	0.146753504872
8532	8533	0.146753504872
8533	8532	0.146753504872
8533	8534	0.146753504872
8534	8533	0.146753504872
8534	8535	0.146753504872
8535	8534	0.146753504872
8535	8536	0.146753504872
8536	8535	0.146753504872
8536	8537	0.146753504872
8537	8536	0.146753504872
8537	8538	0.146753504872
8538	8537	0.146753504872
8538	8539	0.146753504872
8539	8538	0.146753504872
8539	8540	0.146753504872
8540	8539	0.146753504872
8540	8541	0.146753504872
8541	8540	0.146753504872
8541	8542	0.146753504872
8542	8541	0.146753504872
8542	8543	0.146753504872
8543	8542	0.146753504872
8543	8544	0.146753504872
8544	8543	0.146753504872
8544	8545	0.146753504872
8545	8544	0.146753504872
8545	8546	0.146753504872
8546	8545	0.146753504872
8546	8547	0.146753504872
8547	8546	0.146753504872
8547	8548	0.146753504872
8548	8547	0.146753504872
8548	8549	0.146753504872
8549	8548	0.146753504872
8549	8550	0.146753504872
8550	8549	0.146753504872
8550	8551	0.0516844987869
8550	8604	0.14458450675
8551	8550	0.0516844987869
8551	8552	0.0516844987869
8552	8551	0.0516844987869
8552	8553	0.0516844987869
8553	8552	0.0516844987869
8553	8554	0.0516844987869
8554	8553	0.0516844987869
8554	8555	0.0516844987869
8555	8554	0.0516844987869
8555	8556	0.0516844987869
8556	8555	0.0516844987869
8556	8557	0.0516844987869
8557	8556	0.0516844987869
8557	8558	0.0516844987869
8558	8557	0.0516844987869
8558	8559	0.0516844987869
8559	8558	0.0516844987869
8559	8560	0.0516844987869
8560	8559	0.0516844987869
8560	8561	0.0516844987869
8561	8560	0.0516844987869
8561	8562	0.0516844987869
8562	8561	0.0516844987869
8562	8563	0.0516844987869
8563	8562	0.0516844987869
8563	8564	0.0516844987869
8564	8563	0.0516844987869
8564	8565	0.0516844987869
8565	8564	0.0516844987869
8565	8566	0.0516844987869
8566	8565	0.0516844987869
8566	8567	0.0456449985504
8566	8595	0.0350239984691
8567	8566	0.0456449985504
8567	8568	0.0456449985504
8568	8567	0.0456449985504
8568	8569	0.0456449985504
8569	8568	0.0456449985504
8569	8570	0.0456449985504
8570	8569	0.0456449985504
8570	8571	0.0456449985504
8571	8570	0.0456449985504
8571	8572	0.0456449985504
8572	8571	0.0456449985504
8572	8573	0.0456449985504
8573	8572	0.0456449985504
8573	8574	0.0456449985504
8574	8573	0.0456449985504
8574	8575	0.0456449985504
8575	8574	0.0456449985504
8575	8576	0.0456449985504
8576	8575	0.0456449985504
8576	8577	0.0456449985504
8577	8576	0.0456449985504
8577	8578	0.0456449985504
8578	8577	0.0456449985504
8578	8579	0.0456449985504
8579	8578	0.0456449985504
8579	8580	0.0456449985504
8580	8579	0.0456449985504
8580	8581	0.0456449985504
8581	8580	0.0456449985504
8581	8582	0.0456449985504
8582	8581	0.0456449985504
8582	8583	0.0456449985504
8583	8582	0.0456449985504
8583	8584	0.0456449985504
8584	8583	0.0456449985504
8584	8585	0.0456449985504
8585	8584	0.0456449985504
8585	8586	0.0456449985504
8586	8585	0.0456449985504
8586	8587	0.0456449985504
8587	8586	0.0456449985504
8587	8588	0.0456449985504
8588	8587	0.0456449985504
8588	8589	0.0456449985504
8589	8588	0.0456449985504
8589	8590	0.0456449985504
8590	8589	0.0456449985504
8590	8591	0.0456449985504
8591	8590	0.0456449985504
8591	8592	0.0456449985504
8592	8591	0.0456449985504
8592	8593	0.0456449985504
8593	8592	0.0456449985504
8593	8594	0.0456449985504
8594	8593	0.0456449985504
8595	8566	0.0350239984691
8595	8596	0.0350239984691
8596	8595	0.0350239984691
8596	8597	0.0350239984691
8597	8596	0.0350239984691
8597	8598	0.0350239984691
8598	8597	0.0350239984691
8598	8599	0.0350239984691
8599	8598	0.0350239984691
8599	8600	0.0350239984691
8600	8599	0.0350239984691
8600	8601	0.0350239984691
8601	8600	0.0350239984691
8601	8602	0.0350239984691
8602	8601	0.0350239984691
8602	8603	0.0350239984691
8603	8602	0.0350239984691
8604	8550	0.14458450675
8604	8605	0.14458450675
8605	8604	0.14458450675
8605	8606	0.14458450675
8606	8605	0.14458450675
8606	8607	0.14458450675
8607	8606	0.14458450675
8607	8608	0.14458450675
8608	8607	0.14458450675
8608	8609	0.14458450675
8609	8608	0.14458450675
8609	8610	0.14458450675
8610	8609	0.14458450675
8610	8611	0.14458450675
8611	8610	0.14458450675
8611	8612	0.14458450675
8612	8611	0.14458450675
8612	8613	0.14458450675
8613	8612	0.14458450675
8613	8614	0.14458450675
8614	8613	0.14458450675
8614	8615	0.14458450675
8615	8614	0.14458450675
8615	8616	0.14458450675
8616	8615	0.14458450675
8616	8617	0.14458450675
8617	8616	0.14458450675
8617	8618	0.14458450675
8618	8617	0.14458450675
8618	8619	0.14458450675
8619	8618	0.14458450675
8619	8620	0.14458450675
8620	8619	0.14458450675
8620	8621	0.14458450675
8621	8620	0.14458450675
8621	8622	0.14458450675
8622	8621	0.14458450675
8622	8623	0.14458450675
8623	8622	0.14458450675
8623	8624	0.14458450675
8624	8623	0.14458450675
8624	8625	0.14458450675
8625	8624	0.14458450675
8625	8626	0.14458450675
8626	8625	0.14458450675
8626	8627	0.14458450675
8627	8626	0.14458450675
8627	8628	0.14458450675
8628	8627	0.14458450675
8628	8629	0.14458450675
8629	8628	0.14458450675
8629	8630	0.14458450675
8630	8629	0.14458450675
8630	8631	0.14458450675
8631	8630	0.14458450675
8631	8632	0.143111005425
8631	9358	0.045053999871
8632	8631	0.143111005425
8632	8633	0.143111005425
8633	8632	0.143111005425
8633	8634	0.143111005425
8634	8633	0.143111005425
8634	8635	0.143111005425
8635	8634	0.143111005425
8635	8636	0.143111005425
8636	8635	0.143111005425
8636	8637	0.143111005425
8637	8636	0.143111005425
8637	8638	0.143111005425
8638	8637	0.143111005425
8638	8639	0.143111005425
8639	8638	0.143111005425
8639	8640	0.143111005425
8640	8639	0.143111005425
8640	8641	0.0362614989281
8640	8657	0.142331004143
8641	8640	0.0362614989281
8641	8642	0.0362614989281
8642	8641	0.0362614989281
8642	8643	0.0362614989281
8643	8642	0.0362614989281
8643	8644	0.0362614989281
8644	8643	0.0362614989281
8644	8645	0.0362614989281
8645	8644	0.0362614989281
8645	8646	0.0362614989281
8646	8645	0.0362614989281
8646	8647	0.0362614989281
8647	8646	0.0362614989281
8647	8648	0.0362614989281
8648	8647	0.0362614989281
8648	8649	0.0362614989281
8649	8648	0.0362614989281
8649	8650	0.0362614989281
8650	8649	0.0362614989281
8650	8651	0.0362614989281
8651	8650	0.0362614989281
8651	8652	0.0362614989281
8652	8651	0.0362614989281
8652	8653	0.0362614989281
8653	8652	0.0362614989281
8653	8654	0.0362614989281
8654	8653	0.0362614989281
8654	8655	0.0362614989281
8655	8654	0.0362614989281
8655	8656	0.0362614989281
8656	8655	0.0362614989281
8657	8640	0.142331004143
8657	8658	0.142331004143
8658	8657	0.142331004143
8658	8659	0.142331004143
8659	8658	0.142331004143
8659	8660	0.142331004143
8660	8659	0.142331004143
8660	8661	0.142331004143
8661	8660	0.142331004143
8661	8662	0.142331004143
8662	8661	0.142331004143
8662	8663	0.142331004143
8663	8662	0.142331004143
8663	8664	0.142331004143
8664	8663	0.142331004143
8664	8665	0.142331004143
8665	8664	0.142331004143
8665	8666	0.14109300077
8665	9330	0.0420924983919
8666	8665	0.14109300077
8666	8667	0.14109300077
8667	8666	0.14109300077
8667	8668	0.14109300077
8668	8667	0.14109300077
8668	8669	0.14109300077
8669	8668	0.14109300077
8669	8670	0.14109300077
8670	8669	0.14109300077
8670	8671	0.14109300077
8671	8670	0.14109300077
8671	8672	0.14109300077
8672	8671	0.14109300077
8672	8673	0.14109300077
8673	8672	0.14109300077
8673	8674	0.14109300077
8674	8673	0.14109300077
8674	8675	0.14109300077
8675	8674	0.14109300077
8675	8676	0.14109300077
8676	8675	0.14109300077
8676	8677	0.14109300077
8677	8676	0.14109300077
8677	8678	0.14109300077
8678	8677	0.14109300077
8678	8679	0.14109300077
8679	8678	0.14109300077
8679	8680	0.14109300077
8680	8679	0.14109300077
8680	8681	0.14109300077
8681	8680	0.14109300077
8681	8682	0.14109300077
8682	8681	0.14109300077
8682	8683	0.14109300077
8683	8682	0.14109300077
8683	8684	0.14109300077
8684	8683	0.14109300077
8684	8685	0.14109300077
8685	8684	0.14109300077
8685	8686	0.14109300077
8686	8685	0.14109300077
8686	8687	0.14109300077
8687	8686	0.14109300077
8687	8688	0.14109300077
8688	8687	0.14109300077
8688	8689	0.14109300077
8689	8688	0.14109300077
8689	8690	0.14109300077
8690	8689	0.14109300077
8690	8691	0.14109300077
8691	8690	0.14109300077
8691	8692	0.14109300077
8692	8691	0.14109300077
8692	8693	0.14109300077
8693	8692	0.14109300077
8693	8694	0.14109300077
8694	8693	0.14109300077
8694	8695	0.14109300077
8695	8694	0.14109300077
8695	8696	0.14109300077
8696	8695	0.14109300077
8696	8697	0.14109300077
8697	8696	0.14109300077
8697	8698	0.14109300077
8698	8697	0.14109300077
8698	8699	0.14109300077
8699	8698	0.14109300077
8699	8700	0.14109300077
8700	8699	0.14109300077
8700	8701	0.140552997589
8700	9323	0.0317899994552
8701	8700	0.140552997589
8701	8702	0.140552997589
8702	8701	0.140552997589
8702	8703	0.140552997589
8703	8702	0.140552997589
8703	8704	0.140552997589
8704	8703	0.140552997589
8704	8705	0.140552997589
8705	8704	0.140552997589
8705	8706	0.0436185002327
8705	8732	0.139138504863
8706	8705	0.0436185002327
8706	8707	0.0436185002327
8707	8706	0.0436185002327
8707	8708	0.0436185002327
8708	8707	0.0436185002327
8708	8709	0.0436185002327
8709	8708	0.0436185002327
8709	8710	0.0436185002327
8710	8709	0.0436185002327
8710	8711	0.0436185002327
8711	8710	0.0436185002327
8711	8712	0.0436185002327
8712	8711	0.0436185002327
8712	8713	0.0436185002327
8713	8712	0.0436185002327
8713	8714	0.0436185002327
8714	8713	0.0436185002327
8714	8715	0.0436185002327
8715	8714	0.0436185002327
8715	8716	0.0436185002327
8716	8715	0.0436185002327
8716	8717	0.0436185002327
8717	8716	0.0436185002327
8717	8718	0.0436185002327
8718	8717	0.0436185002327
8718	8719	0.0436185002327
8719	8718	0.0436185002327
8719	8720	0.0436185002327
8720	8719	0.0436185002327
8720	8721	0.0436185002327
8721	8720	0.0436185002327
8721	8722	0.0436185002327
8722	8721	0.0436185002327
8722	8723	0.0436185002327
8723	8722	0.0436185002327
8723	8724	0.0436185002327
8724	8723	0.0436185002327
8724	8725	0.0436185002327
8725	8724	0.0436185002327
8725	8726	0.0436185002327
8726	8725	0.0436185002327
8726	8727	0.0436185002327
8727	8726	0.0436185002327
8727	8728	0.0436185002327
8728	8727	0.0436185002327
8728	8729	0.0436185002327
8729	8728	0.0436185002327
8729	8730	0.0436185002327
8730	8729	0.0436185002327
8730	8731	0.0436185002327
8731	8730	0.0436185002327
8732	8705	0.139138504863
8732	8733	0.139138504863
8733	8732	0.139138504863
8733	8734	0.139138504863
8734	8733	0.139138504863
8734	8735	0.139138504863
8735	8734	0.139138504863
8735	8736	0.139138504863
8736	8735	0.139138504863
8736	8737	0.0632980018854
8736	8810	0.134627506137
8737	8736	0.0632980018854
8737	8738	0.0632980018854
8738	8737	0.0632980018854
8738	8739	0.0632980018854
8739	8738	0.0632980018854
8739	8740	0.0632980018854
8740	8739	0.0632980018854
8740	8741	0.0632980018854
8741	8740	0.0632980018854
8741	8742	0.0632980018854
8742	8741	0.0632980018854
8742	8743	0.0632980018854
8743	8742	0.0632980018854
8743	8744	0.0632980018854
8744	8743	0.0632980018854
8744	8745	0.0632980018854
8745	8744	0.0632980018854
8745	8746	0.0632980018854
8746	8745	0.0632980018854
8746	8747	0.0632980018854
8747	8746	0.0632980018854
8747	8748	0.0632980018854
8748	8747	0.0632980018854
8748	8749	0.0632980018854
8749	8748	0.0632980018854
8749	8750	0.0632980018854
8750	8749	0.0632980018854
8750	8751	0.0632980018854
8751	8750	0.0632980018854
8751	8752	0.0632980018854
8752	8751	0.0632980018854
8752	8753	0.0632980018854
8753	8752	0.0632980018854
8753	8754	0.0632980018854
8754	8753	0.0632980018854
8754	8755	0.0632980018854
8755	8754	0.0632980018854
8755	8756	0.0632980018854
8756	8755	0.0632980018854
8756	8757	0.0632980018854
8757	8756	0.0632980018854
8757	8758	0.0632980018854
8758	8757	0.0632980018854
8758	8759	0.0632980018854
8759	8758	0.0632980018854
8759	8760	0.0632980018854
8760	8759	0.0632980018854
8760	8761	0.0632980018854
8761	8760	0.0632980018854
8761	8762	0.0632980018854
8762	8761	0.0632980018854
8762	8763	0.0463754981756
8762	8780	0.0535865016282
8763	8762	0.0463754981756
8763	8764	0.0463754981756
8764	8763	0.0463754981756
8764	8765	0.0463754981756
8765	8764	0.0463754981756
8765	8766	0.0463754981756
8766	8765	0.0463754981756
8766	8767	0.0463754981756
8767	8766	0.0463754981756
8767	8768	0.0463754981756
8768	8767	0.0463754981756
8768	8769	0.0463754981756
8769	8768	0.0463754981756
8769	8770	0.0463754981756
8770	8769	0.0463754981756
8770	8771	0.0463754981756
8771	8770	0.0463754981756
8771	8772	0.0463754981756
8772	8771	0.0463754981756
8772	8773	0.0463754981756
8773	8772	0.0463754981756
8773	8774	0.0463754981756
8774	8773	0.0463754981756
8774	8775	0.0463754981756
8775	8774	0.0463754981756
8775	8776	0.0463754981756
8776	8775	0.0463754981756
8776	8777	0.0463754981756
8777	8776	0.0463754981756
8777	8778	0.0463754981756
8778	8777	0.0463754981756
8778	8779	0.0463754981756
8779	8778	0.0463754981756
8780	8762	0.0535865016282
8780	8781	0.0535865016282
8781	8780	0.0535865016282
8781	8782	0.0535865016282
8782	8781	0.0535865016282
8782	8783	0.0535865016282
8783	8782	0.0535865016282
8783	8784	0.0535865016282
8784	8783	0.0535865016282
8784	8785	0.0535865016282
8785	8784	0.0535865016282
8785	8786	0.0535865016282
8786	8785	0.0535865016282
8786	8787	0.0535865016282
8787	8786	0.0535865016282
8787	8788	0.0535865016282
8788	8787	0.0535865016282
8788	8789	0.0535865016282
8789	8788	0.0535865016282
8789	8790	0.0535865016282
8790	8789	0.0535865016282
8790	8791	0.0535865016282
8791	8790	0.0535865016282
8791	8792	0.0535865016282
8792	8791	0.0535865016282
8792	8793	0.0535865016282
8793	8792	0.0535865016282
8793	8794	0.0535865016282
8794	8793	0.0535865016282
8794	8795	0.0535865016282
8795	8794	0.0535865016282
8795	8796	0.0535865016282
8796	8795	0.0535865016282
8796	8797	0.0535865016282
8797	8796	0.0535865016282
8797	8798	0.0535865016282
8798	8797	0.0535865016282
8798	8799	0.0535865016282
8799	8798	0.0535865016282
8799	8800	0.0535865016282
8800	8799	0.0535865016282
8800	8801	0.0535865016282
8801	8800	0.0535865016282
8801	8802	0.0535865016282
8802	8801	0.0535865016282
8802	8803	0.0535865016282
8803	8802	0.0535865016282
8803	8804	0.0535865016282
8804	8803	0.0535865016282
8804	8805	0.0535865016282
8805	8804	0.0535865016282
8805	8806	0.0535865016282
8806	8805	0.0535865016282
8806	8807	0.0535865016282
8807	8806	0.0535865016282
8807	8808	0.0535865016282
8808	8807	0.0535865016282
8808	8809	0.0535865016282
8809	8808	0.0535865016282
8810	8736	0.134627506137
8810	8811	0.134627506137
8811	8810	0.134627506137
8811	8812	0.134627506137
8812	8811	0.134627506137
8812	8813	0.134627506137
8813	8812	0.134627506137
8813	8814	0.134627506137
8814	8813	0.134627506137
8814	8815	0.134627506137
8815	8814	0.134627506137
8815	8816	0.134627506137
8816	8815	0.134627506137
8816	8817	0.134627506137
8817	8816	0.134627506137
8817	8818	0.134627506137
8818	8817	0.134627506137
8818	8819	0.134627506137
8819	8818	0.134627506137
8819	8820	0.134627506137
8820	8819	0.134627506137
8820	8821	0.0451024994254
8820	8848	0.132918000221
8821	8820	0.0451024994254
8821	8822	0.0451024994254
8822	8821	0.0451024994254
8822	8823	0.0451024994254
8823	8822	0.0451024994254
8823	8824	0.0451024994254
8824	8823	0.0451024994254
8824	8825	0.0451024994254
8825	8824	0.0451024994254
8825	8826	0.0451024994254
8826	8825	0.0451024994254
8826	8827	0.0451024994254
8827	8826	0.0451024994254
8827	8828	0.0451024994254
8828	8827	0.0451024994254
8828	8829	0.0451024994254
8829	8828	0.0451024994254
8829	8830	0.0451024994254
8830	8829	0.0451024994254
8830	8831	0.0451024994254
8831	8830	0.0451024994254
8831	8832	0.0451024994254
8832	8831	0.0451024994254
8832	8833	0.0451024994254
8833	8832	0.0451024994254
8833	8834	0.0451024994254
8834	8833	0.0451024994254
8834	8835	0.0451024994254
8835	8834	0.0451024994254
8835	8836	0.0451024994254
8836	8835	0.0451024994254
8836	8837	0.0451024994254
8837	8836	0.0451024994254
8837	8838	0.0451024994254
8838	8837	0.0451024994254
8838	8839	0.0451024994254
8839	8838	0.0451024994254
8839	8840	0.0451024994254
8840	8839	0.0451024994254
8840	8841	0.0451024994254
8841	8840	0.0451024994254
8841	8842	0.0451024994254
8842	8841	0.0451024994254
8842	8843	0.0451024994254
8843	8842	0.0451024994254
8843	8844	0.0451024994254
8844	8843	0.0451024994254
8844	8845	0.0451024994254
8845	8844	0.0451024994254
8845	8846	0.0451024994254
8846	8845	0.0451024994254
8846	8847	0.0451024994254
8847	8846	0.0451024994254
8848	8820	0.132918000221
8848	8849	0.132918000221
8849	8848	0.132918000221
8849	8850	0.132918000221
8850	8849	0.132918000221
8850	8851	0.132918000221
8851	8850	0.132918000221
8851	8852	0.0400854982436
8851	8868	0.131691500545
8852	8851	0.0400854982436
8852	8853	0.0400854982436
8853	8852	0.0400854982436
8853	8854	0.0400854982436
8854	8853	0.0400854982436
8854	8855	0.0400854982436
8855	8854	0.0400854982436
8855	8856	0.0400854982436
8856	8855	0.0400854982436
8856	8857	0.0400854982436
8857	8856	0.0400854982436
8857	8858	0.0400854982436
8858	8857	0.0400854982436
8858	8859	0.0400854982436
8859	8858	0.0400854982436
8859	8860	0.0400854982436
8860	8859	0.0400854982436
8860	8861	0.0400854982436
8861	8860	0.0400854982436
8861	8862	0.0400854982436
8862	8861	0.0400854982436
8862	8863	0.0400854982436
8863	8862	0.0400854982436
8863	8864	0.0400854982436
8864	8863	0.0400854982436
8864	8865	0.0400854982436
8865	8864	0.0400854982436
8865	8866	0.0400854982436
8866	8865	0.0400854982436
8866	8867	0.0400854982436
8867	8866	0.0400854982436
8868	8851	0.131691500545
8868	8869	0.131691500545
8869	8868	0.131691500545
8869	8870	0.131691500545
8870	8869	0.131691500545
8870	8871	0.131691500545
8871	8870	0.131691500545
8871	8872	0.131691500545
8872	8871	0.131691500545
8872	8873	0.131691500545
8873	8872	0.131691500545
8873	8874	0.131691500545
8874	8873	0.131691500545
8874	8875	0.131691500545
8875	8874	0.131691500545
8875	8876	0.131691500545
8876	8875	0.131691500545
8876	8877	0.131691500545
8877	8876	0.131691500545
8877	8878	0.131691500545
8878	8877	0.131691500545
8878	8879	0.131691500545
8879	8878	0.131691500545
8879	8880	0.131691500545
8880	8879	0.131691500545
8880	8881	0.131691500545
8881	8880	0.131691500545
8881	8882	0.131691500545
8882	8881	0.131691500545
8882	8883	0.131691500545
8883	8882	0.131691500545
8883	8884	0.131691500545
8884	8883	0.131691500545
8884	8885	0.131691500545
8885	8884	0.131691500545
8885	8886	0.131691500545
8886	8885	0.131691500545
8886	8887	0.131691500545
8887	8886	0.131691500545
8887	8888	0.131691500545
8888	8887	0.131691500545
8888	8889	0.131691500545
8889	8888	0.131691500545
8889	8890	0.131691500545
8890	8889	0.131691500545
8890	8891	0.131691500545
8891	8890	0.131691500545
8891	8892	0.131691500545
8892	8891	0.131691500545
8892	8893	0.129341006279
8892	9291	0.0493405014277
8893	8892	0.129341006279
8893	8894	0.129341006279
8894	8893	0.129341006279
8894	8895	0.129341006279
8895	8894	0.129341006279
8895	8896	0.129341006279
8896	8895	0.129341006279
8896	8897	0.129341006279
8897	8896	0.129341006279
8897	8898	0.129341006279
8898	8897	0.129341006279
8898	8899	0.129341006279
8899	8898	0.129341006279
8899	8900	0.129341006279
8900	8899	0.129341006279
8900	8901	0.129341006279
8901	8900	0.129341006279
8901	8902	0.129341006279
8902	8901	0.129341006279
8902	8903	0.129341006279
8903	8902	0.129341006279
8903	8904	0.129341006279
8904	8903	0.129341006279
8904	8905	0.129341006279
8905	8904	0.129341006279
8905	8906	0.129341006279
8906	8905	0.129341006279
8906	8907	0.129341006279
8907	8906	0.129341006279
8907	8908	0.129341006279
8908	8907	0.129341006279
8908	8909	0.129341006279
8909	8908	0.129341006279
8909	8910	0.129341006279
8910	8909	0.129341006279
8910	8911	0.129341006279
8911	8910	0.129341006279
8911	8912	0.129341006279
8912	8911	0.129341006279
8912	8913	0.129341006279
8913	8912	0.129341006279
8913	8914	0.129341006279
8914	8913	0.129341006279
8914	8915	0.129341006279
8915	8914	0.129341006279
8915	8916	0.129341006279
8916	8915	0.129341006279
8916	8917	0.129341006279
8917	8916	0.129341006279
8917	8918	0.129341006279
8918	8917	0.129341006279
8918	8919	0.129341006279
8919	8918	0.129341006279
8919	8920	0.129341006279
8920	8919	0.129341006279
8920	8921	0.050419498235
8920	8949	0.126735001802
8921	8920	0.050419498235
8921	8922	0.050419498235
8922	8921	0.050419498235
8922	8923	0.050419498235
8923	8922	0.050419498235
8923	8924	0.050419498235
8924	8923	0.050419498235
8924	8925	0.050419498235
8925	8924	0.050419498235
8925	8926	0.050419498235
8926	8925	0.050419498235
8926	8927	0.050419498235
8927	8926	0.050419498235
8927	8928	0.050419498235
8928	8927	0.050419498235
8928	8929	0.050419498235
8929	8928	0.050419498235
8929	8930	0.050419498235
8930	8929	0.050419498235
8930	8931	0.050419498235
8931	8930	0.050419498235
8931	8932	0.050419498235
8932	8931	0.050419498235
8932	8933	0.050419498235
8933	8932	0.050419498235
8933	8934	0.050419498235
8934	8933	0.050419498235
8934	8935	0.050419498235
8935	8934	0.050419498235
8935	8936	0.050419498235
8936	8935	0.050419498235
8936	8937	0.050419498235
8937	8936	0.050419498235
8937	8938	0.050419498235
8938	8937	0.050419498235
8938	8939	0.050419498235
8939	8938	0.050419498235
8939	8940	0.050419498235
8940	8939	0.050419498235
8940	8941	0.050419498235
8941	8940	0.050419498235
8941	8942	0.050419498235
8942	8941	0.050419498235
8942	8943	0.050419498235
8943	8942	0.050419498235
8943	8944	0.050419498235
8944	8943	0.050419498235
8944	8945	0.050419498235
8945	8944	0.050419498235
8945	8946	0.050419498235
8946	8945	0.050419498235
8946	8947	0.050419498235
8947	8946	0.050419498235
8947	8948	0.050419498235
8948	8947	0.050419498235
8949	8920	0.126735001802
8949	8950	0.126735001802
8950	8949	0.126735001802
8950	8951	0.126735001802
8951	8950	0.126735001802
8951	8952	0.126735001802
8952	8951	0.126735001802
8952	8953	0.126735001802
8953	8952	0.126735001802
8953	8954	0.126735001802
8954	8953	0.126735001802
8954	8955	0.126735001802
8955	8954	0.126735001802
8955	8956	0.126735001802
8956	8955	0.126735001802
8956	8957	0.126735001802
8957	8956	0.126735001802
8957	8958	0.126735001802
8958	8957	0.126735001802
8958	8959	0.126735001802
8959	8958	0.126735001802
8959	8960	0.126735001802
8960	8959	0.126735001802
8960	8961	0.126735001802
8961	8960	0.126735001802
8961	8962	0.126735001802
8962	8961	0.126735001802
8962	8963	0.126735001802
8963	8962	0.126735001802
8963	8964	0.126735001802
8964	8963	0.126735001802
8964	8965	0.126735001802
8965	8964	0.126735001802
8965	8966	0.126735001802
8966	8965	0.126735001802
8966	8967	0.126735001802
8967	8966	0.126735001802
8967	8968	0.0431455001235
8967	8981	0.125045999885
8968	8967	0.0431455001235
8968	8969	0.0431455001235
8969	8968	0.0431455001235
8969	8970	0.0431455001235
8970	8969	0.0431455001235
8970	8971	0.0431455001235
8971	8970	0.0431455001235
8971	8972	0.0431455001235
8972	8971	0.0431455001235
8972	8973	0.0431455001235
8973	8972	0.0431455001235
8973	8974	0.0431455001235
8974	8973	0.0431455001235
8974	8975	0.0431455001235
8975	8974	0.0431455001235
8975	8976	0.0431455001235
8976	8975	0.0431455001235
8976	8977	0.0431455001235
8977	8976	0.0431455001235
8977	8978	0.0431455001235
8978	8977	0.0431455001235
8978	8979	0.0431455001235
8979	8978	0.0431455001235
8979	8980	0.0431455001235
8980	8979	0.0431455001235
8981	8967	0.125045999885
8981	8982	0.125045999885
8982	8981	0.125045999885
8982	8983	0.125045999885
8983	8982	0.125045999885
8983	8984	0.125045999885
8984	8983	0.125045999885
8984	8985	0.125045999885
8985	8984	0.125045999885
8985	8986	0.125045999885
8986	8985	0.125045999885
8986	8987	0.125045999885
8987	8986	0.125045999885
8987	8988	0.125045999885
8988	8987	0.125045999885
8988	8989	0.125045999885
8989	8988	0.125045999885
8989	8990	0.125045999885
8990	8989	0.125045999885
8990	8991	0.125045999885
8991	8990	0.125045999885
8991	8992	0.125045999885
8992	8991	0.125045999885
8992	8993	0.125045999885
8993	8992	0.125045999885
8993	8994	0.125045999885
8994	8993	0.125045999885
8994	8995	0.125045999885
8995	8994	0.125045999885
8995	8996	0.125045999885
8996	8995	0.125045999885
8996	8997	0.125045999885
8997	8996	0.125045999885
8997	8998	0.125045999885
8998	8997	0.125045999885
8998	8999	0.125045999885
8999	8998	0.125045999885
8999	9000	0.125045999885
9000	8999	0.125045999885
9000	9001	0.125045999885
9001	9000	0.125045999885
9001	9002	0.125045999885
9002	9001	0.125045999885
9002	9003	0.125045999885
9003	9002	0.125045999885
9003	9004	0.0949349999428
9003	9122	0.103217497468
9004	9003	0.0949349999428
9004	9005	0.0949349999428
9005	9004	0.0949349999428
9005	9006	0.0949349999428
9006	9005	0.0949349999428
9006	9007	0.0949349999428
9007	9006	0.0949349999428
9007	9008	0.0949349999428
9008	9007	0.0949349999428
9008	9009	0.0949349999428
9009	9008	0.0949349999428
9009	9010	0.0949349999428
9010	9009	0.0949349999428
9010	9011	0.0514170005918
9010	9029	0.0896150022745
9011	9010	0.0514170005918
9011	9012	0.0514170005918
9012	9011	0.0514170005918
9012	9013	0.0514170005918
9013	9012	0.0514170005918
9013	9014	0.0514170005918
9014	9013	0.0514170005918
9014	9015	0.0514170005918
9015	9014	0.0514170005918
9015	9016	0.0514170005918
9016	9015	0.0514170005918
9016	9017	0.0514170005918
9017	9016	0.0514170005918
9017	9018	0.0514170005918
9018	9017	0.0514170005918
9018	9019	0.0514170005918
9019	9018	0.0514170005918
9019	9020	0.0514170005918
9020	9019	0.0514170005918
9020	9021	0.0514170005918
9021	9020	0.0514170005918
9021	9022	0.0514170005918
9022	9021	0.0514170005918
9022	9023	0.0514170005918
9023	9022	0.0514170005918
9023	9024	0.0514170005918
9024	9023	0.0514170005918
9024	9025	0.0514170005918
9025	9024	0.0514170005918
9025	9026	0.0514170005918
9026	9025	0.0514170005918
9026	9027	0.0514170005918
9027	9026	0.0514170005918
9027	9028	0.0514170005918
9028	9027	0.0514170005918
9029	9010	0.0896150022745
9029	9030	0.0896150022745
9030	9029	0.0896150022745
9030	9031	0.0896150022745
9031	9030	0.0896150022745
9031	9032	0.0896150022745
9032	9031	0.0896150022745
9032	9033	0.0896150022745
9033	9032	0.0896150022745
9033	9034	0.0896150022745
9034	9033	0.0896150022745
9034	9035	0.0896150022745
9035	9034	0.0896150022745
9035	9036	0.0896150022745
9036	9035	0.0896150022745
9036	9037	0.0896150022745
9037	9036	0.0896150022745
9037	9038	0.0896150022745
9038	9037	0.0896150022745
9038	9039	0.0896150022745
9039	9038	0.0896150022745
9039	9040	0.0834160000086
9039	9108	0.051833499223
9040	9039	0.0834160000086
9040	9041	0.0834160000086
9041	9040	0.0834160000086
9041	9042	0.0834160000086
9042	9041	0.0834160000086
9042	9043	0.0834160000086
9043	9042	0.0834160000086
9043	9044	0.0834160000086
9044	9043	0.0834160000086
9044	9045	0.0834160000086
9045	9044	0.0834160000086
9045	9046	0.0834160000086
9046	9045	0.0834160000086
9046	9047	0.0834160000086
9047	9046	0.0834160000086
9047	9048	0.0834160000086
9048	9047	0.0834160000086
9048	9049	0.0834160000086
9049	9048	0.0834160000086
9049	9050	0.0834160000086
9050	9049	0.0834160000086
9050	9051	0.0834160000086
9051	9050	0.0834160000086
9051	9052	0.0834160000086
9052	9051	0.0834160000086
9052	9053	0.0834160000086
9053	9052	0.0834160000086
9053	9054	0.0834160000086
9054	9053	0.0834160000086
9054	9055	0.0673075020313
9054	9083	0.0650689974427
9055	9054	0.0673075020313
9055	9056	0.0673075020313
9056	9055	0.0673075020313
9056	9057	0.0673075020313
9057	9056	0.0673075020313
9057	9058	0.0673075020313
9058	9057	0.0673075020313
9058	9059	0.0673075020313
9059	9058	0.0673075020313
9059	9060	0.0673075020313
9060	9059	0.0673075020313
9060	9061	0.0673075020313
9061	9060	0.0673075020313
9061	9062	0.0673075020313
9062	9061	0.0673075020313
9062	9063	0.0673075020313
9063	9062	0.0673075020313
9063	9064	0.0673075020313
9064	9063	0.0673075020313
9064	9065	0.0673075020313
9065	9064	0.0673075020313
9065	9066	0.0673075020313
9066	9065	0.0673075020313
9066	9067	0.0673075020313
9067	9066	0.0673075020313
9067	9068	0.0673075020313
9068	9067	0.0673075020313
9068	9069	0.0673075020313
9069	9068	0.0673075020313
9069	9070	0.0673075020313
9070	9069	0.0673075020313
9070	9071	0.0673075020313
9071	9070	0.0673075020313
9071	9072	0.0673075020313
9072	9071	0.0673075020313
9072	9073	0.0673075020313
9073	9072	0.0673075020313
9073	9074	0.0673075020313
9074	9073	0.0673075020313
9074	9075	0.0673075020313
9075	9074	0.0673075020313
9075	9076	0.0673075020313
9076	9075	0.0673075020313
9076	9077	0.0673075020313
9077	9076	0.0673075020313
9077	9078	0.0673075020313
9078	9077	0.0673075020313
9078	9079	0.0673075020313
9079	9078	0.0673075020313
9079	9080	0.0673075020313
9080	9079	0.0673075020313
9080	9081	0.0673075020313
9081	9080	0.0673075020313
9081	9082	0.0673075020313
9082	9081	0.0673075020313
9083	9054	0.0650689974427
9083	9084	0.0650689974427
9084	9083	0.0650689974427
9084	9085	0.0650689974427
9085	9084	0.0650689974427
9085	9086	0.0650689974427
9086	9085	0.0650689974427
9086	9087	0.0650689974427
9087	9086	0.0650689974427
9087	9088	0.0650689974427
9088	9087	0.0650689974427
9088	9089	0.0650689974427
9089	9088	0.0650689974427
9089	9090	0.0650689974427
9090	9089	0.0650689974427
9090	9091	0.0650689974427
9091	9090	0.0650689974427
9091	9092	0.0650689974427
9092	9091	0.0650689974427
9092	9093	0.0650689974427
9093	9092	0.0650689974427
9093	9094	0.0650689974427
9094	9093	0.0650689974427
9094	9095	0.0650689974427
9095	9094	0.0650689974427
9095	9096	0.0650689974427
9096	9095	0.0650689974427
9096	9097	0.0650689974427
9097	9096	0.0650689974427
9097	9098	0.0650689974427
9098	9097	0.0650689974427
9098	9099	0.0650689974427
9099	9098	0.0650689974427
9099	9100	0.0650689974427
9100	9099	0.0650689974427
9100	9101	0.0650689974427
9101	9100	0.0650689974427
9101	9102	0.0650689974427
9102	9101	0.0650689974427
9102	9103	0.0650689974427
9103	9102	0.0650689974427
9103	9104	0.0650689974427
9104	9103	0.0650689974427
9104	9105	0.0650689974427
9105	9104	0.0650689974427
9105	9106	0.0650689974427
9106	9105	0.0650689974427
9106	9107	0.0650689974427
9107	9106	0.0650689974427
9108	9039	0.051833499223
9108	9109	0.051833499223
9109	9108	0.051833499223
9109	9110	0.051833499223
9110	9109	0.051833499223
9110	9111	0.051833499223
9111	9110	0.051833499223
9111	9112	0.051833499223
9112	9111	0.051833499223
9112	9113	0.051833499223
9113	9112	0.051833499223
9113	9114	0.051833499223
9114	9113	0.051833499223
9114	9115	0.051833499223
9115	9114	0.051833499223
9115	9116	0.051833499223
9116	9115	0.051833499223
9116	9117	0.051833499223
9117	9116	0.051833499223
9117	9118	0.051833499223
9118	9117	0.051833499223
9118	9119	0.051833499223
9119	9118	0.051833499223
9119	9120	0.051833499223
9120	9119	0.051833499223
9120	9121	0.051833499223
9121	9120	0.051833499223
9122	9003	0.103217497468
9122	9123	0.103217497468
9123	9122	0.103217497468
9123	9124	0.103217497468
9124	9123	0.103217497468
9124	9125	0.103217497468
9125	9124	0.103217497468
9125	9126	0.103217497468
9126	9125	0.103217497468
9126	9127	0.103217497468
9127	9126	0.103217497468
9127	9128	0.103217497468
9128	9127	0.103217497468
9128	9129	0.103217497468
9129	9128	0.103217497468
9129	9130	0.103217497468
9130	9129	0.103217497468
9130	9131	0.103217497468
9131	9130	0.103217497468
9131	9132	0.103217497468
9132	9131	0.103217497468
9132	9133	0.103217497468
9133	9132	0.103217497468
9133	9134	0.103217497468
9134	9133	0.103217497468
9134	9135	0.103217497468
9135	9134	0.103217497468
9135	9136	0.103217497468
9136	9135	0.103217497468
9136	9137	0.0800390020013
9136	9206	0.0837254971266
9137	9136	0.0800390020013
9137	9138	0.0800390020013
9138	9137	0.0800390020013
9138	9139	0.0800390020013
9139	9138	0.0800390020013
9139	9140	0.0800390020013
9140	9139	0.0800390020013
9140	9141	0.0800390020013
9141	9140	0.0800390020013
9141	9142	0.0800390020013
9142	9141	0.0800390020013
9142	9143	0.0800390020013
9143	9142	0.0800390020013
9143	9144	0.0800390020013
9144	9143	0.0800390020013
9144	9145	0.0800390020013
9145	9144	0.0800390020013
9145	9146	0.0800390020013
9146	9145	0.0800390020013
9146	9147	0.0800390020013
9147	9146	0.0800390020013
9147	9148	0.0800390020013
9148	9147	0.0800390020013
9148	9149	0.0800390020013
9149	9148	0.0800390020013
9149	9150	0.0800390020013
9150	9149	0.0800390020013
9150	9151	0.0800390020013
9151	9150	0.0800390020013
9151	9152	0.0684539973736
9151	9188	0.0576874986291
9152	9151	0.0684539973736
9152	9153	0.0684539973736
9153	9152	0.0684539973736
9153	9154	0.0684539973736
9154	9153	0.0684539973736
9154	9155	0.0684539973736
9155	9154	0.0684539973736
9155	9156	0.0684539973736
9156	9155	0.0684539973736
9156	9157	0.0684539973736
9157	9156	0.0684539973736
9157	9158	0.0684539973736
9158	9157	0.0684539973736
9158	9159	0.0684539973736
9159	9158	0.0684539973736
9159	9160	0.0684539973736
9160	9159	0.0684539973736
9160	9161	0.0684539973736
9161	9160	0.0684539973736
9161	9162	0.0684539973736
9162	9161	0.0684539973736
9162	9163	0.0684539973736
9163	9162	0.0684539973736
9163	9164	0.0684539973736
9164	9163	0.0684539973736
9164	9165	0.0684539973736
9165	9164	0.0684539973736
9165	9166	0.0684539973736
9166	9165	0.0684539973736
9166	9167	0.0684539973736
9167	9166	0.0684539973736
9167	9168	0.0684539973736
9168	9167	0.0684539973736
9168	9169	0.0684539973736
9169	9168	0.0684539973736
9169	9170	0.0684539973736
9170	9169	0.0684539973736
9170	9171	0.0684539973736
9171	9170	0.0684539973736
9171	9172	0.0684539973736
9172	9171	0.0684539973736
9172	9173	0.0684539973736
9173	9172	0.0684539973736
9173	9174	0.0684539973736
9174	9173	0.0684539973736
9174	9175	0.0684539973736
9175	9174	0.0684539973736
9175	9176	0.0684539973736
9176	9175	0.0684539973736
9176	9177	0.0684539973736
9177	9176	0.0684539973736
9177	9178	0.0684539973736
9178	9177	0.0684539973736
9178	9179	0.0684539973736
9179	9178	0.0684539973736
9179	9180	0.0684539973736
9180	9179	0.0684539973736
9180	9181	0.0684539973736
9181	9180	0.0684539973736
9181	9182	0.0684539973736
9182	9181	0.0684539973736
9182	9183	0.0684539973736
9183	9182	0.0684539973736
9183	9184	0.0684539973736
9184	9183	0.0684539973736
9184	9185	0.0684539973736
9185	9184	0.0684539973736
9185	9186	0.0684539973736
9186	9185	0.0684539973736
9186	9187	0.0684539973736
9187	9186	0.0684539973736
9188	9151	0.0576874986291
9188	9189	0.0576874986291
9189	9188	0.0576874986291
9189	9190	0.0576874986291
9190	9189	0.0576874986291
9190	9191	0.0576874986291
9191	9190	0.0576874986291
9191	9192	0.0576874986291
9192	9191	0.0576874986291
9192	9193	0.0576874986291
9193	9192	0.0576874986291
9193	9194	0.0576874986291
9194	9193	0.0576874986291
9194	9195	0.0576874986291
9195	9194	0.0576874986291
9195	9196	0.0576874986291
9196	9195	0.0576874986291
9196	9197	0.0576874986291
9197	9196	0.0576874986291
9197	9198	0.0576874986291
9198	9197	0.0576874986291
9198	9199	0.0576874986291
9199	9198	0.0576874986291
9199	9200	0.0576874986291
9200	9199	0.0576874986291
9200	9201	0.0576874986291
9201	9200	0.0576874986291
9201	9202	0.0576874986291
9202	9201	0.0576874986291
9202	9203	0.0576874986291
9203	9202	0.0576874986291
9203	9204	0.0576874986291
9204	9203	0.0576874986291
9204	9205	0.0576874986291
9205	9204	0.0576874986291
9206	9136	0.0837254971266
9206	9207	0.0837254971266
9207	9206	0.0837254971266
9207	9208	0.0837254971266
9208	9207	0.0837254971266
9208	9209	0.0837254971266
9209	9208	0.0837254971266
9209	9210	0.0837254971266
9210	9209	0.0837254971266
9210	9211	0.0837254971266
9211	9210	0.0837254971266
9211	9212	0.0837254971266
9212	9211	0.0837254971266
9212	9213	0.0837254971266
9213	9212	0.0837254971266
9213	9214	0.0837254971266
9214	9213	0.0837254971266
9214	9215	0.0837254971266
9215	9214	0.0837254971266
9215	9216	0.0837254971266
9216	9215	0.0837254971266
9216	9217	0.0837254971266
9217	9216	0.0837254971266
9217	9218	0.0837254971266
9218	9217	0.0837254971266
9218	9219	0.0837254971266
9219	9218	0.0837254971266
9219	9220	0.0701029971242
9219	9264	0.0623509995639
9220	9219	0.0701029971242
9220	9221	0.0701029971242
9221	9220	0.0701029971242
9221	9222	0.0701029971242
9222	9221	0.0701029971242
9222	9223	0.0701029971242
9223	9222	0.0701029971242
9223	9224	0.0701029971242
9224	9223	0.0701029971242
9224	9225	0.0701029971242
9225	9224	0.0701029971242
9225	9226	0.0701029971242
9226	9225	0.0701029971242
9226	9227	0.0701029971242
9227	9226	0.0701029971242
9227	9228	0.0701029971242
9228	9227	0.0701029971242
9228	9229	0.0701029971242
9229	9228	0.0701029971242
9229	9230	0.0701029971242
9230	9229	0.0701029971242
9230	9231	0.0701029971242
9231	9230	0.0701029971242
9231	9232	0.0701029971242
9232	9231	0.0701029971242
9232	9233	0.0701029971242
9233	9232	0.0701029971242
9233	9234	0.0701029971242
9234	9233	0.0701029971242
9234	9235	0.0701029971242
9235	9234	0.0701029971242
9235	9236	0.0701029971242
9236	9235	0.0701029971242
9236	9237	0.0701029971242
9237	9236	0.0701029971242
9237	9238	0.0701029971242
9238	9237	0.0701029971242
9238	9239	0.0701029971242
9239	9238	0.0701029971242
9239	9240	0.0701029971242
9240	9239	0.0701029971242
9240	9241	0.0701029971242
9241	9240	0.0701029971242
9241	9242	0.0701029971242
9242	9241	0.0701029971242
9242	9243	0.0701029971242
9243	9242	0.0701029971242
9243	9244	0.0701029971242
9244	9243	0.0701029971242
9244	9245	0.0701029971242
9245	9244	0.0701029971242
9245	9246	0.0701029971242
9246	9245	0.0701029971242
9246	9247	0.0701029971242
9247	9246	0.0701029971242
9247	9248	0.0701029971242
9248	9247	0.0701029971242
9248	9249	0.0701029971242
9249	9248	0.0701029971242
9249	9250	0.0701029971242
9250	9249	0.0701029971242
9250	9251	0.0701029971242
9251	9250	0.0701029971242
9251	9252	0.0701029971242
9252	9251	0.0701029971242
9252	9253	0.0701029971242
9253	9252	0.0701029971242
9253	9254	0.0701029971242
9254	9253	0.0701029971242
9254	9255	0.0701029971242
9255	9254	0.0701029971242
9255	9256	0.0701029971242
9256	9255	0.0701029971242
9256	9257	0.0701029971242
9257	9256	0.0701029971242
9257	9258	0.0701029971242
9258	9257	0.0701029971242
9258	9259	0.0701029971242
9259	9258	0.0701029971242
9259	9260	0.0701029971242
9260	9259	0.0701029971242
9260	9261	0.0701029971242
9261	9260	0.0701029971242
9261	9262	0.0701029971242
9262	9261	0.0701029971242
9262	9263	0.0701029971242
9263	9262	0.0701029971242
9264	9219	0.0623509995639
9264	9265	0.0623509995639
9265	9264	0.0623509995639
9265	9266	0.0623509995639
9266	9265	0.0623509995639
9266	9267	0.0623509995639
9267	9266	0.0623509995639
9267	9268	0.0623509995639
9268	9267	0.0623509995639
9268	9269	0.0623509995639
9269	9268	0.0623509995639
9269	9270	0.0623509995639
9270	9269	0.0623509995639
9270	9271	0.0623509995639
9271	9270	0.0623509995639
9271	9272	0.0623509995639
9272	9271	0.0623509995639
9272	9273	0.0623509995639
9273	9272	0.0623509995639
9273	9274	0.0623509995639
9274	9273	0.0623509995639
9274	9275	0.0623509995639
9275	9274	0.0623509995639
9275	9276	0.0623509995639
9276	9275	0.0623509995639
9276	9277	0.0623509995639
9277	9276	0.0623509995639
9277	9278	0.0623509995639
9278	9277	0.0623509995639
9278	9279	0.0623509995639
9279	9278	0.0623509995639
9279	9280	0.0623509995639
9280	9279	0.0623509995639
9280	9281	0.0623509995639
9281	9280	0.0623509995639
9281	9282	0.0623509995639
9282	9281	0.0623509995639
9282	9283	0.0623509995639
9283	9282	0.0623509995639
9283	9284	0.0623509995639
9284	9283	0.0623509995639
9284	9285	0.0623509995639
9285	9284	0.0623509995639
9285	9286	0.0623509995639
9286	9285	0.0623509995639
9286	9287	0.0623509995639
9287	9286	0.0623509995639
9287	9288	0.0623509995639
9288	9287	0.0623509995639
9288	9289	0.0623509995639
9289	9288	0.0623509995639
9289	9290	0.0623509995639
9290	9289	0.0623509995639
9291	8892	0.0493405014277
9291	9292	0.0493405014277
9292	9291	0.0493405014277
9292	9293	0.0493405014277
9293	9292	0.0493405014277
9293	9294	0.0493405014277
9294	9293	0.0493405014277
9294	9295	0.0493405014277
9295	9294	0.0493405014277
9295	9296	0.0493405014277
9296	9295	0.0493405014277
9296	9297	0.0493405014277
9297	9296	0.0493405014277
9297	9298	0.0493405014277
9298	9297	0.0493405014277
9298	9299	0.0493405014277
9299	9298	0.0493405014277
9299	9300	0.0493405014277
9300	9299	0.0493405014277
9300	9301	0.0493405014277
9301	9300	0.0493405014277
9301	9302	0.0493405014277
9302	9301	0.0493405014277
9302	9303	0.0493405014277
9303	9302	0.0493405014277
9303	9304	0.0493405014277
9304	9303	0.0493405014277
9304	9305	0.0493405014277
9305	9304	0.0493405014277
9305	9306	0.0493405014277
9306	9305	0.0493405014277
9306	9307	0.0493405014277
9307	9306	0.0493405014277
9307	9308	0.0493405014277
9308	9307	0.0493405014277
9308	9309	0.0493405014277
9309	9308	0.0493405014277
9309	9310	0.0493405014277
9310	9309	0.0493405014277
9310	9311	0.0493405014277
9311	9310	0.0493405014277
9311	9312	0.0493405014277
9312	9311	0.0493405014277
9312	9313	0.0493405014277
9313	9312	0.0493405014277
9313	9314	0.0493405014277
9314	9313	0.0493405014277
9314	9315	0.0493405014277
9315	9314	0.0493405014277
9315	9316	0.0493405014277
9316	9315	0.0493405014277
9316	9317	0.0493405014277
9317	9316	0.0493405014277
9317	9318	0.0493405014277
9318	9317	0.0493405014277
9318	9319	0.0493405014277
9319	9318	0.0493405014277
9319	9320	0.0493405014277
9320	9319	0.0493405014277
9320	9321	0.0493405014277
9321	9320	0.0493405014277
9321	9322	0.0493405014277
9322	9321	0.0493405014277
9323	8700	0.0317899994552
9323	9324	0.0317899994552
9324	9323	0.0317899994552
9324	9325	0.0317899994552
9325	9324	0.0317899994552
9325	9326	0.0317899994552
9326	9325	0.0317899994552
9326	9327	0.0317899994552
9327	9326	0.0317899994552
9327	9328	0.0317899994552
9328	9327	0.0317899994552
9328	9329	0.0317899994552
9329	9328	0.0317899994552
9330	8665	0.0420924983919
9330	9331	0.0420924983919
9331	9330	0.0420924983919
9331	9332	0.0420924983919
9332	9331	0.0420924983919
9332	9333	0.0420924983919
9333	9332	0.0420924983919
9333	9334	0.0420924983919
9334	9333	0.0420924983919
9334	9335	0.0420924983919
9335	9334	0.0420924983919
9335	9336	0.0420924983919
9336	9335	0.0420924983919
9336	9337	0.0420924983919
9337	9336	0.0420924983919
9337	9338	0.0420924983919
9338	9337	0.0420924983919
9338	9339	0.0420924983919
9339	9338	0.0420924983919
9339	9340	0.0420924983919
9340	9339	0.0420924983919
9340	9341	0.0420924983919
9341	9340	0.0420924983919
9341	9342	0.0420924983919
9342	9341	0.0420924983919
9342	9343	0.0420924983919
9343	9342	0.0420924983919
9343	9344	0.0420924983919
9344	9343	0.0420924983919
9344	9345	0.0420924983919
9345	9344	0.0420924983919
9345	9346	0.0420924983919
9346	9345	0.0420924983919
9346	9347	0.0420924983919
9347	9346	0.0420924983919
9347	9348	0.0420924983919
9348	9347	0.0420924983919
9348	9349	0.0420924983919
9349	9348	0.0420924983919
9349	9350	0.0420924983919
9350	9349	0.0420924983919
9350	9351	0.0420924983919
9351	9350	0.0420924983919
9351	9352	0.0420924983919
9352	9351	0.0420924983919
9352	9353	0.0420924983919
9353	9352	0.0420924983919
9353	9354	0.0420924983919
9354	9353	0.0420924983919
9354	9355	0.0420924983919
9355	9354	0.0420924983919
9355	9356	0.0420924983919
9356	9355	0.0420924983919
9356	9357	0.0420924983919
9357	9356	0.0420924983919
9358	8631	0.045053999871
9358	9359	0.045053999871
9359	9358	0.045053999871
9359	9360	0.045053999871
9360	9359	0.045053999871
9360	9361	0.045053999871
9361	9360	0.045053999871
9361	9362	0.045053999871
9362	9361	0.045053999871
9362	9363	0.045053999871
9363	9362	0.045053999871
9363	9364	0.045053999871
9364	9363	0.045053999871
9364	9365	0.045053999871
9365	9364	0.045053999871
9365	9366	0.045053999871
9366	9365	0.045053999871
9366	9367	0.045053999871
9367	9366	0.045053999871
9367	9368	0.045053999871
9368	9367	0.045053999871
9368	9369	0.045053999871
9369	9368	0.045053999871
9369	9370	0.045053999871
9370	9369	0.045053999871
9370	9371	0.045053999871
9371	9370	0.045053999871
9371	9372	0.045053999871
9372	9371	0.045053999871
9372	9373	0.045053999871
9373	9372	0.045053999871
9373	9374	0.045053999871
9374	9373	0.045053999871
9374	9375	0.045053999871
9375	9374	0.045053999871
9375	9376	0.045053999871
9376	9375	0.045053999871
9376	9377	0.045053999871
9377	9376	0.045053999871
9377	9378	0.045053999871
9378	9377	0.045053999871
9378	9379	0.045053999871
9379	9378	0.045053999871
9379	9380	0.045053999871
9380	9379	0.045053999871
9380	9381	0.045053999871
9381	9380	0.045053999871
9381	9382	0.045053999871
9382	9381	0.045053999871
9382	9383	0.045053999871
9383	9382	0.045053999871
9383	9384	0.045053999871
9384	9383	0.045053999871
9384	9385	0.045053999871
9385	9384	0.045053999871
9385	9386	0.045053999871
9386	9385	0.045053999871
9386	9387	0.045053999871
9387	9386	0.045053999871
9387	9388	0.045053999871
9388	9387	0.045053999871
9388	9389	0.045053999871
9389	9388	0.045053999871
9389	9390	0.045053999871
9390	9389	0.045053999871
9390	9391	0.045053999871
9391	9390	0.045053999871
9391	9392	0.045053999871
9392	9391	0.045053999871
9392	9393	0.045053999871
9393	9392	0.045053999871
9393	9394	0.045053999871
9394	9393	0.045053999871
9394	9395	0.045053999871
9395	9394	0.045053999871
9395	9396	0.045053999871
9396	9395	0.045053999871
9396	9397	0.045053999871
9397	9396	0.045053999871
9398	5766	0.0347925014794
9398	9399	0.0347925014794
9399	9398	0.0347925014794
9399	9400	0.0347925014794
9400	9399	0.0347925014794
9400	9401	0.0347925014794
9401	9400	0.0347925014794
9401	9402	0.0347925014794
9402	9401	0.0347925014794
9402	9403	0.0347925014794
9403	9402	0.0347925014794
9403	9404	0.0347925014794
9404	9403	0.0347925014794
9404	9405	0.0347925014794
9405	9404	0.0347925014794
9405	9406	0.0347925014794
9406	9405	0.0347925014794
9406	9407	0.0347925014794
9407	9406	0.0347925014794
9407	9408	0.0347925014794
9408	9407	0.0347925014794
9408	9409	0.0347925014794
9409	9408	0.0347925014794
9409	9410	0.0347925014794
9410	9409	0.0347925014794
9410	9411	0.0347925014794
9411	9410	0.0347925014794
9411	9412	0.0347925014794
9412	9411	0.0347925014794
9412	9413	0.0347925014794
9413	9412	0.0347925014794
9413	9414	0.0347925014794
9414	9413	0.0347925014794
9414	9415	0.0347925014794
9415	9414	0.0347925014794
9416	5760	0.0355070009828
9416	9417	0.0355070009828
9417	9416	0.0355070009828
9417	9418	0.0355070009828
9418	9417	0.0355070009828
9418	9419	0.0355070009828
9419	9418	0.0355070009828
9419	9420	0.0355070009828
9420	9419	0.0355070009828
9420	9421	0.0355070009828
9421	9420	0.0355070009828
9421	9422	0.0355070009828
9422	9421	0.0355070009828
9422	9423	0.0355070009828
9423	9422	0.0355070009828
9423	9424	0.0355070009828
9424	9423	0.0355070009828
9424	9425	0.0355070009828
9425	9424	0.0355070009828
9425	9426	0.0355070009828
9426	9425	0.0355070009828
9426	9427	0.0355070009828
9427	9426	0.0355070009828
9427	9428	0.0355070009828
9428	9427	0.0355070009828
9428	9429	0.0355070009828
9429	9428	0.0355070009828
9429	9430	0.0355070009828
9430	9429	0.0355070009828
9430	9431	0.0355070009828
9431	9430	0.0355070009828
9431	9432	0.0355070009828
9432	9431	0.0355070009828
9432	9433	0.0355070009828
9433	9432	0.0355070009828
9433	9434	0.0355070009828
9434	9433	0.0355070009828
9434	9435	0.0355070009828
9435	9434	0.0355070009828
9436	5757	0.0398195013404
9436	9437	0.0398195013404
9437	9436	0.0398195013404
9437	9438	0.0398195013404
9438	9437	0.0398195013404
9438	9439	0.0398195013404
9439	9438	0.0398195013404
9439	9440	0.0398195013404
9440	9439	0.0398195013404
9440	9441	0.0398195013404
9441	9440	0.0398195013404
9441	9442	0.0398195013404
9442	9441	0.0398195013404
9442	9443	0.0398195013404
9443	9442	0.0398195013404
9443	9444	0.0398195013404
9444	9443	0.0398195013404
9444	9445	0.0398195013404
9445	9444	0.0398195013404
9445	9446	0.0398195013404
9446	9445	0.0398195013404
9446	9447	0.0398195013404
9447	9446	0.0398195013404
9447	9448	0.0398195013404
9448	9447	0.0398195013404
9448	9449	0.0398195013404
9449	9448	0.0398195013404
9449	9450	0.0398195013404
9450	9449	0.0398195013404
9450	9451	0.0398195013404
9451	9450	0.0398195013404
9451	9452	0.0398195013404
9452	9451	0.0398195013404
9452	9453	0.0398195013404
9453	9452	0.0398195013404
9453	9454	0.0398195013404
9454	9453	0.0398195013404
9454	9455	0.0398195013404
9455	9454	0.0398195013404
9455	9456	0.0398195013404
9456	9455	0.0398195013404
9456	9457	0.0398195013404
9457	9456	0.0398195013404
9457	9458	0.0398195013404
9458	9457	0.0398195013404
9458	9459	0.0398195013404
9459	9458	0.0398195013404
9459	9460	0.0398195013404
9460	9459	0.0398195013404
9460	9461	0.0398195013404
9461	9460	0.0398195013404
9461	9462	0.0398195013404
9462	9461	0.0398195013404
9462	9463	0.0398195013404
9463	9462	0.0398195013404
9463	9464	0.0398195013404
9464	9463	0.0398195013404
9464	9465	0.0398195013404
9465	9464	0.0398195013404
9465	9466	0.0398195013404
9466	9465	0.0398195013404
9466	9467	0.0398195013404
9467	9466	0.0398195013404
9468	5576	0.0798830017447
9468	9469	0.0798830017447
9469	9468	0.0798830017447
9469	9470	0.0798830017447
9470	9469	0.0798830017447
9470	9471	0.0798830017447
9471	9470	0.0798830017447
9471	9472	0.0798830017447
9472	9471	0.0798830017447
9472	9473	0.0798830017447
9473	9472	0.0798830017447
9473	9474	0.0798830017447
9474	9473	0.0798830017447
9474	9475	0.0798830017447
9475	9474	0.0798830017447
9475	9476	0.0349855013192
9475	9494	0.0775804966688
9476	9475	0.0349855013192
9476	9477	0.0349855013192
9477	9476	0.0349855013192
9477	9478	0.0349855013192
9478	9477	0.0349855013192
9478	9479	0.0349855013192
9479	9478	0.0349855013192
9479	9480	0.0349855013192
9480	9479	0.0349855013192
9480	9481	0.0349855013192
9481	9480	0.0349855013192
9481	9482	0.0349855013192
9482	9481	0.0349855013192
9482	9483	0.0349855013192
9483	9482	0.0349855013192
9483	9484	0.0349855013192
9484	9483	0.0349855013192
9484	9485	0.0349855013192
9485	9484	0.0349855013192
9485	9486	0.0349855013192
9486	9485	0.0349855013192
9486	9487	0.0349855013192
9487	9486	0.0349855013192
9487	9488	0.0349855013192
9488	9487	0.0349855013192
9488	9489	0.0349855013192
9489	9488	0.0349855013192
9489	9490	0.0349855013192
9490	9489	0.0349855013192
9490	9491	0.0349855013192
9491	9490	0.0349855013192
9491	9492	0.0349855013192
9492	9491	0.0349855013192
9492	9493	0.0349855013192
9493	9492	0.0349855013192
9494	9475	0.0775804966688
9494	9495	0.0775804966688
9495	9494	0.0775804966688
9495	9496	0.0775804966688
9496	9495	0.0775804966688
9496	9497	0.0775804966688
9497	9496	0.0775804966688
9497	9498	0.0775804966688
9498	9497	0.0775804966688
9498	9499	0.0775804966688
9499	9498	0.0775804966688
9499	9500	0.0775804966688
9500	9499	0.0775804966688
9500	9501	0.0775804966688
9501	9500	0.0775804966688
9501	9502	0.0775804966688
9502	9501	0.0775804966688
9502	9503	0.0775804966688
9503	9502	0.0775804966688
9503	9504	0.0775804966688
9504	9503	0.0775804966688
9504	9505	0.0775804966688
9505	9504	0.0775804966688
9505	9506	0.0775804966688
9506	9505	0.0775804966688
9506	9507	0.0775804966688
9507	9506	0.0775804966688
9507	9508	0.0775804966688
9508	9507	0.0775804966688
9508	9509	0.0775804966688
9509	9508	0.0775804966688
9509	9510	0.0775804966688
9510	9509	0.0775804966688
9510	9511	0.0775804966688
9511	9510	0.0775804966688
9511	9512	0.0775804966688
9512	9511	0.0775804966688
9512	9513	0.0775804966688
9513	9512	0.0775804966688
9513	9514	0.0775804966688
9514	9513	0.0775804966688
9514	9515	0.0775804966688
9515	9514	0.0775804966688
9515	9516	0.0775804966688
9516	9515	0.0775804966688
9516	9517	0.0775804966688
9517	9516	0.0775804966688
9517	9518	0.074606500566
9517	9657	0.0372455008328
9518	9517	0.074606500566
9518	9519	0.074606500566
9519	9518	0.074606500566
9519	9520	0.074606500566
9520	9519	0.074606500566
9520	9521	0.074606500566
9521	9520	0.074606500566
9521	9522	0.074606500566
9522	9521	0.074606500566
9522	9523	0.074606500566
9523	9522	0.074606500566
9523	9524	0.074606500566
9524	9523	0.074606500566
9524	9525	0.074606500566
9525	9524	0.074606500566
9525	9526	0.074606500566
9526	9525	0.074606500566
9526	9527	0.074606500566
9527	9526	0.074606500566
9527	9528	0.074606500566
9528	9527	0.074606500566
9528	9529	0.074606500566
9529	9528	0.074606500566
9529	9530	0.074606500566
9530	9529	0.074606500566
9530	9531	0.074606500566
9531	9530	0.074606500566
9531	9532	0.074606500566
9532	9531	0.074606500566
9532	9533	0.074606500566
9533	9532	0.074606500566
9533	9534	0.074606500566
9534	9533	0.074606500566
9534	9535	0.074606500566
9535	9534	0.074606500566
9535	9536	0.074606500566
9536	9535	0.074606500566
9536	9537	0.074606500566
9537	9536	0.074606500566
9537	9538	0.074606500566
9538	9537	0.074606500566
9538	9539	0.074606500566
9539	9538	0.074606500566
9539	9540	0.074606500566
9540	9539	0.074606500566
9540	9541	0.074606500566
9541	9540	0.074606500566
9541	9542	0.074606500566
9542	9541	0.074606500566
9542	9543	0.074606500566
9543	9542	0.074606500566
9543	9544	0.074606500566
9544	9543	0.074606500566
9544	9545	0.074606500566
9545	9544	0.074606500566
9545	9546	0.074606500566
9546	9545	0.074606500566
9546	9547	0.074606500566
9547	9546	0.074606500566
9547	9548	0.074606500566
9548	9547	0.074606500566
9548	9549	0.074606500566
9549	9548	0.074606500566
9549	9550	0.074606500566
9550	9549	0.074606500566
9550	9551	0.074606500566
9551	9550	0.074606500566
9551	9552	0.074606500566
9552	9551	0.074606500566
9552	9553	0.074606500566
9553	9552	0.074606500566
9553	9554	0.074606500566
9554	9553	0.074606500566
9554	9555	0.074606500566
9555	9554	0.074606500566
9555	9556	0.074606500566
9556	9555	0.074606500566
9556	9557	0.074606500566
9557	9556	0.074606500566
9557	9558	0.074606500566
9558	9557	0.074606500566
9558	9559	0.074606500566
9559	9558	0.074606500566
9559	9560	0.074606500566
9560	9559	0.074606500566
9560	9561	0.074606500566
9561	9560	0.074606500566
9561	9562	0.074606500566
9562	9561	0.074606500566
9562	9563	0.074606500566
9563	9562	0.074606500566
9563	9564	0.074606500566
9564	9563	0.074606500566
9564	9565	0.074606500566
9565	9564	0.074606500566
9565	9566	0.074606500566
9566	9565	0.074606500566
9566	9567	0.074606500566
9567	9566	0.074606500566
9567	9568	0.074606500566
9568	9567	0.074606500566
9568	9569	0.0685679987073
9568	9637	0.0452889986336
9569	9568	0.0685679987073
9569	9570	0.0685679987073
9570	9569	0.0685679987073
9570	9571	0.0685679987073
9571	9570	0.0685679987073
9571	9572	0.0685679987073
9572	9571	0.0685679987073
9572	9573	0.0685679987073
9573	9572	0.0685679987073
9573	9574	0.0685679987073
9574	9573	0.0685679987073
9574	9575	0.0685679987073
9575	9574	0.0685679987073
9575	9576	0.0685679987073
9576	9575	0.0685679987073
9576	9577	0.0685679987073
9577	9576	0.0685679987073
9577	9578	0.0685679987073
9578	9577	0.0685679987073
9578	9579	0.0685679987073
9579	9578	0.0685679987073
9579	9580	0.0685679987073
9580	9579	0.0685679987073
9580	9581	0.0685679987073
9581	9580	0.0685679987073
9581	9582	0.0685679987073
9582	9581	0.0685679987073
9582	9583	0.0685679987073
9583	9582	0.0685679987073
9583	9584	0.0685679987073
9584	9583	0.0685679987073
9584	9585	0.0685679987073
9585	9584	0.0685679987073
9585	9586	0.0685679987073
9586	9585	0.0685679987073
9586	9587	0.0685679987073
9587	9586	0.0685679987073
9587	9588	0.0685679987073
9588	9587	0.0685679987073
9588	9589	0.0685679987073
9589	9588	0.0685679987073
9589	9590	0.0685679987073
9590	9589	0.0685679987073
9590	9591	0.0685679987073
9591	9590	0.0685679987073
9591	9592	0.0685679987073
9592	9591	0.0685679987073
9592	9593	0.0685679987073
9593	9592	0.0685679987073
9593	9594	0.0685679987073
9594	9593	0.0685679987073
9594	9595	0.0685679987073
9595	9594	0.0685679987073
9595	9596	0.0685679987073
9596	9595	0.0685679987073
9596	9597	0.0685679987073
9597	9596	0.0685679987073
9597	9598	0.0685679987073
9598	9597	0.0685679987073
9598	9599	0.0685679987073
9599	9598	0.0685679987073
9599	9600	0.0685679987073
9600	9599	0.0685679987073
9600	9601	0.0685679987073
9601	9600	0.0685679987073
9601	9602	0.0637855008245
9601	9633	0.0397600010037
9602	9601	0.0637855008245
9602	9603	0.0637855008245
9603	9602	0.0637855008245
9603	9604	0.0637855008245
9604	9603	0.0637855008245
9604	9605	0.0637855008245
9605	9604	0.0637855008245
9605	9606	0.0637855008245
9606	9605	0.0637855008245
9606	9607	0.0637855008245
9607	9606	0.0637855008245
9607	9608	0.0637855008245
9608	9607	0.0637855008245
9608	9609	0.0637855008245
9609	9608	0.0637855008245
9609	9610	0.0637855008245
9610	9609	0.0637855008245
9610	9611	0.0637855008245
9611	9610	0.0637855008245
9611	9612	0.0637855008245
9612	9611	0.0637855008245
9612	9613	0.0637855008245
9613	9612	0.0637855008245
9613	9614	0.0637855008245
9614	9613	0.0637855008245
9614	9615	0.0637855008245
9615	9614	0.0637855008245
9615	9616	0.0637855008245
9616	9615	0.0637855008245
9616	9617	0.0637855008245
9617	9616	0.0637855008245
9617	9618	0.0637855008245
9618	9617	0.0637855008245
9618	9619	0.0637855008245
9619	9618	0.0637855008245
9619	9620	0.0637855008245
9620	9619	0.0637855008245
9620	9621	0.0637855008245
9621	9620	0.0637855008245
9621	9622	0.0637855008245
9622	9621	0.0637855008245
9622	9623	0.0637855008245
9623	9622	0.0637855008245
9623	9624	0.0637855008245
9624	9623	0.0637855008245
9624	9625	0.0637855008245
9625	9624	0.0637855008245
9625	9626	0.0637855008245
9626	9625	0.0637855008245
9626	9627	0.0637855008245
9627	9626	0.0637855008245
9627	9628	0.0637855008245
9628	9627	0.0637855008245
9628	9629	0.0637855008245
9629	9628	0.0637855008245
9629	9630	0.0637855008245
9630	9629	0.0637855008245
9630	9631	0.0637855008245
9631	9630	0.0637855008245
9631	9632	0.0637855008245
9632	9631	0.0637855008245
9633	9601	0.0397600010037
9633	9634	0.0397600010037
9634	9633	0.0397600010037
9634	9635	0.0397600010037
9635	9634	0.0397600010037
9635	9636	0.0397600010037
9636	9635	0.0397600010037
9637	9568	0.0452889986336
9637	9638	0.0452889986336
9638	9637	0.0452889986336
9638	9639	0.0452889986336
9639	9638	0.0452889986336
9639	9640	0.0452889986336
9640	9639	0.0452889986336
9640	9641	0.0452889986336
9641	9640	0.0452889986336
9641	9642	0.0452889986336
9642	9641	0.0452889986336
9642	9643	0.0452889986336
9643	9642	0.0452889986336
9643	9644	0.0452889986336
9644	9643	0.0452889986336
9644	9645	0.0452889986336
9645	9644	0.0452889986336
9645	9646	0.0452889986336
9646	9645	0.0452889986336
9646	9647	0.0452889986336
9647	9646	0.0452889986336
9647	9648	0.0452889986336
9648	9647	0.0452889986336
9648	9649	0.0452889986336
9649	9648	0.0452889986336
9649	9650	0.0452889986336
9650	9649	0.0452889986336
9650	9651	0.0452889986336
9651	9650	0.0452889986336
9651	9652	0.0452889986336
9652	9651	0.0452889986336
9652	9653	0.0452889986336
9653	9652	0.0452889986336
9653	9654	0.0452889986336
9654	9653	0.0452889986336
9654	9655	0.0452889986336
9655	9654	0.0452889986336
9655	9656	0.0452889986336
9656	9655	0.0452889986336
9657	9517	0.0372455008328
9657	9658	0.0372455008328
9658	9657	0.0372455008328
9658	9659	0.0372455008328
9659	9658	0.0372455008328
9659	9660	0.0372455008328
9660	9659	0.0372455008328
9660	9661	0.0372455008328
9661	9660	0.0372455008328
9661	9662	0.0372455008328
9662	9661	0.0372455008328
9662	9663	0.0372455008328
9663	9662	0.0372455008328
9663	9664	0.0372455008328
9664	9663	0.0372455008328
9664	9665	0.0372455008328
9665	9664	0.0372455008328
9665	9666	0.0372455008328
9666	9665	0.0372455008328
9666	9667	0.0372455008328
9667	9666	0.0372455008328
9667	9668	0.0372455008328
9668	9667	0.0372455008328
9668	9669	0.0372455008328
9669	9668	0.0372455008328
9669	9670	0.0372455008328
9670	9669	0.0372455008328
9670	9671	0.0372455008328
9671	9670	0.0372455008328
9671	9672	0.0372455008328
9672	9671	0.0372455008328
9672	9673	0.0372455008328
9673	9672	0.0372455008328
9673	9674	0.0372455008328
9674	9673	0.0372455008328
9674	9675	0.0372455008328
9675	9674	0.0372455008328
9676	5542	0.0293144993484
9676	9677	0.0293144993484
9677	9676	0.0293144993484
9677	9678	0.0293144993484
9678	9677	0.0293144993484
9678	9679	0.0293144993484
9679	9678	0.0293144993484
9679	9680	0.0293144993484
9680	9679	0.0293144993484
9680	9681	0.0293144993484
9681	9680	0.0293144993484
9681	9682	0.0293144993484
9682	9681	0.0293144993484
9682	9683	0.0293144993484
9683	9682	0.0293144993484
9683	9684	0.0293144993484
9684	9683	0.0293144993484
9684	9685	0.0293144993484
9685	9684	0.0293144993484
9686	4839	0.037960998714
9686	9687	0.037960998714
9687	9686	0.037960998714
9687	9688	0.037960998714
9688	9687	0.037960998714
9688	9689	0.037960998714
9689	9688	0.037960998714
9689	9690	0.037960998714
9690	9689	0.037960998714
9690	9691	0.037960998714
9691	9690	0.037960998714
9691	9692	0.037960998714
9692	9691	0.037960998714
9692	9693	0.037960998714
9693	9692	0.037960998714
9693	9694	0.037960998714
9694	9693	0.037960998714
9694	9695	0.037960998714
9695	9694	0.037960998714
9695	9696	0.037960998714
9696	9695	0.037960998714
9696	9697	0.037960998714
9697	9696	0.037960998714
9697	9698	0.037960998714
9698	9697	0.037960998714
9698	9699	0.037960998714
9699	9698	0.037960998714
9699	9700	0.037960998714
9700	9699	0.037960998714
9700	9701	0.037960998714
9701	9700	0.037960998714
9701	9702	0.037960998714
9702	9701	0.037960998714
9702	9703	0.037960998714
9703	9702	0.037960998714
9703	9704	0.037960998714
9704	9703	0.037960998714
9704	9705	0.037960998714
9705	9704	0.037960998714
9705	9706	0.037960998714
9706	9705	0.037960998714
9706	9707	0.037960998714
9707	9706	0.037960998714
9707	9708	0.037960998714
9708	9707	0.037960998714
9708	9709	0.037960998714
9709	9708	0.037960998714
9709	9710	0.037960998714
9710	9709	0.037960998714
9710	9711	0.037960998714
9711	9710	0.037960998714
9711	9712	0.037960998714
9712	9711	0.037960998714
9712	9713	0.037960998714
9713	9712	0.037960998714
9713	9714	0.037960998714
9714	9713	0.037960998714
9714	9715	0.037960998714
9715	9714	0.037960998714
9715	9716	0.037960998714
9716	9715	0.037960998714
9716	9717	0.037960998714
9717	9716	0.037960998714
9717	9718	0.037960998714
9718	9717	0.037960998714
9719	4822	0.0457529984415
9719	9720	0.0457529984415
9720	9719	0.0457529984415
9720	9721	0.0457529984415
9721	9720	0.0457529984415
9721	9722	0.0457529984415
9722	9721	0.0457529984415
9722	9723	0.0457529984415
9723	9722	0.0457529984415
9723	9724	0.0457529984415
9724	9723	0.0457529984415
9724	9725	0.0457529984415
9725	9724	0.0457529984415
9725	9726	0.0421005003154
9725	9766	0.0276574995369
9726	9725	0.0421005003154
9726	9727	0.0421005003154
9727	9726	0.0421005003154
9727	9728	0.0421005003154
9728	9727	0.0421005003154
9728	9729	0.0421005003154
9729	9728	0.0421005003154
9729	9730	0.0421005003154
9730	9729	0.0421005003154
9730	9731	0.0421005003154
9731	9730	0.0421005003154
9731	9732	0.0421005003154
9732	9731	0.0421005003154
9732	9733	0.0421005003154
9733	9732	0.0421005003154
9733	9734	0.0421005003154
9734	9733	0.0421005003154
9734	9735	0.0421005003154
9735	9734	0.0421005003154
9735	9736	0.0421005003154
9736	9735	0.0421005003154
9736	9737	0.0421005003154
9737	9736	0.0421005003154
9737	9738	0.0421005003154
9738	9737	0.0421005003154
9738	9739	0.0421005003154
9739	9738	0.0421005003154
9739	9740	0.0421005003154
9740	9739	0.0421005003154
9740	9741	0.0421005003154
9741	9740	0.0421005003154
9741	9742	0.0421005003154
9742	9741	0.0421005003154
9742	9743	0.0421005003154
9743	9742	0.0421005003154
9743	9744	0.0421005003154
9744	9743	0.0421005003154
9744	9745	0.0421005003154
9745	9744	0.0421005003154
9745	9746	0.0421005003154
9746	9745	0.0421005003154
9746	9747	0.0421005003154
9747	9746	0.0421005003154
9747	9748	0.0421005003154
9748	9747	0.0421005003154
9748	9749	0.0421005003154
9749	9748	0.0421005003154
9749	9750	0.0421005003154
9750	9749	0.0421005003154
9750	9751	0.0421005003154
9751	9750	0.0421005003154
9751	9752	0.0421005003154
9752	9751	0.0421005003154
9752	9753	0.0421005003154
9753	9752	0.0421005003154
9753	9754	0.0421005003154
9754	9753	0.0421005003154
9754	9755	0.0421005003154
9755	9754	0.0421005003154
9755	9756	0.0421005003154
9756	9755	0.0421005003154
9756	9757	0.0421005003154
9757	9756	0.0421005003154
9757	9758	0.0421005003154
9758	9757	0.0421005003154
9758	9759	0.0421005003154
9759	9758	0.0421005003154
9759	9760	0.0421005003154
9760	9759	0.0421005003154
9760	9761	0.0421005003154
9761	9760	0.0421005003154
9761	9762	0.0421005003154
9762	9761	0.0421005003154
9762	9763	0.0421005003154
9763	9762	0.0421005003154
9763	9764	0.0421005003154
9764	9763	0.0421005003154
9764	9765	0.0421005003154
9765	9764	0.0421005003154
9766	9725	0.0276574995369
9766	9767	0.0276574995369
9767	9766	0.0276574995369
9767	9768	0.0276574995369
9768	9767	0.0276574995369
9768	9769	0.0276574995369
9769	9768	0.0276574995369
9769	9770	0.0276574995369
9770	9769	0.0276574995369
9770	9771	0.0276574995369
9771	9770	0.0276574995369
9771	9772	0.0276574995369
9772	9771	0.0276574995369
9773	4322	0.0720534995198
9773	9774	0.0720534995198
9774	9773	0.0720534995198
9774	9775	0.0720534995198
9775	9774	0.0720534995198
9775	9776	0.0720534995198
9776	9775	0.0720534995198
9776	9777	0.0720534995198
9777	9776	0.0720534995198
9777	9778	0.0720534995198
9778	9777	0.0720534995198
9778	9779	0.0720534995198
9779	9778	0.0720534995198
9779	9780	0.0720534995198
9780	9779	0.0720534995198
9780	9781	0.0636449977756
9780	9925	0.0488080009818
9781	9780	0.0636449977756
9781	9782	0.0636449977756
9782	9781	0.0636449977756
9782	9783	0.0636449977756
9783	9782	0.0636449977756
9783	9784	0.0636449977756
9784	9783	0.0636449977756
9784	9785	0.0636449977756
9785	9784	0.0636449977756
9785	9786	0.0636449977756
9786	9785	0.0636449977756
9786	9787	0.0636449977756
9787	9786	0.0636449977756
9787	9788	0.0636449977756
9788	9787	0.0636449977756
9788	9789	0.0636449977756
9789	9788	0.0636449977756
9789	9790	0.0636449977756
9790	9789	0.0636449977756
9790	9791	0.0636449977756
9791	9790	0.0636449977756
9791	9792	0.0636449977756
9792	9791	0.0636449977756
9792	9793	0.0636449977756
9793	9792	0.0636449977756
9793	9794	0.0636449977756
9794	9793	0.0636449977756
9794	9795	0.0636449977756
9795	9794	0.0636449977756
9795	9796	0.0636449977756
9796	9795	0.0636449977756
9796	9797	0.0636449977756
9797	9796	0.0636449977756
9797	9798	0.0492689982057
9797	9858	0.0517024993896
9798	9797	0.0492689982057
9798	9799	0.0492689982057
9799	9798	0.0492689982057
9799	9800	0.0492689982057
9800	9799	0.0492689982057
9800	9801	0.0492689982057
9801	9800	0.0492689982057
9801	9802	0.0492689982057
9802	9801	0.0492689982057
9802	9803	0.0492689982057
9803	9802	0.0492689982057
9803	9804	0.0492689982057
9804	9803	0.0492689982057
9804	9805	0.0492689982057
9805	9804	0.0492689982057
9805	9806	0.0492689982057
9806	9805	0.0492689982057
9806	9807	0.0444874987006
9806	9848	0.0315994992852
9807	9806	0.0444874987006
9807	9808	0.0444874987006
9808	9807	0.0444874987006
9808	9809	0.0444874987006
9809	9808	0.0444874987006
9809	9810	0.0444874987006
9810	9809	0.0444874987006
9810	9811	0.0444874987006
9811	9810	0.0444874987006
9811	9812	0.0444874987006
9812	9811	0.0444874987006
9812	9813	0.0444874987006
9813	9812	0.0444874987006
9813	9814	0.0444874987006
9814	9813	0.0444874987006
9814	9815	0.0444874987006
9815	9814	0.0444874987006
9815	9816	0.0444874987006
9816	9815	0.0444874987006
9816	9817	0.0444874987006
9817	9816	0.0444874987006
9817	9818	0.0444874987006
9818	9817	0.0444874987006
9818	9819	0.0444874987006
9819	9818	0.0444874987006
9819	9820	0.0444874987006
9820	9819	0.0444874987006
9820	9821	0.0444874987006
9821	9820	0.0444874987006
9821	9822	0.0444874987006
9822	9821	0.0444874987006
9822	9823	0.0444874987006
9823	9822	0.0444874987006
9823	9824	0.0444874987006
9824	9823	0.0444874987006
9824	9825	0.0444874987006
9825	9824	0.0444874987006
9825	9826	0.0444874987006
9826	9825	0.0444874987006
9826	9827	0.0444874987006
9827	9826	0.0444874987006
9827	9828	0.0444874987006
9828	9827	0.0444874987006
9828	9829	0.0444874987006
9829	9828	0.0444874987006
9829	9830	0.0444874987006
9830	9829	0.0444874987006
9830	9831	0.0444874987006
9831	9830	0.0444874987006
9831	9832	0.0444874987006
9832	9831	0.0444874987006
9832	9833	0.0444874987006
9833	9832	0.0444874987006
9833	9834	0.0444874987006
9834	9833	0.0444874987006
9834	9835	0.0444874987006
9835	9834	0.0444874987006
9835	9836	0.0444874987006
9836	9835	0.0444874987006
9836	9837	0.0444874987006
9837	9836	0.0444874987006
9837	9838	0.0444874987006
9838	9837	0.0444874987006
9838	9839	0.0444874987006
9839	9838	0.0444874987006
9839	9840	0.0444874987006
9840	9839	0.0444874987006
9840	9841	0.0444874987006
9841	9840	0.0444874987006
9841	9842	0.0444874987006
9842	9841	0.0444874987006
9842	9843	0.0444874987006
9843	9842	0.0444874987006
9843	9844	0.0444874987006
9844	9843	0.0444874987006
9844	9845	0.0444874987006
9845	9844	0.0444874987006
9845	9846	0.0444874987006
9846	9845	0.0444874987006
9846	9847	0.0444874987006
9847	9846	0.0444874987006
9848	9806	0.0315994992852
9848	9849	0.0315994992852
9849	9848	0.0315994992852
9849	9850	0.0315994992852
9850	9849	0.0315994992852
9850	9851	0.0315994992852
9851	9850	0.0315994992852
9851	9852	0.0315994992852
9852	9851	0.0315994992852
9852	9853	0.0315994992852
9853	9852	0.0315994992852
9853	9854	0.0315994992852
9854	9853	0.0315994992852
9854	9855	0.0315994992852
9855	9854	0.0315994992852
9855	9856	0.0315994992852
9856	9855	0.0315994992852
9856	9857	0.0315994992852
9857	9856	0.0315994992852
9858	9797	0.0517024993896
9858	9859	0.0517024993896
9859	9858	0.0517024993896
9859	9860	0.0517024993896
9860	9859	0.0517024993896
9860	9861	0.0517024993896
9861	9860	0.0517024993896
9861	9862	0.0517024993896
9862	9861	0.0517024993896
9862	9863	0.0517024993896
9863	9862	0.0517024993896
9863	9864	0.0517024993896
9864	9863	0.0517024993896
9864	9865	0.0517024993896
9865	9864	0.0517024993896
9865	9866	0.0517024993896
9866	9865	0.0517024993896
9866	9867	0.0517024993896
9867	9866	0.0517024993896
9867	9868	0.0517024993896
9868	9867	0.0517024993896
9868	9869	0.0517024993896
9869	9868	0.0517024993896
9869	9870	0.0517024993896
9870	9869	0.0517024993896
9870	9871	0.0517024993896
9871	9870	0.0517024993896
9871	9872	0.0517024993896
9872	9871	0.0517024993896
9872	9873	0.0517024993896
9873	9872	0.0517024993896
9873	9874	0.0517024993896
9874	9873	0.0517024993896
9874	9875	0.0517024993896
9875	9874	0.0517024993896
9875	9876	0.0457574985921
9875	9913	0.0348710007966
9876	9875	0.0457574985921
9876	9877	0.0457574985921
9877	9876	0.0457574985921
9877	9878	0.0457574985921
9878	9877	0.0457574985921
9878	9879	0.0457574985921
9879	9878	0.0457574985921
9879	9880	0.0457574985921
9880	9879	0.0457574985921
9880	9881	0.0457574985921
9881	9880	0.0457574985921
9881	9882	0.0457574985921
9882	9881	0.0457574985921
9882	9883	0.0457574985921
9883	9882	0.0457574985921
9883	9884	0.0457574985921
9884	9883	0.0457574985921
9884	9885	0.0457574985921
9885	9884	0.0457574985921
9885	9886	0.0457574985921
9886	9885	0.0457574985921
9886	9887	0.0457574985921
9887	9886	0.0457574985921
9887	9888	0.0457574985921
9888	9887	0.0457574985921
9888	9889	0.0457574985921
9889	9888	0.0457574985921
9889	9890	0.0457574985921
9890	9889	0.0457574985921
9890	9891	0.0457574985921
9891	9890	0.0457574985921
9891	9892	0.0457574985921
9892	9891	0.0457574985921
9892	9893	0.0457574985921
9893	9892	0.0457574985921
9893	9894	0.0457574985921
9894	9893	0.0457574985921
9894	9895	0.0457574985921
9895	9894	0.0457574985921
9895	9896	0.0457574985921
9896	9895	0.0457574985921
9896	9897	0.0457574985921
9897	9896	0.0457574985921
9897	9898	0.0457574985921
9898	9897	0.0457574985921
9898	9899	0.0457574985921
9899	9898	0.0457574985921
9899	9900	0.0457574985921
9900	9899	0.0457574985921
9900	9901	0.0457574985921
9901	9900	0.0457574985921
9901	9902	0.0457574985921
9902	9901	0.0457574985921
9902	9903	0.0457574985921
9903	9902	0.0457574985921
9903	9904	0.0457574985921
9904	9903	0.0457574985921
9904	9905	0.0457574985921
9905	9904	0.0457574985921
9905	9906	0.0457574985921
9906	9905	0.0457574985921
9906	9907	0.0457574985921
9907	9906	0.0457574985921
9907	9908	0.0457574985921
9908	9907	0.0457574985921
9908	9909	0.0457574985921
9909	9908	0.0457574985921
9909	9910	0.0457574985921
9910	9909	0.0457574985921
9910	9911	0.0457574985921
9911	9910	0.0457574985921
9911	9912	0.0457574985921
9912	9911	0.0457574985921
9913	9875	0.0348710007966
9913	9914	0.0348710007966
9914	9913	0.0348710007966
9914	9915	0.0348710007966
9915	9914	0.0348710007966
9915	9916	0.0348710007966
9916	9915	0.0348710007966
9916	9917	0.0348710007966
9917	9916	0.0348710007966
9917	9918	0.0348710007966
9918	9917	0.0348710007966
9918	9919	0.0348710007966
9919	9918	0.0348710007966
9919	9920	0.0348710007966
9920	9919	0.0348710007966
9920	9921	0.0348710007966
9921	9920	0.0348710007966
9921	9922	0.0348710007966
9922	9921	0.0348710007966
9922	9923	0.0348710007966
9923	9922	0.0348710007966
9923	9924	0.0348710007966
9924	9923	0.0348710007966
9925	9780	0.0488080009818
9925	9926	0.0488080009818
9926	9925	0.0488080009818
9926	9927	0.0488080009818
9927	9926	0.0488080009818
9927	9928	0.0488080009818
9928	9927	0.0488080009818
9928	9929	0.0488080009818
9929	9928	0.0488080009818
9929	9930	0.0488080009818
9930	9929	0.0488080009818
9930	9931	0.0488080009818
9931	9930	0.0488080009818
9931	9932	0.0488080009818
9932	9931	0.0488080009818
9932	9933	0.0488080009818
9933	9932	0.0488080009818
9933	9934	0.0488080009818
9934	9933	0.0488080009818
9934	9935	0.0488080009818
9935	9934	0.0488080009818
9935	9936	0.0488080009818
9936	9935	0.0488080009818
9936	9937	0.0488080009818
9937	9936	0.0488080009818
9937	9938	0.0488080009818
9938	9937	0.0488080009818
9938	9939	0.0488080009818
9939	9938	0.0488080009818
9939	9940	0.0488080009818
9940	9939	0.0488080009818
9940	9941	0.0488080009818
9941	9940	0.0488080009818
9941	9942	0.0488080009818
9942	9941	0.0488080009818
9942	9943	0.0488080009818
9943	9942	0.0488080009818
9943	9944	0.0488080009818
9944	9943	0.0488080009818
9944	9945	0.0488080009818
9945	9944	0.0488080009818
9945	9946	0.0405775010586
9945	9974	0.0367069989443
9946	9945	0.0405775010586
9946	9947	0.0405775010586
9947	9946	0.0405775010586
9947	9948	0.0405775010586
9948	9947	0.0405775010586
9948	9949	0.0405775010586
9949	9948	0.0405775010586
9949	9950	0.0405775010586
9950	9949	0.0405775010586
9950	9951	0.0405775010586
9951	9950	0.0405775010586
9951	9952	0.0405775010586
9952	9951	0.0405775010586
9952	9953	0.0405775010586
9953	9952	0.0405775010586
9953	9954	0.0405775010586
9954	9953	0.0405775010586
9954	9955	0.0405775010586
9955	9954	0.0405775010586
9955	9956	0.0405775010586
9956	9955	0.0405775010586
9956	9957	0.0405775010586
9957	9956	0.0405775010586
9957	9958	0.0405775010586
9958	9957	0.0405775010586
9958	9959	0.0405775010586
9959	9958	0.0405775010586
9959	9960	0.0405775010586
9960	9959	0.0405775010586
9960	9961	0.0405775010586
9961	9960	0.0405775010586
9961	9962	0.0405775010586
9962	9961	0.0405775010586
9962	9963	0.0405775010586
9963	9962	0.0405775010586
9963	9964	0.0405775010586
9964	9963	0.0405775010586
9964	9965	0.0405775010586
9965	9964	0.0405775010586
9965	9966	0.0405775010586
9966	9965	0.0405775010586
9966	9967	0.0405775010586
9967	9966	0.0405775010586
9967	9968	0.0405775010586
9968	9967	0.0405775010586
9968	9969	0.0405775010586
9969	9968	0.0405775010586
9969	9970	0.0405775010586
9970	9969	0.0405775010586
9970	9971	0.0405775010586
9971	9970	0.0405775010586
9971	9972	0.0405775010586
9972	9971	0.0405775010586
9972	9973	0.0405775010586
9973	9972	0.0405775010586
9974	9945	0.0367069989443
9974	9975	0.0367069989443
9975	9974	0.0367069989443
9975	9976	0.0367069989443
9976	9975	0.0367069989443
9976	9977	0.0367069989443
9977	9976	0.0367069989443
9977	9978	0.0367069989443
9978	9977	0.0367069989443
9978	9979	0.0367069989443
9979	9978	0.0367069989443
9979	9980	0.0367069989443
9980	9979	0.0367069989443
9980	9981	0.0367069989443
9981	9980	0.0367069989443
9981	9982	0.0367069989443
9982	9981	0.0367069989443
9982	9983	0.0367069989443
9983	9982	0.0367069989443
9983	9984	0.0367069989443
9984	9983	0.0367069989443
9984	9985	0.0367069989443
9985	9984	0.0367069989443
9985	9986	0.0367069989443
9986	9985	0.0367069989443
9986	9987	0.0367069989443
9987	9986	0.0367069989443
9987	9988	0.0367069989443
9988	9987	0.0367069989443
9988	9989	0.0367069989443
9989	9988	0.0367069989443
9989	9990	0.0367069989443
9990	9989	0.0367069989443
9990	9991	0.0367069989443
9991	9990	0.0367069989443
9992	3838	0.030468499288
9992	9993	0.030468499288
9993	9992	0.030468499288
9993	9994	0.030468499288
9994	9993	0.030468499288
9994	9995	0.030468499288
9995	9994	0.030468499288
9995	9996	0.030468499288
9996	9995	0.030468499288
9996	9997	0.030468499288
9997	9996	0.030468499288
9997	9998	0.030468499288
9998	9997	0.030468499288
9998	9999	0.030468499288
9999	9998	0.030468499288
9999	10000	0.030468499288
10000	9999	0.030468499288
10000	10001	0.030468499288
10001	10000	0.030468499288
10001	10002	0.030468499288
10002	10001	0.030468499288
10002	10003	0.030468499288
10003	10002	0.030468499288
10003	10004	0.030468499288
10004	10003	0.030468499288
10004	10005	0.030468499288
10005	10004	0.030468499288
10005	10006	0.030468499288
10006	10005	0.030468499288
10006	10007	0.030468499288
10007	10006	0.030468499288
10007	10008	0.030468499288
10008	10007	0.030468499288
10009	3749	0.0444989986718
10009	10010	0.0444989986718
10010	10009	0.0444989986718
10010	10011	0.0444989986718
10011	10010	0.0444989986718
10011	10012	0.0444989986718
10012	10011	0.0444989986718
10012	10013	0.0444989986718
10013	10012	0.0444989986718
10013	10014	0.0444989986718
10014	10013	0.0444989986718
10014	10015	0.0444989986718
10015	10014	0.0444989986718
10015	10016	0.0444989986718
10016	10015	0.0444989986718
10016	10017	0.0444989986718
10017	10016	0.0444989986718
10017	10018	0.0444989986718
10018	10017	0.0444989986718
10018	10019	0.0444989986718
10019	10018	0.0444989986718
10019	10020	0.0284349992871
10019	10031	0.0402324981987
10020	10019	0.0284349992871
10020	10021	0.0284349992871
10021	10020	0.0284349992871
10021	10022	0.0284349992871
10022	10021	0.0284349992871
10022	10023	0.0284349992871
10023	10022	0.0284349992871
10023	10024	0.0284349992871
10024	10023	0.0284349992871
10024	10025	0.0284349992871
10025	10024	0.0284349992871
10025	10026	0.0284349992871
10026	10025	0.0284349992871
10026	10027	0.0284349992871
10027	10026	0.0284349992871
10027	10028	0.0284349992871
10028	10027	0.0284349992871
10028	10029	0.0284349992871
10029	10028	0.0284349992871
10029	10030	0.0284349992871
10030	10029	0.0284349992871
10031	10019	0.0402324981987
10031	10032	0.0402324981987
10032	10031	0.0402324981987
10032	10033	0.0402324981987
10033	10032	0.0402324981987
10033	10034	0.0402324981987
10034	10033	0.0402324981987
10034	10035	0.0402324981987
10035	10034	0.0402324981987
10035	10036	0.0402324981987
10036	10035	0.0402324981987
10036	10037	0.0402324981987
10037	10036	0.0402324981987
10037	10038	0.0402324981987
10038	10037	0.0402324981987
10038	10039	0.0402324981987
10039	10038	0.0402324981987
10039	10040	0.0402324981987
10040	10039	0.0402324981987
10040	10041	0.0402324981987
10041	10040	0.0402324981987
10041	10042	0.0402324981987
10042	10041	0.0402324981987
10042	10043	0.0402324981987
10043	10042	0.0402324981987
10043	10044	0.0402324981987
10044	10043	0.0402324981987
10044	10045	0.0402324981987
10045	10044	0.0402324981987
10045	10046	0.0402324981987
10046	10045	0.0402324981987
10046	10047	0.0402324981987
10047	10046	0.0402324981987
10047	10048	0.0402324981987
10048	10047	0.0402324981987
10048	10049	0.0402324981987
10049	10048	0.0402324981987
10049	10050	0.0402324981987
10050	10049	0.0402324981987
10050	10051	0.0402324981987
10051	10050	0.0402324981987
10051	10052	0.0402324981987
10052	10051	0.0402324981987
10052	10053	0.0402324981987
10053	10052	0.0402324981987
10053	10054	0.0402324981987
10054	10053	0.0402324981987
10054	10055	0.0402324981987
10055	10054	0.0402324981987
10055	10056	0.0402324981987
10056	10055	0.0402324981987
10056	10057	0.0402324981987
10057	10056	0.0402324981987
10057	10058	0.0402324981987
10058	10057	0.0402324981987
10058	10059	0.0402324981987
10059	10058	0.0402324981987
10059	10060	0.0402324981987
10060	10059	0.0402324981987
10060	10061	0.0402324981987
10061	10060	0.0402324981987
10061	10062	0.0402324981987
10062	10061	0.0402324981987
10062	10063	0.0402324981987
10063	10062	0.0402324981987
10063	10064	0.0402324981987
10064	10063	0.0402324981987
10064	10065	0.0402324981987
10065	10064	0.0402324981987
10065	10066	0.0402324981987
10066	10065	0.0402324981987
10066	10067	0.0402324981987
10067	10066	0.0402324981987
10067	10068	0.0402324981987
10068	10067	0.0402324981987
10068	10069	0.0402324981987
10069	10068	0.0402324981987
10069	10070	0.0402324981987
10070	10069	0.0402324981987
10070	10071	0.0402324981987
10071	10070	0.0402324981987
10071	10072	0.0402324981987
10072	10071	0.0402324981987
10072	10073	0.0402324981987
10073	10072	0.0402324981987
10073	10074	0.0402324981987
10074	10073	0.0402324981987
10075	3722	0.0400484986603
10075	10076	0.0400484986603
10076	10075	0.0400484986603
10076	10077	0.0400484986603
10077	10076	0.0400484986603
10077	10078	0.0400484986603
10078	10077	0.0400484986603
10078	10079	0.0400484986603
10079	10078	0.0400484986603
10079	10080	0.0400484986603
10080	10079	0.0400484986603
10080	10081	0.0400484986603
10081	10080	0.0400484986603
10081	10082	0.0400484986603
10082	10081	0.0400484986603
10082	10083	0.0400484986603
10083	10082	0.0400484986603
10083	10084	0.0400484986603
10084	10083	0.0400484986603
10084	10085	0.0400484986603
10085	10084	0.0400484986603
10085	10086	0.0400484986603
10086	10085	0.0400484986603
10086	10087	0.0400484986603
10087	10086	0.0400484986603
10087	10088	0.0400484986603
10088	10087	0.0400484986603
10088	10089	0.0400484986603
10089	10088	0.0400484986603
10089	10090	0.0400484986603
10090	10089	0.0400484986603
10090	10091	0.0400484986603
10091	10090	0.0400484986603
10091	10092	0.0400484986603
10092	10091	0.0400484986603
10092	10093	0.0400484986603
10093	10092	0.0400484986603
10093	10094	0.0400484986603
10094	10093	0.0400484986603
10094	10095	0.0400484986603
10095	10094	0.0400484986603
10095	10096	0.0400484986603
10096	10095	0.0400484986603
10096	10097	0.0400484986603
10097	10096	0.0400484986603
10097	10098	0.0400484986603
10098	10097	0.0400484986603
10098	10099	0.0400484986603
10099	10098	0.0400484986603
10099	10100	0.0400484986603
10100	10099	0.0400484986603
10100	10101	0.0400484986603
10101	10100	0.0400484986603
10101	10102	0.0400484986603
10102	10101	0.0400484986603
10102	10103	0.0400484986603
10103	10102	0.0400484986603
10103	10104	0.0400484986603
10104	10103	0.0400484986603
10104	10105	0.0400484986603
10105	10104	0.0400484986603
10105	10106	0.0400484986603
10106	10105	0.0400484986603
10106	10107	0.0400484986603
10107	10106	0.0400484986603
10107	10108	0.0400484986603
10108	10107	0.0400484986603
10108	10109	0.0400484986603
10109	10108	0.0400484986603
10109	10110	0.0400484986603
10110	10109	0.0400484986603
10110	10111	0.0400484986603
10111	10110	0.0400484986603
10111	10112	0.0400484986603
10112	10111	0.0400484986603
10112	10113	0.0400484986603
10113	10112	0.0400484986603
10113	10114	0.0400484986603
10114	10113	0.0400484986603
10114	10115	0.0400484986603
10115	10114	0.0400484986603
10115	10116	0.0400484986603
10116	10115	0.0400484986603
10116	10117	0.0400484986603
10117	10116	0.0400484986603
10117	10118	0.0400484986603
10118	10117	0.0400484986603
10118	10119	0.0400484986603
10119	10118	0.0400484986603
10119	10120	0.0400484986603
10120	10119	0.0400484986603
10120	10121	0.0400484986603
10121	10120	0.0400484986603
10121	10122	0.0400484986603
10122	10121	0.0400484986603
10122	10123	0.0400484986603
10123	10122	0.0400484986603
10123	10124	0.0400484986603
10124	10123	0.0400484986603
10124	10125	0.0400484986603
10125	10124	0.0400484986603
10125	10126	0.0400484986603
10126	10125	0.0400484986603
10126	10127	0.0400484986603
10127	10126	0.0400484986603
10127	10128	0.0400484986603
10128	10127	0.0400484986603
10128	10129	0.0400484986603
10129	10128	0.0400484986603
10129	10130	0.0400484986603
10130	10129	0.0400484986603
10130	10131	0.0400484986603
10131	10130	0.0400484986603
10131	10132	0.0400484986603
10132	10131	0.0400484986603
10132	10133	0.0400484986603
10133	10132	0.0400484986603
10133	10134	0.0400484986603
10134	10133	0.0400484986603
10135	3709	0.0348119996488
10135	10136	0.0348119996488
10136	10135	0.0348119996488
10136	10137	0.0348119996488
10137	10136	0.0348119996488
10137	10138	0.0348119996488
10138	10137	0.0348119996488
10138	10139	0.0348119996488
10139	10138	0.0348119996488
10139	10140	0.0348119996488
10140	10139	0.0348119996488
10140	10141	0.0348119996488
10141	10140	0.0348119996488
10141	10142	0.0348119996488
10142	10141	0.0348119996488
10142	10143	0.0348119996488
10143	10142	0.0348119996488
10143	10144	0.0348119996488
10144	10143	0.0348119996488
10144	10145	0.0348119996488
10145	10144	0.0348119996488
10145	10146	0.0348119996488
10146	10145	0.0348119996488
10146	10147	0.0348119996488
10147	10146	0.0348119996488
10147	10148	0.0348119996488
10148	10147	0.0348119996488
10148	10149	0.0348119996488
10149	10148	0.0348119996488
10149	10150	0.0348119996488
10150	10149	0.0348119996488
10150	10151	0.0348119996488
10151	10150	0.0348119996488
10151	10152	0.0348119996488
10152	10151	0.0348119996488
10152	10153	0.0348119996488
10153	10152	0.0348119996488
10153	10154	0.0348119996488
10154	10153	0.0348119996488
10154	10155	0.0348119996488
10155	10154	0.0348119996488
10155	10156	0.0348119996488
10156	10155	0.0348119996488
10156	10157	0.0348119996488
10157	10156	0.0348119996488
10157	10158	0.0348119996488
10158	10157	0.0348119996488
10158	10159	0.0348119996488
10159	10158	0.0348119996488
10159	10160	0.0348119996488
10160	10159	0.0348119996488
10160	10161	0.0348119996488
10161	10160	0.0348119996488
10161	10162	0.0348119996488
10162	10161	0.0348119996488
10162	10163	0.0348119996488
10163	10162	0.0348119996488
10163	10164	0.0348119996488
10164	10163	0.0348119996488
10164	10165	0.0348119996488
10165	10164	0.0348119996488
10165	10166	0.0348119996488
10166	10165	0.0348119996488
10166	10167	0.0348119996488
10167	10166	0.0348119996488
10167	10168	0.0348119996488
10168	10167	0.0348119996488
10168	10169	0.0348119996488
10169	10168	0.0348119996488
10170	1943	0.0888625010848
10170	10171	0.0888625010848
10171	10170	0.0888625010848
10171	10172	0.0888625010848
10172	10171	0.0888625010848
10172	10173	0.0888625010848
10173	10172	0.0888625010848
10173	10174	0.0888625010848
10174	10173	0.0888625010848
10174	10175	0.0888625010848
10175	10174	0.0888625010848
10175	10176	0.0888625010848
10176	10175	0.0888625010848
10176	10177	0.0888625010848
10177	10176	0.0888625010848
10177	10178	0.0888625010848
10178	10177	0.0888625010848
10178	10179	0.0888625010848
10179	10178	0.0888625010848
10179	10180	0.0888625010848
10180	10179	0.0888625010848
10180	10181	0.0427719987929
10180	10240	0.0854284986854
10181	10180	0.0427719987929
10181	10182	0.0427719987929
10182	10181	0.0427719987929
10182	10183	0.0427719987929
10183	10182	0.0427719987929
10183	10184	0.0427719987929
10184	10183	0.0427719987929
10184	10185	0.0427719987929
10185	10184	0.0427719987929
10185	10186	0.0380529984832
10185	10227	0.028499500826
10186	10185	0.0380529984832
10186	10187	0.0380529984832
10187	10186	0.0380529984832
10187	10188	0.0380529984832
10188	10187	0.0380529984832
10188	10189	0.0380529984832
10189	10188	0.0380529984832
10189	10190	0.0380529984832
10190	10189	0.0380529984832
10190	10191	0.0380529984832
10191	10190	0.0380529984832
10191	10192	0.0380529984832
10192	10191	0.0380529984832
10192	10193	0.0380529984832
10193	10192	0.0380529984832
10193	10194	0.0380529984832
10194	10193	0.0380529984832
10194	10195	0.0380529984832
10195	10194	0.0380529984832
10195	10196	0.0380529984832
10196	10195	0.0380529984832
10196	10197	0.0380529984832
10197	10196	0.0380529984832
10197	10198	0.0380529984832
10198	10197	0.0380529984832
10198	10199	0.0380529984832
10199	10198	0.0380529984832
10199	10200	0.0380529984832
10200	10199	0.0380529984832
10200	10201	0.0380529984832
10201	10200	0.0380529984832
10201	10202	0.0380529984832
10202	10201	0.0380529984832
10202	10203	0.0380529984832
10203	10202	0.0380529984832
10203	10204	0.0380529984832
10204	10203	0.0380529984832
10204	10205	0.0380529984832
10205	10204	0.0380529984832
10205	10206	0.0380529984832
10206	10205	0.0380529984832
10206	10207	0.0380529984832
10207	10206	0.0380529984832
10207	10208	0.0380529984832
10208	10207	0.0380529984832
10208	10209	0.0380529984832
10209	10208	0.0380529984832
10209	10210	0.0380529984832
10210	10209	0.0380529984832
10210	10211	0.0380529984832
10211	10210	0.0380529984832
10211	10212	0.0380529984832
10212	10211	0.0380529984832
10212	10213	0.0380529984832
10213	10212	0.0380529984832
10213	10214	0.0380529984832
10214	10213	0.0380529984832
10214	10215	0.0380529984832
10215	10214	0.0380529984832
10215	10216	0.0380529984832
10216	10215	0.0380529984832
10216	10217	0.0380529984832
10217	10216	0.0380529984832
10217	10218	0.0380529984832
10218	10217	0.0380529984832
10218	10219	0.0380529984832
10219	10218	0.0380529984832
10219	10220	0.0380529984832
10220	10219	0.0380529984832
10220	10221	0.0380529984832
10221	10220	0.0380529984832
10221	10222	0.0380529984832
10222	10221	0.0380529984832
10222	10223	0.0380529984832
10223	10222	0.0380529984832
10223	10224	0.0380529984832
10224	10223	0.0380529984832
10224	10225	0.0380529984832
10225	10224	0.0380529984832
10225	10226	0.0380529984832
10226	10225	0.0380529984832
10227	10185	0.028499500826
10227	10228	0.028499500826
10228	10227	0.028499500826
10228	10229	0.028499500826
10229	10228	0.028499500826
10229	10230	0.028499500826
10230	10229	0.028499500826
10230	10231	0.028499500826
10231	10230	0.028499500826
10231	10232	0.028499500826
10232	10231	0.028499500826
10232	10233	0.028499500826
10233	10232	0.028499500826
10233	10234	0.028499500826
10234	10233	0.028499500826
10234	10235	0.028499500826
10235	10234	0.028499500826
10235	10236	0.028499500826
10236	10235	0.028499500826
10236	10237	0.028499500826
10237	10236	0.028499500826
10237	10238	0.028499500826
10238	10237	0.028499500826
10238	10239	0.028499500826
10239	10238	0.028499500826
10240	10180	0.0854284986854
10240	10241	0.0854284986854
10241	10240	0.0854284986854
10241	10242	0.0854284986854
10242	10241	0.0854284986854
10242	10243	0.0854284986854
10243	10242	0.0854284986854
10243	10244	0.0854284986854
10244	10243	0.0854284986854
10244	10245	0.0854284986854
10245	10244	0.0854284986854
10245	10246	0.0854284986854
10246	10245	0.0854284986854
10246	10247	0.0854284986854
10247	10246	0.0854284986854
10247	10248	0.0854284986854
10248	10247	0.0854284986854
10248	10249	0.0854284986854
10249	10248	0.0854284986854
10249	10250	0.0854284986854
10250	10249	0.0854284986854
10250	10251	0.0854284986854
10251	10250	0.0854284986854
10251	10252	0.0854284986854
10252	10251	0.0854284986854
10252	10253	0.0854284986854
10253	10252	0.0854284986854
10253	10254	0.0854284986854
10254	10253	0.0854284986854
10254	10255	0.0854284986854
10255	10254	0.0854284986854
10255	10256	0.0854284986854
10256	10255	0.0854284986854
10256	10257	0.0854284986854
10257	10256	0.0854284986854
10257	10258	0.0854284986854
10258	10257	0.0854284986854
10258	10259	0.0854284986854
10259	10258	0.0854284986854
10259	10260	0.0854284986854
10260	10259	0.0854284986854
10260	10261	0.0854284986854
10261	10260	0.0854284986854
10261	10262	0.0854284986854
10262	10261	0.0854284986854
10262	10263	0.0854284986854
10263	10262	0.0854284986854
10263	10264	0.0854284986854
10264	10263	0.0854284986854
10264	10265	0.0854284986854
10265	10264	0.0854284986854
10265	10266	0.0854284986854
10266	10265	0.0854284986854
10266	10267	0.0854284986854
10267	10266	0.0854284986854
10267	10268	0.0854284986854
10268	10267	0.0854284986854
10268	10269	0.0854284986854
10269	10268	0.0854284986854
10269	10270	0.0854284986854
10270	10269	0.0854284986854
10270	10271	0.0854284986854
10271	10270	0.0854284986854
10271	10272	0.0854284986854
10272	10271	0.0854284986854
10272	10273	0.0854284986854
10273	10272	0.0854284986854
10273	10274	0.0854284986854
10274	10273	0.0854284986854
10274	10275	0.0854284986854
10275	10274	0.0854284986854
10275	10276	0.0854284986854
10276	10275	0.0854284986854
10276	10277	0.0854284986854
10277	10276	0.0854284986854
10277	10278	0.0854284986854
10278	10277	0.0854284986854
10278	10279	0.0854284986854
10279	10278	0.0854284986854
10279	10280	0.0854284986854
10280	10279	0.0854284986854
10280	10281	0.0831115022302
10280	10558	0.0366830006242
10281	10280	0.0831115022302
10281	10282	0.0831115022302
10282	10281	0.0831115022302
10282	10283	0.0831115022302
10283	10282	0.0831115022302
10283	10284	0.0831115022302
10284	10283	0.0831115022302
10284	10285	0.0831115022302
10285	10284	0.0831115022302
10285	10286	0.0831115022302
10286	10285	0.0831115022302
10286	10287	0.0831115022302
10287	10286	0.0831115022302
10287	10288	0.0831115022302
10288	10287	0.0831115022302
10288	10289	0.0831115022302
10289	10288	0.0831115022302
10289	10290	0.0831115022302
10290	10289	0.0831115022302
10290	10291	0.0831115022302
10291	10290	0.0831115022302
10291	10292	0.0831115022302
10292	10291	0.0831115022302
10292	10293	0.0831115022302
10293	10292	0.0831115022302
10293	10294	0.0831115022302
10294	10293	0.0831115022302
10294	10295	0.0831115022302
10295	10294	0.0831115022302
10295	10296	0.0831115022302
10296	10295	0.0831115022302
10296	10297	0.0808324962854
10296	10535	0.035816501826
10297	10296	0.0808324962854
10297	10298	0.0808324962854
10298	10297	0.0808324962854
10298	10299	0.0808324962854
10299	10298	0.0808324962854
10299	10300	0.0808324962854
10300	10299	0.0808324962854
10300	10301	0.0808324962854
10301	10300	0.0808324962854
10301	10302	0.0808324962854
10302	10301	0.0808324962854
10302	10303	0.0808324962854
10303	10302	0.0808324962854
10303	10304	0.0808324962854
10304	10303	0.0808324962854
10304	10305	0.0808324962854
10305	10304	0.0808324962854
10305	10306	0.0808324962854
10306	10305	0.0808324962854
10306	10307	0.0808324962854
10307	10306	0.0808324962854
10307	10308	0.04406350106
10307	10356	0.0762085020542
10308	10307	0.04406350106
10308	10309	0.04406350106
10309	10308	0.04406350106
10309	10310	0.04406350106
10310	10309	0.04406350106
10310	10311	0.04406350106
10311	10310	0.04406350106
10311	10312	0.04406350106
10312	10311	0.04406350106
10312	10313	0.04406350106
10313	10312	0.04406350106
10313	10314	0.04406350106
10314	10313	0.04406350106
10314	10315	0.04406350106
10315	10314	0.04406350106
10315	10316	0.04406350106
10316	10315	0.04406350106
10316	10317	0.04406350106
10317	10316	0.04406350106
10317	10318	0.04406350106
10318	10317	0.04406350106
10318	10319	0.04406350106
10319	10318	0.04406350106
10319	10320	0.04406350106
10320	10319	0.04406350106
10320	10321	0.04406350106
10321	10320	0.04406350106
10321	10322	0.04406350106
10322	10321	0.04406350106
10322	10323	0.04406350106
10323	10322	0.04406350106
10323	10324	0.04406350106
10324	10323	0.04406350106
10324	10325	0.04406350106
10325	10324	0.04406350106
10325	10326	0.04406350106
10326	10325	0.04406350106
10326	10327	0.04406350106
10327	10326	0.04406350106
10327	10328	0.04406350106
10328	10327	0.04406350106
10328	10329	0.04406350106
10329	10328	0.04406350106
10329	10330	0.04406350106
10330	10329	0.04406350106
10330	10331	0.04406350106
10331	10330	0.04406350106
10331	10332	0.04406350106
10332	10331	0.04406350106
10332	10333	0.04406350106
10333	10332	0.04406350106
10333	10334	0.04406350106
10334	10333	0.04406350106
10334	10335	0.04406350106
10335	10334	0.04406350106
10335	10336	0.04406350106
10336	10335	0.04406350106
10336	10337	0.04406350106
10337	10336	0.04406350106
10337	10338	0.04406350106
10338	10337	0.04406350106
10338	10339	0.04406350106
10339	10338	0.04406350106
10339	10340	0.04406350106
10340	10339	0.04406350106
10340	10341	0.04406350106
10341	10340	0.04406350106
10341	10342	0.04406350106
10342	10341	0.04406350106
10342	10343	0.04406350106
10343	10342	0.04406350106
10343	10344	0.04406350106
10344	10343	0.04406350106
10344	10345	0.04406350106
10345	10344	0.04406350106
10345	10346	0.04406350106
10346	10345	0.04406350106
10346	10347	0.04406350106
10347	10346	0.04406350106
10347	10348	0.04406350106
10348	10347	0.04406350106
10348	10349	0.04406350106
10349	10348	0.04406350106
10349	10350	0.04406350106
10350	10349	0.04406350106
10350	10351	0.04406350106
10351	10350	0.04406350106
10351	10352	0.04406350106
10352	10351	0.04406350106
10352	10353	0.04406350106
10353	10352	0.04406350106
10353	10354	0.04406350106
10354	10353	0.04406350106
10354	10355	0.04406350106
10355	10354	0.04406350106
10356	10307	0.0762085020542
10356	10357	0.0762085020542
10357	10356	0.0762085020542
10357	10358	0.0762085020542
10358	10357	0.0762085020542
10358	10359	0.0762085020542
10359	10358	0.0762085020542
10359	10360	0.0762085020542
10360	10359	0.0762085020542
10360	10361	0.0762085020542
10361	10360	0.0762085020542
10361	10362	0.0762085020542
10362	10361	0.0762085020542
10362	10363	0.0762085020542
10363	10362	0.0762085020542
10363	10364	0.0762085020542
10364	10363	0.0762085020542
10364	10365	0.0762085020542
10365	10364	0.0762085020542
10365	10366	0.0762085020542
10366	10365	0.0762085020542
10366	10367	0.0499524995685
10366	10418	0.0682530030608
10367	10366	0.0499524995685
10367	10368	0.0499524995685
10368	10367	0.0499524995685
10368	10369	0.0499524995685
10369	10368	0.0499524995685
10369	10370	0.0499524995685
10370	10369	0.0499524995685
10370	10371	0.0499524995685
10371	10370	0.0499524995685
10371	10372	0.0499524995685
10372	10371	0.0499524995685
10372	10373	0.0499524995685
10373	10372	0.0499524995685
10373	10374	0.0499524995685
10374	10373	0.0499524995685
10374	10375	0.0464764982462
10374	10413	0.0289444997907
10375	10374	0.0464764982462
10375	10376	0.0464764982462
10376	10375	0.0464764982462
10376	10377	0.0464764982462
10377	10376	0.0464764982462
10377	10378	0.0464764982462
10378	10377	0.0464764982462
10378	10379	0.0464764982462
10379	10378	0.0464764982462
10379	10380	0.0464764982462
10380	10379	0.0464764982462
10380	10381	0.0464764982462
10381	10380	0.0464764982462
10381	10382	0.0464764982462
10382	10381	0.0464764982462
10382	10383	0.0464764982462
10383	10382	0.0464764982462
10383	10384	0.0464764982462
10384	10383	0.0464764982462
10384	10385	0.0464764982462
10385	10384	0.0464764982462
10385	10386	0.0464764982462
10386	10385	0.0464764982462
10386	10387	0.0464764982462
10387	10386	0.0464764982462
10387	10388	0.0464764982462
10388	10387	0.0464764982462
10388	10389	0.0464764982462
10389	10388	0.0464764982462
10389	10390	0.0464764982462
10390	10389	0.0464764982462
10390	10391	0.0464764982462
10391	10390	0.0464764982462
10391	10392	0.0464764982462
10392	10391	0.0464764982462
10392	10393	0.0464764982462
10393	10392	0.0464764982462
10393	10394	0.0464764982462
10394	10393	0.0464764982462
10394	10395	0.0464764982462
10395	10394	0.0464764982462
10395	10396	0.0464764982462
10396	10395	0.0464764982462
10396	10397	0.0464764982462
10397	10396	0.0464764982462
10397	10398	0.0464764982462
10398	10397	0.0464764982462
10398	10399	0.0464764982462
10399	10398	0.0464764982462
10399	10400	0.0464764982462
10400	10399	0.0464764982462
10400	10401	0.0464764982462
10401	10400	0.0464764982462
10401	10402	0.0464764982462
10402	10401	0.0464764982462
10402	10403	0.0464764982462
10403	10402	0.0464764982462
10403	10404	0.0464764982462
10404	10403	0.0464764982462
10404	10405	0.0464764982462
10405	10404	0.0464764982462
10405	10406	0.0464764982462
10406	10405	0.0464764982462
10406	10407	0.0464764982462
10407	10406	0.0464764982462
10407	10408	0.0464764982462
10408	10407	0.0464764982462
10408	10409	0.0464764982462
10409	10408	0.0464764982462
10409	10410	0.0464764982462
10410	10409	0.0464764982462
10410	10411	0.0464764982462
10411	10410	0.0464764982462
10411	10412	0.0464764982462
10412	10411	0.0464764982462
10413	10374	0.0289444997907
10413	10414	0.0289444997907
10414	10413	0.0289444997907
10414	10415	0.0289444997907
10415	10414	0.0289444997907
10415	10416	0.0289444997907
10416	10415	0.0289444997907
10416	10417	0.0289444997907
10417	10416	0.0289444997907
10418	10366	0.0682530030608
10418	10419	0.0682530030608
10419	10418	0.0682530030608
10419	10420	0.0682530030608
10420	10419	0.0682530030608
10420	10421	0.0682530030608
10421	10420	0.0682530030608
10421	10422	0.0682530030608
10422	10421	0.0682530030608
10422	10423	0.0682530030608
10423	10422	0.0682530030608
10423	10424	0.0682530030608
10424	10423	0.0682530030608
10424	10425	0.0682530030608
10425	10424	0.0682530030608
10425	10426	0.0682530030608
10426	10425	0.0682530030608
10426	10427	0.0682530030608
10427	10426	0.0682530030608
10427	10428	0.0682530030608
10428	10427	0.0682530030608
10428	10429	0.0682530030608
10429	10428	0.0682530030608
10429	10430	0.0682530030608
10430	10429	0.0682530030608
10430	10431	0.0682530030608
10431	10430	0.0682530030608
10431	10432	0.0682530030608
10432	10431	0.0682530030608
10432	10433	0.0682530030608
10433	10432	0.0682530030608
10433	10434	0.0682530030608
10434	10433	0.0682530030608
10434	10435	0.0682530030608
10435	10434	0.0682530030608
10435	10436	0.0682530030608
10436	10435	0.0682530030608
10436	10437	0.0682530030608
10437	10436	0.0682530030608
10437	10438	0.0682530030608
10438	10437	0.0682530030608
10438	10439	0.0682530030608
10439	10438	0.0682530030608
10439	10440	0.0682530030608
10440	10439	0.0682530030608
10440	10441	0.0682530030608
10441	10440	0.0682530030608
10441	10442	0.0682530030608
10442	10441	0.0682530030608
10442	10443	0.0682530030608
10443	10442	0.0682530030608
10443	10444	0.0682530030608
10444	10443	0.0682530030608
10444	10445	0.0682530030608
10445	10444	0.0682530030608
10445	10446	0.0682530030608
10446	10445	0.0682530030608
10446	10447	0.0682530030608
10447	10446	0.0682530030608
10447	10448	0.0682530030608
10448	10447	0.0682530030608
10448	10449	0.0682530030608
10449	10448	0.0682530030608
10449	10450	0.0682530030608
10450	10449	0.0682530030608
10450	10451	0.059632498771
10450	10503	0.0473114997149
10451	10450	0.059632498771
10451	10452	0.059632498771
10452	10451	0.059632498771
10452	10453	0.059632498771
10453	10452	0.059632498771
10453	10454	0.059632498771
10454	10453	0.059632498771
10454	10455	0.059632498771
10455	10454	0.059632498771
10455	10456	0.059632498771
10456	10455	0.059632498771
10456	10457	0.059632498771
10457	10456	0.059632498771
10457	10458	0.059632498771
10458	10457	0.059632498771
10458	10459	0.059632498771
10459	10458	0.059632498771
10459	10460	0.059632498771
10460	10459	0.059632498771
10460	10461	0.059632498771
10461	10460	0.059632498771
10461	10462	0.059632498771
10462	10461	0.059632498771
10462	10463	0.059632498771
10463	10462	0.059632498771
10463	10464	0.059632498771
10464	10463	0.059632498771
10464	10465	0.059632498771
10465	10464	0.059632498771
10465	10466	0.059632498771
10466	10465	0.059632498771
10466	10467	0.059632498771
10467	10466	0.059632498771
10467	10468	0.059632498771
10468	10467	0.059632498771
10468	10469	0.059632498771
10469	10468	0.059632498771
10469	10470	0.059632498771
10470	10469	0.059632498771
10470	10471	0.0442860014737
10470	10483	0.050026498735
10471	10470	0.0442860014737
10471	10472	0.0442860014737
10472	10471	0.0442860014737
10472	10473	0.0442860014737
10473	10472	0.0442860014737
10473	10474	0.0442860014737
10474	10473	0.0442860014737
10474	10475	0.0442860014737
10475	10474	0.0442860014737
10475	10476	0.0442860014737
10476	10475	0.0442860014737
10476	10477	0.0442860014737
10477	10476	0.0442860014737
10477	10478	0.0442860014737
10478	10477	0.0442860014737
10478	10479	0.0442860014737
10479	10478	0.0442860014737
10479	10480	0.0442860014737
10480	10479	0.0442860014737
10480	10481	0.0442860014737
10481	10480	0.0442860014737
10481	10482	0.0442860014737
10482	10481	0.0442860014737
10483	10470	0.050026498735
10483	10484	0.050026498735
10484	10483	0.050026498735
10484	10485	0.050026498735
10485	10484	0.050026498735
10485	10486	0.050026498735
10486	10485	0.050026498735
10486	10487	0.050026498735
10487	10486	0.050026498735
10487	10488	0.050026498735
10488	10487	0.050026498735
10488	10489	0.050026498735
10489	10488	0.050026498735
10489	10490	0.050026498735
10490	10489	0.050026498735
10490	10491	0.050026498735
10491	10490	0.050026498735
10491	10492	0.050026498735
10492	10491	0.050026498735
10492	10493	0.050026498735
10493	10492	0.050026498735
10493	10494	0.050026498735
10494	10493	0.050026498735
10494	10495	0.050026498735
10495	10494	0.050026498735
10495	10496	0.050026498735
10496	10495	0.050026498735
10496	10497	0.050026498735
10497	10496	0.050026498735
10497	10498	0.050026498735
10498	10497	0.050026498735
10498	10499	0.050026498735
10499	10498	0.050026498735
10499	10500	0.050026498735
10500	10499	0.050026498735
10500	10501	0.050026498735
10501	10500	0.050026498735
10501	10502	0.050026498735
10502	10501	0.050026498735
10503	10450	0.0473114997149
10503	10504	0.0473114997149
10504	10503	0.0473114997149
10504	10505	0.0473114997149
10505	10504	0.0473114997149
10505	10506	0.0473114997149
10506	10505	0.0473114997149
10506	10507	0.0473114997149
10507	10506	0.0473114997149
10507	10508	0.0473114997149
10508	10507	0.0473114997149
10508	10509	0.0473114997149
10509	10508	0.0473114997149
10509	10510	0.0473114997149
10510	10509	0.0473114997149
10510	10511	0.0473114997149
10511	10510	0.0473114997149
10511	10512	0.0473114997149
10512	10511	0.0473114997149
10512	10513	0.0473114997149
10513	10512	0.0473114997149
10513	10514	0.0473114997149
10514	10513	0.0473114997149
10514	10515	0.0473114997149
10515	10514	0.0473114997149
10515	10516	0.0473114997149
10516	10515	0.0473114997149
10516	10517	0.0473114997149
10517	10516	0.0473114997149
10517	10518	0.0473114997149
10518	10517	0.0473114997149
10518	10519	0.0473114997149
10519	10518	0.0473114997149
10519	10520	0.0473114997149
10520	10519	0.0473114997149
10520	10521	0.0473114997149
10521	10520	0.0473114997149
10521	10522	0.0473114997149
10522	10521	0.0473114997149
10522	10523	0.0473114997149
10523	10522	0.0473114997149
10523	10524	0.0473114997149
10524	10523	0.0473114997149
10524	10525	0.0473114997149
10525	10524	0.0473114997149
10525	10526	0.0473114997149
10526	10525	0.0473114997149
10526	10527	0.0473114997149
10527	10526	0.0473114997149
10527	10528	0.0473114997149
10528	10527	0.0473114997149
10528	10529	0.0473114997149
10529	10528	0.0473114997149
10529	10530	0.0473114997149
10530	10529	0.0473114997149
10530	10531	0.0473114997149
10531	10530	0.0473114997149
10531	10532	0.0473114997149
10532	10531	0.0473114997149
10532	10533	0.0473114997149
10533	10532	0.0473114997149
10533	10534	0.0473114997149
10534	10533	0.0473114997149
10535	10296	0.035816501826
10535	10536	0.035816501826
10536	10535	0.035816501826
10536	10537	0.035816501826
10537	10536	0.035816501826
10537	10538	0.035816501826
10538	10537	0.035816501826
10538	10539	0.035816501826
10539	10538	0.035816501826
10539	10540	0.035816501826
10540	10539	0.035816501826
10540	10541	0.035816501826
10541	10540	0.035816501826
10541	10542	0.035816501826
10542	10541	0.035816501826
10542	10543	0.035816501826
10543	10542	0.035816501826
10543	10544	0.035816501826
10544	10543	0.035816501826
10544	10545	0.035816501826
10545	10544	0.035816501826
10545	10546	0.035816501826
10546	10545	0.035816501826
10546	10547	0.035816501826
10547	10546	0.035816501826
10547	10548	0.035816501826
10548	10547	0.035816501826
10548	10549	0.035816501826
10549	10548	0.035816501826
10549	10550	0.035816501826
10550	10549	0.035816501826
10550	10551	0.035816501826
10551	10550	0.035816501826
10551	10552	0.035816501826
10552	10551	0.035816501826
10552	10553	0.035816501826
10553	10552	0.035816501826
10553	10554	0.035816501826
10554	10553	0.035816501826
10554	10555	0.035816501826
10555	10554	0.035816501826
10555	10556	0.035816501826
10556	10555	0.035816501826
10556	10557	0.035816501826
10557	10556	0.035816501826
10558	10280	0.0366830006242
10558	10559	0.0366830006242
10559	10558	0.0366830006242
10559	10560	0.0366830006242
10560	10559	0.0366830006242
10560	10561	0.0366830006242
10561	10560	0.0366830006242
10561	10562	0.0366830006242
10562	10561	0.0366830006242
10562	10563	0.0366830006242
10563	10562	0.0366830006242
10563	10564	0.0366830006242
10564	10563	0.0366830006242
10564	10565	0.0366830006242
10565	10564	0.0366830006242
10565	10566	0.0366830006242
10566	10565	0.0366830006242
10566	10567	0.0366830006242
10567	10566	0.0366830006242
10567	10568	0.0366830006242
10568	10567	0.0366830006242
10568	10569	0.0366830006242
10569	10568	0.0366830006242
10569	10570	0.0366830006242
10570	10569	0.0366830006242
10570	10571	0.0366830006242
10571	10570	0.0366830006242
10571	10572	0.0366830006242
10572	10571	0.0366830006242
10572	10573	0.0366830006242
10573	10572	0.0366830006242
10573	10574	0.0366830006242
10574	10573	0.0366830006242
10574	10575	0.0366830006242
10575	10574	0.0366830006242
10575	10576	0.0366830006242
10576	10575	0.0366830006242
10576	10577	0.0366830006242
10577	10576	0.0366830006242
10577	10578	0.0366830006242
10578	10577	0.0366830006242
10578	10579	0.0366830006242
10579	10578	0.0366830006242
10579	10580	0.0366830006242
10580	10579	0.0366830006242
10580	10581	0.0366830006242
10581	10580	0.0366830006242
10581	10582	0.0366830006242
10582	10581	0.0366830006242
10582	10583	0.0366830006242
10583	10582	0.0366830006242
10583	10584	0.0366830006242
10584	10583	0.0366830006242
10584	10585	0.0366830006242
10585	10584	0.0366830006242
10585	10586	0.0366830006242
10586	10585	0.0366830006242
10586	10587	0.0366830006242
10587	10586	0.0366830006242
10588	1932	0.0314240008593
10588	10589	0.0314240008593
10589	10588	0.0314240008593
10589	10590	0.0314240008593
10590	10589	0.0314240008593
10590	10591	0.0314240008593
10591	10590	0.0314240008593
10591	10592	0.0314240008593
10592	10591	0.0314240008593
10592	10593	0.0314240008593
10593	10592	0.0314240008593
10593	10594	0.0314240008593
10594	10593	0.0314240008593
10594	10595	0.0314240008593
10595	10594	0.0314240008593
10595	10596	0.0314240008593
10596	10595	0.0314240008593
10596	10597	0.0314240008593
10597	10596	0.0314240008593
10597	10598	0.0314240008593
10598	10597	0.0314240008593
10598	10599	0.0314240008593
10599	10598	0.0314240008593
10599	10600	0.0314240008593
10600	10599	0.0314240008593
10600	10601	0.0314240008593
10601	10600	0.0314240008593
10601	10602	0.0314240008593
10602	10601	0.0314240008593
10602	10603	0.0314240008593
10603	10602	0.0314240008593
10603	10604	0.0314240008593
10604	10603	0.0314240008593
10604	10605	0.0314240008593
10605	10604	0.0314240008593
10605	10606	0.0314240008593
10606	10605	0.0314240008593
10606	10607	0.0314240008593
10607	10606	0.0314240008593
10607	10608	0.0314240008593
10608	10607	0.0314240008593
10608	10609	0.0314240008593
10609	10608	0.0314240008593
10609	10610	0.0314240008593
10610	10609	0.0314240008593
10610	10611	0.0314240008593
10611	10610	0.0314240008593
10612	1392	0.202510505915
10612	10613	0.202510505915
10613	10612	0.202510505915
10613	10614	0.202510505915
10614	10613	0.202510505915
10614	10615	0.202510505915
10615	10614	0.202510505915
10615	10616	0.202510505915
10616	10615	0.202510505915
10616	10617	0.202510505915
10617	10616	0.202510505915
10617	10618	0.202510505915
10618	10617	0.202510505915
10618	10619	0.202510505915
10619	10618	0.202510505915
10619	10620	0.202510505915
10620	10619	0.202510505915
10620	10621	0.202510505915
10621	10620	0.202510505915
10621	10622	0.202510505915
10622	10621	0.202510505915
10622	10623	0.202510505915
10623	10622	0.202510505915
10623	10624	0.202510505915
10624	10623	0.202510505915
10624	10625	0.202510505915
10625	10624	0.202510505915
10625	10626	0.202510505915
10626	10625	0.202510505915
10626	10627	0.202510505915
10627	10626	0.202510505915
10627	10628	0.202510505915
10628	10627	0.202510505915
10628	10629	0.199310496449
10628	14441	0.0729049965739
10629	10628	0.199310496449
10629	10630	0.199310496449
10630	10629	0.199310496449
10630	10631	0.199310496449
10631	10630	0.199310496449
10631	10632	0.199310496449
10632	10631	0.199310496449
10632	10633	0.199310496449
10633	10632	0.199310496449
10633	10634	0.199310496449
10634	10633	0.199310496449
10634	10635	0.199310496449
10635	10634	0.199310496449
10635	10636	0.199310496449
10636	10635	0.199310496449
10636	10637	0.0337755009532
10636	10673	0.198986500502
10637	10636	0.0337755009532
10637	10638	0.0337755009532
10638	10637	0.0337755009532
10638	10639	0.0337755009532
10639	10638	0.0337755009532
10639	10640	0.0337755009532
10640	10639	0.0337755009532
10640	10641	0.0337755009532
10641	10640	0.0337755009532
10641	10642	0.0337755009532
10642	10641	0.0337755009532
10642	10643	0.0337755009532
10643	10642	0.0337755009532
10643	10644	0.0337755009532
10644	10643	0.0337755009532
10644	10645	0.0337755009532
10645	10644	0.0337755009532
10645	10646	0.0337755009532
10646	10645	0.0337755009532
10646	10647	0.0337755009532
10647	10646	0.0337755009532
10647	10648	0.0337755009532
10648	10647	0.0337755009532
10648	10649	0.0337755009532
10649	10648	0.0337755009532
10649	10650	0.0337755009532
10650	10649	0.0337755009532
10650	10651	0.0337755009532
10651	10650	0.0337755009532
10651	10652	0.0337755009532
10652	10651	0.0337755009532
10652	10653	0.0337755009532
10653	10652	0.0337755009532
10653	10654	0.0337755009532
10654	10653	0.0337755009532
10654	10655	0.0337755009532
10655	10654	0.0337755009532
10655	10656	0.0337755009532
10656	10655	0.0337755009532
10656	10657	0.0337755009532
10657	10656	0.0337755009532
10657	10658	0.0337755009532
10658	10657	0.0337755009532
10658	10659	0.0337755009532
10659	10658	0.0337755009532
10659	10660	0.0337755009532
10660	10659	0.0337755009532
10660	10661	0.0337755009532
10661	10660	0.0337755009532
10661	10662	0.0337755009532
10662	10661	0.0337755009532
10662	10663	0.0337755009532
10663	10662	0.0337755009532
10663	10664	0.0337755009532
10664	10663	0.0337755009532
10664	10665	0.0337755009532
10665	10664	0.0337755009532
10665	10666	0.0337755009532
10666	10665	0.0337755009532
10666	10667	0.0337755009532
10667	10666	0.0337755009532
10667	10668	0.0337755009532
10668	10667	0.0337755009532
10668	10669	0.0337755009532
10669	10668	0.0337755009532
10669	10670	0.0337755009532
10670	10669	0.0337755009532
10670	10671	0.0337755009532
10671	10670	0.0337755009532
10671	10672	0.0337755009532
10672	10671	0.0337755009532
10673	10636	0.198986500502
10673	10674	0.198986500502
10674	10673	0.198986500502
10674	10675	0.198986500502
10675	10674	0.198986500502
10675	10676	0.198986500502
10676	10675	0.198986500502
10676	10677	0.197943493724
10676	14348	0.0497694984078
10677	10676	0.197943493724
10677	10678	0.197943493724
10678	10677	0.197943493724
10678	10679	0.197943493724
10679	10678	0.197943493724
10679	10680	0.197943493724
10680	10679	0.197943493724
10680	10681	0.0309184994549
10680	10705	0.197691500187
10681	10680	0.0309184994549
10681	10682	0.0309184994549
10682	10681	0.0309184994549
10682	10683	0.0309184994549
10683	10682	0.0309184994549
10683	10684	0.0309184994549
10684	10683	0.0309184994549
10684	10685	0.0309184994549
10685	10684	0.0309184994549
10685	10686	0.0309184994549
10686	10685	0.0309184994549
10686	10687	0.0309184994549
10687	10686	0.0309184994549
10687	10688	0.0309184994549
10688	10687	0.0309184994549
10688	10689	0.0309184994549
10689	10688	0.0309184994549
10689	10690	0.0309184994549
10690	10689	0.0309184994549
10690	10691	0.0309184994549
10691	10690	0.0309184994549
10691	10692	0.0309184994549
10692	10691	0.0309184994549
10692	10693	0.0309184994549
10693	10692	0.0309184994549
10693	10694	0.0309184994549
10694	10693	0.0309184994549
10694	10695	0.0309184994549
10695	10694	0.0309184994549
10695	10696	0.0309184994549
10696	10695	0.0309184994549
10696	10697	0.0309184994549
10697	10696	0.0309184994549
10697	10698	0.0309184994549
10698	10697	0.0309184994549
10698	10699	0.0309184994549
10699	10698	0.0309184994549
10699	10700	0.0309184994549
10700	10699	0.0309184994549
10700	10701	0.0309184994549
10701	10700	0.0309184994549
10701	10702	0.0309184994549
10702	10701	0.0309184994549
10702	10703	0.0309184994549
10703	10702	0.0309184994549
10703	10704	0.0309184994549
10704	10703	0.0309184994549
10705	10680	0.197691500187
10705	10706	0.197691500187
10706	10705	0.197691500187
10706	10707	0.197691500187
10707	10706	0.197691500187
10707	10708	0.197691500187
10708	10707	0.197691500187
10708	10709	0.197691500187
10709	10708	0.197691500187
10709	10710	0.197691500187
10710	10709	0.197691500187
10710	10711	0.197691500187
10711	10710	0.197691500187
10711	10712	0.197691500187
10712	10711	0.197691500187
10712	10713	0.197691500187
10713	10712	0.197691500187
10713	10714	0.197691500187
10714	10713	0.197691500187
10714	10715	0.197691500187
10715	10714	0.197691500187
10715	10716	0.197691500187
10716	10715	0.197691500187
10716	10717	0.197691500187
10717	10716	0.197691500187
10717	10718	0.197691500187
10718	10717	0.197691500187
10718	10719	0.197691500187
10719	10718	0.197691500187
10719	10720	0.197691500187
10720	10719	0.197691500187
10720	10721	0.197691500187
10721	10720	0.197691500187
10721	10722	0.197691500187
10722	10721	0.197691500187
10722	10723	0.197691500187
10723	10722	0.197691500187
10723	10724	0.197691500187
10724	10723	0.197691500187
10724	10725	0.197691500187
10725	10724	0.197691500187
10725	10726	0.197691500187
10726	10725	0.197691500187
10726	10727	0.197691500187
10727	10726	0.197691500187
10727	10728	0.197691500187
10728	10727	0.197691500187
10728	10729	0.197691500187
10729	10728	0.197691500187
10729	10730	0.197691500187
10730	10729	0.197691500187
10730	10731	0.197691500187
10731	10730	0.197691500187
10731	10732	0.197691500187
10732	10731	0.197691500187
10732	10733	0.197691500187
10733	10732	0.197691500187
10733	10734	0.197691500187
10734	10733	0.197691500187
10734	10735	0.197691500187
10735	10734	0.197691500187
10735	10736	0.197691500187
10736	10735	0.197691500187
10736	10737	0.197691500187
10737	10736	0.197691500187
10737	10738	0.197691500187
10738	10737	0.197691500187
10738	10739	0.197691500187
10739	10738	0.197691500187
10739	10740	0.197691500187
10740	10739	0.197691500187
10740	10741	0.197691500187
10741	10740	0.197691500187
10741	10742	0.197691500187
10742	10741	0.197691500187
10742	10743	0.197691500187
10743	10742	0.197691500187
10743	10744	0.197691500187
10744	10743	0.197691500187
10744	10745	0.197691500187
10745	10744	0.197691500187
10745	10746	0.197691500187
10746	10745	0.197691500187
10746	10747	0.197691500187
10747	10746	0.197691500187
10747	10748	0.197691500187
10748	10747	0.197691500187
10748	10749	0.197691500187
10749	10748	0.197691500187
10749	10750	0.197691500187
10750	10749	0.197691500187
10750	10751	0.197691500187
10751	10750	0.197691500187
10751	10752	0.197691500187
10752	10751	0.197691500187
10752	10753	0.197691500187
10753	10752	0.197691500187
10753	10754	0.197691500187
10754	10753	0.197691500187
10754	10755	0.197691500187
10755	10754	0.197691500187
10755	10756	0.197691500187
10756	10755	0.197691500187
10756	10757	0.197691500187
10757	10756	0.197691500187
10757	10758	0.196517497301
10757	14250	0.0515279993415
10758	10757	0.196517497301
10758	10759	0.196517497301
10759	10758	0.196517497301
10759	10760	0.196517497301
10760	10759	0.196517497301
10760	10761	0.196517497301
10761	10760	0.196517497301
10761	10762	0.196517497301
10762	10761	0.196517497301
10762	10763	0.196517497301
10763	10762	0.196517497301
10763	10764	0.196517497301
10764	10763	0.196517497301
10764	10765	0.196517497301
10765	10764	0.196517497301
10765	10766	0.196517497301
10766	10765	0.196517497301
10766	10767	0.196517497301
10767	10766	0.196517497301
10767	10768	0.196517497301
10768	10767	0.196517497301
10768	10769	0.196517497301
10769	10768	0.196517497301
10769	10770	0.196517497301
10770	10769	0.196517497301
10770	10771	0.0537699982524
10770	10881	0.195166498423
10771	10770	0.0537699982524
10771	10772	0.0537699982524
10772	10771	0.0537699982524
10772	10773	0.0537699982524
10773	10772	0.0537699982524
10773	10774	0.0537699982524
10774	10773	0.0537699982524
10774	10775	0.0537699982524
10775	10774	0.0537699982524
10775	10776	0.0537699982524
10776	10775	0.0537699982524
10776	10777	0.0537699982524
10777	10776	0.0537699982524
10777	10778	0.0537699982524
10778	10777	0.0537699982524
10778	10779	0.0537699982524
10779	10778	0.0537699982524
10779	10780	0.0537699982524
10780	10779	0.0537699982524
10780	10781	0.0537699982524
10781	10780	0.0537699982524
10781	10782	0.0537699982524
10782	10781	0.0537699982524
10782	10783	0.0537699982524
10783	10782	0.0537699982524
10783	10784	0.0537699982524
10784	10783	0.0537699982524
10784	10785	0.0537699982524
10785	10784	0.0537699982524
10785	10786	0.0449419990182
10785	10835	0.0401430018246
10786	10785	0.0449419990182
10786	10787	0.0449419990182
10787	10786	0.0449419990182
10787	10788	0.0449419990182
10788	10787	0.0449419990182
10788	10789	0.0449419990182
10789	10788	0.0449419990182
10789	10790	0.0449419990182
10790	10789	0.0449419990182
10790	10791	0.0449419990182
10791	10790	0.0449419990182
10791	10792	0.0449419990182
10792	10791	0.0449419990182
10792	10793	0.0449419990182
10793	10792	0.0449419990182
10793	10794	0.0449419990182
10794	10793	0.0449419990182
10794	10795	0.0449419990182
10795	10794	0.0449419990182
10795	10796	0.0449419990182
10796	10795	0.0449419990182
10796	10797	0.0449419990182
10797	10796	0.0449419990182
10797	10798	0.0449419990182
10798	10797	0.0449419990182
10798	10799	0.0449419990182
10799	10798	0.0449419990182
10799	10800	0.0449419990182
10800	10799	0.0449419990182
10800	10801	0.0329089984298
10800	10813	0.0380599983037
10801	10800	0.0329089984298
10801	10802	0.0329089984298
10802	10801	0.0329089984298
10802	10803	0.0329089984298
10803	10802	0.0329089984298
10803	10804	0.0329089984298
10804	10803	0.0329089984298
10804	10805	0.0329089984298
10805	10804	0.0329089984298
10805	10806	0.0329089984298
10806	10805	0.0329089984298
10806	10807	0.0329089984298
10807	10806	0.0329089984298
10807	10808	0.0329089984298
10808	10807	0.0329089984298
10808	10809	0.0329089984298
10809	10808	0.0329089984298
10809	10810	0.0329089984298
10810	10809	0.0329089984298
10810	10811	0.0329089984298
10811	10810	0.0329089984298
10811	10812	0.0329089984298
10812	10811	0.0329089984298
10813	10800	0.0380599983037
10813	10814	0.0380599983037
10814	10813	0.0380599983037
10814	10815	0.0380599983037
10815	10814	0.0380599983037
10815	10816	0.0380599983037
10816	10815	0.0380599983037
10816	10817	0.0380599983037
10817	10816	0.0380599983037
10817	10818	0.0380599983037
10818	10817	0.0380599983037
10818	10819	0.0380599983037
10819	10818	0.0380599983037
10819	10820	0.0380599983037
10820	10819	0.0380599983037
10820	10821	0.0380599983037
10821	10820	0.0380599983037
10821	10822	0.0380599983037
10822	10821	0.0380599983037
10822	10823	0.0380599983037
10823	10822	0.0380599983037
10823	10824	0.0380599983037
10824	10823	0.0380599983037
10824	10825	0.0380599983037
10825	10824	0.0380599983037
10825	10826	0.0380599983037
10826	10825	0.0380599983037
10826	10827	0.0380599983037
10827	10826	0.0380599983037
10827	10828	0.0380599983037
10828	10827	0.0380599983037
10828	10829	0.0380599983037
10829	10828	0.0380599983037
10829	10830	0.0380599983037
10830	10829	0.0380599983037
10830	10831	0.0380599983037
10831	10830	0.0380599983037
10831	10832	0.0380599983037
10832	10831	0.0380599983037
10832	10833	0.0380599983037
10833	10832	0.0380599983037
10833	10834	0.0380599983037
10834	10833	0.0380599983037
10835	10785	0.0401430018246
10835	10836	0.0401430018246
10836	10835	0.0401430018246
10836	10837	0.0401430018246
10837	10836	0.0401430018246
10837	10838	0.0401430018246
10838	10837	0.0401430018246
10838	10839	0.0401430018246
10839	10838	0.0401430018246
10839	10840	0.0401430018246
10840	10839	0.0401430018246
10840	10841	0.0401430018246
10841	10840	0.0401430018246
10841	10842	0.0401430018246
10842	10841	0.0401430018246
10842	10843	0.0401430018246
10843	10842	0.0401430018246
10843	10844	0.0401430018246
10844	10843	0.0401430018246
10844	10845	0.0401430018246
10845	10844	0.0401430018246
10845	10846	0.0401430018246
10846	10845	0.0401430018246
10846	10847	0.0401430018246
10847	10846	0.0401430018246
10847	10848	0.0401430018246
10848	10847	0.0401430018246
10848	10849	0.0401430018246
10849	10848	0.0401430018246
10849	10850	0.0401430018246
10850	10849	0.0401430018246
10850	10851	0.0401430018246
10851	10850	0.0401430018246
10851	10852	0.0401430018246
10852	10851	0.0401430018246
10852	10853	0.0401430018246
10853	10852	0.0401430018246
10853	10854	0.0401430018246
10854	10853	0.0401430018246
10854	10855	0.0401430018246
10855	10854	0.0401430018246
10855	10856	0.0401430018246
10856	10855	0.0401430018246
10856	10857	0.0401430018246
10857	10856	0.0401430018246
10857	10858	0.0401430018246
10858	10857	0.0401430018246
10858	10859	0.0401430018246
10859	10858	0.0401430018246
10859	10860	0.0401430018246
10860	10859	0.0401430018246
10860	10861	0.0401430018246
10861	10860	0.0401430018246
10861	10862	0.0401430018246
10862	10861	0.0401430018246
10862	10863	0.0401430018246
10863	10862	0.0401430018246
10863	10864	0.0401430018246
10864	10863	0.0401430018246
10864	10865	0.0401430018246
10865	10864	0.0401430018246
10865	10866	0.0401430018246
10866	10865	0.0401430018246
10866	10867	0.0401430018246
10867	10866	0.0401430018246
10867	10868	0.0401430018246
10868	10867	0.0401430018246
10868	10869	0.0401430018246
10869	10868	0.0401430018246
10869	10870	0.0401430018246
10870	10869	0.0401430018246
10870	10871	0.0401430018246
10871	10870	0.0401430018246
10871	10872	0.0401430018246
10872	10871	0.0401430018246
10872	10873	0.0401430018246
10873	10872	0.0401430018246
10873	10874	0.0401430018246
10874	10873	0.0401430018246
10874	10875	0.0401430018246
10875	10874	0.0401430018246
10875	10876	0.0401430018246
10876	10875	0.0401430018246
10876	10877	0.0401430018246
10877	10876	0.0401430018246
10877	10878	0.0401430018246
10878	10877	0.0401430018246
10878	10879	0.0401430018246
10879	10878	0.0401430018246
10879	10880	0.0401430018246
10880	10879	0.0401430018246
10881	10770	0.195166498423
10881	10882	0.195166498423
10882	10881	0.195166498423
10882	10883	0.195166498423
10883	10882	0.195166498423
10883	10884	0.195166498423
10884	10883	0.195166498423
10884	10885	0.195166498423
10885	10884	0.195166498423
10885	10886	0.195166498423
10886	10885	0.195166498423
10886	10887	0.195166498423
10887	10886	0.195166498423
10887	10888	0.195166498423
10888	10887	0.195166498423
10888	10889	0.195166498423
10889	10888	0.195166498423
10889	10890	0.195166498423
10890	10889	0.195166498423
10890	10891	0.195166498423
10891	10890	0.195166498423
10891	10892	0.195166498423
10892	10891	0.195166498423
10892	10893	0.195166498423
10893	10892	0.195166498423
10893	10894	0.0485839992762
10893	10980	0.194158002734
10894	10893	0.0485839992762
10894	10895	0.0485839992762
10895	10894	0.0485839992762
10895	10896	0.0485839992762
10896	10895	0.0485839992762
10896	10897	0.0485839992762
10897	10896	0.0485839992762
10897	10898	0.0485839992762
10898	10897	0.0485839992762
10898	10899	0.0485839992762
10899	10898	0.0485839992762
10899	10900	0.0485839992762
10900	10899	0.0485839992762
10900	10901	0.0485839992762
10901	10900	0.0485839992762
10901	10902	0.0485839992762
10902	10901	0.0485839992762
10902	10903	0.0485839992762
10903	10902	0.0485839992762
10903	10904	0.0485839992762
10904	10903	0.0485839992762
10904	10905	0.0485839992762
10905	10904	0.0485839992762
10905	10906	0.0485839992762
10906	10905	0.0485839992762
10906	10907	0.0485839992762
10907	10906	0.0485839992762
10907	10908	0.0485839992762
10908	10907	0.0485839992762
10908	10909	0.0485839992762
10909	10908	0.0485839992762
10909	10910	0.0485839992762
10910	10909	0.0485839992762
10910	10911	0.0485839992762
10911	10910	0.0485839992762
10911	10912	0.0485839992762
10912	10911	0.0485839992762
10912	10913	0.0485839992762
10913	10912	0.0485839992762
10913	10914	0.0485839992762
10914	10913	0.0485839992762
10914	10915	0.0485839992762
10915	10914	0.0485839992762
10915	10916	0.0485839992762
10916	10915	0.0485839992762
10916	10917	0.0485839992762
10917	10916	0.0485839992762
10917	10918	0.0485839992762
10918	10917	0.0485839992762
10918	10919	0.0410210005939
10918	10958	0.0357395000756
10919	10918	0.0410210005939
10919	10920	0.0410210005939
10920	10919	0.0410210005939
10920	10921	0.0410210005939
10921	10920	0.0410210005939
10921	10922	0.0410210005939
10922	10921	0.0410210005939
10922	10923	0.0410210005939
10923	10922	0.0410210005939
10923	10924	0.0410210005939
10924	10923	0.0410210005939
10924	10925	0.0410210005939
10925	10924	0.0410210005939
10925	10926	0.0410210005939
10926	10925	0.0410210005939
10926	10927	0.0410210005939
10927	10926	0.0410210005939
10927	10928	0.0410210005939
10928	10927	0.0410210005939
10928	10929	0.0410210005939
10929	10928	0.0410210005939
10929	10930	0.0410210005939
10930	10929	0.0410210005939
10930	10931	0.0410210005939
10931	10930	0.0410210005939
10931	10932	0.0410210005939
10932	10931	0.0410210005939
10932	10933	0.0410210005939
10933	10932	0.0410210005939
10933	10934	0.0410210005939
10934	10933	0.0410210005939
10934	10935	0.0410210005939
10935	10934	0.0410210005939
10935	10936	0.0410210005939
10936	10935	0.0410210005939
10936	10937	0.0410210005939
10937	10936	0.0410210005939
10937	10938	0.0410210005939
10938	10937	0.0410210005939
10938	10939	0.0410210005939
10939	10938	0.0410210005939
10939	10940	0.0410210005939
10940	10939	0.0410210005939
10940	10941	0.0410210005939
10941	10940	0.0410210005939
10941	10942	0.0410210005939
10942	10941	0.0410210005939
10942	10943	0.0410210005939
10943	10942	0.0410210005939
10943	10944	0.0410210005939
10944	10943	0.0410210005939
10944	10945	0.0410210005939
10945	10944	0.0410210005939
10945	10946	0.0410210005939
10946	10945	0.0410210005939
10946	10947	0.0410210005939
10947	10946	0.0410210005939
10947	10948	0.0410210005939
10948	10947	0.0410210005939
10948	10949	0.0410210005939
10949	10948	0.0410210005939
10949	10950	0.0410210005939
10950	10949	0.0410210005939
10950	10951	0.0410210005939
10951	10950	0.0410210005939
10951	10952	0.0410210005939
10952	10951	0.0410210005939
10952	10953	0.0410210005939
10953	10952	0.0410210005939
10953	10954	0.0410210005939
10954	10953	0.0410210005939
10954	10955	0.0410210005939
10955	10954	0.0410210005939
10955	10956	0.0410210005939
10956	10955	0.0410210005939
10956	10957	0.0410210005939
10957	10956	0.0410210005939
10958	10918	0.0357395000756
10958	10959	0.0357395000756
10959	10958	0.0357395000756
10959	10960	0.0357395000756
10960	10959	0.0357395000756
10960	10961	0.0357395000756
10961	10960	0.0357395000756
10961	10962	0.0357395000756
10962	10961	0.0357395000756
10962	10963	0.0357395000756
10963	10962	0.0357395000756
10963	10964	0.0357395000756
10964	10963	0.0357395000756
10964	10965	0.0357395000756
10965	10964	0.0357395000756
10965	10966	0.0357395000756
10966	10965	0.0357395000756
10966	10967	0.0357395000756
10967	10966	0.0357395000756
10967	10968	0.0357395000756
10968	10967	0.0357395000756
10968	10969	0.0357395000756
10969	10968	0.0357395000756
10969	10970	0.0357395000756
10970	10969	0.0357395000756
10970	10971	0.0357395000756
10971	10970	0.0357395000756
10971	10972	0.0357395000756
10972	10971	0.0357395000756
10972	10973	0.0357395000756
10973	10972	0.0357395000756
10973	10974	0.0357395000756
10974	10973	0.0357395000756
10974	10975	0.0357395000756
10975	10974	0.0357395000756
10975	10976	0.0357395000756
10976	10975	0.0357395000756
10976	10977	0.0357395000756
10977	10976	0.0357395000756
10977	10978	0.0357395000756
10978	10977	0.0357395000756
10978	10979	0.0357395000756
10979	10978	0.0357395000756
10980	10893	0.194158002734
10980	10981	0.194158002734
10981	10980	0.194158002734
10981	10982	0.194158002734
10982	10981	0.194158002734
10982	10983	0.194158002734
10983	10982	0.194158002734
10983	10984	0.194158002734
10984	10983	0.194158002734
10984	10985	0.194158002734
10985	10984	0.194158002734
10985	10986	0.194158002734
10986	10985	0.194158002734
10986	10987	0.194158002734
10987	10986	0.194158002734
10987	10988	0.194158002734
10988	10987	0.194158002734
10988	10989	0.194158002734
10989	10988	0.194158002734
10989	10990	0.194158002734
10990	10989	0.194158002734
10990	10991	0.194158002734
10991	10990	0.194158002734
10991	10992	0.194158002734
10992	10991	0.194158002734
10992	10993	0.193882495165
10992	14229	0.0314529985189
10993	10992	0.193882495165
10993	10994	0.193882495165
10994	10993	0.193882495165
10994	10995	0.193882495165
10995	10994	0.193882495165
10995	10996	0.193882495165
10996	10995	0.193882495165
10996	10997	0.193882495165
10997	10996	0.193882495165
10997	10998	0.193882495165
10998	10997	0.193882495165
10998	10999	0.193882495165
10999	10998	0.193882495165
10999	11000	0.193882495165
11000	10999	0.193882495165
11000	11001	0.193882495165
11001	11000	0.193882495165
11001	11002	0.193882495165
11002	11001	0.193882495165
11002	11003	0.193882495165
11003	11002	0.193882495165
11003	11004	0.193882495165
11004	11003	0.193882495165
11004	11005	0.193882495165
11005	11004	0.193882495165
11005	11006	0.0728129968047
11005	11225	0.190396994352
11006	11005	0.0728129968047
11006	11007	0.0728129968047
11007	11006	0.0728129968047
11007	11008	0.0728129968047
11008	11007	0.0728129968047
11008	11009	0.0728129968047
11009	11008	0.0728129968047
11009	11010	0.0728129968047
11010	11009	0.0728129968047
11010	11011	0.0728129968047
11011	11010	0.0728129968047
11011	11012	0.0728129968047
11012	11011	0.0728129968047
11012	11013	0.0728129968047
11013	11012	0.0728129968047
11013	11014	0.0728129968047
11014	11013	0.0728129968047
11014	11015	0.0728129968047
11015	11014	0.0728129968047
11015	11016	0.0728129968047
11016	11015	0.0728129968047
11016	11017	0.0728129968047
11017	11016	0.0728129968047
11017	11018	0.0728129968047
11018	11017	0.0728129968047
11018	11019	0.0728129968047
11019	11018	0.0728129968047
11019	11020	0.0728129968047
11020	11019	0.0728129968047
11020	11021	0.0728129968047
11021	11020	0.0728129968047
11021	11022	0.0728129968047
11022	11021	0.0728129968047
11022	11023	0.0710320025682
11022	11211	0.0302374996245
11023	11022	0.0710320025682
11023	11024	0.0710320025682
11024	11023	0.0710320025682
11024	11025	0.0710320025682
11025	11024	0.0710320025682
11025	11026	0.0710320025682
11026	11025	0.0710320025682
11026	11027	0.0710320025682
11027	11026	0.0710320025682
11027	11028	0.0710320025682
11028	11027	0.0710320025682
11028	11029	0.0710320025682
11029	11028	0.0710320025682
11029	11030	0.0710320025682
11030	11029	0.0710320025682
11030	11031	0.0710320025682
11031	11030	0.0710320025682
11031	11032	0.0710320025682
11032	11031	0.0710320025682
11032	11033	0.0710320025682
11033	11032	0.0710320025682
11033	11034	0.0710320025682
11034	11033	0.0710320025682
11034	11035	0.0710320025682
11035	11034	0.0710320025682
11035	11036	0.0710320025682
11036	11035	0.0710320025682
11036	11037	0.0393044985831
11036	11072	0.066769503057
11037	11036	0.0393044985831
11037	11038	0.0393044985831
11038	11037	0.0393044985831
11038	11039	0.0393044985831
11039	11038	0.0393044985831
11039	11040	0.0393044985831
11040	11039	0.0393044985831
11040	11041	0.0393044985831
11041	11040	0.0393044985831
11041	11042	0.0393044985831
11042	11041	0.0393044985831
11042	11043	0.0393044985831
11043	11042	0.0393044985831
11043	11044	0.0393044985831
11044	11043	0.0393044985831
11044	11045	0.0393044985831
11045	11044	0.0393044985831
11045	11046	0.0393044985831
11046	11045	0.0393044985831
11046	11047	0.0393044985831
11047	11046	0.0393044985831
11047	11048	0.0393044985831
11048	11047	0.0393044985831
11048	11049	0.0393044985831
11049	11048	0.0393044985831
11049	11050	0.0393044985831
11050	11049	0.0393044985831
11050	11051	0.0393044985831
11051	11050	0.0393044985831
11051	11052	0.0393044985831
11052	11051	0.0393044985831
11052	11053	0.0393044985831
11053	11052	0.0393044985831
11053	11054	0.0393044985831
11054	11053	0.0393044985831
11054	11055	0.0393044985831
11055	11054	0.0393044985831
11055	11056	0.0393044985831
11056	11055	0.0393044985831
11056	11057	0.0393044985831
11057	11056	0.0393044985831
11057	11058	0.0393044985831
11058	11057	0.0393044985831
11058	11059	0.0393044985831
11059	11058	0.0393044985831
11059	11060	0.0393044985831
11060	11059	0.0393044985831
11060	11061	0.0393044985831
11061	11060	0.0393044985831
11061	11062	0.0393044985831
11062	11061	0.0393044985831
11062	11063	0.0393044985831
11063	11062	0.0393044985831
11063	11064	0.0393044985831
11064	11063	0.0393044985831
11064	11065	0.0393044985831
11065	11064	0.0393044985831
11065	11066	0.0393044985831
11066	11065	0.0393044985831
11066	11067	0.0393044985831
11067	11066	0.0393044985831
11067	11068	0.0393044985831
11068	11067	0.0393044985831
11068	11069	0.0393044985831
11069	11068	0.0393044985831
11069	11070	0.0393044985831
11070	11069	0.0393044985831
11070	11071	0.0393044985831
11071	11070	0.0393044985831
11072	11036	0.066769503057
11072	11073	0.066769503057
11073	11072	0.066769503057
11073	11074	0.066769503057
11074	11073	0.066769503057
11074	11075	0.066769503057
11075	11074	0.066769503057
11075	11076	0.066769503057
11076	11075	0.066769503057
11076	11077	0.066769503057
11077	11076	0.066769503057
11077	11078	0.066769503057
11078	11077	0.066769503057
11078	11079	0.066769503057
11079	11078	0.066769503057
11079	11080	0.066769503057
11080	11079	0.066769503057
11080	11081	0.066769503057
11081	11080	0.066769503057
11081	11082	0.066769503057
11082	11081	0.066769503057
11082	11083	0.066769503057
11083	11082	0.066769503057
11083	11084	0.066769503057
11084	11083	0.066769503057
11084	11085	0.066769503057
11085	11084	0.066769503057
11085	11086	0.066769503057
11086	11085	0.066769503057
11086	11087	0.066769503057
11087	11086	0.066769503057
11087	11088	0.0639849975705
11087	11198	0.0329319983721
11088	11087	0.0639849975705
11088	11089	0.0639849975705
11089	11088	0.0639849975705
11089	11090	0.0639849975705
11090	11089	0.0639849975705
11090	11091	0.0639849975705
11091	11090	0.0639849975705
11091	11092	0.0639849975705
11092	11091	0.0639849975705
11092	11093	0.0639849975705
11093	11092	0.0639849975705
11093	11094	0.0639849975705
11094	11093	0.0639849975705
11094	11095	0.0639849975705
11095	11094	0.0639849975705
11095	11096	0.0639849975705
11096	11095	0.0639849975705
11096	11097	0.0639849975705
11097	11096	0.0639849975705
11097	11098	0.0639849975705
11098	11097	0.0639849975705
11098	11099	0.0639849975705
11099	11098	0.0639849975705
11099	11100	0.0639849975705
11100	11099	0.0639849975705
11100	11101	0.0639849975705
11101	11100	0.0639849975705
11101	11102	0.0639849975705
11102	11101	0.0639849975705
11102	11103	0.0639849975705
11103	11102	0.0639849975705
11103	11104	0.0596714988351
11103	11183	0.0367139987648
11104	11103	0.0596714988351
11104	11105	0.0596714988351
11105	11104	0.0596714988351
11105	11106	0.0596714988351
11106	11105	0.0596714988351
11106	11107	0.0596714988351
11107	11106	0.0596714988351
11107	11108	0.0596714988351
11108	11107	0.0596714988351
11108	11109	0.0596714988351
11109	11108	0.0596714988351
11109	11110	0.0596714988351
11110	11109	0.0596714988351
11110	11111	0.0596714988351
11111	11110	0.0596714988351
11111	11112	0.0596714988351
11112	11111	0.0596714988351
11112	11113	0.0596714988351
11113	11112	0.0596714988351
11113	11114	0.0596714988351
11114	11113	0.0596714988351
11114	11115	0.0596714988351
11115	11114	0.0596714988351
11115	11116	0.0510774999857
11115	11161	0.042946498841
11116	11115	0.0510774999857
11116	11117	0.0510774999857
11117	11116	0.0510774999857
11117	11118	0.0510774999857
11118	11117	0.0510774999857
11118	11119	0.0510774999857
11119	11118	0.0510774999857
11119	11120	0.0510774999857
11120	11119	0.0510774999857
11120	11121	0.0510774999857
11121	11120	0.0510774999857
11121	11122	0.0510774999857
11122	11121	0.0510774999857
11122	11123	0.0510774999857
11123	11122	0.0510774999857
11123	11124	0.0510774999857
11124	11123	0.0510774999857
11124	11125	0.0510774999857
11125	11124	0.0510774999857
11125	11126	0.0510774999857
11126	11125	0.0510774999857
11126	11127	0.0510774999857
11127	11126	0.0510774999857
11127	11128	0.0510774999857
11128	11127	0.0510774999857
11128	11129	0.0510774999857
11129	11128	0.0510774999857
11129	11130	0.0510774999857
11130	11129	0.0510774999857
11130	11131	0.0510774999857
11131	11130	0.0510774999857
11131	11132	0.0510774999857
11132	11131	0.0510774999857
11132	11133	0.0510774999857
11133	11132	0.0510774999857
11133	11134	0.0510774999857
11134	11133	0.0510774999857
11134	11135	0.0510774999857
11135	11134	0.0510774999857
11135	11136	0.0510774999857
11136	11135	0.0510774999857
11136	11137	0.0510774999857
11137	11136	0.0510774999857
11137	11138	0.0510774999857
11138	11137	0.0510774999857
11138	11139	0.0510774999857
11139	11138	0.0510774999857
11139	11140	0.0510774999857
11140	11139	0.0510774999857
11140	11141	0.0510774999857
11141	11140	0.0510774999857
11141	11142	0.0510774999857
11142	11141	0.0510774999857
11142	11143	0.0510774999857
11143	11142	0.0510774999857
11143	11144	0.0510774999857
11144	11143	0.0510774999857
11144	11145	0.0510774999857
11145	11144	0.0510774999857
11145	11146	0.0510774999857
11146	11145	0.0510774999857
11146	11147	0.0510774999857
11147	11146	0.0510774999857
11147	11148	0.0510774999857
11148	11147	0.0510774999857
11148	11149	0.0510774999857
11149	11148	0.0510774999857
11149	11150	0.0510774999857
11150	11149	0.0510774999857
11150	11151	0.0510774999857
11151	11150	0.0510774999857
11151	11152	0.0510774999857
11152	11151	0.0510774999857
11152	11153	0.0510774999857
11153	11152	0.0510774999857
11153	11154	0.0510774999857
11154	11153	0.0510774999857
11154	11155	0.0510774999857
11155	11154	0.0510774999857
11155	11156	0.0510774999857
11156	11155	0.0510774999857
11156	11157	0.0510774999857
11157	11156	0.0510774999857
11157	11158	0.0510774999857
11158	11157	0.0510774999857
11158	11159	0.0510774999857
11159	11158	0.0510774999857
11159	11160	0.0510774999857
11160	11159	0.0510774999857
11161	11115	0.042946498841
11161	11162	0.042946498841
11162	11161	0.042946498841
11162	11163	0.042946498841
11163	11162	0.042946498841
11163	11164	0.042946498841
11164	11163	0.042946498841
11164	11165	0.042946498841
11165	11164	0.042946498841
11165	11166	0.042946498841
11166	11165	0.042946498841
11166	11167	0.042946498841
11167	11166	0.042946498841
11167	11168	0.042946498841
11168	11167	0.042946498841
11168	11169	0.042946498841
11169	11168	0.042946498841
11169	11170	0.042946498841
11170	11169	0.042946498841
11170	11171	0.042946498841
11171	11170	0.042946498841
11171	11172	0.042946498841
11172	11171	0.042946498841
11172	11173	0.042946498841
11173	11172	0.042946498841
11173	11174	0.042946498841
11174	11173	0.042946498841
11174	11175	0.042946498841
11175	11174	0.042946498841
11175	11176	0.042946498841
11176	11175	0.042946498841
11176	11177	0.042946498841
11177	11176	0.042946498841
11177	11178	0.042946498841
11178	11177	0.042946498841
11178	11179	0.042946498841
11179	11178	0.042946498841
11179	11180	0.042946498841
11180	11179	0.042946498841
11180	11181	0.042946498841
11181	11180	0.042946498841
11181	11182	0.042946498841
11182	11181	0.042946498841
11183	11103	0.0367139987648
11183	11184	0.0367139987648
11184	11183	0.0367139987648
11184	11185	0.0367139987648
11185	11184	0.0367139987648
11185	11186	0.0367139987648
11186	11185	0.0367139987648
11186	11187	0.0367139987648
11187	11186	0.0367139987648
11187	11188	0.0367139987648
11188	11187	0.0367139987648
11188	11189	0.0367139987648
11189	11188	0.0367139987648
11189	11190	0.0367139987648
11190	11189	0.0367139987648
11190	11191	0.0367139987648
11191	11190	0.0367139987648
11191	11192	0.0367139987648
11192	11191	0.0367139987648
11192	11193	0.0367139987648
11193	11192	0.0367139987648
11193	11194	0.0367139987648
11194	11193	0.0367139987648
11194	11195	0.0367139987648
11195	11194	0.0367139987648
11195	11196	0.0367139987648
11196	11195	0.0367139987648
11196	11197	0.0367139987648
11197	11196	0.0367139987648
11198	11087	0.0329319983721
11198	11199	0.0329319983721
11199	11198	0.0329319983721
11199	11200	0.0329319983721
11200	11199	0.0329319983721
11200	11201	0.0329319983721
11201	11200	0.0329319983721
11201	11202	0.0329319983721
11202	11201	0.0329319983721
11202	11203	0.0329319983721
11203	11202	0.0329319983721
11203	11204	0.0329319983721
11204	11203	0.0329319983721
11204	11205	0.0329319983721
11205	11204	0.0329319983721
11205	11206	0.0329319983721
11206	11205	0.0329319983721
11206	11207	0.0329319983721
11207	11206	0.0329319983721
11207	11208	0.0329319983721
11208	11207	0.0329319983721
11208	11209	0.0329319983721
11209	11208	0.0329319983721
11209	11210	0.0329319983721
11210	11209	0.0329319983721
11211	11022	0.0302374996245
11211	11212	0.0302374996245
11212	11211	0.0302374996245
11212	11213	0.0302374996245
11213	11212	0.0302374996245
11213	11214	0.0302374996245
11214	11213	0.0302374996245
11214	11215	0.0302374996245
11215	11214	0.0302374996245
11215	11216	0.0302374996245
11216	11215	0.0302374996245
11216	11217	0.0302374996245
11217	11216	0.0302374996245
11217	11218	0.0302374996245
11218	11217	0.0302374996245
11218	11219	0.0302374996245
11219	11218	0.0302374996245
11219	11220	0.0302374996245
11220	11219	0.0302374996245
11220	11221	0.0302374996245
11221	11220	0.0302374996245
11221	11222	0.0302374996245
11222	11221	0.0302374996245
11222	11223	0.0302374996245
11223	11222	0.0302374996245
11223	11224	0.0302374996245
11224	11223	0.0302374996245
11225	11005	0.190396994352
11225	11226	0.190396994352
11226	11225	0.190396994352
11226	11227	0.190396994352
11227	11226	0.190396994352
11227	11228	0.190396994352
11228	11227	0.190396994352
11228	11229	0.190396994352
11229	11228	0.190396994352
11229	11230	0.190396994352
11230	11229	0.190396994352
11230	11231	0.190396994352
11231	11230	0.190396994352
11231	11232	0.190396994352
11232	11231	0.190396994352
11232	11233	0.190396994352
11233	11232	0.190396994352
11233	11234	0.190396994352
11234	11233	0.190396994352
11234	11235	0.190396994352
11235	11234	0.190396994352
11235	11236	0.190396994352
11236	11235	0.190396994352
11236	11237	0.190396994352
11237	11236	0.190396994352
11237	11238	0.190396994352
11238	11237	0.190396994352
11238	11239	0.190396994352
11239	11238	0.190396994352
11239	11240	0.188832998276
11239	14131	0.0552529990673
11240	11239	0.188832998276
11240	11241	0.188832998276
11241	11240	0.188832998276
11241	11242	0.188832998276
11242	11241	0.188832998276
11242	11243	0.188832998276
11243	11242	0.188832998276
11243	11244	0.188832998276
11244	11243	0.188832998276
11244	11245	0.188832998276
11245	11244	0.188832998276
11245	11246	0.188832998276
11246	11245	0.188832998276
11246	11247	0.188832998276
11247	11246	0.188832998276
11247	11248	0.188832998276
11248	11247	0.188832998276
11248	11249	0.188832998276
11249	11248	0.188832998276
11249	11250	0.188832998276
11250	11249	0.188832998276
11250	11251	0.188832998276
11251	11250	0.188832998276
11251	11252	0.188832998276
11252	11251	0.188832998276
11252	11253	0.188832998276
11253	11252	0.188832998276
11253	11254	0.188832998276
11254	11253	0.188832998276
11254	11255	0.157360002398
11254	12948	0.141561001539
11255	11254	0.157360002398
11255	11256	0.157360002398
11256	11255	0.157360002398
11256	11257	0.157360002398
11257	11256	0.157360002398
11257	11258	0.157360002398
11258	11257	0.157360002398
11258	11259	0.157360002398
11259	11258	0.157360002398
11259	11260	0.157360002398
11260	11259	0.157360002398
11260	11261	0.157360002398
11261	11260	0.157360002398
11261	11262	0.157360002398
11262	11261	0.157360002398
11262	11263	0.157360002398
11263	11262	0.157360002398
11263	11264	0.157360002398
11264	11263	0.157360002398
11264	11265	0.157360002398
11265	11264	0.157360002398
11265	11266	0.157360002398
11266	11265	0.157360002398
11266	11267	0.157360002398
11267	11266	0.157360002398
11267	11268	0.157360002398
11268	11267	0.157360002398
11268	11269	0.157360002398
11269	11268	0.157360002398
11269	11270	0.157360002398
11270	11269	0.157360002398
11270	11271	0.157360002398
11271	11270	0.157360002398
11271	11272	0.157360002398
11272	11271	0.157360002398
11272	11273	0.157360002398
11273	11272	0.157360002398
11273	11274	0.157360002398
11274	11273	0.157360002398
11274	11275	0.157360002398
11275	11274	0.157360002398
11275	11276	0.157360002398
11276	11275	0.157360002398
11276	11277	0.157360002398
11277	11276	0.157360002398
11277	11278	0.157360002398
11278	11277	0.157360002398
11278	11279	0.157360002398
11279	11278	0.157360002398
11279	11280	0.157360002398
11280	11279	0.157360002398
11280	11281	0.157360002398
11281	11280	0.157360002398
11281	11282	0.157360002398
11282	11281	0.157360002398
11282	11283	0.157360002398
11283	11282	0.157360002398
11283	11284	0.157360002398
11284	11283	0.157360002398
11284	11285	0.157360002398
11285	11284	0.157360002398
11285	11286	0.157360002398
11286	11285	0.157360002398
11286	11287	0.157360002398
11287	11286	0.157360002398
11287	11288	0.0556030012667
11287	11378	0.155010998249
11288	11287	0.0556030012667
11288	11289	0.0556030012667
11289	11288	0.0556030012667
11289	11290	0.0556030012667
11290	11289	0.0556030012667
11290	11291	0.0556030012667
11291	11290	0.0556030012667
11291	11292	0.0556030012667
11292	11291	0.0556030012667
11292	11293	0.0556030012667
11293	11292	0.0556030012667
11293	11294	0.0556030012667
11294	11293	0.0556030012667
11294	11295	0.0556030012667
11295	11294	0.0556030012667
11295	11296	0.0556030012667
11296	11295	0.0556030012667
11296	11297	0.0556030012667
11297	11296	0.0556030012667
11297	11298	0.0556030012667
11298	11297	0.0556030012667
11298	11299	0.0556030012667
11299	11298	0.0556030012667
11299	11300	0.0556030012667
11300	11299	0.0556030012667
11300	11301	0.0556030012667
11301	11300	0.0556030012667
11301	11302	0.0556030012667
11302	11301	0.0556030012667
11302	11303	0.0556030012667
11303	11302	0.0556030012667
11303	11304	0.0556030012667
11304	11303	0.0556030012667
11304	11305	0.0556030012667
11305	11304	0.0556030012667
11305	11306	0.0323714986444
11305	11319	0.0516745001078
11306	11305	0.0323714986444
11306	11307	0.0323714986444
11307	11306	0.0323714986444
11307	11308	0.0323714986444
11308	11307	0.0323714986444
11308	11309	0.0323714986444
11309	11308	0.0323714986444
11309	11310	0.0323714986444
11310	11309	0.0323714986444
11310	11311	0.0323714986444
11311	11310	0.0323714986444
11311	11312	0.0323714986444
11312	11311	0.0323714986444
11312	11313	0.0323714986444
11313	11312	0.0323714986444
11313	11314	0.0323714986444
11314	11313	0.0323714986444
11314	11315	0.0323714986444
11315	11314	0.0323714986444
11315	11316	0.0323714986444
11316	11315	0.0323714986444
11316	11317	0.0323714986444
11317	11316	0.0323714986444
11317	11318	0.0323714986444
11318	11317	0.0323714986444
11319	11305	0.0516745001078
11319	11320	0.0516745001078
11320	11319	0.0516745001078
11320	11321	0.0516745001078
11321	11320	0.0516745001078
11321	11322	0.0516745001078
11322	11321	0.0516745001078
11322	11323	0.0516745001078
11323	11322	0.0516745001078
11323	11324	0.0516745001078
11324	11323	0.0516745001078
11324	11325	0.0516745001078
11325	11324	0.0516745001078
11325	11326	0.0516745001078
11326	11325	0.0516745001078
11326	11327	0.0516745001078
11327	11326	0.0516745001078
11327	11328	0.0516745001078
11328	11327	0.0516745001078
11328	11329	0.0516745001078
11329	11328	0.0516745001078
11329	11330	0.0516745001078
11330	11329	0.0516745001078
11330	11331	0.0516745001078
11331	11330	0.0516745001078
11331	11332	0.0516745001078
11332	11331	0.0516745001078
11332	11333	0.0516745001078
11333	11332	0.0516745001078
11333	11334	0.0516745001078
11334	11333	0.0516745001078
11334	11335	0.0516745001078
11335	11334	0.0516745001078
11335	11336	0.0516745001078
11336	11335	0.0516745001078
11336	11337	0.0483690015972
11336	11374	0.0291709993035
11337	11336	0.0483690015972
11337	11338	0.0483690015972
11338	11337	0.0483690015972
11338	11339	0.0483690015972
11339	11338	0.0483690015972
11339	11340	0.0483690015972
11340	11339	0.0483690015972
11340	11341	0.0483690015972
11341	11340	0.0483690015972
11341	11342	0.0483690015972
11342	11341	0.0483690015972
11342	11343	0.0483690015972
11343	11342	0.0483690015972
11343	11344	0.0483690015972
11344	11343	0.0483690015972
11344	11345	0.0483690015972
11345	11344	0.0483690015972
11345	11346	0.0483690015972
11346	11345	0.0483690015972
11346	11347	0.0483690015972
11347	11346	0.0483690015972
11347	11348	0.0483690015972
11348	11347	0.0483690015972
11348	11349	0.0483690015972
11349	11348	0.0483690015972
11349	11350	0.0483690015972
11350	11349	0.0483690015972
11350	11351	0.0483690015972
11351	11350	0.0483690015972
11351	11352	0.0483690015972
11352	11351	0.0483690015972
11352	11353	0.0483690015972
11353	11352	0.0483690015972
11353	11354	0.0483690015972
11354	11353	0.0483690015972
11354	11355	0.0483690015972
11355	11354	0.0483690015972
11355	11356	0.0483690015972
11356	11355	0.0483690015972
11356	11357	0.0483690015972
11357	11356	0.0483690015972
11357	11358	0.0483690015972
11358	11357	0.0483690015972
11358	11359	0.0483690015972
11359	11358	0.0483690015972
11359	11360	0.0483690015972
11360	11359	0.0483690015972
11360	11361	0.0483690015972
11361	11360	0.0483690015972
11361	11362	0.0483690015972
11362	11361	0.0483690015972
11362	11363	0.0483690015972
11363	11362	0.0483690015972
11363	11364	0.0483690015972
11364	11363	0.0483690015972
11364	11365	0.0483690015972
11365	11364	0.0483690015972
11365	11366	0.0483690015972
11366	11365	0.0483690015972
11366	11367	0.0483690015972
11367	11366	0.0483690015972
11367	11368	0.0483690015972
11368	11367	0.0483690015972
11368	11369	0.0483690015972
11369	11368	0.0483690015972
11369	11370	0.0483690015972
11370	11369	0.0483690015972
11370	11371	0.0483690015972
11371	11370	0.0483690015972
11371	11372	0.0483690015972
11372	11371	0.0483690015972
11372	11373	0.0483690015972
11373	11372	0.0483690015972
11374	11336	0.0291709993035
11374	11375	0.0291709993035
11375	11374	0.0291709993035
11375	11376	0.0291709993035
11376	11375	0.0291709993035
11376	11377	0.0291709993035
11377	11376	0.0291709993035
11378	11287	0.155010998249
11378	11379	0.155010998249
11379	11378	0.155010998249
11379	11380	0.155010998249
11380	11379	0.155010998249
11380	11381	0.155010998249
11381	11380	0.155010998249
11381	11382	0.155010998249
11382	11381	0.155010998249
11382	11383	0.155010998249
11383	11382	0.155010998249
11383	11384	0.155010998249
11384	11383	0.155010998249
11384	11385	0.155010998249
11385	11384	0.155010998249
11385	11386	0.155010998249
11386	11385	0.155010998249
11386	11387	0.155010998249
11387	11386	0.155010998249
11387	11388	0.155010998249
11388	11387	0.155010998249
11388	11389	0.155010998249
11389	11388	0.155010998249
11389	11390	0.154153004289
11389	12907	0.0394699983299
11390	11389	0.154153004289
11390	11391	0.154153004289
11391	11390	0.154153004289
11391	11392	0.154153004289
11392	11391	0.154153004289
11392	11393	0.154153004289
11393	11392	0.154153004289
11393	11394	0.154153004289
11394	11393	0.154153004289
11394	11395	0.154153004289
11395	11394	0.154153004289
11395	11396	0.154153004289
11396	11395	0.154153004289
11396	11397	0.154153004289
11397	11396	0.154153004289
11397	11398	0.154153004289
11398	11397	0.154153004289
11398	11399	0.154153004289
11399	11398	0.154153004289
11399	11400	0.154153004289
11400	11399	0.154153004289
11400	11401	0.154153004289
11401	11400	0.154153004289
11401	11402	0.15297499299
11401	12849	0.0436789989471
11402	11401	0.15297499299
11402	11403	0.15297499299
11403	11402	0.15297499299
11403	11404	0.15297499299
11404	11403	0.15297499299
11404	11405	0.15297499299
11405	11404	0.15297499299
11405	11406	0.15297499299
11406	11405	0.15297499299
11406	11407	0.15297499299
11407	11406	0.15297499299
11407	11408	0.15297499299
11408	11407	0.15297499299
11408	11409	0.15297499299
11409	11408	0.15297499299
11409	11410	0.15297499299
11410	11409	0.15297499299
11410	11411	0.15297499299
11411	11410	0.15297499299
11411	11412	0.095744997263
11411	11806	0.139283999801
11412	11411	0.095744997263
11412	11413	0.095744997263
11413	11412	0.095744997263
11413	11414	0.095744997263
11414	11413	0.095744997263
11414	11415	0.095744997263
11415	11414	0.095744997263
11415	11416	0.095744997263
11416	11415	0.095744997263
11416	11417	0.095744997263
11417	11416	0.095744997263
11417	11418	0.095744997263
11418	11417	0.095744997263
11418	11419	0.095744997263
11419	11418	0.095744997263
11419	11420	0.095744997263
11420	11419	0.095744997263
11420	11421	0.095744997263
11421	11420	0.095744997263
11421	11422	0.095744997263
11422	11421	0.095744997263
11422	11423	0.095744997263
11423	11422	0.095744997263
11423	11424	0.095744997263
11424	11423	0.095744997263
11424	11425	0.095744997263
11425	11424	0.095744997263
11425	11426	0.095744997263
11426	11425	0.095744997263
11426	11427	0.095744997263
11427	11426	0.095744997263
11427	11428	0.095744997263
11428	11427	0.095744997263
11428	11429	0.095744997263
11429	11428	0.095744997263
11429	11430	0.095744997263
11430	11429	0.095744997263
11430	11431	0.095744997263
11431	11430	0.095744997263
11431	11432	0.095744997263
11432	11431	0.095744997263
11432	11433	0.095744997263
11433	11432	0.095744997263
11433	11434	0.0574010014534
11433	11538	0.0883044973016
11434	11433	0.0574010014534
11434	11435	0.0574010014534
11435	11434	0.0574010014534
11435	11436	0.0574010014534
11436	11435	0.0574010014534
11436	11437	0.0574010014534
11437	11436	0.0574010014534
11437	11438	0.0574010014534
11438	11437	0.0574010014534
11438	11439	0.0574010014534
11439	11438	0.0574010014534
11439	11440	0.0574010014534
11440	11439	0.0574010014534
11440	11441	0.0574010014534
11441	11440	0.0574010014534
11441	11442	0.0574010014534
11442	11441	0.0574010014534
11442	11443	0.0574010014534
11443	11442	0.0574010014534
11443	11444	0.0574010014534
11444	11443	0.0574010014534
11444	11445	0.0574010014534
11445	11444	0.0574010014534
11445	11446	0.0574010014534
11446	11445	0.0574010014534
11446	11447	0.0574010014534
11447	11446	0.0574010014534
11447	11448	0.0574010014534
11448	11447	0.0574010014534
11448	11449	0.0574010014534
11449	11448	0.0574010014534
11449	11450	0.0574010014534
11450	11449	0.0574010014534
11450	11451	0.0456694997847
11450	11495	0.045448500663
11451	11450	0.0456694997847
11451	11452	0.0456694997847
11452	11451	0.0456694997847
11452	11453	0.0456694997847
11453	11452	0.0456694997847
11453	11454	0.0456694997847
11454	11453	0.0456694997847
11454	11455	0.0456694997847
11455	11454	0.0456694997847
11455	11456	0.0456694997847
11456	11455	0.0456694997847
11456	11457	0.0456694997847
11457	11456	0.0456694997847
11457	11458	0.0456694997847
11458	11457	0.0456694997847
11458	11459	0.0456694997847
11459	11458	0.0456694997847
11459	11460	0.0456694997847
11460	11459	0.0456694997847
11460	11461	0.0456694997847
11461	11460	0.0456694997847
11461	11462	0.0456694997847
11462	11461	0.0456694997847
11462	11463	0.0456694997847
11463	11462	0.0456694997847
11463	11464	0.0456694997847
11464	11463	0.0456694997847
11464	11465	0.0456694997847
11465	11464	0.0456694997847
11465	11466	0.0456694997847
11466	11465	0.0456694997847
11466	11467	0.0456694997847
11467	11466	0.0456694997847
11467	11468	0.0456694997847
11468	11467	0.0456694997847
11468	11469	0.0456694997847
11469	11468	0.0456694997847
11469	11470	0.0456694997847
11470	11469	0.0456694997847
11470	11471	0.0456694997847
11471	11470	0.0456694997847
11471	11472	0.0456694997847
11472	11471	0.0456694997847
11472	11473	0.0456694997847
11473	11472	0.0456694997847
11473	11474	0.0456694997847
11474	11473	0.0456694997847
11474	11475	0.0456694997847
11475	11474	0.0456694997847
11475	11476	0.0456694997847
11476	11475	0.0456694997847
11476	11477	0.0456694997847
11477	11476	0.0456694997847
11477	11478	0.0456694997847
11478	11477	0.0456694997847
11478	11479	0.0456694997847
11479	11478	0.0456694997847
11479	11480	0.0456694997847
11480	11479	0.0456694997847
11480	11481	0.0456694997847
11481	11480	0.0456694997847
11481	11482	0.0456694997847
11482	11481	0.0456694997847
11482	11483	0.0456694997847
11483	11482	0.0456694997847
11483	11484	0.0456694997847
11484	11483	0.0456694997847
11484	11485	0.0456694997847
11485	11484	0.0456694997847
11485	11486	0.0456694997847
11486	11485	0.0456694997847
11486	11487	0.0456694997847
11487	11486	0.0456694997847
11487	11488	0.0456694997847
11488	11487	0.0456694997847
11488	11489	0.0456694997847
11489	11488	0.0456694997847
11489	11490	0.0456694997847
11490	11489	0.0456694997847
11490	11491	0.0456694997847
11491	11490	0.0456694997847
11491	11492	0.0456694997847
11492	11491	0.0456694997847
11492	11493	0.0456694997847
11493	11492	0.0456694997847
11493	11494	0.0456694997847
11494	11493	0.0456694997847
11495	11450	0.045448500663
11495	11496	0.045448500663
11496	11495	0.045448500663
11496	11497	0.045448500663
11497	11496	0.045448500663
11497	11498	0.045448500663
11498	11497	0.045448500663
11498	11499	0.045448500663
11499	11498	0.045448500663
11499	11500	0.045448500663
11500	11499	0.045448500663
11500	11501	0.045448500663
11501	11500	0.045448500663
11501	11502	0.045448500663
11502	11501	0.045448500663
11502	11503	0.045448500663
11503	11502	0.045448500663
11503	11504	0.045448500663
11504	11503	0.045448500663
11504	11505	0.045448500663
11505	11504	0.045448500663
11505	11506	0.045448500663
11506	11505	0.045448500663
11506	11507	0.045448500663
11507	11506	0.045448500663
11507	11508	0.045448500663
11508	11507	0.045448500663
11508	11509	0.045448500663
11509	11508	0.045448500663
11509	11510	0.045448500663
11510	11509	0.045448500663
11510	11511	0.045448500663
11511	11510	0.045448500663
11511	11512	0.045448500663
11512	11511	0.045448500663
11512	11513	0.045448500663
11513	11512	0.045448500663
11513	11514	0.045448500663
11514	11513	0.045448500663
11514	11515	0.045448500663
11515	11514	0.045448500663
11515	11516	0.045448500663
11516	11515	0.045448500663
11516	11517	0.045448500663
11517	11516	0.045448500663
11517	11518	0.045448500663
11518	11517	0.045448500663
11518	11519	0.045448500663
11519	11518	0.045448500663
11519	11520	0.045448500663
11520	11519	0.045448500663
11520	11521	0.045448500663
11521	11520	0.045448500663
11521	11522	0.045448500663
11522	11521	0.045448500663
11522	11523	0.045448500663
11523	11522	0.045448500663
11523	11524	0.045448500663
11524	11523	0.045448500663
11524	11525	0.045448500663
11525	11524	0.045448500663
11525	11526	0.045448500663
11526	11525	0.045448500663
11526	11527	0.045448500663
11527	11526	0.045448500663
11527	11528	0.045448500663
11528	11527	0.045448500663
11528	11529	0.045448500663
11529	11528	0.045448500663
11529	11530	0.045448500663
11530	11529	0.045448500663
11530	11531	0.045448500663
11531	11530	0.045448500663
11531	11532	0.045448500663
11532	11531	0.045448500663
11532	11533	0.045448500663
11533	11532	0.045448500663
11533	11534	0.045448500663
11534	11533	0.045448500663
11534	11535	0.045448500663
11535	11534	0.045448500663
11535	11536	0.045448500663
11536	11535	0.045448500663
11536	11537	0.045448500663
11537	11536	0.045448500663
11538	11433	0.0883044973016
11538	11539	0.0883044973016
11539	11538	0.0883044973016
11539	11540	0.0883044973016
11540	11539	0.0883044973016
11540	11541	0.0883044973016
11541	11540	0.0883044973016
11541	11542	0.0883044973016
11542	11541	0.0883044973016
11542	11543	0.0883044973016
11543	11542	0.0883044973016
11543	11544	0.0883044973016
11544	11543	0.0883044973016
11544	11545	0.0883044973016
11545	11544	0.0883044973016
11545	11546	0.0883044973016
11546	11545	0.0883044973016
11546	11547	0.0883044973016
11547	11546	0.0883044973016
11547	11548	0.0883044973016
11548	11547	0.0883044973016
11548	11549	0.0883044973016
11549	11548	0.0883044973016
11549	11550	0.0883044973016
11550	11549	0.0883044973016
11550	11551	0.0883044973016
11551	11550	0.0883044973016
11551	11552	0.0883044973016
11552	11551	0.0883044973016
11552	11553	0.0883044973016
11553	11552	0.0883044973016
11553	11554	0.0883044973016
11554	11553	0.0883044973016
11554	11555	0.0883044973016
11555	11554	0.0883044973016
11555	11556	0.0883044973016
11556	11555	0.0883044973016
11556	11557	0.0883044973016
11557	11556	0.0883044973016
11557	11558	0.0883044973016
11558	11557	0.0883044973016
11558	11559	0.0883044973016
11559	11558	0.0883044973016
11559	11560	0.0883044973016
11560	11559	0.0883044973016
11560	11561	0.0883044973016
11561	11560	0.0883044973016
11561	11562	0.0883044973016
11562	11561	0.0883044973016
11562	11563	0.0883044973016
11563	11562	0.0883044973016
11563	11564	0.0883044973016
11564	11563	0.0883044973016
11564	11565	0.0883044973016
11565	11564	0.0883044973016
11565	11566	0.0883044973016
11566	11565	0.0883044973016
11566	11567	0.0883044973016
11567	11566	0.0883044973016
11567	11568	0.0883044973016
11568	11567	0.0883044973016
11568	11569	0.0883044973016
11569	11568	0.0883044973016
11569	11570	0.0883044973016
11570	11569	0.0883044973016
11570	11571	0.0883044973016
11571	11570	0.0883044973016
11571	11572	0.0883044973016
11572	11571	0.0883044973016
11572	11573	0.0883044973016
11573	11572	0.0883044973016
11573	11574	0.0883044973016
11574	11573	0.0883044973016
11574	11575	0.0883044973016
11575	11574	0.0883044973016
11575	11576	0.0883044973016
11576	11575	0.0883044973016
11576	11577	0.0883044973016
11577	11576	0.0883044973016
11577	11578	0.0883044973016
11578	11577	0.0883044973016
11578	11579	0.0883044973016
11579	11578	0.0883044973016
11579	11580	0.0883044973016
11580	11579	0.0883044973016
11580	11581	0.0883044973016
11581	11580	0.0883044973016
11581	11582	0.0883044973016
11582	11581	0.0883044973016
11582	11583	0.0883044973016
11583	11582	0.0883044973016
11583	11584	0.0883044973016
11584	11583	0.0883044973016
11584	11585	0.0883044973016
11585	11584	0.0883044973016
11585	11586	0.0883044973016
11586	11585	0.0883044973016
11586	11587	0.0883044973016
11587	11586	0.0883044973016
11587	11588	0.0883044973016
11588	11587	0.0883044973016
11588	11589	0.0883044973016
11589	11588	0.0883044973016
11589	11590	0.0798159986734
11589	11746	0.0564724989235
11590	11589	0.0798159986734
11590	11591	0.0798159986734
11591	11590	0.0798159986734
11591	11592	0.0798159986734
11592	11591	0.0798159986734
11592	11593	0.0798159986734
11593	11592	0.0798159986734
11593	11594	0.0798159986734
11594	11593	0.0798159986734
11594	11595	0.0798159986734
11595	11594	0.0798159986734
11595	11596	0.0798159986734
11596	11595	0.0798159986734
11596	11597	0.0798159986734
11597	11596	0.0798159986734
11597	11598	0.0798159986734
11598	11597	0.0798159986734
11598	11599	0.0798159986734
11599	11598	0.0798159986734
11599	11600	0.0798159986734
11600	11599	0.0798159986734
11600	11601	0.0798159986734
11601	11600	0.0798159986734
11601	11602	0.0798159986734
11602	11601	0.0798159986734
11602	11603	0.0798159986734
11603	11602	0.0798159986734
11603	11604	0.0798159986734
11604	11603	0.0798159986734
11604	11605	0.0798159986734
11605	11604	0.0798159986734
11605	11606	0.0492880009115
11605	11644	0.0729824975133
11606	11605	0.0492880009115
11606	11607	0.0492880009115
11607	11606	0.0492880009115
11607	11608	0.0492880009115
11608	11607	0.0492880009115
11608	11609	0.0492880009115
11609	11608	0.0492880009115
11609	11610	0.0492880009115
11610	11609	0.0492880009115
11610	11611	0.0492880009115
11611	11610	0.0492880009115
11611	11612	0.0492880009115
11612	11611	0.0492880009115
11612	11613	0.0492880009115
11613	11612	0.0492880009115
11613	11614	0.0492880009115
11614	11613	0.0492880009115
11614	11615	0.0492880009115
11615	11614	0.0492880009115
11615	11616	0.0492880009115
11616	11615	0.0492880009115
11616	11617	0.0492880009115
11617	11616	0.0492880009115
11617	11618	0.0492880009115
11618	11617	0.0492880009115
11618	11619	0.0492880009115
11619	11618	0.0492880009115
11619	11620	0.0492880009115
11620	11619	0.0492880009115
11620	11621	0.0492880009115
11621	11620	0.0492880009115
11621	11622	0.0492880009115
11622	11621	0.0492880009115
11622	11623	0.0492880009115
11623	11622	0.0492880009115
11623	11624	0.0492880009115
11624	11623	0.0492880009115
11624	11625	0.0492880009115
11625	11624	0.0492880009115
11625	11626	0.0492880009115
11626	11625	0.0492880009115
11626	11627	0.0492880009115
11627	11626	0.0492880009115
11627	11628	0.0492880009115
11628	11627	0.0492880009115
11628	11629	0.0492880009115
11629	11628	0.0492880009115
11629	11630	0.0492880009115
11630	11629	0.0492880009115
11630	11631	0.0492880009115
11631	11630	0.0492880009115
11631	11632	0.0492880009115
11632	11631	0.0492880009115
11632	11633	0.0492880009115
11633	11632	0.0492880009115
11633	11634	0.0492880009115
11634	11633	0.0492880009115
11634	11635	0.0492880009115
11635	11634	0.0492880009115
11635	11636	0.0492880009115
11636	11635	0.0492880009115
11636	11637	0.0492880009115
11637	11636	0.0492880009115
11637	11638	0.0492880009115
11638	11637	0.0492880009115
11638	11639	0.0492880009115
11639	11638	0.0492880009115
11639	11640	0.0492880009115
11640	11639	0.0492880009115
11640	11641	0.0492880009115
11641	11640	0.0492880009115
11641	11642	0.0492880009115
11642	11641	0.0492880009115
11642	11643	0.0492880009115
11643	11642	0.0492880009115
11644	11605	0.0729824975133
11644	11645	0.0729824975133
11645	11644	0.0729824975133
11645	11646	0.0729824975133
11646	11645	0.0729824975133
11646	11647	0.0729824975133
11647	11646	0.0729824975133
11647	11648	0.0729824975133
11648	11647	0.0729824975133
11648	11649	0.0729824975133
11649	11648	0.0729824975133
11649	11650	0.0729824975133
11650	11649	0.0729824975133
11650	11651	0.0729824975133
11651	11650	0.0729824975133
11651	11652	0.0729824975133
11652	11651	0.0729824975133
11652	11653	0.0729824975133
11653	11652	0.0729824975133
11653	11654	0.0729824975133
11654	11653	0.0729824975133
11654	11655	0.0729824975133
11655	11654	0.0729824975133
11655	11656	0.0729824975133
11656	11655	0.0729824975133
11656	11657	0.0729824975133
11657	11656	0.0729824975133
11657	11658	0.0729824975133
11658	11657	0.0729824975133
11658	11659	0.0729824975133
11659	11658	0.0729824975133
11659	11660	0.0698060020804
11659	11738	0.0364900007844
11660	11659	0.0698060020804
11660	11661	0.0698060020804
11661	11660	0.0698060020804
11661	11662	0.0698060020804
11662	11661	0.0698060020804
11662	11663	0.0698060020804
11663	11662	0.0698060020804
11663	11664	0.0698060020804
11664	11663	0.0698060020804
11664	11665	0.0698060020804
11665	11664	0.0698060020804
11665	11666	0.0698060020804
11666	11665	0.0698060020804
11666	11667	0.0698060020804
11667	11666	0.0698060020804
11667	11668	0.0698060020804
11668	11667	0.0698060020804
11668	11669	0.0698060020804
11669	11668	0.0698060020804
11669	11670	0.0698060020804
11670	11669	0.0698060020804
11670	11671	0.0698060020804
11671	11670	0.0698060020804
11671	11672	0.0698060020804
11672	11671	0.0698060020804
11672	11673	0.0698060020804
11673	11672	0.0698060020804
11673	11674	0.0698060020804
11674	11673	0.0698060020804
11674	11675	0.0698060020804
11675	11674	0.0698060020804
11675	11676	0.0698060020804
11676	11675	0.0698060020804
11676	11677	0.0698060020804
11677	11676	0.0698060020804
11677	11678	0.0698060020804
11678	11677	0.0698060020804
11678	11679	0.0574085004628
11678	11713	0.0532450005412
11679	11678	0.0574085004628
11679	11680	0.0574085004628
11680	11679	0.0574085004628
11680	11681	0.0574085004628
11681	11680	0.0574085004628
11681	11682	0.0574085004628
11682	11681	0.0574085004628
11682	11683	0.0574085004628
11683	11682	0.0574085004628
11683	11684	0.0574085004628
11684	11683	0.0574085004628
11684	11685	0.0574085004628
11685	11684	0.0574085004628
11685	11686	0.0574085004628
11686	11685	0.0574085004628
11686	11687	0.0574085004628
11687	11686	0.0574085004628
11687	11688	0.0574085004628
11688	11687	0.0574085004628
11688	11689	0.0574085004628
11689	11688	0.0574085004628
11689	11690	0.0574085004628
11690	11689	0.0574085004628
11690	11691	0.0574085004628
11691	11690	0.0574085004628
11691	11692	0.0574085004628
11692	11691	0.0574085004628
11692	11693	0.0574085004628
11693	11692	0.0574085004628
11693	11694	0.0574085004628
11694	11693	0.0574085004628
11694	11695	0.0574085004628
11695	11694	0.0574085004628
11695	11696	0.0574085004628
11696	11695	0.0574085004628
11696	11697	0.0574085004628
11697	11696	0.0574085004628
11697	11698	0.0574085004628
11698	11697	0.0574085004628
11698	11699	0.0574085004628
11699	11698	0.0574085004628
11699	11700	0.0574085004628
11700	11699	0.0574085004628
11700	11701	0.0574085004628
11701	11700	0.0574085004628
11701	11702	0.0574085004628
11702	11701	0.0574085004628
11702	11703	0.0574085004628
11703	11702	0.0574085004628
11703	11704	0.0574085004628
11704	11703	0.0574085004628
11704	11705	0.0574085004628
11705	11704	0.0574085004628
11705	11706	0.0574085004628
11706	11705	0.0574085004628
11706	11707	0.0574085004628
11707	11706	0.0574085004628
11707	11708	0.0574085004628
11708	11707	0.0574085004628
11708	11709	0.0574085004628
11709	11708	0.0574085004628
11709	11710	0.0574085004628
11710	11709	0.0574085004628
11710	11711	0.0574085004628
11711	11710	0.0574085004628
11711	11712	0.0574085004628
11712	11711	0.0574085004628
11713	11678	0.0532450005412
11713	11714	0.0532450005412
11714	11713	0.0532450005412
11714	11715	0.0532450005412
11715	11714	0.0532450005412
11715	11716	0.0532450005412
11716	11715	0.0532450005412
11716	11717	0.0532450005412
11717	11716	0.0532450005412
11717	11718	0.0532450005412
11718	11717	0.0532450005412
11718	11719	0.0532450005412
11719	11718	0.0532450005412
11719	11720	0.0532450005412
11720	11719	0.0532450005412
11720	11721	0.0532450005412
11721	11720	0.0532450005412
11721	11722	0.0532450005412
11722	11721	0.0532450005412
11722	11723	0.0532450005412
11723	11722	0.0532450005412
11723	11724	0.0532450005412
11724	11723	0.0532450005412
11724	11725	0.0532450005412
11725	11724	0.0532450005412
11725	11726	0.0532450005412
11726	11725	0.0532450005412
11726	11727	0.0532450005412
11727	11726	0.0532450005412
11727	11728	0.0532450005412
11728	11727	0.0532450005412
11728	11729	0.0532450005412
11729	11728	0.0532450005412
11729	11730	0.0532450005412
11730	11729	0.0532450005412
11730	11731	0.0532450005412
11731	11730	0.0532450005412
11731	11732	0.0532450005412
11732	11731	0.0532450005412
11732	11733	0.0532450005412
11733	11732	0.0532450005412
11733	11734	0.0532450005412
11734	11733	0.0532450005412
11734	11735	0.0532450005412
11735	11734	0.0532450005412
11735	11736	0.0532450005412
11736	11735	0.0532450005412
11736	11737	0.0532450005412
11737	11736	0.0532450005412
11738	11659	0.0364900007844
11738	11739	0.0364900007844
11739	11738	0.0364900007844
11739	11740	0.0364900007844
11740	11739	0.0364900007844
11740	11741	0.0364900007844
11741	11740	0.0364900007844
11741	11742	0.0364900007844
11742	11741	0.0364900007844
11742	11743	0.0364900007844
11743	11742	0.0364900007844
11743	11744	0.0364900007844
11744	11743	0.0364900007844
11744	11745	0.0364900007844
11745	11744	0.0364900007844
11746	11589	0.0564724989235
11746	11747	0.0564724989235
11747	11746	0.0564724989235
11747	11748	0.0564724989235
11748	11747	0.0564724989235
11748	11749	0.0564724989235
11749	11748	0.0564724989235
11749	11750	0.0564724989235
11750	11749	0.0564724989235
11750	11751	0.0564724989235
11751	11750	0.0564724989235
11751	11752	0.0564724989235
11752	11751	0.0564724989235
11752	11753	0.0564724989235
11753	11752	0.0564724989235
11753	11754	0.0564724989235
11754	11753	0.0564724989235
11754	11755	0.0441940017045
11754	11779	0.0454329997301
11755	11754	0.0441940017045
11755	11756	0.0441940017045
11756	11755	0.0441940017045
11756	11757	0.0441940017045
11757	11756	0.0441940017045
11757	11758	0.0441940017045
11758	11757	0.0441940017045
11758	11759	0.0441940017045
11759	11758	0.0441940017045
11759	11760	0.0441940017045
11760	11759	0.0441940017045
11760	11761	0.0441940017045
11761	11760	0.0441940017045
11761	11762	0.0441940017045
11762	11761	0.0441940017045
11762	11763	0.0441940017045
11763	11762	0.0441940017045
11763	11764	0.0441940017045
11764	11763	0.0441940017045
11764	11765	0.0441940017045
11765	11764	0.0441940017045
11765	11766	0.0441940017045
11766	11765	0.0441940017045
11766	11767	0.0441940017045
11767	11766	0.0441940017045
11767	11768	0.0441940017045
11768	11767	0.0441940017045
11768	11769	0.0441940017045
11769	11768	0.0441940017045
11769	11770	0.0441940017045
11770	11769	0.0441940017045
11770	11771	0.0441940017045
11771	11770	0.0441940017045
11771	11772	0.0441940017045
11772	11771	0.0441940017045
11772	11773	0.0441940017045
11773	11772	0.0441940017045
11773	11774	0.0441940017045
11774	11773	0.0441940017045
11774	11775	0.0441940017045
11775	11774	0.0441940017045
11775	11776	0.0441940017045
11776	11775	0.0441940017045
11776	11777	0.0441940017045
11777	11776	0.0441940017045
11777	11778	0.0441940017045
11778	11777	0.0441940017045
11779	11754	0.0454329997301
11779	11780	0.0454329997301
11780	11779	0.0454329997301
11780	11781	0.0454329997301
11781	11780	0.0454329997301
11781	11782	0.0454329997301
11782	11781	0.0454329997301
11782	11783	0.0454329997301
11783	11782	0.0454329997301
11783	11784	0.0454329997301
11784	11783	0.0454329997301
11784	11785	0.0454329997301
11785	11784	0.0454329997301
11785	11786	0.0454329997301
11786	11785	0.0454329997301
11786	11787	0.0454329997301
11787	11786	0.0454329997301
11787	11788	0.0454329997301
11788	11787	0.0454329997301
11788	11789	0.0454329997301
11789	11788	0.0454329997301
11789	11790	0.0454329997301
11790	11789	0.0454329997301
11790	11791	0.0454329997301
11791	11790	0.0454329997301
11791	11792	0.0454329997301
11792	11791	0.0454329997301
11792	11793	0.0454329997301
11793	11792	0.0454329997301
11793	11794	0.0454329997301
11794	11793	0.0454329997301
11794	11795	0.0454329997301
11795	11794	0.0454329997301
11795	11796	0.0454329997301
11796	11795	0.0454329997301
11796	11797	0.0454329997301
11797	11796	0.0454329997301
11797	11798	0.0454329997301
11798	11797	0.0454329997301
11798	11799	0.0454329997301
11799	11798	0.0454329997301
11799	11800	0.0454329997301
11800	11799	0.0454329997301
11800	11801	0.0454329997301
11801	11800	0.0454329997301
11801	11802	0.0454329997301
11802	11801	0.0454329997301
11802	11803	0.0454329997301
11803	11802	0.0454329997301
11803	11804	0.0454329997301
11804	11803	0.0454329997301
11804	11805	0.0454329997301
11805	11804	0.0454329997301
11806	11411	0.139283999801
11806	11807	0.139283999801
11807	11806	0.139283999801
11807	11808	0.139283999801
11808	11807	0.139283999801
11808	11809	0.139283999801
11809	11808	0.139283999801
11809	11810	0.139283999801
11810	11809	0.139283999801
11810	11811	0.139283999801
11811	11810	0.139283999801
11811	11812	0.139283999801
11812	11811	0.139283999801
11812	11813	0.139283999801
11813	11812	0.139283999801
11813	11814	0.139283999801
11814	11813	0.139283999801
11814	11815	0.139283999801
11815	11814	0.139283999801
11815	11816	0.139283999801
11816	11815	0.139283999801
11816	11817	0.139283999801
11817	11816	0.139283999801
11817	11818	0.139283999801
11818	11817	0.139283999801
11818	11819	0.139283999801
11819	11818	0.139283999801
11819	11820	0.139283999801
11820	11819	0.139283999801
11820	11821	0.139283999801
11821	11820	0.139283999801
11821	11822	0.139283999801
11822	11821	0.139283999801
11822	11823	0.139283999801
11823	11822	0.139283999801
11823	11824	0.139283999801
11824	11823	0.139283999801
11824	11825	0.139283999801
11825	11824	0.139283999801
11825	11826	0.139283999801
11826	11825	0.139283999801
11826	11827	0.139283999801
11827	11826	0.139283999801
11827	11828	0.138504505157
11827	12827	0.0356049984694
11828	11827	0.138504505157
11828	11829	0.138504505157
11829	11828	0.138504505157
11829	11830	0.138504505157
11830	11829	0.138504505157
11830	11831	0.138504505157
11831	11830	0.138504505157
11831	11832	0.138504505157
11832	11831	0.138504505157
11832	11833	0.138504505157
11833	11832	0.138504505157
11833	11834	0.138504505157
11834	11833	0.138504505157
11834	11835	0.138504505157
11835	11834	0.138504505157
11835	11836	0.138504505157
11836	11835	0.138504505157
11836	11837	0.138504505157
11837	11836	0.138504505157
11837	11838	0.138504505157
11838	11837	0.138504505157
11838	11839	0.138504505157
11839	11838	0.138504505157
11839	11840	0.138504505157
11840	11839	0.138504505157
11840	11841	0.138504505157
11841	11840	0.138504505157
11841	11842	0.138504505157
11842	11841	0.138504505157
11842	11843	0.138504505157
11843	11842	0.138504505157
11843	11844	0.138504505157
11844	11843	0.138504505157
11844	11845	0.138504505157
11845	11844	0.138504505157
11845	11846	0.138504505157
11846	11845	0.138504505157
11846	11847	0.138504505157
11847	11846	0.138504505157
11847	11848	0.138504505157
11848	11847	0.138504505157
11848	11849	0.138504505157
11849	11848	0.138504505157
11849	11850	0.135774999857
11849	12758	0.0536014996469
11850	11849	0.135774999857
11850	11851	0.135774999857
11851	11850	0.135774999857
11851	11852	0.135774999857
11852	11851	0.135774999857
11852	11853	0.135774999857
11853	11852	0.135774999857
11853	11854	0.135774999857
11854	11853	0.135774999857
11854	11855	0.135774999857
11855	11854	0.135774999857
11855	11856	0.135774999857
11856	11855	0.135774999857
11856	11857	0.135774999857
11857	11856	0.135774999857
11857	11858	0.0436360016465
11857	11902	0.134255498648
11858	11857	0.0436360016465
11858	11859	0.0436360016465
11859	11858	0.0436360016465
11859	11860	0.0436360016465
11860	11859	0.0436360016465
11860	11861	0.0436360016465
11861	11860	0.0436360016465
11861	11862	0.0436360016465
11862	11861	0.0436360016465
11862	11863	0.0436360016465
11863	11862	0.0436360016465
11863	11864	0.0436360016465
11864	11863	0.0436360016465
11864	11865	0.0436360016465
11865	11864	0.0436360016465
11865	11866	0.0436360016465
11866	11865	0.0436360016465
11866	11867	0.0436360016465
11867	11866	0.0436360016465
11867	11868	0.0436360016465
11868	11867	0.0436360016465
11868	11869	0.0436360016465
11869	11868	0.0436360016465
11869	11870	0.0436360016465
11870	11869	0.0436360016465
11870	11871	0.0436360016465
11871	11870	0.0436360016465
11871	11872	0.0436360016465
11872	11871	0.0436360016465
11872	11873	0.0436360016465
11873	11872	0.0436360016465
11873	11874	0.0436360016465
11874	11873	0.0436360016465
11874	11875	0.0436360016465
11875	11874	0.0436360016465
11875	11876	0.0436360016465
11876	11875	0.0436360016465
11876	11877	0.0436360016465
11877	11876	0.0436360016465
11877	11878	0.0436360016465
11878	11877	0.0436360016465
11878	11879	0.0436360016465
11879	11878	0.0436360016465
11879	11880	0.0436360016465
11880	11879	0.0436360016465
11880	11881	0.0436360016465
11881	11880	0.0436360016465
11881	11882	0.0436360016465
11882	11881	0.0436360016465
11882	11883	0.0436360016465
11883	11882	0.0436360016465
11883	11884	0.0436360016465
11884	11883	0.0436360016465
11884	11885	0.0436360016465
11885	11884	0.0436360016465
11885	11886	0.0436360016465
11886	11885	0.0436360016465
11886	11887	0.0436360016465
11887	11886	0.0436360016465
11887	11888	0.0436360016465
11888	11887	0.0436360016465
11888	11889	0.0436360016465
11889	11888	0.0436360016465
11889	11890	0.0436360016465
11890	11889	0.0436360016465
11890	11891	0.0436360016465
11891	11890	0.0436360016465
11891	11892	0.0436360016465
11892	11891	0.0436360016465
11892	11893	0.0436360016465
11893	11892	0.0436360016465
11893	11894	0.0436360016465
11894	11893	0.0436360016465
11894	11895	0.0436360016465
11895	11894	0.0436360016465
11895	11896	0.0436360016465
11896	11895	0.0436360016465
11896	11897	0.0436360016465
11897	11896	0.0436360016465
11897	11898	0.0436360016465
11898	11897	0.0436360016465
11898	11899	0.0436360016465
11899	11898	0.0436360016465
11899	11900	0.0436360016465
11900	11899	0.0436360016465
11900	11901	0.0436360016465
11901	11900	0.0436360016465
11902	11857	0.134255498648
11902	11903	0.134255498648
11903	11902	0.134255498648
11903	11904	0.134255498648
11904	11903	0.134255498648
11904	11905	0.134255498648
11905	11904	0.134255498648
11905	11906	0.134255498648
11906	11905	0.134255498648
11906	11907	0.134255498648
11907	11906	0.134255498648
11907	11908	0.134255498648
11908	11907	0.134255498648
11908	11909	0.134255498648
11909	11908	0.134255498648
11909	11910	0.122645996511
11909	12547	0.0831580013037
11910	11909	0.122645996511
11910	11911	0.122645996511
11911	11910	0.122645996511
11911	11912	0.122645996511
11912	11911	0.122645996511
11912	11913	0.122645996511
11913	11912	0.122645996511
11913	11914	0.122645996511
11914	11913	0.122645996511
11914	11915	0.122645996511
11915	11914	0.122645996511
11915	11916	0.0434530004859
11915	11955	0.120800003409
11916	11915	0.0434530004859
11916	11917	0.0434530004859
11917	11916	0.0434530004859
11917	11918	0.0434530004859
11918	11917	0.0434530004859
11918	11919	0.0434530004859
11919	11918	0.0434530004859
11919	11920	0.0434530004859
11920	11919	0.0434530004859
11920	11921	0.0434530004859
11921	11920	0.0434530004859
11921	11922	0.0434530004859
11922	11921	0.0434530004859
11922	11923	0.0434530004859
11923	11922	0.0434530004859
11923	11924	0.0434530004859
11924	11923	0.0434530004859
11924	11925	0.0434530004859
11925	11924	0.0434530004859
11925	11926	0.0434530004859
11926	11925	0.0434530004859
11926	11927	0.0434530004859
11927	11926	0.0434530004859
11927	11928	0.0434530004859
11928	11927	0.0434530004859
11928	11929	0.0434530004859
11929	11928	0.0434530004859
11929	11930	0.0434530004859
11930	11929	0.0434530004859
11930	11931	0.0434530004859
11931	11930	0.0434530004859
11931	11932	0.0434530004859
11932	11931	0.0434530004859
11932	11933	0.0434530004859
11933	11932	0.0434530004859
11933	11934	0.0434530004859
11934	11933	0.0434530004859
11934	11935	0.0434530004859
11935	11934	0.0434530004859
11935	11936	0.0434530004859
11936	11935	0.0434530004859
11936	11937	0.0434530004859
11937	11936	0.0434530004859
11937	11938	0.0434530004859
11938	11937	0.0434530004859
11938	11939	0.0434530004859
11939	11938	0.0434530004859
11939	11940	0.0434530004859
11940	11939	0.0434530004859
11940	11941	0.0434530004859
11941	11940	0.0434530004859
11941	11942	0.0434530004859
11942	11941	0.0434530004859
11942	11943	0.0434530004859
11943	11942	0.0434530004859
11943	11944	0.0434530004859
11944	11943	0.0434530004859
11944	11945	0.0434530004859
11945	11944	0.0434530004859
11945	11946	0.0434530004859
11946	11945	0.0434530004859
11946	11947	0.0434530004859
11947	11946	0.0434530004859
11947	11948	0.0434530004859
11948	11947	0.0434530004859
11948	11949	0.0434530004859
11949	11948	0.0434530004859
11949	11950	0.0434530004859
11950	11949	0.0434530004859
11950	11951	0.0434530004859
11951	11950	0.0434530004859
11951	11952	0.0434530004859
11952	11951	0.0434530004859
11952	11953	0.0434530004859
11953	11952	0.0434530004859
11953	11954	0.0434530004859
11954	11953	0.0434530004859
11955	11915	0.120800003409
11955	11956	0.120800003409
11956	11955	0.120800003409
11956	11957	0.120800003409
11957	11956	0.120800003409
11957	11958	0.120800003409
11958	11957	0.120800003409
11958	11959	0.120800003409
11959	11958	0.120800003409
11959	11960	0.120800003409
11960	11959	0.120800003409
11960	11961	0.041465498507
11960	11992	0.119148999453
11961	11960	0.041465498507
11961	11962	0.041465498507
11962	11961	0.041465498507
11962	11963	0.041465498507
11963	11962	0.041465498507
11963	11964	0.041465498507
11964	11963	0.041465498507
11964	11965	0.041465498507
11965	11964	0.041465498507
11965	11966	0.041465498507
11966	11965	0.041465498507
11966	11967	0.041465498507
11967	11966	0.041465498507
11967	11968	0.041465498507
11968	11967	0.041465498507
11968	11969	0.041465498507
11969	11968	0.041465498507
11969	11970	0.041465498507
11970	11969	0.041465498507
11970	11971	0.041465498507
11971	11970	0.041465498507
11971	11972	0.041465498507
11972	11971	0.041465498507
11972	11973	0.041465498507
11973	11972	0.041465498507
11973	11974	0.041465498507
11974	11973	0.041465498507
11974	11975	0.041465498507
11975	11974	0.041465498507
11975	11976	0.041465498507
11976	11975	0.041465498507
11976	11977	0.041465498507
11977	11976	0.041465498507
11977	11978	0.041465498507
11978	11977	0.041465498507
11978	11979	0.041465498507
11979	11978	0.041465498507
11979	11980	0.041465498507
11980	11979	0.041465498507
11980	11981	0.041465498507
11981	11980	0.041465498507
11981	11982	0.041465498507
11982	11981	0.041465498507
11982	11983	0.041465498507
11983	11982	0.041465498507
11983	11984	0.041465498507
11984	11983	0.041465498507
11984	11985	0.041465498507
11985	11984	0.041465498507
11985	11986	0.041465498507
11986	11985	0.041465498507
11986	11987	0.041465498507
11987	11986	0.041465498507
11987	11988	0.041465498507
11988	11987	0.041465498507
11988	11989	0.041465498507
11989	11988	0.041465498507
11989	11990	0.041465498507
11990	11989	0.041465498507
11990	11991	0.041465498507
11991	11990	0.041465498507
11992	11960	0.119148999453
11992	11993	0.119148999453
11993	11992	0.119148999453
11993	11994	0.119148999453
11994	11993	0.119148999453
11994	11995	0.119148999453
11995	11994	0.119148999453
11995	11996	0.119148999453
11996	11995	0.119148999453
11996	11997	0.119148999453
11997	11996	0.119148999453
11997	11998	0.119148999453
11998	11997	0.119148999453
11998	11999	0.119148999453
11999	11998	0.119148999453
11999	12000	0.119148999453
12000	11999	0.119148999453
12000	12001	0.119148999453
12001	12000	0.119148999453
12001	12002	0.119148999453
12002	12001	0.119148999453
12002	12003	0.0961024984717
12002	12277	0.0929839983582
12003	12002	0.0961024984717
12003	12004	0.0961024984717
12004	12003	0.0961024984717
12004	12005	0.0961024984717
12005	12004	0.0961024984717
12005	12006	0.0961024984717
12006	12005	0.0961024984717
12006	12007	0.0961024984717
12007	12006	0.0961024984717
12007	12008	0.0448945015669
12007	12046	0.0927184969187
12008	12007	0.0448945015669
12008	12009	0.0448945015669
12009	12008	0.0448945015669
12009	12010	0.0448945015669
12010	12009	0.0448945015669
12010	12011	0.0448945015669
12011	12010	0.0448945015669
12011	12012	0.0448945015669
12012	12011	0.0448945015669
12012	12013	0.0448945015669
12013	12012	0.0448945015669
12013	12014	0.0448945015669
12014	12013	0.0448945015669
12014	12015	0.0448945015669
12015	12014	0.0448945015669
12015	12016	0.0448945015669
12016	12015	0.0448945015669
12016	12017	0.0448945015669
12017	12016	0.0448945015669
12017	12018	0.0448945015669
12018	12017	0.0448945015669
12018	12019	0.0448945015669
12019	12018	0.0448945015669
12019	12020	0.0448945015669
12020	12019	0.0448945015669
12020	12021	0.0448945015669
12021	12020	0.0448945015669
12021	12022	0.0448945015669
12022	12021	0.0448945015669
12022	12023	0.0448945015669
12023	12022	0.0448945015669
12023	12024	0.0448945015669
12024	12023	0.0448945015669
12024	12025	0.0448945015669
12025	12024	0.0448945015669
12025	12026	0.0448945015669
12026	12025	0.0448945015669
12026	12027	0.0448945015669
12027	12026	0.0448945015669
12027	12028	0.0448945015669
12028	12027	0.0448945015669
12028	12029	0.0448945015669
12029	12028	0.0448945015669
12029	12030	0.0448945015669
12030	12029	0.0448945015669
12030	12031	0.0448945015669
12031	12030	0.0448945015669
12031	12032	0.0448945015669
12032	12031	0.0448945015669
12032	12033	0.0448945015669
12033	12032	0.0448945015669
12033	12034	0.0448945015669
12034	12033	0.0448945015669
12034	12035	0.0448945015669
12035	12034	0.0448945015669
12035	12036	0.0448945015669
12036	12035	0.0448945015669
12036	12037	0.0448945015669
12037	12036	0.0448945015669
12037	12038	0.0448945015669
12038	12037	0.0448945015669
12038	12039	0.0448945015669
12039	12038	0.0448945015669
12039	12040	0.0448945015669
12040	12039	0.0448945015669
12040	12041	0.0448945015669
12041	12040	0.0448945015669
12041	12042	0.0448945015669
12042	12041	0.0448945015669
12042	12043	0.0448945015669
12043	12042	0.0448945015669
12043	12044	0.0448945015669
12044	12043	0.0448945015669
12044	12045	0.0448945015669
12045	12044	0.0448945015669
12046	12007	0.0927184969187
12046	12047	0.0927184969187
12047	12046	0.0927184969187
12047	12048	0.0927184969187
12048	12047	0.0927184969187
12048	12049	0.0927184969187
12049	12048	0.0927184969187
12049	12050	0.0927184969187
12050	12049	0.0927184969187
12050	12051	0.0917724967003
12050	12271	0.0289079993963
12051	12050	0.0917724967003
12051	12052	0.0917724967003
12052	12051	0.0917724967003
12052	12053	0.0917724967003
12053	12052	0.0917724967003
12053	12054	0.0917724967003
12054	12053	0.0917724967003
12054	12055	0.0917724967003
12055	12054	0.0917724967003
12055	12056	0.0917724967003
12056	12055	0.0917724967003
12056	12057	0.0917724967003
12057	12056	0.0917724967003
12057	12058	0.0917724967003
12058	12057	0.0917724967003
12058	12059	0.0917724967003
12059	12058	0.0917724967003
12059	12060	0.0917724967003
12060	12059	0.0917724967003
12060	12061	0.0917724967003
12061	12060	0.0917724967003
12061	12062	0.0917724967003
12062	12061	0.0917724967003
12062	12063	0.0917724967003
12063	12062	0.0917724967003
12063	12064	0.0917724967003
12064	12063	0.0917724967003
12064	12065	0.0917724967003
12065	12064	0.0917724967003
12065	12066	0.0917724967003
12066	12065	0.0917724967003
12066	12067	0.0917724967003
12067	12066	0.0917724967003
12067	12068	0.0917724967003
12068	12067	0.0917724967003
12068	12069	0.0917724967003
12069	12068	0.0917724967003
12069	12070	0.0917724967003
12070	12069	0.0917724967003
12070	12071	0.0460899993777
12070	12102	0.0877214968204
12071	12070	0.0460899993777
12071	12072	0.0460899993777
12072	12071	0.0460899993777
12072	12073	0.0460899993777
12073	12072	0.0460899993777
12073	12074	0.0460899993777
12074	12073	0.0460899993777
12074	12075	0.0460899993777
12075	12074	0.0460899993777
12075	12076	0.0460899993777
12076	12075	0.0460899993777
12076	12077	0.0460899993777
12077	12076	0.0460899993777
12077	12078	0.0460899993777
12078	12077	0.0460899993777
12078	12079	0.0460899993777
12079	12078	0.0460899993777
12079	12080	0.0460899993777
12080	12079	0.0460899993777
12080	12081	0.0460899993777
12081	12080	0.0460899993777
12081	12082	0.0460899993777
12082	12081	0.0460899993777
12082	12083	0.0460899993777
12083	12082	0.0460899993777
12083	12084	0.0460899993777
12084	12083	0.0460899993777
12084	12085	0.0460899993777
12085	12084	0.0460899993777
12085	12086	0.0460899993777
12086	12085	0.0460899993777
12086	12087	0.0460899993777
12087	12086	0.0460899993777
12087	12088	0.0460899993777
12088	12087	0.0460899993777
12088	12089	0.0460899993777
12089	12088	0.0460899993777
12089	12090	0.0460899993777
12090	12089	0.0460899993777
12090	12091	0.0460899993777
12091	12090	0.0460899993777
12091	12092	0.0460899993777
12092	12091	0.0460899993777
12092	12093	0.0460899993777
12093	12092	0.0460899993777
12093	12094	0.0460899993777
12094	12093	0.0460899993777
12094	12095	0.0460899993777
12095	12094	0.0460899993777
12095	12096	0.0460899993777
12096	12095	0.0460899993777
12096	12097	0.0460899993777
12097	12096	0.0460899993777
12097	12098	0.0460899993777
12098	12097	0.0460899993777
12098	12099	0.0460899993777
12099	12098	0.0460899993777
12099	12100	0.0460899993777
12100	12099	0.0460899993777
12100	12101	0.0460899993777
12101	12100	0.0460899993777
12102	12070	0.0877214968204
12102	12103	0.0877214968204
12103	12102	0.0877214968204
12103	12104	0.0877214968204
12104	12103	0.0877214968204
12104	12105	0.0877214968204
12105	12104	0.0877214968204
12105	12106	0.0877214968204
12106	12105	0.0877214968204
12106	12107	0.0877214968204
12107	12106	0.0877214968204
12107	12108	0.0877214968204
12108	12107	0.0877214968204
12108	12109	0.0877214968204
12109	12108	0.0877214968204
12109	12110	0.0877214968204
12110	12109	0.0877214968204
12110	12111	0.0877214968204
12111	12110	0.0877214968204
12111	12112	0.0877214968204
12112	12111	0.0877214968204
12112	12113	0.0877214968204
12113	12112	0.0877214968204
12113	12114	0.0877214968204
12114	12113	0.0877214968204
12114	12115	0.0877214968204
12115	12114	0.0877214968204
12115	12116	0.0877214968204
12116	12115	0.0877214968204
12116	12117	0.0877214968204
12117	12116	0.0877214968204
12117	12118	0.0877214968204
12118	12117	0.0877214968204
12118	12119	0.0877214968204
12119	12118	0.0877214968204
12119	12120	0.0877214968204
12120	12119	0.0877214968204
12120	12121	0.0877214968204
12121	12120	0.0877214968204
12121	12122	0.0498550012708
12121	12154	0.0819865018129
12122	12121	0.0498550012708
12122	12123	0.0498550012708
12123	12122	0.0498550012708
12123	12124	0.0498550012708
12124	12123	0.0498550012708
12124	12125	0.0498550012708
12125	12124	0.0498550012708
12125	12126	0.0498550012708
12126	12125	0.0498550012708
12126	12127	0.0498550012708
12127	12126	0.0498550012708
12127	12128	0.0498550012708
12128	12127	0.0498550012708
12128	12129	0.0498550012708
12129	12128	0.0498550012708
12129	12130	0.0498550012708
12130	12129	0.0498550012708
12130	12131	0.0498550012708
12131	12130	0.0498550012708
12131	12132	0.0498550012708
12132	12131	0.0498550012708
12132	12133	0.0498550012708
12133	12132	0.0498550012708
12133	12134	0.0498550012708
12134	12133	0.0498550012708
12134	12135	0.0498550012708
12135	12134	0.0498550012708
12135	12136	0.0498550012708
12136	12135	0.0498550012708
12136	12137	0.0498550012708
12137	12136	0.0498550012708
12137	12138	0.0498550012708
12138	12137	0.0498550012708
12138	12139	0.0498550012708
12139	12138	0.0498550012708
12139	12140	0.0498550012708
12140	12139	0.0498550012708
12140	12141	0.0498550012708
12141	12140	0.0498550012708
12141	12142	0.0498550012708
12142	12141	0.0498550012708
12142	12143	0.0498550012708
12143	12142	0.0498550012708
12143	12144	0.0498550012708
12144	12143	0.0498550012708
12144	12145	0.0498550012708
12145	12144	0.0498550012708
12145	12146	0.0498550012708
12146	12145	0.0498550012708
12146	12147	0.0498550012708
12147	12146	0.0498550012708
12147	12148	0.0498550012708
12148	12147	0.0498550012708
12148	12149	0.0498550012708
12149	12148	0.0498550012708
12149	12150	0.0498550012708
12150	12149	0.0498550012708
12150	12151	0.0498550012708
12151	12150	0.0498550012708
12151	12152	0.0498550012708
12152	12151	0.0498550012708
12152	12153	0.0498550012708
12153	12152	0.0498550012708
12154	12121	0.0819865018129
12154	12155	0.0819865018129
12155	12154	0.0819865018129
12155	12156	0.0819865018129
12156	12155	0.0819865018129
12156	12157	0.0819865018129
12157	12156	0.0819865018129
12157	12158	0.0819865018129
12158	12157	0.0819865018129
12158	12159	0.0819865018129
12159	12158	0.0819865018129
12159	12160	0.0819865018129
12160	12159	0.0819865018129
12160	12161	0.0819865018129
12161	12160	0.0819865018129
12161	12162	0.0819865018129
12162	12161	0.0819865018129
12162	12163	0.0819865018129
12163	12162	0.0819865018129
12163	12164	0.0763764977455
12163	12249	0.0472609996796
12164	12163	0.0763764977455
12164	12165	0.0763764977455
12165	12164	0.0763764977455
12165	12166	0.0763764977455
12166	12165	0.0763764977455
12166	12167	0.0763764977455
12167	12166	0.0763764977455
12167	12168	0.0763764977455
12168	12167	0.0763764977455
12168	12169	0.0763764977455
12169	12168	0.0763764977455
12169	12170	0.0763764977455
12170	12169	0.0763764977455
12170	12171	0.0763764977455
12171	12170	0.0763764977455
12171	12172	0.0763764977455
12172	12171	0.0763764977455
12172	12173	0.0763764977455
12173	12172	0.0763764977455
12173	12174	0.0345380008221
12173	12178	0.0739459991455
12174	12173	0.0345380008221
12174	12175	0.0345380008221
12175	12174	0.0345380008221
12175	12176	0.0345380008221
12176	12175	0.0345380008221
12176	12177	0.0345380008221
12177	12176	0.0345380008221
12178	12173	0.0739459991455
12178	12179	0.0739459991455
12179	12178	0.0739459991455
12179	12180	0.0739459991455
12180	12179	0.0739459991455
12180	12181	0.0739459991455
12181	12180	0.0739459991455
12181	12182	0.0739459991455
12182	12181	0.0739459991455
12182	12183	0.0739459991455
12183	12182	0.0739459991455
12183	12184	0.0739459991455
12184	12183	0.0739459991455
12184	12185	0.0739459991455
12185	12184	0.0739459991455
12185	12186	0.0739459991455
12186	12185	0.0739459991455
12186	12187	0.0739459991455
12187	12186	0.0739459991455
12187	12188	0.0739459991455
12188	12187	0.0739459991455
12188	12189	0.0739459991455
12189	12188	0.0739459991455
12189	12190	0.0739459991455
12190	12189	0.0739459991455
12190	12191	0.0739459991455
12191	12190	0.0739459991455
12191	12192	0.0739459991455
12192	12191	0.0739459991455
12192	12193	0.0739459991455
12193	12192	0.0739459991455
12193	12194	0.0739459991455
12194	12193	0.0739459991455
12194	12195	0.0739459991455
12195	12194	0.0739459991455
12195	12196	0.0739459991455
12196	12195	0.0739459991455
12196	12197	0.0739459991455
12197	12196	0.0739459991455
12197	12198	0.0533065013587
12197	12215	0.0632354989648
12198	12197	0.0533065013587
12198	12199	0.0533065013587
12199	12198	0.0533065013587
12199	12200	0.0533065013587
12200	12199	0.0533065013587
12200	12201	0.0533065013587
12201	12200	0.0533065013587
12201	12202	0.0533065013587
12202	12201	0.0533065013587
12202	12203	0.0533065013587
12203	12202	0.0533065013587
12203	12204	0.0533065013587
12204	12203	0.0533065013587
12204	12205	0.0533065013587
12205	12204	0.0533065013587
12205	12206	0.0533065013587
12206	12205	0.0533065013587
12206	12207	0.0533065013587
12207	12206	0.0533065013587
12207	12208	0.0533065013587
12208	12207	0.0533065013587
12208	12209	0.0533065013587
12209	12208	0.0533065013587
12209	12210	0.0533065013587
12210	12209	0.0533065013587
12210	12211	0.0533065013587
12211	12210	0.0533065013587
12211	12212	0.0533065013587
12212	12211	0.0533065013587
12212	12213	0.0533065013587
12213	12212	0.0533065013587
12213	12214	0.0533065013587
12214	12213	0.0533065013587
12215	12197	0.0632354989648
12215	12216	0.0632354989648
12216	12215	0.0632354989648
12216	12217	0.0632354989648
12217	12216	0.0632354989648
12217	12218	0.0632354989648
12218	12217	0.0632354989648
12218	12219	0.0632354989648
12219	12218	0.0632354989648
12219	12220	0.0632354989648
12220	12219	0.0632354989648
12220	12221	0.0632354989648
12221	12220	0.0632354989648
12221	12222	0.0632354989648
12222	12221	0.0632354989648
12222	12223	0.0632354989648
12223	12222	0.0632354989648
12223	12224	0.0632354989648
12224	12223	0.0632354989648
12224	12225	0.0632354989648
12225	12224	0.0632354989648
12225	12226	0.0632354989648
12226	12225	0.0632354989648
12226	12227	0.0632354989648
12227	12226	0.0632354989648
12227	12228	0.0632354989648
12228	12227	0.0632354989648
12228	12229	0.0632354989648
12229	12228	0.0632354989648
12229	12230	0.0632354989648
12230	12229	0.0632354989648
12230	12231	0.0632354989648
12231	12230	0.0632354989648
12231	12232	0.0632354989648
12232	12231	0.0632354989648
12232	12233	0.0632354989648
12233	12232	0.0632354989648
12233	12234	0.0632354989648
12234	12233	0.0632354989648
12234	12235	0.0632354989648
12235	12234	0.0632354989648
12235	12236	0.0632354989648
12236	12235	0.0632354989648
12236	12237	0.0632354989648
12237	12236	0.0632354989648
12237	12238	0.0632354989648
12238	12237	0.0632354989648
12238	12239	0.0632354989648
12239	12238	0.0632354989648
12239	12240	0.0632354989648
12240	12239	0.0632354989648
12240	12241	0.0632354989648
12241	12240	0.0632354989648
12241	12242	0.0632354989648
12242	12241	0.0632354989648
12242	12243	0.0632354989648
12243	12242	0.0632354989648
12243	12244	0.0632354989648
12244	12243	0.0632354989648
12244	12245	0.0632354989648
12245	12244	0.0632354989648
12245	12246	0.0632354989648
12246	12245	0.0632354989648
12246	12247	0.0632354989648
12247	12246	0.0632354989648
12247	12248	0.0632354989648
12248	12247	0.0632354989648
12249	12163	0.0472609996796
12249	12250	0.0472609996796
12250	12249	0.0472609996796
12250	12251	0.0472609996796
12251	12250	0.0472609996796
12251	12252	0.0472609996796
12252	12251	0.0472609996796
12252	12253	0.0472609996796
12253	12252	0.0472609996796
12253	12254	0.0472609996796
12254	12253	0.0472609996796
12254	12255	0.0472609996796
12255	12254	0.0472609996796
12255	12256	0.0472609996796
12256	12255	0.0472609996796
12256	12257	0.0472609996796
12257	12256	0.0472609996796
12257	12258	0.0472609996796
12258	12257	0.0472609996796
12258	12259	0.0472609996796
12259	12258	0.0472609996796
12259	12260	0.0472609996796
12260	12259	0.0472609996796
12260	12261	0.0472609996796
12261	12260	0.0472609996796
12261	12262	0.0472609996796
12262	12261	0.0472609996796
12262	12263	0.0472609996796
12263	12262	0.0472609996796
12263	12264	0.0472609996796
12264	12263	0.0472609996796
12264	12265	0.0472609996796
12265	12264	0.0472609996796
12265	12266	0.0472609996796
12266	12265	0.0472609996796
12266	12267	0.0472609996796
12267	12266	0.0472609996796
12267	12268	0.0472609996796
12268	12267	0.0472609996796
12268	12269	0.0472609996796
12269	12268	0.0472609996796
12269	12270	0.0472609996796
12270	12269	0.0472609996796
12271	12050	0.0289079993963
12271	12272	0.0289079993963
12272	12271	0.0289079993963
12272	12273	0.0289079993963
12273	12272	0.0289079993963
12273	12274	0.0289079993963
12274	12273	0.0289079993963
12274	12275	0.0289079993963
12275	12274	0.0289079993963
12275	12276	0.0289079993963
12276	12275	0.0289079993963
12277	12002	0.0929839983582
12277	12278	0.0929839983582
12278	12277	0.0929839983582
12278	12279	0.0929839983582
12279	12278	0.0929839983582
12279	12280	0.0929839983582
12280	12279	0.0929839983582
12280	12281	0.0929839983582
12281	12280	0.0929839983582
12281	12282	0.0929839983582
12282	12281	0.0929839983582
12282	12283	0.0929839983582
12283	12282	0.0929839983582
12283	12284	0.0929839983582
12284	12283	0.0929839983582
12284	12285	0.0929839983582
12285	12284	0.0929839983582
12285	12286	0.0929839983582
12286	12285	0.0929839983582
12286	12287	0.0929839983582
12287	12286	0.0929839983582
12287	12288	0.0929839983582
12288	12287	0.0929839983582
12288	12289	0.0929839983582
12289	12288	0.0929839983582
12289	12290	0.0929839983582
12290	12289	0.0929839983582
12290	12291	0.0929839983582
12291	12290	0.0929839983582
12291	12292	0.0929839983582
12292	12291	0.0929839983582
12292	12293	0.0929839983582
12293	12292	0.0929839983582
12293	12294	0.0929839983582
12294	12293	0.0929839983582
12294	12295	0.0929839983582
12295	12294	0.0929839983582
12295	12296	0.0929839983582
12296	12295	0.0929839983582
12296	12297	0.0929839983582
12297	12296	0.0929839983582
12297	12298	0.0929839983582
12298	12297	0.0929839983582
12298	12299	0.0929839983582
12299	12298	0.0929839983582
12299	12300	0.0929839983582
12300	12299	0.0929839983582
12300	12301	0.0929839983582
12301	12300	0.0929839983582
12301	12302	0.0929839983582
12302	12301	0.0929839983582
12302	12303	0.0929839983582
12303	12302	0.0929839983582
12303	12304	0.0929839983582
12304	12303	0.0929839983582
12304	12305	0.0929839983582
12305	12304	0.0929839983582
12305	12306	0.0881339982152
12305	12503	0.0492339991033
12306	12305	0.0881339982152
12306	12307	0.0881339982152
12307	12306	0.0881339982152
12307	12308	0.0881339982152
12308	12307	0.0881339982152
12308	12309	0.0881339982152
12309	12308	0.0881339982152
12309	12310	0.0881339982152
12310	12309	0.0881339982152
12310	12311	0.0383620001376
12310	12326	0.085641503334
12311	12310	0.0383620001376
12311	12312	0.0383620001376
12312	12311	0.0383620001376
12312	12313	0.0383620001376
12313	12312	0.0383620001376
12313	12314	0.0383620001376
12314	12313	0.0383620001376
12314	12315	0.0383620001376
12315	12314	0.0383620001376
12315	12316	0.0383620001376
12316	12315	0.0383620001376
12316	12317	0.0383620001376
12317	12316	0.0383620001376
12317	12318	0.0383620001376
12318	12317	0.0383620001376
12318	12319	0.0383620001376
12319	12318	0.0383620001376
12319	12320	0.0383620001376
12320	12319	0.0383620001376
12320	12321	0.0383620001376
12321	12320	0.0383620001376
12321	12322	0.0383620001376
12322	12321	0.0383620001376
12322	12323	0.0383620001376
12323	12322	0.0383620001376
12323	12324	0.0383620001376
12324	12323	0.0383620001376
12324	12325	0.0383620001376
12325	12324	0.0383620001376
12326	12310	0.085641503334
12326	12327	0.085641503334
12327	12326	0.085641503334
12327	12328	0.085641503334
12328	12327	0.085641503334
12328	12329	0.085641503334
12329	12328	0.085641503334
12329	12330	0.085641503334
12330	12329	0.085641503334
12330	12331	0.085641503334
12331	12330	0.085641503334
12331	12332	0.085641503334
12332	12331	0.085641503334
12332	12333	0.085641503334
12333	12332	0.085641503334
12333	12334	0.085641503334
12334	12333	0.085641503334
12334	12335	0.085641503334
12335	12334	0.085641503334
12335	12336	0.085641503334
12336	12335	0.085641503334
12336	12337	0.085641503334
12337	12336	0.085641503334
12337	12338	0.085641503334
12338	12337	0.085641503334
12338	12339	0.085641503334
12339	12338	0.085641503334
12339	12340	0.085641503334
12340	12339	0.085641503334
12340	12341	0.085641503334
12341	12340	0.085641503334
12341	12342	0.085641503334
12342	12341	0.085641503334
12342	12343	0.085641503334
12343	12342	0.085641503334
12343	12344	0.085641503334
12344	12343	0.085641503334
12344	12345	0.085641503334
12345	12344	0.085641503334
12345	12346	0.085641503334
12346	12345	0.085641503334
12346	12347	0.085641503334
12347	12346	0.085641503334
12347	12348	0.085641503334
12348	12347	0.085641503334
12348	12349	0.085641503334
12349	12348	0.085641503334
12349	12350	0.085641503334
12350	12349	0.085641503334
12350	12351	0.0803825035691
12350	12477	0.0477339997888
12351	12350	0.0803825035691
12351	12352	0.0803825035691
12352	12351	0.0803825035691
12352	12353	0.0803825035691
12353	12352	0.0803825035691
12353	12354	0.0803825035691
12354	12353	0.0803825035691
12354	12355	0.0803825035691
12355	12354	0.0803825035691
12355	12356	0.0803825035691
12356	12355	0.0803825035691
12356	12357	0.0803825035691
12357	12356	0.0803825035691
12357	12358	0.0803825035691
12358	12357	0.0803825035691
12358	12359	0.0803825035691
12359	12358	0.0803825035691
12359	12360	0.0803825035691
12360	12359	0.0803825035691
12360	12361	0.0803825035691
12361	12360	0.0803825035691
12361	12362	0.0803825035691
12362	12361	0.0803825035691
12362	12363	0.0803825035691
12363	12362	0.0803825035691
12363	12364	0.0803825035691
12364	12363	0.0803825035691
12364	12365	0.0803825035691
12365	12364	0.0803825035691
12365	12366	0.0803825035691
12366	12365	0.0803825035691
12366	12367	0.0803825035691
12367	12366	0.0803825035691
12367	12368	0.0679979994893
12367	12430	0.0589610002935
12368	12367	0.0679979994893
12368	12369	0.0679979994893
12369	12368	0.0679979994893
12369	12370	0.0679979994893
12370	12369	0.0679979994893
12370	12371	0.0679979994893
12371	12370	0.0679979994893
12371	12372	0.0679979994893
12372	12371	0.0679979994893
12372	12373	0.0679979994893
12373	12372	0.0679979994893
12373	12374	0.0679979994893
12374	12373	0.0679979994893
12374	12375	0.0679979994893
12375	12374	0.0679979994893
12375	12376	0.0679979994893
12376	12375	0.0679979994893
12376	12377	0.0679979994893
12377	12376	0.0679979994893
12377	12378	0.0616180002689
12377	12420	0.0431700013578
12378	12377	0.0616180002689
12378	12379	0.0616180002689
12379	12378	0.0616180002689
12379	12380	0.0616180002689
12380	12379	0.0616180002689
12380	12381	0.0616180002689
12381	12380	0.0616180002689
12381	12382	0.0616180002689
12382	12381	0.0616180002689
12382	12383	0.0616180002689
12383	12382	0.0616180002689
12383	12384	0.0616180002689
12384	12383	0.0616180002689
12384	12385	0.0616180002689
12385	12384	0.0616180002689
12385	12386	0.0616180002689
12386	12385	0.0616180002689
12386	12387	0.0616180002689
12387	12386	0.0616180002689
12387	12388	0.0616180002689
12388	12387	0.0616180002689
12388	12389	0.0616180002689
12389	12388	0.0616180002689
12389	12390	0.0616180002689
12390	12389	0.0616180002689
12390	12391	0.0616180002689
12391	12390	0.0616180002689
12391	12392	0.0616180002689
12392	12391	0.0616180002689
12392	12393	0.0616180002689
12393	12392	0.0616180002689
12393	12394	0.0616180002689
12394	12393	0.0616180002689
12394	12395	0.0616180002689
12395	12394	0.0616180002689
12395	12396	0.0616180002689
12396	12395	0.0616180002689
12396	12397	0.0616180002689
12397	12396	0.0616180002689
12397	12398	0.0616180002689
12398	12397	0.0616180002689
12398	12399	0.0616180002689
12399	12398	0.0616180002689
12399	12400	0.0616180002689
12400	12399	0.0616180002689
12400	12401	0.0616180002689
12401	12400	0.0616180002689
12401	12402	0.0616180002689
12402	12401	0.0616180002689
12402	12403	0.0616180002689
12403	12402	0.0616180002689
12403	12404	0.0616180002689
12404	12403	0.0616180002689
12404	12405	0.0616180002689
12405	12404	0.0616180002689
12405	12406	0.0616180002689
12406	12405	0.0616180002689
12406	12407	0.0616180002689
12407	12406	0.0616180002689
12407	12408	0.0616180002689
12408	12407	0.0616180002689
12408	12409	0.0616180002689
12409	12408	0.0616180002689
12409	12410	0.0616180002689
12410	12409	0.0616180002689
12410	12411	0.0616180002689
12411	12410	0.0616180002689
12411	12412	0.0616180002689
12412	12411	0.0616180002689
12412	12413	0.0616180002689
12413	12412	0.0616180002689
12413	12414	0.0616180002689
12414	12413	0.0616180002689
12414	12415	0.0616180002689
12415	12414	0.0616180002689
12415	12416	0.0616180002689
12416	12415	0.0616180002689
12416	12417	0.0616180002689
12417	12416	0.0616180002689
12417	12418	0.0616180002689
12418	12417	0.0616180002689
12418	12419	0.0616180002689
12419	12418	0.0616180002689
12420	12377	0.0431700013578
12420	12421	0.0431700013578
12421	12420	0.0431700013578
12421	12422	0.0431700013578
12422	12421	0.0431700013578
12422	12423	0.0431700013578
12423	12422	0.0431700013578
12423	12424	0.0431700013578
12424	12423	0.0431700013578
12424	12425	0.0431700013578
12425	12424	0.0431700013578
12425	12426	0.0431700013578
12426	12425	0.0431700013578
12426	12427	0.0431700013578
12427	12426	0.0431700013578
12427	12428	0.0431700013578
12428	12427	0.0431700013578
12428	12429	0.0431700013578
12429	12428	0.0431700013578
12430	12367	0.0589610002935
12430	12431	0.0589610002935
12431	12430	0.0589610002935
12431	12432	0.0589610002935
12432	12431	0.0589610002935
12432	12433	0.0589610002935
12433	12432	0.0589610002935
12433	12434	0.0589610002935
12434	12433	0.0589610002935
12434	12435	0.0589610002935
12435	12434	0.0589610002935
12435	12436	0.0589610002935
12436	12435	0.0589610002935
12436	12437	0.0589610002935
12437	12436	0.0589610002935
12437	12438	0.0589610002935
12438	12437	0.0589610002935
12438	12439	0.0589610002935
12439	12438	0.0589610002935
12439	12440	0.0589610002935
12440	12439	0.0589610002935
12440	12441	0.0589610002935
12441	12440	0.0589610002935
12441	12442	0.0589610002935
12442	12441	0.0589610002935
12442	12443	0.0589610002935
12443	12442	0.0589610002935
12443	12444	0.0589610002935
12444	12443	0.0589610002935
12444	12445	0.0589610002935
12445	12444	0.0589610002935
12445	12446	0.0589610002935
12446	12445	0.0589610002935
12446	12447	0.0589610002935
12447	12446	0.0589610002935
12447	12448	0.0589610002935
12448	12447	0.0589610002935
12448	12449	0.0589610002935
12449	12448	0.0589610002935
12449	12450	0.0589610002935
12450	12449	0.0589610002935
12450	12451	0.0589610002935
12451	12450	0.0589610002935
12451	12452	0.0589610002935
12452	12451	0.0589610002935
12452	12453	0.0589610002935
12453	12452	0.0589610002935
12453	12454	0.0589610002935
12454	12453	0.0589610002935
12454	12455	0.0589610002935
12455	12454	0.0589610002935
12455	12456	0.0589610002935
12456	12455	0.0589610002935
12456	12457	0.0589610002935
12457	12456	0.0589610002935
12457	12458	0.0589610002935
12458	12457	0.0589610002935
12458	12459	0.0589610002935
12459	12458	0.0589610002935
12459	12460	0.0589610002935
12460	12459	0.0589610002935
12460	12461	0.0589610002935
12461	12460	0.0589610002935
12461	12462	0.0589610002935
12462	12461	0.0589610002935
12462	12463	0.0589610002935
12463	12462	0.0589610002935
12463	12464	0.0589610002935
12464	12463	0.0589610002935
12464	12465	0.0589610002935
12465	12464	0.0589610002935
12465	12466	0.0589610002935
12466	12465	0.0589610002935
12466	12467	0.0589610002935
12467	12466	0.0589610002935
12467	12468	0.0589610002935
12468	12467	0.0589610002935
12468	12469	0.0589610002935
12469	12468	0.0589610002935
12469	12470	0.0589610002935
12470	12469	0.0589610002935
12470	12471	0.0589610002935
12471	12470	0.0589610002935
12471	12472	0.0589610002935
12472	12471	0.0589610002935
12472	12473	0.0589610002935
12473	12472	0.0589610002935
12473	12474	0.0589610002935
12474	12473	0.0589610002935
12474	12475	0.0589610002935
12475	12474	0.0589610002935
12475	12476	0.0589610002935
12476	12475	0.0589610002935
12477	12350	0.0477339997888
12477	12478	0.0477339997888
12478	12477	0.0477339997888
12478	12479	0.0477339997888
12479	12478	0.0477339997888
12479	12480	0.0477339997888
12480	12479	0.0477339997888
12480	12481	0.0477339997888
12481	12480	0.0477339997888
12481	12482	0.0477339997888
12482	12481	0.0477339997888
12482	12483	0.0477339997888
12483	12482	0.0477339997888
12483	12484	0.0477339997888
12484	12483	0.0477339997888
12484	12485	0.0477339997888
12485	12484	0.0477339997888
12485	12486	0.0477339997888
12486	12485	0.0477339997888
12486	12487	0.0477339997888
12487	12486	0.0477339997888
12487	12488	0.0477339997888
12488	12487	0.0477339997888
12488	12489	0.0477339997888
12489	12488	0.0477339997888
12489	12490	0.0477339997888
12490	12489	0.0477339997888
12490	12491	0.0477339997888
12491	12490	0.0477339997888
12491	12492	0.0477339997888
12492	12491	0.0477339997888
12492	12493	0.0477339997888
12493	12492	0.0477339997888
12493	12494	0.0477339997888
12494	12493	0.0477339997888
12494	12495	0.0477339997888
12495	12494	0.0477339997888
12495	12496	0.0477339997888
12496	12495	0.0477339997888
12496	12497	0.0477339997888
12497	12496	0.0477339997888
12497	12498	0.0477339997888
12498	12497	0.0477339997888
12498	12499	0.0477339997888
12499	12498	0.0477339997888
12499	12500	0.0477339997888
12500	12499	0.0477339997888
12500	12501	0.0477339997888
12501	12500	0.0477339997888
12501	12502	0.0477339997888
12502	12501	0.0477339997888
12503	12305	0.0492339991033
12503	12504	0.0492339991033
12504	12503	0.0492339991033
12504	12505	0.0492339991033
12505	12504	0.0492339991033
12505	12506	0.0492339991033
12506	12505	0.0492339991033
12506	12507	0.0492339991033
12507	12506	0.0492339991033
12507	12508	0.0492339991033
12508	12507	0.0492339991033
12508	12509	0.0492339991033
12509	12508	0.0492339991033
12509	12510	0.0492339991033
12510	12509	0.0492339991033
12510	12511	0.0492339991033
12511	12510	0.0492339991033
12511	12512	0.0492339991033
12512	12511	0.0492339991033
12512	12513	0.0492339991033
12513	12512	0.0492339991033
12513	12514	0.0492339991033
12514	12513	0.0492339991033
12514	12515	0.0492339991033
12515	12514	0.0492339991033
12515	12516	0.0492339991033
12516	12515	0.0492339991033
12516	12517	0.0492339991033
12517	12516	0.0492339991033
12517	12518	0.0492339991033
12518	12517	0.0492339991033
12518	12519	0.0492339991033
12519	12518	0.0492339991033
12519	12520	0.0492339991033
12520	12519	0.0492339991033
12520	12521	0.0492339991033
12521	12520	0.0492339991033
12521	12522	0.0492339991033
12522	12521	0.0492339991033
12522	12523	0.0492339991033
12523	12522	0.0492339991033
12523	12524	0.0492339991033
12524	12523	0.0492339991033
12524	12525	0.0492339991033
12525	12524	0.0492339991033
12525	12526	0.0492339991033
12526	12525	0.0492339991033
12526	12527	0.0492339991033
12527	12526	0.0492339991033
12527	12528	0.0492339991033
12528	12527	0.0492339991033
12528	12529	0.0492339991033
12529	12528	0.0492339991033
12529	12530	0.0492339991033
12530	12529	0.0492339991033
12530	12531	0.0492339991033
12531	12530	0.0492339991033
12531	12532	0.0492339991033
12532	12531	0.0492339991033
12532	12533	0.0492339991033
12533	12532	0.0492339991033
12533	12534	0.0492339991033
12534	12533	0.0492339991033
12534	12535	0.0492339991033
12535	12534	0.0492339991033
12535	12536	0.0492339991033
12536	12535	0.0492339991033
12536	12537	0.0492339991033
12537	12536	0.0492339991033
12537	12538	0.0492339991033
12538	12537	0.0492339991033
12538	12539	0.0492339991033
12539	12538	0.0492339991033
12539	12540	0.0492339991033
12540	12539	0.0492339991033
12540	12541	0.0492339991033
12541	12540	0.0492339991033
12541	12542	0.0492339991033
12542	12541	0.0492339991033
12542	12543	0.0492339991033
12543	12542	0.0492339991033
12543	12544	0.0492339991033
12544	12543	0.0492339991033
12544	12545	0.0492339991033
12545	12544	0.0492339991033
12545	12546	0.0492339991033
12546	12545	0.0492339991033
12547	11909	0.0831580013037
12547	12548	0.0831580013037
12548	12547	0.0831580013037
12548	12549	0.0831580013037
12549	12548	0.0831580013037
12549	12550	0.0831580013037
12550	12549	0.0831580013037
12550	12551	0.0831580013037
12551	12550	0.0831580013037
12551	12552	0.0831580013037
12552	12551	0.0831580013037
12552	12553	0.0831580013037
12553	12552	0.0831580013037
12553	12554	0.0831580013037
12554	12553	0.0831580013037
12554	12555	0.0831580013037
12555	12554	0.0831580013037
12555	12556	0.0831580013037
12556	12555	0.0831580013037
12556	12557	0.0831580013037
12557	12556	0.0831580013037
12557	12558	0.0831580013037
12558	12557	0.0831580013037
12558	12559	0.0831580013037
12559	12558	0.0831580013037
12559	12560	0.0831580013037
12560	12559	0.0831580013037
12560	12561	0.0831580013037
12561	12560	0.0831580013037
12561	12562	0.0831580013037
12562	12561	0.0831580013037
12562	12563	0.0831580013037
12563	12562	0.0831580013037
12563	12564	0.0831580013037
12564	12563	0.0831580013037
12564	12565	0.0831580013037
12565	12564	0.0831580013037
12565	12566	0.0831580013037
12566	12565	0.0831580013037
12566	12567	0.0831580013037
12567	12566	0.0831580013037
12567	12568	0.0831580013037
12568	12567	0.0831580013037
12568	12569	0.0831580013037
12569	12568	0.0831580013037
12569	12570	0.0831580013037
12570	12569	0.0831580013037
12570	12571	0.0831580013037
12571	12570	0.0831580013037
12571	12572	0.0831580013037
12572	12571	0.0831580013037
12572	12573	0.0831580013037
12573	12572	0.0831580013037
12573	12574	0.0831580013037
12574	12573	0.0831580013037
12574	12575	0.0831580013037
12575	12574	0.0831580013037
12575	12576	0.0831580013037
12576	12575	0.0831580013037
12576	12577	0.0831580013037
12577	12576	0.0831580013037
12577	12578	0.0831580013037
12578	12577	0.0831580013037
12578	12579	0.0831580013037
12579	12578	0.0831580013037
12579	12580	0.0831580013037
12580	12579	0.0831580013037
12580	12581	0.0831580013037
12581	12580	0.0831580013037
12581	12582	0.0831580013037
12582	12581	0.0831580013037
12582	12583	0.0831580013037
12583	12582	0.0831580013037
12583	12584	0.0772204995155
12583	12716	0.0485729984939
12584	12583	0.0772204995155
12584	12585	0.0772204995155
12585	12584	0.0772204995155
12585	12586	0.0772204995155
12586	12585	0.0772204995155
12586	12587	0.0772204995155
12587	12586	0.0772204995155
12587	12588	0.0772204995155
12588	12587	0.0772204995155
12588	12589	0.0772204995155
12589	12588	0.0772204995155
12589	12590	0.0772204995155
12590	12589	0.0772204995155
12590	12591	0.0772204995155
12591	12590	0.0772204995155
12591	12592	0.0772204995155
12592	12591	0.0772204995155
12592	12593	0.0772204995155
12593	12592	0.0772204995155
12593	12594	0.0772204995155
12594	12593	0.0772204995155
12594	12595	0.0772204995155
12595	12594	0.0772204995155
12595	12596	0.0741109997034
12595	12704	0.0376599989831
12596	12595	0.0741109997034
12596	12597	0.0741109997034
12597	12596	0.0741109997034
12597	12598	0.0741109997034
12598	12597	0.0741109997034
12598	12599	0.0741109997034
12599	12598	0.0741109997034
12599	12600	0.0741109997034
12600	12599	0.0741109997034
12600	12601	0.0741109997034
12601	12600	0.0741109997034
12601	12602	0.0741109997034
12602	12601	0.0741109997034
12602	12603	0.0741109997034
12603	12602	0.0741109997034
12603	12604	0.0741109997034
12604	12603	0.0741109997034
12604	12605	0.0741109997034
12605	12604	0.0741109997034
12605	12606	0.0741109997034
12606	12605	0.0741109997034
12606	12607	0.0741109997034
12607	12606	0.0741109997034
12607	12608	0.0533805005252
12607	12648	0.0634085014462
12608	12607	0.0533805005252
12608	12609	0.0533805005252
12609	12608	0.0533805005252
12609	12610	0.0533805005252
12610	12609	0.0533805005252
12610	12611	0.0533805005252
12611	12610	0.0533805005252
12611	12612	0.0533805005252
12612	12611	0.0533805005252
12612	12613	0.0533805005252
12613	12612	0.0533805005252
12613	12614	0.0533805005252
12614	12613	0.0533805005252
12614	12615	0.0533805005252
12615	12614	0.0533805005252
12615	12616	0.0533805005252
12616	12615	0.0533805005252
12616	12617	0.0533805005252
12617	12616	0.0533805005252
12617	12618	0.0533805005252
12618	12617	0.0533805005252
12618	12619	0.0533805005252
12619	12618	0.0533805005252
12619	12620	0.0533805005252
12620	12619	0.0533805005252
12620	12621	0.0533805005252
12621	12620	0.0533805005252
12621	12622	0.0533805005252
12622	12621	0.0533805005252
12622	12623	0.0533805005252
12623	12622	0.0533805005252
12623	12624	0.0533805005252
12624	12623	0.0533805005252
12624	12625	0.0533805005252
12625	12624	0.0533805005252
12625	12626	0.0533805005252
12626	12625	0.0533805005252
12626	12627	0.0533805005252
12627	12626	0.0533805005252
12627	12628	0.0533805005252
12628	12627	0.0533805005252
12628	12629	0.0533805005252
12629	12628	0.0533805005252
12629	12630	0.0533805005252
12630	12629	0.0533805005252
12630	12631	0.0533805005252
12631	12630	0.0533805005252
12631	12632	0.0533805005252
12632	12631	0.0533805005252
12632	12633	0.0533805005252
12633	12632	0.0533805005252
12633	12634	0.0533805005252
12634	12633	0.0533805005252
12634	12635	0.0533805005252
12635	12634	0.0533805005252
12635	12636	0.0533805005252
12636	12635	0.0533805005252
12636	12637	0.0533805005252
12637	12636	0.0533805005252
12637	12638	0.0533805005252
12638	12637	0.0533805005252
12638	12639	0.0533805005252
12639	12638	0.0533805005252
12639	12640	0.0533805005252
12640	12639	0.0533805005252
12640	12641	0.0533805005252
12641	12640	0.0533805005252
12641	12642	0.0533805005252
12642	12641	0.0533805005252
12642	12643	0.0533805005252
12643	12642	0.0533805005252
12643	12644	0.0533805005252
12644	12643	0.0533805005252
12644	12645	0.0533805005252
12645	12644	0.0533805005252
12645	12646	0.0533805005252
12646	12645	0.0533805005252
12646	12647	0.0533805005252
12647	12646	0.0533805005252
12648	12607	0.0634085014462
12648	12649	0.0634085014462
12649	12648	0.0634085014462
12649	12650	0.0634085014462
12650	12649	0.0634085014462
12650	12651	0.0634085014462
12651	12650	0.0634085014462
12651	12652	0.0634085014462
12652	12651	0.0634085014462
12652	12653	0.0634085014462
12653	12652	0.0634085014462
12653	12654	0.0634085014462
12654	12653	0.0634085014462
12654	12655	0.0634085014462
12655	12654	0.0634085014462
12655	12656	0.0634085014462
12656	12655	0.0634085014462
12656	12657	0.0634085014462
12657	12656	0.0634085014462
12657	12658	0.0634085014462
12658	12657	0.0634085014462
12658	12659	0.0634085014462
12659	12658	0.0634085014462
12659	12660	0.0427345000207
12659	12671	0.0561360009015
12660	12659	0.0427345000207
12660	12661	0.0427345000207
12661	12660	0.0427345000207
12661	12662	0.0427345000207
12662	12661	0.0427345000207
12662	12663	0.0427345000207
12663	12662	0.0427345000207
12663	12664	0.0427345000207
12664	12663	0.0427345000207
12664	12665	0.0427345000207
12665	12664	0.0427345000207
12665	12666	0.0427345000207
12666	12665	0.0427345000207
12666	12667	0.0427345000207
12667	12666	0.0427345000207
12667	12668	0.0427345000207
12668	12667	0.0427345000207
12668	12669	0.0427345000207
12669	12668	0.0427345000207
12669	12670	0.0427345000207
12670	12669	0.0427345000207
12671	12659	0.0561360009015
12671	12672	0.0561360009015
12672	12671	0.0561360009015
12672	12673	0.0561360009015
12673	12672	0.0561360009015
12673	12674	0.0561360009015
12674	12673	0.0561360009015
12674	12675	0.0561360009015
12675	12674	0.0561360009015
12675	12676	0.0561360009015
12676	12675	0.0561360009015
12676	12677	0.0561360009015
12677	12676	0.0561360009015
12677	12678	0.0561360009015
12678	12677	0.0561360009015
12678	12679	0.0561360009015
12679	12678	0.0561360009015
12679	12680	0.0561360009015
12680	12679	0.0561360009015
12680	12681	0.0561360009015
12681	12680	0.0561360009015
12681	12682	0.0561360009015
12682	12681	0.0561360009015
12682	12683	0.0561360009015
12683	12682	0.0561360009015
12683	12684	0.0561360009015
12684	12683	0.0561360009015
12684	12685	0.0561360009015
12685	12684	0.0561360009015
12685	12686	0.0561360009015
12686	12685	0.0561360009015
12686	12687	0.0561360009015
12687	12686	0.0561360009015
12687	12688	0.0561360009015
12688	12687	0.0561360009015
12688	12689	0.0561360009015
12689	12688	0.0561360009015
12689	12690	0.0561360009015
12690	12689	0.0561360009015
12690	12691	0.0561360009015
12691	12690	0.0561360009015
12691	12692	0.0561360009015
12692	12691	0.0561360009015
12692	12693	0.0561360009015
12693	12692	0.0561360009015
12693	12694	0.0561360009015
12694	12693	0.0561360009015
12694	12695	0.0561360009015
12695	12694	0.0561360009015
12695	12696	0.0561360009015
12696	12695	0.0561360009015
12696	12697	0.0561360009015
12697	12696	0.0561360009015
12697	12698	0.0561360009015
12698	12697	0.0561360009015
12698	12699	0.0561360009015
12699	12698	0.0561360009015
12699	12700	0.0561360009015
12700	12699	0.0561360009015
12700	12701	0.0561360009015
12701	12700	0.0561360009015
12701	12702	0.0561360009015
12702	12701	0.0561360009015
12702	12703	0.0561360009015
12703	12702	0.0561360009015
12704	12595	0.0376599989831
12704	12705	0.0376599989831
12705	12704	0.0376599989831
12705	12706	0.0376599989831
12706	12705	0.0376599989831
12706	12707	0.0376599989831
12707	12706	0.0376599989831
12707	12708	0.0376599989831
12708	12707	0.0376599989831
12708	12709	0.0376599989831
12709	12708	0.0376599989831
12709	12710	0.0376599989831
12710	12709	0.0376599989831
12710	12711	0.0376599989831
12711	12710	0.0376599989831
12711	12712	0.0376599989831
12712	12711	0.0376599989831
12712	12713	0.0376599989831
12713	12712	0.0376599989831
12713	12714	0.0376599989831
12714	12713	0.0376599989831
12714	12715	0.0376599989831
12715	12714	0.0376599989831
12716	12583	0.0485729984939
12716	12717	0.0485729984939
12717	12716	0.0485729984939
12717	12718	0.0485729984939
12718	12717	0.0485729984939
12718	12719	0.0485729984939
12719	12718	0.0485729984939
12719	12720	0.0485729984939
12720	12719	0.0485729984939
12720	12721	0.0485729984939
12721	12720	0.0485729984939
12721	12722	0.0485729984939
12722	12721	0.0485729984939
12722	12723	0.0485729984939
12723	12722	0.0485729984939
12723	12724	0.0485729984939
12724	12723	0.0485729984939
12724	12725	0.0485729984939
12725	12724	0.0485729984939
12725	12726	0.0485729984939
12726	12725	0.0485729984939
12726	12727	0.0485729984939
12727	12726	0.0485729984939
12727	12728	0.0485729984939
12728	12727	0.0485729984939
12728	12729	0.0485729984939
12729	12728	0.0485729984939
12729	12730	0.0485729984939
12730	12729	0.0485729984939
12730	12731	0.0485729984939
12731	12730	0.0485729984939
12731	12732	0.0485729984939
12732	12731	0.0485729984939
12732	12733	0.0485729984939
12733	12732	0.0485729984939
12733	12734	0.0485729984939
12734	12733	0.0485729984939
12734	12735	0.0485729984939
12735	12734	0.0485729984939
12735	12736	0.0485729984939
12736	12735	0.0485729984939
12736	12737	0.0485729984939
12737	12736	0.0485729984939
12737	12738	0.0485729984939
12738	12737	0.0485729984939
12738	12739	0.0485729984939
12739	12738	0.0485729984939
12739	12740	0.0485729984939
12740	12739	0.0485729984939
12740	12741	0.0485729984939
12741	12740	0.0485729984939
12741	12742	0.0485729984939
12742	12741	0.0485729984939
12742	12743	0.0485729984939
12743	12742	0.0485729984939
12743	12744	0.0485729984939
12744	12743	0.0485729984939
12744	12745	0.0485729984939
12745	12744	0.0485729984939
12745	12746	0.0485729984939
12746	12745	0.0485729984939
12746	12747	0.0485729984939
12747	12746	0.0485729984939
12747	12748	0.0485729984939
12748	12747	0.0485729984939
12748	12749	0.0485729984939
12749	12748	0.0485729984939
12749	12750	0.0485729984939
12750	12749	0.0485729984939
12750	12751	0.0485729984939
12751	12750	0.0485729984939
12751	12752	0.0485729984939
12752	12751	0.0485729984939
12752	12753	0.0485729984939
12753	12752	0.0485729984939
12753	12754	0.0485729984939
12754	12753	0.0485729984939
12754	12755	0.0485729984939
12755	12754	0.0485729984939
12755	12756	0.0485729984939
12756	12755	0.0485729984939
12756	12757	0.0485729984939
12757	12756	0.0485729984939
12758	11849	0.0536014996469
12758	12759	0.0536014996469
12759	12758	0.0536014996469
12759	12760	0.0536014996469
12760	12759	0.0536014996469
12760	12761	0.0536014996469
12761	12760	0.0536014996469
12761	12762	0.0536014996469
12762	12761	0.0536014996469
12762	12763	0.0536014996469
12763	12762	0.0536014996469
12763	12764	0.0536014996469
12764	12763	0.0536014996469
12764	12765	0.0536014996469
12765	12764	0.0536014996469
12765	12766	0.0536014996469
12766	12765	0.0536014996469
12766	12767	0.0536014996469
12767	12766	0.0536014996469
12767	12768	0.0536014996469
12768	12767	0.0536014996469
12768	12769	0.0536014996469
12769	12768	0.0536014996469
12769	12770	0.0536014996469
12770	12769	0.0536014996469
12770	12771	0.0536014996469
12771	12770	0.0536014996469
12771	12772	0.0536014996469
12772	12771	0.0536014996469
12772	12773	0.0536014996469
12773	12772	0.0536014996469
12773	12774	0.0536014996469
12774	12773	0.0536014996469
12774	12775	0.0536014996469
12775	12774	0.0536014996469
12775	12776	0.0536014996469
12776	12775	0.0536014996469
12776	12777	0.0536014996469
12777	12776	0.0536014996469
12777	12778	0.0536014996469
12778	12777	0.0536014996469
12778	12779	0.0411894991994
12778	12800	0.0438160002232
12779	12778	0.0411894991994
12779	12780	0.0411894991994
12780	12779	0.0411894991994
12780	12781	0.0411894991994
12781	12780	0.0411894991994
12781	12782	0.0411894991994
12782	12781	0.0411894991994
12782	12783	0.0411894991994
12783	12782	0.0411894991994
12783	12784	0.0411894991994
12784	12783	0.0411894991994
12784	12785	0.0411894991994
12785	12784	0.0411894991994
12785	12786	0.0411894991994
12786	12785	0.0411894991994
12786	12787	0.0411894991994
12787	12786	0.0411894991994
12787	12788	0.0411894991994
12788	12787	0.0411894991994
12788	12789	0.0411894991994
12789	12788	0.0411894991994
12789	12790	0.0411894991994
12790	12789	0.0411894991994
12790	12791	0.0411894991994
12791	12790	0.0411894991994
12791	12792	0.0411894991994
12792	12791	0.0411894991994
12792	12793	0.0411894991994
12793	12792	0.0411894991994
12793	12794	0.0411894991994
12794	12793	0.0411894991994
12794	12795	0.0411894991994
12795	12794	0.0411894991994
12795	12796	0.0411894991994
12796	12795	0.0411894991994
12796	12797	0.0411894991994
12797	12796	0.0411894991994
12797	12798	0.0411894991994
12798	12797	0.0411894991994
12798	12799	0.0411894991994
12799	12798	0.0411894991994
12800	12778	0.0438160002232
12800	12801	0.0438160002232
12801	12800	0.0438160002232
12801	12802	0.0438160002232
12802	12801	0.0438160002232
12802	12803	0.0438160002232
12803	12802	0.0438160002232
12803	12804	0.0438160002232
12804	12803	0.0438160002232
12804	12805	0.0438160002232
12805	12804	0.0438160002232
12805	12806	0.0438160002232
12806	12805	0.0438160002232
12806	12807	0.0438160002232
12807	12806	0.0438160002232
12807	12808	0.0438160002232
12808	12807	0.0438160002232
12808	12809	0.0438160002232
12809	12808	0.0438160002232
12809	12810	0.0438160002232
12810	12809	0.0438160002232
12810	12811	0.0438160002232
12811	12810	0.0438160002232
12811	12812	0.0438160002232
12812	12811	0.0438160002232
12812	12813	0.0438160002232
12813	12812	0.0438160002232
12813	12814	0.0438160002232
12814	12813	0.0438160002232
12814	12815	0.0438160002232
12815	12814	0.0438160002232
12815	12816	0.0438160002232
12816	12815	0.0438160002232
12816	12817	0.0438160002232
12817	12816	0.0438160002232
12817	12818	0.0438160002232
12818	12817	0.0438160002232
12818	12819	0.0438160002232
12819	12818	0.0438160002232
12819	12820	0.0438160002232
12820	12819	0.0438160002232
12820	12821	0.0438160002232
12821	12820	0.0438160002232
12821	12822	0.0438160002232
12822	12821	0.0438160002232
12822	12823	0.0438160002232
12823	12822	0.0438160002232
12823	12824	0.0438160002232
12824	12823	0.0438160002232
12824	12825	0.0438160002232
12825	12824	0.0438160002232
12825	12826	0.0438160002232
12826	12825	0.0438160002232
12827	11827	0.0356049984694
12827	12828	0.0356049984694
12828	12827	0.0356049984694
12828	12829	0.0356049984694
12829	12828	0.0356049984694
12829	12830	0.0356049984694
12830	12829	0.0356049984694
12830	12831	0.0356049984694
12831	12830	0.0356049984694
12831	12832	0.0356049984694
12832	12831	0.0356049984694
12832	12833	0.0356049984694
12833	12832	0.0356049984694
12833	12834	0.0356049984694
12834	12833	0.0356049984694
12834	12835	0.0356049984694
12835	12834	0.0356049984694
12835	12836	0.0356049984694
12836	12835	0.0356049984694
12836	12837	0.0356049984694
12837	12836	0.0356049984694
12837	12838	0.0356049984694
12838	12837	0.0356049984694
12838	12839	0.0356049984694
12839	12838	0.0356049984694
12839	12840	0.0356049984694
12840	12839	0.0356049984694
12840	12841	0.0356049984694
12841	12840	0.0356049984694
12841	12842	0.0356049984694
12842	12841	0.0356049984694
12842	12843	0.0356049984694
12843	12842	0.0356049984694
12843	12844	0.0356049984694
12844	12843	0.0356049984694
12844	12845	0.0356049984694
12845	12844	0.0356049984694
12845	12846	0.0356049984694
12846	12845	0.0356049984694
12846	12847	0.0356049984694
12847	12846	0.0356049984694
12847	12848	0.0356049984694
12848	12847	0.0356049984694
12849	11401	0.0436789989471
12849	12850	0.0436789989471
12850	12849	0.0436789989471
12850	12851	0.0436789989471
12851	12850	0.0436789989471
12851	12852	0.0436789989471
12852	12851	0.0436789989471
12852	12853	0.0436789989471
12853	12852	0.0436789989471
12853	12854	0.0436789989471
12854	12853	0.0436789989471
12854	12855	0.0436789989471
12855	12854	0.0436789989471
12855	12856	0.0436789989471
12856	12855	0.0436789989471
12856	12857	0.0436789989471
12857	12856	0.0436789989471
12857	12858	0.0436789989471
12858	12857	0.0436789989471
12858	12859	0.0436789989471
12859	12858	0.0436789989471
12859	12860	0.0436789989471
12860	12859	0.0436789989471
12860	12861	0.0436789989471
12861	12860	0.0436789989471
12861	12862	0.0436789989471
12862	12861	0.0436789989471
12862	12863	0.0436789989471
12863	12862	0.0436789989471
12863	12864	0.0436789989471
12864	12863	0.0436789989471
12864	12865	0.0436789989471
12865	12864	0.0436789989471
12865	12866	0.0436789989471
12866	12865	0.0436789989471
12866	12867	0.0436789989471
12867	12866	0.0436789989471
12867	12868	0.0436789989471
12868	12867	0.0436789989471
12868	12869	0.0436789989471
12869	12868	0.0436789989471
12869	12870	0.0436789989471
12870	12869	0.0436789989471
12870	12871	0.0436789989471
12871	12870	0.0436789989471
12871	12872	0.0436789989471
12872	12871	0.0436789989471
12872	12873	0.0436789989471
12873	12872	0.0436789989471
12873	12874	0.0436789989471
12874	12873	0.0436789989471
12874	12875	0.0436789989471
12875	12874	0.0436789989471
12875	12876	0.0436789989471
12876	12875	0.0436789989471
12876	12877	0.0436789989471
12877	12876	0.0436789989471
12877	12878	0.0436789989471
12878	12877	0.0436789989471
12878	12879	0.0436789989471
12879	12878	0.0436789989471
12879	12880	0.0436789989471
12880	12879	0.0436789989471
12880	12881	0.0436789989471
12881	12880	0.0436789989471
12881	12882	0.0436789989471
12882	12881	0.0436789989471
12882	12883	0.0436789989471
12883	12882	0.0436789989471
12883	12884	0.0436789989471
12884	12883	0.0436789989471
12884	12885	0.0436789989471
12885	12884	0.0436789989471
12885	12886	0.0436789989471
12886	12885	0.0436789989471
12886	12887	0.0436789989471
12887	12886	0.0436789989471
12887	12888	0.0436789989471
12888	12887	0.0436789989471
12888	12889	0.0436789989471
12889	12888	0.0436789989471
12889	12890	0.0436789989471
12890	12889	0.0436789989471
12890	12891	0.0436789989471
12891	12890	0.0436789989471
12891	12892	0.0436789989471
12892	12891	0.0436789989471
12892	12893	0.0436789989471
12893	12892	0.0436789989471
12893	12894	0.0436789989471
12894	12893	0.0436789989471
12894	12895	0.0436789989471
12895	12894	0.0436789989471
12895	12896	0.0436789989471
12896	12895	0.0436789989471
12896	12897	0.0436789989471
12897	12896	0.0436789989471
12897	12898	0.0436789989471
12898	12897	0.0436789989471
12898	12899	0.0436789989471
12899	12898	0.0436789989471
12899	12900	0.0436789989471
12900	12899	0.0436789989471
12900	12901	0.0436789989471
12901	12900	0.0436789989471
12901	12902	0.0436789989471
12902	12901	0.0436789989471
12902	12903	0.0436789989471
12903	12902	0.0436789989471
12903	12904	0.0436789989471
12904	12903	0.0436789989471
12904	12905	0.0436789989471
12905	12904	0.0436789989471
12905	12906	0.0436789989471
12906	12905	0.0436789989471
12907	11389	0.0394699983299
12907	12908	0.0394699983299
12908	12907	0.0394699983299
12908	12909	0.0394699983299
12909	12908	0.0394699983299
12909	12910	0.0394699983299
12910	12909	0.0394699983299
12910	12911	0.0394699983299
12911	12910	0.0394699983299
12911	12912	0.0394699983299
12912	12911	0.0394699983299
12912	12913	0.0394699983299
12913	12912	0.0394699983299
12913	12914	0.0394699983299
12914	12913	0.0394699983299
12914	12915	0.0394699983299
12915	12914	0.0394699983299
12915	12916	0.0394699983299
12916	12915	0.0394699983299
12916	12917	0.0394699983299
12917	12916	0.0394699983299
12917	12918	0.0394699983299
12918	12917	0.0394699983299
12918	12919	0.0394699983299
12919	12918	0.0394699983299
12919	12920	0.0394699983299
12920	12919	0.0394699983299
12920	12921	0.0394699983299
12921	12920	0.0394699983299
12921	12922	0.0394699983299
12922	12921	0.0394699983299
12922	12923	0.0394699983299
12923	12922	0.0394699983299
12923	12924	0.0394699983299
12924	12923	0.0394699983299
12924	12925	0.0394699983299
12925	12924	0.0394699983299
12925	12926	0.0394699983299
12926	12925	0.0394699983299
12926	12927	0.0394699983299
12927	12926	0.0394699983299
12927	12928	0.0394699983299
12928	12927	0.0394699983299
12928	12929	0.0394699983299
12929	12928	0.0394699983299
12929	12930	0.0394699983299
12930	12929	0.0394699983299
12930	12931	0.0394699983299
12931	12930	0.0394699983299
12931	12932	0.0394699983299
12932	12931	0.0394699983299
12932	12933	0.0394699983299
12933	12932	0.0394699983299
12933	12934	0.0394699983299
12934	12933	0.0394699983299
12934	12935	0.0394699983299
12935	12934	0.0394699983299
12935	12936	0.0394699983299
12936	12935	0.0394699983299
12936	12937	0.0394699983299
12937	12936	0.0394699983299
12937	12938	0.0394699983299
12938	12937	0.0394699983299
12938	12939	0.0394699983299
12939	12938	0.0394699983299
12939	12940	0.0394699983299
12940	12939	0.0394699983299
12940	12941	0.0394699983299
12941	12940	0.0394699983299
12941	12942	0.0394699983299
12942	12941	0.0394699983299
12942	12943	0.0394699983299
12943	12942	0.0394699983299
12943	12944	0.0394699983299
12944	12943	0.0394699983299
12944	12945	0.0394699983299
12945	12944	0.0394699983299
12945	12946	0.0394699983299
12946	12945	0.0394699983299
12946	12947	0.0394699983299
12947	12946	0.0394699983299
12948	11254	0.141561001539
12948	12949	0.141561001539
12949	12948	0.141561001539
12949	12950	0.141561001539
12950	12949	0.141561001539
12950	12951	0.141561001539
12951	12950	0.141561001539
12951	12952	0.141561001539
12952	12951	0.141561001539
12952	12953	0.141561001539
12953	12952	0.141561001539
12953	12954	0.141561001539
12954	12953	0.141561001539
12954	12955	0.141561001539
12955	12954	0.141561001539
12955	12956	0.141561001539
12956	12955	0.141561001539
12956	12957	0.141561001539
12957	12956	0.141561001539
12957	12958	0.141561001539
12958	12957	0.141561001539
12958	12959	0.141561001539
12959	12958	0.141561001539
12959	12960	0.141561001539
12960	12959	0.141561001539
12960	12961	0.141561001539
12961	12960	0.141561001539
12961	12962	0.141561001539
12962	12961	0.141561001539
12962	12963	0.141561001539
12963	12962	0.141561001539
12963	12964	0.141561001539
12964	12963	0.141561001539
12964	12965	0.141561001539
12965	12964	0.141561001539
12965	12966	0.141561001539
12966	12965	0.141561001539
12966	12967	0.141561001539
12967	12966	0.141561001539
12967	12968	0.141561001539
12968	12967	0.141561001539
12968	12969	0.141561001539
12969	12968	0.141561001539
12969	12970	0.141561001539
12970	12969	0.141561001539
12970	12971	0.141561001539
12971	12970	0.141561001539
12971	12972	0.141561001539
12972	12971	0.141561001539
12972	12973	0.141561001539
12973	12972	0.141561001539
12973	12974	0.141561001539
12974	12973	0.141561001539
12974	12975	0.141005992889
12974	14113	0.0321554988623
12975	12974	0.141005992889
12975	12976	0.141005992889
12976	12975	0.141005992889
12976	12977	0.141005992889
12977	12976	0.141005992889
12977	12978	0.141005992889
12978	12977	0.141005992889
12978	12979	0.141005992889
12979	12978	0.141005992889
12979	12980	0.141005992889
12980	12979	0.141005992889
12980	12981	0.141005992889
12981	12980	0.141005992889
12981	12982	0.141005992889
12982	12981	0.141005992889
12982	12983	0.141005992889
12983	12982	0.141005992889
12983	12984	0.0326954983175
12983	13003	0.14041750133
12984	12983	0.0326954983175
12984	12985	0.0326954983175
12985	12984	0.0326954983175
12985	12986	0.0326954983175
12986	12985	0.0326954983175
12986	12987	0.0326954983175
12987	12986	0.0326954983175
12987	12988	0.0326954983175
12988	12987	0.0326954983175
12988	12989	0.0326954983175
12989	12988	0.0326954983175
12989	12990	0.0326954983175
12990	12989	0.0326954983175
12990	12991	0.0326954983175
12991	12990	0.0326954983175
12991	12992	0.0326954983175
12992	12991	0.0326954983175
12992	12993	0.0326954983175
12993	12992	0.0326954983175
12993	12994	0.0326954983175
12994	12993	0.0326954983175
12994	12995	0.0326954983175
12995	12994	0.0326954983175
12995	12996	0.0326954983175
12996	12995	0.0326954983175
12996	12997	0.0326954983175
12997	12996	0.0326954983175
12997	12998	0.0326954983175
12998	12997	0.0326954983175
12998	12999	0.0326954983175
12999	12998	0.0326954983175
12999	13000	0.0326954983175
13000	12999	0.0326954983175
13000	13001	0.0326954983175
13001	13000	0.0326954983175
13001	13002	0.0326954983175
13002	13001	0.0326954983175
13003	12983	0.14041750133
13003	13004	0.14041750133
13004	13003	0.14041750133
13004	13005	0.14041750133
13005	13004	0.14041750133
13005	13006	0.14041750133
13006	13005	0.14041750133
13006	13007	0.14041750133
13007	13006	0.14041750133
13007	13008	0.14041750133
13008	13007	0.14041750133
13008	13009	0.14041750133
13009	13008	0.14041750133
13009	13010	0.14041750133
13010	13009	0.14041750133
13010	13011	0.14041750133
13011	13010	0.14041750133
13011	13012	0.138633996248
13011	14057	0.0470535010099
13012	13011	0.138633996248
13012	13013	0.138633996248
13013	13012	0.138633996248
13013	13014	0.138633996248
13014	13013	0.138633996248
13014	13015	0.138633996248
13015	13014	0.138633996248
13015	13016	0.138633996248
13016	13015	0.138633996248
13016	13017	0.138633996248
13017	13016	0.138633996248
13017	13018	0.138633996248
13018	13017	0.138633996248
13018	13019	0.138633996248
13019	13018	0.138633996248
13019	13020	0.138633996248
13020	13019	0.138633996248
13020	13021	0.138633996248
13021	13020	0.138633996248
13021	13022	0.138633996248
13022	13021	0.138633996248
13022	13023	0.138633996248
13023	13022	0.138633996248
13023	13024	0.138633996248
13024	13023	0.138633996248
13024	13025	0.138633996248
13025	13024	0.138633996248
13025	13026	0.138633996248
13026	13025	0.138633996248
13026	13027	0.138633996248
13027	13026	0.138633996248
13027	13028	0.138633996248
13028	13027	0.138633996248
13028	13029	0.0344614982605
13028	13050	0.137920498848
13029	13028	0.0344614982605
13029	13030	0.0344614982605
13030	13029	0.0344614982605
13030	13031	0.0344614982605
13031	13030	0.0344614982605
13031	13032	0.0344614982605
13032	13031	0.0344614982605
13032	13033	0.0344614982605
13033	13032	0.0344614982605
13033	13034	0.0344614982605
13034	13033	0.0344614982605
13034	13035	0.0344614982605
13035	13034	0.0344614982605
13035	13036	0.0344614982605
13036	13035	0.0344614982605
13036	13037	0.0344614982605
13037	13036	0.0344614982605
13037	13038	0.0344614982605
13038	13037	0.0344614982605
13038	13039	0.0344614982605
13039	13038	0.0344614982605
13039	13040	0.0344614982605
13040	13039	0.0344614982605
13040	13041	0.0344614982605
13041	13040	0.0344614982605
13041	13042	0.0344614982605
13042	13041	0.0344614982605
13042	13043	0.0344614982605
13043	13042	0.0344614982605
13043	13044	0.0344614982605
13044	13043	0.0344614982605
13044	13045	0.0344614982605
13045	13044	0.0344614982605
13045	13046	0.0344614982605
13046	13045	0.0344614982605
13046	13047	0.0344614982605
13047	13046	0.0344614982605
13047	13048	0.0344614982605
13048	13047	0.0344614982605
13048	13049	0.0344614982605
13049	13048	0.0344614982605
13050	13028	0.137920498848
13050	13051	0.137920498848
13051	13050	0.137920498848
13051	13052	0.137920498848
13052	13051	0.137920498848
13052	13053	0.137920498848
13053	13052	0.137920498848
13053	13054	0.137920498848
13054	13053	0.137920498848
13054	13055	0.137920498848
13055	13054	0.137920498848
13055	13056	0.137920498848
13056	13055	0.137920498848
13056	13057	0.137920498848
13057	13056	0.137920498848
13057	13058	0.135692998767
13057	13993	0.0500079989433
13058	13057	0.135692998767
13058	13059	0.135692998767
13059	13058	0.135692998767
13059	13060	0.135692998767
13060	13059	0.135692998767
13060	13061	0.135692998767
13061	13060	0.135692998767
13061	13062	0.135692998767
13062	13061	0.135692998767
13062	13063	0.135692998767
13063	13062	0.135692998767
13063	13064	0.135692998767
13064	13063	0.135692998767
13064	13065	0.135692998767
13065	13064	0.135692998767
13065	13066	0.0860180035233
13065	13331	0.123025000095
13066	13065	0.0860180035233
13066	13067	0.0860180035233
13067	13066	0.0860180035233
13067	13068	0.0860180035233
13068	13067	0.0860180035233
13068	13069	0.0860180035233
13069	13068	0.0860180035233
13069	13070	0.0860180035233
13070	13069	0.0860180035233
13070	13071	0.0860180035233
13071	13070	0.0860180035233
13071	13072	0.0860180035233
13072	13071	0.0860180035233
13072	13073	0.0860180035233
13073	13072	0.0860180035233
13073	13074	0.0860180035233
13074	13073	0.0860180035233
13074	13075	0.0860180035233
13075	13074	0.0860180035233
13075	13076	0.0860180035233
13076	13075	0.0860180035233
13076	13077	0.0860180035233
13077	13076	0.0860180035233
13077	13078	0.0860180035233
13078	13077	0.0860180035233
13078	13079	0.0860180035233
13079	13078	0.0860180035233
13079	13080	0.0439219996333
13079	13124	0.0820175036788
13080	13079	0.0439219996333
13080	13081	0.0439219996333
13081	13080	0.0439219996333
13081	13082	0.0439219996333
13082	13081	0.0439219996333
13082	13083	0.0439219996333
13083	13082	0.0439219996333
13083	13084	0.0439219996333
13084	13083	0.0439219996333
13084	13085	0.0439219996333
13085	13084	0.0439219996333
13085	13086	0.0439219996333
13086	13085	0.0439219996333
13086	13087	0.0439219996333
13087	13086	0.0439219996333
13087	13088	0.0439219996333
13088	13087	0.0439219996333
13088	13089	0.0439219996333
13089	13088	0.0439219996333
13089	13090	0.0439219996333
13090	13089	0.0439219996333
13090	13091	0.0439219996333
13091	13090	0.0439219996333
13091	13092	0.0439219996333
13092	13091	0.0439219996333
13092	13093	0.0439219996333
13093	13092	0.0439219996333
13093	13094	0.0439219996333
13094	13093	0.0439219996333
13094	13095	0.0439219996333
13095	13094	0.0439219996333
13095	13096	0.0439219996333
13096	13095	0.0439219996333
13096	13097	0.0439219996333
13097	13096	0.0439219996333
13097	13098	0.0439219996333
13098	13097	0.0439219996333
13098	13099	0.0439219996333
13099	13098	0.0439219996333
13099	13100	0.0439219996333
13100	13099	0.0439219996333
13100	13101	0.0439219996333
13101	13100	0.0439219996333
13101	13102	0.0439219996333
13102	13101	0.0439219996333
13102	13103	0.0439219996333
13103	13102	0.0439219996333
13103	13104	0.0439219996333
13104	13103	0.0439219996333
13104	13105	0.0439219996333
13105	13104	0.0439219996333
13105	13106	0.0439219996333
13106	13105	0.0439219996333
13106	13107	0.0439219996333
13107	13106	0.0439219996333
13107	13108	0.0439219996333
13108	13107	0.0439219996333
13108	13109	0.0439219996333
13109	13108	0.0439219996333
13109	13110	0.0439219996333
13110	13109	0.0439219996333
13110	13111	0.0439219996333
13111	13110	0.0439219996333
13111	13112	0.0439219996333
13112	13111	0.0439219996333
13112	13113	0.0439219996333
13113	13112	0.0439219996333
13113	13114	0.0439219996333
13114	13113	0.0439219996333
13114	13115	0.0439219996333
13115	13114	0.0439219996333
13115	13116	0.0439219996333
13116	13115	0.0439219996333
13116	13117	0.0439219996333
13117	13116	0.0439219996333
13117	13118	0.0439219996333
13118	13117	0.0439219996333
13118	13119	0.0439219996333
13119	13118	0.0439219996333
13119	13120	0.0439219996333
13120	13119	0.0439219996333
13120	13121	0.0439219996333
13121	13120	0.0439219996333
13121	13122	0.0439219996333
13122	13121	0.0439219996333
13122	13123	0.0439219996333
13123	13122	0.0439219996333
13124	13079	0.0820175036788
13124	13125	0.0820175036788
13125	13124	0.0820175036788
13125	13126	0.0820175036788
13126	13125	0.0820175036788
13126	13127	0.0820175036788
13127	13126	0.0820175036788
13127	13128	0.0820175036788
13128	13127	0.0820175036788
13128	13129	0.0820175036788
13129	13128	0.0820175036788
13129	13130	0.0820175036788
13130	13129	0.0820175036788
13130	13131	0.0820175036788
13131	13130	0.0820175036788
13131	13132	0.0820175036788
13132	13131	0.0820175036788
13132	13133	0.0820175036788
13133	13132	0.0820175036788
13133	13134	0.0820175036788
13134	13133	0.0820175036788
13134	13135	0.0820175036788
13135	13134	0.0820175036788
13135	13136	0.0820175036788
13136	13135	0.0820175036788
13136	13137	0.0820175036788
13137	13136	0.0820175036788
13137	13138	0.0411175005138
13137	13166	0.0784170031548
13138	13137	0.0411175005138
13138	13139	0.0411175005138
13139	13138	0.0411175005138
13139	13140	0.0411175005138
13140	13139	0.0411175005138
13140	13141	0.0411175005138
13141	13140	0.0411175005138
13141	13142	0.0411175005138
13142	13141	0.0411175005138
13142	13143	0.0411175005138
13143	13142	0.0411175005138
13143	13144	0.0411175005138
13144	13143	0.0411175005138
13144	13145	0.0411175005138
13145	13144	0.0411175005138
13145	13146	0.0411175005138
13146	13145	0.0411175005138
13146	13147	0.0411175005138
13147	13146	0.0411175005138
13147	13148	0.0411175005138
13148	13147	0.0411175005138
13148	13149	0.0411175005138
13149	13148	0.0411175005138
13149	13150	0.0411175005138
13150	13149	0.0411175005138
13150	13151	0.0411175005138
13151	13150	0.0411175005138
13151	13152	0.0411175005138
13152	13151	0.0411175005138
13152	13153	0.0411175005138
13153	13152	0.0411175005138
13153	13154	0.0411175005138
13154	13153	0.0411175005138
13154	13155	0.0411175005138
13155	13154	0.0411175005138
13155	13156	0.0411175005138
13156	13155	0.0411175005138
13156	13157	0.0411175005138
13157	13156	0.0411175005138
13157	13158	0.0411175005138
13158	13157	0.0411175005138
13158	13159	0.0411175005138
13159	13158	0.0411175005138
13159	13160	0.0411175005138
13160	13159	0.0411175005138
13160	13161	0.0411175005138
13161	13160	0.0411175005138
13161	13162	0.0411175005138
13162	13161	0.0411175005138
13162	13163	0.0411175005138
13163	13162	0.0411175005138
13163	13164	0.0411175005138
13164	13163	0.0411175005138
13164	13165	0.0411175005138
13165	13164	0.0411175005138
13166	13137	0.0784170031548
13166	13167	0.0784170031548
13167	13166	0.0784170031548
13167	13168	0.0784170031548
13168	13167	0.0784170031548
13168	13169	0.0784170031548
13169	13168	0.0784170031548
13169	13170	0.0784170031548
13170	13169	0.0784170031548
13170	13171	0.0784170031548
13171	13170	0.0784170031548
13171	13172	0.0784170031548
13172	13171	0.0784170031548
13172	13173	0.0784170031548
13173	13172	0.0784170031548
13173	13174	0.0784170031548
13174	13173	0.0784170031548
13174	13175	0.0784170031548
13175	13174	0.0784170031548
13175	13176	0.0784170031548
13176	13175	0.0784170031548
13176	13177	0.0784170031548
13177	13176	0.0784170031548
13177	13178	0.0784170031548
13178	13177	0.0784170031548
13178	13179	0.0784170031548
13179	13178	0.0784170031548
13179	13180	0.0689814984798
13179	13286	0.0535965003073
13180	13179	0.0689814984798
13180	13181	0.0689814984798
13181	13180	0.0689814984798
13181	13182	0.0689814984798
13182	13181	0.0689814984798
13182	13183	0.0689814984798
13183	13182	0.0689814984798
13183	13184	0.0689814984798
13184	13183	0.0689814984798
13184	13185	0.0689814984798
13185	13184	0.0689814984798
13185	13186	0.0689814984798
13186	13185	0.0689814984798
13186	13187	0.0689814984798
13187	13186	0.0689814984798
13187	13188	0.0689814984798
13188	13187	0.0689814984798
13188	13189	0.0689814984798
13189	13188	0.0689814984798
13189	13190	0.0689814984798
13190	13189	0.0689814984798
13190	13191	0.0689814984798
13191	13190	0.0689814984798
13191	13192	0.0689814984798
13192	13191	0.0689814984798
13192	13193	0.0689814984798
13193	13192	0.0689814984798
13193	13194	0.0517069995403
13193	13236	0.0574890002608
13194	13193	0.0517069995403
13194	13195	0.0517069995403
13195	13194	0.0517069995403
13195	13196	0.0517069995403
13196	13195	0.0517069995403
13196	13197	0.0517069995403
13197	13196	0.0517069995403
13197	13198	0.0517069995403
13198	13197	0.0517069995403
13198	13199	0.0517069995403
13199	13198	0.0517069995403
13199	13200	0.0517069995403
13200	13199	0.0517069995403
13200	13201	0.0517069995403
13201	13200	0.0517069995403
13201	13202	0.0517069995403
13202	13201	0.0517069995403
13202	13203	0.0517069995403
13203	13202	0.0517069995403
13203	13204	0.0517069995403
13204	13203	0.0517069995403
13204	13205	0.0517069995403
13205	13204	0.0517069995403
13205	13206	0.0517069995403
13206	13205	0.0517069995403
13206	13207	0.0517069995403
13207	13206	0.0517069995403
13207	13208	0.0517069995403
13208	13207	0.0517069995403
13208	13209	0.0517069995403
13209	13208	0.0517069995403
13209	13210	0.0517069995403
13210	13209	0.0517069995403
13210	13211	0.0517069995403
13211	13210	0.0517069995403
13211	13212	0.0517069995403
13212	13211	0.0517069995403
13212	13213	0.0517069995403
13213	13212	0.0517069995403
13213	13214	0.0517069995403
13214	13213	0.0517069995403
13214	13215	0.0517069995403
13215	13214	0.0517069995403
13215	13216	0.0517069995403
13216	13215	0.0517069995403
13216	13217	0.0517069995403
13217	13216	0.0517069995403
13217	13218	0.0517069995403
13218	13217	0.0517069995403
13218	13219	0.0517069995403
13219	13218	0.0517069995403
13219	13220	0.0517069995403
13220	13219	0.0517069995403
13220	13221	0.0517069995403
13221	13220	0.0517069995403
13221	13222	0.0517069995403
13222	13221	0.0517069995403
13222	13223	0.0517069995403
13223	13222	0.0517069995403
13223	13224	0.0517069995403
13224	13223	0.0517069995403
13224	13225	0.0517069995403
13225	13224	0.0517069995403
13225	13226	0.0517069995403
13226	13225	0.0517069995403
13226	13227	0.0517069995403
13227	13226	0.0517069995403
13227	13228	0.0517069995403
13228	13227	0.0517069995403
13228	13229	0.0517069995403
13229	13228	0.0517069995403
13229	13230	0.0517069995403
13230	13229	0.0517069995403
13230	13231	0.0517069995403
13231	13230	0.0517069995403
13231	13232	0.0517069995403
13232	13231	0.0517069995403
13232	13233	0.0517069995403
13233	13232	0.0517069995403
13233	13234	0.0517069995403
13234	13233	0.0517069995403
13234	13235	0.0517069995403
13235	13234	0.0517069995403
13236	13193	0.0574890002608
13236	13237	0.0574890002608
13237	13236	0.0574890002608
13237	13238	0.0574890002608
13238	13237	0.0574890002608
13238	13239	0.0574890002608
13239	13238	0.0574890002608
13239	13240	0.0574890002608
13240	13239	0.0574890002608
13240	13241	0.0574890002608
13241	13240	0.0574890002608
13241	13242	0.0337494984269
13241	13248	0.0533165000379
13242	13241	0.0337494984269
13242	13243	0.0337494984269
13243	13242	0.0337494984269
13243	13244	0.0337494984269
13244	13243	0.0337494984269
13244	13245	0.0337494984269
13245	13244	0.0337494984269
13245	13246	0.0337494984269
13246	13245	0.0337494984269
13246	13247	0.0337494984269
13247	13246	0.0337494984269
13248	13241	0.0533165000379
13248	13249	0.0533165000379
13249	13248	0.0533165000379
13249	13250	0.0533165000379
13250	13249	0.0533165000379
13250	13251	0.0533165000379
13251	13250	0.0533165000379
13251	13252	0.0533165000379
13252	13251	0.0533165000379
13252	13253	0.0533165000379
13253	13252	0.0533165000379
13253	13254	0.0533165000379
13254	13253	0.0533165000379
13254	13255	0.0533165000379
13255	13254	0.0533165000379
13255	13256	0.0533165000379
13256	13255	0.0533165000379
13256	13257	0.0533165000379
13257	13256	0.0533165000379
13257	13258	0.0533165000379
13258	13257	0.0533165000379
13258	13259	0.0533165000379
13259	13258	0.0533165000379
13259	13260	0.0533165000379
13260	13259	0.0533165000379
13260	13261	0.0533165000379
13261	13260	0.0533165000379
13261	13262	0.0533165000379
13262	13261	0.0533165000379
13262	13263	0.0533165000379
13263	13262	0.0533165000379
13263	13264	0.0533165000379
13264	13263	0.0533165000379
13264	13265	0.0533165000379
13265	13264	0.0533165000379
13265	13266	0.0533165000379
13266	13265	0.0533165000379
13266	13267	0.0533165000379
13267	13266	0.0533165000379
13267	13268	0.0533165000379
13268	13267	0.0533165000379
13268	13269	0.0533165000379
13269	13268	0.0533165000379
13269	13270	0.0533165000379
13270	13269	0.0533165000379
13270	13271	0.0533165000379
13271	13270	0.0533165000379
13271	13272	0.0533165000379
13272	13271	0.0533165000379
13272	13273	0.0533165000379
13273	13272	0.0533165000379
13273	13274	0.0533165000379
13274	13273	0.0533165000379
13274	13275	0.0533165000379
13275	13274	0.0533165000379
13275	13276	0.0533165000379
13276	13275	0.0533165000379
13276	13277	0.0533165000379
13277	13276	0.0533165000379
13277	13278	0.0533165000379
13278	13277	0.0533165000379
13278	13279	0.0533165000379
13279	13278	0.0533165000379
13279	13280	0.0533165000379
13280	13279	0.0533165000379
13280	13281	0.0533165000379
13281	13280	0.0533165000379
13281	13282	0.0533165000379
13282	13281	0.0533165000379
13282	13283	0.0533165000379
13283	13282	0.0533165000379
13283	13284	0.0533165000379
13284	13283	0.0533165000379
13284	13285	0.0533165000379
13285	13284	0.0533165000379
13286	13179	0.0535965003073
13286	13287	0.0535965003073
13287	13286	0.0535965003073
13287	13288	0.0535965003073
13288	13287	0.0535965003073
13288	13289	0.0535965003073
13289	13288	0.0535965003073
13289	13290	0.0535965003073
13290	13289	0.0535965003073
13290	13291	0.0535965003073
13291	13290	0.0535965003073
13291	13292	0.0535965003073
13292	13291	0.0535965003073
13292	13293	0.0535965003073
13293	13292	0.0535965003073
13293	13294	0.0535965003073
13294	13293	0.0535965003073
13294	13295	0.0404909998178
13294	13310	0.0444080010056
13295	13294	0.0404909998178
13295	13296	0.0404909998178
13296	13295	0.0404909998178
13296	13297	0.0404909998178
13297	13296	0.0404909998178
13297	13298	0.0404909998178
13298	13297	0.0404909998178
13298	13299	0.0404909998178
13299	13298	0.0404909998178
13299	13300	0.0404909998178
13300	13299	0.0404909998178
13300	13301	0.0404909998178
13301	13300	0.0404909998178
13301	13302	0.0404909998178
13302	13301	0.0404909998178
13302	13303	0.0404909998178
13303	13302	0.0404909998178
13303	13304	0.0404909998178
13304	13303	0.0404909998178
13304	13305	0.0404909998178
13305	13304	0.0404909998178
13305	13306	0.0404909998178
13306	13305	0.0404909998178
13306	13307	0.0404909998178
13307	13306	0.0404909998178
13307	13308	0.0404909998178
13308	13307	0.0404909998178
13308	13309	0.0404909998178
13309	13308	0.0404909998178
13310	13294	0.0444080010056
13310	13311	0.0444080010056
13311	13310	0.0444080010056
13311	13312	0.0444080010056
13312	13311	0.0444080010056
13312	13313	0.0444080010056
13313	13312	0.0444080010056
13313	13314	0.0444080010056
13314	13313	0.0444080010056
13314	13315	0.0444080010056
13315	13314	0.0444080010056
13315	13316	0.0444080010056
13316	13315	0.0444080010056
13316	13317	0.0444080010056
13317	13316	0.0444080010056
13317	13318	0.0444080010056
13318	13317	0.0444080010056
13318	13319	0.0444080010056
13319	13318	0.0444080010056
13319	13320	0.0444080010056
13320	13319	0.0444080010056
13320	13321	0.0444080010056
13321	13320	0.0444080010056
13321	13322	0.0444080010056
13322	13321	0.0444080010056
13322	13323	0.0444080010056
13323	13322	0.0444080010056
13323	13324	0.0444080010056
13324	13323	0.0444080010056
13324	13325	0.0444080010056
13325	13324	0.0444080010056
13325	13326	0.0444080010056
13326	13325	0.0444080010056
13326	13327	0.0444080010056
13327	13326	0.0444080010056
13327	13328	0.0444080010056
13328	13327	0.0444080010056
13328	13329	0.0444080010056
13329	13328	0.0444080010056
13329	13330	0.0444080010056
13330	13329	0.0444080010056
13331	13065	0.123025000095
13331	13332	0.123025000095
13332	13331	0.123025000095
13332	13333	0.123025000095
13333	13332	0.123025000095
13333	13334	0.123025000095
13334	13333	0.123025000095
13334	13335	0.123025000095
13335	13334	0.123025000095
13335	13336	0.123025000095
13336	13335	0.123025000095
13336	13337	0.123025000095
13337	13336	0.123025000095
13337	13338	0.123025000095
13338	13337	0.123025000095
13338	13339	0.123025000095
13339	13338	0.123025000095
13339	13340	0.123025000095
13340	13339	0.123025000095
13340	13341	0.123025000095
13341	13340	0.123025000095
13341	13342	0.123025000095
13342	13341	0.123025000095
13342	13343	0.123025000095
13343	13342	0.123025000095
13343	13344	0.123025000095
13344	13343	0.123025000095
13344	13345	0.123025000095
13345	13344	0.123025000095
13345	13346	0.123025000095
13346	13345	0.123025000095
13346	13347	0.123025000095
13347	13346	0.123025000095
13347	13348	0.123025000095
13348	13347	0.123025000095
13348	13349	0.123025000095
13349	13348	0.123025000095
13349	13350	0.123025000095
13350	13349	0.123025000095
13350	13351	0.123025000095
13351	13350	0.123025000095
13351	13352	0.123025000095
13352	13351	0.123025000095
13352	13353	0.123025000095
13353	13352	0.123025000095
13353	13354	0.123025000095
13354	13353	0.123025000095
13354	13355	0.123025000095
13355	13354	0.123025000095
13355	13356	0.123025000095
13356	13355	0.123025000095
13356	13357	0.123025000095
13357	13356	0.123025000095
13357	13358	0.123025000095
13358	13357	0.123025000095
13358	13359	0.123025000095
13359	13358	0.123025000095
13359	13360	0.123025000095
13360	13359	0.123025000095
13360	13361	0.123025000095
13361	13360	0.123025000095
13361	13362	0.123025000095
13362	13361	0.123025000095
13362	13363	0.100800000131
13362	13733	0.0942715033889
13363	13362	0.100800000131
13363	13364	0.100800000131
13364	13363	0.100800000131
13364	13365	0.100800000131
13365	13364	0.100800000131
13365	13366	0.100800000131
13366	13365	0.100800000131
13366	13367	0.100800000131
13367	13366	0.100800000131
13367	13368	0.100800000131
13368	13367	0.100800000131
13368	13369	0.100800000131
13369	13368	0.100800000131
13369	13370	0.100800000131
13370	13369	0.100800000131
13370	13371	0.100800000131
13371	13370	0.100800000131
13371	13372	0.100800000131
13372	13371	0.100800000131
13372	13373	0.100800000131
13373	13372	0.100800000131
13373	13374	0.100800000131
13374	13373	0.100800000131
13374	13375	0.100800000131
13375	13374	0.100800000131
13375	13376	0.100800000131
13376	13375	0.100800000131
13376	13377	0.100800000131
13377	13376	0.100800000131
13377	13378	0.100800000131
13378	13377	0.100800000131
13378	13379	0.100800000131
13379	13378	0.100800000131
13379	13380	0.100800000131
13380	13379	0.100800000131
13380	13381	0.100800000131
13381	13380	0.100800000131
13381	13382	0.100800000131
13382	13381	0.100800000131
13382	13383	0.100800000131
13383	13382	0.100800000131
13383	13384	0.100800000131
13384	13383	0.100800000131
13384	13385	0.100800000131
13385	13384	0.100800000131
13385	13386	0.100800000131
13386	13385	0.100800000131
13386	13387	0.100800000131
13387	13386	0.100800000131
13387	13388	0.100800000131
13388	13387	0.100800000131
13388	13389	0.100800000131
13389	13388	0.100800000131
13389	13390	0.100800000131
13390	13389	0.100800000131
13390	13391	0.0866879969835
13390	13598	0.0719679966569
13391	13390	0.0866879969835
13391	13392	0.0866879969835
13392	13391	0.0866879969835
13392	13393	0.0866879969835
13393	13392	0.0866879969835
13393	13394	0.0866879969835
13394	13393	0.0866879969835
13394	13395	0.0866879969835
13395	13394	0.0866879969835
13395	13396	0.0866879969835
13396	13395	0.0866879969835
13396	13397	0.0866879969835
13397	13396	0.0866879969835
13397	13398	0.0866879969835
13398	13397	0.0866879969835
13398	13399	0.0866879969835
13399	13398	0.0866879969835
13399	13400	0.0866879969835
13400	13399	0.0866879969835
13400	13401	0.0866879969835
13401	13400	0.0866879969835
13401	13402	0.0866879969835
13402	13401	0.0866879969835
13402	13403	0.0866879969835
13403	13402	0.0866879969835
13403	13404	0.0866879969835
13404	13403	0.0866879969835
13404	13405	0.0866879969835
13405	13404	0.0866879969835
13405	13406	0.0866879969835
13406	13405	0.0866879969835
13406	13407	0.0866879969835
13407	13406	0.0866879969835
13407	13408	0.0866879969835
13408	13407	0.0866879969835
13408	13409	0.0866879969835
13409	13408	0.0866879969835
13409	13410	0.0866879969835
13410	13409	0.0866879969835
13410	13411	0.0866879969835
13411	13410	0.0866879969835
13411	13412	0.0866879969835
13412	13411	0.0866879969835
13412	13413	0.0866879969835
13413	13412	0.0866879969835
13413	13414	0.0866879969835
13414	13413	0.0866879969835
13414	13415	0.0844724997878
13414	13586	0.0365139991045
13415	13414	0.0844724997878
13415	13416	0.0844724997878
13416	13415	0.0844724997878
13416	13417	0.0844724997878
13417	13416	0.0844724997878
13417	13418	0.0844724997878
13418	13417	0.0844724997878
13418	13419	0.0844724997878
13419	13418	0.0844724997878
13419	13420	0.0844724997878
13420	13419	0.0844724997878
13420	13421	0.0844724997878
13421	13420	0.0844724997878
13421	13422	0.0844724997878
13422	13421	0.0844724997878
13422	13423	0.0844724997878
13423	13422	0.0844724997878
13423	13424	0.0844724997878
13424	13423	0.0844724997878
13424	13425	0.0844724997878
13425	13424	0.0844724997878
13425	13426	0.0844724997878
13426	13425	0.0844724997878
13426	13427	0.0844724997878
13427	13426	0.0844724997878
13427	13428	0.060694001615
13427	13487	0.0723794996738
13428	13427	0.060694001615
13428	13429	0.060694001615
13429	13428	0.060694001615
13429	13430	0.060694001615
13430	13429	0.060694001615
13430	13431	0.060694001615
13431	13430	0.060694001615
13431	13432	0.0520985014737
13431	13469	0.0434755012393
13432	13431	0.0520985014737
13432	13433	0.0520985014737
13433	13432	0.0520985014737
13433	13434	0.0520985014737
13434	13433	0.0520985014737
13434	13435	0.0520985014737
13435	13434	0.0520985014737
13435	13436	0.0520985014737
13436	13435	0.0520985014737
13436	13437	0.0520985014737
13437	13436	0.0520985014737
13437	13438	0.0520985014737
13438	13437	0.0520985014737
13438	13439	0.0520985014737
13439	13438	0.0520985014737
13439	13440	0.0520985014737
13440	13439	0.0520985014737
13440	13441	0.0520985014737
13441	13440	0.0520985014737
13441	13442	0.0520985014737
13442	13441	0.0520985014737
13442	13443	0.0520985014737
13443	13442	0.0520985014737
13443	13444	0.0520985014737
13444	13443	0.0520985014737
13444	13445	0.0520985014737
13445	13444	0.0520985014737
13445	13446	0.0520985014737
13446	13445	0.0520985014737
13446	13447	0.0520985014737
13447	13446	0.0520985014737
13447	13448	0.0520985014737
13448	13447	0.0520985014737
13448	13449	0.0520985014737
13449	13448	0.0520985014737
13449	13450	0.0520985014737
13450	13449	0.0520985014737
13450	13451	0.0520985014737
13451	13450	0.0520985014737
13451	13452	0.0520985014737
13452	13451	0.0520985014737
13452	13453	0.0520985014737
13453	13452	0.0520985014737
13453	13454	0.0520985014737
13454	13453	0.0520985014737
13454	13455	0.0520985014737
13455	13454	0.0520985014737
13455	13456	0.0520985014737
13456	13455	0.0520985014737
13456	13457	0.0520985014737
13457	13456	0.0520985014737
13457	13458	0.0520985014737
13458	13457	0.0520985014737
13458	13459	0.0520985014737
13459	13458	0.0520985014737
13459	13460	0.0520985014737
13460	13459	0.0520985014737
13460	13461	0.0520985014737
13461	13460	0.0520985014737
13461	13462	0.0520985014737
13462	13461	0.0520985014737
13462	13463	0.0520985014737
13463	13462	0.0520985014737
13463	13464	0.0520985014737
13464	13463	0.0520985014737
13464	13465	0.0520985014737
13465	13464	0.0520985014737
13465	13466	0.0520985014737
13466	13465	0.0520985014737
13466	13467	0.0520985014737
13467	13466	0.0520985014737
13467	13468	0.0520985014737
13468	13467	0.0520985014737
13469	13431	0.0434755012393
13469	13470	0.0434755012393
13470	13469	0.0434755012393
13470	13471	0.0434755012393
13471	13470	0.0434755012393
13471	13472	0.0434755012393
13472	13471	0.0434755012393
13472	13473	0.0434755012393
13473	13472	0.0434755012393
13473	13474	0.0434755012393
13474	13473	0.0434755012393
13474	13475	0.0434755012393
13475	13474	0.0434755012393
13475	13476	0.0434755012393
13476	13475	0.0434755012393
13476	13477	0.0434755012393
13477	13476	0.0434755012393
13477	13478	0.0434755012393
13478	13477	0.0434755012393
13478	13479	0.0434755012393
13479	13478	0.0434755012393
13479	13480	0.0434755012393
13480	13479	0.0434755012393
13480	13481	0.0434755012393
13481	13480	0.0434755012393
13481	13482	0.0434755012393
13482	13481	0.0434755012393
13482	13483	0.0434755012393
13483	13482	0.0434755012393
13483	13484	0.0434755012393
13484	13483	0.0434755012393
13484	13485	0.0434755012393
13485	13484	0.0434755012393
13485	13486	0.0434755012393
13486	13485	0.0434755012393
13487	13427	0.0723794996738
13487	13488	0.0723794996738
13488	13487	0.0723794996738
13488	13489	0.0723794996738
13489	13488	0.0723794996738
13489	13490	0.0723794996738
13490	13489	0.0723794996738
13490	13491	0.0723794996738
13491	13490	0.0723794996738
13491	13492	0.0723794996738
13492	13491	0.0723794996738
13492	13493	0.0723794996738
13493	13492	0.0723794996738
13493	13494	0.0723794996738
13494	13493	0.0723794996738
13494	13495	0.0723794996738
13495	13494	0.0723794996738
13495	13496	0.0723794996738
13496	13495	0.0723794996738
13496	13497	0.0723794996738
13497	13496	0.0723794996738
13497	13498	0.0723794996738
13498	13497	0.0723794996738
13498	13499	0.0723794996738
13499	13498	0.0723794996738
13499	13500	0.0723794996738
13500	13499	0.0723794996738
13500	13501	0.0723794996738
13501	13500	0.0723794996738
13501	13502	0.0723794996738
13502	13501	0.0723794996738
13502	13503	0.0723794996738
13503	13502	0.0723794996738
13503	13504	0.0723794996738
13504	13503	0.0723794996738
13504	13505	0.0723794996738
13505	13504	0.0723794996738
13505	13506	0.0723794996738
13506	13505	0.0723794996738
13506	13507	0.0723794996738
13507	13506	0.0723794996738
13507	13508	0.0723794996738
13508	13507	0.0723794996738
13508	13509	0.0723794996738
13509	13508	0.0723794996738
13509	13510	0.0723794996738
13510	13509	0.0723794996738
13510	13511	0.0723794996738
13511	13510	0.0723794996738
13511	13512	0.0723794996738
13512	13511	0.0723794996738
13512	13513	0.0723794996738
13513	13512	0.0723794996738
13513	13514	0.0723794996738
13514	13513	0.0723794996738
13514	13515	0.0723794996738
13515	13514	0.0723794996738
13515	13516	0.0723794996738
13516	13515	0.0723794996738
13516	13517	0.0723794996738
13517	13516	0.0723794996738
13517	13518	0.0723794996738
13518	13517	0.0723794996738
13518	13519	0.0723794996738
13519	13518	0.0723794996738
13519	13520	0.0723794996738
13520	13519	0.0723794996738
13520	13521	0.0723794996738
13521	13520	0.0723794996738
13521	13522	0.0723794996738
13522	13521	0.0723794996738
13522	13523	0.0723794996738
13523	13522	0.0723794996738
13523	13524	0.0723794996738
13524	13523	0.0723794996738
13524	13525	0.0723794996738
13525	13524	0.0723794996738
13525	13526	0.0723794996738
13526	13525	0.0723794996738
13526	13527	0.0723794996738
13527	13526	0.0723794996738
13527	13528	0.0723794996738
13528	13527	0.0723794996738
13528	13529	0.0568234995008
13528	13556	0.0580585002899
13529	13528	0.0568234995008
13529	13530	0.0568234995008
13530	13529	0.0568234995008
13530	13531	0.0568234995008
13531	13530	0.0568234995008
13531	13532	0.0568234995008
13532	13531	0.0568234995008
13532	13533	0.0568234995008
13533	13532	0.0568234995008
13533	13534	0.0568234995008
13534	13533	0.0568234995008
13534	13535	0.0568234995008
13535	13534	0.0568234995008
13535	13536	0.0568234995008
13536	13535	0.0568234995008
13536	13537	0.0568234995008
13537	13536	0.0568234995008
13537	13538	0.0568234995008
13538	13537	0.0568234995008
13538	13539	0.0568234995008
13539	13538	0.0568234995008
13539	13540	0.0568234995008
13540	13539	0.0568234995008
13540	13541	0.0568234995008
13541	13540	0.0568234995008
13541	13542	0.0568234995008
13542	13541	0.0568234995008
13542	13543	0.0568234995008
13543	13542	0.0568234995008
13543	13544	0.0568234995008
13544	13543	0.0568234995008
13544	13545	0.0568234995008
13545	13544	0.0568234995008
13545	13546	0.0568234995008
13546	13545	0.0568234995008
13546	13547	0.0568234995008
13547	13546	0.0568234995008
13547	13548	0.0568234995008
13548	13547	0.0568234995008
13548	13549	0.0568234995008
13549	13548	0.0568234995008
13549	13550	0.0568234995008
13550	13549	0.0568234995008
13550	13551	0.0568234995008
13551	13550	0.0568234995008
13551	13552	0.0568234995008
13552	13551	0.0568234995008
13552	13553	0.0568234995008
13553	13552	0.0568234995008
13553	13554	0.0568234995008
13554	13553	0.0568234995008
13554	13555	0.0568234995008
13555	13554	0.0568234995008
13556	13528	0.0580585002899
13556	13557	0.0580585002899
13557	13556	0.0580585002899
13557	13558	0.0580585002899
13558	13557	0.0580585002899
13558	13559	0.0580585002899
13559	13558	0.0580585002899
13559	13560	0.0580585002899
13560	13559	0.0580585002899
13560	13561	0.0580585002899
13561	13560	0.0580585002899
13561	13562	0.0580585002899
13562	13561	0.0580585002899
13562	13563	0.0580585002899
13563	13562	0.0580585002899
13563	13564	0.0580585002899
13564	13563	0.0580585002899
13564	13565	0.0580585002899
13565	13564	0.0580585002899
13565	13566	0.0580585002899
13566	13565	0.0580585002899
13566	13567	0.0580585002899
13567	13566	0.0580585002899
13567	13568	0.0580585002899
13568	13567	0.0580585002899
13568	13569	0.0580585002899
13569	13568	0.0580585002899
13569	13570	0.0580585002899
13570	13569	0.0580585002899
13570	13571	0.0580585002899
13571	13570	0.0580585002899
13571	13572	0.0580585002899
13572	13571	0.0580585002899
13572	13573	0.0580585002899
13573	13572	0.0580585002899
13573	13574	0.0580585002899
13574	13573	0.0580585002899
13574	13575	0.0580585002899
13575	13574	0.0580585002899
13575	13576	0.0580585002899
13576	13575	0.0580585002899
13576	13577	0.0580585002899
13577	13576	0.0580585002899
13577	13578	0.0580585002899
13578	13577	0.0580585002899
13578	13579	0.0580585002899
13579	13578	0.0580585002899
13579	13580	0.0580585002899
13580	13579	0.0580585002899
13580	13581	0.0580585002899
13581	13580	0.0580585002899
13581	13582	0.0580585002899
13582	13581	0.0580585002899
13582	13583	0.0580585002899
13583	13582	0.0580585002899
13583	13584	0.0580585002899
13584	13583	0.0580585002899
13584	13585	0.0580585002899
13585	13584	0.0580585002899
13586	13414	0.0365139991045
13586	13587	0.0365139991045
13587	13586	0.0365139991045
13587	13588	0.0365139991045
13588	13587	0.0365139991045
13588	13589	0.0365139991045
13589	13588	0.0365139991045
13589	13590	0.0365139991045
13590	13589	0.0365139991045
13590	13591	0.0365139991045
13591	13590	0.0365139991045
13591	13592	0.0365139991045
13592	13591	0.0365139991045
13592	13593	0.0365139991045
13593	13592	0.0365139991045
13593	13594	0.0365139991045
13594	13593	0.0365139991045
13594	13595	0.0365139991045
13595	13594	0.0365139991045
13595	13596	0.0365139991045
13596	13595	0.0365139991045
13596	13597	0.0365139991045
13597	13596	0.0365139991045
13598	13390	0.0719679966569
13598	13599	0.0719679966569
13599	13598	0.0719679966569
13599	13600	0.0241160001606
13599	13602	0.0710539966822
13600	13599	0.0241160001606
13600	13601	0.0241160001606
13601	13600	0.0241160001606
13602	13599	0.0710539966822
13602	13603	0.0710539966822
13603	13602	0.0710539966822
13603	13604	0.0710539966822
13604	13603	0.0710539966822
13604	13605	0.0710539966822
13605	13604	0.0710539966822
13605	13606	0.0710539966822
13606	13605	0.0710539966822
13606	13607	0.0710539966822
13607	13606	0.0710539966822
13607	13608	0.0710539966822
13608	13607	0.0710539966822
13608	13609	0.0710539966822
13609	13608	0.0710539966822
13609	13610	0.0710539966822
13610	13609	0.0710539966822
13610	13611	0.0710539966822
13611	13610	0.0710539966822
13611	13612	0.0586239993572
13611	13671	0.0539755001664
13612	13611	0.0586239993572
13612	13613	0.0586239993572
13613	13612	0.0586239993572
13613	13614	0.0586239993572
13614	13613	0.0586239993572
13614	13615	0.0586239993572
13615	13614	0.0586239993572
13615	13616	0.0586239993572
13616	13615	0.0586239993572
13616	13617	0.0586239993572
13617	13616	0.0586239993572
13617	13618	0.0586239993572
13618	13617	0.0586239993572
13618	13619	0.0586239993572
13619	13618	0.0586239993572
13619	13620	0.0586239993572
13620	13619	0.0586239993572
13620	13621	0.0586239993572
13621	13620	0.0586239993572
13621	13622	0.0586239993572
13622	13621	0.0586239993572
13622	13623	0.0586239993572
13623	13622	0.0586239993572
13623	13624	0.0586239993572
13624	13623	0.0586239993572
13624	13625	0.051071498543
13624	13658	0.0408699996769
13625	13624	0.051071498543
13625	13626	0.051071498543
13626	13625	0.051071498543
13626	13627	0.051071498543
13627	13626	0.051071498543
13627	13628	0.051071498543
13628	13627	0.051071498543
13628	13629	0.051071498543
13629	13628	0.051071498543
13629	13630	0.051071498543
13630	13629	0.051071498543
13630	13631	0.051071498543
13631	13630	0.051071498543
13631	13632	0.051071498543
13632	13631	0.051071498543
13632	13633	0.051071498543
13633	13632	0.051071498543
13633	13634	0.051071498543
13634	13633	0.051071498543
13634	13635	0.051071498543
13635	13634	0.051071498543
13635	13636	0.051071498543
13636	13635	0.051071498543
13636	13637	0.051071498543
13637	13636	0.051071498543
13637	13638	0.051071498543
13638	13637	0.051071498543
13638	13639	0.051071498543
13639	13638	0.051071498543
13639	13640	0.051071498543
13640	13639	0.051071498543
13640	13641	0.051071498543
13641	13640	0.051071498543
13641	13642	0.051071498543
13642	13641	0.051071498543
13642	13643	0.051071498543
13643	13642	0.051071498543
13643	13644	0.051071498543
13644	13643	0.051071498543
13644	13645	0.051071498543
13645	13644	0.051071498543
13645	13646	0.051071498543
13646	13645	0.051071498543
13646	13647	0.051071498543
13647	13646	0.051071498543
13647	13648	0.051071498543
13648	13647	0.051071498543
13648	13649	0.051071498543
13649	13648	0.051071498543
13649	13650	0.051071498543
13650	13649	0.051071498543
13650	13651	0.051071498543
13651	13650	0.051071498543
13651	13652	0.051071498543
13652	13651	0.051071498543
13652	13653	0.051071498543
13653	13652	0.051071498543
13653	13654	0.051071498543
13654	13653	0.051071498543
13654	13655	0.051071498543
13655	13654	0.051071498543
13655	13656	0.051071498543
13656	13655	0.051071498543
13656	13657	0.051071498543
13657	13656	0.051071498543
13658	13624	0.0408699996769
13658	13659	0.0408699996769
13659	13658	0.0408699996769
13659	13660	0.0408699996769
13660	13659	0.0408699996769
13660	13661	0.0408699996769
13661	13660	0.0408699996769
13661	13662	0.0408699996769
13662	13661	0.0408699996769
13662	13663	0.0408699996769
13663	13662	0.0408699996769
13663	13664	0.0408699996769
13664	13663	0.0408699996769
13664	13665	0.0408699996769
13665	13664	0.0408699996769
13665	13666	0.0408699996769
13666	13665	0.0408699996769
13666	13667	0.0408699996769
13667	13666	0.0408699996769
13667	13668	0.0408699996769
13668	13667	0.0408699996769
13668	13669	0.0408699996769
13669	13668	0.0408699996769
13669	13670	0.0408699996769
13670	13669	0.0408699996769
13671	13611	0.0539755001664
13671	13672	0.0539755001664
13672	13671	0.0539755001664
13672	13673	0.0539755001664
13673	13672	0.0539755001664
13673	13674	0.0539755001664
13674	13673	0.0539755001664
13674	13675	0.0539755001664
13675	13674	0.0539755001664
13675	13676	0.0539755001664
13676	13675	0.0539755001664
13676	13677	0.0539755001664
13677	13676	0.0539755001664
13677	13678	0.0539755001664
13678	13677	0.0539755001664
13678	13679	0.0539755001664
13679	13678	0.0539755001664
13679	13680	0.0539755001664
13680	13679	0.0539755001664
13680	13681	0.0539755001664
13681	13680	0.0539755001664
13681	13682	0.0539755001664
13682	13681	0.0539755001664
13682	13683	0.0539755001664
13683	13682	0.0539755001664
13683	13684	0.0539755001664
13684	13683	0.0539755001664
13684	13685	0.0539755001664
13685	13684	0.0539755001664
13685	13686	0.0539755001664
13686	13685	0.0539755001664
13686	13687	0.0539755001664
13687	13686	0.0539755001664
13687	13688	0.0539755001664
13688	13687	0.0539755001664
13688	13689	0.0539755001664
13689	13688	0.0539755001664
13689	13690	0.0539755001664
13690	13689	0.0539755001664
13690	13691	0.0539755001664
13691	13690	0.0539755001664
13691	13692	0.0539755001664
13692	13691	0.0539755001664
13692	13693	0.0539755001664
13693	13692	0.0539755001664
13693	13694	0.0539755001664
13694	13693	0.0539755001664
13694	13695	0.0539755001664
13695	13694	0.0539755001664
13695	13696	0.0539755001664
13696	13695	0.0539755001664
13696	13697	0.0539755001664
13697	13696	0.0539755001664
13697	13698	0.0539755001664
13698	13697	0.0539755001664
13698	13699	0.0539755001664
13699	13698	0.0539755001664
13699	13700	0.0539755001664
13700	13699	0.0539755001664
13700	13701	0.0539755001664
13701	13700	0.0539755001664
13701	13702	0.0539755001664
13702	13701	0.0539755001664
13702	13703	0.0539755001664
13703	13702	0.0539755001664
13703	13704	0.0539755001664
13704	13703	0.0539755001664
13704	13705	0.0539755001664
13705	13704	0.0539755001664
13705	13706	0.0539755001664
13706	13705	0.0539755001664
13706	13707	0.0539755001664
13707	13706	0.0539755001664
13707	13708	0.0539755001664
13708	13707	0.0539755001664
13708	13709	0.0539755001664
13709	13708	0.0539755001664
13709	13710	0.0539755001664
13710	13709	0.0539755001664
13710	13711	0.0539755001664
13711	13710	0.0539755001664
13711	13712	0.0539755001664
13712	13711	0.0539755001664
13712	13713	0.0539755001664
13713	13712	0.0539755001664
13713	13714	0.0539755001664
13714	13713	0.0539755001664
13714	13715	0.0539755001664
13715	13714	0.0539755001664
13715	13716	0.0539755001664
13716	13715	0.0539755001664
13716	13717	0.0539755001664
13717	13716	0.0539755001664
13717	13718	0.0539755001664
13718	13717	0.0539755001664
13718	13719	0.0539755001664
13719	13718	0.0539755001664
13719	13720	0.0539755001664
13720	13719	0.0539755001664
13720	13721	0.0539755001664
13721	13720	0.0539755001664
13721	13722	0.0539755001664
13722	13721	0.0539755001664
13722	13723	0.0539755001664
13723	13722	0.0539755001664
13723	13724	0.0539755001664
13724	13723	0.0539755001664
13724	13725	0.0539755001664
13725	13724	0.0539755001664
13725	13726	0.0539755001664
13726	13725	0.0539755001664
13726	13727	0.0539755001664
13727	13726	0.0539755001664
13727	13728	0.0539755001664
13728	13727	0.0539755001664
13728	13729	0.0539755001664
13729	13728	0.0539755001664
13729	13730	0.0539755001664
13730	13729	0.0539755001664
13730	13731	0.0539755001664
13731	13730	0.0539755001664
13731	13732	0.0539755001664
13732	13731	0.0539755001664
13733	13362	0.0942715033889
13733	13734	0.0942715033889
13734	13733	0.0942715033889
13734	13735	0.0942715033889
13735	13734	0.0942715033889
13735	13736	0.0942715033889
13736	13735	0.0942715033889
13736	13737	0.0942715033889
13737	13736	0.0942715033889
13737	13738	0.0942715033889
13738	13737	0.0942715033889
13738	13739	0.0942715033889
13739	13738	0.0942715033889
13739	13740	0.0942715033889
13740	13739	0.0942715033889
13740	13741	0.0942715033889
13741	13740	0.0942715033889
13741	13742	0.0942715033889
13742	13741	0.0942715033889
13742	13743	0.0942715033889
13743	13742	0.0942715033889
13743	13744	0.0942715033889
13744	13743	0.0942715033889
13744	13745	0.0942715033889
13745	13744	0.0942715033889
13745	13746	0.0942715033889
13746	13745	0.0942715033889
13746	13747	0.0942715033889
13747	13746	0.0942715033889
13747	13748	0.0942715033889
13748	13747	0.0942715033889
13748	13749	0.0942715033889
13749	13748	0.0942715033889
13749	13750	0.0942715033889
13750	13749	0.0942715033889
13750	13751	0.0942715033889
13751	13750	0.0942715033889
13751	13752	0.0942715033889
13752	13751	0.0942715033889
13752	13753	0.0942715033889
13753	13752	0.0942715033889
13753	13754	0.0942715033889
13754	13753	0.0942715033889
13754	13755	0.0942715033889
13755	13754	0.0942715033889
13755	13756	0.0942715033889
13756	13755	0.0942715033889
13756	13757	0.0942715033889
13757	13756	0.0942715033889
13757	13758	0.0942715033889
13758	13757	0.0942715033889
13758	13759	0.0942715033889
13759	13758	0.0942715033889
13759	13760	0.0942715033889
13760	13759	0.0942715033889
13760	13761	0.0942715033889
13761	13760	0.0942715033889
13761	13762	0.0942715033889
13762	13761	0.0942715033889
13762	13763	0.0942715033889
13763	13762	0.0942715033889
13763	13764	0.0942715033889
13764	13763	0.0942715033889
13764	13765	0.0942715033889
13765	13764	0.0942715033889
13765	13766	0.0942715033889
13766	13765	0.0942715033889
13766	13767	0.0942715033889
13767	13766	0.0942715033889
13767	13768	0.0942715033889
13768	13767	0.0942715033889
13768	13769	0.0942715033889
13769	13768	0.0942715033889
13769	13770	0.0942715033889
13770	13769	0.0942715033889
13770	13771	0.0942715033889
13771	13770	0.0942715033889
13771	13772	0.0360919982195
13771	13785	0.0924739986658
13772	13771	0.0360919982195
13772	13773	0.0360919982195
13773	13772	0.0360919982195
13773	13774	0.0360919982195
13774	13773	0.0360919982195
13774	13775	0.0360919982195
13775	13774	0.0360919982195
13775	13776	0.0360919982195
13776	13775	0.0360919982195
13776	13777	0.0360919982195
13777	13776	0.0360919982195
13777	13778	0.0360919982195
13778	13777	0.0360919982195
13778	13779	0.0360919982195
13779	13778	0.0360919982195
13779	13780	0.0360919982195
13780	13779	0.0360919982195
13780	13781	0.0360919982195
13781	13780	0.0360919982195
13781	13782	0.0360919982195
13782	13781	0.0360919982195
13782	13783	0.0360919982195
13783	13782	0.0360919982195
13783	13784	0.0360919982195
13784	13783	0.0360919982195
13785	13771	0.0924739986658
13785	13786	0.0924739986658
13786	13785	0.0924739986658
13786	13787	0.0924739986658
13787	13786	0.0924739986658
13787	13788	0.0924739986658
13788	13787	0.0924739986658
13788	13789	0.0924739986658
13789	13788	0.0924739986658
13789	13790	0.0924739986658
13790	13789	0.0924739986658
13790	13791	0.0924739986658
13791	13790	0.0924739986658
13791	13792	0.0924739986658
13792	13791	0.0924739986658
13792	13793	0.0924739986658
13793	13792	0.0924739986658
13793	13794	0.0924739986658
13794	13793	0.0924739986658
13794	13795	0.0924739986658
13795	13794	0.0924739986658
13795	13796	0.0924739986658
13796	13795	0.0924739986658
13796	13797	0.0924739986658
13797	13796	0.0924739986658
13797	13798	0.0924739986658
13798	13797	0.0924739986658
13798	13799	0.0924739986658
13799	13798	0.0924739986658
13799	13800	0.0924739986658
13800	13799	0.0924739986658
13800	13801	0.0924739986658
13801	13800	0.0924739986658
13801	13802	0.0924739986658
13802	13801	0.0924739986658
13802	13803	0.0924739986658
13803	13802	0.0924739986658
13803	13804	0.0924739986658
13804	13803	0.0924739986658
13804	13805	0.0924739986658
13805	13804	0.0924739986658
13805	13806	0.0924739986658
13806	13805	0.0924739986658
13806	13807	0.0924739986658
13807	13806	0.0924739986658
13807	13808	0.0924739986658
13808	13807	0.0924739986658
13808	13809	0.089442498982
13808	13975	0.0422179996967
13809	13808	0.089442498982
13809	13810	0.089442498982
13810	13809	0.089442498982
13810	13811	0.089442498982
13811	13810	0.089442498982
13811	13812	0.089442498982
13812	13811	0.089442498982
13812	13813	0.089442498982
13813	13812	0.089442498982
13813	13814	0.089442498982
13814	13813	0.089442498982
13814	13815	0.089442498982
13815	13814	0.089442498982
13815	13816	0.089442498982
13816	13815	0.089442498982
13816	13817	0.089442498982
13817	13816	0.089442498982
13817	13818	0.089442498982
13818	13817	0.089442498982
13818	13819	0.089442498982
13819	13818	0.089442498982
13819	13820	0.089442498982
13820	13819	0.089442498982
13820	13821	0.0488234981894
13820	13849	0.0843034982681
13821	13820	0.0488234981894
13821	13822	0.0488234981894
13822	13821	0.0488234981894
13822	13823	0.0488234981894
13823	13822	0.0488234981894
13823	13824	0.0488234981894
13824	13823	0.0488234981894
13824	13825	0.0488234981894
13825	13824	0.0488234981894
13825	13826	0.0488234981894
13826	13825	0.0488234981894
13826	13827	0.0488234981894
13827	13826	0.0488234981894
13827	13828	0.0488234981894
13828	13827	0.0488234981894
13828	13829	0.0488234981894
13829	13828	0.0488234981894
13829	13830	0.0488234981894
13830	13829	0.0488234981894
13830	13831	0.0488234981894
13831	13830	0.0488234981894
13831	13832	0.0488234981894
13832	13831	0.0488234981894
13832	13833	0.0488234981894
13833	13832	0.0488234981894
13833	13834	0.0488234981894
13834	13833	0.0488234981894
13834	13835	0.0488234981894
13835	13834	0.0488234981894
13835	13836	0.0488234981894
13836	13835	0.0488234981894
13836	13837	0.0488234981894
13837	13836	0.0488234981894
13837	13838	0.0488234981894
13838	13837	0.0488234981894
13838	13839	0.0488234981894
13839	13838	0.0488234981894
13839	13840	0.0488234981894
13840	13839	0.0488234981894
13840	13841	0.0488234981894
13841	13840	0.0488234981894
13841	13842	0.0488234981894
13842	13841	0.0488234981894
13842	13843	0.0488234981894
13843	13842	0.0488234981894
13843	13844	0.0488234981894
13844	13843	0.0488234981894
13844	13845	0.0488234981894
13845	13844	0.0488234981894
13845	13846	0.0488234981894
13846	13845	0.0488234981894
13846	13847	0.0488234981894
13847	13846	0.0488234981894
13847	13848	0.0488234981894
13848	13847	0.0488234981894
13849	13820	0.0843034982681
13849	13850	0.0843034982681
13850	13849	0.0843034982681
13850	13851	0.0843034982681
13851	13850	0.0843034982681
13851	13852	0.0843034982681
13852	13851	0.0843034982681
13852	13853	0.0843034982681
13853	13852	0.0843034982681
13853	13854	0.0843034982681
13854	13853	0.0843034982681
13854	13855	0.0843034982681
13855	13854	0.0843034982681
13855	13856	0.0843034982681
13856	13855	0.0843034982681
13856	13857	0.0843034982681
13857	13856	0.0843034982681
13857	13858	0.0843034982681
13858	13857	0.0843034982681
13858	13859	0.0843034982681
13859	13858	0.0843034982681
13859	13860	0.0843034982681
13860	13859	0.0843034982681
13860	13861	0.0754944980145
13860	13938	0.0552745014429
13861	13860	0.0754944980145
13861	13862	0.0754944980145
13862	13861	0.0754944980145
13862	13863	0.0754944980145
13863	13862	0.0754944980145
13863	13864	0.0754944980145
13864	13863	0.0754944980145
13864	13865	0.0754944980145
13865	13864	0.0754944980145
13865	13866	0.0754944980145
13866	13865	0.0754944980145
13866	13867	0.0754944980145
13867	13866	0.0754944980145
13867	13868	0.0754944980145
13868	13867	0.0754944980145
13868	13869	0.0754944980145
13869	13868	0.0754944980145
13869	13870	0.0303579997271
13869	13872	0.0738214999437
13870	13869	0.0303579997271
13870	13871	0.0303579997271
13871	13870	0.0303579997271
13872	13869	0.0738214999437
13872	13873	0.0738214999437
13873	13872	0.0738214999437
13873	13874	0.0738214999437
13874	13873	0.0738214999437
13874	13875	0.0738214999437
13875	13874	0.0738214999437
13875	13876	0.0738214999437
13876	13875	0.0738214999437
13876	13877	0.0738214999437
13877	13876	0.0738214999437
13877	13878	0.0738214999437
13878	13877	0.0738214999437
13878	13879	0.0738214999437
13879	13878	0.0738214999437
13879	13880	0.0738214999437
13880	13879	0.0738214999437
13880	13881	0.0738214999437
13881	13880	0.0738214999437
13881	13882	0.0738214999437
13882	13881	0.0738214999437
13882	13883	0.0738214999437
13883	13882	0.0738214999437
13883	13884	0.0738214999437
13884	13883	0.0738214999437
13884	13885	0.0540444999933
13884	13904	0.0625260025263
13885	13884	0.0540444999933
13885	13886	0.0540444999933
13886	13885	0.0540444999933
13886	13887	0.0540444999933
13887	13886	0.0540444999933
13887	13888	0.0540444999933
13888	13887	0.0540444999933
13888	13889	0.0540444999933
13889	13888	0.0540444999933
13889	13890	0.0540444999933
13890	13889	0.0540444999933
13890	13891	0.0540444999933
13891	13890	0.0540444999933
13891	13892	0.0540444999933
13892	13891	0.0540444999933
13892	13893	0.0540444999933
13893	13892	0.0540444999933
13893	13894	0.0540444999933
13894	13893	0.0540444999933
13894	13895	0.0540444999933
13895	13894	0.0540444999933
13895	13896	0.0540444999933
13896	13895	0.0540444999933
13896	13897	0.0540444999933
13897	13896	0.0540444999933
13897	13898	0.0540444999933
13898	13897	0.0540444999933
13898	13899	0.0540444999933
13899	13898	0.0540444999933
13899	13900	0.0540444999933
13900	13899	0.0540444999933
13900	13901	0.0540444999933
13901	13900	0.0540444999933
13901	13902	0.0540444999933
13902	13901	0.0540444999933
13902	13903	0.0540444999933
13903	13902	0.0540444999933
13904	13884	0.0625260025263
13904	13905	0.0625260025263
13905	13904	0.0625260025263
13905	13906	0.0625260025263
13906	13905	0.0625260025263
13906	13907	0.0625260025263
13907	13906	0.0625260025263
13907	13908	0.0625260025263
13908	13907	0.0625260025263
13908	13909	0.0625260025263
13909	13908	0.0625260025263
13909	13910	0.0625260025263
13910	13909	0.0625260025263
13910	13911	0.0625260025263
13911	13910	0.0625260025263
13911	13912	0.0625260025263
13912	13911	0.0625260025263
13912	13913	0.0625260025263
13913	13912	0.0625260025263
13913	13914	0.0625260025263
13914	13913	0.0625260025263
13914	13915	0.0625260025263
13915	13914	0.0625260025263
13915	13916	0.0625260025263
13916	13915	0.0625260025263
13916	13917	0.0625260025263
13917	13916	0.0625260025263
13917	13918	0.0625260025263
13918	13917	0.0625260025263
13918	13919	0.0625260025263
13919	13918	0.0625260025263
13919	13920	0.0625260025263
13920	13919	0.0625260025263
13920	13921	0.0625260025263
13921	13920	0.0625260025263
13921	13922	0.0625260025263
13922	13921	0.0625260025263
13922	13923	0.0625260025263
13923	13922	0.0625260025263
13923	13924	0.0625260025263
13924	13923	0.0625260025263
13924	13925	0.0625260025263
13925	13924	0.0625260025263
13925	13926	0.0625260025263
13926	13925	0.0625260025263
13926	13927	0.0625260025263
13927	13926	0.0625260025263
13927	13928	0.0625260025263
13928	13927	0.0625260025263
13928	13929	0.0625260025263
13929	13928	0.0625260025263
13929	13930	0.0625260025263
13930	13929	0.0625260025263
13930	13931	0.0625260025263
13931	13930	0.0625260025263
13931	13932	0.0625260025263
13932	13931	0.0625260025263
13932	13933	0.0625260025263
13933	13932	0.0625260025263
13933	13934	0.0625260025263
13934	13933	0.0625260025263
13934	13935	0.0625260025263
13935	13934	0.0625260025263
13935	13936	0.0625260025263
13936	13935	0.0625260025263
13936	13937	0.0625260025263
13937	13936	0.0625260025263
13938	13860	0.0552745014429
13938	13939	0.0552745014429
13939	13938	0.0552745014429
13939	13940	0.0552745014429
13940	13939	0.0552745014429
13940	13941	0.0552745014429
13941	13940	0.0552745014429
13941	13942	0.0552745014429
13942	13941	0.0552745014429
13942	13943	0.0552745014429
13943	13942	0.0552745014429
13943	13944	0.0552745014429
13944	13943	0.0552745014429
13944	13945	0.0552745014429
13945	13944	0.0552745014429
13945	13946	0.0552745014429
13946	13945	0.0552745014429
13946	13947	0.0552745014429
13947	13946	0.0552745014429
13947	13948	0.0552745014429
13948	13947	0.0552745014429
13948	13949	0.0552745014429
13949	13948	0.0552745014429
13949	13950	0.0552745014429
13950	13949	0.0552745014429
13950	13951	0.0552745014429
13951	13950	0.0552745014429
13951	13952	0.0552745014429
13952	13951	0.0552745014429
13952	13953	0.0552745014429
13953	13952	0.0552745014429
13953	13954	0.0552745014429
13954	13953	0.0552745014429
13954	13955	0.0552745014429
13955	13954	0.0552745014429
13955	13956	0.0552745014429
13956	13955	0.0552745014429
13956	13957	0.0552745014429
13957	13956	0.0552745014429
13957	13958	0.0552745014429
13958	13957	0.0552745014429
13958	13959	0.0552745014429
13959	13958	0.0552745014429
13959	13960	0.0552745014429
13960	13959	0.0552745014429
13960	13961	0.0552745014429
13961	13960	0.0552745014429
13961	13962	0.0552745014429
13962	13961	0.0552745014429
13962	13963	0.0552745014429
13963	13962	0.0552745014429
13963	13964	0.0552745014429
13964	13963	0.0552745014429
13964	13965	0.0552745014429
13965	13964	0.0552745014429
13965	13966	0.0552745014429
13966	13965	0.0552745014429
13966	13967	0.0552745014429
13967	13966	0.0552745014429
13967	13968	0.0552745014429
13968	13967	0.0552745014429
13968	13969	0.0552745014429
13969	13968	0.0552745014429
13969	13970	0.0552745014429
13970	13969	0.0552745014429
13970	13971	0.0552745014429
13971	13970	0.0552745014429
13971	13972	0.0552745014429
13972	13971	0.0552745014429
13972	13973	0.0552745014429
13973	13972	0.0552745014429
13973	13974	0.0552745014429
13974	13973	0.0552745014429
13975	13808	0.0422179996967
13975	13976	0.0422179996967
13976	13975	0.0422179996967
13976	13977	0.0422179996967
13977	13976	0.0422179996967
13977	13978	0.0422179996967
13978	13977	0.0422179996967
13978	13979	0.0422179996967
13979	13978	0.0422179996967
13979	13980	0.0422179996967
13980	13979	0.0422179996967
13980	13981	0.0422179996967
13981	13980	0.0422179996967
13981	13982	0.0422179996967
13982	13981	0.0422179996967
13982	13983	0.0422179996967
13983	13982	0.0422179996967
13983	13984	0.0422179996967
13984	13983	0.0422179996967
13984	13985	0.0422179996967
13985	13984	0.0422179996967
13985	13986	0.0422179996967
13986	13985	0.0422179996967
13986	13987	0.0422179996967
13987	13986	0.0422179996967
13987	13988	0.0422179996967
13988	13987	0.0422179996967
13988	13989	0.0422179996967
13989	13988	0.0422179996967
13989	13990	0.0422179996967
13990	13989	0.0422179996967
13990	13991	0.0422179996967
13991	13990	0.0422179996967
13991	13992	0.0422179996967
13992	13991	0.0422179996967
13993	13057	0.0500079989433
13993	13994	0.0500079989433
13994	13993	0.0500079989433
13994	13995	0.0500079989433
13995	13994	0.0500079989433
13995	13996	0.0500079989433
13996	13995	0.0500079989433
13996	13997	0.0500079989433
13997	13996	0.0500079989433
13997	13998	0.0500079989433
13998	13997	0.0500079989433
13998	13999	0.0500079989433
13999	13998	0.0500079989433
13999	14000	0.0500079989433
14000	13999	0.0500079989433
14000	14001	0.0500079989433
14001	14000	0.0500079989433
14001	14002	0.0500079989433
14002	14001	0.0500079989433
14002	14003	0.0500079989433
14003	14002	0.0500079989433
14003	14004	0.0500079989433
14004	14003	0.0500079989433
14004	14005	0.0331769995391
14004	14017	0.0445710010827
14005	14004	0.0331769995391
14005	14006	0.0331769995391
14006	14005	0.0331769995391
14006	14007	0.0331769995391
14007	14006	0.0331769995391
14007	14008	0.0331769995391
14008	14007	0.0331769995391
14008	14009	0.0331769995391
14009	14008	0.0331769995391
14009	14010	0.0331769995391
14010	14009	0.0331769995391
14010	14011	0.0331769995391
14011	14010	0.0331769995391
14011	14012	0.0331769995391
14012	14011	0.0331769995391
14012	14013	0.0331769995391
14013	14012	0.0331769995391
14013	14014	0.0331769995391
14014	14013	0.0331769995391
14014	14015	0.0331769995391
14015	14014	0.0331769995391
14015	14016	0.0331769995391
14016	14015	0.0331769995391
14017	14004	0.0445710010827
14017	14018	0.0445710010827
14018	14017	0.0445710010827
14018	14019	0.0445710010827
14019	14018	0.0445710010827
14019	14020	0.0445710010827
14020	14019	0.0445710010827
14020	14021	0.0445710010827
14021	14020	0.0445710010827
14021	14022	0.0445710010827
14022	14021	0.0445710010827
14022	14023	0.0445710010827
14023	14022	0.0445710010827
14023	14024	0.0445710010827
14024	14023	0.0445710010827
14024	14025	0.0445710010827
14025	14024	0.0445710010827
14025	14026	0.0445710010827
14026	14025	0.0445710010827
14026	14027	0.0445710010827
14027	14026	0.0445710010827
14027	14028	0.0445710010827
14028	14027	0.0445710010827
14028	14029	0.0445710010827
14029	14028	0.0445710010827
14029	14030	0.0445710010827
14030	14029	0.0445710010827
14030	14031	0.0445710010827
14031	14030	0.0445710010827
14031	14032	0.0445710010827
14032	14031	0.0445710010827
14032	14033	0.0445710010827
14033	14032	0.0445710010827
14033	14034	0.0445710010827
14034	14033	0.0445710010827
14034	14035	0.0445710010827
14035	14034	0.0445710010827
14035	14036	0.0445710010827
14036	14035	0.0445710010827
14036	14037	0.0445710010827
14037	14036	0.0445710010827
14037	14038	0.0445710010827
14038	14037	0.0445710010827
14038	14039	0.0445710010827
14039	14038	0.0445710010827
14039	14040	0.0445710010827
14040	14039	0.0445710010827
14040	14041	0.0445710010827
14041	14040	0.0445710010827
14041	14042	0.0445710010827
14042	14041	0.0445710010827
14042	14043	0.0445710010827
14043	14042	0.0445710010827
14043	14044	0.0445710010827
14044	14043	0.0445710010827
14044	14045	0.0445710010827
14045	14044	0.0445710010827
14045	14046	0.0445710010827
14046	14045	0.0445710010827
14046	14047	0.0445710010827
14047	14046	0.0445710010827
14047	14048	0.0445710010827
14048	14047	0.0445710010827
14048	14049	0.0445710010827
14049	14048	0.0445710010827
14049	14050	0.0445710010827
14050	14049	0.0445710010827
14050	14051	0.0445710010827
14051	14050	0.0445710010827
14051	14052	0.0445710010827
14052	14051	0.0445710010827
14052	14053	0.0445710010827
14053	14052	0.0445710010827
14053	14054	0.0445710010827
14054	14053	0.0445710010827
14054	14055	0.0445710010827
14055	14054	0.0445710010827
14055	14056	0.0445710010827
14056	14055	0.0445710010827
14057	13011	0.0470535010099
14057	14058	0.0470535010099
14058	14057	0.0470535010099
14058	14059	0.0470535010099
14059	14058	0.0470535010099
14059	14060	0.0470535010099
14060	14059	0.0470535010099
14060	14061	0.0470535010099
14061	14060	0.0470535010099
14061	14062	0.0470535010099
14062	14061	0.0470535010099
14062	14063	0.0470535010099
14063	14062	0.0470535010099
14063	14064	0.0470535010099
14064	14063	0.0470535010099
14064	14065	0.0470535010099
14065	14064	0.0470535010099
14065	14066	0.0470535010099
14066	14065	0.0470535010099
14066	14067	0.0470535010099
14067	14066	0.0470535010099
14067	14068	0.0470535010099
14068	14067	0.0470535010099
14068	14069	0.0470535010099
14069	14068	0.0470535010099
14069	14070	0.0470535010099
14070	14069	0.0470535010099
14070	14071	0.0292275007814
14070	14078	0.0429470017552
14071	14070	0.0292275007814
14071	14072	0.0292275007814
14072	14071	0.0292275007814
14072	14073	0.0292275007814
14073	14072	0.0292275007814
14073	14074	0.0292275007814
14074	14073	0.0292275007814
14074	14075	0.0292275007814
14075	14074	0.0292275007814
14075	14076	0.0292275007814
14076	14075	0.0292275007814
14076	14077	0.0292275007814
14077	14076	0.0292275007814
14078	14070	0.0429470017552
14078	14079	0.0429470017552
14079	14078	0.0429470017552
14079	14080	0.0429470017552
14080	14079	0.0429470017552
14080	14081	0.0429470017552
14081	14080	0.0429470017552
14081	14082	0.0429470017552
14082	14081	0.0429470017552
14082	14083	0.0429470017552
14083	14082	0.0429470017552
14083	14084	0.0429470017552
14084	14083	0.0429470017552
14084	14085	0.0429470017552
14085	14084	0.0429470017552
14085	14086	0.0429470017552
14086	14085	0.0429470017552
14086	14087	0.0429470017552
14087	14086	0.0429470017552
14087	14088	0.0429470017552
14088	14087	0.0429470017552
14088	14089	0.0429470017552
14089	14088	0.0429470017552
14089	14090	0.0429470017552
14090	14089	0.0429470017552
14090	14091	0.0429470017552
14091	14090	0.0429470017552
14091	14092	0.0429470017552
14092	14091	0.0429470017552
14092	14093	0.0429470017552
14093	14092	0.0429470017552
14093	14094	0.0429470017552
14094	14093	0.0429470017552
14094	14095	0.0429470017552
14095	14094	0.0429470017552
14095	14096	0.0429470017552
14096	14095	0.0429470017552
14096	14097	0.0429470017552
14097	14096	0.0429470017552
14097	14098	0.0429470017552
14098	14097	0.0429470017552
14098	14099	0.0429470017552
14099	14098	0.0429470017552
14099	14100	0.0429470017552
14100	14099	0.0429470017552
14100	14101	0.0429470017552
14101	14100	0.0429470017552
14101	14102	0.0429470017552
14102	14101	0.0429470017552
14102	14103	0.0429470017552
14103	14102	0.0429470017552
14103	14104	0.0429470017552
14104	14103	0.0429470017552
14104	14105	0.0429470017552
14105	14104	0.0429470017552
14105	14106	0.0429470017552
14106	14105	0.0429470017552
14106	14107	0.0429470017552
14107	14106	0.0429470017552
14107	14108	0.0429470017552
14108	14107	0.0429470017552
14108	14109	0.0429470017552
14109	14108	0.0429470017552
14109	14110	0.0429470017552
14110	14109	0.0429470017552
14110	14111	0.0429470017552
14111	14110	0.0429470017552
14111	14112	0.0429470017552
14112	14111	0.0429470017552
14113	12974	0.0321554988623
14113	14114	0.0321554988623
14114	14113	0.0321554988623
14114	14115	0.0321554988623
14115	14114	0.0321554988623
14115	14116	0.0321554988623
14116	14115	0.0321554988623
14116	14117	0.0321554988623
14117	14116	0.0321554988623
14117	14118	0.0321554988623
14118	14117	0.0321554988623
14118	14119	0.0321554988623
14119	14118	0.0321554988623
14119	14120	0.0321554988623
14120	14119	0.0321554988623
14120	14121	0.0321554988623
14121	14120	0.0321554988623
14121	14122	0.0321554988623
14122	14121	0.0321554988623
14122	14123	0.0321554988623
14123	14122	0.0321554988623
14123	14124	0.0321554988623
14124	14123	0.0321554988623
14124	14125	0.0321554988623
14125	14124	0.0321554988623
14125	14126	0.0321554988623
14126	14125	0.0321554988623
14126	14127	0.0321554988623
14127	14126	0.0321554988623
14127	14128	0.0321554988623
14128	14127	0.0321554988623
14128	14129	0.0321554988623
14129	14128	0.0321554988623
14129	14130	0.0321554988623
14130	14129	0.0321554988623
14131	11239	0.0552529990673
14131	14132	0.0552529990673
14132	14131	0.0552529990673
14132	14133	0.0552529990673
14133	14132	0.0552529990673
14133	14134	0.0552529990673
14134	14133	0.0552529990673
14134	14135	0.0552529990673
14135	14134	0.0552529990673
14135	14136	0.0552529990673
14136	14135	0.0552529990673
14136	14137	0.0552529990673
14137	14136	0.0552529990673
14137	14138	0.0552529990673
14138	14137	0.0552529990673
14138	14139	0.0552529990673
14139	14138	0.0552529990673
14139	14140	0.0552529990673
14140	14139	0.0552529990673
14140	14141	0.0552529990673
14141	14140	0.0552529990673
14141	14142	0.0552529990673
14142	14141	0.0552529990673
14142	14143	0.0552529990673
14143	14142	0.0552529990673
14143	14144	0.0552529990673
14144	14143	0.0552529990673
14144	14145	0.0552529990673
14145	14144	0.0552529990673
14145	14146	0.0552529990673
14146	14145	0.0552529990673
14146	14147	0.0552529990673
14147	14146	0.0552529990673
14147	14148	0.0552529990673
14148	14147	0.0552529990673
14148	14149	0.0552529990673
14149	14148	0.0552529990673
14149	14150	0.0552529990673
14150	14149	0.0552529990673
14150	14151	0.0552529990673
14151	14150	0.0552529990673
14151	14152	0.0552529990673
14152	14151	0.0552529990673
14152	14153	0.0552529990673
14153	14152	0.0552529990673
14153	14154	0.0552529990673
14154	14153	0.0552529990673
14154	14155	0.0511365011334
14154	14215	0.0326985009015
14155	14154	0.0511365011334
14155	14156	0.0511365011334
14156	14155	0.0511365011334
14156	14157	0.0511365011334
14157	14156	0.0511365011334
14157	14158	0.0511365011334
14158	14157	0.0511365011334
14158	14159	0.0511365011334
14159	14158	0.0511365011334
14159	14160	0.0511365011334
14160	14159	0.0511365011334
14160	14161	0.0511365011334
14161	14160	0.0511365011334
14161	14162	0.0511365011334
14162	14161	0.0511365011334
14162	14163	0.0511365011334
14163	14162	0.0511365011334
14163	14164	0.0511365011334
14164	14163	0.0511365011334
14164	14165	0.0511365011334
14165	14164	0.0511365011334
14165	14166	0.0511365011334
14166	14165	0.0511365011334
14166	14167	0.0511365011334
14167	14166	0.0511365011334
14167	14168	0.0511365011334
14168	14167	0.0511365011334
14168	14169	0.0511365011334
14169	14168	0.0511365011334
14169	14170	0.0511365011334
14170	14169	0.0511365011334
14170	14171	0.0511365011334
14171	14170	0.0511365011334
14171	14172	0.0473725013435
14171	14209	0.0301510002464
14172	14171	0.0473725013435
14172	14173	0.0473725013435
14173	14172	0.0473725013435
14173	14174	0.0473725013435
14174	14173	0.0473725013435
14174	14175	0.0473725013435
14175	14174	0.0473725013435
14175	14176	0.0473725013435
14176	14175	0.0473725013435
14176	14177	0.0473725013435
14177	14176	0.0473725013435
14177	14178	0.0473725013435
14178	14177	0.0473725013435
14178	14179	0.0473725013435
14179	14178	0.0473725013435
14179	14180	0.0473725013435
14180	14179	0.0473725013435
14180	14181	0.0473725013435
14181	14180	0.0473725013435
14181	14182	0.0473725013435
14182	14181	0.0473725013435
14182	14183	0.0473725013435
14183	14182	0.0473725013435
14183	14184	0.0473725013435
14184	14183	0.0473725013435
14184	14185	0.0473725013435
14185	14184	0.0473725013435
14185	14186	0.0473725013435
14186	14185	0.0473725013435
14186	14187	0.0473725013435
14187	14186	0.0473725013435
14187	14188	0.0473725013435
14188	14187	0.0473725013435
14188	14189	0.0473725013435
14189	14188	0.0473725013435
14189	14190	0.0473725013435
14190	14189	0.0473725013435
14190	14191	0.0473725013435
14191	14190	0.0473725013435
14191	14192	0.0473725013435
14192	14191	0.0473725013435
14192	14193	0.0473725013435
14193	14192	0.0473725013435
14193	14194	0.0473725013435
14194	14193	0.0473725013435
14194	14195	0.0473725013435
14195	14194	0.0473725013435
14195	14196	0.0473725013435
14196	14195	0.0473725013435
14196	14197	0.0473725013435
14197	14196	0.0473725013435
14197	14198	0.0473725013435
14198	14197	0.0473725013435
14198	14199	0.0473725013435
14199	14198	0.0473725013435
14199	14200	0.0473725013435
14200	14199	0.0473725013435
14200	14201	0.0473725013435
14201	14200	0.0473725013435
14201	14202	0.0473725013435
14202	14201	0.0473725013435
14202	14203	0.0473725013435
14203	14202	0.0473725013435
14203	14204	0.0473725013435
14204	14203	0.0473725013435
14204	14205	0.0473725013435
14205	14204	0.0473725013435
14205	14206	0.0473725013435
14206	14205	0.0473725013435
14206	14207	0.0473725013435
14207	14206	0.0473725013435
14207	14208	0.0473725013435
14208	14207	0.0473725013435
14209	14171	0.0301510002464
14209	14210	0.0301510002464
14210	14209	0.0301510002464
14210	14211	0.0301510002464
14211	14210	0.0301510002464
14211	14212	0.0301510002464
14212	14211	0.0301510002464
14212	14213	0.0301510002464
14213	14212	0.0301510002464
14213	14214	0.0301510002464
14214	14213	0.0301510002464
14215	14154	0.0326985009015
14215	14216	0.0326985009015
14216	14215	0.0326985009015
14216	14217	0.0326985009015
14217	14216	0.0326985009015
14217	14218	0.0326985009015
14218	14217	0.0326985009015
14218	14219	0.0326985009015
14219	14218	0.0326985009015
14219	14220	0.0326985009015
14220	14219	0.0326985009015
14220	14221	0.0326985009015
14221	14220	0.0326985009015
14221	14222	0.0326985009015
14222	14221	0.0326985009015
14222	14223	0.0326985009015
14223	14222	0.0326985009015
14223	14224	0.0326985009015
14224	14223	0.0326985009015
14224	14225	0.0326985009015
14225	14224	0.0326985009015
14225	14226	0.0326985009015
14226	14225	0.0326985009015
14226	14227	0.0326985009015
14227	14226	0.0326985009015
14227	14228	0.0326985009015
14228	14227	0.0326985009015
14229	10992	0.0314529985189
14229	14230	0.0314529985189
14230	14229	0.0314529985189
14230	14231	0.0314529985189
14231	14230	0.0314529985189
14231	14232	0.0314529985189
14232	14231	0.0314529985189
14232	14233	0.0314529985189
14233	14232	0.0314529985189
14233	14234	0.0314529985189
14234	14233	0.0314529985189
14234	14235	0.0314529985189
14235	14234	0.0314529985189
14235	14236	0.0314529985189
14236	14235	0.0314529985189
14236	14237	0.0314529985189
14237	14236	0.0314529985189
14237	14238	0.0314529985189
14238	14237	0.0314529985189
14238	14239	0.0314529985189
14239	14238	0.0314529985189
14239	14240	0.0314529985189
14240	14239	0.0314529985189
14240	14241	0.0314529985189
14241	14240	0.0314529985189
14241	14242	0.0314529985189
14242	14241	0.0314529985189
14242	14243	0.0314529985189
14243	14242	0.0314529985189
14243	14244	0.0314529985189
14244	14243	0.0314529985189
14244	14245	0.0314529985189
14245	14244	0.0314529985189
14245	14246	0.0314529985189
14246	14245	0.0314529985189
14246	14247	0.0314529985189
14247	14246	0.0314529985189
14247	14248	0.0314529985189
14248	14247	0.0314529985189
14248	14249	0.0314529985189
14249	14248	0.0314529985189
14250	10757	0.0515279993415
14250	14251	0.0515279993415
14251	14250	0.0515279993415
14251	14252	0.0515279993415
14252	14251	0.0515279993415
14252	14253	0.0515279993415
14253	14252	0.0515279993415
14253	14254	0.0515279993415
14254	14253	0.0515279993415
14254	14255	0.0515279993415
14255	14254	0.0515279993415
14255	14256	0.0515279993415
14256	14255	0.0515279993415
14256	14257	0.0515279993415
14257	14256	0.0515279993415
14257	14258	0.0515279993415
14258	14257	0.0515279993415
14258	14259	0.0515279993415
14259	14258	0.0515279993415
14259	14260	0.0515279993415
14260	14259	0.0515279993415
14260	14261	0.0515279993415
14261	14260	0.0515279993415
14261	14262	0.0515279993415
14262	14261	0.0515279993415
14262	14263	0.0495734997094
14262	14342	0.0246539991349
14263	14262	0.0495734997094
14263	14264	0.0495734997094
14264	14263	0.0495734997094
14264	14265	0.0495734997094
14265	14264	0.0495734997094
14265	14266	0.0495734997094
14266	14265	0.0495734997094
14266	14267	0.0495734997094
14267	14266	0.0495734997094
14267	14268	0.0495734997094
14268	14267	0.0495734997094
14268	14269	0.0495734997094
14269	14268	0.0495734997094
14269	14270	0.0495734997094
14270	14269	0.0495734997094
14270	14271	0.0495734997094
14271	14270	0.0495734997094
14271	14272	0.0495734997094
14272	14271	0.0495734997094
14272	14273	0.0495734997094
14273	14272	0.0495734997094
14273	14274	0.0495734997094
14274	14273	0.0495734997094
14274	14275	0.0495734997094
14275	14274	0.0495734997094
14275	14276	0.0495734997094
14276	14275	0.0495734997094
14276	14277	0.0495734997094
14277	14276	0.0495734997094
14277	14278	0.0495734997094
14278	14277	0.0495734997094
14278	14279	0.0495734997094
14279	14278	0.0495734997094
14279	14280	0.0495734997094
14280	14279	0.0495734997094
14280	14281	0.0495734997094
14281	14280	0.0495734997094
14281	14282	0.0495734997094
14282	14281	0.0495734997094
14282	14283	0.0495734997094
14283	14282	0.0495734997094
14283	14284	0.0495734997094
14284	14283	0.0495734997094
14284	14285	0.0495734997094
14285	14284	0.0495734997094
14285	14286	0.0286365002394
14285	14293	0.0461585000157
14286	14285	0.0286365002394
14286	14287	0.0286365002394
14287	14286	0.0286365002394
14287	14288	0.0286365002394
14288	14287	0.0286365002394
14288	14289	0.0286365002394
14289	14288	0.0286365002394
14289	14290	0.0286365002394
14290	14289	0.0286365002394
14290	14291	0.0286365002394
14291	14290	0.0286365002394
14291	14292	0.0286365002394
14292	14291	0.0286365002394
14293	14285	0.0461585000157
14293	14294	0.0461585000157
14294	14293	0.0461585000157
14294	14295	0.0461585000157
14295	14294	0.0461585000157
14295	14296	0.0461585000157
14296	14295	0.0461585000157
14296	14297	0.0461585000157
14297	14296	0.0461585000157
14297	14298	0.0461585000157
14298	14297	0.0461585000157
14298	14299	0.0461585000157
14299	14298	0.0461585000157
14299	14300	0.0461585000157
14300	14299	0.0461585000157
14300	14301	0.0461585000157
14301	14300	0.0461585000157
14301	14302	0.0461585000157
14302	14301	0.0461585000157
14302	14303	0.0461585000157
14303	14302	0.0461585000157
14303	14304	0.0461585000157
14304	14303	0.0461585000157
14304	14305	0.0461585000157
14305	14304	0.0461585000157
14305	14306	0.0461585000157
14306	14305	0.0461585000157
14306	14307	0.0461585000157
14307	14306	0.0461585000157
14307	14308	0.0461585000157
14308	14307	0.0461585000157
14308	14309	0.0461585000157
14309	14308	0.0461585000157
14309	14310	0.0461585000157
14310	14309	0.0461585000157
14310	14311	0.0461585000157
14311	14310	0.0461585000157
14311	14312	0.0461585000157
14312	14311	0.0461585000157
14312	14313	0.0461585000157
14313	14312	0.0461585000157
14313	14314	0.0461585000157
14314	14313	0.0461585000157
14314	14315	0.0461585000157
14315	14314	0.0461585000157
14315	14316	0.0461585000157
14316	14315	0.0461585000157
14316	14317	0.0461585000157
14317	14316	0.0461585000157
14317	14318	0.0461585000157
14318	14317	0.0461585000157
14318	14319	0.0461585000157
14319	14318	0.0461585000157
14319	14320	0.0461585000157
14320	14319	0.0461585000157
14320	14321	0.0461585000157
14321	14320	0.0461585000157
14321	14322	0.0461585000157
14322	14321	0.0461585000157
14322	14323	0.0461585000157
14323	14322	0.0461585000157
14323	14324	0.0461585000157
14324	14323	0.0461585000157
14324	14325	0.0461585000157
14325	14324	0.0461585000157
14325	14326	0.0461585000157
14326	14325	0.0461585000157
14326	14327	0.0461585000157
14327	14326	0.0461585000157
14327	14328	0.0461585000157
14328	14327	0.0461585000157
14328	14329	0.0461585000157
14329	14328	0.0461585000157
14329	14330	0.0461585000157
14330	14329	0.0461585000157
14330	14331	0.0461585000157
14331	14330	0.0461585000157
14331	14332	0.0461585000157
14332	14331	0.0461585000157
14332	14333	0.0461585000157
14333	14332	0.0461585000157
14333	14334	0.0461585000157
14334	14333	0.0461585000157
14334	14335	0.0461585000157
14335	14334	0.0461585000157
14335	14336	0.0461585000157
14336	14335	0.0461585000157
14336	14337	0.0461585000157
14337	14336	0.0461585000157
14337	14338	0.0461585000157
14338	14337	0.0461585000157
14338	14339	0.0461585000157
14339	14338	0.0461585000157
14339	14340	0.0461585000157
14340	14339	0.0461585000157
14340	14341	0.0461585000157
14341	14340	0.0461585000157
14342	14262	0.0246539991349
14342	14343	0.0246539991349
14343	14342	0.0246539991349
14343	14344	0.0246539991349
14344	14343	0.0246539991349
14344	14345	0.0246539991349
14345	14344	0.0246539991349
14345	14346	0.0246539991349
14346	14345	0.0246539991349
14346	14347	0.0246539991349
14347	14346	0.0246539991349
14348	10676	0.0497694984078
14348	14349	0.0497694984078
14349	14348	0.0497694984078
14349	14350	0.0497694984078
14350	14349	0.0497694984078
14350	14351	0.0497694984078
14351	14350	0.0497694984078
14351	14352	0.0497694984078
14352	14351	0.0497694984078
14352	14353	0.0497694984078
14353	14352	0.0497694984078
14353	14354	0.0497694984078
14354	14353	0.0497694984078
14354	14355	0.0497694984078
14355	14354	0.0497694984078
14355	14356	0.0497694984078
14356	14355	0.0497694984078
14356	14357	0.0497694984078
14357	14356	0.0497694984078
14357	14358	0.0497694984078
14358	14357	0.0497694984078
14358	14359	0.0497694984078
14359	14358	0.0497694984078
14359	14360	0.0497694984078
14360	14359	0.0497694984078
14360	14361	0.0497694984078
14361	14360	0.0497694984078
14361	14362	0.0497694984078
14362	14361	0.0497694984078
14362	14363	0.0497694984078
14363	14362	0.0497694984078
14363	14364	0.027922000736
14363	14375	0.0466479994357
14364	14363	0.027922000736
14364	14365	0.027922000736
14365	14364	0.027922000736
14365	14366	0.027922000736
14366	14365	0.027922000736
14366	14367	0.027922000736
14367	14366	0.027922000736
14367	14368	0.027922000736
14368	14367	0.027922000736
14368	14369	0.027922000736
14369	14368	0.027922000736
14369	14370	0.027922000736
14370	14369	0.027922000736
14370	14371	0.027922000736
14371	14370	0.027922000736
14371	14372	0.027922000736
14372	14371	0.027922000736
14372	14373	0.027922000736
14373	14372	0.027922000736
14373	14374	0.027922000736
14374	14373	0.027922000736
14375	14363	0.0466479994357
14375	14376	0.0466479994357
14376	14375	0.0466479994357
14376	14377	0.0466479994357
14377	14376	0.0466479994357
14377	14378	0.0466479994357
14378	14377	0.0466479994357
14378	14379	0.0466479994357
14379	14378	0.0466479994357
14379	14380	0.0466479994357
14380	14379	0.0466479994357
14380	14381	0.0466479994357
14381	14380	0.0466479994357
14381	14382	0.0466479994357
14382	14381	0.0466479994357
14382	14383	0.0466479994357
14383	14382	0.0466479994357
14383	14384	0.0466479994357
14384	14383	0.0466479994357
14384	14385	0.0466479994357
14385	14384	0.0466479994357
14385	14386	0.0466479994357
14386	14385	0.0466479994357
14386	14387	0.0466479994357
14387	14386	0.0466479994357
14387	14388	0.0327235013247
14387	14404	0.0405079983175
14388	14387	0.0327235013247
14388	14389	0.0327235013247
14389	14388	0.0327235013247
14389	14390	0.0327235013247
14390	14389	0.0327235013247
14390	14391	0.0327235013247
14391	14390	0.0327235013247
14391	14392	0.0327235013247
14392	14391	0.0327235013247
14392	14393	0.0327235013247
14393	14392	0.0327235013247
14393	14394	0.0327235013247
14394	14393	0.0327235013247
14394	14395	0.0327235013247
14395	14394	0.0327235013247
14395	14396	0.0327235013247
14396	14395	0.0327235013247
14396	14397	0.0327235013247
14397	14396	0.0327235013247
14397	14398	0.0327235013247
14398	14397	0.0327235013247
14398	14399	0.0327235013247
14399	14398	0.0327235013247
14399	14400	0.0327235013247
14400	14399	0.0327235013247
14400	14401	0.0327235013247
14401	14400	0.0327235013247
14401	14402	0.0327235013247
14402	14401	0.0327235013247
14402	14403	0.0327235013247
14403	14402	0.0327235013247
14404	14387	0.0405079983175
14404	14405	0.0405079983175
14405	14404	0.0405079983175
14405	14406	0.0405079983175
14406	14405	0.0405079983175
14406	14407	0.0405079983175
14407	14406	0.0405079983175
14407	14408	0.0405079983175
14408	14407	0.0405079983175
14408	14409	0.0405079983175
14409	14408	0.0405079983175
14409	14410	0.0405079983175
14410	14409	0.0405079983175
14410	14411	0.0405079983175
14411	14410	0.0405079983175
14411	14412	0.0405079983175
14412	14411	0.0405079983175
14412	14413	0.0405079983175
14413	14412	0.0405079983175
14413	14414	0.0405079983175
14414	14413	0.0405079983175
14414	14415	0.0405079983175
14415	14414	0.0405079983175
14415	14416	0.0405079983175
14416	14415	0.0405079983175
14416	14417	0.0405079983175
14417	14416	0.0405079983175
14417	14418	0.0405079983175
14418	14417	0.0405079983175
14418	14419	0.0405079983175
14419	14418	0.0405079983175
14419	14420	0.0405079983175
14420	14419	0.0405079983175
14420	14421	0.0405079983175
14421	14420	0.0405079983175
14421	14422	0.0405079983175
14422	14421	0.0405079983175
14422	14423	0.0405079983175
14423	14422	0.0405079983175
14423	14424	0.0405079983175
14424	14423	0.0405079983175
14424	14425	0.0405079983175
14425	14424	0.0405079983175
14425	14426	0.0405079983175
14426	14425	0.0405079983175
14426	14427	0.0405079983175
14427	14426	0.0405079983175
14427	14428	0.0405079983175
14428	14427	0.0405079983175
14428	14429	0.0405079983175
14429	14428	0.0405079983175
14429	14430	0.0405079983175
14430	14429	0.0405079983175
14430	14431	0.0405079983175
14431	14430	0.0405079983175
14431	14432	0.0405079983175
14432	14431	0.0405079983175
14432	14433	0.0405079983175
14433	14432	0.0405079983175
14433	14434	0.0405079983175
14434	14433	0.0405079983175
14434	14435	0.0405079983175
14435	14434	0.0405079983175
14435	14436	0.0405079983175
14436	14435	0.0405079983175
14436	14437	0.0405079983175
14437	14436	0.0405079983175
14437	14438	0.0405079983175
14438	14437	0.0405079983175
14438	14439	0.0405079983175
14439	14438	0.0405079983175
14439	14440	0.0405079983175
14440	14439	0.0405079983175
14441	10628	0.0729049965739
14441	14442	0.0729049965739
14442	14441	0.0729049965739
14442	14443	0.0729049965739
14443	14442	0.0729049965739
14443	14444	0.0729049965739
14444	14443	0.0729049965739
14444	14445	0.0729049965739
14445	14444	0.0729049965739
14445	14446	0.0729049965739
14446	14445	0.0729049965739
14446	14447	0.0729049965739
14447	14446	0.0729049965739
14447	14448	0.0729049965739
14448	14447	0.0729049965739
14448	14449	0.0729049965739
14449	14448	0.0729049965739
14449	14450	0.0729049965739
14450	14449	0.0729049965739
14450	14451	0.0729049965739
14451	14450	0.0729049965739
14451	14452	0.0729049965739
14452	14451	0.0729049965739
14452	14453	0.0729049965739
14453	14452	0.0729049965739
14453	14454	0.0729049965739
14454	14453	0.0729049965739
14454	14455	0.0729049965739
14455	14454	0.0729049965739
14455	14456	0.0729049965739
14456	14455	0.0729049965739
14456	14457	0.0729049965739
14457	14456	0.0729049965739
14457	14458	0.0729049965739
14458	14457	0.0729049965739
14458	14459	0.0729049965739
14459	14458	0.0729049965739
14459	14460	0.0729049965739
14460	14459	0.0729049965739
14460	14461	0.0710354968905
14460	14686	0.030741000548
14461	14460	0.0710354968905
14461	14462	0.0710354968905
14462	14461	0.0710354968905
14462	14463	0.0710354968905
14463	14462	0.0710354968905
14463	14464	0.0710354968905
14464	14463	0.0710354968905
14464	14465	0.0710354968905
14465	14464	0.0710354968905
14465	14466	0.0710354968905
14466	14465	0.0710354968905
14466	14467	0.0710354968905
14467	14466	0.0710354968905
14467	14468	0.0710354968905
14468	14467	0.0710354968905
14468	14469	0.0710354968905
14469	14468	0.0710354968905
14469	14470	0.0710354968905
14470	14469	0.0710354968905
14470	14471	0.0710354968905
14471	14470	0.0710354968905
14471	14472	0.0710354968905
14472	14471	0.0710354968905
14472	14473	0.0710354968905
14473	14472	0.0710354968905
14473	14474	0.0710354968905
14474	14473	0.0710354968905
14474	14475	0.0710354968905
14475	14474	0.0710354968905
14475	14476	0.0710354968905
14476	14475	0.0710354968905
14476	14477	0.0710354968905
14477	14476	0.0710354968905
14477	14478	0.0710354968905
14478	14477	0.0710354968905
14478	14479	0.0710354968905
14479	14478	0.0710354968905
14479	14480	0.0710354968905
14480	14479	0.0710354968905
14480	14481	0.0646720007062
14480	14631	0.0444734990597
14481	14480	0.0646720007062
14481	14482	0.0646720007062
14482	14481	0.0646720007062
14482	14483	0.0646720007062
14483	14482	0.0646720007062
14483	14484	0.0646720007062
14484	14483	0.0646720007062
14484	14485	0.0646720007062
14485	14484	0.0646720007062
14485	14486	0.0646720007062
14486	14485	0.0646720007062
14486	14487	0.0646720007062
14487	14486	0.0646720007062
14487	14488	0.0646720007062
14488	14487	0.0646720007062
14488	14489	0.0646720007062
14489	14488	0.0646720007062
14489	14490	0.0646720007062
14490	14489	0.0646720007062
14490	14491	0.0646720007062
14491	14490	0.0646720007062
14491	14492	0.0646720007062
14492	14491	0.0646720007062
14492	14493	0.0646720007062
14493	14492	0.0646720007062
14493	14494	0.0646720007062
14494	14493	0.0646720007062
14494	14495	0.0646720007062
14495	14494	0.0646720007062
14495	14496	0.0646720007062
14496	14495	0.0646720007062
14496	14497	0.0412129983306
14496	14539	0.0585274994373
14497	14496	0.0412129983306
14497	14498	0.0412129983306
14498	14497	0.0412129983306
14498	14499	0.0412129983306
14499	14498	0.0412129983306
14499	14500	0.0412129983306
14500	14499	0.0412129983306
14500	14501	0.0412129983306
14501	14500	0.0412129983306
14501	14502	0.0412129983306
14502	14501	0.0412129983306
14502	14503	0.0412129983306
14503	14502	0.0412129983306
14503	14504	0.0412129983306
14504	14503	0.0412129983306
14504	14505	0.0412129983306
14505	14504	0.0412129983306
14505	14506	0.0412129983306
14506	14505	0.0412129983306
14506	14507	0.0412129983306
14507	14506	0.0412129983306
14507	14508	0.0412129983306
14508	14507	0.0412129983306
14508	14509	0.0412129983306
14509	14508	0.0412129983306
14509	14510	0.0412129983306
14510	14509	0.0412129983306
14510	14511	0.0412129983306
14511	14510	0.0412129983306
14511	14512	0.0412129983306
14512	14511	0.0412129983306
14512	14513	0.0412129983306
14513	14512	0.0412129983306
14513	14514	0.0412129983306
14514	14513	0.0412129983306
14514	14515	0.0412129983306
14515	14514	0.0412129983306
14515	14516	0.0412129983306
14516	14515	0.0412129983306
14516	14517	0.0412129983306
14517	14516	0.0412129983306
14517	14518	0.0412129983306
14518	14517	0.0412129983306
14518	14519	0.0412129983306
14519	14518	0.0412129983306
14519	14520	0.0412129983306
14520	14519	0.0412129983306
14520	14521	0.0412129983306
14521	14520	0.0412129983306
14521	14522	0.0412129983306
14522	14521	0.0412129983306
14522	14523	0.0412129983306
14523	14522	0.0412129983306
14523	14524	0.0412129983306
14524	14523	0.0412129983306
14524	14525	0.0412129983306
14525	14524	0.0412129983306
14525	14526	0.0412129983306
14526	14525	0.0412129983306
14526	14527	0.0412129983306
14527	14526	0.0412129983306
14527	14528	0.0412129983306
14528	14527	0.0412129983306
14528	14529	0.0412129983306
14529	14528	0.0412129983306
14529	14530	0.0412129983306
14530	14529	0.0412129983306
14530	14531	0.0412129983306
14531	14530	0.0412129983306
14531	14532	0.0412129983306
14532	14531	0.0412129983306
14532	14533	0.0412129983306
14533	14532	0.0412129983306
14533	14534	0.0412129983306
14534	14533	0.0412129983306
14534	14535	0.0412129983306
14535	14534	0.0412129983306
14535	14536	0.0412129983306
14536	14535	0.0412129983306
14536	14537	0.0412129983306
14537	14536	0.0412129983306
14537	14538	0.0412129983306
14538	14537	0.0412129983306
14539	14496	0.0585274994373
14539	14540	0.0585274994373
14540	14539	0.0585274994373
14540	14541	0.0585274994373
14541	14540	0.0585274994373
14541	14542	0.0585274994373
14542	14541	0.0585274994373
14542	14543	0.0585274994373
14543	14542	0.0585274994373
14543	14544	0.0585274994373
14544	14543	0.0585274994373
14544	14545	0.0585274994373
14545	14544	0.0585274994373
14545	14546	0.0585274994373
14546	14545	0.0585274994373
14546	14547	0.0585274994373
14547	14546	0.0585274994373
14547	14548	0.0585274994373
14548	14547	0.0585274994373
14548	14549	0.0585274994373
14549	14548	0.0585274994373
14549	14550	0.0585274994373
14550	14549	0.0585274994373
14550	14551	0.0585274994373
14551	14550	0.0585274994373
14551	14552	0.0585274994373
14552	14551	0.0585274994373
14552	14553	0.0585274994373
14553	14552	0.0585274994373
14553	14554	0.0585274994373
14554	14553	0.0585274994373
14554	14555	0.0560670010746
14554	14624	0.0289389993995
14555	14554	0.0560670010746
14555	14556	0.0560670010746
14556	14555	0.0560670010746
14556	14557	0.0560670010746
14557	14556	0.0560670010746
14557	14558	0.0560670010746
14558	14557	0.0560670010746
14558	14559	0.0560670010746
14559	14558	0.0560670010746
14559	14560	0.0560670010746
14560	14559	0.0560670010746
14560	14561	0.0560670010746
14561	14560	0.0560670010746
14561	14562	0.0560670010746
14562	14561	0.0560670010746
14562	14563	0.0560670010746
14563	14562	0.0560670010746
14563	14564	0.0560670010746
14564	14563	0.0560670010746
14564	14565	0.0560670010746
14565	14564	0.0560670010746
14565	14566	0.0560670010746
14566	14565	0.0560670010746
14566	14567	0.0560670010746
14567	14566	0.0560670010746
14567	14568	0.0560670010746
14568	14567	0.0560670010746
14568	14569	0.0560670010746
14569	14568	0.0560670010746
14569	14570	0.0560670010746
14570	14569	0.0560670010746
14570	14571	0.0560670010746
14571	14570	0.0560670010746
14571	14572	0.0560670010746
14572	14571	0.0560670010746
14572	14573	0.0560670010746
14573	14572	0.0560670010746
14573	14574	0.0560670010746
14574	14573	0.0560670010746
14574	14575	0.0560670010746
14575	14574	0.0560670010746
14575	14576	0.0400779992342
14575	14591	0.0481844991446
14576	14575	0.0400779992342
14576	14577	0.0400779992342
14577	14576	0.0400779992342
14577	14578	0.0400779992342
14578	14577	0.0400779992342
14578	14579	0.0400779992342
14579	14578	0.0400779992342
14579	14580	0.0400779992342
14580	14579	0.0400779992342
14580	14581	0.0400779992342
14581	14580	0.0400779992342
14581	14582	0.0400779992342
14582	14581	0.0400779992342
14582	14583	0.0400779992342
14583	14582	0.0400779992342
14583	14584	0.0400779992342
14584	14583	0.0400779992342
14584	14585	0.0400779992342
14585	14584	0.0400779992342
14585	14586	0.0400779992342
14586	14585	0.0400779992342
14586	14587	0.0400779992342
14587	14586	0.0400779992342
14587	14588	0.0400779992342
14588	14587	0.0400779992342
14588	14589	0.0400779992342
14589	14588	0.0400779992342
14589	14590	0.0400779992342
14590	14589	0.0400779992342
14591	14575	0.0481844991446
14591	14592	0.0481844991446
14592	14591	0.0481844991446
14592	14593	0.0481844991446
14593	14592	0.0481844991446
14593	14594	0.0481844991446
14594	14593	0.0481844991446
14594	14595	0.0481844991446
14595	14594	0.0481844991446
14595	14596	0.0481844991446
14596	14595	0.0481844991446
14596	14597	0.0481844991446
14597	14596	0.0481844991446
14597	14598	0.0481844991446
14598	14597	0.0481844991446
14598	14599	0.0481844991446
14599	14598	0.0481844991446
14599	14600	0.0481844991446
14600	14599	0.0481844991446
14600	14601	0.0481844991446
14601	14600	0.0481844991446
14601	14602	0.0481844991446
14602	14601	0.0481844991446
14602	14603	0.0481844991446
14603	14602	0.0481844991446
14603	14604	0.0481844991446
14604	14603	0.0481844991446
14604	14605	0.0481844991446
14605	14604	0.0481844991446
14605	14606	0.0481844991446
14606	14605	0.0481844991446
14606	14607	0.0481844991446
14607	14606	0.0481844991446
14607	14608	0.0481844991446
14608	14607	0.0481844991446
14608	14609	0.0481844991446
14609	14608	0.0481844991446
14609	14610	0.0481844991446
14610	14609	0.0481844991446
14610	14611	0.0481844991446
14611	14610	0.0481844991446
14611	14612	0.0481844991446
14612	14611	0.0481844991446
14612	14613	0.0481844991446
14613	14612	0.0481844991446
14613	14614	0.0481844991446
14614	14613	0.0481844991446
14614	14615	0.0481844991446
14615	14614	0.0481844991446
14615	14616	0.0481844991446
14616	14615	0.0481844991446
14616	14617	0.0481844991446
14617	14616	0.0481844991446
14617	14618	0.0481844991446
14618	14617	0.0481844991446
14618	14619	0.0481844991446
14619	14618	0.0481844991446
14619	14620	0.0481844991446
14620	14619	0.0481844991446
14620	14621	0.0481844991446
14621	14620	0.0481844991446
14621	14622	0.0481844991446
14622	14621	0.0481844991446
14622	14623	0.0481844991446
14623	14622	0.0481844991446
14624	14554	0.0289389993995
14624	14625	0.0289389993995
14625	14624	0.0289389993995
14625	14626	0.0289389993995
14626	14625	0.0289389993995
14626	14627	0.0289389993995
14627	14626	0.0289389993995
14627	14628	0.0289389993995
14628	14627	0.0289389993995
14628	14629	0.0289389993995
14629	14628	0.0289389993995
14629	14630	0.0289389993995
14630	14629	0.0289389993995
14631	14480	0.0444734990597
14631	14632	0.0444734990597
14632	14631	0.0444734990597
14632	14633	0.0444734990597
14633	14632	0.0444734990597
14633	14634	0.0444734990597
14634	14633	0.0444734990597
14634	14635	0.0444734990597
14635	14634	0.0444734990597
14635	14636	0.0444734990597
14636	14635	0.0444734990597
14636	14637	0.0444734990597
14637	14636	0.0444734990597
14637	14638	0.0267340000719
14637	14645	0.0409874990582
14638	14637	0.0267340000719
14638	14639	0.0267340000719
14639	14638	0.0267340000719
14639	14640	0.0267340000719
14640	14639	0.0267340000719
14640	14641	0.0267340000719
14641	14640	0.0267340000719
14641	14642	0.0267340000719
14642	14641	0.0267340000719
14642	14643	0.0267340000719
14643	14642	0.0267340000719
14643	14644	0.0267340000719
14644	14643	0.0267340000719
14645	14637	0.0409874990582
14645	14646	0.0409874990582
14646	14645	0.0409874990582
14646	14647	0.0409874990582
14647	14646	0.0409874990582
14647	14648	0.0409874990582
14648	14647	0.0409874990582
14648	14649	0.0409874990582
14649	14648	0.0409874990582
14649	14650	0.0409874990582
14650	14649	0.0409874990582
14650	14651	0.0409874990582
14651	14650	0.0409874990582
14651	14652	0.0409874990582
14652	14651	0.0409874990582
14652	14653	0.0409874990582
14653	14652	0.0409874990582
14653	14654	0.0409874990582
14654	14653	0.0409874990582
14654	14655	0.0409874990582
14655	14654	0.0409874990582
14655	14656	0.0409874990582
14656	14655	0.0409874990582
14656	14657	0.0409874990582
14657	14656	0.0409874990582
14657	14658	0.0409874990582
14658	14657	0.0409874990582
14658	14659	0.0409874990582
14659	14658	0.0409874990582
14659	14660	0.0409874990582
14660	14659	0.0409874990582
14660	14661	0.0409874990582
14661	14660	0.0409874990582
14661	14662	0.0409874990582
14662	14661	0.0409874990582
14662	14663	0.0409874990582
14663	14662	0.0409874990582
14663	14664	0.0409874990582
14664	14663	0.0409874990582
14664	14665	0.0409874990582
14665	14664	0.0409874990582
14665	14666	0.0409874990582
14666	14665	0.0409874990582
14666	14667	0.0409874990582
14667	14666	0.0409874990582
14667	14668	0.0409874990582
14668	14667	0.0409874990582
14668	14669	0.0409874990582
14669	14668	0.0409874990582
14669	14670	0.0409874990582
14670	14669	0.0409874990582
14670	14671	0.0409874990582
14671	14670	0.0409874990582
14671	14672	0.0409874990582
14672	14671	0.0409874990582
14672	14673	0.0409874990582
14673	14672	0.0409874990582
14673	14674	0.0409874990582
14674	14673	0.0409874990582
14674	14675	0.0409874990582
14675	14674	0.0409874990582
14675	14676	0.0409874990582
14676	14675	0.0409874990582
14676	14677	0.0409874990582
14677	14676	0.0409874990582
14677	14678	0.0409874990582
14678	14677	0.0409874990582
14678	14679	0.0409874990582
14679	14678	0.0409874990582
14679	14680	0.0409874990582
14680	14679	0.0409874990582
14680	14681	0.0409874990582
14681	14680	0.0409874990582
14681	14682	0.0409874990582
14682	14681	0.0409874990582
14682	14683	0.0409874990582
14683	14682	0.0409874990582
14683	14684	0.0409874990582
14684	14683	0.0409874990582
14684	14685	0.0409874990582
14685	14684	0.0409874990582
14686	14460	0.030741000548
14686	14687	0.030741000548
14687	14686	0.030741000548
14687	14688	0.030741000548
14688	14687	0.030741000548
14688	14689	0.030741000548
14689	14688	0.030741000548
14689	14690	0.030741000548
14690	14689	0.030741000548
14690	14691	0.030741000548
14691	14690	0.030741000548
14691	14692	0.030741000548
14692	14691	0.030741000548
14692	14693	0.030741000548
14693	14692	0.030741000548
14693	14694	0.030741000548
14694	14693	0.030741000548
14694	14695	0.030741000548
14695	14694	0.030741000548
14695	14696	0.030741000548
14696	14695	0.030741000548
14696	14697	0.030741000548
14697	14696	0.030741000548
14697	14698	0.030741000548
14698	14697	0.030741000548
14698	14699	0.030741000548
14699	14698	0.030741000548
14699	14700	0.030741000548
14700	14699	0.030741000548
14700	14701	0.030741000548
14701	14700	0.030741000548
14701	14702	0.030741000548
14702	14701	0.030741000548
14702	14703	0.030741000548
14703	14702	0.030741000548
14703	14704	0.030741000548
14704	14703	0.030741000548
14704	14705	0.030741000548
14705	14704	0.030741000548
14706	1371	0.0325905010104
14706	14707	0.0325905010104
14707	14706	0.0325905010104
14707	14708	0.0325905010104
14708	14707	0.0325905010104
14708	14709	0.0325905010104
14709	14708	0.0325905010104
14709	14710	0.0325905010104
14710	14709	0.0325905010104
14710	14711	0.0325905010104
14711	14710	0.0325905010104
14711	14712	0.0325905010104
14712	14711	0.0325905010104
14712	14713	0.0325905010104
14713	14712	0.0325905010104
14713	14714	0.0325905010104
14714	14713	0.0325905010104
14714	14715	0.0325905010104
14715	14714	0.0325905010104
14715	14716	0.0325905010104
14716	14715	0.0325905010104
14716	14717	0.0325905010104
14717	14716	0.0325905010104
14717	14718	0.0325905010104
14718	14717	0.0325905010104
14718	14719	0.0325905010104
14719	14718	0.0325905010104
14719	14720	0.0325905010104
14720	14719	0.0325905010104
14720	14721	0.0325905010104
14721	14720	0.0325905010104
14721	14722	0.0325905010104
14722	14721	0.0325905010104
14722	14723	0.0325905010104
14723	14722	0.0325905010104
14723	14724	0.0325905010104
14724	14723	0.0325905010104
14724	14725	0.0325905010104
14725	14724	0.0325905010104
14725	14726	0.0325905010104
14726	14725	0.0325905010104
14726	14727	0.0325905010104
14727	14726	0.0325905010104
14727	14728	0.0325905010104
14728	14727	0.0325905010104
14728	14729	0.0325905010104
14729	14728	0.0325905010104
14729	14730	0.0325905010104
14730	14729	0.0325905010104
14730	14731	0.0325905010104
14731	14730	0.0325905010104
14731	14732	0.0325905010104
14732	14731	0.0325905010104
14732	14733	0.0325905010104
14733	14732	0.0325905010104
14733	14734	0.0325905010104
14734	14733	0.0325905010104
14734	14735	0.0325905010104
14735	14734	0.0325905010104
14735	14736	0.0325905010104
14736	14735	0.0325905010104
14736	14737	0.0325905010104
14737	14736	0.0325905010104
14737	14738	0.0325905010104
14738	14737	0.0325905010104
14739	1346	0.0343405008316
14739	14740	0.0343405008316
14740	14739	0.0343405008316
14740	14741	0.0343405008316
14741	14740	0.0343405008316
14741	14742	0.0343405008316
14742	14741	0.0343405008316
14742	14743	0.0343405008316
14743	14742	0.0343405008316
14743	14744	0.0343405008316
14744	14743	0.0343405008316
14744	14745	0.0343405008316
14745	14744	0.0343405008316
14745	14746	0.0343405008316
14746	14745	0.0343405008316
14746	14747	0.0343405008316
14747	14746	0.0343405008316
14747	14748	0.0343405008316
14748	14747	0.0343405008316
14748	14749	0.0343405008316
14749	14748	0.0343405008316
14749	14750	0.0343405008316
14750	14749	0.0343405008316
14750	14751	0.0343405008316
14751	14750	0.0343405008316
14751	14752	0.0343405008316
14752	14751	0.0343405008316
14752	14753	0.0343405008316
14753	14752	0.0343405008316
14753	14754	0.0343405008316
14754	14753	0.0343405008316
14754	14755	0.0343405008316
14755	14754	0.0343405008316
14755	14756	0.0343405008316
14756	14755	0.0343405008316
14756	14757	0.0343405008316
14757	14756	0.0343405008316
14757	14758	0.0343405008316
14758	14757	0.0343405008316
14758	14759	0.0343405008316
14759	14758	0.0343405008316
14759	14760	0.0343405008316
14760	14759	0.0343405008316
14760	14761	0.0343405008316
14761	14760	0.0343405008316
14761	14762	0.0343405008316
14762	14761	0.0343405008316
14762	14763	0.0343405008316
14763	14762	0.0343405008316
14763	14764	0.0343405008316
14764	14763	0.0343405008316
14764	14765	0.0343405008316
14765	14764	0.0343405008316
14765	14766	0.0343405008316
14766	14765	0.0343405008316
14766	14767	0.0343405008316
14767	14766	0.0343405008316
14767	14768	0.0343405008316
14768	14767	0.0343405008316
14768	14769	0.0343405008316
14769	14768	0.0343405008316
14769	14770	0.0343405008316
14770	14769	0.0343405008316
14770	14771	0.0343405008316
14771	14770	0.0343405008316
14771	14772	0.0343405008316
14772	14771	0.0343405008316
14772	14773	0.0343405008316
14773	14772	0.0343405008316
14773	14774	0.0343405008316
14774	14773	0.0343405008316
14774	14775	0.0343405008316
14775	14774	0.0343405008316
14775	14776	0.0343405008316
14776	14775	0.0343405008316
14776	14777	0.0343405008316
14777	14776	0.0343405008316
14777	14778	0.0343405008316
14778	14777	0.0343405008316
14778	14779	0.0343405008316
14779	14778	0.0343405008316
14779	14780	0.0343405008316
14780	14779	0.0343405008316
14781	1334	0.0304924994707
14781	14782	0.0304924994707
14782	14781	0.0304924994707
14782	14783	0.0304924994707
14783	14782	0.0304924994707
14783	14784	0.0304924994707
14784	14783	0.0304924994707
14784	14785	0.0304924994707
14785	14784	0.0304924994707
14785	14786	0.0304924994707
14786	14785	0.0304924994707
14786	14787	0.0304924994707
14787	14786	0.0304924994707
14787	14788	0.0304924994707
14788	14787	0.0304924994707
14788	14789	0.0304924994707
14789	14788	0.0304924994707
14789	14790	0.0304924994707
14790	14789	0.0304924994707
14790	14791	0.0304924994707
14791	14790	0.0304924994707
14791	14792	0.0304924994707
14792	14791	0.0304924994707
14792	14793	0.0304924994707
14793	14792	0.0304924994707
14793	14794	0.0304924994707
14794	14793	0.0304924994707
14794	14795	0.0304924994707
14795	14794	0.0304924994707
14795	14796	0.0304924994707
14796	14795	0.0304924994707
14796	14797	0.0304924994707
14797	14796	0.0304924994707
14797	14798	0.0304924994707
14798	14797	0.0304924994707
14798	14799	0.0304924994707
14799	14798	0.0304924994707
14799	14800	0.0304924994707
14800	14799	0.0304924994707
14800	14801	0.0304924994707
14801	14800	0.0304924994707
14801	14802	0.0304924994707
14802	14801	0.0304924994707
14802	14803	0.0304924994707
14803	14802	0.0304924994707
14803	14804	0.0304924994707
14804	14803	0.0304924994707
14804	14805	0.0304924994707
14805	14804	0.0304924994707
14805	14806	0.0304924994707
14806	14805	0.0304924994707
14807	1155	0.0654070004821
14807	14808	0.0654070004821
14808	14807	0.0654070004821
14808	14809	0.0654070004821
14809	14808	0.0654070004821
14809	14810	0.0654070004821
14810	14809	0.0654070004821
14810	14811	0.0654070004821
14811	14810	0.0654070004821
14811	14812	0.0654070004821
14812	14811	0.0654070004821
14812	14813	0.0654070004821
14813	14812	0.0654070004821
14813	14814	0.0654070004821
14814	14813	0.0654070004821
14814	14815	0.0654070004821
14815	14814	0.0654070004821
14815	14816	0.0654070004821
14816	14815	0.0654070004821
14816	14817	0.0654070004821
14817	14816	0.0654070004821
14817	14818	0.0654070004821
14818	14817	0.0654070004821
14818	14819	0.0654070004821
14819	14818	0.0654070004821
14819	14820	0.0654070004821
14820	14819	0.0654070004821
14820	14821	0.0654070004821
14821	14820	0.0654070004821
14821	14822	0.0654070004821
14822	14821	0.0654070004821
14822	14823	0.0654070004821
14823	14822	0.0654070004821
14823	14824	0.0654070004821
14824	14823	0.0654070004821
14824	14825	0.0654070004821
14825	14824	0.0654070004821
14825	14826	0.0654070004821
14826	14825	0.0654070004821
14826	14827	0.0654070004821
14827	14826	0.0654070004821
14827	14828	0.0654070004821
14828	14827	0.0654070004821
14828	14829	0.0654070004821
14829	14828	0.0654070004821
14829	14830	0.0654070004821
14830	14829	0.0654070004821
14830	14831	0.0654070004821
14831	14830	0.0654070004821
14831	14832	0.0654070004821
14832	14831	0.0654070004821
14832	14833	0.0654070004821
14833	14832	0.0654070004821
14833	14834	0.0654070004821
14834	14833	0.0654070004821
14834	14835	0.0654070004821
14835	14834	0.0654070004821
14835	14836	0.0654070004821
14836	14835	0.0654070004821
14836	14837	0.0654070004821
14837	14836	0.0654070004821
14837	14838	0.0654070004821
14838	14837	0.0654070004821
14838	14839	0.0654070004821
14839	14838	0.0654070004821
14839	14840	0.0654070004821
14840	14839	0.0654070004821
14840	14841	0.0654070004821
14841	14840	0.0654070004821
14841	14842	0.0654070004821
14842	14841	0.0654070004821
14842	14843	0.0654070004821
14843	14842	0.0654070004821
14843	14844	0.0654070004821
14844	14843	0.0654070004821
14844	14845	0.0654070004821
14845	14844	0.0654070004821
14845	14846	0.0654070004821
14846	14845	0.0654070004821
14846	14847	0.0654070004821
14847	14846	0.0654070004821
14847	14848	0.0654070004821
14848	14847	0.0654070004821
14848	14849	0.0654070004821
14849	14848	0.0654070004821
14849	14850	0.0654070004821
14850	14849	0.0654070004821
14850	14851	0.0654070004821
14851	14850	0.0654070004821
14851	14852	0.0654070004821
14852	14851	0.0654070004821
14852	14853	0.0654070004821
14853	14852	0.0654070004821
14853	14854	0.0654070004821
14854	14853	0.0654070004821
14854	14855	0.0654070004821
14855	14854	0.0654070004821
14855	14856	0.0654070004821
14856	14855	0.0654070004821
14856	14857	0.0654070004821
14857	14856	0.0654070004821
14857	14858	0.0654070004821
14858	14857	0.0654070004821
14858	14859	0.0654070004821
14859	14858	0.0654070004821
14859	14860	0.0654070004821
14860	14859	0.0654070004821
14860	14861	0.0654070004821
14861	14860	0.0654070004821
14861	14862	0.0654070004821
14862	14861	0.0654070004821
14862	14863	0.0411950014532
14862	14902	0.0594304986298
14863	14862	0.0411950014532
14863	14864	0.0411950014532
14864	14863	0.0411950014532
14864	14865	0.0393495000899
14864	14900	0.0207870006561
14865	14864	0.0393495000899
14865	14866	0.0393495000899
14866	14865	0.0393495000899
14866	14867	0.0393495000899
14867	14866	0.0393495000899
14867	14868	0.0393495000899
14868	14867	0.0393495000899
14868	14869	0.0393495000899
14869	14868	0.0393495000899
14869	14870	0.0393495000899
14870	14869	0.0393495000899
14870	14871	0.0393495000899
14871	14870	0.0393495000899
14871	14872	0.0393495000899
14872	14871	0.0393495000899
14872	14873	0.0393495000899
14873	14872	0.0393495000899
14873	14874	0.0393495000899
14874	14873	0.0393495000899
14874	14875	0.0393495000899
14875	14874	0.0393495000899
14875	14876	0.0393495000899
14876	14875	0.0393495000899
14876	14877	0.0393495000899
14877	14876	0.0393495000899
14877	14878	0.0393495000899
14878	14877	0.0393495000899
14878	14879	0.0393495000899
14879	14878	0.0393495000899
14879	14880	0.0393495000899
14880	14879	0.0393495000899
14880	14881	0.0393495000899
14881	14880	0.0393495000899
14881	14882	0.0393495000899
14882	14881	0.0393495000899
14882	14883	0.0393495000899
14883	14882	0.0393495000899
14883	14884	0.0393495000899
14884	14883	0.0393495000899
14884	14885	0.0393495000899
14885	14884	0.0393495000899
14885	14886	0.0393495000899
14886	14885	0.0393495000899
14886	14887	0.0393495000899
14887	14886	0.0393495000899
14887	14888	0.0393495000899
14888	14887	0.0393495000899
14888	14889	0.0393495000899
14889	14888	0.0393495000899
14889	14890	0.0393495000899
14890	14889	0.0393495000899
14890	14891	0.0393495000899
14891	14890	0.0393495000899
14891	14892	0.0393495000899
14892	14891	0.0393495000899
14892	14893	0.0393495000899
14893	14892	0.0393495000899
14893	14894	0.0393495000899
14894	14893	0.0393495000899
14894	14895	0.0393495000899
14895	14894	0.0393495000899
14895	14896	0.0393495000899
14896	14895	0.0393495000899
14896	14897	0.0393495000899
14897	14896	0.0393495000899
14897	14898	0.0393495000899
14898	14897	0.0393495000899
14898	14899	0.0393495000899
14899	14898	0.0393495000899
14900	14864	0.0207870006561
14900	14901	0.0207870006561
14901	14900	0.0207870006561
14902	14862	0.0594304986298
14902	14903	0.0594304986298
14903	14902	0.0594304986298
14903	14904	0.0594304986298
14904	14903	0.0594304986298
14904	14905	0.0594304986298
14905	14904	0.0594304986298
14905	14906	0.0594304986298
14906	14905	0.0594304986298
14906	14907	0.0594304986298
14907	14906	0.0594304986298
14907	14908	0.0594304986298
14908	14907	0.0594304986298
14908	14909	0.0594304986298
14909	14908	0.0594304986298
14909	14910	0.0594304986298
14910	14909	0.0594304986298
14910	14911	0.0594304986298
14911	14910	0.0594304986298
14911	14912	0.0594304986298
14912	14911	0.0594304986298
14912	14913	0.0594304986298
14913	14912	0.0594304986298
14913	14914	0.0594304986298
14914	14913	0.0594304986298
14914	14915	0.0594304986298
14915	14914	0.0594304986298
14915	14916	0.0594304986298
14916	14915	0.0594304986298
14916	14917	0.0594304986298
14917	14916	0.0594304986298
14917	14918	0.0594304986298
14918	14917	0.0594304986298
14918	14919	0.0594304986298
14919	14918	0.0594304986298
14919	14920	0.0594304986298
14920	14919	0.0594304986298
14920	14921	0.0594304986298
14921	14920	0.0594304986298
14921	14922	0.0594304986298
14922	14921	0.0594304986298
14922	14923	0.0594304986298
14923	14922	0.0594304986298
14923	14924	0.0594304986298
14924	14923	0.0594304986298
14924	14925	0.0594304986298
14925	14924	0.0594304986298
14925	14926	0.0594304986298
14926	14925	0.0594304986298
14926	14927	0.0549814999104
14926	14993	0.0352234989405
14927	14926	0.0549814999104
14927	14928	0.0549814999104
14928	14927	0.0549814999104
14928	14929	0.0549814999104
14929	14928	0.0549814999104
14929	14930	0.0549814999104
14930	14929	0.0549814999104
14930	14931	0.0549814999104
14931	14930	0.0549814999104
14931	14932	0.0549814999104
14932	14931	0.0549814999104
14932	14933	0.0549814999104
14933	14932	0.0549814999104
14933	14934	0.0549814999104
14934	14933	0.0549814999104
14934	14935	0.0549814999104
14935	14934	0.0549814999104
14935	14936	0.0549814999104
14936	14935	0.0549814999104
14936	14937	0.0549814999104
14937	14936	0.0549814999104
14937	14938	0.0549814999104
14938	14937	0.0549814999104
14938	14939	0.0549814999104
14939	14938	0.0549814999104
14939	14940	0.0549814999104
14940	14939	0.0549814999104
14940	14941	0.0549814999104
14941	14940	0.0549814999104
14941	14942	0.0549814999104
14942	14941	0.0549814999104
14942	14943	0.0549814999104
14943	14942	0.0549814999104
14943	14944	0.0549814999104
14944	14943	0.0549814999104
14944	14945	0.0549814999104
14945	14944	0.0549814999104
14945	14946	0.0549814999104
14946	14945	0.0549814999104
14946	14947	0.0358919985592
14946	14957	0.0493200011551
14947	14946	0.0358919985592
14947	14948	0.0358919985592
14948	14947	0.0358919985592
14948	14949	0.0358919985592
14949	14948	0.0358919985592
14949	14950	0.0358919985592
14950	14949	0.0358919985592
14950	14951	0.0358919985592
14951	14950	0.0358919985592
14951	14952	0.0358919985592
14952	14951	0.0358919985592
14952	14953	0.0358919985592
14953	14952	0.0358919985592
14953	14954	0.0358919985592
14954	14953	0.0358919985592
14954	14955	0.0358919985592
14955	14954	0.0358919985592
14955	14956	0.0358919985592
14956	14955	0.0358919985592
14957	14946	0.0493200011551
14957	14958	0.0493200011551
14958	14957	0.0493200011551
14958	14959	0.0493200011551
14959	14958	0.0493200011551
14959	14960	0.0493200011551
14960	14959	0.0493200011551
14960	14961	0.0493200011551
14961	14960	0.0493200011551
14961	14962	0.0493200011551
14962	14961	0.0493200011551
14962	14963	0.0493200011551
14963	14962	0.0493200011551
14963	14964	0.0493200011551
14964	14963	0.0493200011551
14964	14965	0.0493200011551
14965	14964	0.0493200011551
14965	14966	0.0493200011551
14966	14965	0.0493200011551
14966	14967	0.0493200011551
14967	14966	0.0493200011551
14967	14968	0.0493200011551
14968	14967	0.0493200011551
14968	14969	0.0493200011551
14969	14968	0.0493200011551
14969	14970	0.0493200011551
14970	14969	0.0493200011551
14970	14971	0.0493200011551
14971	14970	0.0493200011551
14971	14972	0.0493200011551
14972	14971	0.0493200011551
14972	14973	0.0493200011551
14973	14972	0.0493200011551
14973	14974	0.0493200011551
14974	14973	0.0493200011551
14974	14975	0.0493200011551
14975	14974	0.0493200011551
14975	14976	0.0493200011551
14976	14975	0.0493200011551
14976	14977	0.0493200011551
14977	14976	0.0493200011551
14977	14978	0.0493200011551
14978	14977	0.0493200011551
14978	14979	0.0493200011551
14979	14978	0.0493200011551
14979	14980	0.0493200011551
14980	14979	0.0493200011551
14980	14981	0.0493200011551
14981	14980	0.0493200011551
14981	14982	0.0493200011551
14982	14981	0.0493200011551
14982	14983	0.0493200011551
14983	14982	0.0493200011551
14983	14984	0.0493200011551
14984	14983	0.0493200011551
14984	14985	0.0493200011551
14985	14984	0.0493200011551
14985	14986	0.0493200011551
14986	14985	0.0493200011551
14986	14987	0.0493200011551
14987	14986	0.0493200011551
14987	14988	0.0493200011551
14988	14987	0.0493200011551
14988	14989	0.0493200011551
14989	14988	0.0493200011551
14989	14990	0.0493200011551
14990	14989	0.0493200011551
14990	14991	0.0493200011551
14991	14990	0.0493200011551
14991	14992	0.0493200011551
14992	14991	0.0493200011551
14993	14926	0.0352234989405
14993	14994	0.0352234989405
14994	14993	0.0352234989405
14994	14995	0.0352234989405
14995	14994	0.0352234989405
14995	14996	0.0352234989405
14996	14995	0.0352234989405
14996	14997	0.0352234989405
14997	14996	0.0352234989405
14997	14998	0.0352234989405
14998	14997	0.0352234989405
14998	14999	0.0352234989405
14999	14998	0.0352234989405
14999	15000	0.0352234989405
15000	14999	0.0352234989405
15000	15001	0.0352234989405
15001	15000	0.0352234989405
15001	15002	0.0352234989405
15002	15001	0.0352234989405
15002	15003	0.0352234989405
15003	15002	0.0352234989405
15003	15004	0.0352234989405
15004	15003	0.0352234989405
15004	15005	0.0352234989405
15005	15004	0.0352234989405
15005	15006	0.0352234989405
15006	15005	0.0352234989405
15006	15007	0.0352234989405
15007	15006	0.0352234989405
15007	15008	0.0352234989405
15008	15007	0.0352234989405
