0	1	0.411565005779
1	0	0.411565005779
1	2	0.411565005779
2	1	0.411565005779
2	3	0.411565005779
3	2	0.411565005779
3	4	0.411565005779
4	3	0.411565005779
4	5	0.411565005779
5	4	0.411565005779
5	6	0.411565005779
6	5	0.411565005779
6	7	0.411565005779
7	6	0.411565005779
7	8	0.411565005779
8	7	0.411565005779
8	9	0.411565005779
9	8	0.411565005779
9	10	0.411565005779
10	9	0.411565005779
10	11	0.411565005779
11	10	0.411565005779
11	12	0.411565005779
12	11	0.411565005779
12	13	0.411565005779
13	12	0.411565005779
13	14	0.411565005779
14	13	0.411565005779
14	15	0.411565005779
15	14	0.411565005779
15	16	0.411565005779
16	15	0.411565005779
16	17	0.411565005779
17	16	0.411565005779
17	18	0.411565005779
18	17	0.411565005779
18	19	0.411565005779
19	18	0.411565005779
19	20	0.411565005779
20	19	0.411565005779
20	21	0.411565005779
21	20	0.411565005779
21	22	0.411565005779
22	21	0.411565005779
22	23	0.411565005779
23	22	0.411565005779
23	24	0.411565005779
24	23	0.411565005779
24	25	0.411565005779
25	24	0.411565005779
25	26	0.411565005779
26	25	0.411565005779
26	27	0.411565005779
27	26	0.411565005779
27	28	0.411565005779
28	27	0.411565005779
28	29	0.411565005779
29	28	0.411565005779
29	30	0.411565005779
30	29	0.411565005779
30	31	0.411565005779
31	30	0.411565005779
31	32	0.411565005779
32	31	0.411565005779
32	33	0.411565005779
33	32	0.411565005779
33	34	0.411565005779
34	33	0.411565005779
34	35	0.411565005779
35	34	0.411565005779
35	36	0.411565005779
36	35	0.411565005779
36	37	0.411565005779
37	36	0.411565005779
37	38	0.411565005779
38	37	0.411565005779
38	39	0.411565005779
39	38	0.411565005779
39	40	0.411565005779
40	39	0.411565005779
40	41	0.411565005779
41	40	0.411565005779
41	42	0.411565005779
42	41	0.411565005779
42	43	0.411565005779
43	42	0.411565005779
43	44	0.411565005779
44	43	0.411565005779
44	45	0.411565005779
45	44	0.411565005779
45	46	0.411565005779
46	45	0.411565005779
46	47	0.411565005779
47	46	0.411565005779
47	48	0.411565005779
48	47	0.411565005779
48	49	0.411565005779
49	48	0.411565005779
49	50	0.411565005779
50	49	0.411565005779
50	51	0.411565005779
51	50	0.411565005779
51	52	0.411565005779
52	51	0.411565005779
52	53	0.411565005779
53	52	0.411565005779
53	54	0.411565005779
54	53	0.411565005779
54	55	0.411565005779
55	54	0.411565005779
55	56	0.411565005779
56	55	0.411565005779
56	57	0.411565005779
57	56	0.411565005779
57	58	0.411565005779
58	57	0.411565005779
58	59	0.411565005779
59	58	0.411565005779
59	60	0.411565005779
60	59	0.411565005779
60	61	0.411565005779
61	60	0.411565005779
61	62	0.34851500392
61	8985	0.301407009363
62	61	0.34851500392
62	63	0.34851500392
63	62	0.34851500392
63	64	0.34851500392
64	63	0.34851500392
64	65	0.34851500392
65	64	0.34851500392
65	66	0.34851500392
66	65	0.34851500392
66	67	0.34851500392
67	66	0.34851500392
67	68	0.34851500392
68	67	0.34851500392
68	69	0.34851500392
69	68	0.34851500392
69	70	0.34851500392
70	69	0.34851500392
70	71	0.34851500392
71	70	0.34851500392
71	72	0.34851500392
72	71	0.34851500392
72	73	0.34851500392
73	72	0.34851500392
73	74	0.34851500392
74	73	0.34851500392
74	75	0.34851500392
75	74	0.34851500392
75	76	0.34851500392
76	75	0.34851500392
76	77	0.34851500392
77	76	0.34851500392
77	78	0.0504964999855
77	130	0.348161488771
78	77	0.0504964999855
78	79	0.0504964999855
79	78	0.0504964999855
79	80	0.0504964999855
80	79	0.0504964999855
80	81	0.0504964999855
81	80	0.0504964999855
81	82	0.0504964999855
82	81	0.0504964999855
82	83	0.0504964999855
83	82	0.0504964999855
83	84	0.0504964999855
84	83	0.0504964999855
84	85	0.0504964999855
85	84	0.0504964999855
85	86	0.0504964999855
86	85	0.0504964999855
86	87	0.0504964999855
87	86	0.0504964999855
87	88	0.0504964999855
88	87	0.0504964999855
88	89	0.0504964999855
89	88	0.0504964999855
89	90	0.0504964999855
90	89	0.0504964999855
90	91	0.0504964999855
91	90	0.0504964999855
91	92	0.0504964999855
92	91	0.0504964999855
92	93	0.0504964999855
93	92	0.0504964999855
93	94	0.0504964999855
94	93	0.0504964999855
94	95	0.0403570011258
94	113	0.0397974997759
95	94	0.0403570011258
95	96	0.0403570011258
96	95	0.0403570011258
96	97	0.0403570011258
97	96	0.0403570011258
97	98	0.0403570011258
98	97	0.0403570011258
98	99	0.0403570011258
99	98	0.0403570011258
99	100	0.0403570011258
100	99	0.0403570011258
100	101	0.0403570011258
101	100	0.0403570011258
101	102	0.0403570011258
102	101	0.0403570011258
102	103	0.0403570011258
103	102	0.0403570011258
103	104	0.0403570011258
104	103	0.0403570011258
104	105	0.0403570011258
105	104	0.0403570011258
105	106	0.0403570011258
106	105	0.0403570011258
106	107	0.0403570011258
107	106	0.0403570011258
107	108	0.0403570011258
108	107	0.0403570011258
108	109	0.0403570011258
109	108	0.0403570011258
109	110	0.0403570011258
110	109	0.0403570011258
110	111	0.0403570011258
111	110	0.0403570011258
111	112	0.0403570011258
112	111	0.0403570011258
113	94	0.0397974997759
113	114	0.0397974997759
114	113	0.0397974997759
114	115	0.0397974997759
115	114	0.0397974997759
115	116	0.0397974997759
116	115	0.0397974997759
116	117	0.0397974997759
117	116	0.0397974997759
117	118	0.0397974997759
118	117	0.0397974997759
118	119	0.0397974997759
119	118	0.0397974997759
119	120	0.0397974997759
120	119	0.0397974997759
120	121	0.0397974997759
121	120	0.0397974997759
121	122	0.0397974997759
122	121	0.0397974997759
122	123	0.0397974997759
123	122	0.0397974997759
123	124	0.0397974997759
124	123	0.0397974997759
124	125	0.0397974997759
125	124	0.0397974997759
125	126	0.0397974997759
126	125	0.0397974997759
126	127	0.0397974997759
127	126	0.0397974997759
127	128	0.0397974997759
128	127	0.0397974997759
128	129	0.0397974997759
129	128	0.0397974997759
130	77	0.348161488771
130	131	0.348161488771
131	130	0.348161488771
131	132	0.348161488771
132	131	0.348161488771
132	133	0.348161488771
133	132	0.348161488771
133	134	0.348161488771
134	133	0.348161488771
134	135	0.348161488771
135	134	0.348161488771
135	136	0.348161488771
136	135	0.348161488771
136	137	0.348161488771
137	136	0.348161488771
137	138	0.348161488771
138	137	0.348161488771
138	139	0.348161488771
139	138	0.348161488771
139	140	0.348161488771
140	139	0.348161488771
140	141	0.348161488771
141	140	0.348161488771
141	142	0.348161488771
142	141	0.348161488771
142	143	0.348161488771
143	142	0.348161488771
143	144	0.348161488771
144	143	0.348161488771
144	145	0.348161488771
145	144	0.348161488771
145	146	0.0375984981656
145	169	0.348015010357
146	145	0.0375984981656
146	147	0.0375984981656
147	146	0.0375984981656
147	148	0.0375984981656
148	147	0.0375984981656
148	149	0.0375984981656
149	148	0.0375984981656
149	150	0.0375984981656
150	149	0.0375984981656
150	151	0.0375984981656
151	150	0.0375984981656
151	152	0.0375984981656
152	151	0.0375984981656
152	153	0.0375984981656
153	152	0.0375984981656
153	154	0.0375984981656
154	153	0.0375984981656
154	155	0.0375984981656
155	154	0.0375984981656
155	156	0.0375984981656
156	155	0.0375984981656
156	157	0.0375984981656
157	156	0.0375984981656
157	158	0.0375984981656
158	157	0.0375984981656
158	159	0.0375984981656
159	158	0.0375984981656
159	160	0.0375984981656
160	159	0.0375984981656
160	161	0.0375984981656
161	160	0.0375984981656
161	162	0.0375984981656
162	161	0.0375984981656
162	163	0.0375984981656
163	162	0.0375984981656
163	164	0.0375984981656
164	163	0.0375984981656
164	165	0.0375984981656
165	164	0.0375984981656
165	166	0.0375984981656
166	165	0.0375984981656
166	167	0.0375984981656
167	166	0.0375984981656
167	168	0.0375984981656
168	167	0.0375984981656
169	145	0.348015010357
169	170	0.348015010357
170	169	0.348015010357
170	171	0.348015010357
171	170	0.348015010357
171	172	0.348015010357
172	171	0.348015010357
172	173	0.348015010357
173	172	0.348015010357
173	174	0.348015010357
174	173	0.348015010357
174	175	0.348015010357
175	174	0.348015010357
175	176	0.348015010357
176	175	0.348015010357
176	177	0.347835510969
176	8954	0.0402470007539
177	176	0.347835510969
177	178	0.347835510969
178	177	0.347835510969
178	179	0.347835510969
179	178	0.347835510969
179	180	0.347835510969
180	179	0.347835510969
180	181	0.347835510969
181	180	0.347835510969
181	182	0.347835510969
182	181	0.347835510969
182	183	0.347835510969
183	182	0.347835510969
183	184	0.347835510969
184	183	0.347835510969
184	185	0.347046494484
184	8838	0.0658719986677
185	184	0.347046494484
185	186	0.347046494484
186	185	0.347046494484
186	187	0.347046494484
187	186	0.347046494484
187	188	0.347046494484
188	187	0.347046494484
188	189	0.347046494484
189	188	0.347046494484
189	190	0.347046494484
190	189	0.347046494484
190	191	0.347046494484
191	190	0.347046494484
191	192	0.347046494484
192	191	0.347046494484
192	193	0.0465390011668
192	247	0.346767008305
193	192	0.0465390011668
193	194	0.0465390011668
194	193	0.0465390011668
194	195	0.0465390011668
195	194	0.0465390011668
195	196	0.0465390011668
196	195	0.0465390011668
196	197	0.0465390011668
197	196	0.0465390011668
197	198	0.0465390011668
198	197	0.0465390011668
198	199	0.0465390011668
199	198	0.0465390011668
199	200	0.0465390011668
200	199	0.0465390011668
200	201	0.0465390011668
201	200	0.0465390011668
201	202	0.0465390011668
202	201	0.0465390011668
202	203	0.0465390011668
203	202	0.0465390011668
203	204	0.0465390011668
204	203	0.0465390011668
204	205	0.0465390011668
205	204	0.0465390011668
205	206	0.0465390011668
206	205	0.0465390011668
206	207	0.0465390011668
207	206	0.0465390011668
207	208	0.0465390011668
208	207	0.0465390011668
208	209	0.0465390011668
209	208	0.0465390011668
209	210	0.0465390011668
210	209	0.0465390011668
210	211	0.0465390011668
211	210	0.0465390011668
211	212	0.0465390011668
212	211	0.0465390011668
212	213	0.0465390011668
213	212	0.0465390011668
213	214	0.0465390011668
214	213	0.0465390011668
214	215	0.0465390011668
215	214	0.0465390011668
215	216	0.0465390011668
216	215	0.0465390011668
216	217	0.0465390011668
217	216	0.0465390011668
217	218	0.0465390011668
218	217	0.0465390011668
218	219	0.0465390011668
219	218	0.0465390011668
219	220	0.0465390011668
220	219	0.0465390011668
220	221	0.0465390011668
221	220	0.0465390011668
221	222	0.0465390011668
222	221	0.0465390011668
222	223	0.0465390011668
223	222	0.0465390011668
223	224	0.0465390011668
224	223	0.0465390011668
224	225	0.0465390011668
225	224	0.0465390011668
225	226	0.0465390011668
226	225	0.0465390011668
226	227	0.0465390011668
227	226	0.0465390011668
227	228	0.0465390011668
228	227	0.0465390011668
228	229	0.0465390011668
229	228	0.0465390011668
229	230	0.0465390011668
230	229	0.0465390011668
230	231	0.0465390011668
231	230	0.0465390011668
231	232	0.0465390011668
232	231	0.0465390011668
232	233	0.0465390011668
233	232	0.0465390011668
233	234	0.0465390011668
234	233	0.0465390011668
234	235	0.0465390011668
235	234	0.0465390011668
235	236	0.0465390011668
236	235	0.0465390011668
236	237	0.0465390011668
237	236	0.0465390011668
237	238	0.0465390011668
238	237	0.0465390011668
238	239	0.0465390011668
239	238	0.0465390011668
239	240	0.0465390011668
240	239	0.0465390011668
240	241	0.0465390011668
241	240	0.0465390011668
241	242	0.0465390011668
242	241	0.0465390011668
242	243	0.0465390011668
243	242	0.0465390011668
243	244	0.0465390011668
244	243	0.0465390011668
244	245	0.0465390011668
245	244	0.0465390011668
245	246	0.0465390011668
246	245	0.0465390011668
247	192	0.346767008305
247	248	0.346767008305
248	247	0.346767008305
248	249	0.346767008305
249	248	0.346767008305
249	250	0.346767008305
250	249	0.346767008305
250	251	0.346767008305
251	250	0.346767008305
251	252	0.346767008305
252	251	0.346767008305
252	253	0.346767008305
253	252	0.346767008305
253	254	0.346767008305
254	253	0.346767008305
254	255	0.0650269985199
254	378	0.346003502607
255	254	0.0650269985199
255	256	0.0650269985199
256	255	0.0650269985199
256	257	0.0650269985199
257	256	0.0650269985199
257	258	0.0650269985199
258	257	0.0650269985199
258	259	0.0650269985199
259	258	0.0650269985199
259	260	0.0650269985199
260	259	0.0650269985199
260	261	0.0650269985199
261	260	0.0650269985199
261	262	0.0650269985199
262	261	0.0650269985199
262	263	0.0650269985199
263	262	0.0650269985199
263	264	0.0650269985199
264	263	0.0650269985199
264	265	0.0650269985199
265	264	0.0650269985199
265	266	0.0650269985199
266	265	0.0650269985199
266	267	0.0650269985199
267	266	0.0650269985199
267	268	0.0650269985199
268	267	0.0650269985199
268	269	0.0650269985199
269	268	0.0650269985199
269	270	0.0650269985199
270	269	0.0650269985199
270	271	0.0650269985199
271	270	0.0650269985199
271	272	0.0650269985199
272	271	0.0650269985199
272	273	0.0650269985199
273	272	0.0650269985199
273	274	0.0650269985199
274	273	0.0650269985199
274	275	0.0650269985199
275	274	0.0650269985199
275	276	0.0650269985199
276	275	0.0650269985199
276	277	0.0650269985199
277	276	0.0650269985199
277	278	0.0650269985199
278	277	0.0650269985199
278	279	0.0650269985199
279	278	0.0650269985199
279	280	0.0650269985199
280	279	0.0650269985199
280	281	0.0650269985199
281	280	0.0650269985199
281	282	0.0650269985199
282	281	0.0650269985199
282	283	0.0650269985199
283	282	0.0650269985199
283	284	0.0650269985199
284	283	0.0650269985199
284	285	0.0650269985199
285	284	0.0650269985199
285	286	0.0650269985199
286	285	0.0650269985199
286	287	0.0650269985199
287	286	0.0650269985199
287	288	0.0650269985199
288	287	0.0650269985199
288	289	0.0650269985199
289	288	0.0650269985199
289	290	0.0650269985199
290	289	0.0650269985199
290	291	0.0650269985199
291	290	0.0650269985199
291	292	0.0650269985199
292	291	0.0650269985199
292	293	0.0650269985199
293	292	0.0650269985199
293	294	0.0650269985199
294	293	0.0650269985199
294	295	0.0650269985199
295	294	0.0650269985199
295	296	0.0650269985199
296	295	0.0650269985199
296	297	0.0650269985199
297	296	0.0650269985199
297	298	0.0650269985199
298	297	0.0650269985199
298	299	0.0650269985199
299	298	0.0650269985199
299	300	0.0650269985199
300	299	0.0650269985199
300	301	0.0650269985199
301	300	0.0650269985199
301	302	0.0650269985199
302	301	0.0650269985199
302	303	0.0650269985199
303	302	0.0650269985199
303	304	0.0650269985199
304	303	0.0650269985199
304	305	0.0650269985199
305	304	0.0650269985199
305	306	0.0650269985199
306	305	0.0650269985199
306	307	0.0650269985199
307	306	0.0650269985199
307	308	0.0650269985199
308	307	0.0650269985199
308	309	0.0650269985199
309	308	0.0650269985199
309	310	0.0650269985199
310	309	0.0650269985199
310	311	0.0650269985199
311	310	0.0650269985199
311	312	0.0650269985199
312	311	0.0650269985199
312	313	0.0650269985199
313	312	0.0650269985199
313	314	0.0650269985199
314	313	0.0650269985199
314	315	0.0650269985199
315	314	0.0650269985199
315	316	0.0650269985199
316	315	0.0650269985199
316	317	0.0650269985199
317	316	0.0650269985199
317	318	0.0650269985199
318	317	0.0650269985199
318	319	0.0650269985199
319	318	0.0650269985199
319	320	0.0650269985199
320	319	0.0650269985199
320	321	0.0650269985199
321	320	0.0650269985199
321	322	0.0650269985199
322	321	0.0650269985199
322	323	0.0650269985199
323	322	0.0650269985199
323	324	0.0650269985199
324	323	0.0650269985199
324	325	0.0650269985199
325	324	0.0650269985199
325	326	0.0586744993925
325	368	0.0417869985104
326	325	0.0586744993925
326	327	0.0586744993925
327	326	0.0586744993925
327	328	0.0586744993925
328	327	0.0586744993925
328	329	0.0586744993925
329	328	0.0586744993925
329	330	0.0586744993925
330	329	0.0586744993925
330	331	0.0586744993925
331	330	0.0586744993925
331	332	0.0586744993925
332	331	0.0586744993925
332	333	0.0586744993925
333	332	0.0586744993925
333	334	0.0586744993925
334	333	0.0586744993925
334	335	0.0586744993925
335	334	0.0586744993925
335	336	0.0586744993925
336	335	0.0586744993925
336	337	0.0586744993925
337	336	0.0586744993925
337	338	0.0586744993925
338	337	0.0586744993925
338	339	0.0586744993925
339	338	0.0586744993925
339	340	0.0586744993925
340	339	0.0586744993925
340	341	0.0586744993925
341	340	0.0586744993925
341	342	0.0586744993925
342	341	0.0586744993925
342	343	0.0586744993925
343	342	0.0586744993925
343	344	0.0586744993925
344	343	0.0586744993925
344	345	0.0586744993925
345	344	0.0586744993925
345	346	0.0586744993925
346	345	0.0586744993925
346	347	0.0586744993925
347	346	0.0586744993925
347	348	0.0586744993925
348	347	0.0586744993925
348	349	0.0586744993925
349	348	0.0586744993925
349	350	0.0586744993925
350	349	0.0586744993925
350	351	0.0586744993925
351	350	0.0586744993925
351	352	0.0586744993925
352	351	0.0586744993925
352	353	0.0586744993925
353	352	0.0586744993925
353	354	0.0586744993925
354	353	0.0586744993925
354	355	0.0586744993925
355	354	0.0586744993925
355	356	0.0586744993925
356	355	0.0586744993925
356	357	0.0586744993925
357	356	0.0586744993925
357	358	0.0586744993925
358	357	0.0586744993925
358	359	0.0586744993925
359	358	0.0586744993925
359	360	0.0586744993925
360	359	0.0586744993925
360	361	0.0586744993925
361	360	0.0586744993925
361	362	0.0586744993925
362	361	0.0586744993925
362	363	0.0586744993925
363	362	0.0586744993925
363	364	0.0586744993925
364	363	0.0586744993925
364	365	0.0586744993925
365	364	0.0586744993925
365	366	0.0586744993925
366	365	0.0586744993925
366	367	0.0586744993925
367	366	0.0586744993925
368	325	0.0417869985104
368	369	0.0417869985104
369	368	0.0417869985104
369	370	0.0417869985104
370	369	0.0417869985104
370	371	0.0417869985104
371	370	0.0417869985104
371	372	0.0417869985104
372	371	0.0417869985104
372	373	0.0417869985104
373	372	0.0417869985104
373	374	0.0417869985104
374	373	0.0417869985104
374	375	0.0417869985104
375	374	0.0417869985104
375	376	0.0417869985104
376	375	0.0417869985104
376	377	0.0417869985104
377	376	0.0417869985104
378	254	0.346003502607
378	379	0.346003502607
379	378	0.346003502607
379	380	0.346003502607
380	379	0.346003502607
380	381	0.346003502607
381	380	0.346003502607
381	382	0.346003502607
382	381	0.346003502607
382	383	0.346003502607
383	382	0.346003502607
383	384	0.346003502607
384	383	0.346003502607
384	385	0.346003502607
385	384	0.346003502607
385	386	0.346003502607
386	385	0.346003502607
386	387	0.346003502607
387	386	0.346003502607
387	388	0.346003502607
388	387	0.346003502607
388	389	0.346003502607
389	388	0.346003502607
389	390	0.346003502607
390	389	0.346003502607
390	391	0.346003502607
391	390	0.346003502607
391	392	0.346003502607
392	391	0.346003502607
392	393	0.346003502607
393	392	0.346003502607
393	394	0.346003502607
394	393	0.346003502607
394	395	0.346003502607
395	394	0.346003502607
395	396	0.346003502607
396	395	0.346003502607
396	397	0.346003502607
397	396	0.346003502607
397	398	0.346003502607
398	397	0.346003502607
398	399	0.346003502607
399	398	0.346003502607
399	400	0.346003502607
400	399	0.346003502607
400	401	0.346003502607
401	400	0.346003502607
401	402	0.346003502607
402	401	0.346003502607
402	403	0.346003502607
403	402	0.346003502607
403	404	0.346003502607
404	403	0.346003502607
404	405	0.346003502607
405	404	0.346003502607
405	406	0.346003502607
406	405	0.346003502607
406	407	0.346003502607
407	406	0.346003502607
407	408	0.346003502607
408	407	0.346003502607
408	409	0.346003502607
409	408	0.346003502607
409	410	0.346003502607
410	409	0.346003502607
410	411	0.346003502607
411	410	0.346003502607
411	412	0.346003502607
412	411	0.346003502607
412	413	0.346003502607
413	412	0.346003502607
413	414	0.346003502607
414	413	0.346003502607
414	415	0.346003502607
415	414	0.346003502607
415	416	0.346003502607
416	415	0.346003502607
416	417	0.346003502607
417	416	0.346003502607
417	418	0.346003502607
418	417	0.346003502607
418	419	0.346003502607
419	418	0.346003502607
419	420	0.346003502607
420	419	0.346003502607
420	421	0.346003502607
421	420	0.346003502607
421	422	0.346003502607
422	421	0.346003502607
422	423	0.346003502607
423	422	0.346003502607
423	424	0.346003502607
424	423	0.346003502607
424	425	0.346003502607
425	424	0.346003502607
425	426	0.346003502607
426	425	0.346003502607
426	427	0.346003502607
427	426	0.346003502607
427	428	0.346003502607
428	427	0.346003502607
428	429	0.346003502607
429	428	0.346003502607
429	430	0.346003502607
430	429	0.346003502607
430	431	0.346003502607
431	430	0.346003502607
431	432	0.346003502607
432	431	0.346003502607
432	433	0.346003502607
433	432	0.346003502607
433	434	0.346003502607
434	433	0.346003502607
434	435	0.346003502607
435	434	0.346003502607
435	436	0.346003502607
436	435	0.346003502607
436	437	0.346003502607
437	436	0.346003502607
437	438	0.346003502607
438	437	0.346003502607
438	439	0.346003502607
439	438	0.346003502607
439	440	0.346003502607
440	439	0.346003502607
440	441	0.346003502607
441	440	0.346003502607
441	442	0.0902250036597
441	688	0.343946009874
442	441	0.0902250036597
442	443	0.0902250036597
443	442	0.0902250036597
443	444	0.0902250036597
444	443	0.0902250036597
444	445	0.0902250036597
445	444	0.0902250036597
445	446	0.0902250036597
446	445	0.0902250036597
446	447	0.0902250036597
447	446	0.0902250036597
447	448	0.0902250036597
448	447	0.0902250036597
448	449	0.0902250036597
449	448	0.0902250036597
449	450	0.0902250036597
450	449	0.0902250036597
450	451	0.0902250036597
451	450	0.0902250036597
451	452	0.0902250036597
452	451	0.0902250036597
452	453	0.0902250036597
453	452	0.0902250036597
453	454	0.0902250036597
454	453	0.0902250036597
454	455	0.0902250036597
455	454	0.0902250036597
455	456	0.0902250036597
456	455	0.0902250036597
456	457	0.0902250036597
457	456	0.0902250036597
457	458	0.0902250036597
458	457	0.0902250036597
458	459	0.0902250036597
459	458	0.0902250036597
459	460	0.0902250036597
460	459	0.0902250036597
460	461	0.0902250036597
461	460	0.0902250036597
461	462	0.0902250036597
462	461	0.0902250036597
462	463	0.0902250036597
463	462	0.0902250036597
463	464	0.0902250036597
464	463	0.0902250036597
464	465	0.0809220001101
464	621	0.0589229986072
465	464	0.0809220001101
465	466	0.0809220001101
466	465	0.0809220001101
466	467	0.0809220001101
467	466	0.0809220001101
467	468	0.0809220001101
468	467	0.0809220001101
468	469	0.0809220001101
469	468	0.0809220001101
469	470	0.0809220001101
470	469	0.0809220001101
470	471	0.0809220001101
471	470	0.0809220001101
471	472	0.0809220001101
472	471	0.0809220001101
472	473	0.0809220001101
473	472	0.0809220001101
473	474	0.0809220001101
474	473	0.0809220001101
474	475	0.0809220001101
475	474	0.0809220001101
475	476	0.0809220001101
476	475	0.0809220001101
476	477	0.0809220001101
477	476	0.0809220001101
477	478	0.0809220001101
478	477	0.0809220001101
478	479	0.0809220001101
479	478	0.0809220001101
479	480	0.0809220001101
480	479	0.0809220001101
480	481	0.0809220001101
481	480	0.0809220001101
481	482	0.0809220001101
482	481	0.0809220001101
482	483	0.0809220001101
483	482	0.0809220001101
483	484	0.0770500004292
483	602	0.0416949987411
484	483	0.0770500004292
484	485	0.0770500004292
485	484	0.0770500004292
485	486	0.0770500004292
486	485	0.0770500004292
486	487	0.0770500004292
487	486	0.0770500004292
487	488	0.0770500004292
488	487	0.0770500004292
488	489	0.0770500004292
489	488	0.0770500004292
489	490	0.0770500004292
490	489	0.0770500004292
490	491	0.0770500004292
491	490	0.0770500004292
491	492	0.0770500004292
492	491	0.0770500004292
492	493	0.0770500004292
493	492	0.0770500004292
493	494	0.0770500004292
494	493	0.0770500004292
494	495	0.0770500004292
495	494	0.0770500004292
495	496	0.0770500004292
496	495	0.0770500004292
496	497	0.0770500004292
497	496	0.0770500004292
497	498	0.0770500004292
498	497	0.0770500004292
498	499	0.0770500004292
499	498	0.0770500004292
499	500	0.0770500004292
500	499	0.0770500004292
500	501	0.0770500004292
501	500	0.0770500004292
501	502	0.0770500004292
502	501	0.0770500004292
502	503	0.0770500004292
503	502	0.0770500004292
503	504	0.0770500004292
504	503	0.0770500004292
504	505	0.0704799965024
504	579	0.0475204996765
505	504	0.0704799965024
505	506	0.0704799965024
506	505	0.0704799965024
506	507	0.0704799965024
507	506	0.0704799965024
507	508	0.0704799965024
508	507	0.0704799965024
508	509	0.0704799965024
509	508	0.0704799965024
509	510	0.0704799965024
510	509	0.0704799965024
510	511	0.0704799965024
511	510	0.0704799965024
511	512	0.0704799965024
512	511	0.0704799965024
512	513	0.0704799965024
513	512	0.0704799965024
513	514	0.0704799965024
514	513	0.0704799965024
514	515	0.0704799965024
515	514	0.0704799965024
515	516	0.0704799965024
516	515	0.0704799965024
516	517	0.0704799965024
517	516	0.0704799965024
517	518	0.0704799965024
518	517	0.0704799965024
518	519	0.0704799965024
519	518	0.0704799965024
519	520	0.0704799965024
520	519	0.0704799965024
520	521	0.0704799965024
521	520	0.0704799965024
521	522	0.0704799965024
522	521	0.0704799965024
522	523	0.0704799965024
523	522	0.0704799965024
523	524	0.0704799965024
524	523	0.0704799965024
524	525	0.0704799965024
525	524	0.0704799965024
525	526	0.0704799965024
526	525	0.0704799965024
526	527	0.0704799965024
527	526	0.0704799965024
527	528	0.0704799965024
528	527	0.0704799965024
528	529	0.0704799965024
529	528	0.0704799965024
529	530	0.0704799965024
530	529	0.0704799965024
530	531	0.0704799965024
531	530	0.0704799965024
531	532	0.0704799965024
532	531	0.0704799965024
532	533	0.0647910013795
532	572	0.0427489988506
533	532	0.0647910013795
533	534	0.0647910013795
534	533	0.0647910013795
534	535	0.0647910013795
535	534	0.0647910013795
535	536	0.0647910013795
536	535	0.0647910013795
536	537	0.0647910013795
537	536	0.0647910013795
537	538	0.0647910013795
538	537	0.0647910013795
538	539	0.0647910013795
539	538	0.0647910013795
539	540	0.0647910013795
540	539	0.0647910013795
540	541	0.0647910013795
541	540	0.0647910013795
541	542	0.0647910013795
542	541	0.0647910013795
542	543	0.0647910013795
543	542	0.0647910013795
543	544	0.0647910013795
544	543	0.0647910013795
544	545	0.0647910013795
545	544	0.0647910013795
545	546	0.0647910013795
546	545	0.0647910013795
546	547	0.0647910013795
547	546	0.0647910013795
547	548	0.0647910013795
548	547	0.0647910013795
548	549	0.0647910013795
549	548	0.0647910013795
549	550	0.0647910013795
550	549	0.0647910013795
550	551	0.0647910013795
551	550	0.0647910013795
551	552	0.0647910013795
552	551	0.0647910013795
552	553	0.0647910013795
553	552	0.0647910013795
553	554	0.0647910013795
554	553	0.0647910013795
554	555	0.0647910013795
555	554	0.0647910013795
555	556	0.0647910013795
556	555	0.0647910013795
556	557	0.0647910013795
557	556	0.0647910013795
557	558	0.0647910013795
558	557	0.0647910013795
558	559	0.0647910013795
559	558	0.0647910013795
559	560	0.0647910013795
560	559	0.0647910013795
560	561	0.0647910013795
561	560	0.0647910013795
561	562	0.0647910013795
562	561	0.0647910013795
562	563	0.0647910013795
563	562	0.0647910013795
563	564	0.0647910013795
564	563	0.0647910013795
564	565	0.0647910013795
565	564	0.0647910013795
565	566	0.0647910013795
566	565	0.0647910013795
566	567	0.0647910013795
567	566	0.0647910013795
567	568	0.0647910013795
568	567	0.0647910013795
568	569	0.0647910013795
569	568	0.0647910013795
569	570	0.0647910013795
570	569	0.0647910013795
570	571	0.0647910013795
571	570	0.0647910013795
572	532	0.0427489988506
572	573	0.0427489988506
573	572	0.0427489988506
573	574	0.0427489988506
574	573	0.0427489988506
574	575	0.0427489988506
575	574	0.0427489988506
575	576	0.0427489988506
576	575	0.0427489988506
576	577	0.0427489988506
577	576	0.0427489988506
577	578	0.0427489988506
578	577	0.0427489988506
579	504	0.0475204996765
579	580	0.0475204996765
580	579	0.0475204996765
580	581	0.0475204996765
581	580	0.0475204996765
581	582	0.0475204996765
582	581	0.0475204996765
582	583	0.0475204996765
583	582	0.0475204996765
583	584	0.0475204996765
584	583	0.0475204996765
584	585	0.0475204996765
585	584	0.0475204996765
585	586	0.0475204996765
586	585	0.0475204996765
586	587	0.0475204996765
587	586	0.0475204996765
587	588	0.0475204996765
588	587	0.0475204996765
588	589	0.0475204996765
589	588	0.0475204996765
589	590	0.0475204996765
590	589	0.0475204996765
590	591	0.0475204996765
591	590	0.0475204996765
591	592	0.0475204996765
592	591	0.0475204996765
592	593	0.0475204996765
593	592	0.0475204996765
593	594	0.0475204996765
594	593	0.0475204996765
594	595	0.0475204996765
595	594	0.0475204996765
595	596	0.0475204996765
596	595	0.0475204996765
596	597	0.0475204996765
597	596	0.0475204996765
597	598	0.0475204996765
598	597	0.0475204996765
598	599	0.0475204996765
599	598	0.0475204996765
599	600	0.0475204996765
600	599	0.0475204996765
600	601	0.0475204996765
601	600	0.0475204996765
602	483	0.0416949987411
602	603	0.0416949987411
603	602	0.0416949987411
603	604	0.0416949987411
604	603	0.0416949987411
604	605	0.0416949987411
605	604	0.0416949987411
605	606	0.0416949987411
606	605	0.0416949987411
606	607	0.0416949987411
607	606	0.0416949987411
607	608	0.0416949987411
608	607	0.0416949987411
608	609	0.0416949987411
609	608	0.0416949987411
609	610	0.0416949987411
610	609	0.0416949987411
610	611	0.0416949987411
611	610	0.0416949987411
611	612	0.0416949987411
612	611	0.0416949987411
612	613	0.0416949987411
613	612	0.0416949987411
613	614	0.0416949987411
614	613	0.0416949987411
614	615	0.0416949987411
615	614	0.0416949987411
615	616	0.0416949987411
616	615	0.0416949987411
616	617	0.0416949987411
617	616	0.0416949987411
617	618	0.0416949987411
618	617	0.0416949987411
618	619	0.0416949987411
619	618	0.0416949987411
619	620	0.0416949987411
620	619	0.0416949987411
621	464	0.0589229986072
621	622	0.0589229986072
622	621	0.0589229986072
622	623	0.0484360009432
622	658	0.0449705012143
623	622	0.0484360009432
623	624	0.0469924993813
623	657	0.0214419998229
624	623	0.0469924993813
624	625	0.0469924993813
625	624	0.0469924993813
625	626	0.0469924993813
626	625	0.0469924993813
626	627	0.0469924993813
627	626	0.0469924993813
627	628	0.0469924993813
628	627	0.0469924993813
628	629	0.0469924993813
629	628	0.0469924993813
629	630	0.0469924993813
630	629	0.0469924993813
630	631	0.0469924993813
631	630	0.0469924993813
631	632	0.0469924993813
632	631	0.0469924993813
632	633	0.0469924993813
633	632	0.0469924993813
633	634	0.0469924993813
634	633	0.0469924993813
634	635	0.0469924993813
635	634	0.0469924993813
635	636	0.0469924993813
636	635	0.0469924993813
636	637	0.0469924993813
637	636	0.0469924993813
637	638	0.0469924993813
638	637	0.0469924993813
638	639	0.0469924993813
639	638	0.0469924993813
639	640	0.0469924993813
640	639	0.0469924993813
640	641	0.0469924993813
641	640	0.0469924993813
641	642	0.0469924993813
642	641	0.0469924993813
642	643	0.0469924993813
643	642	0.0469924993813
643	644	0.0469924993813
644	643	0.0469924993813
644	645	0.0469924993813
645	644	0.0469924993813
645	646	0.0469924993813
646	645	0.0469924993813
646	647	0.0469924993813
647	646	0.0469924993813
647	648	0.0469924993813
648	647	0.0469924993813
648	649	0.0469924993813
649	648	0.0469924993813
649	650	0.0469924993813
650	649	0.0469924993813
650	651	0.0469924993813
651	650	0.0469924993813
651	652	0.0469924993813
652	651	0.0469924993813
652	653	0.0469924993813
653	652	0.0469924993813
653	654	0.0469924993813
654	653	0.0469924993813
654	655	0.0469924993813
655	654	0.0469924993813
655	656	0.0469924993813
656	655	0.0469924993813
657	623	0.0214419998229
658	622	0.0449705012143
658	659	0.0449705012143
659	658	0.0449705012143
659	660	0.0449705012143
660	659	0.0449705012143
660	661	0.0449705012143
661	660	0.0449705012143
661	662	0.0449705012143
662	661	0.0449705012143
662	663	0.0449705012143
663	662	0.0449705012143
663	664	0.0449705012143
664	663	0.0449705012143
664	665	0.0449705012143
665	664	0.0449705012143
665	666	0.0449705012143
666	665	0.0449705012143
666	667	0.0449705012143
667	666	0.0449705012143
667	668	0.0449705012143
668	667	0.0449705012143
668	669	0.0449705012143
669	668	0.0449705012143
669	670	0.0449705012143
670	669	0.0449705012143
670	671	0.0449705012143
671	670	0.0449705012143
671	672	0.0449705012143
672	671	0.0449705012143
672	673	0.0449705012143
673	672	0.0449705012143
673	674	0.0449705012143
674	673	0.0449705012143
674	675	0.0449705012143
675	674	0.0449705012143
675	676	0.0449705012143
676	675	0.0449705012143
676	677	0.0449705012143
677	676	0.0449705012143
677	678	0.0449705012143
678	677	0.0449705012143
678	679	0.0449705012143
679	678	0.0449705012143
679	680	0.0449705012143
680	679	0.0449705012143
680	681	0.0449705012143
681	680	0.0449705012143
681	682	0.0449705012143
682	681	0.0449705012143
682	683	0.0449705012143
683	682	0.0449705012143
683	684	0.0449705012143
684	683	0.0449705012143
684	685	0.0449705012143
685	684	0.0449705012143
685	686	0.0449705012143
686	685	0.0449705012143
686	687	0.0449705012143
687	686	0.0449705012143
688	441	0.343946009874
688	689	0.343946009874
689	688	0.343946009874
689	690	0.343946009874
690	689	0.343946009874
690	691	0.343946009874
691	690	0.343946009874
691	692	0.343946009874
692	691	0.343946009874
692	693	0.343946009874
693	692	0.343946009874
693	694	0.343946009874
694	693	0.343946009874
694	695	0.343946009874
695	694	0.343946009874
695	696	0.343946009874
696	695	0.343946009874
696	697	0.343946009874
697	696	0.343946009874
697	698	0.343946009874
698	697	0.343946009874
698	699	0.343946009874
699	698	0.343946009874
699	700	0.343946009874
700	699	0.343946009874
700	701	0.343657493591
700	8788	0.0467730015516
701	700	0.343657493591
701	702	0.343657493591
702	701	0.343657493591
702	703	0.343657493591
703	702	0.343657493591
703	704	0.343657493591
704	703	0.343657493591
704	705	0.343657493591
705	704	0.343657493591
705	706	0.343657493591
706	705	0.343657493591
706	707	0.343657493591
707	706	0.343657493591
707	708	0.343657493591
708	707	0.343657493591
708	709	0.343657493591
709	708	0.343657493591
709	710	0.343657493591
710	709	0.343657493591
710	711	0.343657493591
711	710	0.343657493591
711	712	0.343657493591
712	711	0.343657493591
712	713	0.343657493591
713	712	0.343657493591
713	714	0.342530995607
713	8643	0.0735414996743
714	713	0.342530995607
714	715	0.342530995607
715	714	0.342530995607
715	716	0.342530995607
716	715	0.342530995607
716	717	0.342530995607
717	716	0.342530995607
717	718	0.342530995607
718	717	0.342530995607
718	719	0.342530995607
719	718	0.342530995607
719	720	0.342530995607
720	719	0.342530995607
720	721	0.342530995607
721	720	0.342530995607
721	722	0.342530995607
722	721	0.342530995607
722	723	0.342530995607
723	722	0.342530995607
723	724	0.342530995607
724	723	0.342530995607
724	725	0.342530995607
725	724	0.342530995607
725	726	0.342530995607
726	725	0.342530995607
726	727	0.342530995607
727	726	0.342530995607
727	728	0.342530995607
728	727	0.342530995607
728	729	0.342530995607
729	728	0.342530995607
729	730	0.342530995607
730	729	0.342530995607
730	731	0.342530995607
731	730	0.342530995607
731	732	0.342530995607
732	731	0.342530995607
732	733	0.342530995607
733	732	0.342530995607
733	734	0.342530995607
734	733	0.342530995607
734	735	0.342530995607
735	734	0.342530995607
735	736	0.342530995607
736	735	0.342530995607
736	737	0.342530995607
737	736	0.342530995607
737	738	0.342530995607
738	737	0.342530995607
738	739	0.342530995607
739	738	0.342530995607
739	740	0.342530995607
740	739	0.342530995607
740	741	0.0376980006695
740	761	0.342379003763
741	740	0.0376980006695
741	742	0.0376980006695
742	741	0.0376980006695
742	743	0.0376980006695
743	742	0.0376980006695
743	744	0.0376980006695
744	743	0.0376980006695
744	745	0.0376980006695
745	744	0.0376980006695
745	746	0.0376980006695
746	745	0.0376980006695
746	747	0.0376980006695
747	746	0.0376980006695
747	748	0.0376980006695
748	747	0.0376980006695
748	749	0.0376980006695
749	748	0.0376980006695
749	750	0.0376980006695
750	749	0.0376980006695
750	751	0.0376980006695
751	750	0.0376980006695
751	752	0.0376980006695
752	751	0.0376980006695
752	753	0.0376980006695
753	752	0.0376980006695
753	754	0.0376980006695
754	753	0.0376980006695
754	755	0.0376980006695
755	754	0.0376980006695
755	756	0.0376980006695
756	755	0.0376980006695
756	757	0.0376980006695
757	756	0.0376980006695
757	758	0.0376980006695
758	757	0.0376980006695
758	759	0.0376980006695
759	758	0.0376980006695
759	760	0.0376980006695
760	759	0.0376980006695
761	740	0.342379003763
761	762	0.342379003763
762	761	0.342379003763
762	763	0.342379003763
763	762	0.342379003763
763	764	0.342379003763
764	763	0.342379003763
764	765	0.341664493084
764	8552	0.0630519986153
765	764	0.341664493084
765	766	0.341664493084
766	765	0.341664493084
766	767	0.341664493084
767	766	0.341664493084
767	768	0.341664493084
768	767	0.341664493084
768	769	0.341031998396
768	8467	0.060476500541
769	768	0.341031998396
769	770	0.341031998396
770	769	0.341031998396
770	771	0.341031998396
771	770	0.341031998396
771	772	0.341031998396
772	771	0.341031998396
772	773	0.341031998396
773	772	0.341031998396
773	774	0.341031998396
774	773	0.341031998396
774	775	0.341031998396
775	774	0.341031998396
775	776	0.341031998396
776	775	0.341031998396
776	777	0.340901494026
776	8452	0.035677999258
777	776	0.340901494026
777	778	0.340901494026
778	777	0.340901494026
778	779	0.340901494026
779	778	0.340901494026
779	780	0.340901494026
780	779	0.340901494026
780	781	0.340901494026
781	780	0.340901494026
781	782	0.340901494026
782	781	0.340901494026
782	783	0.340901494026
783	782	0.340901494026
783	784	0.340901494026
784	783	0.340901494026
784	785	0.340901494026
785	784	0.340901494026
785	786	0.0454614982009
785	826	0.340631991625
786	785	0.0454614982009
786	787	0.0454614982009
787	786	0.0454614982009
787	788	0.0454614982009
788	787	0.0454614982009
788	789	0.0454614982009
789	788	0.0454614982009
789	790	0.0454614982009
790	789	0.0454614982009
790	791	0.0454614982009
791	790	0.0454614982009
791	792	0.0454614982009
792	791	0.0454614982009
792	793	0.0454614982009
793	792	0.0454614982009
793	794	0.0454614982009
794	793	0.0454614982009
794	795	0.0454614982009
795	794	0.0454614982009
795	796	0.0454614982009
796	795	0.0454614982009
796	797	0.0454614982009
797	796	0.0454614982009
797	798	0.0454614982009
798	797	0.0454614982009
798	799	0.0454614982009
799	798	0.0454614982009
799	800	0.0454614982009
800	799	0.0454614982009
800	801	0.0454614982009
801	800	0.0454614982009
801	802	0.0454614982009
802	801	0.0454614982009
802	803	0.0454614982009
803	802	0.0454614982009
803	804	0.0454614982009
804	803	0.0454614982009
804	805	0.0454614982009
805	804	0.0454614982009
805	806	0.0454614982009
806	805	0.0454614982009
806	807	0.0454614982009
807	806	0.0454614982009
807	808	0.0454614982009
808	807	0.0454614982009
808	809	0.0454614982009
809	808	0.0454614982009
809	810	0.0454614982009
810	809	0.0454614982009
810	811	0.0454614982009
811	810	0.0454614982009
811	812	0.0454614982009
812	811	0.0454614982009
812	813	0.0454614982009
813	812	0.0454614982009
813	814	0.0454614982009
814	813	0.0454614982009
814	815	0.0454614982009
815	814	0.0454614982009
815	816	0.0454614982009
816	815	0.0454614982009
816	817	0.0454614982009
817	816	0.0454614982009
817	818	0.0454614982009
818	817	0.0454614982009
818	819	0.0454614982009
819	818	0.0454614982009
819	820	0.0454614982009
820	819	0.0454614982009
820	821	0.0454614982009
821	820	0.0454614982009
821	822	0.0454614982009
822	821	0.0454614982009
822	823	0.0454614982009
823	822	0.0454614982009
823	824	0.0454614982009
824	823	0.0454614982009
824	825	0.0454614982009
825	824	0.0454614982009
826	785	0.340631991625
826	827	0.340631991625
827	826	0.340631991625
827	828	0.340631991625
828	827	0.340631991625
828	829	0.340631991625
829	828	0.340631991625
829	830	0.340631991625
830	829	0.340631991625
830	831	0.340631991625
831	830	0.340631991625
831	832	0.340631991625
832	831	0.340631991625
832	833	0.340631991625
833	832	0.340631991625
833	834	0.340631991625
834	833	0.340631991625
834	835	0.0867694988847
834	1028	0.338744997978
835	834	0.0867694988847
835	836	0.0867694988847
836	835	0.0867694988847
836	837	0.0867694988847
837	836	0.0867694988847
837	838	0.0867694988847
838	837	0.0867694988847
838	839	0.0867694988847
839	838	0.0867694988847
839	840	0.0867694988847
840	839	0.0867694988847
840	841	0.0867694988847
841	840	0.0867694988847
841	842	0.0867694988847
842	841	0.0867694988847
842	843	0.0867694988847
843	842	0.0867694988847
843	844	0.0867694988847
844	843	0.0867694988847
844	845	0.0867694988847
845	844	0.0867694988847
845	846	0.0867694988847
846	845	0.0867694988847
846	847	0.0867694988847
847	846	0.0867694988847
847	848	0.0867694988847
848	847	0.0867694988847
848	849	0.0867694988847
849	848	0.0867694988847
849	850	0.0867694988847
850	849	0.0867694988847
850	851	0.0867694988847
851	850	0.0867694988847
851	852	0.0867694988847
852	851	0.0867694988847
852	853	0.0867694988847
853	852	0.0867694988847
853	854	0.0867694988847
854	853	0.0867694988847
854	855	0.0867694988847
855	854	0.0867694988847
855	856	0.0867694988847
856	855	0.0867694988847
856	857	0.0867694988847
857	856	0.0867694988847
857	858	0.0867694988847
858	857	0.0867694988847
858	859	0.0867694988847
859	858	0.0867694988847
859	860	0.0867694988847
860	859	0.0867694988847
860	861	0.0867694988847
861	860	0.0867694988847
861	862	0.0867694988847
862	861	0.0867694988847
862	863	0.0867694988847
863	862	0.0867694988847
863	864	0.0867694988847
864	863	0.0867694988847
864	865	0.0867694988847
865	864	0.0867694988847
865	866	0.0867694988847
866	865	0.0867694988847
866	867	0.0867694988847
867	866	0.0867694988847
867	868	0.0867694988847
868	867	0.0867694988847
868	869	0.0867694988847
869	868	0.0867694988847
869	870	0.0867694988847
870	869	0.0867694988847
870	871	0.0867694988847
871	870	0.0867694988847
871	872	0.0867694988847
872	871	0.0867694988847
872	873	0.0867694988847
873	872	0.0867694988847
873	874	0.0867694988847
874	873	0.0867694988847
874	875	0.0867694988847
875	874	0.0867694988847
875	876	0.0867694988847
876	875	0.0867694988847
876	877	0.0867694988847
877	876	0.0867694988847
877	878	0.0867694988847
878	877	0.0867694988847
878	879	0.0867694988847
879	878	0.0867694988847
879	880	0.0867694988847
880	879	0.0867694988847
880	881	0.0867694988847
881	880	0.0867694988847
881	882	0.0867694988847
882	881	0.0867694988847
882	883	0.0867694988847
883	882	0.0867694988847
883	884	0.0867694988847
884	883	0.0867694988847
884	885	0.0867694988847
885	884	0.0867694988847
885	886	0.0867694988847
886	885	0.0867694988847
886	887	0.0867694988847
887	886	0.0867694988847
887	888	0.0867694988847
888	887	0.0867694988847
888	889	0.0867694988847
889	888	0.0867694988847
889	890	0.0867694988847
890	889	0.0867694988847
890	891	0.0867694988847
891	890	0.0867694988847
891	892	0.0867694988847
892	891	0.0867694988847
892	893	0.0867694988847
893	892	0.0867694988847
893	894	0.0867694988847
894	893	0.0867694988847
894	895	0.0867694988847
895	894	0.0867694988847
895	896	0.0867694988847
896	895	0.0867694988847
896	897	0.0867694988847
897	896	0.0867694988847
897	898	0.0867694988847
898	897	0.0867694988847
898	899	0.0867694988847
899	898	0.0867694988847
899	900	0.0867694988847
900	899	0.0867694988847
900	901	0.0867694988847
901	900	0.0867694988847
901	902	0.0867694988847
902	901	0.0867694988847
902	903	0.0867694988847
903	902	0.0867694988847
903	904	0.0867694988847
904	903	0.0867694988847
904	905	0.0867694988847
905	904	0.0867694988847
905	906	0.0867694988847
906	905	0.0867694988847
906	907	0.0867694988847
907	906	0.0867694988847
907	908	0.0867694988847
908	907	0.0867694988847
908	909	0.0867694988847
909	908	0.0867694988847
909	910	0.0867694988847
910	909	0.0867694988847
910	911	0.0867694988847
911	910	0.0867694988847
911	912	0.0867694988847
912	911	0.0867694988847
912	913	0.0867694988847
913	912	0.0867694988847
913	914	0.0867694988847
914	913	0.0867694988847
914	915	0.0867694988847
915	914	0.0867694988847
915	916	0.0867694988847
916	915	0.0867694988847
916	917	0.0867694988847
917	916	0.0867694988847
917	918	0.0867694988847
918	917	0.0867694988847
918	919	0.0637755021453
918	959	0.0733034983277
919	918	0.0637755021453
919	920	0.0637755021453
920	919	0.0637755021453
920	921	0.0637755021453
921	920	0.0637755021453
921	922	0.0637755021453
922	921	0.0637755021453
922	923	0.0637755021453
923	922	0.0637755021453
923	924	0.0637755021453
924	923	0.0637755021453
924	925	0.0528899990022
924	945	0.0481224991381
925	924	0.0528899990022
925	926	0.0528899990022
926	925	0.0528899990022
926	927	0.0528899990022
927	926	0.0528899990022
927	928	0.0528899990022
928	927	0.0528899990022
928	929	0.0528899990022
929	928	0.0528899990022
929	930	0.0528899990022
930	929	0.0528899990022
930	931	0.0528899990022
931	930	0.0528899990022
931	932	0.0528899990022
932	931	0.0528899990022
932	933	0.0528899990022
933	932	0.0528899990022
933	934	0.0528899990022
934	933	0.0528899990022
934	935	0.0528899990022
935	934	0.0528899990022
935	936	0.0528899990022
936	935	0.0528899990022
936	937	0.0528899990022
937	936	0.0528899990022
937	938	0.0528899990022
938	937	0.0528899990022
938	939	0.0528899990022
939	938	0.0528899990022
939	940	0.0528899990022
940	939	0.0528899990022
940	941	0.0528899990022
941	940	0.0528899990022
941	942	0.0528899990022
942	941	0.0528899990022
942	943	0.0528899990022
943	942	0.0528899990022
943	944	0.0528899990022
944	943	0.0528899990022
945	924	0.0481224991381
945	946	0.0481224991381
946	945	0.0481224991381
946	947	0.0481224991381
947	946	0.0481224991381
947	948	0.0481224991381
948	947	0.0481224991381
948	949	0.0481224991381
949	948	0.0481224991381
949	950	0.0481224991381
950	949	0.0481224991381
950	951	0.0481224991381
951	950	0.0481224991381
951	952	0.0481224991381
952	951	0.0481224991381
952	953	0.0481224991381
953	952	0.0481224991381
953	954	0.0481224991381
954	953	0.0481224991381
954	955	0.0481224991381
955	954	0.0481224991381
955	956	0.0481224991381
956	955	0.0481224991381
956	957	0.0481224991381
957	956	0.0481224991381
957	958	0.0481224991381
958	957	0.0481224991381
959	918	0.0733034983277
959	960	0.0733034983277
960	959	0.0733034983277
960	961	0.0733034983277
961	960	0.0733034983277
961	962	0.0733034983277
962	961	0.0733034983277
962	963	0.0733034983277
963	962	0.0733034983277
963	964	0.0733034983277
964	963	0.0733034983277
964	965	0.0733034983277
965	964	0.0733034983277
965	966	0.0733034983277
966	965	0.0733034983277
966	967	0.0733034983277
967	966	0.0733034983277
967	968	0.0733034983277
968	967	0.0733034983277
968	969	0.0733034983277
969	968	0.0733034983277
969	970	0.0733034983277
970	969	0.0733034983277
970	971	0.0733034983277
971	970	0.0733034983277
971	972	0.0733034983277
972	971	0.0733034983277
972	973	0.0733034983277
973	972	0.0733034983277
973	974	0.0733034983277
974	973	0.0733034983277
974	975	0.0733034983277
975	974	0.0733034983277
975	976	0.0733034983277
976	975	0.0733034983277
976	977	0.0498830005527
976	990	0.0646139979362
977	976	0.0498830005527
977	978	0.0498830005527
978	977	0.0498830005527
978	979	0.0498830005527
979	978	0.0498830005527
979	980	0.0498830005527
980	979	0.0498830005527
980	981	0.0498830005527
981	980	0.0498830005527
981	982	0.0498830005527
982	981	0.0498830005527
982	983	0.0498830005527
983	982	0.0498830005527
983	984	0.0498830005527
984	983	0.0498830005527
984	985	0.0498830005527
985	984	0.0498830005527
985	986	0.0498830005527
986	985	0.0498830005527
986	987	0.0498830005527
987	986	0.0498830005527
987	988	0.0498830005527
988	987	0.0498830005527
988	989	0.0498830005527
989	988	0.0498830005527
990	976	0.0646139979362
990	991	0.0646139979362
991	990	0.0646139979362
991	992	0.0646139979362
992	991	0.0646139979362
992	993	0.0646139979362
993	992	0.0646139979362
993	994	0.0646139979362
994	993	0.0646139979362
994	995	0.0646139979362
995	994	0.0646139979362
995	996	0.0646139979362
996	995	0.0646139979362
996	997	0.0646139979362
997	996	0.0646139979362
997	998	0.0646139979362
998	997	0.0646139979362
998	999	0.0646139979362
999	998	0.0646139979362
999	1000	0.0646139979362
1000	999	0.0646139979362
1000	1001	0.0646139979362
1001	1000	0.0646139979362
1001	1002	0.0646139979362
1002	1001	0.0646139979362
1002	1003	0.0646139979362
1003	1002	0.0646139979362
1003	1004	0.0646139979362
1004	1003	0.0646139979362
1004	1005	0.0646139979362
1005	1004	0.0646139979362
1005	1006	0.0646139979362
1006	1005	0.0646139979362
1006	1007	0.0646139979362
1007	1006	0.0646139979362
1007	1008	0.0646139979362
1008	1007	0.0646139979362
1008	1009	0.0646139979362
1009	1008	0.0646139979362
1009	1010	0.0646139979362
1010	1009	0.0646139979362
1010	1011	0.0646139979362
1011	1010	0.0646139979362
1011	1012	0.0646139979362
1012	1011	0.0646139979362
1012	1013	0.0646139979362
1013	1012	0.0646139979362
1013	1014	0.0646139979362
1014	1013	0.0646139979362
1014	1015	0.0646139979362
1015	1014	0.0646139979362
1015	1016	0.0646139979362
1016	1015	0.0646139979362
1016	1017	0.0646139979362
1017	1016	0.0646139979362
1017	1018	0.0646139979362
1018	1017	0.0646139979362
1018	1019	0.0646139979362
1019	1018	0.0646139979362
1019	1020	0.0646139979362
1020	1019	0.0646139979362
1020	1021	0.0646139979362
1021	1020	0.0646139979362
1021	1022	0.0646139979362
1022	1021	0.0646139979362
1022	1023	0.0646139979362
1023	1022	0.0646139979362
1023	1024	0.0646139979362
1024	1023	0.0646139979362
1024	1025	0.0646139979362
1025	1024	0.0646139979362
1025	1026	0.0646139979362
1026	1025	0.0646139979362
1026	1027	0.0646139979362
1027	1026	0.0646139979362
1028	834	0.338744997978
1028	1029	0.338744997978
1029	1028	0.338744997978
1029	1030	0.338744997978
1030	1029	0.338744997978
1030	1031	0.338744997978
1031	1030	0.338744997978
1031	1032	0.338744997978
1032	1031	0.338744997978
1032	1033	0.338744997978
1033	1032	0.338744997978
1033	1034	0.338744997978
1034	1033	0.338744997978
1034	1035	0.338744997978
1035	1034	0.338744997978
1035	1036	0.338744997978
1036	1035	0.338744997978
1036	1037	0.338506996632
1036	8419	0.0434225015342
1037	1036	0.338506996632
1037	1038	0.338506996632
1038	1037	0.338506996632
1038	1039	0.338506996632
1039	1038	0.338506996632
1039	1040	0.338506996632
1040	1039	0.338506996632
1040	1041	0.338506996632
1041	1040	0.338506996632
1041	1042	0.338506996632
1042	1041	0.338506996632
1042	1043	0.338506996632
1043	1042	0.338506996632
1043	1044	0.338506996632
1044	1043	0.338506996632
1044	1045	0.338506996632
1045	1044	0.338506996632
1045	1046	0.14494599402
1045	1795	0.329405486584
1046	1045	0.14494599402
1046	1047	0.14494599402
1047	1046	0.14494599402
1047	1048	0.14494599402
1048	1047	0.14494599402
1048	1049	0.14494599402
1049	1048	0.14494599402
1049	1050	0.14494599402
1050	1049	0.14494599402
1050	1051	0.14494599402
1051	1050	0.14494599402
1051	1052	0.14494599402
1052	1051	0.14494599402
1052	1053	0.14494599402
1053	1052	0.14494599402
1053	1054	0.14494599402
1054	1053	0.14494599402
1054	1055	0.14494599402
1055	1054	0.14494599402
1055	1056	0.14494599402
1056	1055	0.14494599402
1056	1057	0.14494599402
1057	1056	0.14494599402
1057	1058	0.14494599402
1058	1057	0.14494599402
1058	1059	0.14494599402
1059	1058	0.14494599402
1059	1060	0.0263289995492
1059	1064	0.144656002522
1060	1059	0.0263289995492
1060	1061	0.0263289995492
1061	1060	0.0263289995492
1061	1062	0.0263289995492
1062	1061	0.0263289995492
1062	1063	0.0263289995492
1063	1062	0.0263289995492
1064	1059	0.144656002522
1064	1065	0.144656002522
1065	1064	0.144656002522
1065	1066	0.144656002522
1066	1065	0.144656002522
1066	1067	0.144656002522
1067	1066	0.144656002522
1067	1068	0.144656002522
1068	1067	0.144656002522
1068	1069	0.144656002522
1069	1068	0.144656002522
1069	1070	0.144656002522
1070	1069	0.144656002522
1070	1071	0.144656002522
1071	1070	0.144656002522
1071	1072	0.144656002522
1072	1071	0.144656002522
1072	1073	0.144656002522
1073	1072	0.144656002522
1073	1074	0.144656002522
1074	1073	0.144656002522
1074	1075	0.144656002522
1075	1074	0.144656002522
1075	1076	0.144656002522
1076	1075	0.144656002522
1076	1077	0.144656002522
1077	1076	0.144656002522
1077	1078	0.144656002522
1078	1077	0.144656002522
1078	1079	0.144656002522
1079	1078	0.144656002522
1079	1080	0.144656002522
1080	1079	0.144656002522
1080	1081	0.144656002522
1081	1080	0.144656002522
1081	1082	0.144656002522
1082	1081	0.144656002522
1082	1083	0.144656002522
1083	1082	0.144656002522
1083	1084	0.144656002522
1084	1083	0.144656002522
1084	1085	0.144656002522
1085	1084	0.144656002522
1085	1086	0.144656002522
1086	1085	0.144656002522
1086	1087	0.144656002522
1087	1086	0.144656002522
1087	1088	0.144656002522
1088	1087	0.144656002522
1088	1089	0.144656002522
1089	1088	0.144656002522
1089	1090	0.144656002522
1090	1089	0.144656002522
1090	1091	0.144656002522
1091	1090	0.144656002522
1091	1092	0.144656002522
1092	1091	0.144656002522
1092	1093	0.144656002522
1093	1092	0.144656002522
1093	1094	0.144656002522
1094	1093	0.144656002522
1094	1095	0.144656002522
1095	1094	0.144656002522
1095	1096	0.144656002522
1096	1095	0.144656002522
1096	1097	0.144656002522
1097	1096	0.144656002522
1097	1098	0.144656002522
1098	1097	0.144656002522
1098	1099	0.144656002522
1099	1098	0.144656002522
1099	1100	0.144656002522
1100	1099	0.144656002522
1100	1101	0.141788005829
1100	1749	0.0560929998755
1101	1100	0.141788005829
1101	1102	0.141788005829
1102	1101	0.141788005829
1102	1103	0.141788005829
1103	1102	0.141788005829
1103	1104	0.141788005829
1104	1103	0.141788005829
1104	1105	0.141788005829
1105	1104	0.141788005829
1105	1106	0.141788005829
1106	1105	0.141788005829
1106	1107	0.141788005829
1107	1106	0.141788005829
1107	1108	0.141788005829
1108	1107	0.141788005829
1108	1109	0.141788005829
1109	1108	0.141788005829
1109	1110	0.0408499985933
1109	1128	0.140648499131
1110	1109	0.0408499985933
1110	1111	0.0408499985933
1111	1110	0.0408499985933
1111	1112	0.0408499985933
1112	1111	0.0408499985933
1112	1113	0.0408499985933
1113	1112	0.0408499985933
1113	1114	0.0408499985933
1114	1113	0.0408499985933
1114	1115	0.0408499985933
1115	1114	0.0408499985933
1115	1116	0.0408499985933
1116	1115	0.0408499985933
1116	1117	0.0408499985933
1117	1116	0.0408499985933
1117	1118	0.0408499985933
1118	1117	0.0408499985933
1118	1119	0.0408499985933
1119	1118	0.0408499985933
1119	1120	0.0408499985933
1120	1119	0.0408499985933
1120	1121	0.0408499985933
1121	1120	0.0408499985933
1121	1122	0.0408499985933
1122	1121	0.0408499985933
1122	1123	0.0408499985933
1123	1122	0.0408499985933
1123	1124	0.0408499985933
1124	1123	0.0408499985933
1124	1125	0.0408499985933
1125	1124	0.0408499985933
1125	1126	0.0408499985933
1126	1125	0.0408499985933
1126	1127	0.0408499985933
1127	1126	0.0408499985933
1128	1109	0.140648499131
1128	1129	0.140648499131
1129	1128	0.140648499131
1129	1130	0.140648499131
1130	1129	0.140648499131
1130	1131	0.140648499131
1131	1130	0.140648499131
1131	1132	0.140648499131
1132	1131	0.140648499131
1132	1133	0.140648499131
1133	1132	0.140648499131
1133	1134	0.140648499131
1134	1133	0.140648499131
1134	1135	0.140648499131
1135	1134	0.140648499131
1135	1136	0.140648499131
1136	1135	0.140648499131
1136	1137	0.140648499131
1137	1136	0.140648499131
1137	1138	0.140648499131
1138	1137	0.140648499131
1138	1139	0.140648499131
1139	1138	0.140648499131
1139	1140	0.140648499131
1140	1139	0.140648499131
1140	1141	0.140648499131
1141	1140	0.140648499131
1141	1142	0.140648499131
1142	1141	0.140648499131
1142	1143	0.140648499131
1143	1142	0.140648499131
1143	1144	0.140648499131
1144	1143	0.140648499131
1144	1145	0.140648499131
1145	1144	0.140648499131
1145	1146	0.140648499131
1146	1145	0.140648499131
1146	1147	0.140648499131
1147	1146	0.140648499131
1147	1148	0.140648499131
1148	1147	0.140648499131
1148	1149	0.115377001464
1148	1480	0.107619002461
1149	1148	0.115377001464
1149	1150	0.115377001464
1150	1149	0.115377001464
1150	1151	0.115377001464
1151	1150	0.115377001464
1151	1152	0.115377001464
1152	1151	0.115377001464
1152	1153	0.115377001464
1153	1152	0.115377001464
1153	1154	0.115377001464
1154	1153	0.115377001464
1154	1155	0.115377001464
1155	1154	0.115377001464
1155	1156	0.115377001464
1156	1155	0.115377001464
1156	1157	0.115377001464
1157	1156	0.115377001464
1157	1158	0.115377001464
1158	1157	0.115377001464
1158	1159	0.115377001464
1159	1158	0.115377001464
1159	1160	0.115377001464
1160	1159	0.115377001464
1160	1161	0.115377001464
1161	1160	0.115377001464
1161	1162	0.115377001464
1162	1161	0.115377001464
1162	1163	0.115377001464
1163	1162	0.115377001464
1163	1164	0.115377001464
1164	1163	0.115377001464
1164	1165	0.115377001464
1165	1164	0.115377001464
1165	1166	0.115377001464
1166	1165	0.115377001464
1166	1167	0.115377001464
1167	1166	0.115377001464
1167	1168	0.115377001464
1168	1167	0.115377001464
1168	1169	0.115377001464
1169	1168	0.115377001464
1169	1170	0.115377001464
1170	1169	0.115377001464
1170	1171	0.115377001464
1171	1170	0.115377001464
1171	1172	0.115377001464
1172	1171	0.115377001464
1172	1173	0.115377001464
1173	1172	0.115377001464
1173	1174	0.115377001464
1174	1173	0.115377001464
1174	1175	0.113095499575
1174	1462	0.0446995012462
1175	1174	0.113095499575
1175	1176	0.113095499575
1176	1175	0.113095499575
1176	1177	0.113095499575
1177	1176	0.113095499575
1177	1178	0.113095499575
1178	1177	0.113095499575
1178	1179	0.113095499575
1179	1178	0.113095499575
1179	1180	0.113095499575
1180	1179	0.113095499575
1180	1181	0.113095499575
1181	1180	0.113095499575
1181	1182	0.061521500349
1181	1244	0.106669001281
1182	1181	0.061521500349
1182	1183	0.061521500349
1183	1182	0.061521500349
1183	1184	0.061521500349
1184	1183	0.061521500349
1184	1185	0.061521500349
1185	1184	0.061521500349
1185	1186	0.061521500349
1186	1185	0.061521500349
1186	1187	0.061521500349
1187	1186	0.061521500349
1187	1188	0.061521500349
1188	1187	0.061521500349
1188	1189	0.061521500349
1189	1188	0.061521500349
1189	1190	0.061521500349
1190	1189	0.061521500349
1190	1191	0.061521500349
1191	1190	0.061521500349
1191	1192	0.061521500349
1192	1191	0.061521500349
1192	1193	0.061521500349
1193	1192	0.061521500349
1193	1194	0.061521500349
1194	1193	0.061521500349
1194	1195	0.061521500349
1195	1194	0.061521500349
1195	1196	0.061521500349
1196	1195	0.061521500349
1196	1197	0.061521500349
1197	1196	0.061521500349
1197	1198	0.061521500349
1198	1197	0.061521500349
1198	1199	0.061521500349
1199	1198	0.061521500349
1199	1200	0.061521500349
1200	1199	0.061521500349
1200	1201	0.061521500349
1201	1200	0.061521500349
1201	1202	0.061521500349
1202	1201	0.061521500349
1202	1203	0.061521500349
1203	1202	0.061521500349
1203	1204	0.061521500349
1204	1203	0.061521500349
1204	1205	0.061521500349
1205	1204	0.061521500349
1205	1206	0.061521500349
1206	1205	0.061521500349
1206	1207	0.061521500349
1207	1206	0.061521500349
1207	1208	0.061521500349
1208	1207	0.061521500349
1208	1209	0.061521500349
1209	1208	0.061521500349
1209	1210	0.061521500349
1210	1209	0.061521500349
1210	1211	0.061521500349
1211	1210	0.061521500349
1211	1212	0.061521500349
1212	1211	0.061521500349
1212	1213	0.061521500349
1213	1212	0.061521500349
1213	1214	0.061521500349
1214	1213	0.061521500349
1214	1215	0.061521500349
1215	1214	0.061521500349
1215	1216	0.061521500349
1216	1215	0.061521500349
1216	1217	0.061521500349
1217	1216	0.061521500349
1217	1218	0.061521500349
1218	1217	0.061521500349
1218	1219	0.061521500349
1219	1218	0.061521500349
1219	1220	0.061521500349
1220	1219	0.061521500349
1220	1221	0.061521500349
1221	1220	0.061521500349
1221	1222	0.061521500349
1222	1221	0.061521500349
1222	1223	0.061521500349
1223	1222	0.061521500349
1223	1224	0.061521500349
1224	1223	0.061521500349
1224	1225	0.061521500349
1225	1224	0.061521500349
1225	1226	0.061521500349
1226	1225	0.061521500349
1226	1227	0.061521500349
1227	1226	0.061521500349
1227	1228	0.061521500349
1228	1227	0.061521500349
1228	1229	0.061521500349
1229	1228	0.061521500349
1229	1230	0.061521500349
1230	1229	0.061521500349
1230	1231	0.061521500349
1231	1230	0.061521500349
1231	1232	0.061521500349
1232	1231	0.061521500349
1232	1233	0.061521500349
1233	1232	0.061521500349
1233	1234	0.061521500349
1234	1233	0.061521500349
1234	1235	0.061521500349
1235	1234	0.061521500349
1235	1236	0.061521500349
1236	1235	0.061521500349
1236	1237	0.061521500349
1237	1236	0.061521500349
1237	1238	0.061521500349
1238	1237	0.061521500349
1238	1239	0.061521500349
1239	1238	0.061521500349
1239	1240	0.061521500349
1240	1239	0.061521500349
1240	1241	0.061521500349
1241	1240	0.061521500349
1241	1242	0.061521500349
1242	1241	0.061521500349
1242	1243	0.061521500349
1243	1242	0.061521500349
1244	1181	0.106669001281
1244	1245	0.106669001281
1245	1244	0.106669001281
1245	1246	0.106669001281
1246	1245	0.106669001281
1246	1247	0.106669001281
1247	1246	0.106669001281
1247	1248	0.106669001281
1248	1247	0.106669001281
1248	1249	0.106669001281
1249	1248	0.106669001281
1249	1250	0.106669001281
1250	1249	0.106669001281
1250	1251	0.0482964999974
1250	1272	0.103261001408
1251	1250	0.0482964999974
1251	1252	0.0482964999974
1252	1251	0.0482964999974
1252	1253	0.0482964999974
1253	1252	0.0482964999974
1253	1254	0.0482964999974
1254	1253	0.0482964999974
1254	1255	0.0482964999974
1255	1254	0.0482964999974
1255	1256	0.0482964999974
1256	1255	0.0482964999974
1256	1257	0.0482964999974
1257	1256	0.0482964999974
1257	1258	0.0482964999974
1258	1257	0.0482964999974
1258	1259	0.0482964999974
1259	1258	0.0482964999974
1259	1260	0.0482964999974
1260	1259	0.0482964999974
1260	1261	0.0482964999974
1261	1260	0.0482964999974
1261	1262	0.0482964999974
1262	1261	0.0482964999974
1262	1263	0.0482964999974
1263	1262	0.0482964999974
1263	1264	0.0482964999974
1264	1263	0.0482964999974
1264	1265	0.0482964999974
1265	1264	0.0482964999974
1265	1266	0.0482964999974
1266	1265	0.0482964999974
1266	1267	0.0482964999974
1267	1266	0.0482964999974
1267	1268	0.0482964999974
1268	1267	0.0482964999974
1268	1269	0.0482964999974
1269	1268	0.0482964999974
1269	1270	0.0482964999974
1270	1269	0.0482964999974
1270	1271	0.0482964999974
1271	1270	0.0482964999974
1272	1250	0.103261001408
1272	1273	0.103261001408
1273	1272	0.103261001408
1273	1274	0.103261001408
1274	1273	0.103261001408
1274	1275	0.103261001408
1275	1274	0.103261001408
1275	1276	0.103261001408
1276	1275	0.103261001408
1276	1277	0.103261001408
1277	1276	0.103261001408
1277	1278	0.103261001408
1278	1277	0.103261001408
1278	1279	0.103261001408
1279	1278	0.103261001408
1279	1280	0.103261001408
1280	1279	0.103261001408
1280	1281	0.103261001408
1281	1280	0.103261001408
1281	1282	0.103261001408
1282	1281	0.103261001408
1282	1283	0.103261001408
1283	1282	0.103261001408
1283	1284	0.103261001408
1284	1283	0.103261001408
1284	1285	0.103261001408
1285	1284	0.103261001408
1285	1286	0.103261001408
1286	1285	0.103261001408
1286	1287	0.05411599949
1286	1315	0.0980480015278
1287	1286	0.05411599949
1287	1288	0.05411599949
1288	1287	0.05411599949
1288	1289	0.05411599949
1289	1288	0.05411599949
1289	1290	0.05411599949
1290	1289	0.05411599949
1290	1291	0.05411599949
1291	1290	0.05411599949
1291	1292	0.05411599949
1292	1291	0.05411599949
1292	1293	0.05411599949
1293	1292	0.05411599949
1293	1294	0.05411599949
1294	1293	0.05411599949
1294	1295	0.05411599949
1295	1294	0.05411599949
1295	1296	0.05411599949
1296	1295	0.05411599949
1296	1297	0.05411599949
1297	1296	0.05411599949
1297	1298	0.05411599949
1298	1297	0.05411599949
1298	1299	0.05411599949
1299	1298	0.05411599949
1299	1300	0.05411599949
1300	1299	0.05411599949
1300	1301	0.05411599949
1301	1300	0.05411599949
1301	1302	0.05411599949
1302	1301	0.05411599949
1302	1303	0.05411599949
1303	1302	0.05411599949
1303	1304	0.05411599949
1304	1303	0.05411599949
1304	1305	0.05411599949
1305	1304	0.05411599949
1305	1306	0.05411599949
1306	1305	0.05411599949
1306	1307	0.05411599949
1307	1306	0.05411599949
1307	1308	0.05411599949
1308	1307	0.05411599949
1308	1309	0.05411599949
1309	1308	0.05411599949
1309	1310	0.05411599949
1310	1309	0.05411599949
1310	1311	0.05411599949
1311	1310	0.05411599949
1311	1312	0.05411599949
1312	1311	0.05411599949
1312	1313	0.05411599949
1313	1312	0.05411599949
1313	1314	0.05411599949
1314	1313	0.05411599949
1315	1286	0.0980480015278
1315	1316	0.0980480015278
1316	1315	0.0980480015278
1316	1317	0.0980480015278
1317	1316	0.0980480015278
1317	1318	0.0980480015278
1318	1317	0.0980480015278
1318	1319	0.0980480015278
1319	1318	0.0980480015278
1319	1320	0.0980480015278
1320	1319	0.0980480015278
1320	1321	0.0980480015278
1321	1320	0.0980480015278
1321	1322	0.0980480015278
1322	1321	0.0980480015278
1322	1323	0.0980480015278
1323	1322	0.0980480015278
1323	1324	0.0980480015278
1324	1323	0.0980480015278
1324	1325	0.0980480015278
1325	1324	0.0980480015278
1325	1326	0.0980480015278
1326	1325	0.0980480015278
1326	1327	0.0980480015278
1327	1326	0.0980480015278
1327	1328	0.0980480015278
1328	1327	0.0980480015278
1328	1329	0.0980480015278
1329	1328	0.0980480015278
1329	1330	0.0980480015278
1330	1329	0.0980480015278
1330	1331	0.0980480015278
1331	1330	0.0980480015278
1331	1332	0.0980480015278
1332	1331	0.0980480015278
1332	1333	0.0980480015278
1333	1332	0.0980480015278
1333	1334	0.0980480015278
1334	1333	0.0980480015278
1334	1335	0.0478999987245
1334	1347	0.094079002738
1335	1334	0.0478999987245
1335	1336	0.0478999987245
1336	1335	0.0478999987245
1336	1337	0.0478999987245
1337	1336	0.0478999987245
1337	1338	0.0478999987245
1338	1337	0.0478999987245
1338	1339	0.0478999987245
1339	1338	0.0478999987245
1339	1340	0.0478999987245
1340	1339	0.0478999987245
1340	1341	0.0478999987245
1341	1340	0.0478999987245
1341	1342	0.0478999987245
1342	1341	0.0478999987245
1342	1343	0.0478999987245
1343	1342	0.0478999987245
1343	1344	0.0478999987245
1344	1343	0.0478999987245
1344	1345	0.0478999987245
1345	1344	0.0478999987245
1345	1346	0.0478999987245
1346	1345	0.0478999987245
1347	1334	0.094079002738
1347	1348	0.094079002738
1348	1347	0.094079002738
1348	1349	0.094079002738
1349	1348	0.094079002738
1349	1350	0.094079002738
1350	1349	0.094079002738
1350	1351	0.094079002738
1351	1350	0.094079002738
1351	1352	0.094079002738
1352	1351	0.094079002738
1352	1353	0.094079002738
1353	1352	0.094079002738
1353	1354	0.0841249972582
1353	1432	0.0619129985571
1354	1353	0.0841249972582
1354	1355	0.0841249972582
1355	1354	0.0841249972582
1355	1356	0.0841249972582
1356	1355	0.0841249972582
1356	1357	0.0841249972582
1357	1356	0.0841249972582
1357	1358	0.0841249972582
1358	1357	0.0841249972582
1358	1359	0.0841249972582
1359	1358	0.0841249972582
1359	1360	0.0841249972582
1360	1359	0.0841249972582
1360	1361	0.0579960010946
1360	1380	0.0736974999309
1361	1360	0.0579960010946
1361	1362	0.0579960010946
1362	1361	0.0579960010946
1362	1363	0.0579960010946
1363	1362	0.0579960010946
1363	1364	0.0579960010946
1364	1363	0.0579960010946
1364	1365	0.0579960010946
1365	1364	0.0579960010946
1365	1366	0.0579960010946
1366	1365	0.0579960010946
1366	1367	0.0579960010946
1367	1366	0.0579960010946
1367	1368	0.0579960010946
1368	1367	0.0579960010946
1368	1369	0.0579960010946
1369	1368	0.0579960010946
1369	1370	0.0579960010946
1370	1369	0.0579960010946
1370	1371	0.0579960010946
1371	1370	0.0579960010946
1371	1372	0.0579960010946
1372	1371	0.0579960010946
1372	1373	0.0579960010946
1373	1372	0.0579960010946
1373	1374	0.0579960010946
1374	1373	0.0579960010946
1374	1375	0.0579960010946
1375	1374	0.0579960010946
1375	1376	0.0579960010946
1376	1375	0.0579960010946
1376	1377	0.0579960010946
1377	1376	0.0579960010946
1377	1378	0.0579960010946
1378	1377	0.0579960010946
1378	1379	0.0579960010946
1379	1378	0.0579960010946
1380	1360	0.0736974999309
1380	1381	0.0736974999309
1381	1380	0.0736974999309
1381	1382	0.0736974999309
1382	1381	0.0736974999309
1382	1383	0.0736974999309
1383	1382	0.0736974999309
1383	1384	0.0736974999309
1384	1383	0.0736974999309
1384	1385	0.0736974999309
1385	1384	0.0736974999309
1385	1386	0.0736974999309
1386	1385	0.0736974999309
1386	1387	0.0736974999309
1387	1386	0.0736974999309
1387	1388	0.0736974999309
1388	1387	0.0736974999309
1388	1389	0.0736974999309
1389	1388	0.0736974999309
1389	1390	0.0736974999309
1390	1389	0.0736974999309
1390	1391	0.0736974999309
1391	1390	0.0736974999309
1391	1392	0.0736974999309
1392	1391	0.0736974999309
1392	1393	0.0736974999309
1393	1392	0.0736974999309
1393	1394	0.0736974999309
1394	1393	0.0736974999309
1394	1395	0.0736974999309
1395	1394	0.0736974999309
1395	1396	0.0736974999309
1396	1395	0.0736974999309
1396	1397	0.0736974999309
1397	1396	0.0736974999309
1397	1398	0.0736974999309
1398	1397	0.0736974999309
1398	1399	0.0736974999309
1399	1398	0.0736974999309
1399	1400	0.0736974999309
1400	1399	0.0736974999309
1400	1401	0.0736974999309
1401	1400	0.0736974999309
1401	1402	0.0736974999309
1402	1401	0.0736974999309
1402	1403	0.0736974999309
1403	1402	0.0736974999309
1403	1404	0.0736974999309
1404	1403	0.0736974999309
1404	1405	0.0736974999309
1405	1404	0.0736974999309
1405	1406	0.0736974999309
1406	1405	0.0736974999309
1406	1407	0.0736974999309
1407	1406	0.0736974999309
1407	1408	0.0736974999309
1408	1407	0.0736974999309
1408	1409	0.0736974999309
1409	1408	0.0736974999309
1409	1410	0.0736974999309
1410	1409	0.0736974999309
1410	1411	0.0736974999309
1411	1410	0.0736974999309
1411	1412	0.0736974999309
1412	1411	0.0736974999309
1412	1413	0.0736974999309
1413	1412	0.0736974999309
1413	1414	0.0736974999309
1414	1413	0.0736974999309
1414	1415	0.0736974999309
1415	1414	0.0736974999309
1415	1416	0.0736974999309
1416	1415	0.0736974999309
1416	1417	0.0736974999309
1417	1416	0.0736974999309
1417	1418	0.0736974999309
1418	1417	0.0736974999309
1418	1419	0.0736974999309
1419	1418	0.0736974999309
1419	1420	0.0736974999309
1420	1419	0.0736974999309
1420	1421	0.0736974999309
1421	1420	0.0736974999309
1421	1422	0.0736974999309
1422	1421	0.0736974999309
1422	1423	0.0736974999309
1423	1422	0.0736974999309
1423	1424	0.0736974999309
1424	1423	0.0736974999309
1424	1425	0.0736974999309
1425	1424	0.0736974999309
1425	1426	0.0736974999309
1426	1425	0.0736974999309
1426	1427	0.0736974999309
1427	1426	0.0736974999309
1427	1428	0.0736974999309
1428	1427	0.0736974999309
1428	1429	0.0736974999309
1429	1428	0.0736974999309
1429	1430	0.0736974999309
1430	1429	0.0736974999309
1430	1431	0.0736974999309
1431	1430	0.0736974999309
1432	1353	0.0619129985571
1432	1433	0.0619129985571
1433	1432	0.0619129985571
1433	1434	0.0619129985571
1434	1433	0.0619129985571
1434	1435	0.0619129985571
1435	1434	0.0619129985571
1435	1436	0.0619129985571
1436	1435	0.0619129985571
1436	1437	0.0619129985571
1437	1436	0.0619129985571
1437	1438	0.0619129985571
1438	1437	0.0619129985571
1438	1439	0.0619129985571
1439	1438	0.0619129985571
1439	1440	0.0619129985571
1440	1439	0.0619129985571
1440	1441	0.0619129985571
1441	1440	0.0619129985571
1441	1442	0.0619129985571
1442	1441	0.0619129985571
1442	1443	0.0619129985571
1443	1442	0.0619129985571
1443	1444	0.0619129985571
1444	1443	0.0619129985571
1444	1445	0.0619129985571
1445	1444	0.0619129985571
1445	1446	0.0619129985571
1446	1445	0.0619129985571
1446	1447	0.0619129985571
1447	1446	0.0619129985571
1447	1448	0.0619129985571
1448	1447	0.0619129985571
1448	1449	0.0619129985571
1449	1448	0.0619129985571
1449	1450	0.0619129985571
1450	1449	0.0619129985571
1450	1451	0.0619129985571
1451	1450	0.0619129985571
1451	1452	0.0619129985571
1452	1451	0.0619129985571
1452	1453	0.0619129985571
1453	1452	0.0619129985571
1453	1454	0.0619129985571
1454	1453	0.0619129985571
1454	1455	0.0619129985571
1455	1454	0.0619129985571
1455	1456	0.0619129985571
1456	1455	0.0619129985571
1456	1457	0.0619129985571
1457	1456	0.0619129985571
1457	1458	0.0619129985571
1458	1457	0.0619129985571
1458	1459	0.0619129985571
1459	1458	0.0619129985571
1459	1460	0.0619129985571
1460	1459	0.0619129985571
1460	1461	0.0619129985571
1461	1460	0.0619129985571
1462	1174	0.0446995012462
1462	1463	0.0446995012462
1463	1462	0.0446995012462
1463	1464	0.0446995012462
1464	1463	0.0446995012462
1464	1465	0.0446995012462
1465	1464	0.0446995012462
1465	1466	0.0446995012462
1466	1465	0.0446995012462
1466	1467	0.0446995012462
1467	1466	0.0446995012462
1467	1468	0.0446995012462
1468	1467	0.0446995012462
1468	1469	0.0446995012462
1469	1468	0.0446995012462
1469	1470	0.0446995012462
1470	1469	0.0446995012462
1470	1471	0.0446995012462
1471	1470	0.0446995012462
1471	1472	0.0446995012462
1472	1471	0.0446995012462
1472	1473	0.0446995012462
1473	1472	0.0446995012462
1473	1474	0.0446995012462
1474	1473	0.0446995012462
1474	1475	0.0446995012462
1475	1474	0.0446995012462
1475	1476	0.0446995012462
1476	1475	0.0446995012462
1476	1477	0.0446995012462
1477	1476	0.0446995012462
1477	1478	0.0446995012462
1478	1477	0.0446995012462
1478	1479	0.0446995012462
1479	1478	0.0446995012462
1480	1148	0.107619002461
1480	1481	0.107619002461
1481	1480	0.107619002461
1481	1482	0.107619002461
1482	1481	0.107619002461
1482	1483	0.107619002461
1483	1482	0.107619002461
1483	1484	0.107619002461
1484	1483	0.107619002461
1484	1485	0.107619002461
1485	1484	0.107619002461
1485	1486	0.107619002461
1486	1485	0.107619002461
1486	1487	0.107619002461
1487	1486	0.107619002461
1487	1488	0.107619002461
1488	1487	0.107619002461
1488	1489	0.107619002461
1489	1488	0.107619002461
1489	1490	0.107619002461
1490	1489	0.107619002461
1490	1491	0.106160499156
1490	1740	0.0368385016918
1491	1490	0.106160499156
1491	1492	0.106160499156
1492	1491	0.106160499156
1492	1493	0.106160499156
1493	1492	0.106160499156
1493	1494	0.106160499156
1494	1493	0.106160499156
1494	1495	0.106160499156
1495	1494	0.106160499156
1495	1496	0.106160499156
1496	1495	0.106160499156
1496	1497	0.0684674978256
1496	1570	0.0956640020013
1497	1496	0.0684674978256
1497	1498	0.0684674978256
1498	1497	0.0684674978256
1498	1499	0.0684674978256
1499	1498	0.0684674978256
1499	1500	0.0684674978256
1500	1499	0.0684674978256
1500	1501	0.0684674978256
1501	1500	0.0684674978256
1501	1502	0.0684674978256
1502	1501	0.0684674978256
1502	1503	0.0684674978256
1503	1502	0.0684674978256
1503	1504	0.0684674978256
1504	1503	0.0684674978256
1504	1505	0.0684674978256
1505	1504	0.0684674978256
1505	1506	0.0684674978256
1506	1505	0.0684674978256
1506	1507	0.0684674978256
1507	1506	0.0684674978256
1507	1508	0.0684674978256
1508	1507	0.0684674978256
1508	1509	0.0684674978256
1509	1508	0.0684674978256
1509	1510	0.0684674978256
1510	1509	0.0684674978256
1510	1511	0.0684674978256
1511	1510	0.0684674978256
1511	1512	0.0684674978256
1512	1511	0.0684674978256
1512	1513	0.0684674978256
1513	1512	0.0684674978256
1513	1514	0.0684674978256
1514	1513	0.0684674978256
1514	1515	0.0684674978256
1515	1514	0.0684674978256
1515	1516	0.0684674978256
1516	1515	0.0684674978256
1516	1517	0.0684674978256
1517	1516	0.0684674978256
1517	1518	0.0684674978256
1518	1517	0.0684674978256
1518	1519	0.0684674978256
1519	1518	0.0684674978256
1519	1520	0.046574998647
1519	1533	0.0603615008295
1520	1519	0.046574998647
1520	1521	0.046574998647
1521	1520	0.046574998647
1521	1522	0.046574998647
1522	1521	0.046574998647
1522	1523	0.046574998647
1523	1522	0.046574998647
1523	1524	0.046574998647
1524	1523	0.046574998647
1524	1525	0.046574998647
1525	1524	0.046574998647
1525	1526	0.046574998647
1526	1525	0.046574998647
1526	1527	0.046574998647
1527	1526	0.046574998647
1527	1528	0.046574998647
1528	1527	0.046574998647
1528	1529	0.046574998647
1529	1528	0.046574998647
1529	1530	0.046574998647
1530	1529	0.046574998647
1530	1531	0.046574998647
1531	1530	0.046574998647
1531	1532	0.046574998647
1532	1531	0.046574998647
1533	1519	0.0603615008295
1533	1534	0.0603615008295
1534	1533	0.0603615008295
1534	1535	0.0603615008295
1535	1534	0.0603615008295
1535	1536	0.0603615008295
1536	1535	0.0603615008295
1536	1537	0.0603615008295
1537	1536	0.0603615008295
1537	1538	0.0603615008295
1538	1537	0.0603615008295
1538	1539	0.0603615008295
1539	1538	0.0603615008295
1539	1540	0.0603615008295
1540	1539	0.0603615008295
1540	1541	0.0603615008295
1541	1540	0.0603615008295
1541	1542	0.0603615008295
1542	1541	0.0603615008295
1542	1543	0.0603615008295
1543	1542	0.0603615008295
1543	1544	0.0603615008295
1544	1543	0.0603615008295
1544	1545	0.0603615008295
1545	1544	0.0603615008295
1545	1546	0.0603615008295
1546	1545	0.0603615008295
1546	1547	0.0603615008295
1547	1546	0.0603615008295
1547	1548	0.0603615008295
1548	1547	0.0603615008295
1548	1549	0.0603615008295
1549	1548	0.0603615008295
1549	1550	0.0603615008295
1550	1549	0.0603615008295
1550	1551	0.0603615008295
1551	1550	0.0603615008295
1551	1552	0.0603615008295
1552	1551	0.0603615008295
1552	1553	0.0603615008295
1553	1552	0.0603615008295
1553	1554	0.0603615008295
1554	1553	0.0603615008295
1554	1555	0.0603615008295
1555	1554	0.0603615008295
1555	1556	0.0603615008295
1556	1555	0.0603615008295
1556	1557	0.0603615008295
1557	1556	0.0603615008295
1557	1558	0.0603615008295
1558	1557	0.0603615008295
1558	1559	0.0603615008295
1559	1558	0.0603615008295
1559	1560	0.0603615008295
1560	1559	0.0603615008295
1560	1561	0.0603615008295
1561	1560	0.0603615008295
1561	1562	0.0603615008295
1562	1561	0.0603615008295
1562	1563	0.0603615008295
1563	1562	0.0603615008295
1563	1564	0.0603615008295
1564	1563	0.0603615008295
1564	1565	0.0603615008295
1565	1564	0.0603615008295
1565	1566	0.0603615008295
1566	1565	0.0603615008295
1566	1567	0.0603615008295
1567	1566	0.0603615008295
1567	1568	0.0603615008295
1568	1567	0.0603615008295
1568	1569	0.0603615008295
1569	1568	0.0603615008295
1570	1496	0.0956640020013
1570	1571	0.0956640020013
1571	1570	0.0956640020013
1571	1572	0.0956640020013
1572	1571	0.0956640020013
1572	1573	0.0956640020013
1573	1572	0.0956640020013
1573	1574	0.0956640020013
1574	1573	0.0956640020013
1574	1575	0.0956640020013
1575	1574	0.0956640020013
1575	1576	0.0930455029011
1575	1727	0.0412009991705
1576	1575	0.0930455029011
1576	1577	0.0930455029011
1577	1576	0.0930455029011
1577	1578	0.0930455029011
1578	1577	0.0930455029011
1578	1579	0.0930455029011
1579	1578	0.0930455029011
1579	1580	0.0930455029011
1580	1579	0.0930455029011
1580	1581	0.0930455029011
1581	1580	0.0930455029011
1581	1582	0.0930455029011
1582	1581	0.0930455029011
1582	1583	0.0930455029011
1583	1582	0.0930455029011
1583	1584	0.0930455029011
1584	1583	0.0930455029011
1584	1585	0.0930455029011
1585	1584	0.0930455029011
1585	1586	0.0930455029011
1586	1585	0.0930455029011
1586	1587	0.0930455029011
1587	1586	0.0930455029011
1587	1588	0.0930455029011
1588	1587	0.0930455029011
1588	1589	0.0930455029011
1589	1588	0.0930455029011
1589	1590	0.0930455029011
1590	1589	0.0930455029011
1590	1591	0.0930455029011
1591	1590	0.0930455029011
1591	1592	0.0930455029011
1592	1591	0.0930455029011
1592	1593	0.0930455029011
1593	1592	0.0930455029011
1593	1594	0.0930455029011
1594	1593	0.0930455029011
1594	1595	0.0930455029011
1595	1594	0.0930455029011
1595	1596	0.0930455029011
1596	1595	0.0930455029011
1596	1597	0.0930455029011
1597	1596	0.0930455029011
1597	1598	0.0930455029011
1598	1597	0.0930455029011
1598	1599	0.0930455029011
1599	1598	0.0930455029011
1599	1600	0.0930455029011
1600	1599	0.0930455029011
1600	1601	0.0930455029011
1601	1600	0.0930455029011
1601	1602	0.0930455029011
1602	1601	0.0930455029011
1602	1603	0.0930455029011
1603	1602	0.0930455029011
1603	1604	0.0930455029011
1604	1603	0.0930455029011
1604	1605	0.0930455029011
1605	1604	0.0930455029011
1605	1606	0.0930455029011
1606	1605	0.0930455029011
1606	1607	0.0930455029011
1607	1606	0.0930455029011
1607	1608	0.0930455029011
1608	1607	0.0930455029011
1608	1609	0.0930455029011
1609	1608	0.0930455029011
1609	1610	0.0930455029011
1610	1609	0.0930455029011
1610	1611	0.0930455029011
1611	1610	0.0930455029011
1611	1612	0.0930455029011
1612	1611	0.0930455029011
1612	1613	0.0930455029011
1613	1612	0.0930455029011
1613	1614	0.0930455029011
1614	1613	0.0930455029011
1614	1615	0.0930455029011
1615	1614	0.0930455029011
1615	1616	0.0930455029011
1616	1615	0.0930455029011
1616	1617	0.0930455029011
1617	1616	0.0930455029011
1617	1618	0.0930455029011
1618	1617	0.0930455029011
1618	1619	0.0930455029011
1619	1618	0.0930455029011
1619	1620	0.0930455029011
1620	1619	0.0930455029011
1620	1621	0.0930455029011
1621	1620	0.0930455029011
1621	1622	0.0930455029011
1622	1621	0.0930455029011
1622	1623	0.0930455029011
1623	1622	0.0930455029011
1623	1624	0.0930455029011
1624	1623	0.0930455029011
1624	1625	0.0930455029011
1625	1624	0.0930455029011
1625	1626	0.0930455029011
1626	1625	0.0930455029011
1626	1627	0.0930455029011
1627	1626	0.0930455029011
1627	1628	0.0930455029011
1628	1627	0.0930455029011
1628	1629	0.0930455029011
1629	1628	0.0930455029011
1629	1630	0.0930455029011
1630	1629	0.0930455029011
1630	1631	0.0930455029011
1631	1630	0.0930455029011
1631	1632	0.0930455029011
1632	1631	0.0930455029011
1632	1633	0.0930455029011
1633	1632	0.0930455029011
1633	1634	0.0930455029011
1634	1633	0.0930455029011
1634	1635	0.0930455029011
1635	1634	0.0930455029011
1635	1636	0.0930455029011
1636	1635	0.0930455029011
1636	1637	0.0930455029011
1637	1636	0.0930455029011
1637	1638	0.0930455029011
1638	1637	0.0930455029011
1638	1639	0.0930455029011
1639	1638	0.0930455029011
1639	1640	0.0930455029011
1640	1639	0.0930455029011
1640	1641	0.0930455029011
1641	1640	0.0930455029011
1641	1642	0.0930455029011
1642	1641	0.0930455029011
1642	1643	0.0930455029011
1643	1642	0.0930455029011
1643	1644	0.0930455029011
1644	1643	0.0930455029011
1644	1645	0.0930455029011
1645	1644	0.0930455029011
1645	1646	0.0930455029011
1646	1645	0.0930455029011
1646	1647	0.0930455029011
1647	1646	0.0930455029011
1647	1648	0.0930455029011
1648	1647	0.0930455029011
1648	1649	0.0896534994245
1648	1721	0.043955501169
1649	1648	0.0896534994245
1649	1650	0.0896534994245
1650	1649	0.0896534994245
1650	1651	0.0896534994245
1651	1650	0.0896534994245
1651	1652	0.0896534994245
1652	1651	0.0896534994245
1652	1653	0.0896534994245
1653	1652	0.0896534994245
1653	1654	0.0896534994245
1654	1653	0.0896534994245
1654	1655	0.0896534994245
1655	1654	0.0896534994245
1655	1656	0.0896534994245
1656	1655	0.0896534994245
1656	1657	0.0896534994245
1657	1656	0.0896534994245
1657	1658	0.0896534994245
1658	1657	0.0896534994245
1658	1659	0.0896534994245
1659	1658	0.0896534994245
1659	1660	0.0896534994245
1660	1659	0.0896534994245
1660	1661	0.0896534994245
1661	1660	0.0896534994245
1661	1662	0.0896534994245
1662	1661	0.0896534994245
1662	1663	0.0896534994245
1663	1662	0.0896534994245
1663	1664	0.0896534994245
1664	1663	0.0896534994245
1664	1665	0.0896534994245
1665	1664	0.0896534994245
1665	1666	0.0896534994245
1666	1665	0.0896534994245
1666	1667	0.0896534994245
1667	1666	0.0896534994245
1667	1668	0.0896534994245
1668	1667	0.0896534994245
1668	1669	0.0896534994245
1669	1668	0.0896534994245
1669	1670	0.0896534994245
1670	1669	0.0896534994245
1670	1671	0.0896534994245
1671	1670	0.0896534994245
1671	1672	0.0896534994245
1672	1671	0.0896534994245
1672	1673	0.0753900036216
1672	1703	0.0663525015116
1673	1672	0.0753900036216
1673	1674	0.0753900036216
1674	1673	0.0753900036216
1674	1675	0.0753900036216
1675	1674	0.0753900036216
1675	1676	0.0753900036216
1676	1675	0.0753900036216
1676	1677	0.0753900036216
1677	1676	0.0753900036216
1677	1678	0.0753900036216
1678	1677	0.0753900036216
1678	1679	0.0753900036216
1679	1678	0.0753900036216
1679	1680	0.0753900036216
1680	1679	0.0753900036216
1680	1681	0.0753900036216
1681	1680	0.0753900036216
1681	1682	0.0753900036216
1682	1681	0.0753900036216
1682	1683	0.0753900036216
1683	1682	0.0753900036216
1683	1684	0.0753900036216
1684	1683	0.0753900036216
1684	1685	0.0753900036216
1685	1684	0.0753900036216
1685	1686	0.0753900036216
1686	1685	0.0753900036216
1686	1687	0.0753900036216
1687	1686	0.0753900036216
1687	1688	0.0753900036216
1688	1687	0.0753900036216
1688	1689	0.0753900036216
1689	1688	0.0753900036216
1689	1690	0.0753900036216
1690	1689	0.0753900036216
1690	1691	0.0753900036216
1691	1690	0.0753900036216
1691	1692	0.0753900036216
1692	1691	0.0753900036216
1692	1693	0.0753900036216
1693	1692	0.0753900036216
1693	1694	0.0753900036216
1694	1693	0.0753900036216
1694	1695	0.0753900036216
1695	1694	0.0753900036216
1695	1696	0.0753900036216
1696	1695	0.0753900036216
1696	1697	0.0753900036216
1697	1696	0.0753900036216
1697	1698	0.0753900036216
1698	1697	0.0753900036216
1698	1699	0.0753900036216
1699	1698	0.0753900036216
1699	1700	0.0753900036216
1700	1699	0.0753900036216
1700	1701	0.0753900036216
1701	1700	0.0753900036216
1701	1702	0.0753900036216
1702	1701	0.0753900036216
1703	1672	0.0663525015116
1703	1704	0.0663525015116
1704	1703	0.0663525015116
1704	1705	0.0663525015116
1705	1704	0.0663525015116
1705	1706	0.0663525015116
1706	1705	0.0663525015116
1706	1707	0.0663525015116
1707	1706	0.0663525015116
1707	1708	0.0663525015116
1708	1707	0.0663525015116
1708	1709	0.0663525015116
1709	1708	0.0663525015116
1709	1710	0.0663525015116
1710	1709	0.0663525015116
1710	1711	0.0663525015116
1711	1710	0.0663525015116
1711	1712	0.0663525015116
1712	1711	0.0663525015116
1712	1713	0.0663525015116
1713	1712	0.0663525015116
1713	1714	0.0663525015116
1714	1713	0.0663525015116
1714	1715	0.0663525015116
1715	1714	0.0663525015116
1715	1716	0.0663525015116
1716	1715	0.0663525015116
1716	1717	0.0663525015116
1717	1716	0.0663525015116
1717	1718	0.0663525015116
1718	1717	0.0663525015116
1718	1719	0.0663525015116
1719	1718	0.0663525015116
1719	1720	0.0663525015116
1720	1719	0.0663525015116
1721	1648	0.043955501169
1721	1722	0.043955501169
1722	1721	0.043955501169
1722	1723	0.043955501169
1723	1722	0.043955501169
1723	1724	0.043955501169
1724	1723	0.043955501169
1724	1725	0.043955501169
1725	1724	0.043955501169
1725	1726	0.043955501169
1726	1725	0.043955501169
1727	1575	0.0412009991705
1727	1728	0.0412009991705
1728	1727	0.0412009991705
1728	1729	0.0412009991705
1729	1728	0.0412009991705
1729	1730	0.0412009991705
1730	1729	0.0412009991705
1730	1731	0.0412009991705
1731	1730	0.0412009991705
1731	1732	0.0412009991705
1732	1731	0.0412009991705
1732	1733	0.0412009991705
1733	1732	0.0412009991705
1733	1734	0.0412009991705
1734	1733	0.0412009991705
1734	1735	0.0412009991705
1735	1734	0.0412009991705
1735	1736	0.0412009991705
1736	1735	0.0412009991705
1736	1737	0.0412009991705
1737	1736	0.0412009991705
1737	1738	0.0412009991705
1738	1737	0.0412009991705
1738	1739	0.0412009991705
1739	1738	0.0412009991705
1740	1490	0.0368385016918
1740	1741	0.0368385016918
1741	1740	0.0368385016918
1741	1742	0.0368385016918
1742	1741	0.0368385016918
1742	1743	0.0368385016918
1743	1742	0.0368385016918
1743	1744	0.0368385016918
1744	1743	0.0368385016918
1744	1745	0.0368385016918
1745	1744	0.0368385016918
1745	1746	0.0368385016918
1746	1745	0.0368385016918
1746	1747	0.0368385016918
1747	1746	0.0368385016918
1747	1748	0.0368385016918
1748	1747	0.0368385016918
1749	1100	0.0560929998755
1749	1750	0.0560929998755
1750	1749	0.0560929998755
1750	1751	0.0560929998755
1751	1750	0.0560929998755
1751	1752	0.0560929998755
1752	1751	0.0560929998755
1752	1753	0.0560929998755
1753	1752	0.0560929998755
1753	1754	0.0560929998755
1754	1753	0.0560929998755
1754	1755	0.0560929998755
1755	1754	0.0560929998755
1755	1756	0.0560929998755
1756	1755	0.0560929998755
1756	1757	0.0560929998755
1757	1756	0.0560929998755
1757	1758	0.0560929998755
1758	1757	0.0560929998755
1758	1759	0.0560929998755
1759	1758	0.0560929998755
1759	1760	0.0560929998755
1760	1759	0.0560929998755
1760	1761	0.0560929998755
1761	1760	0.0560929998755
1761	1762	0.0560929998755
1762	1761	0.0560929998755
1762	1763	0.0477804988623
1762	1784	0.0406979992986
1763	1762	0.0477804988623
1763	1764	0.0477804988623
1764	1763	0.0477804988623
1764	1765	0.0477804988623
1765	1764	0.0477804988623
1765	1766	0.0477804988623
1766	1765	0.0477804988623
1766	1767	0.0477804988623
1767	1766	0.0477804988623
1767	1768	0.0477804988623
1768	1767	0.0477804988623
1768	1769	0.0477804988623
1769	1768	0.0477804988623
1769	1770	0.0477804988623
1770	1769	0.0477804988623
1770	1771	0.0477804988623
1771	1770	0.0477804988623
1771	1772	0.0477804988623
1772	1771	0.0477804988623
1772	1773	0.0477804988623
1773	1772	0.0477804988623
1773	1774	0.0477804988623
1774	1773	0.0477804988623
1774	1775	0.0477804988623
1775	1774	0.0477804988623
1775	1776	0.0477804988623
1776	1775	0.0477804988623
1776	1777	0.0477804988623
1777	1776	0.0477804988623
1777	1778	0.0477804988623
1778	1777	0.0477804988623
1778	1779	0.0477804988623
1779	1778	0.0477804988623
1779	1780	0.0477804988623
1780	1779	0.0477804988623
1780	1781	0.0477804988623
1781	1780	0.0477804988623
1781	1782	0.0477804988623
1782	1781	0.0477804988623
1782	1783	0.0477804988623
1783	1782	0.0477804988623
1784	1762	0.0406979992986
1784	1785	0.0406979992986
1785	1784	0.0406979992986
1785	1786	0.0406979992986
1786	1785	0.0406979992986
1786	1787	0.0406979992986
1787	1786	0.0406979992986
1787	1788	0.0406979992986
1788	1787	0.0406979992986
1788	1789	0.0406979992986
1789	1788	0.0406979992986
1789	1790	0.0406979992986
1790	1789	0.0406979992986
1790	1791	0.0406979992986
1791	1790	0.0406979992986
1791	1792	0.0406979992986
1792	1791	0.0406979992986
1792	1793	0.0406979992986
1793	1792	0.0406979992986
1793	1794	0.0406979992986
1794	1793	0.0406979992986
1795	1045	0.329405486584
1795	1796	0.329405486584
1796	1795	0.329405486584
1796	1797	0.329405486584
1797	1796	0.329405486584
1797	1798	0.329405486584
1798	1797	0.329405486584
1798	1799	0.329405486584
1799	1798	0.329405486584
1799	1800	0.329405486584
1800	1799	0.329405486584
1800	1801	0.329405486584
1801	1800	0.329405486584
1801	1802	0.329405486584
1802	1801	0.329405486584
1802	1803	0.329405486584
1803	1802	0.329405486584
1803	1804	0.329405486584
1804	1803	0.329405486584
1804	1805	0.329405486584
1805	1804	0.329405486584
1805	1806	0.329405486584
1806	1805	0.329405486584
1806	1807	0.329405486584
1807	1806	0.329405486584
1807	1808	0.329405486584
1808	1807	0.329405486584
1808	1809	0.329405486584
1809	1808	0.329405486584
1809	1810	0.329405486584
1810	1809	0.329405486584
1810	1811	0.329405486584
1811	1810	0.329405486584
1811	1812	0.329405486584
1812	1811	0.329405486584
1812	1813	0.329405486584
1813	1812	0.329405486584
1813	1814	0.329405486584
1814	1813	0.329405486584
1814	1815	0.329405486584
1815	1814	0.329405486584
1815	1816	0.329405486584
1816	1815	0.329405486584
1816	1817	0.329405486584
1817	1816	0.329405486584
1817	1818	0.329405486584
1818	1817	0.329405486584
1818	1819	0.329405486584
1819	1818	0.329405486584
1819	1820	0.329405486584
1820	1819	0.329405486584
1820	1821	0.329405486584
1821	1820	0.329405486584
1821	1822	0.329405486584
1822	1821	0.329405486584
1822	1823	0.329405486584
1823	1822	0.329405486584
1823	1824	0.329405486584
1824	1823	0.329405486584
1824	1825	0.329115986824
1824	8382	0.0455015003681
1825	1824	0.329115986824
1825	1826	0.329115986824
1826	1825	0.329115986824
1826	1827	0.329115986824
1827	1826	0.329115986824
1827	1828	0.329115986824
1828	1827	0.329115986824
1828	1829	0.329115986824
1829	1828	0.329115986824
1829	1830	0.329115986824
1830	1829	0.329115986824
1830	1831	0.329115986824
1831	1830	0.329115986824
1831	1832	0.329115986824
1832	1831	0.329115986824
1832	1833	0.329115986824
1833	1832	0.329115986824
1833	1834	0.329115986824
1834	1833	0.329115986824
1834	1835	0.329115986824
1835	1834	0.329115986824
1835	1836	0.329115986824
1836	1835	0.329115986824
1836	1837	0.329115986824
1837	1836	0.329115986824
1837	1838	0.329115986824
1838	1837	0.329115986824
1838	1839	0.329115986824
1839	1838	0.329115986824
1839	1840	0.329115986824
1840	1839	0.329115986824
1840	1841	0.329115986824
1841	1840	0.329115986824
1841	1842	0.329115986824
1842	1841	0.329115986824
1842	1843	0.329115986824
1843	1842	0.329115986824
1843	1844	0.329115986824
1844	1843	0.329115986824
1844	1845	0.329115986824
1845	1844	0.329115986824
1845	1846	0.329115986824
1846	1845	0.329115986824
1846	1847	0.329115986824
1847	1846	0.329115986824
1847	1848	0.329115986824
1848	1847	0.329115986824
1848	1849	0.329115986824
1849	1848	0.329115986824
1849	1850	0.329115986824
1850	1849	0.329115986824
1850	1851	0.329115986824
1851	1850	0.329115986824
1851	1852	0.329115986824
1852	1851	0.329115986824
1852	1853	0.329115986824
1853	1852	0.329115986824
1853	1854	0.329115986824
1854	1853	0.329115986824
1854	1855	0.324152499437
1854	7968	0.116685502231
1855	1854	0.324152499437
1855	1856	0.324152499437
1856	1855	0.324152499437
1856	1857	0.324152499437
1857	1856	0.324152499437
1857	1858	0.324152499437
1858	1857	0.324152499437
1858	1859	0.324152499437
1859	1858	0.324152499437
1859	1860	0.324152499437
1860	1859	0.324152499437
1860	1861	0.324152499437
1861	1860	0.324152499437
1861	1862	0.324152499437
1862	1861	0.324152499437
1862	1863	0.324152499437
1863	1862	0.324152499437
1863	1864	0.324152499437
1864	1863	0.324152499437
1864	1865	0.324152499437
1865	1864	0.324152499437
1865	1866	0.324152499437
1866	1865	0.324152499437
1866	1867	0.324152499437
1867	1866	0.324152499437
1867	1868	0.324152499437
1868	1867	0.324152499437
1868	1869	0.324152499437
1869	1868	0.324152499437
1869	1870	0.324152499437
1870	1869	0.324152499437
1870	1871	0.324152499437
1871	1870	0.324152499437
1871	1872	0.324152499437
1872	1871	0.324152499437
1872	1873	0.324152499437
1873	1872	0.324152499437
1873	1874	0.324152499437
1874	1873	0.324152499437
1874	1875	0.138623505831
1874	2545	0.315471500158
1875	1874	0.138623505831
1875	1876	0.138623505831
1876	1875	0.138623505831
1876	1877	0.138623505831
1877	1876	0.138623505831
1877	1878	0.138623505831
1878	1877	0.138623505831
1878	1879	0.138623505831
1879	1878	0.138623505831
1879	1880	0.138623505831
1880	1879	0.138623505831
1880	1881	0.138623505831
1881	1880	0.138623505831
1881	1882	0.138623505831
1882	1881	0.138623505831
1882	1883	0.138623505831
1883	1882	0.138623505831
1883	1884	0.138623505831
1884	1883	0.138623505831
1884	1885	0.138623505831
1885	1884	0.138623505831
1885	1886	0.138623505831
1886	1885	0.138623505831
1886	1887	0.138623505831
1887	1886	0.138623505831
1887	1888	0.138623505831
1888	1887	0.138623505831
1888	1889	0.138623505831
1889	1888	0.138623505831
1889	1890	0.138623505831
1890	1889	0.138623505831
1890	1891	0.138623505831
1891	1890	0.138623505831
1891	1892	0.138623505831
1892	1891	0.138623505831
1892	1893	0.138623505831
1893	1892	0.138623505831
1893	1894	0.138623505831
1894	1893	0.138623505831
1894	1895	0.138623505831
1895	1894	0.138623505831
1895	1896	0.138623505831
1896	1895	0.138623505831
1896	1897	0.138623505831
1897	1896	0.138623505831
1897	1898	0.138623505831
1898	1897	0.138623505831
1898	1899	0.0423009991646
1898	1921	0.1372974962
1899	1898	0.0423009991646
1899	1900	0.0423009991646
1900	1899	0.0423009991646
1900	1901	0.0423009991646
1901	1900	0.0423009991646
1901	1902	0.0423009991646
1902	1901	0.0423009991646
1902	1903	0.0423009991646
1903	1902	0.0423009991646
1903	1904	0.0423009991646
1904	1903	0.0423009991646
1904	1905	0.0423009991646
1905	1904	0.0423009991646
1905	1906	0.0423009991646
1906	1905	0.0423009991646
1906	1907	0.0423009991646
1907	1906	0.0423009991646
1907	1908	0.0423009991646
1908	1907	0.0423009991646
1908	1909	0.0423009991646
1909	1908	0.0423009991646
1909	1910	0.0423009991646
1910	1909	0.0423009991646
1910	1911	0.0423009991646
1911	1910	0.0423009991646
1911	1912	0.0423009991646
1912	1911	0.0423009991646
1912	1913	0.0423009991646
1913	1912	0.0423009991646
1913	1914	0.0423009991646
1914	1913	0.0423009991646
1914	1915	0.0423009991646
1915	1914	0.0423009991646
1915	1916	0.0423009991646
1916	1915	0.0423009991646
1916	1917	0.0423009991646
1917	1916	0.0423009991646
1917	1918	0.0423009991646
1918	1917	0.0423009991646
1918	1919	0.0423009991646
1919	1918	0.0423009991646
1919	1920	0.0423009991646
1920	1919	0.0423009991646
1921	1898	0.1372974962
1921	1922	0.1372974962
1922	1921	0.1372974962
1922	1923	0.1372974962
1923	1922	0.1372974962
1923	1924	0.1372974962
1924	1923	0.1372974962
1924	1925	0.1372974962
1925	1924	0.1372974962
1925	1926	0.1372974962
1926	1925	0.1372974962
1926	1927	0.1372974962
1927	1926	0.1372974962
1927	1928	0.1372974962
1928	1927	0.1372974962
1928	1929	0.1372974962
1929	1928	0.1372974962
1929	1930	0.1372974962
1930	1929	0.1372974962
1930	1931	0.1372974962
1931	1930	0.1372974962
1931	1932	0.1372974962
1932	1931	0.1372974962
1932	1933	0.1372974962
1933	1932	0.1372974962
1933	1934	0.1372974962
1934	1933	0.1372974962
1934	1935	0.1372974962
1935	1934	0.1372974962
1935	1936	0.1372974962
1936	1935	0.1372974962
1936	1937	0.1372974962
1937	1936	0.1372974962
1937	1938	0.1372974962
1938	1937	0.1372974962
1938	1939	0.1372974962
1939	1938	0.1372974962
1939	1940	0.1372974962
1940	1939	0.1372974962
1940	1941	0.1372974962
1941	1940	0.1372974962
1941	1942	0.1372974962
1942	1941	0.1372974962
1942	1943	0.1372974962
1943	1942	0.1372974962
1943	1944	0.1372974962
1944	1943	0.1372974962
1944	1945	0.0644555017352
1944	2027	0.132389500737
1945	1944	0.0644555017352
1945	1946	0.0644555017352
1946	1945	0.0644555017352
1946	1947	0.0644555017352
1947	1946	0.0644555017352
1947	1948	0.0441625006497
1947	1969	0.0566340014338
1948	1947	0.0441625006497
1948	1949	0.0441625006497
1949	1948	0.0441625006497
1949	1950	0.0441625006497
1950	1949	0.0441625006497
1950	1951	0.0441625006497
1951	1950	0.0441625006497
1951	1952	0.0441625006497
1952	1951	0.0441625006497
1952	1953	0.0441625006497
1953	1952	0.0441625006497
1953	1954	0.0441625006497
1954	1953	0.0441625006497
1954	1955	0.0441625006497
1955	1954	0.0441625006497
1955	1956	0.0441625006497
1956	1955	0.0441625006497
1956	1957	0.0441625006497
1957	1956	0.0441625006497
1957	1958	0.0441625006497
1958	1957	0.0441625006497
1958	1959	0.0441625006497
1959	1958	0.0441625006497
1959	1960	0.0441625006497
1960	1959	0.0441625006497
1960	1961	0.0441625006497
1961	1960	0.0441625006497
1961	1962	0.0441625006497
1962	1961	0.0441625006497
1962	1963	0.0441625006497
1963	1962	0.0441625006497
1963	1964	0.0441625006497
1964	1963	0.0441625006497
1964	1965	0.0441625006497
1965	1964	0.0441625006497
1965	1966	0.0441625006497
1966	1965	0.0441625006497
1966	1967	0.0441625006497
1967	1966	0.0441625006497
1967	1968	0.0441625006497
1968	1967	0.0441625006497
1969	1947	0.0566340014338
1969	1970	0.0566340014338
1970	1969	0.0566340014338
1970	1971	0.0566340014338
1971	1970	0.0566340014338
1971	1972	0.0566340014338
1972	1971	0.0566340014338
1972	1973	0.0566340014338
1973	1972	0.0566340014338
1973	1974	0.0566340014338
1974	1973	0.0566340014338
1974	1975	0.0566340014338
1975	1974	0.0566340014338
1975	1976	0.0566340014338
1976	1975	0.0566340014338
1976	1977	0.0566340014338
1977	1976	0.0566340014338
1977	1978	0.0566340014338
1978	1977	0.0566340014338
1978	1979	0.0566340014338
1979	1978	0.0566340014338
1979	1980	0.0566340014338
1980	1979	0.0566340014338
1980	1981	0.0566340014338
1981	1980	0.0566340014338
1981	1982	0.0566340014338
1982	1981	0.0566340014338
1982	1983	0.0566340014338
1983	1982	0.0566340014338
1983	1984	0.0566340014338
1984	1983	0.0566340014338
1984	1985	0.0566340014338
1985	1984	0.0566340014338
1985	1986	0.0566340014338
1986	1985	0.0566340014338
1986	1987	0.0566340014338
1987	1986	0.0566340014338
1987	1988	0.0566340014338
1988	1987	0.0566340014338
1988	1989	0.0566340014338
1989	1988	0.0566340014338
1989	1990	0.0566340014338
1990	1989	0.0566340014338
1990	1991	0.0566340014338
1991	1990	0.0566340014338
1991	1992	0.0566340014338
1992	1991	0.0566340014338
1992	1993	0.0566340014338
1993	1992	0.0566340014338
1993	1994	0.0566340014338
1994	1993	0.0566340014338
1994	1995	0.0566340014338
1995	1994	0.0566340014338
1995	1996	0.0566340014338
1996	1995	0.0566340014338
1996	1997	0.0566340014338
1997	1996	0.0566340014338
1997	1998	0.0566340014338
1998	1997	0.0566340014338
1998	1999	0.0566340014338
1999	1998	0.0566340014338
1999	2000	0.0566340014338
2000	1999	0.0566340014338
2000	2001	0.0566340014338
2001	2000	0.0566340014338
2001	2002	0.0566340014338
2002	2001	0.0566340014338
2002	2003	0.0566340014338
2003	2002	0.0566340014338
2003	2004	0.0566340014338
2004	2003	0.0566340014338
2004	2005	0.0566340014338
2005	2004	0.0566340014338
2005	2006	0.0566340014338
2006	2005	0.0566340014338
2006	2007	0.0566340014338
2007	2006	0.0566340014338
2007	2008	0.0566340014338
2008	2007	0.0566340014338
2008	2009	0.0566340014338
2009	2008	0.0566340014338
2009	2010	0.0566340014338
2010	2009	0.0566340014338
2010	2011	0.0566340014338
2011	2010	0.0566340014338
2011	2012	0.0566340014338
2012	2011	0.0566340014338
2012	2013	0.0566340014338
2013	2012	0.0566340014338
2013	2014	0.0566340014338
2014	2013	0.0566340014338
2014	2015	0.0566340014338
2015	2014	0.0566340014338
2015	2016	0.0566340014338
2016	2015	0.0566340014338
2016	2017	0.0566340014338
2017	2016	0.0566340014338
2017	2018	0.0566340014338
2018	2017	0.0566340014338
2018	2019	0.0566340014338
2019	2018	0.0566340014338
2019	2020	0.0566340014338
2020	2019	0.0566340014338
2020	2021	0.0566340014338
2021	2020	0.0566340014338
2021	2022	0.0566340014338
2022	2021	0.0566340014338
2022	2023	0.0566340014338
2023	2022	0.0566340014338
2023	2024	0.0566340014338
2024	2023	0.0566340014338
2024	2025	0.0566340014338
2025	2024	0.0566340014338
2025	2026	0.0566340014338
2026	2025	0.0566340014338
2027	1944	0.132389500737
2027	2028	0.132389500737
2028	2027	0.132389500737
2028	2029	0.132389500737
2029	2028	0.132389500737
2029	2030	0.132389500737
2030	2029	0.132389500737
2030	2031	0.112558998168
2030	2328	0.096344999969
2031	2030	0.112558998168
2031	2032	0.112558998168
2032	2031	0.112558998168
2032	2033	0.112558998168
2033	2032	0.112558998168
2033	2034	0.112558998168
2034	2033	0.112558998168
2034	2035	0.109793998301
2034	2301	0.0468035005033
2035	2034	0.109793998301
2035	2036	0.109793998301
2036	2035	0.109793998301
2036	2037	0.109793998301
2037	2036	0.109793998301
2037	2038	0.109793998301
2038	2037	0.109793998301
2038	2039	0.109793998301
2039	2038	0.109793998301
2039	2040	0.109793998301
2040	2039	0.109793998301
2040	2041	0.109793998301
2041	2040	0.109793998301
2041	2042	0.109793998301
2042	2041	0.109793998301
2042	2043	0.109793998301
2043	2042	0.109793998301
2043	2044	0.109793998301
2044	2043	0.109793998301
2044	2045	0.109793998301
2045	2044	0.109793998301
2045	2046	0.109793998301
2046	2045	0.109793998301
2046	2047	0.109793998301
2047	2046	0.109793998301
2047	2048	0.109793998301
2048	2047	0.109793998301
2048	2049	0.109793998301
2049	2048	0.109793998301
2049	2050	0.109793998301
2050	2049	0.109793998301
2050	2051	0.109793998301
2051	2050	0.109793998301
2051	2052	0.109793998301
2052	2051	0.109793998301
2052	2053	0.109793998301
2053	2052	0.109793998301
2053	2054	0.109793998301
2054	2053	0.109793998301
2054	2055	0.109793998301
2055	2054	0.109793998301
2055	2056	0.109793998301
2056	2055	0.109793998301
2056	2057	0.109793998301
2057	2056	0.109793998301
2057	2058	0.109793998301
2058	2057	0.109793998301
2058	2059	0.109793998301
2059	2058	0.109793998301
2059	2060	0.109793998301
2060	2059	0.109793998301
2060	2061	0.109793998301
2061	2060	0.109793998301
2061	2062	0.109793998301
2062	2061	0.109793998301
2062	2063	0.109793998301
2063	2062	0.109793998301
2063	2064	0.109793998301
2064	2063	0.109793998301
2064	2065	0.109793998301
2065	2064	0.109793998301
2065	2066	0.109793998301
2066	2065	0.109793998301
2066	2067	0.109793998301
2067	2066	0.109793998301
2067	2068	0.109793998301
2068	2067	0.109793998301
2068	2069	0.0667124986649
2068	2125	0.100879997015
2069	2068	0.0667124986649
2069	2070	0.0667124986649
2070	2069	0.0667124986649
2070	2071	0.0667124986649
2071	2070	0.0667124986649
2071	2072	0.0667124986649
2072	2071	0.0667124986649
2072	2073	0.0667124986649
2073	2072	0.0667124986649
2073	2074	0.0667124986649
2074	2073	0.0667124986649
2074	2075	0.0667124986649
2075	2074	0.0667124986649
2075	2076	0.0667124986649
2076	2075	0.0667124986649
2076	2077	0.0667124986649
2077	2076	0.0667124986649
2077	2078	0.0667124986649
2078	2077	0.0667124986649
2078	2079	0.0667124986649
2079	2078	0.0667124986649
2079	2080	0.0667124986649
2080	2079	0.0667124986649
2080	2081	0.0667124986649
2081	2080	0.0667124986649
2081	2082	0.0667124986649
2082	2081	0.0667124986649
2082	2083	0.0610115006566
2082	2118	0.0411729998887
2083	2082	0.0610115006566
2083	2084	0.0610115006566
2084	2083	0.0610115006566
2084	2085	0.0610115006566
2085	2084	0.0610115006566
2085	2086	0.0610115006566
2086	2085	0.0610115006566
2086	2087	0.0610115006566
2087	2086	0.0610115006566
2087	2088	0.0610115006566
2088	2087	0.0610115006566
2088	2089	0.0610115006566
2089	2088	0.0610115006566
2089	2090	0.0610115006566
2090	2089	0.0610115006566
2090	2091	0.0610115006566
2091	2090	0.0610115006566
2091	2092	0.0610115006566
2092	2091	0.0610115006566
2092	2093	0.0610115006566
2093	2092	0.0610115006566
2093	2094	0.0610115006566
2094	2093	0.0610115006566
2094	2095	0.0610115006566
2095	2094	0.0610115006566
2095	2096	0.0610115006566
2096	2095	0.0610115006566
2096	2097	0.0610115006566
2097	2096	0.0610115006566
2097	2098	0.0610115006566
2098	2097	0.0610115006566
2098	2099	0.0610115006566
2099	2098	0.0610115006566
2099	2100	0.0610115006566
2100	2099	0.0610115006566
2100	2101	0.0610115006566
2101	2100	0.0610115006566
2101	2102	0.0610115006566
2102	2101	0.0610115006566
2102	2103	0.0610115006566
2103	2102	0.0610115006566
2103	2104	0.0610115006566
2104	2103	0.0610115006566
2104	2105	0.0610115006566
2105	2104	0.0610115006566
2105	2106	0.0610115006566
2106	2105	0.0610115006566
2106	2107	0.0610115006566
2107	2106	0.0610115006566
2107	2108	0.0610115006566
2108	2107	0.0610115006566
2108	2109	0.0610115006566
2109	2108	0.0610115006566
2109	2110	0.0610115006566
2110	2109	0.0610115006566
2110	2111	0.0610115006566
2111	2110	0.0610115006566
2111	2112	0.0610115006566
2112	2111	0.0610115006566
2112	2113	0.0610115006566
2113	2112	0.0610115006566
2113	2114	0.0610115006566
2114	2113	0.0610115006566
2114	2115	0.0610115006566
2115	2114	0.0610115006566
2115	2116	0.0610115006566
2116	2115	0.0610115006566
2116	2117	0.0610115006566
2117	2116	0.0610115006566
2118	2082	0.0411729998887
2118	2119	0.0411729998887
2119	2118	0.0411729998887
2119	2120	0.0411729998887
2120	2119	0.0411729998887
2120	2121	0.0411729998887
2121	2120	0.0411729998887
2121	2122	0.0411729998887
2122	2121	0.0411729998887
2122	2123	0.0411729998887
2123	2122	0.0411729998887
2123	2124	0.0411729998887
2124	2123	0.0411729998887
2125	2068	0.100879997015
2125	2126	0.100879997015
2126	2125	0.100879997015
2126	2127	0.100879997015
2127	2126	0.100879997015
2127	2128	0.100879997015
2128	2127	0.100879997015
2128	2129	0.100879997015
2129	2128	0.100879997015
2129	2130	0.100879997015
2130	2129	0.100879997015
2130	2131	0.100879997015
2131	2130	0.100879997015
2131	2132	0.100879997015
2132	2131	0.100879997015
2132	2133	0.100879997015
2133	2132	0.100879997015
2133	2134	0.100879997015
2134	2133	0.100879997015
2134	2135	0.100879997015
2135	2134	0.100879997015
2135	2136	0.0970190018415
2135	2283	0.0484065003693
2136	2135	0.0970190018415
2136	2137	0.0970190018415
2137	2136	0.0970190018415
2137	2138	0.0970190018415
2138	2137	0.0970190018415
2138	2139	0.0970190018415
2139	2138	0.0970190018415
2139	2140	0.0970190018415
2140	2139	0.0970190018415
2140	2141	0.0970190018415
2141	2140	0.0970190018415
2141	2142	0.0970190018415
2142	2141	0.0970190018415
2142	2143	0.0970190018415
2143	2142	0.0970190018415
2143	2144	0.0970190018415
2144	2143	0.0970190018415
2144	2145	0.0970190018415
2145	2144	0.0970190018415
2145	2146	0.0970190018415
2146	2145	0.0970190018415
2146	2147	0.0569679997861
2146	2177	0.0899719968438
2147	2146	0.0569679997861
2147	2148	0.0569679997861
2148	2147	0.0569679997861
2148	2149	0.0569679997861
2149	2148	0.0569679997861
2149	2150	0.0569679997861
2150	2149	0.0569679997861
2150	2151	0.0569679997861
2151	2150	0.0569679997861
2151	2152	0.0569679997861
2152	2151	0.0569679997861
2152	2153	0.0569679997861
2153	2152	0.0569679997861
2153	2154	0.0569679997861
2154	2153	0.0569679997861
2154	2155	0.0569679997861
2155	2154	0.0569679997861
2155	2156	0.0569679997861
2156	2155	0.0569679997861
2156	2157	0.0569679997861
2157	2156	0.0569679997861
2157	2158	0.0569679997861
2158	2157	0.0569679997861
2158	2159	0.0569679997861
2159	2158	0.0569679997861
2159	2160	0.0569679997861
2160	2159	0.0569679997861
2160	2161	0.0569679997861
2161	2160	0.0569679997861
2161	2162	0.0569679997861
2162	2161	0.0569679997861
2162	2163	0.0569679997861
2163	2162	0.0569679997861
2163	2164	0.0569679997861
2164	2163	0.0569679997861
2164	2165	0.0569679997861
2165	2164	0.0569679997861
2165	2166	0.0569679997861
2166	2165	0.0569679997861
2166	2167	0.0569679997861
2167	2166	0.0569679997861
2167	2168	0.0569679997861
2168	2167	0.0569679997861
2168	2169	0.0569679997861
2169	2168	0.0569679997861
2169	2170	0.0569679997861
2170	2169	0.0569679997861
2170	2171	0.0569679997861
2171	2170	0.0569679997861
2171	2172	0.0569679997861
2172	2171	0.0569679997861
2172	2173	0.0569679997861
2173	2172	0.0569679997861
2173	2174	0.0569679997861
2174	2173	0.0569679997861
2174	2175	0.0569679997861
2175	2174	0.0569679997861
2175	2176	0.0569679997861
2176	2175	0.0569679997861
2177	2146	0.0899719968438
2177	2178	0.0899719968438
2178	2177	0.0899719968438
2178	2179	0.0899719968438
2179	2178	0.0899719968438
2179	2180	0.0899719968438
2180	2179	0.0899719968438
2180	2181	0.0899719968438
2181	2180	0.0899719968438
2181	2182	0.0899719968438
2182	2181	0.0899719968438
2182	2183	0.0899719968438
2183	2182	0.0899719968438
2183	2184	0.0899719968438
2184	2183	0.0899719968438
2184	2185	0.0899719968438
2185	2184	0.0899719968438
2185	2186	0.0899719968438
2186	2185	0.0899719968438
2186	2187	0.0899719968438
2187	2186	0.0899719968438
2187	2188	0.0899719968438
2188	2187	0.0899719968438
2188	2189	0.0899719968438
2189	2188	0.0899719968438
2189	2190	0.0899719968438
2190	2189	0.0899719968438
2190	2191	0.0899719968438
2191	2190	0.0899719968438
2191	2192	0.0899719968438
2192	2191	0.0899719968438
2192	2193	0.0899719968438
2193	2192	0.0899719968438
2193	2194	0.0496219992638
2193	2206	0.084629997611
2194	2193	0.0496219992638
2194	2195	0.0496219992638
2195	2194	0.0496219992638
2195	2196	0.0496219992638
2196	2195	0.0496219992638
2196	2197	0.0496219992638
2197	2196	0.0496219992638
2197	2198	0.0496219992638
2198	2197	0.0496219992638
2198	2199	0.0496219992638
2199	2198	0.0496219992638
2199	2200	0.0496219992638
2200	2199	0.0496219992638
2200	2201	0.0496219992638
2201	2200	0.0496219992638
2201	2202	0.0496219992638
2202	2201	0.0496219992638
2202	2203	0.0496219992638
2203	2202	0.0496219992638
2203	2204	0.0496219992638
2204	2203	0.0496219992638
2204	2205	0.0496219992638
2205	2204	0.0496219992638
2206	2193	0.084629997611
2206	2207	0.084629997611
2207	2206	0.084629997611
2207	2208	0.084629997611
2208	2207	0.084629997611
2208	2209	0.084629997611
2209	2208	0.084629997611
2209	2210	0.084629997611
2210	2209	0.084629997611
2210	2211	0.084629997611
2211	2210	0.084629997611
2211	2212	0.084629997611
2212	2211	0.084629997611
2212	2213	0.084629997611
2213	2212	0.084629997611
2213	2214	0.084629997611
2214	2213	0.084629997611
2214	2215	0.084629997611
2215	2214	0.084629997611
2215	2216	0.084629997611
2216	2215	0.084629997611
2216	2217	0.084629997611
2217	2216	0.084629997611
2217	2218	0.084629997611
2218	2217	0.084629997611
2218	2219	0.084629997611
2219	2218	0.084629997611
2219	2220	0.084629997611
2220	2219	0.084629997611
2220	2221	0.0686979964375
2220	2255	0.0655705034733
2221	2220	0.0686979964375
2221	2222	0.0686979964375
2222	2221	0.0686979964375
2222	2223	0.0686979964375
2223	2222	0.0686979964375
2223	2224	0.0686979964375
2224	2223	0.0686979964375
2224	2225	0.0686979964375
2225	2224	0.0686979964375
2225	2226	0.0686979964375
2226	2225	0.0686979964375
2226	2227	0.0686979964375
2227	2226	0.0686979964375
2227	2228	0.0686979964375
2228	2227	0.0686979964375
2228	2229	0.0686979964375
2229	2228	0.0686979964375
2229	2230	0.0686979964375
2230	2229	0.0686979964375
2230	2231	0.0686979964375
2231	2230	0.0686979964375
2231	2232	0.0686979964375
2232	2231	0.0686979964375
2232	2233	0.0686979964375
2233	2232	0.0686979964375
2233	2234	0.0686979964375
2234	2233	0.0686979964375
2234	2235	0.0686979964375
2235	2234	0.0686979964375
2235	2236	0.0686979964375
2236	2235	0.0686979964375
2236	2237	0.0686979964375
2237	2236	0.0686979964375
2237	2238	0.0686979964375
2238	2237	0.0686979964375
2238	2239	0.0686979964375
2239	2238	0.0686979964375
2239	2240	0.0686979964375
2240	2239	0.0686979964375
2240	2241	0.0686979964375
2241	2240	0.0686979964375
2241	2242	0.0686979964375
2242	2241	0.0686979964375
2242	2243	0.0686979964375
2243	2242	0.0686979964375
2243	2244	0.0686979964375
2244	2243	0.0686979964375
2244	2245	0.0686979964375
2245	2244	0.0686979964375
2245	2246	0.0686979964375
2246	2245	0.0686979964375
2246	2247	0.0686979964375
2247	2246	0.0686979964375
2247	2248	0.0686979964375
2248	2247	0.0686979964375
2248	2249	0.0686979964375
2249	2248	0.0686979964375
2249	2250	0.0686979964375
2250	2249	0.0686979964375
2250	2251	0.0686979964375
2251	2250	0.0686979964375
2251	2252	0.0686979964375
2252	2251	0.0686979964375
2252	2253	0.0686979964375
2253	2252	0.0686979964375
2253	2254	0.0686979964375
2254	2253	0.0686979964375
2255	2220	0.0655705034733
2255	2256	0.0655705034733
2256	2255	0.0655705034733
2256	2257	0.0655705034733
2257	2256	0.0655705034733
2257	2258	0.0655705034733
2258	2257	0.0655705034733
2258	2259	0.0655705034733
2259	2258	0.0655705034733
2259	2260	0.0655705034733
2260	2259	0.0655705034733
2260	2261	0.0655705034733
2261	2260	0.0655705034733
2261	2262	0.0655705034733
2262	2261	0.0655705034733
2262	2263	0.0655705034733
2263	2262	0.0655705034733
2263	2264	0.0655705034733
2264	2263	0.0655705034733
2264	2265	0.0655705034733
2265	2264	0.0655705034733
2265	2266	0.0655705034733
2266	2265	0.0655705034733
2266	2267	0.0655705034733
2267	2266	0.0655705034733
2267	2268	0.0655705034733
2268	2267	0.0655705034733
2268	2269	0.0655705034733
2269	2268	0.0655705034733
2269	2270	0.0655705034733
2270	2269	0.0655705034733
2270	2271	0.0655705034733
2271	2270	0.0655705034733
2271	2272	0.0655705034733
2272	2271	0.0655705034733
2272	2273	0.0655705034733
2273	2272	0.0655705034733
2273	2274	0.0655705034733
2274	2273	0.0655705034733
2274	2275	0.0655705034733
2275	2274	0.0655705034733
2275	2276	0.0655705034733
2276	2275	0.0655705034733
2276	2277	0.0655705034733
2277	2276	0.0655705034733
2277	2278	0.0655705034733
2278	2277	0.0655705034733
2278	2279	0.0655705034733
2279	2278	0.0655705034733
2279	2280	0.0655705034733
2280	2279	0.0655705034733
2280	2281	0.0655705034733
2281	2280	0.0655705034733
2281	2282	0.0655705034733
2282	2281	0.0655705034733
2283	2135	0.0484065003693
2283	2284	0.0484065003693
2284	2283	0.0484065003693
2284	2285	0.0484065003693
2285	2284	0.0484065003693
2285	2286	0.0484065003693
2286	2285	0.0484065003693
2286	2287	0.0484065003693
2287	2286	0.0484065003693
2287	2288	0.0484065003693
2288	2287	0.0484065003693
2288	2289	0.0484065003693
2289	2288	0.0484065003693
2289	2290	0.0484065003693
2290	2289	0.0484065003693
2290	2291	0.0484065003693
2291	2290	0.0484065003693
2291	2292	0.0484065003693
2292	2291	0.0484065003693
2292	2293	0.0484065003693
2293	2292	0.0484065003693
2293	2294	0.0484065003693
2294	2293	0.0484065003693
2294	2295	0.0484065003693
2295	2294	0.0484065003693
2295	2296	0.0484065003693
2296	2295	0.0484065003693
2296	2297	0.0484065003693
2297	2296	0.0484065003693
2297	2298	0.0484065003693
2298	2297	0.0484065003693
2298	2299	0.0484065003693
2299	2298	0.0484065003693
2299	2300	0.0484065003693
2300	2299	0.0484065003693
2301	2034	0.0468035005033
2301	2302	0.0468035005033
2302	2301	0.0468035005033
2302	2303	0.0468035005033
2303	2302	0.0468035005033
2303	2304	0.0468035005033
2304	2303	0.0468035005033
2304	2305	0.0468035005033
2305	2304	0.0468035005033
2305	2306	0.0468035005033
2306	2305	0.0468035005033
2306	2307	0.0468035005033
2307	2306	0.0468035005033
2307	2308	0.0468035005033
2308	2307	0.0468035005033
2308	2309	0.0468035005033
2309	2308	0.0468035005033
2309	2310	0.0468035005033
2310	2309	0.0468035005033
2310	2311	0.0468035005033
2311	2310	0.0468035005033
2311	2312	0.0468035005033
2312	2311	0.0468035005033
2312	2313	0.0468035005033
2313	2312	0.0468035005033
2313	2314	0.0468035005033
2314	2313	0.0468035005033
2314	2315	0.0468035005033
2315	2314	0.0468035005033
2315	2316	0.0468035005033
2316	2315	0.0468035005033
2316	2317	0.0468035005033
2317	2316	0.0468035005033
2317	2318	0.0468035005033
2318	2317	0.0468035005033
2318	2319	0.0468035005033
2319	2318	0.0468035005033
2319	2320	0.0468035005033
2320	2319	0.0468035005033
2320	2321	0.0468035005033
2321	2320	0.0468035005033
2321	2322	0.0468035005033
2322	2321	0.0468035005033
2322	2323	0.0468035005033
2323	2322	0.0468035005033
2323	2324	0.0468035005033
2324	2323	0.0468035005033
2324	2325	0.0468035005033
2325	2324	0.0468035005033
2325	2326	0.0468035005033
2326	2325	0.0468035005033
2326	2327	0.0468035005033
2327	2326	0.0468035005033
2328	2030	0.096344999969
2328	2329	0.096344999969
2329	2328	0.096344999969
2329	2330	0.096344999969
2330	2329	0.096344999969
2330	2331	0.096344999969
2331	2330	0.096344999969
2331	2332	0.096344999969
2332	2331	0.096344999969
2332	2333	0.096344999969
2333	2332	0.096344999969
2333	2334	0.096344999969
2334	2333	0.096344999969
2334	2335	0.096344999969
2335	2334	0.096344999969
2335	2336	0.096344999969
2336	2335	0.096344999969
2336	2337	0.096344999969
2337	2336	0.096344999969
2337	2338	0.096344999969
2338	2337	0.096344999969
2338	2339	0.096344999969
2339	2338	0.096344999969
2339	2340	0.096344999969
2340	2339	0.096344999969
2340	2341	0.096344999969
2341	2340	0.096344999969
2341	2342	0.096344999969
2342	2341	0.096344999969
2342	2343	0.096344999969
2343	2342	0.096344999969
2343	2344	0.096344999969
2344	2343	0.096344999969
2344	2345	0.096344999969
2345	2344	0.096344999969
2345	2346	0.096344999969
2346	2345	0.096344999969
2346	2347	0.096344999969
2347	2346	0.096344999969
2347	2348	0.096344999969
2348	2347	0.096344999969
2348	2349	0.096344999969
2349	2348	0.096344999969
2349	2350	0.096344999969
2350	2349	0.096344999969
2350	2351	0.096344999969
2351	2350	0.096344999969
2351	2352	0.096344999969
2352	2351	0.096344999969
2352	2353	0.096344999969
2353	2352	0.096344999969
2353	2354	0.096344999969
2354	2353	0.096344999969
2354	2355	0.096344999969
2355	2354	0.096344999969
2355	2356	0.0943145006895
2355	2537	0.038113001734
2356	2355	0.0943145006895
2356	2357	0.0943145006895
2357	2356	0.0943145006895
2357	2358	0.0943145006895
2358	2357	0.0943145006895
2358	2359	0.0943145006895
2359	2358	0.0943145006895
2359	2360	0.0943145006895
2360	2359	0.0943145006895
2360	2361	0.0943145006895
2361	2360	0.0943145006895
2361	2362	0.0943145006895
2362	2361	0.0943145006895
2362	2363	0.0943145006895
2363	2362	0.0943145006895
2363	2364	0.0943145006895
2364	2363	0.0943145006895
2364	2365	0.0943145006895
2365	2364	0.0943145006895
2365	2366	0.0943145006895
2366	2365	0.0943145006895
2366	2367	0.0943145006895
2367	2366	0.0943145006895
2367	2368	0.0943145006895
2368	2367	0.0943145006895
2368	2369	0.0943145006895
2369	2368	0.0943145006895
2369	2370	0.0478124991059
2369	2388	0.0900264978409
2370	2369	0.0478124991059
2370	2371	0.0478124991059
2371	2370	0.0478124991059
2371	2372	0.0478124991059
2372	2371	0.0478124991059
2372	2373	0.0478124991059
2373	2372	0.0478124991059
2373	2374	0.0478124991059
2374	2373	0.0478124991059
2374	2375	0.0478124991059
2375	2374	0.0478124991059
2375	2376	0.0478124991059
2376	2375	0.0478124991059
2376	2377	0.0478124991059
2377	2376	0.0478124991059
2377	2378	0.0478124991059
2378	2377	0.0478124991059
2378	2379	0.0478124991059
2379	2378	0.0478124991059
2379	2380	0.0478124991059
2380	2379	0.0478124991059
2380	2381	0.0478124991059
2381	2380	0.0478124991059
2381	2382	0.0478124991059
2382	2381	0.0478124991059
2382	2383	0.0478124991059
2383	2382	0.0478124991059
2383	2384	0.0478124991059
2384	2383	0.0478124991059
2384	2385	0.0478124991059
2385	2384	0.0478124991059
2385	2386	0.0478124991059
2386	2385	0.0478124991059
2386	2387	0.0478124991059
2387	2386	0.0478124991059
2388	2369	0.0900264978409
2388	2389	0.0900264978409
2389	2388	0.0900264978409
2389	2390	0.0900264978409
2390	2389	0.0900264978409
2390	2391	0.0900264978409
2391	2390	0.0900264978409
2391	2392	0.0900264978409
2392	2391	0.0900264978409
2392	2393	0.0900264978409
2393	2392	0.0900264978409
2393	2394	0.0900264978409
2394	2393	0.0900264978409
2394	2395	0.0900264978409
2395	2394	0.0900264978409
2395	2396	0.0900264978409
2396	2395	0.0900264978409
2396	2397	0.0900264978409
2397	2396	0.0900264978409
2397	2398	0.0900264978409
2398	2397	0.0900264978409
2398	2399	0.0900264978409
2399	2398	0.0900264978409
2399	2400	0.0900264978409
2400	2399	0.0900264978409
2400	2401	0.0900264978409
2401	2400	0.0900264978409
2401	2402	0.0735575035214
2401	2486	0.0692190006375
2402	2401	0.0735575035214
2402	2403	0.0735575035214
2403	2402	0.0735575035214
2403	2404	0.0735575035214
2404	2403	0.0735575035214
2404	2405	0.0735575035214
2405	2404	0.0735575035214
2405	2406	0.0735575035214
2406	2405	0.0735575035214
2406	2407	0.0735575035214
2407	2406	0.0735575035214
2407	2408	0.0735575035214
2408	2407	0.0735575035214
2408	2409	0.0735575035214
2409	2408	0.0735575035214
2409	2410	0.0735575035214
2410	2409	0.0735575035214
2410	2411	0.0735575035214
2411	2410	0.0735575035214
2411	2412	0.0735575035214
2412	2411	0.0735575035214
2412	2413	0.0735575035214
2413	2412	0.0735575035214
2413	2414	0.0735575035214
2414	2413	0.0735575035214
2414	2415	0.0735575035214
2415	2414	0.0735575035214
2415	2416	0.0735575035214
2416	2415	0.0735575035214
2416	2417	0.0735575035214
2417	2416	0.0735575035214
2417	2418	0.0735575035214
2418	2417	0.0735575035214
2418	2419	0.0735575035214
2419	2418	0.0735575035214
2419	2420	0.0735575035214
2420	2419	0.0735575035214
2420	2421	0.0735575035214
2421	2420	0.0735575035214
2421	2422	0.0735575035214
2422	2421	0.0735575035214
2422	2423	0.0735575035214
2423	2422	0.0735575035214
2423	2424	0.0735575035214
2424	2423	0.0735575035214
2424	2425	0.0735575035214
2425	2424	0.0735575035214
2425	2426	0.0735575035214
2426	2425	0.0735575035214
2426	2427	0.0735575035214
2427	2426	0.0735575035214
2427	2428	0.0735575035214
2428	2427	0.0735575035214
2428	2429	0.0735575035214
2429	2428	0.0735575035214
2429	2430	0.0735575035214
2430	2429	0.0735575035214
2430	2431	0.0735575035214
2431	2430	0.0735575035214
2431	2432	0.0735575035214
2432	2431	0.0735575035214
2432	2433	0.0735575035214
2433	2432	0.0735575035214
2433	2434	0.0735575035214
2434	2433	0.0735575035214
2434	2435	0.0735575035214
2435	2434	0.0735575035214
2435	2436	0.0735575035214
2436	2435	0.0735575035214
2436	2437	0.0735575035214
2437	2436	0.0735575035214
2437	2438	0.0735575035214
2438	2437	0.0735575035214
2438	2439	0.0735575035214
2439	2438	0.0735575035214
2439	2440	0.0735575035214
2440	2439	0.0735575035214
2440	2441	0.0735575035214
2441	2440	0.0735575035214
2441	2442	0.0735575035214
2442	2441	0.0735575035214
2442	2443	0.0735575035214
2443	2442	0.0735575035214
2443	2444	0.0735575035214
2444	2443	0.0735575035214
2444	2445	0.0735575035214
2445	2444	0.0735575035214
2445	2446	0.0735575035214
2446	2445	0.0735575035214
2446	2447	0.0735575035214
2447	2446	0.0735575035214
2447	2448	0.0735575035214
2448	2447	0.0735575035214
2448	2449	0.0735575035214
2449	2448	0.0735575035214
2449	2450	0.0735575035214
2450	2449	0.0735575035214
2450	2451	0.0735575035214
2451	2450	0.0735575035214
2451	2452	0.0735575035214
2452	2451	0.0735575035214
2452	2453	0.0735575035214
2453	2452	0.0735575035214
2453	2454	0.0735575035214
2454	2453	0.0735575035214
2454	2455	0.0735575035214
2455	2454	0.0735575035214
2455	2456	0.0735575035214
2456	2455	0.0735575035214
2456	2457	0.0735575035214
2457	2456	0.0735575035214
2457	2458	0.0735575035214
2458	2457	0.0735575035214
2458	2459	0.0735575035214
2459	2458	0.0735575035214
2459	2460	0.0735575035214
2460	2459	0.0735575035214
2460	2461	0.0735575035214
2461	2460	0.0735575035214
2461	2462	0.0735575035214
2462	2461	0.0735575035214
2462	2463	0.0735575035214
2463	2462	0.0735575035214
2463	2464	0.0735575035214
2464	2463	0.0735575035214
2464	2465	0.0735575035214
2465	2464	0.0735575035214
2465	2466	0.0735575035214
2466	2465	0.0735575035214
2466	2467	0.0735575035214
2467	2466	0.0735575035214
2467	2468	0.0735575035214
2468	2467	0.0735575035214
2468	2469	0.0735575035214
2469	2468	0.0735575035214
2469	2470	0.0735575035214
2470	2469	0.0735575035214
2470	2471	0.0735575035214
2471	2470	0.0735575035214
2471	2472	0.0735575035214
2472	2471	0.0735575035214
2472	2473	0.0735575035214
2473	2472	0.0735575035214
2473	2474	0.0735575035214
2474	2473	0.0735575035214
2474	2475	0.0735575035214
2475	2474	0.0735575035214
2475	2476	0.0735575035214
2476	2475	0.0735575035214
2476	2477	0.0735575035214
2477	2476	0.0735575035214
2477	2478	0.0735575035214
2478	2477	0.0735575035214
2478	2479	0.0735575035214
2479	2478	0.0735575035214
2479	2480	0.0735575035214
2480	2479	0.0735575035214
2480	2481	0.0735575035214
2481	2480	0.0735575035214
2481	2482	0.0735575035214
2482	2481	0.0735575035214
2482	2483	0.0735575035214
2483	2482	0.0735575035214
2483	2484	0.0735575035214
2484	2483	0.0735575035214
2484	2485	0.0735575035214
2485	2484	0.0735575035214
2486	2401	0.0692190006375
2486	2487	0.0692190006375
2487	2486	0.0692190006375
2487	2488	0.0692190006375
2488	2487	0.0692190006375
2488	2489	0.0692190006375
2489	2488	0.0692190006375
2489	2490	0.0692190006375
2490	2489	0.0692190006375
2490	2491	0.0692190006375
2491	2490	0.0692190006375
2491	2492	0.0408235006034
2491	2498	0.064119502902
2492	2491	0.0408235006034
2492	2493	0.0408235006034
2493	2492	0.0408235006034
2493	2494	0.0408235006034
2494	2493	0.0408235006034
2494	2495	0.0408235006034
2495	2494	0.0408235006034
2495	2496	0.0408235006034
2496	2495	0.0408235006034
2496	2497	0.0408235006034
2497	2496	0.0408235006034
2498	2491	0.064119502902
2498	2499	0.064119502902
2499	2498	0.064119502902
2499	2500	0.064119502902
2500	2499	0.064119502902
2500	2501	0.064119502902
2501	2500	0.064119502902
2501	2502	0.064119502902
2502	2501	0.064119502902
2502	2503	0.064119502902
2503	2502	0.064119502902
2503	2504	0.064119502902
2504	2503	0.064119502902
2504	2505	0.064119502902
2505	2504	0.064119502902
2505	2506	0.064119502902
2506	2505	0.064119502902
2506	2507	0.064119502902
2507	2506	0.064119502902
2507	2508	0.064119502902
2508	2507	0.064119502902
2508	2509	0.064119502902
2509	2508	0.064119502902
2509	2510	0.064119502902
2510	2509	0.064119502902
2510	2511	0.064119502902
2511	2510	0.064119502902
2511	2512	0.064119502902
2512	2511	0.064119502902
2512	2513	0.064119502902
2513	2512	0.064119502902
2513	2514	0.064119502902
2514	2513	0.064119502902
2514	2515	0.064119502902
2515	2514	0.064119502902
2515	2516	0.064119502902
2516	2515	0.064119502902
2516	2517	0.064119502902
2517	2516	0.064119502902
2517	2518	0.064119502902
2518	2517	0.064119502902
2518	2519	0.064119502902
2519	2518	0.064119502902
2519	2520	0.064119502902
2520	2519	0.064119502902
2520	2521	0.064119502902
2521	2520	0.064119502902
2521	2522	0.064119502902
2522	2521	0.064119502902
2522	2523	0.064119502902
2523	2522	0.064119502902
2523	2524	0.064119502902
2524	2523	0.064119502902
2524	2525	0.064119502902
2525	2524	0.064119502902
2525	2526	0.064119502902
2526	2525	0.064119502902
2526	2527	0.064119502902
2527	2526	0.064119502902
2527	2528	0.064119502902
2528	2527	0.064119502902
2528	2529	0.064119502902
2529	2528	0.064119502902
2529	2530	0.064119502902
2530	2529	0.064119502902
2530	2531	0.064119502902
2531	2530	0.064119502902
2531	2532	0.064119502902
2532	2531	0.064119502902
2532	2533	0.064119502902
2533	2532	0.064119502902
2533	2534	0.064119502902
2534	2533	0.064119502902
2534	2535	0.064119502902
2535	2534	0.064119502902
2535	2536	0.064119502902
2536	2535	0.064119502902
2537	2355	0.038113001734
2537	2538	0.038113001734
2538	2537	0.038113001734
2538	2539	0.038113001734
2539	2538	0.038113001734
2539	2540	0.038113001734
2540	2539	0.038113001734
2540	2541	0.038113001734
2541	2540	0.038113001734
2541	2542	0.038113001734
2542	2541	0.038113001734
2542	2543	0.038113001734
2543	2542	0.038113001734
2543	2544	0.038113001734
2544	2543	0.038113001734
2545	1874	0.315471500158
2545	2546	0.315471500158
2546	2545	0.315471500158
2546	2547	0.315471500158
2547	2546	0.315471500158
2547	2548	0.315471500158
2548	2547	0.315471500158
2548	2549	0.315471500158
2549	2548	0.315471500158
2549	2550	0.315471500158
2550	2549	0.315471500158
2550	2551	0.315471500158
2551	2550	0.315471500158
2551	2552	0.315471500158
2552	2551	0.315471500158
2552	2553	0.315471500158
2553	2552	0.315471500158
2553	2554	0.315471500158
2554	2553	0.315471500158
2554	2555	0.315272510052
2554	7950	0.0389995016158
2555	2554	0.315272510052
2555	2556	0.315272510052
2556	2555	0.315272510052
2556	2557	0.315272510052
2557	2556	0.315272510052
2557	2558	0.315272510052
2558	2557	0.315272510052
2558	2559	0.315272510052
2559	2558	0.315272510052
2559	2560	0.0431164987385
2559	2587	0.31500351429
2560	2559	0.0431164987385
2560	2561	0.0431164987385
2561	2560	0.0431164987385
2561	2562	0.0431164987385
2562	2561	0.0431164987385
2562	2563	0.0431164987385
2563	2562	0.0431164987385
2563	2564	0.0431164987385
2564	2563	0.0431164987385
2564	2565	0.0431164987385
2565	2564	0.0431164987385
2565	2566	0.0431164987385
2566	2565	0.0431164987385
2566	2567	0.0431164987385
2567	2566	0.0431164987385
2567	2568	0.0431164987385
2568	2567	0.0431164987385
2568	2569	0.0431164987385
2569	2568	0.0431164987385
2569	2570	0.0431164987385
2570	2569	0.0431164987385
2570	2571	0.0431164987385
2571	2570	0.0431164987385
2571	2572	0.0431164987385
2572	2571	0.0431164987385
2572	2573	0.0431164987385
2573	2572	0.0431164987385
2573	2574	0.0431164987385
2574	2573	0.0431164987385
2574	2575	0.0431164987385
2575	2574	0.0431164987385
2575	2576	0.0431164987385
2576	2575	0.0431164987385
2576	2577	0.0431164987385
2577	2576	0.0431164987385
2577	2578	0.0431164987385
2578	2577	0.0431164987385
2578	2579	0.0431164987385
2579	2578	0.0431164987385
2579	2580	0.0431164987385
2580	2579	0.0431164987385
2580	2581	0.0431164987385
2581	2580	0.0431164987385
2581	2582	0.0431164987385
2582	2581	0.0431164987385
2582	2583	0.0431164987385
2583	2582	0.0431164987385
2583	2584	0.0431164987385
2584	2583	0.0431164987385
2584	2585	0.0431164987385
2585	2584	0.0431164987385
2585	2586	0.0431164987385
2586	2585	0.0431164987385
2587	2559	0.31500351429
2587	2588	0.31500351429
2588	2587	0.31500351429
2588	2589	0.31500351429
2589	2588	0.31500351429
2589	2590	0.31500351429
2590	2589	0.31500351429
2590	2591	0.31500351429
2591	2590	0.31500351429
2591	2592	0.313996493816
2591	7860	0.0668580010533
2592	2591	0.313996493816
2592	2593	0.313996493816
2593	2592	0.313996493816
2593	2594	0.313996493816
2594	2593	0.313996493816
2594	2595	0.313996493816
2595	2594	0.313996493816
2595	2596	0.313996493816
2596	2595	0.313996493816
2596	2597	0.313996493816
2597	2596	0.313996493816
2597	2598	0.313996493816
2598	2597	0.313996493816
2598	2599	0.313996493816
2599	2598	0.313996493816
2599	2600	0.313996493816
2600	2599	0.313996493816
2600	2601	0.313996493816
2601	2600	0.313996493816
2601	2602	0.313996493816
2602	2601	0.313996493816
2602	2603	0.313996493816
2603	2602	0.313996493816
2603	2604	0.313996493816
2604	2603	0.313996493816
2604	2605	0.313996493816
2605	2604	0.313996493816
2605	2606	0.313996493816
2606	2605	0.313996493816
2606	2607	0.313996493816
2607	2606	0.313996493816
2607	2608	0.313996493816
2608	2607	0.313996493816
2608	2609	0.313996493816
2609	2608	0.313996493816
2609	2610	0.313996493816
2610	2609	0.313996493816
2610	2611	0.313996493816
2611	2610	0.313996493816
2611	2612	0.313996493816
2612	2611	0.313996493816
2612	2613	0.313996493816
2613	2612	0.313996493816
2613	2614	0.313996493816
2614	2613	0.313996493816
2614	2615	0.313996493816
2615	2614	0.313996493816
2615	2616	0.313996493816
2616	2615	0.313996493816
2616	2617	0.313996493816
2617	2616	0.313996493816
2617	2618	0.313996493816
2618	2617	0.313996493816
2618	2619	0.313996493816
2619	2618	0.313996493816
2619	2620	0.313996493816
2620	2619	0.313996493816
2620	2621	0.313996493816
2621	2620	0.313996493816
2621	2622	0.313996493816
2622	2621	0.313996493816
2622	2623	0.313996493816
2623	2622	0.313996493816
2623	2624	0.313996493816
2624	2623	0.313996493816
2624	2625	0.313996493816
2625	2624	0.313996493816
2625	2626	0.313996493816
2626	2625	0.313996493816
2626	2627	0.313996493816
2627	2626	0.313996493816
2627	2628	0.313996493816
2628	2627	0.313996493816
2628	2629	0.313996493816
2629	2628	0.313996493816
2629	2630	0.313996493816
2630	2629	0.313996493816
2630	2631	0.313996493816
2631	2630	0.313996493816
2631	2632	0.313996493816
2632	2631	0.313996493816
2632	2633	0.313996493816
2633	2632	0.313996493816
2633	2634	0.313996493816
2634	2633	0.313996493816
2634	2635	0.313996493816
2635	2634	0.313996493816
2635	2636	0.313996493816
2636	2635	0.313996493816
2636	2637	0.313996493816
2637	2636	0.313996493816
2637	2638	0.313996493816
2638	2637	0.313996493816
2638	2639	0.313996493816
2639	2638	0.313996493816
2639	2640	0.313996493816
2640	2639	0.313996493816
2640	2641	0.313996493816
2641	2640	0.313996493816
2641	2642	0.313996493816
2642	2641	0.313996493816
2642	2643	0.313996493816
2643	2642	0.313996493816
2643	2644	0.313996493816
2644	2643	0.313996493816
2644	2645	0.313996493816
2645	2644	0.313996493816
2645	2646	0.313996493816
2646	2645	0.313996493816
2646	2647	0.313996493816
2647	2646	0.313996493816
2647	2648	0.313996493816
2648	2647	0.313996493816
2648	2649	0.313996493816
2649	2648	0.313996493816
2649	2650	0.313996493816
2650	2649	0.313996493816
2650	2651	0.313996493816
2651	2650	0.313996493816
2651	2652	0.313996493816
2652	2651	0.313996493816
2652	2653	0.313996493816
2653	2652	0.313996493816
2653	2654	0.313996493816
2654	2653	0.313996493816
2654	2655	0.313996493816
2655	2654	0.313996493816
2655	2656	0.313996493816
2656	2655	0.313996493816
2656	2657	0.313996493816
2657	2656	0.313996493816
2657	2658	0.313996493816
2658	2657	0.313996493816
2658	2659	0.313996493816
2659	2658	0.313996493816
2659	2660	0.313996493816
2660	2659	0.313996493816
2660	2661	0.313996493816
2661	2660	0.313996493816
2661	2662	0.185746997595
2661	3982	0.290634512901
2662	2661	0.185746997595
2662	2663	0.185746997595
2663	2662	0.185746997595
2663	2664	0.185746997595
2664	2663	0.185746997595
2664	2665	0.185746997595
2665	2664	0.185746997595
2665	2666	0.185746997595
2666	2665	0.185746997595
2666	2667	0.185746997595
2667	2666	0.185746997595
2667	2668	0.185746997595
2668	2667	0.185746997595
2668	2669	0.185746997595
2669	2668	0.185746997595
2669	2670	0.185746997595
2670	2669	0.185746997595
2670	2671	0.185746997595
2671	2670	0.185746997595
2671	2672	0.185746997595
2672	2671	0.185746997595
2672	2673	0.185746997595
2673	2672	0.185746997595
2673	2674	0.185746997595
2674	2673	0.185746997595
2674	2675	0.185746997595
2675	2674	0.185746997595
2675	2676	0.185746997595
2676	2675	0.185746997595
2676	2677	0.185746997595
2677	2676	0.185746997595
2677	2678	0.185746997595
2678	2677	0.185746997595
2678	2679	0.185746997595
2679	2678	0.185746997595
2679	2680	0.185746997595
2680	2679	0.185746997595
2680	2681	0.185746997595
2681	2680	0.185746997595
2681	2682	0.185746997595
2682	2681	0.185746997595
2682	2683	0.185746997595
2683	2682	0.185746997595
2683	2684	0.185746997595
2684	2683	0.185746997595
2684	2685	0.185746997595
2685	2684	0.185746997595
2685	2686	0.185746997595
2686	2685	0.185746997595
2686	2687	0.185746997595
2687	2686	0.185746997595
2687	2688	0.185746997595
2688	2687	0.185746997595
2688	2689	0.185746997595
2689	2688	0.185746997595
2689	2690	0.185746997595
2690	2689	0.185746997595
2690	2691	0.185746997595
2691	2690	0.185746997595
2691	2692	0.185746997595
2692	2691	0.185746997595
2692	2693	0.185746997595
2693	2692	0.185746997595
2693	2694	0.185746997595
2694	2693	0.185746997595
2694	2695	0.185746997595
2695	2694	0.185746997595
2695	2696	0.185746997595
2696	2695	0.185746997595
2696	2697	0.185746997595
2697	2696	0.185746997595
2697	2698	0.185746997595
2698	2697	0.185746997595
2698	2699	0.0487814992666
2698	2733	0.184618502855
2699	2698	0.0487814992666
2699	2700	0.0487814992666
2700	2699	0.0487814992666
2700	2701	0.0487814992666
2701	2700	0.0487814992666
2701	2702	0.0487814992666
2702	2701	0.0487814992666
2702	2703	0.0487814992666
2703	2702	0.0487814992666
2703	2704	0.0487814992666
2704	2703	0.0487814992666
2704	2705	0.0487814992666
2705	2704	0.0487814992666
2705	2706	0.0487814992666
2706	2705	0.0487814992666
2706	2707	0.0487814992666
2707	2706	0.0487814992666
2707	2708	0.0487814992666
2708	2707	0.0487814992666
2708	2709	0.0487814992666
2709	2708	0.0487814992666
2709	2710	0.0487814992666
2710	2709	0.0487814992666
2710	2711	0.0487814992666
2711	2710	0.0487814992666
2711	2712	0.0487814992666
2712	2711	0.0487814992666
2712	2713	0.0487814992666
2713	2712	0.0487814992666
2713	2714	0.0487814992666
2714	2713	0.0487814992666
2714	2715	0.0487814992666
2715	2714	0.0487814992666
2715	2716	0.0487814992666
2716	2715	0.0487814992666
2716	2717	0.0487814992666
2717	2716	0.0487814992666
2717	2718	0.0487814992666
2718	2717	0.0487814992666
2718	2719	0.0487814992666
2719	2718	0.0487814992666
2719	2720	0.0487814992666
2720	2719	0.0487814992666
2720	2721	0.0487814992666
2721	2720	0.0487814992666
2721	2722	0.0487814992666
2722	2721	0.0487814992666
2722	2723	0.0487814992666
2723	2722	0.0487814992666
2723	2724	0.0487814992666
2724	2723	0.0487814992666
2724	2725	0.0487814992666
2725	2724	0.0487814992666
2725	2726	0.0487814992666
2726	2725	0.0487814992666
2726	2727	0.0487814992666
2727	2726	0.0487814992666
2727	2728	0.0487814992666
2728	2727	0.0487814992666
2728	2729	0.0487814992666
2729	2728	0.0487814992666
2729	2730	0.0487814992666
2730	2729	0.0487814992666
2730	2731	0.0487814992666
2731	2730	0.0487814992666
2731	2732	0.0487814992666
2732	2731	0.0487814992666
2733	2698	0.184618502855
2733	2734	0.184618502855
2734	2733	0.184618502855
2734	2735	0.184618502855
2735	2734	0.184618502855
2735	2736	0.184618502855
2736	2735	0.184618502855
2736	2737	0.184618502855
2737	2736	0.184618502855
2737	2738	0.184618502855
2738	2737	0.184618502855
2738	2739	0.184618502855
2739	2738	0.184618502855
2739	2740	0.184618502855
2740	2739	0.184618502855
2740	2741	0.184618502855
2741	2740	0.184618502855
2741	2742	0.184618502855
2742	2741	0.184618502855
2742	2743	0.184618502855
2743	2742	0.184618502855
2743	2744	0.184618502855
2744	2743	0.184618502855
2744	2745	0.184618502855
2745	2744	0.184618502855
2745	2746	0.184618502855
2746	2745	0.184618502855
2746	2747	0.184618502855
2747	2746	0.184618502855
2747	2748	0.184618502855
2748	2747	0.184618502855
2748	2749	0.184618502855
2749	2748	0.184618502855
2749	2750	0.184618502855
2750	2749	0.184618502855
2750	2751	0.18325650692
2750	3942	0.0517094992101
2751	2750	0.18325650692
2751	2752	0.18325650692
2752	2751	0.18325650692
2752	2753	0.18325650692
2753	2752	0.18325650692
2753	2754	0.18325650692
2754	2753	0.18325650692
2754	2755	0.18325650692
2755	2754	0.18325650692
2755	2756	0.18325650692
2756	2755	0.18325650692
2756	2757	0.18325650692
2757	2756	0.18325650692
2757	2758	0.18325650692
2758	2757	0.18325650692
2758	2759	0.18325650692
2759	2758	0.18325650692
2759	2760	0.18325650692
2760	2759	0.18325650692
2760	2761	0.18325650692
2761	2760	0.18325650692
2761	2762	0.18325650692
2762	2761	0.18325650692
2762	2763	0.18325650692
2763	2762	0.18325650692
2763	2764	0.18325650692
2764	2763	0.18325650692
2764	2765	0.18325650692
2765	2764	0.18325650692
2765	2766	0.18325650692
2766	2765	0.18325650692
2766	2767	0.18325650692
2767	2766	0.18325650692
2767	2768	0.18325650692
2768	2767	0.18325650692
2768	2769	0.0858165025711
2768	2903	0.17675550282
2769	2768	0.0858165025711
2769	2770	0.0858165025711
2770	2769	0.0858165025711
2770	2771	0.0858165025711
2771	2770	0.0858165025711
2771	2772	0.0858165025711
2772	2771	0.0858165025711
2772	2773	0.0858165025711
2773	2772	0.0858165025711
2773	2774	0.0858165025711
2774	2773	0.0858165025711
2774	2775	0.0858165025711
2775	2774	0.0858165025711
2775	2776	0.0858165025711
2776	2775	0.0858165025711
2776	2777	0.0858165025711
2777	2776	0.0858165025711
2777	2778	0.0858165025711
2778	2777	0.0858165025711
2778	2779	0.0858165025711
2779	2778	0.0858165025711
2779	2780	0.0858165025711
2780	2779	0.0858165025711
2780	2781	0.0858165025711
2781	2780	0.0858165025711
2781	2782	0.0858165025711
2782	2781	0.0858165025711
2782	2783	0.0858165025711
2783	2782	0.0858165025711
2783	2784	0.0858165025711
2784	2783	0.0858165025711
2784	2785	0.0858165025711
2785	2784	0.0858165025711
2785	2786	0.0858165025711
2786	2785	0.0858165025711
2786	2787	0.0858165025711
2787	2786	0.0858165025711
2787	2788	0.0858165025711
2788	2787	0.0858165025711
2788	2789	0.0858165025711
2789	2788	0.0858165025711
2789	2790	0.0858165025711
2790	2789	0.0858165025711
2790	2791	0.0816864967346
2790	2890	0.0442964993417
2791	2790	0.0816864967346
2791	2792	0.0816864967346
2792	2791	0.0816864967346
2792	2793	0.0816864967346
2793	2792	0.0816864967346
2793	2794	0.0816864967346
2794	2793	0.0816864967346
2794	2795	0.0816864967346
2795	2794	0.0816864967346
2795	2796	0.0532164983451
2795	2821	0.0733330026269
2796	2795	0.0532164983451
2796	2797	0.0532164983451
2797	2796	0.0532164983451
2797	2798	0.0532164983451
2798	2797	0.0532164983451
2798	2799	0.0532164983451
2799	2798	0.0532164983451
2799	2800	0.0532164983451
2800	2799	0.0532164983451
2800	2801	0.0532164983451
2801	2800	0.0532164983451
2801	2802	0.0532164983451
2802	2801	0.0532164983451
2802	2803	0.0532164983451
2803	2802	0.0532164983451
2803	2804	0.0532164983451
2804	2803	0.0532164983451
2804	2805	0.0532164983451
2805	2804	0.0532164983451
2805	2806	0.0532164983451
2806	2805	0.0532164983451
2806	2807	0.0532164983451
2807	2806	0.0532164983451
2807	2808	0.0532164983451
2808	2807	0.0532164983451
2808	2809	0.0532164983451
2809	2808	0.0532164983451
2809	2810	0.0532164983451
2810	2809	0.0532164983451
2810	2811	0.0532164983451
2811	2810	0.0532164983451
2811	2812	0.0532164983451
2812	2811	0.0532164983451
2812	2813	0.0532164983451
2813	2812	0.0532164983451
2813	2814	0.0532164983451
2814	2813	0.0532164983451
2814	2815	0.0532164983451
2815	2814	0.0532164983451
2815	2816	0.0532164983451
2816	2815	0.0532164983451
2816	2817	0.0532164983451
2817	2816	0.0532164983451
2817	2818	0.0532164983451
2818	2817	0.0532164983451
2818	2819	0.0532164983451
2819	2818	0.0532164983451
2819	2820	0.0532164983451
2820	2819	0.0532164983451
2821	2795	0.0733330026269
2821	2822	0.0733330026269
2822	2821	0.0733330026269
2822	2823	0.0733330026269
2823	2822	0.0733330026269
2823	2824	0.0733330026269
2824	2823	0.0733330026269
2824	2825	0.0733330026269
2825	2824	0.0733330026269
2825	2826	0.0629284977913
2825	2869	0.052555501461
2826	2825	0.0629284977913
2826	2827	0.0629284977913
2827	2826	0.0629284977913
2827	2828	0.0629284977913
2828	2827	0.0629284977913
2828	2829	0.0629284977913
2829	2828	0.0629284977913
2829	2830	0.0629284977913
2830	2829	0.0629284977913
2830	2831	0.0629284977913
2831	2830	0.0629284977913
2831	2832	0.0629284977913
2832	2831	0.0629284977913
2832	2833	0.0629284977913
2833	2832	0.0629284977913
2833	2834	0.0629284977913
2834	2833	0.0629284977913
2834	2835	0.0629284977913
2835	2834	0.0629284977913
2835	2836	0.0629284977913
2836	2835	0.0629284977913
2836	2837	0.0629284977913
2837	2836	0.0629284977913
2837	2838	0.0629284977913
2838	2837	0.0629284977913
2838	2839	0.0629284977913
2839	2838	0.0629284977913
2839	2840	0.0629284977913
2840	2839	0.0629284977913
2840	2841	0.0629284977913
2841	2840	0.0629284977913
2841	2842	0.0629284977913
2842	2841	0.0629284977913
2842	2843	0.0629284977913
2843	2842	0.0629284977913
2843	2844	0.0629284977913
2844	2843	0.0629284977913
2844	2845	0.0629284977913
2845	2844	0.0629284977913
2845	2846	0.0629284977913
2846	2845	0.0629284977913
2846	2847	0.0629284977913
2847	2846	0.0629284977913
2847	2848	0.0629284977913
2848	2847	0.0629284977913
2848	2849	0.0629284977913
2849	2848	0.0629284977913
2849	2850	0.0629284977913
2850	2849	0.0629284977913
2850	2851	0.0629284977913
2851	2850	0.0629284977913
2851	2852	0.0629284977913
2852	2851	0.0629284977913
2852	2853	0.0629284977913
2853	2852	0.0629284977913
2853	2854	0.0629284977913
2854	2853	0.0629284977913
2854	2855	0.0629284977913
2855	2854	0.0629284977913
2855	2856	0.0629284977913
2856	2855	0.0629284977913
2856	2857	0.0629284977913
2857	2856	0.0629284977913
2857	2858	0.0629284977913
2858	2857	0.0629284977913
2858	2859	0.0629284977913
2859	2858	0.0629284977913
2859	2860	0.0629284977913
2860	2859	0.0629284977913
2860	2861	0.0629284977913
2861	2860	0.0629284977913
2861	2862	0.0629284977913
2862	2861	0.0629284977913
2862	2863	0.0629284977913
2863	2862	0.0629284977913
2863	2864	0.0629284977913
2864	2863	0.0629284977913
2864	2865	0.0629284977913
2865	2864	0.0629284977913
2865	2866	0.0629284977913
2866	2865	0.0629284977913
2866	2867	0.0629284977913
2867	2866	0.0629284977913
2867	2868	0.0629284977913
2868	2867	0.0629284977913
2869	2825	0.052555501461
2869	2870	0.052555501461
2870	2869	0.052555501461
2870	2871	0.052555501461
2871	2870	0.052555501461
2871	2872	0.052555501461
2872	2871	0.052555501461
2872	2873	0.052555501461
2873	2872	0.052555501461
2873	2874	0.052555501461
2874	2873	0.052555501461
2874	2875	0.052555501461
2875	2874	0.052555501461
2875	2876	0.052555501461
2876	2875	0.052555501461
2876	2877	0.052555501461
2877	2876	0.052555501461
2877	2878	0.052555501461
2878	2877	0.052555501461
2878	2879	0.052555501461
2879	2878	0.052555501461
2879	2880	0.052555501461
2880	2879	0.052555501461
2880	2881	0.052555501461
2881	2880	0.052555501461
2881	2882	0.052555501461
2882	2881	0.052555501461
2882	2883	0.052555501461
2883	2882	0.052555501461
2883	2884	0.052555501461
2884	2883	0.052555501461
2884	2885	0.052555501461
2885	2884	0.052555501461
2885	2886	0.052555501461
2886	2885	0.052555501461
2886	2887	0.052555501461
2887	2886	0.052555501461
2887	2888	0.052555501461
2888	2887	0.052555501461
2888	2889	0.052555501461
2889	2888	0.052555501461
2890	2790	0.0442964993417
2890	2891	0.0442964993417
2891	2890	0.0442964993417
2891	2892	0.0442964993417
2892	2891	0.0442964993417
2892	2893	0.0442964993417
2893	2892	0.0442964993417
2893	2894	0.0442964993417
2894	2893	0.0442964993417
2894	2895	0.0442964993417
2895	2894	0.0442964993417
2895	2896	0.0442964993417
2896	2895	0.0442964993417
2896	2897	0.0442964993417
2897	2896	0.0442964993417
2897	2898	0.0442964993417
2898	2897	0.0442964993417
2898	2899	0.0442964993417
2899	2898	0.0442964993417
2899	2900	0.0442964993417
2900	2899	0.0442964993417
2900	2901	0.0442964993417
2901	2900	0.0442964993417
2901	2902	0.0442964993417
2902	2901	0.0442964993417
2903	2768	0.17675550282
2903	2904	0.17675550282
2904	2903	0.17675550282
2904	2905	0.17675550282
2905	2904	0.17675550282
2905	2906	0.17675550282
2906	2905	0.17675550282
2906	2907	0.17675550282
2907	2906	0.17675550282
2907	2908	0.17675550282
2908	2907	0.17675550282
2908	2909	0.17675550282
2909	2908	0.17675550282
2909	2910	0.17675550282
2910	2909	0.17675550282
2910	2911	0.17675550282
2911	2910	0.17675550282
2911	2912	0.17675550282
2912	2911	0.17675550282
2912	2913	0.17675550282
2913	2912	0.17675550282
2913	2914	0.17675550282
2914	2913	0.17675550282
2914	2915	0.17675550282
2915	2914	0.17675550282
2915	2916	0.17675550282
2916	2915	0.17675550282
2916	2917	0.17675550282
2917	2916	0.17675550282
2917	2918	0.17675550282
2918	2917	0.17675550282
2918	2919	0.17675550282
2919	2918	0.17675550282
2919	2920	0.17675550282
2920	2919	0.17675550282
2920	2921	0.17675550282
2921	2920	0.17675550282
2921	2922	0.17675550282
2922	2921	0.17675550282
2922	2923	0.17675550282
2923	2922	0.17675550282
2923	2924	0.17675550282
2924	2923	0.17675550282
2924	2925	0.17675550282
2925	2924	0.17675550282
2925	2926	0.17675550282
2926	2925	0.17675550282
2926	2927	0.17675550282
2927	2926	0.17675550282
2927	2928	0.17675550282
2928	2927	0.17675550282
2928	2929	0.17675550282
2929	2928	0.17675550282
2929	2930	0.17675550282
2930	2929	0.17675550282
2930	2931	0.17675550282
2931	2930	0.17675550282
2931	2932	0.17675550282
2932	2931	0.17675550282
2932	2933	0.17675550282
2933	2932	0.17675550282
2933	2934	0.17675550282
2934	2933	0.17675550282
2934	2935	0.17675550282
2935	2934	0.17675550282
2935	2936	0.17675550282
2936	2935	0.17675550282
2936	2937	0.17675550282
2937	2936	0.17675550282
2937	2938	0.0934714972973
2937	3103	0.167573496699
2938	2937	0.0934714972973
2938	2939	0.0934714972973
2939	2938	0.0934714972973
2939	2940	0.0934714972973
2940	2939	0.0934714972973
2940	2941	0.0934714972973
2941	2940	0.0934714972973
2941	2942	0.0934714972973
2942	2941	0.0934714972973
2942	2943	0.0934714972973
2943	2942	0.0934714972973
2943	2944	0.0934714972973
2944	2943	0.0934714972973
2944	2945	0.0934714972973
2945	2944	0.0934714972973
2945	2946	0.0934714972973
2946	2945	0.0934714972973
2946	2947	0.0934714972973
2947	2946	0.0934714972973
2947	2948	0.0934714972973
2948	2947	0.0934714972973
2948	2949	0.0934714972973
2949	2948	0.0934714972973
2949	2950	0.0934714972973
2950	2949	0.0934714972973
2950	2951	0.0934714972973
2951	2950	0.0934714972973
2951	2952	0.0934714972973
2952	2951	0.0934714972973
2952	2953	0.0934714972973
2953	2952	0.0934714972973
2953	2954	0.0934714972973
2954	2953	0.0934714972973
2954	2955	0.0934714972973
2955	2954	0.0934714972973
2955	2956	0.0934714972973
2956	2955	0.0934714972973
2956	2957	0.0934714972973
2957	2956	0.0934714972973
2957	2958	0.0934714972973
2958	2957	0.0934714972973
2958	2959	0.0934714972973
2959	2958	0.0934714972973
2959	2960	0.0880170017481
2959	3081	0.0512720011175
2960	2959	0.0880170017481
2960	2961	0.0880170017481
2961	2960	0.0880170017481
2961	2962	0.0880170017481
2962	2961	0.0880170017481
2962	2963	0.0880170017481
2963	2962	0.0880170017481
2963	2964	0.0880170017481
2964	2963	0.0880170017481
2964	2965	0.0880170017481
2965	2964	0.0880170017481
2965	2966	0.0880170017481
2966	2965	0.0880170017481
2966	2967	0.0880170017481
2967	2966	0.0880170017481
2967	2968	0.0880170017481
2968	2967	0.0880170017481
2968	2969	0.0880170017481
2969	2968	0.0880170017481
2969	2970	0.0566300004721
2969	2998	0.0793834999204
2970	2969	0.0566300004721
2970	2971	0.0566300004721
2971	2970	0.0566300004721
2971	2972	0.0566300004721
2972	2971	0.0566300004721
2972	2973	0.0566300004721
2973	2972	0.0566300004721
2973	2974	0.0566300004721
2974	2973	0.0566300004721
2974	2975	0.0566300004721
2975	2974	0.0566300004721
2975	2976	0.0566300004721
2976	2975	0.0566300004721
2976	2977	0.0566300004721
2977	2976	0.0566300004721
2977	2978	0.0566300004721
2978	2977	0.0566300004721
2978	2979	0.0566300004721
2979	2978	0.0566300004721
2979	2980	0.0566300004721
2980	2979	0.0566300004721
2980	2981	0.0566300004721
2981	2980	0.0566300004721
2981	2982	0.0566300004721
2982	2981	0.0566300004721
2982	2983	0.0566300004721
2983	2982	0.0566300004721
2983	2984	0.0566300004721
2984	2983	0.0566300004721
2984	2985	0.0566300004721
2985	2984	0.0566300004721
2985	2986	0.0566300004721
2986	2985	0.0566300004721
2986	2987	0.0566300004721
2987	2986	0.0566300004721
2987	2988	0.0566300004721
2988	2987	0.0566300004721
2988	2989	0.0566300004721
2989	2988	0.0566300004721
2989	2990	0.0566300004721
2990	2989	0.0566300004721
2990	2991	0.0566300004721
2991	2990	0.0566300004721
2991	2992	0.0566300004721
2992	2991	0.0566300004721
2992	2993	0.0566300004721
2993	2992	0.0566300004721
2993	2994	0.0566300004721
2994	2993	0.0566300004721
2994	2995	0.0566300004721
2995	2994	0.0566300004721
2995	2996	0.0566300004721
2996	2995	0.0566300004721
2996	2997	0.0566300004721
2997	2996	0.0566300004721
2998	2969	0.0793834999204
2998	2999	0.0793834999204
2999	2998	0.0793834999204
2999	3000	0.0793834999204
3000	2999	0.0793834999204
3000	3001	0.0793834999204
3001	3000	0.0793834999204
3001	3002	0.0793834999204
3002	3001	0.0793834999204
3002	3003	0.0793834999204
3003	3002	0.0793834999204
3003	3004	0.0793834999204
3004	3003	0.0793834999204
3004	3005	0.0793834999204
3005	3004	0.0793834999204
3005	3006	0.0793834999204
3006	3005	0.0793834999204
3006	3007	0.0793834999204
3007	3006	0.0793834999204
3007	3008	0.0489255003631
3007	3020	0.0726300030947
3008	3007	0.0489255003631
3008	3009	0.0489255003631
3009	3008	0.0489255003631
3009	3010	0.0489255003631
3010	3009	0.0489255003631
3010	3011	0.0489255003631
3011	3010	0.0489255003631
3011	3012	0.0489255003631
3012	3011	0.0489255003631
3012	3013	0.0489255003631
3013	3012	0.0489255003631
3013	3014	0.0489255003631
3014	3013	0.0489255003631
3014	3015	0.0489255003631
3015	3014	0.0489255003631
3015	3016	0.0489255003631
3016	3015	0.0489255003631
3016	3017	0.0489255003631
3017	3016	0.0489255003631
3017	3018	0.0489255003631
3018	3017	0.0489255003631
3018	3019	0.0489255003631
3019	3018	0.0489255003631
3020	3007	0.0726300030947
3020	3021	0.0726300030947
3021	3020	0.0726300030947
3021	3022	0.0726300030947
3022	3021	0.0726300030947
3022	3023	0.0726300030947
3023	3022	0.0726300030947
3023	3024	0.0726300030947
3024	3023	0.0726300030947
3024	3025	0.0726300030947
3025	3024	0.0726300030947
3025	3026	0.0726300030947
3026	3025	0.0726300030947
3026	3027	0.0726300030947
3027	3026	0.0726300030947
3027	3028	0.0726300030947
3028	3027	0.0726300030947
3028	3029	0.0726300030947
3029	3028	0.0726300030947
3029	3030	0.0726300030947
3030	3029	0.0726300030947
3030	3031	0.0726300030947
3031	3030	0.0726300030947
3031	3032	0.0726300030947
3032	3031	0.0726300030947
3032	3033	0.0726300030947
3033	3032	0.0726300030947
3033	3034	0.0726300030947
3034	3033	0.0726300030947
3034	3035	0.0726300030947
3035	3034	0.0726300030947
3035	3036	0.0726300030947
3036	3035	0.0726300030947
3036	3037	0.0726300030947
3037	3036	0.0726300030947
3037	3038	0.0726300030947
3038	3037	0.0726300030947
3038	3039	0.0726300030947
3039	3038	0.0726300030947
3039	3040	0.0726300030947
3040	3039	0.0726300030947
3040	3041	0.0726300030947
3041	3040	0.0726300030947
3041	3042	0.0726300030947
3042	3041	0.0726300030947
3042	3043	0.0726300030947
3043	3042	0.0726300030947
3043	3044	0.0726300030947
3044	3043	0.0726300030947
3044	3045	0.0726300030947
3045	3044	0.0726300030947
3045	3046	0.0726300030947
3046	3045	0.0726300030947
3046	3047	0.0726300030947
3047	3046	0.0726300030947
3047	3048	0.0726300030947
3048	3047	0.0726300030947
3048	3049	0.0726300030947
3049	3048	0.0726300030947
3049	3050	0.0726300030947
3050	3049	0.0726300030947
3050	3051	0.0726300030947
3051	3050	0.0726300030947
3051	3052	0.0726300030947
3052	3051	0.0726300030947
3052	3053	0.0726300030947
3053	3052	0.0726300030947
3053	3054	0.0726300030947
3054	3053	0.0726300030947
3054	3055	0.0726300030947
3055	3054	0.0726300030947
3055	3056	0.0726300030947
3056	3055	0.0726300030947
3056	3057	0.0726300030947
3057	3056	0.0726300030947
3057	3058	0.0726300030947
3058	3057	0.0726300030947
3058	3059	0.0726300030947
3059	3058	0.0726300030947
3059	3060	0.0726300030947
3060	3059	0.0726300030947
3060	3061	0.0726300030947
3061	3060	0.0726300030947
3061	3062	0.0726300030947
3062	3061	0.0726300030947
3062	3063	0.0726300030947
3063	3062	0.0726300030947
3063	3064	0.0726300030947
3064	3063	0.0726300030947
3064	3065	0.0726300030947
3065	3064	0.0726300030947
3065	3066	0.0726300030947
3066	3065	0.0726300030947
3066	3067	0.0726300030947
3067	3066	0.0726300030947
3067	3068	0.0726300030947
3068	3067	0.0726300030947
3068	3069	0.0726300030947
3069	3068	0.0726300030947
3069	3070	0.0726300030947
3070	3069	0.0726300030947
3070	3071	0.0726300030947
3071	3070	0.0726300030947
3071	3072	0.0726300030947
3072	3071	0.0726300030947
3072	3073	0.0726300030947
3073	3072	0.0726300030947
3073	3074	0.0726300030947
3074	3073	0.0726300030947
3074	3075	0.0726300030947
3075	3074	0.0726300030947
3075	3076	0.0726300030947
3076	3075	0.0726300030947
3076	3077	0.0726300030947
3077	3076	0.0726300030947
3077	3078	0.0726300030947
3078	3077	0.0726300030947
3078	3079	0.0726300030947
3079	3078	0.0726300030947
3079	3080	0.0726300030947
3080	3079	0.0726300030947
3081	2959	0.0512720011175
3081	3082	0.0512720011175
3082	3081	0.0512720011175
3082	3083	0.0512720011175
3083	3082	0.0512720011175
3083	3084	0.0512720011175
3084	3083	0.0512720011175
3084	3085	0.0512720011175
3085	3084	0.0512720011175
3085	3086	0.0512720011175
3086	3085	0.0512720011175
3086	3087	0.0512720011175
3087	3086	0.0512720011175
3087	3088	0.0512720011175
3088	3087	0.0512720011175
3088	3089	0.0512720011175
3089	3088	0.0512720011175
3089	3090	0.0512720011175
3090	3089	0.0512720011175
3090	3091	0.0512720011175
3091	3090	0.0512720011175
3091	3092	0.0512720011175
3092	3091	0.0512720011175
3092	3093	0.0512720011175
3093	3092	0.0512720011175
3093	3094	0.0512720011175
3094	3093	0.0512720011175
3094	3095	0.0512720011175
3095	3094	0.0512720011175
3095	3096	0.0512720011175
3096	3095	0.0512720011175
3096	3097	0.0512720011175
3097	3096	0.0512720011175
3097	3098	0.0512720011175
3098	3097	0.0512720011175
3098	3099	0.0512720011175
3099	3098	0.0512720011175
3099	3100	0.0512720011175
3100	3099	0.0512720011175
3100	3101	0.0512720011175
3101	3100	0.0512720011175
3101	3102	0.0512720011175
3102	3101	0.0512720011175
3103	2937	0.167573496699
3103	3104	0.167573496699
3104	3103	0.167573496699
3104	3105	0.167573496699
3105	3104	0.167573496699
3105	3106	0.15881100297
3105	3804	0.0888015031815
3106	3105	0.15881100297
3106	3107	0.15881100297
3107	3106	0.15881100297
3107	3108	0.15881100297
3108	3107	0.15881100297
3108	3109	0.156903997064
3108	3773	0.052241999656
3109	3108	0.156903997064
3109	3110	0.156903997064
3110	3109	0.156903997064
3110	3111	0.156903997064
3111	3110	0.156903997064
3111	3112	0.156903997064
3112	3111	0.156903997064
3112	3113	0.156903997064
3113	3112	0.156903997064
3113	3114	0.156903997064
3114	3113	0.156903997064
3114	3115	0.156903997064
3115	3114	0.156903997064
3115	3116	0.0479605011642
3115	3137	0.155395492911
3116	3115	0.0479605011642
3116	3117	0.0479605011642
3117	3116	0.0479605011642
3117	3118	0.0479605011642
3118	3117	0.0479605011642
3118	3119	0.0479605011642
3119	3118	0.0479605011642
3119	3120	0.0479605011642
3120	3119	0.0479605011642
3120	3121	0.0479605011642
3121	3120	0.0479605011642
3121	3122	0.0479605011642
3122	3121	0.0479605011642
3122	3123	0.0479605011642
3123	3122	0.0479605011642
3123	3124	0.0479605011642
3124	3123	0.0479605011642
3124	3125	0.0479605011642
3125	3124	0.0479605011642
3125	3126	0.0479605011642
3126	3125	0.0479605011642
3126	3127	0.0479605011642
3127	3126	0.0479605011642
3127	3128	0.0479605011642
3128	3127	0.0479605011642
3128	3129	0.0479605011642
3129	3128	0.0479605011642
3129	3130	0.0479605011642
3130	3129	0.0479605011642
3130	3131	0.0479605011642
3131	3130	0.0479605011642
3131	3132	0.0479605011642
3132	3131	0.0479605011642
3132	3133	0.0479605011642
3133	3132	0.0479605011642
3133	3134	0.0479605011642
3134	3133	0.0479605011642
3134	3135	0.0479605011642
3135	3134	0.0479605011642
3135	3136	0.0479605011642
3136	3135	0.0479605011642
3137	3115	0.155395492911
3137	3138	0.155395492911
3138	3137	0.155395492911
3138	3139	0.155395492911
3139	3138	0.155395492911
3139	3140	0.155395492911
3140	3139	0.155395492911
3140	3141	0.155395492911
3141	3140	0.155395492911
3141	3142	0.155395492911
3142	3141	0.155395492911
3142	3143	0.155395492911
3143	3142	0.155395492911
3143	3144	0.151531994343
3143	3704	0.0648709982634
3144	3143	0.151531994343
3144	3145	0.151531994343
3145	3144	0.151531994343
3145	3146	0.151531994343
3146	3145	0.151531994343
3146	3147	0.151531994343
3147	3146	0.151531994343
3147	3148	0.151531994343
3148	3147	0.151531994343
3148	3149	0.151531994343
3149	3148	0.151531994343
3149	3150	0.151531994343
3150	3149	0.151531994343
3150	3151	0.148662999272
3150	3663	0.057881500572
3151	3150	0.148662999272
3151	3152	0.148662999272
3152	3151	0.148662999272
3152	3153	0.148662999272
3153	3152	0.148662999272
3153	3154	0.148662999272
3154	3153	0.148662999272
3154	3155	0.148662999272
3155	3154	0.148662999272
3155	3156	0.148662999272
3156	3155	0.148662999272
3156	3157	0.148662999272
3157	3156	0.148662999272
3157	3158	0.148662999272
3158	3157	0.148662999272
3158	3159	0.148662999272
3159	3158	0.148662999272
3159	3160	0.148662999272
3160	3159	0.148662999272
3160	3161	0.148662999272
3161	3160	0.148662999272
3161	3162	0.148662999272
3162	3161	0.148662999272
3162	3163	0.148662999272
3163	3162	0.148662999272
3163	3164	0.148662999272
3164	3163	0.148662999272
3164	3165	0.148662999272
3165	3164	0.148662999272
3165	3166	0.139054507017
3165	3559	0.0841924995184
3166	3165	0.139054507017
3166	3167	0.139054507017
3167	3166	0.139054507017
3167	3168	0.139054507017
3168	3167	0.139054507017
3168	3169	0.139054507017
3169	3168	0.139054507017
3169	3170	0.139054507017
3170	3169	0.139054507017
3170	3171	0.139054507017
3171	3170	0.139054507017
3171	3172	0.139054507017
3172	3171	0.139054507017
3172	3173	0.139054507017
3173	3172	0.139054507017
3173	3174	0.139054507017
3174	3173	0.139054507017
3174	3175	0.139054507017
3175	3174	0.139054507017
3175	3176	0.139054507017
3176	3175	0.139054507017
3176	3177	0.139054507017
3177	3176	0.139054507017
3177	3178	0.139054507017
3178	3177	0.139054507017
3178	3179	0.139054507017
3179	3178	0.139054507017
3179	3180	0.139054507017
3180	3179	0.139054507017
3180	3181	0.139054507017
3181	3180	0.139054507017
3181	3182	0.139054507017
3182	3181	0.139054507017
3182	3183	0.139054507017
3183	3182	0.139054507017
3183	3184	0.139054507017
3184	3183	0.139054507017
3184	3185	0.139054507017
3185	3184	0.139054507017
3185	3186	0.139054507017
3186	3185	0.139054507017
3186	3187	0.139054507017
3187	3186	0.139054507017
3187	3188	0.139054507017
3188	3187	0.139054507017
3188	3189	0.139054507017
3189	3188	0.139054507017
3189	3190	0.139054507017
3190	3189	0.139054507017
3190	3191	0.139054507017
3191	3190	0.139054507017
3191	3192	0.139054507017
3192	3191	0.139054507017
3192	3193	0.139054507017
3193	3192	0.139054507017
3193	3194	0.139054507017
3194	3193	0.139054507017
3194	3195	0.139054507017
3195	3194	0.139054507017
3195	3196	0.139054507017
3196	3195	0.139054507017
3196	3197	0.139054507017
3197	3196	0.139054507017
3197	3198	0.139054507017
3198	3197	0.139054507017
3198	3199	0.139054507017
3199	3198	0.139054507017
3199	3200	0.139054507017
3200	3199	0.139054507017
3200	3201	0.139054507017
3201	3200	0.139054507017
3201	3202	0.0665815025568
3201	3253	0.13376750052
3202	3201	0.0665815025568
3202	3203	0.0665815025568
3203	3202	0.0665815025568
3203	3204	0.0665815025568
3204	3203	0.0665815025568
3204	3205	0.0665815025568
3205	3204	0.0665815025568
3205	3206	0.0665815025568
3206	3205	0.0665815025568
3206	3207	0.0665815025568
3207	3206	0.0665815025568
3207	3208	0.0665815025568
3208	3207	0.0665815025568
3208	3209	0.0665815025568
3209	3208	0.0665815025568
3209	3210	0.0665815025568
3210	3209	0.0665815025568
3210	3211	0.0665815025568
3211	3210	0.0665815025568
3211	3212	0.0665815025568
3212	3211	0.0665815025568
3212	3213	0.0665815025568
3213	3212	0.0665815025568
3213	3214	0.0665815025568
3214	3213	0.0665815025568
3214	3215	0.0665815025568
3215	3214	0.0665815025568
3215	3216	0.0665815025568
3216	3215	0.0665815025568
3216	3217	0.0665815025568
3217	3216	0.0665815025568
3217	3218	0.0665815025568
3218	3217	0.0665815025568
3218	3219	0.0665815025568
3219	3218	0.0665815025568
3219	3220	0.0665815025568
3220	3219	0.0665815025568
3220	3221	0.0665815025568
3221	3220	0.0665815025568
3221	3222	0.0665815025568
3222	3221	0.0665815025568
3222	3223	0.0665815025568
3223	3222	0.0665815025568
3223	3224	0.0665815025568
3224	3223	0.0665815025568
3224	3225	0.0665815025568
3225	3224	0.0665815025568
3225	3226	0.0665815025568
3226	3225	0.0665815025568
3226	3227	0.0665815025568
3227	3226	0.0665815025568
3227	3228	0.0665815025568
3228	3227	0.0665815025568
3228	3229	0.0665815025568
3229	3228	0.0665815025568
3229	3230	0.0665815025568
3230	3229	0.0665815025568
3230	3231	0.0665815025568
3231	3230	0.0665815025568
3231	3232	0.0665815025568
3232	3231	0.0665815025568
3232	3233	0.0665815025568
3233	3232	0.0665815025568
3233	3234	0.0665815025568
3234	3233	0.0665815025568
3234	3235	0.0665815025568
3235	3234	0.0665815025568
3235	3236	0.0665815025568
3236	3235	0.0665815025568
3236	3237	0.0665815025568
3237	3236	0.0665815025568
3237	3238	0.0665815025568
3238	3237	0.0665815025568
3238	3239	0.0665815025568
3239	3238	0.0665815025568
3239	3240	0.0665815025568
3240	3239	0.0665815025568
3240	3241	0.0665815025568
3241	3240	0.0665815025568
3241	3242	0.0665815025568
3242	3241	0.0665815025568
3242	3243	0.0665815025568
3243	3242	0.0665815025568
3243	3244	0.0665815025568
3244	3243	0.0665815025568
3244	3245	0.0665815025568
3245	3244	0.0665815025568
3245	3246	0.0665815025568
3246	3245	0.0665815025568
3246	3247	0.0665815025568
3247	3246	0.0665815025568
3247	3248	0.0665815025568
3248	3247	0.0665815025568
3248	3249	0.0665815025568
3249	3248	0.0665815025568
3249	3250	0.0665815025568
3250	3249	0.0665815025568
3250	3251	0.0665815025568
3251	3250	0.0665815025568
3251	3252	0.0665815025568
3252	3251	0.0665815025568
3253	3201	0.13376750052
3253	3254	0.13376750052
3254	3253	0.13376750052
3254	3255	0.13376750052
3255	3254	0.13376750052
3255	3256	0.13376750052
3256	3255	0.13376750052
3256	3257	0.13376750052
3257	3256	0.13376750052
3257	3258	0.13376750052
3258	3257	0.13376750052
3258	3259	0.13376750052
3259	3258	0.13376750052
3259	3260	0.13376750052
3260	3259	0.13376750052
3260	3261	0.13376750052
3261	3260	0.13376750052
3261	3262	0.13376750052
3262	3261	0.13376750052
3262	3263	0.13376750052
3263	3262	0.13376750052
3263	3264	0.13376750052
3264	3263	0.13376750052
3264	3265	0.13376750052
3265	3264	0.13376750052
3265	3266	0.13376750052
3266	3265	0.13376750052
3266	3267	0.13376750052
3267	3266	0.13376750052
3267	3268	0.13376750052
3268	3267	0.13376750052
3268	3269	0.13376750052
3269	3268	0.13376750052
3269	3270	0.13376750052
3270	3269	0.13376750052
3270	3271	0.13376750052
3271	3270	0.13376750052
3271	3272	0.13376750052
3272	3271	0.13376750052
3272	3273	0.13376750052
3273	3272	0.13376750052
3273	3274	0.13376750052
3274	3273	0.13376750052
3274	3275	0.13376750052
3275	3274	0.13376750052
3275	3276	0.13376750052
3276	3275	0.13376750052
3276	3277	0.120216496289
3276	3473	0.0869000032544
3277	3276	0.120216496289
3277	3278	0.120216496289
3278	3277	0.120216496289
3278	3279	0.120216496289
3279	3278	0.120216496289
3279	3280	0.120216496289
3280	3279	0.120216496289
3280	3281	0.120216496289
3281	3280	0.120216496289
3281	3282	0.120216496289
3282	3281	0.120216496289
3282	3283	0.120216496289
3283	3282	0.120216496289
3283	3284	0.120216496289
3284	3283	0.120216496289
3284	3285	0.120216496289
3285	3284	0.120216496289
3285	3286	0.120216496289
3286	3285	0.120216496289
3286	3287	0.0834084972739
3286	3349	0.104984000325
3287	3286	0.0834084972739
3287	3288	0.0834084972739
3288	3287	0.0834084972739
3288	3289	0.0834084972739
3289	3288	0.0834084972739
3289	3290	0.0834084972739
3290	3289	0.0834084972739
3290	3291	0.0834084972739
3291	3290	0.0834084972739
3291	3292	0.0834084972739
3292	3291	0.0834084972739
3292	3293	0.0834084972739
3293	3292	0.0834084972739
3293	3294	0.0834084972739
3294	3293	0.0834084972739
3294	3295	0.0834084972739
3295	3294	0.0834084972739
3295	3296	0.0834084972739
3296	3295	0.0834084972739
3296	3297	0.0834084972739
3297	3296	0.0834084972739
3297	3298	0.0834084972739
3298	3297	0.0834084972739
3298	3299	0.0834084972739
3299	3298	0.0834084972739
3299	3300	0.0834084972739
3300	3299	0.0834084972739
3300	3301	0.0571909993887
3300	3314	0.0732614994049
3301	3300	0.0571909993887
3301	3302	0.0571909993887
3302	3301	0.0571909993887
3302	3303	0.0571909993887
3303	3302	0.0571909993887
3303	3304	0.0571909993887
3304	3303	0.0571909993887
3304	3305	0.0571909993887
3305	3304	0.0571909993887
3305	3306	0.0571909993887
3306	3305	0.0571909993887
3306	3307	0.0571909993887
3307	3306	0.0571909993887
3307	3308	0.0571909993887
3308	3307	0.0571909993887
3308	3309	0.0571909993887
3309	3308	0.0571909993887
3309	3310	0.0571909993887
3310	3309	0.0571909993887
3310	3311	0.0571909993887
3311	3310	0.0571909993887
3311	3312	0.0571909993887
3312	3311	0.0571909993887
3312	3313	0.0571909993887
3313	3312	0.0571909993887
3314	3300	0.0732614994049
3314	3315	0.0732614994049
3315	3314	0.0732614994049
3315	3316	0.0732614994049
3316	3315	0.0732614994049
3316	3317	0.0732614994049
3317	3316	0.0732614994049
3317	3318	0.0732614994049
3318	3317	0.0732614994049
3318	3319	0.0732614994049
3319	3318	0.0732614994049
3319	3320	0.0732614994049
3320	3319	0.0732614994049
3320	3321	0.0732614994049
3321	3320	0.0732614994049
3321	3322	0.0732614994049
3322	3321	0.0732614994049
3322	3323	0.0732614994049
3323	3322	0.0732614994049
3323	3324	0.0732614994049
3324	3323	0.0732614994049
3324	3325	0.0732614994049
3325	3324	0.0732614994049
3325	3326	0.0732614994049
3326	3325	0.0732614994049
3326	3327	0.0732614994049
3327	3326	0.0732614994049
3327	3328	0.0732614994049
3328	3327	0.0732614994049
3328	3329	0.0732614994049
3329	3328	0.0732614994049
3329	3330	0.0732614994049
3330	3329	0.0732614994049
3330	3331	0.0732614994049
3331	3330	0.0732614994049
3331	3332	0.0732614994049
3332	3331	0.0732614994049
3332	3333	0.0732614994049
3333	3332	0.0732614994049
3333	3334	0.0732614994049
3334	3333	0.0732614994049
3334	3335	0.0732614994049
3335	3334	0.0732614994049
3335	3336	0.0732614994049
3336	3335	0.0732614994049
3336	3337	0.0732614994049
3337	3336	0.0732614994049
3337	3338	0.0732614994049
3338	3337	0.0732614994049
3338	3339	0.0732614994049
3339	3338	0.0732614994049
3339	3340	0.0732614994049
3340	3339	0.0732614994049
3340	3341	0.0732614994049
3341	3340	0.0732614994049
3341	3342	0.0732614994049
3342	3341	0.0732614994049
3342	3343	0.0732614994049
3343	3342	0.0732614994049
3343	3344	0.0732614994049
3344	3343	0.0732614994049
3344	3345	0.0732614994049
3345	3344	0.0732614994049
3345	3346	0.0732614994049
3346	3345	0.0732614994049
3346	3347	0.0732614994049
3347	3346	0.0732614994049
3347	3348	0.0732614994049
3348	3347	0.0732614994049
3349	3286	0.104984000325
3349	3350	0.104984000325
3350	3349	0.104984000325
3350	3351	0.104984000325
3351	3350	0.104984000325
3351	3352	0.104984000325
3352	3351	0.104984000325
3352	3353	0.104984000325
3353	3352	0.104984000325
3353	3354	0.104984000325
3354	3353	0.104984000325
3354	3355	0.104984000325
3355	3354	0.104984000325
3355	3356	0.104984000325
3356	3355	0.104984000325
3356	3357	0.104984000325
3357	3356	0.104984000325
3357	3358	0.104984000325
3358	3357	0.104984000325
3358	3359	0.0520020015538
3358	3370	0.100546002388
3359	3358	0.0520020015538
3359	3360	0.0520020015538
3360	3359	0.0520020015538
3360	3361	0.0520020015538
3361	3360	0.0520020015538
3361	3362	0.0520020015538
3362	3361	0.0520020015538
3362	3363	0.0520020015538
3363	3362	0.0520020015538
3363	3364	0.0520020015538
3364	3363	0.0520020015538
3364	3365	0.0520020015538
3365	3364	0.0520020015538
3365	3366	0.0520020015538
3366	3365	0.0520020015538
3366	3367	0.0520020015538
3367	3366	0.0520020015538
3367	3368	0.0520020015538
3368	3367	0.0520020015538
3368	3369	0.0520020015538
3369	3368	0.0520020015538
3370	3358	0.100546002388
3370	3371	0.100546002388
3371	3370	0.100546002388
3371	3372	0.100546002388
3372	3371	0.100546002388
3372	3373	0.100546002388
3373	3372	0.100546002388
3373	3374	0.100546002388
3374	3373	0.100546002388
3374	3375	0.100546002388
3375	3374	0.100546002388
3375	3376	0.100546002388
3376	3375	0.100546002388
3376	3377	0.100546002388
3377	3376	0.100546002388
3377	3378	0.100546002388
3378	3377	0.100546002388
3378	3379	0.100546002388
3379	3378	0.100546002388
3379	3380	0.100546002388
3380	3379	0.100546002388
3380	3381	0.100546002388
3381	3380	0.100546002388
3381	3382	0.100546002388
3382	3381	0.100546002388
3382	3383	0.100546002388
3383	3382	0.100546002388
3383	3384	0.100546002388
3384	3383	0.100546002388
3384	3385	0.100546002388
3385	3384	0.100546002388
3385	3386	0.100546002388
3386	3385	0.100546002388
3386	3387	0.100546002388
3387	3386	0.100546002388
3387	3388	0.100546002388
3388	3387	0.100546002388
3388	3389	0.100546002388
3389	3388	0.100546002388
3389	3390	0.100546002388
3390	3389	0.100546002388
3390	3391	0.100546002388
3391	3390	0.100546002388
3391	3392	0.100546002388
3392	3391	0.100546002388
3392	3393	0.100546002388
3393	3392	0.100546002388
3393	3394	0.100546002388
3394	3393	0.100546002388
3394	3395	0.100546002388
3395	3394	0.100546002388
3395	3396	0.100546002388
3396	3395	0.100546002388
3396	3397	0.100546002388
3397	3396	0.100546002388
3397	3398	0.100546002388
3398	3397	0.100546002388
3398	3399	0.100546002388
3399	3398	0.100546002388
3399	3400	0.100546002388
3400	3399	0.100546002388
3400	3401	0.100546002388
3401	3400	0.100546002388
3401	3402	0.100546002388
3402	3401	0.100546002388
3402	3403	0.100546002388
3403	3402	0.100546002388
3403	3404	0.100546002388
3404	3403	0.100546002388
3404	3405	0.100546002388
3405	3404	0.100546002388
3405	3406	0.100546002388
3406	3405	0.100546002388
3406	3407	0.100546002388
3407	3406	0.100546002388
3407	3408	0.100546002388
3408	3407	0.100546002388
3408	3409	0.069797500968
3408	3427	0.0877825021744
3409	3408	0.069797500968
3409	3410	0.069797500968
3410	3409	0.069797500968
3410	3411	0.069797500968
3411	3410	0.069797500968
3411	3412	0.069797500968
3412	3411	0.069797500968
3412	3413	0.069797500968
3413	3412	0.069797500968
3413	3414	0.069797500968
3414	3413	0.069797500968
3414	3415	0.069797500968
3415	3414	0.069797500968
3415	3416	0.069797500968
3416	3415	0.069797500968
3416	3417	0.069797500968
3417	3416	0.069797500968
3417	3418	0.069797500968
3418	3417	0.069797500968
3418	3419	0.069797500968
3419	3418	0.069797500968
3419	3420	0.069797500968
3420	3419	0.069797500968
3420	3421	0.069797500968
3421	3420	0.069797500968
3421	3422	0.069797500968
3422	3421	0.069797500968
3422	3423	0.069797500968
3423	3422	0.069797500968
3423	3424	0.069797500968
3424	3423	0.069797500968
3424	3425	0.069797500968
3425	3424	0.069797500968
3425	3426	0.069797500968
3426	3425	0.069797500968
3427	3408	0.0877825021744
3427	3428	0.0877825021744
3428	3427	0.0877825021744
3428	3429	0.0877825021744
3429	3428	0.0877825021744
3429	3430	0.0877825021744
3430	3429	0.0877825021744
3430	3431	0.0877825021744
3431	3430	0.0877825021744
3431	3432	0.0877825021744
3432	3431	0.0877825021744
3432	3433	0.0877825021744
3433	3432	0.0877825021744
3433	3434	0.0877825021744
3434	3433	0.0877825021744
3434	3435	0.0877825021744
3435	3434	0.0877825021744
3435	3436	0.0877825021744
3436	3435	0.0877825021744
3436	3437	0.0877825021744
3437	3436	0.0877825021744
3437	3438	0.0877825021744
3438	3437	0.0877825021744
3438	3439	0.0877825021744
3439	3438	0.0877825021744
3439	3440	0.0877825021744
3440	3439	0.0877825021744
3440	3441	0.0877825021744
3441	3440	0.0877825021744
3441	3442	0.0877825021744
3442	3441	0.0877825021744
3442	3443	0.0877825021744
3443	3442	0.0877825021744
3443	3444	0.0877825021744
3444	3443	0.0877825021744
3444	3445	0.0877825021744
3445	3444	0.0877825021744
3445	3446	0.0877825021744
3446	3445	0.0877825021744
3446	3447	0.0877825021744
3447	3446	0.0877825021744
3447	3448	0.0877825021744
3448	3447	0.0877825021744
3448	3449	0.0877825021744
3449	3448	0.0877825021744
3449	3450	0.0877825021744
3450	3449	0.0877825021744
3450	3451	0.0877825021744
3451	3450	0.0877825021744
3451	3452	0.0877825021744
3452	3451	0.0877825021744
3452	3453	0.0877825021744
3453	3452	0.0877825021744
3453	3454	0.0877825021744
3454	3453	0.0877825021744
3454	3455	0.0877825021744
3455	3454	0.0877825021744
3455	3456	0.0877825021744
3456	3455	0.0877825021744
3456	3457	0.0877825021744
3457	3456	0.0877825021744
3457	3458	0.0877825021744
3458	3457	0.0877825021744
3458	3459	0.0877825021744
3459	3458	0.0877825021744
3459	3460	0.0877825021744
3460	3459	0.0877825021744
3460	3461	0.0877825021744
3461	3460	0.0877825021744
3461	3462	0.0877825021744
3462	3461	0.0877825021744
3462	3463	0.0877825021744
3463	3462	0.0877825021744
3463	3464	0.0877825021744
3464	3463	0.0877825021744
3464	3465	0.0877825021744
3465	3464	0.0877825021744
3465	3466	0.0877825021744
3466	3465	0.0877825021744
3466	3467	0.0877825021744
3467	3466	0.0877825021744
3467	3468	0.0877825021744
3468	3467	0.0877825021744
3468	3469	0.0877825021744
3469	3468	0.0877825021744
3469	3470	0.0877825021744
3470	3469	0.0877825021744
3470	3471	0.0877825021744
3471	3470	0.0877825021744
3471	3472	0.0877825021744
3472	3471	0.0877825021744
3473	3276	0.0869000032544
3473	3474	0.0869000032544
3474	3473	0.0869000032544
3474	3475	0.0869000032544
3475	3474	0.0869000032544
3475	3476	0.0869000032544
3476	3475	0.0869000032544
3476	3477	0.0869000032544
3477	3476	0.0869000032544
3477	3478	0.0869000032544
3478	3477	0.0869000032544
3478	3479	0.0869000032544
3479	3478	0.0869000032544
3479	3480	0.0869000032544
3480	3479	0.0869000032544
3480	3481	0.0869000032544
3481	3480	0.0869000032544
3481	3482	0.0869000032544
3482	3481	0.0869000032544
3482	3483	0.0869000032544
3483	3482	0.0869000032544
3483	3484	0.0869000032544
3484	3483	0.0869000032544
3484	3485	0.0615824982524
3484	3508	0.0750484988093
3485	3484	0.0615824982524
3485	3486	0.0615824982524
3486	3485	0.0615824982524
3486	3487	0.0615824982524
3487	3486	0.0615824982524
3487	3488	0.0615824982524
3488	3487	0.0615824982524
3488	3489	0.0615824982524
3489	3488	0.0615824982524
3489	3490	0.0615824982524
3490	3489	0.0615824982524
3490	3491	0.0615824982524
3491	3490	0.0615824982524
3491	3492	0.0615824982524
3492	3491	0.0615824982524
3492	3493	0.0615824982524
3493	3492	0.0615824982524
3493	3494	0.0615824982524
3494	3493	0.0615824982524
3494	3495	0.0615824982524
3495	3494	0.0615824982524
3495	3496	0.0615824982524
3496	3495	0.0615824982524
3496	3497	0.0615824982524
3497	3496	0.0615824982524
3497	3498	0.0615824982524
3498	3497	0.0615824982524
3498	3499	0.0615824982524
3499	3498	0.0615824982524
3499	3500	0.0615824982524
3500	3499	0.0615824982524
3500	3501	0.0615824982524
3501	3500	0.0615824982524
3501	3502	0.0615824982524
3502	3501	0.0615824982524
3502	3503	0.0615824982524
3503	3502	0.0615824982524
3503	3504	0.0615824982524
3504	3503	0.0615824982524
3504	3505	0.0615824982524
3505	3504	0.0615824982524
3505	3506	0.0615824982524
3506	3505	0.0615824982524
3506	3507	0.0615824982524
3507	3506	0.0615824982524
3508	3484	0.0750484988093
3508	3509	0.0750484988093
3509	3508	0.0750484988093
3509	3510	0.0750484988093
3510	3509	0.0750484988093
3510	3511	0.0750484988093
3511	3510	0.0750484988093
3511	3512	0.0750484988093
3512	3511	0.0750484988093
3512	3513	0.0750484988093
3513	3512	0.0750484988093
3513	3514	0.0750484988093
3514	3513	0.0750484988093
3514	3515	0.0750484988093
3515	3514	0.0750484988093
3515	3516	0.0750484988093
3516	3515	0.0750484988093
3516	3517	0.0750484988093
3517	3516	0.0750484988093
3517	3518	0.0750484988093
3518	3517	0.0750484988093
3518	3519	0.0750484988093
3519	3518	0.0750484988093
3519	3520	0.0750484988093
3520	3519	0.0750484988093
3520	3521	0.0750484988093
3521	3520	0.0750484988093
3521	3522	0.0750484988093
3522	3521	0.0750484988093
3522	3523	0.0750484988093
3523	3522	0.0750484988093
3523	3524	0.0750484988093
3524	3523	0.0750484988093
3524	3525	0.0750484988093
3525	3524	0.0750484988093
3525	3526	0.0750484988093
3526	3525	0.0750484988093
3526	3527	0.0750484988093
3527	3526	0.0750484988093
3527	3528	0.0750484988093
3528	3527	0.0750484988093
3528	3529	0.0750484988093
3529	3528	0.0750484988093
3529	3530	0.0750484988093
3530	3529	0.0750484988093
3530	3531	0.0750484988093
3531	3530	0.0750484988093
3531	3532	0.0750484988093
3532	3531	0.0750484988093
3532	3533	0.0750484988093
3533	3532	0.0750484988093
3533	3534	0.0750484988093
3534	3533	0.0750484988093
3534	3535	0.0750484988093
3535	3534	0.0750484988093
3535	3536	0.0750484988093
3536	3535	0.0750484988093
3536	3537	0.0750484988093
3537	3536	0.0750484988093
3537	3538	0.0750484988093
3538	3537	0.0750484988093
3538	3539	0.0750484988093
3539	3538	0.0750484988093
3539	3540	0.0750484988093
3540	3539	0.0750484988093
3540	3541	0.0750484988093
3541	3540	0.0750484988093
3541	3542	0.0750484988093
3542	3541	0.0750484988093
3542	3543	0.0750484988093
3543	3542	0.0750484988093
3543	3544	0.0750484988093
3544	3543	0.0750484988093
3544	3545	0.0750484988093
3545	3544	0.0750484988093
3545	3546	0.0750484988093
3546	3545	0.0750484988093
3546	3547	0.0750484988093
3547	3546	0.0750484988093
3547	3548	0.0750484988093
3548	3547	0.0750484988093
3548	3549	0.0750484988093
3549	3548	0.0750484988093
3549	3550	0.0750484988093
3550	3549	0.0750484988093
3550	3551	0.0750484988093
3551	3550	0.0750484988093
3551	3552	0.0750484988093
3552	3551	0.0750484988093
3552	3553	0.0750484988093
3553	3552	0.0750484988093
3553	3554	0.0750484988093
3554	3553	0.0750484988093
3554	3555	0.0750484988093
3555	3554	0.0750484988093
3555	3556	0.0750484988093
3556	3555	0.0750484988093
3556	3557	0.0750484988093
3557	3556	0.0750484988093
3557	3558	0.0750484988093
3558	3557	0.0750484988093
3559	3165	0.0841924995184
3559	3560	0.0841924995184
3560	3559	0.0841924995184
3560	3561	0.0841924995184
3561	3560	0.0841924995184
3561	3562	0.0841924995184
3562	3561	0.0841924995184
3562	3563	0.0841924995184
3563	3562	0.0841924995184
3563	3564	0.0841924995184
3564	3563	0.0841924995184
3564	3565	0.0841924995184
3565	3564	0.0841924995184
3565	3566	0.0841924995184
3566	3565	0.0841924995184
3566	3567	0.0841924995184
3567	3566	0.0841924995184
3567	3568	0.0784875005484
3567	3648	0.0483860000968
3568	3567	0.0784875005484
3568	3569	0.0784875005484
3569	3568	0.0784875005484
3569	3570	0.0784875005484
3570	3569	0.0784875005484
3570	3571	0.0784875005484
3571	3570	0.0784875005484
3571	3572	0.0784875005484
3572	3571	0.0784875005484
3572	3573	0.0784875005484
3573	3572	0.0784875005484
3573	3574	0.0784875005484
3574	3573	0.0784875005484
3574	3575	0.0784875005484
3575	3574	0.0784875005484
3575	3576	0.0784875005484
3576	3575	0.0784875005484
3576	3577	0.0576824992895
3576	3603	0.0663105025887
3577	3576	0.0576824992895
3577	3578	0.0576824992895
3578	3577	0.0576824992895
3578	3579	0.0576824992895
3579	3578	0.0576824992895
3579	3580	0.0576824992895
3580	3579	0.0576824992895
3580	3581	0.0576824992895
3581	3580	0.0576824992895
3581	3582	0.0576824992895
3582	3581	0.0576824992895
3582	3583	0.0576824992895
3583	3582	0.0576824992895
3583	3584	0.0576824992895
3584	3583	0.0576824992895
3584	3585	0.0576824992895
3585	3584	0.0576824992895
3585	3586	0.0576824992895
3586	3585	0.0576824992895
3586	3587	0.0576824992895
3587	3586	0.0576824992895
3587	3588	0.0576824992895
3588	3587	0.0576824992895
3588	3589	0.0576824992895
3589	3588	0.0576824992895
3589	3590	0.0576824992895
3590	3589	0.0576824992895
3590	3591	0.0576824992895
3591	3590	0.0576824992895
3591	3592	0.0576824992895
3592	3591	0.0576824992895
3592	3593	0.0576824992895
3593	3592	0.0576824992895
3593	3594	0.0576824992895
3594	3593	0.0576824992895
3594	3595	0.0576824992895
3595	3594	0.0576824992895
3595	3596	0.0576824992895
3596	3595	0.0576824992895
3596	3597	0.0576824992895
3597	3596	0.0576824992895
3597	3598	0.0576824992895
3598	3597	0.0576824992895
3598	3599	0.0576824992895
3599	3598	0.0576824992895
3599	3600	0.0576824992895
3600	3599	0.0576824992895
3600	3601	0.0576824992895
3601	3600	0.0576824992895
3601	3602	0.0576824992895
3602	3601	0.0576824992895
3603	3576	0.0663105025887
3603	3604	0.0663105025887
3604	3603	0.0663105025887
3604	3605	0.0663105025887
3605	3604	0.0663105025887
3605	3606	0.0663105025887
3606	3605	0.0663105025887
3606	3607	0.0663105025887
3607	3606	0.0663105025887
3607	3608	0.0663105025887
3608	3607	0.0663105025887
3608	3609	0.0663105025887
3609	3608	0.0663105025887
3609	3610	0.0663105025887
3610	3609	0.0663105025887
3610	3611	0.0663105025887
3611	3610	0.0663105025887
3611	3612	0.0663105025887
3612	3611	0.0663105025887
3612	3613	0.0663105025887
3613	3612	0.0663105025887
3613	3614	0.0663105025887
3614	3613	0.0663105025887
3614	3615	0.0663105025887
3615	3614	0.0663105025887
3615	3616	0.0663105025887
3616	3615	0.0663105025887
3616	3617	0.0663105025887
3617	3616	0.0663105025887
3617	3618	0.0663105025887
3618	3617	0.0663105025887
3618	3619	0.0663105025887
3619	3618	0.0663105025887
3619	3620	0.0663105025887
3620	3619	0.0663105025887
3620	3621	0.0663105025887
3621	3620	0.0663105025887
3621	3622	0.0663105025887
3622	3621	0.0663105025887
3622	3623	0.0663105025887
3623	3622	0.0663105025887
3623	3624	0.0663105025887
3624	3623	0.0663105025887
3624	3625	0.0663105025887
3625	3624	0.0663105025887
3625	3626	0.0663105025887
3626	3625	0.0663105025887
3626	3627	0.0663105025887
3627	3626	0.0663105025887
3627	3628	0.0663105025887
3628	3627	0.0663105025887
3628	3629	0.0663105025887
3629	3628	0.0663105025887
3629	3630	0.0663105025887
3630	3629	0.0663105025887
3630	3631	0.0663105025887
3631	3630	0.0663105025887
3631	3632	0.0663105025887
3632	3631	0.0663105025887
3632	3633	0.0663105025887
3633	3632	0.0663105025887
3633	3634	0.0663105025887
3634	3633	0.0663105025887
3634	3635	0.0663105025887
3635	3634	0.0663105025887
3635	3636	0.0663105025887
3636	3635	0.0663105025887
3636	3637	0.0663105025887
3637	3636	0.0663105025887
3637	3638	0.0663105025887
3638	3637	0.0663105025887
3638	3639	0.0663105025887
3639	3638	0.0663105025887
3639	3640	0.0663105025887
3640	3639	0.0663105025887
3640	3641	0.0663105025887
3641	3640	0.0663105025887
3641	3642	0.0663105025887
3642	3641	0.0663105025887
3642	3643	0.0663105025887
3643	3642	0.0663105025887
3643	3644	0.0663105025887
3644	3643	0.0663105025887
3644	3645	0.0663105025887
3645	3644	0.0663105025887
3645	3646	0.0663105025887
3646	3645	0.0663105025887
3646	3647	0.0663105025887
3647	3646	0.0663105025887
3648	3567	0.0483860000968
3648	3649	0.0483860000968
3649	3648	0.0483860000968
3649	3650	0.0483860000968
3650	3649	0.0483860000968
3650	3651	0.0483860000968
3651	3650	0.0483860000968
3651	3652	0.0483860000968
3652	3651	0.0483860000968
3652	3653	0.0483860000968
3653	3652	0.0483860000968
3653	3654	0.0483860000968
3654	3653	0.0483860000968
3654	3655	0.0483860000968
3655	3654	0.0483860000968
3655	3656	0.0483860000968
3656	3655	0.0483860000968
3656	3657	0.0483860000968
3657	3656	0.0483860000968
3657	3658	0.0483860000968
3658	3657	0.0483860000968
3658	3659	0.0483860000968
3659	3658	0.0483860000968
3659	3660	0.0483860000968
3660	3659	0.0483860000968
3660	3661	0.0483860000968
3661	3660	0.0483860000968
3661	3662	0.0483860000968
3662	3661	0.0483860000968
3663	3150	0.057881500572
3663	3664	0.057881500572
3664	3663	0.057881500572
3664	3665	0.057881500572
3665	3664	0.057881500572
3665	3666	0.057881500572
3666	3665	0.057881500572
3666	3667	0.057881500572
3667	3666	0.057881500572
3667	3668	0.057881500572
3668	3667	0.057881500572
3668	3669	0.057881500572
3669	3668	0.057881500572
3669	3670	0.057881500572
3670	3669	0.057881500572
3670	3671	0.057881500572
3671	3670	0.057881500572
3671	3672	0.057881500572
3672	3671	0.057881500572
3672	3673	0.057881500572
3673	3672	0.057881500572
3673	3674	0.057881500572
3674	3673	0.057881500572
3674	3675	0.057881500572
3675	3674	0.057881500572
3675	3676	0.057881500572
3676	3675	0.057881500572
3676	3677	0.057881500572
3677	3676	0.057881500572
3677	3678	0.057881500572
3678	3677	0.057881500572
3678	3679	0.057881500572
3679	3678	0.057881500572
3679	3680	0.057881500572
3680	3679	0.057881500572
3680	3681	0.057881500572
3681	3680	0.057881500572
3681	3682	0.057881500572
3682	3681	0.057881500572
3682	3683	0.057881500572
3683	3682	0.057881500572
3683	3684	0.057881500572
3684	3683	0.057881500572
3684	3685	0.057881500572
3685	3684	0.057881500572
3685	3686	0.057881500572
3686	3685	0.057881500572
3686	3687	0.057881500572
3687	3686	0.057881500572
3687	3688	0.057881500572
3688	3687	0.057881500572
3688	3689	0.057881500572
3689	3688	0.057881500572
3689	3690	0.057881500572
3690	3689	0.057881500572
3690	3691	0.057881500572
3691	3690	0.057881500572
3691	3692	0.057881500572
3692	3691	0.057881500572
3692	3693	0.057881500572
3693	3692	0.057881500572
3693	3694	0.057881500572
3694	3693	0.057881500572
3694	3695	0.057881500572
3695	3694	0.057881500572
3695	3696	0.057881500572
3696	3695	0.057881500572
3696	3697	0.057881500572
3697	3696	0.057881500572
3697	3698	0.057881500572
3698	3697	0.057881500572
3698	3699	0.057881500572
3699	3698	0.057881500572
3699	3700	0.057881500572
3700	3699	0.057881500572
3700	3701	0.057881500572
3701	3700	0.057881500572
3701	3702	0.057881500572
3702	3701	0.057881500572
3702	3703	0.057881500572
3703	3702	0.057881500572
3704	3143	0.0648709982634
3704	3705	0.0648709982634
3705	3704	0.0648709982634
3705	3706	0.0648709982634
3706	3705	0.0648709982634
3706	3707	0.0648709982634
3707	3706	0.0648709982634
3707	3708	0.0648709982634
3708	3707	0.0648709982634
3708	3709	0.0648709982634
3709	3708	0.0648709982634
3709	3710	0.0648709982634
3710	3709	0.0648709982634
3710	3711	0.0648709982634
3711	3710	0.0648709982634
3711	3712	0.0648709982634
3712	3711	0.0648709982634
3712	3713	0.0648709982634
3713	3712	0.0648709982634
3713	3714	0.0648709982634
3714	3713	0.0648709982634
3714	3715	0.0648709982634
3715	3714	0.0648709982634
3715	3716	0.0648709982634
3716	3715	0.0648709982634
3716	3717	0.0648709982634
3717	3716	0.0648709982634
3717	3718	0.0648709982634
3718	3717	0.0648709982634
3718	3719	0.0648709982634
3719	3718	0.0648709982634
3719	3720	0.0648709982634
3720	3719	0.0648709982634
3720	3721	0.0648709982634
3721	3720	0.0648709982634
3721	3722	0.0648709982634
3722	3721	0.0648709982634
3722	3723	0.0648709982634
3723	3722	0.0648709982634
3723	3724	0.0648709982634
3724	3723	0.0648709982634
3724	3725	0.0648709982634
3725	3724	0.0648709982634
3725	3726	0.0648709982634
3726	3725	0.0648709982634
3726	3727	0.0648709982634
3727	3726	0.0648709982634
3727	3728	0.0648709982634
3728	3727	0.0648709982634
3728	3729	0.0648709982634
3729	3728	0.0648709982634
3729	3730	0.0648709982634
3730	3729	0.0648709982634
3730	3731	0.0648709982634
3731	3730	0.0648709982634
3731	3732	0.0648709982634
3732	3731	0.0648709982634
3732	3733	0.0648709982634
3733	3732	0.0648709982634
3733	3734	0.0648709982634
3734	3733	0.0648709982634
3734	3735	0.0648709982634
3735	3734	0.0648709982634
3735	3736	0.0648709982634
3736	3735	0.0648709982634
3736	3737	0.0648709982634
3737	3736	0.0648709982634
3737	3738	0.0648709982634
3738	3737	0.0648709982634
3738	3739	0.0648709982634
3739	3738	0.0648709982634
3739	3740	0.0648709982634
3740	3739	0.0648709982634
3740	3741	0.0648709982634
3741	3740	0.0648709982634
3741	3742	0.0648709982634
3742	3741	0.0648709982634
3742	3743	0.0648709982634
3743	3742	0.0648709982634
3743	3744	0.0648709982634
3744	3743	0.0648709982634
3744	3745	0.0648709982634
3745	3744	0.0648709982634
3745	3746	0.0648709982634
3746	3745	0.0648709982634
3746	3747	0.0648709982634
3747	3746	0.0648709982634
3747	3748	0.0648709982634
3748	3747	0.0648709982634
3748	3749	0.0648709982634
3749	3748	0.0648709982634
3749	3750	0.0648709982634
3750	3749	0.0648709982634
3750	3751	0.0648709982634
3751	3750	0.0648709982634
3751	3752	0.0648709982634
3752	3751	0.0648709982634
3752	3753	0.0648709982634
3753	3752	0.0648709982634
3753	3754	0.0648709982634
3754	3753	0.0648709982634
3754	3755	0.0648709982634
3755	3754	0.0648709982634
3755	3756	0.0648709982634
3756	3755	0.0648709982634
3756	3757	0.0648709982634
3757	3756	0.0648709982634
3757	3758	0.0648709982634
3758	3757	0.0648709982634
3758	3759	0.0648709982634
3759	3758	0.0648709982634
3759	3760	0.0648709982634
3760	3759	0.0648709982634
3760	3761	0.0648709982634
3761	3760	0.0648709982634
3761	3762	0.0648709982634
3762	3761	0.0648709982634
3762	3763	0.0648709982634
3763	3762	0.0648709982634
3763	3764	0.0648709982634
3764	3763	0.0648709982634
3764	3765	0.0648709982634
3765	3764	0.0648709982634
3765	3766	0.0648709982634
3766	3765	0.0648709982634
3766	3767	0.0648709982634
3767	3766	0.0648709982634
3767	3768	0.0648709982634
3768	3767	0.0648709982634
3768	3769	0.0648709982634
3769	3768	0.0648709982634
3769	3770	0.0648709982634
3770	3769	0.0648709982634
3770	3771	0.0648709982634
3771	3770	0.0648709982634
3771	3772	0.0648709982634
3772	3771	0.0648709982634
3773	3108	0.052241999656
3773	3774	0.052241999656
3774	3773	0.052241999656
3774	3775	0.052241999656
3775	3774	0.052241999656
3775	3776	0.052241999656
3776	3775	0.052241999656
3776	3777	0.052241999656
3777	3776	0.052241999656
3777	3778	0.052241999656
3778	3777	0.052241999656
3778	3779	0.052241999656
3779	3778	0.052241999656
3779	3780	0.052241999656
3780	3779	0.052241999656
3780	3781	0.052241999656
3781	3780	0.052241999656
3781	3782	0.052241999656
3782	3781	0.052241999656
3782	3783	0.052241999656
3783	3782	0.052241999656
3783	3784	0.052241999656
3784	3783	0.052241999656
3784	3785	0.052241999656
3785	3784	0.052241999656
3785	3786	0.052241999656
3786	3785	0.052241999656
3786	3787	0.052241999656
3787	3786	0.052241999656
3787	3788	0.052241999656
3788	3787	0.052241999656
3788	3789	0.052241999656
3789	3788	0.052241999656
3789	3790	0.052241999656
3790	3789	0.052241999656
3790	3791	0.052241999656
3791	3790	0.052241999656
3791	3792	0.052241999656
3792	3791	0.052241999656
3792	3793	0.052241999656
3793	3792	0.052241999656
3793	3794	0.052241999656
3794	3793	0.052241999656
3794	3795	0.052241999656
3795	3794	0.052241999656
3795	3796	0.052241999656
3796	3795	0.052241999656
3796	3797	0.052241999656
3797	3796	0.052241999656
3797	3798	0.052241999656
3798	3797	0.052241999656
3798	3799	0.052241999656
3799	3798	0.052241999656
3799	3800	0.052241999656
3800	3799	0.052241999656
3800	3801	0.052241999656
3801	3800	0.052241999656
3801	3802	0.052241999656
3802	3801	0.052241999656
3802	3803	0.052241999656
3803	3802	0.052241999656
3804	3105	0.0888015031815
3804	3805	0.0888015031815
3805	3804	0.0888015031815
3805	3806	0.0888015031815
3806	3805	0.0888015031815
3806	3807	0.0888015031815
3807	3806	0.0888015031815
3807	3808	0.0888015031815
3808	3807	0.0888015031815
3808	3809	0.0888015031815
3809	3808	0.0888015031815
3809	3810	0.0888015031815
3810	3809	0.0888015031815
3810	3811	0.0888015031815
3811	3810	0.0888015031815
3811	3812	0.0888015031815
3812	3811	0.0888015031815
3812	3813	0.0888015031815
3813	3812	0.0888015031815
3813	3814	0.0888015031815
3814	3813	0.0888015031815
3814	3815	0.0888015031815
3815	3814	0.0888015031815
3815	3816	0.0888015031815
3816	3815	0.0888015031815
3816	3817	0.0888015031815
3817	3816	0.0888015031815
3817	3818	0.0888015031815
3818	3817	0.0888015031815
3818	3819	0.0888015031815
3819	3818	0.0888015031815
3819	3820	0.0888015031815
3820	3819	0.0888015031815
3820	3821	0.0888015031815
3821	3820	0.0888015031815
3821	3822	0.0888015031815
3822	3821	0.0888015031815
3822	3823	0.0888015031815
3823	3822	0.0888015031815
3823	3824	0.0888015031815
3824	3823	0.0888015031815
3824	3825	0.0888015031815
3825	3824	0.0888015031815
3825	3826	0.0888015031815
3826	3825	0.0888015031815
3826	3827	0.0888015031815
3827	3826	0.0888015031815
3827	3828	0.0888015031815
3828	3827	0.0888015031815
3828	3829	0.0888015031815
3829	3828	0.0888015031815
3829	3830	0.0888015031815
3830	3829	0.0888015031815
3830	3831	0.0888015031815
3831	3830	0.0888015031815
3831	3832	0.0813115015626
3831	3916	0.0545889995992
3832	3831	0.0813115015626
3832	3833	0.0813115015626
3833	3832	0.0813115015626
3833	3834	0.0813115015626
3834	3833	0.0813115015626
3834	3835	0.0813115015626
3835	3834	0.0813115015626
3835	3836	0.0813115015626
3836	3835	0.0813115015626
3836	3837	0.0813115015626
3837	3836	0.0813115015626
3837	3838	0.0813115015626
3838	3837	0.0813115015626
3838	3839	0.0813115015626
3839	3838	0.0813115015626
3839	3840	0.0813115015626
3840	3839	0.0813115015626
3840	3841	0.0813115015626
3841	3840	0.0813115015626
3841	3842	0.0813115015626
3842	3841	0.0813115015626
3842	3843	0.0813115015626
3843	3842	0.0813115015626
3843	3844	0.0813115015626
3844	3843	0.0813115015626
3844	3845	0.0813115015626
3845	3844	0.0813115015626
3845	3846	0.0813115015626
3846	3845	0.0813115015626
3846	3847	0.0813115015626
3847	3846	0.0813115015626
3847	3848	0.0813115015626
3848	3847	0.0813115015626
3848	3849	0.0813115015626
3849	3848	0.0813115015626
3849	3850	0.0813115015626
3850	3849	0.0813115015626
3850	3851	0.0813115015626
3851	3850	0.0813115015626
3851	3852	0.0813115015626
3852	3851	0.0813115015626
3852	3853	0.0813115015626
3853	3852	0.0813115015626
3853	3854	0.0813115015626
3854	3853	0.0813115015626
3854	3855	0.0813115015626
3855	3854	0.0813115015626
3855	3856	0.0813115015626
3856	3855	0.0813115015626
3856	3857	0.0813115015626
3857	3856	0.0813115015626
3857	3858	0.0813115015626
3858	3857	0.0813115015626
3858	3859	0.0813115015626
3859	3858	0.0813115015626
3859	3860	0.0813115015626
3860	3859	0.0813115015626
3860	3861	0.0813115015626
3861	3860	0.0813115015626
3861	3862	0.0640275031328
3861	3888	0.0650385022163
3862	3861	0.0640275031328
3862	3863	0.0640275031328
3863	3862	0.0640275031328
3863	3864	0.0640275031328
3864	3863	0.0640275031328
3864	3865	0.0640275031328
3865	3864	0.0640275031328
3865	3866	0.0640275031328
3866	3865	0.0640275031328
3866	3867	0.0640275031328
3867	3866	0.0640275031328
3867	3868	0.0640275031328
3868	3867	0.0640275031328
3868	3869	0.0640275031328
3869	3868	0.0640275031328
3869	3870	0.0640275031328
3870	3869	0.0640275031328
3870	3871	0.0640275031328
3871	3870	0.0640275031328
3871	3872	0.0640275031328
3872	3871	0.0640275031328
3872	3873	0.0640275031328
3873	3872	0.0640275031328
3873	3874	0.0640275031328
3874	3873	0.0640275031328
3874	3875	0.0640275031328
3875	3874	0.0640275031328
3875	3876	0.0640275031328
3876	3875	0.0640275031328
3876	3877	0.0640275031328
3877	3876	0.0640275031328
3877	3878	0.0640275031328
3878	3877	0.0640275031328
3878	3879	0.0640275031328
3879	3878	0.0640275031328
3879	3880	0.0640275031328
3880	3879	0.0640275031328
3880	3881	0.0640275031328
3881	3880	0.0640275031328
3881	3882	0.0640275031328
3882	3881	0.0640275031328
3882	3883	0.0640275031328
3883	3882	0.0640275031328
3883	3884	0.0640275031328
3884	3883	0.0640275031328
3884	3885	0.0640275031328
3885	3884	0.0640275031328
3885	3886	0.0640275031328
3886	3885	0.0640275031328
3886	3887	0.0640275031328
3887	3886	0.0640275031328
3888	3861	0.0650385022163
3888	3889	0.0650385022163
3889	3888	0.0650385022163
3889	3890	0.0650385022163
3890	3889	0.0650385022163
3890	3891	0.0650385022163
3891	3890	0.0650385022163
3891	3892	0.0650385022163
3892	3891	0.0650385022163
3892	3893	0.0650385022163
3893	3892	0.0650385022163
3893	3894	0.0650385022163
3894	3893	0.0650385022163
3894	3895	0.0650385022163
3895	3894	0.0650385022163
3895	3896	0.0650385022163
3896	3895	0.0650385022163
3896	3897	0.0650385022163
3897	3896	0.0650385022163
3897	3898	0.0650385022163
3898	3897	0.0650385022163
3898	3899	0.0650385022163
3899	3898	0.0650385022163
3899	3900	0.0650385022163
3900	3899	0.0650385022163
3900	3901	0.0650385022163
3901	3900	0.0650385022163
3901	3902	0.0650385022163
3902	3901	0.0650385022163
3902	3903	0.0650385022163
3903	3902	0.0650385022163
3903	3904	0.0650385022163
3904	3903	0.0650385022163
3904	3905	0.0650385022163
3905	3904	0.0650385022163
3905	3906	0.0650385022163
3906	3905	0.0650385022163
3906	3907	0.0650385022163
3907	3906	0.0650385022163
3907	3908	0.0650385022163
3908	3907	0.0650385022163
3908	3909	0.0650385022163
3909	3908	0.0650385022163
3909	3910	0.0650385022163
3910	3909	0.0650385022163
3910	3911	0.0650385022163
3911	3910	0.0650385022163
3911	3912	0.0650385022163
3912	3911	0.0650385022163
3912	3913	0.0650385022163
3913	3912	0.0650385022163
3913	3914	0.0650385022163
3914	3913	0.0650385022163
3914	3915	0.0650385022163
3915	3914	0.0650385022163
3916	3831	0.0545889995992
3916	3917	0.0545889995992
3917	3916	0.0545889995992
3917	3918	0.0545889995992
3918	3917	0.0545889995992
3918	3919	0.0545889995992
3919	3918	0.0545889995992
3919	3920	0.0545889995992
3920	3919	0.0545889995992
3920	3921	0.0545889995992
3921	3920	0.0545889995992
3921	3922	0.0545889995992
3922	3921	0.0545889995992
3922	3923	0.0545889995992
3923	3922	0.0545889995992
3923	3924	0.0545889995992
3924	3923	0.0545889995992
3924	3925	0.0545889995992
3925	3924	0.0545889995992
3925	3926	0.0545889995992
3926	3925	0.0545889995992
3926	3927	0.0545889995992
3927	3926	0.0545889995992
3927	3928	0.0545889995992
3928	3927	0.0545889995992
3928	3929	0.0545889995992
3929	3928	0.0545889995992
3929	3930	0.0545889995992
3930	3929	0.0545889995992
3930	3931	0.0545889995992
3931	3930	0.0545889995992
3931	3932	0.0545889995992
3932	3931	0.0545889995992
3932	3933	0.0545889995992
3933	3932	0.0545889995992
3933	3934	0.0545889995992
3934	3933	0.0545889995992
3934	3935	0.0545889995992
3935	3934	0.0545889995992
3935	3936	0.0545889995992
3936	3935	0.0545889995992
3936	3937	0.0545889995992
3937	3936	0.0545889995992
3937	3938	0.0545889995992
3938	3937	0.0545889995992
3938	3939	0.0545889995992
3939	3938	0.0545889995992
3939	3940	0.0545889995992
3940	3939	0.0545889995992
3940	3941	0.0545889995992
3941	3940	0.0545889995992
3942	2750	0.0517094992101
3942	3943	0.0517094992101
3943	3942	0.0517094992101
3943	3944	0.0517094992101
3944	3943	0.0517094992101
3944	3945	0.0517094992101
3945	3944	0.0517094992101
3945	3946	0.0517094992101
3946	3945	0.0517094992101
3946	3947	0.0517094992101
3947	3946	0.0517094992101
3947	3948	0.0517094992101
3948	3947	0.0517094992101
3948	3949	0.0517094992101
3949	3948	0.0517094992101
3949	3950	0.0517094992101
3950	3949	0.0517094992101
3950	3951	0.0517094992101
3951	3950	0.0517094992101
3951	3952	0.0517094992101
3952	3951	0.0517094992101
3952	3953	0.0517094992101
3953	3952	0.0517094992101
3953	3954	0.0517094992101
3954	3953	0.0517094992101
3954	3955	0.0517094992101
3955	3954	0.0517094992101
3955	3956	0.0517094992101
3956	3955	0.0517094992101
3956	3957	0.0517094992101
3957	3956	0.0517094992101
3957	3958	0.0517094992101
3958	3957	0.0517094992101
3958	3959	0.0517094992101
3959	3958	0.0517094992101
3959	3960	0.0517094992101
3960	3959	0.0517094992101
3960	3961	0.0517094992101
3961	3960	0.0517094992101
3961	3962	0.0517094992101
3962	3961	0.0517094992101
3962	3963	0.0517094992101
3963	3962	0.0517094992101
3963	3964	0.0517094992101
3964	3963	0.0517094992101
3964	3965	0.0517094992101
3965	3964	0.0517094992101
3965	3966	0.0517094992101
3966	3965	0.0517094992101
3966	3967	0.0517094992101
3967	3966	0.0517094992101
3967	3968	0.0517094992101
3968	3967	0.0517094992101
3968	3969	0.0517094992101
3969	3968	0.0517094992101
3969	3970	0.0517094992101
3970	3969	0.0517094992101
3970	3971	0.0517094992101
3971	3970	0.0517094992101
3971	3972	0.0517094992101
3972	3971	0.0517094992101
3972	3973	0.0517094992101
3973	3972	0.0517094992101
3973	3974	0.0517094992101
3974	3973	0.0517094992101
3974	3975	0.0517094992101
3975	3974	0.0517094992101
3975	3976	0.0517094992101
3976	3975	0.0517094992101
3976	3977	0.0517094992101
3977	3976	0.0517094992101
3977	3978	0.0517094992101
3978	3977	0.0517094992101
3978	3979	0.0517094992101
3979	3978	0.0517094992101
3979	3980	0.0517094992101
3980	3979	0.0517094992101
3980	3981	0.0517094992101
3981	3980	0.0517094992101
3982	2661	0.290634512901
3982	3983	0.290634512901
3983	3982	0.290634512901
3983	3984	0.290634512901
3984	3983	0.290634512901
3984	3985	0.290634512901
3985	3984	0.290634512901
3985	3986	0.290634512901
3986	3985	0.290634512901
3986	3987	0.290634512901
3987	3986	0.290634512901
3987	3988	0.290634512901
3988	3987	0.290634512901
3988	3989	0.290634512901
3989	3988	0.290634512901
3989	3990	0.290634512901
3990	3989	0.290634512901
3990	3991	0.290634512901
3991	3990	0.290634512901
3991	3992	0.290634512901
3992	3991	0.290634512901
3992	3993	0.290634512901
3993	3992	0.290634512901
3993	3994	0.290634512901
3994	3993	0.290634512901
3994	3995	0.290634512901
3995	3994	0.290634512901
3995	3996	0.290634512901
3996	3995	0.290634512901
3996	3997	0.290634512901
3997	3996	0.290634512901
3997	3998	0.290634512901
3998	3997	0.290634512901
3998	3999	0.290271997452
3998	7833	0.0451029986143
3999	3998	0.290271997452
3999	4000	0.290271997452
4000	3999	0.290271997452
4000	4001	0.290271997452
4001	4000	0.290271997452
4001	4002	0.290271997452
4002	4001	0.290271997452
4002	4003	0.290271997452
4003	4002	0.290271997452
4003	4004	0.290271997452
4004	4003	0.290271997452
4004	4005	0.290271997452
4005	4004	0.290271997452
4005	4006	0.290271997452
4006	4005	0.290271997452
4006	4007	0.290271997452
4007	4006	0.290271997452
4007	4008	0.290271997452
4008	4007	0.290271997452
4008	4009	0.290271997452
4009	4008	0.290271997452
4009	4010	0.290271997452
4010	4009	0.290271997452
4010	4011	0.290271997452
4011	4010	0.290271997452
4011	4012	0.290271997452
4012	4011	0.290271997452
4012	4013	0.290271997452
4013	4012	0.290271997452
4013	4014	0.290271997452
4014	4013	0.290271997452
4014	4015	0.290271997452
4015	4014	0.290271997452
4015	4016	0.290006488562
4015	7816	0.0406355001032
4016	4015	0.290006488562
4016	4017	0.290006488562
4017	4016	0.290006488562
4017	4018	0.290006488562
4018	4017	0.290006488562
4018	4019	0.290006488562
4019	4018	0.290006488562
4019	4020	0.290006488562
4020	4019	0.290006488562
4020	4021	0.290006488562
4021	4020	0.290006488562
4021	4022	0.290006488562
4022	4021	0.290006488562
4022	4023	0.290006488562
4023	4022	0.290006488562
4023	4024	0.290006488562
4024	4023	0.290006488562
4024	4025	0.290006488562
4025	4024	0.290006488562
4025	4026	0.290006488562
4026	4025	0.290006488562
4026	4027	0.290006488562
4027	4026	0.290006488562
4027	4028	0.290006488562
4028	4027	0.290006488562
4028	4029	0.290006488562
4029	4028	0.290006488562
4029	4030	0.290006488562
4030	4029	0.290006488562
4030	4031	0.290006488562
4031	4030	0.290006488562
4031	4032	0.290006488562
4032	4031	0.290006488562
4032	4033	0.290006488562
4033	4032	0.290006488562
4033	4034	0.290006488562
4034	4033	0.290006488562
4034	4035	0.290006488562
4035	4034	0.290006488562
4035	4036	0.290006488562
4036	4035	0.290006488562
4036	4037	0.290006488562
4037	4036	0.290006488562
4037	4038	0.290006488562
4038	4037	0.290006488562
4038	4039	0.290006488562
4039	4038	0.290006488562
4039	4040	0.290006488562
4040	4039	0.290006488562
4040	4041	0.290006488562
4041	4040	0.290006488562
4041	4042	0.290006488562
4042	4041	0.290006488562
4042	4043	0.290006488562
4043	4042	0.290006488562
4043	4044	0.290006488562
4044	4043	0.290006488562
4044	4045	0.290006488562
4045	4044	0.290006488562
4045	4046	0.290006488562
4046	4045	0.290006488562
4046	4047	0.290006488562
4047	4046	0.290006488562
4047	4048	0.290006488562
4048	4047	0.290006488562
4048	4049	0.290006488562
4049	4048	0.290006488562
4049	4050	0.290006488562
4050	4049	0.290006488562
4050	4051	0.0472715012729
4050	4081	0.289586991072
4051	4050	0.0472715012729
4051	4052	0.0472715012729
4052	4051	0.0472715012729
4052	4053	0.0472715012729
4053	4052	0.0472715012729
4053	4054	0.0472715012729
4054	4053	0.0472715012729
4054	4055	0.0472715012729
4055	4054	0.0472715012729
4055	4056	0.0472715012729
4056	4055	0.0472715012729
4056	4057	0.0472715012729
4057	4056	0.0472715012729
4057	4058	0.0472715012729
4058	4057	0.0472715012729
4058	4059	0.0472715012729
4059	4058	0.0472715012729
4059	4060	0.0472715012729
4060	4059	0.0472715012729
4060	4061	0.0472715012729
4061	4060	0.0472715012729
4061	4062	0.0472715012729
4062	4061	0.0472715012729
4062	4063	0.0472715012729
4063	4062	0.0472715012729
4063	4064	0.0472715012729
4064	4063	0.0472715012729
4064	4065	0.0472715012729
4065	4064	0.0472715012729
4065	4066	0.0472715012729
4066	4065	0.0472715012729
4066	4067	0.0472715012729
4067	4066	0.0472715012729
4067	4068	0.0472715012729
4068	4067	0.0472715012729
4068	4069	0.0472715012729
4069	4068	0.0472715012729
4069	4070	0.0472715012729
4070	4069	0.0472715012729
4070	4071	0.0472715012729
4071	4070	0.0472715012729
4071	4072	0.0472715012729
4072	4071	0.0472715012729
4072	4073	0.0472715012729
4073	4072	0.0472715012729
4073	4074	0.0472715012729
4074	4073	0.0472715012729
4074	4075	0.0472715012729
4075	4074	0.0472715012729
4075	4076	0.0472715012729
4076	4075	0.0472715012729
4076	4077	0.0472715012729
4077	4076	0.0472715012729
4077	4078	0.0472715012729
4078	4077	0.0472715012729
4078	4079	0.0472715012729
4079	4078	0.0472715012729
4079	4080	0.0472715012729
4080	4079	0.0472715012729
4081	4050	0.289586991072
4081	4082	0.289586991072
4082	4081	0.289586991072
4082	4083	0.289586991072
4083	4082	0.289586991072
4083	4084	0.289586991072
4084	4083	0.289586991072
4084	4085	0.289586991072
4085	4084	0.289586991072
4085	4086	0.289586991072
4086	4085	0.289586991072
4086	4087	0.289586991072
4087	4086	0.289586991072
4087	4088	0.287925988436
4087	7717	0.0746254995465
4088	4087	0.287925988436
4088	4089	0.287925988436
4089	4088	0.287925988436
4089	4090	0.287925988436
4090	4089	0.287925988436
4090	4091	0.287925988436
4091	4090	0.287925988436
4091	4092	0.287925988436
4092	4091	0.287925988436
4092	4093	0.287925988436
4093	4092	0.287925988436
4093	4094	0.287925988436
4094	4093	0.287925988436
4094	4095	0.119116999209
4094	4452	0.280963003635
4095	4094	0.119116999209
4095	4096	0.119116999209
4096	4095	0.119116999209
4096	4097	0.119116999209
4097	4096	0.119116999209
4097	4098	0.119116999209
4098	4097	0.119116999209
4098	4099	0.119116999209
4099	4098	0.119116999209
4099	4100	0.119116999209
4100	4099	0.119116999209
4100	4101	0.119116999209
4101	4100	0.119116999209
4101	4102	0.0460879988968
4101	4126	0.116771496832
4102	4101	0.0460879988968
4102	4103	0.0460879988968
4103	4102	0.0460879988968
4103	4104	0.0460879988968
4104	4103	0.0460879988968
4104	4105	0.0460879988968
4105	4104	0.0460879988968
4105	4106	0.0460879988968
4106	4105	0.0460879988968
4106	4107	0.0460879988968
4107	4106	0.0460879988968
4107	4108	0.0460879988968
4108	4107	0.0460879988968
4108	4109	0.0460879988968
4109	4108	0.0460879988968
4109	4110	0.0460879988968
4110	4109	0.0460879988968
4110	4111	0.0460879988968
4111	4110	0.0460879988968
4111	4112	0.0460879988968
4112	4111	0.0460879988968
4112	4113	0.0460879988968
4113	4112	0.0460879988968
4113	4114	0.0460879988968
4114	4113	0.0460879988968
4114	4115	0.0460879988968
4115	4114	0.0460879988968
4115	4116	0.0460879988968
4116	4115	0.0460879988968
4116	4117	0.0460879988968
4117	4116	0.0460879988968
4117	4118	0.0460879988968
4118	4117	0.0460879988968
4118	4119	0.0460879988968
4119	4118	0.0460879988968
4119	4120	0.0460879988968
4120	4119	0.0460879988968
4120	4121	0.0460879988968
4121	4120	0.0460879988968
4121	4122	0.0460879988968
4122	4121	0.0460879988968
4122	4123	0.0460879988968
4123	4122	0.0460879988968
4123	4124	0.0460879988968
4124	4123	0.0460879988968
4124	4125	0.0460879988968
4125	4124	0.0460879988968
4126	4101	0.116771496832
4126	4127	0.116771496832
4127	4126	0.116771496832
4127	4128	0.116771496832
4128	4127	0.116771496832
4128	4129	0.116771496832
4129	4128	0.116771496832
4129	4130	0.116771496832
4130	4129	0.116771496832
4130	4131	0.116771496832
4131	4130	0.116771496832
4131	4132	0.116771496832
4132	4131	0.116771496832
4132	4133	0.0668644979596
4132	4203	0.108951501548
4133	4132	0.0668644979596
4133	4134	0.0668644979596
4134	4133	0.0668644979596
4134	4135	0.0668644979596
4135	4134	0.0668644979596
4135	4136	0.0668644979596
4136	4135	0.0668644979596
4136	4137	0.0668644979596
4137	4136	0.0668644979596
4137	4138	0.0668644979596
4138	4137	0.0668644979596
4138	4139	0.0668644979596
4139	4138	0.0668644979596
4139	4140	0.0668644979596
4140	4139	0.0668644979596
4140	4141	0.0668644979596
4141	4140	0.0668644979596
4141	4142	0.0668644979596
4142	4141	0.0668644979596
4142	4143	0.0668644979596
4143	4142	0.0668644979596
4143	4144	0.0668644979596
4144	4143	0.0668644979596
4144	4145	0.0668644979596
4145	4144	0.0668644979596
4145	4146	0.0668644979596
4146	4145	0.0668644979596
4146	4147	0.0668644979596
4147	4146	0.0668644979596
4147	4148	0.0668644979596
4148	4147	0.0668644979596
4148	4149	0.0668644979596
4149	4148	0.0668644979596
4149	4150	0.0537680014968
4149	4178	0.0523540005088
4150	4149	0.0537680014968
4150	4151	0.0537680014968
4151	4150	0.0537680014968
4151	4152	0.0537680014968
4152	4151	0.0537680014968
4152	4153	0.0537680014968
4153	4152	0.0537680014968
4153	4154	0.0537680014968
4154	4153	0.0537680014968
4154	4155	0.0537680014968
4155	4154	0.0537680014968
4155	4156	0.0537680014968
4156	4155	0.0537680014968
4156	4157	0.0537680014968
4157	4156	0.0537680014968
4157	4158	0.0537680014968
4158	4157	0.0537680014968
4158	4159	0.0537680014968
4159	4158	0.0537680014968
4159	4160	0.0537680014968
4160	4159	0.0537680014968
4160	4161	0.0537680014968
4161	4160	0.0537680014968
4161	4162	0.0537680014968
4162	4161	0.0537680014968
4162	4163	0.0537680014968
4163	4162	0.0537680014968
4163	4164	0.0537680014968
4164	4163	0.0537680014968
4164	4165	0.0537680014968
4165	4164	0.0537680014968
4165	4166	0.0537680014968
4166	4165	0.0537680014968
4166	4167	0.0537680014968
4167	4166	0.0537680014968
4167	4168	0.0537680014968
4168	4167	0.0537680014968
4168	4169	0.0537680014968
4169	4168	0.0537680014968
4169	4170	0.0537680014968
4170	4169	0.0537680014968
4170	4171	0.0537680014968
4171	4170	0.0537680014968
4171	4172	0.0537680014968
4172	4171	0.0537680014968
4172	4173	0.0537680014968
4173	4172	0.0537680014968
4173	4174	0.0537680014968
4174	4173	0.0537680014968
4174	4175	0.0537680014968
4175	4174	0.0537680014968
4175	4176	0.0537680014968
4176	4175	0.0537680014968
4176	4177	0.0537680014968
4177	4176	0.0537680014968
4178	4149	0.0523540005088
4178	4179	0.0523540005088
4179	4178	0.0523540005088
4179	4180	0.0523540005088
4180	4179	0.0523540005088
4180	4181	0.0523540005088
4181	4180	0.0523540005088
4181	4182	0.0523540005088
4182	4181	0.0523540005088
4182	4183	0.0523540005088
4183	4182	0.0523540005088
4183	4184	0.0523540005088
4184	4183	0.0523540005088
4184	4185	0.0523540005088
4185	4184	0.0523540005088
4185	4186	0.0523540005088
4186	4185	0.0523540005088
4186	4187	0.0523540005088
4187	4186	0.0523540005088
4187	4188	0.0523540005088
4188	4187	0.0523540005088
4188	4189	0.0523540005088
4189	4188	0.0523540005088
4189	4190	0.0523540005088
4190	4189	0.0523540005088
4190	4191	0.0523540005088
4191	4190	0.0523540005088
4191	4192	0.0523540005088
4192	4191	0.0523540005088
4192	4193	0.0523540005088
4193	4192	0.0523540005088
4193	4194	0.0523540005088
4194	4193	0.0523540005088
4194	4195	0.0523540005088
4195	4194	0.0523540005088
4195	4196	0.0523540005088
4196	4195	0.0523540005088
4196	4197	0.0523540005088
4197	4196	0.0523540005088
4197	4198	0.0523540005088
4198	4197	0.0523540005088
4198	4199	0.0523540005088
4199	4198	0.0523540005088
4199	4200	0.0523540005088
4200	4199	0.0523540005088
4200	4201	0.0523540005088
4201	4200	0.0523540005088
4201	4202	0.0523540005088
4202	4201	0.0523540005088
4203	4132	0.108951501548
4203	4204	0.108951501548
4204	4203	0.108951501548
4204	4205	0.108951501548
4205	4204	0.108951501548
4205	4206	0.108951501548
4206	4205	0.108951501548
4206	4207	0.108951501548
4207	4206	0.108951501548
4207	4208	0.108951501548
4208	4207	0.108951501548
4208	4209	0.108951501548
4209	4208	0.108951501548
4209	4210	0.108951501548
4210	4209	0.108951501548
4210	4211	0.108951501548
4211	4210	0.108951501548
4211	4212	0.108951501548
4212	4211	0.108951501548
4212	4213	0.108951501548
4213	4212	0.108951501548
4213	4214	0.108951501548
4214	4213	0.108951501548
4214	4215	0.108951501548
4215	4214	0.108951501548
4215	4216	0.108951501548
4216	4215	0.108951501548
4216	4217	0.108951501548
4217	4216	0.108951501548
4217	4218	0.108951501548
4218	4217	0.108951501548
4218	4219	0.108951501548
4219	4218	0.108951501548
4219	4220	0.108951501548
4220	4219	0.108951501548
4220	4221	0.108951501548
4221	4220	0.108951501548
4221	4222	0.108951501548
4222	4221	0.108951501548
4222	4223	0.108951501548
4223	4222	0.108951501548
4223	4224	0.108951501548
4224	4223	0.108951501548
4224	4225	0.108951501548
4225	4224	0.108951501548
4225	4226	0.108951501548
4226	4225	0.108951501548
4226	4227	0.108951501548
4227	4226	0.108951501548
4227	4228	0.108951501548
4228	4227	0.108951501548
4228	4229	0.108951501548
4229	4228	0.108951501548
4229	4230	0.108951501548
4230	4229	0.108951501548
4230	4231	0.108951501548
4231	4230	0.108951501548
4231	4232	0.108951501548
4232	4231	0.108951501548
4232	4233	0.108951501548
4233	4232	0.108951501548
4233	4234	0.108951501548
4234	4233	0.108951501548
4234	4235	0.108951501548
4235	4234	0.108951501548
4235	4236	0.108951501548
4236	4235	0.108951501548
4236	4237	0.108951501548
4237	4236	0.108951501548
4237	4238	0.108951501548
4238	4237	0.108951501548
4238	4239	0.108951501548
4239	4238	0.108951501548
4239	4240	0.108951501548
4240	4239	0.108951501548
4240	4241	0.108951501548
4241	4240	0.108951501548
4241	4242	0.108951501548
4242	4241	0.108951501548
4242	4243	0.108951501548
4243	4242	0.108951501548
4243	4244	0.103337496519
4243	4415	0.0574684999883
4244	4243	0.103337496519
4244	4245	0.103337496519
4245	4244	0.103337496519
4245	4246	0.103337496519
4246	4245	0.103337496519
4246	4247	0.103337496519
4247	4246	0.103337496519
4247	4248	0.103337496519
4248	4247	0.103337496519
4248	4249	0.103337496519
4249	4248	0.103337496519
4249	4250	0.103337496519
4250	4249	0.103337496519
4250	4251	0.103337496519
4251	4250	0.103337496519
4251	4252	0.103337496519
4252	4251	0.103337496519
4252	4253	0.044877499342
4252	4265	0.100435502827
4253	4252	0.044877499342
4253	4254	0.044877499342
4254	4253	0.044877499342
4254	4255	0.044877499342
4255	4254	0.044877499342
4255	4256	0.044877499342
4256	4255	0.044877499342
4256	4257	0.044877499342
4257	4256	0.044877499342
4257	4258	0.044877499342
4258	4257	0.044877499342
4258	4259	0.044877499342
4259	4258	0.044877499342
4259	4260	0.044877499342
4260	4259	0.044877499342
4260	4261	0.044877499342
4261	4260	0.044877499342
4261	4262	0.044877499342
4262	4261	0.044877499342
4262	4263	0.044877499342
4263	4262	0.044877499342
4263	4264	0.044877499342
4264	4263	0.044877499342
4265	4252	0.100435502827
4265	4266	0.100435502827
4266	4265	0.100435502827
4266	4267	0.100435502827
4267	4266	0.100435502827
4267	4268	0.100435502827
4268	4267	0.100435502827
4268	4269	0.100435502827
4269	4268	0.100435502827
4269	4270	0.100435502827
4270	4269	0.100435502827
4270	4271	0.100435502827
4271	4270	0.100435502827
4271	4272	0.100435502827
4272	4271	0.100435502827
4272	4273	0.100435502827
4273	4272	0.100435502827
4273	4274	0.100435502827
4274	4273	0.100435502827
4274	4275	0.100435502827
4275	4274	0.100435502827
4275	4276	0.100435502827
4276	4275	0.100435502827
4276	4277	0.100435502827
4277	4276	0.100435502827
4277	4278	0.100435502827
4278	4277	0.100435502827
4278	4279	0.100435502827
4279	4278	0.100435502827
4279	4280	0.100435502827
4280	4279	0.100435502827
4280	4281	0.0526550002396
4280	4299	0.0953589975834
4281	4280	0.0526550002396
4281	4282	0.0526550002396
4282	4281	0.0526550002396
4282	4283	0.0526550002396
4283	4282	0.0526550002396
4283	4284	0.0526550002396
4284	4283	0.0526550002396
4284	4285	0.0526550002396
4285	4284	0.0526550002396
4285	4286	0.0526550002396
4286	4285	0.0526550002396
4286	4287	0.0526550002396
4287	4286	0.0526550002396
4287	4288	0.0526550002396
4288	4287	0.0526550002396
4288	4289	0.0526550002396
4289	4288	0.0526550002396
4289	4290	0.0526550002396
4290	4289	0.0526550002396
4290	4291	0.0526550002396
4291	4290	0.0526550002396
4291	4292	0.0526550002396
4292	4291	0.0526550002396
4292	4293	0.0526550002396
4293	4292	0.0526550002396
4293	4294	0.0526550002396
4294	4293	0.0526550002396
4294	4295	0.0526550002396
4295	4294	0.0526550002396
4295	4296	0.0526550002396
4296	4295	0.0526550002396
4296	4297	0.0526550002396
4297	4296	0.0526550002396
4297	4298	0.0526550002396
4298	4297	0.0526550002396
4299	4280	0.0953589975834
4299	4300	0.0953589975834
4300	4299	0.0953589975834
4300	4301	0.0953589975834
4301	4300	0.0953589975834
4301	4302	0.0953589975834
4302	4301	0.0953589975834
4302	4303	0.0953589975834
4303	4302	0.0953589975834
4303	4304	0.0953589975834
4304	4303	0.0953589975834
4304	4305	0.0953589975834
4305	4304	0.0953589975834
4305	4306	0.0953589975834
4306	4305	0.0953589975834
4306	4307	0.0953589975834
4307	4306	0.0953589975834
4307	4308	0.0953589975834
4308	4307	0.0953589975834
4308	4309	0.0953589975834
4309	4308	0.0953589975834
4309	4310	0.085882499814
4309	4388	0.0615939982235
4310	4309	0.085882499814
4310	4311	0.085882499814
4311	4310	0.085882499814
4311	4312	0.085882499814
4312	4311	0.085882499814
4312	4313	0.085882499814
4313	4312	0.085882499814
4313	4314	0.085882499814
4314	4313	0.085882499814
4314	4315	0.085882499814
4315	4314	0.085882499814
4315	4316	0.085882499814
4316	4315	0.085882499814
4316	4317	0.0601045005023
4316	4338	0.0746695026755
4317	4316	0.0601045005023
4317	4318	0.0601045005023
4318	4317	0.0601045005023
4318	4319	0.0601045005023
4319	4318	0.0601045005023
4319	4320	0.0601045005023
4320	4319	0.0601045005023
4320	4321	0.0601045005023
4321	4320	0.0601045005023
4321	4322	0.0601045005023
4322	4321	0.0601045005023
4322	4323	0.0601045005023
4323	4322	0.0601045005023
4323	4324	0.0601045005023
4324	4323	0.0601045005023
4324	4325	0.0601045005023
4325	4324	0.0601045005023
4325	4326	0.0601045005023
4326	4325	0.0601045005023
4326	4327	0.0601045005023
4327	4326	0.0601045005023
4327	4328	0.0601045005023
4328	4327	0.0601045005023
4328	4329	0.0601045005023
4329	4328	0.0601045005023
4329	4330	0.0601045005023
4330	4329	0.0601045005023
4330	4331	0.0601045005023
4331	4330	0.0601045005023
4331	4332	0.0601045005023
4332	4331	0.0601045005023
4332	4333	0.0601045005023
4333	4332	0.0601045005023
4333	4334	0.0601045005023
4334	4333	0.0601045005023
4334	4335	0.0601045005023
4335	4334	0.0601045005023
4335	4336	0.0601045005023
4336	4335	0.0601045005023
4336	4337	0.0601045005023
4337	4336	0.0601045005023
4338	4316	0.0746695026755
4338	4339	0.0746695026755
4339	4338	0.0746695026755
4339	4340	0.0746695026755
4340	4339	0.0746695026755
4340	4341	0.0746695026755
4341	4340	0.0746695026755
4341	4342	0.0746695026755
4342	4341	0.0746695026755
4342	4343	0.0746695026755
4343	4342	0.0746695026755
4343	4344	0.0746695026755
4344	4343	0.0746695026755
4344	4345	0.0746695026755
4345	4344	0.0746695026755
4345	4346	0.0746695026755
4346	4345	0.0746695026755
4346	4347	0.0746695026755
4347	4346	0.0746695026755
4347	4348	0.0746695026755
4348	4347	0.0746695026755
4348	4349	0.0746695026755
4349	4348	0.0746695026755
4349	4350	0.0746695026755
4350	4349	0.0746695026755
4350	4351	0.0746695026755
4351	4350	0.0746695026755
4351	4352	0.0746695026755
4352	4351	0.0746695026755
4352	4353	0.0746695026755
4353	4352	0.0746695026755
4353	4354	0.0746695026755
4354	4353	0.0746695026755
4354	4355	0.0746695026755
4355	4354	0.0746695026755
4355	4356	0.0746695026755
4356	4355	0.0746695026755
4356	4357	0.0746695026755
4357	4356	0.0746695026755
4357	4358	0.0746695026755
4358	4357	0.0746695026755
4358	4359	0.0746695026755
4359	4358	0.0746695026755
4359	4360	0.0746695026755
4360	4359	0.0746695026755
4360	4361	0.0746695026755
4361	4360	0.0746695026755
4361	4362	0.0746695026755
4362	4361	0.0746695026755
4362	4363	0.0746695026755
4363	4362	0.0746695026755
4363	4364	0.0746695026755
4364	4363	0.0746695026755
4364	4365	0.0746695026755
4365	4364	0.0746695026755
4365	4366	0.0746695026755
4366	4365	0.0746695026755
4366	4367	0.0746695026755
4367	4366	0.0746695026755
4367	4368	0.0746695026755
4368	4367	0.0746695026755
4368	4369	0.0746695026755
4369	4368	0.0746695026755
4369	4370	0.0746695026755
4370	4369	0.0746695026755
4370	4371	0.0746695026755
4371	4370	0.0746695026755
4371	4372	0.0746695026755
4372	4371	0.0746695026755
4372	4373	0.0746695026755
4373	4372	0.0746695026755
4373	4374	0.0746695026755
4374	4373	0.0746695026755
4374	4375	0.0746695026755
4375	4374	0.0746695026755
4375	4376	0.0746695026755
4376	4375	0.0746695026755
4376	4377	0.0746695026755
4377	4376	0.0746695026755
4377	4378	0.0746695026755
4378	4377	0.0746695026755
4378	4379	0.0746695026755
4379	4378	0.0746695026755
4379	4380	0.0746695026755
4380	4379	0.0746695026755
4380	4381	0.0746695026755
4381	4380	0.0746695026755
4381	4382	0.0746695026755
4382	4381	0.0746695026755
4382	4383	0.0746695026755
4383	4382	0.0746695026755
4383	4384	0.0746695026755
4384	4383	0.0746695026755
4384	4385	0.0746695026755
4385	4384	0.0746695026755
4385	4386	0.0746695026755
4386	4385	0.0746695026755
4386	4387	0.0746695026755
4387	4386	0.0746695026755
4388	4309	0.0615939982235
4388	4389	0.0615939982235
4389	4388	0.0615939982235
4389	4390	0.0615939982235
4390	4389	0.0615939982235
4390	4391	0.0615939982235
4391	4390	0.0615939982235
4391	4392	0.0615939982235
4392	4391	0.0615939982235
4392	4393	0.0615939982235
4393	4392	0.0615939982235
4393	4394	0.0615939982235
4394	4393	0.0615939982235
4394	4395	0.0615939982235
4395	4394	0.0615939982235
4395	4396	0.0615939982235
4396	4395	0.0615939982235
4396	4397	0.0615939982235
4397	4396	0.0615939982235
4397	4398	0.0615939982235
4398	4397	0.0615939982235
4398	4399	0.0615939982235
4399	4398	0.0615939982235
4399	4400	0.0615939982235
4400	4399	0.0615939982235
4400	4401	0.0615939982235
4401	4400	0.0615939982235
4401	4402	0.0615939982235
4402	4401	0.0615939982235
4402	4403	0.0615939982235
4403	4402	0.0615939982235
4403	4404	0.0615939982235
4404	4403	0.0615939982235
4404	4405	0.0615939982235
4405	4404	0.0615939982235
4405	4406	0.0615939982235
4406	4405	0.0615939982235
4406	4407	0.0615939982235
4407	4406	0.0615939982235
4407	4408	0.0615939982235
4408	4407	0.0615939982235
4408	4409	0.0615939982235
4409	4408	0.0615939982235
4409	4410	0.0615939982235
4410	4409	0.0615939982235
4410	4411	0.0615939982235
4411	4410	0.0615939982235
4411	4412	0.0615939982235
4412	4411	0.0615939982235
4412	4413	0.0615939982235
4413	4412	0.0615939982235
4413	4414	0.0615939982235
4414	4413	0.0615939982235
4415	4243	0.0574684999883
4415	4416	0.0574684999883
4416	4415	0.0574684999883
4416	4417	0.0574684999883
4417	4416	0.0574684999883
4417	4418	0.0574684999883
4418	4417	0.0574684999883
4418	4419	0.0574684999883
4419	4418	0.0574684999883
4419	4420	0.0574684999883
4420	4419	0.0574684999883
4420	4421	0.0574684999883
4421	4420	0.0574684999883
4421	4422	0.0574684999883
4422	4421	0.0574684999883
4422	4423	0.0574684999883
4423	4422	0.0574684999883
4423	4424	0.0574684999883
4424	4423	0.0574684999883
4424	4425	0.0574684999883
4425	4424	0.0574684999883
4425	4426	0.0574684999883
4426	4425	0.0574684999883
4426	4427	0.0574684999883
4427	4426	0.0574684999883
4427	4428	0.0574684999883
4428	4427	0.0574684999883
4428	4429	0.0574684999883
4429	4428	0.0574684999883
4429	4430	0.0574684999883
4430	4429	0.0574684999883
4430	4431	0.0574684999883
4431	4430	0.0574684999883
4431	4432	0.0574684999883
4432	4431	0.0574684999883
4432	4433	0.0574684999883
4433	4432	0.0574684999883
4433	4434	0.0574684999883
4434	4433	0.0574684999883
4434	4435	0.0574684999883
4435	4434	0.0574684999883
4435	4436	0.0574684999883
4436	4435	0.0574684999883
4436	4437	0.0574684999883
4437	4436	0.0574684999883
4437	4438	0.0574684999883
4438	4437	0.0574684999883
4438	4439	0.0574684999883
4439	4438	0.0574684999883
4439	4440	0.0574684999883
4440	4439	0.0574684999883
4440	4441	0.0574684999883
4441	4440	0.0574684999883
4441	4442	0.0574684999883
4442	4441	0.0574684999883
4442	4443	0.0574684999883
4443	4442	0.0574684999883
4443	4444	0.0574684999883
4444	4443	0.0574684999883
4444	4445	0.0574684999883
4445	4444	0.0574684999883
4445	4446	0.0574684999883
4446	4445	0.0574684999883
4446	4447	0.0574684999883
4447	4446	0.0574684999883
4447	4448	0.0574684999883
4448	4447	0.0574684999883
4448	4449	0.0574684999883
4449	4448	0.0574684999883
4449	4450	0.0574684999883
4450	4449	0.0574684999883
4450	4451	0.0574684999883
4451	4450	0.0574684999883
4452	4094	0.280963003635
4452	4453	0.280963003635
4453	4452	0.280963003635
4453	4454	0.280963003635
4454	4453	0.280963003635
4454	4455	0.280963003635
4455	4454	0.280963003635
4455	4456	0.280963003635
4456	4455	0.280963003635
4456	4457	0.280963003635
4457	4456	0.280963003635
4457	4458	0.280963003635
4458	4457	0.280963003635
4458	4459	0.280963003635
4459	4458	0.280963003635
4459	4460	0.280963003635
4460	4459	0.280963003635
4460	4461	0.280963003635
4461	4460	0.280963003635
4461	4462	0.280963003635
4462	4461	0.280963003635
4462	4463	0.280963003635
4463	4462	0.280963003635
4463	4464	0.280963003635
4464	4463	0.280963003635
4464	4465	0.280963003635
4465	4464	0.280963003635
4465	4466	0.280963003635
4466	4465	0.280963003635
4466	4467	0.280963003635
4467	4466	0.280963003635
4467	4468	0.280963003635
4468	4467	0.280963003635
4468	4469	0.280963003635
4469	4468	0.280963003635
4469	4470	0.27972099185
4469	7646	0.0664094984531
4470	4469	0.27972099185
4470	4471	0.27972099185
4471	4470	0.27972099185
4471	4472	0.27972099185
4472	4471	0.27972099185
4472	4473	0.27972099185
4473	4472	0.27972099185
4473	4474	0.27972099185
4474	4473	0.27972099185
4474	4475	0.27972099185
4475	4474	0.27972099185
4475	4476	0.27972099185
4476	4475	0.27972099185
4476	4477	0.27972099185
4477	4476	0.27972099185
4477	4478	0.27972099185
4478	4477	0.27972099185
4478	4479	0.27972099185
4479	4478	0.27972099185
4479	4480	0.27972099185
4480	4479	0.27972099185
4480	4481	0.27972099185
4481	4480	0.27972099185
4481	4482	0.27972099185
4482	4481	0.27972099185
4482	4483	0.27972099185
4483	4482	0.27972099185
4483	4484	0.27972099185
4484	4483	0.27972099185
4484	4485	0.27972099185
4485	4484	0.27972099185
4485	4486	0.27972099185
4486	4485	0.27972099185
4486	4487	0.27972099185
4487	4486	0.27972099185
4487	4488	0.276957005262
4487	7508	0.08628000319
4488	4487	0.276957005262
4488	4489	0.276957005262
4489	4488	0.276957005262
4489	4490	0.276957005262
4490	4489	0.276957005262
4490	4491	0.276957005262
4491	4490	0.276957005262
4491	4492	0.276957005262
4492	4491	0.276957005262
4492	4493	0.276957005262
4493	4492	0.276957005262
4493	4494	0.276957005262
4494	4493	0.276957005262
4494	4495	0.276957005262
4495	4494	0.276957005262
4495	4496	0.276957005262
4496	4495	0.276957005262
4496	4497	0.276957005262
4497	4496	0.276957005262
4497	4498	0.276957005262
4498	4497	0.276957005262
4498	4499	0.276957005262
4499	4498	0.276957005262
4499	4500	0.276957005262
4500	4499	0.276957005262
4500	4501	0.276957005262
4501	4500	0.276957005262
4501	4502	0.276957005262
4502	4501	0.276957005262
4502	4503	0.276957005262
4503	4502	0.276957005262
4503	4504	0.276957005262
4504	4503	0.276957005262
4504	4505	0.276957005262
4505	4504	0.276957005262
4505	4506	0.0715020000935
4505	4597	0.275359511375
4506	4505	0.0715020000935
4506	4507	0.0715020000935
4507	4506	0.0715020000935
4507	4508	0.0715020000935
4508	4507	0.0715020000935
4508	4509	0.0715020000935
4509	4508	0.0715020000935
4509	4510	0.0715020000935
4510	4509	0.0715020000935
4510	4511	0.0715020000935
4511	4510	0.0715020000935
4511	4512	0.0715020000935
4512	4511	0.0715020000935
4512	4513	0.0715020000935
4513	4512	0.0715020000935
4513	4514	0.0715020000935
4514	4513	0.0715020000935
4514	4515	0.0715020000935
4515	4514	0.0715020000935
4515	4516	0.0715020000935
4516	4515	0.0715020000935
4516	4517	0.0715020000935
4517	4516	0.0715020000935
4517	4518	0.0715020000935
4518	4517	0.0715020000935
4518	4519	0.0715020000935
4519	4518	0.0715020000935
4519	4520	0.0715020000935
4520	4519	0.0715020000935
4520	4521	0.0715020000935
4521	4520	0.0715020000935
4521	4522	0.0715020000935
4522	4521	0.0715020000935
4522	4523	0.0715020000935
4523	4522	0.0715020000935
4523	4524	0.0715020000935
4524	4523	0.0715020000935
4524	4525	0.0715020000935
4525	4524	0.0715020000935
4525	4526	0.0715020000935
4526	4525	0.0715020000935
4526	4527	0.0715020000935
4527	4526	0.0715020000935
4527	4528	0.0715020000935
4528	4527	0.0715020000935
4528	4529	0.0715020000935
4529	4528	0.0715020000935
4529	4530	0.0715020000935
4530	4529	0.0715020000935
4530	4531	0.0715020000935
4531	4530	0.0715020000935
4531	4532	0.0715020000935
4532	4531	0.0715020000935
4532	4533	0.0604850016534
4532	4574	0.0524480007589
4533	4532	0.0604850016534
4533	4534	0.0604850016534
4534	4533	0.0604850016534
4534	4535	0.0604850016534
4535	4534	0.0604850016534
4535	4536	0.0604850016534
4536	4535	0.0604850016534
4536	4537	0.0604850016534
4537	4536	0.0604850016534
4537	4538	0.0604850016534
4538	4537	0.0604850016534
4538	4539	0.0604850016534
4539	4538	0.0604850016534
4539	4540	0.0604850016534
4540	4539	0.0604850016534
4540	4541	0.0604850016534
4541	4540	0.0604850016534
4541	4542	0.0604850016534
4542	4541	0.0604850016534
4542	4543	0.0604850016534
4543	4542	0.0604850016534
4543	4544	0.0604850016534
4544	4543	0.0604850016534
4544	4545	0.0604850016534
4545	4544	0.0604850016534
4545	4546	0.0604850016534
4546	4545	0.0604850016534
4546	4547	0.0604850016534
4547	4546	0.0604850016534
4547	4548	0.0604850016534
4548	4547	0.0604850016534
4548	4549	0.0604850016534
4549	4548	0.0604850016534
4549	4550	0.0604850016534
4550	4549	0.0604850016534
4550	4551	0.0604850016534
4551	4550	0.0604850016534
4551	4552	0.0604850016534
4552	4551	0.0604850016534
4552	4553	0.0604850016534
4553	4552	0.0604850016534
4553	4554	0.0604850016534
4554	4553	0.0604850016534
4554	4555	0.0604850016534
4555	4554	0.0604850016534
4555	4556	0.0604850016534
4556	4555	0.0604850016534
4556	4557	0.0604850016534
4557	4556	0.0604850016534
4557	4558	0.0604850016534
4558	4557	0.0604850016534
4558	4559	0.0604850016534
4559	4558	0.0604850016534
4559	4560	0.0604850016534
4560	4559	0.0604850016534
4560	4561	0.0604850016534
4561	4560	0.0604850016534
4561	4562	0.0604850016534
4562	4561	0.0604850016534
4562	4563	0.0604850016534
4563	4562	0.0604850016534
4563	4564	0.0604850016534
4564	4563	0.0604850016534
4564	4565	0.0604850016534
4565	4564	0.0604850016534
4565	4566	0.0604850016534
4566	4565	0.0604850016534
4566	4567	0.0604850016534
4567	4566	0.0604850016534
4567	4568	0.0604850016534
4568	4567	0.0604850016534
4568	4569	0.0604850016534
4569	4568	0.0604850016534
4569	4570	0.0604850016534
4570	4569	0.0604850016534
4570	4571	0.0604850016534
4571	4570	0.0604850016534
4571	4572	0.0604850016534
4572	4571	0.0604850016534
4572	4573	0.0604850016534
4573	4572	0.0604850016534
4574	4532	0.0524480007589
4574	4575	0.0524480007589
4575	4574	0.0524480007589
4575	4576	0.0524480007589
4576	4575	0.0524480007589
4576	4577	0.0524480007589
4577	4576	0.0524480007589
4577	4578	0.0524480007589
4578	4577	0.0524480007589
4578	4579	0.0524480007589
4579	4578	0.0524480007589
4579	4580	0.0524480007589
4580	4579	0.0524480007589
4580	4581	0.0524480007589
4581	4580	0.0524480007589
4581	4582	0.0524480007589
4582	4581	0.0524480007589
4582	4583	0.0524480007589
4583	4582	0.0524480007589
4583	4584	0.0524480007589
4584	4583	0.0524480007589
4584	4585	0.0524480007589
4585	4584	0.0524480007589
4585	4586	0.0524480007589
4586	4585	0.0524480007589
4586	4587	0.0524480007589
4587	4586	0.0524480007589
4587	4588	0.0524480007589
4588	4587	0.0524480007589
4588	4589	0.0524480007589
4589	4588	0.0524480007589
4589	4590	0.0524480007589
4590	4589	0.0524480007589
4590	4591	0.0524480007589
4591	4590	0.0524480007589
4591	4592	0.0524480007589
4592	4591	0.0524480007589
4592	4593	0.0524480007589
4593	4592	0.0524480007589
4593	4594	0.0524480007589
4594	4593	0.0524480007589
4594	4595	0.0524480007589
4595	4594	0.0524480007589
4595	4596	0.0524480007589
4596	4595	0.0524480007589
4597	4505	0.275359511375
4597	4598	0.275359511375
4598	4597	0.275359511375
4598	4599	0.275359511375
4599	4598	0.275359511375
4599	4600	0.275359511375
4600	4599	0.275359511375
4600	4601	0.275359511375
4601	4600	0.275359511375
4601	4602	0.275359511375
4602	4601	0.275359511375
4602	4603	0.275359511375
4603	4602	0.275359511375
4603	4604	0.275359511375
4604	4603	0.275359511375
4604	4605	0.275359511375
4605	4604	0.275359511375
4605	4606	0.275359511375
4606	4605	0.275359511375
4606	4607	0.275359511375
4607	4606	0.275359511375
4607	4608	0.275359511375
4608	4607	0.275359511375
4608	4609	0.275359511375
4609	4608	0.275359511375
4609	4610	0.275359511375
4610	4609	0.275359511375
4610	4611	0.275359511375
4611	4610	0.275359511375
4611	4612	0.275359511375
4612	4611	0.275359511375
4612	4613	0.275359511375
4613	4612	0.275359511375
4613	4614	0.275359511375
4614	4613	0.275359511375
4614	4615	0.270362496376
4614	7301	0.103731498122
4615	4614	0.270362496376
4615	4616	0.270362496376
4616	4615	0.270362496376
4616	4617	0.270362496376
4617	4616	0.270362496376
4617	4618	0.270362496376
4618	4617	0.270362496376
4618	4619	0.270362496376
4619	4618	0.270362496376
4619	4620	0.0333629995584
4619	4626	0.270193010569
4620	4619	0.0333629995584
4620	4621	0.0333629995584
4621	4620	0.0333629995584
4621	4622	0.0333629995584
4622	4621	0.0333629995584
4622	4623	0.0333629995584
4623	4622	0.0333629995584
4623	4624	0.0333629995584
4624	4623	0.0333629995584
4624	4625	0.0333629995584
4625	4624	0.0333629995584
4626	4619	0.270193010569
4626	4627	0.270193010569
4627	4626	0.270193010569
4627	4628	0.270193010569
4628	4627	0.270193010569
4628	4629	0.270193010569
4629	4628	0.270193010569
4629	4630	0.270193010569
4630	4629	0.270193010569
4630	4631	0.270193010569
4631	4630	0.270193010569
4631	4632	0.269603490829
4631	7270	0.0505100004375
4632	4631	0.269603490829
4632	4633	0.269603490829
4633	4632	0.269603490829
4633	4634	0.269603490829
4634	4633	0.269603490829
4634	4635	0.269603490829
4635	4634	0.269603490829
4635	4636	0.269603490829
4636	4635	0.269603490829
4636	4637	0.269603490829
4637	4636	0.269603490829
4637	4638	0.268738508224
4637	7220	0.0572820007801
4638	4637	0.268738508224
4638	4639	0.268738508224
4639	4638	0.268738508224
4639	4640	0.268738508224
4640	4639	0.268738508224
4640	4641	0.268738508224
4641	4640	0.268738508224
4641	4642	0.268738508224
4642	4641	0.268738508224
4642	4643	0.268738508224
4643	4642	0.268738508224
4643	4644	0.268738508224
4644	4643	0.268738508224
4644	4645	0.268738508224
4645	4644	0.268738508224
4645	4646	0.268738508224
4646	4645	0.268738508224
4646	4647	0.268738508224
4647	4646	0.268738508224
4647	4648	0.268738508224
4648	4647	0.268738508224
4648	4649	0.268738508224
4649	4648	0.268738508224
4649	4650	0.268738508224
4650	4649	0.268738508224
4650	4651	0.234888494015
4650	6261	0.186136007309
4651	4650	0.234888494015
4651	4652	0.234888494015
4652	4651	0.234888494015
4652	4653	0.234888494015
4653	4652	0.234888494015
4653	4654	0.234888494015
4654	4653	0.234888494015
4654	4655	0.234888494015
4655	4654	0.234888494015
4655	4656	0.234888494015
4656	4655	0.234888494015
4656	4657	0.234888494015
4657	4656	0.234888494015
4657	4658	0.234888494015
4658	4657	0.234888494015
4658	4659	0.234888494015
4659	4658	0.234888494015
4659	4660	0.234888494015
4660	4659	0.234888494015
4660	4661	0.234888494015
4661	4660	0.234888494015
4661	4662	0.234888494015
4662	4661	0.234888494015
4662	4663	0.234888494015
4663	4662	0.234888494015
4663	4664	0.234888494015
4664	4663	0.234888494015
4664	4665	0.234888494015
4665	4664	0.234888494015
4665	4666	0.234888494015
4666	4665	0.234888494015
4666	4667	0.234888494015
4667	4666	0.234888494015
4667	4668	0.234888494015
4668	4667	0.234888494015
4668	4669	0.234888494015
4669	4668	0.234888494015
4669	4670	0.234888494015
4670	4669	0.234888494015
4670	4671	0.234888494015
4671	4670	0.234888494015
4671	4672	0.234888494015
4672	4671	0.234888494015
4672	4673	0.234888494015
4673	4672	0.234888494015
4673	4674	0.234888494015
4674	4673	0.234888494015
4674	4675	0.234888494015
4675	4674	0.234888494015
4675	4676	0.234888494015
4676	4675	0.234888494015
4676	4677	0.234888494015
4677	4676	0.234888494015
4677	4678	0.234888494015
4678	4677	0.234888494015
4678	4679	0.234888494015
4679	4678	0.234888494015
4679	4680	0.234888494015
4680	4679	0.234888494015
4680	4681	0.234888494015
4681	4680	0.234888494015
4681	4682	0.234888494015
4682	4681	0.234888494015
4682	4683	0.234888494015
4683	4682	0.234888494015
4683	4684	0.234888494015
4684	4683	0.234888494015
4684	4685	0.234888494015
4685	4684	0.234888494015
4685	4686	0.234888494015
4686	4685	0.234888494015
4686	4687	0.234888494015
4687	4686	0.234888494015
4687	4688	0.234888494015
4688	4687	0.234888494015
4688	4689	0.234888494015
4689	4688	0.234888494015
4689	4690	0.234888494015
4690	4689	0.234888494015
4690	4691	0.234888494015
4691	4690	0.234888494015
4691	4692	0.234888494015
4692	4691	0.234888494015
4692	4693	0.234888494015
4693	4692	0.234888494015
4693	4694	0.234888494015
4694	4693	0.234888494015
4694	4695	0.234888494015
4695	4694	0.234888494015
4695	4696	0.234888494015
4696	4695	0.234888494015
4696	4697	0.234888494015
4697	4696	0.234888494015
4697	4698	0.234888494015
4698	4697	0.234888494015
4698	4699	0.234888494015
4699	4698	0.234888494015
4699	4700	0.234888494015
4700	4699	0.234888494015
4700	4701	0.234888494015
4701	4700	0.234888494015
4701	4702	0.0521209985018
4701	4730	0.234029993415
4702	4701	0.0521209985018
4702	4703	0.0521209985018
4703	4702	0.0521209985018
4703	4704	0.0521209985018
4704	4703	0.0521209985018
4704	4705	0.0521209985018
4705	4704	0.0521209985018
4705	4706	0.0521209985018
4706	4705	0.0521209985018
4706	4707	0.0521209985018
4707	4706	0.0521209985018
4707	4708	0.0521209985018
4708	4707	0.0521209985018
4708	4709	0.0521209985018
4709	4708	0.0521209985018
4709	4710	0.0521209985018
4710	4709	0.0521209985018
4710	4711	0.0521209985018
4711	4710	0.0521209985018
4711	4712	0.0521209985018
4712	4711	0.0521209985018
4712	4713	0.0521209985018
4713	4712	0.0521209985018
4713	4714	0.0521209985018
4714	4713	0.0521209985018
4714	4715	0.0521209985018
4715	4714	0.0521209985018
4715	4716	0.0521209985018
4716	4715	0.0521209985018
4716	4717	0.0521209985018
4717	4716	0.0521209985018
4717	4718	0.0521209985018
4718	4717	0.0521209985018
4718	4719	0.0521209985018
4719	4718	0.0521209985018
4719	4720	0.0521209985018
4720	4719	0.0521209985018
4720	4721	0.0521209985018
4721	4720	0.0521209985018
4721	4722	0.0521209985018
4722	4721	0.0521209985018
4722	4723	0.0521209985018
4723	4722	0.0521209985018
4723	4724	0.0521209985018
4724	4723	0.0521209985018
4724	4725	0.0521209985018
4725	4724	0.0521209985018
4725	4726	0.0521209985018
4726	4725	0.0521209985018
4726	4727	0.0521209985018
4727	4726	0.0521209985018
4727	4728	0.0521209985018
4728	4727	0.0521209985018
4728	4729	0.0521209985018
4729	4728	0.0521209985018
4730	4701	0.234029993415
4730	4731	0.234029993415
4731	4730	0.234029993415
4731	4732	0.234029993415
4732	4731	0.234029993415
4732	4733	0.234029993415
4733	4732	0.234029993415
4733	4734	0.234029993415
4734	4733	0.234029993415
4734	4735	0.234029993415
4735	4734	0.234029993415
4735	4736	0.234029993415
4736	4735	0.234029993415
4736	4737	0.234029993415
4737	4736	0.234029993415
4737	4738	0.234029993415
4738	4737	0.234029993415
4738	4739	0.234029993415
4739	4738	0.234029993415
4739	4740	0.234029993415
4740	4739	0.234029993415
4740	4741	0.234029993415
4741	4740	0.234029993415
4741	4742	0.232703506947
4741	6213	0.0600639991462
4742	4741	0.232703506947
4742	4743	0.232703506947
4743	4742	0.232703506947
4743	4744	0.232703506947
4744	4743	0.232703506947
4744	4745	0.232703506947
4745	4744	0.232703506947
4745	4746	0.232703506947
4746	4745	0.232703506947
4746	4747	0.232703506947
4747	4746	0.232703506947
4747	4748	0.232703506947
4748	4747	0.232703506947
4748	4749	0.232703506947
4749	4748	0.232703506947
4749	4750	0.232703506947
4750	4749	0.232703506947
4750	4751	0.232703506947
4751	4750	0.232703506947
4751	4752	0.232703506947
4752	4751	0.232703506947
4752	4753	0.232703506947
4753	4752	0.232703506947
4753	4754	0.232145503163
4753	6199	0.0448885001242
4754	4753	0.232145503163
4754	4755	0.232145503163
4755	4754	0.232145503163
4755	4756	0.232145503163
4756	4755	0.232145503163
4756	4757	0.232145503163
4757	4756	0.232145503163
4757	4758	0.232145503163
4758	4757	0.232145503163
4758	4759	0.232145503163
4759	4758	0.232145503163
4759	4760	0.232145503163
4760	4759	0.232145503163
4760	4761	0.232145503163
4761	4760	0.232145503163
4761	4762	0.232145503163
4762	4761	0.232145503163
4762	4763	0.232145503163
4763	4762	0.232145503163
4763	4764	0.232145503163
4764	4763	0.232145503163
4764	4765	0.232145503163
4765	4764	0.232145503163
4765	4766	0.232145503163
4766	4765	0.232145503163
4766	4767	0.232145503163
4767	4766	0.232145503163
4767	4768	0.232145503163
4768	4767	0.232145503163
4768	4769	0.232145503163
4769	4768	0.232145503163
4769	4770	0.232145503163
4770	4769	0.232145503163
4770	4771	0.232145503163
4771	4770	0.232145503163
4771	4772	0.232145503163
4772	4771	0.232145503163
4772	4773	0.232145503163
4773	4772	0.232145503163
4773	4774	0.232145503163
4774	4773	0.232145503163
4774	4775	0.232145503163
4775	4774	0.232145503163
4775	4776	0.232145503163
4776	4775	0.232145503163
4776	4777	0.232145503163
4777	4776	0.232145503163
4777	4778	0.232145503163
4778	4777	0.232145503163
4778	4779	0.0502110011876
4778	4799	0.231360003352
4779	4778	0.0502110011876
4779	4780	0.0502110011876
4780	4779	0.0502110011876
4780	4781	0.0502110011876
4781	4780	0.0502110011876
4781	4782	0.0502110011876
4782	4781	0.0502110011876
4782	4783	0.0502110011876
4783	4782	0.0502110011876
4783	4784	0.0502110011876
4784	4783	0.0502110011876
4784	4785	0.0502110011876
4785	4784	0.0502110011876
4785	4786	0.0502110011876
4786	4785	0.0502110011876
4786	4787	0.0502110011876
4787	4786	0.0502110011876
4787	4788	0.0502110011876
4788	4787	0.0502110011876
4788	4789	0.0502110011876
4789	4788	0.0502110011876
4789	4790	0.0502110011876
4790	4789	0.0502110011876
4790	4791	0.0502110011876
4791	4790	0.0502110011876
4791	4792	0.0502110011876
4792	4791	0.0502110011876
4792	4793	0.0502110011876
4793	4792	0.0502110011876
4793	4794	0.0502110011876
4794	4793	0.0502110011876
4794	4795	0.0502110011876
4795	4794	0.0502110011876
4795	4796	0.0502110011876
4796	4795	0.0502110011876
4796	4797	0.0502110011876
4797	4796	0.0502110011876
4797	4798	0.0502110011876
4798	4797	0.0502110011876
4799	4778	0.231360003352
4799	4800	0.231360003352
4800	4799	0.231360003352
4800	4801	0.231360003352
4801	4800	0.231360003352
4801	4802	0.231360003352
4802	4801	0.231360003352
4802	4803	0.231360003352
4803	4802	0.231360003352
4803	4804	0.231360003352
4804	4803	0.231360003352
4804	4805	0.231360003352
4805	4804	0.231360003352
4805	4806	0.231360003352
4806	4805	0.231360003352
4806	4807	0.231360003352
4807	4806	0.231360003352
4807	4808	0.231360003352
4808	4807	0.231360003352
4808	4809	0.231360003352
4809	4808	0.231360003352
4809	4810	0.0765670016408
4809	4879	0.228530004621
4810	4809	0.0765670016408
4810	4811	0.0765670016408
4811	4810	0.0765670016408
4811	4812	0.0765670016408
4812	4811	0.0765670016408
4812	4813	0.0765670016408
4813	4812	0.0765670016408
4813	4814	0.0765670016408
4814	4813	0.0765670016408
4814	4815	0.0765670016408
4815	4814	0.0765670016408
4815	4816	0.0765670016408
4816	4815	0.0765670016408
4816	4817	0.0765670016408
4817	4816	0.0765670016408
4817	4818	0.0765670016408
4818	4817	0.0765670016408
4818	4819	0.0765670016408
4819	4818	0.0765670016408
4819	4820	0.0765670016408
4820	4819	0.0765670016408
4820	4821	0.0765670016408
4821	4820	0.0765670016408
4821	4822	0.0765670016408
4822	4821	0.0765670016408
4822	4823	0.0765670016408
4823	4822	0.0765670016408
4823	4824	0.0765670016408
4824	4823	0.0765670016408
4824	4825	0.0765670016408
4825	4824	0.0765670016408
4825	4826	0.0765670016408
4826	4825	0.0765670016408
4826	4827	0.0765670016408
4827	4826	0.0765670016408
4827	4828	0.0765670016408
4828	4827	0.0765670016408
4828	4829	0.0765670016408
4829	4828	0.0765670016408
4829	4830	0.0765670016408
4830	4829	0.0765670016408
4830	4831	0.0765670016408
4831	4830	0.0765670016408
4831	4832	0.0765670016408
4832	4831	0.0765670016408
4832	4833	0.0765670016408
4833	4832	0.0765670016408
4833	4834	0.0682895034552
4833	4869	0.0507115013897
4834	4833	0.0682895034552
4834	4835	0.0682895034552
4835	4834	0.0682895034552
4835	4836	0.0682895034552
4836	4835	0.0682895034552
4836	4837	0.0682895034552
4837	4836	0.0682895034552
4837	4838	0.0682895034552
4838	4837	0.0682895034552
4838	4839	0.0682895034552
4839	4838	0.0682895034552
4839	4840	0.0682895034552
4840	4839	0.0682895034552
4840	4841	0.0682895034552
4841	4840	0.0682895034552
4841	4842	0.0682895034552
4842	4841	0.0682895034552
4842	4843	0.0682895034552
4843	4842	0.0682895034552
4843	4844	0.0682895034552
4844	4843	0.0682895034552
4844	4845	0.0682895034552
4845	4844	0.0682895034552
4845	4846	0.0682895034552
4846	4845	0.0682895034552
4846	4847	0.0682895034552
4847	4846	0.0682895034552
4847	4848	0.0682895034552
4848	4847	0.0682895034552
4848	4849	0.0682895034552
4849	4848	0.0682895034552
4849	4850	0.0682895034552
4850	4849	0.0682895034552
4850	4851	0.0682895034552
4851	4850	0.0682895034552
4851	4852	0.0682895034552
4852	4851	0.0682895034552
4852	4853	0.0682895034552
4853	4852	0.0682895034552
4853	4854	0.0682895034552
4854	4853	0.0682895034552
4854	4855	0.0682895034552
4855	4854	0.0682895034552
4855	4856	0.0682895034552
4856	4855	0.0682895034552
4856	4857	0.0682895034552
4857	4856	0.0682895034552
4857	4858	0.0682895034552
4858	4857	0.0682895034552
4858	4859	0.0682895034552
4859	4858	0.0682895034552
4859	4860	0.0682895034552
4860	4859	0.0682895034552
4860	4861	0.0682895034552
4861	4860	0.0682895034552
4861	4862	0.0682895034552
4862	4861	0.0682895034552
4862	4863	0.0682895034552
4863	4862	0.0682895034552
4863	4864	0.0682895034552
4864	4863	0.0682895034552
4864	4865	0.0682895034552
4865	4864	0.0682895034552
4865	4866	0.0682895034552
4866	4865	0.0682895034552
4866	4867	0.0682895034552
4867	4866	0.0682895034552
4867	4868	0.0682895034552
4868	4867	0.0682895034552
4869	4833	0.0507115013897
4869	4870	0.0507115013897
4870	4869	0.0507115013897
4870	4871	0.0507115013897
4871	4870	0.0507115013897
4871	4872	0.0507115013897
4872	4871	0.0507115013897
4872	4873	0.0507115013897
4873	4872	0.0507115013897
4873	4874	0.0507115013897
4874	4873	0.0507115013897
4874	4875	0.0507115013897
4875	4874	0.0507115013897
4875	4876	0.0507115013897
4876	4875	0.0507115013897
4876	4877	0.0507115013897
4877	4876	0.0507115013897
4877	4878	0.0507115013897
4878	4877	0.0507115013897
4879	4809	0.228530004621
4879	4880	0.228530004621
4880	4879	0.228530004621
4880	4881	0.228530004621
4881	4880	0.228530004621
4881	4882	0.228530004621
4882	4881	0.228530004621
4882	4883	0.228530004621
4883	4882	0.228530004621
4883	4884	0.228530004621
4884	4883	0.228530004621
4884	4885	0.228530004621
4885	4884	0.228530004621
4885	4886	0.226122006774
4885	6145	0.0720044970512
4886	4885	0.226122006774
4886	4887	0.226122006774
4887	4886	0.226122006774
4887	4888	0.226122006774
4888	4887	0.226122006774
4888	4889	0.226122006774
4889	4888	0.226122006774
4889	4890	0.226122006774
4890	4889	0.226122006774
4890	4891	0.226122006774
4891	4890	0.226122006774
4891	4892	0.226122006774
4892	4891	0.226122006774
4892	4893	0.223872005939
4892	6093	0.0699125006795
4893	4892	0.223872005939
4893	4894	0.223872005939
4894	4893	0.223872005939
4894	4895	0.223872005939
4895	4894	0.223872005939
4895	4896	0.223872005939
4896	4895	0.223872005939
4896	4897	0.223872005939
4897	4896	0.223872005939
4897	4898	0.223872005939
4898	4897	0.223872005939
4898	4899	0.223872005939
4899	4898	0.223872005939
4899	4900	0.223872005939
4900	4899	0.223872005939
4900	4901	0.223872005939
4901	4900	0.223872005939
4901	4902	0.223872005939
4902	4901	0.223872005939
4902	4903	0.223872005939
4903	4902	0.223872005939
4903	4904	0.223872005939
4904	4903	0.223872005939
4904	4905	0.223872005939
4905	4904	0.223872005939
4905	4906	0.223872005939
4906	4905	0.223872005939
4906	4907	0.223872005939
4907	4906	0.223872005939
4907	4908	0.121891498566
4907	5123	0.211114004254
4908	4907	0.121891498566
4908	4909	0.121891498566
4909	4908	0.121891498566
4909	4910	0.121891498566
4910	4909	0.121891498566
4910	4911	0.121891498566
4911	4910	0.121891498566
4911	4912	0.121891498566
4912	4911	0.121891498566
4912	4913	0.121891498566
4913	4912	0.121891498566
4913	4914	0.121891498566
4914	4913	0.121891498566
4914	4915	0.121891498566
4915	4914	0.121891498566
4915	4916	0.121891498566
4916	4915	0.121891498566
4916	4917	0.121891498566
4917	4916	0.121891498566
4917	4918	0.121891498566
4918	4917	0.121891498566
4918	4919	0.121891498566
4919	4918	0.121891498566
4919	4920	0.121891498566
4920	4919	0.121891498566
4920	4921	0.121891498566
4921	4920	0.121891498566
4921	4922	0.121891498566
4922	4921	0.121891498566
4922	4923	0.121891498566
4923	4922	0.121891498566
4923	4924	0.121891498566
4924	4923	0.121891498566
4924	4925	0.121891498566
4925	4924	0.121891498566
4925	4926	0.121891498566
4926	4925	0.121891498566
4926	4927	0.121891498566
4927	4926	0.121891498566
4927	4928	0.121891498566
4928	4927	0.121891498566
4928	4929	0.121891498566
4929	4928	0.121891498566
4929	4930	0.121891498566
4930	4929	0.121891498566
4930	4931	0.121891498566
4931	4930	0.121891498566
4931	4932	0.121891498566
4932	4931	0.121891498566
4932	4933	0.121891498566
4933	4932	0.121891498566
4933	4934	0.121891498566
4934	4933	0.121891498566
4934	4935	0.121891498566
4935	4934	0.121891498566
4935	4936	0.121891498566
4936	4935	0.121891498566
4936	4937	0.121891498566
4937	4936	0.121891498566
4937	4938	0.121891498566
4938	4937	0.121891498566
4938	4939	0.121891498566
4939	4938	0.121891498566
4939	4940	0.121891498566
4940	4939	0.121891498566
4940	4941	0.121891498566
4941	4940	0.121891498566
4941	4942	0.121891498566
4942	4941	0.121891498566
4942	4943	0.0696609988809
4942	4987	0.113779500127
4943	4942	0.0696609988809
4943	4944	0.0696609988809
4944	4943	0.0696609988809
4944	4945	0.0696609988809
4945	4944	0.0696609988809
4945	4946	0.0696609988809
4946	4945	0.0696609988809
4946	4947	0.0696609988809
4947	4946	0.0696609988809
4947	4948	0.0696609988809
4948	4947	0.0696609988809
4948	4949	0.0696609988809
4949	4948	0.0696609988809
4949	4950	0.0696609988809
4950	4949	0.0696609988809
4950	4951	0.0696609988809
4951	4950	0.0696609988809
4951	4952	0.0696609988809
4952	4951	0.0696609988809
4952	4953	0.0696609988809
4953	4952	0.0696609988809
4953	4954	0.0696609988809
4954	4953	0.0696609988809
4954	4955	0.0696609988809
4955	4954	0.0696609988809
4955	4956	0.0696609988809
4956	4955	0.0696609988809
4956	4957	0.0696609988809
4957	4956	0.0696609988809
4957	4958	0.0696609988809
4958	4957	0.0696609988809
4958	4959	0.0696609988809
4959	4958	0.0696609988809
4959	4960	0.0696609988809
4960	4959	0.0696609988809
4960	4961	0.0696609988809
4961	4960	0.0696609988809
4961	4962	0.0696609988809
4962	4961	0.0696609988809
4962	4963	0.0696609988809
4963	4962	0.0696609988809
4963	4964	0.0696609988809
4964	4963	0.0696609988809
4964	4965	0.0696609988809
4965	4964	0.0696609988809
4965	4966	0.0696609988809
4966	4965	0.0696609988809
4966	4967	0.0696609988809
4967	4966	0.0696609988809
4967	4968	0.0696609988809
4968	4967	0.0696609988809
4968	4969	0.0696609988809
4969	4968	0.0696609988809
4969	4970	0.0696609988809
4970	4969	0.0696609988809
4970	4971	0.0696609988809
4971	4970	0.0696609988809
4971	4972	0.0696609988809
4972	4971	0.0696609988809
4972	4973	0.0696609988809
4973	4972	0.0696609988809
4973	4974	0.0696609988809
4974	4973	0.0696609988809
4974	4975	0.0696609988809
4975	4974	0.0696609988809
4975	4976	0.0696609988809
4976	4975	0.0696609988809
4976	4977	0.0696609988809
4977	4976	0.0696609988809
4977	4978	0.0696609988809
4978	4977	0.0696609988809
4978	4979	0.0696609988809
4979	4978	0.0696609988809
4979	4980	0.0696609988809
4980	4979	0.0696609988809
4980	4981	0.0696609988809
4981	4980	0.0696609988809
4981	4982	0.0696609988809
4982	4981	0.0696609988809
4982	4983	0.0696609988809
4983	4982	0.0696609988809
4983	4984	0.0696609988809
4984	4983	0.0696609988809
4984	4985	0.0696609988809
4985	4984	0.0696609988809
4985	4986	0.0696609988809
4986	4985	0.0696609988809
4987	4942	0.113779500127
4987	4988	0.113779500127
4988	4987	0.113779500127
4988	4989	0.113779500127
4989	4988	0.113779500127
4989	4990	0.113779500127
4990	4989	0.113779500127
4990	4991	0.113779500127
4991	4990	0.113779500127
4991	4992	0.113779500127
4992	4991	0.113779500127
4992	4993	0.113779500127
4993	4992	0.113779500127
4993	4994	0.113779500127
4994	4993	0.113779500127
4994	4995	0.113779500127
4995	4994	0.113779500127
4995	4996	0.113779500127
4996	4995	0.113779500127
4996	4997	0.113779500127
4997	4996	0.113779500127
4997	4998	0.113779500127
4998	4997	0.113779500127
4998	4999	0.113779500127
4999	4998	0.113779500127
4999	5000	0.113779500127
5000	4999	0.113779500127
5000	5001	0.113779500127
5001	5000	0.113779500127
5001	5002	0.113779500127
5002	5001	0.113779500127
5002	5003	0.113779500127
5003	5002	0.113779500127
5003	5004	0.113779500127
5004	5003	0.113779500127
5004	5005	0.113779500127
5005	5004	0.113779500127
5005	5006	0.113779500127
5006	5005	0.113779500127
5006	5007	0.113779500127
5007	5006	0.113779500127
5007	5008	0.113779500127
5008	5007	0.113779500127
5008	5009	0.113779500127
5009	5008	0.113779500127
5009	5010	0.113779500127
5010	5009	0.113779500127
5010	5011	0.113779500127
5011	5010	0.113779500127
5011	5012	0.113779500127
5012	5011	0.113779500127
5012	5013	0.113779500127
5013	5012	0.113779500127
5013	5014	0.113779500127
5014	5013	0.113779500127
5014	5015	0.113779500127
5015	5014	0.113779500127
5015	5016	0.113779500127
5016	5015	0.113779500127
5016	5017	0.113779500127
5017	5016	0.113779500127
5017	5018	0.0638205036521
5017	5037	0.106648996472
5018	5017	0.0638205036521
5018	5019	0.0638205036521
5019	5018	0.0638205036521
5019	5020	0.0638205036521
5020	5019	0.0638205036521
5020	5021	0.0638205036521
5021	5020	0.0638205036521
5021	5022	0.0638205036521
5022	5021	0.0638205036521
5022	5023	0.0638205036521
5023	5022	0.0638205036521
5023	5024	0.0638205036521
5024	5023	0.0638205036521
5024	5025	0.0638205036521
5025	5024	0.0638205036521
5025	5026	0.0638205036521
5026	5025	0.0638205036521
5026	5027	0.0638205036521
5027	5026	0.0638205036521
5027	5028	0.0638205036521
5028	5027	0.0638205036521
5028	5029	0.0638205036521
5029	5028	0.0638205036521
5029	5030	0.0638205036521
5030	5029	0.0638205036521
5030	5031	0.0638205036521
5031	5030	0.0638205036521
5031	5032	0.0638205036521
5032	5031	0.0638205036521
5032	5033	0.0638205036521
5033	5032	0.0638205036521
5033	5034	0.0638205036521
5034	5033	0.0638205036521
5034	5035	0.0638205036521
5035	5034	0.0638205036521
5035	5036	0.0638205036521
5036	5035	0.0638205036521
5037	5017	0.106648996472
5037	5038	0.106648996472
5038	5037	0.106648996472
5038	5039	0.106648996472
5039	5038	0.106648996472
5039	5040	0.0988800004125
5039	5107	0.0626790001988
5040	5039	0.0988800004125
5040	5041	0.0988800004125
5041	5040	0.0988800004125
5041	5042	0.0988800004125
5042	5041	0.0988800004125
5042	5043	0.0988800004125
5043	5042	0.0988800004125
5043	5044	0.0988800004125
5044	5043	0.0988800004125
5044	5045	0.0988800004125
5045	5044	0.0988800004125
5045	5046	0.0988800004125
5046	5045	0.0988800004125
5046	5047	0.0988800004125
5047	5046	0.0988800004125
5047	5048	0.0988800004125
5048	5047	0.0988800004125
5048	5049	0.0988800004125
5049	5048	0.0988800004125
5049	5050	0.0988800004125
5050	5049	0.0988800004125
5050	5051	0.0988800004125
5051	5050	0.0988800004125
5051	5052	0.0988800004125
5052	5051	0.0988800004125
5052	5053	0.0988800004125
5053	5052	0.0988800004125
5053	5054	0.0988800004125
5054	5053	0.0988800004125
5054	5055	0.0988800004125
5055	5054	0.0988800004125
5055	5056	0.0988800004125
5056	5055	0.0988800004125
5056	5057	0.0988800004125
5057	5056	0.0988800004125
5057	5058	0.0988800004125
5058	5057	0.0988800004125
5058	5059	0.0988800004125
5059	5058	0.0988800004125
5059	5060	0.0988800004125
5060	5059	0.0988800004125
5060	5061	0.0988800004125
5061	5060	0.0988800004125
5061	5062	0.0988800004125
5062	5061	0.0988800004125
5062	5063	0.0882875025272
5062	5097	0.0653124973178
5063	5062	0.0882875025272
5063	5064	0.0882875025272
5064	5063	0.0882875025272
5064	5065	0.0882875025272
5065	5064	0.0882875025272
5065	5066	0.0882875025272
5066	5065	0.0882875025272
5066	5067	0.0882875025272
5067	5066	0.0882875025272
5067	5068	0.0882875025272
5068	5067	0.0882875025272
5068	5069	0.0882875025272
5069	5068	0.0882875025272
5069	5070	0.0882875025272
5070	5069	0.0882875025272
5070	5071	0.0882875025272
5071	5070	0.0882875025272
5071	5072	0.0882875025272
5072	5071	0.0882875025272
5072	5073	0.0882875025272
5073	5072	0.0882875025272
5073	5074	0.0882875025272
5074	5073	0.0882875025272
5074	5075	0.0882875025272
5075	5074	0.0882875025272
5075	5076	0.0882875025272
5076	5075	0.0882875025272
5076	5077	0.0882875025272
5077	5076	0.0882875025272
5077	5078	0.0882875025272
5078	5077	0.0882875025272
5078	5079	0.0882875025272
5079	5078	0.0882875025272
5079	5080	0.0882875025272
5080	5079	0.0882875025272
5080	5081	0.0882875025272
5081	5080	0.0882875025272
5081	5082	0.0882875025272
5082	5081	0.0882875025272
5082	5083	0.0882875025272
5083	5082	0.0882875025272
5083	5084	0.0882875025272
5084	5083	0.0882875025272
5084	5085	0.0882875025272
5085	5084	0.0882875025272
5085	5086	0.0882875025272
5086	5085	0.0882875025272
5086	5087	0.0882875025272
5087	5086	0.0882875025272
5087	5088	0.0882875025272
5088	5087	0.0882875025272
5088	5089	0.0882875025272
5089	5088	0.0882875025272
5089	5090	0.0882875025272
5090	5089	0.0882875025272
5090	5091	0.0882875025272
5091	5090	0.0882875025272
5091	5092	0.0882875025272
5092	5091	0.0882875025272
5092	5093	0.0882875025272
5093	5092	0.0882875025272
5093	5094	0.0882875025272
5094	5093	0.0882875025272
5094	5095	0.0882875025272
5095	5094	0.0882875025272
5095	5096	0.0882875025272
5096	5095	0.0882875025272
5097	5062	0.0653124973178
5097	5098	0.0653124973178
5098	5097	0.0653124973178
5098	5099	0.0653124973178
5099	5098	0.0653124973178
5099	5100	0.0653124973178
5100	5099	0.0653124973178
5100	5101	0.0653124973178
5101	5100	0.0653124973178
5101	5102	0.0653124973178
5102	5101	0.0653124973178
5102	5103	0.0653124973178
5103	5102	0.0653124973178
5103	5104	0.0653124973178
5104	5103	0.0653124973178
5104	5105	0.0653124973178
5105	5104	0.0653124973178
5105	5106	0.0653124973178
5106	5105	0.0653124973178
5107	5039	0.0626790001988
5107	5108	0.0626790001988
5108	5107	0.0626790001988
5108	5109	0.0626790001988
5109	5108	0.0626790001988
5109	5110	0.0626790001988
5110	5109	0.0626790001988
5110	5111	0.0626790001988
5111	5110	0.0626790001988
5111	5112	0.0626790001988
5112	5111	0.0626790001988
5112	5113	0.0626790001988
5113	5112	0.0626790001988
5113	5114	0.0626790001988
5114	5113	0.0626790001988
5114	5115	0.0626790001988
5115	5114	0.0626790001988
5115	5116	0.0626790001988
5116	5115	0.0626790001988
5116	5117	0.0626790001988
5117	5116	0.0626790001988
5117	5118	0.0626790001988
5118	5117	0.0626790001988
5118	5119	0.0626790001988
5119	5118	0.0626790001988
5119	5120	0.0626790001988
5120	5119	0.0626790001988
5120	5121	0.0626790001988
5121	5120	0.0626790001988
5121	5122	0.0626790001988
5122	5121	0.0626790001988
5123	4907	0.211114004254
5123	5124	0.211114004254
5124	5123	0.211114004254
5124	5125	0.211114004254
5125	5124	0.211114004254
5125	5126	0.211114004254
5126	5125	0.211114004254
5126	5127	0.211114004254
5127	5126	0.211114004254
5127	5128	0.211114004254
5128	5127	0.211114004254
5128	5129	0.211114004254
5129	5128	0.211114004254
5129	5130	0.211114004254
5130	5129	0.211114004254
5130	5131	0.211114004254
5131	5130	0.211114004254
5131	5132	0.209631994367
5131	6064	0.058164998889
5132	5131	0.209631994367
5132	5133	0.209631994367
5133	5132	0.209631994367
5133	5134	0.209631994367
5134	5133	0.209631994367
5134	5135	0.209631994367
5135	5134	0.209631994367
5135	5136	0.209631994367
5136	5135	0.209631994367
5136	5137	0.209631994367
5137	5136	0.209631994367
5137	5138	0.209631994367
5138	5137	0.209631994367
5138	5139	0.209631994367
5139	5138	0.209631994367
5139	5140	0.209631994367
5140	5139	0.209631994367
5140	5141	0.208593994379
5140	6047	0.0514479987323
5141	5140	0.208593994379
5141	5142	0.208593994379
5142	5141	0.208593994379
5142	5143	0.208593994379
5143	5142	0.208593994379
5143	5144	0.208593994379
5144	5143	0.208593994379
5144	5145	0.208593994379
5145	5144	0.208593994379
5145	5146	0.208593994379
5146	5145	0.208593994379
5146	5147	0.208593994379
5147	5146	0.208593994379
5147	5148	0.208593994379
5148	5147	0.208593994379
5148	5149	0.208593994379
5149	5148	0.208593994379
5149	5150	0.208593994379
5150	5149	0.208593994379
5150	5151	0.208593994379
5151	5150	0.208593994379
5151	5152	0.208593994379
5152	5151	0.208593994379
5152	5153	0.208593994379
5153	5152	0.208593994379
5153	5154	0.208593994379
5154	5153	0.208593994379
5154	5155	0.208593994379
5155	5154	0.208593994379
5155	5156	0.208593994379
5156	5155	0.208593994379
5156	5157	0.208593994379
5157	5156	0.208593994379
5157	5158	0.208593994379
5158	5157	0.208593994379
5158	5159	0.158108994365
5158	5539	0.172396495938
5159	5158	0.158108994365
5159	5160	0.158108994365
5160	5159	0.158108994365
5160	5161	0.158108994365
5161	5160	0.158108994365
5161	5162	0.158108994365
5162	5161	0.158108994365
5162	5163	0.158108994365
5163	5162	0.158108994365
5163	5164	0.158108994365
5164	5163	0.158108994365
5164	5165	0.158108994365
5165	5164	0.158108994365
5165	5166	0.158108994365
5166	5165	0.158108994365
5166	5167	0.158108994365
5167	5166	0.158108994365
5167	5168	0.158108994365
5168	5167	0.158108994365
5168	5169	0.158108994365
5169	5168	0.158108994365
5169	5170	0.158108994365
5170	5169	0.158108994365
5170	5171	0.158108994365
5171	5170	0.158108994365
5171	5172	0.158108994365
5172	5171	0.158108994365
5172	5173	0.158108994365
5173	5172	0.158108994365
5173	5174	0.158108994365
5174	5173	0.158108994365
5174	5175	0.158108994365
5175	5174	0.158108994365
5175	5176	0.158108994365
5176	5175	0.158108994365
5176	5177	0.158108994365
5177	5176	0.158108994365
5177	5178	0.156315997243
5177	5526	0.0510409995914
5178	5177	0.156315997243
5178	5179	0.156315997243
5179	5178	0.156315997243
5179	5180	0.156315997243
5180	5179	0.156315997243
5180	5181	0.156315997243
5181	5180	0.156315997243
5181	5182	0.156315997243
5182	5181	0.156315997243
5182	5183	0.156315997243
5183	5182	0.156315997243
5183	5184	0.156315997243
5184	5183	0.156315997243
5184	5185	0.156315997243
5185	5184	0.156315997243
5185	5186	0.156315997243
5186	5185	0.156315997243
5186	5187	0.156315997243
5187	5186	0.156315997243
5187	5188	0.156315997243
5188	5187	0.156315997243
5188	5189	0.156315997243
5189	5188	0.156315997243
5189	5190	0.156315997243
5190	5189	0.156315997243
5190	5191	0.156315997243
5191	5190	0.156315997243
5191	5192	0.156315997243
5192	5191	0.156315997243
5192	5193	0.156315997243
5193	5192	0.156315997243
5193	5194	0.156315997243
5194	5193	0.156315997243
5194	5195	0.0646795034409
5194	5224	0.152533993125
5195	5194	0.0646795034409
5195	5196	0.0646795034409
5196	5195	0.0646795034409
5196	5197	0.0646795034409
5197	5196	0.0646795034409
5197	5198	0.0646795034409
5198	5197	0.0646795034409
5198	5199	0.0646795034409
5199	5198	0.0646795034409
5199	5200	0.0646795034409
5200	5199	0.0646795034409
5200	5201	0.0646795034409
5201	5200	0.0646795034409
5201	5202	0.0646795034409
5202	5201	0.0646795034409
5202	5203	0.0646795034409
5203	5202	0.0646795034409
5203	5204	0.0646795034409
5204	5203	0.0646795034409
5204	5205	0.0646795034409
5205	5204	0.0646795034409
5205	5206	0.0646795034409
5206	5205	0.0646795034409
5206	5207	0.0646795034409
5207	5206	0.0646795034409
5207	5208	0.0646795034409
5208	5207	0.0646795034409
5208	5209	0.0646795034409
5209	5208	0.0646795034409
5209	5210	0.0646795034409
5210	5209	0.0646795034409
5210	5211	0.0646795034409
5211	5210	0.0646795034409
5211	5212	0.0646795034409
5212	5211	0.0646795034409
5212	5213	0.0646795034409
5213	5212	0.0646795034409
5213	5214	0.0646795034409
5214	5213	0.0646795034409
5214	5215	0.0646795034409
5215	5214	0.0646795034409
5215	5216	0.0646795034409
5216	5215	0.0646795034409
5216	5217	0.0646795034409
5217	5216	0.0646795034409
5217	5218	0.0646795034409
5218	5217	0.0646795034409
5218	5219	0.0646795034409
5219	5218	0.0646795034409
5219	5220	0.0646795034409
5220	5219	0.0646795034409
5220	5221	0.0646795034409
5221	5220	0.0646795034409
5221	5222	0.0646795034409
5222	5221	0.0646795034409
5222	5223	0.0646795034409
5223	5222	0.0646795034409
5224	5194	0.152533993125
5224	5225	0.152533993125
5225	5224	0.152533993125
5225	5226	0.152533993125
5226	5225	0.152533993125
5226	5227	0.152533993125
5227	5226	0.152533993125
5227	5228	0.152533993125
5228	5227	0.152533993125
5228	5229	0.152533993125
5229	5228	0.152533993125
5229	5230	0.152533993125
5230	5229	0.152533993125
5230	5231	0.152533993125
5231	5230	0.152533993125
5231	5232	0.152533993125
5232	5231	0.152533993125
5232	5233	0.152533993125
5233	5232	0.152533993125
5233	5234	0.152533993125
5234	5233	0.152533993125
5234	5235	0.152533993125
5235	5234	0.152533993125
5235	5236	0.152533993125
5236	5235	0.152533993125
5236	5237	0.147847503424
5236	5494	0.0681964978576
5237	5236	0.147847503424
5237	5238	0.147847503424
5238	5237	0.147847503424
5238	5239	0.147847503424
5239	5238	0.147847503424
5239	5240	0.147847503424
5240	5239	0.147847503424
5240	5241	0.147847503424
5241	5240	0.147847503424
5241	5242	0.147847503424
5242	5241	0.147847503424
5242	5243	0.0571429990232
5242	5257	0.144945502281
5243	5242	0.0571429990232
5243	5244	0.0571429990232
5244	5243	0.0571429990232
5244	5245	0.0571429990232
5245	5244	0.0571429990232
5245	5246	0.0571429990232
5246	5245	0.0571429990232
5246	5247	0.0571429990232
5247	5246	0.0571429990232
5247	5248	0.0571429990232
5248	5247	0.0571429990232
5248	5249	0.0571429990232
5249	5248	0.0571429990232
5249	5250	0.0571429990232
5250	5249	0.0571429990232
5250	5251	0.0571429990232
5251	5250	0.0571429990232
5251	5252	0.0571429990232
5252	5251	0.0571429990232
5252	5253	0.0571429990232
5253	5252	0.0571429990232
5253	5254	0.0571429990232
5254	5253	0.0571429990232
5254	5255	0.0571429990232
5255	5254	0.0571429990232
5255	5256	0.0571429990232
5256	5255	0.0571429990232
5257	5242	0.144945502281
5257	5258	0.144945502281
5258	5257	0.144945502281
5258	5259	0.144945502281
5259	5258	0.144945502281
5259	5260	0.144945502281
5260	5259	0.144945502281
5260	5261	0.144945502281
5261	5260	0.144945502281
5261	5262	0.144945502281
5262	5261	0.144945502281
5262	5263	0.0971954986453
5262	5338	0.128603994846
5263	5262	0.0971954986453
5263	5264	0.0971954986453
5264	5263	0.0971954986453
5264	5265	0.0971954986453
5265	5264	0.0971954986453
5265	5266	0.0971954986453
5266	5265	0.0971954986453
5266	5267	0.0971954986453
5267	5266	0.0971954986453
5267	5268	0.0971954986453
5268	5267	0.0971954986453
5268	5269	0.0971954986453
5269	5268	0.0971954986453
5269	5270	0.0971954986453
5270	5269	0.0971954986453
5270	5271	0.0971954986453
5271	5270	0.0971954986453
5271	5272	0.0971954986453
5272	5271	0.0971954986453
5272	5273	0.0971954986453
5273	5272	0.0971954986453
5273	5274	0.0971954986453
5274	5273	0.0971954986453
5274	5275	0.0971954986453
5275	5274	0.0971954986453
5275	5276	0.0971954986453
5276	5275	0.0971954986453
5276	5277	0.0971954986453
5277	5276	0.0971954986453
5277	5278	0.0971954986453
5278	5277	0.0971954986453
5278	5279	0.0971954986453
5279	5278	0.0971954986453
5279	5280	0.0971954986453
5280	5279	0.0971954986453
5280	5281	0.0971954986453
5281	5280	0.0971954986453
5281	5282	0.0971954986453
5282	5281	0.0971954986453
5282	5283	0.0971954986453
5283	5282	0.0971954986453
5283	5284	0.0971954986453
5284	5283	0.0971954986453
5284	5285	0.0971954986453
5285	5284	0.0971954986453
5285	5286	0.0971954986453
5286	5285	0.0971954986453
5286	5287	0.0971954986453
5287	5286	0.0971954986453
5287	5288	0.0971954986453
5288	5287	0.0971954986453
5288	5289	0.0832810029387
5288	5322	0.0698359981179
5289	5288	0.0832810029387
5289	5290	0.0832810029387
5290	5289	0.0832810029387
5290	5291	0.0832810029387
5291	5290	0.0832810029387
5291	5292	0.0832810029387
5292	5291	0.0832810029387
5292	5293	0.0832810029387
5293	5292	0.0832810029387
5293	5294	0.0832810029387
5294	5293	0.0832810029387
5294	5295	0.0832810029387
5295	5294	0.0832810029387
5295	5296	0.0832810029387
5296	5295	0.0832810029387
5296	5297	0.0832810029387
5297	5296	0.0832810029387
5297	5298	0.0832810029387
5298	5297	0.0832810029387
5298	5299	0.0832810029387
5299	5298	0.0832810029387
5299	5300	0.0832810029387
5300	5299	0.0832810029387
5300	5301	0.0832810029387
5301	5300	0.0832810029387
5301	5302	0.0832810029387
5302	5301	0.0832810029387
5302	5303	0.0832810029387
5303	5302	0.0832810029387
5303	5304	0.0832810029387
5304	5303	0.0832810029387
5304	5305	0.0832810029387
5305	5304	0.0832810029387
5305	5306	0.0832810029387
5306	5305	0.0832810029387
5306	5307	0.0832810029387
5307	5306	0.0832810029387
5307	5308	0.0832810029387
5308	5307	0.0832810029387
5308	5309	0.0832810029387
5309	5308	0.0832810029387
5309	5310	0.0832810029387
5310	5309	0.0832810029387
5310	5311	0.0832810029387
5311	5310	0.0832810029387
5311	5312	0.0832810029387
5312	5311	0.0832810029387
5312	5313	0.0832810029387
5313	5312	0.0832810029387
5313	5314	0.0832810029387
5314	5313	0.0832810029387
5314	5315	0.0832810029387
5315	5314	0.0832810029387
5315	5316	0.0832810029387
5316	5315	0.0832810029387
5316	5317	0.0832810029387
5317	5316	0.0832810029387
5317	5318	0.0832810029387
5318	5317	0.0832810029387
5318	5319	0.0832810029387
5319	5318	0.0832810029387
5319	5320	0.0832810029387
5320	5319	0.0832810029387
5320	5321	0.0832810029387
5321	5320	0.0832810029387
5322	5288	0.0698359981179
5322	5323	0.0698359981179
5323	5322	0.0698359981179
5323	5324	0.0698359981179
5324	5323	0.0698359981179
5324	5325	0.0698359981179
5325	5324	0.0698359981179
5325	5326	0.0698359981179
5326	5325	0.0698359981179
5326	5327	0.0698359981179
5327	5326	0.0698359981179
5327	5328	0.0698359981179
5328	5327	0.0698359981179
5328	5329	0.0698359981179
5329	5328	0.0698359981179
5329	5330	0.0698359981179
5330	5329	0.0698359981179
5330	5331	0.0698359981179
5331	5330	0.0698359981179
5331	5332	0.0698359981179
5332	5331	0.0698359981179
5332	5333	0.0698359981179
5333	5332	0.0698359981179
5333	5334	0.0698359981179
5334	5333	0.0698359981179
5334	5335	0.0698359981179
5335	5334	0.0698359981179
5335	5336	0.0698359981179
5336	5335	0.0698359981179
5336	5337	0.0698359981179
5337	5336	0.0698359981179
5338	5262	0.128603994846
5338	5339	0.128603994846
5339	5338	0.128603994846
5339	5340	0.128603994846
5340	5339	0.128603994846
5340	5341	0.128603994846
5341	5340	0.128603994846
5341	5342	0.128603994846
5342	5341	0.128603994846
5342	5343	0.128603994846
5343	5342	0.128603994846
5343	5344	0.128603994846
5344	5343	0.128603994846
5344	5345	0.128603994846
5345	5344	0.128603994846
5345	5346	0.128603994846
5346	5345	0.128603994846
5346	5347	0.128603994846
5347	5346	0.128603994846
5347	5348	0.128603994846
5348	5347	0.128603994846
5348	5349	0.128603994846
5349	5348	0.128603994846
5349	5350	0.128603994846
5350	5349	0.128603994846
5350	5351	0.128603994846
5351	5350	0.128603994846
5351	5352	0.128603994846
5352	5351	0.128603994846
5352	5353	0.128603994846
5353	5352	0.128603994846
5353	5354	0.128603994846
5354	5353	0.128603994846
5354	5355	0.128603994846
5355	5354	0.128603994846
5355	5356	0.128603994846
5356	5355	0.128603994846
5356	5357	0.128603994846
5357	5356	0.128603994846
5357	5358	0.128603994846
5358	5357	0.128603994846
5358	5359	0.128603994846
5359	5358	0.128603994846
5359	5360	0.128603994846
5360	5359	0.128603994846
5360	5361	0.128603994846
5361	5360	0.128603994846
5361	5362	0.128603994846
5362	5361	0.128603994846
5362	5363	0.128603994846
5363	5362	0.128603994846
5363	5364	0.128603994846
5364	5363	0.128603994846
5364	5365	0.128603994846
5365	5364	0.128603994846
5365	5366	0.118508502841
5365	5463	0.0773409977555
5366	5365	0.118508502841
5366	5367	0.118508502841
5367	5366	0.118508502841
5367	5368	0.118508502841
5368	5367	0.118508502841
5368	5369	0.118508502841
5369	5368	0.118508502841
5369	5370	0.118508502841
5370	5369	0.118508502841
5370	5371	0.118508502841
5371	5370	0.118508502841
5371	5372	0.118508502841
5372	5371	0.118508502841
5372	5373	0.118508502841
5373	5372	0.118508502841
5373	5374	0.109091497958
5373	5444	0.0715354979038
5374	5373	0.109091497958
5374	5375	0.109091497958
5375	5374	0.109091497958
5375	5376	0.109091497958
5376	5375	0.109091497958
5376	5377	0.109091497958
5377	5376	0.109091497958
5377	5378	0.109091497958
5378	5377	0.109091497958
5378	5379	0.109091497958
5379	5378	0.109091497958
5379	5380	0.109091497958
5380	5379	0.109091497958
5380	5381	0.109091497958
5381	5380	0.109091497958
5381	5382	0.109091497958
5382	5381	0.109091497958
5382	5383	0.109091497958
5383	5382	0.109091497958
5383	5384	0.109091497958
5384	5383	0.109091497958
5384	5385	0.109091497958
5385	5384	0.109091497958
5385	5386	0.109091497958
5386	5385	0.109091497958
5386	5387	0.109091497958
5387	5386	0.109091497958
5387	5388	0.109091497958
5388	5387	0.109091497958
5388	5389	0.109091497958
5389	5388	0.109091497958
5389	5390	0.109091497958
5390	5389	0.109091497958
5390	5391	0.109091497958
5391	5390	0.109091497958
5391	5392	0.109091497958
5392	5391	0.109091497958
5392	5393	0.109091497958
5393	5392	0.109091497958
5393	5394	0.109091497958
5394	5393	0.109091497958
5394	5395	0.109091497958
5395	5394	0.109091497958
5395	5396	0.109091497958
5396	5395	0.109091497958
5396	5397	0.109091497958
5397	5396	0.109091497958
5397	5398	0.109091497958
5398	5397	0.109091497958
5398	5399	0.109091497958
5399	5398	0.109091497958
5399	5400	0.100906997919
5399	5438	0.0646990016103
5400	5399	0.100906997919
5400	5401	0.100906997919
5401	5400	0.100906997919
5401	5402	0.100906997919
5402	5401	0.100906997919
5402	5403	0.100906997919
5403	5402	0.100906997919
5403	5404	0.100906997919
5404	5403	0.100906997919
5404	5405	0.100906997919
5405	5404	0.100906997919
5405	5406	0.100906997919
5406	5405	0.100906997919
5406	5407	0.100906997919
5407	5406	0.100906997919
5407	5408	0.100906997919
5408	5407	0.100906997919
5408	5409	0.100906997919
5409	5408	0.100906997919
5409	5410	0.100906997919
5410	5409	0.100906997919
5410	5411	0.100906997919
5411	5410	0.100906997919
5411	5412	0.100906997919
5412	5411	0.100906997919
5412	5413	0.100906997919
5413	5412	0.100906997919
5413	5414	0.100906997919
5414	5413	0.100906997919
5414	5415	0.100906997919
5415	5414	0.100906997919
5415	5416	0.100906997919
5416	5415	0.100906997919
5416	5417	0.100906997919
5417	5416	0.100906997919
5417	5418	0.100906997919
5418	5417	0.100906997919
5418	5419	0.100906997919
5419	5418	0.100906997919
5419	5420	0.100906997919
5420	5419	0.100906997919
5420	5421	0.100906997919
5421	5420	0.100906997919
5421	5422	0.100906997919
5422	5421	0.100906997919
5422	5423	0.100906997919
5423	5422	0.100906997919
5423	5424	0.100906997919
5424	5423	0.100906997919
5424	5425	0.100906997919
5425	5424	0.100906997919
5425	5426	0.100906997919
5426	5425	0.100906997919
5426	5427	0.100906997919
5427	5426	0.100906997919
5427	5428	0.100906997919
5428	5427	0.100906997919
5428	5429	0.100906997919
5429	5428	0.100906997919
5429	5430	0.100906997919
5430	5429	0.100906997919
5430	5431	0.100906997919
5431	5430	0.100906997919
5431	5432	0.100906997919
5432	5431	0.100906997919
5432	5433	0.100906997919
5433	5432	0.100906997919
5433	5434	0.100906997919
5434	5433	0.100906997919
5434	5435	0.100906997919
5435	5434	0.100906997919
5435	5436	0.100906997919
5436	5435	0.100906997919
5436	5437	0.100906997919
5437	5436	0.100906997919
5438	5399	0.0646990016103
5438	5439	0.0646990016103
5439	5438	0.0646990016103
5439	5440	0.0646990016103
5440	5439	0.0646990016103
5440	5441	0.0646990016103
5441	5440	0.0646990016103
5441	5442	0.0646990016103
5442	5441	0.0646990016103
5442	5443	0.0646990016103
5443	5442	0.0646990016103
5444	5373	0.0715354979038
5444	5445	0.0715354979038
5445	5444	0.0715354979038
5445	5446	0.0715354979038
5446	5445	0.0715354979038
5446	5447	0.0715354979038
5447	5446	0.0715354979038
5447	5448	0.0715354979038
5448	5447	0.0715354979038
5448	5449	0.0715354979038
5449	5448	0.0715354979038
5449	5450	0.0715354979038
5450	5449	0.0715354979038
5450	5451	0.0715354979038
5451	5450	0.0715354979038
5451	5452	0.0715354979038
5452	5451	0.0715354979038
5452	5453	0.0715354979038
5453	5452	0.0715354979038
5453	5454	0.0715354979038
5454	5453	0.0715354979038
5454	5455	0.0715354979038
5455	5454	0.0715354979038
5455	5456	0.0715354979038
5456	5455	0.0715354979038
5456	5457	0.0715354979038
5457	5456	0.0715354979038
5457	5458	0.0715354979038
5458	5457	0.0715354979038
5458	5459	0.0715354979038
5459	5458	0.0715354979038
5459	5460	0.0715354979038
5460	5459	0.0715354979038
5460	5461	0.0715354979038
5461	5460	0.0715354979038
5461	5462	0.0715354979038
5462	5461	0.0715354979038
5463	5365	0.0773409977555
5463	5464	0.0773409977555
5464	5463	0.0773409977555
5464	5465	0.0773409977555
5465	5464	0.0773409977555
5465	5466	0.0773409977555
5466	5465	0.0773409977555
5466	5467	0.0773409977555
5467	5466	0.0773409977555
5467	5468	0.0773409977555
5468	5467	0.0773409977555
5468	5469	0.0773409977555
5469	5468	0.0773409977555
5469	5470	0.0773409977555
5470	5469	0.0773409977555
5470	5471	0.0773409977555
5471	5470	0.0773409977555
5471	5472	0.0773409977555
5472	5471	0.0773409977555
5472	5473	0.0773409977555
5473	5472	0.0773409977555
5473	5474	0.0773409977555
5474	5473	0.0773409977555
5474	5475	0.0773409977555
5475	5474	0.0773409977555
5475	5476	0.0773409977555
5476	5475	0.0773409977555
5476	5477	0.0773409977555
5477	5476	0.0773409977555
5477	5478	0.0773409977555
5478	5477	0.0773409977555
5478	5479	0.0773409977555
5479	5478	0.0773409977555
5479	5480	0.0773409977555
5480	5479	0.0773409977555
5480	5481	0.0773409977555
5481	5480	0.0773409977555
5481	5482	0.0773409977555
5482	5481	0.0773409977555
5482	5483	0.0773409977555
5483	5482	0.0773409977555
5483	5484	0.0773409977555
5484	5483	0.0773409977555
5484	5485	0.0773409977555
5485	5484	0.0773409977555
5485	5486	0.0773409977555
5486	5485	0.0773409977555
5486	5487	0.0773409977555
5487	5486	0.0773409977555
5487	5488	0.0773409977555
5488	5487	0.0773409977555
5488	5489	0.0773409977555
5489	5488	0.0773409977555
5489	5490	0.0773409977555
5490	5489	0.0773409977555
5490	5491	0.0773409977555
5491	5490	0.0773409977555
5491	5492	0.0773409977555
5492	5491	0.0773409977555
5492	5493	0.0773409977555
5493	5492	0.0773409977555
5494	5236	0.0681964978576
5494	5495	0.0681964978576
5495	5494	0.0681964978576
5495	5496	0.0681964978576
5496	5495	0.0681964978576
5496	5497	0.0681964978576
5497	5496	0.0681964978576
5497	5498	0.0681964978576
5498	5497	0.0681964978576
5498	5499	0.0681964978576
5499	5498	0.0681964978576
5499	5500	0.0681964978576
5500	5499	0.0681964978576
5500	5501	0.0681964978576
5501	5500	0.0681964978576
5501	5502	0.0681964978576
5502	5501	0.0681964978576
5502	5503	0.0681964978576
5503	5502	0.0681964978576
5503	5504	0.0681964978576
5504	5503	0.0681964978576
5504	5505	0.0681964978576
5505	5504	0.0681964978576
5505	5506	0.0681964978576
5506	5505	0.0681964978576
5506	5507	0.0681964978576
5507	5506	0.0681964978576
5507	5508	0.0681964978576
5508	5507	0.0681964978576
5508	5509	0.0681964978576
5509	5508	0.0681964978576
5509	5510	0.0681964978576
5510	5509	0.0681964978576
5510	5511	0.0681964978576
5511	5510	0.0681964978576
5511	5512	0.0681964978576
5512	5511	0.0681964978576
5512	5513	0.0681964978576
5513	5512	0.0681964978576
5513	5514	0.0681964978576
5514	5513	0.0681964978576
5514	5515	0.0681964978576
5515	5514	0.0681964978576
5515	5516	0.0681964978576
5516	5515	0.0681964978576
5516	5517	0.0681964978576
5517	5516	0.0681964978576
5517	5518	0.0681964978576
5518	5517	0.0681964978576
5518	5519	0.0681964978576
5519	5518	0.0681964978576
5519	5520	0.0681964978576
5520	5519	0.0681964978576
5520	5521	0.0681964978576
5521	5520	0.0681964978576
5521	5522	0.0681964978576
5522	5521	0.0681964978576
5522	5523	0.0681964978576
5523	5522	0.0681964978576
5523	5524	0.0681964978576
5524	5523	0.0681964978576
5524	5525	0.0681964978576
5525	5524	0.0681964978576
5526	5177	0.0510409995914
5526	5527	0.0510409995914
5527	5526	0.0510409995914
5527	5528	0.0510409995914
5528	5527	0.0510409995914
5528	5529	0.0510409995914
5529	5528	0.0510409995914
5529	5530	0.0510409995914
5530	5529	0.0510409995914
5530	5531	0.0510409995914
5531	5530	0.0510409995914
5531	5532	0.0510409995914
5532	5531	0.0510409995914
5532	5533	0.0510409995914
5533	5532	0.0510409995914
5533	5534	0.0510409995914
5534	5533	0.0510409995914
5534	5535	0.0510409995914
5535	5534	0.0510409995914
5535	5536	0.0510409995914
5536	5535	0.0510409995914
5536	5537	0.0510409995914
5537	5536	0.0510409995914
5537	5538	0.0510409995914
5538	5537	0.0510409995914
5539	5158	0.172396495938
5539	5540	0.172396495938
5540	5539	0.172396495938
5540	5541	0.172396495938
5541	5540	0.172396495938
5541	5542	0.172396495938
5542	5541	0.172396495938
5542	5543	0.172396495938
5543	5542	0.172396495938
5543	5544	0.172396495938
5544	5543	0.172396495938
5544	5545	0.172396495938
5545	5544	0.172396495938
5545	5546	0.172396495938
5546	5545	0.172396495938
5546	5547	0.172396495938
5547	5546	0.172396495938
5547	5548	0.172396495938
5548	5547	0.172396495938
5548	5549	0.172396495938
5549	5548	0.172396495938
5549	5550	0.168798997998
5549	6003	0.067978002131
5550	5549	0.168798997998
5550	5551	0.168798997998
5551	5550	0.168798997998
5551	5552	0.168798997998
5552	5551	0.168798997998
5552	5553	0.168798997998
5553	5552	0.168798997998
5553	5554	0.168798997998
5554	5553	0.168798997998
5554	5555	0.168798997998
5555	5554	0.168798997998
5555	5556	0.168798997998
5556	5555	0.168798997998
5556	5557	0.168798997998
5557	5556	0.168798997998
5557	5558	0.168798997998
5558	5557	0.168798997998
5558	5559	0.168798997998
5559	5558	0.168798997998
5559	5560	0.168798997998
5560	5559	0.168798997998
5560	5561	0.0441095009446
5560	5568	0.167788997293
5561	5560	0.0441095009446
5561	5562	0.0441095009446
5562	5561	0.0441095009446
5562	5563	0.0441095009446
5563	5562	0.0441095009446
5563	5564	0.0441095009446
5564	5563	0.0441095009446
5564	5565	0.0441095009446
5565	5564	0.0441095009446
5565	5566	0.0441095009446
5566	5565	0.0441095009446
5566	5567	0.0441095009446
5567	5566	0.0441095009446
5568	5560	0.167788997293
5568	5569	0.167788997293
5569	5568	0.167788997293
5569	5570	0.167788997293
5570	5569	0.167788997293
5570	5571	0.167788997293
5571	5570	0.167788997293
5571	5572	0.167788997293
5572	5571	0.167788997293
5572	5573	0.167788997293
5573	5572	0.167788997293
5573	5574	0.167788997293
5574	5573	0.167788997293
5574	5575	0.167788997293
5575	5574	0.167788997293
5575	5576	0.167788997293
5576	5575	0.167788997293
5576	5577	0.167788997293
5577	5576	0.167788997293
5577	5578	0.167788997293
5578	5577	0.167788997293
5578	5579	0.167788997293
5579	5578	0.167788997293
5579	5580	0.167788997293
5580	5579	0.167788997293
5580	5581	0.164120003581
5580	5968	0.0671759992838
5581	5580	0.164120003581
5581	5582	0.164120003581
5582	5581	0.164120003581
5582	5583	0.164120003581
5583	5582	0.164120003581
5583	5584	0.164120003581
5584	5583	0.164120003581
5584	5585	0.164120003581
5585	5584	0.164120003581
5585	5586	0.164120003581
5586	5585	0.164120003581
5586	5587	0.164120003581
5587	5586	0.164120003581
5587	5588	0.164120003581
5588	5587	0.164120003581
5588	5589	0.164120003581
5589	5588	0.164120003581
5589	5590	0.164120003581
5590	5589	0.164120003581
5590	5591	0.164120003581
5591	5590	0.164120003581
5591	5592	0.164120003581
5592	5591	0.164120003581
5592	5593	0.164120003581
5593	5592	0.164120003581
5593	5594	0.150934502482
5593	5879	0.0994020029902
5594	5593	0.150934502482
5594	5595	0.150934502482
5595	5594	0.150934502482
5595	5596	0.150934502482
5596	5595	0.150934502482
5596	5597	0.150934502482
5597	5596	0.150934502482
5597	5598	0.150934502482
5598	5597	0.150934502482
5598	5599	0.150934502482
5599	5598	0.150934502482
5599	5600	0.150934502482
5600	5599	0.150934502482
5600	5601	0.150934502482
5601	5600	0.150934502482
5601	5602	0.150934502482
5602	5601	0.150934502482
5602	5603	0.150934502482
5603	5602	0.150934502482
5603	5604	0.150934502482
5604	5603	0.150934502482
5604	5605	0.150934502482
5605	5604	0.150934502482
5605	5606	0.150934502482
5606	5605	0.150934502482
5606	5607	0.150934502482
5607	5606	0.150934502482
5607	5608	0.150934502482
5608	5607	0.150934502482
5608	5609	0.150934502482
5609	5608	0.150934502482
5609	5610	0.150934502482
5610	5609	0.150934502482
5610	5611	0.150934502482
5611	5610	0.150934502482
5611	5612	0.150934502482
5612	5611	0.150934502482
5612	5613	0.150934502482
5613	5612	0.150934502482
5613	5614	0.148694500327
5613	5869	0.0532315000892
5614	5613	0.148694500327
5614	5615	0.148694500327
5615	5614	0.148694500327
5615	5616	0.148694500327
5616	5615	0.148694500327
5616	5617	0.148694500327
5617	5616	0.148694500327
5617	5618	0.148694500327
5618	5617	0.148694500327
5618	5619	0.148694500327
5619	5618	0.148694500327
5619	5620	0.148694500327
5620	5619	0.148694500327
5620	5621	0.148694500327
5621	5620	0.148694500327
5621	5622	0.148694500327
5622	5621	0.148694500327
5622	5623	0.148694500327
5623	5622	0.148694500327
5623	5624	0.148694500327
5624	5623	0.148694500327
5624	5625	0.0722839981318
5624	5656	0.142767503858
5625	5624	0.0722839981318
5625	5626	0.0722839981318
5626	5625	0.0722839981318
5626	5627	0.0722839981318
5627	5626	0.0722839981318
5627	5628	0.0722839981318
5628	5627	0.0722839981318
5628	5629	0.0722839981318
5629	5628	0.0722839981318
5629	5630	0.0722839981318
5630	5629	0.0722839981318
5630	5631	0.0722839981318
5631	5630	0.0722839981318
5631	5632	0.0722839981318
5632	5631	0.0722839981318
5632	5633	0.0722839981318
5633	5632	0.0722839981318
5633	5634	0.0722839981318
5634	5633	0.0722839981318
5634	5635	0.0722839981318
5635	5634	0.0722839981318
5635	5636	0.0722839981318
5636	5635	0.0722839981318
5636	5637	0.0722839981318
5637	5636	0.0722839981318
5637	5638	0.0722839981318
5638	5637	0.0722839981318
5638	5639	0.0722839981318
5639	5638	0.0722839981318
5639	5640	0.0722839981318
5640	5639	0.0722839981318
5640	5641	0.0722839981318
5641	5640	0.0722839981318
5641	5642	0.0722839981318
5642	5641	0.0722839981318
5642	5643	0.0722839981318
5643	5642	0.0722839981318
5643	5644	0.0722839981318
5644	5643	0.0722839981318
5644	5645	0.0722839981318
5645	5644	0.0722839981318
5645	5646	0.0722839981318
5646	5645	0.0722839981318
5646	5647	0.0722839981318
5647	5646	0.0722839981318
5647	5648	0.0722839981318
5648	5647	0.0722839981318
5648	5649	0.0722839981318
5649	5648	0.0722839981318
5649	5650	0.0722839981318
5650	5649	0.0722839981318
5650	5651	0.0722839981318
5651	5650	0.0722839981318
5651	5652	0.0722839981318
5652	5651	0.0722839981318
5652	5653	0.0722839981318
5653	5652	0.0722839981318
5653	5654	0.0722839981318
5654	5653	0.0722839981318
5654	5655	0.0722839981318
5655	5654	0.0722839981318
5656	5624	0.142767503858
5656	5657	0.142767503858
5657	5656	0.142767503858
5657	5658	0.142767503858
5658	5657	0.142767503858
5658	5659	0.142767503858
5659	5658	0.142767503858
5659	5660	0.142767503858
5660	5659	0.142767503858
5660	5661	0.0942780002952
5660	5723	0.127486005425
5661	5660	0.0942780002952
5661	5662	0.0942780002952
5662	5661	0.0942780002952
5662	5663	0.0942780002952
5663	5662	0.0942780002952
5663	5664	0.0942780002952
5664	5663	0.0942780002952
5664	5665	0.0942780002952
5665	5664	0.0942780002952
5665	5666	0.0710069984198
5665	5689	0.0782949998975
5666	5665	0.0710069984198
5666	5667	0.0710069984198
5667	5666	0.0710069984198
5667	5668	0.0710069984198
5668	5667	0.0710069984198
5668	5669	0.0710069984198
5669	5668	0.0710069984198
5669	5670	0.0710069984198
5670	5669	0.0710069984198
5670	5671	0.0710069984198
5671	5670	0.0710069984198
5671	5672	0.0710069984198
5672	5671	0.0710069984198
5672	5673	0.0710069984198
5673	5672	0.0710069984198
5673	5674	0.0710069984198
5674	5673	0.0710069984198
5674	5675	0.0710069984198
5675	5674	0.0710069984198
5675	5676	0.0710069984198
5676	5675	0.0710069984198
5676	5677	0.0710069984198
5677	5676	0.0710069984198
5677	5678	0.0710069984198
5678	5677	0.0710069984198
5678	5679	0.0710069984198
5679	5678	0.0710069984198
5679	5680	0.0710069984198
5680	5679	0.0710069984198
5680	5681	0.0710069984198
5681	5680	0.0710069984198
5681	5682	0.0710069984198
5682	5681	0.0710069984198
5682	5683	0.0710069984198
5683	5682	0.0710069984198
5683	5684	0.0710069984198
5684	5683	0.0710069984198
5684	5685	0.0710069984198
5685	5684	0.0710069984198
5685	5686	0.0710069984198
5686	5685	0.0710069984198
5686	5687	0.0710069984198
5687	5686	0.0710069984198
5687	5688	0.0710069984198
5688	5687	0.0710069984198
5689	5665	0.0782949998975
5689	5690	0.0782949998975
5690	5689	0.0782949998975
5690	5691	0.0782949998975
5691	5690	0.0782949998975
5691	5692	0.0782949998975
5692	5691	0.0782949998975
5692	5693	0.0782949998975
5693	5692	0.0782949998975
5693	5694	0.0782949998975
5694	5693	0.0782949998975
5694	5695	0.0782949998975
5695	5694	0.0782949998975
5695	5696	0.0782949998975
5696	5695	0.0782949998975
5696	5697	0.0782949998975
5697	5696	0.0782949998975
5697	5698	0.0782949998975
5698	5697	0.0782949998975
5698	5699	0.0782949998975
5699	5698	0.0782949998975
5699	5700	0.0782949998975
5700	5699	0.0782949998975
5700	5701	0.0782949998975
5701	5700	0.0782949998975
5701	5702	0.0782949998975
5702	5701	0.0782949998975
5702	5703	0.0782949998975
5703	5702	0.0782949998975
5703	5704	0.0782949998975
5704	5703	0.0782949998975
5704	5705	0.0782949998975
5705	5704	0.0782949998975
5705	5706	0.0782949998975
5706	5705	0.0782949998975
5706	5707	0.0782949998975
5707	5706	0.0782949998975
5707	5708	0.0782949998975
5708	5707	0.0782949998975
5708	5709	0.0782949998975
5709	5708	0.0782949998975
5709	5710	0.0782949998975
5710	5709	0.0782949998975
5710	5711	0.0782949998975
5711	5710	0.0782949998975
5711	5712	0.0782949998975
5712	5711	0.0782949998975
5712	5713	0.0782949998975
5713	5712	0.0782949998975
5713	5714	0.0782949998975
5714	5713	0.0782949998975
5714	5715	0.0782949998975
5715	5714	0.0782949998975
5715	5716	0.0782949998975
5716	5715	0.0782949998975
5716	5717	0.0782949998975
5717	5716	0.0782949998975
5717	5718	0.0782949998975
5718	5717	0.0782949998975
5718	5719	0.0782949998975
5719	5718	0.0782949998975
5719	5720	0.0782949998975
5720	5719	0.0782949998975
5720	5721	0.0782949998975
5721	5720	0.0782949998975
5721	5722	0.0782949998975
5722	5721	0.0782949998975
5723	5660	0.127486005425
5723	5724	0.127486005425
5724	5723	0.127486005425
5724	5725	0.127486005425
5725	5724	0.127486005425
5725	5726	0.127486005425
5726	5725	0.127486005425
5726	5727	0.127486005425
5727	5726	0.127486005425
5727	5728	0.127486005425
5728	5727	0.127486005425
5728	5729	0.127486005425
5729	5728	0.127486005425
5729	5730	0.127486005425
5730	5729	0.127486005425
5730	5731	0.127486005425
5731	5730	0.127486005425
5731	5732	0.127486005425
5732	5731	0.127486005425
5732	5733	0.127486005425
5733	5732	0.127486005425
5733	5734	0.127486005425
5734	5733	0.127486005425
5734	5735	0.127486005425
5735	5734	0.127486005425
5735	5736	0.127486005425
5736	5735	0.127486005425
5736	5737	0.127486005425
5737	5736	0.127486005425
5737	5738	0.127486005425
5738	5737	0.127486005425
5738	5739	0.127486005425
5739	5738	0.127486005425
5739	5740	0.127486005425
5740	5739	0.127486005425
5740	5741	0.127486005425
5741	5740	0.127486005425
5741	5742	0.127486005425
5742	5741	0.127486005425
5742	5743	0.127486005425
5743	5742	0.127486005425
5743	5744	0.127486005425
5744	5743	0.127486005425
5744	5745	0.127486005425
5745	5744	0.127486005425
5745	5746	0.127486005425
5746	5745	0.127486005425
5746	5747	0.127486005425
5747	5746	0.127486005425
5747	5748	0.127486005425
5748	5747	0.127486005425
5748	5749	0.127486005425
5749	5748	0.127486005425
5749	5750	0.127486005425
5750	5749	0.127486005425
5750	5751	0.127486005425
5751	5750	0.127486005425
5751	5752	0.127486005425
5752	5751	0.127486005425
5752	5753	0.127486005425
5753	5752	0.127486005425
5753	5754	0.127486005425
5754	5753	0.127486005425
5754	5755	0.127486005425
5755	5754	0.127486005425
5755	5756	0.127486005425
5756	5755	0.127486005425
5756	5757	0.127486005425
5757	5756	0.127486005425
5757	5758	0.127486005425
5758	5757	0.127486005425
5758	5759	0.127486005425
5759	5758	0.127486005425
5759	5760	0.127486005425
5760	5759	0.127486005425
5760	5761	0.127486005425
5761	5760	0.127486005425
5761	5762	0.127486005425
5762	5761	0.127486005425
5762	5763	0.0849614962935
5762	5794	0.113411001861
5763	5762	0.0849614962935
5763	5764	0.0849614962935
5764	5763	0.0849614962935
5764	5765	0.0849614962935
5765	5764	0.0849614962935
5765	5766	0.0849614962935
5766	5765	0.0849614962935
5766	5767	0.0849614962935
5767	5766	0.0849614962935
5767	5768	0.0849614962935
5768	5767	0.0849614962935
5768	5769	0.0849614962935
5769	5768	0.0849614962935
5769	5770	0.0849614962935
5770	5769	0.0849614962935
5770	5771	0.0849614962935
5771	5770	0.0849614962935
5771	5772	0.0849614962935
5772	5771	0.0849614962935
5772	5773	0.0849614962935
5773	5772	0.0849614962935
5773	5774	0.0849614962935
5774	5773	0.0849614962935
5774	5775	0.0849614962935
5775	5774	0.0849614962935
5775	5776	0.0849614962935
5776	5775	0.0849614962935
5776	5777	0.0849614962935
5777	5776	0.0849614962935
5777	5778	0.0849614962935
5778	5777	0.0849614962935
5778	5779	0.0849614962935
5779	5778	0.0849614962935
5779	5780	0.0849614962935
5780	5779	0.0849614962935
5780	5781	0.0849614962935
5781	5780	0.0849614962935
5781	5782	0.0849614962935
5782	5781	0.0849614962935
5782	5783	0.0849614962935
5783	5782	0.0849614962935
5783	5784	0.0849614962935
5784	5783	0.0849614962935
5784	5785	0.0849614962935
5785	5784	0.0849614962935
5785	5786	0.0849614962935
5786	5785	0.0849614962935
5786	5787	0.0849614962935
5787	5786	0.0849614962935
5787	5788	0.0849614962935
5788	5787	0.0849614962935
5788	5789	0.0849614962935
5789	5788	0.0849614962935
5789	5790	0.0849614962935
5790	5789	0.0849614962935
5790	5791	0.0849614962935
5791	5790	0.0849614962935
5791	5792	0.0849614962935
5792	5791	0.0849614962935
5792	5793	0.0849614962935
5793	5792	0.0849614962935
5794	5762	0.113411001861
5794	5795	0.113411001861
5795	5794	0.113411001861
5795	5796	0.113411001861
5796	5795	0.113411001861
5796	5797	0.113411001861
5797	5796	0.113411001861
5797	5798	0.113411001861
5798	5797	0.113411001861
5798	5799	0.113411001861
5799	5798	0.113411001861
5799	5800	0.113411001861
5800	5799	0.113411001861
5800	5801	0.113411001861
5801	5800	0.113411001861
5801	5802	0.113411001861
5802	5801	0.113411001861
5802	5803	0.113411001861
5803	5802	0.113411001861
5803	5804	0.113411001861
5804	5803	0.113411001861
5804	5805	0.0752789974213
5804	5820	0.101058997214
5805	5804	0.0752789974213
5805	5806	0.0752789974213
5806	5805	0.0752789974213
5806	5807	0.0752789974213
5807	5806	0.0752789974213
5807	5808	0.0752789974213
5808	5807	0.0752789974213
5808	5809	0.0752789974213
5809	5808	0.0752789974213
5809	5810	0.0752789974213
5810	5809	0.0752789974213
5810	5811	0.0752789974213
5811	5810	0.0752789974213
5811	5812	0.0752789974213
5812	5811	0.0752789974213
5812	5813	0.0752789974213
5813	5812	0.0752789974213
5813	5814	0.0752789974213
5814	5813	0.0752789974213
5814	5815	0.0752789974213
5815	5814	0.0752789974213
5815	5816	0.0752789974213
5816	5815	0.0752789974213
5816	5817	0.0752789974213
5817	5816	0.0752789974213
5817	5818	0.0752789974213
5818	5817	0.0752789974213
5818	5819	0.0752789974213
5819	5818	0.0752789974213
5820	5804	0.101058997214
5820	5821	0.101058997214
5821	5820	0.101058997214
5821	5822	0.101058997214
5822	5821	0.101058997214
5822	5823	0.101058997214
5823	5822	0.101058997214
5823	5824	0.101058997214
5824	5823	0.101058997214
5824	5825	0.101058997214
5825	5824	0.101058997214
5825	5826	0.101058997214
5826	5825	0.101058997214
5826	5827	0.101058997214
5827	5826	0.101058997214
5827	5828	0.101058997214
5828	5827	0.101058997214
5828	5829	0.101058997214
5829	5828	0.101058997214
5829	5830	0.101058997214
5830	5829	0.101058997214
5830	5831	0.101058997214
5831	5830	0.101058997214
5831	5832	0.101058997214
5832	5831	0.101058997214
5832	5833	0.101058997214
5833	5832	0.101058997214
5833	5834	0.101058997214
5834	5833	0.101058997214
5834	5835	0.101058997214
5835	5834	0.101058997214
5835	5836	0.101058997214
5836	5835	0.101058997214
5836	5837	0.101058997214
5837	5836	0.101058997214
5837	5838	0.101058997214
5838	5837	0.101058997214
5838	5839	0.101058997214
5839	5838	0.101058997214
5839	5840	0.101058997214
5840	5839	0.101058997214
5840	5841	0.101058997214
5841	5840	0.101058997214
5841	5842	0.101058997214
5842	5841	0.101058997214
5842	5843	0.101058997214
5843	5842	0.101058997214
5843	5844	0.101058997214
5844	5843	0.101058997214
5844	5845	0.101058997214
5845	5844	0.101058997214
5845	5846	0.101058997214
5846	5845	0.101058997214
5846	5847	0.101058997214
5847	5846	0.101058997214
5847	5848	0.101058997214
5848	5847	0.101058997214
5848	5849	0.101058997214
5849	5848	0.101058997214
5849	5850	0.101058997214
5850	5849	0.101058997214
5850	5851	0.101058997214
5851	5850	0.101058997214
5851	5852	0.101058997214
5852	5851	0.101058997214
5852	5853	0.101058997214
5853	5852	0.101058997214
5853	5854	0.101058997214
5854	5853	0.101058997214
5854	5855	0.101058997214
5855	5854	0.101058997214
5855	5856	0.101058997214
5856	5855	0.101058997214
5856	5857	0.101058997214
5857	5856	0.101058997214
5857	5858	0.101058997214
5858	5857	0.101058997214
5858	5859	0.101058997214
5859	5858	0.101058997214
5859	5860	0.101058997214
5860	5859	0.101058997214
5860	5861	0.101058997214
5861	5860	0.101058997214
5861	5862	0.101058997214
5862	5861	0.101058997214
5862	5863	0.101058997214
5863	5862	0.101058997214
5863	5864	0.101058997214
5864	5863	0.101058997214
5864	5865	0.101058997214
5865	5864	0.101058997214
5865	5866	0.101058997214
5866	5865	0.101058997214
5866	5867	0.101058997214
5867	5866	0.101058997214
5867	5868	0.101058997214
5868	5867	0.101058997214
5869	5613	0.0532315000892
5869	5870	0.0532315000892
5870	5869	0.0532315000892
5870	5871	0.0532315000892
5871	5870	0.0532315000892
5871	5872	0.0532315000892
5872	5871	0.0532315000892
5872	5873	0.0532315000892
5873	5872	0.0532315000892
5873	5874	0.0532315000892
5874	5873	0.0532315000892
5874	5875	0.0532315000892
5875	5874	0.0532315000892
5875	5876	0.0532315000892
5876	5875	0.0532315000892
5876	5877	0.0532315000892
5877	5876	0.0532315000892
5877	5878	0.0532315000892
5878	5877	0.0532315000892
5879	5593	0.0994020029902
5879	5880	0.0994020029902
5880	5879	0.0994020029902
5880	5881	0.0994020029902
5881	5880	0.0994020029902
5881	5882	0.0994020029902
5882	5881	0.0994020029902
5882	5883	0.0994020029902
5883	5882	0.0994020029902
5883	5884	0.0994020029902
5884	5883	0.0994020029902
5884	5885	0.0475085005164
5884	5891	0.0956444963813
5885	5884	0.0475085005164
5885	5886	0.0475085005164
5886	5885	0.0475085005164
5886	5887	0.0475085005164
5887	5886	0.0475085005164
5887	5888	0.0475085005164
5888	5887	0.0475085005164
5888	5889	0.0475085005164
5889	5888	0.0475085005164
5889	5890	0.0475085005164
5890	5889	0.0475085005164
5891	5884	0.0956444963813
5891	5892	0.0956444963813
5892	5891	0.0956444963813
5892	5893	0.0956444963813
5893	5892	0.0956444963813
5893	5894	0.0956444963813
5894	5893	0.0956444963813
5894	5895	0.0956444963813
5895	5894	0.0956444963813
5895	5896	0.0956444963813
5896	5895	0.0956444963813
5896	5897	0.0956444963813
5897	5896	0.0956444963813
5897	5898	0.0956444963813
5898	5897	0.0956444963813
5898	5899	0.0956444963813
5899	5898	0.0956444963813
5899	5900	0.0956444963813
5900	5899	0.0956444963813
5900	5901	0.0956444963813
5901	5900	0.0956444963813
5901	5902	0.0956444963813
5902	5901	0.0956444963813
5902	5903	0.0956444963813
5903	5902	0.0956444963813
5903	5904	0.0956444963813
5904	5903	0.0956444963813
5904	5905	0.0956444963813
5905	5904	0.0956444963813
5905	5906	0.0956444963813
5906	5905	0.0956444963813
5906	5907	0.0956444963813
5907	5906	0.0956444963813
5907	5908	0.0956444963813
5908	5907	0.0956444963813
5908	5909	0.0956444963813
5909	5908	0.0956444963813
5909	5910	0.0718585029244
5909	5933	0.0795750021935
5910	5909	0.0718585029244
5910	5911	0.0718585029244
5911	5910	0.0718585029244
5911	5912	0.0718585029244
5912	5911	0.0718585029244
5912	5913	0.0718585029244
5913	5912	0.0718585029244
5913	5914	0.0718585029244
5914	5913	0.0718585029244
5914	5915	0.0718585029244
5915	5914	0.0718585029244
5915	5916	0.0718585029244
5916	5915	0.0718585029244
5916	5917	0.0718585029244
5917	5916	0.0718585029244
5917	5918	0.0718585029244
5918	5917	0.0718585029244
5918	5919	0.0718585029244
5919	5918	0.0718585029244
5919	5920	0.0718585029244
5920	5919	0.0718585029244
5920	5921	0.0718585029244
5921	5920	0.0718585029244
5921	5922	0.0718585029244
5922	5921	0.0718585029244
5922	5923	0.0718585029244
5923	5922	0.0718585029244
5923	5924	0.0718585029244
5924	5923	0.0718585029244
5924	5925	0.0718585029244
5925	5924	0.0718585029244
5925	5926	0.0718585029244
5926	5925	0.0718585029244
5926	5927	0.0718585029244
5927	5926	0.0718585029244
5927	5928	0.0718585029244
5928	5927	0.0718585029244
5928	5929	0.0718585029244
5929	5928	0.0718585029244
5929	5930	0.0718585029244
5930	5929	0.0718585029244
5930	5931	0.0718585029244
5931	5930	0.0718585029244
5931	5932	0.0718585029244
5932	5931	0.0718585029244
5933	5909	0.0795750021935
5933	5934	0.0795750021935
5934	5933	0.0795750021935
5934	5935	0.0795750021935
5935	5934	0.0795750021935
5935	5936	0.0795750021935
5936	5935	0.0795750021935
5936	5937	0.0795750021935
5937	5936	0.0795750021935
5937	5938	0.0795750021935
5938	5937	0.0795750021935
5938	5939	0.0795750021935
5939	5938	0.0795750021935
5939	5940	0.0795750021935
5940	5939	0.0795750021935
5940	5941	0.0795750021935
5941	5940	0.0795750021935
5941	5942	0.0795750021935
5942	5941	0.0795750021935
5942	5943	0.0795750021935
5943	5942	0.0795750021935
5943	5944	0.0795750021935
5944	5943	0.0795750021935
5944	5945	0.0795750021935
5945	5944	0.0795750021935
5945	5946	0.0795750021935
5946	5945	0.0795750021935
5946	5947	0.0795750021935
5947	5946	0.0795750021935
5947	5948	0.0795750021935
5948	5947	0.0795750021935
5948	5949	0.0795750021935
5949	5948	0.0795750021935
5949	5950	0.0795750021935
5950	5949	0.0795750021935
5950	5951	0.0795750021935
5951	5950	0.0795750021935
5951	5952	0.0795750021935
5952	5951	0.0795750021935
5952	5953	0.0795750021935
5953	5952	0.0795750021935
5953	5954	0.0795750021935
5954	5953	0.0795750021935
5954	5955	0.0795750021935
5955	5954	0.0795750021935
5955	5956	0.0795750021935
5956	5955	0.0795750021935
5956	5957	0.0795750021935
5957	5956	0.0795750021935
5957	5958	0.0795750021935
5958	5957	0.0795750021935
5958	5959	0.0795750021935
5959	5958	0.0795750021935
5959	5960	0.0795750021935
5960	5959	0.0795750021935
5960	5961	0.0795750021935
5961	5960	0.0795750021935
5961	5962	0.0795750021935
5962	5961	0.0795750021935
5962	5963	0.0795750021935
5963	5962	0.0795750021935
5963	5964	0.0795750021935
5964	5963	0.0795750021935
5964	5965	0.0795750021935
5965	5964	0.0795750021935
5965	5966	0.0795750021935
5966	5965	0.0795750021935
5966	5967	0.0795750021935
5967	5966	0.0795750021935
5968	5580	0.0671759992838
5968	5969	0.0671759992838
5969	5968	0.0671759992838
5969	5970	0.0671759992838
5970	5969	0.0671759992838
5970	5971	0.0671759992838
5971	5970	0.0671759992838
5971	5972	0.0671759992838
5972	5971	0.0671759992838
5972	5973	0.0671759992838
5973	5972	0.0671759992838
5973	5974	0.0671759992838
5974	5973	0.0671759992838
5974	5975	0.0671759992838
5975	5974	0.0671759992838
5975	5976	0.0671759992838
5976	5975	0.0671759992838
5976	5977	0.0671759992838
5977	5976	0.0671759992838
5977	5978	0.0671759992838
5978	5977	0.0671759992838
5978	5979	0.0671759992838
5979	5978	0.0671759992838
5979	5980	0.0671759992838
5980	5979	0.0671759992838
5980	5981	0.0671759992838
5981	5980	0.0671759992838
5981	5982	0.0671759992838
5982	5981	0.0671759992838
5982	5983	0.0671759992838
5983	5982	0.0671759992838
5983	5984	0.0671759992838
5984	5983	0.0671759992838
5984	5985	0.0671759992838
5985	5984	0.0671759992838
5985	5986	0.0671759992838
5986	5985	0.0671759992838
5986	5987	0.0671759992838
5987	5986	0.0671759992838
5987	5988	0.0671759992838
5988	5987	0.0671759992838
5988	5989	0.0671759992838
5989	5988	0.0671759992838
5989	5990	0.0671759992838
5990	5989	0.0671759992838
5990	5991	0.0671759992838
5991	5990	0.0671759992838
5991	5992	0.0671759992838
5992	5991	0.0671759992838
5992	5993	0.0671759992838
5993	5992	0.0671759992838
5993	5994	0.0671759992838
5994	5993	0.0671759992838
5994	5995	0.0671759992838
5995	5994	0.0671759992838
5995	5996	0.0671759992838
5996	5995	0.0671759992838
5996	5997	0.0671759992838
5997	5996	0.0671759992838
5997	5998	0.0671759992838
5998	5997	0.0671759992838
5998	5999	0.0671759992838
5999	5998	0.0671759992838
5999	6000	0.0671759992838
6000	5999	0.0671759992838
6000	6001	0.0671759992838
6001	6000	0.0671759992838
6001	6002	0.0671759992838
6002	6001	0.0671759992838
6003	5549	0.067978002131
6003	6004	0.067978002131
6004	6003	0.067978002131
6004	6005	0.067978002131
6005	6004	0.067978002131
6005	6006	0.067978002131
6006	6005	0.067978002131
6006	6007	0.067978002131
6007	6006	0.067978002131
6007	6008	0.067978002131
6008	6007	0.067978002131
6008	6009	0.067978002131
6009	6008	0.067978002131
6009	6010	0.067978002131
6010	6009	0.067978002131
6010	6011	0.067978002131
6011	6010	0.067978002131
6011	6012	0.067978002131
6012	6011	0.067978002131
6012	6013	0.067978002131
6013	6012	0.067978002131
6013	6014	0.067978002131
6014	6013	0.067978002131
6014	6015	0.067978002131
6015	6014	0.067978002131
6015	6016	0.067978002131
6016	6015	0.067978002131
6016	6017	0.067978002131
6017	6016	0.067978002131
6017	6018	0.067978002131
6018	6017	0.067978002131
6018	6019	0.067978002131
6019	6018	0.067978002131
6019	6020	0.067978002131
6020	6019	0.067978002131
6020	6021	0.067978002131
6021	6020	0.067978002131
6021	6022	0.067978002131
6022	6021	0.067978002131
6022	6023	0.067978002131
6023	6022	0.067978002131
6023	6024	0.067978002131
6024	6023	0.067978002131
6024	6025	0.067978002131
6025	6024	0.067978002131
6025	6026	0.067978002131
6026	6025	0.067978002131
6026	6027	0.067978002131
6027	6026	0.067978002131
6027	6028	0.067978002131
6028	6027	0.067978002131
6028	6029	0.067978002131
6029	6028	0.067978002131
6029	6030	0.067978002131
6030	6029	0.067978002131
6030	6031	0.067978002131
6031	6030	0.067978002131
6031	6032	0.067978002131
6032	6031	0.067978002131
6032	6033	0.067978002131
6033	6032	0.067978002131
6033	6034	0.067978002131
6034	6033	0.067978002131
6034	6035	0.067978002131
6035	6034	0.067978002131
6035	6036	0.067978002131
6036	6035	0.067978002131
6036	6037	0.067978002131
6037	6036	0.067978002131
6037	6038	0.067978002131
6038	6037	0.067978002131
6038	6039	0.067978002131
6039	6038	0.067978002131
6039	6040	0.067978002131
6040	6039	0.067978002131
6040	6041	0.067978002131
6041	6040	0.067978002131
6041	6042	0.067978002131
6042	6041	0.067978002131
6042	6043	0.067978002131
6043	6042	0.067978002131
6043	6044	0.067978002131
6044	6043	0.067978002131
6044	6045	0.067978002131
6045	6044	0.067978002131
6045	6046	0.067978002131
6046	6045	0.067978002131
6047	5140	0.0514479987323
6047	6048	0.0514479987323
6048	6047	0.0514479987323
6048	6049	0.0514479987323
6049	6048	0.0514479987323
6049	6050	0.0514479987323
6050	6049	0.0514479987323
6050	6051	0.0514479987323
6051	6050	0.0514479987323
6051	6052	0.0514479987323
6052	6051	0.0514479987323
6052	6053	0.0514479987323
6053	6052	0.0514479987323
6053	6054	0.0514479987323
6054	6053	0.0514479987323
6054	6055	0.0514479987323
6055	6054	0.0514479987323
6055	6056	0.0514479987323
6056	6055	0.0514479987323
6056	6057	0.0514479987323
6057	6056	0.0514479987323
6057	6058	0.0514479987323
6058	6057	0.0514479987323
6058	6059	0.0514479987323
6059	6058	0.0514479987323
6059	6060	0.0514479987323
6060	6059	0.0514479987323
6060	6061	0.0514479987323
6061	6060	0.0514479987323
6061	6062	0.0514479987323
6062	6061	0.0514479987323
6062	6063	0.0514479987323
6063	6062	0.0514479987323
6064	5131	0.058164998889
6064	6065	0.058164998889
6065	6064	0.058164998889
6065	6066	0.058164998889
6066	6065	0.058164998889
6066	6067	0.058164998889
6067	6066	0.058164998889
6067	6068	0.058164998889
6068	6067	0.058164998889
6068	6069	0.058164998889
6069	6068	0.058164998889
6069	6070	0.058164998889
6070	6069	0.058164998889
6070	6071	0.058164998889
6071	6070	0.058164998889
6071	6072	0.058164998889
6072	6071	0.058164998889
6072	6073	0.058164998889
6073	6072	0.058164998889
6073	6074	0.058164998889
6074	6073	0.058164998889
6074	6075	0.058164998889
6075	6074	0.058164998889
6075	6076	0.058164998889
6076	6075	0.058164998889
6076	6077	0.058164998889
6077	6076	0.058164998889
6077	6078	0.058164998889
6078	6077	0.058164998889
6078	6079	0.058164998889
6079	6078	0.058164998889
6079	6080	0.058164998889
6080	6079	0.058164998889
6080	6081	0.058164998889
6081	6080	0.058164998889
6081	6082	0.058164998889
6082	6081	0.058164998889
6082	6083	0.058164998889
6083	6082	0.058164998889
6083	6084	0.058164998889
6084	6083	0.058164998889
6084	6085	0.058164998889
6085	6084	0.058164998889
6085	6086	0.058164998889
6086	6085	0.058164998889
6086	6087	0.058164998889
6087	6086	0.058164998889
6087	6088	0.058164998889
6088	6087	0.058164998889
6088	6089	0.058164998889
6089	6088	0.058164998889
6089	6090	0.058164998889
6090	6089	0.058164998889
6090	6091	0.058164998889
6091	6090	0.058164998889
6091	6092	0.058164998889
6092	6091	0.058164998889
6093	4892	0.0699125006795
6093	6094	0.0699125006795
6094	6093	0.0699125006795
6094	6095	0.0699125006795
6095	6094	0.0699125006795
6095	6096	0.0699125006795
6096	6095	0.0699125006795
6096	6097	0.0699125006795
6097	6096	0.0699125006795
6097	6098	0.0699125006795
6098	6097	0.0699125006795
6098	6099	0.0699125006795
6099	6098	0.0699125006795
6099	6100	0.0423430018127
6099	6107	0.0642959997058
6100	6099	0.0423430018127
6100	6101	0.0423430018127
6101	6100	0.0423430018127
6101	6102	0.0423430018127
6102	6101	0.0423430018127
6102	6103	0.0423430018127
6103	6102	0.0423430018127
6103	6104	0.0423430018127
6104	6103	0.0423430018127
6104	6105	0.0423430018127
6105	6104	0.0423430018127
6105	6106	0.0423430018127
6106	6105	0.0423430018127
6107	6099	0.0642959997058
6107	6108	0.0642959997058
6108	6107	0.0642959997058
6108	6109	0.0642959997058
6109	6108	0.0642959997058
6109	6110	0.0642959997058
6110	6109	0.0642959997058
6110	6111	0.0642959997058
6111	6110	0.0642959997058
6111	6112	0.0642959997058
6112	6111	0.0642959997058
6112	6113	0.0642959997058
6113	6112	0.0642959997058
6113	6114	0.0642959997058
6114	6113	0.0642959997058
6114	6115	0.0642959997058
6115	6114	0.0642959997058
6115	6116	0.0642959997058
6116	6115	0.0642959997058
6116	6117	0.0642959997058
6117	6116	0.0642959997058
6117	6118	0.0642959997058
6118	6117	0.0642959997058
6118	6119	0.0642959997058
6119	6118	0.0642959997058
6119	6120	0.0642959997058
6120	6119	0.0642959997058
6120	6121	0.0642959997058
6121	6120	0.0642959997058
6121	6122	0.0642959997058
6122	6121	0.0642959997058
6122	6123	0.0642959997058
6123	6122	0.0642959997058
6123	6124	0.0642959997058
6124	6123	0.0642959997058
6124	6125	0.0642959997058
6125	6124	0.0642959997058
6125	6126	0.0642959997058
6126	6125	0.0642959997058
6126	6127	0.0642959997058
6127	6126	0.0642959997058
6127	6128	0.0642959997058
6128	6127	0.0642959997058
6128	6129	0.0642959997058
6129	6128	0.0642959997058
6129	6130	0.0642959997058
6130	6129	0.0642959997058
6130	6131	0.0642959997058
6131	6130	0.0642959997058
6131	6132	0.0642959997058
6132	6131	0.0642959997058
6132	6133	0.0642959997058
6133	6132	0.0642959997058
6133	6134	0.0642959997058
6134	6133	0.0642959997058
6134	6135	0.0642959997058
6135	6134	0.0642959997058
6135	6136	0.0642959997058
6136	6135	0.0642959997058
6136	6137	0.0642959997058
6137	6136	0.0642959997058
6137	6138	0.0642959997058
6138	6137	0.0642959997058
6138	6139	0.0642959997058
6139	6138	0.0642959997058
6139	6140	0.0642959997058
6140	6139	0.0642959997058
6140	6141	0.0642959997058
6141	6140	0.0642959997058
6141	6142	0.0642959997058
6142	6141	0.0642959997058
6142	6143	0.0642959997058
6143	6142	0.0642959997058
6143	6144	0.0642959997058
6144	6143	0.0642959997058
6145	4885	0.0720044970512
6145	6146	0.0720044970512
6146	6145	0.0720044970512
6146	6147	0.0720044970512
6147	6146	0.0720044970512
6147	6148	0.0720044970512
6148	6147	0.0720044970512
6148	6149	0.0720044970512
6149	6148	0.0720044970512
6149	6150	0.0720044970512
6150	6149	0.0720044970512
6150	6151	0.0720044970512
6151	6150	0.0720044970512
6151	6152	0.0720044970512
6152	6151	0.0720044970512
6152	6153	0.0720044970512
6153	6152	0.0720044970512
6153	6154	0.0720044970512
6154	6153	0.0720044970512
6154	6155	0.0720044970512
6155	6154	0.0720044970512
6155	6156	0.0720044970512
6156	6155	0.0720044970512
6156	6157	0.0720044970512
6157	6156	0.0720044970512
6157	6158	0.0720044970512
6158	6157	0.0720044970512
6158	6159	0.0720044970512
6159	6158	0.0720044970512
6159	6160	0.0720044970512
6160	6159	0.0720044970512
6160	6161	0.0720044970512
6161	6160	0.0720044970512
6161	6162	0.0720044970512
6162	6161	0.0720044970512
6162	6163	0.0451020002365
6162	6169	0.0655435025692
6163	6162	0.0451020002365
6163	6164	0.0451020002365
6164	6163	0.0451020002365
6164	6165	0.0451020002365
6165	6164	0.0451020002365
6165	6166	0.0451020002365
6166	6165	0.0451020002365
6166	6167	0.0451020002365
6167	6166	0.0451020002365
6167	6168	0.0451020002365
6168	6167	0.0451020002365
6169	6162	0.0655435025692
6169	6170	0.0655435025692
6170	6169	0.0655435025692
6170	6171	0.0655435025692
6171	6170	0.0655435025692
6171	6172	0.0655435025692
6172	6171	0.0655435025692
6172	6173	0.0655435025692
6173	6172	0.0655435025692
6173	6174	0.0655435025692
6174	6173	0.0655435025692
6174	6175	0.0655435025692
6175	6174	0.0655435025692
6175	6176	0.0655435025692
6176	6175	0.0655435025692
6176	6177	0.0655435025692
6177	6176	0.0655435025692
6177	6178	0.0655435025692
6178	6177	0.0655435025692
6178	6179	0.0655435025692
6179	6178	0.0655435025692
6179	6180	0.0655435025692
6180	6179	0.0655435025692
6180	6181	0.0655435025692
6181	6180	0.0655435025692
6181	6182	0.0655435025692
6182	6181	0.0655435025692
6182	6183	0.0655435025692
6183	6182	0.0655435025692
6183	6184	0.0655435025692
6184	6183	0.0655435025692
6184	6185	0.0655435025692
6185	6184	0.0655435025692
6185	6186	0.0655435025692
6186	6185	0.0655435025692
6186	6187	0.0655435025692
6187	6186	0.0655435025692
6187	6188	0.0655435025692
6188	6187	0.0655435025692
6188	6189	0.0655435025692
6189	6188	0.0655435025692
6189	6190	0.0655435025692
6190	6189	0.0655435025692
6190	6191	0.0655435025692
6191	6190	0.0655435025692
6191	6192	0.0655435025692
6192	6191	0.0655435025692
6192	6193	0.0655435025692
6193	6192	0.0655435025692
6193	6194	0.0655435025692
6194	6193	0.0655435025692
6194	6195	0.0655435025692
6195	6194	0.0655435025692
6195	6196	0.0655435025692
6196	6195	0.0655435025692
6196	6197	0.0655435025692
6197	6196	0.0655435025692
6197	6198	0.0655435025692
6198	6197	0.0655435025692
6199	4753	0.0448885001242
6199	6200	0.0448885001242
6200	6199	0.0448885001242
6200	6201	0.0448885001242
6201	6200	0.0448885001242
6201	6202	0.0448885001242
6202	6201	0.0448885001242
6202	6203	0.0448885001242
6203	6202	0.0448885001242
6203	6204	0.0448885001242
6204	6203	0.0448885001242
6204	6205	0.0448885001242
6205	6204	0.0448885001242
6205	6206	0.0448885001242
6206	6205	0.0448885001242
6206	6207	0.0448885001242
6207	6206	0.0448885001242
6207	6208	0.0448885001242
6208	6207	0.0448885001242
6208	6209	0.0448885001242
6209	6208	0.0448885001242
6209	6210	0.0448885001242
6210	6209	0.0448885001242
6210	6211	0.0448885001242
6211	6210	0.0448885001242
6211	6212	0.0448885001242
6212	6211	0.0448885001242
6213	4741	0.0600639991462
6213	6214	0.0600639991462
6214	6213	0.0600639991462
6214	6215	0.0600639991462
6215	6214	0.0600639991462
6215	6216	0.0600639991462
6216	6215	0.0600639991462
6216	6217	0.0600639991462
6217	6216	0.0600639991462
6217	6218	0.0600639991462
6218	6217	0.0600639991462
6218	6219	0.0600639991462
6219	6218	0.0600639991462
6219	6220	0.0600639991462
6220	6219	0.0600639991462
6220	6221	0.0600639991462
6221	6220	0.0600639991462
6221	6222	0.0600639991462
6222	6221	0.0600639991462
6222	6223	0.0600639991462
6223	6222	0.0600639991462
6223	6224	0.0600639991462
6224	6223	0.0600639991462
6224	6225	0.0600639991462
6225	6224	0.0600639991462
6225	6226	0.0600639991462
6226	6225	0.0600639991462
6226	6227	0.0600639991462
6227	6226	0.0600639991462
6227	6228	0.0600639991462
6228	6227	0.0600639991462
6228	6229	0.0600639991462
6229	6228	0.0600639991462
6229	6230	0.0600639991462
6230	6229	0.0600639991462
6230	6231	0.0600639991462
6231	6230	0.0600639991462
6231	6232	0.0600639991462
6232	6231	0.0600639991462
6232	6233	0.0600639991462
6233	6232	0.0600639991462
6233	6234	0.0600639991462
6234	6233	0.0600639991462
6234	6235	0.0600639991462
6235	6234	0.0600639991462
6235	6236	0.0600639991462
6236	6235	0.0600639991462
6236	6237	0.0600639991462
6237	6236	0.0600639991462
6237	6238	0.0600639991462
6238	6237	0.0600639991462
6238	6239	0.0600639991462
6239	6238	0.0600639991462
6239	6240	0.0600639991462
6240	6239	0.0600639991462
6240	6241	0.0600639991462
6241	6240	0.0600639991462
6241	6242	0.0600639991462
6242	6241	0.0600639991462
6242	6243	0.0600639991462
6243	6242	0.0600639991462
6243	6244	0.0600639991462
6244	6243	0.0600639991462
6244	6245	0.0600639991462
6245	6244	0.0600639991462
6245	6246	0.0600639991462
6246	6245	0.0600639991462
6246	6247	0.0600639991462
6247	6246	0.0600639991462
6247	6248	0.0600639991462
6248	6247	0.0600639991462
6248	6249	0.0600639991462
6249	6248	0.0600639991462
6249	6250	0.0600639991462
6250	6249	0.0600639991462
6250	6251	0.0600639991462
6251	6250	0.0600639991462
6251	6252	0.0600639991462
6252	6251	0.0600639991462
6252	6253	0.0600639991462
6253	6252	0.0600639991462
6253	6254	0.0600639991462
6254	6253	0.0600639991462
6254	6255	0.0600639991462
6255	6254	0.0600639991462
6255	6256	0.0600639991462
6256	6255	0.0600639991462
6256	6257	0.0600639991462
6257	6256	0.0600639991462
6257	6258	0.0600639991462
6258	6257	0.0600639991462
6258	6259	0.0600639991462
6259	6258	0.0600639991462
6259	6260	0.0600639991462
6260	6259	0.0600639991462
6261	4650	0.186136007309
6261	6262	0.186136007309
6262	6261	0.186136007309
6262	6263	0.186136007309
6263	6262	0.186136007309
6263	6264	0.186136007309
6264	6263	0.186136007309
6264	6265	0.186136007309
6265	6264	0.186136007309
6265	6266	0.186136007309
6266	6265	0.186136007309
6266	6267	0.186136007309
6267	6266	0.186136007309
6267	6268	0.186136007309
6268	6267	0.186136007309
6268	6269	0.186136007309
6269	6268	0.186136007309
6269	6270	0.186136007309
6270	6269	0.186136007309
6270	6271	0.186136007309
6271	6270	0.186136007309
6271	6272	0.186136007309
6272	6271	0.186136007309
6272	6273	0.186136007309
6273	6272	0.186136007309
6273	6274	0.181379497051
6273	7114	0.078399002552
6274	6273	0.181379497051
6274	6275	0.181379497051
6275	6274	0.181379497051
6275	6276	0.181379497051
6276	6275	0.181379497051
6276	6277	0.181379497051
6277	6276	0.181379497051
6277	6278	0.181379497051
6278	6277	0.181379497051
6278	6279	0.181379497051
6279	6278	0.181379497051
6279	6280	0.181379497051
6280	6279	0.181379497051
6280	6281	0.181379497051
6281	6280	0.181379497051
6281	6282	0.181379497051
6282	6281	0.181379497051
6282	6283	0.181379497051
6283	6282	0.181379497051
6283	6284	0.181379497051
6284	6283	0.181379497051
6284	6285	0.181379497051
6285	6284	0.181379497051
6285	6286	0.181379497051
6286	6285	0.181379497051
6286	6287	0.179873496294
6286	7083	0.052825499326
6287	6286	0.179873496294
6287	6288	0.179873496294
6288	6287	0.179873496294
6288	6289	0.179873496294
6289	6288	0.179873496294
6289	6290	0.179873496294
6290	6289	0.179873496294
6290	6291	0.179873496294
6291	6290	0.179873496294
6291	6292	0.179873496294
6292	6291	0.179873496294
6292	6293	0.179873496294
6293	6292	0.179873496294
6293	6294	0.179873496294
6294	6293	0.179873496294
6294	6295	0.179873496294
6295	6294	0.179873496294
6295	6296	0.179873496294
6296	6295	0.179873496294
6296	6297	0.179873496294
6297	6296	0.179873496294
6297	6298	0.179873496294
6298	6297	0.179873496294
6298	6299	0.179873496294
6299	6298	0.179873496294
6299	6300	0.0481549985707
6299	6320	0.178715497255
6300	6299	0.0481549985707
6300	6301	0.0481549985707
6301	6300	0.0481549985707
6301	6302	0.0481549985707
6302	6301	0.0481549985707
6302	6303	0.0481549985707
6303	6302	0.0481549985707
6303	6304	0.0481549985707
6304	6303	0.0481549985707
6304	6305	0.0481549985707
6305	6304	0.0481549985707
6305	6306	0.0481549985707
6306	6305	0.0481549985707
6306	6307	0.0481549985707
6307	6306	0.0481549985707
6307	6308	0.0481549985707
6308	6307	0.0481549985707
6308	6309	0.0481549985707
6309	6308	0.0481549985707
6309	6310	0.0481549985707
6310	6309	0.0481549985707
6310	6311	0.0481549985707
6311	6310	0.0481549985707
6311	6312	0.0481549985707
6312	6311	0.0481549985707
6312	6313	0.0481549985707
6313	6312	0.0481549985707
6313	6314	0.0481549985707
6314	6313	0.0481549985707
6314	6315	0.0481549985707
6315	6314	0.0481549985707
6315	6316	0.0481549985707
6316	6315	0.0481549985707
6316	6317	0.0481549985707
6317	6316	0.0481549985707
6317	6318	0.0481549985707
6318	6317	0.0481549985707
6318	6319	0.0481549985707
6319	6318	0.0481549985707
6320	6299	0.178715497255
6320	6321	0.178715497255
6321	6320	0.178715497255
6321	6322	0.178715497255
6322	6321	0.178715497255
6322	6323	0.178715497255
6323	6322	0.178715497255
6323	6324	0.178715497255
6324	6323	0.178715497255
6324	6325	0.178715497255
6325	6324	0.178715497255
6325	6326	0.178715497255
6326	6325	0.178715497255
6326	6327	0.178715497255
6327	6326	0.178715497255
6327	6328	0.178715497255
6328	6327	0.178715497255
6328	6329	0.178715497255
6329	6328	0.178715497255
6329	6330	0.178715497255
6330	6329	0.178715497255
6330	6331	0.178715497255
6331	6330	0.178715497255
6331	6332	0.178715497255
6332	6331	0.178715497255
6332	6333	0.165011495352
6332	6888	0.106705002487
6333	6332	0.165011495352
6333	6334	0.165011495352
6334	6333	0.165011495352
6334	6335	0.165011495352
6335	6334	0.165011495352
6335	6336	0.165011495352
6336	6335	0.165011495352
6336	6337	0.165011495352
6337	6336	0.165011495352
6337	6338	0.165011495352
6338	6337	0.165011495352
6338	6339	0.165011495352
6339	6338	0.165011495352
6339	6340	0.165011495352
6340	6339	0.165011495352
6340	6341	0.165011495352
6341	6340	0.165011495352
6341	6342	0.165011495352
6342	6341	0.165011495352
6342	6343	0.165011495352
6343	6342	0.165011495352
6343	6344	0.165011495352
6344	6343	0.165011495352
6344	6345	0.165011495352
6345	6344	0.165011495352
6345	6346	0.165011495352
6346	6345	0.165011495352
6346	6347	0.165011495352
6347	6346	0.165011495352
6347	6348	0.165011495352
6348	6347	0.165011495352
6348	6349	0.165011495352
6349	6348	0.165011495352
6349	6350	0.165011495352
6350	6349	0.165011495352
6350	6351	0.165011495352
6351	6350	0.165011495352
6351	6352	0.165011495352
6352	6351	0.165011495352
6352	6353	0.0524390004575
6352	6376	0.163227006793
6353	6352	0.0524390004575
6353	6354	0.0524390004575
6354	6353	0.0524390004575
6354	6355	0.0524390004575
6355	6354	0.0524390004575
6355	6356	0.0524390004575
6356	6355	0.0524390004575
6356	6357	0.0524390004575
6357	6356	0.0524390004575
6357	6358	0.0524390004575
6358	6357	0.0524390004575
6358	6359	0.0524390004575
6359	6358	0.0524390004575
6359	6360	0.0524390004575
6360	6359	0.0524390004575
6360	6361	0.0524390004575
6361	6360	0.0524390004575
6361	6362	0.0524390004575
6362	6361	0.0524390004575
6362	6363	0.0524390004575
6363	6362	0.0524390004575
6363	6364	0.0524390004575
6364	6363	0.0524390004575
6364	6365	0.0524390004575
6365	6364	0.0524390004575
6365	6366	0.0524390004575
6366	6365	0.0524390004575
6366	6367	0.0524390004575
6367	6366	0.0524390004575
6367	6368	0.0524390004575
6368	6367	0.0524390004575
6368	6369	0.0524390004575
6369	6368	0.0524390004575
6369	6370	0.0524390004575
6370	6369	0.0524390004575
6370	6371	0.0524390004575
6371	6370	0.0524390004575
6371	6372	0.0524390004575
6372	6371	0.0524390004575
6372	6373	0.0524390004575
6373	6372	0.0524390004575
6373	6374	0.0524390004575
6374	6373	0.0524390004575
6374	6375	0.0524390004575
6375	6374	0.0524390004575
6376	6352	0.163227006793
6376	6377	0.163227006793
6377	6376	0.163227006793
6377	6378	0.163227006793
6378	6377	0.163227006793
6378	6379	0.163227006793
6379	6378	0.163227006793
6379	6380	0.163227006793
6380	6379	0.163227006793
6380	6381	0.163227006793
6381	6380	0.163227006793
6381	6382	0.163227006793
6382	6381	0.163227006793
6382	6383	0.163227006793
6383	6382	0.163227006793
6383	6384	0.163227006793
6384	6383	0.163227006793
6384	6385	0.163227006793
6385	6384	0.163227006793
6385	6386	0.163227006793
6386	6385	0.163227006793
6386	6387	0.163227006793
6387	6386	0.163227006793
6387	6388	0.163227006793
6388	6387	0.163227006793
6388	6389	0.163227006793
6389	6388	0.163227006793
6389	6390	0.163227006793
6390	6389	0.163227006793
6390	6391	0.163227006793
6391	6390	0.163227006793
6391	6392	0.163227006793
6392	6391	0.163227006793
6392	6393	0.163227006793
6393	6392	0.163227006793
6393	6394	0.163227006793
6394	6393	0.163227006793
6394	6395	0.163227006793
6395	6394	0.163227006793
6395	6396	0.0518474988639
6395	6416	0.161464497447
6396	6395	0.0518474988639
6396	6397	0.0518474988639
6397	6396	0.0518474988639
6397	6398	0.0518474988639
6398	6397	0.0518474988639
6398	6399	0.0518474988639
6399	6398	0.0518474988639
6399	6400	0.0518474988639
6400	6399	0.0518474988639
6400	6401	0.0518474988639
6401	6400	0.0518474988639
6401	6402	0.0518474988639
6402	6401	0.0518474988639
6402	6403	0.0518474988639
6403	6402	0.0518474988639
6403	6404	0.0518474988639
6404	6403	0.0518474988639
6404	6405	0.0518474988639
6405	6404	0.0518474988639
6405	6406	0.0518474988639
6406	6405	0.0518474988639
6406	6407	0.0518474988639
6407	6406	0.0518474988639
6407	6408	0.0518474988639
6408	6407	0.0518474988639
6408	6409	0.0518474988639
6409	6408	0.0518474988639
6409	6410	0.0518474988639
6410	6409	0.0518474988639
6410	6411	0.0518474988639
6411	6410	0.0518474988639
6411	6412	0.0518474988639
6412	6411	0.0518474988639
6412	6413	0.0518474988639
6413	6412	0.0518474988639
6413	6414	0.0518474988639
6414	6413	0.0518474988639
6414	6415	0.0518474988639
6415	6414	0.0518474988639
6416	6395	0.161464497447
6416	6417	0.161464497447
6417	6416	0.161464497447
6417	6418	0.161464497447
6418	6417	0.161464497447
6418	6419	0.161464497447
6419	6418	0.161464497447
6419	6420	0.161464497447
6420	6419	0.161464497447
6420	6421	0.161464497447
6421	6420	0.161464497447
6421	6422	0.161464497447
6422	6421	0.161464497447
6422	6423	0.161464497447
6423	6422	0.161464497447
6423	6424	0.158415004611
6423	6850	0.0616245009005
6424	6423	0.158415004611
6424	6425	0.158415004611
6425	6424	0.158415004611
6425	6426	0.158415004611
6426	6425	0.158415004611
6426	6427	0.158415004611
6427	6426	0.158415004611
6427	6428	0.158415004611
6428	6427	0.158415004611
6428	6429	0.158415004611
6429	6428	0.158415004611
6429	6430	0.158415004611
6430	6429	0.158415004611
6430	6431	0.158415004611
6431	6430	0.158415004611
6431	6432	0.154713496566
6431	6807	0.0648104995489
6432	6431	0.154713496566
6432	6433	0.154713496566
6433	6432	0.154713496566
6433	6434	0.154713496566
6434	6433	0.154713496566
6434	6435	0.154713496566
6435	6434	0.154713496566
6435	6436	0.154713496566
6436	6435	0.154713496566
6436	6437	0.154713496566
6437	6436	0.154713496566
6437	6438	0.154713496566
6438	6437	0.154713496566
6438	6439	0.154713496566
6439	6438	0.154713496566
6439	6440	0.154713496566
6440	6439	0.154713496566
6440	6441	0.154713496566
6441	6440	0.154713496566
6441	6442	0.154713496566
6442	6441	0.154713496566
6442	6443	0.154713496566
6443	6442	0.154713496566
6443	6444	0.154713496566
6444	6443	0.154713496566
6444	6445	0.154713496566
6445	6444	0.154713496566
6445	6446	0.154713496566
6446	6445	0.154713496566
6446	6447	0.154713496566
6447	6446	0.154713496566
6447	6448	0.154713496566
6448	6447	0.154713496566
6448	6449	0.153265997767
6448	6797	0.0468714982271
6449	6448	0.153265997767
6449	6450	0.153265997767
6450	6449	0.153265997767
6450	6451	0.153265997767
6451	6450	0.153265997767
6451	6452	0.153265997767
6452	6451	0.153265997767
6452	6453	0.153265997767
6453	6452	0.153265997767
6453	6454	0.153265997767
6454	6453	0.153265997767
6454	6455	0.153265997767
6455	6454	0.153265997767
6455	6456	0.153265997767
6456	6455	0.153265997767
6456	6457	0.153265997767
6457	6456	0.153265997767
6457	6458	0.153265997767
6458	6457	0.153265997767
6458	6459	0.153265997767
6459	6458	0.153265997767
6459	6460	0.153265997767
6460	6459	0.153265997767
6460	6461	0.061659000814
6460	6489	0.149864494801
6461	6460	0.061659000814
6461	6462	0.061659000814
6462	6461	0.061659000814
6462	6463	0.061659000814
6463	6462	0.061659000814
6463	6464	0.061659000814
6464	6463	0.061659000814
6464	6465	0.061659000814
6465	6464	0.061659000814
6465	6466	0.061659000814
6466	6465	0.061659000814
6466	6467	0.061659000814
6467	6466	0.061659000814
6467	6468	0.061659000814
6468	6467	0.061659000814
6468	6469	0.061659000814
6469	6468	0.061659000814
6469	6470	0.061659000814
6470	6469	0.061659000814
6470	6471	0.061659000814
6471	6470	0.061659000814
6471	6472	0.061659000814
6472	6471	0.061659000814
6472	6473	0.061659000814
6473	6472	0.061659000814
6473	6474	0.061659000814
6474	6473	0.061659000814
6474	6475	0.061659000814
6475	6474	0.061659000814
6475	6476	0.061659000814
6476	6475	0.061659000814
6476	6477	0.061659000814
6477	6476	0.061659000814
6477	6478	0.061659000814
6478	6477	0.061659000814
6478	6479	0.061659000814
6479	6478	0.061659000814
6479	6480	0.061659000814
6480	6479	0.061659000814
6480	6481	0.061659000814
6481	6480	0.061659000814
6481	6482	0.061659000814
6482	6481	0.061659000814
6482	6483	0.061659000814
6483	6482	0.061659000814
6483	6484	0.061659000814
6484	6483	0.061659000814
6484	6485	0.061659000814
6485	6484	0.061659000814
6485	6486	0.061659000814
6486	6485	0.061659000814
6486	6487	0.061659000814
6487	6486	0.061659000814
6487	6488	0.061659000814
6488	6487	0.061659000814
6489	6460	0.149864494801
6489	6490	0.149864494801
6490	6489	0.149864494801
6490	6491	0.149864494801
6491	6490	0.149864494801
6491	6492	0.149864494801
6492	6491	0.149864494801
6492	6493	0.149864494801
6493	6492	0.149864494801
6493	6494	0.149864494801
6494	6493	0.149864494801
6494	6495	0.149864494801
6495	6494	0.149864494801
6495	6496	0.149864494801
6496	6495	0.149864494801
6496	6497	0.149864494801
6497	6496	0.149864494801
6497	6498	0.149864494801
6498	6497	0.149864494801
6498	6499	0.149864494801
6499	6498	0.149864494801
6499	6500	0.149864494801
6500	6499	0.149864494801
6500	6501	0.0603929981589
6500	6524	0.146521002054
6501	6500	0.0603929981589
6501	6502	0.0603929981589
6502	6501	0.0603929981589
6502	6503	0.0603929981589
6503	6502	0.0603929981589
6503	6504	0.0603929981589
6504	6503	0.0603929981589
6504	6505	0.0603929981589
6505	6504	0.0603929981589
6505	6506	0.0603929981589
6506	6505	0.0603929981589
6506	6507	0.0603929981589
6507	6506	0.0603929981589
6507	6508	0.0603929981589
6508	6507	0.0603929981589
6508	6509	0.0603929981589
6509	6508	0.0603929981589
6509	6510	0.0603929981589
6510	6509	0.0603929981589
6510	6511	0.0603929981589
6511	6510	0.0603929981589
6511	6512	0.0603929981589
6512	6511	0.0603929981589
6512	6513	0.0603929981589
6513	6512	0.0603929981589
6513	6514	0.0603929981589
6514	6513	0.0603929981589
6514	6515	0.0603929981589
6515	6514	0.0603929981589
6515	6516	0.0603929981589
6516	6515	0.0603929981589
6516	6517	0.0603929981589
6517	6516	0.0603929981589
6517	6518	0.0603929981589
6518	6517	0.0603929981589
6518	6519	0.0603929981589
6519	6518	0.0603929981589
6519	6520	0.0603929981589
6520	6519	0.0603929981589
6520	6521	0.0603929981589
6521	6520	0.0603929981589
6521	6522	0.0603929981589
6522	6521	0.0603929981589
6522	6523	0.0603929981589
6523	6522	0.0603929981589
6524	6500	0.146521002054
6524	6525	0.146521002054
6525	6524	0.146521002054
6525	6526	0.146521002054
6526	6525	0.146521002054
6526	6527	0.146521002054
6527	6526	0.146521002054
6527	6528	0.146521002054
6528	6527	0.146521002054
6528	6529	0.146521002054
6529	6528	0.146521002054
6529	6530	0.146521002054
6530	6529	0.146521002054
6530	6531	0.146521002054
6531	6530	0.146521002054
6531	6532	0.146521002054
6532	6531	0.146521002054
6532	6533	0.146521002054
6533	6532	0.146521002054
6533	6534	0.146521002054
6534	6533	0.146521002054
6534	6535	0.146521002054
6535	6534	0.146521002054
6535	6536	0.146521002054
6536	6535	0.146521002054
6536	6537	0.146521002054
6537	6536	0.146521002054
6537	6538	0.146521002054
6538	6537	0.146521002054
6538	6539	0.146521002054
6539	6538	0.146521002054
6539	6540	0.146521002054
6540	6539	0.146521002054
6540	6541	0.146521002054
6541	6540	0.146521002054
6541	6542	0.146521002054
6542	6541	0.146521002054
6542	6543	0.144126996398
6542	6785	0.0533334985375
6543	6542	0.144126996398
6543	6544	0.144126996398
6544	6543	0.144126996398
6544	6545	0.144126996398
6545	6544	0.144126996398
6545	6546	0.144126996398
6546	6545	0.144126996398
6546	6547	0.144126996398
6547	6546	0.144126996398
6547	6548	0.144126996398
6548	6547	0.144126996398
6548	6549	0.144126996398
6549	6548	0.144126996398
6549	6550	0.070271499455
6549	6583	0.138328492641
6550	6549	0.070271499455
6550	6551	0.070271499455
6551	6550	0.070271499455
6551	6552	0.070271499455
6552	6551	0.070271499455
6552	6553	0.070271499455
6553	6552	0.070271499455
6553	6554	0.070271499455
6554	6553	0.070271499455
6554	6555	0.070271499455
6555	6554	0.070271499455
6555	6556	0.070271499455
6556	6555	0.070271499455
6556	6557	0.070271499455
6557	6556	0.070271499455
6557	6558	0.070271499455
6558	6557	0.070271499455
6558	6559	0.070271499455
6559	6558	0.070271499455
6559	6560	0.070271499455
6560	6559	0.070271499455
6560	6561	0.070271499455
6561	6560	0.070271499455
6561	6562	0.070271499455
6562	6561	0.070271499455
6562	6563	0.070271499455
6563	6562	0.070271499455
6563	6564	0.070271499455
6564	6563	0.070271499455
6564	6565	0.070271499455
6565	6564	0.070271499455
6565	6566	0.070271499455
6566	6565	0.070271499455
6566	6567	0.070271499455
6567	6566	0.070271499455
6567	6568	0.070271499455
6568	6567	0.070271499455
6568	6569	0.070271499455
6569	6568	0.070271499455
6569	6570	0.070271499455
6570	6569	0.070271499455
6570	6571	0.070271499455
6571	6570	0.070271499455
6571	6572	0.070271499455
6572	6571	0.070271499455
6572	6573	0.070271499455
6573	6572	0.070271499455
6573	6574	0.070271499455
6574	6573	0.070271499455
6574	6575	0.070271499455
6575	6574	0.070271499455
6575	6576	0.070271499455
6576	6575	0.070271499455
6576	6577	0.070271499455
6577	6576	0.070271499455
6577	6578	0.070271499455
6578	6577	0.070271499455
6578	6579	0.070271499455
6579	6578	0.070271499455
6579	6580	0.070271499455
6580	6579	0.070271499455
6580	6581	0.070271499455
6581	6580	0.070271499455
6581	6582	0.070271499455
6582	6581	0.070271499455
6583	6549	0.138328492641
6583	6584	0.138328492641
6584	6583	0.138328492641
6584	6585	0.138328492641
6585	6584	0.138328492641
6585	6586	0.138328492641
6586	6585	0.138328492641
6586	6587	0.138328492641
6587	6586	0.138328492641
6587	6588	0.138328492641
6588	6587	0.138328492641
6588	6589	0.138328492641
6589	6588	0.138328492641
6589	6590	0.0744329988956
6589	6628	0.130735501647
6590	6589	0.0744329988956
6590	6591	0.0744329988956
6591	6590	0.0744329988956
6591	6592	0.0744329988956
6592	6591	0.0744329988956
6592	6593	0.0744329988956
6593	6592	0.0744329988956
6593	6594	0.0744329988956
6594	6593	0.0744329988956
6594	6595	0.0744329988956
6595	6594	0.0744329988956
6595	6596	0.0744329988956
6596	6595	0.0744329988956
6596	6597	0.0744329988956
6597	6596	0.0744329988956
6597	6598	0.0744329988956
6598	6597	0.0744329988956
6598	6599	0.0744329988956
6599	6598	0.0744329988956
6599	6600	0.0744329988956
6600	6599	0.0744329988956
6600	6601	0.0744329988956
6601	6600	0.0744329988956
6601	6602	0.0744329988956
6602	6601	0.0744329988956
6602	6603	0.0744329988956
6603	6602	0.0744329988956
6603	6604	0.0744329988956
6604	6603	0.0744329988956
6604	6605	0.0744329988956
6605	6604	0.0744329988956
6605	6606	0.0744329988956
6606	6605	0.0744329988956
6606	6607	0.0744329988956
6607	6606	0.0744329988956
6607	6608	0.0744329988956
6608	6607	0.0744329988956
6608	6609	0.0744329988956
6609	6608	0.0744329988956
6609	6610	0.0744329988956
6610	6609	0.0744329988956
6610	6611	0.0744329988956
6611	6610	0.0744329988956
6611	6612	0.0744329988956
6612	6611	0.0744329988956
6612	6613	0.0744329988956
6613	6612	0.0744329988956
6613	6614	0.0744329988956
6614	6613	0.0744329988956
6614	6615	0.0744329988956
6615	6614	0.0744329988956
6615	6616	0.0744329988956
6616	6615	0.0744329988956
6616	6617	0.0744329988956
6617	6616	0.0744329988956
6617	6618	0.0744329988956
6618	6617	0.0744329988956
6618	6619	0.0744329988956
6619	6618	0.0744329988956
6619	6620	0.0744329988956
6620	6619	0.0744329988956
6620	6621	0.0744329988956
6621	6620	0.0744329988956
6621	6622	0.0744329988956
6622	6621	0.0744329988956
6622	6623	0.0744329988956
6623	6622	0.0744329988956
6623	6624	0.0744329988956
6624	6623	0.0744329988956
6624	6625	0.0744329988956
6625	6624	0.0744329988956
6625	6626	0.0744329988956
6626	6625	0.0744329988956
6626	6627	0.0744329988956
6627	6626	0.0744329988956
6628	6589	0.130735501647
6628	6629	0.130735501647
6629	6628	0.130735501647
6629	6630	0.130735501647
6630	6629	0.130735501647
6630	6631	0.130735501647
6631	6630	0.130735501647
6631	6632	0.130735501647
6632	6631	0.130735501647
6632	6633	0.130735501647
6633	6632	0.130735501647
6633	6634	0.130735501647
6634	6633	0.130735501647
6634	6635	0.130735501647
6635	6634	0.130735501647
6635	6636	0.130735501647
6636	6635	0.130735501647
6636	6637	0.130735501647
6637	6636	0.130735501647
6637	6638	0.130735501647
6638	6637	0.130735501647
6638	6639	0.130735501647
6639	6638	0.130735501647
6639	6640	0.130735501647
6640	6639	0.130735501647
6640	6641	0.130735501647
6641	6640	0.130735501647
6641	6642	0.130735501647
6642	6641	0.130735501647
6642	6643	0.130735501647
6643	6642	0.130735501647
6643	6644	0.130735501647
6644	6643	0.130735501647
6644	6645	0.130735501647
6645	6644	0.130735501647
6645	6646	0.130735501647
6646	6645	0.130735501647
6646	6647	0.130735501647
6647	6646	0.130735501647
6647	6648	0.130735501647
6648	6647	0.130735501647
6648	6649	0.130735501647
6649	6648	0.130735501647
6649	6650	0.130735501647
6650	6649	0.130735501647
6650	6651	0.130735501647
6651	6650	0.130735501647
6651	6652	0.130735501647
6652	6651	0.130735501647
6652	6653	0.130735501647
6653	6652	0.130735501647
6653	6654	0.130735501647
6654	6653	0.130735501647
6654	6655	0.130735501647
6655	6654	0.130735501647
6655	6656	0.130735501647
6656	6655	0.130735501647
6656	6657	0.130735501647
6657	6656	0.130735501647
6657	6658	0.130735501647
6658	6657	0.130735501647
6658	6659	0.130735501647
6659	6658	0.130735501647
6659	6660	0.130735501647
6660	6659	0.130735501647
6660	6661	0.130735501647
6661	6660	0.130735501647
6661	6662	0.130735501647
6662	6661	0.130735501647
6662	6663	0.130735501647
6663	6662	0.130735501647
6663	6664	0.0756554976106
6663	6689	0.12167699635
6664	6663	0.0756554976106
6664	6665	0.0756554976106
6665	6664	0.0756554976106
6665	6666	0.0756554976106
6666	6665	0.0756554976106
6666	6667	0.0756554976106
6667	6666	0.0756554976106
6667	6668	0.0756554976106
6668	6667	0.0756554976106
6668	6669	0.0756554976106
6669	6668	0.0756554976106
6669	6670	0.0756554976106
6670	6669	0.0756554976106
6670	6671	0.0756554976106
6671	6670	0.0756554976106
6671	6672	0.0756554976106
6672	6671	0.0756554976106
6672	6673	0.0756554976106
6673	6672	0.0756554976106
6673	6674	0.0756554976106
6674	6673	0.0756554976106
6674	6675	0.0756554976106
6675	6674	0.0756554976106
6675	6676	0.0756554976106
6676	6675	0.0756554976106
6676	6677	0.0756554976106
6677	6676	0.0756554976106
6677	6678	0.0756554976106
6678	6677	0.0756554976106
6678	6679	0.0756554976106
6679	6678	0.0756554976106
6679	6680	0.0756554976106
6680	6679	0.0756554976106
6680	6681	0.0756554976106
6681	6680	0.0756554976106
6681	6682	0.0756554976106
6682	6681	0.0756554976106
6682	6683	0.0756554976106
6683	6682	0.0756554976106
6683	6684	0.0756554976106
6684	6683	0.0756554976106
6684	6685	0.0756554976106
6685	6684	0.0756554976106
6685	6686	0.0756554976106
6686	6685	0.0756554976106
6686	6687	0.0756554976106
6687	6686	0.0756554976106
6687	6688	0.0756554976106
6688	6687	0.0756554976106
6689	6663	0.12167699635
6689	6690	0.12167699635
6690	6689	0.12167699635
6690	6691	0.12167699635
6691	6690	0.12167699635
6691	6692	0.12167699635
6692	6691	0.12167699635
6692	6693	0.12167699635
6693	6692	0.12167699635
6693	6694	0.12167699635
6694	6693	0.12167699635
6694	6695	0.12167699635
6695	6694	0.12167699635
6695	6696	0.109764002264
6695	6760	0.0782430022955
6696	6695	0.109764002264
6696	6697	0.109764002264
6697	6696	0.109764002264
6697	6698	0.109764002264
6698	6697	0.109764002264
6698	6699	0.109764002264
6699	6698	0.109764002264
6699	6700	0.109764002264
6700	6699	0.109764002264
6700	6701	0.109764002264
6701	6700	0.109764002264
6701	6702	0.109764002264
6702	6701	0.109764002264
6702	6703	0.109764002264
6703	6702	0.109764002264
6703	6704	0.109764002264
6704	6703	0.109764002264
6704	6705	0.109764002264
6705	6704	0.109764002264
6705	6706	0.109764002264
6706	6705	0.109764002264
6706	6707	0.109764002264
6707	6706	0.109764002264
6707	6708	0.109764002264
6708	6707	0.109764002264
6708	6709	0.109764002264
6709	6708	0.109764002264
6709	6710	0.109764002264
6710	6709	0.109764002264
6710	6711	0.109764002264
6711	6710	0.109764002264
6711	6712	0.109764002264
6712	6711	0.109764002264
6712	6713	0.109764002264
6713	6712	0.109764002264
6713	6714	0.109764002264
6714	6713	0.109764002264
6714	6715	0.109764002264
6715	6714	0.109764002264
6715	6716	0.109764002264
6716	6715	0.109764002264
6716	6717	0.109764002264
6717	6716	0.109764002264
6717	6718	0.0991000011563
6717	6752	0.0704205036163
6718	6717	0.0991000011563
6718	6719	0.0991000011563
6719	6718	0.0991000011563
6719	6720	0.0991000011563
6720	6719	0.0991000011563
6720	6721	0.0991000011563
6721	6720	0.0991000011563
6721	6722	0.0991000011563
6722	6721	0.0991000011563
6722	6723	0.0991000011563
6723	6722	0.0991000011563
6723	6724	0.0991000011563
6724	6723	0.0991000011563
6724	6725	0.0991000011563
6725	6724	0.0991000011563
6725	6726	0.0991000011563
6726	6725	0.0991000011563
6726	6727	0.0991000011563
6727	6726	0.0991000011563
6727	6728	0.0991000011563
6728	6727	0.0991000011563
6728	6729	0.0991000011563
6729	6728	0.0991000011563
6729	6730	0.0991000011563
6730	6729	0.0991000011563
6730	6731	0.0991000011563
6731	6730	0.0991000011563
6731	6732	0.0991000011563
6732	6731	0.0991000011563
6732	6733	0.0991000011563
6733	6732	0.0991000011563
6733	6734	0.0991000011563
6734	6733	0.0991000011563
6734	6735	0.0991000011563
6735	6734	0.0991000011563
6735	6736	0.0991000011563
6736	6735	0.0991000011563
6736	6737	0.0991000011563
6737	6736	0.0991000011563
6737	6738	0.0991000011563
6738	6737	0.0991000011563
6738	6739	0.0991000011563
6739	6738	0.0991000011563
6739	6740	0.0991000011563
6740	6739	0.0991000011563
6740	6741	0.0991000011563
6741	6740	0.0991000011563
6741	6742	0.0991000011563
6742	6741	0.0991000011563
6742	6743	0.0991000011563
6743	6742	0.0991000011563
6743	6744	0.0991000011563
6744	6743	0.0991000011563
6744	6745	0.0991000011563
6745	6744	0.0991000011563
6745	6746	0.0991000011563
6746	6745	0.0991000011563
6746	6747	0.0991000011563
6747	6746	0.0991000011563
6747	6748	0.0991000011563
6748	6747	0.0991000011563
6748	6749	0.0991000011563
6749	6748	0.0991000011563
6749	6750	0.0991000011563
6750	6749	0.0991000011563
6750	6751	0.0991000011563
6751	6750	0.0991000011563
6752	6717	0.0704205036163
6752	6753	0.0704205036163
6753	6752	0.0704205036163
6753	6754	0.0704205036163
6754	6753	0.0704205036163
6754	6755	0.0704205036163
6755	6754	0.0704205036163
6755	6756	0.0704205036163
6756	6755	0.0704205036163
6756	6757	0.0704205036163
6757	6756	0.0704205036163
6757	6758	0.0704205036163
6758	6757	0.0704205036163
6758	6759	0.0704205036163
6759	6758	0.0704205036163
6760	6695	0.0782430022955
6760	6761	0.0782430022955
6761	6760	0.0782430022955
6761	6762	0.0782430022955
6762	6761	0.0782430022955
6762	6763	0.0782430022955
6763	6762	0.0782430022955
6763	6764	0.0782430022955
6764	6763	0.0782430022955
6764	6765	0.0782430022955
6765	6764	0.0782430022955
6765	6766	0.0782430022955
6766	6765	0.0782430022955
6766	6767	0.0782430022955
6767	6766	0.0782430022955
6767	6768	0.0782430022955
6768	6767	0.0782430022955
6768	6769	0.0782430022955
6769	6768	0.0782430022955
6769	6770	0.0782430022955
6770	6769	0.0782430022955
6770	6771	0.0782430022955
6771	6770	0.0782430022955
6771	6772	0.0782430022955
6772	6771	0.0782430022955
6772	6773	0.0782430022955
6773	6772	0.0782430022955
6773	6774	0.0782430022955
6774	6773	0.0782430022955
6774	6775	0.0782430022955
6775	6774	0.0782430022955
6775	6776	0.0782430022955
6776	6775	0.0782430022955
6776	6777	0.0782430022955
6777	6776	0.0782430022955
6777	6778	0.0782430022955
6778	6777	0.0782430022955
6778	6779	0.0782430022955
6779	6778	0.0782430022955
6779	6780	0.0782430022955
6780	6779	0.0782430022955
6780	6781	0.0782430022955
6781	6780	0.0782430022955
6781	6782	0.0782430022955
6782	6781	0.0782430022955
6782	6783	0.0782430022955
6783	6782	0.0782430022955
6783	6784	0.0782430022955
6784	6783	0.0782430022955
6785	6542	0.0533334985375
6785	6786	0.0533334985375
6786	6785	0.0533334985375
6786	6787	0.0533334985375
6787	6786	0.0533334985375
6787	6788	0.0533334985375
6788	6787	0.0533334985375
6788	6789	0.0533334985375
6789	6788	0.0533334985375
6789	6790	0.0533334985375
6790	6789	0.0533334985375
6790	6791	0.0533334985375
6791	6790	0.0533334985375
6791	6792	0.0533334985375
6792	6791	0.0533334985375
6792	6793	0.0533334985375
6793	6792	0.0533334985375
6793	6794	0.0533334985375
6794	6793	0.0533334985375
6794	6795	0.0533334985375
6795	6794	0.0533334985375
6795	6796	0.0533334985375
6796	6795	0.0533334985375
6797	6448	0.0468714982271
6797	6798	0.0468714982271
6798	6797	0.0468714982271
6798	6799	0.0468714982271
6799	6798	0.0468714982271
6799	6800	0.0468714982271
6800	6799	0.0468714982271
6800	6801	0.0468714982271
6801	6800	0.0468714982271
6801	6802	0.0468714982271
6802	6801	0.0468714982271
6802	6803	0.0468714982271
6803	6802	0.0468714982271
6803	6804	0.0468714982271
6804	6803	0.0468714982271
6804	6805	0.0468714982271
6805	6804	0.0468714982271
6805	6806	0.0468714982271
6806	6805	0.0468714982271
6807	6431	0.0648104995489
6807	6808	0.0648104995489
6808	6807	0.0648104995489
6808	6809	0.0648104995489
6809	6808	0.0648104995489
6809	6810	0.0648104995489
6810	6809	0.0648104995489
6810	6811	0.0648104995489
6811	6810	0.0648104995489
6811	6812	0.0648104995489
6812	6811	0.0648104995489
6812	6813	0.0648104995489
6813	6812	0.0648104995489
6813	6814	0.0648104995489
6814	6813	0.0648104995489
6814	6815	0.0648104995489
6815	6814	0.0648104995489
6815	6816	0.0648104995489
6816	6815	0.0648104995489
6816	6817	0.0648104995489
6817	6816	0.0648104995489
6817	6818	0.0648104995489
6818	6817	0.0648104995489
6818	6819	0.0648104995489
6819	6818	0.0648104995489
6819	6820	0.0648104995489
6820	6819	0.0648104995489
6820	6821	0.0648104995489
6821	6820	0.0648104995489
6821	6822	0.0648104995489
6822	6821	0.0648104995489
6822	6823	0.0648104995489
6823	6822	0.0648104995489
6823	6824	0.0648104995489
6824	6823	0.0648104995489
6824	6825	0.0648104995489
6825	6824	0.0648104995489
6825	6826	0.0648104995489
6826	6825	0.0648104995489
6826	6827	0.0648104995489
6827	6826	0.0648104995489
6827	6828	0.0648104995489
6828	6827	0.0648104995489
6828	6829	0.0648104995489
6829	6828	0.0648104995489
6829	6830	0.0648104995489
6830	6829	0.0648104995489
6830	6831	0.0648104995489
6831	6830	0.0648104995489
6831	6832	0.0648104995489
6832	6831	0.0648104995489
6832	6833	0.0648104995489
6833	6832	0.0648104995489
6833	6834	0.0648104995489
6834	6833	0.0648104995489
6834	6835	0.0648104995489
6835	6834	0.0648104995489
6835	6836	0.0648104995489
6836	6835	0.0648104995489
6836	6837	0.0648104995489
6837	6836	0.0648104995489
6837	6838	0.0648104995489
6838	6837	0.0648104995489
6838	6839	0.0648104995489
6839	6838	0.0648104995489
6839	6840	0.0648104995489
6840	6839	0.0648104995489
6840	6841	0.0648104995489
6841	6840	0.0648104995489
6841	6842	0.0648104995489
6842	6841	0.0648104995489
6842	6843	0.0648104995489
6843	6842	0.0648104995489
6843	6844	0.0648104995489
6844	6843	0.0648104995489
6844	6845	0.0648104995489
6845	6844	0.0648104995489
6845	6846	0.0648104995489
6846	6845	0.0648104995489
6846	6847	0.0648104995489
6847	6846	0.0648104995489
6847	6848	0.0648104995489
6848	6847	0.0648104995489
6848	6849	0.0648104995489
6849	6848	0.0648104995489
6850	6423	0.0616245009005
6850	6851	0.0616245009005
6851	6850	0.0616245009005
6851	6852	0.0616245009005
6852	6851	0.0616245009005
6852	6853	0.0616245009005
6853	6852	0.0616245009005
6853	6854	0.0616245009005
6854	6853	0.0616245009005
6854	6855	0.0616245009005
6855	6854	0.0616245009005
6855	6856	0.0616245009005
6856	6855	0.0616245009005
6856	6857	0.0616245009005
6857	6856	0.0616245009005
6857	6858	0.0616245009005
6858	6857	0.0616245009005
6858	6859	0.0616245009005
6859	6858	0.0616245009005
6859	6860	0.0616245009005
6860	6859	0.0616245009005
6860	6861	0.0616245009005
6861	6860	0.0616245009005
6861	6862	0.0616245009005
6862	6861	0.0616245009005
6862	6863	0.0616245009005
6863	6862	0.0616245009005
6863	6864	0.0616245009005
6864	6863	0.0616245009005
6864	6865	0.0616245009005
6865	6864	0.0616245009005
6865	6866	0.0616245009005
6866	6865	0.0616245009005
6866	6867	0.0616245009005
6867	6866	0.0616245009005
6867	6868	0.0616245009005
6868	6867	0.0616245009005
6868	6869	0.0616245009005
6869	6868	0.0616245009005
6869	6870	0.0616245009005
6870	6869	0.0616245009005
6870	6871	0.0616245009005
6871	6870	0.0616245009005
6871	6872	0.0616245009005
6872	6871	0.0616245009005
6872	6873	0.0616245009005
6873	6872	0.0616245009005
6873	6874	0.0616245009005
6874	6873	0.0616245009005
6874	6875	0.0616245009005
6875	6874	0.0616245009005
6875	6876	0.0616245009005
6876	6875	0.0616245009005
6876	6877	0.0616245009005
6877	6876	0.0616245009005
6877	6878	0.0616245009005
6878	6877	0.0616245009005
6878	6879	0.0616245009005
6879	6878	0.0616245009005
6879	6880	0.0616245009005
6880	6879	0.0616245009005
6880	6881	0.0616245009005
6881	6880	0.0616245009005
6881	6882	0.0616245009005
6882	6881	0.0616245009005
6882	6883	0.0616245009005
6883	6882	0.0616245009005
6883	6884	0.0616245009005
6884	6883	0.0616245009005
6884	6885	0.0616245009005
6885	6884	0.0616245009005
6885	6886	0.0616245009005
6886	6885	0.0616245009005
6886	6887	0.0616245009005
6887	6886	0.0616245009005
6888	6332	0.106705002487
6888	6889	0.106705002487
6889	6888	0.106705002487
6889	6890	0.106705002487
6890	6889	0.106705002487
6890	6891	0.106705002487
6891	6890	0.106705002487
6891	6892	0.106705002487
6892	6891	0.106705002487
6892	6893	0.106705002487
6893	6892	0.106705002487
6893	6894	0.106705002487
6894	6893	0.106705002487
6894	6895	0.106705002487
6895	6894	0.106705002487
6895	6896	0.106705002487
6896	6895	0.106705002487
6896	6897	0.106705002487
6897	6896	0.106705002487
6897	6898	0.106705002487
6898	6897	0.106705002487
6898	6899	0.106705002487
6899	6898	0.106705002487
6899	6900	0.106705002487
6900	6899	0.106705002487
6900	6901	0.106705002487
6901	6900	0.106705002487
6901	6902	0.106705002487
6902	6901	0.106705002487
6902	6903	0.106705002487
6903	6902	0.106705002487
6903	6904	0.106705002487
6904	6903	0.106705002487
6904	6905	0.10357350111
6904	7069	0.0470069982111
6905	6904	0.10357350111
6905	6906	0.10357350111
6906	6905	0.10357350111
6906	6907	0.10357350111
6907	6906	0.10357350111
6907	6908	0.10357350111
6908	6907	0.10357350111
6908	6909	0.10357350111
6909	6908	0.10357350111
6909	6910	0.10357350111
6910	6909	0.10357350111
6910	6911	0.10357350111
6911	6910	0.10357350111
6911	6912	0.10357350111
6912	6911	0.10357350111
6912	6913	0.10357350111
6913	6912	0.10357350111
6913	6914	0.10357350111
6914	6913	0.10357350111
6914	6915	0.10357350111
6915	6914	0.10357350111
6915	6916	0.10357350111
6916	6915	0.10357350111
6916	6917	0.0573325008154
6916	6943	0.0973509997129
6917	6916	0.0573325008154
6917	6918	0.0573325008154
6918	6917	0.0573325008154
6918	6919	0.0573325008154
6919	6918	0.0573325008154
6919	6920	0.0573325008154
6920	6919	0.0573325008154
6920	6921	0.0573325008154
6921	6920	0.0573325008154
6921	6922	0.0573325008154
6922	6921	0.0573325008154
6922	6923	0.0573325008154
6923	6922	0.0573325008154
6923	6924	0.0573325008154
6924	6923	0.0573325008154
6924	6925	0.0573325008154
6925	6924	0.0573325008154
6925	6926	0.0573325008154
6926	6925	0.0573325008154
6926	6927	0.0573325008154
6927	6926	0.0573325008154
6927	6928	0.0573325008154
6928	6927	0.0573325008154
6928	6929	0.0573325008154
6929	6928	0.0573325008154
6929	6930	0.0573325008154
6930	6929	0.0573325008154
6930	6931	0.0573325008154
6931	6930	0.0573325008154
6931	6932	0.0573325008154
6932	6931	0.0573325008154
6932	6933	0.0573325008154
6933	6932	0.0573325008154
6933	6934	0.0573325008154
6934	6933	0.0573325008154
6934	6935	0.0573325008154
6935	6934	0.0573325008154
6935	6936	0.0573325008154
6936	6935	0.0573325008154
6936	6937	0.0573325008154
6937	6936	0.0573325008154
6937	6938	0.0573325008154
6938	6937	0.0573325008154
6938	6939	0.0573325008154
6939	6938	0.0573325008154
6939	6940	0.0573325008154
6940	6939	0.0573325008154
6940	6941	0.0573325008154
6941	6940	0.0573325008154
6941	6942	0.0573325008154
6942	6941	0.0573325008154
6943	6916	0.0973509997129
6943	6944	0.0973509997129
6944	6943	0.0973509997129
6944	6945	0.0973509997129
6945	6944	0.0973509997129
6945	6946	0.0973509997129
6946	6945	0.0973509997129
6946	6947	0.0973509997129
6947	6946	0.0973509997129
6947	6948	0.0973509997129
6948	6947	0.0973509997129
6948	6949	0.0973509997129
6949	6948	0.0973509997129
6949	6950	0.0973509997129
6950	6949	0.0973509997129
6950	6951	0.0973509997129
6951	6950	0.0973509997129
6951	6952	0.0973509997129
6952	6951	0.0973509997129
6952	6953	0.0973509997129
6953	6952	0.0973509997129
6953	6954	0.0973509997129
6954	6953	0.0973509997129
6954	6955	0.0659340023994
6954	6993	0.0859970003366
6955	6954	0.0659340023994
6955	6956	0.0659340023994
6956	6955	0.0659340023994
6956	6957	0.0659340023994
6957	6956	0.0659340023994
6957	6958	0.0659340023994
6958	6957	0.0659340023994
6958	6959	0.0659340023994
6959	6958	0.0659340023994
6959	6960	0.0659340023994
6960	6959	0.0659340023994
6960	6961	0.0659340023994
6961	6960	0.0659340023994
6961	6962	0.0659340023994
6962	6961	0.0659340023994
6962	6963	0.0659340023994
6963	6962	0.0659340023994
6963	6964	0.0659340023994
6964	6963	0.0659340023994
6964	6965	0.0659340023994
6965	6964	0.0659340023994
6965	6966	0.0659340023994
6966	6965	0.0659340023994
6966	6967	0.0659340023994
6967	6966	0.0659340023994
6967	6968	0.0659340023994
6968	6967	0.0659340023994
6968	6969	0.0659340023994
6969	6968	0.0659340023994
6969	6970	0.0659340023994
6970	6969	0.0659340023994
6970	6971	0.0659340023994
6971	6970	0.0659340023994
6971	6972	0.0659340023994
6972	6971	0.0659340023994
6972	6973	0.0659340023994
6973	6972	0.0659340023994
6973	6974	0.0659340023994
6974	6973	0.0659340023994
6974	6975	0.0659340023994
6975	6974	0.0659340023994
6975	6976	0.0659340023994
6976	6975	0.0659340023994
6976	6977	0.0659340023994
6977	6976	0.0659340023994
6977	6978	0.0659340023994
6978	6977	0.0659340023994
6978	6979	0.0659340023994
6979	6978	0.0659340023994
6979	6980	0.0659340023994
6980	6979	0.0659340023994
6980	6981	0.0659340023994
6981	6980	0.0659340023994
6981	6982	0.0659340023994
6982	6981	0.0659340023994
6982	6983	0.0659340023994
6983	6982	0.0659340023994
6983	6984	0.0659340023994
6984	6983	0.0659340023994
6984	6985	0.0659340023994
6985	6984	0.0659340023994
6985	6986	0.0659340023994
6986	6985	0.0659340023994
6986	6987	0.0659340023994
6987	6986	0.0659340023994
6987	6988	0.0659340023994
6988	6987	0.0659340023994
6988	6989	0.0659340023994
6989	6988	0.0659340023994
6989	6990	0.0659340023994
6990	6989	0.0659340023994
6990	6991	0.0659340023994
6991	6990	0.0659340023994
6991	6992	0.0659340023994
6992	6991	0.0659340023994
6993	6954	0.0859970003366
6993	6994	0.0859970003366
6994	6993	0.0859970003366
6994	6995	0.0859970003366
6995	6994	0.0859970003366
6995	6996	0.0859970003366
6996	6995	0.0859970003366
6996	6997	0.0859970003366
6997	6996	0.0859970003366
6997	6998	0.0859970003366
6998	6997	0.0859970003366
6998	6999	0.0859970003366
6999	6998	0.0859970003366
6999	7000	0.0859970003366
7000	6999	0.0859970003366
7000	7001	0.0859970003366
7001	7000	0.0859970003366
7001	7002	0.0859970003366
7002	7001	0.0859970003366
7002	7003	0.0859970003366
7003	7002	0.0859970003366
7003	7004	0.0859970003366
7004	7003	0.0859970003366
7004	7005	0.0859970003366
7005	7004	0.0859970003366
7005	7006	0.0859970003366
7006	7005	0.0859970003366
7006	7007	0.0859970003366
7007	7006	0.0859970003366
7007	7008	0.0859970003366
7008	7007	0.0859970003366
7008	7009	0.0859970003366
7009	7008	0.0859970003366
7009	7010	0.0859970003366
7010	7009	0.0859970003366
7010	7011	0.0859970003366
7011	7010	0.0859970003366
7011	7012	0.0859970003366
7012	7011	0.0859970003366
7012	7013	0.0659459978342
7012	7037	0.0704184994102
7013	7012	0.0659459978342
7013	7014	0.0659459978342
7014	7013	0.0659459978342
7014	7015	0.0659459978342
7015	7014	0.0659459978342
7015	7016	0.0659459978342
7016	7015	0.0659459978342
7016	7017	0.0659459978342
7017	7016	0.0659459978342
7017	7018	0.0659459978342
7018	7017	0.0659459978342
7018	7019	0.0659459978342
7019	7018	0.0659459978342
7019	7020	0.0659459978342
7020	7019	0.0659459978342
7020	7021	0.0659459978342
7021	7020	0.0659459978342
7021	7022	0.0659459978342
7022	7021	0.0659459978342
7022	7023	0.0659459978342
7023	7022	0.0659459978342
7023	7024	0.0659459978342
7024	7023	0.0659459978342
7024	7025	0.0659459978342
7025	7024	0.0659459978342
7025	7026	0.0659459978342
7026	7025	0.0659459978342
7026	7027	0.0659459978342
7027	7026	0.0659459978342
7027	7028	0.0659459978342
7028	7027	0.0659459978342
7028	7029	0.0659459978342
7029	7028	0.0659459978342
7029	7030	0.0659459978342
7030	7029	0.0659459978342
7030	7031	0.0659459978342
7031	7030	0.0659459978342
7031	7032	0.0659459978342
7032	7031	0.0659459978342
7032	7033	0.0659459978342
7033	7032	0.0659459978342
7033	7034	0.0659459978342
7034	7033	0.0659459978342
7034	7035	0.0659459978342
7035	7034	0.0659459978342
7035	7036	0.0659459978342
7036	7035	0.0659459978342
7037	7012	0.0704184994102
7037	7038	0.0704184994102
7038	7037	0.0704184994102
7038	7039	0.0704184994102
7039	7038	0.0704184994102
7039	7040	0.0704184994102
7040	7039	0.0704184994102
7040	7041	0.0704184994102
7041	7040	0.0704184994102
7041	7042	0.0704184994102
7042	7041	0.0704184994102
7042	7043	0.0704184994102
7043	7042	0.0704184994102
7043	7044	0.0704184994102
7044	7043	0.0704184994102
7044	7045	0.0704184994102
7045	7044	0.0704184994102
7045	7046	0.0704184994102
7046	7045	0.0704184994102
7046	7047	0.0704184994102
7047	7046	0.0704184994102
7047	7048	0.0704184994102
7048	7047	0.0704184994102
7048	7049	0.0704184994102
7049	7048	0.0704184994102
7049	7050	0.0704184994102
7050	7049	0.0704184994102
7050	7051	0.0704184994102
7051	7050	0.0704184994102
7051	7052	0.0704184994102
7052	7051	0.0704184994102
7052	7053	0.0704184994102
7053	7052	0.0704184994102
7053	7054	0.0704184994102
7054	7053	0.0704184994102
7054	7055	0.0704184994102
7055	7054	0.0704184994102
7055	7056	0.0704184994102
7056	7055	0.0704184994102
7056	7057	0.0704184994102
7057	7056	0.0704184994102
7057	7058	0.0704184994102
7058	7057	0.0704184994102
7058	7059	0.0704184994102
7059	7058	0.0704184994102
7059	7060	0.0704184994102
7060	7059	0.0704184994102
7060	7061	0.0704184994102
7061	7060	0.0704184994102
7061	7062	0.0704184994102
7062	7061	0.0704184994102
7062	7063	0.0704184994102
7063	7062	0.0704184994102
7063	7064	0.0704184994102
7064	7063	0.0704184994102
7064	7065	0.0704184994102
7065	7064	0.0704184994102
7065	7066	0.0704184994102
7066	7065	0.0704184994102
7066	7067	0.0704184994102
7067	7066	0.0704184994102
7067	7068	0.0704184994102
7068	7067	0.0704184994102
7069	6904	0.0470069982111
7069	7070	0.0470069982111
7070	7069	0.0470069982111
7070	7071	0.0470069982111
7071	7070	0.0470069982111
7071	7072	0.0470069982111
7072	7071	0.0470069982111
7072	7073	0.0470069982111
7073	7072	0.0470069982111
7073	7074	0.0470069982111
7074	7073	0.0470069982111
7074	7075	0.0470069982111
7075	7074	0.0470069982111
7075	7076	0.0470069982111
7076	7075	0.0470069982111
7076	7077	0.0470069982111
7077	7076	0.0470069982111
7077	7078	0.0470069982111
7078	7077	0.0470069982111
7078	7079	0.0470069982111
7079	7078	0.0470069982111
7079	7080	0.0470069982111
7080	7079	0.0470069982111
7080	7081	0.0470069982111
7081	7080	0.0470069982111
7081	7082	0.0470069982111
7082	7081	0.0470069982111
7083	6286	0.052825499326
7083	7084	0.052825499326
7084	7083	0.052825499326
7084	7085	0.052825499326
7085	7084	0.052825499326
7085	7086	0.052825499326
7086	7085	0.052825499326
7086	7087	0.052825499326
7087	7086	0.052825499326
7087	7088	0.052825499326
7088	7087	0.052825499326
7088	7089	0.052825499326
7089	7088	0.052825499326
7089	7090	0.052825499326
7090	7089	0.052825499326
7090	7091	0.052825499326
7091	7090	0.052825499326
7091	7092	0.052825499326
7092	7091	0.052825499326
7092	7093	0.052825499326
7093	7092	0.052825499326
7093	7094	0.052825499326
7094	7093	0.052825499326
7094	7095	0.052825499326
7095	7094	0.052825499326
7095	7096	0.052825499326
7096	7095	0.052825499326
7096	7097	0.052825499326
7097	7096	0.052825499326
7097	7098	0.052825499326
7098	7097	0.052825499326
7098	7099	0.052825499326
7099	7098	0.052825499326
7099	7100	0.052825499326
7100	7099	0.052825499326
7100	7101	0.052825499326
7101	7100	0.052825499326
7101	7102	0.052825499326
7102	7101	0.052825499326
7102	7103	0.052825499326
7103	7102	0.052825499326
7103	7104	0.052825499326
7104	7103	0.052825499326
7104	7105	0.052825499326
7105	7104	0.052825499326
7105	7106	0.052825499326
7106	7105	0.052825499326
7106	7107	0.052825499326
7107	7106	0.052825499326
7107	7108	0.052825499326
7108	7107	0.052825499326
7108	7109	0.052825499326
7109	7108	0.052825499326
7109	7110	0.052825499326
7110	7109	0.052825499326
7110	7111	0.052825499326
7111	7110	0.052825499326
7111	7112	0.052825499326
7112	7111	0.052825499326
7112	7113	0.052825499326
7113	7112	0.052825499326
7114	6273	0.078399002552
7114	7115	0.078399002552
7115	7114	0.078399002552
7115	7116	0.078399002552
7116	7115	0.078399002552
7116	7117	0.078399002552
7117	7116	0.078399002552
7117	7118	0.078399002552
7118	7117	0.078399002552
7118	7119	0.078399002552
7119	7118	0.078399002552
7119	7120	0.078399002552
7120	7119	0.078399002552
7120	7121	0.078399002552
7121	7120	0.078399002552
7121	7122	0.078399002552
7122	7121	0.078399002552
7122	7123	0.078399002552
7123	7122	0.078399002552
7123	7124	0.078399002552
7124	7123	0.078399002552
7124	7125	0.078399002552
7125	7124	0.078399002552
7125	7126	0.078399002552
7126	7125	0.078399002552
7126	7127	0.078399002552
7127	7126	0.078399002552
7127	7128	0.078399002552
7128	7127	0.078399002552
7128	7129	0.078399002552
7129	7128	0.078399002552
7129	7130	0.078399002552
7130	7129	0.078399002552
7130	7131	0.078399002552
7131	7130	0.078399002552
7131	7132	0.078399002552
7132	7131	0.078399002552
7132	7133	0.078399002552
7133	7132	0.078399002552
7133	7134	0.078399002552
7134	7133	0.078399002552
7134	7135	0.078399002552
7135	7134	0.078399002552
7135	7136	0.078399002552
7136	7135	0.078399002552
7136	7137	0.078399002552
7137	7136	0.078399002552
7137	7138	0.078399002552
7138	7137	0.078399002552
7138	7139	0.078399002552
7139	7138	0.078399002552
7139	7140	0.078399002552
7140	7139	0.078399002552
7140	7141	0.078399002552
7141	7140	0.078399002552
7141	7142	0.078399002552
7142	7141	0.078399002552
7142	7143	0.078399002552
7143	7142	0.078399002552
7143	7144	0.078399002552
7144	7143	0.078399002552
7144	7145	0.078399002552
7145	7144	0.078399002552
7145	7146	0.078399002552
7146	7145	0.078399002552
7146	7147	0.078399002552
7147	7146	0.078399002552
7147	7148	0.078399002552
7148	7147	0.078399002552
7148	7149	0.078399002552
7149	7148	0.078399002552
7149	7150	0.078399002552
7150	7149	0.078399002552
7150	7151	0.078399002552
7151	7150	0.078399002552
7151	7152	0.078399002552
7152	7151	0.078399002552
7152	7153	0.078399002552
7153	7152	0.078399002552
7153	7154	0.078399002552
7154	7153	0.078399002552
7154	7155	0.078399002552
7155	7154	0.078399002552
7155	7156	0.078399002552
7156	7155	0.078399002552
7156	7157	0.078399002552
7157	7156	0.078399002552
7157	7158	0.078399002552
7158	7157	0.078399002552
7158	7159	0.078399002552
7159	7158	0.078399002552
7159	7160	0.078399002552
7160	7159	0.078399002552
7160	7161	0.0434719994664
7160	7167	0.0736635029316
7161	7160	0.0434719994664
7161	7162	0.0434719994664
7162	7161	0.0434719994664
7162	7163	0.0434719994664
7163	7162	0.0434719994664
7163	7164	0.0434719994664
7164	7163	0.0434719994664
7164	7165	0.0434719994664
7165	7164	0.0434719994664
7165	7166	0.0434719994664
7166	7165	0.0434719994664
7167	7160	0.0736635029316
7167	7168	0.0736635029316
7168	7167	0.0736635029316
7168	7169	0.0736635029316
7169	7168	0.0736635029316
7169	7170	0.0736635029316
7170	7169	0.0736635029316
7170	7171	0.0736635029316
7171	7170	0.0736635029316
7171	7172	0.0736635029316
7172	7171	0.0736635029316
7172	7173	0.0736635029316
7173	7172	0.0736635029316
7173	7174	0.0736635029316
7174	7173	0.0736635029316
7174	7175	0.0736635029316
7175	7174	0.0736635029316
7175	7176	0.0736635029316
7176	7175	0.0736635029316
7176	7177	0.0736635029316
7177	7176	0.0736635029316
7177	7178	0.0736635029316
7178	7177	0.0736635029316
7178	7179	0.0736635029316
7179	7178	0.0736635029316
7179	7180	0.0736635029316
7180	7179	0.0736635029316
7180	7181	0.0736635029316
7181	7180	0.0736635029316
7181	7182	0.0736635029316
7182	7181	0.0736635029316
7182	7183	0.0736635029316
7183	7182	0.0736635029316
7183	7184	0.0736635029316
7184	7183	0.0736635029316
7184	7185	0.0736635029316
7185	7184	0.0736635029316
7185	7186	0.0736635029316
7186	7185	0.0736635029316
7186	7187	0.0736635029316
7187	7186	0.0736635029316
7187	7188	0.0736635029316
7188	7187	0.0736635029316
7188	7189	0.0736635029316
7189	7188	0.0736635029316
7189	7190	0.0736635029316
7190	7189	0.0736635029316
7190	7191	0.0736635029316
7191	7190	0.0736635029316
7191	7192	0.0736635029316
7192	7191	0.0736635029316
7192	7193	0.0736635029316
7193	7192	0.0736635029316
7193	7194	0.0736635029316
7194	7193	0.0736635029316
7194	7195	0.0736635029316
7195	7194	0.0736635029316
7195	7196	0.0736635029316
7196	7195	0.0736635029316
7196	7197	0.0736635029316
7197	7196	0.0736635029316
7197	7198	0.0736635029316
7198	7197	0.0736635029316
7198	7199	0.0736635029316
7199	7198	0.0736635029316
7199	7200	0.0736635029316
7200	7199	0.0736635029316
7200	7201	0.0736635029316
7201	7200	0.0736635029316
7201	7202	0.0736635029316
7202	7201	0.0736635029316
7202	7203	0.0736635029316
7203	7202	0.0736635029316
7203	7204	0.0736635029316
7204	7203	0.0736635029316
7204	7205	0.0736635029316
7205	7204	0.0736635029316
7205	7206	0.0736635029316
7206	7205	0.0736635029316
7206	7207	0.0736635029316
7207	7206	0.0736635029316
7207	7208	0.0736635029316
7208	7207	0.0736635029316
7208	7209	0.0736635029316
7209	7208	0.0736635029316
7209	7210	0.0736635029316
7210	7209	0.0736635029316
7210	7211	0.0736635029316
7211	7210	0.0736635029316
7211	7212	0.0736635029316
7212	7211	0.0736635029316
7212	7213	0.0736635029316
7213	7212	0.0736635029316
7213	7214	0.0736635029316
7214	7213	0.0736635029316
7214	7215	0.0736635029316
7215	7214	0.0736635029316
7215	7216	0.0736635029316
7216	7215	0.0736635029316
7216	7217	0.0736635029316
7217	7216	0.0736635029316
7217	7218	0.0736635029316
7218	7217	0.0736635029316
7218	7219	0.0736635029316
7219	7218	0.0736635029316
7220	4637	0.0572820007801
7220	7221	0.0572820007801
7221	7220	0.0572820007801
7221	7222	0.0572820007801
7222	7221	0.0572820007801
7222	7223	0.0572820007801
7223	7222	0.0572820007801
7223	7224	0.0572820007801
7224	7223	0.0572820007801
7224	7225	0.0572820007801
7225	7224	0.0572820007801
7225	7226	0.0572820007801
7226	7225	0.0572820007801
7226	7227	0.0572820007801
7227	7226	0.0572820007801
7227	7228	0.0572820007801
7228	7227	0.0572820007801
7228	7229	0.0572820007801
7229	7228	0.0572820007801
7229	7230	0.0572820007801
7230	7229	0.0572820007801
7230	7231	0.0572820007801
7231	7230	0.0572820007801
7231	7232	0.0572820007801
7232	7231	0.0572820007801
7232	7233	0.0572820007801
7233	7232	0.0572820007801
7233	7234	0.0572820007801
7234	7233	0.0572820007801
7234	7235	0.0572820007801
7235	7234	0.0572820007801
7235	7236	0.0572820007801
7236	7235	0.0572820007801
7236	7237	0.0572820007801
7237	7236	0.0572820007801
7237	7238	0.0572820007801
7238	7237	0.0572820007801
7238	7239	0.0572820007801
7239	7238	0.0572820007801
7239	7240	0.0572820007801
7240	7239	0.0572820007801
7240	7241	0.0572820007801
7241	7240	0.0572820007801
7241	7242	0.0572820007801
7242	7241	0.0572820007801
7242	7243	0.0572820007801
7243	7242	0.0572820007801
7243	7244	0.0572820007801
7244	7243	0.0572820007801
7244	7245	0.0572820007801
7245	7244	0.0572820007801
7245	7246	0.0572820007801
7246	7245	0.0572820007801
7246	7247	0.0572820007801
7247	7246	0.0572820007801
7247	7248	0.0572820007801
7248	7247	0.0572820007801
7248	7249	0.0572820007801
7249	7248	0.0572820007801
7249	7250	0.0572820007801
7250	7249	0.0572820007801
7250	7251	0.0572820007801
7251	7250	0.0572820007801
7251	7252	0.0572820007801
7252	7251	0.0572820007801
7252	7253	0.0572820007801
7253	7252	0.0572820007801
7253	7254	0.0572820007801
7254	7253	0.0572820007801
7254	7255	0.0572820007801
7255	7254	0.0572820007801
7255	7256	0.0572820007801
7256	7255	0.0572820007801
7256	7257	0.0572820007801
7257	7256	0.0572820007801
7257	7258	0.0572820007801
7258	7257	0.0572820007801
7258	7259	0.0572820007801
7259	7258	0.0572820007801
7259	7260	0.0572820007801
7260	7259	0.0572820007801
7260	7261	0.0572820007801
7261	7260	0.0572820007801
7261	7262	0.0572820007801
7262	7261	0.0572820007801
7262	7263	0.0572820007801
7263	7262	0.0572820007801
7263	7264	0.0572820007801
7264	7263	0.0572820007801
7264	7265	0.0572820007801
7265	7264	0.0572820007801
7265	7266	0.0572820007801
7266	7265	0.0572820007801
7266	7267	0.0572820007801
7267	7266	0.0572820007801
7267	7268	0.0572820007801
7268	7267	0.0572820007801
7268	7269	0.0572820007801
7269	7268	0.0572820007801
7270	4631	0.0505100004375
7270	7271	0.0505100004375
7271	7270	0.0505100004375
7271	7272	0.0505100004375
7272	7271	0.0505100004375
7272	7273	0.0505100004375
7273	7272	0.0505100004375
7273	7274	0.0505100004375
7274	7273	0.0505100004375
7274	7275	0.0505100004375
7275	7274	0.0505100004375
7275	7276	0.0505100004375
7276	7275	0.0505100004375
7276	7277	0.0505100004375
7277	7276	0.0505100004375
7277	7278	0.0505100004375
7278	7277	0.0505100004375
7278	7279	0.0505100004375
7279	7278	0.0505100004375
7279	7280	0.0505100004375
7280	7279	0.0505100004375
7280	7281	0.0505100004375
7281	7280	0.0505100004375
7281	7282	0.0505100004375
7282	7281	0.0505100004375
7282	7283	0.0505100004375
7283	7282	0.0505100004375
7283	7284	0.0505100004375
7284	7283	0.0505100004375
7284	7285	0.0505100004375
7285	7284	0.0505100004375
7285	7286	0.0505100004375
7286	7285	0.0505100004375
7286	7287	0.0505100004375
7287	7286	0.0505100004375
7287	7288	0.0505100004375
7288	7287	0.0505100004375
7288	7289	0.0505100004375
7289	7288	0.0505100004375
7289	7290	0.0505100004375
7290	7289	0.0505100004375
7290	7291	0.0505100004375
7291	7290	0.0505100004375
7291	7292	0.0505100004375
7292	7291	0.0505100004375
7292	7293	0.0505100004375
7293	7292	0.0505100004375
7293	7294	0.0505100004375
7294	7293	0.0505100004375
7294	7295	0.0505100004375
7295	7294	0.0505100004375
7295	7296	0.0505100004375
7296	7295	0.0505100004375
7296	7297	0.0505100004375
7297	7296	0.0505100004375
7297	7298	0.0505100004375
7298	7297	0.0505100004375
7298	7299	0.0505100004375
7299	7298	0.0505100004375
7299	7300	0.0505100004375
7300	7299	0.0505100004375
7301	4614	0.103731498122
7301	7302	0.103731498122
7302	7301	0.103731498122
7302	7303	0.103731498122
7303	7302	0.103731498122
7303	7304	0.103731498122
7304	7303	0.103731498122
7304	7305	0.103731498122
7305	7304	0.103731498122
7305	7306	0.103731498122
7306	7305	0.103731498122
7306	7307	0.103731498122
7307	7306	0.103731498122
7307	7308	0.103731498122
7308	7307	0.103731498122
7308	7309	0.103731498122
7309	7308	0.103731498122
7309	7310	0.103731498122
7310	7309	0.103731498122
7310	7311	0.103731498122
7311	7310	0.103731498122
7311	7312	0.103731498122
7312	7311	0.103731498122
7312	7313	0.103731498122
7313	7312	0.103731498122
7313	7314	0.103731498122
7314	7313	0.103731498122
7314	7315	0.103731498122
7315	7314	0.103731498122
7315	7316	0.103731498122
7316	7315	0.103731498122
7316	7317	0.103731498122
7317	7316	0.103731498122
7317	7318	0.103731498122
7318	7317	0.103731498122
7318	7319	0.103731498122
7319	7318	0.103731498122
7319	7320	0.103731498122
7320	7319	0.103731498122
7320	7321	0.103731498122
7321	7320	0.103731498122
7321	7322	0.103731498122
7322	7321	0.103731498122
7322	7323	0.100496500731
7322	7490	0.0466010011733
7323	7322	0.100496500731
7323	7324	0.100496500731
7324	7323	0.100496500731
7324	7325	0.100496500731
7325	7324	0.100496500731
7325	7326	0.100496500731
7326	7325	0.100496500731
7326	7327	0.100496500731
7327	7326	0.100496500731
7327	7328	0.100496500731
7328	7327	0.100496500731
7328	7329	0.100496500731
7329	7328	0.100496500731
7329	7330	0.100496500731
7330	7329	0.100496500731
7330	7331	0.100496500731
7331	7330	0.100496500731
7331	7332	0.100496500731
7332	7331	0.100496500731
7332	7333	0.100496500731
7333	7332	0.100496500731
7333	7334	0.100496500731
7334	7333	0.100496500731
7334	7335	0.100496500731
7335	7334	0.100496500731
7335	7336	0.100496500731
7336	7335	0.100496500731
7336	7337	0.100496500731
7337	7336	0.100496500731
7337	7338	0.100496500731
7338	7337	0.100496500731
7338	7339	0.100496500731
7339	7338	0.100496500731
7339	7340	0.100496500731
7340	7339	0.100496500731
7340	7341	0.100496500731
7341	7340	0.100496500731
7341	7342	0.100496500731
7342	7341	0.100496500731
7342	7343	0.100496500731
7343	7342	0.100496500731
7343	7344	0.100496500731
7344	7343	0.100496500731
7344	7345	0.100496500731
7345	7344	0.100496500731
7345	7346	0.100496500731
7346	7345	0.100496500731
7346	7347	0.100496500731
7347	7346	0.100496500731
7347	7348	0.100496500731
7348	7347	0.100496500731
7348	7349	0.100496500731
7349	7348	0.100496500731
7349	7350	0.100496500731
7350	7349	0.100496500731
7350	7351	0.100496500731
7351	7350	0.100496500731
7351	7352	0.100496500731
7352	7351	0.100496500731
7352	7353	0.100496500731
7353	7352	0.100496500731
7353	7354	0.0955324992537
7353	7470	0.0523050017655
7354	7353	0.0955324992537
7354	7355	0.0955324992537
7355	7354	0.0955324992537
7355	7356	0.0955324992537
7356	7355	0.0955324992537
7356	7357	0.0955324992537
7357	7356	0.0955324992537
7357	7358	0.0955324992537
7358	7357	0.0955324992537
7358	7359	0.0955324992537
7359	7358	0.0955324992537
7359	7360	0.0955324992537
7360	7359	0.0955324992537
7360	7361	0.0955324992537
7361	7360	0.0955324992537
7361	7362	0.0955324992537
7362	7361	0.0955324992537
7362	7363	0.0955324992537
7363	7362	0.0955324992537
7363	7364	0.0955324992537
7364	7363	0.0955324992537
7364	7365	0.0955324992537
7365	7364	0.0955324992537
7365	7366	0.0955324992537
7366	7365	0.0955324992537
7366	7367	0.0955324992537
7367	7366	0.0955324992537
7367	7368	0.0955324992537
7368	7367	0.0955324992537
7368	7369	0.0955324992537
7369	7368	0.0955324992537
7369	7370	0.0955324992537
7370	7369	0.0955324992537
7370	7371	0.0955324992537
7371	7370	0.0955324992537
7371	7372	0.0955324992537
7372	7371	0.0955324992537
7372	7373	0.0955324992537
7373	7372	0.0955324992537
7373	7374	0.0955324992537
7374	7373	0.0955324992537
7374	7375	0.0955324992537
7375	7374	0.0955324992537
7375	7376	0.0955324992537
7376	7375	0.0955324992537
7376	7377	0.0955324992537
7377	7376	0.0955324992537
7377	7378	0.0955324992537
7378	7377	0.0955324992537
7378	7379	0.0897364988923
7378	7456	0.0530445016921
7379	7378	0.0897364988923
7379	7380	0.0897364988923
7380	7379	0.0897364988923
7380	7381	0.0897364988923
7381	7380	0.0897364988923
7381	7382	0.0897364988923
7382	7381	0.0897364988923
7382	7383	0.0897364988923
7383	7382	0.0897364988923
7383	7384	0.0897364988923
7384	7383	0.0897364988923
7384	7385	0.0897364988923
7385	7384	0.0897364988923
7385	7386	0.0897364988923
7386	7385	0.0897364988923
7386	7387	0.0897364988923
7387	7386	0.0897364988923
7387	7388	0.0897364988923
7388	7387	0.0897364988923
7388	7389	0.0897364988923
7389	7388	0.0897364988923
7389	7390	0.0897364988923
7390	7389	0.0897364988923
7390	7391	0.0897364988923
7391	7390	0.0897364988923
7391	7392	0.0897364988923
7392	7391	0.0897364988923
7392	7393	0.0897364988923
7393	7392	0.0897364988923
7393	7394	0.0897364988923
7394	7393	0.0897364988923
7394	7395	0.0897364988923
7395	7394	0.0897364988923
7395	7396	0.0897364988923
7396	7395	0.0897364988923
7396	7397	0.0897364988923
7397	7396	0.0897364988923
7397	7398	0.0897364988923
7398	7397	0.0897364988923
7398	7399	0.0897364988923
7399	7398	0.0897364988923
7399	7400	0.0897364988923
7400	7399	0.0897364988923
7400	7401	0.0897364988923
7401	7400	0.0897364988923
7401	7402	0.0897364988923
7402	7401	0.0897364988923
7402	7403	0.0897364988923
7403	7402	0.0897364988923
7403	7404	0.0897364988923
7404	7403	0.0897364988923
7404	7405	0.0897364988923
7405	7404	0.0897364988923
7405	7406	0.0897364988923
7406	7405	0.0897364988923
7406	7407	0.0812444984913
7406	7447	0.0571185015142
7407	7406	0.0812444984913
7407	7408	0.0812444984913
7408	7407	0.0812444984913
7408	7409	0.0812444984913
7409	7408	0.0812444984913
7409	7410	0.0812444984913
7410	7409	0.0812444984913
7410	7411	0.0812444984913
7411	7410	0.0812444984913
7411	7412	0.0812444984913
7412	7411	0.0812444984913
7412	7413	0.0812444984913
7413	7412	0.0812444984913
7413	7414	0.0812444984913
7414	7413	0.0812444984913
7414	7415	0.0812444984913
7415	7414	0.0812444984913
7415	7416	0.0812444984913
7416	7415	0.0812444984913
7416	7417	0.0812444984913
7417	7416	0.0812444984913
7417	7418	0.0812444984913
7418	7417	0.0812444984913
7418	7419	0.0812444984913
7419	7418	0.0812444984913
7419	7420	0.0812444984913
7420	7419	0.0812444984913
7420	7421	0.0812444984913
7421	7420	0.0812444984913
7421	7422	0.0812444984913
7422	7421	0.0812444984913
7422	7423	0.0812444984913
7423	7422	0.0812444984913
7423	7424	0.0812444984913
7424	7423	0.0812444984913
7424	7425	0.0812444984913
7425	7424	0.0812444984913
7425	7426	0.0812444984913
7426	7425	0.0812444984913
7426	7427	0.0812444984913
7427	7426	0.0812444984913
7427	7428	0.0812444984913
7428	7427	0.0812444984913
7428	7429	0.0812444984913
7429	7428	0.0812444984913
7429	7430	0.0812444984913
7430	7429	0.0812444984913
7430	7431	0.0812444984913
7431	7430	0.0812444984913
7431	7432	0.0812444984913
7432	7431	0.0812444984913
7432	7433	0.0812444984913
7433	7432	0.0812444984913
7433	7434	0.0812444984913
7434	7433	0.0812444984913
7434	7435	0.0812444984913
7435	7434	0.0812444984913
7435	7436	0.0812444984913
7436	7435	0.0812444984913
7436	7437	0.0812444984913
7437	7436	0.0812444984913
7437	7438	0.0812444984913
7438	7437	0.0812444984913
7438	7439	0.0812444984913
7439	7438	0.0812444984913
7439	7440	0.0812444984913
7440	7439	0.0812444984913
7440	7441	0.0812444984913
7441	7440	0.0812444984913
7441	7442	0.0812444984913
7442	7441	0.0812444984913
7442	7443	0.0812444984913
7443	7442	0.0812444984913
7443	7444	0.0812444984913
7444	7443	0.0812444984913
7444	7445	0.0812444984913
7445	7444	0.0812444984913
7445	7446	0.0812444984913
7446	7445	0.0812444984913
7447	7406	0.0571185015142
7447	7448	0.0571185015142
7448	7447	0.0571185015142
7448	7449	0.0571185015142
7449	7448	0.0571185015142
7449	7450	0.0571185015142
7450	7449	0.0571185015142
7450	7451	0.0571185015142
7451	7450	0.0571185015142
7451	7452	0.0571185015142
7452	7451	0.0571185015142
7452	7453	0.0571185015142
7453	7452	0.0571185015142
7453	7454	0.0571185015142
7454	7453	0.0571185015142
7454	7455	0.0571185015142
7455	7454	0.0571185015142
7456	7378	0.0530445016921
7456	7457	0.0530445016921
7457	7456	0.0530445016921
7457	7458	0.0530445016921
7458	7457	0.0530445016921
7458	7459	0.0530445016921
7459	7458	0.0530445016921
7459	7460	0.0530445016921
7460	7459	0.0530445016921
7460	7461	0.0530445016921
7461	7460	0.0530445016921
7461	7462	0.0530445016921
7462	7461	0.0530445016921
7462	7463	0.0530445016921
7463	7462	0.0530445016921
7463	7464	0.0530445016921
7464	7463	0.0530445016921
7464	7465	0.0530445016921
7465	7464	0.0530445016921
7465	7466	0.0530445016921
7466	7465	0.0530445016921
7466	7467	0.0530445016921
7467	7466	0.0530445016921
7467	7468	0.0530445016921
7468	7467	0.0530445016921
7468	7469	0.0530445016921
7469	7468	0.0530445016921
7470	7353	0.0523050017655
7470	7471	0.0523050017655
7471	7470	0.0523050017655
7471	7472	0.0523050017655
7472	7471	0.0523050017655
7472	7473	0.0523050017655
7473	7472	0.0523050017655
7473	7474	0.0523050017655
7474	7473	0.0523050017655
7474	7475	0.0523050017655
7475	7474	0.0523050017655
7475	7476	0.0523050017655
7476	7475	0.0523050017655
7476	7477	0.0523050017655
7477	7476	0.0523050017655
7477	7478	0.0523050017655
7478	7477	0.0523050017655
7478	7479	0.0523050017655
7479	7478	0.0523050017655
7479	7480	0.0523050017655
7480	7479	0.0523050017655
7480	7481	0.0523050017655
7481	7480	0.0523050017655
7481	7482	0.0523050017655
7482	7481	0.0523050017655
7482	7483	0.0523050017655
7483	7482	0.0523050017655
7483	7484	0.0523050017655
7484	7483	0.0523050017655
7484	7485	0.0523050017655
7485	7484	0.0523050017655
7485	7486	0.0523050017655
7486	7485	0.0523050017655
7486	7487	0.0523050017655
7487	7486	0.0523050017655
7487	7488	0.0523050017655
7488	7487	0.0523050017655
7488	7489	0.0523050017655
7489	7488	0.0523050017655
7490	7322	0.0466010011733
7490	7491	0.0466010011733
7491	7490	0.0466010011733
7491	7492	0.0466010011733
7492	7491	0.0466010011733
7492	7493	0.0466010011733
7493	7492	0.0466010011733
7493	7494	0.0466010011733
7494	7493	0.0466010011733
7494	7495	0.0466010011733
7495	7494	0.0466010011733
7495	7496	0.0466010011733
7496	7495	0.0466010011733
7496	7497	0.0466010011733
7497	7496	0.0466010011733
7497	7498	0.0466010011733
7498	7497	0.0466010011733
7498	7499	0.0466010011733
7499	7498	0.0466010011733
7499	7500	0.0466010011733
7500	7499	0.0466010011733
7500	7501	0.0466010011733
7501	7500	0.0466010011733
7501	7502	0.0466010011733
7502	7501	0.0466010011733
7502	7503	0.0466010011733
7503	7502	0.0466010011733
7503	7504	0.0466010011733
7504	7503	0.0466010011733
7504	7505	0.0466010011733
7505	7504	0.0466010011733
7505	7506	0.0466010011733
7506	7505	0.0466010011733
7506	7507	0.0466010011733
7507	7506	0.0466010011733
7508	4487	0.08628000319
7508	7509	0.08628000319
7509	7508	0.08628000319
7509	7510	0.08628000319
7510	7509	0.08628000319
7510	7511	0.08628000319
7511	7510	0.08628000319
7511	7512	0.08628000319
7512	7511	0.08628000319
7512	7513	0.08628000319
7513	7512	0.08628000319
7513	7514	0.08628000319
7514	7513	0.08628000319
7514	7515	0.08628000319
7515	7514	0.08628000319
7515	7516	0.08628000319
7516	7515	0.08628000319
7516	7517	0.08628000319
7517	7516	0.08628000319
7517	7518	0.08628000319
7518	7517	0.08628000319
7518	7519	0.08628000319
7519	7518	0.08628000319
7519	7520	0.08628000319
7520	7519	0.08628000319
7520	7521	0.08628000319
7521	7520	0.08628000319
7521	7522	0.08628000319
7522	7521	0.08628000319
7522	7523	0.08628000319
7523	7522	0.08628000319
7523	7524	0.08628000319
7524	7523	0.08628000319
7524	7525	0.08628000319
7525	7524	0.08628000319
7525	7526	0.08628000319
7526	7525	0.08628000319
7526	7527	0.08628000319
7527	7526	0.08628000319
7527	7528	0.08628000319
7528	7527	0.08628000319
7528	7529	0.08628000319
7529	7528	0.08628000319
7529	7530	0.08628000319
7530	7529	0.08628000319
7530	7531	0.08628000319
7531	7530	0.08628000319
7531	7532	0.08628000319
7532	7531	0.08628000319
7532	7533	0.08628000319
7533	7532	0.08628000319
7533	7534	0.08628000319
7534	7533	0.08628000319
7534	7535	0.08628000319
7535	7534	0.08628000319
7535	7536	0.08628000319
7536	7535	0.08628000319
7536	7537	0.08628000319
7537	7536	0.08628000319
7537	7538	0.08628000319
7538	7537	0.08628000319
7538	7539	0.08628000319
7539	7538	0.08628000319
7539	7540	0.08628000319
7540	7539	0.08628000319
7540	7541	0.08628000319
7541	7540	0.08628000319
7541	7542	0.08628000319
7542	7541	0.08628000319
7542	7543	0.08628000319
7543	7542	0.08628000319
7543	7544	0.08628000319
7544	7543	0.08628000319
7544	7545	0.08628000319
7545	7544	0.08628000319
7545	7546	0.08628000319
7546	7545	0.08628000319
7546	7547	0.08628000319
7547	7546	0.08628000319
7547	7548	0.08628000319
7548	7547	0.08628000319
7548	7549	0.08628000319
7549	7548	0.08628000319
7549	7550	0.08628000319
7550	7549	0.08628000319
7550	7551	0.08628000319
7551	7550	0.08628000319
7551	7552	0.08628000319
7552	7551	0.08628000319
7552	7553	0.08628000319
7553	7552	0.08628000319
7553	7554	0.08628000319
7554	7553	0.08628000319
7554	7555	0.08628000319
7555	7554	0.08628000319
7555	7556	0.08628000319
7556	7555	0.08628000319
7556	7557	0.08628000319
7557	7556	0.08628000319
7557	7558	0.0456189997494
7557	7569	0.0818004980683
7558	7557	0.0456189997494
7558	7559	0.0456189997494
7559	7558	0.0456189997494
7559	7560	0.0456189997494
7560	7559	0.0456189997494
7560	7561	0.0456189997494
7561	7560	0.0456189997494
7561	7562	0.0456189997494
7562	7561	0.0456189997494
7562	7563	0.0456189997494
7563	7562	0.0456189997494
7563	7564	0.0456189997494
7564	7563	0.0456189997494
7564	7565	0.0456189997494
7565	7564	0.0456189997494
7565	7566	0.0456189997494
7566	7565	0.0456189997494
7566	7567	0.0456189997494
7567	7566	0.0456189997494
7567	7568	0.0456189997494
7568	7567	0.0456189997494
7569	7557	0.0818004980683
7569	7570	0.0818004980683
7570	7569	0.0818004980683
7570	7571	0.0818004980683
7571	7570	0.0818004980683
7571	7572	0.0818004980683
7572	7571	0.0818004980683
7572	7573	0.0818004980683
7573	7572	0.0818004980683
7573	7574	0.0818004980683
7574	7573	0.0818004980683
7574	7575	0.0818004980683
7575	7574	0.0818004980683
7575	7576	0.0818004980683
7576	7575	0.0818004980683
7576	7577	0.0818004980683
7577	7576	0.0818004980683
7577	7578	0.0818004980683
7578	7577	0.0818004980683
7578	7579	0.0818004980683
7579	7578	0.0818004980683
7579	7580	0.0818004980683
7580	7579	0.0818004980683
7580	7581	0.0818004980683
7581	7580	0.0818004980683
7581	7582	0.0818004980683
7582	7581	0.0818004980683
7582	7583	0.0818004980683
7583	7582	0.0818004980683
7583	7584	0.0818004980683
7584	7583	0.0818004980683
7584	7585	0.0818004980683
7585	7584	0.0818004980683
7585	7586	0.0818004980683
7586	7585	0.0818004980683
7586	7587	0.0818004980683
7587	7586	0.0818004980683
7587	7588	0.0818004980683
7588	7587	0.0818004980683
7588	7589	0.0818004980683
7589	7588	0.0818004980683
7589	7590	0.0818004980683
7590	7589	0.0818004980683
7590	7591	0.0818004980683
7591	7590	0.0818004980683
7591	7592	0.0818004980683
7592	7591	0.0818004980683
7592	7593	0.0818004980683
7593	7592	0.0818004980683
7593	7594	0.0818004980683
7594	7593	0.0818004980683
7594	7595	0.0818004980683
7595	7594	0.0818004980683
7595	7596	0.0818004980683
7596	7595	0.0818004980683
7596	7597	0.0818004980683
7597	7596	0.0818004980683
7597	7598	0.0602150000632
7597	7615	0.069035500288
7598	7597	0.0602150000632
7598	7599	0.0602150000632
7599	7598	0.0602150000632
7599	7600	0.0602150000632
7600	7599	0.0602150000632
7600	7601	0.0602150000632
7601	7600	0.0602150000632
7601	7602	0.0602150000632
7602	7601	0.0602150000632
7602	7603	0.0602150000632
7603	7602	0.0602150000632
7603	7604	0.0602150000632
7604	7603	0.0602150000632
7604	7605	0.0602150000632
7605	7604	0.0602150000632
7605	7606	0.0602150000632
7606	7605	0.0602150000632
7606	7607	0.0602150000632
7607	7606	0.0602150000632
7607	7608	0.0602150000632
7608	7607	0.0602150000632
7608	7609	0.0602150000632
7609	7608	0.0602150000632
7609	7610	0.0602150000632
7610	7609	0.0602150000632
7610	7611	0.0602150000632
7611	7610	0.0602150000632
7611	7612	0.0602150000632
7612	7611	0.0602150000632
7612	7613	0.0602150000632
7613	7612	0.0602150000632
7613	7614	0.0602150000632
7614	7613	0.0602150000632
7615	7597	0.069035500288
7615	7616	0.069035500288
7616	7615	0.069035500288
7616	7617	0.069035500288
7617	7616	0.069035500288
7617	7618	0.069035500288
7618	7617	0.069035500288
7618	7619	0.069035500288
7619	7618	0.069035500288
7619	7620	0.069035500288
7620	7619	0.069035500288
7620	7621	0.069035500288
7621	7620	0.069035500288
7621	7622	0.069035500288
7622	7621	0.069035500288
7622	7623	0.069035500288
7623	7622	0.069035500288
7623	7624	0.069035500288
7624	7623	0.069035500288
7624	7625	0.069035500288
7625	7624	0.069035500288
7625	7626	0.069035500288
7626	7625	0.069035500288
7626	7627	0.069035500288
7627	7626	0.069035500288
7627	7628	0.069035500288
7628	7627	0.069035500288
7628	7629	0.069035500288
7629	7628	0.069035500288
7629	7630	0.069035500288
7630	7629	0.069035500288
7630	7631	0.069035500288
7631	7630	0.069035500288
7631	7632	0.069035500288
7632	7631	0.069035500288
7632	7633	0.069035500288
7633	7632	0.069035500288
7633	7634	0.069035500288
7634	7633	0.069035500288
7634	7635	0.069035500288
7635	7634	0.069035500288
7635	7636	0.069035500288
7636	7635	0.069035500288
7636	7637	0.069035500288
7637	7636	0.069035500288
7637	7638	0.069035500288
7638	7637	0.069035500288
7638	7639	0.069035500288
7639	7638	0.069035500288
7639	7640	0.069035500288
7640	7639	0.069035500288
7640	7641	0.069035500288
7641	7640	0.069035500288
7641	7642	0.069035500288
7642	7641	0.069035500288
7642	7643	0.069035500288
7643	7642	0.069035500288
7643	7644	0.069035500288
7644	7643	0.069035500288
7644	7645	0.069035500288
7645	7644	0.069035500288
7646	4469	0.0664094984531
7646	7647	0.0664094984531
7647	7646	0.0664094984531
7647	7648	0.0664094984531
7648	7647	0.0664094984531
7648	7649	0.0664094984531
7649	7648	0.0664094984531
7649	7650	0.0664094984531
7650	7649	0.0664094984531
7650	7651	0.0664094984531
7651	7650	0.0664094984531
7651	7652	0.0664094984531
7652	7651	0.0664094984531
7652	7653	0.0664094984531
7653	7652	0.0664094984531
7653	7654	0.0664094984531
7654	7653	0.0664094984531
7654	7655	0.0664094984531
7655	7654	0.0664094984531
7655	7656	0.0664094984531
7656	7655	0.0664094984531
7656	7657	0.0664094984531
7657	7656	0.0664094984531
7657	7658	0.0664094984531
7658	7657	0.0664094984531
7658	7659	0.0664094984531
7659	7658	0.0664094984531
7659	7660	0.0664094984531
7660	7659	0.0664094984531
7660	7661	0.0664094984531
7661	7660	0.0664094984531
7661	7662	0.0664094984531
7662	7661	0.0664094984531
7662	7663	0.0664094984531
7663	7662	0.0664094984531
7663	7664	0.0664094984531
7664	7663	0.0664094984531
7664	7665	0.0664094984531
7665	7664	0.0664094984531
7665	7666	0.0664094984531
7666	7665	0.0664094984531
7666	7667	0.0664094984531
7667	7666	0.0664094984531
7667	7668	0.0664094984531
7668	7667	0.0664094984531
7668	7669	0.0664094984531
7669	7668	0.0664094984531
7669	7670	0.0519860014319
7669	7692	0.0534134991467
7670	7669	0.0519860014319
7670	7671	0.0519860014319
7671	7670	0.0519860014319
7671	7672	0.0519860014319
7672	7671	0.0519860014319
7672	7673	0.0519860014319
7673	7672	0.0519860014319
7673	7674	0.0519860014319
7674	7673	0.0519860014319
7674	7675	0.0519860014319
7675	7674	0.0519860014319
7675	7676	0.0519860014319
7676	7675	0.0519860014319
7676	7677	0.0519860014319
7677	7676	0.0519860014319
7677	7678	0.0519860014319
7678	7677	0.0519860014319
7678	7679	0.0519860014319
7679	7678	0.0519860014319
7679	7680	0.0519860014319
7680	7679	0.0519860014319
7680	7681	0.0519860014319
7681	7680	0.0519860014319
7681	7682	0.0519860014319
7682	7681	0.0519860014319
7682	7683	0.0519860014319
7683	7682	0.0519860014319
7683	7684	0.0519860014319
7684	7683	0.0519860014319
7684	7685	0.0519860014319
7685	7684	0.0519860014319
7685	7686	0.0519860014319
7686	7685	0.0519860014319
7686	7687	0.0519860014319
7687	7686	0.0519860014319
7687	7688	0.0519860014319
7688	7687	0.0519860014319
7688	7689	0.0519860014319
7689	7688	0.0519860014319
7689	7690	0.0519860014319
7690	7689	0.0519860014319
7690	7691	0.0519860014319
7691	7690	0.0519860014319
7692	7669	0.0534134991467
7692	7693	0.0534134991467
7693	7692	0.0534134991467
7693	7694	0.0534134991467
7694	7693	0.0534134991467
7694	7695	0.0534134991467
7695	7694	0.0534134991467
7695	7696	0.0534134991467
7696	7695	0.0534134991467
7696	7697	0.0534134991467
7697	7696	0.0534134991467
7697	7698	0.0534134991467
7698	7697	0.0534134991467
7698	7699	0.0534134991467
7699	7698	0.0534134991467
7699	7700	0.0534134991467
7700	7699	0.0534134991467
7700	7701	0.0534134991467
7701	7700	0.0534134991467
7701	7702	0.0534134991467
7702	7701	0.0534134991467
7702	7703	0.0534134991467
7703	7702	0.0534134991467
7703	7704	0.0534134991467
7704	7703	0.0534134991467
7704	7705	0.0534134991467
7705	7704	0.0534134991467
7705	7706	0.0534134991467
7706	7705	0.0534134991467
7706	7707	0.0534134991467
7707	7706	0.0534134991467
7707	7708	0.0534134991467
7708	7707	0.0534134991467
7708	7709	0.0534134991467
7709	7708	0.0534134991467
7709	7710	0.0534134991467
7710	7709	0.0534134991467
7710	7711	0.0534134991467
7711	7710	0.0534134991467
7711	7712	0.0534134991467
7712	7711	0.0534134991467
7712	7713	0.0534134991467
7713	7712	0.0534134991467
7713	7714	0.0534134991467
7714	7713	0.0534134991467
7714	7715	0.0534134991467
7715	7714	0.0534134991467
7715	7716	0.0534134991467
7716	7715	0.0534134991467
7717	4087	0.0746254995465
7717	7718	0.0746254995465
7718	7717	0.0746254995465
7718	7719	0.0746254995465
7719	7718	0.0746254995465
7719	7720	0.0746254995465
7720	7719	0.0746254995465
7720	7721	0.0746254995465
7721	7720	0.0746254995465
7721	7722	0.0746254995465
7722	7721	0.0746254995465
7722	7723	0.0746254995465
7723	7722	0.0746254995465
7723	7724	0.0746254995465
7724	7723	0.0746254995465
7724	7725	0.0746254995465
7725	7724	0.0746254995465
7725	7726	0.0746254995465
7726	7725	0.0746254995465
7726	7727	0.0746254995465
7727	7726	0.0746254995465
7727	7728	0.0746254995465
7728	7727	0.0746254995465
7728	7729	0.0746254995465
7729	7728	0.0746254995465
7729	7730	0.0746254995465
7730	7729	0.0746254995465
7730	7731	0.0746254995465
7731	7730	0.0746254995465
7731	7732	0.0699305012822
7731	7803	0.0419090017676
7732	7731	0.0699305012822
7732	7733	0.0699305012822
7733	7732	0.0699305012822
7733	7734	0.0699305012822
7734	7733	0.0699305012822
7734	7735	0.0699305012822
7735	7734	0.0699305012822
7735	7736	0.0699305012822
7736	7735	0.0699305012822
7736	7737	0.0699305012822
7737	7736	0.0699305012822
7737	7738	0.0699305012822
7738	7737	0.0699305012822
7738	7739	0.0699305012822
7739	7738	0.0699305012822
7739	7740	0.0699305012822
7740	7739	0.0699305012822
7740	7741	0.0699305012822
7741	7740	0.0699305012822
7741	7742	0.0699305012822
7742	7741	0.0699305012822
7742	7743	0.0699305012822
7743	7742	0.0699305012822
7743	7744	0.0699305012822
7744	7743	0.0699305012822
7744	7745	0.0699305012822
7745	7744	0.0699305012822
7745	7746	0.0699305012822
7746	7745	0.0699305012822
7746	7747	0.0699305012822
7747	7746	0.0699305012822
7747	7748	0.0699305012822
7748	7747	0.0699305012822
7748	7749	0.0699305012822
7749	7748	0.0699305012822
7749	7750	0.0699305012822
7750	7749	0.0699305012822
7750	7751	0.0699305012822
7751	7750	0.0699305012822
7751	7752	0.0699305012822
7752	7751	0.0699305012822
7752	7753	0.0699305012822
7753	7752	0.0699305012822
7753	7754	0.0699305012822
7754	7753	0.0699305012822
7754	7755	0.0699305012822
7755	7754	0.0699305012822
7755	7756	0.0699305012822
7756	7755	0.0699305012822
7756	7757	0.0644380003214
7756	7796	0.0420619994402
7757	7756	0.0644380003214
7757	7758	0.0644380003214
7758	7757	0.0644380003214
7758	7759	0.0644380003214
7759	7758	0.0644380003214
7759	7760	0.0644380003214
7760	7759	0.0644380003214
7760	7761	0.0644380003214
7761	7760	0.0644380003214
7761	7762	0.0644380003214
7762	7761	0.0644380003214
7762	7763	0.0644380003214
7763	7762	0.0644380003214
7763	7764	0.0644380003214
7764	7763	0.0644380003214
7764	7765	0.0644380003214
7765	7764	0.0644380003214
7765	7766	0.0644380003214
7766	7765	0.0644380003214
7766	7767	0.0644380003214
7767	7766	0.0644380003214
7767	7768	0.0644380003214
7768	7767	0.0644380003214
7768	7769	0.0644380003214
7769	7768	0.0644380003214
7769	7770	0.0644380003214
7770	7769	0.0644380003214
7770	7771	0.0644380003214
7771	7770	0.0644380003214
7771	7772	0.0644380003214
7772	7771	0.0644380003214
7772	7773	0.0644380003214
7773	7772	0.0644380003214
7773	7774	0.0644380003214
7774	7773	0.0644380003214
7774	7775	0.0644380003214
7775	7774	0.0644380003214
7775	7776	0.0644380003214
7776	7775	0.0644380003214
7776	7777	0.0644380003214
7777	7776	0.0644380003214
7777	7778	0.0644380003214
7778	7777	0.0644380003214
7778	7779	0.0644380003214
7779	7778	0.0644380003214
7779	7780	0.0644380003214
7780	7779	0.0644380003214
7780	7781	0.0644380003214
7781	7780	0.0644380003214
7781	7782	0.0644380003214
7782	7781	0.0644380003214
7782	7783	0.0644380003214
7783	7782	0.0644380003214
7783	7784	0.0644380003214
7784	7783	0.0644380003214
7784	7785	0.0644380003214
7785	7784	0.0644380003214
7785	7786	0.0644380003214
7786	7785	0.0644380003214
7786	7787	0.0644380003214
7787	7786	0.0644380003214
7787	7788	0.0644380003214
7788	7787	0.0644380003214
7788	7789	0.0644380003214
7789	7788	0.0644380003214
7789	7790	0.0644380003214
7790	7789	0.0644380003214
7790	7791	0.0644380003214
7791	7790	0.0644380003214
7791	7792	0.0644380003214
7792	7791	0.0644380003214
7792	7793	0.0644380003214
7793	7792	0.0644380003214
7793	7794	0.0644380003214
7794	7793	0.0644380003214
7794	7795	0.0644380003214
7795	7794	0.0644380003214
7796	7756	0.0420619994402
7796	7797	0.0420619994402
7797	7796	0.0420619994402
7797	7798	0.0420619994402
7798	7797	0.0420619994402
7798	7799	0.0420619994402
7799	7798	0.0420619994402
7799	7800	0.0420619994402
7800	7799	0.0420619994402
7800	7801	0.0420619994402
7801	7800	0.0420619994402
7801	7802	0.0420619994402
7802	7801	0.0420619994402
7803	7731	0.0419090017676
7803	7804	0.0419090017676
7804	7803	0.0419090017676
7804	7805	0.0419090017676
7805	7804	0.0419090017676
7805	7806	0.0419090017676
7806	7805	0.0419090017676
7806	7807	0.0419090017676
7807	7806	0.0419090017676
7807	7808	0.0419090017676
7808	7807	0.0419090017676
7808	7809	0.0419090017676
7809	7808	0.0419090017676
7809	7810	0.0419090017676
7810	7809	0.0419090017676
7810	7811	0.0419090017676
7811	7810	0.0419090017676
7811	7812	0.0419090017676
7812	7811	0.0419090017676
7812	7813	0.0419090017676
7813	7812	0.0419090017676
7813	7814	0.0419090017676
7814	7813	0.0419090017676
7814	7815	0.0419090017676
7815	7814	0.0419090017676
7816	4015	0.0406355001032
7816	7817	0.0406355001032
7817	7816	0.0406355001032
7817	7818	0.0406355001032
7818	7817	0.0406355001032
7818	7819	0.0406355001032
7819	7818	0.0406355001032
7819	7820	0.0406355001032
7820	7819	0.0406355001032
7820	7821	0.0406355001032
7821	7820	0.0406355001032
7821	7822	0.0406355001032
7822	7821	0.0406355001032
7822	7823	0.0406355001032
7823	7822	0.0406355001032
7823	7824	0.0406355001032
7824	7823	0.0406355001032
7824	7825	0.0406355001032
7825	7824	0.0406355001032
7825	7826	0.0406355001032
7826	7825	0.0406355001032
7826	7827	0.0406355001032
7827	7826	0.0406355001032
7827	7828	0.0406355001032
7828	7827	0.0406355001032
7828	7829	0.0406355001032
7829	7828	0.0406355001032
7829	7830	0.0406355001032
7830	7829	0.0406355001032
7830	7831	0.0406355001032
7831	7830	0.0406355001032
7831	7832	0.0406355001032
7832	7831	0.0406355001032
7833	3998	0.0451029986143
7833	7834	0.0451029986143
7834	7833	0.0451029986143
7834	7835	0.0451029986143
7835	7834	0.0451029986143
7835	7836	0.0451029986143
7836	7835	0.0451029986143
7836	7837	0.0451029986143
7837	7836	0.0451029986143
7837	7838	0.0451029986143
7838	7837	0.0451029986143
7838	7839	0.0451029986143
7839	7838	0.0451029986143
7839	7840	0.0451029986143
7840	7839	0.0451029986143
7840	7841	0.0451029986143
7841	7840	0.0451029986143
7841	7842	0.0451029986143
7842	7841	0.0451029986143
7842	7843	0.0451029986143
7843	7842	0.0451029986143
7843	7844	0.0451029986143
7844	7843	0.0451029986143
7844	7845	0.0451029986143
7845	7844	0.0451029986143
7845	7846	0.0451029986143
7846	7845	0.0451029986143
7846	7847	0.0451029986143
7847	7846	0.0451029986143
7847	7848	0.0451029986143
7848	7847	0.0451029986143
7848	7849	0.0451029986143
7849	7848	0.0451029986143
7849	7850	0.0451029986143
7850	7849	0.0451029986143
7850	7851	0.0451029986143
7851	7850	0.0451029986143
7851	7852	0.0451029986143
7852	7851	0.0451029986143
7852	7853	0.0451029986143
7853	7852	0.0451029986143
7853	7854	0.0451029986143
7854	7853	0.0451029986143
7854	7855	0.0451029986143
7855	7854	0.0451029986143
7855	7856	0.0451029986143
7856	7855	0.0451029986143
7856	7857	0.0451029986143
7857	7856	0.0451029986143
7857	7858	0.0451029986143
7858	7857	0.0451029986143
7858	7859	0.0451029986143
7859	7858	0.0451029986143
7860	2591	0.0668580010533
7860	7861	0.0668580010533
7861	7860	0.0668580010533
7861	7862	0.0668580010533
7862	7861	0.0668580010533
7862	7863	0.0668580010533
7863	7862	0.0668580010533
7863	7864	0.0668580010533
7864	7863	0.0668580010533
7864	7865	0.0668580010533
7865	7864	0.0668580010533
7865	7866	0.0668580010533
7866	7865	0.0668580010533
7866	7867	0.0668580010533
7867	7866	0.0668580010533
7867	7868	0.0668580010533
7868	7867	0.0668580010533
7868	7869	0.0668580010533
7869	7868	0.0668580010533
7869	7870	0.0668580010533
7870	7869	0.0668580010533
7870	7871	0.0668580010533
7871	7870	0.0668580010533
7871	7872	0.0644180029631
7871	7945	0.0315954983234
7872	7871	0.0644180029631
7872	7873	0.0644180029631
7873	7872	0.0644180029631
7873	7874	0.0644180029631
7874	7873	0.0644180029631
7874	7875	0.0644180029631
7875	7874	0.0644180029631
7875	7876	0.0644180029631
7876	7875	0.0644180029631
7876	7877	0.0644180029631
7877	7876	0.0644180029631
7877	7878	0.0644180029631
7878	7877	0.0644180029631
7878	7879	0.0644180029631
7879	7878	0.0644180029631
7879	7880	0.0644180029631
7880	7879	0.0644180029631
7880	7881	0.0644180029631
7881	7880	0.0644180029631
7881	7882	0.0644180029631
7882	7881	0.0644180029631
7882	7883	0.0644180029631
7883	7882	0.0644180029631
7883	7884	0.0473854988813
7883	7906	0.0543919987977
7884	7883	0.0473854988813
7884	7885	0.0473854988813
7885	7884	0.0473854988813
7885	7886	0.0473854988813
7886	7885	0.0473854988813
7886	7887	0.0473854988813
7887	7886	0.0473854988813
7887	7888	0.0473854988813
7888	7887	0.0473854988813
7888	7889	0.0473854988813
7889	7888	0.0473854988813
7889	7890	0.0473854988813
7890	7889	0.0473854988813
7890	7891	0.0473854988813
7891	7890	0.0473854988813
7891	7892	0.0473854988813
7892	7891	0.0473854988813
7892	7893	0.0473854988813
7893	7892	0.0473854988813
7893	7894	0.0473854988813
7894	7893	0.0473854988813
7894	7895	0.0473854988813
7895	7894	0.0473854988813
7895	7896	0.0473854988813
7896	7895	0.0473854988813
7896	7897	0.0473854988813
7897	7896	0.0473854988813
7897	7898	0.0473854988813
7898	7897	0.0473854988813
7898	7899	0.0473854988813
7899	7898	0.0473854988813
7899	7900	0.0473854988813
7900	7899	0.0473854988813
7900	7901	0.0473854988813
7901	7900	0.0473854988813
7901	7902	0.0473854988813
7902	7901	0.0473854988813
7902	7903	0.0473854988813
7903	7902	0.0473854988813
7903	7904	0.0473854988813
7904	7903	0.0473854988813
7904	7905	0.0473854988813
7905	7904	0.0473854988813
7906	7883	0.0543919987977
7906	7907	0.0543919987977
7907	7906	0.0543919987977
7907	7908	0.0543919987977
7908	7907	0.0543919987977
7908	7909	0.0543919987977
7909	7908	0.0543919987977
7909	7910	0.0543919987977
7910	7909	0.0543919987977
7910	7911	0.0543919987977
7911	7910	0.0543919987977
7911	7912	0.0543919987977
7912	7911	0.0543919987977
7912	7913	0.0543919987977
7913	7912	0.0543919987977
7913	7914	0.0543919987977
7914	7913	0.0543919987977
7914	7915	0.0543919987977
7915	7914	0.0543919987977
7915	7916	0.0543919987977
7916	7915	0.0543919987977
7916	7917	0.0543919987977
7917	7916	0.0543919987977
7917	7918	0.0543919987977
7918	7917	0.0543919987977
7918	7919	0.0543919987977
7919	7918	0.0543919987977
7919	7920	0.0543919987977
7920	7919	0.0543919987977
7920	7921	0.0543919987977
7921	7920	0.0543919987977
7921	7922	0.0543919987977
7922	7921	0.0543919987977
7922	7923	0.0543919987977
7923	7922	0.0543919987977
7923	7924	0.0543919987977
7924	7923	0.0543919987977
7924	7925	0.0543919987977
7925	7924	0.0543919987977
7925	7926	0.0543919987977
7926	7925	0.0543919987977
7926	7927	0.0543919987977
7927	7926	0.0543919987977
7927	7928	0.0543919987977
7928	7927	0.0543919987977
7928	7929	0.0543919987977
7929	7928	0.0543919987977
7929	7930	0.0543919987977
7930	7929	0.0543919987977
7930	7931	0.0543919987977
7931	7930	0.0543919987977
7931	7932	0.0543919987977
7932	7931	0.0543919987977
7932	7933	0.0543919987977
7933	7932	0.0543919987977
7933	7934	0.0543919987977
7934	7933	0.0543919987977
7934	7935	0.0543919987977
7935	7934	0.0543919987977
7935	7936	0.0543919987977
7936	7935	0.0543919987977
7936	7937	0.0543919987977
7937	7936	0.0543919987977
7937	7938	0.0543919987977
7938	7937	0.0543919987977
7938	7939	0.0543919987977
7939	7938	0.0543919987977
7939	7940	0.0543919987977
7940	7939	0.0543919987977
7940	7941	0.0543919987977
7941	7940	0.0543919987977
7941	7942	0.0543919987977
7942	7941	0.0543919987977
7942	7943	0.0543919987977
7943	7942	0.0543919987977
7943	7944	0.0543919987977
7944	7943	0.0543919987977
7945	7871	0.0315954983234
7945	7946	0.0315954983234
7946	7945	0.0315954983234
7946	7947	0.0315954983234
7947	7946	0.0315954983234
7947	7948	0.0315954983234
7948	7947	0.0315954983234
7948	7949	0.0315954983234
7949	7948	0.0315954983234
7950	2554	0.0389995016158
7950	7951	0.0389995016158
7951	7950	0.0389995016158
7951	7952	0.0389995016158
7952	7951	0.0389995016158
7952	7953	0.0389995016158
7953	7952	0.0389995016158
7953	7954	0.0389995016158
7954	7953	0.0389995016158
7954	7955	0.0389995016158
7955	7954	0.0389995016158
7955	7956	0.0389995016158
7956	7955	0.0389995016158
7956	7957	0.0389995016158
7957	7956	0.0389995016158
7957	7958	0.0389995016158
7958	7957	0.0389995016158
7958	7959	0.0389995016158
7959	7958	0.0389995016158
7959	7960	0.0389995016158
7960	7959	0.0389995016158
7960	7961	0.0389995016158
7961	7960	0.0389995016158
7961	7962	0.0389995016158
7962	7961	0.0389995016158
7962	7963	0.0389995016158
7963	7962	0.0389995016158
7963	7964	0.0389995016158
7964	7963	0.0389995016158
7964	7965	0.0389995016158
7965	7964	0.0389995016158
7965	7966	0.0389995016158
7966	7965	0.0389995016158
7966	7967	0.0389995016158
7967	7966	0.0389995016158
7968	1854	0.116685502231
7968	7969	0.116685502231
7969	7968	0.116685502231
7969	7970	0.116685502231
7970	7969	0.116685502231
7970	7971	0.116685502231
7971	7970	0.116685502231
7971	7972	0.116685502231
7972	7971	0.116685502231
7972	7973	0.116685502231
7973	7972	0.116685502231
7973	7974	0.116685502231
7974	7973	0.116685502231
7974	7975	0.116685502231
7975	7974	0.116685502231
7975	7976	0.116685502231
7976	7975	0.116685502231
7976	7977	0.115233503282
7976	8365	0.0388334989548
7977	7976	0.115233503282
7977	7978	0.115233503282
7978	7977	0.115233503282
7978	7979	0.115233503282
7979	7978	0.115233503282
7979	7980	0.115233503282
7980	7979	0.115233503282
7980	7981	0.115233503282
7981	7980	0.115233503282
7981	7982	0.115233503282
7982	7981	0.115233503282
7982	7983	0.115233503282
7983	7982	0.115233503282
7983	7984	0.115233503282
7984	7983	0.115233503282
7984	7985	0.115233503282
7985	7984	0.115233503282
7985	7986	0.115233503282
7986	7985	0.115233503282
7986	7987	0.115233503282
7987	7986	0.115233503282
7987	7988	0.115233503282
7988	7987	0.115233503282
7988	7989	0.115233503282
7989	7988	0.115233503282
7989	7990	0.115233503282
7990	7989	0.115233503282
7990	7991	0.115233503282
7991	7990	0.115233503282
7991	7992	0.115233503282
7992	7991	0.115233503282
7992	7993	0.115233503282
7993	7992	0.115233503282
7993	7994	0.115233503282
7994	7993	0.115233503282
7994	7995	0.115233503282
7995	7994	0.115233503282
7995	7996	0.115233503282
7996	7995	0.115233503282
7996	7997	0.115233503282
7997	7996	0.115233503282
7997	7998	0.115233503282
7998	7997	0.115233503282
7998	7999	0.115233503282
7999	7998	0.115233503282
7999	8000	0.0492689982057
7999	8038	0.112149499357
8000	7999	0.0492689982057
8000	8001	0.0492689982057
8001	8000	0.0492689982057
8001	8002	0.0492689982057
8002	8001	0.0492689982057
8002	8003	0.0492689982057
8003	8002	0.0492689982057
8003	8004	0.0492689982057
8004	8003	0.0492689982057
8004	8005	0.0492689982057
8005	8004	0.0492689982057
8005	8006	0.0492689982057
8006	8005	0.0492689982057
8006	8007	0.0492689982057
8007	8006	0.0492689982057
8007	8008	0.0492689982057
8008	8007	0.0492689982057
8008	8009	0.0492689982057
8009	8008	0.0492689982057
8009	8010	0.0492689982057
8010	8009	0.0492689982057
8010	8011	0.0492689982057
8011	8010	0.0492689982057
8011	8012	0.0492689982057
8012	8011	0.0492689982057
8012	8013	0.0492689982057
8013	8012	0.0492689982057
8013	8014	0.0492689982057
8014	8013	0.0492689982057
8014	8015	0.0492689982057
8015	8014	0.0492689982057
8015	8016	0.0492689982057
8016	8015	0.0492689982057
8016	8017	0.0492689982057
8017	8016	0.0492689982057
8017	8018	0.0492689982057
8018	8017	0.0492689982057
8018	8019	0.0492689982057
8019	8018	0.0492689982057
8019	8020	0.0492689982057
8020	8019	0.0492689982057
8020	8021	0.0492689982057
8021	8020	0.0492689982057
8021	8022	0.0492689982057
8022	8021	0.0492689982057
8022	8023	0.0492689982057
8023	8022	0.0492689982057
8023	8024	0.0492689982057
8024	8023	0.0492689982057
8024	8025	0.0492689982057
8025	8024	0.0492689982057
8025	8026	0.0492689982057
8026	8025	0.0492689982057
8026	8027	0.0492689982057
8027	8026	0.0492689982057
8027	8028	0.0492689982057
8028	8027	0.0492689982057
8028	8029	0.0492689982057
8029	8028	0.0492689982057
8029	8030	0.0492689982057
8030	8029	0.0492689982057
8030	8031	0.0492689982057
8031	8030	0.0492689982057
8031	8032	0.0492689982057
8032	8031	0.0492689982057
8032	8033	0.0492689982057
8033	8032	0.0492689982057
8033	8034	0.0492689982057
8034	8033	0.0492689982057
8034	8035	0.0492689982057
8035	8034	0.0492689982057
8035	8036	0.0492689982057
8036	8035	0.0492689982057
8036	8037	0.0492689982057
8037	8036	0.0492689982057
8038	7999	0.112149499357
8038	8039	0.112149499357
8039	8038	0.112149499357
8039	8040	0.112149499357
8040	8039	0.112149499357
8040	8041	0.112149499357
8041	8040	0.112149499357
8041	8042	0.112149499357
8042	8041	0.112149499357
8042	8043	0.112149499357
8043	8042	0.112149499357
8043	8044	0.112149499357
8044	8043	0.112149499357
8044	8045	0.11081700027
8044	8354	0.0367644988
8045	8044	0.11081700027
8045	8046	0.11081700027
8046	8045	0.11081700027
8046	8047	0.11081700027
8047	8046	0.11081700027
8047	8048	0.11081700027
8048	8047	0.11081700027
8048	8049	0.11081700027
8049	8048	0.11081700027
8049	8050	0.11081700027
8050	8049	0.11081700027
8050	8051	0.11081700027
8051	8050	0.11081700027
8051	8052	0.108745500445
8051	8337	0.0421539992094
8052	8051	0.108745500445
8052	8053	0.108745500445
8053	8052	0.108745500445
8053	8054	0.108745500445
8054	8053	0.108745500445
8054	8055	0.108745500445
8055	8054	0.108745500445
8055	8056	0.108745500445
8056	8055	0.108745500445
8056	8057	0.108745500445
8057	8056	0.108745500445
8057	8058	0.108745500445
8058	8057	0.108745500445
8058	8059	0.108745500445
8059	8058	0.108745500445
8059	8060	0.108745500445
8060	8059	0.108745500445
8060	8061	0.108745500445
8061	8060	0.108745500445
8061	8062	0.108745500445
8062	8061	0.108745500445
8062	8063	0.105379998684
8062	8309	0.0487309992313
8063	8062	0.105379998684
8063	8064	0.105379998684
8064	8063	0.105379998684
8064	8065	0.105379998684
8065	8064	0.105379998684
8065	8066	0.105379998684
8066	8065	0.105379998684
8066	8067	0.105379998684
8067	8066	0.105379998684
8067	8068	0.105379998684
8068	8067	0.105379998684
8068	8069	0.105379998684
8069	8068	0.105379998684
8069	8070	0.105379998684
8070	8069	0.105379998684
8070	8071	0.105379998684
8071	8070	0.105379998684
8071	8072	0.105379998684
8072	8071	0.105379998684
8072	8073	0.105379998684
8073	8072	0.105379998684
8073	8074	0.105379998684
8074	8073	0.105379998684
8074	8075	0.105379998684
8075	8074	0.105379998684
8075	8076	0.105379998684
8076	8075	0.105379998684
8076	8077	0.057529501617
8076	8125	0.0993235036731
8077	8076	0.057529501617
8077	8078	0.057529501617
8078	8077	0.057529501617
8078	8079	0.057529501617
8079	8078	0.057529501617
8079	8080	0.057529501617
8080	8079	0.057529501617
8080	8081	0.057529501617
8081	8080	0.057529501617
8081	8082	0.057529501617
8082	8081	0.057529501617
8082	8083	0.057529501617
8083	8082	0.057529501617
8083	8084	0.057529501617
8084	8083	0.057529501617
8084	8085	0.057529501617
8085	8084	0.057529501617
8085	8086	0.057529501617
8086	8085	0.057529501617
8086	8087	0.057529501617
8087	8086	0.057529501617
8087	8088	0.057529501617
8088	8087	0.057529501617
8088	8089	0.057529501617
8089	8088	0.057529501617
8089	8090	0.057529501617
8090	8089	0.057529501617
8090	8091	0.057529501617
8091	8090	0.057529501617
8091	8092	0.057529501617
8092	8091	0.057529501617
8092	8093	0.057529501617
8093	8092	0.057529501617
8093	8094	0.057529501617
8094	8093	0.057529501617
8094	8095	0.057529501617
8095	8094	0.057529501617
8095	8096	0.057529501617
8096	8095	0.057529501617
8096	8097	0.057529501617
8097	8096	0.057529501617
8097	8098	0.057529501617
8098	8097	0.057529501617
8098	8099	0.057529501617
8099	8098	0.057529501617
8099	8100	0.057529501617
8100	8099	0.057529501617
8100	8101	0.057529501617
8101	8100	0.057529501617
8101	8102	0.057529501617
8102	8101	0.057529501617
8102	8103	0.057529501617
8103	8102	0.057529501617
8103	8104	0.057529501617
8104	8103	0.057529501617
8104	8105	0.057529501617
8105	8104	0.057529501617
8105	8106	0.057529501617
8106	8105	0.057529501617
8106	8107	0.057529501617
8107	8106	0.057529501617
8107	8108	0.057529501617
8108	8107	0.057529501617
8108	8109	0.057529501617
8109	8108	0.057529501617
8109	8110	0.057529501617
8110	8109	0.057529501617
8110	8111	0.057529501617
8111	8110	0.057529501617
8111	8112	0.057529501617
8112	8111	0.057529501617
8112	8113	0.057529501617
8113	8112	0.057529501617
8113	8114	0.057529501617
8114	8113	0.057529501617
8114	8115	0.057529501617
8115	8114	0.057529501617
8115	8116	0.057529501617
8116	8115	0.057529501617
8116	8117	0.057529501617
8117	8116	0.057529501617
8117	8118	0.057529501617
8118	8117	0.057529501617
8118	8119	0.057529501617
8119	8118	0.057529501617
8119	8120	0.057529501617
8120	8119	0.057529501617
8120	8121	0.057529501617
8121	8120	0.057529501617
8121	8122	0.057529501617
8122	8121	0.057529501617
8122	8123	0.057529501617
8123	8122	0.057529501617
8123	8124	0.057529501617
8124	8123	0.057529501617
8125	8076	0.0993235036731
8125	8126	0.0993235036731
8126	8125	0.0993235036731
8126	8127	0.0993235036731
8127	8126	0.0993235036731
8127	8128	0.0993235036731
8128	8127	0.0993235036731
8128	8129	0.0993235036731
8129	8128	0.0993235036731
8129	8130	0.0993235036731
8130	8129	0.0993235036731
8130	8131	0.0993235036731
8131	8130	0.0993235036731
8131	8132	0.0993235036731
8132	8131	0.0993235036731
8132	8133	0.0993235036731
8133	8132	0.0993235036731
8133	8134	0.0993235036731
8134	8133	0.0993235036731
8134	8135	0.0993235036731
8135	8134	0.0993235036731
8135	8136	0.0993235036731
8136	8135	0.0993235036731
8136	8137	0.0993235036731
8137	8136	0.0993235036731
8137	8138	0.0993235036731
8138	8137	0.0993235036731
8138	8139	0.0961299985647
8138	8294	0.0450625009835
8139	8138	0.0961299985647
8139	8140	0.0961299985647
8140	8139	0.0961299985647
8140	8141	0.0961299985647
8141	8140	0.0961299985647
8141	8142	0.0961299985647
8142	8141	0.0961299985647
8142	8143	0.0961299985647
8143	8142	0.0961299985647
8143	8144	0.0961299985647
8144	8143	0.0961299985647
8144	8145	0.0961299985647
8145	8144	0.0961299985647
8145	8146	0.0961299985647
8146	8145	0.0961299985647
8146	8147	0.0961299985647
8147	8146	0.0961299985647
8147	8148	0.0961299985647
8148	8147	0.0961299985647
8148	8149	0.0961299985647
8149	8148	0.0961299985647
8149	8150	0.0961299985647
8150	8149	0.0961299985647
8150	8151	0.0534610003233
8150	8175	0.0902685001493
8151	8150	0.0534610003233
8151	8152	0.0534610003233
8152	8151	0.0534610003233
8152	8153	0.0534610003233
8153	8152	0.0534610003233
8153	8154	0.0534610003233
8154	8153	0.0534610003233
8154	8155	0.0534610003233
8155	8154	0.0534610003233
8155	8156	0.0534610003233
8156	8155	0.0534610003233
8156	8157	0.0534610003233
8157	8156	0.0534610003233
8157	8158	0.0534610003233
8158	8157	0.0534610003233
8158	8159	0.0534610003233
8159	8158	0.0534610003233
8159	8160	0.0534610003233
8160	8159	0.0534610003233
8160	8161	0.0534610003233
8161	8160	0.0534610003233
8161	8162	0.0534610003233
8162	8161	0.0534610003233
8162	8163	0.0534610003233
8163	8162	0.0534610003233
8163	8164	0.0534610003233
8164	8163	0.0534610003233
8164	8165	0.0534610003233
8165	8164	0.0534610003233
8165	8166	0.0534610003233
8166	8165	0.0534610003233
8166	8167	0.0534610003233
8167	8166	0.0534610003233
8167	8168	0.0534610003233
8168	8167	0.0534610003233
8168	8169	0.0534610003233
8169	8168	0.0534610003233
8169	8170	0.0534610003233
8170	8169	0.0534610003233
8170	8171	0.0534610003233
8171	8170	0.0534610003233
8171	8172	0.0534610003233
8172	8171	0.0534610003233
8172	8173	0.0534610003233
8173	8172	0.0534610003233
8173	8174	0.0534610003233
8174	8173	0.0534610003233
8175	8150	0.0902685001493
8175	8176	0.0902685001493
8176	8175	0.0902685001493
8176	8177	0.0902685001493
8177	8176	0.0902685001493
8177	8178	0.0902685001493
8178	8177	0.0902685001493
8178	8179	0.0902685001493
8179	8178	0.0902685001493
8179	8180	0.0902685001493
8180	8179	0.0902685001493
8180	8181	0.0902685001493
8181	8180	0.0902685001493
8181	8182	0.0902685001493
8182	8181	0.0902685001493
8182	8183	0.0902685001493
8183	8182	0.0902685001493
8183	8184	0.0902685001493
8184	8183	0.0902685001493
8184	8185	0.0902685001493
8185	8184	0.0902685001493
8185	8186	0.0902685001493
8186	8185	0.0902685001493
8186	8187	0.0812840014696
8186	8266	0.0583324991167
8187	8186	0.0812840014696
8187	8188	0.0812840014696
8188	8187	0.0812840014696
8188	8189	0.0812840014696
8189	8188	0.0812840014696
8189	8190	0.0812840014696
8190	8189	0.0812840014696
8190	8191	0.0812840014696
8191	8190	0.0812840014696
8191	8192	0.0812840014696
8192	8191	0.0812840014696
8192	8193	0.0812840014696
8193	8192	0.0812840014696
8193	8194	0.0812840014696
8194	8193	0.0812840014696
8194	8195	0.0812840014696
8195	8194	0.0812840014696
8195	8196	0.0812840014696
8196	8195	0.0812840014696
8196	8197	0.0812840014696
8197	8196	0.0812840014696
8197	8198	0.0812840014696
8198	8197	0.0812840014696
8198	8199	0.0812840014696
8199	8198	0.0812840014696
8199	8200	0.0812840014696
8200	8199	0.0812840014696
8200	8201	0.0812840014696
8201	8200	0.0812840014696
8201	8202	0.0812840014696
8202	8201	0.0812840014696
8202	8203	0.0718834996223
8202	8250	0.0549160018563
8203	8202	0.0718834996223
8203	8204	0.0718834996223
8204	8203	0.0718834996223
8204	8205	0.0718834996223
8205	8204	0.0718834996223
8205	8206	0.0718834996223
8206	8205	0.0718834996223
8206	8207	0.0718834996223
8207	8206	0.0718834996223
8207	8208	0.0718834996223
8208	8207	0.0718834996223
8208	8209	0.0718834996223
8209	8208	0.0718834996223
8209	8210	0.0718834996223
8210	8209	0.0718834996223
8210	8211	0.0718834996223
8211	8210	0.0718834996223
8211	8212	0.0718834996223
8212	8211	0.0718834996223
8212	8213	0.0718834996223
8213	8212	0.0718834996223
8213	8214	0.0718834996223
8214	8213	0.0718834996223
8214	8215	0.0718834996223
8215	8214	0.0718834996223
8215	8216	0.0718834996223
8216	8215	0.0718834996223
8216	8217	0.0718834996223
8217	8216	0.0718834996223
8217	8218	0.0718834996223
8218	8217	0.0718834996223
8218	8219	0.0718834996223
8219	8218	0.0718834996223
8219	8220	0.0718834996223
8220	8219	0.0718834996223
8220	8221	0.0718834996223
8221	8220	0.0718834996223
8221	8222	0.0718834996223
8222	8221	0.0718834996223
8222	8223	0.0718834996223
8223	8222	0.0718834996223
8223	8224	0.0718834996223
8224	8223	0.0718834996223
8224	8225	0.0718834996223
8225	8224	0.0718834996223
8225	8226	0.0718834996223
8226	8225	0.0718834996223
8226	8227	0.0718834996223
8227	8226	0.0718834996223
8227	8228	0.0718834996223
8228	8227	0.0718834996223
8228	8229	0.0718834996223
8229	8228	0.0718834996223
8229	8230	0.0718834996223
8230	8229	0.0718834996223
8230	8231	0.0718834996223
8231	8230	0.0718834996223
8231	8232	0.0718834996223
8232	8231	0.0718834996223
8232	8233	0.0718834996223
8233	8232	0.0718834996223
8233	8234	0.0718834996223
8234	8233	0.0718834996223
8234	8235	0.0718834996223
8235	8234	0.0718834996223
8235	8236	0.0718834996223
8236	8235	0.0718834996223
8236	8237	0.0718834996223
8237	8236	0.0718834996223
8237	8238	0.0718834996223
8238	8237	0.0718834996223
8238	8239	0.0718834996223
8239	8238	0.0718834996223
8239	8240	0.0718834996223
8240	8239	0.0718834996223
8240	8241	0.0718834996223
8241	8240	0.0718834996223
8241	8242	0.0718834996223
8242	8241	0.0718834996223
8242	8243	0.0718834996223
8243	8242	0.0718834996223
8243	8244	0.0718834996223
8244	8243	0.0718834996223
8244	8245	0.0718834996223
8245	8244	0.0718834996223
8245	8246	0.0718834996223
8246	8245	0.0718834996223
8246	8247	0.0718834996223
8247	8246	0.0718834996223
8247	8248	0.0718834996223
8248	8247	0.0718834996223
8248	8249	0.0718834996223
8249	8248	0.0718834996223
8250	8202	0.0549160018563
8250	8251	0.0549160018563
8251	8250	0.0549160018563
8251	8252	0.0549160018563
8252	8251	0.0549160018563
8252	8253	0.0549160018563
8253	8252	0.0549160018563
8253	8254	0.0549160018563
8254	8253	0.0549160018563
8254	8255	0.0549160018563
8255	8254	0.0549160018563
8255	8256	0.0549160018563
8256	8255	0.0549160018563
8256	8257	0.0549160018563
8257	8256	0.0549160018563
8257	8258	0.0549160018563
8258	8257	0.0549160018563
8258	8259	0.0549160018563
8259	8258	0.0549160018563
8259	8260	0.0549160018563
8260	8259	0.0549160018563
8260	8261	0.0549160018563
8261	8260	0.0549160018563
8261	8262	0.0549160018563
8262	8261	0.0549160018563
8262	8263	0.0549160018563
8263	8262	0.0549160018563
8263	8264	0.0549160018563
8264	8263	0.0549160018563
8264	8265	0.0549160018563
8265	8264	0.0549160018563
8266	8186	0.0583324991167
8266	8267	0.0583324991167
8267	8266	0.0583324991167
8267	8268	0.0583324991167
8268	8267	0.0583324991167
8268	8269	0.0583324991167
8269	8268	0.0583324991167
8269	8270	0.0583324991167
8270	8269	0.0583324991167
8270	8271	0.0583324991167
8271	8270	0.0583324991167
8271	8272	0.0583324991167
8272	8271	0.0583324991167
8272	8273	0.0583324991167
8273	8272	0.0583324991167
8273	8274	0.0583324991167
8274	8273	0.0583324991167
8274	8275	0.0583324991167
8275	8274	0.0583324991167
8275	8276	0.0583324991167
8276	8275	0.0583324991167
8276	8277	0.0583324991167
8277	8276	0.0583324991167
8277	8278	0.0583324991167
8278	8277	0.0583324991167
8278	8279	0.0583324991167
8279	8278	0.0583324991167
8279	8280	0.0583324991167
8280	8279	0.0583324991167
8280	8281	0.0583324991167
8281	8280	0.0583324991167
8281	8282	0.0583324991167
8282	8281	0.0583324991167
8282	8283	0.0583324991167
8283	8282	0.0583324991167
8283	8284	0.0583324991167
8284	8283	0.0583324991167
8284	8285	0.0583324991167
8285	8284	0.0583324991167
8285	8286	0.0583324991167
8286	8285	0.0583324991167
8286	8287	0.0583324991167
8287	8286	0.0583324991167
8287	8288	0.0583324991167
8288	8287	0.0583324991167
8288	8289	0.0583324991167
8289	8288	0.0583324991167
8289	8290	0.0583324991167
8290	8289	0.0583324991167
8290	8291	0.0583324991167
8291	8290	0.0583324991167
8291	8292	0.0583324991167
8292	8291	0.0583324991167
8292	8293	0.0583324991167
8293	8292	0.0583324991167
8294	8138	0.0450625009835
8294	8295	0.0450625009835
8295	8294	0.0450625009835
8295	8296	0.0450625009835
8296	8295	0.0450625009835
8296	8297	0.0450625009835
8297	8296	0.0450625009835
8297	8298	0.0450625009835
8298	8297	0.0450625009835
8298	8299	0.0450625009835
8299	8298	0.0450625009835
8299	8300	0.0450625009835
8300	8299	0.0450625009835
8300	8301	0.0450625009835
8301	8300	0.0450625009835
8301	8302	0.0450625009835
8302	8301	0.0450625009835
8302	8303	0.0450625009835
8303	8302	0.0450625009835
8303	8304	0.0450625009835
8304	8303	0.0450625009835
8304	8305	0.0450625009835
8305	8304	0.0450625009835
8305	8306	0.0450625009835
8306	8305	0.0450625009835
8306	8307	0.0450625009835
8307	8306	0.0450625009835
8307	8308	0.0450625009835
8308	8307	0.0450625009835
8309	8062	0.0487309992313
8309	8310	0.0487309992313
8310	8309	0.0487309992313
8310	8311	0.0487309992313
8311	8310	0.0487309992313
8311	8312	0.0487309992313
8312	8311	0.0487309992313
8312	8313	0.0487309992313
8313	8312	0.0487309992313
8313	8314	0.0487309992313
8314	8313	0.0487309992313
8314	8315	0.0487309992313
8315	8314	0.0487309992313
8315	8316	0.0487309992313
8316	8315	0.0487309992313
8316	8317	0.0487309992313
8317	8316	0.0487309992313
8317	8318	0.0487309992313
8318	8317	0.0487309992313
8318	8319	0.0487309992313
8319	8318	0.0487309992313
8319	8320	0.0487309992313
8320	8319	0.0487309992313
8320	8321	0.0487309992313
8321	8320	0.0487309992313
8321	8322	0.0487309992313
8322	8321	0.0487309992313
8322	8323	0.0487309992313
8323	8322	0.0487309992313
8323	8324	0.0487309992313
8324	8323	0.0487309992313
8324	8325	0.0487309992313
8325	8324	0.0487309992313
8325	8326	0.0487309992313
8326	8325	0.0487309992313
8326	8327	0.0487309992313
8327	8326	0.0487309992313
8327	8328	0.0487309992313
8328	8327	0.0487309992313
8328	8329	0.0487309992313
8329	8328	0.0487309992313
8329	8330	0.0487309992313
8330	8329	0.0487309992313
8330	8331	0.0487309992313
8331	8330	0.0487309992313
8331	8332	0.0487309992313
8332	8331	0.0487309992313
8332	8333	0.0487309992313
8333	8332	0.0487309992313
8333	8334	0.0487309992313
8334	8333	0.0487309992313
8334	8335	0.0487309992313
8335	8334	0.0487309992313
8335	8336	0.0487309992313
8336	8335	0.0487309992313
8337	8051	0.0421539992094
8337	8338	0.0421539992094
8338	8337	0.0421539992094
8338	8339	0.0421539992094
8339	8338	0.0421539992094
8339	8340	0.0421539992094
8340	8339	0.0421539992094
8340	8341	0.0421539992094
8341	8340	0.0421539992094
8341	8342	0.0421539992094
8342	8341	0.0421539992094
8342	8343	0.0421539992094
8343	8342	0.0421539992094
8343	8344	0.0421539992094
8344	8343	0.0421539992094
8344	8345	0.0421539992094
8345	8344	0.0421539992094
8345	8346	0.0421539992094
8346	8345	0.0421539992094
8346	8347	0.0421539992094
8347	8346	0.0421539992094
8347	8348	0.0421539992094
8348	8347	0.0421539992094
8348	8349	0.0421539992094
8349	8348	0.0421539992094
8349	8350	0.0421539992094
8350	8349	0.0421539992094
8350	8351	0.0421539992094
8351	8350	0.0421539992094
8351	8352	0.0421539992094
8352	8351	0.0421539992094
8352	8353	0.0421539992094
8353	8352	0.0421539992094
8354	8044	0.0367644988
8354	8355	0.0367644988
8355	8354	0.0367644988
8355	8356	0.0367644988
8356	8355	0.0367644988
8356	8357	0.0367644988
8357	8356	0.0367644988
8357	8358	0.0367644988
8358	8357	0.0367644988
8358	8359	0.0367644988
8359	8358	0.0367644988
8359	8360	0.0367644988
8360	8359	0.0367644988
8360	8361	0.0367644988
8361	8360	0.0367644988
8361	8362	0.0367644988
8362	8361	0.0367644988
8362	8363	0.0367644988
8363	8362	0.0367644988
8363	8364	0.0367644988
8364	8363	0.0367644988
8365	7976	0.0388334989548
8365	8366	0.0388334989548
8366	8365	0.0388334989548
8366	8367	0.0388334989548
8367	8366	0.0388334989548
8367	8368	0.0388334989548
8368	8367	0.0388334989548
8368	8369	0.0388334989548
8369	8368	0.0388334989548
8369	8370	0.0388334989548
8370	8369	0.0388334989548
8370	8371	0.0388334989548
8371	8370	0.0388334989548
8371	8372	0.0388334989548
8372	8371	0.0388334989548
8372	8373	0.0388334989548
8373	8372	0.0388334989548
8373	8374	0.0388334989548
8374	8373	0.0388334989548
8374	8375	0.0388334989548
8375	8374	0.0388334989548
8375	8376	0.0388334989548
8376	8375	0.0388334989548
8376	8377	0.0388334989548
8377	8376	0.0388334989548
8377	8378	0.0388334989548
8378	8377	0.0388334989548
8378	8379	0.0388334989548
8379	8378	0.0388334989548
8379	8380	0.0388334989548
8380	8379	0.0388334989548
8380	8381	0.0388334989548
8381	8380	0.0388334989548
8382	1824	0.0455015003681
8382	8383	0.0455015003681
8383	8382	0.0455015003681
8383	8384	0.0455015003681
8384	8383	0.0455015003681
8384	8385	0.0455015003681
8385	8384	0.0455015003681
8385	8386	0.0455015003681
8386	8385	0.0455015003681
8386	8387	0.0455015003681
8387	8386	0.0455015003681
8387	8388	0.0455015003681
8388	8387	0.0455015003681
8388	8389	0.0455015003681
8389	8388	0.0455015003681
8389	8390	0.0455015003681
8390	8389	0.0455015003681
8390	8391	0.0455015003681
8391	8390	0.0455015003681
8391	8392	0.0455015003681
8392	8391	0.0455015003681
8392	8393	0.0455015003681
8393	8392	0.0455015003681
8393	8394	0.0455015003681
8394	8393	0.0455015003681
8394	8395	0.0455015003681
8395	8394	0.0455015003681
8395	8396	0.0455015003681
8396	8395	0.0455015003681
8396	8397	0.0455015003681
8397	8396	0.0455015003681
8397	8398	0.0455015003681
8398	8397	0.0455015003681
8398	8399	0.0455015003681
8399	8398	0.0455015003681
8399	8400	0.0455015003681
8400	8399	0.0455015003681
8400	8401	0.0455015003681
8401	8400	0.0455015003681
8401	8402	0.0455015003681
8402	8401	0.0455015003681
8402	8403	0.0455015003681
8403	8402	0.0455015003681
8403	8404	0.0455015003681
8404	8403	0.0455015003681
8404	8405	0.0455015003681
8405	8404	0.0455015003681
8405	8406	0.0455015003681
8406	8405	0.0455015003681
8406	8407	0.0455015003681
8407	8406	0.0455015003681
8407	8408	0.0455015003681
8408	8407	0.0455015003681
8408	8409	0.0455015003681
8409	8408	0.0455015003681
8409	8410	0.0455015003681
8410	8409	0.0455015003681
8410	8411	0.0455015003681
8411	8410	0.0455015003681
8411	8412	0.0455015003681
8412	8411	0.0455015003681
8412	8413	0.0455015003681
8413	8412	0.0455015003681
8413	8414	0.0455015003681
8414	8413	0.0455015003681
8414	8415	0.0455015003681
8415	8414	0.0455015003681
8415	8416	0.0455015003681
8416	8415	0.0455015003681
8416	8417	0.0455015003681
8417	8416	0.0455015003681
8417	8418	0.0455015003681
8418	8417	0.0455015003681
8419	1036	0.0434225015342
8419	8420	0.0434225015342
8420	8419	0.0434225015342
8420	8421	0.0434225015342
8421	8420	0.0434225015342
8421	8422	0.0434225015342
8422	8421	0.0434225015342
8422	8423	0.0434225015342
8423	8422	0.0434225015342
8423	8424	0.0434225015342
8424	8423	0.0434225015342
8424	8425	0.0434225015342
8425	8424	0.0434225015342
8425	8426	0.0434225015342
8426	8425	0.0434225015342
8426	8427	0.0434225015342
8427	8426	0.0434225015342
8427	8428	0.0434225015342
8428	8427	0.0434225015342
8428	8429	0.0434225015342
8429	8428	0.0434225015342
8429	8430	0.0434225015342
8430	8429	0.0434225015342
8430	8431	0.0434225015342
8431	8430	0.0434225015342
8431	8432	0.0434225015342
8432	8431	0.0434225015342
8432	8433	0.0434225015342
8433	8432	0.0434225015342
8433	8434	0.0434225015342
8434	8433	0.0434225015342
8434	8435	0.0434225015342
8435	8434	0.0434225015342
8435	8436	0.0434225015342
8436	8435	0.0434225015342
8436	8437	0.0434225015342
8437	8436	0.0434225015342
8437	8438	0.0434225015342
8438	8437	0.0434225015342
8438	8439	0.0434225015342
8439	8438	0.0434225015342
8439	8440	0.0434225015342
8440	8439	0.0434225015342
8440	8441	0.0434225015342
8441	8440	0.0434225015342
8441	8442	0.0434225015342
8442	8441	0.0434225015342
8442	8443	0.0434225015342
8443	8442	0.0434225015342
8443	8444	0.0434225015342
8444	8443	0.0434225015342
8444	8445	0.0434225015342
8445	8444	0.0434225015342
8445	8446	0.0434225015342
8446	8445	0.0434225015342
8446	8447	0.0434225015342
8447	8446	0.0434225015342
8447	8448	0.0434225015342
8448	8447	0.0434225015342
8448	8449	0.0434225015342
8449	8448	0.0434225015342
8449	8450	0.0434225015342
8450	8449	0.0434225015342
8450	8451	0.0434225015342
8451	8450	0.0434225015342
8452	776	0.035677999258
8452	8453	0.035677999258
8453	8452	0.035677999258
8453	8454	0.035677999258
8454	8453	0.035677999258
8454	8455	0.035677999258
8455	8454	0.035677999258
8455	8456	0.035677999258
8456	8455	0.035677999258
8456	8457	0.035677999258
8457	8456	0.035677999258
8457	8458	0.035677999258
8458	8457	0.035677999258
8458	8459	0.035677999258
8459	8458	0.035677999258
8459	8460	0.035677999258
8460	8459	0.035677999258
8460	8461	0.035677999258
8461	8460	0.035677999258
8461	8462	0.035677999258
8462	8461	0.035677999258
8462	8463	0.035677999258
8463	8462	0.035677999258
8463	8464	0.035677999258
8464	8463	0.035677999258
8464	8465	0.035677999258
8465	8464	0.035677999258
8465	8466	0.035677999258
8466	8465	0.035677999258
8467	768	0.060476500541
8467	8468	0.060476500541
8468	8467	0.060476500541
8468	8469	0.060476500541
8469	8468	0.060476500541
8469	8470	0.060476500541
8470	8469	0.060476500541
8470	8471	0.060476500541
8471	8470	0.060476500541
8471	8472	0.060476500541
8472	8471	0.060476500541
8472	8473	0.060476500541
8473	8472	0.060476500541
8473	8474	0.060476500541
8474	8473	0.060476500541
8474	8475	0.060476500541
8475	8474	0.060476500541
8475	8476	0.060476500541
8476	8475	0.060476500541
8476	8477	0.060476500541
8477	8476	0.060476500541
8477	8478	0.060476500541
8478	8477	0.060476500541
8478	8479	0.060476500541
8479	8478	0.060476500541
8479	8480	0.060476500541
8480	8479	0.060476500541
8480	8481	0.060476500541
8481	8480	0.060476500541
8481	8482	0.060476500541
8482	8481	0.060476500541
8482	8483	0.060476500541
8483	8482	0.060476500541
8483	8484	0.060476500541
8484	8483	0.060476500541
8484	8485	0.060476500541
8485	8484	0.060476500541
8485	8486	0.060476500541
8486	8485	0.060476500541
8486	8487	0.060476500541
8487	8486	0.060476500541
8487	8488	0.060476500541
8488	8487	0.060476500541
8488	8489	0.060476500541
8489	8488	0.060476500541
8489	8490	0.060476500541
8490	8489	0.060476500541
8490	8491	0.060476500541
8491	8490	0.060476500541
8491	8492	0.060476500541
8492	8491	0.060476500541
8492	8493	0.060476500541
8493	8492	0.060476500541
8493	8494	0.060476500541
8494	8493	0.060476500541
8494	8495	0.060476500541
8495	8494	0.060476500541
8495	8496	0.060476500541
8496	8495	0.060476500541
8496	8497	0.0439715012908
8496	8516	0.0514465011656
8497	8496	0.0439715012908
8497	8498	0.0439715012908
8498	8497	0.0439715012908
8498	8499	0.0439715012908
8499	8498	0.0439715012908
8499	8500	0.0439715012908
8500	8499	0.0439715012908
8500	8501	0.0439715012908
8501	8500	0.0439715012908
8501	8502	0.0439715012908
8502	8501	0.0439715012908
8502	8503	0.0439715012908
8503	8502	0.0439715012908
8503	8504	0.0439715012908
8504	8503	0.0439715012908
8504	8505	0.0439715012908
8505	8504	0.0439715012908
8505	8506	0.0439715012908
8506	8505	0.0439715012908
8506	8507	0.0439715012908
8507	8506	0.0439715012908
8507	8508	0.0439715012908
8508	8507	0.0439715012908
8508	8509	0.0439715012908
8509	8508	0.0439715012908
8509	8510	0.0439715012908
8510	8509	0.0439715012908
8510	8511	0.0439715012908
8511	8510	0.0439715012908
8511	8512	0.0439715012908
8512	8511	0.0439715012908
8512	8513	0.0439715012908
8513	8512	0.0439715012908
8513	8514	0.0439715012908
8514	8513	0.0439715012908
8514	8515	0.0439715012908
8515	8514	0.0439715012908
8516	8496	0.0514465011656
8516	8517	0.0514465011656
8517	8516	0.0514465011656
8517	8518	0.0514465011656
8518	8517	0.0514465011656
8518	8519	0.0514465011656
8519	8518	0.0514465011656
8519	8520	0.0514465011656
8520	8519	0.0514465011656
8520	8521	0.0514465011656
8521	8520	0.0514465011656
8521	8522	0.0514465011656
8522	8521	0.0514465011656
8522	8523	0.0514465011656
8523	8522	0.0514465011656
8523	8524	0.0514465011656
8524	8523	0.0514465011656
8524	8525	0.0514465011656
8525	8524	0.0514465011656
8525	8526	0.0514465011656
8526	8525	0.0514465011656
8526	8527	0.0514465011656
8527	8526	0.0514465011656
8527	8528	0.0514465011656
8528	8527	0.0514465011656
8528	8529	0.0514465011656
8529	8528	0.0514465011656
8529	8530	0.0514465011656
8530	8529	0.0514465011656
8530	8531	0.0514465011656
8531	8530	0.0514465011656
8531	8532	0.0514465011656
8532	8531	0.0514465011656
8532	8533	0.0514465011656
8533	8532	0.0514465011656
8533	8534	0.0514465011656
8534	8533	0.0514465011656
8534	8535	0.0514465011656
8535	8534	0.0514465011656
8535	8536	0.0514465011656
8536	8535	0.0514465011656
8536	8537	0.0514465011656
8537	8536	0.0514465011656
8537	8538	0.0514465011656
8538	8537	0.0514465011656
8538	8539	0.0514465011656
8539	8538	0.0514465011656
8539	8540	0.0514465011656
8540	8539	0.0514465011656
8540	8541	0.0514465011656
8541	8540	0.0514465011656
8541	8542	0.0514465011656
8542	8541	0.0514465011656
8542	8543	0.0514465011656
8543	8542	0.0514465011656
8543	8544	0.0514465011656
8544	8543	0.0514465011656
8544	8545	0.0514465011656
8545	8544	0.0514465011656
8545	8546	0.0514465011656
8546	8545	0.0514465011656
8546	8547	0.0514465011656
8547	8546	0.0514465011656
8547	8548	0.0514465011656
8548	8547	0.0514465011656
8548	8549	0.0514465011656
8549	8548	0.0514465011656
8549	8550	0.0514465011656
8550	8549	0.0514465011656
8550	8551	0.0514465011656
8551	8550	0.0514465011656
8552	764	0.0630519986153
8552	8553	0.0630519986153
8553	8552	0.0630519986153
8553	8554	0.0630519986153
8554	8553	0.0630519986153
8554	8555	0.0630519986153
8555	8554	0.0630519986153
8555	8556	0.0630519986153
8556	8555	0.0630519986153
8556	8557	0.0630519986153
8557	8556	0.0630519986153
8557	8558	0.0630519986153
8558	8557	0.0630519986153
8558	8559	0.0630519986153
8559	8558	0.0630519986153
8559	8560	0.0630519986153
8560	8559	0.0630519986153
8560	8561	0.0563840009272
8560	8620	0.0414890013635
8561	8560	0.0563840009272
8561	8562	0.0563840009272
8562	8561	0.0563840009272
8562	8563	0.0563840009272
8563	8562	0.0563840009272
8563	8564	0.0563840009272
8564	8563	0.0563840009272
8564	8565	0.0563840009272
8565	8564	0.0563840009272
8565	8566	0.0563840009272
8566	8565	0.0563840009272
8566	8567	0.0563840009272
8567	8566	0.0563840009272
8567	8568	0.0563840009272
8568	8567	0.0563840009272
8568	8569	0.0563840009272
8569	8568	0.0563840009272
8569	8570	0.0369145013392
8569	8581	0.0505210012197
8570	8569	0.0369145013392
8570	8571	0.0369145013392
8571	8570	0.0369145013392
8571	8572	0.0369145013392
8572	8571	0.0369145013392
8572	8573	0.0369145013392
8573	8572	0.0369145013392
8573	8574	0.0369145013392
8574	8573	0.0369145013392
8574	8575	0.0369145013392
8575	8574	0.0369145013392
8575	8576	0.0369145013392
8576	8575	0.0369145013392
8576	8577	0.0369145013392
8577	8576	0.0369145013392
8577	8578	0.0369145013392
8578	8577	0.0369145013392
8578	8579	0.0369145013392
8579	8578	0.0369145013392
8579	8580	0.0369145013392
8580	8579	0.0369145013392
8581	8569	0.0505210012197
8581	8582	0.0505210012197
8582	8581	0.0505210012197
8582	8583	0.0505210012197
8583	8582	0.0505210012197
8583	8584	0.0505210012197
8584	8583	0.0505210012197
8584	8585	0.0505210012197
8585	8584	0.0505210012197
8585	8586	0.0505210012197
8586	8585	0.0505210012197
8586	8587	0.0505210012197
8587	8586	0.0505210012197
8587	8588	0.0505210012197
8588	8587	0.0505210012197
8588	8589	0.0505210012197
8589	8588	0.0505210012197
8589	8590	0.0505210012197
8590	8589	0.0505210012197
8590	8591	0.0505210012197
8591	8590	0.0505210012197
8591	8592	0.0505210012197
8592	8591	0.0505210012197
8592	8593	0.0505210012197
8593	8592	0.0505210012197
8593	8594	0.0505210012197
8594	8593	0.0505210012197
8594	8595	0.0505210012197
8595	8594	0.0505210012197
8595	8596	0.0505210012197
8596	8595	0.0505210012197
8596	8597	0.0505210012197
8597	8596	0.0505210012197
8597	8598	0.0505210012197
8598	8597	0.0505210012197
8598	8599	0.0505210012197
8599	8598	0.0505210012197
8599	8600	0.0505210012197
8600	8599	0.0505210012197
8600	8601	0.0505210012197
8601	8600	0.0505210012197
8601	8602	0.0505210012197
8602	8601	0.0505210012197
8602	8603	0.0505210012197
8603	8602	0.0505210012197
8603	8604	0.0505210012197
8604	8603	0.0505210012197
8604	8605	0.0505210012197
8605	8604	0.0505210012197
8605	8606	0.0505210012197
8606	8605	0.0505210012197
8606	8607	0.0505210012197
8607	8606	0.0505210012197
8607	8608	0.0505210012197
8608	8607	0.0505210012197
8608	8609	0.0505210012197
8609	8608	0.0505210012197
8609	8610	0.0505210012197
8610	8609	0.0505210012197
8610	8611	0.0505210012197
8611	8610	0.0505210012197
8611	8612	0.0505210012197
8612	8611	0.0505210012197
8612	8613	0.0505210012197
8613	8612	0.0505210012197
8613	8614	0.0505210012197
8614	8613	0.0505210012197
8614	8615	0.0505210012197
8615	8614	0.0505210012197
8615	8616	0.0505210012197
8616	8615	0.0505210012197
8616	8617	0.0505210012197
8617	8616	0.0505210012197
8617	8618	0.0505210012197
8618	8617	0.0505210012197
8618	8619	0.0505210012197
8619	8618	0.0505210012197
8620	8560	0.0414890013635
8620	8621	0.0414890013635
8621	8620	0.0414890013635
8621	8622	0.0414890013635
8622	8621	0.0414890013635
8622	8623	0.0414890013635
8623	8622	0.0414890013635
8623	8624	0.0414890013635
8624	8623	0.0414890013635
8624	8625	0.0414890013635
8625	8624	0.0414890013635
8625	8626	0.0414890013635
8626	8625	0.0414890013635
8626	8627	0.0414890013635
8627	8626	0.0414890013635
8627	8628	0.0414890013635
8628	8627	0.0414890013635
8628	8629	0.0414890013635
8629	8628	0.0414890013635
8629	8630	0.0414890013635
8630	8629	0.0414890013635
8630	8631	0.0414890013635
8631	8630	0.0414890013635
8631	8632	0.0414890013635
8632	8631	0.0414890013635
8632	8633	0.0414890013635
8633	8632	0.0414890013635
8633	8634	0.0414890013635
8634	8633	0.0414890013635
8634	8635	0.0414890013635
8635	8634	0.0414890013635
8635	8636	0.0414890013635
8636	8635	0.0414890013635
8636	8637	0.0414890013635
8637	8636	0.0414890013635
8637	8638	0.0414890013635
8638	8637	0.0414890013635
8638	8639	0.0414890013635
8639	8638	0.0414890013635
8639	8640	0.0414890013635
8640	8639	0.0414890013635
8640	8641	0.0414890013635
8641	8640	0.0414890013635
8641	8642	0.0414890013635
8642	8641	0.0414890013635
8643	713	0.0735414996743
8643	8644	0.0735414996743
8644	8643	0.0735414996743
8644	8645	0.0735414996743
8645	8644	0.0735414996743
8645	8646	0.0735414996743
8646	8645	0.0735414996743
8646	8647	0.0735414996743
8647	8646	0.0735414996743
8647	8648	0.0735414996743
8648	8647	0.0735414996743
8648	8649	0.0735414996743
8649	8648	0.0735414996743
8649	8650	0.0735414996743
8650	8649	0.0735414996743
8650	8651	0.0735414996743
8651	8650	0.0735414996743
8651	8652	0.0735414996743
8652	8651	0.0735414996743
8652	8653	0.0735414996743
8653	8652	0.0735414996743
8653	8654	0.0735414996743
8654	8653	0.0735414996743
8654	8655	0.0735414996743
8655	8654	0.0735414996743
8655	8656	0.0342855006456
8655	8667	0.0709685012698
8656	8655	0.0342855006456
8656	8657	0.0342855006456
8657	8656	0.0342855006456
8657	8658	0.0342855006456
8658	8657	0.0342855006456
8658	8659	0.0342855006456
8659	8658	0.0342855006456
8659	8660	0.0342855006456
8660	8659	0.0342855006456
8660	8661	0.0342855006456
8661	8660	0.0342855006456
8661	8662	0.0342855006456
8662	8661	0.0342855006456
8662	8663	0.0342855006456
8663	8662	0.0342855006456
8663	8664	0.0342855006456
8664	8663	0.0342855006456
8664	8665	0.0342855006456
8665	8664	0.0342855006456
8665	8666	0.0342855006456
8666	8665	0.0342855006456
8667	8655	0.0709685012698
8667	8668	0.0709685012698
8668	8667	0.0709685012698
8668	8669	0.0709685012698
8669	8668	0.0709685012698
8669	8670	0.0709685012698
8670	8669	0.0709685012698
8670	8671	0.0709685012698
8671	8670	0.0709685012698
8671	8672	0.0709685012698
8672	8671	0.0709685012698
8672	8673	0.0709685012698
8673	8672	0.0709685012698
8673	8674	0.0709685012698
8674	8673	0.0709685012698
8674	8675	0.0709685012698
8675	8674	0.0709685012698
8675	8676	0.0709685012698
8676	8675	0.0709685012698
8676	8677	0.0709685012698
8677	8676	0.0709685012698
8677	8678	0.0709685012698
8678	8677	0.0709685012698
8678	8679	0.0709685012698
8679	8678	0.0709685012698
8679	8680	0.0709685012698
8680	8679	0.0709685012698
8680	8681	0.0709685012698
8681	8680	0.0709685012698
8681	8682	0.0709685012698
8682	8681	0.0709685012698
8682	8683	0.0709685012698
8683	8682	0.0709685012698
8683	8684	0.0421109981835
8683	8704	0.0656360015273
8684	8683	0.0421109981835
8684	8685	0.0421109981835
8685	8684	0.0421109981835
8685	8686	0.0421109981835
8686	8685	0.0421109981835
8686	8687	0.0421109981835
8687	8686	0.0421109981835
8687	8688	0.0421109981835
8688	8687	0.0421109981835
8688	8689	0.0421109981835
8689	8688	0.0421109981835
8689	8690	0.0421109981835
8690	8689	0.0421109981835
8690	8691	0.0421109981835
8691	8690	0.0421109981835
8691	8692	0.0421109981835
8692	8691	0.0421109981835
8692	8693	0.0421109981835
8693	8692	0.0421109981835
8693	8694	0.0421109981835
8694	8693	0.0421109981835
8694	8695	0.0421109981835
8695	8694	0.0421109981835
8695	8696	0.0421109981835
8696	8695	0.0421109981835
8696	8697	0.0421109981835
8697	8696	0.0421109981835
8697	8698	0.0421109981835
8698	8697	0.0421109981835
8698	8699	0.0421109981835
8699	8698	0.0421109981835
8699	8700	0.0421109981835
8700	8699	0.0421109981835
8700	8701	0.0421109981835
8701	8700	0.0421109981835
8701	8702	0.0421109981835
8702	8701	0.0421109981835
8702	8703	0.0421109981835
8703	8702	0.0421109981835
8704	8683	0.0656360015273
8704	8705	0.0656360015273
8705	8704	0.0656360015273
8705	8706	0.0656360015273
8706	8705	0.0656360015273
8706	8707	0.0656360015273
8707	8706	0.0656360015273
8707	8708	0.0656360015273
8708	8707	0.0656360015273
8708	8709	0.0656360015273
8709	8708	0.0656360015273
8709	8710	0.0656360015273
8710	8709	0.0656360015273
8710	8711	0.0656360015273
8711	8710	0.0656360015273
8711	8712	0.0656360015273
8712	8711	0.0656360015273
8712	8713	0.0656360015273
8713	8712	0.0656360015273
8713	8714	0.0656360015273
8714	8713	0.0656360015273
8714	8715	0.0656360015273
8715	8714	0.0656360015273
8715	8716	0.0656360015273
8716	8715	0.0656360015273
8716	8717	0.0656360015273
8717	8716	0.0656360015273
8717	8718	0.0656360015273
8718	8717	0.0656360015273
8718	8719	0.0656360015273
8719	8718	0.0656360015273
8719	8720	0.0656360015273
8720	8719	0.0656360015273
8720	8721	0.0656360015273
8721	8720	0.0656360015273
8721	8722	0.0656360015273
8722	8721	0.0656360015273
8722	8723	0.045814499259
8722	8742	0.0571440011263
8723	8722	0.045814499259
8723	8724	0.045814499259
8724	8723	0.045814499259
8724	8725	0.045814499259
8725	8724	0.045814499259
8725	8726	0.045814499259
8726	8725	0.045814499259
8726	8727	0.045814499259
8727	8726	0.045814499259
8727	8728	0.045814499259
8728	8727	0.045814499259
8728	8729	0.045814499259
8729	8728	0.045814499259
8729	8730	0.045814499259
8730	8729	0.045814499259
8730	8731	0.045814499259
8731	8730	0.045814499259
8731	8732	0.045814499259
8732	8731	0.045814499259
8732	8733	0.045814499259
8733	8732	0.045814499259
8733	8734	0.045814499259
8734	8733	0.045814499259
8734	8735	0.045814499259
8735	8734	0.045814499259
8735	8736	0.045814499259
8736	8735	0.045814499259
8736	8737	0.045814499259
8737	8736	0.045814499259
8737	8738	0.045814499259
8738	8737	0.045814499259
8738	8739	0.045814499259
8739	8738	0.045814499259
8739	8740	0.045814499259
8740	8739	0.045814499259
8740	8741	0.045814499259
8741	8740	0.045814499259
8742	8722	0.0571440011263
8742	8743	0.0571440011263
8743	8742	0.0571440011263
8743	8744	0.0571440011263
8744	8743	0.0571440011263
8744	8745	0.0571440011263
8745	8744	0.0571440011263
8745	8746	0.0571440011263
8746	8745	0.0571440011263
8746	8747	0.0571440011263
8747	8746	0.0571440011263
8747	8748	0.0571440011263
8748	8747	0.0571440011263
8748	8749	0.0571440011263
8749	8748	0.0571440011263
8749	8750	0.0571440011263
8750	8749	0.0571440011263
8750	8751	0.0571440011263
8751	8750	0.0571440011263
8751	8752	0.0571440011263
8752	8751	0.0571440011263
8752	8753	0.0571440011263
8753	8752	0.0571440011263
8753	8754	0.0571440011263
8754	8753	0.0571440011263
8754	8755	0.0571440011263
8755	8754	0.0571440011263
8755	8756	0.0571440011263
8756	8755	0.0571440011263
8756	8757	0.0571440011263
8757	8756	0.0571440011263
8757	8758	0.0571440011263
8758	8757	0.0571440011263
8758	8759	0.0571440011263
8759	8758	0.0571440011263
8759	8760	0.0571440011263
8760	8759	0.0571440011263
8760	8761	0.0571440011263
8761	8760	0.0571440011263
8761	8762	0.0571440011263
8762	8761	0.0571440011263
8762	8763	0.0571440011263
8763	8762	0.0571440011263
8763	8764	0.0571440011263
8764	8763	0.0571440011263
8764	8765	0.0571440011263
8765	8764	0.0571440011263
8765	8766	0.0571440011263
8766	8765	0.0571440011263
8766	8767	0.0571440011263
8767	8766	0.0571440011263
8767	8768	0.0571440011263
8768	8767	0.0571440011263
8768	8769	0.0571440011263
8769	8768	0.0571440011263
8769	8770	0.0571440011263
8770	8769	0.0571440011263
8770	8771	0.0571440011263
8771	8770	0.0571440011263
8771	8772	0.0571440011263
8772	8771	0.0571440011263
8772	8773	0.0571440011263
8773	8772	0.0571440011263
8773	8774	0.0571440011263
8774	8773	0.0571440011263
8774	8775	0.0571440011263
8775	8774	0.0571440011263
8775	8776	0.0571440011263
8776	8775	0.0571440011263
8776	8777	0.0571440011263
8777	8776	0.0571440011263
8777	8778	0.0571440011263
8778	8777	0.0571440011263
8778	8779	0.0571440011263
8779	8778	0.0571440011263
8779	8780	0.0571440011263
8780	8779	0.0571440011263
8780	8781	0.0571440011263
8781	8780	0.0571440011263
8781	8782	0.0571440011263
8782	8781	0.0571440011263
8782	8783	0.0571440011263
8783	8782	0.0571440011263
8783	8784	0.0571440011263
8784	8783	0.0571440011263
8784	8785	0.0571440011263
8785	8784	0.0571440011263
8785	8786	0.0571440011263
8786	8785	0.0571440011263
8786	8787	0.0571440011263
8787	8786	0.0571440011263
8788	700	0.0467730015516
8788	8789	0.0467730015516
8789	8788	0.0467730015516
8789	8790	0.0467730015516
8790	8789	0.0467730015516
8790	8791	0.0467730015516
8791	8790	0.0467730015516
8791	8792	0.0467730015516
8792	8791	0.0467730015516
8792	8793	0.0467730015516
8793	8792	0.0467730015516
8793	8794	0.0467730015516
8794	8793	0.0467730015516
8794	8795	0.0467730015516
8795	8794	0.0467730015516
8795	8796	0.0467730015516
8796	8795	0.0467730015516
8796	8797	0.0467730015516
8797	8796	0.0467730015516
8797	8798	0.0467730015516
8798	8797	0.0467730015516
8798	8799	0.0467730015516
8799	8798	0.0467730015516
8799	8800	0.0467730015516
8800	8799	0.0467730015516
8800	8801	0.0467730015516
8801	8800	0.0467730015516
8801	8802	0.0467730015516
8802	8801	0.0467730015516
8802	8803	0.0467730015516
8803	8802	0.0467730015516
8803	8804	0.0467730015516
8804	8803	0.0467730015516
8804	8805	0.0467730015516
8805	8804	0.0467730015516
8805	8806	0.0467730015516
8806	8805	0.0467730015516
8806	8807	0.0467730015516
8807	8806	0.0467730015516
8807	8808	0.0467730015516
8808	8807	0.0467730015516
8808	8809	0.0467730015516
8809	8808	0.0467730015516
8809	8810	0.0467730015516
8810	8809	0.0467730015516
8810	8811	0.0467730015516
8811	8810	0.0467730015516
8811	8812	0.0467730015516
8812	8811	0.0467730015516
8812	8813	0.0467730015516
8813	8812	0.0467730015516
8813	8814	0.0467730015516
8814	8813	0.0467730015516
8814	8815	0.0467730015516
8815	8814	0.0467730015516
8815	8816	0.0467730015516
8816	8815	0.0467730015516
8816	8817	0.0467730015516
8817	8816	0.0467730015516
8817	8818	0.0467730015516
8818	8817	0.0467730015516
8818	8819	0.0467730015516
8819	8818	0.0467730015516
8819	8820	0.0467730015516
8820	8819	0.0467730015516
8820	8821	0.0467730015516
8821	8820	0.0467730015516
8821	8822	0.0467730015516
8822	8821	0.0467730015516
8822	8823	0.0467730015516
8823	8822	0.0467730015516
8823	8824	0.0467730015516
8824	8823	0.0467730015516
8824	8825	0.0467730015516
8825	8824	0.0467730015516
8825	8826	0.0467730015516
8826	8825	0.0467730015516
8826	8827	0.0467730015516
8827	8826	0.0467730015516
8827	8828	0.0467730015516
8828	8827	0.0467730015516
8828	8829	0.0467730015516
8829	8828	0.0467730015516
8829	8830	0.0467730015516
8830	8829	0.0467730015516
8830	8831	0.0467730015516
8831	8830	0.0467730015516
8831	8832	0.0467730015516
8832	8831	0.0467730015516
8832	8833	0.0467730015516
8833	8832	0.0467730015516
8833	8834	0.0467730015516
8834	8833	0.0467730015516
8834	8835	0.0467730015516
8835	8834	0.0467730015516
8835	8836	0.0467730015516
8836	8835	0.0467730015516
8836	8837	0.0467730015516
8837	8836	0.0467730015516
8838	184	0.0658719986677
8838	8839	0.0658719986677
8839	8838	0.0658719986677
8839	8840	0.0658719986677
8840	8839	0.0658719986677
8840	8841	0.0658719986677
8841	8840	0.0658719986677
8841	8842	0.0658719986677
8842	8841	0.0658719986677
8842	8843	0.0658719986677
8843	8842	0.0658719986677
8843	8844	0.0658719986677
8844	8843	0.0658719986677
8844	8845	0.0658719986677
8845	8844	0.0658719986677
8845	8846	0.0658719986677
8846	8845	0.0658719986677
8846	8847	0.0658719986677
8847	8846	0.0658719986677
8847	8848	0.0658719986677
8848	8847	0.0658719986677
8848	8849	0.0658719986677
8849	8848	0.0658719986677
8849	8850	0.0658719986677
8850	8849	0.0658719986677
8850	8851	0.0658719986677
8851	8850	0.0658719986677
8851	8852	0.0658719986677
8852	8851	0.0658719986677
8852	8853	0.0658719986677
8853	8852	0.0658719986677
8853	8854	0.0658719986677
8854	8853	0.0658719986677
8854	8855	0.0658719986677
8855	8854	0.0658719986677
8855	8856	0.0658719986677
8856	8855	0.0658719986677
8856	8857	0.0658719986677
8857	8856	0.0658719986677
8857	8858	0.0658719986677
8858	8857	0.0658719986677
8858	8859	0.0658719986677
8859	8858	0.0658719986677
8859	8860	0.0658719986677
8860	8859	0.0658719986677
8860	8861	0.0658719986677
8861	8860	0.0658719986677
8861	8862	0.0658719986677
8862	8861	0.0658719986677
8862	8863	0.0658719986677
8863	8862	0.0658719986677
8863	8864	0.0658719986677
8864	8863	0.0658719986677
8864	8865	0.0580569989979
8864	8924	0.0448375009
8865	8864	0.0580569989979
8865	8866	0.0580569989979
8866	8865	0.0580569989979
8866	8867	0.0580569989979
8867	8866	0.0580569989979
8867	8868	0.0580569989979
8868	8867	0.0580569989979
8868	8869	0.0580569989979
8869	8868	0.0580569989979
8869	8870	0.0580569989979
8870	8869	0.0580569989979
8870	8871	0.0580569989979
8871	8870	0.0580569989979
8871	8872	0.0580569989979
8872	8871	0.0580569989979
8872	8873	0.0580569989979
8873	8872	0.0580569989979
8873	8874	0.0580569989979
8874	8873	0.0580569989979
8874	8875	0.0580569989979
8875	8874	0.0580569989979
8875	8876	0.0580569989979
8876	8875	0.0580569989979
8876	8877	0.0580569989979
8877	8876	0.0580569989979
8877	8878	0.0580569989979
8878	8877	0.0580569989979
8878	8879	0.0580569989979
8879	8878	0.0580569989979
8879	8880	0.0580569989979
8880	8879	0.0580569989979
8880	8881	0.0538055002689
8880	8918	0.0341759994626
8881	8880	0.0538055002689
8881	8882	0.0538055002689
8882	8881	0.0538055002689
8882	8883	0.0538055002689
8883	8882	0.0538055002689
8883	8884	0.0538055002689
8884	8883	0.0538055002689
8884	8885	0.0538055002689
8885	8884	0.0538055002689
8885	8886	0.0538055002689
8886	8885	0.0538055002689
8886	8887	0.0538055002689
8887	8886	0.0538055002689
8887	8888	0.0538055002689
8888	8887	0.0538055002689
8888	8889	0.0538055002689
8889	8888	0.0538055002689
8889	8890	0.0538055002689
8890	8889	0.0538055002689
8890	8891	0.0538055002689
8891	8890	0.0538055002689
8891	8892	0.0538055002689
8892	8891	0.0538055002689
8892	8893	0.0538055002689
8893	8892	0.0538055002689
8893	8894	0.0538055002689
8894	8893	0.0538055002689
8894	8895	0.0538055002689
8895	8894	0.0538055002689
8895	8896	0.0538055002689
8896	8895	0.0538055002689
8896	8897	0.0538055002689
8897	8896	0.0538055002689
8897	8898	0.0538055002689
8898	8897	0.0538055002689
8898	8899	0.0538055002689
8899	8898	0.0538055002689
8899	8900	0.0538055002689
8900	8899	0.0538055002689
8900	8901	0.0538055002689
8901	8900	0.0538055002689
8901	8902	0.0538055002689
8902	8901	0.0538055002689
8902	8903	0.0538055002689
8903	8902	0.0538055002689
8903	8904	0.0538055002689
8904	8903	0.0538055002689
8904	8905	0.0538055002689
8905	8904	0.0538055002689
8905	8906	0.0538055002689
8906	8905	0.0538055002689
8906	8907	0.0538055002689
8907	8906	0.0538055002689
8907	8908	0.0538055002689
8908	8907	0.0538055002689
8908	8909	0.0538055002689
8909	8908	0.0538055002689
8909	8910	0.0538055002689
8910	8909	0.0538055002689
8910	8911	0.0538055002689
8911	8910	0.0538055002689
8911	8912	0.0538055002689
8912	8911	0.0538055002689
8912	8913	0.0538055002689
8913	8912	0.0538055002689
8913	8914	0.0538055002689
8914	8913	0.0538055002689
8914	8915	0.0538055002689
8915	8914	0.0538055002689
8915	8916	0.0538055002689
8916	8915	0.0538055002689
8916	8917	0.0538055002689
8917	8916	0.0538055002689
8918	8880	0.0341759994626
8918	8919	0.0341759994626
8919	8918	0.0341759994626
8919	8920	0.0341759994626
8920	8919	0.0341759994626
8920	8921	0.0341759994626
8921	8920	0.0341759994626
8921	8922	0.0341759994626
8922	8921	0.0341759994626
8922	8923	0.0341759994626
8923	8922	0.0341759994626
8924	8864	0.0448375009
8924	8925	0.0448375009
8925	8924	0.0448375009
8925	8926	0.0448375009
8926	8925	0.0448375009
8926	8927	0.0448375009
8927	8926	0.0448375009
8927	8928	0.0448375009
8928	8927	0.0448375009
8928	8929	0.0448375009
8929	8928	0.0448375009
8929	8930	0.0448375009
8930	8929	0.0448375009
8930	8931	0.0448375009
8931	8930	0.0448375009
8931	8932	0.0448375009
8932	8931	0.0448375009
8932	8933	0.0448375009
8933	8932	0.0448375009
8933	8934	0.0448375009
8934	8933	0.0448375009
8934	8935	0.0448375009
8935	8934	0.0448375009
8935	8936	0.0448375009
8936	8935	0.0448375009
8936	8937	0.0448375009
8937	8936	0.0448375009
8937	8938	0.0448375009
8938	8937	0.0448375009
8938	8939	0.0448375009
8939	8938	0.0448375009
8939	8940	0.0448375009
8940	8939	0.0448375009
8940	8941	0.0448375009
8941	8940	0.0448375009
8941	8942	0.0448375009
8942	8941	0.0448375009
8942	8943	0.0448375009
8943	8942	0.0448375009
8943	8944	0.0448375009
8944	8943	0.0448375009
8944	8945	0.0448375009
8945	8944	0.0448375009
8945	8946	0.0448375009
8946	8945	0.0448375009
8946	8947	0.0448375009
8947	8946	0.0448375009
8947	8948	0.0448375009
8948	8947	0.0448375009
8948	8949	0.0448375009
8949	8948	0.0448375009
8949	8950	0.0448375009
8950	8949	0.0448375009
8950	8951	0.0448375009
8951	8950	0.0448375009
8951	8952	0.0448375009
8952	8951	0.0448375009
8952	8953	0.0448375009
8953	8952	0.0448375009
8954	176	0.0402470007539
8954	8955	0.0402470007539
8955	8954	0.0402470007539
8955	8956	0.0402470007539
8956	8955	0.0402470007539
8956	8957	0.0402470007539
8957	8956	0.0402470007539
8957	8958	0.0402470007539
8958	8957	0.0402470007539
8958	8959	0.0402470007539
8959	8958	0.0402470007539
8959	8960	0.0402470007539
8960	8959	0.0402470007539
8960	8961	0.0402470007539
8961	8960	0.0402470007539
8961	8962	0.0402470007539
8962	8961	0.0402470007539
8962	8963	0.0402470007539
8963	8962	0.0402470007539
8963	8964	0.0402470007539
8964	8963	0.0402470007539
8964	8965	0.0402470007539
8965	8964	0.0402470007539
8965	8966	0.0402470007539
8966	8965	0.0402470007539
8966	8967	0.0402470007539
8967	8966	0.0402470007539
8967	8968	0.0402470007539
8968	8967	0.0402470007539
8968	8969	0.0402470007539
8969	8968	0.0402470007539
8969	8970	0.0402470007539
8970	8969	0.0402470007539
8970	8971	0.0402470007539
8971	8970	0.0402470007539
8971	8972	0.0402470007539
8972	8971	0.0402470007539
8972	8973	0.0402470007539
8973	8972	0.0402470007539
8973	8974	0.0402470007539
8974	8973	0.0402470007539
8974	8975	0.0402470007539
8975	8974	0.0402470007539
8975	8976	0.0402470007539
8976	8975	0.0402470007539
8976	8977	0.0402470007539
8977	8976	0.0402470007539
8977	8978	0.0402470007539
8978	8977	0.0402470007539
8978	8979	0.0402470007539
8979	8978	0.0402470007539
8979	8980	0.0402470007539
8980	8979	0.0402470007539
8980	8981	0.0402470007539
8981	8980	0.0402470007539
8981	8982	0.0402470007539
8982	8981	0.0402470007539
8982	8983	0.0402470007539
8983	8982	0.0402470007539
8983	8984	0.0402470007539
8984	8983	0.0402470007539
8985	61	0.301407009363
8985	8986	0.301407009363
8986	8985	0.301407009363
8986	8987	0.301407009363
8987	8986	0.301407009363
8987	8988	0.301407009363
8988	8987	0.301407009363
8988	8989	0.301407009363
8989	8988	0.301407009363
8989	8990	0.301407009363
8990	8989	0.301407009363
8990	8991	0.301407009363
8991	8990	0.301407009363
8991	8992	0.301407009363
8992	8991	0.301407009363
8992	8993	0.301407009363
8993	8992	0.301407009363
8993	8994	0.301407009363
8994	8993	0.301407009363
8994	8995	0.301407009363
8995	8994	0.301407009363
8995	8996	0.301407009363
8996	8995	0.301407009363
8996	8997	0.301407009363
8997	8996	0.301407009363
8997	8998	0.301407009363
8998	8997	0.301407009363
8998	8999	0.301407009363
8999	8998	0.301407009363
8999	9000	0.301407009363
9000	8999	0.301407009363
9000	9001	0.301407009363
9001	9000	0.301407009363
9001	9002	0.301407009363
9002	9001	0.301407009363
9002	9003	0.301407009363
9003	9002	0.301407009363
9003	9004	0.301407009363
9004	9003	0.301407009363
9004	9005	0.301407009363
9005	9004	0.301407009363
9005	9006	0.301407009363
9006	9005	0.301407009363
9006	9007	0.301407009363
9007	9006	0.301407009363
9007	9008	0.301407009363
9008	9007	0.301407009363
9008	9009	0.301407009363
9009	9008	0.301407009363
9009	9010	0.301407009363
9010	9009	0.301407009363
9010	9011	0.301407009363
9011	9010	0.301407009363
9011	9012	0.301407009363
9012	9011	0.301407009363
9012	9013	0.301407009363
9013	9012	0.301407009363
9013	9014	0.301407009363
9014	9013	0.301407009363
9014	9015	0.301407009363
9015	9014	0.301407009363
9015	9016	0.301407009363
9016	9015	0.301407009363
9016	9017	0.301407009363
9017	9016	0.301407009363
9017	9018	0.301407009363
9018	9017	0.301407009363
9018	9019	0.301407009363
9019	9018	0.301407009363
9019	9020	0.301407009363
9020	9019	0.301407009363
9020	9021	0.301407009363
9021	9020	0.301407009363
9021	9022	0.301407009363
9022	9021	0.301407009363
9022	9023	0.301407009363
9023	9022	0.301407009363
9023	9024	0.301407009363
9024	9023	0.301407009363
9024	9025	0.301407009363
9025	9024	0.301407009363
9025	9026	0.301407009363
9026	9025	0.301407009363
9026	9027	0.301407009363
9027	9026	0.301407009363
9027	9028	0.301407009363
9028	9027	0.301407009363
9028	9029	0.301407009363
9029	9028	0.301407009363
9029	9030	0.301407009363
9030	9029	0.301407009363
9030	9031	0.301407009363
9031	9030	0.301407009363
9031	9032	0.301407009363
9032	9031	0.301407009363
9032	9033	0.301407009363
9033	9032	0.301407009363
9033	9034	0.301407009363
9034	9033	0.301407009363
9034	9035	0.301407009363
9035	9034	0.301407009363
9035	9036	0.301407009363
9036	9035	0.301407009363
9036	9037	0.301407009363
9037	9036	0.301407009363
9037	9038	0.301407009363
9038	9037	0.301407009363
9038	9039	0.301407009363
9039	9038	0.301407009363
9039	9040	0.301407009363
9040	9039	0.301407009363
9040	9041	0.301407009363
9041	9040	0.301407009363
9041	9042	0.301407009363
9042	9041	0.301407009363
9042	9043	0.301407009363
9043	9042	0.301407009363
9043	9044	0.300079494715
9043	15040	0.0711484998465
9044	9043	0.300079494715
9044	9045	0.300079494715
9045	9044	0.300079494715
9045	9046	0.300079494715
9046	9045	0.300079494715
9046	9047	0.300079494715
9047	9046	0.300079494715
9047	9048	0.300079494715
9048	9047	0.300079494715
9048	9049	0.300079494715
9049	9048	0.300079494715
9049	9050	0.300079494715
9050	9049	0.300079494715
9050	9051	0.300079494715
9051	9050	0.300079494715
9051	9052	0.300079494715
9052	9051	0.300079494715
9052	9053	0.300079494715
9053	9052	0.300079494715
9053	9054	0.300079494715
9054	9053	0.300079494715
9054	9055	0.300079494715
9055	9054	0.300079494715
9055	9056	0.300079494715
9056	9055	0.300079494715
9056	9057	0.300079494715
9057	9056	0.300079494715
9057	9058	0.300079494715
9058	9057	0.300079494715
9058	9059	0.300079494715
9059	9058	0.300079494715
9059	9060	0.300079494715
9060	9059	0.300079494715
9060	9061	0.300079494715
9061	9060	0.300079494715
9061	9062	0.300079494715
9062	9061	0.300079494715
9062	9063	0.300079494715
9063	9062	0.300079494715
9063	9064	0.300079494715
9064	9063	0.300079494715
9064	9065	0.300079494715
9065	9064	0.300079494715
9065	9066	0.300079494715
9066	9065	0.300079494715
9066	9067	0.300079494715
9067	9066	0.300079494715
9067	9068	0.300079494715
9068	9067	0.300079494715
9068	9069	0.300079494715
9069	9068	0.300079494715
9069	9070	0.300079494715
9070	9069	0.300079494715
9070	9071	0.300079494715
9071	9070	0.300079494715
9071	9072	0.300079494715
9072	9071	0.300079494715
9072	9073	0.0618714988232
9072	9166	0.299199998379
9073	9072	0.0618714988232
9073	9074	0.0618714988232
9074	9073	0.0618714988232
9074	9075	0.0618714988232
9075	9074	0.0618714988232
9075	9076	0.0618714988232
9076	9075	0.0618714988232
9076	9077	0.0618714988232
9077	9076	0.0618714988232
9077	9078	0.0618714988232
9078	9077	0.0618714988232
9078	9079	0.0618714988232
9079	9078	0.0618714988232
9079	9080	0.0618714988232
9080	9079	0.0618714988232
9080	9081	0.0618714988232
9081	9080	0.0618714988232
9081	9082	0.0440860018134
9081	9115	0.0532700009644
9082	9081	0.0440860018134
9082	9083	0.0440860018134
9083	9082	0.0440860018134
9083	9084	0.0440860018134
9084	9083	0.0440860018134
9084	9085	0.0440860018134
9085	9084	0.0440860018134
9085	9086	0.0440860018134
9086	9085	0.0440860018134
9086	9087	0.0440860018134
9087	9086	0.0440860018134
9087	9088	0.0440860018134
9088	9087	0.0440860018134
9088	9089	0.0440860018134
9089	9088	0.0440860018134
9089	9090	0.0440860018134
9090	9089	0.0440860018134
9090	9091	0.0440860018134
9091	9090	0.0440860018134
9091	9092	0.0440860018134
9092	9091	0.0440860018134
9092	9093	0.0440860018134
9093	9092	0.0440860018134
9093	9094	0.0440860018134
9094	9093	0.0440860018134
9094	9095	0.0440860018134
9095	9094	0.0440860018134
9095	9096	0.0440860018134
9096	9095	0.0440860018134
9096	9097	0.0440860018134
9097	9096	0.0440860018134
9097	9098	0.0440860018134
9098	9097	0.0440860018134
9098	9099	0.0440860018134
9099	9098	0.0440860018134
9099	9100	0.0440860018134
9100	9099	0.0440860018134
9100	9101	0.0440860018134
9101	9100	0.0440860018134
9101	9102	0.0440860018134
9102	9101	0.0440860018134
9102	9103	0.0440860018134
9103	9102	0.0440860018134
9103	9104	0.0440860018134
9104	9103	0.0440860018134
9104	9105	0.0440860018134
9105	9104	0.0440860018134
9105	9106	0.0440860018134
9106	9105	0.0440860018134
9106	9107	0.0440860018134
9107	9106	0.0440860018134
9107	9108	0.0440860018134
9108	9107	0.0440860018134
9108	9109	0.0440860018134
9109	9108	0.0440860018134
9109	9110	0.0440860018134
9110	9109	0.0440860018134
9110	9111	0.0440860018134
9111	9110	0.0440860018134
9111	9112	0.0440860018134
9112	9111	0.0440860018134
9112	9113	0.0440860018134
9113	9112	0.0440860018134
9113	9114	0.0440860018134
9114	9113	0.0440860018134
9115	9081	0.0532700009644
9115	9116	0.0532700009644
9116	9115	0.0532700009644
9116	9117	0.0532700009644
9117	9116	0.0532700009644
9117	9118	0.0532700009644
9118	9117	0.0532700009644
9118	9119	0.0532700009644
9119	9118	0.0532700009644
9119	9120	0.0532700009644
9120	9119	0.0532700009644
9120	9121	0.0532700009644
9121	9120	0.0532700009644
9121	9122	0.0532700009644
9122	9121	0.0532700009644
9122	9123	0.0532700009644
9123	9122	0.0532700009644
9123	9124	0.0532700009644
9124	9123	0.0532700009644
9124	9125	0.0391740016639
9124	9140	0.0449874997139
9125	9124	0.0391740016639
9125	9126	0.0391740016639
9126	9125	0.0391740016639
9126	9127	0.0391740016639
9127	9126	0.0391740016639
9127	9128	0.0391740016639
9128	9127	0.0391740016639
9128	9129	0.0391740016639
9129	9128	0.0391740016639
9129	9130	0.0391740016639
9130	9129	0.0391740016639
9130	9131	0.0391740016639
9131	9130	0.0391740016639
9131	9132	0.0391740016639
9132	9131	0.0391740016639
9132	9133	0.0391740016639
9133	9132	0.0391740016639
9133	9134	0.0391740016639
9134	9133	0.0391740016639
9134	9135	0.0391740016639
9135	9134	0.0391740016639
9135	9136	0.0391740016639
9136	9135	0.0391740016639
9136	9137	0.0391740016639
9137	9136	0.0391740016639
9137	9138	0.0391740016639
9138	9137	0.0391740016639
9138	9139	0.0391740016639
9139	9138	0.0391740016639
9140	9124	0.0449874997139
9140	9141	0.0449874997139
9141	9140	0.0449874997139
9141	9142	0.0449874997139
9142	9141	0.0449874997139
9142	9143	0.0449874997139
9143	9142	0.0449874997139
9143	9144	0.0449874997139
9144	9143	0.0449874997139
9144	9145	0.0449874997139
9145	9144	0.0449874997139
9145	9146	0.0449874997139
9146	9145	0.0449874997139
9146	9147	0.0449874997139
9147	9146	0.0449874997139
9147	9148	0.0449874997139
9148	9147	0.0449874997139
9148	9149	0.0449874997139
9149	9148	0.0449874997139
9149	9150	0.0449874997139
9150	9149	0.0449874997139
9150	9151	0.0449874997139
9151	9150	0.0449874997139
9151	9152	0.0449874997139
9152	9151	0.0449874997139
9152	9153	0.0449874997139
9153	9152	0.0449874997139
9153	9154	0.0449874997139
9154	9153	0.0449874997139
9154	9155	0.0449874997139
9155	9154	0.0449874997139
9155	9156	0.0449874997139
9156	9155	0.0449874997139
9156	9157	0.0449874997139
9157	9156	0.0449874997139
9157	9158	0.0449874997139
9158	9157	0.0449874997139
9158	9159	0.0449874997139
9159	9158	0.0449874997139
9159	9160	0.0449874997139
9160	9159	0.0449874997139
9160	9161	0.0449874997139
9161	9160	0.0449874997139
9161	9162	0.0449874997139
9162	9161	0.0449874997139
9162	9163	0.0449874997139
9163	9162	0.0449874997139
9163	9164	0.0449874997139
9164	9163	0.0449874997139
9164	9165	0.0449874997139
9165	9164	0.0449874997139
9166	9072	0.299199998379
9166	9167	0.299199998379
9167	9166	0.299199998379
9167	9168	0.299199998379
9168	9167	0.299199998379
9168	9169	0.299199998379
9169	9168	0.299199998379
9169	9170	0.299199998379
9170	9169	0.299199998379
9170	9171	0.299199998379
9171	9170	0.299199998379
9171	9172	0.299199998379
9172	9171	0.299199998379
9172	9173	0.299199998379
9173	9172	0.299199998379
9173	9174	0.299199998379
9174	9173	0.299199998379
9174	9175	0.299199998379
9175	9174	0.299199998379
9175	9176	0.299199998379
9176	9175	0.299199998379
9176	9177	0.299199998379
9177	9176	0.299199998379
9177	9178	0.299199998379
9178	9177	0.299199998379
9178	9179	0.299199998379
9179	9178	0.299199998379
9179	9180	0.298961013556
9179	15013	0.0400355011225
9180	9179	0.298961013556
9180	9181	0.298961013556
9181	9180	0.298961013556
9181	9182	0.298961013556
9182	9181	0.298961013556
9182	9183	0.298961013556
9183	9182	0.298961013556
9183	9184	0.298961013556
9184	9183	0.298961013556
9184	9185	0.298961013556
9185	9184	0.298961013556
9185	9186	0.298961013556
9186	9185	0.298961013556
9186	9187	0.298961013556
9187	9186	0.298961013556
9187	9188	0.298961013556
9188	9187	0.298961013556
9188	9189	0.298961013556
9189	9188	0.298961013556
9189	9190	0.298961013556
9190	9189	0.298961013556
9190	9191	0.298961013556
9191	9190	0.298961013556
9191	9192	0.298961013556
9192	9191	0.298961013556
9192	9193	0.298961013556
9193	9192	0.298961013556
9193	9194	0.293954014778
9193	14640	0.109700500965
9194	9193	0.293954014778
9194	9195	0.293954014778
9195	9194	0.293954014778
9195	9196	0.293954014778
9196	9195	0.293954014778
9196	9197	0.293954014778
9197	9196	0.293954014778
9197	9198	0.293954014778
9198	9197	0.293954014778
9198	9199	0.293954014778
9199	9198	0.293954014778
9199	9200	0.293954014778
9200	9199	0.293954014778
9200	9201	0.293954014778
9201	9200	0.293954014778
9201	9202	0.293954014778
9202	9201	0.293954014778
9202	9203	0.293954014778
9203	9202	0.293954014778
9203	9204	0.293954014778
9204	9203	0.293954014778
9204	9205	0.293954014778
9205	9204	0.293954014778
9205	9206	0.293954014778
9206	9205	0.293954014778
9206	9207	0.293954014778
9207	9206	0.293954014778
9207	9208	0.0915485024452
9207	9469	0.290964007378
9208	9207	0.0915485024452
9208	9209	0.0915485024452
9209	9208	0.0915485024452
9209	9210	0.0915485024452
9210	9209	0.0915485024452
9210	9211	0.0915485024452
9211	9210	0.0915485024452
9211	9212	0.0915485024452
9212	9211	0.0915485024452
9212	9213	0.0915485024452
9213	9212	0.0915485024452
9213	9214	0.0915485024452
9214	9213	0.0915485024452
9214	9215	0.0915485024452
9215	9214	0.0915485024452
9215	9216	0.0915485024452
9216	9215	0.0915485024452
9216	9217	0.0915485024452
9217	9216	0.0915485024452
9217	9218	0.0915485024452
9218	9217	0.0915485024452
9218	9219	0.0915485024452
9219	9218	0.0915485024452
9219	9220	0.0915485024452
9220	9219	0.0915485024452
9220	9221	0.0915485024452
9221	9220	0.0915485024452
9221	9222	0.0915485024452
9222	9221	0.0915485024452
9222	9223	0.0915485024452
9223	9222	0.0915485024452
9223	9224	0.0915485024452
9224	9223	0.0915485024452
9224	9225	0.0915485024452
9225	9224	0.0915485024452
9225	9226	0.0915485024452
9226	9225	0.0915485024452
9226	9227	0.0915485024452
9227	9226	0.0915485024452
9227	9228	0.0915485024452
9228	9227	0.0915485024452
9228	9229	0.0915485024452
9229	9228	0.0915485024452
9229	9230	0.0397194996476
9229	9250	0.088985003531
9230	9229	0.0397194996476
9230	9231	0.0397194996476
9231	9230	0.0397194996476
9231	9232	0.0397194996476
9232	9231	0.0397194996476
9232	9233	0.0397194996476
9233	9232	0.0397194996476
9233	9234	0.0397194996476
9234	9233	0.0397194996476
9234	9235	0.0397194996476
9235	9234	0.0397194996476
9235	9236	0.0397194996476
9236	9235	0.0397194996476
9236	9237	0.0397194996476
9237	9236	0.0397194996476
9237	9238	0.0397194996476
9238	9237	0.0397194996476
9238	9239	0.0397194996476
9239	9238	0.0397194996476
9239	9240	0.0397194996476
9240	9239	0.0397194996476
9240	9241	0.0397194996476
9241	9240	0.0397194996476
9241	9242	0.0397194996476
9242	9241	0.0397194996476
9242	9243	0.0397194996476
9243	9242	0.0397194996476
9243	9244	0.0397194996476
9244	9243	0.0397194996476
9244	9245	0.0397194996476
9245	9244	0.0397194996476
9245	9246	0.0397194996476
9246	9245	0.0397194996476
9246	9247	0.0397194996476
9247	9246	0.0397194996476
9247	9248	0.0397194996476
9248	9247	0.0397194996476
9248	9249	0.0397194996476
9249	9248	0.0397194996476
9250	9229	0.088985003531
9250	9251	0.088985003531
9251	9250	0.088985003531
9251	9252	0.088985003531
9252	9251	0.088985003531
9252	9253	0.088985003531
9253	9252	0.088985003531
9253	9254	0.088985003531
9254	9253	0.088985003531
9254	9255	0.088985003531
9255	9254	0.088985003531
9255	9256	0.088985003531
9256	9255	0.088985003531
9256	9257	0.088985003531
9257	9256	0.088985003531
9257	9258	0.088985003531
9258	9257	0.088985003531
9258	9259	0.088985003531
9259	9258	0.088985003531
9259	9260	0.088985003531
9260	9259	0.088985003531
9260	9261	0.088985003531
9261	9260	0.088985003531
9261	9262	0.088985003531
9262	9261	0.088985003531
9262	9263	0.088985003531
9263	9262	0.088985003531
9263	9264	0.088985003531
9264	9263	0.088985003531
9264	9265	0.088985003531
9265	9264	0.088985003531
9265	9266	0.088985003531
9266	9265	0.088985003531
9266	9267	0.088985003531
9267	9266	0.088985003531
9267	9268	0.088985003531
9268	9267	0.088985003531
9268	9269	0.088985003531
9269	9268	0.088985003531
9269	9270	0.088985003531
9270	9269	0.088985003531
9270	9271	0.088985003531
9271	9270	0.088985003531
9271	9272	0.0479405000806
9271	9305	0.0840815007687
9272	9271	0.0479405000806
9272	9273	0.0479405000806
9273	9272	0.0479405000806
9273	9274	0.0479405000806
9274	9273	0.0479405000806
9274	9275	0.0479405000806
9275	9274	0.0479405000806
9275	9276	0.0479405000806
9276	9275	0.0479405000806
9276	9277	0.0479405000806
9277	9276	0.0479405000806
9277	9278	0.0479405000806
9278	9277	0.0479405000806
9278	9279	0.0479405000806
9279	9278	0.0479405000806
9279	9280	0.0479405000806
9280	9279	0.0479405000806
9280	9281	0.0479405000806
9281	9280	0.0479405000806
9281	9282	0.0479405000806
9282	9281	0.0479405000806
9282	9283	0.0479405000806
9283	9282	0.0479405000806
9283	9284	0.0479405000806
9284	9283	0.0479405000806
9284	9285	0.0479405000806
9285	9284	0.0479405000806
9285	9286	0.0479405000806
9286	9285	0.0479405000806
9286	9287	0.0479405000806
9287	9286	0.0479405000806
9287	9288	0.0479405000806
9288	9287	0.0479405000806
9288	9289	0.0479405000806
9289	9288	0.0479405000806
9289	9290	0.0479405000806
9290	9289	0.0479405000806
9290	9291	0.0479405000806
9291	9290	0.0479405000806
9291	9292	0.0479405000806
9292	9291	0.0479405000806
9292	9293	0.0479405000806
9293	9292	0.0479405000806
9293	9294	0.0479405000806
9294	9293	0.0479405000806
9294	9295	0.0479405000806
9295	9294	0.0479405000806
9295	9296	0.0479405000806
9296	9295	0.0479405000806
9296	9297	0.0479405000806
9297	9296	0.0479405000806
9297	9298	0.0479405000806
9298	9297	0.0479405000806
9298	9299	0.0479405000806
9299	9298	0.0479405000806
9299	9300	0.0479405000806
9300	9299	0.0479405000806
9300	9301	0.0479405000806
9301	9300	0.0479405000806
9301	9302	0.0479405000806
9302	9301	0.0479405000806
9302	9303	0.0479405000806
9303	9302	0.0479405000806
9303	9304	0.0479405000806
9304	9303	0.0479405000806
9305	9271	0.0840815007687
9305	9306	0.0840815007687
9306	9305	0.0840815007687
9306	9307	0.0840815007687
9307	9306	0.0840815007687
9307	9308	0.0840815007687
9308	9307	0.0840815007687
9308	9309	0.0840815007687
9309	9308	0.0840815007687
9309	9310	0.0840815007687
9310	9309	0.0840815007687
9310	9311	0.0840815007687
9311	9310	0.0840815007687
9311	9312	0.0840815007687
9312	9311	0.0840815007687
9312	9313	0.0840815007687
9313	9312	0.0840815007687
9313	9314	0.0840815007687
9314	9313	0.0840815007687
9314	9315	0.0840815007687
9315	9314	0.0840815007687
9315	9316	0.0840815007687
9316	9315	0.0840815007687
9316	9317	0.0840815007687
9317	9316	0.0840815007687
9317	9318	0.0798960030079
9317	9450	0.043869998306
9318	9317	0.0798960030079
9318	9319	0.0798960030079
9319	9318	0.0798960030079
9319	9320	0.0798960030079
9320	9319	0.0798960030079
9320	9321	0.0798960030079
9321	9320	0.0798960030079
9321	9322	0.0798960030079
9322	9321	0.0798960030079
9322	9323	0.0798960030079
9323	9322	0.0798960030079
9323	9324	0.0798960030079
9324	9323	0.0798960030079
9324	9325	0.0798960030079
9325	9324	0.0798960030079
9325	9326	0.0798960030079
9326	9325	0.0798960030079
9326	9327	0.0798960030079
9327	9326	0.0798960030079
9327	9328	0.0798960030079
9328	9327	0.0798960030079
9328	9329	0.0798960030079
9329	9328	0.0798960030079
9329	9330	0.0798960030079
9330	9329	0.0798960030079
9330	9331	0.0566505007446
9330	9375	0.068977996707
9331	9330	0.0566505007446
9331	9332	0.0566505007446
9332	9331	0.0566505007446
9332	9333	0.0566505007446
9333	9332	0.0566505007446
9333	9334	0.0566505007446
9334	9333	0.0566505007446
9334	9335	0.0566505007446
9335	9334	0.0566505007446
9335	9336	0.0566505007446
9336	9335	0.0566505007446
9336	9337	0.0566505007446
9337	9336	0.0566505007446
9337	9338	0.0566505007446
9338	9337	0.0566505007446
9338	9339	0.0566505007446
9339	9338	0.0566505007446
9339	9340	0.0566505007446
9340	9339	0.0566505007446
9340	9341	0.0566505007446
9341	9340	0.0566505007446
9341	9342	0.0566505007446
9342	9341	0.0566505007446
9342	9343	0.0566505007446
9343	9342	0.0566505007446
9343	9344	0.0566505007446
9344	9343	0.0566505007446
9344	9345	0.0566505007446
9345	9344	0.0566505007446
9345	9346	0.0566505007446
9346	9345	0.0566505007446
9346	9347	0.0566505007446
9347	9346	0.0566505007446
9347	9348	0.0566505007446
9348	9347	0.0566505007446
9348	9349	0.0566505007446
9349	9348	0.0566505007446
9349	9350	0.0566505007446
9350	9349	0.0566505007446
9350	9351	0.0566505007446
9351	9350	0.0566505007446
9351	9352	0.0566505007446
9352	9351	0.0566505007446
9352	9353	0.0566505007446
9353	9352	0.0566505007446
9353	9354	0.0566505007446
9354	9353	0.0566505007446
9354	9355	0.0566505007446
9355	9354	0.0566505007446
9355	9356	0.0566505007446
9356	9355	0.0566505007446
9356	9357	0.0566505007446
9357	9356	0.0566505007446
9357	9358	0.0566505007446
9358	9357	0.0566505007446
9358	9359	0.0566505007446
9359	9358	0.0566505007446
9359	9360	0.0566505007446
9360	9359	0.0566505007446
9360	9361	0.0566505007446
9361	9360	0.0566505007446
9361	9362	0.0566505007446
9362	9361	0.0566505007446
9362	9363	0.0566505007446
9363	9362	0.0566505007446
9363	9364	0.0566505007446
9364	9363	0.0566505007446
9364	9365	0.0566505007446
9365	9364	0.0566505007446
9365	9366	0.0566505007446
9366	9365	0.0566505007446
9366	9367	0.0566505007446
9367	9366	0.0566505007446
9367	9368	0.0566505007446
9368	9367	0.0566505007446
9368	9369	0.0566505007446
9369	9368	0.0566505007446
9369	9370	0.0566505007446
9370	9369	0.0566505007446
9370	9371	0.0566505007446
9371	9370	0.0566505007446
9371	9372	0.0566505007446
9372	9371	0.0566505007446
9372	9373	0.0566505007446
9373	9372	0.0566505007446
9373	9374	0.0566505007446
9374	9373	0.0566505007446
9375	9330	0.068977996707
9375	9376	0.068977996707
9376	9375	0.068977996707
9376	9377	0.068977996707
9377	9376	0.068977996707
9377	9378	0.068977996707
9378	9377	0.068977996707
9378	9379	0.068977996707
9379	9378	0.068977996707
9379	9380	0.068977996707
9380	9379	0.068977996707
9380	9381	0.068977996707
9381	9380	0.068977996707
9381	9382	0.068977996707
9382	9381	0.068977996707
9382	9383	0.068977996707
9383	9382	0.068977996707
9383	9384	0.068977996707
9384	9383	0.068977996707
9384	9385	0.068977996707
9385	9384	0.068977996707
9385	9386	0.068977996707
9386	9385	0.068977996707
9386	9387	0.0641444995999
9386	9442	0.0400569997728
9387	9386	0.0641444995999
9387	9388	0.0641444995999
9388	9387	0.0641444995999
9388	9389	0.0641444995999
9389	9388	0.0641444995999
9389	9390	0.0641444995999
9390	9389	0.0641444995999
9390	9391	0.0641444995999
9391	9390	0.0641444995999
9391	9392	0.0641444995999
9392	9391	0.0641444995999
9392	9393	0.0641444995999
9393	9392	0.0641444995999
9393	9394	0.0641444995999
9394	9393	0.0641444995999
9394	9395	0.0641444995999
9395	9394	0.0641444995999
9395	9396	0.0641444995999
9396	9395	0.0641444995999
9396	9397	0.0641444995999
9397	9396	0.0641444995999
9397	9398	0.0641444995999
9398	9397	0.0641444995999
9398	9399	0.0641444995999
9399	9398	0.0641444995999
9399	9400	0.0641444995999
9400	9399	0.0641444995999
9400	9401	0.0641444995999
9401	9400	0.0641444995999
9401	9402	0.0641444995999
9402	9401	0.0641444995999
9402	9403	0.0641444995999
9403	9402	0.0641444995999
9403	9404	0.0641444995999
9404	9403	0.0641444995999
9404	9405	0.0641444995999
9405	9404	0.0641444995999
9405	9406	0.0641444995999
9406	9405	0.0641444995999
9406	9407	0.0641444995999
9407	9406	0.0641444995999
9407	9408	0.0641444995999
9408	9407	0.0641444995999
9408	9409	0.0641444995999
9409	9408	0.0641444995999
9409	9410	0.0641444995999
9410	9409	0.0641444995999
9410	9411	0.0641444995999
9411	9410	0.0641444995999
9411	9412	0.0641444995999
9412	9411	0.0641444995999
9412	9413	0.0641444995999
9413	9412	0.0641444995999
9413	9414	0.0641444995999
9414	9413	0.0641444995999
9414	9415	0.0641444995999
9415	9414	0.0641444995999
9415	9416	0.0641444995999
9416	9415	0.0641444995999
9416	9417	0.0641444995999
9417	9416	0.0641444995999
9417	9418	0.0641444995999
9418	9417	0.0641444995999
9418	9419	0.0641444995999
9419	9418	0.0641444995999
9419	9420	0.0641444995999
9420	9419	0.0641444995999
9420	9421	0.0641444995999
9421	9420	0.0641444995999
9421	9422	0.0641444995999
9422	9421	0.0641444995999
9422	9423	0.0641444995999
9423	9422	0.0641444995999
9423	9424	0.0641444995999
9424	9423	0.0641444995999
9424	9425	0.0641444995999
9425	9424	0.0641444995999
9425	9426	0.0641444995999
9426	9425	0.0641444995999
9426	9427	0.0641444995999
9427	9426	0.0641444995999
9427	9428	0.0641444995999
9428	9427	0.0641444995999
9428	9429	0.0641444995999
9429	9428	0.0641444995999
9429	9430	0.0641444995999
9430	9429	0.0641444995999
9430	9431	0.0641444995999
9431	9430	0.0641444995999
9431	9432	0.0641444995999
9432	9431	0.0641444995999
9432	9433	0.0641444995999
9433	9432	0.0641444995999
9433	9434	0.0641444995999
9434	9433	0.0641444995999
9434	9435	0.0641444995999
9435	9434	0.0641444995999
9435	9436	0.0641444995999
9436	9435	0.0641444995999
9436	9437	0.0641444995999
9437	9436	0.0641444995999
9437	9438	0.0641444995999
9438	9437	0.0641444995999
9438	9439	0.0641444995999
9439	9438	0.0641444995999
9439	9440	0.0641444995999
9440	9439	0.0641444995999
9440	9441	0.0641444995999
9441	9440	0.0641444995999
9442	9386	0.0400569997728
9442	9443	0.0400569997728
9443	9442	0.0400569997728
9443	9444	0.0400569997728
9444	9443	0.0400569997728
9444	9445	0.0400569997728
9445	9444	0.0400569997728
9445	9446	0.0400569997728
9446	9445	0.0400569997728
9446	9447	0.0400569997728
9447	9446	0.0400569997728
9447	9448	0.0400569997728
9448	9447	0.0400569997728
9448	9449	0.0400569997728
9449	9448	0.0400569997728
9450	9317	0.043869998306
9450	9451	0.043869998306
9451	9450	0.043869998306
9451	9452	0.043869998306
9452	9451	0.043869998306
9452	9453	0.043869998306
9453	9452	0.043869998306
9453	9454	0.043869998306
9454	9453	0.043869998306
9454	9455	0.043869998306
9455	9454	0.043869998306
9455	9456	0.043869998306
9456	9455	0.043869998306
9456	9457	0.043869998306
9457	9456	0.043869998306
9457	9458	0.043869998306
9458	9457	0.043869998306
9458	9459	0.043869998306
9459	9458	0.043869998306
9459	9460	0.043869998306
9460	9459	0.043869998306
9460	9461	0.043869998306
9461	9460	0.043869998306
9461	9462	0.043869998306
9462	9461	0.043869998306
9462	9463	0.043869998306
9463	9462	0.043869998306
9463	9464	0.043869998306
9464	9463	0.043869998306
9464	9465	0.043869998306
9465	9464	0.043869998306
9465	9466	0.043869998306
9466	9465	0.043869998306
9466	9467	0.043869998306
9467	9466	0.043869998306
9467	9468	0.043869998306
9468	9467	0.043869998306
9469	9207	0.290964007378
9469	9470	0.290964007378
9470	9469	0.290964007378
9470	9471	0.290964007378
9471	9470	0.290964007378
9471	9472	0.290964007378
9472	9471	0.290964007378
9472	9473	0.290964007378
9473	9472	0.290964007378
9473	9474	0.290964007378
9474	9473	0.290964007378
9474	9475	0.290964007378
9475	9474	0.290964007378
9475	9476	0.290754497051
9475	14621	0.037583000958
9476	9475	0.290754497051
9476	9477	0.290754497051
9477	9476	0.290754497051
9477	9478	0.290754497051
9478	9477	0.290754497051
9478	9479	0.290754497051
9479	9478	0.290754497051
9479	9480	0.290754497051
9480	9479	0.290754497051
9480	9481	0.290754497051
9481	9480	0.290754497051
9481	9482	0.290754497051
9482	9481	0.290754497051
9482	9483	0.286711513996
9482	14303	0.100373499095
9483	9482	0.286711513996
9483	9484	0.286711513996
9484	9483	0.286711513996
9484	9485	0.286711513996
9485	9484	0.286711513996
9485	9486	0.286711513996
9486	9485	0.286711513996
9486	9487	0.286711513996
9487	9486	0.286711513996
9487	9488	0.286711513996
9488	9487	0.286711513996
9488	9489	0.286711513996
9489	9488	0.286711513996
9489	9490	0.286711513996
9490	9489	0.286711513996
9490	9491	0.286711513996
9491	9490	0.286711513996
9491	9492	0.286711513996
9492	9491	0.286711513996
9492	9493	0.286711513996
9493	9492	0.286711513996
9493	9494	0.286711513996
9494	9493	0.286711513996
9494	9495	0.286711513996
9495	9494	0.286711513996
9495	9496	0.286711513996
9496	9495	0.286711513996
9496	9497	0.286711513996
9497	9496	0.286711513996
9497	9498	0.286711513996
9498	9497	0.286711513996
9498	9499	0.286711513996
9499	9498	0.286711513996
9499	9500	0.286711513996
9500	9499	0.286711513996
9500	9501	0.286711513996
9501	9500	0.286711513996
9501	9502	0.286711513996
9502	9501	0.286711513996
9502	9503	0.286711513996
9503	9502	0.286711513996
9503	9504	0.0435950011015
9503	9538	0.286374986172
9504	9503	0.0435950011015
9504	9505	0.0435950011015
9505	9504	0.0435950011015
9505	9506	0.0435950011015
9506	9505	0.0435950011015
9506	9507	0.0435950011015
9507	9506	0.0435950011015
9507	9508	0.0435950011015
9508	9507	0.0435950011015
9508	9509	0.0435950011015
9509	9508	0.0435950011015
9509	9510	0.0435950011015
9510	9509	0.0435950011015
9510	9511	0.0435950011015
9511	9510	0.0435950011015
9511	9512	0.0435950011015
9512	9511	0.0435950011015
9512	9513	0.0435950011015
9513	9512	0.0435950011015
9513	9514	0.0435950011015
9514	9513	0.0435950011015
9514	9515	0.0435950011015
9515	9514	0.0435950011015
9515	9516	0.0435950011015
9516	9515	0.0435950011015
9516	9517	0.0435950011015
9517	9516	0.0435950011015
9517	9518	0.0435950011015
9518	9517	0.0435950011015
9518	9519	0.0435950011015
9519	9518	0.0435950011015
9519	9520	0.0435950011015
9520	9519	0.0435950011015
9520	9521	0.0435950011015
9521	9520	0.0435950011015
9521	9522	0.0435950011015
9522	9521	0.0435950011015
9522	9523	0.0435950011015
9523	9522	0.0435950011015
9523	9524	0.0435950011015
9524	9523	0.0435950011015
9524	9525	0.0435950011015
9525	9524	0.0435950011015
9525	9526	0.0435950011015
9526	9525	0.0435950011015
9526	9527	0.0435950011015
9527	9526	0.0435950011015
9527	9528	0.0435950011015
9528	9527	0.0435950011015
9528	9529	0.0435950011015
9529	9528	0.0435950011015
9529	9530	0.0435950011015
9530	9529	0.0435950011015
9530	9531	0.0435950011015
9531	9530	0.0435950011015
9531	9532	0.0435950011015
9532	9531	0.0435950011015
9532	9533	0.0435950011015
9533	9532	0.0435950011015
9533	9534	0.0435950011015
9534	9533	0.0435950011015
9534	9535	0.0435950011015
9535	9534	0.0435950011015
9535	9536	0.0435950011015
9536	9535	0.0435950011015
9536	9537	0.0435950011015
9537	9536	0.0435950011015
9538	9503	0.286374986172
9538	9539	0.286374986172
9539	9538	0.286374986172
9539	9540	0.286374986172
9540	9539	0.286374986172
9540	9541	0.286374986172
9541	9540	0.286374986172
9541	9542	0.286374986172
9542	9541	0.286374986172
9542	9543	0.286374986172
9543	9542	0.286374986172
9543	9544	0.286374986172
9544	9543	0.286374986172
9544	9545	0.286374986172
9545	9544	0.286374986172
9545	9546	0.286374986172
9546	9545	0.286374986172
9546	9547	0.286374986172
9547	9546	0.286374986172
9547	9548	0.286374986172
9548	9547	0.286374986172
9548	9549	0.286374986172
9549	9548	0.286374986172
9549	9550	0.286374986172
9550	9549	0.286374986172
9550	9551	0.286374986172
9551	9550	0.286374986172
9551	9552	0.286374986172
9552	9551	0.286374986172
9552	9553	0.286374986172
9553	9552	0.286374986172
9553	9554	0.286374986172
9554	9553	0.286374986172
9554	9555	0.286374986172
9555	9554	0.286374986172
9555	9556	0.286374986172
9556	9555	0.286374986172
9556	9557	0.286374986172
9557	9556	0.286374986172
9557	9558	0.286374986172
9558	9557	0.286374986172
9558	9559	0.0422360002995
9558	9587	0.286068499088
9559	9558	0.0422360002995
9559	9560	0.0422360002995
9560	9559	0.0422360002995
9560	9561	0.0422360002995
9561	9560	0.0422360002995
9561	9562	0.0422360002995
9562	9561	0.0422360002995
9562	9563	0.0422360002995
9563	9562	0.0422360002995
9563	9564	0.0422360002995
9564	9563	0.0422360002995
9564	9565	0.0422360002995
9565	9564	0.0422360002995
9565	9566	0.0422360002995
9566	9565	0.0422360002995
9566	9567	0.0422360002995
9567	9566	0.0422360002995
9567	9568	0.0422360002995
9568	9567	0.0422360002995
9568	9569	0.0422360002995
9569	9568	0.0422360002995
9569	9570	0.0422360002995
9570	9569	0.0422360002995
9570	9571	0.0422360002995
9571	9570	0.0422360002995
9571	9572	0.0422360002995
9572	9571	0.0422360002995
9572	9573	0.0422360002995
9573	9572	0.0422360002995
9573	9574	0.0422360002995
9574	9573	0.0422360002995
9574	9575	0.0422360002995
9575	9574	0.0422360002995
9575	9576	0.0422360002995
9576	9575	0.0422360002995
9576	9577	0.0422360002995
9577	9576	0.0422360002995
9577	9578	0.0422360002995
9578	9577	0.0422360002995
9578	9579	0.0422360002995
9579	9578	0.0422360002995
9579	9580	0.0422360002995
9580	9579	0.0422360002995
9580	9581	0.0422360002995
9581	9580	0.0422360002995
9581	9582	0.0422360002995
9582	9581	0.0422360002995
9582	9583	0.0422360002995
9583	9582	0.0422360002995
9583	9584	0.0422360002995
9584	9583	0.0422360002995
9584	9585	0.0422360002995
9585	9584	0.0422360002995
9585	9586	0.0422360002995
9586	9585	0.0422360002995
9587	9558	0.286068499088
9587	9588	0.286068499088
9588	9587	0.286068499088
9588	9589	0.286068499088
9589	9588	0.286068499088
9589	9590	0.286068499088
9590	9589	0.286068499088
9590	9591	0.286068499088
9591	9590	0.286068499088
9591	9592	0.286068499088
9592	9591	0.286068499088
9592	9593	0.286068499088
9593	9592	0.286068499088
9593	9594	0.286068499088
9594	9593	0.286068499088
9594	9595	0.286068499088
9595	9594	0.286068499088
9595	9596	0.286068499088
9596	9595	0.286068499088
9596	9597	0.285463005304
9596	14256	0.0529354996979
9597	9596	0.285463005304
9597	9598	0.285463005304
9598	9597	0.285463005304
9598	9599	0.285463005304
9599	9598	0.285463005304
9599	9600	0.285463005304
9600	9599	0.285463005304
9600	9601	0.285463005304
9601	9600	0.285463005304
9601	9602	0.285463005304
9602	9601	0.285463005304
9602	9603	0.285463005304
9603	9602	0.285463005304
9603	9604	0.285463005304
9604	9603	0.285463005304
9604	9605	0.285463005304
9605	9604	0.285463005304
9605	9606	0.285463005304
9606	9605	0.285463005304
9606	9607	0.285036504269
9606	14214	0.0470465011895
9607	9606	0.285036504269
9607	9608	0.285036504269
9608	9607	0.285036504269
9608	9609	0.285036504269
9609	9608	0.285036504269
9609	9610	0.285036504269
9610	9609	0.285036504269
9610	9611	0.285036504269
9611	9610	0.285036504269
9611	9612	0.285036504269
9612	9611	0.285036504269
9612	9613	0.285036504269
9613	9612	0.285036504269
9613	9614	0.285036504269
9614	9613	0.285036504269
9614	9615	0.285036504269
9615	9614	0.285036504269
9615	9616	0.285036504269
9616	9615	0.285036504269
9616	9617	0.0454780012369
9616	9653	0.28464999795
9617	9616	0.0454780012369
9617	9618	0.0454780012369
9618	9617	0.0454780012369
9618	9619	0.0454780012369
9619	9618	0.0454780012369
9619	9620	0.0454780012369
9620	9619	0.0454780012369
9620	9621	0.0454780012369
9621	9620	0.0454780012369
9621	9622	0.0454780012369
9622	9621	0.0454780012369
9622	9623	0.0454780012369
9623	9622	0.0454780012369
9623	9624	0.0454780012369
9624	9623	0.0454780012369
9624	9625	0.0454780012369
9625	9624	0.0454780012369
9625	9626	0.0454780012369
9626	9625	0.0454780012369
9626	9627	0.0454780012369
9627	9626	0.0454780012369
9627	9628	0.0454780012369
9628	9627	0.0454780012369
9628	9629	0.0454780012369
9629	9628	0.0454780012369
9629	9630	0.0454780012369
9630	9629	0.0454780012369
9630	9631	0.0454780012369
9631	9630	0.0454780012369
9631	9632	0.0454780012369
9632	9631	0.0454780012369
9632	9633	0.0454780012369
9633	9632	0.0454780012369
9633	9634	0.0454780012369
9634	9633	0.0454780012369
9634	9635	0.0454780012369
9635	9634	0.0454780012369
9635	9636	0.0454780012369
9636	9635	0.0454780012369
9636	9637	0.0454780012369
9637	9636	0.0454780012369
9637	9638	0.0454780012369
9638	9637	0.0454780012369
9638	9639	0.0454780012369
9639	9638	0.0454780012369
9639	9640	0.0454780012369
9640	9639	0.0454780012369
9640	9641	0.0454780012369
9641	9640	0.0454780012369
9641	9642	0.0454780012369
9642	9641	0.0454780012369
9642	9643	0.0454780012369
9643	9642	0.0454780012369
9643	9644	0.0454780012369
9644	9643	0.0454780012369
9644	9645	0.0454780012369
9645	9644	0.0454780012369
9645	9646	0.0454780012369
9646	9645	0.0454780012369
9646	9647	0.0454780012369
9647	9646	0.0454780012369
9647	9648	0.0454780012369
9648	9647	0.0454780012369
9648	9649	0.0454780012369
9649	9648	0.0454780012369
9649	9650	0.0454780012369
9650	9649	0.0454780012369
9650	9651	0.0454780012369
9651	9650	0.0454780012369
9651	9652	0.0454780012369
9652	9651	0.0454780012369
9653	9616	0.28464999795
9653	9654	0.28464999795
9654	9653	0.28464999795
9654	9655	0.28464999795
9655	9654	0.28464999795
9655	9656	0.28464999795
9656	9655	0.28464999795
9656	9657	0.28464999795
9657	9656	0.28464999795
9657	9658	0.28464999795
9658	9657	0.28464999795
9658	9659	0.28464999795
9659	9658	0.28464999795
9659	9660	0.28464999795
9660	9659	0.28464999795
9660	9661	0.28464999795
9661	9660	0.28464999795
9661	9662	0.28464999795
9662	9661	0.28464999795
9662	9663	0.0381034985185
9662	9680	0.284422010183
9663	9662	0.0381034985185
9663	9664	0.0381034985185
9664	9663	0.0381034985185
9664	9665	0.0381034985185
9665	9664	0.0381034985185
9665	9666	0.0381034985185
9666	9665	0.0381034985185
9666	9667	0.0381034985185
9667	9666	0.0381034985185
9667	9668	0.0381034985185
9668	9667	0.0381034985185
9668	9669	0.0381034985185
9669	9668	0.0381034985185
9669	9670	0.0381034985185
9670	9669	0.0381034985185
9670	9671	0.0381034985185
9671	9670	0.0381034985185
9671	9672	0.0381034985185
9672	9671	0.0381034985185
9672	9673	0.0381034985185
9673	9672	0.0381034985185
9673	9674	0.0381034985185
9674	9673	0.0381034985185
9674	9675	0.0381034985185
9675	9674	0.0381034985185
9675	9676	0.0381034985185
9676	9675	0.0381034985185
9676	9677	0.0381034985185
9677	9676	0.0381034985185
9677	9678	0.0381034985185
9678	9677	0.0381034985185
9678	9679	0.0381034985185
9679	9678	0.0381034985185
9680	9662	0.284422010183
9680	9681	0.284422010183
9681	9680	0.284422010183
9681	9682	0.284422010183
9682	9681	0.284422010183
9682	9683	0.284422010183
9683	9682	0.284422010183
9683	9684	0.284422010183
9684	9683	0.284422010183
9684	9685	0.284422010183
9685	9684	0.284422010183
9685	9686	0.284422010183
9686	9685	0.284422010183
9686	9687	0.284422010183
9687	9686	0.284422010183
9687	9688	0.284422010183
9688	9687	0.284422010183
9688	9689	0.135820493102
9688	10341	0.273698985577
9689	9688	0.135820493102
9689	9690	0.135820493102
9690	9689	0.135820493102
9690	9691	0.135820493102
9691	9690	0.135820493102
9691	9692	0.135820493102
9692	9691	0.135820493102
9692	9693	0.135820493102
9693	9692	0.135820493102
9693	9694	0.135820493102
9694	9693	0.135820493102
9694	9695	0.135820493102
9695	9694	0.135820493102
9695	9696	0.135820493102
9696	9695	0.135820493102
9696	9697	0.135820493102
9697	9696	0.135820493102
9697	9698	0.135820493102
9698	9697	0.135820493102
9698	9699	0.135820493102
9699	9698	0.135820493102
9699	9700	0.135820493102
9700	9699	0.135820493102
9700	9701	0.135820493102
9701	9700	0.135820493102
9701	9702	0.135820493102
9702	9701	0.135820493102
9702	9703	0.135820493102
9703	9702	0.135820493102
9703	9704	0.135820493102
9704	9703	0.135820493102
9704	9705	0.135820493102
9705	9704	0.135820493102
9705	9706	0.135820493102
9706	9705	0.135820493102
9706	9707	0.135820493102
9707	9706	0.135820493102
9707	9708	0.135820493102
9708	9707	0.135820493102
9708	9709	0.135820493102
9709	9708	0.135820493102
9709	9710	0.135820493102
9710	9709	0.135820493102
9710	9711	0.135820493102
9711	9710	0.135820493102
9711	9712	0.135820493102
9712	9711	0.135820493102
9712	9713	0.135820493102
9713	9712	0.135820493102
9713	9714	0.135820493102
9714	9713	0.135820493102
9714	9715	0.135820493102
9715	9714	0.135820493102
9715	9716	0.0758100003004
9715	9848	0.127441495657
9716	9715	0.0758100003004
9716	9717	0.0758100003004
9717	9716	0.0758100003004
9717	9718	0.0758100003004
9718	9717	0.0758100003004
9718	9719	0.0758100003004
9719	9718	0.0758100003004
9719	9720	0.0758100003004
9720	9719	0.0758100003004
9720	9721	0.0758100003004
9721	9720	0.0758100003004
9721	9722	0.0758100003004
9722	9721	0.0758100003004
9722	9723	0.0758100003004
9723	9722	0.0758100003004
9723	9724	0.0758100003004
9724	9723	0.0758100003004
9724	9725	0.0758100003004
9725	9724	0.0758100003004
9725	9726	0.0758100003004
9726	9725	0.0758100003004
9726	9727	0.0758100003004
9727	9726	0.0758100003004
9727	9728	0.0758100003004
9728	9727	0.0758100003004
9728	9729	0.0758100003004
9729	9728	0.0758100003004
9729	9730	0.0758100003004
9730	9729	0.0758100003004
9730	9731	0.0758100003004
9731	9730	0.0758100003004
9731	9732	0.0758100003004
9732	9731	0.0758100003004
9732	9733	0.0758100003004
9733	9732	0.0758100003004
9733	9734	0.0758100003004
9734	9733	0.0758100003004
9734	9735	0.0712149962783
9734	9832	0.0420804992318
9735	9734	0.0712149962783
9735	9736	0.0712149962783
9736	9735	0.0712149962783
9736	9737	0.0712149962783
9737	9736	0.0712149962783
9737	9738	0.0712149962783
9738	9737	0.0712149962783
9738	9739	0.0712149962783
9739	9738	0.0712149962783
9739	9740	0.0712149962783
9740	9739	0.0712149962783
9740	9741	0.0712149962783
9741	9740	0.0712149962783
9741	9742	0.0712149962783
9742	9741	0.0712149962783
9742	9743	0.0712149962783
9743	9742	0.0712149962783
9743	9744	0.0712149962783
9744	9743	0.0712149962783
9744	9745	0.0712149962783
9745	9744	0.0712149962783
9745	9746	0.0712149962783
9746	9745	0.0712149962783
9746	9747	0.0712149962783
9747	9746	0.0712149962783
9747	9748	0.0712149962783
9748	9747	0.0712149962783
9748	9749	0.0712149962783
9749	9748	0.0712149962783
9749	9750	0.0712149962783
9750	9749	0.0712149962783
9750	9751	0.0712149962783
9751	9750	0.0712149962783
9751	9752	0.0618060007691
9751	9808	0.0500104986131
9752	9751	0.0618060007691
9752	9753	0.0618060007691
9753	9752	0.0618060007691
9753	9754	0.0618060007691
9754	9753	0.0618060007691
9754	9755	0.0618060007691
9755	9754	0.0618060007691
9755	9756	0.0618060007691
9756	9755	0.0618060007691
9756	9757	0.0618060007691
9757	9756	0.0618060007691
9757	9758	0.0618060007691
9758	9757	0.0618060007691
9758	9759	0.0618060007691
9759	9758	0.0618060007691
9759	9760	0.0618060007691
9760	9759	0.0618060007691
9760	9761	0.0618060007691
9761	9760	0.0618060007691
9761	9762	0.0618060007691
9762	9761	0.0618060007691
9762	9763	0.0618060007691
9763	9762	0.0618060007691
9763	9764	0.0618060007691
9764	9763	0.0618060007691
9764	9765	0.0618060007691
9765	9764	0.0618060007691
9765	9766	0.0618060007691
9766	9765	0.0618060007691
9766	9767	0.0618060007691
9767	9766	0.0618060007691
9767	9768	0.0618060007691
9768	9767	0.0618060007691
9768	9769	0.0618060007691
9769	9768	0.0618060007691
9769	9770	0.0618060007691
9770	9769	0.0618060007691
9770	9771	0.0618060007691
9771	9770	0.0618060007691
9771	9772	0.0618060007691
9772	9771	0.0618060007691
9772	9773	0.0618060007691
9773	9772	0.0618060007691
9773	9774	0.0618060007691
9774	9773	0.0618060007691
9774	9775	0.0618060007691
9775	9774	0.0618060007691
9775	9776	0.0618060007691
9776	9775	0.0618060007691
9776	9777	0.0618060007691
9777	9776	0.0618060007691
9777	9778	0.0618060007691
9778	9777	0.0618060007691
9778	9779	0.0618060007691
9779	9778	0.0618060007691
9779	9780	0.0618060007691
9780	9779	0.0618060007691
9780	9781	0.0618060007691
9781	9780	0.0618060007691
9781	9782	0.0618060007691
9782	9781	0.0618060007691
9782	9783	0.0618060007691
9783	9782	0.0618060007691
9783	9784	0.0618060007691
9784	9783	0.0618060007691
9784	9785	0.0618060007691
9785	9784	0.0618060007691
9785	9786	0.0618060007691
9786	9785	0.0618060007691
9786	9787	0.0618060007691
9787	9786	0.0618060007691
9787	9788	0.0618060007691
9788	9787	0.0618060007691
9788	9789	0.0618060007691
9789	9788	0.0618060007691
9789	9790	0.0618060007691
9790	9789	0.0618060007691
9790	9791	0.0618060007691
9791	9790	0.0618060007691
9791	9792	0.0618060007691
9792	9791	0.0618060007691
9792	9793	0.0618060007691
9793	9792	0.0618060007691
9793	9794	0.0618060007691
9794	9793	0.0618060007691
9794	9795	0.0618060007691
9795	9794	0.0618060007691
9795	9796	0.0618060007691
9796	9795	0.0618060007691
9796	9797	0.0618060007691
9797	9796	0.0618060007691
9797	9798	0.0618060007691
9798	9797	0.0618060007691
9798	9799	0.0618060007691
9799	9798	0.0618060007691
9799	9800	0.0618060007691
9800	9799	0.0618060007691
9800	9801	0.0618060007691
9801	9800	0.0618060007691
9801	9802	0.0618060007691
9802	9801	0.0618060007691
9802	9803	0.0618060007691
9803	9802	0.0618060007691
9803	9804	0.0618060007691
9804	9803	0.0618060007691
9804	9805	0.0618060007691
9805	9804	0.0618060007691
9805	9806	0.0618060007691
9806	9805	0.0618060007691
9806	9807	0.0618060007691
9807	9806	0.0618060007691
9808	9751	0.0500104986131
9808	9809	0.0500104986131
9809	9808	0.0500104986131
9809	9810	0.0500104986131
9810	9809	0.0500104986131
9810	9811	0.0500104986131
9811	9810	0.0500104986131
9811	9812	0.0500104986131
9812	9811	0.0500104986131
9812	9813	0.0500104986131
9813	9812	0.0500104986131
9813	9814	0.0500104986131
9814	9813	0.0500104986131
9814	9815	0.0500104986131
9815	9814	0.0500104986131
9815	9816	0.0500104986131
9816	9815	0.0500104986131
9816	9817	0.0500104986131
9817	9816	0.0500104986131
9817	9818	0.0500104986131
9818	9817	0.0500104986131
9818	9819	0.0500104986131
9819	9818	0.0500104986131
9819	9820	0.0500104986131
9820	9819	0.0500104986131
9820	9821	0.0500104986131
9821	9820	0.0500104986131
9821	9822	0.0500104986131
9822	9821	0.0500104986131
9822	9823	0.0500104986131
9823	9822	0.0500104986131
9823	9824	0.0500104986131
9824	9823	0.0500104986131
9824	9825	0.0500104986131
9825	9824	0.0500104986131
9825	9826	0.0500104986131
9826	9825	0.0500104986131
9826	9827	0.0500104986131
9827	9826	0.0500104986131
9827	9828	0.0500104986131
9828	9827	0.0500104986131
9828	9829	0.0500104986131
9829	9828	0.0500104986131
9829	9830	0.0500104986131
9830	9829	0.0500104986131
9830	9831	0.0500104986131
9831	9830	0.0500104986131
9832	9734	0.0420804992318
9832	9833	0.0420804992318
9833	9832	0.0420804992318
9833	9834	0.0420804992318
9834	9833	0.0420804992318
9834	9835	0.0420804992318
9835	9834	0.0420804992318
9835	9836	0.0420804992318
9836	9835	0.0420804992318
9836	9837	0.0420804992318
9837	9836	0.0420804992318
9837	9838	0.0420804992318
9838	9837	0.0420804992318
9838	9839	0.0420804992318
9839	9838	0.0420804992318
9839	9840	0.0420804992318
9840	9839	0.0420804992318
9840	9841	0.0420804992318
9841	9840	0.0420804992318
9841	9842	0.0420804992318
9842	9841	0.0420804992318
9842	9843	0.0420804992318
9843	9842	0.0420804992318
9843	9844	0.0420804992318
9844	9843	0.0420804992318
9844	9845	0.0420804992318
9845	9844	0.0420804992318
9845	9846	0.0420804992318
9846	9845	0.0420804992318
9846	9847	0.0420804992318
9847	9846	0.0420804992318
9848	9715	0.127441495657
9848	9849	0.127441495657
9849	9848	0.127441495657
9849	9850	0.127441495657
9850	9849	0.127441495657
9850	9851	0.127441495657
9851	9850	0.127441495657
9851	9852	0.127441495657
9852	9851	0.127441495657
9852	9853	0.127441495657
9853	9852	0.127441495657
9853	9854	0.127441495657
9854	9853	0.127441495657
9854	9855	0.127441495657
9855	9854	0.127441495657
9855	9856	0.127441495657
9856	9855	0.127441495657
9856	9857	0.127441495657
9857	9856	0.127441495657
9857	9858	0.127441495657
9858	9857	0.127441495657
9858	9859	0.127441495657
9859	9858	0.127441495657
9859	9860	0.127441495657
9860	9859	0.127441495657
9860	9861	0.127441495657
9861	9860	0.127441495657
9861	9862	0.127441495657
9862	9861	0.127441495657
9862	9863	0.127441495657
9863	9862	0.127441495657
9863	9864	0.127441495657
9864	9863	0.127441495657
9864	9865	0.127441495657
9865	9864	0.127441495657
9865	9866	0.10194849968
9865	10112	0.100339502096
9866	9865	0.10194849968
9866	9867	0.10194849968
9867	9866	0.10194849968
9867	9868	0.10194849968
9868	9867	0.10194849968
9868	9869	0.10194849968
9869	9868	0.10194849968
9869	9870	0.10194849968
9870	9869	0.10194849968
9870	9871	0.10194849968
9871	9870	0.10194849968
9871	9872	0.10194849968
9872	9871	0.10194849968
9872	9873	0.10194849968
9873	9872	0.10194849968
9873	9874	0.10194849968
9874	9873	0.10194849968
9874	9875	0.10194849968
9875	9874	0.10194849968
9875	9876	0.10194849968
9876	9875	0.10194849968
9876	9877	0.10194849968
9877	9876	0.10194849968
9877	9878	0.10194849968
9878	9877	0.10194849968
9878	9879	0.0316580012441
9878	9884	0.100920498371
9879	9878	0.0316580012441
9879	9880	0.0316580012441
9880	9879	0.0316580012441
9880	9881	0.0316580012441
9881	9880	0.0316580012441
9881	9882	0.0316580012441
9882	9881	0.0316580012441
9882	9883	0.0316580012441
9883	9882	0.0316580012441
9884	9878	0.100920498371
9884	9885	0.100920498371
9885	9884	0.100920498371
9885	9886	0.100920498371
9886	9885	0.100920498371
9886	9887	0.100920498371
9887	9886	0.100920498371
9887	9888	0.100920498371
9888	9887	0.100920498371
9888	9889	0.100920498371
9889	9888	0.100920498371
9889	9890	0.100920498371
9890	9889	0.100920498371
9890	9891	0.100920498371
9891	9890	0.100920498371
9891	9892	0.100920498371
9892	9891	0.100920498371
9892	9893	0.100920498371
9893	9892	0.100920498371
9893	9894	0.100920498371
9894	9893	0.100920498371
9894	9895	0.100920498371
9895	9894	0.100920498371
9895	9896	0.100920498371
9896	9895	0.100920498371
9896	9897	0.100920498371
9897	9896	0.100920498371
9897	9898	0.100920498371
9898	9897	0.100920498371
9898	9899	0.100920498371
9899	9898	0.100920498371
9899	9900	0.100920498371
9900	9899	0.100920498371
9900	9901	0.100920498371
9901	9900	0.100920498371
9901	9902	0.100920498371
9902	9901	0.100920498371
9902	9903	0.100920498371
9903	9902	0.100920498371
9903	9904	0.100920498371
9904	9903	0.100920498371
9904	9905	0.100920498371
9905	9904	0.100920498371
9905	9906	0.100920498371
9906	9905	0.100920498371
9906	9907	0.100920498371
9907	9906	0.100920498371
9907	9908	0.100920498371
9908	9907	0.100920498371
9908	9909	0.100920498371
9909	9908	0.100920498371
9909	9910	0.100920498371
9910	9909	0.100920498371
9910	9911	0.100920498371
9911	9910	0.100920498371
9911	9912	0.100920498371
9912	9911	0.100920498371
9912	9913	0.100920498371
9913	9912	0.100920498371
9913	9914	0.100920498371
9914	9913	0.100920498371
9914	9915	0.100920498371
9915	9914	0.100920498371
9915	9916	0.100920498371
9916	9915	0.100920498371
9916	9917	0.100920498371
9917	9916	0.100920498371
9917	9918	0.100920498371
9918	9917	0.100920498371
9918	9919	0.100920498371
9919	9918	0.100920498371
9919	9920	0.100920498371
9920	9919	0.100920498371
9920	9921	0.100920498371
9921	9920	0.100920498371
9921	9922	0.100920498371
9922	9921	0.100920498371
9922	9923	0.100920498371
9923	9922	0.100920498371
9923	9924	0.100920498371
9924	9923	0.100920498371
9924	9925	0.0660519972444
9924	9976	0.0904380008578
9925	9924	0.0660519972444
9925	9926	0.0660519972444
9926	9925	0.0660519972444
9926	9927	0.0660519972444
9927	9926	0.0660519972444
9927	9928	0.0660519972444
9928	9927	0.0660519972444
9928	9929	0.0660519972444
9929	9928	0.0660519972444
9929	9930	0.0660519972444
9930	9929	0.0660519972444
9930	9931	0.0612635016441
9930	9970	0.0387619994581
9931	9930	0.0612635016441
9931	9932	0.0612635016441
9932	9931	0.0612635016441
9932	9933	0.0612635016441
9933	9932	0.0612635016441
9933	9934	0.0612635016441
9934	9933	0.0612635016441
9934	9935	0.0612635016441
9935	9934	0.0612635016441
9935	9936	0.0612635016441
9936	9935	0.0612635016441
9936	9937	0.0612635016441
9937	9936	0.0612635016441
9937	9938	0.0612635016441
9938	9937	0.0612635016441
9938	9939	0.0612635016441
9939	9938	0.0612635016441
9939	9940	0.0612635016441
9940	9939	0.0612635016441
9940	9941	0.0612635016441
9941	9940	0.0612635016441
9941	9942	0.0612635016441
9942	9941	0.0612635016441
9942	9943	0.0612635016441
9943	9942	0.0612635016441
9943	9944	0.0612635016441
9944	9943	0.0612635016441
9944	9945	0.0612635016441
9945	9944	0.0612635016441
9945	9946	0.0612635016441
9946	9945	0.0612635016441
9946	9947	0.0612635016441
9947	9946	0.0612635016441
9947	9948	0.0612635016441
9948	9947	0.0612635016441
9948	9949	0.0612635016441
9949	9948	0.0612635016441
9949	9950	0.0612635016441
9950	9949	0.0612635016441
9950	9951	0.0612635016441
9951	9950	0.0612635016441
9951	9952	0.0612635016441
9952	9951	0.0612635016441
9952	9953	0.0612635016441
9953	9952	0.0612635016441
9953	9954	0.0612635016441
9954	9953	0.0612635016441
9954	9955	0.0612635016441
9955	9954	0.0612635016441
9955	9956	0.0612635016441
9956	9955	0.0612635016441
9956	9957	0.0612635016441
9957	9956	0.0612635016441
9957	9958	0.0612635016441
9958	9957	0.0612635016441
9958	9959	0.0612635016441
9959	9958	0.0612635016441
9959	9960	0.0612635016441
9960	9959	0.0612635016441
9960	9961	0.0612635016441
9961	9960	0.0612635016441
9961	9962	0.0612635016441
9962	9961	0.0612635016441
9962	9963	0.0612635016441
9963	9962	0.0612635016441
9963	9964	0.0612635016441
9964	9963	0.0612635016441
9964	9965	0.0612635016441
9965	9964	0.0612635016441
9965	9966	0.0612635016441
9966	9965	0.0612635016441
9966	9967	0.0612635016441
9967	9966	0.0612635016441
9967	9968	0.0612635016441
9968	9967	0.0612635016441
9968	9969	0.0612635016441
9969	9968	0.0612635016441
9970	9930	0.0387619994581
9970	9971	0.0387619994581
9971	9970	0.0387619994581
9971	9972	0.0387619994581
9972	9971	0.0387619994581
9972	9973	0.0387619994581
9973	9972	0.0387619994581
9973	9974	0.0387619994581
9974	9973	0.0387619994581
9974	9975	0.0387619994581
9975	9974	0.0387619994581
9976	9924	0.0904380008578
9976	9977	0.0904380008578
9977	9976	0.0904380008578
9977	9978	0.0904380008578
9978	9977	0.0904380008578
9978	9979	0.0904380008578
9979	9978	0.0904380008578
9979	9980	0.0904380008578
9980	9979	0.0904380008578
9980	9981	0.0904380008578
9981	9980	0.0904380008578
9981	9982	0.0904380008578
9982	9981	0.0904380008578
9982	9983	0.0904380008578
9983	9982	0.0904380008578
9983	9984	0.0904380008578
9984	9983	0.0904380008578
9984	9985	0.0904380008578
9985	9984	0.0904380008578
9985	9986	0.0904380008578
9986	9985	0.0904380008578
9986	9987	0.0904380008578
9987	9986	0.0904380008578
9987	9988	0.0904380008578
9988	9987	0.0904380008578
9988	9989	0.0904380008578
9989	9988	0.0904380008578
9989	9990	0.0904380008578
9990	9989	0.0904380008578
9990	9991	0.0904380008578
9991	9990	0.0904380008578
9991	9992	0.0904380008578
9992	9991	0.0904380008578
9992	9993	0.0904380008578
9993	9992	0.0904380008578
9993	9994	0.0904380008578
9994	9993	0.0904380008578
9994	9995	0.0781389996409
9994	10069	0.0640370026231
9995	9994	0.0781389996409
9995	9996	0.0781389996409
9996	9995	0.0781389996409
9996	9997	0.0781389996409
9997	9996	0.0781389996409
9997	9998	0.0781389996409
9998	9997	0.0781389996409
9998	9999	0.0781389996409
9999	9998	0.0781389996409
9999	10000	0.0781389996409
10000	9999	0.0781389996409
10000	10001	0.0781389996409
10001	10000	0.0781389996409
10001	10002	0.0781389996409
10002	10001	0.0781389996409
10002	10003	0.0781389996409
10003	10002	0.0781389996409
10003	10004	0.0721660032868
10003	10060	0.0466094985604
10004	10003	0.0721660032868
10004	10005	0.0721660032868
10005	10004	0.0721660032868
10005	10006	0.0721660032868
10006	10005	0.0721660032868
10006	10007	0.0721660032868
10007	10006	0.0721660032868
10007	10008	0.0721660032868
10008	10007	0.0721660032868
10008	10009	0.0721660032868
10009	10008	0.0721660032868
10009	10010	0.0721660032868
10010	10009	0.0721660032868
10010	10011	0.0721660032868
10011	10010	0.0721660032868
10011	10012	0.0721660032868
10012	10011	0.0721660032868
10012	10013	0.0721660032868
10013	10012	0.0721660032868
10013	10014	0.0721660032868
10014	10013	0.0721660032868
10014	10015	0.0721660032868
10015	10014	0.0721660032868
10015	10016	0.0721660032868
10016	10015	0.0721660032868
10016	10017	0.0721660032868
10017	10016	0.0721660032868
10017	10018	0.0721660032868
10018	10017	0.0721660032868
10018	10019	0.0721660032868
10019	10018	0.0721660032868
10019	10020	0.0721660032868
10020	10019	0.0721660032868
10020	10021	0.0721660032868
10021	10020	0.0721660032868
10021	10022	0.0721660032868
10022	10021	0.0721660032868
10022	10023	0.0721660032868
10023	10022	0.0721660032868
10023	10024	0.0721660032868
10024	10023	0.0721660032868
10024	10025	0.0721660032868
10025	10024	0.0721660032868
10025	10026	0.0721660032868
10026	10025	0.0721660032868
10026	10027	0.0721660032868
10027	10026	0.0721660032868
10027	10028	0.0721660032868
10028	10027	0.0721660032868
10028	10029	0.0721660032868
10029	10028	0.0721660032868
10029	10030	0.0721660032868
10030	10029	0.0721660032868
10030	10031	0.0721660032868
10031	10030	0.0721660032868
10031	10032	0.0721660032868
10032	10031	0.0721660032868
10032	10033	0.0721660032868
10033	10032	0.0721660032868
10033	10034	0.0721660032868
10034	10033	0.0721660032868
10034	10035	0.0721660032868
10035	10034	0.0721660032868
10035	10036	0.0721660032868
10036	10035	0.0721660032868
10036	10037	0.0721660032868
10037	10036	0.0721660032868
10037	10038	0.0721660032868
10038	10037	0.0721660032868
10038	10039	0.0721660032868
10039	10038	0.0721660032868
10039	10040	0.0721660032868
10040	10039	0.0721660032868
10040	10041	0.0721660032868
10041	10040	0.0721660032868
10041	10042	0.0721660032868
10042	10041	0.0721660032868
10042	10043	0.0721660032868
10043	10042	0.0721660032868
10043	10044	0.0721660032868
10044	10043	0.0721660032868
10044	10045	0.0721660032868
10045	10044	0.0721660032868
10045	10046	0.0721660032868
10046	10045	0.0721660032868
10046	10047	0.0721660032868
10047	10046	0.0721660032868
10047	10048	0.0721660032868
10048	10047	0.0721660032868
10048	10049	0.0721660032868
10049	10048	0.0721660032868
10049	10050	0.0721660032868
10050	10049	0.0721660032868
10050	10051	0.0721660032868
10051	10050	0.0721660032868
10051	10052	0.0721660032868
10052	10051	0.0721660032868
10052	10053	0.0721660032868
10053	10052	0.0721660032868
10053	10054	0.0721660032868
10054	10053	0.0721660032868
10054	10055	0.0721660032868
10055	10054	0.0721660032868
10055	10056	0.0721660032868
10056	10055	0.0721660032868
10056	10057	0.0721660032868
10057	10056	0.0721660032868
10057	10058	0.0721660032868
10058	10057	0.0721660032868
10058	10059	0.0721660032868
10059	10058	0.0721660032868
10060	10003	0.0466094985604
10060	10061	0.0466094985604
10061	10060	0.0466094985604
10061	10062	0.0466094985604
10062	10061	0.0466094985604
10062	10063	0.0466094985604
10063	10062	0.0466094985604
10063	10064	0.0466094985604
10064	10063	0.0466094985604
10064	10065	0.0466094985604
10065	10064	0.0466094985604
10065	10066	0.0466094985604
10066	10065	0.0466094985604
10066	10067	0.0466094985604
10067	10066	0.0466094985604
10067	10068	0.0466094985604
10068	10067	0.0466094985604
10069	9994	0.0640370026231
10069	10070	0.0640370026231
10070	10069	0.0640370026231
10070	10071	0.0640370026231
10071	10070	0.0640370026231
10071	10072	0.0640370026231
10072	10071	0.0640370026231
10072	10073	0.0640370026231
10073	10072	0.0640370026231
10073	10074	0.0640370026231
10074	10073	0.0640370026231
10074	10075	0.0640370026231
10075	10074	0.0640370026231
10075	10076	0.0640370026231
10076	10075	0.0640370026231
10076	10077	0.0640370026231
10077	10076	0.0640370026231
10077	10078	0.0640370026231
10078	10077	0.0640370026231
10078	10079	0.0640370026231
10079	10078	0.0640370026231
10079	10080	0.0640370026231
10080	10079	0.0640370026231
10080	10081	0.0640370026231
10081	10080	0.0640370026231
10081	10082	0.0640370026231
10082	10081	0.0640370026231
10082	10083	0.0640370026231
10083	10082	0.0640370026231
10083	10084	0.0640370026231
10084	10083	0.0640370026231
10084	10085	0.0640370026231
10085	10084	0.0640370026231
10085	10086	0.0640370026231
10086	10085	0.0640370026231
10086	10087	0.0640370026231
10087	10086	0.0640370026231
10087	10088	0.0640370026231
10088	10087	0.0640370026231
10088	10089	0.0640370026231
10089	10088	0.0640370026231
10089	10090	0.0640370026231
10090	10089	0.0640370026231
10090	10091	0.0640370026231
10091	10090	0.0640370026231
10091	10092	0.0640370026231
10092	10091	0.0640370026231
10092	10093	0.0640370026231
10093	10092	0.0640370026231
10093	10094	0.0640370026231
10094	10093	0.0640370026231
10094	10095	0.0640370026231
10095	10094	0.0640370026231
10095	10096	0.0640370026231
10096	10095	0.0640370026231
10096	10097	0.0640370026231
10097	10096	0.0640370026231
10097	10098	0.0640370026231
10098	10097	0.0640370026231
10098	10099	0.0640370026231
10099	10098	0.0640370026231
10099	10100	0.0640370026231
10100	10099	0.0640370026231
10100	10101	0.0640370026231
10101	10100	0.0640370026231
10101	10102	0.0640370026231
10102	10101	0.0640370026231
10102	10103	0.0640370026231
10103	10102	0.0640370026231
10103	10104	0.0640370026231
10104	10103	0.0640370026231
10104	10105	0.0640370026231
10105	10104	0.0640370026231
10105	10106	0.0640370026231
10106	10105	0.0640370026231
10106	10107	0.0640370026231
10107	10106	0.0640370026231
10107	10108	0.0640370026231
10108	10107	0.0640370026231
10108	10109	0.0640370026231
10109	10108	0.0640370026231
10109	10110	0.0640370026231
10110	10109	0.0640370026231
10110	10111	0.0640370026231
10111	10110	0.0640370026231
10112	9865	0.100339502096
10112	10113	0.100339502096
10113	10112	0.100339502096
10113	10114	0.100339502096
10114	10113	0.100339502096
10114	10115	0.100339502096
10115	10114	0.100339502096
10115	10116	0.100339502096
10116	10115	0.100339502096
10116	10117	0.100339502096
10117	10116	0.100339502096
10117	10118	0.100339502096
10118	10117	0.100339502096
10118	10119	0.100339502096
10119	10118	0.100339502096
10119	10120	0.100339502096
10120	10119	0.100339502096
10120	10121	0.100339502096
10121	10120	0.100339502096
10121	10122	0.100339502096
10122	10121	0.100339502096
10122	10123	0.100339502096
10123	10122	0.100339502096
10123	10124	0.100339502096
10124	10123	0.100339502096
10124	10125	0.100339502096
10125	10124	0.100339502096
10125	10126	0.100339502096
10126	10125	0.100339502096
10126	10127	0.100339502096
10127	10126	0.100339502096
10127	10128	0.100339502096
10128	10127	0.100339502096
10128	10129	0.100339502096
10129	10128	0.100339502096
10129	10130	0.100339502096
10130	10129	0.100339502096
10130	10131	0.100339502096
10131	10130	0.100339502096
10131	10132	0.100339502096
10132	10131	0.100339502096
10132	10133	0.100339502096
10133	10132	0.100339502096
10133	10134	0.100339502096
10134	10133	0.100339502096
10134	10135	0.100339502096
10135	10134	0.100339502096
10135	10136	0.100339502096
10136	10135	0.100339502096
10136	10137	0.0961085036397
10136	10313	0.0496614985168
10137	10136	0.0961085036397
10137	10138	0.0961085036397
10138	10137	0.0961085036397
10138	10139	0.0961085036397
10139	10138	0.0961085036397
10139	10140	0.0961085036397
10140	10139	0.0961085036397
10140	10141	0.0961085036397
10141	10140	0.0961085036397
10141	10142	0.0961085036397
10142	10141	0.0961085036397
10142	10143	0.0961085036397
10143	10142	0.0961085036397
10143	10144	0.0961085036397
10144	10143	0.0961085036397
10144	10145	0.0961085036397
10145	10144	0.0961085036397
10145	10146	0.0961085036397
10146	10145	0.0961085036397
10146	10147	0.0961085036397
10147	10146	0.0961085036397
10147	10148	0.0961085036397
10148	10147	0.0961085036397
10148	10149	0.0961085036397
10149	10148	0.0961085036397
10149	10150	0.0961085036397
10150	10149	0.0961085036397
10150	10151	0.0961085036397
10151	10150	0.0961085036397
10151	10152	0.0961085036397
10152	10151	0.0961085036397
10152	10153	0.0961085036397
10153	10152	0.0961085036397
10153	10154	0.0629839971662
10153	10198	0.0860819965601
10154	10153	0.0629839971662
10154	10155	0.0629839971662
10155	10154	0.0629839971662
10155	10156	0.0629839971662
10156	10155	0.0629839971662
10156	10157	0.0629839971662
10157	10156	0.0629839971662
10157	10158	0.0589585006237
10157	10194	0.0355449989438
10158	10157	0.0589585006237
10158	10159	0.0589585006237
10159	10158	0.0589585006237
10159	10160	0.0589585006237
10160	10159	0.0589585006237
10160	10161	0.0589585006237
10161	10160	0.0589585006237
10161	10162	0.0589585006237
10162	10161	0.0589585006237
10162	10163	0.0589585006237
10163	10162	0.0589585006237
10163	10164	0.0589585006237
10164	10163	0.0589585006237
10164	10165	0.0589585006237
10165	10164	0.0589585006237
10165	10166	0.0589585006237
10166	10165	0.0589585006237
10166	10167	0.0589585006237
10167	10166	0.0589585006237
10167	10168	0.0589585006237
10168	10167	0.0589585006237
10168	10169	0.0589585006237
10169	10168	0.0589585006237
10169	10170	0.0589585006237
10170	10169	0.0589585006237
10170	10171	0.0589585006237
10171	10170	0.0589585006237
10171	10172	0.0589585006237
10172	10171	0.0589585006237
10172	10173	0.0589585006237
10173	10172	0.0589585006237
10173	10174	0.0589585006237
10174	10173	0.0589585006237
10174	10175	0.0589585006237
10175	10174	0.0589585006237
10175	10176	0.0589585006237
10176	10175	0.0589585006237
10176	10177	0.0589585006237
10177	10176	0.0589585006237
10177	10178	0.0589585006237
10178	10177	0.0589585006237
10178	10179	0.0589585006237
10179	10178	0.0589585006237
10179	10180	0.0589585006237
10180	10179	0.0589585006237
10180	10181	0.0589585006237
10181	10180	0.0589585006237
10181	10182	0.0589585006237
10182	10181	0.0589585006237
10182	10183	0.0589585006237
10183	10182	0.0589585006237
10183	10184	0.0589585006237
10184	10183	0.0589585006237
10184	10185	0.0589585006237
10185	10184	0.0589585006237
10185	10186	0.0589585006237
10186	10185	0.0589585006237
10186	10187	0.0589585006237
10187	10186	0.0589585006237
10187	10188	0.0589585006237
10188	10187	0.0589585006237
10188	10189	0.0589585006237
10189	10188	0.0589585006237
10189	10190	0.0589585006237
10190	10189	0.0589585006237
10190	10191	0.0589585006237
10191	10190	0.0589585006237
10191	10192	0.0589585006237
10192	10191	0.0589585006237
10192	10193	0.0589585006237
10193	10192	0.0589585006237
10194	10157	0.0355449989438
10194	10195	0.0355449989438
10195	10194	0.0355449989438
10195	10196	0.0355449989438
10196	10195	0.0355449989438
10196	10197	0.0355449989438
10197	10196	0.0355449989438
10198	10153	0.0860819965601
10198	10199	0.0860819965601
10199	10198	0.0860819965601
10199	10200	0.0860819965601
10200	10199	0.0860819965601
10200	10201	0.0860819965601
10201	10200	0.0860819965601
10201	10202	0.0860819965601
10202	10201	0.0860819965601
10202	10203	0.0860819965601
10203	10202	0.0860819965601
10203	10204	0.0860819965601
10204	10203	0.0860819965601
10204	10205	0.0860819965601
10205	10204	0.0860819965601
10205	10206	0.0860819965601
10206	10205	0.0860819965601
10206	10207	0.0751480013132
10206	10273	0.0597685016692
10207	10206	0.0751480013132
10207	10208	0.0751480013132
10208	10207	0.0751480013132
10208	10209	0.0751480013132
10209	10208	0.0751480013132
10209	10210	0.0751480013132
10210	10209	0.0751480013132
10210	10211	0.0751480013132
10211	10210	0.0751480013132
10211	10212	0.0751480013132
10212	10211	0.0751480013132
10212	10213	0.0751480013132
10213	10212	0.0751480013132
10213	10214	0.0751480013132
10214	10213	0.0751480013132
10214	10215	0.0751480013132
10215	10214	0.0751480013132
10215	10216	0.0751480013132
10216	10215	0.0751480013132
10216	10217	0.0751480013132
10217	10216	0.0751480013132
10217	10218	0.0751480013132
10218	10217	0.0751480013132
10218	10219	0.0751480013132
10219	10218	0.0751480013132
10219	10220	0.0751480013132
10220	10219	0.0751480013132
10220	10221	0.0751480013132
10221	10220	0.0751480013132
10221	10222	0.0751480013132
10222	10221	0.0751480013132
10222	10223	0.0751480013132
10223	10222	0.0751480013132
10223	10224	0.0751480013132
10224	10223	0.0751480013132
10224	10225	0.0751480013132
10225	10224	0.0751480013132
10225	10226	0.0751480013132
10226	10225	0.0751480013132
10226	10227	0.0751480013132
10227	10226	0.0751480013132
10227	10228	0.0751480013132
10228	10227	0.0751480013132
10228	10229	0.0535214990377
10228	10243	0.0647175014019
10229	10228	0.0535214990377
10229	10230	0.0535214990377
10230	10229	0.0535214990377
10230	10231	0.0535214990377
10231	10230	0.0535214990377
10231	10232	0.0535214990377
10232	10231	0.0535214990377
10232	10233	0.0535214990377
10233	10232	0.0535214990377
10233	10234	0.0535214990377
10234	10233	0.0535214990377
10234	10235	0.0535214990377
10235	10234	0.0535214990377
10235	10236	0.0535214990377
10236	10235	0.0535214990377
10236	10237	0.0535214990377
10237	10236	0.0535214990377
10237	10238	0.0535214990377
10238	10237	0.0535214990377
10238	10239	0.0535214990377
10239	10238	0.0535214990377
10239	10240	0.0535214990377
10240	10239	0.0535214990377
10240	10241	0.0535214990377
10241	10240	0.0535214990377
10241	10242	0.0535214990377
10242	10241	0.0535214990377
10243	10228	0.0647175014019
10243	10244	0.0647175014019
10244	10243	0.0647175014019
10244	10245	0.0647175014019
10245	10244	0.0647175014019
10245	10246	0.0647175014019
10246	10245	0.0647175014019
10246	10247	0.0647175014019
10247	10246	0.0647175014019
10247	10248	0.0647175014019
10248	10247	0.0647175014019
10248	10249	0.0647175014019
10249	10248	0.0647175014019
10249	10250	0.0647175014019
10250	10249	0.0647175014019
10250	10251	0.0647175014019
10251	10250	0.0647175014019
10251	10252	0.0647175014019
10252	10251	0.0647175014019
10252	10253	0.0647175014019
10253	10252	0.0647175014019
10253	10254	0.0647175014019
10254	10253	0.0647175014019
10254	10255	0.0647175014019
10255	10254	0.0647175014019
10255	10256	0.0647175014019
10256	10255	0.0647175014019
10256	10257	0.0647175014019
10257	10256	0.0647175014019
10257	10258	0.0647175014019
10258	10257	0.0647175014019
10258	10259	0.0647175014019
10259	10258	0.0647175014019
10259	10260	0.0647175014019
10260	10259	0.0647175014019
10260	10261	0.0647175014019
10261	10260	0.0647175014019
10261	10262	0.0647175014019
10262	10261	0.0647175014019
10262	10263	0.0647175014019
10263	10262	0.0647175014019
10263	10264	0.0647175014019
10264	10263	0.0647175014019
10264	10265	0.0647175014019
10265	10264	0.0647175014019
10265	10266	0.0647175014019
10266	10265	0.0647175014019
10266	10267	0.0647175014019
10267	10266	0.0647175014019
10267	10268	0.0647175014019
10268	10267	0.0647175014019
10268	10269	0.0647175014019
10269	10268	0.0647175014019
10269	10270	0.0647175014019
10270	10269	0.0647175014019
10270	10271	0.0647175014019
10271	10270	0.0647175014019
10271	10272	0.0647175014019
10272	10271	0.0647175014019
10273	10206	0.0597685016692
10273	10274	0.0597685016692
10274	10273	0.0597685016692
10274	10275	0.0597685016692
10275	10274	0.0597685016692
10275	10276	0.0597685016692
10276	10275	0.0597685016692
10276	10277	0.0597685016692
10277	10276	0.0597685016692
10277	10278	0.0597685016692
10278	10277	0.0597685016692
10278	10279	0.0597685016692
10279	10278	0.0597685016692
10279	10280	0.0597685016692
10280	10279	0.0597685016692
10280	10281	0.0597685016692
10281	10280	0.0597685016692
10281	10282	0.0597685016692
10282	10281	0.0597685016692
10282	10283	0.0597685016692
10283	10282	0.0597685016692
10283	10284	0.0597685016692
10284	10283	0.0597685016692
10284	10285	0.0597685016692
10285	10284	0.0597685016692
10285	10286	0.0597685016692
10286	10285	0.0597685016692
10286	10287	0.0597685016692
10287	10286	0.0597685016692
10287	10288	0.0597685016692
10288	10287	0.0597685016692
10288	10289	0.0597685016692
10289	10288	0.0597685016692
10289	10290	0.0597685016692
10290	10289	0.0597685016692
10290	10291	0.0597685016692
10291	10290	0.0597685016692
10291	10292	0.0597685016692
10292	10291	0.0597685016692
10292	10293	0.0597685016692
10293	10292	0.0597685016692
10293	10294	0.0597685016692
10294	10293	0.0597685016692
10294	10295	0.0597685016692
10295	10294	0.0597685016692
10295	10296	0.0597685016692
10296	10295	0.0597685016692
10296	10297	0.0597685016692
10297	10296	0.0597685016692
10297	10298	0.0597685016692
10298	10297	0.0597685016692
10298	10299	0.0597685016692
10299	10298	0.0597685016692
10299	10300	0.0597685016692
10300	10299	0.0597685016692
10300	10301	0.0597685016692
10301	10300	0.0597685016692
10301	10302	0.0597685016692
10302	10301	0.0597685016692
10302	10303	0.0597685016692
10303	10302	0.0597685016692
10303	10304	0.0597685016692
10304	10303	0.0597685016692
10304	10305	0.0597685016692
10305	10304	0.0597685016692
10305	10306	0.0597685016692
10306	10305	0.0597685016692
10306	10307	0.0597685016692
10307	10306	0.0597685016692
10307	10308	0.0597685016692
10308	10307	0.0597685016692
10308	10309	0.0597685016692
10309	10308	0.0597685016692
10309	10310	0.0597685016692
10310	10309	0.0597685016692
10310	10311	0.0597685016692
10311	10310	0.0597685016692
10311	10312	0.0597685016692
10312	10311	0.0597685016692
10313	10136	0.0496614985168
10313	10314	0.0496614985168
10314	10313	0.0496614985168
10314	10315	0.0496614985168
10315	10314	0.0496614985168
10315	10316	0.0496614985168
10316	10315	0.0496614985168
10316	10317	0.0496614985168
10317	10316	0.0496614985168
10317	10318	0.0496614985168
10318	10317	0.0496614985168
10318	10319	0.0496614985168
10319	10318	0.0496614985168
10319	10320	0.0496614985168
10320	10319	0.0496614985168
10320	10321	0.0496614985168
10321	10320	0.0496614985168
10321	10322	0.0496614985168
10322	10321	0.0496614985168
10322	10323	0.0496614985168
10323	10322	0.0496614985168
10323	10324	0.0496614985168
10324	10323	0.0496614985168
10324	10325	0.0496614985168
10325	10324	0.0496614985168
10325	10326	0.0496614985168
10326	10325	0.0496614985168
10326	10327	0.0496614985168
10327	10326	0.0496614985168
10327	10328	0.0496614985168
10328	10327	0.0496614985168
10328	10329	0.0496614985168
10329	10328	0.0496614985168
10329	10330	0.0496614985168
10330	10329	0.0496614985168
10330	10331	0.0496614985168
10331	10330	0.0496614985168
10331	10332	0.0496614985168
10332	10331	0.0496614985168
10332	10333	0.0496614985168
10333	10332	0.0496614985168
10333	10334	0.0496614985168
10334	10333	0.0496614985168
10334	10335	0.0496614985168
10335	10334	0.0496614985168
10335	10336	0.0496614985168
10336	10335	0.0496614985168
10336	10337	0.0496614985168
10337	10336	0.0496614985168
10337	10338	0.0496614985168
10338	10337	0.0496614985168
10338	10339	0.0496614985168
10339	10338	0.0496614985168
10339	10340	0.0496614985168
10340	10339	0.0496614985168
10341	9688	0.273698985577
10341	10342	0.273698985577
10342	10341	0.273698985577
10342	10343	0.273698985577
10343	10342	0.273698985577
10343	10344	0.273698985577
10344	10343	0.273698985577
10344	10345	0.273698985577
10345	10344	0.273698985577
10345	10346	0.273698985577
10346	10345	0.273698985577
10346	10347	0.273698985577
10347	10346	0.273698985577
10347	10348	0.273698985577
10348	10347	0.273698985577
10348	10349	0.273698985577
10349	10348	0.273698985577
10349	10350	0.273698985577
10350	10349	0.273698985577
10350	10351	0.273698985577
10351	10350	0.273698985577
10351	10352	0.273698985577
10352	10351	0.273698985577
10352	10353	0.273698985577
10353	10352	0.273698985577
10353	10354	0.273698985577
10354	10353	0.273698985577
10354	10355	0.273698985577
10355	10354	0.273698985577
10355	10356	0.273321986198
10355	14185	0.0439084991813
10356	10355	0.273321986198
10356	10357	0.273321986198
10357	10356	0.273321986198
10357	10358	0.273321986198
10358	10357	0.273321986198
10358	10359	0.273321986198
10359	10358	0.273321986198
10359	10360	0.273321986198
10360	10359	0.273321986198
10360	10361	0.273321986198
10361	10360	0.273321986198
10361	10362	0.273321986198
10362	10361	0.273321986198
10362	10363	0.273321986198
10363	10362	0.273321986198
10363	10364	0.273321986198
10364	10363	0.273321986198
10364	10365	0.273321986198
10365	10364	0.273321986198
10365	10366	0.273321986198
10366	10365	0.273321986198
10366	10367	0.273321986198
10367	10366	0.273321986198
10367	10368	0.273321986198
10368	10367	0.273321986198
10368	10369	0.273321986198
10369	10368	0.273321986198
10369	10370	0.273321986198
10370	10369	0.273321986198
10370	10371	0.272277504206
10370	14115	0.0615445002913
10371	10370	0.272277504206
10371	10372	0.272277504206
10372	10371	0.272277504206
10372	10373	0.272277504206
10373	10372	0.272277504206
10373	10374	0.272277504206
10374	10373	0.272277504206
10374	10375	0.272277504206
10375	10374	0.272277504206
10375	10376	0.272277504206
10376	10375	0.272277504206
10376	10377	0.272277504206
10377	10376	0.272277504206
10377	10378	0.272277504206
10378	10377	0.272277504206
10378	10379	0.272277504206
10379	10378	0.272277504206
10379	10380	0.272277504206
10380	10379	0.272277504206
10380	10381	0.272277504206
10381	10380	0.272277504206
10381	10382	0.272277504206
10382	10381	0.272277504206
10382	10383	0.272277504206
10383	10382	0.272277504206
10383	10384	0.117757000029
10383	10757	0.264728009701
10384	10383	0.117757000029
10384	10385	0.117757000029
10385	10384	0.117757000029
10385	10386	0.117757000029
10386	10385	0.117757000029
10386	10387	0.117757000029
10387	10386	0.117757000029
10387	10388	0.117757000029
10388	10387	0.117757000029
10388	10389	0.117757000029
10389	10388	0.117757000029
10389	10390	0.117757000029
10390	10389	0.117757000029
10390	10391	0.117757000029
10391	10390	0.117757000029
10391	10392	0.117757000029
10392	10391	0.117757000029
10392	10393	0.117757000029
10393	10392	0.117757000029
10393	10394	0.117757000029
10394	10393	0.117757000029
10394	10395	0.117757000029
10395	10394	0.117757000029
10395	10396	0.117757000029
10396	10395	0.117757000029
10396	10397	0.117757000029
10397	10396	0.117757000029
10397	10398	0.117757000029
10398	10397	0.117757000029
10398	10399	0.117757000029
10399	10398	0.117757000029
10399	10400	0.117757000029
10400	10399	0.117757000029
10400	10401	0.117757000029
10401	10400	0.117757000029
10401	10402	0.117757000029
10402	10401	0.117757000029
10402	10403	0.117757000029
10403	10402	0.117757000029
10403	10404	0.117757000029
10404	10403	0.117757000029
10404	10405	0.117757000029
10405	10404	0.117757000029
10405	10406	0.117757000029
10406	10405	0.117757000029
10406	10407	0.117757000029
10407	10406	0.117757000029
10407	10408	0.117757000029
10408	10407	0.117757000029
10408	10409	0.117757000029
10409	10408	0.117757000029
10409	10410	0.117757000029
10410	10409	0.117757000029
10410	10411	0.117757000029
10411	10410	0.117757000029
10411	10412	0.117757000029
10412	10411	0.117757000029
10412	10413	0.117757000029
10413	10412	0.117757000029
10413	10414	0.117757000029
10414	10413	0.117757000029
10414	10415	0.117757000029
10415	10414	0.117757000029
10415	10416	0.117757000029
10416	10415	0.117757000029
10416	10417	0.117757000029
10417	10416	0.117757000029
10417	10418	0.117757000029
10418	10417	0.117757000029
10418	10419	0.117757000029
10419	10418	0.117757000029
10419	10420	0.117757000029
10420	10419	0.117757000029
10420	10421	0.117757000029
10421	10420	0.117757000029
10421	10422	0.0375959984958
10421	10433	0.116465501487
10422	10421	0.0375959984958
10422	10423	0.0375959984958
10423	10422	0.0375959984958
10423	10424	0.0375959984958
10424	10423	0.0375959984958
10424	10425	0.0375959984958
10425	10424	0.0375959984958
10425	10426	0.0375959984958
10426	10425	0.0375959984958
10426	10427	0.0375959984958
10427	10426	0.0375959984958
10427	10428	0.0375959984958
10428	10427	0.0375959984958
10428	10429	0.0375959984958
10429	10428	0.0375959984958
10429	10430	0.0375959984958
10430	10429	0.0375959984958
10430	10431	0.0375959984958
10431	10430	0.0375959984958
10431	10432	0.0375959984958
10432	10431	0.0375959984958
10433	10421	0.116465501487
10433	10434	0.116465501487
10434	10433	0.116465501487
10434	10435	0.116465501487
10435	10434	0.116465501487
10435	10436	0.116465501487
10436	10435	0.116465501487
10436	10437	0.116465501487
10437	10436	0.116465501487
10437	10438	0.116465501487
10438	10437	0.116465501487
10438	10439	0.116465501487
10439	10438	0.116465501487
10439	10440	0.116465501487
10440	10439	0.116465501487
10440	10441	0.116465501487
10441	10440	0.116465501487
10441	10442	0.116465501487
10442	10441	0.116465501487
10442	10443	0.116465501487
10443	10442	0.116465501487
10443	10444	0.116465501487
10444	10443	0.116465501487
10444	10445	0.116465501487
10445	10444	0.116465501487
10445	10446	0.116465501487
10446	10445	0.116465501487
10446	10447	0.116465501487
10447	10446	0.116465501487
10447	10448	0.116465501487
10448	10447	0.116465501487
10448	10449	0.116465501487
10449	10448	0.116465501487
10449	10450	0.116465501487
10450	10449	0.116465501487
10450	10451	0.116465501487
10451	10450	0.116465501487
10451	10452	0.113967999816
10451	10735	0.046330999583
10452	10451	0.113967999816
10452	10453	0.113967999816
10453	10452	0.113967999816
10453	10454	0.113967999816
10454	10453	0.113967999816
10454	10455	0.113967999816
10455	10454	0.113967999816
10455	10456	0.113967999816
10456	10455	0.113967999816
10456	10457	0.113967999816
10457	10456	0.113967999816
10457	10458	0.113967999816
10458	10457	0.113967999816
10458	10459	0.113967999816
10459	10458	0.113967999816
10459	10460	0.113967999816
10460	10459	0.113967999816
10460	10461	0.113967999816
10461	10460	0.113967999816
10461	10462	0.113967999816
10462	10461	0.113967999816
10462	10463	0.113967999816
10463	10462	0.113967999816
10463	10464	0.113967999816
10464	10463	0.113967999816
10464	10465	0.113967999816
10465	10464	0.113967999816
10465	10466	0.113967999816
10466	10465	0.113967999816
10466	10467	0.113967999816
10467	10466	0.113967999816
10467	10468	0.113967999816
10468	10467	0.113967999816
10468	10469	0.113967999816
10469	10468	0.113967999816
10469	10470	0.113967999816
10470	10469	0.113967999816
10470	10471	0.110973000526
10470	10713	0.0484419986606
10471	10470	0.110973000526
10471	10472	0.110973000526
10472	10471	0.110973000526
10472	10473	0.110973000526
10473	10472	0.110973000526
10473	10474	0.110973000526
10474	10473	0.110973000526
10474	10475	0.110973000526
10475	10474	0.110973000526
10475	10476	0.110973000526
10476	10475	0.110973000526
10476	10477	0.110973000526
10477	10476	0.110973000526
10477	10478	0.110973000526
10478	10477	0.110973000526
10478	10479	0.110973000526
10479	10478	0.110973000526
10479	10480	0.110973000526
10480	10479	0.110973000526
10480	10481	0.110973000526
10481	10480	0.110973000526
10481	10482	0.110973000526
10482	10481	0.110973000526
10482	10483	0.110973000526
10483	10482	0.110973000526
10483	10484	0.110973000526
10484	10483	0.110973000526
10484	10485	0.0558889992535
10484	10518	0.106031000614
10485	10484	0.0558889992535
10485	10486	0.0558889992535
10486	10485	0.0558889992535
10486	10487	0.0558889992535
10487	10486	0.0558889992535
10487	10488	0.0558889992535
10488	10487	0.0558889992535
10488	10489	0.0558889992535
10489	10488	0.0558889992535
10489	10490	0.0558889992535
10490	10489	0.0558889992535
10490	10491	0.0558889992535
10491	10490	0.0558889992535
10491	10492	0.0558889992535
10492	10491	0.0558889992535
10492	10493	0.0558889992535
10493	10492	0.0558889992535
10493	10494	0.0558889992535
10494	10493	0.0558889992535
10494	10495	0.0558889992535
10495	10494	0.0558889992535
10495	10496	0.0558889992535
10496	10495	0.0558889992535
10496	10497	0.0558889992535
10497	10496	0.0558889992535
10497	10498	0.0558889992535
10498	10497	0.0558889992535
10498	10499	0.0558889992535
10499	10498	0.0558889992535
10499	10500	0.0558889992535
10500	10499	0.0558889992535
10500	10501	0.0558889992535
10501	10500	0.0558889992535
10501	10502	0.0558889992535
10502	10501	0.0558889992535
10502	10503	0.0558889992535
10503	10502	0.0558889992535
10503	10504	0.0558889992535
10504	10503	0.0558889992535
10504	10505	0.0558889992535
10505	10504	0.0558889992535
10505	10506	0.0558889992535
10506	10505	0.0558889992535
10506	10507	0.0558889992535
10507	10506	0.0558889992535
10507	10508	0.0558889992535
10508	10507	0.0558889992535
10508	10509	0.0558889992535
10509	10508	0.0558889992535
10509	10510	0.0558889992535
10510	10509	0.0558889992535
10510	10511	0.0558889992535
10511	10510	0.0558889992535
10511	10512	0.0558889992535
10512	10511	0.0558889992535
10512	10513	0.0558889992535
10513	10512	0.0558889992535
10513	10514	0.0558889992535
10514	10513	0.0558889992535
10514	10515	0.0558889992535
10515	10514	0.0558889992535
10515	10516	0.0558889992535
10516	10515	0.0558889992535
10516	10517	0.0558889992535
10517	10516	0.0558889992535
10518	10484	0.106031000614
10518	10519	0.106031000614
10519	10518	0.106031000614
10519	10520	0.106031000614
10520	10519	0.106031000614
10520	10521	0.106031000614
10521	10520	0.106031000614
10521	10522	0.106031000614
10522	10521	0.106031000614
10522	10523	0.106031000614
10523	10522	0.106031000614
10523	10524	0.106031000614
10524	10523	0.106031000614
10524	10525	0.106031000614
10525	10524	0.106031000614
10525	10526	0.106031000614
10526	10525	0.106031000614
10526	10527	0.106031000614
10527	10526	0.106031000614
10527	10528	0.106031000614
10528	10527	0.106031000614
10528	10529	0.106031000614
10529	10528	0.106031000614
10529	10530	0.106031000614
10530	10529	0.106031000614
10530	10531	0.106031000614
10531	10530	0.106031000614
10531	10532	0.0738765001297
10531	10596	0.0923985019326
10532	10531	0.0738765001297
10532	10533	0.0738765001297
10533	10532	0.0738765001297
10533	10534	0.0738765001297
10534	10533	0.0738765001297
10534	10535	0.0738765001297
10535	10534	0.0738765001297
10535	10536	0.0738765001297
10536	10535	0.0738765001297
10536	10537	0.0738765001297
10537	10536	0.0738765001297
10537	10538	0.0738765001297
10538	10537	0.0738765001297
10538	10539	0.0738765001297
10539	10538	0.0738765001297
10539	10540	0.0738765001297
10540	10539	0.0738765001297
10540	10541	0.0738765001297
10541	10540	0.0738765001297
10541	10542	0.0738765001297
10542	10541	0.0738765001297
10542	10543	0.0680309981108
10542	10588	0.044535998255
10543	10542	0.0680309981108
10543	10544	0.0680309981108
10544	10543	0.0680309981108
10544	10545	0.0680309981108
10545	10544	0.0680309981108
10545	10546	0.0680309981108
10546	10545	0.0680309981108
10546	10547	0.0680309981108
10547	10546	0.0680309981108
10547	10548	0.0680309981108
10548	10547	0.0680309981108
10548	10549	0.0680309981108
10549	10548	0.0680309981108
10549	10550	0.0680309981108
10550	10549	0.0680309981108
10550	10551	0.0680309981108
10551	10550	0.0680309981108
10551	10552	0.0680309981108
10552	10551	0.0680309981108
10552	10553	0.0680309981108
10553	10552	0.0680309981108
10553	10554	0.0680309981108
10554	10553	0.0680309981108
10554	10555	0.0680309981108
10555	10554	0.0680309981108
10555	10556	0.0680309981108
10556	10555	0.0680309981108
10556	10557	0.0680309981108
10557	10556	0.0680309981108
10557	10558	0.0680309981108
10558	10557	0.0680309981108
10558	10559	0.0680309981108
10559	10558	0.0680309981108
10559	10560	0.0680309981108
10560	10559	0.0680309981108
10560	10561	0.0680309981108
10561	10560	0.0680309981108
10561	10562	0.0680309981108
10562	10561	0.0680309981108
10562	10563	0.0680309981108
10563	10562	0.0680309981108
10563	10564	0.0680309981108
10564	10563	0.0680309981108
10564	10565	0.0680309981108
10565	10564	0.0680309981108
10565	10566	0.0680309981108
10566	10565	0.0680309981108
10566	10567	0.0680309981108
10567	10566	0.0680309981108
10567	10568	0.0680309981108
10568	10567	0.0680309981108
10568	10569	0.0680309981108
10569	10568	0.0680309981108
10569	10570	0.0680309981108
10570	10569	0.0680309981108
10570	10571	0.0680309981108
10571	10570	0.0680309981108
10571	10572	0.0680309981108
10572	10571	0.0680309981108
10572	10573	0.0680309981108
10573	10572	0.0680309981108
10573	10574	0.0680309981108
10574	10573	0.0680309981108
10574	10575	0.0680309981108
10575	10574	0.0680309981108
10575	10576	0.0680309981108
10576	10575	0.0680309981108
10576	10577	0.0680309981108
10577	10576	0.0680309981108
10577	10578	0.0680309981108
10578	10577	0.0680309981108
10578	10579	0.0680309981108
10579	10578	0.0680309981108
10579	10580	0.0680309981108
10580	10579	0.0680309981108
10580	10581	0.0680309981108
10581	10580	0.0680309981108
10581	10582	0.0680309981108
10582	10581	0.0680309981108
10582	10583	0.0680309981108
10583	10582	0.0680309981108
10583	10584	0.0680309981108
10584	10583	0.0680309981108
10584	10585	0.0680309981108
10585	10584	0.0680309981108
10585	10586	0.0680309981108
10586	10585	0.0680309981108
10586	10587	0.0680309981108
10587	10586	0.0680309981108
10588	10542	0.044535998255
10588	10589	0.044535998255
10589	10588	0.044535998255
10589	10590	0.044535998255
10590	10589	0.044535998255
10590	10591	0.044535998255
10591	10590	0.044535998255
10591	10592	0.044535998255
10592	10591	0.044535998255
10592	10593	0.044535998255
10593	10592	0.044535998255
10593	10594	0.044535998255
10594	10593	0.044535998255
10594	10595	0.044535998255
10595	10594	0.044535998255
10596	10531	0.0923985019326
10596	10597	0.0923985019326
10597	10596	0.0923985019326
10597	10598	0.0923985019326
10598	10597	0.0923985019326
10598	10599	0.0923985019326
10599	10598	0.0923985019326
10599	10600	0.0923985019326
10600	10599	0.0923985019326
10600	10601	0.0923985019326
10601	10600	0.0923985019326
10601	10602	0.0923985019326
10602	10601	0.0923985019326
10602	10603	0.0923985019326
10603	10602	0.0923985019326
10603	10604	0.0923985019326
10604	10603	0.0923985019326
10604	10605	0.0923985019326
10605	10604	0.0923985019326
10605	10606	0.0602100007236
10605	10638	0.0829415023327
10606	10605	0.0602100007236
10606	10607	0.0602100007236
10607	10606	0.0602100007236
10607	10608	0.0602100007236
10608	10607	0.0602100007236
10608	10609	0.0602100007236
10609	10608	0.0602100007236
10609	10610	0.0602100007236
10610	10609	0.0602100007236
10610	10611	0.0602100007236
10611	10610	0.0602100007236
10611	10612	0.0602100007236
10612	10611	0.0602100007236
10612	10613	0.0602100007236
10613	10612	0.0602100007236
10613	10614	0.0602100007236
10614	10613	0.0602100007236
10614	10615	0.0602100007236
10615	10614	0.0602100007236
10615	10616	0.0602100007236
10616	10615	0.0602100007236
10616	10617	0.0602100007236
10617	10616	0.0602100007236
10617	10618	0.0602100007236
10618	10617	0.0602100007236
10618	10619	0.0602100007236
10619	10618	0.0602100007236
10619	10620	0.0602100007236
10620	10619	0.0602100007236
10620	10621	0.0602100007236
10621	10620	0.0602100007236
10621	10622	0.0602100007236
10622	10621	0.0602100007236
10622	10623	0.0602100007236
10623	10622	0.0602100007236
10623	10624	0.0602100007236
10624	10623	0.0602100007236
10624	10625	0.0602100007236
10625	10624	0.0602100007236
10625	10626	0.0602100007236
10626	10625	0.0602100007236
10626	10627	0.0602100007236
10627	10626	0.0602100007236
10627	10628	0.0602100007236
10628	10627	0.0602100007236
10628	10629	0.0602100007236
10629	10628	0.0602100007236
10629	10630	0.0602100007236
10630	10629	0.0602100007236
10630	10631	0.0602100007236
10631	10630	0.0602100007236
10631	10632	0.0602100007236
10632	10631	0.0602100007236
10632	10633	0.0602100007236
10633	10632	0.0602100007236
10633	10634	0.0602100007236
10634	10633	0.0602100007236
10634	10635	0.0602100007236
10635	10634	0.0602100007236
10635	10636	0.0602100007236
10636	10635	0.0602100007236
10636	10637	0.0602100007236
10637	10636	0.0602100007236
10638	10605	0.0829415023327
10638	10639	0.0829415023327
10639	10638	0.0829415023327
10639	10640	0.0829415023327
10640	10639	0.0829415023327
10640	10641	0.0829415023327
10641	10640	0.0829415023327
10641	10642	0.0829415023327
10642	10641	0.0829415023327
10642	10643	0.0829415023327
10643	10642	0.0829415023327
10643	10644	0.0829415023327
10644	10643	0.0829415023327
10644	10645	0.0829415023327
10645	10644	0.0829415023327
10645	10646	0.0829415023327
10646	10645	0.0829415023327
10646	10647	0.0829415023327
10647	10646	0.0829415023327
10647	10648	0.0829415023327
10648	10647	0.0829415023327
10648	10649	0.0829415023327
10649	10648	0.0829415023327
10649	10650	0.0829415023327
10650	10649	0.0829415023327
10650	10651	0.0829415023327
10651	10650	0.0829415023327
10651	10652	0.0829415023327
10652	10651	0.0829415023327
10652	10653	0.0829415023327
10653	10652	0.0829415023327
10653	10654	0.0829415023327
10654	10653	0.0829415023327
10654	10655	0.0829415023327
10655	10654	0.0829415023327
10655	10656	0.0829415023327
10656	10655	0.0829415023327
10656	10657	0.0829415023327
10657	10656	0.0829415023327
10657	10658	0.0829415023327
10658	10657	0.0829415023327
10658	10659	0.0829415023327
10659	10658	0.0829415023327
10659	10660	0.0829415023327
10660	10659	0.0829415023327
10660	10661	0.0829415023327
10661	10660	0.0829415023327
10661	10662	0.0829415023327
10662	10661	0.0829415023327
10662	10663	0.062457498163
10662	10683	0.0688894987106
10663	10662	0.062457498163
10663	10664	0.062457498163
10664	10663	0.062457498163
10664	10665	0.062457498163
10665	10664	0.062457498163
10665	10666	0.062457498163
10666	10665	0.062457498163
10666	10667	0.062457498163
10667	10666	0.062457498163
10667	10668	0.062457498163
10668	10667	0.062457498163
10668	10669	0.062457498163
10669	10668	0.062457498163
10669	10670	0.062457498163
10670	10669	0.062457498163
10670	10671	0.062457498163
10671	10670	0.062457498163
10671	10672	0.062457498163
10672	10671	0.062457498163
10672	10673	0.062457498163
10673	10672	0.062457498163
10673	10674	0.062457498163
10674	10673	0.062457498163
10674	10675	0.062457498163
10675	10674	0.062457498163
10675	10676	0.062457498163
10676	10675	0.062457498163
10676	10677	0.062457498163
10677	10676	0.062457498163
10677	10678	0.062457498163
10678	10677	0.062457498163
10678	10679	0.062457498163
10679	10678	0.062457498163
10679	10680	0.062457498163
10680	10679	0.062457498163
10680	10681	0.062457498163
10681	10680	0.062457498163
10681	10682	0.062457498163
10682	10681	0.062457498163
10683	10662	0.0688894987106
10683	10684	0.0688894987106
10684	10683	0.0688894987106
10684	10685	0.0688894987106
10685	10684	0.0688894987106
10685	10686	0.0688894987106
10686	10685	0.0688894987106
10686	10687	0.0688894987106
10687	10686	0.0688894987106
10687	10688	0.0688894987106
10688	10687	0.0688894987106
10688	10689	0.0688894987106
10689	10688	0.0688894987106
10689	10690	0.0688894987106
10690	10689	0.0688894987106
10690	10691	0.0688894987106
10691	10690	0.0688894987106
10691	10692	0.0688894987106
10692	10691	0.0688894987106
10692	10693	0.0688894987106
10693	10692	0.0688894987106
10693	10694	0.0688894987106
10694	10693	0.0688894987106
10694	10695	0.0688894987106
10695	10694	0.0688894987106
10695	10696	0.0688894987106
10696	10695	0.0688894987106
10696	10697	0.0688894987106
10697	10696	0.0688894987106
10697	10698	0.0688894987106
10698	10697	0.0688894987106
10698	10699	0.0688894987106
10699	10698	0.0688894987106
10699	10700	0.0688894987106
10700	10699	0.0688894987106
10700	10701	0.0688894987106
10701	10700	0.0688894987106
10701	10702	0.0688894987106
10702	10701	0.0688894987106
10702	10703	0.0688894987106
10703	10702	0.0688894987106
10703	10704	0.0688894987106
10704	10703	0.0688894987106
10704	10705	0.0688894987106
10705	10704	0.0688894987106
10705	10706	0.0688894987106
10706	10705	0.0688894987106
10706	10707	0.0688894987106
10707	10706	0.0688894987106
10707	10708	0.0688894987106
10708	10707	0.0688894987106
10708	10709	0.0688894987106
10709	10708	0.0688894987106
10709	10710	0.0688894987106
10710	10709	0.0688894987106
10710	10711	0.0688894987106
10711	10710	0.0688894987106
10711	10712	0.0688894987106
10712	10711	0.0688894987106
10713	10470	0.0484419986606
10713	10714	0.0484419986606
10714	10713	0.0484419986606
10714	10715	0.0484419986606
10715	10714	0.0484419986606
10715	10716	0.0484419986606
10716	10715	0.0484419986606
10716	10717	0.0484419986606
10717	10716	0.0484419986606
10717	10718	0.0484419986606
10718	10717	0.0484419986606
10718	10719	0.0484419986606
10719	10718	0.0484419986606
10719	10720	0.0484419986606
10720	10719	0.0484419986606
10720	10721	0.0484419986606
10721	10720	0.0484419986606
10721	10722	0.0484419986606
10722	10721	0.0484419986606
10722	10723	0.0484419986606
10723	10722	0.0484419986606
10723	10724	0.0484419986606
10724	10723	0.0484419986606
10724	10725	0.0484419986606
10725	10724	0.0484419986606
10725	10726	0.0484419986606
10726	10725	0.0484419986606
10726	10727	0.0484419986606
10727	10726	0.0484419986606
10727	10728	0.0484419986606
10728	10727	0.0484419986606
10728	10729	0.0484419986606
10729	10728	0.0484419986606
10729	10730	0.0484419986606
10730	10729	0.0484419986606
10730	10731	0.0484419986606
10731	10730	0.0484419986606
10731	10732	0.0484419986606
10732	10731	0.0484419986606
10732	10733	0.0484419986606
10733	10732	0.0484419986606
10733	10734	0.0484419986606
10734	10733	0.0484419986606
10735	10451	0.046330999583
10735	10736	0.046330999583
10736	10735	0.046330999583
10736	10737	0.046330999583
10737	10736	0.046330999583
10737	10738	0.046330999583
10738	10737	0.046330999583
10738	10739	0.046330999583
10739	10738	0.046330999583
10739	10740	0.046330999583
10740	10739	0.046330999583
10740	10741	0.046330999583
10741	10740	0.046330999583
10741	10742	0.046330999583
10742	10741	0.046330999583
10742	10743	0.046330999583
10743	10742	0.046330999583
10743	10744	0.046330999583
10744	10743	0.046330999583
10744	10745	0.046330999583
10745	10744	0.046330999583
10745	10746	0.046330999583
10746	10745	0.046330999583
10746	10747	0.046330999583
10747	10746	0.046330999583
10747	10748	0.046330999583
10748	10747	0.046330999583
10748	10749	0.046330999583
10749	10748	0.046330999583
10749	10750	0.046330999583
10750	10749	0.046330999583
10750	10751	0.046330999583
10751	10750	0.046330999583
10751	10752	0.046330999583
10752	10751	0.046330999583
10752	10753	0.046330999583
10753	10752	0.046330999583
10753	10754	0.046330999583
10754	10753	0.046330999583
10754	10755	0.046330999583
10755	10754	0.046330999583
10755	10756	0.046330999583
10756	10755	0.046330999583
10757	10383	0.264728009701
10757	10758	0.264728009701
10758	10757	0.264728009701
10758	10759	0.264728009701
10759	10758	0.264728009701
10759	10760	0.264728009701
10760	10759	0.264728009701
10760	10761	0.264728009701
10761	10760	0.264728009701
10761	10762	0.264728009701
10762	10761	0.264728009701
10762	10763	0.264728009701
10763	10762	0.264728009701
10763	10764	0.264728009701
10764	10763	0.264728009701
10764	10765	0.264728009701
10765	10764	0.264728009701
10765	10766	0.264728009701
10766	10765	0.264728009701
10766	10767	0.264728009701
10767	10766	0.264728009701
10767	10768	0.264728009701
10768	10767	0.264728009701
10768	10769	0.264728009701
10769	10768	0.264728009701
10769	10770	0.0548825003207
10769	10835	0.263939499855
10770	10769	0.0548825003207
10770	10771	0.0548825003207
10771	10770	0.0548825003207
10771	10772	0.0548825003207
10772	10771	0.0548825003207
10772	10773	0.0548825003207
10773	10772	0.0548825003207
10773	10774	0.0548825003207
10774	10773	0.0548825003207
10774	10775	0.0548825003207
10775	10774	0.0548825003207
10775	10776	0.0548825003207
10776	10775	0.0548825003207
10776	10777	0.0548825003207
10777	10776	0.0548825003207
10777	10778	0.0548825003207
10778	10777	0.0548825003207
10778	10779	0.0548825003207
10779	10778	0.0548825003207
10779	10780	0.0548825003207
10780	10779	0.0548825003207
10780	10781	0.0548825003207
10781	10780	0.0548825003207
10781	10782	0.0548825003207
10782	10781	0.0548825003207
10782	10783	0.0548825003207
10783	10782	0.0548825003207
10783	10784	0.0548825003207
10784	10783	0.0548825003207
10784	10785	0.0548825003207
10785	10784	0.0548825003207
10785	10786	0.0548825003207
10786	10785	0.0548825003207
10786	10787	0.0548825003207
10787	10786	0.0548825003207
10787	10788	0.0548825003207
10788	10787	0.0548825003207
10788	10789	0.0548825003207
10789	10788	0.0548825003207
10789	10790	0.0548825003207
10790	10789	0.0548825003207
10790	10791	0.0548825003207
10791	10790	0.0548825003207
10791	10792	0.0548825003207
10792	10791	0.0548825003207
10792	10793	0.0548825003207
10793	10792	0.0548825003207
10793	10794	0.0548825003207
10794	10793	0.0548825003207
10794	10795	0.0548825003207
10795	10794	0.0548825003207
10795	10796	0.0548825003207
10796	10795	0.0548825003207
10796	10797	0.0548825003207
10797	10796	0.0548825003207
10797	10798	0.0548825003207
10798	10797	0.0548825003207
10798	10799	0.0548825003207
10799	10798	0.0548825003207
10799	10800	0.0548825003207
10800	10799	0.0548825003207
10800	10801	0.0548825003207
10801	10800	0.0548825003207
10801	10802	0.0548825003207
10802	10801	0.0548825003207
10802	10803	0.0548825003207
10803	10802	0.0548825003207
10803	10804	0.0548825003207
10804	10803	0.0548825003207
10804	10805	0.0548825003207
10805	10804	0.0548825003207
10805	10806	0.0548825003207
10806	10805	0.0548825003207
10806	10807	0.0548825003207
10807	10806	0.0548825003207
10807	10808	0.0548825003207
10808	10807	0.0548825003207
10808	10809	0.0548825003207
10809	10808	0.0548825003207
10809	10810	0.0548825003207
10810	10809	0.0548825003207
10810	10811	0.0548825003207
10811	10810	0.0548825003207
10811	10812	0.0548825003207
10812	10811	0.0548825003207
10812	10813	0.0548825003207
10813	10812	0.0548825003207
10813	10814	0.0548825003207
10814	10813	0.0548825003207
10814	10815	0.0548825003207
10815	10814	0.0548825003207
10815	10816	0.0548825003207
10816	10815	0.0548825003207
10816	10817	0.0548825003207
10817	10816	0.0548825003207
10817	10818	0.0548825003207
10818	10817	0.0548825003207
10818	10819	0.0548825003207
10819	10818	0.0548825003207
10819	10820	0.0548825003207
10820	10819	0.0548825003207
10820	10821	0.0548825003207
10821	10820	0.0548825003207
10821	10822	0.0548825003207
10822	10821	0.0548825003207
10822	10823	0.0548825003207
10823	10822	0.0548825003207
10823	10824	0.0548825003207
10824	10823	0.0548825003207
10824	10825	0.0548825003207
10825	10824	0.0548825003207
10825	10826	0.0548825003207
10826	10825	0.0548825003207
10826	10827	0.0548825003207
10827	10826	0.0548825003207
10827	10828	0.0548825003207
10828	10827	0.0548825003207
10828	10829	0.0548825003207
10829	10828	0.0548825003207
10829	10830	0.0548825003207
10830	10829	0.0548825003207
10830	10831	0.0548825003207
10831	10830	0.0548825003207
10831	10832	0.0548825003207
10832	10831	0.0548825003207
10832	10833	0.0548825003207
10833	10832	0.0548825003207
10833	10834	0.0548825003207
10834	10833	0.0548825003207
10835	10769	0.263939499855
10835	10836	0.263939499855
10836	10835	0.263939499855
10836	10837	0.263939499855
10837	10836	0.263939499855
10837	10838	0.263939499855
10838	10837	0.263939499855
10838	10839	0.263939499855
10839	10838	0.263939499855
10839	10840	0.263939499855
10840	10839	0.263939499855
10840	10841	0.263674497604
10840	14100	0.0381040014327
10841	10840	0.263674497604
10841	10842	0.263674497604
10842	10841	0.263674497604
10842	10843	0.263674497604
10843	10842	0.263674497604
10843	10844	0.263674497604
10844	10843	0.263674497604
10844	10845	0.263674497604
10845	10844	0.263674497604
10845	10846	0.263674497604
10846	10845	0.263674497604
10846	10847	0.262623488903
10846	14037	0.0602165013552
10847	10846	0.262623488903
10847	10848	0.262623488903
10848	10847	0.262623488903
10848	10849	0.262623488903
10849	10848	0.262623488903
10849	10850	0.262623488903
10850	10849	0.262623488903
10850	10851	0.262623488903
10851	10850	0.262623488903
10851	10852	0.262623488903
10852	10851	0.262623488903
10852	10853	0.262623488903
10853	10852	0.262623488903
10853	10854	0.262623488903
10854	10853	0.262623488903
10854	10855	0.262623488903
10855	10854	0.262623488903
10855	10856	0.262623488903
10856	10855	0.262623488903
10856	10857	0.262623488903
10857	10856	0.262623488903
10857	10858	0.262623488903
10858	10857	0.262623488903
10858	10859	0.262623488903
10859	10858	0.262623488903
10859	10860	0.237222000957
10859	13096	0.168263494968
10860	10859	0.237222000957
10860	10861	0.237222000957
10861	10860	0.237222000957
10861	10862	0.237222000957
10862	10861	0.237222000957
10862	10863	0.237222000957
10863	10862	0.237222000957
10863	10864	0.237222000957
10864	10863	0.237222000957
10864	10865	0.237222000957
10865	10864	0.237222000957
10865	10866	0.237222000957
10866	10865	0.237222000957
10866	10867	0.237222000957
10867	10866	0.237222000957
10867	10868	0.237222000957
10868	10867	0.237222000957
10868	10869	0.237222000957
10869	10868	0.237222000957
10869	10870	0.237222000957
10870	10869	0.237222000957
10870	10871	0.237222000957
10871	10870	0.237222000957
10871	10872	0.237222000957
10872	10871	0.237222000957
10872	10873	0.237222000957
10873	10872	0.237222000957
10873	10874	0.237222000957
10874	10873	0.237222000957
10874	10875	0.237222000957
10875	10874	0.237222000957
10875	10876	0.237222000957
10876	10875	0.237222000957
10876	10877	0.237222000957
10877	10876	0.237222000957
10877	10878	0.237222000957
10878	10877	0.237222000957
10878	10879	0.237222000957
10879	10878	0.237222000957
10879	10880	0.0358910001814
10879	10890	0.236947506666
10880	10879	0.0358910001814
10880	10881	0.0358910001814
10881	10880	0.0358910001814
10881	10882	0.0358910001814
10882	10881	0.0358910001814
10882	10883	0.0358910001814
10883	10882	0.0358910001814
10883	10884	0.0358910001814
10884	10883	0.0358910001814
10884	10885	0.0358910001814
10885	10884	0.0358910001814
10885	10886	0.0358910001814
10886	10885	0.0358910001814
10886	10887	0.0358910001814
10887	10886	0.0358910001814
10887	10888	0.0358910001814
10888	10887	0.0358910001814
10888	10889	0.0358910001814
10889	10888	0.0358910001814
10890	10879	0.236947506666
10890	10891	0.236947506666
10891	10890	0.236947506666
10891	10892	0.236947506666
10892	10891	0.236947506666
10892	10893	0.236947506666
10893	10892	0.236947506666
10893	10894	0.236947506666
10894	10893	0.236947506666
10894	10895	0.236947506666
10895	10894	0.236947506666
10895	10896	0.236947506666
10896	10895	0.236947506666
10896	10897	0.236947506666
10897	10896	0.236947506666
10897	10898	0.236947506666
10898	10897	0.236947506666
10898	10899	0.236947506666
10899	10898	0.236947506666
10899	10900	0.236947506666
10900	10899	0.236947506666
10900	10901	0.236947506666
10901	10900	0.236947506666
10901	10902	0.236947506666
10902	10901	0.236947506666
10902	10903	0.236947506666
10903	10902	0.236947506666
10903	10904	0.236947506666
10904	10903	0.236947506666
10904	10905	0.236947506666
10905	10904	0.236947506666
10905	10906	0.236947506666
10906	10905	0.236947506666
10906	10907	0.236947506666
10907	10906	0.236947506666
10907	10908	0.236947506666
10908	10907	0.236947506666
10908	10909	0.236947506666
10909	10908	0.236947506666
10909	10910	0.0469200015068
10909	10939	0.23633299768
10910	10909	0.0469200015068
10910	10911	0.0469200015068
10911	10910	0.0469200015068
10911	10912	0.0469200015068
10912	10911	0.0469200015068
10912	10913	0.0469200015068
10913	10912	0.0469200015068
10913	10914	0.0469200015068
10914	10913	0.0469200015068
10914	10915	0.0469200015068
10915	10914	0.0469200015068
10915	10916	0.0469200015068
10916	10915	0.0469200015068
10916	10917	0.0469200015068
10917	10916	0.0469200015068
10917	10918	0.0469200015068
10918	10917	0.0469200015068
10918	10919	0.0469200015068
10919	10918	0.0469200015068
10919	10920	0.0469200015068
10920	10919	0.0469200015068
10920	10921	0.0469200015068
10921	10920	0.0469200015068
10921	10922	0.0469200015068
10922	10921	0.0469200015068
10922	10923	0.0469200015068
10923	10922	0.0469200015068
10923	10924	0.0469200015068
10924	10923	0.0469200015068
10924	10925	0.0469200015068
10925	10924	0.0469200015068
10925	10926	0.0469200015068
10926	10925	0.0469200015068
10926	10927	0.0469200015068
10927	10926	0.0469200015068
10927	10928	0.0469200015068
10928	10927	0.0469200015068
10928	10929	0.0469200015068
10929	10928	0.0469200015068
10929	10930	0.0469200015068
10930	10929	0.0469200015068
10930	10931	0.0469200015068
10931	10930	0.0469200015068
10931	10932	0.0469200015068
10932	10931	0.0469200015068
10932	10933	0.0469200015068
10933	10932	0.0469200015068
10933	10934	0.0469200015068
10934	10933	0.0469200015068
10934	10935	0.0469200015068
10935	10934	0.0469200015068
10935	10936	0.0469200015068
10936	10935	0.0469200015068
10936	10937	0.0469200015068
10937	10936	0.0469200015068
10937	10938	0.0469200015068
10938	10937	0.0469200015068
10939	10909	0.23633299768
10939	10940	0.23633299768
10940	10939	0.23633299768
10940	10941	0.23633299768
10941	10940	0.23633299768
10941	10942	0.23633299768
10942	10941	0.23633299768
10942	10943	0.23633299768
10943	10942	0.23633299768
10943	10944	0.23633299768
10944	10943	0.23633299768
10944	10945	0.23633299768
10945	10944	0.23633299768
10945	10946	0.23633299768
10946	10945	0.23633299768
10946	10947	0.23633299768
10947	10946	0.23633299768
10947	10948	0.23633299768
10948	10947	0.23633299768
10948	10949	0.23633299768
10949	10948	0.23633299768
10949	10950	0.23633299768
10950	10949	0.23633299768
10950	10951	0.23633299768
10951	10950	0.23633299768
10951	10952	0.23633299768
10952	10951	0.23633299768
10952	10953	0.23633299768
10953	10952	0.23633299768
10953	10954	0.23633299768
10954	10953	0.23633299768
10954	10955	0.23633299768
10955	10954	0.23633299768
10955	10956	0.23633299768
10956	10955	0.23633299768
10956	10957	0.23633299768
10957	10956	0.23633299768
10957	10958	0.23633299768
10958	10957	0.23633299768
10958	10959	0.232648506761
10958	12966	0.084704503417
10959	10958	0.232648506761
10959	10960	0.232648506761
10960	10959	0.232648506761
10960	10961	0.232648506761
10961	10960	0.232648506761
10961	10962	0.232648506761
10962	10961	0.232648506761
10962	10963	0.232648506761
10963	10962	0.232648506761
10963	10964	0.232648506761
10964	10963	0.232648506761
10964	10965	0.232648506761
10965	10964	0.232648506761
10965	10966	0.232648506761
10966	10965	0.232648506761
10966	10967	0.232648506761
10967	10966	0.232648506761
10967	10968	0.232648506761
10968	10967	0.232648506761
10968	10969	0.232648506761
10969	10968	0.232648506761
10969	10970	0.232648506761
10970	10969	0.232648506761
10970	10971	0.232648506761
10971	10970	0.232648506761
10971	10972	0.232648506761
10972	10971	0.232648506761
10972	10973	0.232648506761
10973	10972	0.232648506761
10973	10974	0.232648506761
10974	10973	0.232648506761
10974	10975	0.232648506761
10975	10974	0.232648506761
10975	10976	0.232648506761
10976	10975	0.232648506761
10976	10977	0.232648506761
10977	10976	0.232648506761
10977	10978	0.232648506761
10978	10977	0.232648506761
10978	10979	0.232648506761
10979	10978	0.232648506761
10979	10980	0.232648506761
10980	10979	0.232648506761
10980	10981	0.232648506761
10981	10980	0.232648506761
10981	10982	0.232648506761
10982	10981	0.232648506761
10982	10983	0.0749460011721
10982	11071	0.230026498437
10983	10982	0.0749460011721
10983	10984	0.0749460011721
10984	10983	0.0749460011721
10984	10985	0.0749460011721
10985	10984	0.0749460011721
10985	10986	0.0749460011721
10986	10985	0.0749460011721
10986	10987	0.0749460011721
10987	10986	0.0749460011721
10987	10988	0.0749460011721
10988	10987	0.0749460011721
10988	10989	0.0749460011721
10989	10988	0.0749460011721
10989	10990	0.0749460011721
10990	10989	0.0749460011721
10990	10991	0.0749460011721
10991	10990	0.0749460011721
10991	10992	0.0749460011721
10992	10991	0.0749460011721
10992	10993	0.0749460011721
10993	10992	0.0749460011721
10993	10994	0.0749460011721
10994	10993	0.0749460011721
10994	10995	0.0749460011721
10995	10994	0.0749460011721
10995	10996	0.0749460011721
10996	10995	0.0749460011721
10996	10997	0.0749460011721
10997	10996	0.0749460011721
10997	10998	0.0749460011721
10998	10997	0.0749460011721
10998	10999	0.0749460011721
10999	10998	0.0749460011721
10999	11000	0.0749460011721
11000	10999	0.0749460011721
11000	11001	0.0691770017147
11000	11057	0.0448014996946
11001	11000	0.0691770017147
11001	11002	0.0691770017147
11002	11001	0.0691770017147
11002	11003	0.0691770017147
11003	11002	0.0691770017147
11003	11004	0.0691770017147
11004	11003	0.0691770017147
11004	11005	0.0691770017147
11005	11004	0.0691770017147
11005	11006	0.0691770017147
11006	11005	0.0691770017147
11006	11007	0.0691770017147
11007	11006	0.0691770017147
11007	11008	0.0691770017147
11008	11007	0.0691770017147
11008	11009	0.0691770017147
11009	11008	0.0691770017147
11009	11010	0.0691770017147
11010	11009	0.0691770017147
11010	11011	0.0691770017147
11011	11010	0.0691770017147
11011	11012	0.0691770017147
11012	11011	0.0691770017147
11012	11013	0.0691770017147
11013	11012	0.0691770017147
11013	11014	0.0691770017147
11014	11013	0.0691770017147
11014	11015	0.0691770017147
11015	11014	0.0691770017147
11015	11016	0.0691770017147
11016	11015	0.0691770017147
11016	11017	0.047621499747
11016	11028	0.0606454983354
11017	11016	0.047621499747
11017	11018	0.047621499747
11018	11017	0.047621499747
11018	11019	0.047621499747
11019	11018	0.047621499747
11019	11020	0.047621499747
11020	11019	0.047621499747
11020	11021	0.047621499747
11021	11020	0.047621499747
11021	11022	0.047621499747
11022	11021	0.047621499747
11022	11023	0.047621499747
11023	11022	0.047621499747
11023	11024	0.047621499747
11024	11023	0.047621499747
11024	11025	0.047621499747
11025	11024	0.047621499747
11025	11026	0.047621499747
11026	11025	0.047621499747
11026	11027	0.047621499747
11027	11026	0.047621499747
11028	11016	0.0606454983354
11028	11029	0.0606454983354
11029	11028	0.0606454983354
11029	11030	0.0606454983354
11030	11029	0.0606454983354
11030	11031	0.0606454983354
11031	11030	0.0606454983354
11031	11032	0.0606454983354
11032	11031	0.0606454983354
11032	11033	0.0606454983354
11033	11032	0.0606454983354
11033	11034	0.0606454983354
11034	11033	0.0606454983354
11034	11035	0.0606454983354
11035	11034	0.0606454983354
11035	11036	0.0606454983354
11036	11035	0.0606454983354
11036	11037	0.0606454983354
11037	11036	0.0606454983354
11037	11038	0.0606454983354
11038	11037	0.0606454983354
11038	11039	0.0606454983354
11039	11038	0.0606454983354
11039	11040	0.0606454983354
11040	11039	0.0606454983354
11040	11041	0.0606454983354
11041	11040	0.0606454983354
11041	11042	0.0606454983354
11042	11041	0.0606454983354
11042	11043	0.0606454983354
11043	11042	0.0606454983354
11043	11044	0.0606454983354
11044	11043	0.0606454983354
11044	11045	0.0606454983354
11045	11044	0.0606454983354
11045	11046	0.0606454983354
11046	11045	0.0606454983354
11046	11047	0.0606454983354
11047	11046	0.0606454983354
11047	11048	0.0606454983354
11048	11047	0.0606454983354
11048	11049	0.0606454983354
11049	11048	0.0606454983354
11049	11050	0.0606454983354
11050	11049	0.0606454983354
11050	11051	0.0606454983354
11051	11050	0.0606454983354
11051	11052	0.0606454983354
11052	11051	0.0606454983354
11052	11053	0.0606454983354
11053	11052	0.0606454983354
11053	11054	0.0606454983354
11054	11053	0.0606454983354
11054	11055	0.0606454983354
11055	11054	0.0606454983354
11055	11056	0.0606454983354
11056	11055	0.0606454983354
11057	11000	0.0448014996946
11057	11058	0.0448014996946
11058	11057	0.0448014996946
11058	11059	0.0448014996946
11059	11058	0.0448014996946
11059	11060	0.0448014996946
11060	11059	0.0448014996946
11060	11061	0.0448014996946
11061	11060	0.0448014996946
11061	11062	0.0448014996946
11062	11061	0.0448014996946
11062	11063	0.0448014996946
11063	11062	0.0448014996946
11063	11064	0.0448014996946
11064	11063	0.0448014996946
11064	11065	0.0448014996946
11065	11064	0.0448014996946
11065	11066	0.0448014996946
11066	11065	0.0448014996946
11066	11067	0.0448014996946
11067	11066	0.0448014996946
11067	11068	0.0448014996946
11068	11067	0.0448014996946
11068	11069	0.0448014996946
11069	11068	0.0448014996946
11069	11070	0.0448014996946
11070	11069	0.0448014996946
11071	10982	0.230026498437
11071	11072	0.230026498437
11072	11071	0.230026498437
11072	11073	0.230026498437
11073	11072	0.230026498437
11073	11074	0.230026498437
11074	11073	0.230026498437
11074	11075	0.230026498437
11075	11074	0.230026498437
11075	11076	0.230026498437
11076	11075	0.230026498437
11076	11077	0.230026498437
11077	11076	0.230026498437
11077	11078	0.230026498437
11078	11077	0.230026498437
11078	11079	0.230026498437
11079	11078	0.230026498437
11079	11080	0.230026498437
11080	11079	0.230026498437
11080	11081	0.230026498437
11081	11080	0.230026498437
11081	11082	0.230026498437
11082	11081	0.230026498437
11082	11083	0.230026498437
11083	11082	0.230026498437
11083	11084	0.230026498437
11084	11083	0.230026498437
11084	11085	0.230026498437
11085	11084	0.230026498437
11085	11086	0.230026498437
11086	11085	0.230026498437
11086	11087	0.230026498437
11087	11086	0.230026498437
11087	11088	0.230026498437
11088	11087	0.230026498437
11088	11089	0.230026498437
11089	11088	0.230026498437
11089	11090	0.230026498437
11090	11089	0.230026498437
11090	11091	0.230026498437
11091	11090	0.230026498437
11091	11092	0.230026498437
11092	11091	0.230026498437
11092	11093	0.230026498437
11093	11092	0.230026498437
11093	11094	0.230026498437
11094	11093	0.230026498437
11094	11095	0.230026498437
11095	11094	0.230026498437
11095	11096	0.230026498437
11096	11095	0.230026498437
11096	11097	0.230026498437
11097	11096	0.230026498437
11097	11098	0.230026498437
11098	11097	0.230026498437
11098	11099	0.230026498437
11099	11098	0.230026498437
11099	11100	0.230026498437
11100	11099	0.230026498437
11100	11101	0.230026498437
11101	11100	0.230026498437
11101	11102	0.230026498437
11102	11101	0.230026498437
11102	11103	0.230026498437
11103	11102	0.230026498437
11103	11104	0.230026498437
11104	11103	0.230026498437
11104	11105	0.230026498437
11105	11104	0.230026498437
11105	11106	0.230026498437
11106	11105	0.230026498437
11106	11107	0.230026498437
11107	11106	0.230026498437
11107	11108	0.230026498437
11108	11107	0.230026498437
11108	11109	0.230026498437
11109	11108	0.230026498437
11109	11110	0.230026498437
11110	11109	0.230026498437
11110	11111	0.230026498437
11111	11110	0.230026498437
11111	11112	0.230026498437
11112	11111	0.230026498437
11112	11113	0.230026498437
11113	11112	0.230026498437
11113	11114	0.230026498437
11114	11113	0.230026498437
11114	11115	0.230026498437
11115	11114	0.230026498437
11115	11116	0.230026498437
11116	11115	0.230026498437
11116	11117	0.230026498437
11117	11116	0.230026498437
11117	11118	0.230026498437
11118	11117	0.230026498437
11118	11119	0.228447005153
11118	12893	0.0629130005836
11119	11118	0.228447005153
11119	11120	0.228447005153
11120	11119	0.228447005153
11120	11121	0.228447005153
11121	11120	0.228447005153
11121	11122	0.228447005153
11122	11121	0.228447005153
11122	11123	0.228447005153
11123	11122	0.228447005153
11123	11124	0.228447005153
11124	11123	0.228447005153
11124	11125	0.228447005153
11125	11124	0.228447005153
11125	11126	0.228447005153
11126	11125	0.228447005153
11126	11127	0.228447005153
11127	11126	0.228447005153
11127	11128	0.228447005153
11128	11127	0.228447005153
11128	11129	0.228447005153
11129	11128	0.228447005153
11129	11130	0.228447005153
11130	11129	0.228447005153
11130	11131	0.0525810010731
11130	11165	0.227514505386
11131	11130	0.0525810010731
11131	11132	0.0525810010731
11132	11131	0.0525810010731
11132	11133	0.0525810010731
11133	11132	0.0525810010731
11133	11134	0.0525810010731
11134	11133	0.0525810010731
11134	11135	0.0525810010731
11135	11134	0.0525810010731
11135	11136	0.0525810010731
11136	11135	0.0525810010731
11136	11137	0.0525810010731
11137	11136	0.0525810010731
11137	11138	0.0525810010731
11138	11137	0.0525810010731
11138	11139	0.0525810010731
11139	11138	0.0525810010731
11139	11140	0.0525810010731
11140	11139	0.0525810010731
11140	11141	0.0525810010731
11141	11140	0.0525810010731
11141	11142	0.0525810010731
11142	11141	0.0525810010731
11142	11143	0.0525810010731
11143	11142	0.0525810010731
11143	11144	0.0525810010731
11144	11143	0.0525810010731
11144	11145	0.0525810010731
11145	11144	0.0525810010731
11145	11146	0.0525810010731
11146	11145	0.0525810010731
11146	11147	0.0525810010731
11147	11146	0.0525810010731
11147	11148	0.0525810010731
11148	11147	0.0525810010731
11148	11149	0.0525810010731
11149	11148	0.0525810010731
11149	11150	0.0525810010731
11150	11149	0.0525810010731
11150	11151	0.0525810010731
11151	11150	0.0525810010731
11151	11152	0.0525810010731
11152	11151	0.0525810010731
11152	11153	0.0525810010731
11153	11152	0.0525810010731
11153	11154	0.0525810010731
11154	11153	0.0525810010731
11154	11155	0.0525810010731
11155	11154	0.0525810010731
11155	11156	0.0525810010731
11156	11155	0.0525810010731
11156	11157	0.0525810010731
11157	11156	0.0525810010731
11157	11158	0.0525810010731
11158	11157	0.0525810010731
11158	11159	0.0525810010731
11159	11158	0.0525810010731
11159	11160	0.0525810010731
11160	11159	0.0525810010731
11160	11161	0.0525810010731
11161	11160	0.0525810010731
11161	11162	0.0525810010731
11162	11161	0.0525810010731
11162	11163	0.0525810010731
11163	11162	0.0525810010731
11163	11164	0.0525810010731
11164	11163	0.0525810010731
11165	11130	0.227514505386
11165	11166	0.227514505386
11166	11165	0.227514505386
11166	11167	0.227514505386
11167	11166	0.227514505386
11167	11168	0.227514505386
11168	11167	0.227514505386
11168	11169	0.227514505386
11169	11168	0.227514505386
11169	11170	0.227514505386
11170	11169	0.227514505386
11170	11171	0.227514505386
11171	11170	0.227514505386
11171	11172	0.227514505386
11172	11171	0.227514505386
11172	11173	0.227514505386
11173	11172	0.227514505386
11173	11174	0.227514505386
11174	11173	0.227514505386
11174	11175	0.227514505386
11175	11174	0.227514505386
11175	11176	0.227514505386
11176	11175	0.227514505386
11176	11177	0.104999996722
11176	11394	0.21980150044
11177	11176	0.104999996722
11177	11178	0.104999996722
11178	11177	0.104999996722
11178	11179	0.104999996722
11179	11178	0.104999996722
11179	11180	0.104999996722
11180	11179	0.104999996722
11180	11181	0.104999996722
11181	11180	0.104999996722
11181	11182	0.0496230013669
11181	11206	0.10116700083
11182	11181	0.0496230013669
11182	11183	0.0496230013669
11183	11182	0.0496230013669
11183	11184	0.0496230013669
11184	11183	0.0496230013669
11184	11185	0.0496230013669
11185	11184	0.0496230013669
11185	11186	0.0496230013669
11186	11185	0.0496230013669
11186	11187	0.0496230013669
11187	11186	0.0496230013669
11187	11188	0.0496230013669
11188	11187	0.0496230013669
11188	11189	0.0496230013669
11189	11188	0.0496230013669
11189	11190	0.0496230013669
11190	11189	0.0496230013669
11190	11191	0.0496230013669
11191	11190	0.0496230013669
11191	11192	0.0496230013669
11192	11191	0.0496230013669
11192	11193	0.0496230013669
11193	11192	0.0496230013669
11193	11194	0.0496230013669
11194	11193	0.0496230013669
11194	11195	0.0496230013669
11195	11194	0.0496230013669
11195	11196	0.0496230013669
11196	11195	0.0496230013669
11196	11197	0.0496230013669
11197	11196	0.0496230013669
11197	11198	0.0496230013669
11198	11197	0.0496230013669
11198	11199	0.0496230013669
11199	11198	0.0496230013669
11199	11200	0.0496230013669
11200	11199	0.0496230013669
11200	11201	0.0496230013669
11201	11200	0.0496230013669
11201	11202	0.0496230013669
11202	11201	0.0496230013669
11202	11203	0.0496230013669
11203	11202	0.0496230013669
11203	11204	0.0496230013669
11204	11203	0.0496230013669
11204	11205	0.0496230013669
11205	11204	0.0496230013669
11206	11181	0.10116700083
11206	11207	0.10116700083
11207	11206	0.10116700083
11207	11208	0.10116700083
11208	11207	0.10116700083
11208	11209	0.10116700083
11209	11208	0.10116700083
11209	11210	0.10116700083
11210	11209	0.10116700083
11210	11211	0.0616184994578
11210	11265	0.0928884968162
11211	11210	0.0616184994578
11211	11212	0.0616184994578
11212	11211	0.0616184994578
11212	11213	0.0616184994578
11213	11212	0.0616184994578
11213	11214	0.0616184994578
11214	11213	0.0616184994578
11214	11215	0.0616184994578
11215	11214	0.0616184994578
11215	11216	0.0616184994578
11216	11215	0.0616184994578
11216	11217	0.0616184994578
11217	11216	0.0616184994578
11217	11218	0.0616184994578
11218	11217	0.0616184994578
11218	11219	0.0616184994578
11219	11218	0.0616184994578
11219	11220	0.0616184994578
11220	11219	0.0616184994578
11220	11221	0.0616184994578
11221	11220	0.0616184994578
11221	11222	0.0616184994578
11222	11221	0.0616184994578
11222	11223	0.0616184994578
11223	11222	0.0616184994578
11223	11224	0.0616184994578
11224	11223	0.0616184994578
11224	11225	0.0616184994578
11225	11224	0.0616184994578
11225	11226	0.0616184994578
11226	11225	0.0616184994578
11226	11227	0.0616184994578
11227	11226	0.0616184994578
11227	11228	0.0616184994578
11228	11227	0.0616184994578
11228	11229	0.0616184994578
11229	11228	0.0616184994578
11229	11230	0.0616184994578
11230	11229	0.0616184994578
11230	11231	0.0616184994578
11231	11230	0.0616184994578
11231	11232	0.0616184994578
11232	11231	0.0616184994578
11232	11233	0.0616184994578
11233	11232	0.0616184994578
11233	11234	0.0616184994578
11234	11233	0.0616184994578
11234	11235	0.0616184994578
11235	11234	0.0616184994578
11235	11236	0.0616184994578
11236	11235	0.0616184994578
11236	11237	0.0616184994578
11237	11236	0.0616184994578
11237	11238	0.0616184994578
11238	11237	0.0616184994578
11238	11239	0.0616184994578
11239	11238	0.0616184994578
11239	11240	0.0616184994578
11240	11239	0.0616184994578
11240	11241	0.0616184994578
11241	11240	0.0616184994578
11241	11242	0.0616184994578
11242	11241	0.0616184994578
11242	11243	0.0616184994578
11243	11242	0.0616184994578
11243	11244	0.0616184994578
11244	11243	0.0616184994578
11244	11245	0.0616184994578
11245	11244	0.0616184994578
11245	11246	0.0616184994578
11246	11245	0.0616184994578
11246	11247	0.0616184994578
11247	11246	0.0616184994578
11247	11248	0.0616184994578
11248	11247	0.0616184994578
11248	11249	0.0616184994578
11249	11248	0.0616184994578
11249	11250	0.0616184994578
11250	11249	0.0616184994578
11250	11251	0.0616184994578
11251	11250	0.0616184994578
11251	11252	0.0616184994578
11252	11251	0.0616184994578
11252	11253	0.0616184994578
11253	11252	0.0616184994578
11253	11254	0.0616184994578
11254	11253	0.0616184994578
11254	11255	0.0616184994578
11255	11254	0.0616184994578
11255	11256	0.0616184994578
11256	11255	0.0616184994578
11256	11257	0.0616184994578
11257	11256	0.0616184994578
11257	11258	0.0616184994578
11258	11257	0.0616184994578
11258	11259	0.0616184994578
11259	11258	0.0616184994578
11259	11260	0.0616184994578
11260	11259	0.0616184994578
11260	11261	0.0616184994578
11261	11260	0.0616184994578
11261	11262	0.0616184994578
11262	11261	0.0616184994578
11262	11263	0.0616184994578
11263	11262	0.0616184994578
11263	11264	0.0616184994578
11264	11263	0.0616184994578
11265	11210	0.0928884968162
11265	11266	0.0928884968162
11266	11265	0.0928884968162
11266	11267	0.0928884968162
11267	11266	0.0928884968162
11267	11268	0.0928884968162
11268	11267	0.0928884968162
11268	11269	0.0928884968162
11269	11268	0.0928884968162
11269	11270	0.0928884968162
11270	11269	0.0928884968162
11270	11271	0.0928884968162
11271	11270	0.0928884968162
11271	11272	0.0928884968162
11272	11271	0.0928884968162
11272	11273	0.0928884968162
11273	11272	0.0928884968162
11273	11274	0.0928884968162
11274	11273	0.0928884968162
11274	11275	0.0506809987128
11274	11296	0.0875594988465
11275	11274	0.0506809987128
11275	11276	0.0506809987128
11276	11275	0.0506809987128
11276	11277	0.0506809987128
11277	11276	0.0506809987128
11277	11278	0.0506809987128
11278	11277	0.0506809987128
11278	11279	0.0506809987128
11279	11278	0.0506809987128
11279	11280	0.0506809987128
11280	11279	0.0506809987128
11280	11281	0.0506809987128
11281	11280	0.0506809987128
11281	11282	0.0506809987128
11282	11281	0.0506809987128
11282	11283	0.0506809987128
11283	11282	0.0506809987128
11283	11284	0.0506809987128
11284	11283	0.0506809987128
11284	11285	0.0506809987128
11285	11284	0.0506809987128
11285	11286	0.0506809987128
11286	11285	0.0506809987128
11286	11287	0.0506809987128
11287	11286	0.0506809987128
11287	11288	0.0506809987128
11288	11287	0.0506809987128
11288	11289	0.0506809987128
11289	11288	0.0506809987128
11289	11290	0.0506809987128
11290	11289	0.0506809987128
11290	11291	0.0506809987128
11291	11290	0.0506809987128
11291	11292	0.0506809987128
11292	11291	0.0506809987128
11292	11293	0.0506809987128
11293	11292	0.0506809987128
11293	11294	0.0506809987128
11294	11293	0.0506809987128
11294	11295	0.0506809987128
11295	11294	0.0506809987128
11296	11274	0.0875594988465
11296	11297	0.0875594988465
11297	11296	0.0875594988465
11297	11298	0.0875594988465
11298	11297	0.0875594988465
11298	11299	0.0875594988465
11299	11298	0.0875594988465
11299	11300	0.0875594988465
11300	11299	0.0875594988465
11300	11301	0.0875594988465
11301	11300	0.0875594988465
11301	11302	0.0875594988465
11302	11301	0.0875594988465
11302	11303	0.0875594988465
11303	11302	0.0875594988465
11303	11304	0.0875594988465
11304	11303	0.0875594988465
11304	11305	0.0875594988465
11305	11304	0.0875594988465
11305	11306	0.0875594988465
11306	11305	0.0875594988465
11306	11307	0.0875594988465
11307	11306	0.0875594988465
11307	11308	0.0875594988465
11308	11307	0.0875594988465
11308	11309	0.0875594988465
11309	11308	0.0875594988465
11309	11310	0.0875594988465
11310	11309	0.0875594988465
11310	11311	0.0875594988465
11311	11310	0.0875594988465
11311	11312	0.0875594988465
11312	11311	0.0875594988465
11312	11313	0.0875594988465
11313	11312	0.0875594988465
11313	11314	0.0875594988465
11314	11313	0.0875594988465
11314	11315	0.0875594988465
11315	11314	0.0875594988465
11315	11316	0.0844404995441
11315	11388	0.0410570017993
11316	11315	0.0844404995441
11316	11317	0.0844404995441
11317	11316	0.0844404995441
11317	11318	0.0844404995441
11318	11317	0.0844404995441
11318	11319	0.0844404995441
11319	11318	0.0844404995441
11319	11320	0.0844404995441
11320	11319	0.0844404995441
11320	11321	0.0844404995441
11321	11320	0.0844404995441
11321	11322	0.0844404995441
11322	11321	0.0844404995441
11322	11323	0.0844404995441
11323	11322	0.0844404995441
11323	11324	0.0844404995441
11324	11323	0.0844404995441
11324	11325	0.0844404995441
11325	11324	0.0844404995441
11325	11326	0.0844404995441
11326	11325	0.0844404995441
11326	11327	0.0844404995441
11327	11326	0.0844404995441
11327	11328	0.0844404995441
11328	11327	0.0844404995441
11328	11329	0.0844404995441
11329	11328	0.0844404995441
11329	11330	0.0844404995441
11330	11329	0.0844404995441
11330	11331	0.0844404995441
11331	11330	0.0844404995441
11331	11332	0.0844404995441
11332	11331	0.0844404995441
11332	11333	0.0844404995441
11333	11332	0.0844404995441
11333	11334	0.0844404995441
11334	11333	0.0844404995441
11334	11335	0.0844404995441
11335	11334	0.0844404995441
11335	11336	0.0844404995441
11336	11335	0.0844404995441
11336	11337	0.0844404995441
11337	11336	0.0844404995441
11337	11338	0.0622434988618
11337	11356	0.0711994990706
11338	11337	0.0622434988618
11338	11339	0.0622434988618
11339	11338	0.0622434988618
11339	11340	0.0622434988618
11340	11339	0.0622434988618
11340	11341	0.0622434988618
11341	11340	0.0622434988618
11341	11342	0.0622434988618
11342	11341	0.0622434988618
11342	11343	0.0622434988618
11343	11342	0.0622434988618
11343	11344	0.0622434988618
11344	11343	0.0622434988618
11344	11345	0.0622434988618
11345	11344	0.0622434988618
11345	11346	0.0622434988618
11346	11345	0.0622434988618
11346	11347	0.0622434988618
11347	11346	0.0622434988618
11347	11348	0.0622434988618
11348	11347	0.0622434988618
11348	11349	0.0622434988618
11349	11348	0.0622434988618
11349	11350	0.0622434988618
11350	11349	0.0622434988618
11350	11351	0.0622434988618
11351	11350	0.0622434988618
11351	11352	0.0622434988618
11352	11351	0.0622434988618
11352	11353	0.0622434988618
11353	11352	0.0622434988618
11353	11354	0.0622434988618
11354	11353	0.0622434988618
11354	11355	0.0622434988618
11355	11354	0.0622434988618
11356	11337	0.0711994990706
11356	11357	0.0711994990706
11357	11356	0.0711994990706
11357	11358	0.0711994990706
11358	11357	0.0711994990706
11358	11359	0.0711994990706
11359	11358	0.0711994990706
11359	11360	0.0711994990706
11360	11359	0.0711994990706
11360	11361	0.0711994990706
11361	11360	0.0711994990706
11361	11362	0.0711994990706
11362	11361	0.0711994990706
11362	11363	0.0711994990706
11363	11362	0.0711994990706
11363	11364	0.0711994990706
11364	11363	0.0711994990706
11364	11365	0.0711994990706
11365	11364	0.0711994990706
11365	11366	0.0711994990706
11366	11365	0.0711994990706
11366	11367	0.0711994990706
11367	11366	0.0711994990706
11367	11368	0.0711994990706
11368	11367	0.0711994990706
11368	11369	0.0711994990706
11369	11368	0.0711994990706
11369	11370	0.0711994990706
11370	11369	0.0711994990706
11370	11371	0.0711994990706
11371	11370	0.0711994990706
11371	11372	0.0711994990706
11372	11371	0.0711994990706
11372	11373	0.0711994990706
11373	11372	0.0711994990706
11373	11374	0.0711994990706
11374	11373	0.0711994990706
11374	11375	0.0711994990706
11375	11374	0.0711994990706
11375	11376	0.0711994990706
11376	11375	0.0711994990706
11376	11377	0.0711994990706
11377	11376	0.0711994990706
11377	11378	0.0711994990706
11378	11377	0.0711994990706
11378	11379	0.0711994990706
11379	11378	0.0711994990706
11379	11380	0.0711994990706
11380	11379	0.0711994990706
11380	11381	0.0711994990706
11381	11380	0.0711994990706
11381	11382	0.0711994990706
11382	11381	0.0711994990706
11382	11383	0.0711994990706
11383	11382	0.0711994990706
11383	11384	0.0711994990706
11384	11383	0.0711994990706
11384	11385	0.0711994990706
11385	11384	0.0711994990706
11385	11386	0.0711994990706
11386	11385	0.0711994990706
11386	11387	0.0711994990706
11387	11386	0.0711994990706
11388	11315	0.0410570017993
11388	11389	0.0410570017993
11389	11388	0.0410570017993
11389	11390	0.0410570017993
11390	11389	0.0410570017993
11390	11391	0.0410570017993
11391	11390	0.0410570017993
11391	11392	0.0410570017993
11392	11391	0.0410570017993
11392	11393	0.0410570017993
11393	11392	0.0410570017993
11394	11176	0.21980150044
11394	11395	0.21980150044
11395	11394	0.21980150044
11395	11396	0.21980150044
11396	11395	0.21980150044
11396	11397	0.21980150044
11397	11396	0.21980150044
11397	11398	0.21980150044
11398	11397	0.21980150044
11398	11399	0.21980150044
11399	11398	0.21980150044
11399	11400	0.21980150044
11400	11399	0.21980150044
11400	11401	0.21980150044
11401	11400	0.21980150044
11401	11402	0.21980150044
11402	11401	0.21980150044
11402	11403	0.21980150044
11403	11402	0.21980150044
11403	11404	0.21980150044
11404	11403	0.21980150044
11404	11405	0.21980150044
11405	11404	0.21980150044
11405	11406	0.216740503907
11405	12805	0.0759159997106
11406	11405	0.216740503907
11406	11407	0.216740503907
11407	11406	0.216740503907
11407	11408	0.216740503907
11408	11407	0.216740503907
11408	11409	0.216740503907
11409	11408	0.216740503907
11409	11410	0.216740503907
11410	11409	0.216740503907
11410	11411	0.216740503907
11411	11410	0.216740503907
11411	11412	0.216740503907
11412	11411	0.216740503907
11412	11413	0.216740503907
11413	11412	0.216740503907
11413	11414	0.216740503907
11414	11413	0.216740503907
11414	11415	0.216740503907
11415	11414	0.216740503907
11415	11416	0.216740503907
11416	11415	0.216740503907
11416	11417	0.216740503907
11417	11416	0.216740503907
11417	11418	0.191834494472
11417	12318	0.146155506372
11418	11417	0.191834494472
11418	11419	0.191834494472
11419	11418	0.191834494472
11419	11420	0.191834494472
11420	11419	0.191834494472
11420	11421	0.191834494472
11421	11420	0.191834494472
11421	11422	0.191834494472
11422	11421	0.191834494472
11422	11423	0.191834494472
11423	11422	0.191834494472
11423	11424	0.191834494472
11424	11423	0.191834494472
11424	11425	0.191834494472
11425	11424	0.191834494472
11425	11426	0.191834494472
11426	11425	0.191834494472
11426	11427	0.191834494472
11427	11426	0.191834494472
11427	11428	0.191834494472
11428	11427	0.191834494472
11428	11429	0.191834494472
11429	11428	0.191834494472
11429	11430	0.191834494472
11430	11429	0.191834494472
11430	11431	0.191834494472
11431	11430	0.191834494472
11431	11432	0.191834494472
11432	11431	0.191834494472
11432	11433	0.191834494472
11433	11432	0.191834494472
11433	11434	0.191834494472
11434	11433	0.191834494472
11434	11435	0.191834494472
11435	11434	0.191834494472
11435	11436	0.191834494472
11436	11435	0.191834494472
11436	11437	0.191834494472
11437	11436	0.191834494472
11437	11438	0.191834494472
11438	11437	0.191834494472
11438	11439	0.0539640001953
11438	11469	0.190400496125
11439	11438	0.0539640001953
11439	11440	0.0539640001953
11440	11439	0.0539640001953
11440	11441	0.0539640001953
11441	11440	0.0539640001953
11441	11442	0.0539640001953
11442	11441	0.0539640001953
11442	11443	0.0539640001953
11443	11442	0.0539640001953
11443	11444	0.0539640001953
11444	11443	0.0539640001953
11444	11445	0.0539640001953
11445	11444	0.0539640001953
11445	11446	0.0539640001953
11446	11445	0.0539640001953
11446	11447	0.0539640001953
11447	11446	0.0539640001953
11447	11448	0.0539640001953
11448	11447	0.0539640001953
11448	11449	0.0539640001953
11449	11448	0.0539640001953
11449	11450	0.0539640001953
11450	11449	0.0539640001953
11450	11451	0.0539640001953
11451	11450	0.0539640001953
11451	11452	0.0539640001953
11452	11451	0.0539640001953
11452	11453	0.0539640001953
11453	11452	0.0539640001953
11453	11454	0.0539640001953
11454	11453	0.0539640001953
11454	11455	0.0539640001953
11455	11454	0.0539640001953
11455	11456	0.0539640001953
11456	11455	0.0539640001953
11456	11457	0.0539640001953
11457	11456	0.0539640001953
11457	11458	0.0539640001953
11458	11457	0.0539640001953
11458	11459	0.0539640001953
11459	11458	0.0539640001953
11459	11460	0.0539640001953
11460	11459	0.0539640001953
11460	11461	0.0539640001953
11461	11460	0.0539640001953
11461	11462	0.0539640001953
11462	11461	0.0539640001953
11462	11463	0.0539640001953
11463	11462	0.0539640001953
11463	11464	0.0539640001953
11464	11463	0.0539640001953
11464	11465	0.0539640001953
11465	11464	0.0539640001953
11465	11466	0.0539640001953
11466	11465	0.0539640001953
11466	11467	0.0539640001953
11467	11466	0.0539640001953
11467	11468	0.0539640001953
11468	11467	0.0539640001953
11469	11438	0.190400496125
11469	11470	0.190400496125
11470	11469	0.190400496125
11470	11471	0.190400496125
11471	11470	0.190400496125
11471	11472	0.190400496125
11472	11471	0.190400496125
11472	11473	0.190400496125
11473	11472	0.190400496125
11473	11474	0.190400496125
11474	11473	0.190400496125
11474	11475	0.190400496125
11475	11474	0.190400496125
11475	11476	0.190400496125
11476	11475	0.190400496125
11476	11477	0.190400496125
11477	11476	0.190400496125
11477	11478	0.190400496125
11478	11477	0.190400496125
11478	11479	0.190400496125
11479	11478	0.190400496125
11479	11480	0.190400496125
11480	11479	0.190400496125
11480	11481	0.190400496125
11481	11480	0.190400496125
11481	11482	0.190400496125
11482	11481	0.190400496125
11482	11483	0.190400496125
11483	11482	0.190400496125
11483	11484	0.190400496125
11484	11483	0.190400496125
11484	11485	0.190400496125
11485	11484	0.190400496125
11485	11486	0.190400496125
11486	11485	0.190400496125
11486	11487	0.190400496125
11487	11486	0.190400496125
11487	11488	0.190400496125
11488	11487	0.190400496125
11488	11489	0.190400496125
11489	11488	0.190400496125
11489	11490	0.079549998045
11489	11571	0.185654506087
11490	11489	0.079549998045
11490	11491	0.079549998045
11491	11490	0.079549998045
11491	11492	0.079549998045
11492	11491	0.079549998045
11492	11493	0.079549998045
11493	11492	0.079549998045
11493	11494	0.079549998045
11494	11493	0.079549998045
11494	11495	0.079549998045
11495	11494	0.079549998045
11495	11496	0.079549998045
11496	11495	0.079549998045
11496	11497	0.079549998045
11497	11496	0.079549998045
11497	11498	0.079549998045
11498	11497	0.079549998045
11498	11499	0.079549998045
11499	11498	0.079549998045
11499	11500	0.079549998045
11500	11499	0.079549998045
11500	11501	0.079549998045
11501	11500	0.079549998045
11501	11502	0.079549998045
11502	11501	0.079549998045
11502	11503	0.079549998045
11503	11502	0.079549998045
11503	11504	0.079549998045
11504	11503	0.079549998045
11504	11505	0.079549998045
11505	11504	0.079549998045
11505	11506	0.079549998045
11506	11505	0.079549998045
11506	11507	0.079549998045
11507	11506	0.079549998045
11507	11508	0.079549998045
11508	11507	0.079549998045
11508	11509	0.079549998045
11509	11508	0.079549998045
11509	11510	0.079549998045
11510	11509	0.079549998045
11510	11511	0.079549998045
11511	11510	0.079549998045
11511	11512	0.079549998045
11512	11511	0.079549998045
11512	11513	0.079549998045
11513	11512	0.079549998045
11513	11514	0.079549998045
11514	11513	0.079549998045
11514	11515	0.079549998045
11515	11514	0.079549998045
11515	11516	0.079549998045
11516	11515	0.079549998045
11516	11517	0.079549998045
11517	11516	0.079549998045
11517	11518	0.079549998045
11518	11517	0.079549998045
11518	11519	0.079549998045
11519	11518	0.079549998045
11519	11520	0.079549998045
11520	11519	0.079549998045
11520	11521	0.079549998045
11521	11520	0.079549998045
11521	11522	0.079549998045
11522	11521	0.079549998045
11522	11523	0.079549998045
11523	11522	0.079549998045
11523	11524	0.079549998045
11524	11523	0.079549998045
11524	11525	0.079549998045
11525	11524	0.079549998045
11525	11526	0.0715709999204
11525	11562	0.0515254996717
11526	11525	0.0715709999204
11526	11527	0.0715709999204
11527	11526	0.0715709999204
11527	11528	0.0715709999204
11528	11527	0.0715709999204
11528	11529	0.0715709999204
11529	11528	0.0715709999204
11529	11530	0.0715709999204
11530	11529	0.0715709999204
11530	11531	0.0715709999204
11531	11530	0.0715709999204
11531	11532	0.0715709999204
11532	11531	0.0715709999204
11532	11533	0.0715709999204
11533	11532	0.0715709999204
11533	11534	0.0715709999204
11534	11533	0.0715709999204
11534	11535	0.0715709999204
11535	11534	0.0715709999204
11535	11536	0.0715709999204
11536	11535	0.0715709999204
11536	11537	0.0715709999204
11537	11536	0.0715709999204
11537	11538	0.0715709999204
11538	11537	0.0715709999204
11538	11539	0.0715709999204
11539	11538	0.0715709999204
11539	11540	0.0715709999204
11540	11539	0.0715709999204
11540	11541	0.0715709999204
11541	11540	0.0715709999204
11541	11542	0.0715709999204
11542	11541	0.0715709999204
11542	11543	0.0715709999204
11543	11542	0.0715709999204
11543	11544	0.0715709999204
11544	11543	0.0715709999204
11544	11545	0.0715709999204
11545	11544	0.0715709999204
11545	11546	0.0715709999204
11546	11545	0.0715709999204
11546	11547	0.0715709999204
11547	11546	0.0715709999204
11547	11548	0.0715709999204
11548	11547	0.0715709999204
11548	11549	0.0715709999204
11549	11548	0.0715709999204
11549	11550	0.0715709999204
11550	11549	0.0715709999204
11550	11551	0.0715709999204
11551	11550	0.0715709999204
11551	11552	0.0715709999204
11552	11551	0.0715709999204
11552	11553	0.0715709999204
11553	11552	0.0715709999204
11553	11554	0.0715709999204
11554	11553	0.0715709999204
11554	11555	0.0715709999204
11555	11554	0.0715709999204
11555	11556	0.0715709999204
11556	11555	0.0715709999204
11556	11557	0.0715709999204
11557	11556	0.0715709999204
11557	11558	0.0715709999204
11558	11557	0.0715709999204
11558	11559	0.0715709999204
11559	11558	0.0715709999204
11559	11560	0.0715709999204
11560	11559	0.0715709999204
11560	11561	0.0715709999204
11561	11560	0.0715709999204
11562	11525	0.0515254996717
11562	11563	0.0515254996717
11563	11562	0.0515254996717
11563	11564	0.0515254996717
11564	11563	0.0515254996717
11564	11565	0.0515254996717
11565	11564	0.0515254996717
11565	11566	0.0515254996717
11566	11565	0.0515254996717
11566	11567	0.0515254996717
11567	11566	0.0515254996717
11567	11568	0.0515254996717
11568	11567	0.0515254996717
11568	11569	0.0515254996717
11569	11568	0.0515254996717
11569	11570	0.0515254996717
11570	11569	0.0515254996717
11571	11489	0.185654506087
11571	11572	0.185654506087
11572	11571	0.185654506087
11572	11573	0.185654506087
11573	11572	0.185654506087
11573	11574	0.185654506087
11574	11573	0.185654506087
11574	11575	0.185654506087
11575	11574	0.185654506087
11575	11576	0.185654506087
11576	11575	0.185654506087
11576	11577	0.185654506087
11577	11576	0.185654506087
11577	11578	0.185654506087
11578	11577	0.185654506087
11578	11579	0.183890998363
11578	12287	0.0565274991095
11579	11578	0.183890998363
11579	11580	0.183890998363
11580	11579	0.183890998363
11580	11581	0.183890998363
11581	11580	0.183890998363
11581	11582	0.183890998363
11582	11581	0.183890998363
11582	11583	0.183890998363
11583	11582	0.183890998363
11583	11584	0.183890998363
11584	11583	0.183890998363
11584	11585	0.183890998363
11585	11584	0.183890998363
11585	11586	0.183890998363
11586	11585	0.183890998363
11586	11587	0.0524829998612
11586	11609	0.182454496622
11587	11586	0.0524829998612
11587	11588	0.0524829998612
11588	11587	0.0524829998612
11588	11589	0.0524829998612
11589	11588	0.0524829998612
11589	11590	0.0524829998612
11590	11589	0.0524829998612
11590	11591	0.0524829998612
11591	11590	0.0524829998612
11591	11592	0.0524829998612
11592	11591	0.0524829998612
11592	11593	0.0524829998612
11593	11592	0.0524829998612
11593	11594	0.0524829998612
11594	11593	0.0524829998612
11594	11595	0.0524829998612
11595	11594	0.0524829998612
11595	11596	0.0524829998612
11596	11595	0.0524829998612
11596	11597	0.0524829998612
11597	11596	0.0524829998612
11597	11598	0.0524829998612
11598	11597	0.0524829998612
11598	11599	0.0524829998612
11599	11598	0.0524829998612
11599	11600	0.0524829998612
11600	11599	0.0524829998612
11600	11601	0.0524829998612
11601	11600	0.0524829998612
11601	11602	0.0524829998612
11602	11601	0.0524829998612
11602	11603	0.0524829998612
11603	11602	0.0524829998612
11603	11604	0.0524829998612
11604	11603	0.0524829998612
11604	11605	0.0524829998612
11605	11604	0.0524829998612
11605	11606	0.0524829998612
11606	11605	0.0524829998612
11606	11607	0.0524829998612
11607	11606	0.0524829998612
11607	11608	0.0524829998612
11608	11607	0.0524829998612
11609	11586	0.182454496622
11609	11610	0.182454496622
11610	11609	0.182454496622
11610	11611	0.182454496622
11611	11610	0.182454496622
11611	11612	0.182454496622
11612	11611	0.182454496622
11612	11613	0.182454496622
11613	11612	0.182454496622
11613	11614	0.182454496622
11614	11613	0.182454496622
11614	11615	0.182454496622
11615	11614	0.182454496622
11615	11616	0.180774003267
11615	12262	0.0549914985895
11616	11615	0.180774003267
11616	11617	0.180774003267
11617	11616	0.180774003267
11617	11618	0.180774003267
11618	11617	0.180774003267
11618	11619	0.180774003267
11619	11618	0.180774003267
11619	11620	0.180774003267
11620	11619	0.180774003267
11620	11621	0.180774003267
11621	11620	0.180774003267
11621	11622	0.180774003267
11622	11621	0.180774003267
11622	11623	0.11872100085
11622	11826	0.161779999733
11623	11622	0.11872100085
11623	11624	0.11872100085
11624	11623	0.11872100085
11624	11625	0.11872100085
11625	11624	0.11872100085
11625	11626	0.11872100085
11626	11625	0.11872100085
11626	11627	0.11872100085
11627	11626	0.11872100085
11627	11628	0.11872100085
11628	11627	0.11872100085
11628	11629	0.11872100085
11629	11628	0.11872100085
11629	11630	0.11872100085
11630	11629	0.11872100085
11630	11631	0.11872100085
11631	11630	0.11872100085
11631	11632	0.11872100085
11632	11631	0.11872100085
11632	11633	0.11872100085
11633	11632	0.11872100085
11633	11634	0.11872100085
11634	11633	0.11872100085
11634	11635	0.11872100085
11635	11634	0.11872100085
11635	11636	0.11872100085
11636	11635	0.11872100085
11636	11637	0.11872100085
11637	11636	0.11872100085
11637	11638	0.11872100085
11638	11637	0.11872100085
11638	11639	0.11872100085
11639	11638	0.11872100085
11639	11640	0.11872100085
11640	11639	0.11872100085
11640	11641	0.11872100085
11641	11640	0.11872100085
11641	11642	0.11872100085
11642	11641	0.11872100085
11642	11643	0.11872100085
11643	11642	0.11872100085
11643	11644	0.11872100085
11644	11643	0.11872100085
11644	11645	0.11872100085
11645	11644	0.11872100085
11645	11646	0.11872100085
11646	11645	0.11872100085
11646	11647	0.11872100085
11647	11646	0.11872100085
11647	11648	0.11872100085
11648	11647	0.11872100085
11648	11649	0.11872100085
11649	11648	0.11872100085
11649	11650	0.11872100085
11650	11649	0.11872100085
11650	11651	0.11872100085
11651	11650	0.11872100085
11651	11652	0.103600002825
11651	11763	0.0824944972992
11652	11651	0.103600002825
11652	11653	0.103600002825
11653	11652	0.103600002825
11653	11654	0.103600002825
11654	11653	0.103600002825
11654	11655	0.103600002825
11655	11654	0.103600002825
11655	11656	0.103600002825
11656	11655	0.103600002825
11656	11657	0.103600002825
11657	11656	0.103600002825
11657	11658	0.103600002825
11658	11657	0.103600002825
11658	11659	0.103600002825
11659	11658	0.103600002825
11659	11660	0.103600002825
11660	11659	0.103600002825
11660	11661	0.103600002825
11661	11660	0.103600002825
11661	11662	0.103600002825
11662	11661	0.103600002825
11662	11663	0.103600002825
11663	11662	0.103600002825
11663	11664	0.103600002825
11664	11663	0.103600002825
11664	11665	0.103600002825
11665	11664	0.103600002825
11665	11666	0.103600002825
11666	11665	0.103600002825
11666	11667	0.103600002825
11667	11666	0.103600002825
11667	11668	0.103600002825
11668	11667	0.103600002825
11668	11669	0.103600002825
11669	11668	0.103600002825
11669	11670	0.103600002825
11670	11669	0.103600002825
11670	11671	0.103600002825
11671	11670	0.103600002825
11671	11672	0.103600002825
11672	11671	0.103600002825
11672	11673	0.103600002825
11673	11672	0.103600002825
11673	11674	0.103600002825
11674	11673	0.103600002825
11674	11675	0.103600002825
11675	11674	0.103600002825
11675	11676	0.0977090001106
11675	11750	0.0563680008054
11676	11675	0.0977090001106
11676	11677	0.0977090001106
11677	11676	0.0977090001106
11677	11678	0.0977090001106
11678	11677	0.0977090001106
11678	11679	0.0977090001106
11679	11678	0.0977090001106
11679	11680	0.0977090001106
11680	11679	0.0977090001106
11680	11681	0.0977090001106
11681	11680	0.0977090001106
11681	11682	0.0977090001106
11682	11681	0.0977090001106
11682	11683	0.0977090001106
11683	11682	0.0977090001106
11683	11684	0.0977090001106
11684	11683	0.0977090001106
11684	11685	0.0977090001106
11685	11684	0.0977090001106
11685	11686	0.0977090001106
11686	11685	0.0977090001106
11686	11687	0.0977090001106
11687	11686	0.0977090001106
11687	11688	0.0977090001106
11688	11687	0.0977090001106
11688	11689	0.0977090001106
11689	11688	0.0977090001106
11689	11690	0.0977090001106
11690	11689	0.0977090001106
11690	11691	0.0977090001106
11691	11690	0.0977090001106
11691	11692	0.0977090001106
11692	11691	0.0977090001106
11692	11693	0.0977090001106
11693	11692	0.0977090001106
11693	11694	0.0977090001106
11694	11693	0.0977090001106
11694	11695	0.0977090001106
11695	11694	0.0977090001106
11695	11696	0.0977090001106
11696	11695	0.0977090001106
11696	11697	0.0977090001106
11697	11696	0.0977090001106
11697	11698	0.0977090001106
11698	11697	0.0977090001106
11698	11699	0.0977090001106
11699	11698	0.0977090001106
11699	11700	0.0977090001106
11700	11699	0.0977090001106
11700	11701	0.0977090001106
11701	11700	0.0977090001106
11701	11702	0.0977090001106
11702	11701	0.0977090001106
11702	11703	0.0977090001106
11703	11702	0.0977090001106
11703	11704	0.0977090001106
11704	11703	0.0977090001106
11704	11705	0.0977090001106
11705	11704	0.0977090001106
11705	11706	0.0977090001106
11706	11705	0.0977090001106
11706	11707	0.0977090001106
11707	11706	0.0977090001106
11707	11708	0.0977090001106
11708	11707	0.0977090001106
11708	11709	0.0854339972138
11708	11739	0.067624501884
11709	11708	0.0854339972138
11709	11710	0.0854339972138
11710	11709	0.0854339972138
11710	11711	0.0854339972138
11711	11710	0.0854339972138
11711	11712	0.0854339972138
11712	11711	0.0854339972138
11712	11713	0.0854339972138
11713	11712	0.0854339972138
11713	11714	0.0854339972138
11714	11713	0.0854339972138
11714	11715	0.0854339972138
11715	11714	0.0854339972138
11715	11716	0.0854339972138
11716	11715	0.0854339972138
11716	11717	0.0854339972138
11717	11716	0.0854339972138
11717	11718	0.0854339972138
11718	11717	0.0854339972138
11718	11719	0.0854339972138
11719	11718	0.0854339972138
11719	11720	0.0854339972138
11720	11719	0.0854339972138
11720	11721	0.0854339972138
11721	11720	0.0854339972138
11721	11722	0.0854339972138
11722	11721	0.0854339972138
11722	11723	0.0854339972138
11723	11722	0.0854339972138
11723	11724	0.0854339972138
11724	11723	0.0854339972138
11724	11725	0.0854339972138
11725	11724	0.0854339972138
11725	11726	0.0854339972138
11726	11725	0.0854339972138
11726	11727	0.0854339972138
11727	11726	0.0854339972138
11727	11728	0.0854339972138
11728	11727	0.0854339972138
11728	11729	0.0854339972138
11729	11728	0.0854339972138
11729	11730	0.0854339972138
11730	11729	0.0854339972138
11730	11731	0.0854339972138
11731	11730	0.0854339972138
11731	11732	0.0854339972138
11732	11731	0.0854339972138
11732	11733	0.0854339972138
11733	11732	0.0854339972138
11733	11734	0.0854339972138
11734	11733	0.0854339972138
11734	11735	0.0854339972138
11735	11734	0.0854339972138
11735	11736	0.0854339972138
11736	11735	0.0854339972138
11736	11737	0.0854339972138
11737	11736	0.0854339972138
11737	11738	0.0854339972138
11738	11737	0.0854339972138
11739	11708	0.067624501884
11739	11740	0.067624501884
11740	11739	0.067624501884
11740	11741	0.067624501884
11741	11740	0.067624501884
11741	11742	0.067624501884
11742	11741	0.067624501884
11742	11743	0.067624501884
11743	11742	0.067624501884
11743	11744	0.067624501884
11744	11743	0.067624501884
11744	11745	0.067624501884
11745	11744	0.067624501884
11745	11746	0.067624501884
11746	11745	0.067624501884
11746	11747	0.067624501884
11747	11746	0.067624501884
11747	11748	0.067624501884
11748	11747	0.067624501884
11748	11749	0.067624501884
11749	11748	0.067624501884
11750	11675	0.0563680008054
11750	11751	0.0563680008054
11751	11750	0.0563680008054
11751	11752	0.0563680008054
11752	11751	0.0563680008054
11752	11753	0.0563680008054
11753	11752	0.0563680008054
11753	11754	0.0563680008054
11754	11753	0.0563680008054
11754	11755	0.0563680008054
11755	11754	0.0563680008054
11755	11756	0.0563680008054
11756	11755	0.0563680008054
11756	11757	0.0563680008054
11757	11756	0.0563680008054
11757	11758	0.0563680008054
11758	11757	0.0563680008054
11758	11759	0.0563680008054
11759	11758	0.0563680008054
11759	11760	0.0563680008054
11760	11759	0.0563680008054
11760	11761	0.0563680008054
11761	11760	0.0563680008054
11761	11762	0.0563680008054
11762	11761	0.0563680008054
11763	11651	0.0824944972992
11763	11764	0.0824944972992
11764	11763	0.0824944972992
11764	11765	0.0824944972992
11765	11764	0.0824944972992
11765	11766	0.0824944972992
11766	11765	0.0824944972992
11766	11767	0.0824944972992
11767	11766	0.0824944972992
11767	11768	0.0824944972992
11768	11767	0.0824944972992
11768	11769	0.0824944972992
11769	11768	0.0824944972992
11769	11770	0.0824944972992
11770	11769	0.0824944972992
11770	11771	0.0824944972992
11771	11770	0.0824944972992
11771	11772	0.0824944972992
11772	11771	0.0824944972992
11772	11773	0.0824944972992
11773	11772	0.0824944972992
11773	11774	0.0824944972992
11774	11773	0.0824944972992
11774	11775	0.0824944972992
11775	11774	0.0824944972992
11775	11776	0.0824944972992
11776	11775	0.0824944972992
11776	11777	0.0824944972992
11777	11776	0.0824944972992
11777	11778	0.0824944972992
11778	11777	0.0824944972992
11778	11779	0.0824944972992
11779	11778	0.0824944972992
11779	11780	0.0824944972992
11780	11779	0.0824944972992
11780	11781	0.0485789999366
11780	11787	0.0764459967613
11781	11780	0.0485789999366
11781	11782	0.0485789999366
11782	11781	0.0485789999366
11782	11783	0.0485789999366
11783	11782	0.0485789999366
11783	11784	0.0485789999366
11784	11783	0.0485789999366
11784	11785	0.0485789999366
11785	11784	0.0485789999366
11785	11786	0.0485789999366
11786	11785	0.0485789999366
11787	11780	0.0764459967613
11787	11788	0.0764459967613
11788	11787	0.0764459967613
11788	11789	0.0764459967613
11789	11788	0.0764459967613
11789	11790	0.0764459967613
11790	11789	0.0764459967613
11790	11791	0.0764459967613
11791	11790	0.0764459967613
11791	11792	0.0764459967613
11792	11791	0.0764459967613
11792	11793	0.0764459967613
11793	11792	0.0764459967613
11793	11794	0.0764459967613
11794	11793	0.0764459967613
11794	11795	0.0764459967613
11795	11794	0.0764459967613
11795	11796	0.0764459967613
11796	11795	0.0764459967613
11796	11797	0.0764459967613
11797	11796	0.0764459967613
11797	11798	0.0764459967613
11798	11797	0.0764459967613
11798	11799	0.0764459967613
11799	11798	0.0764459967613
11799	11800	0.0764459967613
11800	11799	0.0764459967613
11800	11801	0.0764459967613
11801	11800	0.0764459967613
11801	11802	0.0764459967613
11802	11801	0.0764459967613
11802	11803	0.0764459967613
11803	11802	0.0764459967613
11803	11804	0.0764459967613
11804	11803	0.0764459967613
11804	11805	0.0764459967613
11805	11804	0.0764459967613
11805	11806	0.0764459967613
11806	11805	0.0764459967613
11806	11807	0.0764459967613
11807	11806	0.0764459967613
11807	11808	0.0764459967613
11808	11807	0.0764459967613
11808	11809	0.0764459967613
11809	11808	0.0764459967613
11809	11810	0.0764459967613
11810	11809	0.0764459967613
11810	11811	0.0764459967613
11811	11810	0.0764459967613
11811	11812	0.0764459967613
11812	11811	0.0764459967613
11812	11813	0.0764459967613
11813	11812	0.0764459967613
11813	11814	0.0764459967613
11814	11813	0.0764459967613
11814	11815	0.0764459967613
11815	11814	0.0764459967613
11815	11816	0.0764459967613
11816	11815	0.0764459967613
11816	11817	0.0764459967613
11817	11816	0.0764459967613
11817	11818	0.0764459967613
11818	11817	0.0764459967613
11818	11819	0.0764459967613
11819	11818	0.0764459967613
11819	11820	0.0764459967613
11820	11819	0.0764459967613
11820	11821	0.0764459967613
11821	11820	0.0764459967613
11821	11822	0.0764459967613
11822	11821	0.0764459967613
11822	11823	0.0764459967613
11823	11822	0.0764459967613
11823	11824	0.0764459967613
11824	11823	0.0764459967613
11824	11825	0.0764459967613
11825	11824	0.0764459967613
11826	11622	0.161779999733
11826	11827	0.161779999733
11827	11826	0.161779999733
11827	11828	0.161779999733
11828	11827	0.161779999733
11828	11829	0.161779999733
11829	11828	0.161779999733
11829	11830	0.161779999733
11830	11829	0.161779999733
11830	11831	0.161779999733
11831	11830	0.161779999733
11831	11832	0.161779999733
11832	11831	0.161779999733
11832	11833	0.161779999733
11833	11832	0.161779999733
11833	11834	0.161779999733
11834	11833	0.161779999733
11834	11835	0.161779999733
11835	11834	0.161779999733
11835	11836	0.161779999733
11836	11835	0.161779999733
11836	11837	0.161779999733
11837	11836	0.161779999733
11837	11838	0.161779999733
11838	11837	0.161779999733
11838	11839	0.161779999733
11839	11838	0.161779999733
11839	11840	0.161779999733
11840	11839	0.161779999733
11840	11841	0.161779999733
11841	11840	0.161779999733
11841	11842	0.161779999733
11842	11841	0.161779999733
11842	11843	0.161779999733
11843	11842	0.161779999733
11843	11844	0.161779999733
11844	11843	0.161779999733
11844	11845	0.161779999733
11845	11844	0.161779999733
11845	11846	0.161779999733
11846	11845	0.161779999733
11846	11847	0.161779999733
11847	11846	0.161779999733
11847	11848	0.161779999733
11848	11847	0.161779999733
11848	11849	0.161779999733
11849	11848	0.161779999733
11849	11850	0.161779999733
11850	11849	0.161779999733
11850	11851	0.159355998039
11850	12238	0.0572349987924
11851	11850	0.159355998039
11851	11852	0.159355998039
11852	11851	0.159355998039
11852	11853	0.159355998039
11853	11852	0.159355998039
11853	11854	0.159355998039
11854	11853	0.159355998039
11854	11855	0.159355998039
11855	11854	0.159355998039
11855	11856	0.159355998039
11856	11855	0.159355998039
11856	11857	0.159355998039
11857	11856	0.159355998039
11857	11858	0.159355998039
11858	11857	0.159355998039
11858	11859	0.159355998039
11859	11858	0.159355998039
11859	11860	0.159355998039
11860	11859	0.159355998039
11860	11861	0.159355998039
11861	11860	0.159355998039
11861	11862	0.159355998039
11862	11861	0.159355998039
11862	11863	0.159355998039
11863	11862	0.159355998039
11863	11864	0.159355998039
11864	11863	0.159355998039
11864	11865	0.159355998039
11865	11864	0.159355998039
11865	11866	0.159355998039
11866	11865	0.159355998039
11866	11867	0.159355998039
11867	11866	0.159355998039
11867	11868	0.159355998039
11868	11867	0.159355998039
11868	11869	0.159355998039
11869	11868	0.159355998039
11869	11870	0.159355998039
11870	11869	0.159355998039
11870	11871	0.159355998039
11871	11870	0.159355998039
11871	11872	0.159355998039
11872	11871	0.159355998039
11872	11873	0.159355998039
11873	11872	0.159355998039
11873	11874	0.159355998039
11874	11873	0.159355998039
11874	11875	0.159355998039
11875	11874	0.159355998039
11875	11876	0.144156500697
11875	12130	0.101672001183
11876	11875	0.144156500697
11876	11877	0.144156500697
11877	11876	0.144156500697
11877	11878	0.144156500697
11878	11877	0.144156500697
11878	11879	0.144156500697
11879	11878	0.144156500697
11879	11880	0.144156500697
11880	11879	0.144156500697
11880	11881	0.0552229993045
11880	11896	0.141403004527
11881	11880	0.0552229993045
11881	11882	0.0552229993045
11882	11881	0.0552229993045
11882	11883	0.0552229993045
11883	11882	0.0552229993045
11883	11884	0.0552229993045
11884	11883	0.0552229993045
11884	11885	0.0552229993045
11885	11884	0.0552229993045
11885	11886	0.0552229993045
11886	11885	0.0552229993045
11886	11887	0.0552229993045
11887	11886	0.0552229993045
11887	11888	0.0552229993045
11888	11887	0.0552229993045
11888	11889	0.0552229993045
11889	11888	0.0552229993045
11889	11890	0.0552229993045
11890	11889	0.0552229993045
11890	11891	0.0552229993045
11891	11890	0.0552229993045
11891	11892	0.0552229993045
11892	11891	0.0552229993045
11892	11893	0.0552229993045
11893	11892	0.0552229993045
11893	11894	0.0552229993045
11894	11893	0.0552229993045
11894	11895	0.0552229993045
11895	11894	0.0552229993045
11896	11880	0.141403004527
11896	11897	0.141403004527
11897	11896	0.141403004527
11897	11898	0.141403004527
11898	11897	0.141403004527
11898	11899	0.141403004527
11899	11898	0.141403004527
11899	11900	0.141403004527
11900	11899	0.141403004527
11900	11901	0.0553564988077
11900	11916	0.138516500592
11901	11900	0.0553564988077
11901	11902	0.0553564988077
11902	11901	0.0553564988077
11902	11903	0.0553564988077
11903	11902	0.0553564988077
11903	11904	0.0553564988077
11904	11903	0.0553564988077
11904	11905	0.0553564988077
11905	11904	0.0553564988077
11905	11906	0.0553564988077
11906	11905	0.0553564988077
11906	11907	0.0553564988077
11907	11906	0.0553564988077
11907	11908	0.0553564988077
11908	11907	0.0553564988077
11908	11909	0.0553564988077
11909	11908	0.0553564988077
11909	11910	0.0553564988077
11910	11909	0.0553564988077
11910	11911	0.0553564988077
11911	11910	0.0553564988077
11911	11912	0.0553564988077
11912	11911	0.0553564988077
11912	11913	0.0553564988077
11913	11912	0.0553564988077
11913	11914	0.0553564988077
11914	11913	0.0553564988077
11914	11915	0.0553564988077
11915	11914	0.0553564988077
11916	11900	0.138516500592
11916	11917	0.138516500592
11917	11916	0.138516500592
11917	11918	0.138516500592
11918	11917	0.138516500592
11918	11919	0.138516500592
11919	11918	0.138516500592
11919	11920	0.138516500592
11920	11919	0.138516500592
11920	11921	0.138516500592
11921	11920	0.138516500592
11921	11922	0.138516500592
11922	11921	0.138516500592
11922	11923	0.138516500592
11923	11922	0.138516500592
11923	11924	0.138516500592
11924	11923	0.138516500592
11924	11925	0.138516500592
11925	11924	0.138516500592
11925	11926	0.138516500592
11926	11925	0.138516500592
11926	11927	0.138516500592
11927	11926	0.138516500592
11927	11928	0.138516500592
11928	11927	0.138516500592
11928	11929	0.138516500592
11929	11928	0.138516500592
11929	11930	0.138516500592
11930	11929	0.138516500592
11930	11931	0.138516500592
11931	11930	0.138516500592
11931	11932	0.138516500592
11932	11931	0.138516500592
11932	11933	0.138516500592
11933	11932	0.138516500592
11933	11934	0.138516500592
11934	11933	0.138516500592
11934	11935	0.138516500592
11935	11934	0.138516500592
11935	11936	0.138516500592
11936	11935	0.138516500592
11936	11937	0.138516500592
11937	11936	0.138516500592
11937	11938	0.138516500592
11938	11937	0.138516500592
11938	11939	0.138516500592
11939	11938	0.138516500592
11939	11940	0.0613734982908
11939	11957	0.134378001094
11940	11939	0.0613734982908
11940	11941	0.0613734982908
11941	11940	0.0613734982908
11941	11942	0.0613734982908
11942	11941	0.0613734982908
11942	11943	0.0613734982908
11943	11942	0.0613734982908
11943	11944	0.0613734982908
11944	11943	0.0613734982908
11944	11945	0.0613734982908
11945	11944	0.0613734982908
11945	11946	0.0613734982908
11946	11945	0.0613734982908
11946	11947	0.0613734982908
11947	11946	0.0613734982908
11947	11948	0.0613734982908
11948	11947	0.0613734982908
11948	11949	0.0613734982908
11949	11948	0.0613734982908
11949	11950	0.0613734982908
11950	11949	0.0613734982908
11950	11951	0.0613734982908
11951	11950	0.0613734982908
11951	11952	0.0613734982908
11952	11951	0.0613734982908
11952	11953	0.0613734982908
11953	11952	0.0613734982908
11953	11954	0.0613734982908
11954	11953	0.0613734982908
11954	11955	0.0613734982908
11955	11954	0.0613734982908
11955	11956	0.0613734982908
11956	11955	0.0613734982908
11957	11939	0.134378001094
11957	11958	0.134378001094
11958	11957	0.134378001094
11958	11959	0.134378001094
11959	11958	0.134378001094
11959	11960	0.134378001094
11960	11959	0.134378001094
11960	11961	0.134378001094
11961	11960	0.134378001094
11961	11962	0.134378001094
11962	11961	0.134378001094
11962	11963	0.134378001094
11963	11962	0.134378001094
11963	11964	0.134378001094
11964	11963	0.134378001094
11964	11965	0.134378001094
11965	11964	0.134378001094
11965	11966	0.134378001094
11966	11965	0.134378001094
11966	11967	0.134378001094
11967	11966	0.134378001094
11967	11968	0.134378001094
11968	11967	0.134378001094
11968	11969	0.134378001094
11969	11968	0.134378001094
11969	11970	0.113952502608
11969	12066	0.0981955006719
11970	11969	0.113952502608
11970	11971	0.113952502608
11971	11970	0.113952502608
11971	11972	0.113952502608
11972	11971	0.113952502608
11972	11973	0.113952502608
11973	11972	0.113952502608
11973	11974	0.113952502608
11974	11973	0.113952502608
11974	11975	0.113952502608
11975	11974	0.113952502608
11975	11976	0.113952502608
11976	11975	0.113952502608
11976	11977	0.113952502608
11977	11976	0.113952502608
11977	11978	0.113952502608
11978	11977	0.113952502608
11978	11979	0.113952502608
11979	11978	0.113952502608
11979	11980	0.113952502608
11980	11979	0.113952502608
11980	11981	0.113952502608
11981	11980	0.113952502608
11981	11982	0.113952502608
11982	11981	0.113952502608
11982	11983	0.113952502608
11983	11982	0.113952502608
11983	11984	0.113952502608
11984	11983	0.113952502608
11984	11985	0.113952502608
11985	11984	0.113952502608
11985	11986	0.113952502608
11986	11985	0.113952502608
11986	11987	0.113952502608
11987	11986	0.113952502608
11987	11988	0.113952502608
11988	11987	0.113952502608
11988	11989	0.113952502608
11989	11988	0.113952502608
11989	11990	0.094426497817
11989	12032	0.0860759988427
11990	11989	0.094426497817
11990	11991	0.094426497817
11991	11990	0.094426497817
11991	11992	0.094426497817
11992	11991	0.094426497817
11992	11993	0.0899275019765
11992	12029	0.0485870018601
11993	11992	0.0899275019765
11993	11994	0.0899275019765
11994	11993	0.0899275019765
11994	11995	0.0899275019765
11995	11994	0.0899275019765
11995	11996	0.0899275019765
11996	11995	0.0899275019765
11996	11997	0.0899275019765
11997	11996	0.0899275019765
11997	11998	0.0899275019765
11998	11997	0.0899275019765
11998	11999	0.0899275019765
11999	11998	0.0899275019765
11999	12000	0.0899275019765
12000	11999	0.0899275019765
12000	12001	0.0899275019765
12001	12000	0.0899275019765
12001	12002	0.0899275019765
12002	12001	0.0899275019765
12002	12003	0.0899275019765
12003	12002	0.0899275019765
12003	12004	0.0899275019765
12004	12003	0.0899275019765
12004	12005	0.0899275019765
12005	12004	0.0899275019765
12005	12006	0.0899275019765
12006	12005	0.0899275019765
12006	12007	0.0899275019765
12007	12006	0.0899275019765
12007	12008	0.0899275019765
12008	12007	0.0899275019765
12008	12009	0.0899275019765
12009	12008	0.0899275019765
12009	12010	0.0899275019765
12010	12009	0.0899275019765
12010	12011	0.0899275019765
12011	12010	0.0899275019765
12011	12012	0.0899275019765
12012	12011	0.0899275019765
12012	12013	0.0899275019765
12013	12012	0.0899275019765
12013	12014	0.0899275019765
12014	12013	0.0899275019765
12014	12015	0.0899275019765
12015	12014	0.0899275019765
12015	12016	0.0899275019765
12016	12015	0.0899275019765
12016	12017	0.0899275019765
12017	12016	0.0899275019765
12017	12018	0.0899275019765
12018	12017	0.0899275019765
12018	12019	0.0899275019765
12019	12018	0.0899275019765
12019	12020	0.0899275019765
12020	12019	0.0899275019765
12020	12021	0.0899275019765
12021	12020	0.0899275019765
12021	12022	0.0899275019765
12022	12021	0.0899275019765
12022	12023	0.0899275019765
12023	12022	0.0899275019765
12023	12024	0.0899275019765
12024	12023	0.0899275019765
12024	12025	0.0899275019765
12025	12024	0.0899275019765
12025	12026	0.0899275019765
12026	12025	0.0899275019765
12026	12027	0.0899275019765
12027	12026	0.0899275019765
12027	12028	0.0899275019765
12028	12027	0.0899275019765
12029	11992	0.0485870018601
12029	12030	0.0485870018601
12030	12029	0.0485870018601
12030	12031	0.0485870018601
12031	12030	0.0485870018601
12032	11989	0.0860759988427
12032	12033	0.0860759988427
12033	12032	0.0860759988427
12033	12034	0.0860759988427
12034	12033	0.0860759988427
12034	12035	0.0860759988427
12035	12034	0.0860759988427
12035	12036	0.0860759988427
12036	12035	0.0860759988427
12036	12037	0.0860759988427
12037	12036	0.0860759988427
12037	12038	0.0860759988427
12038	12037	0.0860759988427
12038	12039	0.0860759988427
12039	12038	0.0860759988427
12039	12040	0.0860759988427
12040	12039	0.0860759988427
12040	12041	0.0860759988427
12041	12040	0.0860759988427
12041	12042	0.0860759988427
12042	12041	0.0860759988427
12042	12043	0.0860759988427
12043	12042	0.0860759988427
12043	12044	0.0860759988427
12044	12043	0.0860759988427
12044	12045	0.0860759988427
12045	12044	0.0860759988427
12045	12046	0.0860759988427
12046	12045	0.0860759988427
12046	12047	0.0860759988427
12047	12046	0.0860759988427
12047	12048	0.0860759988427
12048	12047	0.0860759988427
12048	12049	0.0860759988427
12049	12048	0.0860759988427
12049	12050	0.0860759988427
12050	12049	0.0860759988427
12050	12051	0.0860759988427
12051	12050	0.0860759988427
12051	12052	0.0860759988427
12052	12051	0.0860759988427
12052	12053	0.0860759988427
12053	12052	0.0860759988427
12053	12054	0.0860759988427
12054	12053	0.0860759988427
12054	12055	0.0860759988427
12055	12054	0.0860759988427
12055	12056	0.0860759988427
12056	12055	0.0860759988427
12056	12057	0.0860759988427
12057	12056	0.0860759988427
12057	12058	0.0860759988427
12058	12057	0.0860759988427
12058	12059	0.0860759988427
12059	12058	0.0860759988427
12059	12060	0.0860759988427
12060	12059	0.0860759988427
12060	12061	0.0860759988427
12061	12060	0.0860759988427
12061	12062	0.0860759988427
12062	12061	0.0860759988427
12062	12063	0.0860759988427
12063	12062	0.0860759988427
12063	12064	0.0860759988427
12064	12063	0.0860759988427
12064	12065	0.0860759988427
12065	12064	0.0860759988427
12066	11969	0.0981955006719
12066	12067	0.0981955006719
12067	12066	0.0981955006719
12067	12068	0.0981955006719
12068	12067	0.0981955006719
12068	12069	0.0981955006719
12069	12068	0.0981955006719
12069	12070	0.0981955006719
12070	12069	0.0981955006719
12070	12071	0.0981955006719
12071	12070	0.0981955006719
12071	12072	0.0981955006719
12072	12071	0.0981955006719
12072	12073	0.0981955006719
12073	12072	0.0981955006719
12073	12074	0.0981955006719
12074	12073	0.0981955006719
12074	12075	0.0981955006719
12075	12074	0.0981955006719
12075	12076	0.0981955006719
12076	12075	0.0981955006719
12076	12077	0.0981955006719
12077	12076	0.0981955006719
12077	12078	0.0981955006719
12078	12077	0.0981955006719
12078	12079	0.0981955006719
12079	12078	0.0981955006719
12079	12080	0.0981955006719
12080	12079	0.0981955006719
12080	12081	0.0634760037065
12080	12091	0.0884115025401
12081	12080	0.0634760037065
12081	12082	0.0634760037065
12082	12081	0.0634760037065
12082	12083	0.0634760037065
12083	12082	0.0634760037065
12083	12084	0.0634760037065
12084	12083	0.0634760037065
12084	12085	0.0634760037065
12085	12084	0.0634760037065
12085	12086	0.0634760037065
12086	12085	0.0634760037065
12086	12087	0.0634760037065
12087	12086	0.0634760037065
12087	12088	0.0634760037065
12088	12087	0.0634760037065
12088	12089	0.0634760037065
12089	12088	0.0634760037065
12089	12090	0.0634760037065
12090	12089	0.0634760037065
12091	12080	0.0884115025401
12091	12092	0.0884115025401
12092	12091	0.0884115025401
12092	12093	0.0884115025401
12093	12092	0.0884115025401
12093	12094	0.0884115025401
12094	12093	0.0884115025401
12094	12095	0.0884115025401
12095	12094	0.0884115025401
12095	12096	0.0884115025401
12096	12095	0.0884115025401
12096	12097	0.0884115025401
12097	12096	0.0884115025401
12097	12098	0.0884115025401
12098	12097	0.0884115025401
12098	12099	0.0884115025401
12099	12098	0.0884115025401
12099	12100	0.0884115025401
12100	12099	0.0884115025401
12100	12101	0.0884115025401
12101	12100	0.0884115025401
12101	12102	0.0884115025401
12102	12101	0.0884115025401
12102	12103	0.0884115025401
12103	12102	0.0884115025401
12103	12104	0.0884115025401
12104	12103	0.0884115025401
12104	12105	0.0884115025401
12105	12104	0.0884115025401
12105	12106	0.0884115025401
12106	12105	0.0884115025401
12106	12107	0.0884115025401
12107	12106	0.0884115025401
12107	12108	0.0884115025401
12108	12107	0.0884115025401
12108	12109	0.0884115025401
12109	12108	0.0884115025401
12109	12110	0.0884115025401
12110	12109	0.0884115025401
12110	12111	0.0884115025401
12111	12110	0.0884115025401
12111	12112	0.0884115025401
12112	12111	0.0884115025401
12112	12113	0.0884115025401
12113	12112	0.0884115025401
12113	12114	0.0884115025401
12114	12113	0.0884115025401
12114	12115	0.0884115025401
12115	12114	0.0884115025401
12115	12116	0.0884115025401
12116	12115	0.0884115025401
12116	12117	0.0884115025401
12117	12116	0.0884115025401
12117	12118	0.0884115025401
12118	12117	0.0884115025401
12118	12119	0.0884115025401
12119	12118	0.0884115025401
12119	12120	0.0884115025401
12120	12119	0.0884115025401
12120	12121	0.0884115025401
12121	12120	0.0884115025401
12121	12122	0.0884115025401
12122	12121	0.0884115025401
12122	12123	0.0884115025401
12123	12122	0.0884115025401
12123	12124	0.0884115025401
12124	12123	0.0884115025401
12124	12125	0.0884115025401
12125	12124	0.0884115025401
12125	12126	0.0884115025401
12126	12125	0.0884115025401
12126	12127	0.0884115025401
12127	12126	0.0884115025401
12127	12128	0.0884115025401
12128	12127	0.0884115025401
12128	12129	0.0884115025401
12129	12128	0.0884115025401
12130	11875	0.101672001183
12130	12131	0.101672001183
12131	12130	0.101672001183
12131	12132	0.101672001183
12132	12131	0.101672001183
12132	12133	0.101672001183
12133	12132	0.101672001183
12133	12134	0.101672001183
12134	12133	0.101672001183
12134	12135	0.101672001183
12135	12134	0.101672001183
12135	12136	0.101672001183
12136	12135	0.101672001183
12136	12137	0.101672001183
12137	12136	0.101672001183
12137	12138	0.101672001183
12138	12137	0.101672001183
12138	12139	0.101672001183
12139	12138	0.101672001183
12139	12140	0.101672001183
12140	12139	0.101672001183
12140	12141	0.101672001183
12141	12140	0.101672001183
12141	12142	0.101672001183
12142	12141	0.101672001183
12142	12143	0.101672001183
12143	12142	0.101672001183
12143	12144	0.101672001183
12144	12143	0.101672001183
12144	12145	0.101672001183
12145	12144	0.101672001183
12145	12146	0.101672001183
12146	12145	0.101672001183
12146	12147	0.101672001183
12147	12146	0.101672001183
12147	12148	0.101672001183
12148	12147	0.101672001183
12148	12149	0.101672001183
12149	12148	0.101672001183
12149	12150	0.101672001183
12150	12149	0.101672001183
12150	12151	0.101672001183
12151	12150	0.101672001183
12151	12152	0.101672001183
12152	12151	0.101672001183
12152	12153	0.0757289975882
12152	12190	0.0851190015674
12153	12152	0.0757289975882
12153	12154	0.0757289975882
12154	12153	0.0757289975882
12154	12155	0.0757289975882
12155	12154	0.0757289975882
12155	12156	0.0757289975882
12156	12155	0.0757289975882
12156	12157	0.0757289975882
12157	12156	0.0757289975882
12157	12158	0.0757289975882
12158	12157	0.0757289975882
12158	12159	0.0757289975882
12159	12158	0.0757289975882
12159	12160	0.0757289975882
12160	12159	0.0757289975882
12160	12161	0.0757289975882
12161	12160	0.0757289975882
12161	12162	0.0757289975882
12162	12161	0.0757289975882
12162	12163	0.0757289975882
12163	12162	0.0757289975882
12163	12164	0.0757289975882
12164	12163	0.0757289975882
12164	12165	0.0757289975882
12165	12164	0.0757289975882
12165	12166	0.0757289975882
12166	12165	0.0757289975882
12166	12167	0.0757289975882
12167	12166	0.0757289975882
12167	12168	0.0757289975882
12168	12167	0.0757289975882
12168	12169	0.0757289975882
12169	12168	0.0757289975882
12169	12170	0.0757289975882
12170	12169	0.0757289975882
12170	12171	0.0757289975882
12171	12170	0.0757289975882
12171	12172	0.0757289975882
12172	12171	0.0757289975882
12172	12173	0.0757289975882
12173	12172	0.0757289975882
12173	12174	0.0757289975882
12174	12173	0.0757289975882
12174	12175	0.0757289975882
12175	12174	0.0757289975882
12175	12176	0.0757289975882
12176	12175	0.0757289975882
12176	12177	0.0757289975882
12177	12176	0.0757289975882
12177	12178	0.0757289975882
12178	12177	0.0757289975882
12178	12179	0.0757289975882
12179	12178	0.0757289975882
12179	12180	0.0757289975882
12180	12179	0.0757289975882
12180	12181	0.0757289975882
12181	12180	0.0757289975882
12181	12182	0.0757289975882
12182	12181	0.0757289975882
12182	12183	0.0757289975882
12183	12182	0.0757289975882
12183	12184	0.0757289975882
12184	12183	0.0757289975882
12184	12185	0.0757289975882
12185	12184	0.0757289975882
12185	12186	0.0757289975882
12186	12185	0.0757289975882
12186	12187	0.0757289975882
12187	12186	0.0757289975882
12187	12188	0.0757289975882
12188	12187	0.0757289975882
12188	12189	0.0757289975882
12189	12188	0.0757289975882
12190	12152	0.0851190015674
12190	12191	0.0851190015674
12191	12190	0.0851190015674
12191	12192	0.0851190015674
12192	12191	0.0851190015674
12192	12193	0.0851190015674
12193	12192	0.0851190015674
12193	12194	0.0851190015674
12194	12193	0.0851190015674
12194	12195	0.0480845011771
12194	12200	0.0796620026231
12195	12194	0.0480845011771
12195	12196	0.0480845011771
12196	12195	0.0480845011771
12196	12197	0.0480845011771
12197	12196	0.0480845011771
12197	12198	0.0480845011771
12198	12197	0.0480845011771
12198	12199	0.0480845011771
12199	12198	0.0480845011771
12200	12194	0.0796620026231
12200	12201	0.0796620026231
12201	12200	0.0796620026231
12201	12202	0.0796620026231
12202	12201	0.0796620026231
12202	12203	0.0796620026231
12203	12202	0.0796620026231
12203	12204	0.0796620026231
12204	12203	0.0796620026231
12204	12205	0.0796620026231
12205	12204	0.0796620026231
12205	12206	0.0796620026231
12206	12205	0.0796620026231
12206	12207	0.0796620026231
12207	12206	0.0796620026231
12207	12208	0.0796620026231
12208	12207	0.0796620026231
12208	12209	0.0796620026231
12209	12208	0.0796620026231
12209	12210	0.0796620026231
12210	12209	0.0796620026231
12210	12211	0.0796620026231
12211	12210	0.0796620026231
12211	12212	0.0796620026231
12212	12211	0.0796620026231
12212	12213	0.0796620026231
12213	12212	0.0796620026231
12213	12214	0.0796620026231
12214	12213	0.0796620026231
12214	12215	0.0796620026231
12215	12214	0.0796620026231
12215	12216	0.0796620026231
12216	12215	0.0796620026231
12216	12217	0.0796620026231
12217	12216	0.0796620026231
12217	12218	0.0796620026231
12218	12217	0.0796620026231
12218	12219	0.0796620026231
12219	12218	0.0796620026231
12219	12220	0.0796620026231
12220	12219	0.0796620026231
12220	12221	0.0796620026231
12221	12220	0.0796620026231
12221	12222	0.0796620026231
12222	12221	0.0796620026231
12222	12223	0.0796620026231
12223	12222	0.0796620026231
12223	12224	0.0796620026231
12224	12223	0.0796620026231
12224	12225	0.0796620026231
12225	12224	0.0796620026231
12225	12226	0.0796620026231
12226	12225	0.0796620026231
12226	12227	0.0796620026231
12227	12226	0.0796620026231
12227	12228	0.0796620026231
12228	12227	0.0796620026231
12228	12229	0.0796620026231
12229	12228	0.0796620026231
12229	12230	0.0796620026231
12230	12229	0.0796620026231
12230	12231	0.0796620026231
12231	12230	0.0796620026231
12231	12232	0.0796620026231
12232	12231	0.0796620026231
12232	12233	0.0796620026231
12233	12232	0.0796620026231
12233	12234	0.0796620026231
12234	12233	0.0796620026231
12234	12235	0.0796620026231
12235	12234	0.0796620026231
12235	12236	0.0796620026231
12236	12235	0.0796620026231
12236	12237	0.0796620026231
12237	12236	0.0796620026231
12238	11850	0.0572349987924
12238	12239	0.0572349987924
12239	12238	0.0572349987924
12239	12240	0.0572349987924
12240	12239	0.0572349987924
12240	12241	0.0572349987924
12241	12240	0.0572349987924
12241	12242	0.0572349987924
12242	12241	0.0572349987924
12242	12243	0.0572349987924
12243	12242	0.0572349987924
12243	12244	0.0572349987924
12244	12243	0.0572349987924
12244	12245	0.0572349987924
12245	12244	0.0572349987924
12245	12246	0.0572349987924
12246	12245	0.0572349987924
12246	12247	0.0572349987924
12247	12246	0.0572349987924
12247	12248	0.0572349987924
12248	12247	0.0572349987924
12248	12249	0.0572349987924
12249	12248	0.0572349987924
12249	12250	0.0572349987924
12250	12249	0.0572349987924
12250	12251	0.0572349987924
12251	12250	0.0572349987924
12251	12252	0.0572349987924
12252	12251	0.0572349987924
12252	12253	0.0572349987924
12253	12252	0.0572349987924
12253	12254	0.0572349987924
12254	12253	0.0572349987924
12254	12255	0.0572349987924
12255	12254	0.0572349987924
12255	12256	0.0572349987924
12256	12255	0.0572349987924
12256	12257	0.0572349987924
12257	12256	0.0572349987924
12257	12258	0.0572349987924
12258	12257	0.0572349987924
12258	12259	0.0572349987924
12259	12258	0.0572349987924
12259	12260	0.0572349987924
12260	12259	0.0572349987924
12260	12261	0.0572349987924
12261	12260	0.0572349987924
12262	11615	0.0549914985895
12262	12263	0.0549914985895
12263	12262	0.0549914985895
12263	12264	0.0549914985895
12264	12263	0.0549914985895
12264	12265	0.0549914985895
12265	12264	0.0549914985895
12265	12266	0.0549914985895
12266	12265	0.0549914985895
12266	12267	0.0549914985895
12267	12266	0.0549914985895
12267	12268	0.0549914985895
12268	12267	0.0549914985895
12268	12269	0.0549914985895
12269	12268	0.0549914985895
12269	12270	0.0549914985895
12270	12269	0.0549914985895
12270	12271	0.0549914985895
12271	12270	0.0549914985895
12271	12272	0.0549914985895
12272	12271	0.0549914985895
12272	12273	0.0549914985895
12273	12272	0.0549914985895
12273	12274	0.0549914985895
12274	12273	0.0549914985895
12274	12275	0.0549914985895
12275	12274	0.0549914985895
12275	12276	0.0549914985895
12276	12275	0.0549914985895
12276	12277	0.0549914985895
12277	12276	0.0549914985895
12277	12278	0.0549914985895
12278	12277	0.0549914985895
12278	12279	0.0549914985895
12279	12278	0.0549914985895
12279	12280	0.0549914985895
12280	12279	0.0549914985895
12280	12281	0.0549914985895
12281	12280	0.0549914985895
12281	12282	0.0549914985895
12282	12281	0.0549914985895
12282	12283	0.0549914985895
12283	12282	0.0549914985895
12283	12284	0.0549914985895
12284	12283	0.0549914985895
12284	12285	0.0549914985895
12285	12284	0.0549914985895
12285	12286	0.0549914985895
12286	12285	0.0549914985895
12287	11578	0.0565274991095
12287	12288	0.0565274991095
12288	12287	0.0565274991095
12288	12289	0.0565274991095
12289	12288	0.0565274991095
12289	12290	0.0565274991095
12290	12289	0.0565274991095
12290	12291	0.0565274991095
12291	12290	0.0565274991095
12291	12292	0.0565274991095
12292	12291	0.0565274991095
12292	12293	0.0565274991095
12293	12292	0.0565274991095
12293	12294	0.0565274991095
12294	12293	0.0565274991095
12294	12295	0.0565274991095
12295	12294	0.0565274991095
12295	12296	0.0565274991095
12296	12295	0.0565274991095
12296	12297	0.0565274991095
12297	12296	0.0565274991095
12297	12298	0.0565274991095
12298	12297	0.0565274991095
12298	12299	0.0565274991095
12299	12298	0.0565274991095
12299	12300	0.0565274991095
12300	12299	0.0565274991095
12300	12301	0.0565274991095
12301	12300	0.0565274991095
12301	12302	0.0565274991095
12302	12301	0.0565274991095
12302	12303	0.0565274991095
12303	12302	0.0565274991095
12303	12304	0.0565274991095
12304	12303	0.0565274991095
12304	12305	0.0565274991095
12305	12304	0.0565274991095
12305	12306	0.0565274991095
12306	12305	0.0565274991095
12306	12307	0.0565274991095
12307	12306	0.0565274991095
12307	12308	0.0565274991095
12308	12307	0.0565274991095
12308	12309	0.0565274991095
12309	12308	0.0565274991095
12309	12310	0.0565274991095
12310	12309	0.0565274991095
12310	12311	0.0565274991095
12311	12310	0.0565274991095
12311	12312	0.0565274991095
12312	12311	0.0565274991095
12312	12313	0.0565274991095
12313	12312	0.0565274991095
12313	12314	0.0565274991095
12314	12313	0.0565274991095
12314	12315	0.0565274991095
12315	12314	0.0565274991095
12315	12316	0.0565274991095
12316	12315	0.0565274991095
12316	12317	0.0565274991095
12317	12316	0.0565274991095
12318	11417	0.146155506372
12318	12319	0.146155506372
12319	12318	0.146155506372
12319	12320	0.146155506372
12320	12319	0.146155506372
12320	12321	0.146155506372
12321	12320	0.146155506372
12321	12322	0.146155506372
12322	12321	0.146155506372
12322	12323	0.146155506372
12323	12322	0.146155506372
12323	12324	0.146155506372
12324	12323	0.146155506372
12324	12325	0.146155506372
12325	12324	0.146155506372
12325	12326	0.146155506372
12326	12325	0.146155506372
12326	12327	0.146155506372
12327	12326	0.146155506372
12327	12328	0.146155506372
12328	12327	0.146155506372
12328	12329	0.146155506372
12329	12328	0.146155506372
12329	12330	0.146155506372
12330	12329	0.146155506372
12330	12331	0.146155506372
12331	12330	0.146155506372
12331	12332	0.146155506372
12332	12331	0.146155506372
12332	12333	0.146155506372
12333	12332	0.146155506372
12333	12334	0.146155506372
12334	12333	0.146155506372
12334	12335	0.146155506372
12335	12334	0.146155506372
12335	12336	0.146155506372
12336	12335	0.146155506372
12336	12337	0.146155506372
12337	12336	0.146155506372
12337	12338	0.146155506372
12338	12337	0.146155506372
12338	12339	0.146155506372
12339	12338	0.146155506372
12339	12340	0.146155506372
12340	12339	0.146155506372
12340	12341	0.145444497466
12340	12800	0.0356554985046
12341	12340	0.145444497466
12341	12342	0.145444497466
12342	12341	0.145444497466
12342	12343	0.145444497466
12343	12342	0.145444497466
12343	12344	0.145444497466
12344	12343	0.145444497466
12344	12345	0.145444497466
12345	12344	0.145444497466
12345	12346	0.145444497466
12346	12345	0.145444497466
12346	12347	0.145444497466
12347	12346	0.145444497466
12347	12348	0.145444497466
12348	12347	0.145444497466
12348	12349	0.145444497466
12349	12348	0.145444497466
12349	12350	0.145444497466
12350	12349	0.145444497466
12350	12351	0.145444497466
12351	12350	0.145444497466
12351	12352	0.145444497466
12352	12351	0.145444497466
12352	12353	0.145444497466
12353	12352	0.145444497466
12353	12354	0.145444497466
12354	12353	0.145444497466
12354	12355	0.145444497466
12355	12354	0.145444497466
12355	12356	0.145444497466
12356	12355	0.145444497466
12356	12357	0.145444497466
12357	12356	0.145444497466
12357	12358	0.145444497466
12358	12357	0.145444497466
12358	12359	0.145444497466
12359	12358	0.145444497466
12359	12360	0.145444497466
12360	12359	0.145444497466
12360	12361	0.145444497466
12361	12360	0.145444497466
12361	12362	0.145444497466
12362	12361	0.145444497466
12362	12363	0.145444497466
12363	12362	0.145444497466
12363	12364	0.145444497466
12364	12363	0.145444497466
12364	12365	0.145444497466
12365	12364	0.145444497466
12365	12366	0.145444497466
12366	12365	0.145444497466
12366	12367	0.0666270032525
12366	12421	0.140626505017
12367	12366	0.0666270032525
12367	12368	0.0666270032525
12368	12367	0.0666270032525
12368	12369	0.0666270032525
12369	12368	0.0666270032525
12369	12370	0.0666270032525
12370	12369	0.0666270032525
12370	12371	0.0666270032525
12371	12370	0.0666270032525
12371	12372	0.0666270032525
12372	12371	0.0666270032525
12372	12373	0.0666270032525
12373	12372	0.0666270032525
12373	12374	0.0666270032525
12374	12373	0.0666270032525
12374	12375	0.0666270032525
12375	12374	0.0666270032525
12375	12376	0.0666270032525
12376	12375	0.0666270032525
12376	12377	0.0666270032525
12377	12376	0.0666270032525
12377	12378	0.0666270032525
12378	12377	0.0666270032525
12378	12379	0.0666270032525
12379	12378	0.0666270032525
12379	12380	0.0666270032525
12380	12379	0.0666270032525
12380	12381	0.0666270032525
12381	12380	0.0666270032525
12381	12382	0.0666270032525
12382	12381	0.0666270032525
12382	12383	0.0666270032525
12383	12382	0.0666270032525
12383	12384	0.0666270032525
12384	12383	0.0666270032525
12384	12385	0.0666270032525
12385	12384	0.0666270032525
12385	12386	0.0666270032525
12386	12385	0.0666270032525
12386	12387	0.0666270032525
12387	12386	0.0666270032525
12387	12388	0.0666270032525
12388	12387	0.0666270032525
12388	12389	0.0666270032525
12389	12388	0.0666270032525
12389	12390	0.0666270032525
12390	12389	0.0666270032525
12390	12391	0.0666270032525
12391	12390	0.0666270032525
12391	12392	0.0666270032525
12392	12391	0.0666270032525
12392	12393	0.0666270032525
12393	12392	0.0666270032525
12393	12394	0.0666270032525
12394	12393	0.0666270032525
12394	12395	0.0666270032525
12395	12394	0.0666270032525
12395	12396	0.0666270032525
12396	12395	0.0666270032525
12396	12397	0.0666270032525
12397	12396	0.0666270032525
12397	12398	0.0666270032525
12398	12397	0.0666270032525
12398	12399	0.0666270032525
12399	12398	0.0666270032525
12399	12400	0.0666270032525
12400	12399	0.0666270032525
12400	12401	0.0666270032525
12401	12400	0.0666270032525
12401	12402	0.0666270032525
12402	12401	0.0666270032525
12402	12403	0.0666270032525
12403	12402	0.0666270032525
12403	12404	0.0666270032525
12404	12403	0.0666270032525
12404	12405	0.0666270032525
12405	12404	0.0666270032525
12405	12406	0.0666270032525
12406	12405	0.0666270032525
12406	12407	0.0666270032525
12407	12406	0.0666270032525
12407	12408	0.0666270032525
12408	12407	0.0666270032525
12408	12409	0.0666270032525
12409	12408	0.0666270032525
12409	12410	0.0666270032525
12410	12409	0.0666270032525
12410	12411	0.0666270032525
12411	12410	0.0666270032525
12411	12412	0.0666270032525
12412	12411	0.0666270032525
12412	12413	0.0666270032525
12413	12412	0.0666270032525
12413	12414	0.0666270032525
12414	12413	0.0666270032525
12414	12415	0.0666270032525
12415	12414	0.0666270032525
12415	12416	0.0666270032525
12416	12415	0.0666270032525
12416	12417	0.0666270032525
12417	12416	0.0666270032525
12417	12418	0.0666270032525
12418	12417	0.0666270032525
12418	12419	0.0666270032525
12419	12418	0.0666270032525
12419	12420	0.0666270032525
12420	12419	0.0666270032525
12421	12366	0.140626505017
12421	12422	0.140626505017
12422	12421	0.140626505017
12422	12423	0.140626505017
12423	12422	0.140626505017
12423	12424	0.140626505017
12424	12423	0.140626505017
12424	12425	0.140626505017
12425	12424	0.140626505017
12425	12426	0.140626505017
12426	12425	0.140626505017
12426	12427	0.140626505017
12427	12426	0.140626505017
12427	12428	0.140626505017
12428	12427	0.140626505017
12428	12429	0.120725996792
12428	12651	0.100709497929
12429	12428	0.120725996792
12429	12430	0.120725996792
12430	12429	0.120725996792
12430	12431	0.120725996792
12431	12430	0.120725996792
12431	12432	0.120725996792
12432	12431	0.120725996792
12432	12433	0.120725996792
12433	12432	0.120725996792
12433	12434	0.120725996792
12434	12433	0.120725996792
12434	12435	0.120725996792
12435	12434	0.120725996792
12435	12436	0.120725996792
12436	12435	0.120725996792
12436	12437	0.116680502892
12436	12629	0.0555079989135
12437	12436	0.116680502892
12437	12438	0.116680502892
12438	12437	0.116680502892
12438	12439	0.116680502892
12439	12438	0.116680502892
12439	12440	0.116680502892
12440	12439	0.116680502892
12440	12441	0.116680502892
12441	12440	0.116680502892
12441	12442	0.116680502892
12442	12441	0.116680502892
12442	12443	0.116680502892
12443	12442	0.116680502892
12443	12444	0.116680502892
12444	12443	0.116680502892
12444	12445	0.116680502892
12445	12444	0.116680502892
12445	12446	0.116680502892
12446	12445	0.116680502892
12446	12447	0.116680502892
12447	12446	0.116680502892
12447	12448	0.116680502892
12448	12447	0.116680502892
12448	12449	0.116680502892
12449	12448	0.116680502892
12449	12450	0.116680502892
12450	12449	0.116680502892
12450	12451	0.116680502892
12451	12450	0.116680502892
12451	12452	0.116680502892
12452	12451	0.116680502892
12452	12453	0.0790205001831
12452	12508	0.103074498475
12453	12452	0.0790205001831
12453	12454	0.0790205001831
12454	12453	0.0790205001831
12454	12455	0.0790205001831
12455	12454	0.0790205001831
12455	12456	0.0790205001831
12456	12455	0.0790205001831
12456	12457	0.0790205001831
12457	12456	0.0790205001831
12457	12458	0.0790205001831
12458	12457	0.0790205001831
12458	12459	0.0790205001831
12459	12458	0.0790205001831
12459	12460	0.0790205001831
12460	12459	0.0790205001831
12460	12461	0.0790205001831
12461	12460	0.0790205001831
12461	12462	0.0790205001831
12462	12461	0.0790205001831
12462	12463	0.07308550179
12462	12502	0.0468804985285
12463	12462	0.07308550179
12463	12464	0.07308550179
12464	12463	0.07308550179
12464	12465	0.07308550179
12465	12464	0.07308550179
12465	12466	0.07308550179
12466	12465	0.07308550179
12466	12467	0.07308550179
12467	12466	0.07308550179
12467	12468	0.07308550179
12468	12467	0.07308550179
12468	12469	0.07308550179
12469	12468	0.07308550179
12469	12470	0.07308550179
12470	12469	0.07308550179
12470	12471	0.07308550179
12471	12470	0.07308550179
12471	12472	0.07308550179
12472	12471	0.07308550179
12472	12473	0.07308550179
12473	12472	0.07308550179
12473	12474	0.07308550179
12474	12473	0.07308550179
12474	12475	0.07308550179
12475	12474	0.07308550179
12475	12476	0.07308550179
12476	12475	0.07308550179
12476	12477	0.07308550179
12477	12476	0.07308550179
12477	12478	0.07308550179
12478	12477	0.07308550179
12478	12479	0.07308550179
12479	12478	0.07308550179
12479	12480	0.07308550179
12480	12479	0.07308550179
12480	12481	0.07308550179
12481	12480	0.07308550179
12481	12482	0.07308550179
12482	12481	0.07308550179
12482	12483	0.07308550179
12483	12482	0.07308550179
12483	12484	0.07308550179
12484	12483	0.07308550179
12484	12485	0.07308550179
12485	12484	0.07308550179
12485	12486	0.07308550179
12486	12485	0.07308550179
12486	12487	0.07308550179
12487	12486	0.07308550179
12487	12488	0.07308550179
12488	12487	0.07308550179
12488	12489	0.07308550179
12489	12488	0.07308550179
12489	12490	0.07308550179
12490	12489	0.07308550179
12490	12491	0.07308550179
12491	12490	0.07308550179
12491	12492	0.07308550179
12492	12491	0.07308550179
12492	12493	0.07308550179
12493	12492	0.07308550179
12493	12494	0.07308550179
12494	12493	0.07308550179
12494	12495	0.07308550179
12495	12494	0.07308550179
12495	12496	0.07308550179
12496	12495	0.07308550179
12496	12497	0.07308550179
12497	12496	0.07308550179
12497	12498	0.07308550179
12498	12497	0.07308550179
12498	12499	0.07308550179
12499	12498	0.07308550179
12499	12500	0.07308550179
12500	12499	0.07308550179
12500	12501	0.07308550179
12501	12500	0.07308550179
12502	12462	0.0468804985285
12502	12503	0.0468804985285
12503	12502	0.0468804985285
12503	12504	0.0468804985285
12504	12503	0.0468804985285
12504	12505	0.0468804985285
12505	12504	0.0468804985285
12505	12506	0.0468804985285
12506	12505	0.0468804985285
12506	12507	0.0468804985285
12507	12506	0.0468804985285
12508	12452	0.103074498475
12508	12509	0.103074498475
12509	12508	0.103074498475
12509	12510	0.103074498475
12510	12509	0.103074498475
12510	12511	0.103074498475
12511	12510	0.103074498475
12511	12512	0.103074498475
12512	12511	0.103074498475
12512	12513	0.103074498475
12513	12512	0.103074498475
12513	12514	0.103074498475
12514	12513	0.103074498475
12514	12515	0.103074498475
12515	12514	0.103074498475
12515	12516	0.103074498475
12516	12515	0.103074498475
12516	12517	0.103074498475
12517	12516	0.103074498475
12517	12518	0.103074498475
12518	12517	0.103074498475
12518	12519	0.103074498475
12519	12518	0.103074498475
12519	12520	0.103074498475
12520	12519	0.103074498475
12520	12521	0.103074498475
12521	12520	0.103074498475
12521	12522	0.103074498475
12522	12521	0.103074498475
12522	12523	0.103074498475
12523	12522	0.103074498475
12523	12524	0.103074498475
12524	12523	0.103074498475
12524	12525	0.103074498475
12525	12524	0.103074498475
12525	12526	0.103074498475
12526	12525	0.103074498475
12526	12527	0.103074498475
12527	12526	0.103074498475
12527	12528	0.0649000033736
12527	12552	0.0936655029655
12528	12527	0.0649000033736
12528	12529	0.0649000033736
12529	12528	0.0649000033736
12529	12530	0.0649000033736
12530	12529	0.0649000033736
12530	12531	0.0649000033736
12531	12530	0.0649000033736
12531	12532	0.0649000033736
12532	12531	0.0649000033736
12532	12533	0.0649000033736
12533	12532	0.0649000033736
12533	12534	0.0649000033736
12534	12533	0.0649000033736
12534	12535	0.0649000033736
12535	12534	0.0649000033736
12535	12536	0.0649000033736
12536	12535	0.0649000033736
12536	12537	0.0649000033736
12537	12536	0.0649000033736
12537	12538	0.0649000033736
12538	12537	0.0649000033736
12538	12539	0.0649000033736
12539	12538	0.0649000033736
12539	12540	0.0649000033736
12540	12539	0.0649000033736
12540	12541	0.0649000033736
12541	12540	0.0649000033736
12541	12542	0.0649000033736
12542	12541	0.0649000033736
12542	12543	0.0649000033736
12543	12542	0.0649000033736
12543	12544	0.0649000033736
12544	12543	0.0649000033736
12544	12545	0.0649000033736
12545	12544	0.0649000033736
12545	12546	0.0649000033736
12546	12545	0.0649000033736
12546	12547	0.0649000033736
12547	12546	0.0649000033736
12547	12548	0.0649000033736
12548	12547	0.0649000033736
12548	12549	0.0649000033736
12549	12548	0.0649000033736
12549	12550	0.0649000033736
12550	12549	0.0649000033736
12550	12551	0.0649000033736
12551	12550	0.0649000033736
12552	12527	0.0936655029655
12552	12553	0.0936655029655
12553	12552	0.0936655029655
12553	12554	0.0936655029655
12554	12553	0.0936655029655
12554	12555	0.0936655029655
12555	12554	0.0936655029655
12555	12556	0.0936655029655
12556	12555	0.0936655029655
12556	12557	0.0936655029655
12557	12556	0.0936655029655
12557	12558	0.0936655029655
12558	12557	0.0936655029655
12558	12559	0.0936655029655
12559	12558	0.0936655029655
12559	12560	0.0795314982533
12559	12605	0.0683050006628
12560	12559	0.0795314982533
12560	12561	0.0795314982533
12561	12560	0.0795314982533
12561	12562	0.0795314982533
12562	12561	0.0795314982533
12562	12563	0.0795314982533
12563	12562	0.0795314982533
12563	12564	0.0795314982533
12564	12563	0.0795314982533
12564	12565	0.0795314982533
12565	12564	0.0795314982533
12565	12566	0.0795314982533
12566	12565	0.0795314982533
12566	12567	0.0795314982533
12567	12566	0.0795314982533
12567	12568	0.0795314982533
12568	12567	0.0795314982533
12568	12569	0.0795314982533
12569	12568	0.0795314982533
12569	12570	0.0795314982533
12570	12569	0.0795314982533
12570	12571	0.0795314982533
12571	12570	0.0795314982533
12571	12572	0.0795314982533
12572	12571	0.0795314982533
12572	12573	0.0795314982533
12573	12572	0.0795314982533
12573	12574	0.0795314982533
12574	12573	0.0795314982533
12574	12575	0.0795314982533
12575	12574	0.0795314982533
12575	12576	0.0795314982533
12576	12575	0.0795314982533
12576	12577	0.0795314982533
12577	12576	0.0795314982533
12577	12578	0.0795314982533
12578	12577	0.0795314982533
12578	12579	0.0795314982533
12579	12578	0.0795314982533
12579	12580	0.0795314982533
12580	12579	0.0795314982533
12580	12581	0.0795314982533
12581	12580	0.0795314982533
12581	12582	0.0795314982533
12582	12581	0.0795314982533
12582	12583	0.0795314982533
12583	12582	0.0795314982533
12583	12584	0.0795314982533
12584	12583	0.0795314982533
12584	12585	0.0795314982533
12585	12584	0.0795314982533
12585	12586	0.0795314982533
12586	12585	0.0795314982533
12586	12587	0.0795314982533
12587	12586	0.0795314982533
12587	12588	0.0795314982533
12588	12587	0.0795314982533
12588	12589	0.0795314982533
12589	12588	0.0795314982533
12589	12590	0.0795314982533
12590	12589	0.0795314982533
12590	12591	0.0795314982533
12591	12590	0.0795314982533
12591	12592	0.0795314982533
12592	12591	0.0795314982533
12592	12593	0.0795314982533
12593	12592	0.0795314982533
12593	12594	0.0795314982533
12594	12593	0.0795314982533
12594	12595	0.0795314982533
12595	12594	0.0795314982533
12595	12596	0.0795314982533
12596	12595	0.0795314982533
12596	12597	0.0795314982533
12597	12596	0.0795314982533
12597	12598	0.0795314982533
12598	12597	0.0795314982533
12598	12599	0.0795314982533
12599	12598	0.0795314982533
12599	12600	0.0795314982533
12600	12599	0.0795314982533
12600	12601	0.0795314982533
12601	12600	0.0795314982533
12601	12602	0.0795314982533
12602	12601	0.0795314982533
12602	12603	0.0795314982533
12603	12602	0.0795314982533
12603	12604	0.0795314982533
12604	12603	0.0795314982533
12605	12559	0.0683050006628
12605	12606	0.0683050006628
12606	12605	0.0683050006628
12606	12607	0.0683050006628
12607	12606	0.0683050006628
12607	12608	0.0683050006628
12608	12607	0.0683050006628
12608	12609	0.0683050006628
12609	12608	0.0683050006628
12609	12610	0.0683050006628
12610	12609	0.0683050006628
12610	12611	0.0683050006628
12611	12610	0.0683050006628
12611	12612	0.0683050006628
12612	12611	0.0683050006628
12612	12613	0.0683050006628
12613	12612	0.0683050006628
12613	12614	0.0683050006628
12614	12613	0.0683050006628
12614	12615	0.0683050006628
12615	12614	0.0683050006628
12615	12616	0.0683050006628
12616	12615	0.0683050006628
12616	12617	0.0683050006628
12617	12616	0.0683050006628
12617	12618	0.0683050006628
12618	12617	0.0683050006628
12618	12619	0.0683050006628
12619	12618	0.0683050006628
12619	12620	0.0683050006628
12620	12619	0.0683050006628
12620	12621	0.0683050006628
12621	12620	0.0683050006628
12621	12622	0.0683050006628
12622	12621	0.0683050006628
12622	12623	0.0683050006628
12623	12622	0.0683050006628
12623	12624	0.0683050006628
12624	12623	0.0683050006628
12624	12625	0.0683050006628
12625	12624	0.0683050006628
12625	12626	0.0683050006628
12626	12625	0.0683050006628
12626	12627	0.0683050006628
12627	12626	0.0683050006628
12627	12628	0.0683050006628
12628	12627	0.0683050006628
12629	12436	0.0555079989135
12629	12630	0.0555079989135
12630	12629	0.0555079989135
12630	12631	0.0555079989135
12631	12630	0.0555079989135
12631	12632	0.0555079989135
12632	12631	0.0555079989135
12632	12633	0.0555079989135
12633	12632	0.0555079989135
12633	12634	0.0555079989135
12634	12633	0.0555079989135
12634	12635	0.0555079989135
12635	12634	0.0555079989135
12635	12636	0.0555079989135
12636	12635	0.0555079989135
12636	12637	0.0555079989135
12637	12636	0.0555079989135
12637	12638	0.0555079989135
12638	12637	0.0555079989135
12638	12639	0.0555079989135
12639	12638	0.0555079989135
12639	12640	0.0555079989135
12640	12639	0.0555079989135
12640	12641	0.0555079989135
12641	12640	0.0555079989135
12641	12642	0.0555079989135
12642	12641	0.0555079989135
12642	12643	0.0555079989135
12643	12642	0.0555079989135
12643	12644	0.0555079989135
12644	12643	0.0555079989135
12644	12645	0.0555079989135
12645	12644	0.0555079989135
12645	12646	0.0555079989135
12646	12645	0.0555079989135
12646	12647	0.0555079989135
12647	12646	0.0555079989135
12647	12648	0.0555079989135
12648	12647	0.0555079989135
12648	12649	0.0555079989135
12649	12648	0.0555079989135
12649	12650	0.0555079989135
12650	12649	0.0555079989135
12651	12428	0.100709497929
12651	12652	0.100709497929
12652	12651	0.100709497929
12652	12653	0.100709497929
12653	12652	0.100709497929
12653	12654	0.100709497929
12654	12653	0.100709497929
12654	12655	0.100709497929
12655	12654	0.100709497929
12655	12656	0.100709497929
12656	12655	0.100709497929
12656	12657	0.100709497929
12657	12656	0.100709497929
12657	12658	0.100709497929
12658	12657	0.100709497929
12658	12659	0.100709497929
12659	12658	0.100709497929
12659	12660	0.100709497929
12660	12659	0.100709497929
12660	12661	0.100709497929
12661	12660	0.100709497929
12661	12662	0.100709497929
12662	12661	0.100709497929
12662	12663	0.100709497929
12663	12662	0.100709497929
12663	12664	0.100709497929
12664	12663	0.100709497929
12664	12665	0.100709497929
12665	12664	0.100709497929
12665	12666	0.100709497929
12666	12665	0.100709497929
12666	12667	0.100709497929
12667	12666	0.100709497929
12667	12668	0.0867685005069
12667	12746	0.0716724991798
12668	12667	0.0867685005069
12668	12669	0.0867685005069
12669	12668	0.0867685005069
12669	12670	0.0867685005069
12670	12669	0.0867685005069
12670	12671	0.0867685005069
12671	12670	0.0867685005069
12671	12672	0.0867685005069
12672	12671	0.0867685005069
12672	12673	0.0867685005069
12673	12672	0.0867685005069
12673	12674	0.0867685005069
12674	12673	0.0867685005069
12674	12675	0.0867685005069
12675	12674	0.0867685005069
12675	12676	0.0867685005069
12676	12675	0.0867685005069
12676	12677	0.0867685005069
12677	12676	0.0867685005069
12677	12678	0.0867685005069
12678	12677	0.0867685005069
12678	12679	0.0867685005069
12679	12678	0.0867685005069
12679	12680	0.0867685005069
12680	12679	0.0867685005069
12680	12681	0.0867685005069
12681	12680	0.0867685005069
12681	12682	0.0867685005069
12682	12681	0.0867685005069
12682	12683	0.0867685005069
12683	12682	0.0867685005069
12683	12684	0.0867685005069
12684	12683	0.0867685005069
12684	12685	0.0867685005069
12685	12684	0.0867685005069
12685	12686	0.0867685005069
12686	12685	0.0867685005069
12686	12687	0.0867685005069
12687	12686	0.0867685005069
12687	12688	0.0867685005069
12688	12687	0.0867685005069
12688	12689	0.0867685005069
12689	12688	0.0867685005069
12689	12690	0.0867685005069
12690	12689	0.0867685005069
12690	12691	0.0867685005069
12691	12690	0.0867685005069
12691	12692	0.0867685005069
12692	12691	0.0867685005069
12692	12693	0.0867685005069
12693	12692	0.0867685005069
12693	12694	0.0566584989429
12693	12705	0.0778255015612
12694	12693	0.0566584989429
12694	12695	0.0566584989429
12695	12694	0.0566584989429
12695	12696	0.0566584989429
12696	12695	0.0566584989429
12696	12697	0.0566584989429
12697	12696	0.0566584989429
12697	12698	0.0566584989429
12698	12697	0.0566584989429
12698	12699	0.0566584989429
12699	12698	0.0566584989429
12699	12700	0.0566584989429
12700	12699	0.0566584989429
12700	12701	0.0566584989429
12701	12700	0.0566584989429
12701	12702	0.0566584989429
12702	12701	0.0566584989429
12702	12703	0.0566584989429
12703	12702	0.0566584989429
12703	12704	0.0566584989429
12704	12703	0.0566584989429
12705	12693	0.0778255015612
12705	12706	0.0778255015612
12706	12705	0.0778255015612
12706	12707	0.0778255015612
12707	12706	0.0778255015612
12707	12708	0.0778255015612
12708	12707	0.0778255015612
12708	12709	0.0778255015612
12709	12708	0.0778255015612
12709	12710	0.0778255015612
12710	12709	0.0778255015612
12710	12711	0.0778255015612
12711	12710	0.0778255015612
12711	12712	0.0778255015612
12712	12711	0.0778255015612
12712	12713	0.0778255015612
12713	12712	0.0778255015612
12713	12714	0.0778255015612
12714	12713	0.0778255015612
12714	12715	0.0778255015612
12715	12714	0.0778255015612
12715	12716	0.0778255015612
12716	12715	0.0778255015612
12716	12717	0.0778255015612
12717	12716	0.0778255015612
12717	12718	0.0778255015612
12718	12717	0.0778255015612
12718	12719	0.0778255015612
12719	12718	0.0778255015612
12719	12720	0.0778255015612
12720	12719	0.0778255015612
12720	12721	0.0778255015612
12721	12720	0.0778255015612
12721	12722	0.0778255015612
12722	12721	0.0778255015612
12722	12723	0.0778255015612
12723	12722	0.0778255015612
12723	12724	0.0778255015612
12724	12723	0.0778255015612
12724	12725	0.0778255015612
12725	12724	0.0778255015612
12725	12726	0.0778255015612
12726	12725	0.0778255015612
12726	12727	0.0778255015612
12727	12726	0.0778255015612
12727	12728	0.0778255015612
12728	12727	0.0778255015612
12728	12729	0.0778255015612
12729	12728	0.0778255015612
12729	12730	0.0778255015612
12730	12729	0.0778255015612
12730	12731	0.0778255015612
12731	12730	0.0778255015612
12731	12732	0.0778255015612
12732	12731	0.0778255015612
12732	12733	0.0778255015612
12733	12732	0.0778255015612
12733	12734	0.0778255015612
12734	12733	0.0778255015612
12734	12735	0.0778255015612
12735	12734	0.0778255015612
12735	12736	0.0778255015612
12736	12735	0.0778255015612
12736	12737	0.0778255015612
12737	12736	0.0778255015612
12737	12738	0.0778255015612
12738	12737	0.0778255015612
12738	12739	0.0778255015612
12739	12738	0.0778255015612
12739	12740	0.0778255015612
12740	12739	0.0778255015612
12740	12741	0.0778255015612
12741	12740	0.0778255015612
12741	12742	0.0778255015612
12742	12741	0.0778255015612
12742	12743	0.0778255015612
12743	12742	0.0778255015612
12743	12744	0.0778255015612
12744	12743	0.0778255015612
12744	12745	0.0778255015612
12745	12744	0.0778255015612
12746	12667	0.0716724991798
12746	12747	0.0716724991798
12747	12746	0.0716724991798
12747	12748	0.0716724991798
12748	12747	0.0716724991798
12748	12749	0.0716724991798
12749	12748	0.0716724991798
12749	12750	0.0716724991798
12750	12749	0.0716724991798
12750	12751	0.0716724991798
12751	12750	0.0716724991798
12751	12752	0.0716724991798
12752	12751	0.0716724991798
12752	12753	0.0716724991798
12753	12752	0.0716724991798
12753	12754	0.0716724991798
12754	12753	0.0716724991798
12754	12755	0.0716724991798
12755	12754	0.0716724991798
12755	12756	0.0716724991798
12756	12755	0.0716724991798
12756	12757	0.0716724991798
12757	12756	0.0716724991798
12757	12758	0.0716724991798
12758	12757	0.0716724991798
12758	12759	0.0716724991798
12759	12758	0.0716724991798
12759	12760	0.0716724991798
12760	12759	0.0716724991798
12760	12761	0.0716724991798
12761	12760	0.0716724991798
12761	12762	0.0716724991798
12762	12761	0.0716724991798
12762	12763	0.0716724991798
12763	12762	0.0716724991798
12763	12764	0.0716724991798
12764	12763	0.0716724991798
12764	12765	0.0716724991798
12765	12764	0.0716724991798
12765	12766	0.0716724991798
12766	12765	0.0716724991798
12766	12767	0.0716724991798
12767	12766	0.0716724991798
12767	12768	0.0716724991798
12768	12767	0.0716724991798
12768	12769	0.0716724991798
12769	12768	0.0716724991798
12769	12770	0.0716724991798
12770	12769	0.0716724991798
12770	12771	0.0716724991798
12771	12770	0.0716724991798
12771	12772	0.0716724991798
12772	12771	0.0716724991798
12772	12773	0.0716724991798
12773	12772	0.0716724991798
12773	12774	0.0716724991798
12774	12773	0.0716724991798
12774	12775	0.0716724991798
12775	12774	0.0716724991798
12775	12776	0.0716724991798
12776	12775	0.0716724991798
12776	12777	0.0716724991798
12777	12776	0.0716724991798
12777	12778	0.0716724991798
12778	12777	0.0716724991798
12778	12779	0.0716724991798
12779	12778	0.0716724991798
12779	12780	0.0716724991798
12780	12779	0.0716724991798
12780	12781	0.0716724991798
12781	12780	0.0716724991798
12781	12782	0.0716724991798
12782	12781	0.0716724991798
12782	12783	0.0716724991798
12783	12782	0.0716724991798
12783	12784	0.0716724991798
12784	12783	0.0716724991798
12784	12785	0.0716724991798
12785	12784	0.0716724991798
12785	12786	0.0716724991798
12786	12785	0.0716724991798
12786	12787	0.0716724991798
12787	12786	0.0716724991798
12787	12788	0.0716724991798
12788	12787	0.0716724991798
12788	12789	0.0716724991798
12789	12788	0.0716724991798
12789	12790	0.0716724991798
12790	12789	0.0716724991798
12790	12791	0.0716724991798
12791	12790	0.0716724991798
12791	12792	0.0716724991798
12792	12791	0.0716724991798
12792	12793	0.0716724991798
12793	12792	0.0716724991798
12793	12794	0.0716724991798
12794	12793	0.0716724991798
12794	12795	0.0716724991798
12795	12794	0.0716724991798
12795	12796	0.0716724991798
12796	12795	0.0716724991798
12796	12797	0.0716724991798
12797	12796	0.0716724991798
12797	12798	0.0716724991798
12798	12797	0.0716724991798
12798	12799	0.0716724991798
12799	12798	0.0716724991798
12800	12340	0.0356554985046
12800	12801	0.0356554985046
12801	12800	0.0356554985046
12801	12802	0.0356554985046
12802	12801	0.0356554985046
12802	12803	0.0356554985046
12803	12802	0.0356554985046
12803	12804	0.0356554985046
12804	12803	0.0356554985046
12805	11405	0.0759159997106
12805	12806	0.0759159997106
12806	12805	0.0759159997106
12806	12807	0.0759159997106
12807	12806	0.0759159997106
12807	12808	0.0759159997106
12808	12807	0.0759159997106
12808	12809	0.0759159997106
12809	12808	0.0759159997106
12809	12810	0.0759159997106
12810	12809	0.0759159997106
12810	12811	0.0759159997106
12811	12810	0.0759159997106
12811	12812	0.0759159997106
12812	12811	0.0759159997106
12812	12813	0.0759159997106
12813	12812	0.0759159997106
12813	12814	0.0759159997106
12814	12813	0.0759159997106
12814	12815	0.0759159997106
12815	12814	0.0759159997106
12815	12816	0.0759159997106
12816	12815	0.0759159997106
12816	12817	0.0759159997106
12817	12816	0.0759159997106
12817	12818	0.0759159997106
12818	12817	0.0759159997106
12818	12819	0.0759159997106
12819	12818	0.0759159997106
12819	12820	0.0759159997106
12820	12819	0.0759159997106
12820	12821	0.0759159997106
12821	12820	0.0759159997106
12821	12822	0.0759159997106
12822	12821	0.0759159997106
12822	12823	0.0759159997106
12823	12822	0.0759159997106
12823	12824	0.0759159997106
12824	12823	0.0759159997106
12824	12825	0.0759159997106
12825	12824	0.0759159997106
12825	12826	0.0759159997106
12826	12825	0.0759159997106
12826	12827	0.0759159997106
12827	12826	0.0759159997106
12827	12828	0.0759159997106
12828	12827	0.0759159997106
12828	12829	0.0759159997106
12829	12828	0.0759159997106
12829	12830	0.0759159997106
12830	12829	0.0759159997106
12830	12831	0.0759159997106
12831	12830	0.0759159997106
12831	12832	0.0759159997106
12832	12831	0.0759159997106
12832	12833	0.0759159997106
12833	12832	0.0759159997106
12833	12834	0.0759159997106
12834	12833	0.0759159997106
12834	12835	0.0759159997106
12835	12834	0.0759159997106
12835	12836	0.0759159997106
12836	12835	0.0759159997106
12836	12837	0.0597580000758
12836	12864	0.0607425011694
12837	12836	0.0597580000758
12837	12838	0.0597580000758
12838	12837	0.0597580000758
12838	12839	0.0597580000758
12839	12838	0.0597580000758
12839	12840	0.0597580000758
12840	12839	0.0597580000758
12840	12841	0.0597580000758
12841	12840	0.0597580000758
12841	12842	0.0597580000758
12842	12841	0.0597580000758
12842	12843	0.0597580000758
12843	12842	0.0597580000758
12843	12844	0.0597580000758
12844	12843	0.0597580000758
12844	12845	0.0597580000758
12845	12844	0.0597580000758
12845	12846	0.0597580000758
12846	12845	0.0597580000758
12846	12847	0.0597580000758
12847	12846	0.0597580000758
12847	12848	0.0597580000758
12848	12847	0.0597580000758
12848	12849	0.0597580000758
12849	12848	0.0597580000758
12849	12850	0.0597580000758
12850	12849	0.0597580000758
12850	12851	0.0597580000758
12851	12850	0.0597580000758
12851	12852	0.0597580000758
12852	12851	0.0597580000758
12852	12853	0.0597580000758
12853	12852	0.0597580000758
12853	12854	0.0597580000758
12854	12853	0.0597580000758
12854	12855	0.0597580000758
12855	12854	0.0597580000758
12855	12856	0.0597580000758
12856	12855	0.0597580000758
12856	12857	0.0597580000758
12857	12856	0.0597580000758
12857	12858	0.0597580000758
12858	12857	0.0597580000758
12858	12859	0.0597580000758
12859	12858	0.0597580000758
12859	12860	0.0597580000758
12860	12859	0.0597580000758
12860	12861	0.0597580000758
12861	12860	0.0597580000758
12861	12862	0.0597580000758
12862	12861	0.0597580000758
12862	12863	0.0597580000758
12863	12862	0.0597580000758
12864	12836	0.0607425011694
12864	12865	0.0607425011694
12865	12864	0.0607425011694
12865	12866	0.0607425011694
12866	12865	0.0607425011694
12866	12867	0.0607425011694
12867	12866	0.0607425011694
12867	12868	0.0607425011694
12868	12867	0.0607425011694
12868	12869	0.0607425011694
12869	12868	0.0607425011694
12869	12870	0.0607425011694
12870	12869	0.0607425011694
12870	12871	0.0607425011694
12871	12870	0.0607425011694
12871	12872	0.0607425011694
12872	12871	0.0607425011694
12872	12873	0.0607425011694
12873	12872	0.0607425011694
12873	12874	0.0607425011694
12874	12873	0.0607425011694
12874	12875	0.0607425011694
12875	12874	0.0607425011694
12875	12876	0.0607425011694
12876	12875	0.0607425011694
12876	12877	0.0607425011694
12877	12876	0.0607425011694
12877	12878	0.0607425011694
12878	12877	0.0607425011694
12878	12879	0.0607425011694
12879	12878	0.0607425011694
12879	12880	0.0607425011694
12880	12879	0.0607425011694
12880	12881	0.0607425011694
12881	12880	0.0607425011694
12881	12882	0.0607425011694
12882	12881	0.0607425011694
12882	12883	0.0607425011694
12883	12882	0.0607425011694
12883	12884	0.0607425011694
12884	12883	0.0607425011694
12884	12885	0.0607425011694
12885	12884	0.0607425011694
12885	12886	0.0607425011694
12886	12885	0.0607425011694
12886	12887	0.0607425011694
12887	12886	0.0607425011694
12887	12888	0.0607425011694
12888	12887	0.0607425011694
12888	12889	0.0607425011694
12889	12888	0.0607425011694
12889	12890	0.0607425011694
12890	12889	0.0607425011694
12890	12891	0.0607425011694
12891	12890	0.0607425011694
12891	12892	0.0607425011694
12892	12891	0.0607425011694
12893	11118	0.0629130005836
12893	12894	0.0629130005836
12894	12893	0.0629130005836
12894	12895	0.0629130005836
12895	12894	0.0629130005836
12895	12896	0.0629130005836
12896	12895	0.0629130005836
12896	12897	0.0629130005836
12897	12896	0.0629130005836
12897	12898	0.0629130005836
12898	12897	0.0629130005836
12898	12899	0.0629130005836
12899	12898	0.0629130005836
12899	12900	0.0629130005836
12900	12899	0.0629130005836
12900	12901	0.0629130005836
12901	12900	0.0629130005836
12901	12902	0.0629130005836
12902	12901	0.0629130005836
12902	12903	0.0629130005836
12903	12902	0.0629130005836
12903	12904	0.0629130005836
12904	12903	0.0629130005836
12904	12905	0.0629130005836
12905	12904	0.0629130005836
12905	12906	0.0629130005836
12906	12905	0.0629130005836
12906	12907	0.0629130005836
12907	12906	0.0629130005836
12907	12908	0.0629130005836
12908	12907	0.0629130005836
12908	12909	0.0629130005836
12909	12908	0.0629130005836
12909	12910	0.0629130005836
12910	12909	0.0629130005836
12910	12911	0.0629130005836
12911	12910	0.0629130005836
12911	12912	0.0629130005836
12912	12911	0.0629130005836
12912	12913	0.0629130005836
12913	12912	0.0629130005836
12913	12914	0.0629130005836
12914	12913	0.0629130005836
12914	12915	0.0629130005836
12915	12914	0.0629130005836
12915	12916	0.0629130005836
12916	12915	0.0629130005836
12916	12917	0.0629130005836
12917	12916	0.0629130005836
12917	12918	0.0629130005836
12918	12917	0.0629130005836
12918	12919	0.0629130005836
12919	12918	0.0629130005836
12919	12920	0.0629130005836
12920	12919	0.0629130005836
12920	12921	0.0629130005836
12921	12920	0.0629130005836
12921	12922	0.0629130005836
12922	12921	0.0629130005836
12922	12923	0.0629130005836
12923	12922	0.0629130005836
12923	12924	0.0629130005836
12924	12923	0.0629130005836
12924	12925	0.0629130005836
12925	12924	0.0629130005836
12925	12926	0.0629130005836
12926	12925	0.0629130005836
12926	12927	0.0629130005836
12927	12926	0.0629130005836
12927	12928	0.0629130005836
12928	12927	0.0629130005836
12928	12929	0.0629130005836
12929	12928	0.0629130005836
12929	12930	0.0629130005836
12930	12929	0.0629130005836
12930	12931	0.0629130005836
12931	12930	0.0629130005836
12931	12932	0.0629130005836
12932	12931	0.0629130005836
12932	12933	0.0629130005836
12933	12932	0.0629130005836
12933	12934	0.0629130005836
12934	12933	0.0629130005836
12934	12935	0.0629130005836
12935	12934	0.0629130005836
12935	12936	0.0629130005836
12936	12935	0.0629130005836
12936	12937	0.0629130005836
12937	12936	0.0629130005836
12937	12938	0.0629130005836
12938	12937	0.0629130005836
12938	12939	0.0629130005836
12939	12938	0.0629130005836
12939	12940	0.0629130005836
12940	12939	0.0629130005836
12940	12941	0.0629130005836
12941	12940	0.0629130005836
12941	12942	0.0629130005836
12942	12941	0.0629130005836
12942	12943	0.0629130005836
12943	12942	0.0629130005836
12943	12944	0.0629130005836
12944	12943	0.0629130005836
12944	12945	0.0629130005836
12945	12944	0.0629130005836
12945	12946	0.0629130005836
12946	12945	0.0629130005836
12946	12947	0.0629130005836
12947	12946	0.0629130005836
12947	12948	0.0629130005836
12948	12947	0.0629130005836
12948	12949	0.0629130005836
12949	12948	0.0629130005836
12949	12950	0.0629130005836
12950	12949	0.0629130005836
12950	12951	0.0629130005836
12951	12950	0.0629130005836
12951	12952	0.0629130005836
12952	12951	0.0629130005836
12952	12953	0.0629130005836
12953	12952	0.0629130005836
12953	12954	0.0629130005836
12954	12953	0.0629130005836
12954	12955	0.0629130005836
12955	12954	0.0629130005836
12955	12956	0.0629130005836
12956	12955	0.0629130005836
12956	12957	0.0629130005836
12957	12956	0.0629130005836
12957	12958	0.0629130005836
12958	12957	0.0629130005836
12958	12959	0.0629130005836
12959	12958	0.0629130005836
12959	12960	0.0629130005836
12960	12959	0.0629130005836
12960	12961	0.0629130005836
12961	12960	0.0629130005836
12961	12962	0.0629130005836
12962	12961	0.0629130005836
12962	12963	0.0629130005836
12963	12962	0.0629130005836
12963	12964	0.0629130005836
12964	12963	0.0629130005836
12964	12965	0.0629130005836
12965	12964	0.0629130005836
12966	10958	0.084704503417
12966	12967	0.084704503417
12967	12966	0.084704503417
12967	12968	0.084704503417
12968	12967	0.084704503417
12968	12969	0.084704503417
12969	12968	0.084704503417
12969	12970	0.084704503417
12970	12969	0.084704503417
12970	12971	0.084704503417
12971	12970	0.084704503417
12971	12972	0.084704503417
12972	12971	0.084704503417
12972	12973	0.084704503417
12973	12972	0.084704503417
12973	12974	0.084704503417
12974	12973	0.084704503417
12974	12975	0.084704503417
12975	12974	0.084704503417
12975	12976	0.084704503417
12976	12975	0.084704503417
12976	12977	0.084704503417
12977	12976	0.084704503417
12977	12978	0.084704503417
12978	12977	0.084704503417
12978	12979	0.084704503417
12979	12978	0.084704503417
12979	12980	0.084704503417
12980	12979	0.084704503417
12980	12981	0.084704503417
12981	12980	0.084704503417
12981	12982	0.084704503417
12982	12981	0.084704503417
12982	12983	0.084704503417
12983	12982	0.084704503417
12983	12984	0.084704503417
12984	12983	0.084704503417
12984	12985	0.084704503417
12985	12984	0.084704503417
12985	12986	0.084704503417
12986	12985	0.084704503417
12986	12987	0.084704503417
12987	12986	0.084704503417
12987	12988	0.084704503417
12988	12987	0.084704503417
12988	12989	0.061672501266
12988	13029	0.071994997561
12989	12988	0.061672501266
12989	12990	0.061672501266
12990	12989	0.061672501266
12990	12991	0.061672501266
12991	12990	0.061672501266
12991	12992	0.061672501266
12992	12991	0.061672501266
12992	12993	0.0482795014977
12992	13010	0.0496014989913
12993	12992	0.0482795014977
12993	12994	0.0482795014977
12994	12993	0.0482795014977
12994	12995	0.0482795014977
12995	12994	0.0482795014977
12995	12996	0.0482795014977
12996	12995	0.0482795014977
12996	12997	0.0482795014977
12997	12996	0.0482795014977
12997	12998	0.0482795014977
12998	12997	0.0482795014977
12998	12999	0.0482795014977
12999	12998	0.0482795014977
12999	13000	0.0482795014977
13000	12999	0.0482795014977
13000	13001	0.0482795014977
13001	13000	0.0482795014977
13001	13002	0.0482795014977
13002	13001	0.0482795014977
13002	13003	0.0482795014977
13003	13002	0.0482795014977
13003	13004	0.0482795014977
13004	13003	0.0482795014977
13004	13005	0.0482795014977
13005	13004	0.0482795014977
13005	13006	0.0482795014977
13006	13005	0.0482795014977
13006	13007	0.0482795014977
13007	13006	0.0482795014977
13007	13008	0.0482795014977
13008	13007	0.0482795014977
13008	13009	0.0482795014977
13009	13008	0.0482795014977
13010	12992	0.0496014989913
13010	13011	0.0496014989913
13011	13010	0.0496014989913
13011	13012	0.0496014989913
13012	13011	0.0496014989913
13012	13013	0.0496014989913
13013	13012	0.0496014989913
13013	13014	0.0496014989913
13014	13013	0.0496014989913
13014	13015	0.0496014989913
13015	13014	0.0496014989913
13015	13016	0.0496014989913
13016	13015	0.0496014989913
13016	13017	0.0496014989913
13017	13016	0.0496014989913
13017	13018	0.0496014989913
13018	13017	0.0496014989913
13018	13019	0.0496014989913
13019	13018	0.0496014989913
13019	13020	0.0496014989913
13020	13019	0.0496014989913
13020	13021	0.0496014989913
13021	13020	0.0496014989913
13021	13022	0.0496014989913
13022	13021	0.0496014989913
13022	13023	0.0496014989913
13023	13022	0.0496014989913
13023	13024	0.0496014989913
13024	13023	0.0496014989913
13024	13025	0.0496014989913
13025	13024	0.0496014989913
13025	13026	0.0496014989913
13026	13025	0.0496014989913
13026	13027	0.0496014989913
13027	13026	0.0496014989913
13027	13028	0.0496014989913
13028	13027	0.0496014989913
13029	12988	0.071994997561
13029	13030	0.071994997561
13030	13029	0.071994997561
13030	13031	0.071994997561
13031	13030	0.071994997561
13031	13032	0.071994997561
13032	13031	0.071994997561
13032	13033	0.071994997561
13033	13032	0.071994997561
13033	13034	0.071994997561
13034	13033	0.071994997561
13034	13035	0.071994997561
13035	13034	0.071994997561
13035	13036	0.071994997561
13036	13035	0.071994997561
13036	13037	0.071994997561
13037	13036	0.071994997561
13037	13038	0.071994997561
13038	13037	0.071994997561
13038	13039	0.071994997561
13039	13038	0.071994997561
13039	13040	0.071994997561
13040	13039	0.071994997561
13040	13041	0.071994997561
13041	13040	0.071994997561
13041	13042	0.071994997561
13042	13041	0.071994997561
13042	13043	0.071994997561
13043	13042	0.071994997561
13043	13044	0.071994997561
13044	13043	0.071994997561
13044	13045	0.071994997561
13045	13044	0.071994997561
13045	13046	0.071994997561
13046	13045	0.071994997561
13046	13047	0.071994997561
13047	13046	0.071994997561
13047	13048	0.071994997561
13048	13047	0.071994997561
13048	13049	0.071994997561
13049	13048	0.071994997561
13049	13050	0.071994997561
13050	13049	0.071994997561
13050	13051	0.071994997561
13051	13050	0.071994997561
13051	13052	0.071994997561
13052	13051	0.071994997561
13052	13053	0.071994997561
13053	13052	0.071994997561
13053	13054	0.071994997561
13054	13053	0.071994997561
13054	13055	0.071994997561
13055	13054	0.071994997561
13055	13056	0.071994997561
13056	13055	0.071994997561
13056	13057	0.071994997561
13057	13056	0.071994997561
13057	13058	0.071994997561
13058	13057	0.071994997561
13058	13059	0.071994997561
13059	13058	0.071994997561
13059	13060	0.0463275015354
13059	13067	0.0649304986
13060	13059	0.0463275015354
13060	13061	0.0463275015354
13061	13060	0.0463275015354
13061	13062	0.0463275015354
13062	13061	0.0463275015354
13062	13063	0.0463275015354
13063	13062	0.0463275015354
13063	13064	0.0463275015354
13064	13063	0.0463275015354
13064	13065	0.0463275015354
13065	13064	0.0463275015354
13065	13066	0.0463275015354
13066	13065	0.0463275015354
13067	13059	0.0649304986
13067	13068	0.0649304986
13068	13067	0.0649304986
13068	13069	0.0649304986
13069	13068	0.0649304986
13069	13070	0.0649304986
13070	13069	0.0649304986
13070	13071	0.0649304986
13071	13070	0.0649304986
13071	13072	0.0649304986
13072	13071	0.0649304986
13072	13073	0.0649304986
13073	13072	0.0649304986
13073	13074	0.0649304986
13074	13073	0.0649304986
13074	13075	0.0649304986
13075	13074	0.0649304986
13075	13076	0.0649304986
13076	13075	0.0649304986
13076	13077	0.0649304986
13077	13076	0.0649304986
13077	13078	0.0649304986
13078	13077	0.0649304986
13078	13079	0.0649304986
13079	13078	0.0649304986
13079	13080	0.0649304986
13080	13079	0.0649304986
13080	13081	0.0649304986
13081	13080	0.0649304986
13081	13082	0.0649304986
13082	13081	0.0649304986
13082	13083	0.0649304986
13083	13082	0.0649304986
13083	13084	0.0649304986
13084	13083	0.0649304986
13084	13085	0.0649304986
13085	13084	0.0649304986
13085	13086	0.0649304986
13086	13085	0.0649304986
13086	13087	0.0649304986
13087	13086	0.0649304986
13087	13088	0.0649304986
13088	13087	0.0649304986
13088	13089	0.0649304986
13089	13088	0.0649304986
13089	13090	0.0649304986
13090	13089	0.0649304986
13090	13091	0.0649304986
13091	13090	0.0649304986
13091	13092	0.0649304986
13092	13091	0.0649304986
13092	13093	0.0649304986
13093	13092	0.0649304986
13093	13094	0.0649304986
13094	13093	0.0649304986
13094	13095	0.0649304986
13095	13094	0.0649304986
13096	10859	0.168263494968
13096	13097	0.168263494968
13097	13096	0.168263494968
13097	13098	0.168263494968
13098	13097	0.168263494968
13098	13099	0.168263494968
13099	13098	0.168263494968
13099	13100	0.168263494968
13100	13099	0.168263494968
13100	13101	0.168263494968
13101	13100	0.168263494968
13101	13102	0.168263494968
13102	13101	0.168263494968
13102	13103	0.168263494968
13103	13102	0.168263494968
13103	13104	0.168263494968
13104	13103	0.168263494968
13104	13105	0.168263494968
13105	13104	0.168263494968
13105	13106	0.168263494968
13106	13105	0.168263494968
13106	13107	0.168263494968
13107	13106	0.168263494968
13107	13108	0.168263494968
13108	13107	0.168263494968
13108	13109	0.168263494968
13109	13108	0.168263494968
13109	13110	0.168263494968
13110	13109	0.168263494968
13110	13111	0.168263494968
13111	13110	0.168263494968
13111	13112	0.168263494968
13112	13111	0.168263494968
13112	13113	0.168263494968
13113	13112	0.168263494968
13113	13114	0.168263494968
13114	13113	0.168263494968
13114	13115	0.168263494968
13115	13114	0.168263494968
13115	13116	0.168263494968
13116	13115	0.168263494968
13116	13117	0.168263494968
13117	13116	0.168263494968
13117	13118	0.168263494968
13118	13117	0.168263494968
13118	13119	0.168263494968
13119	13118	0.168263494968
13119	13120	0.167654499412
13119	14026	0.0372205004096
13120	13119	0.167654499412
13120	13121	0.167654499412
13121	13120	0.167654499412
13121	13122	0.167654499412
13122	13121	0.167654499412
13122	13123	0.167654499412
13123	13122	0.167654499412
13123	13124	0.167654499412
13124	13123	0.167654499412
13124	13125	0.167654499412
13125	13124	0.167654499412
13125	13126	0.167654499412
13126	13125	0.167654499412
13126	13127	0.167654499412
13127	13126	0.167654499412
13127	13128	0.167654499412
13128	13127	0.167654499412
13128	13129	0.167654499412
13129	13128	0.167654499412
13129	13130	0.167654499412
13130	13129	0.167654499412
13130	13131	0.167654499412
13131	13130	0.167654499412
13131	13132	0.167654499412
13132	13131	0.167654499412
13132	13133	0.167654499412
13133	13132	0.167654499412
13133	13134	0.167654499412
13134	13133	0.167654499412
13134	13135	0.167654499412
13135	13134	0.167654499412
13135	13136	0.167654499412
13136	13135	0.167654499412
13136	13137	0.167654499412
13137	13136	0.167654499412
13137	13138	0.167654499412
13138	13137	0.167654499412
13138	13139	0.167654499412
13139	13138	0.167654499412
13139	13140	0.167654499412
13140	13139	0.167654499412
13140	13141	0.167654499412
13141	13140	0.167654499412
13141	13142	0.167654499412
13142	13141	0.167654499412
13142	13143	0.167654499412
13143	13142	0.167654499412
13143	13144	0.166490495205
13143	14002	0.0460225008428
13144	13143	0.166490495205
13144	13145	0.166490495205
13145	13144	0.166490495205
13145	13146	0.166490495205
13146	13145	0.166490495205
13146	13147	0.166490495205
13147	13146	0.166490495205
13147	13148	0.166490495205
13148	13147	0.166490495205
13148	13149	0.166490495205
13149	13148	0.166490495205
13149	13150	0.166490495205
13150	13149	0.166490495205
13150	13151	0.166490495205
13151	13150	0.166490495205
13151	13152	0.166490495205
13152	13151	0.166490495205
13152	13153	0.166490495205
13153	13152	0.166490495205
13153	13154	0.166490495205
13154	13153	0.166490495205
13154	13155	0.166490495205
13155	13154	0.166490495205
13155	13156	0.166490495205
13156	13155	0.166490495205
13156	13157	0.166490495205
13157	13156	0.166490495205
13157	13158	0.166490495205
13158	13157	0.166490495205
13158	13159	0.166490495205
13159	13158	0.166490495205
13159	13160	0.047201000154
13159	13185	0.165215998888
13160	13159	0.047201000154
13160	13161	0.047201000154
13161	13160	0.047201000154
13161	13162	0.047201000154
13162	13161	0.047201000154
13162	13163	0.047201000154
13163	13162	0.047201000154
13163	13164	0.047201000154
13164	13163	0.047201000154
13164	13165	0.047201000154
13165	13164	0.047201000154
13165	13166	0.047201000154
13166	13165	0.047201000154
13166	13167	0.047201000154
13167	13166	0.047201000154
13167	13168	0.047201000154
13168	13167	0.047201000154
13168	13169	0.047201000154
13169	13168	0.047201000154
13169	13170	0.047201000154
13170	13169	0.047201000154
13170	13171	0.047201000154
13171	13170	0.047201000154
13171	13172	0.047201000154
13172	13171	0.047201000154
13172	13173	0.047201000154
13173	13172	0.047201000154
13173	13174	0.047201000154
13174	13173	0.047201000154
13174	13175	0.047201000154
13175	13174	0.047201000154
13175	13176	0.047201000154
13176	13175	0.047201000154
13176	13177	0.047201000154
13177	13176	0.047201000154
13177	13178	0.047201000154
13178	13177	0.047201000154
13178	13179	0.047201000154
13179	13178	0.047201000154
13179	13180	0.047201000154
13180	13179	0.047201000154
13180	13181	0.047201000154
13181	13180	0.047201000154
13181	13182	0.047201000154
13182	13181	0.047201000154
13182	13183	0.047201000154
13183	13182	0.047201000154
13183	13184	0.047201000154
13184	13183	0.047201000154
13185	13159	0.165215998888
13185	13186	0.165215998888
13186	13185	0.165215998888
13186	13187	0.165215998888
13187	13186	0.165215998888
13187	13188	0.165215998888
13188	13187	0.165215998888
13188	13189	0.165215998888
13189	13188	0.165215998888
13189	13190	0.165215998888
13190	13189	0.165215998888
13190	13191	0.165215998888
13191	13190	0.165215998888
13191	13192	0.165215998888
13192	13191	0.165215998888
13192	13193	0.165215998888
13193	13192	0.165215998888
13193	13194	0.165215998888
13194	13193	0.165215998888
13194	13195	0.165215998888
13195	13194	0.165215998888
13195	13196	0.165215998888
13196	13195	0.165215998888
13196	13197	0.165215998888
13197	13196	0.165215998888
13197	13198	0.165215998888
13198	13197	0.165215998888
13198	13199	0.165215998888
13199	13198	0.165215998888
13199	13200	0.165215998888
13200	13199	0.165215998888
13200	13201	0.0918774977326
13200	13343	0.155143499374
13201	13200	0.0918774977326
13201	13202	0.0918774977326
13202	13201	0.0918774977326
13202	13203	0.0918774977326
13203	13202	0.0918774977326
13203	13204	0.0918774977326
13204	13203	0.0918774977326
13204	13205	0.0918774977326
13205	13204	0.0918774977326
13205	13206	0.0918774977326
13206	13205	0.0918774977326
13206	13207	0.0918774977326
13207	13206	0.0918774977326
13207	13208	0.0918774977326
13208	13207	0.0918774977326
13208	13209	0.0918774977326
13209	13208	0.0918774977326
13209	13210	0.0918774977326
13210	13209	0.0918774977326
13210	13211	0.0918774977326
13211	13210	0.0918774977326
13211	13212	0.0918774977326
13212	13211	0.0918774977326
13212	13213	0.0918774977326
13213	13212	0.0918774977326
13213	13214	0.0918774977326
13214	13213	0.0918774977326
13214	13215	0.0918774977326
13215	13214	0.0918774977326
13215	13216	0.0918774977326
13216	13215	0.0918774977326
13216	13217	0.0867620036006
13216	13321	0.0496600009501
13217	13216	0.0867620036006
13217	13218	0.0867620036006
13218	13217	0.0867620036006
13218	13219	0.0867620036006
13219	13218	0.0867620036006
13219	13220	0.0867620036006
13220	13219	0.0867620036006
13220	13221	0.0867620036006
13221	13220	0.0867620036006
13221	13222	0.0867620036006
13222	13221	0.0867620036006
13222	13223	0.0867620036006
13223	13222	0.0867620036006
13223	13224	0.0867620036006
13224	13223	0.0867620036006
13224	13225	0.0867620036006
13225	13224	0.0867620036006
13225	13226	0.0867620036006
13226	13225	0.0867620036006
13226	13227	0.0867620036006
13227	13226	0.0867620036006
13227	13228	0.0867620036006
13228	13227	0.0867620036006
13228	13229	0.0867620036006
13229	13228	0.0867620036006
13229	13230	0.0867620036006
13230	13229	0.0867620036006
13230	13231	0.0867620036006
13231	13230	0.0867620036006
13231	13232	0.0867620036006
13232	13231	0.0867620036006
13232	13233	0.0867620036006
13233	13232	0.0867620036006
13233	13234	0.0867620036006
13234	13233	0.0867620036006
13234	13235	0.0867620036006
13235	13234	0.0867620036006
13235	13236	0.0867620036006
13236	13235	0.0867620036006
13236	13237	0.0867620036006
13237	13236	0.0867620036006
13237	13238	0.0867620036006
13238	13237	0.0867620036006
13238	13239	0.0820584967732
13238	13310	0.0465025007725
13239	13238	0.0820584967732
13239	13240	0.0820584967732
13240	13239	0.0820584967732
13240	13241	0.0820584967732
13241	13240	0.0820584967732
13241	13242	0.0820584967732
13242	13241	0.0820584967732
13242	13243	0.0820584967732
13243	13242	0.0820584967732
13243	13244	0.0820584967732
13244	13243	0.0820584967732
13244	13245	0.0820584967732
13245	13244	0.0820584967732
13245	13246	0.0820584967732
13246	13245	0.0820584967732
13246	13247	0.0820584967732
13247	13246	0.0820584967732
13247	13248	0.0820584967732
13248	13247	0.0820584967732
13248	13249	0.0820584967732
13249	13248	0.0820584967732
13249	13250	0.0820584967732
13250	13249	0.0820584967732
13250	13251	0.0820584967732
13251	13250	0.0820584967732
13251	13252	0.0820584967732
13252	13251	0.0820584967732
13252	13253	0.0820584967732
13253	13252	0.0820584967732
13253	13254	0.0820584967732
13254	13253	0.0820584967732
13254	13255	0.0820584967732
13255	13254	0.0820584967732
13255	13256	0.0820584967732
13256	13255	0.0820584967732
13256	13257	0.0820584967732
13257	13256	0.0820584967732
13257	13258	0.0820584967732
13258	13257	0.0820584967732
13258	13259	0.0820584967732
13259	13258	0.0820584967732
13259	13260	0.0820584967732
13260	13259	0.0820584967732
13260	13261	0.0820584967732
13261	13260	0.0820584967732
13261	13262	0.0820584967732
13262	13261	0.0820584967732
13262	13263	0.0820584967732
13263	13262	0.0820584967732
13263	13264	0.0820584967732
13264	13263	0.0820584967732
13264	13265	0.0820584967732
13265	13264	0.0820584967732
13265	13266	0.0820584967732
13266	13265	0.0820584967732
13266	13267	0.0705119967461
13266	13296	0.0586719997227
13267	13266	0.0705119967461
13267	13268	0.0705119967461
13268	13267	0.0705119967461
13268	13269	0.0705119967461
13269	13268	0.0705119967461
13269	13270	0.0705119967461
13270	13269	0.0705119967461
13270	13271	0.0705119967461
13271	13270	0.0705119967461
13271	13272	0.0705119967461
13272	13271	0.0705119967461
13272	13273	0.0705119967461
13273	13272	0.0705119967461
13273	13274	0.0705119967461
13274	13273	0.0705119967461
13274	13275	0.0705119967461
13275	13274	0.0705119967461
13275	13276	0.0705119967461
13276	13275	0.0705119967461
13276	13277	0.0705119967461
13277	13276	0.0705119967461
13277	13278	0.0705119967461
13278	13277	0.0705119967461
13278	13279	0.0705119967461
13279	13278	0.0705119967461
13279	13280	0.0705119967461
13280	13279	0.0705119967461
13280	13281	0.0705119967461
13281	13280	0.0705119967461
13281	13282	0.0705119967461
13282	13281	0.0705119967461
13282	13283	0.0705119967461
13283	13282	0.0705119967461
13283	13284	0.0705119967461
13284	13283	0.0705119967461
13284	13285	0.0705119967461
13285	13284	0.0705119967461
13285	13286	0.0705119967461
13286	13285	0.0705119967461
13286	13287	0.0705119967461
13287	13286	0.0705119967461
13287	13288	0.0705119967461
13288	13287	0.0705119967461
13288	13289	0.0705119967461
13289	13288	0.0705119967461
13289	13290	0.0705119967461
13290	13289	0.0705119967461
13290	13291	0.0705119967461
13291	13290	0.0705119967461
13291	13292	0.0705119967461
13292	13291	0.0705119967461
13292	13293	0.0705119967461
13293	13292	0.0705119967461
13293	13294	0.0705119967461
13294	13293	0.0705119967461
13294	13295	0.0705119967461
13295	13294	0.0705119967461
13296	13266	0.0586719997227
13296	13297	0.0586719997227
13297	13296	0.0586719997227
13297	13298	0.0586719997227
13298	13297	0.0586719997227
13298	13299	0.0586719997227
13299	13298	0.0586719997227
13299	13300	0.0586719997227
13300	13299	0.0586719997227
13300	13301	0.0586719997227
13301	13300	0.0586719997227
13301	13302	0.0586719997227
13302	13301	0.0586719997227
13302	13303	0.0586719997227
13303	13302	0.0586719997227
13303	13304	0.0586719997227
13304	13303	0.0586719997227
13304	13305	0.0586719997227
13305	13304	0.0586719997227
13305	13306	0.0586719997227
13306	13305	0.0586719997227
13306	13307	0.0586719997227
13307	13306	0.0586719997227
13307	13308	0.0586719997227
13308	13307	0.0586719997227
13308	13309	0.0586719997227
13309	13308	0.0586719997227
13310	13238	0.0465025007725
13310	13311	0.0465025007725
13311	13310	0.0465025007725
13311	13312	0.0465025007725
13312	13311	0.0465025007725
13312	13313	0.0465025007725
13313	13312	0.0465025007725
13313	13314	0.0465025007725
13314	13313	0.0465025007725
13314	13315	0.0465025007725
13315	13314	0.0465025007725
13315	13316	0.0465025007725
13316	13315	0.0465025007725
13316	13317	0.0465025007725
13317	13316	0.0465025007725
13317	13318	0.0465025007725
13318	13317	0.0465025007725
13318	13319	0.0465025007725
13319	13318	0.0465025007725
13319	13320	0.0465025007725
13320	13319	0.0465025007725
13321	13216	0.0496600009501
13321	13322	0.0496600009501
13322	13321	0.0496600009501
13322	13323	0.0496600009501
13323	13322	0.0496600009501
13323	13324	0.0496600009501
13324	13323	0.0496600009501
13324	13325	0.0496600009501
13325	13324	0.0496600009501
13325	13326	0.0496600009501
13326	13325	0.0496600009501
13326	13327	0.0496600009501
13327	13326	0.0496600009501
13327	13328	0.0496600009501
13328	13327	0.0496600009501
13328	13329	0.0496600009501
13329	13328	0.0496600009501
13329	13330	0.0496600009501
13330	13329	0.0496600009501
13330	13331	0.0496600009501
13331	13330	0.0496600009501
13331	13332	0.0496600009501
13332	13331	0.0496600009501
13332	13333	0.0496600009501
13333	13332	0.0496600009501
13333	13334	0.0496600009501
13334	13333	0.0496600009501
13334	13335	0.0496600009501
13335	13334	0.0496600009501
13335	13336	0.0496600009501
13336	13335	0.0496600009501
13336	13337	0.0496600009501
13337	13336	0.0496600009501
13337	13338	0.0496600009501
13338	13337	0.0496600009501
13338	13339	0.0496600009501
13339	13338	0.0496600009501
13339	13340	0.0496600009501
13340	13339	0.0496600009501
13340	13341	0.0496600009501
13341	13340	0.0496600009501
13341	13342	0.0496600009501
13342	13341	0.0496600009501
13343	13200	0.155143499374
13343	13344	0.155143499374
13344	13343	0.155143499374
13344	13345	0.155143499374
13345	13344	0.155143499374
13345	13346	0.155143499374
13346	13345	0.155143499374
13346	13347	0.155143499374
13347	13346	0.155143499374
13347	13348	0.155143499374
13348	13347	0.155143499374
13348	13349	0.155143499374
13349	13348	0.155143499374
13349	13350	0.155143499374
13350	13349	0.155143499374
13350	13351	0.155143499374
13351	13350	0.155143499374
13351	13352	0.155143499374
13352	13351	0.155143499374
13352	13353	0.141697496176
13352	13828	0.0961605012417
13353	13352	0.141697496176
13353	13354	0.141697496176
13354	13353	0.141697496176
13354	13355	0.141697496176
13355	13354	0.141697496176
13355	13356	0.141697496176
13356	13355	0.141697496176
13356	13357	0.141697496176
13357	13356	0.141697496176
13357	13358	0.0720899999142
13357	13431	0.135183006525
13358	13357	0.0720899999142
13358	13359	0.0720899999142
13359	13358	0.0720899999142
13359	13360	0.0720899999142
13360	13359	0.0720899999142
13360	13361	0.0720899999142
13361	13360	0.0720899999142
13361	13362	0.0720899999142
13362	13361	0.0720899999142
13362	13363	0.0720899999142
13363	13362	0.0720899999142
13363	13364	0.0720899999142
13364	13363	0.0720899999142
13364	13365	0.0720899999142
13365	13364	0.0720899999142
13365	13366	0.0720899999142
13366	13365	0.0720899999142
13366	13367	0.0720899999142
13367	13366	0.0720899999142
13367	13368	0.0720899999142
13368	13367	0.0720899999142
13368	13369	0.0720899999142
13369	13368	0.0720899999142
13369	13370	0.0720899999142
13370	13369	0.0720899999142
13370	13371	0.0720899999142
13371	13370	0.0720899999142
13371	13372	0.0720899999142
13372	13371	0.0720899999142
13372	13373	0.0720899999142
13373	13372	0.0720899999142
13373	13374	0.0720899999142
13374	13373	0.0720899999142
13374	13375	0.0720899999142
13375	13374	0.0720899999142
13375	13376	0.0720899999142
13376	13375	0.0720899999142
13376	13377	0.0720899999142
13377	13376	0.0720899999142
13377	13378	0.0720899999142
13378	13377	0.0720899999142
13378	13379	0.0720899999142
13379	13378	0.0720899999142
13379	13380	0.0720899999142
13380	13379	0.0720899999142
13380	13381	0.0720899999142
13381	13380	0.0720899999142
13381	13382	0.0720899999142
13382	13381	0.0720899999142
13382	13383	0.0720899999142
13383	13382	0.0720899999142
13383	13384	0.0720899999142
13384	13383	0.0720899999142
13384	13385	0.0720899999142
13385	13384	0.0720899999142
13385	13386	0.0720899999142
13386	13385	0.0720899999142
13386	13387	0.0720899999142
13387	13386	0.0720899999142
13387	13388	0.06430850178
13387	13421	0.0477245002985
13388	13387	0.06430850178
13388	13389	0.06430850178
13389	13388	0.06430850178
13389	13390	0.06430850178
13390	13389	0.06430850178
13390	13391	0.06430850178
13391	13390	0.06430850178
13391	13392	0.06430850178
13392	13391	0.06430850178
13392	13393	0.06430850178
13393	13392	0.06430850178
13393	13394	0.06430850178
13394	13393	0.06430850178
13394	13395	0.06430850178
13395	13394	0.06430850178
13395	13396	0.06430850178
13396	13395	0.06430850178
13396	13397	0.06430850178
13397	13396	0.06430850178
13397	13398	0.06430850178
13398	13397	0.06430850178
13398	13399	0.06430850178
13399	13398	0.06430850178
13399	13400	0.06430850178
13400	13399	0.06430850178
13400	13401	0.06430850178
13401	13400	0.06430850178
13401	13402	0.06430850178
13402	13401	0.06430850178
13402	13403	0.06430850178
13403	13402	0.06430850178
13403	13404	0.06430850178
13404	13403	0.06430850178
13404	13405	0.06430850178
13405	13404	0.06430850178
13405	13406	0.06430850178
13406	13405	0.06430850178
13406	13407	0.06430850178
13407	13406	0.06430850178
13407	13408	0.06430850178
13408	13407	0.06430850178
13408	13409	0.06430850178
13409	13408	0.06430850178
13409	13410	0.06430850178
13410	13409	0.06430850178
13410	13411	0.06430850178
13411	13410	0.06430850178
13411	13412	0.06430850178
13412	13411	0.06430850178
13412	13413	0.06430850178
13413	13412	0.06430850178
13413	13414	0.06430850178
13414	13413	0.06430850178
13414	13415	0.06430850178
13415	13414	0.06430850178
13415	13416	0.06430850178
13416	13415	0.06430850178
13416	13417	0.06430850178
13417	13416	0.06430850178
13417	13418	0.06430850178
13418	13417	0.06430850178
13418	13419	0.06430850178
13419	13418	0.06430850178
13419	13420	0.06430850178
13420	13419	0.06430850178
13421	13387	0.0477245002985
13421	13422	0.0477245002985
13422	13421	0.0477245002985
13422	13423	0.0477245002985
13423	13422	0.0477245002985
13423	13424	0.0477245002985
13424	13423	0.0477245002985
13424	13425	0.0477245002985
13425	13424	0.0477245002985
13425	13426	0.0477245002985
13426	13425	0.0477245002985
13426	13427	0.0477245002985
13427	13426	0.0477245002985
13427	13428	0.0477245002985
13428	13427	0.0477245002985
13428	13429	0.0477245002985
13429	13428	0.0477245002985
13429	13430	0.0477245002985
13430	13429	0.0477245002985
13431	13357	0.135183006525
13431	13432	0.135183006525
13432	13431	0.135183006525
13432	13433	0.135183006525
13433	13432	0.135183006525
13433	13434	0.135183006525
13434	13433	0.135183006525
13434	13435	0.135183006525
13435	13434	0.135183006525
13435	13436	0.0440114997327
13435	13451	0.133609503508
13436	13435	0.0440114997327
13436	13437	0.0440114997327
13437	13436	0.0440114997327
13437	13438	0.0440114997327
13438	13437	0.0440114997327
13438	13439	0.0440114997327
13439	13438	0.0440114997327
13439	13440	0.0440114997327
13440	13439	0.0440114997327
13440	13441	0.0440114997327
13441	13440	0.0440114997327
13441	13442	0.0440114997327
13442	13441	0.0440114997327
13442	13443	0.0440114997327
13443	13442	0.0440114997327
13443	13444	0.0440114997327
13444	13443	0.0440114997327
13444	13445	0.0440114997327
13445	13444	0.0440114997327
13445	13446	0.0440114997327
13446	13445	0.0440114997327
13446	13447	0.0440114997327
13447	13446	0.0440114997327
13447	13448	0.0440114997327
13448	13447	0.0440114997327
13448	13449	0.0440114997327
13449	13448	0.0440114997327
13449	13450	0.0440114997327
13450	13449	0.0440114997327
13451	13435	0.133609503508
13451	13452	0.133609503508
13452	13451	0.133609503508
13452	13453	0.133609503508
13453	13452	0.133609503508
13453	13454	0.133609503508
13454	13453	0.133609503508
13454	13455	0.133609503508
13455	13454	0.133609503508
13455	13456	0.133609503508
13456	13455	0.133609503508
13456	13457	0.133609503508
13457	13456	0.133609503508
13457	13458	0.133609503508
13458	13457	0.133609503508
13458	13459	0.133609503508
13459	13458	0.133609503508
13459	13460	0.133609503508
13460	13459	0.133609503508
13460	13461	0.133609503508
13461	13460	0.133609503508
13461	13462	0.133609503508
13462	13461	0.133609503508
13462	13463	0.133609503508
13463	13462	0.133609503508
13463	13464	0.133609503508
13464	13463	0.133609503508
13464	13465	0.133609503508
13465	13464	0.133609503508
13465	13466	0.133609503508
13466	13465	0.133609503508
13466	13467	0.133609503508
13467	13466	0.133609503508
13467	13468	0.133609503508
13468	13467	0.133609503508
13468	13469	0.133609503508
13469	13468	0.133609503508
13469	13470	0.133609503508
13470	13469	0.133609503508
13470	13471	0.133609503508
13471	13470	0.133609503508
13471	13472	0.133609503508
13472	13471	0.133609503508
13472	13473	0.133609503508
13473	13472	0.133609503508
13473	13474	0.133609503508
13474	13473	0.133609503508
13474	13475	0.129684999585
13474	13788	0.058873500675
13475	13474	0.129684999585
13475	13476	0.129684999585
13476	13475	0.129684999585
13476	13477	0.129684999585
13477	13476	0.129684999585
13477	13478	0.129684999585
13478	13477	0.129684999585
13478	13479	0.129684999585
13479	13478	0.129684999585
13479	13480	0.129684999585
13480	13479	0.129684999585
13480	13481	0.129684999585
13481	13480	0.129684999585
13481	13482	0.129684999585
13482	13481	0.129684999585
13482	13483	0.129684999585
13483	13482	0.129684999585
13483	13484	0.129684999585
13484	13483	0.129684999585
13484	13485	0.0656604990363
13484	13541	0.123812496662
13485	13484	0.0656604990363
13485	13486	0.0656604990363
13486	13485	0.0656604990363
13486	13487	0.0656604990363
13487	13486	0.0656604990363
13487	13488	0.0656604990363
13488	13487	0.0656604990363
13488	13489	0.0656604990363
13489	13488	0.0656604990363
13489	13490	0.0656604990363
13490	13489	0.0656604990363
13490	13491	0.0656604990363
13491	13490	0.0656604990363
13491	13492	0.0656604990363
13492	13491	0.0656604990363
13492	13493	0.0656604990363
13493	13492	0.0656604990363
13493	13494	0.0656604990363
13494	13493	0.0656604990363
13494	13495	0.0656604990363
13495	13494	0.0656604990363
13495	13496	0.0656604990363
13496	13495	0.0656604990363
13496	13497	0.0656604990363
13497	13496	0.0656604990363
13497	13498	0.0656604990363
13498	13497	0.0656604990363
13498	13499	0.0656604990363
13499	13498	0.0656604990363
13499	13500	0.0656604990363
13500	13499	0.0656604990363
13500	13501	0.0656604990363
13501	13500	0.0656604990363
13501	13502	0.0656604990363
13502	13501	0.0656604990363
13502	13503	0.0656604990363
13503	13502	0.0656604990363
13503	13504	0.0656604990363
13504	13503	0.0656604990363
13504	13505	0.0656604990363
13505	13504	0.0656604990363
13505	13506	0.0656604990363
13506	13505	0.0656604990363
13506	13507	0.0656604990363
13507	13506	0.0656604990363
13507	13508	0.0656604990363
13508	13507	0.0656604990363
13508	13509	0.0656604990363
13509	13508	0.0656604990363
13509	13510	0.0656604990363
13510	13509	0.0656604990363
13510	13511	0.0656604990363
13511	13510	0.0656604990363
13511	13512	0.0656604990363
13512	13511	0.0656604990363
13512	13513	0.0656604990363
13513	13512	0.0656604990363
13513	13514	0.0656604990363
13514	13513	0.0656604990363
13514	13515	0.0656604990363
13515	13514	0.0656604990363
13515	13516	0.0656604990363
13516	13515	0.0656604990363
13516	13517	0.0656604990363
13517	13516	0.0656604990363
13517	13518	0.0656604990363
13518	13517	0.0656604990363
13518	13519	0.0656604990363
13519	13518	0.0656604990363
13519	13520	0.0656604990363
13520	13519	0.0656604990363
13520	13521	0.0656604990363
13521	13520	0.0656604990363
13521	13522	0.0656604990363
13522	13521	0.0656604990363
13522	13523	0.0656604990363
13523	13522	0.0656604990363
13523	13524	0.0656604990363
13524	13523	0.0656604990363
13524	13525	0.0656604990363
13525	13524	0.0656604990363
13525	13526	0.0656604990363
13526	13525	0.0656604990363
13526	13527	0.0656604990363
13527	13526	0.0656604990363
13527	13528	0.0656604990363
13528	13527	0.0656604990363
13528	13529	0.0656604990363
13529	13528	0.0656604990363
13529	13530	0.0656604990363
13530	13529	0.0656604990363
13530	13531	0.0656604990363
13531	13530	0.0656604990363
13531	13532	0.0656604990363
13532	13531	0.0656604990363
13532	13533	0.0656604990363
13533	13532	0.0656604990363
13533	13534	0.0656604990363
13534	13533	0.0656604990363
13534	13535	0.0656604990363
13535	13534	0.0656604990363
13535	13536	0.0656604990363
13536	13535	0.0656604990363
13536	13537	0.0656604990363
13537	13536	0.0656604990363
13537	13538	0.0656604990363
13538	13537	0.0656604990363
13538	13539	0.0656604990363
13539	13538	0.0656604990363
13539	13540	0.0656604990363
13540	13539	0.0656604990363
13541	13484	0.123812496662
13541	13542	0.123812496662
13542	13541	0.123812496662
13542	13543	0.123812496662
13543	13542	0.123812496662
13543	13544	0.123812496662
13544	13543	0.123812496662
13544	13545	0.123812496662
13545	13544	0.123812496662
13545	13546	0.123812496662
13546	13545	0.123812496662
13546	13547	0.123812496662
13547	13546	0.123812496662
13547	13548	0.123812496662
13548	13547	0.123812496662
13548	13549	0.123812496662
13549	13548	0.123812496662
13549	13550	0.123812496662
13550	13549	0.123812496662
13550	13551	0.0369209982455
13550	13556	0.122708499432
13551	13550	0.0369209982455
13551	13552	0.0369209982455
13552	13551	0.0369209982455
13552	13553	0.0369209982455
13553	13552	0.0369209982455
13553	13554	0.0369209982455
13554	13553	0.0369209982455
13554	13555	0.0369209982455
13555	13554	0.0369209982455
13556	13550	0.122708499432
13556	13557	0.122708499432
13557	13556	0.122708499432
13557	13558	0.122708499432
13558	13557	0.122708499432
13558	13559	0.122708499432
13559	13558	0.122708499432
13559	13560	0.122708499432
13560	13559	0.122708499432
13560	13561	0.122708499432
13561	13560	0.122708499432
13561	13562	0.122708499432
13562	13561	0.122708499432
13562	13563	0.122708499432
13563	13562	0.122708499432
13563	13564	0.122708499432
13564	13563	0.122708499432
13564	13565	0.122708499432
13565	13564	0.122708499432
13565	13566	0.122708499432
13566	13565	0.122708499432
13566	13567	0.122708499432
13567	13566	0.122708499432
13567	13568	0.122708499432
13568	13567	0.122708499432
13568	13569	0.106566503644
13568	13708	0.0860629975796
13569	13568	0.106566503644
13569	13570	0.106566503644
13570	13569	0.106566503644
13570	13571	0.106566503644
13571	13570	0.106566503644
13571	13572	0.106566503644
13572	13571	0.106566503644
13572	13573	0.106566503644
13573	13572	0.106566503644
13573	13574	0.106566503644
13574	13573	0.106566503644
13574	13575	0.106566503644
13575	13574	0.106566503644
13575	13576	0.106566503644
13576	13575	0.106566503644
13576	13577	0.106566503644
13577	13576	0.106566503644
13577	13578	0.106566503644
13578	13577	0.106566503644
13578	13579	0.106566503644
13579	13578	0.106566503644
13579	13580	0.106566503644
13580	13579	0.106566503644
13580	13581	0.106566503644
13581	13580	0.106566503644
13581	13582	0.102749496698
13581	13696	0.0500575006008
13582	13581	0.102749496698
13582	13583	0.102749496698
13583	13582	0.102749496698
13583	13584	0.102749496698
13584	13583	0.102749496698
13584	13585	0.102749496698
13585	13584	0.102749496698
13585	13586	0.102749496698
13586	13585	0.102749496698
13586	13587	0.102749496698
13587	13586	0.102749496698
13587	13588	0.102749496698
13588	13587	0.102749496698
13588	13589	0.102749496698
13589	13588	0.102749496698
13589	13590	0.102749496698
13590	13589	0.102749496698
13590	13591	0.102749496698
13591	13590	0.102749496698
13591	13592	0.102749496698
13592	13591	0.102749496698
13592	13593	0.102749496698
13593	13592	0.102749496698
13593	13594	0.102749496698
13594	13593	0.102749496698
13594	13595	0.102749496698
13595	13594	0.102749496698
13595	13596	0.102749496698
13596	13595	0.102749496698
13596	13597	0.102749496698
13597	13596	0.102749496698
13597	13598	0.102749496698
13598	13597	0.102749496698
13598	13599	0.102749496698
13599	13598	0.102749496698
13599	13600	0.102749496698
13600	13599	0.102749496698
13600	13601	0.102749496698
13601	13600	0.102749496698
13601	13602	0.102749496698
13602	13601	0.102749496698
13602	13603	0.102749496698
13603	13602	0.102749496698
13603	13604	0.102749496698
13604	13603	0.102749496698
13604	13605	0.0920070037246
13604	13670	0.0673800036311
13605	13604	0.0920070037246
13605	13606	0.0920070037246
13606	13605	0.0920070037246
13606	13607	0.0920070037246
13607	13606	0.0920070037246
13607	13608	0.0920070037246
13608	13607	0.0920070037246
13608	13609	0.0920070037246
13609	13608	0.0920070037246
13609	13610	0.0920070037246
13610	13609	0.0920070037246
13610	13611	0.0920070037246
13611	13610	0.0920070037246
13611	13612	0.0920070037246
13612	13611	0.0920070037246
13612	13613	0.0920070037246
13613	13612	0.0920070037246
13613	13614	0.0920070037246
13614	13613	0.0920070037246
13614	13615	0.0920070037246
13615	13614	0.0920070037246
13615	13616	0.0920070037246
13616	13615	0.0920070037246
13616	13617	0.0920070037246
13617	13616	0.0920070037246
13617	13618	0.0920070037246
13618	13617	0.0920070037246
13618	13619	0.0920070037246
13619	13618	0.0920070037246
13619	13620	0.0920070037246
13620	13619	0.0920070037246
13620	13621	0.0920070037246
13621	13620	0.0920070037246
13621	13622	0.0920070037246
13622	13621	0.0920070037246
13622	13623	0.08400849998
13622	13662	0.0570809990168
13623	13622	0.08400849998
13623	13624	0.08400849998
13624	13623	0.08400849998
13624	13625	0.08400849998
13625	13624	0.08400849998
13625	13626	0.08400849998
13626	13625	0.08400849998
13626	13627	0.08400849998
13627	13626	0.08400849998
13627	13628	0.08400849998
13628	13627	0.08400849998
13628	13629	0.08400849998
13629	13628	0.08400849998
13629	13630	0.08400849998
13630	13629	0.08400849998
13630	13631	0.08400849998
13631	13630	0.08400849998
13631	13632	0.08400849998
13632	13631	0.08400849998
13632	13633	0.08400849998
13633	13632	0.08400849998
13633	13634	0.08400849998
13634	13633	0.08400849998
13634	13635	0.08400849998
13635	13634	0.08400849998
13635	13636	0.08400849998
13636	13635	0.08400849998
13636	13637	0.08400849998
13637	13636	0.08400849998
13637	13638	0.08400849998
13638	13637	0.08400849998
13638	13639	0.08400849998
13639	13638	0.08400849998
13639	13640	0.08400849998
13640	13639	0.08400849998
13640	13641	0.08400849998
13641	13640	0.08400849998
13641	13642	0.08400849998
13642	13641	0.08400849998
13642	13643	0.08400849998
13643	13642	0.08400849998
13643	13644	0.08400849998
13644	13643	0.08400849998
13644	13645	0.08400849998
13645	13644	0.08400849998
13645	13646	0.08400849998
13646	13645	0.08400849998
13646	13647	0.08400849998
13647	13646	0.08400849998
13647	13648	0.08400849998
13648	13647	0.08400849998
13648	13649	0.08400849998
13649	13648	0.08400849998
13649	13650	0.08400849998
13650	13649	0.08400849998
13650	13651	0.08400849998
13651	13650	0.08400849998
13651	13652	0.08400849998
13652	13651	0.08400849998
13652	13653	0.08400849998
13653	13652	0.08400849998
13653	13654	0.08400849998
13654	13653	0.08400849998
13654	13655	0.08400849998
13655	13654	0.08400849998
13655	13656	0.08400849998
13656	13655	0.08400849998
13656	13657	0.08400849998
13657	13656	0.08400849998
13657	13658	0.08400849998
13658	13657	0.08400849998
13658	13659	0.08400849998
13659	13658	0.08400849998
13659	13660	0.08400849998
13660	13659	0.08400849998
13660	13661	0.08400849998
13661	13660	0.08400849998
13662	13622	0.0570809990168
13662	13663	0.0570809990168
13663	13662	0.0570809990168
13663	13664	0.0570809990168
13664	13663	0.0570809990168
13664	13665	0.0570809990168
13665	13664	0.0570809990168
13665	13666	0.0570809990168
13666	13665	0.0570809990168
13666	13667	0.0570809990168
13667	13666	0.0570809990168
13667	13668	0.0570809990168
13668	13667	0.0570809990168
13668	13669	0.0570809990168
13669	13668	0.0570809990168
13670	13604	0.0673800036311
13670	13671	0.0673800036311
13671	13670	0.0673800036311
13671	13672	0.0673800036311
13672	13671	0.0673800036311
13672	13673	0.0673800036311
13673	13672	0.0673800036311
13673	13674	0.0673800036311
13674	13673	0.0673800036311
13674	13675	0.0673800036311
13675	13674	0.0673800036311
13675	13676	0.0673800036311
13676	13675	0.0673800036311
13676	13677	0.0673800036311
13677	13676	0.0673800036311
13677	13678	0.0673800036311
13678	13677	0.0673800036311
13678	13679	0.0673800036311
13679	13678	0.0673800036311
13679	13680	0.0673800036311
13680	13679	0.0673800036311
13680	13681	0.0673800036311
13681	13680	0.0673800036311
13681	13682	0.0673800036311
13682	13681	0.0673800036311
13682	13683	0.0673800036311
13683	13682	0.0673800036311
13683	13684	0.0673800036311
13684	13683	0.0673800036311
13684	13685	0.0673800036311
13685	13684	0.0673800036311
13685	13686	0.0673800036311
13686	13685	0.0673800036311
13686	13687	0.0673800036311
13687	13686	0.0673800036311
13687	13688	0.0673800036311
13688	13687	0.0673800036311
13688	13689	0.0673800036311
13689	13688	0.0673800036311
13689	13690	0.0673800036311
13690	13689	0.0673800036311
13690	13691	0.0673800036311
13691	13690	0.0673800036311
13691	13692	0.0673800036311
13692	13691	0.0673800036311
13692	13693	0.0673800036311
13693	13692	0.0673800036311
13693	13694	0.0673800036311
13694	13693	0.0673800036311
13694	13695	0.0673800036311
13695	13694	0.0673800036311
13696	13581	0.0500575006008
13696	13697	0.0500575006008
13697	13696	0.0500575006008
13697	13698	0.0500575006008
13698	13697	0.0500575006008
13698	13699	0.0500575006008
13699	13698	0.0500575006008
13699	13700	0.0500575006008
13700	13699	0.0500575006008
13700	13701	0.0500575006008
13701	13700	0.0500575006008
13701	13702	0.0500575006008
13702	13701	0.0500575006008
13702	13703	0.0500575006008
13703	13702	0.0500575006008
13703	13704	0.0500575006008
13704	13703	0.0500575006008
13704	13705	0.0500575006008
13705	13704	0.0500575006008
13705	13706	0.0500575006008
13706	13705	0.0500575006008
13706	13707	0.0500575006008
13707	13706	0.0500575006008
13708	13568	0.0860629975796
13708	13709	0.0860629975796
13709	13708	0.0860629975796
13709	13710	0.0860629975796
13710	13709	0.0860629975796
13710	13711	0.0860629975796
13711	13710	0.0860629975796
13711	13712	0.0860629975796
13712	13711	0.0860629975796
13712	13713	0.0860629975796
13713	13712	0.0860629975796
13713	13714	0.0860629975796
13714	13713	0.0860629975796
13714	13715	0.0860629975796
13715	13714	0.0860629975796
13715	13716	0.0860629975796
13716	13715	0.0860629975796
13716	13717	0.0860629975796
13717	13716	0.0860629975796
13717	13718	0.0860629975796
13718	13717	0.0860629975796
13718	13719	0.0860629975796
13719	13718	0.0860629975796
13719	13720	0.0860629975796
13720	13719	0.0860629975796
13720	13721	0.0860629975796
13721	13720	0.0860629975796
13721	13722	0.0860629975796
13722	13721	0.0860629975796
13722	13723	0.0860629975796
13723	13722	0.0860629975796
13723	13724	0.0860629975796
13724	13723	0.0860629975796
13724	13725	0.0860629975796
13725	13724	0.0860629975796
13725	13726	0.0860629975796
13726	13725	0.0860629975796
13726	13727	0.0860629975796
13727	13726	0.0860629975796
13727	13728	0.0860629975796
13728	13727	0.0860629975796
13728	13729	0.0860629975796
13729	13728	0.0860629975796
13729	13730	0.0860629975796
13730	13729	0.0860629975796
13730	13731	0.0860629975796
13731	13730	0.0860629975796
13731	13732	0.0860629975796
13732	13731	0.0860629975796
13732	13733	0.0860629975796
13733	13732	0.0860629975796
13733	13734	0.0860629975796
13734	13733	0.0860629975796
13734	13735	0.0860629975796
13735	13734	0.0860629975796
13735	13736	0.0860629975796
13736	13735	0.0860629975796
13736	13737	0.0860629975796
13737	13736	0.0860629975796
13737	13738	0.0860629975796
13738	13737	0.0860629975796
13738	13739	0.0860629975796
13739	13738	0.0860629975796
13739	13740	0.0860629975796
13740	13739	0.0860629975796
13740	13741	0.0860629975796
13741	13740	0.0860629975796
13741	13742	0.0860629975796
13742	13741	0.0860629975796
13742	13743	0.0860629975796
13743	13742	0.0860629975796
13743	13744	0.0860629975796
13744	13743	0.0860629975796
13744	13745	0.0576504990458
13744	13755	0.0763944983482
13745	13744	0.0576504990458
13745	13746	0.0576504990458
13746	13745	0.0576504990458
13746	13747	0.0576504990458
13747	13746	0.0576504990458
13747	13748	0.0576504990458
13748	13747	0.0576504990458
13748	13749	0.0576504990458
13749	13748	0.0576504990458
13749	13750	0.0576504990458
13750	13749	0.0576504990458
13750	13751	0.0576504990458
13751	13750	0.0576504990458
13751	13752	0.0576504990458
13752	13751	0.0576504990458
13752	13753	0.0576504990458
13753	13752	0.0576504990458
13753	13754	0.0576504990458
13754	13753	0.0576504990458
13755	13744	0.0763944983482
13755	13756	0.0763944983482
13756	13755	0.0763944983482
13756	13757	0.0763944983482
13757	13756	0.0763944983482
13757	13758	0.0763944983482
13758	13757	0.0763944983482
13758	13759	0.0763944983482
13759	13758	0.0763944983482
13759	13760	0.0763944983482
13760	13759	0.0763944983482
13760	13761	0.0763944983482
13761	13760	0.0763944983482
13761	13762	0.0763944983482
13762	13761	0.0763944983482
13762	13763	0.0763944983482
13763	13762	0.0763944983482
13763	13764	0.0763944983482
13764	13763	0.0763944983482
13764	13765	0.0763944983482
13765	13764	0.0763944983482
13765	13766	0.0763944983482
13766	13765	0.0763944983482
13766	13767	0.0763944983482
13767	13766	0.0763944983482
13767	13768	0.0763944983482
13768	13767	0.0763944983482
13768	13769	0.0763944983482
13769	13768	0.0763944983482
13769	13770	0.0763944983482
13770	13769	0.0763944983482
13770	13771	0.0763944983482
13771	13770	0.0763944983482
13771	13772	0.0763944983482
13772	13771	0.0763944983482
13772	13773	0.0763944983482
13773	13772	0.0763944983482
13773	13774	0.0763944983482
13774	13773	0.0763944983482
13774	13775	0.0763944983482
13775	13774	0.0763944983482
13775	13776	0.0763944983482
13776	13775	0.0763944983482
13776	13777	0.0763944983482
13777	13776	0.0763944983482
13777	13778	0.0763944983482
13778	13777	0.0763944983482
13778	13779	0.0763944983482
13779	13778	0.0763944983482
13779	13780	0.0763944983482
13780	13779	0.0763944983482
13780	13781	0.0763944983482
13781	13780	0.0763944983482
13781	13782	0.0763944983482
13782	13781	0.0763944983482
13782	13783	0.0763944983482
13783	13782	0.0763944983482
13783	13784	0.0763944983482
13784	13783	0.0763944983482
13784	13785	0.0763944983482
13785	13784	0.0763944983482
13785	13786	0.0763944983482
13786	13785	0.0763944983482
13786	13787	0.0763944983482
13787	13786	0.0763944983482
13788	13474	0.058873500675
13788	13789	0.058873500675
13789	13788	0.058873500675
13789	13790	0.058873500675
13790	13789	0.058873500675
13790	13791	0.058873500675
13791	13790	0.058873500675
13791	13792	0.058873500675
13792	13791	0.058873500675
13792	13793	0.058873500675
13793	13792	0.058873500675
13793	13794	0.058873500675
13794	13793	0.058873500675
13794	13795	0.058873500675
13795	13794	0.058873500675
13795	13796	0.058873500675
13796	13795	0.058873500675
13796	13797	0.058873500675
13797	13796	0.058873500675
13797	13798	0.058873500675
13798	13797	0.058873500675
13798	13799	0.058873500675
13799	13798	0.058873500675
13799	13800	0.058873500675
13800	13799	0.058873500675
13800	13801	0.058873500675
13801	13800	0.058873500675
13801	13802	0.058873500675
13802	13801	0.058873500675
13802	13803	0.058873500675
13803	13802	0.058873500675
13803	13804	0.058873500675
13804	13803	0.058873500675
13804	13805	0.058873500675
13805	13804	0.058873500675
13805	13806	0.058873500675
13806	13805	0.058873500675
13806	13807	0.058873500675
13807	13806	0.058873500675
13807	13808	0.058873500675
13808	13807	0.058873500675
13808	13809	0.058873500675
13809	13808	0.058873500675
13809	13810	0.058873500675
13810	13809	0.058873500675
13810	13811	0.058873500675
13811	13810	0.058873500675
13811	13812	0.058873500675
13812	13811	0.058873500675
13812	13813	0.058873500675
13813	13812	0.058873500675
13813	13814	0.058873500675
13814	13813	0.058873500675
13814	13815	0.058873500675
13815	13814	0.058873500675
13815	13816	0.058873500675
13816	13815	0.058873500675
13816	13817	0.058873500675
13817	13816	0.058873500675
13817	13818	0.058873500675
13818	13817	0.058873500675
13818	13819	0.058873500675
13819	13818	0.058873500675
13819	13820	0.058873500675
13820	13819	0.058873500675
13820	13821	0.058873500675
13821	13820	0.058873500675
13821	13822	0.058873500675
13822	13821	0.058873500675
13822	13823	0.058873500675
13823	13822	0.058873500675
13823	13824	0.058873500675
13824	13823	0.058873500675
13824	13825	0.058873500675
13825	13824	0.058873500675
13825	13826	0.058873500675
13826	13825	0.058873500675
13826	13827	0.058873500675
13827	13826	0.058873500675
13828	13352	0.0961605012417
13828	13829	0.0961605012417
13829	13828	0.0961605012417
13829	13830	0.0961605012417
13830	13829	0.0961605012417
13830	13831	0.0961605012417
13831	13830	0.0961605012417
13831	13832	0.0961605012417
13832	13831	0.0961605012417
13832	13833	0.0961605012417
13833	13832	0.0961605012417
13833	13834	0.0961605012417
13834	13833	0.0961605012417
13834	13835	0.0961605012417
13835	13834	0.0961605012417
13835	13836	0.0961605012417
13836	13835	0.0961605012417
13836	13837	0.0961605012417
13837	13836	0.0961605012417
13837	13838	0.0961605012417
13838	13837	0.0961605012417
13838	13839	0.0961605012417
13839	13838	0.0961605012417
13839	13840	0.0961605012417
13840	13839	0.0961605012417
13840	13841	0.0961605012417
13841	13840	0.0961605012417
13841	13842	0.0961605012417
13842	13841	0.0961605012417
13842	13843	0.0961605012417
13843	13842	0.0961605012417
13843	13844	0.0961605012417
13844	13843	0.0961605012417
13844	13845	0.0961605012417
13845	13844	0.0961605012417
13845	13846	0.0961605012417
13846	13845	0.0961605012417
13846	13847	0.0961605012417
13847	13846	0.0961605012417
13847	13848	0.0961605012417
13848	13847	0.0961605012417
13848	13849	0.0961605012417
13849	13848	0.0961605012417
13849	13850	0.0904375016689
13849	13976	0.0530730001628
13850	13849	0.0904375016689
13850	13851	0.0904375016689
13851	13850	0.0904375016689
13851	13852	0.0904375016689
13852	13851	0.0904375016689
13852	13853	0.0904375016689
13853	13852	0.0904375016689
13853	13854	0.0904375016689
13854	13853	0.0904375016689
13854	13855	0.0904375016689
13855	13854	0.0904375016689
13855	13856	0.0904375016689
13856	13855	0.0904375016689
13856	13857	0.0904375016689
13857	13856	0.0904375016689
13857	13858	0.0904375016689
13858	13857	0.0904375016689
13858	13859	0.0904375016689
13859	13858	0.0904375016689
13859	13860	0.0904375016689
13860	13859	0.0904375016689
13860	13861	0.0904375016689
13861	13860	0.0904375016689
13861	13862	0.0904375016689
13862	13861	0.0904375016689
13862	13863	0.0904375016689
13863	13862	0.0904375016689
13863	13864	0.0904375016689
13864	13863	0.0904375016689
13864	13865	0.0904375016689
13865	13864	0.0904375016689
13865	13866	0.0904375016689
13866	13865	0.0904375016689
13866	13867	0.0904375016689
13867	13866	0.0904375016689
13867	13868	0.0904375016689
13868	13867	0.0904375016689
13868	13869	0.0904375016689
13869	13868	0.0904375016689
13869	13870	0.0904375016689
13870	13869	0.0904375016689
13870	13871	0.0904375016689
13871	13870	0.0904375016689
13871	13872	0.0609030015767
13871	13903	0.0800929963589
13872	13871	0.0609030015767
13872	13873	0.0609030015767
13873	13872	0.0609030015767
13873	13874	0.0609030015767
13874	13873	0.0609030015767
13874	13875	0.0609030015767
13875	13874	0.0609030015767
13875	13876	0.0609030015767
13876	13875	0.0609030015767
13876	13877	0.0609030015767
13877	13876	0.0609030015767
13877	13878	0.0609030015767
13878	13877	0.0609030015767
13878	13879	0.0609030015767
13879	13878	0.0609030015767
13879	13880	0.0609030015767
13880	13879	0.0609030015767
13880	13881	0.0609030015767
13881	13880	0.0609030015767
13881	13882	0.0609030015767
13882	13881	0.0609030015767
13882	13883	0.0609030015767
13883	13882	0.0609030015767
13883	13884	0.0609030015767
13884	13883	0.0609030015767
13884	13885	0.0609030015767
13885	13884	0.0609030015767
13885	13886	0.0609030015767
13886	13885	0.0609030015767
13886	13887	0.0609030015767
13887	13886	0.0609030015767
13887	13888	0.0609030015767
13888	13887	0.0609030015767
13888	13889	0.0609030015767
13889	13888	0.0609030015767
13889	13890	0.0609030015767
13890	13889	0.0609030015767
13890	13891	0.0609030015767
13891	13890	0.0609030015767
13891	13892	0.0609030015767
13892	13891	0.0609030015767
13892	13893	0.0609030015767
13893	13892	0.0609030015767
13893	13894	0.0609030015767
13894	13893	0.0609030015767
13894	13895	0.0609030015767
13895	13894	0.0609030015767
13895	13896	0.0609030015767
13896	13895	0.0609030015767
13896	13897	0.0609030015767
13897	13896	0.0609030015767
13897	13898	0.0609030015767
13898	13897	0.0609030015767
13898	13899	0.0609030015767
13899	13898	0.0609030015767
13899	13900	0.0609030015767
13900	13899	0.0609030015767
13900	13901	0.0609030015767
13901	13900	0.0609030015767
13901	13902	0.0609030015767
13902	13901	0.0609030015767
13903	13871	0.0800929963589
13903	13904	0.0800929963589
13904	13903	0.0800929963589
13904	13905	0.0585655011237
13904	13930	0.0678905025125
13905	13904	0.0585655011237
13905	13906	0.0585655011237
13906	13905	0.0585655011237
13906	13907	0.0585655011237
13907	13906	0.0585655011237
13907	13908	0.0585655011237
13908	13907	0.0585655011237
13908	13909	0.0585655011237
13909	13908	0.0585655011237
13909	13910	0.0585655011237
13910	13909	0.0585655011237
13910	13911	0.0585655011237
13911	13910	0.0585655011237
13911	13912	0.0585655011237
13912	13911	0.0585655011237
13912	13913	0.0585655011237
13913	13912	0.0585655011237
13913	13914	0.0585655011237
13914	13913	0.0585655011237
13914	13915	0.0585655011237
13915	13914	0.0585655011237
13915	13916	0.0585655011237
13916	13915	0.0585655011237
13916	13917	0.0585655011237
13917	13916	0.0585655011237
13917	13918	0.0585655011237
13918	13917	0.0585655011237
13918	13919	0.0585655011237
13919	13918	0.0585655011237
13919	13920	0.0585655011237
13920	13919	0.0585655011237
13920	13921	0.0585655011237
13921	13920	0.0585655011237
13921	13922	0.0585655011237
13922	13921	0.0585655011237
13922	13923	0.0585655011237
13923	13922	0.0585655011237
13923	13924	0.0585655011237
13924	13923	0.0585655011237
13924	13925	0.0585655011237
13925	13924	0.0585655011237
13925	13926	0.0585655011237
13926	13925	0.0585655011237
13926	13927	0.0585655011237
13927	13926	0.0585655011237
13927	13928	0.0585655011237
13928	13927	0.0585655011237
13928	13929	0.0585655011237
13929	13928	0.0585655011237
13930	13904	0.0678905025125
13930	13931	0.0678905025125
13931	13930	0.0678905025125
13931	13932	0.0678905025125
13932	13931	0.0678905025125
13932	13933	0.0678905025125
13933	13932	0.0678905025125
13933	13934	0.0678905025125
13934	13933	0.0678905025125
13934	13935	0.0678905025125
13935	13934	0.0678905025125
13935	13936	0.0678905025125
13936	13935	0.0678905025125
13936	13937	0.0678905025125
13937	13936	0.0678905025125
13937	13938	0.0678905025125
13938	13937	0.0678905025125
13938	13939	0.0678905025125
13939	13938	0.0678905025125
13939	13940	0.0678905025125
13940	13939	0.0678905025125
13940	13941	0.0678905025125
13941	13940	0.0678905025125
13941	13942	0.0678905025125
13942	13941	0.0678905025125
13942	13943	0.0678905025125
13943	13942	0.0678905025125
13943	13944	0.0678905025125
13944	13943	0.0678905025125
13944	13945	0.0678905025125
13945	13944	0.0678905025125
13945	13946	0.0678905025125
13946	13945	0.0678905025125
13946	13947	0.0678905025125
13947	13946	0.0678905025125
13947	13948	0.0678905025125
13948	13947	0.0678905025125
13948	13949	0.0678905025125
13949	13948	0.0678905025125
13949	13950	0.0678905025125
13950	13949	0.0678905025125
13950	13951	0.0678905025125
13951	13950	0.0678905025125
13951	13952	0.0678905025125
13952	13951	0.0678905025125
13952	13953	0.0678905025125
13953	13952	0.0678905025125
13953	13954	0.0678905025125
13954	13953	0.0678905025125
13954	13955	0.0678905025125
13955	13954	0.0678905025125
13955	13956	0.0678905025125
13956	13955	0.0678905025125
13956	13957	0.0678905025125
13957	13956	0.0678905025125
13957	13958	0.0678905025125
13958	13957	0.0678905025125
13958	13959	0.0678905025125
13959	13958	0.0678905025125
13959	13960	0.0678905025125
13960	13959	0.0678905025125
13960	13961	0.0678905025125
13961	13960	0.0678905025125
13961	13962	0.0678905025125
13962	13961	0.0678905025125
13962	13963	0.0678905025125
13963	13962	0.0678905025125
13963	13964	0.0678905025125
13964	13963	0.0678905025125
13964	13965	0.0678905025125
13965	13964	0.0678905025125
13965	13966	0.0678905025125
13966	13965	0.0678905025125
13966	13967	0.0678905025125
13967	13966	0.0678905025125
13967	13968	0.0678905025125
13968	13967	0.0678905025125
13968	13969	0.0678905025125
13969	13968	0.0678905025125
13969	13970	0.0678905025125
13970	13969	0.0678905025125
13970	13971	0.0678905025125
13971	13970	0.0678905025125
13971	13972	0.0678905025125
13972	13971	0.0678905025125
13972	13973	0.0678905025125
13973	13972	0.0678905025125
13973	13974	0.0678905025125
13974	13973	0.0678905025125
13974	13975	0.0678905025125
13975	13974	0.0678905025125
13976	13849	0.0530730001628
13976	13977	0.0530730001628
13977	13976	0.0530730001628
13977	13978	0.0530730001628
13978	13977	0.0530730001628
13978	13979	0.0530730001628
13979	13978	0.0530730001628
13979	13980	0.0530730001628
13980	13979	0.0530730001628
13980	13981	0.0530730001628
13981	13980	0.0530730001628
13981	13982	0.0530730001628
13982	13981	0.0530730001628
13982	13983	0.0530730001628
13983	13982	0.0530730001628
13983	13984	0.0530730001628
13984	13983	0.0530730001628
13984	13985	0.0530730001628
13985	13984	0.0530730001628
13985	13986	0.0530730001628
13986	13985	0.0530730001628
13986	13987	0.0530730001628
13987	13986	0.0530730001628
13987	13988	0.0530730001628
13988	13987	0.0530730001628
13988	13989	0.0530730001628
13989	13988	0.0530730001628
13989	13990	0.0530730001628
13990	13989	0.0530730001628
13990	13991	0.0530730001628
13991	13990	0.0530730001628
13991	13992	0.0530730001628
13992	13991	0.0530730001628
13992	13993	0.0530730001628
13993	13992	0.0530730001628
13993	13994	0.0530730001628
13994	13993	0.0530730001628
13994	13995	0.0530730001628
13995	13994	0.0530730001628
13995	13996	0.0530730001628
13996	13995	0.0530730001628
13996	13997	0.0530730001628
13997	13996	0.0530730001628
13997	13998	0.0530730001628
13998	13997	0.0530730001628
13998	13999	0.0530730001628
13999	13998	0.0530730001628
13999	14000	0.0530730001628
14000	13999	0.0530730001628
14000	14001	0.0530730001628
14001	14000	0.0530730001628
14002	13143	0.0460225008428
14002	14003	0.0460225008428
14003	14002	0.0460225008428
14003	14004	0.0460225008428
14004	14003	0.0460225008428
14004	14005	0.0460225008428
14005	14004	0.0460225008428
14005	14006	0.0460225008428
14006	14005	0.0460225008428
14006	14007	0.0460225008428
14007	14006	0.0460225008428
14007	14008	0.0460225008428
14008	14007	0.0460225008428
14008	14009	0.0460225008428
14009	14008	0.0460225008428
14009	14010	0.0460225008428
14010	14009	0.0460225008428
14010	14011	0.0460225008428
14011	14010	0.0460225008428
14011	14012	0.0460225008428
14012	14011	0.0460225008428
14012	14013	0.0460225008428
14013	14012	0.0460225008428
14013	14014	0.0460225008428
14014	14013	0.0460225008428
14014	14015	0.0460225008428
14015	14014	0.0460225008428
14015	14016	0.0460225008428
14016	14015	0.0460225008428
14016	14017	0.0460225008428
14017	14016	0.0460225008428
14017	14018	0.0460225008428
14018	14017	0.0460225008428
14018	14019	0.0460225008428
14019	14018	0.0460225008428
14019	14020	0.0460225008428
14020	14019	0.0460225008428
14020	14021	0.0460225008428
14021	14020	0.0460225008428
14021	14022	0.0460225008428
14022	14021	0.0460225008428
14022	14023	0.0460225008428
14023	14022	0.0460225008428
14023	14024	0.0460225008428
14024	14023	0.0460225008428
14024	14025	0.0460225008428
14025	14024	0.0460225008428
14026	13119	0.0372205004096
14026	14027	0.0372205004096
14027	14026	0.0372205004096
14027	14028	0.0372205004096
14028	14027	0.0372205004096
14028	14029	0.0372205004096
14029	14028	0.0372205004096
14029	14030	0.0372205004096
14030	14029	0.0372205004096
14030	14031	0.0372205004096
14031	14030	0.0372205004096
14031	14032	0.0372205004096
14032	14031	0.0372205004096
14032	14033	0.0372205004096
14033	14032	0.0372205004096
14033	14034	0.0372205004096
14034	14033	0.0372205004096
14034	14035	0.0372205004096
14035	14034	0.0372205004096
14035	14036	0.0372205004096
14036	14035	0.0372205004096
14037	10846	0.0602165013552
14037	14038	0.0602165013552
14038	14037	0.0602165013552
14038	14039	0.0602165013552
14039	14038	0.0602165013552
14039	14040	0.0602165013552
14040	14039	0.0602165013552
14040	14041	0.0602165013552
14041	14040	0.0602165013552
14041	14042	0.0602165013552
14042	14041	0.0602165013552
14042	14043	0.0602165013552
14043	14042	0.0602165013552
14043	14044	0.0602165013552
14044	14043	0.0602165013552
14044	14045	0.0602165013552
14045	14044	0.0602165013552
14045	14046	0.0602165013552
14046	14045	0.0602165013552
14046	14047	0.0602165013552
14047	14046	0.0602165013552
14047	14048	0.0602165013552
14048	14047	0.0602165013552
14048	14049	0.0602165013552
14049	14048	0.0602165013552
14049	14050	0.0602165013552
14050	14049	0.0602165013552
14050	14051	0.0602165013552
14051	14050	0.0602165013552
14051	14052	0.0602165013552
14052	14051	0.0602165013552
14052	14053	0.0602165013552
14053	14052	0.0602165013552
14053	14054	0.0602165013552
14054	14053	0.0602165013552
14054	14055	0.0602165013552
14055	14054	0.0602165013552
14055	14056	0.0602165013552
14056	14055	0.0602165013552
14056	14057	0.0560855008662
14056	14095	0.0347405001521
14057	14056	0.0560855008662
14057	14058	0.0560855008662
14058	14057	0.0560855008662
14058	14059	0.0560855008662
14059	14058	0.0560855008662
14059	14060	0.0560855008662
14060	14059	0.0560855008662
14060	14061	0.0560855008662
14061	14060	0.0560855008662
14061	14062	0.0560855008662
14062	14061	0.0560855008662
14062	14063	0.0560855008662
14063	14062	0.0560855008662
14063	14064	0.0560855008662
14064	14063	0.0560855008662
14064	14065	0.0560855008662
14065	14064	0.0560855008662
14065	14066	0.0560855008662
14066	14065	0.0560855008662
14066	14067	0.0560855008662
14067	14066	0.0560855008662
14067	14068	0.0560855008662
14068	14067	0.0560855008662
14068	14069	0.0560855008662
14069	14068	0.0560855008662
14069	14070	0.0560855008662
14070	14069	0.0560855008662
14070	14071	0.0560855008662
14071	14070	0.0560855008662
14071	14072	0.0560855008662
14072	14071	0.0560855008662
14072	14073	0.0560855008662
14073	14072	0.0560855008662
14073	14074	0.0560855008662
14074	14073	0.0560855008662
14074	14075	0.0560855008662
14075	14074	0.0560855008662
14075	14076	0.0560855008662
14076	14075	0.0560855008662
14076	14077	0.0560855008662
14077	14076	0.0560855008662
14077	14078	0.0560855008662
14078	14077	0.0560855008662
14078	14079	0.0560855008662
14079	14078	0.0560855008662
14079	14080	0.0560855008662
14080	14079	0.0560855008662
14080	14081	0.0560855008662
14081	14080	0.0560855008662
14081	14082	0.0560855008662
14082	14081	0.0560855008662
14082	14083	0.0560855008662
14083	14082	0.0560855008662
14083	14084	0.0560855008662
14084	14083	0.0560855008662
14084	14085	0.0560855008662
14085	14084	0.0560855008662
14085	14086	0.0560855008662
14086	14085	0.0560855008662
14086	14087	0.0560855008662
14087	14086	0.0560855008662
14087	14088	0.0560855008662
14088	14087	0.0560855008662
14088	14089	0.0560855008662
14089	14088	0.0560855008662
14089	14090	0.0560855008662
14090	14089	0.0560855008662
14090	14091	0.0560855008662
14091	14090	0.0560855008662
14091	14092	0.0560855008662
14092	14091	0.0560855008662
14092	14093	0.0560855008662
14093	14092	0.0560855008662
14093	14094	0.0560855008662
14094	14093	0.0560855008662
14095	14056	0.0347405001521
14095	14096	0.0347405001521
14096	14095	0.0347405001521
14096	14097	0.0347405001521
14097	14096	0.0347405001521
14097	14098	0.0347405001521
14098	14097	0.0347405001521
14098	14099	0.0347405001521
14099	14098	0.0347405001521
14100	10840	0.0381040014327
14100	14101	0.0381040014327
14101	14100	0.0381040014327
14101	14102	0.0381040014327
14102	14101	0.0381040014327
14102	14103	0.0381040014327
14103	14102	0.0381040014327
14103	14104	0.0381040014327
14104	14103	0.0381040014327
14104	14105	0.0381040014327
14105	14104	0.0381040014327
14105	14106	0.0381040014327
14106	14105	0.0381040014327
14106	14107	0.0381040014327
14107	14106	0.0381040014327
14107	14108	0.0381040014327
14108	14107	0.0381040014327
14108	14109	0.0381040014327
14109	14108	0.0381040014327
14109	14110	0.0381040014327
14110	14109	0.0381040014327
14110	14111	0.0381040014327
14111	14110	0.0381040014327
14111	14112	0.0381040014327
14112	14111	0.0381040014327
14112	14113	0.0381040014327
14113	14112	0.0381040014327
14113	14114	0.0381040014327
14114	14113	0.0381040014327
14115	10370	0.0615445002913
14115	14116	0.0615445002913
14116	14115	0.0615445002913
14116	14117	0.0615445002913
14117	14116	0.0615445002913
14117	14118	0.0615445002913
14118	14117	0.0615445002913
14118	14119	0.0615445002913
14119	14118	0.0615445002913
14119	14120	0.0615445002913
14120	14119	0.0615445002913
14120	14121	0.0615445002913
14121	14120	0.0615445002913
14121	14122	0.0615445002913
14122	14121	0.0615445002913
14122	14123	0.0615445002913
14123	14122	0.0615445002913
14123	14124	0.0615445002913
14124	14123	0.0615445002913
14124	14125	0.0615445002913
14125	14124	0.0615445002913
14125	14126	0.0615445002913
14126	14125	0.0615445002913
14126	14127	0.0615445002913
14127	14126	0.0615445002913
14127	14128	0.0615445002913
14128	14127	0.0615445002913
14128	14129	0.0615445002913
14129	14128	0.0615445002913
14129	14130	0.0615445002913
14130	14129	0.0615445002913
14130	14131	0.0615445002913
14131	14130	0.0615445002913
14131	14132	0.0615445002913
14132	14131	0.0615445002913
14132	14133	0.0615445002913
14133	14132	0.0615445002913
14133	14134	0.0615445002913
14134	14133	0.0615445002913
14134	14135	0.0615445002913
14135	14134	0.0615445002913
14135	14136	0.0615445002913
14136	14135	0.0615445002913
14136	14137	0.0615445002913
14137	14136	0.0615445002913
14137	14138	0.0615445002913
14138	14137	0.0615445002913
14138	14139	0.0615445002913
14139	14138	0.0615445002913
14139	14140	0.0615445002913
14140	14139	0.0615445002913
14140	14141	0.0615445002913
14141	14140	0.0615445002913
14141	14142	0.0615445002913
14142	14141	0.0615445002913
14142	14143	0.0615445002913
14143	14142	0.0615445002913
14143	14144	0.0615445002913
14144	14143	0.0615445002913
14144	14145	0.0615445002913
14145	14144	0.0615445002913
14145	14146	0.0615445002913
14146	14145	0.0615445002913
14146	14147	0.0346839986742
14146	14151	0.0576290003955
14147	14146	0.0346839986742
14147	14148	0.0346839986742
14148	14147	0.0346839986742
14148	14149	0.0346839986742
14149	14148	0.0346839986742
14149	14150	0.0346839986742
14150	14149	0.0346839986742
14151	14146	0.0576290003955
14151	14152	0.0576290003955
14152	14151	0.0576290003955
14152	14153	0.0576290003955
14153	14152	0.0576290003955
14153	14154	0.0576290003955
14154	14153	0.0576290003955
14154	14155	0.0576290003955
14155	14154	0.0576290003955
14155	14156	0.0576290003955
14156	14155	0.0576290003955
14156	14157	0.0576290003955
14157	14156	0.0576290003955
14157	14158	0.0576290003955
14158	14157	0.0576290003955
14158	14159	0.0576290003955
14159	14158	0.0576290003955
14159	14160	0.0576290003955
14160	14159	0.0576290003955
14160	14161	0.0576290003955
14161	14160	0.0576290003955
14161	14162	0.0576290003955
14162	14161	0.0576290003955
14162	14163	0.0576290003955
14163	14162	0.0576290003955
14163	14164	0.0576290003955
14164	14163	0.0576290003955
14164	14165	0.0576290003955
14165	14164	0.0576290003955
14165	14166	0.0576290003955
14166	14165	0.0576290003955
14166	14167	0.0576290003955
14167	14166	0.0576290003955
14167	14168	0.0576290003955
14168	14167	0.0576290003955
14168	14169	0.0576290003955
14169	14168	0.0576290003955
14169	14170	0.0576290003955
14170	14169	0.0576290003955
14170	14171	0.0576290003955
14171	14170	0.0576290003955
14171	14172	0.0576290003955
14172	14171	0.0576290003955
14172	14173	0.0576290003955
14173	14172	0.0576290003955
14173	14174	0.0576290003955
14174	14173	0.0576290003955
14174	14175	0.0576290003955
14175	14174	0.0576290003955
14175	14176	0.0576290003955
14176	14175	0.0576290003955
14176	14177	0.0576290003955
14177	14176	0.0576290003955
14177	14178	0.0576290003955
14178	14177	0.0576290003955
14178	14179	0.0576290003955
14179	14178	0.0576290003955
14179	14180	0.0576290003955
14180	14179	0.0576290003955
14180	14181	0.0576290003955
14181	14180	0.0576290003955
14181	14182	0.0576290003955
14182	14181	0.0576290003955
14182	14183	0.0576290003955
14183	14182	0.0576290003955
14183	14184	0.0576290003955
14184	14183	0.0576290003955
14185	10355	0.0439084991813
14185	14186	0.0439084991813
14186	14185	0.0439084991813
14186	14187	0.0439084991813
14187	14186	0.0439084991813
14187	14188	0.0439084991813
14188	14187	0.0439084991813
14188	14189	0.0439084991813
14189	14188	0.0439084991813
14189	14190	0.0439084991813
14190	14189	0.0439084991813
14190	14191	0.0439084991813
14191	14190	0.0439084991813
14191	14192	0.0439084991813
14192	14191	0.0439084991813
14192	14193	0.0439084991813
14193	14192	0.0439084991813
14193	14194	0.0439084991813
14194	14193	0.0439084991813
14194	14195	0.0439084991813
14195	14194	0.0439084991813
14195	14196	0.0439084991813
14196	14195	0.0439084991813
14196	14197	0.0439084991813
14197	14196	0.0439084991813
14197	14198	0.0439084991813
14198	14197	0.0439084991813
14198	14199	0.0439084991813
14199	14198	0.0439084991813
14199	14200	0.0439084991813
14200	14199	0.0439084991813
14200	14201	0.0439084991813
14201	14200	0.0439084991813
14201	14202	0.0439084991813
14202	14201	0.0439084991813
14202	14203	0.0439084991813
14203	14202	0.0439084991813
14203	14204	0.0439084991813
14204	14203	0.0439084991813
14204	14205	0.0439084991813
14205	14204	0.0439084991813
14205	14206	0.0439084991813
14206	14205	0.0439084991813
14206	14207	0.0439084991813
14207	14206	0.0439084991813
14207	14208	0.0439084991813
14208	14207	0.0439084991813
14208	14209	0.0439084991813
14209	14208	0.0439084991813
14209	14210	0.0439084991813
14210	14209	0.0439084991813
14210	14211	0.0439084991813
14211	14210	0.0439084991813
14211	14212	0.0439084991813
14212	14211	0.0439084991813
14212	14213	0.0439084991813
14213	14212	0.0439084991813
14214	9606	0.0470465011895
14214	14215	0.0470465011895
14215	14214	0.0470465011895
14215	14216	0.0470465011895
14216	14215	0.0470465011895
14216	14217	0.0470465011895
14217	14216	0.0470465011895
14217	14218	0.0470465011895
14218	14217	0.0470465011895
14218	14219	0.0470465011895
14219	14218	0.0470465011895
14219	14220	0.0470465011895
14220	14219	0.0470465011895
14220	14221	0.0470465011895
14221	14220	0.0470465011895
14221	14222	0.0470465011895
14222	14221	0.0470465011895
14222	14223	0.0470465011895
14223	14222	0.0470465011895
14223	14224	0.0470465011895
14224	14223	0.0470465011895
14224	14225	0.0470465011895
14225	14224	0.0470465011895
14225	14226	0.0470465011895
14226	14225	0.0470465011895
14226	14227	0.0470465011895
14227	14226	0.0470465011895
14227	14228	0.0470465011895
14228	14227	0.0470465011895
14228	14229	0.0470465011895
14229	14228	0.0470465011895
14229	14230	0.0470465011895
14230	14229	0.0470465011895
14230	14231	0.0470465011895
14231	14230	0.0470465011895
14231	14232	0.0470465011895
14232	14231	0.0470465011895
14232	14233	0.0470465011895
14233	14232	0.0470465011895
14233	14234	0.0470465011895
14234	14233	0.0470465011895
14234	14235	0.0470465011895
14235	14234	0.0470465011895
14235	14236	0.0470465011895
14236	14235	0.0470465011895
14236	14237	0.0470465011895
14237	14236	0.0470465011895
14237	14238	0.0470465011895
14238	14237	0.0470465011895
14238	14239	0.0470465011895
14239	14238	0.0470465011895
14239	14240	0.0470465011895
14240	14239	0.0470465011895
14240	14241	0.0470465011895
14241	14240	0.0470465011895
14241	14242	0.0470465011895
14242	14241	0.0470465011895
14242	14243	0.0470465011895
14243	14242	0.0470465011895
14243	14244	0.0470465011895
14244	14243	0.0470465011895
14244	14245	0.0470465011895
14245	14244	0.0470465011895
14245	14246	0.0470465011895
14246	14245	0.0470465011895
14246	14247	0.0470465011895
14247	14246	0.0470465011895
14247	14248	0.0470465011895
14248	14247	0.0470465011895
14248	14249	0.0470465011895
14249	14248	0.0470465011895
14249	14250	0.0470465011895
14250	14249	0.0470465011895
14250	14251	0.0470465011895
14251	14250	0.0470465011895
14251	14252	0.0470465011895
14252	14251	0.0470465011895
14252	14253	0.0470465011895
14253	14252	0.0470465011895
14253	14254	0.0470465011895
14254	14253	0.0470465011895
14254	14255	0.0470465011895
14255	14254	0.0470465011895
14256	9596	0.0529354996979
14256	14257	0.0529354996979
14257	14256	0.0529354996979
14257	14258	0.0529354996979
14258	14257	0.0529354996979
14258	14259	0.0529354996979
14259	14258	0.0529354996979
14259	14260	0.0529354996979
14260	14259	0.0529354996979
14260	14261	0.0529354996979
14261	14260	0.0529354996979
14261	14262	0.0529354996979
14262	14261	0.0529354996979
14262	14263	0.0529354996979
14263	14262	0.0529354996979
14263	14264	0.0529354996979
14264	14263	0.0529354996979
14264	14265	0.0529354996979
14265	14264	0.0529354996979
14265	14266	0.0529354996979
14266	14265	0.0529354996979
14266	14267	0.0529354996979
14267	14266	0.0529354996979
14267	14268	0.0529354996979
14268	14267	0.0529354996979
14268	14269	0.0364634990692
14268	14278	0.0463929995894
14269	14268	0.0364634990692
14269	14270	0.0364634990692
14270	14269	0.0364634990692
14270	14271	0.0364634990692
14271	14270	0.0364634990692
14271	14272	0.0364634990692
14272	14271	0.0364634990692
14272	14273	0.0364634990692
14273	14272	0.0364634990692
14273	14274	0.0364634990692
14274	14273	0.0364634990692
14274	14275	0.0364634990692
14275	14274	0.0364634990692
14275	14276	0.0364634990692
14276	14275	0.0364634990692
14276	14277	0.0364634990692
14277	14276	0.0364634990692
14278	14268	0.0463929995894
14278	14279	0.0463929995894
14279	14278	0.0463929995894
14279	14280	0.0463929995894
14280	14279	0.0463929995894
14280	14281	0.0463929995894
14281	14280	0.0463929995894
14281	14282	0.0463929995894
14282	14281	0.0463929995894
14282	14283	0.0463929995894
14283	14282	0.0463929995894
14283	14284	0.0463929995894
14284	14283	0.0463929995894
14284	14285	0.0463929995894
14285	14284	0.0463929995894
14285	14286	0.0463929995894
14286	14285	0.0463929995894
14286	14287	0.0463929995894
14287	14286	0.0463929995894
14287	14288	0.0463929995894
14288	14287	0.0463929995894
14288	14289	0.0463929995894
14289	14288	0.0463929995894
14289	14290	0.0463929995894
14290	14289	0.0463929995894
14290	14291	0.0463929995894
14291	14290	0.0463929995894
14291	14292	0.0463929995894
14292	14291	0.0463929995894
14292	14293	0.0463929995894
14293	14292	0.0463929995894
14293	14294	0.0463929995894
14294	14293	0.0463929995894
14294	14295	0.0463929995894
14295	14294	0.0463929995894
14295	14296	0.0463929995894
14296	14295	0.0463929995894
14296	14297	0.0463929995894
14297	14296	0.0463929995894
14297	14298	0.0463929995894
14298	14297	0.0463929995894
14298	14299	0.0463929995894
14299	14298	0.0463929995894
14299	14300	0.0463929995894
14300	14299	0.0463929995894
14300	14301	0.0463929995894
14301	14300	0.0463929995894
14301	14302	0.0463929995894
14302	14301	0.0463929995894
14303	9482	0.100373499095
14303	14304	0.100373499095
14304	14303	0.100373499095
14304	14305	0.100373499095
14305	14304	0.100373499095
14305	14306	0.100373499095
14306	14305	0.100373499095
14306	14307	0.100373499095
14307	14306	0.100373499095
14307	14308	0.100373499095
14308	14307	0.100373499095
14308	14309	0.100373499095
14309	14308	0.100373499095
14309	14310	0.100373499095
14310	14309	0.100373499095
14310	14311	0.100373499095
14311	14310	0.100373499095
14311	14312	0.100373499095
14312	14311	0.100373499095
14312	14313	0.100373499095
14313	14312	0.100373499095
14313	14314	0.100373499095
14314	14313	0.100373499095
14314	14315	0.100373499095
14315	14314	0.100373499095
14315	14316	0.100373499095
14316	14315	0.100373499095
14316	14317	0.100373499095
14317	14316	0.100373499095
14317	14318	0.100373499095
14318	14317	0.100373499095
14318	14319	0.100373499095
14319	14318	0.100373499095
14319	14320	0.100373499095
14320	14319	0.100373499095
14320	14321	0.100373499095
14321	14320	0.100373499095
14321	14322	0.100373499095
14322	14321	0.100373499095
14322	14323	0.100373499095
14323	14322	0.100373499095
14323	14324	0.100373499095
14324	14323	0.100373499095
14324	14325	0.100373499095
14325	14324	0.100373499095
14325	14326	0.100373499095
14326	14325	0.100373499095
14326	14327	0.100373499095
14327	14326	0.100373499095
14327	14328	0.100373499095
14328	14327	0.100373499095
14328	14329	0.100373499095
14329	14328	0.100373499095
14329	14330	0.100373499095
14330	14329	0.100373499095
14330	14331	0.100373499095
14331	14330	0.100373499095
14331	14332	0.100373499095
14332	14331	0.100373499095
14332	14333	0.100373499095
14333	14332	0.100373499095
14333	14334	0.100373499095
14334	14333	0.100373499095
14334	14335	0.100373499095
14335	14334	0.100373499095
14335	14336	0.100373499095
14336	14335	0.100373499095
14336	14337	0.100373499095
14337	14336	0.100373499095
14337	14338	0.100373499095
14338	14337	0.100373499095
14338	14339	0.100373499095
14339	14338	0.100373499095
14339	14340	0.100373499095
14340	14339	0.100373499095
14340	14341	0.081917501986
14340	14492	0.0772799998522
14341	14340	0.081917501986
14341	14342	0.081917501986
14342	14341	0.081917501986
14342	14343	0.081917501986
14343	14342	0.081917501986
14343	14344	0.081917501986
14344	14343	0.081917501986
14344	14345	0.081917501986
14345	14344	0.081917501986
14345	14346	0.0806225016713
14345	14487	0.0294955000281
14346	14345	0.0806225016713
14346	14347	0.0806225016713
14347	14346	0.0806225016713
14347	14348	0.0806225016713
14348	14347	0.0806225016713
14348	14349	0.0806225016713
14349	14348	0.0806225016713
14349	14350	0.0806225016713
14350	14349	0.0806225016713
14350	14351	0.0806225016713
14351	14350	0.0806225016713
14351	14352	0.0806225016713
14352	14351	0.0806225016713
14352	14353	0.0806225016713
14353	14352	0.0806225016713
14353	14354	0.0806225016713
14354	14353	0.0806225016713
14354	14355	0.0806225016713
14355	14354	0.0806225016713
14355	14356	0.0806225016713
14356	14355	0.0806225016713
14356	14357	0.0806225016713
14357	14356	0.0806225016713
14357	14358	0.0806225016713
14358	14357	0.0806225016713
14358	14359	0.0806225016713
14359	14358	0.0806225016713
14359	14360	0.0806225016713
14360	14359	0.0806225016713
14360	14361	0.0806225016713
14361	14360	0.0806225016713
14361	14362	0.0806225016713
14362	14361	0.0806225016713
14362	14363	0.0806225016713
14363	14362	0.0806225016713
14363	14364	0.0806225016713
14364	14363	0.0806225016713
14364	14365	0.0806225016713
14365	14364	0.0806225016713
14365	14366	0.0806225016713
14366	14365	0.0806225016713
14366	14367	0.0806225016713
14367	14366	0.0806225016713
14367	14368	0.0806225016713
14368	14367	0.0806225016713
14368	14369	0.0806225016713
14369	14368	0.0806225016713
14369	14370	0.0806225016713
14370	14369	0.0806225016713
14370	14371	0.0806225016713
14371	14370	0.0806225016713
14371	14372	0.0806225016713
14372	14371	0.0806225016713
14372	14373	0.0806225016713
14373	14372	0.0806225016713
14373	14374	0.0806225016713
14374	14373	0.0806225016713
14374	14375	0.0806225016713
14375	14374	0.0806225016713
14375	14376	0.0479515008628
14375	14399	0.0745180025697
14376	14375	0.0479515008628
14376	14377	0.0479515008628
14377	14376	0.0479515008628
14377	14378	0.0479515008628
14378	14377	0.0479515008628
14378	14379	0.0479515008628
14379	14378	0.0479515008628
14379	14380	0.0479515008628
14380	14379	0.0479515008628
14380	14381	0.0479515008628
14381	14380	0.0479515008628
14381	14382	0.0479515008628
14382	14381	0.0479515008628
14382	14383	0.0479515008628
14383	14382	0.0479515008628
14383	14384	0.0479515008628
14384	14383	0.0479515008628
14384	14385	0.0479515008628
14385	14384	0.0479515008628
14385	14386	0.0479515008628
14386	14385	0.0479515008628
14386	14387	0.0479515008628
14387	14386	0.0479515008628
14387	14388	0.0479515008628
14388	14387	0.0479515008628
14388	14389	0.0479515008628
14389	14388	0.0479515008628
14389	14390	0.0479515008628
14390	14389	0.0479515008628
14390	14391	0.0479515008628
14391	14390	0.0479515008628
14391	14392	0.0479515008628
14392	14391	0.0479515008628
14392	14393	0.0479515008628
14393	14392	0.0479515008628
14393	14394	0.0479515008628
14394	14393	0.0479515008628
14394	14395	0.0479515008628
14395	14394	0.0479515008628
14395	14396	0.0479515008628
14396	14395	0.0479515008628
14396	14397	0.0479515008628
14397	14396	0.0479515008628
14397	14398	0.0479515008628
14398	14397	0.0479515008628
14399	14375	0.0745180025697
14399	14400	0.0745180025697
14400	14399	0.0745180025697
14400	14401	0.0745180025697
14401	14400	0.0745180025697
14401	14402	0.0745180025697
14402	14401	0.0745180025697
14402	14403	0.0745180025697
14403	14402	0.0745180025697
14403	14404	0.0745180025697
14404	14403	0.0745180025697
14404	14405	0.0745180025697
14405	14404	0.0745180025697
14405	14406	0.0745180025697
14406	14405	0.0745180025697
14406	14407	0.0745180025697
14407	14406	0.0745180025697
14407	14408	0.0745180025697
14408	14407	0.0745180025697
14408	14409	0.0745180025697
14409	14408	0.0745180025697
14409	14410	0.0745180025697
14410	14409	0.0745180025697
14410	14411	0.0745180025697
14411	14410	0.0745180025697
14411	14412	0.0745180025697
14412	14411	0.0745180025697
14412	14413	0.0745180025697
14413	14412	0.0745180025697
14413	14414	0.0745180025697
14414	14413	0.0745180025697
14414	14415	0.0745180025697
14415	14414	0.0745180025697
14415	14416	0.0745180025697
14416	14415	0.0745180025697
14416	14417	0.0745180025697
14417	14416	0.0745180025697
14417	14418	0.0745180025697
14418	14417	0.0745180025697
14418	14419	0.0745180025697
14419	14418	0.0745180025697
14419	14420	0.0745180025697
14420	14419	0.0745180025697
14420	14421	0.0745180025697
14421	14420	0.0745180025697
14421	14422	0.0745180025697
14422	14421	0.0745180025697
14422	14423	0.0745180025697
14423	14422	0.0745180025697
14423	14424	0.0745180025697
14424	14423	0.0745180025697
14424	14425	0.0745180025697
14425	14424	0.0745180025697
14425	14426	0.0745180025697
14426	14425	0.0745180025697
14426	14427	0.0745180025697
14427	14426	0.0745180025697
14427	14428	0.0745180025697
14428	14427	0.0745180025697
14428	14429	0.0745180025697
14429	14428	0.0745180025697
14429	14430	0.0745180025697
14430	14429	0.0745180025697
14430	14431	0.0745180025697
14431	14430	0.0745180025697
14431	14432	0.0745180025697
14432	14431	0.0745180025697
14432	14433	0.0745180025697
14433	14432	0.0745180025697
14433	14434	0.0745180025697
14434	14433	0.0745180025697
14434	14435	0.0745180025697
14435	14434	0.0745180025697
14435	14436	0.0745180025697
14436	14435	0.0745180025697
14436	14437	0.0745180025697
14437	14436	0.0745180025697
14437	14438	0.0745180025697
14438	14437	0.0745180025697
14438	14439	0.0745180025697
14439	14438	0.0745180025697
14439	14440	0.0745180025697
14440	14439	0.0745180025697
14440	14441	0.0679944977164
14440	14479	0.0463284999132
14441	14440	0.0679944977164
14441	14442	0.0679944977164
14442	14441	0.0679944977164
14442	14443	0.0679944977164
14443	14442	0.0679944977164
14443	14444	0.0679944977164
14444	14443	0.0679944977164
14444	14445	0.0679944977164
14445	14444	0.0679944977164
14445	14446	0.0679944977164
14446	14445	0.0679944977164
14446	14447	0.0679944977164
14447	14446	0.0679944977164
14447	14448	0.0679944977164
14448	14447	0.0679944977164
14448	14449	0.0679944977164
14449	14448	0.0679944977164
14449	14450	0.0679944977164
14450	14449	0.0679944977164
14450	14451	0.0679944977164
14451	14450	0.0679944977164
14451	14452	0.0679944977164
14452	14451	0.0679944977164
14452	14453	0.0679944977164
14453	14452	0.0679944977164
14453	14454	0.0679944977164
14454	14453	0.0679944977164
14454	14455	0.0679944977164
14455	14454	0.0679944977164
14455	14456	0.0679944977164
14456	14455	0.0679944977164
14456	14457	0.0679944977164
14457	14456	0.0679944977164
14457	14458	0.0679944977164
14458	14457	0.0679944977164
14458	14459	0.0679944977164
14459	14458	0.0679944977164
14459	14460	0.0679944977164
14460	14459	0.0679944977164
14460	14461	0.0679944977164
14461	14460	0.0679944977164
14461	14462	0.0679944977164
14462	14461	0.0679944977164
14462	14463	0.0679944977164
14463	14462	0.0679944977164
14463	14464	0.0679944977164
14464	14463	0.0679944977164
14464	14465	0.0679944977164
14465	14464	0.0679944977164
14465	14466	0.0679944977164
14466	14465	0.0679944977164
14466	14467	0.0679944977164
14467	14466	0.0679944977164
14467	14468	0.0679944977164
14468	14467	0.0679944977164
14468	14469	0.0679944977164
14469	14468	0.0679944977164
14469	14470	0.0679944977164
14470	14469	0.0679944977164
14470	14471	0.0679944977164
14471	14470	0.0679944977164
14471	14472	0.0679944977164
14472	14471	0.0679944977164
14472	14473	0.0679944977164
14473	14472	0.0679944977164
14473	14474	0.0679944977164
14474	14473	0.0679944977164
14474	14475	0.0679944977164
14475	14474	0.0679944977164
14475	14476	0.0679944977164
14476	14475	0.0679944977164
14476	14477	0.0679944977164
14477	14476	0.0679944977164
14477	14478	0.0679944977164
14478	14477	0.0679944977164
14479	14440	0.0463284999132
14479	14480	0.0463284999132
14480	14479	0.0463284999132
14480	14481	0.0463284999132
14481	14480	0.0463284999132
14481	14482	0.0463284999132
14482	14481	0.0463284999132
14482	14483	0.0463284999132
14483	14482	0.0463284999132
14483	14484	0.0463284999132
14484	14483	0.0463284999132
14484	14485	0.0463284999132
14485	14484	0.0463284999132
14485	14486	0.0463284999132
14486	14485	0.0463284999132
14487	14345	0.0294955000281
14487	14488	0.0294955000281
14488	14487	0.0294955000281
14488	14489	0.0294955000281
14489	14488	0.0294955000281
14489	14490	0.0294955000281
14490	14489	0.0294955000281
14490	14491	0.0294955000281
14491	14490	0.0294955000281
14492	14340	0.0772799998522
14492	14493	0.0772799998522
14493	14492	0.0772799998522
14493	14494	0.0772799998522
14494	14493	0.0772799998522
14494	14495	0.0772799998522
14495	14494	0.0772799998522
14495	14496	0.0772799998522
14496	14495	0.0772799998522
14496	14497	0.0772799998522
14497	14496	0.0772799998522
14497	14498	0.0772799998522
14498	14497	0.0772799998522
14498	14499	0.0772799998522
14499	14498	0.0772799998522
14499	14500	0.0772799998522
14500	14499	0.0772799998522
14500	14501	0.0772799998522
14501	14500	0.0772799998522
14501	14502	0.0772799998522
14502	14501	0.0772799998522
14502	14503	0.0772799998522
14503	14502	0.0772799998522
14503	14504	0.0772799998522
14504	14503	0.0772799998522
14504	14505	0.0772799998522
14505	14504	0.0772799998522
14505	14506	0.0772799998522
14506	14505	0.0772799998522
14506	14507	0.0772799998522
14507	14506	0.0772799998522
14507	14508	0.0772799998522
14508	14507	0.0772799998522
14508	14509	0.0772799998522
14509	14508	0.0772799998522
14509	14510	0.0772799998522
14510	14509	0.0772799998522
14510	14511	0.0772799998522
14511	14510	0.0772799998522
14511	14512	0.0772799998522
14512	14511	0.0772799998522
14512	14513	0.0772799998522
14513	14512	0.0772799998522
14513	14514	0.0772799998522
14514	14513	0.0772799998522
14514	14515	0.0772799998522
14515	14514	0.0772799998522
14515	14516	0.0772799998522
14516	14515	0.0772799998522
14516	14517	0.0772799998522
14517	14516	0.0772799998522
14517	14518	0.0772799998522
14518	14517	0.0772799998522
14518	14519	0.0772799998522
14519	14518	0.0772799998522
14519	14520	0.0772799998522
14520	14519	0.0772799998522
14520	14521	0.0772799998522
14521	14520	0.0772799998522
14521	14522	0.0772799998522
14522	14521	0.0772799998522
14522	14523	0.0710320025682
14522	14600	0.0468959994614
14523	14522	0.0710320025682
14523	14524	0.0710320025682
14524	14523	0.0710320025682
14524	14525	0.0710320025682
14525	14524	0.0710320025682
14525	14526	0.0710320025682
14526	14525	0.0710320025682
14526	14527	0.0710320025682
14527	14526	0.0710320025682
14527	14528	0.0710320025682
14528	14527	0.0710320025682
14528	14529	0.0710320025682
14529	14528	0.0710320025682
14529	14530	0.0710320025682
14530	14529	0.0710320025682
14530	14531	0.0710320025682
14531	14530	0.0710320025682
14531	14532	0.0710320025682
14532	14531	0.0710320025682
14532	14533	0.0710320025682
14533	14532	0.0710320025682
14533	14534	0.0710320025682
14534	14533	0.0710320025682
14534	14535	0.0710320025682
14535	14534	0.0710320025682
14535	14536	0.0710320025682
14536	14535	0.0710320025682
14536	14537	0.0710320025682
14537	14536	0.0710320025682
14537	14538	0.0710320025682
14538	14537	0.0710320025682
14538	14539	0.0710320025682
14539	14538	0.0710320025682
14539	14540	0.0710320025682
14540	14539	0.0710320025682
14540	14541	0.0710320025682
14541	14540	0.0710320025682
14541	14542	0.0710320025682
14542	14541	0.0710320025682
14542	14543	0.0710320025682
14543	14542	0.0710320025682
14543	14544	0.0566920004785
14543	14573	0.0560609996319
14544	14543	0.0566920004785
14544	14545	0.0566920004785
14545	14544	0.0566920004785
14545	14546	0.0566920004785
14546	14545	0.0566920004785
14546	14547	0.0566920004785
14547	14546	0.0566920004785
14547	14548	0.0566920004785
14548	14547	0.0566920004785
14548	14549	0.0566920004785
14549	14548	0.0566920004785
14549	14550	0.0566920004785
14550	14549	0.0566920004785
14550	14551	0.0566920004785
14551	14550	0.0566920004785
14551	14552	0.0566920004785
14552	14551	0.0566920004785
14552	14553	0.0566920004785
14553	14552	0.0566920004785
14553	14554	0.0566920004785
14554	14553	0.0566920004785
14554	14555	0.0566920004785
14555	14554	0.0566920004785
14555	14556	0.0566920004785
14556	14555	0.0566920004785
14556	14557	0.0566920004785
14557	14556	0.0566920004785
14557	14558	0.0566920004785
14558	14557	0.0566920004785
14558	14559	0.0566920004785
14559	14558	0.0566920004785
14559	14560	0.0566920004785
14560	14559	0.0566920004785
14560	14561	0.0566920004785
14561	14560	0.0566920004785
14561	14562	0.0566920004785
14562	14561	0.0566920004785
14562	14563	0.0566920004785
14563	14562	0.0566920004785
14563	14564	0.0566920004785
14564	14563	0.0566920004785
14564	14565	0.0566920004785
14565	14564	0.0566920004785
14565	14566	0.0566920004785
14566	14565	0.0566920004785
14566	14567	0.0566920004785
14567	14566	0.0566920004785
14567	14568	0.0566920004785
14568	14567	0.0566920004785
14568	14569	0.0566920004785
14569	14568	0.0566920004785
14569	14570	0.0566920004785
14570	14569	0.0566920004785
14570	14571	0.0566920004785
14571	14570	0.0566920004785
14571	14572	0.0566920004785
14572	14571	0.0566920004785
14573	14543	0.0560609996319
14573	14574	0.0560609996319
14574	14573	0.0560609996319
14574	14575	0.0560609996319
14575	14574	0.0560609996319
14575	14576	0.0560609996319
14576	14575	0.0560609996319
14576	14577	0.0560609996319
14577	14576	0.0560609996319
14577	14578	0.0560609996319
14578	14577	0.0560609996319
14578	14579	0.0560609996319
14579	14578	0.0560609996319
14579	14580	0.0560609996319
14580	14579	0.0560609996319
14580	14581	0.0560609996319
14581	14580	0.0560609996319
14581	14582	0.0560609996319
14582	14581	0.0560609996319
14582	14583	0.0560609996319
14583	14582	0.0560609996319
14583	14584	0.0560609996319
14584	14583	0.0560609996319
14584	14585	0.0560609996319
14585	14584	0.0560609996319
14585	14586	0.0560609996319
14586	14585	0.0560609996319
14586	14587	0.0560609996319
14587	14586	0.0560609996319
14587	14588	0.0560609996319
14588	14587	0.0560609996319
14588	14589	0.0560609996319
14589	14588	0.0560609996319
14589	14590	0.0560609996319
14590	14589	0.0560609996319
14590	14591	0.0560609996319
14591	14590	0.0560609996319
14591	14592	0.0560609996319
14592	14591	0.0560609996319
14592	14593	0.0560609996319
14593	14592	0.0560609996319
14593	14594	0.0560609996319
14594	14593	0.0560609996319
14594	14595	0.0560609996319
14595	14594	0.0560609996319
14595	14596	0.0560609996319
14596	14595	0.0560609996319
14596	14597	0.0560609996319
14597	14596	0.0560609996319
14597	14598	0.0560609996319
14598	14597	0.0560609996319
14598	14599	0.0560609996319
14599	14598	0.0560609996319
14600	14522	0.0468959994614
14600	14601	0.0468959994614
14601	14600	0.0468959994614
14601	14602	0.0468959994614
14602	14601	0.0468959994614
14602	14603	0.0468959994614
14603	14602	0.0468959994614
14603	14604	0.0468959994614
14604	14603	0.0468959994614
14604	14605	0.0468959994614
14605	14604	0.0468959994614
14605	14606	0.0468959994614
14606	14605	0.0468959994614
14606	14607	0.0468959994614
14607	14606	0.0468959994614
14607	14608	0.0468959994614
14608	14607	0.0468959994614
14608	14609	0.0468959994614
14609	14608	0.0468959994614
14609	14610	0.0468959994614
14610	14609	0.0468959994614
14610	14611	0.0468959994614
14611	14610	0.0468959994614
14611	14612	0.0468959994614
14612	14611	0.0468959994614
14612	14613	0.0468959994614
14613	14612	0.0468959994614
14613	14614	0.0468959994614
14614	14613	0.0468959994614
14614	14615	0.0468959994614
14615	14614	0.0468959994614
14615	14616	0.0468959994614
14616	14615	0.0468959994614
14616	14617	0.0468959994614
14617	14616	0.0468959994614
14617	14618	0.0468959994614
14618	14617	0.0468959994614
14618	14619	0.0468959994614
14619	14618	0.0468959994614
14619	14620	0.0468959994614
14620	14619	0.0468959994614
14621	9475	0.037583000958
14621	14622	0.037583000958
14622	14621	0.037583000958
14622	14623	0.037583000958
14623	14622	0.037583000958
14623	14624	0.037583000958
14624	14623	0.037583000958
14624	14625	0.037583000958
14625	14624	0.037583000958
14625	14626	0.037583000958
14626	14625	0.037583000958
14626	14627	0.037583000958
14627	14626	0.037583000958
14627	14628	0.037583000958
14628	14627	0.037583000958
14628	14629	0.037583000958
14629	14628	0.037583000958
14629	14630	0.037583000958
14630	14629	0.037583000958
14630	14631	0.037583000958
14631	14630	0.037583000958
14631	14632	0.037583000958
14632	14631	0.037583000958
14632	14633	0.037583000958
14633	14632	0.037583000958
14633	14634	0.037583000958
14634	14633	0.037583000958
14634	14635	0.037583000958
14635	14634	0.037583000958
14635	14636	0.037583000958
14636	14635	0.037583000958
14636	14637	0.037583000958
14637	14636	0.037583000958
14637	14638	0.037583000958
14638	14637	0.037583000958
14638	14639	0.037583000958
14639	14638	0.037583000958
14640	9193	0.109700500965
14640	14641	0.109700500965
14641	14640	0.109700500965
14641	14642	0.109700500965
14642	14641	0.109700500965
14642	14643	0.109700500965
14643	14642	0.109700500965
14643	14644	0.109700500965
14644	14643	0.109700500965
14644	14645	0.109700500965
14645	14644	0.109700500965
14645	14646	0.109700500965
14646	14645	0.109700500965
14646	14647	0.109700500965
14647	14646	0.109700500965
14647	14648	0.109700500965
14648	14647	0.109700500965
14648	14649	0.109700500965
14649	14648	0.109700500965
14649	14650	0.109700500965
14650	14649	0.109700500965
14650	14651	0.109700500965
14651	14650	0.109700500965
14651	14652	0.109109997749
14651	15008	0.0276785008609
14652	14651	0.109109997749
14652	14653	0.109109997749
14653	14652	0.109109997749
14653	14654	0.109109997749
14654	14653	0.109109997749
14654	14655	0.109109997749
14655	14654	0.109109997749
14655	14656	0.109109997749
14656	14655	0.109109997749
14656	14657	0.109109997749
14657	14656	0.109109997749
14657	14658	0.109109997749
14658	14657	0.109109997749
14658	14659	0.109109997749
14659	14658	0.109109997749
14659	14660	0.109109997749
14660	14659	0.109109997749
14660	14661	0.109109997749
14661	14660	0.109109997749
14661	14662	0.109109997749
14662	14661	0.109109997749
14662	14663	0.109109997749
14663	14662	0.109109997749
14663	14664	0.109109997749
14664	14663	0.109109997749
14664	14665	0.0390155017376
14664	14684	0.107421502471
14665	14664	0.0390155017376
14665	14666	0.0390155017376
14666	14665	0.0390155017376
14666	14667	0.0390155017376
14667	14666	0.0390155017376
14667	14668	0.0390155017376
14668	14667	0.0390155017376
14668	14669	0.0390155017376
14669	14668	0.0390155017376
14669	14670	0.0390155017376
14670	14669	0.0390155017376
14670	14671	0.0390155017376
14671	14670	0.0390155017376
14671	14672	0.0390155017376
14672	14671	0.0390155017376
14672	14673	0.0390155017376
14673	14672	0.0390155017376
14673	14674	0.0390155017376
14674	14673	0.0390155017376
14674	14675	0.0390155017376
14675	14674	0.0390155017376
14675	14676	0.0390155017376
14676	14675	0.0390155017376
14676	14677	0.0390155017376
14677	14676	0.0390155017376
14677	14678	0.0390155017376
14678	14677	0.0390155017376
14678	14679	0.0390155017376
14679	14678	0.0390155017376
14679	14680	0.0390155017376
14680	14679	0.0390155017376
14680	14681	0.0390155017376
14681	14680	0.0390155017376
14681	14682	0.0390155017376
14682	14681	0.0390155017376
14682	14683	0.0390155017376
14683	14682	0.0390155017376
14684	14664	0.107421502471
14684	14685	0.107421502471
14685	14684	0.107421502471
14685	14686	0.107421502471
14686	14685	0.107421502471
14686	14687	0.107421502471
14687	14686	0.107421502471
14687	14688	0.107421502471
14688	14687	0.107421502471
14688	14689	0.107421502471
14689	14688	0.107421502471
14689	14690	0.107421502471
14690	14689	0.107421502471
14690	14691	0.107421502471
14691	14690	0.107421502471
14691	14692	0.107421502471
14692	14691	0.107421502471
14692	14693	0.107421502471
14693	14692	0.107421502471
14693	14694	0.107421502471
14694	14693	0.107421502471
14694	14695	0.107421502471
14695	14694	0.107421502471
14695	14696	0.107421502471
14696	14695	0.107421502471
14696	14697	0.0395535007119
14696	14715	0.105603002012
14697	14696	0.0395535007119
14697	14698	0.0395535007119
14698	14697	0.0395535007119
14698	14699	0.0395535007119
14699	14698	0.0395535007119
14699	14700	0.0395535007119
14700	14699	0.0395535007119
14700	14701	0.0395535007119
14701	14700	0.0395535007119
14701	14702	0.0395535007119
14702	14701	0.0395535007119
14702	14703	0.0395535007119
14703	14702	0.0395535007119
14703	14704	0.0395535007119
14704	14703	0.0395535007119
14704	14705	0.0395535007119
14705	14704	0.0395535007119
14705	14706	0.0395535007119
14706	14705	0.0395535007119
14706	14707	0.0395535007119
14707	14706	0.0395535007119
14707	14708	0.0395535007119
14708	14707	0.0395535007119
14708	14709	0.0395535007119
14709	14708	0.0395535007119
14709	14710	0.0395535007119
14710	14709	0.0395535007119
14710	14711	0.0395535007119
14711	14710	0.0395535007119
14711	14712	0.0395535007119
14712	14711	0.0395535007119
14712	14713	0.0395535007119
14713	14712	0.0395535007119
14713	14714	0.0395535007119
14714	14713	0.0395535007119
14715	14696	0.105603002012
14715	14716	0.105603002012
14716	14715	0.105603002012
14716	14717	0.105603002012
14717	14716	0.105603002012
14717	14718	0.105603002012
14718	14717	0.105603002012
14718	14719	0.105603002012
14719	14718	0.105603002012
14719	14720	0.105603002012
14720	14719	0.105603002012
14720	14721	0.105603002012
14721	14720	0.105603002012
14721	14722	0.105603002012
14722	14721	0.105603002012
14722	14723	0.105603002012
14723	14722	0.105603002012
14723	14724	0.105603002012
14724	14723	0.105603002012
14724	14725	0.105603002012
14725	14724	0.105603002012
14725	14726	0.053901001811
14725	14782	0.100698001683
14726	14725	0.053901001811
14726	14727	0.053901001811
14727	14726	0.053901001811
14727	14728	0.053901001811
14728	14727	0.053901001811
14728	14729	0.053901001811
14729	14728	0.053901001811
14729	14730	0.053901001811
14730	14729	0.053901001811
14730	14731	0.053901001811
14731	14730	0.053901001811
14731	14732	0.053901001811
14732	14731	0.053901001811
14732	14733	0.053901001811
14733	14732	0.053901001811
14733	14734	0.053901001811
14734	14733	0.053901001811
14734	14735	0.053901001811
14735	14734	0.053901001811
14735	14736	0.053901001811
14736	14735	0.053901001811
14736	14737	0.053901001811
14737	14736	0.053901001811
14737	14738	0.053901001811
14738	14737	0.053901001811
14738	14739	0.053901001811
14739	14738	0.053901001811
14739	14740	0.053901001811
14740	14739	0.053901001811
14740	14741	0.053901001811
14741	14740	0.053901001811
14741	14742	0.053901001811
14742	14741	0.053901001811
14742	14743	0.053901001811
14743	14742	0.053901001811
14743	14744	0.053901001811
14744	14743	0.053901001811
14744	14745	0.053901001811
14745	14744	0.053901001811
14745	14746	0.053901001811
14746	14745	0.053901001811
14746	14747	0.053901001811
14747	14746	0.053901001811
14747	14748	0.053901001811
14748	14747	0.053901001811
14748	14749	0.053901001811
14749	14748	0.053901001811
14749	14750	0.053901001811
14750	14749	0.053901001811
14750	14751	0.053901001811
14751	14750	0.053901001811
14751	14752	0.053901001811
14752	14751	0.053901001811
14752	14753	0.053901001811
14753	14752	0.053901001811
14753	14754	0.053901001811
14754	14753	0.053901001811
14754	14755	0.053901001811
14755	14754	0.053901001811
14755	14756	0.053901001811
14756	14755	0.053901001811
14756	14757	0.053901001811
14757	14756	0.053901001811
14757	14758	0.053901001811
14758	14757	0.053901001811
14758	14759	0.053901001811
14759	14758	0.053901001811
14759	14760	0.053901001811
14760	14759	0.053901001811
14760	14761	0.053901001811
14761	14760	0.053901001811
14761	14762	0.053901001811
14762	14761	0.053901001811
14762	14763	0.053901001811
14763	14762	0.053901001811
14763	14764	0.053901001811
14764	14763	0.053901001811
14764	14765	0.053901001811
14765	14764	0.053901001811
14765	14766	0.053901001811
14766	14765	0.053901001811
14766	14767	0.053901001811
14767	14766	0.053901001811
14767	14768	0.053901001811
14768	14767	0.053901001811
14768	14769	0.053901001811
14769	14768	0.053901001811
14769	14770	0.053901001811
14770	14769	0.053901001811
14770	14771	0.053901001811
14771	14770	0.053901001811
14771	14772	0.053901001811
14772	14771	0.053901001811
14772	14773	0.053901001811
14773	14772	0.053901001811
14773	14774	0.053901001811
14774	14773	0.053901001811
14774	14775	0.053901001811
14775	14774	0.053901001811
14775	14776	0.053901001811
14776	14775	0.053901001811
14776	14777	0.053901001811
14777	14776	0.053901001811
14777	14778	0.053901001811
14778	14777	0.053901001811
14778	14779	0.053901001811
14779	14778	0.053901001811
14779	14780	0.053901001811
14780	14779	0.053901001811
14780	14781	0.053901001811
14781	14780	0.053901001811
14782	14725	0.100698001683
14782	14783	0.100698001683
14783	14782	0.100698001683
14783	14784	0.100698001683
14784	14783	0.100698001683
14784	14785	0.100698001683
14785	14784	0.100698001683
14785	14786	0.100698001683
14786	14785	0.100698001683
14786	14787	0.100698001683
14787	14786	0.100698001683
14787	14788	0.100698001683
14788	14787	0.100698001683
14788	14789	0.0440389998257
14788	14812	0.0978080034256
14789	14788	0.0440389998257
14789	14790	0.0440389998257
14790	14789	0.0440389998257
14790	14791	0.0440389998257
14791	14790	0.0440389998257
14791	14792	0.0440389998257
14792	14791	0.0440389998257
14792	14793	0.0440389998257
14793	14792	0.0440389998257
14793	14794	0.0440389998257
14794	14793	0.0440389998257
14794	14795	0.0440389998257
14795	14794	0.0440389998257
14795	14796	0.0440389998257
14796	14795	0.0440389998257
14796	14797	0.0440389998257
14797	14796	0.0440389998257
14797	14798	0.0440389998257
14798	14797	0.0440389998257
14798	14799	0.0440389998257
14799	14798	0.0440389998257
14799	14800	0.0440389998257
14800	14799	0.0440389998257
14800	14801	0.0440389998257
14801	14800	0.0440389998257
14801	14802	0.0440389998257
14802	14801	0.0440389998257
14802	14803	0.0440389998257
14803	14802	0.0440389998257
14803	14804	0.0440389998257
14804	14803	0.0440389998257
14804	14805	0.0440389998257
14805	14804	0.0440389998257
14805	14806	0.0440389998257
14806	14805	0.0440389998257
14806	14807	0.0440389998257
14807	14806	0.0440389998257
14807	14808	0.0440389998257
14808	14807	0.0440389998257
14808	14809	0.0440389998257
14809	14808	0.0440389998257
14809	14810	0.0440389998257
14810	14809	0.0440389998257
14810	14811	0.0440389998257
14811	14810	0.0440389998257
14812	14788	0.0978080034256
14812	14813	0.0978080034256
14813	14812	0.0978080034256
14813	14814	0.0978080034256
14814	14813	0.0978080034256
14814	14815	0.0978080034256
14815	14814	0.0978080034256
14815	14816	0.0978080034256
14816	14815	0.0978080034256
14816	14817	0.0978080034256
14817	14816	0.0978080034256
14817	14818	0.0978080034256
14818	14817	0.0978080034256
14818	14819	0.0978080034256
14819	14818	0.0978080034256
14819	14820	0.0978080034256
14820	14819	0.0978080034256
14820	14821	0.0978080034256
14821	14820	0.0978080034256
14821	14822	0.0978080034256
14822	14821	0.0978080034256
14822	14823	0.0978080034256
14823	14822	0.0978080034256
14823	14824	0.0978080034256
14824	14823	0.0978080034256
14824	14825	0.0978080034256
14825	14824	0.0978080034256
14825	14826	0.0978080034256
14826	14825	0.0978080034256
14826	14827	0.0953055024147
14826	14994	0.0412129983306
14827	14826	0.0953055024147
14827	14828	0.0953055024147
14828	14827	0.0953055024147
14828	14829	0.0953055024147
14829	14828	0.0953055024147
14829	14830	0.0953055024147
14830	14829	0.0953055024147
14830	14831	0.0953055024147
14831	14830	0.0953055024147
14831	14832	0.0953055024147
14832	14831	0.0953055024147
14832	14833	0.0953055024147
14833	14832	0.0953055024147
14833	14834	0.0953055024147
14834	14833	0.0953055024147
14834	14835	0.0953055024147
14835	14834	0.0953055024147
14835	14836	0.0953055024147
14836	14835	0.0953055024147
14836	14837	0.0953055024147
14837	14836	0.0953055024147
14837	14838	0.0953055024147
14838	14837	0.0953055024147
14838	14839	0.0953055024147
14839	14838	0.0953055024147
14839	14840	0.0953055024147
14840	14839	0.0953055024147
14840	14841	0.0953055024147
14841	14840	0.0953055024147
14841	14842	0.089562498033
14841	14962	0.0528074987233
14842	14841	0.089562498033
14842	14843	0.089562498033
14843	14842	0.089562498033
14843	14844	0.089562498033
14844	14843	0.089562498033
14844	14845	0.089562498033
14845	14844	0.089562498033
14845	14846	0.089562498033
14846	14845	0.089562498033
14846	14847	0.089562498033
14847	14846	0.089562498033
14847	14848	0.089562498033
14848	14847	0.089562498033
14848	14849	0.089562498033
14849	14848	0.089562498033
14849	14850	0.089562498033
14850	14849	0.089562498033
14850	14851	0.089562498033
14851	14850	0.089562498033
14851	14852	0.089562498033
14852	14851	0.089562498033
14852	14853	0.089562498033
14853	14852	0.089562498033
14853	14854	0.089562498033
14854	14853	0.089562498033
14854	14855	0.089562498033
14855	14854	0.089562498033
14855	14856	0.089562498033
14856	14855	0.089562498033
14856	14857	0.089562498033
14857	14856	0.089562498033
14857	14858	0.089562498033
14858	14857	0.089562498033
14858	14859	0.089562498033
14859	14858	0.089562498033
14859	14860	0.089562498033
14860	14859	0.089562498033
14860	14861	0.089562498033
14861	14860	0.089562498033
14861	14862	0.089562498033
14862	14861	0.089562498033
14862	14863	0.0396935008466
14862	14870	0.0868839994073
14863	14862	0.0396935008466
14863	14864	0.0396935008466
14864	14863	0.0396935008466
14864	14865	0.0396935008466
14865	14864	0.0396935008466
14865	14866	0.0396935008466
14866	14865	0.0396935008466
14866	14867	0.0396935008466
14867	14866	0.0396935008466
14867	14868	0.0396935008466
14868	14867	0.0396935008466
14868	14869	0.0396935008466
14869	14868	0.0396935008466
14870	14862	0.0868839994073
14870	14871	0.0868839994073
14871	14870	0.0868839994073
14871	14872	0.0868839994073
14872	14871	0.0868839994073
14872	14873	0.0868839994073
14873	14872	0.0868839994073
14873	14874	0.0868839994073
14874	14873	0.0868839994073
14874	14875	0.0868839994073
14875	14874	0.0868839994073
14875	14876	0.0868839994073
14876	14875	0.0868839994073
14876	14877	0.0868839994073
14877	14876	0.0868839994073
14877	14878	0.0868839994073
14878	14877	0.0868839994073
14878	14879	0.0868839994073
14879	14878	0.0868839994073
14879	14880	0.0868839994073
14880	14879	0.0868839994073
14880	14881	0.0791494995356
14880	14942	0.0542915016413
14881	14880	0.0791494995356
14881	14882	0.0791494995356
14882	14881	0.0791494995356
14882	14883	0.0791494995356
14883	14882	0.0791494995356
14883	14884	0.0791494995356
14884	14883	0.0791494995356
14884	14885	0.0791494995356
14885	14884	0.0791494995356
14885	14886	0.0791494995356
14886	14885	0.0791494995356
14886	14887	0.0791494995356
14887	14886	0.0791494995356
14887	14888	0.0791494995356
14888	14887	0.0791494995356
14888	14889	0.0791494995356
14889	14888	0.0791494995356
14889	14890	0.0791494995356
14890	14889	0.0791494995356
14890	14891	0.0791494995356
14891	14890	0.0791494995356
14891	14892	0.0791494995356
14892	14891	0.0791494995356
14892	14893	0.0791494995356
14893	14892	0.0791494995356
14893	14894	0.0791494995356
14894	14893	0.0791494995356
14894	14895	0.061849500984
14894	14917	0.0637634992599
14895	14894	0.061849500984
14895	14896	0.061849500984
14896	14895	0.061849500984
14896	14897	0.061849500984
14897	14896	0.061849500984
14897	14898	0.061849500984
14898	14897	0.061849500984
14898	14899	0.061849500984
14899	14898	0.061849500984
14899	14900	0.061849500984
14900	14899	0.061849500984
14900	14901	0.061849500984
14901	14900	0.061849500984
14901	14902	0.061849500984
14902	14901	0.061849500984
14902	14903	0.061849500984
14903	14902	0.061849500984
14903	14904	0.061849500984
14904	14903	0.061849500984
14904	14905	0.061849500984
14905	14904	0.061849500984
14905	14906	0.061849500984
14906	14905	0.061849500984
14906	14907	0.061849500984
14907	14906	0.061849500984
14907	14908	0.061849500984
14908	14907	0.061849500984
14908	14909	0.061849500984
14909	14908	0.061849500984
14909	14910	0.061849500984
14910	14909	0.061849500984
14910	14911	0.061849500984
14911	14910	0.061849500984
14911	14912	0.061849500984
14912	14911	0.061849500984
14912	14913	0.061849500984
14913	14912	0.061849500984
14913	14914	0.061849500984
14914	14913	0.061849500984
14914	14915	0.061849500984
14915	14914	0.061849500984
14915	14916	0.061849500984
14916	14915	0.061849500984
14917	14894	0.0637634992599
14917	14918	0.0637634992599
14918	14917	0.0637634992599
14918	14919	0.0637634992599
14919	14918	0.0637634992599
14919	14920	0.0637634992599
14920	14919	0.0637634992599
14920	14921	0.0637634992599
14921	14920	0.0637634992599
14921	14922	0.0637634992599
14922	14921	0.0637634992599
14922	14923	0.0637634992599
14923	14922	0.0637634992599
14923	14924	0.0637634992599
14924	14923	0.0637634992599
14924	14925	0.0637634992599
14925	14924	0.0637634992599
14925	14926	0.0637634992599
14926	14925	0.0637634992599
14926	14927	0.0637634992599
14927	14926	0.0637634992599
14927	14928	0.0637634992599
14928	14927	0.0637634992599
14928	14929	0.0637634992599
14929	14928	0.0637634992599
14929	14930	0.0637634992599
14930	14929	0.0637634992599
14930	14931	0.0637634992599
14931	14930	0.0637634992599
14931	14932	0.0637634992599
14932	14931	0.0637634992599
14932	14933	0.0637634992599
14933	14932	0.0637634992599
14933	14934	0.0637634992599
14934	14933	0.0637634992599
14934	14935	0.0637634992599
14935	14934	0.0637634992599
14935	14936	0.0637634992599
14936	14935	0.0637634992599
14936	14937	0.0637634992599
14937	14936	0.0637634992599
14937	14938	0.0637634992599
14938	14937	0.0637634992599
14938	14939	0.0637634992599
14939	14938	0.0637634992599
14939	14940	0.0637634992599
14940	14939	0.0637634992599
14940	14941	0.0637634992599
14941	14940	0.0637634992599
14942	14880	0.0542915016413
14942	14943	0.0542915016413
14943	14942	0.0542915016413
14943	14944	0.0542915016413
14944	14943	0.0542915016413
14944	14945	0.0542915016413
14945	14944	0.0542915016413
14945	14946	0.0542915016413
14946	14945	0.0542915016413
14946	14947	0.0542915016413
14947	14946	0.0542915016413
14947	14948	0.0542915016413
14948	14947	0.0542915016413
14948	14949	0.0542915016413
14949	14948	0.0542915016413
14949	14950	0.0542915016413
14950	14949	0.0542915016413
14950	14951	0.0542915016413
14951	14950	0.0542915016413
14951	14952	0.0542915016413
14952	14951	0.0542915016413
14952	14953	0.0542915016413
14953	14952	0.0542915016413
14953	14954	0.0542915016413
14954	14953	0.0542915016413
14954	14955	0.0542915016413
14955	14954	0.0542915016413
14955	14956	0.0542915016413
14956	14955	0.0542915016413
14956	14957	0.0542915016413
14957	14956	0.0542915016413
14957	14958	0.0542915016413
14958	14957	0.0542915016413
14958	14959	0.0542915016413
14959	14958	0.0542915016413
14959	14960	0.0542915016413
14960	14959	0.0542915016413
14960	14961	0.0542915016413
14961	14960	0.0542915016413
14962	14841	0.0528074987233
14962	14963	0.0528074987233
14963	14962	0.0528074987233
14963	14964	0.0528074987233
14964	14963	0.0528074987233
14964	14965	0.0528074987233
14965	14964	0.0528074987233
14965	14966	0.0528074987233
14966	14965	0.0528074987233
14966	14967	0.0528074987233
14967	14966	0.0528074987233
14967	14968	0.0528074987233
14968	14967	0.0528074987233
14968	14969	0.0528074987233
14969	14968	0.0528074987233
14969	14970	0.0528074987233
14970	14969	0.0528074987233
14970	14971	0.0528074987233
14971	14970	0.0528074987233
14971	14972	0.0528074987233
14972	14971	0.0528074987233
14972	14973	0.0528074987233
14973	14972	0.0528074987233
14973	14974	0.0528074987233
14974	14973	0.0528074987233
14974	14975	0.0528074987233
14975	14974	0.0528074987233
14975	14976	0.0528074987233
14976	14975	0.0528074987233
14976	14977	0.0528074987233
14977	14976	0.0528074987233
14977	14978	0.0528074987233
14978	14977	0.0528074987233
14978	14979	0.0528074987233
14979	14978	0.0528074987233
14979	14980	0.0528074987233
14980	14979	0.0528074987233
14980	14981	0.0528074987233
14981	14980	0.0528074987233
14981	14982	0.0528074987233
14982	14981	0.0528074987233
14982	14983	0.0528074987233
14983	14982	0.0528074987233
14983	14984	0.0528074987233
14984	14983	0.0528074987233
14984	14985	0.0528074987233
14985	14984	0.0528074987233
14985	14986	0.0528074987233
14986	14985	0.0528074987233
14986	14987	0.0528074987233
14987	14986	0.0528074987233
14987	14988	0.0528074987233
14988	14987	0.0528074987233
14988	14989	0.0528074987233
14989	14988	0.0528074987233
14989	14990	0.0528074987233
14990	14989	0.0528074987233
14990	14991	0.0528074987233
14991	14990	0.0528074987233
14991	14992	0.0528074987233
14992	14991	0.0528074987233
14992	14993	0.0528074987233
14993	14992	0.0528074987233
14994	14826	0.0412129983306
14994	14995	0.0412129983306
14995	14994	0.0412129983306
14995	14996	0.0412129983306
14996	14995	0.0412129983306
14996	14997	0.0412129983306
14997	14996	0.0412129983306
14997	14998	0.0412129983306
14998	14997	0.0412129983306
14998	14999	0.0412129983306
14999	14998	0.0412129983306
14999	15000	0.0412129983306
15000	14999	0.0412129983306
15000	15001	0.0412129983306
15001	15000	0.0412129983306
15001	15002	0.0412129983306
15002	15001	0.0412129983306
15002	15003	0.0412129983306
15003	15002	0.0412129983306
15003	15004	0.0412129983306
15004	15003	0.0412129983306
15004	15005	0.0412129983306
15005	15004	0.0412129983306
15005	15006	0.0412129983306
15006	15005	0.0412129983306
15006	15007	0.0412129983306
15007	15006	0.0412129983306
15008	14651	0.0276785008609
15008	15009	0.0276785008609
15009	15008	0.0276785008609
15009	15010	0.0276785008609
15010	15009	0.0276785008609
15010	15011	0.0276785008609
15011	15010	0.0276785008609
15011	15012	0.0276785008609
15012	15011	0.0276785008609
15013	9179	0.0400355011225
15013	15014	0.0400355011225
15014	15013	0.0400355011225
15014	15015	0.0400355011225
15015	15014	0.0400355011225
15015	15016	0.0400355011225
15016	15015	0.0400355011225
15016	15017	0.0400355011225
15017	15016	0.0400355011225
15017	15018	0.0400355011225
15018	15017	0.0400355011225
15018	15019	0.0400355011225
15019	15018	0.0400355011225
15019	15020	0.0400355011225
15020	15019	0.0400355011225
15020	15021	0.0400355011225
15021	15020	0.0400355011225
15021	15022	0.0400355011225
15022	15021	0.0400355011225
15022	15023	0.0400355011225
15023	15022	0.0400355011225
15023	15024	0.0400355011225
15024	15023	0.0400355011225
15024	15025	0.0400355011225
15025	15024	0.0400355011225
15025	15026	0.0400355011225
15026	15025	0.0400355011225
15026	15027	0.0400355011225
15027	15026	0.0400355011225
15027	15028	0.0400355011225
15028	15027	0.0400355011225
15028	15029	0.0400355011225
15029	15028	0.0400355011225
15029	15030	0.0400355011225
15030	15029	0.0400355011225
15030	15031	0.0400355011225
15031	15030	0.0400355011225
15031	15032	0.0400355011225
15032	15031	0.0400355011225
15032	15033	0.0400355011225
15033	15032	0.0400355011225
15033	15034	0.0400355011225
15034	15033	0.0400355011225
15034	15035	0.0400355011225
15035	15034	0.0400355011225
15035	15036	0.0400355011225
15036	15035	0.0400355011225
15036	15037	0.0400355011225
15037	15036	0.0400355011225
15037	15038	0.0400355011225
15038	15037	0.0400355011225
15038	15039	0.0400355011225
15039	15038	0.0400355011225
15040	9043	0.0711484998465
15040	15041	0.0711484998465
15041	15040	0.0711484998465
15041	15042	0.0711484998465
15042	15041	0.0711484998465
15042	15043	0.0711484998465
15043	15042	0.0711484998465
15043	15044	0.0711484998465
15044	15043	0.0711484998465
15044	15045	0.0711484998465
15045	15044	0.0711484998465
15045	15046	0.0711484998465
15046	15045	0.0711484998465
15046	15047	0.0711484998465
15047	15046	0.0711484998465
15047	15048	0.0711484998465
15048	15047	0.0711484998465
15048	15049	0.0711484998465
15049	15048	0.0711484998465
15049	15050	0.0711484998465
15050	15049	0.0711484998465
15050	15051	0.0711484998465
15051	15050	0.0711484998465
15051	15052	0.0609470009804
15051	15145	0.0511435009539
15052	15051	0.0609470009804
15052	15053	0.0609470009804
15053	15052	0.0609470009804
15053	15054	0.0609470009804
15054	15053	0.0609470009804
15054	15055	0.0609470009804
15055	15054	0.0609470009804
15055	15056	0.0609470009804
15056	15055	0.0609470009804
15056	15057	0.0609470009804
15057	15056	0.0609470009804
15057	15058	0.0609470009804
15058	15057	0.0609470009804
15058	15059	0.0609470009804
15059	15058	0.0609470009804
15059	15060	0.0609470009804
15060	15059	0.0609470009804
15060	15061	0.0609470009804
15061	15060	0.0609470009804
15061	15062	0.0609470009804
15062	15061	0.0609470009804
15062	15063	0.0609470009804
15063	15062	0.0609470009804
15063	15064	0.0609470009804
15064	15063	0.0609470009804
15064	15065	0.0609470009804
15065	15064	0.0609470009804
15065	15066	0.0609470009804
15066	15065	0.0609470009804
15066	15067	0.0609470009804
15067	15066	0.0609470009804
15067	15068	0.0421435013413
15067	15089	0.0533140003681
15068	15067	0.0421435013413
15068	15069	0.0421435013413
15069	15068	0.0421435013413
15069	15070	0.0421435013413
15070	15069	0.0421435013413
15070	15071	0.0421435013413
15071	15070	0.0421435013413
15071	15072	0.0421435013413
15072	15071	0.0421435013413
15072	15073	0.0421435013413
15073	15072	0.0421435013413
15073	15074	0.0421435013413
15074	15073	0.0421435013413
15074	15075	0.0421435013413
15075	15074	0.0421435013413
15075	15076	0.0421435013413
15076	15075	0.0421435013413
15076	15077	0.0421435013413
15077	15076	0.0421435013413
15077	15078	0.0421435013413
15078	15077	0.0421435013413
15078	15079	0.0421435013413
15079	15078	0.0421435013413
15079	15080	0.0421435013413
15080	15079	0.0421435013413
15080	15081	0.0421435013413
15081	15080	0.0421435013413
15081	15082	0.0421435013413
15082	15081	0.0421435013413
15082	15083	0.0421435013413
15083	15082	0.0421435013413
15083	15084	0.0421435013413
15084	15083	0.0421435013413
15084	15085	0.0421435013413
15085	15084	0.0421435013413
15085	15086	0.0421435013413
15086	15085	0.0421435013413
15086	15087	0.0421435013413
15087	15086	0.0421435013413
15087	15088	0.0421435013413
15088	15087	0.0421435013413
15089	15067	0.0533140003681
15089	15090	0.0533140003681
15090	15089	0.0533140003681
15090	15091	0.0533140003681
15091	15090	0.0533140003681
15091	15092	0.0533140003681
15092	15091	0.0533140003681
15092	15093	0.0533140003681
15093	15092	0.0533140003681
15093	15094	0.0533140003681
15094	15093	0.0533140003681
15094	15095	0.0533140003681
15095	15094	0.0533140003681
15095	15096	0.0533140003681
15096	15095	0.0533140003681
15096	15097	0.0533140003681
15097	15096	0.0533140003681
15097	15098	0.0533140003681
15098	15097	0.0533140003681
15098	15099	0.0533140003681
15099	15098	0.0533140003681
15099	15100	0.0533140003681
15100	15099	0.0533140003681
15100	15101	0.0533140003681
15101	15100	0.0533140003681
15101	15102	0.0533140003681
15102	15101	0.0533140003681
15102	15103	0.0533140003681
15103	15102	0.0533140003681
15103	15104	0.0533140003681
15104	15103	0.0533140003681
15104	15105	0.0533140003681
15105	15104	0.0533140003681
15105	15106	0.0533140003681
15106	15105	0.0533140003681
15106	15107	0.0533140003681
15107	15106	0.0533140003681
15107	15108	0.0533140003681
15108	15107	0.0533140003681
15108	15109	0.0533140003681
15109	15108	0.0533140003681
15109	15110	0.0533140003681
15110	15109	0.0533140003681
15110	15111	0.0533140003681
15111	15110	0.0533140003681
15111	15112	0.0533140003681
15112	15111	0.0533140003681
15112	15113	0.0533140003681
15113	15112	0.0533140003681
15113	15114	0.0533140003681
15114	15113	0.0533140003681
15114	15115	0.0533140003681
15115	15114	0.0533140003681
15115	15116	0.0533140003681
15116	15115	0.0533140003681
15116	15117	0.0533140003681
15117	15116	0.0533140003681
15117	15118	0.0533140003681
15118	15117	0.0533140003681
15118	15119	0.0533140003681
15119	15118	0.0533140003681
15119	15120	0.0533140003681
15120	15119	0.0533140003681
15120	15121	0.0533140003681
15121	15120	0.0533140003681
15121	15122	0.0533140003681
15122	15121	0.0533140003681
15122	15123	0.0533140003681
15123	15122	0.0533140003681
15123	15124	0.0533140003681
15124	15123	0.0533140003681
15124	15125	0.0533140003681
15125	15124	0.0533140003681
15125	15126	0.0533140003681
15126	15125	0.0533140003681
15126	15127	0.0533140003681
15127	15126	0.0533140003681
15127	15128	0.0533140003681
15128	15127	0.0533140003681
15128	15129	0.0533140003681
15129	15128	0.0533140003681
15129	15130	0.0533140003681
15130	15129	0.0533140003681
15130	15131	0.0533140003681
15131	15130	0.0533140003681
15131	15132	0.0533140003681
15132	15131	0.0533140003681
15132	15133	0.0533140003681
15133	15132	0.0533140003681
15133	15134	0.0533140003681
15134	15133	0.0533140003681
15134	15135	0.0533140003681
15135	15134	0.0533140003681
15135	15136	0.0533140003681
15136	15135	0.0533140003681
15136	15137	0.0533140003681
15137	15136	0.0533140003681
15137	15138	0.0533140003681
15138	15137	0.0533140003681
15138	15139	0.0533140003681
15139	15138	0.0533140003681
15139	15140	0.0533140003681
15140	15139	0.0533140003681
15140	15141	0.0533140003681
15141	15140	0.0533140003681
15141	15142	0.0533140003681
15142	15141	0.0533140003681
15142	15143	0.0533140003681
15143	15142	0.0533140003681
15143	15144	0.0533140003681
15144	15143	0.0533140003681
15145	15051	0.0511435009539
15145	15146	0.0511435009539
15146	15145	0.0511435009539
15146	15147	0.0511435009539
15147	15146	0.0511435009539
15147	15148	0.0511435009539
15148	15147	0.0511435009539
15148	15149	0.0511435009539
15149	15148	0.0511435009539
15149	15150	0.0330229997635
15149	15159	0.0460669994354
15150	15149	0.0330229997635
15150	15151	0.0330229997635
15151	15150	0.0330229997635
15151	15152	0.0330229997635
15152	15151	0.0330229997635
15152	15153	0.0330229997635
15153	15152	0.0330229997635
15153	15154	0.0330229997635
15154	15153	0.0330229997635
15154	15155	0.0330229997635
15155	15154	0.0330229997635
15155	15156	0.0330229997635
15156	15155	0.0330229997635
15156	15157	0.0330229997635
15157	15156	0.0330229997635
15157	15158	0.0330229997635
15158	15157	0.0330229997635
15159	15149	0.0460669994354
15159	15160	0.0460669994354
15160	15159	0.0460669994354
15160	15161	0.0460669994354
15161	15160	0.0460669994354
15161	15162	0.0460669994354
15162	15161	0.0460669994354
15162	15163	0.0460669994354
15163	15162	0.0460669994354
15163	15164	0.0460669994354
15164	15163	0.0460669994354
15164	15165	0.0460669994354
15165	15164	0.0460669994354
15165	15166	0.0460669994354
15166	15165	0.0460669994354
15166	15167	0.0460669994354
15167	15166	0.0460669994354
15167	15168	0.0460669994354
15168	15167	0.0460669994354
15168	15169	0.0460669994354
15169	15168	0.0460669994354
15169	15170	0.0460669994354
15170	15169	0.0460669994354
15170	15171	0.0460669994354
15171	15170	0.0460669994354
15171	15172	0.0460669994354
15172	15171	0.0460669994354
15172	15173	0.0460669994354
15173	15172	0.0460669994354
15173	15174	0.0460669994354
15174	15173	0.0460669994354
15174	15175	0.0460669994354
15175	15174	0.0460669994354
15175	15176	0.0460669994354
15176	15175	0.0460669994354
15176	15177	0.0460669994354
15177	15176	0.0460669994354
15177	15178	0.0460669994354
15178	15177	0.0460669994354
15178	15179	0.0460669994354
15179	15178	0.0460669994354
15179	15180	0.0460669994354
15180	15179	0.0460669994354
15180	15181	0.0460669994354
15181	15180	0.0460669994354
15181	15182	0.0460669994354
15182	15181	0.0460669994354
15182	15183	0.0460669994354
15183	15182	0.0460669994354
15183	15184	0.0460669994354
15184	15183	0.0460669994354
15184	15185	0.0460669994354
15185	15184	0.0460669994354
15185	15186	0.0460669994354
15186	15185	0.0460669994354
15186	15187	0.0460669994354
15187	15186	0.0460669994354
15187	15188	0.0460669994354
15188	15187	0.0460669994354
15188	15189	0.0460669994354
15189	15188	0.0460669994354
15189	15190	0.0460669994354
15190	15189	0.0460669994354
15190	15191	0.0460669994354
15191	15190	0.0460669994354
15191	15192	0.0460669994354
15192	15191	0.0460669994354
