23.0	48.0	0.0
22.9822463989	47.975818634	0.0
22.9644927979	47.9516334534	0.0
22.9467372894	47.9274520874	0.0
22.9289836884	47.9032707214	0.0
22.9112300873	47.8790855408	0.0
22.8934764862	47.8549041748	0.0
22.8757228851	47.8307228088	0.0
22.8579673767	47.8065414429	0.0
22.8402137756	47.7823562622	0.0
22.8635616302	47.7635116577	0.0
22.888463974	47.7467803955	0.0
22.9133663177	47.7300491333	0.0
22.9382667542	47.7133178711	0.0
22.9631690979	47.6965904236	0.0
22.9880714417	47.6798591614	0.0
23.0129737854	47.6631278992	0.0
23.0378742218	47.6464004517	0.0
23.0627765656	47.6296691895	0.0
23.0876789093	47.6129379272	0.0
23.1125793457	47.596206665	0.0
23.1374816895	47.5794792175	0.0
23.1623840332	47.5627479553	0.0
23.187286377	47.5460166931	0.0
23.2121887207	47.5292892456	0.0
23.2370891571	47.5125579834	0.0
23.2619915009	47.4958267212	0.0
23.2868938446	47.479095459	0.0
23.311794281	47.4623680115	0.0
23.3366966248	47.4456367493	0.0
23.3615989685	47.4289054871	0.0
23.3864994049	47.4121742249	0.0
23.4114017487	47.3954467773	0.0
23.4363040924	47.3787155151	0.0
23.4612064362	47.3619842529	0.0
23.4861087799	47.3452568054	0.0
23.5110092163	47.3285255432	0.0
23.5359115601	47.311794281	0.0
23.5608139038	47.2950668335	0.0
23.5857143402	47.2783355713	0.0
23.610616684	47.2616043091	0.0
23.6355190277	47.2448768616	0.0
23.6604213715	47.2281455994	0.0
23.6853237152	47.2114143372	0.0
23.7102241516	47.194683075	0.0
23.7351264954	47.1779556274	0.0
23.7600288391	47.1612243652	0.0
23.7849292755	47.144493103	0.0
23.8098316193	47.1277656555	0.0
23.834733963	47.1110343933	0.0
23.8596343994	47.0943031311	0.0
23.8845367432	47.0775718689	0.0
23.9094390869	47.0608444214	0.0
23.9343414307	47.0441131592	0.0
23.9592437744	47.027381897	0.0
23.9841442108	47.0106506348	0.0
22.8209056854	47.7560577393	0.0
22.8031520844	47.7318763733	0.0
22.7853984833	47.7076911926	0.0
22.7676448822	47.6835098267	0.0
22.7498893738	47.6593284607	0.0
22.7321357727	47.63514328	0.0
22.7143821716	47.6109619141	0.0
22.6966285706	47.5867805481	0.0
22.6788730621	47.5625953674	0.0
22.7035560608	47.5459327698	0.0
22.7297916412	47.5313835144	0.0
22.756029129	47.516834259	0.0
22.7822647095	47.5022850037	0.0
22.8085002899	47.4877357483	0.0
22.8347377777	47.4731903076	0.0
22.8609733582	47.4586410522	0.0
22.8872108459	47.4440917969	0.0
22.9134464264	47.4295425415	0.0
22.9396820068	47.4149932861	0.0
22.9659175873	47.4004478455	0.0
22.9921550751	47.3858985901	0.0
23.0183906555	47.3713493347	0.0
23.044626236	47.3568000793	0.0
23.0708637238	47.342250824	0.0
23.0970993042	47.3277015686	0.0
23.123336792	47.3131523132	0.0
23.1495723724	47.2986068726	0.0
23.1758079529	47.2840576172	0.0
23.2020435333	47.2695083618	0.0
23.2282810211	47.2549591064	0.0
23.2545166016	47.2404098511	0.0
23.280752182	47.2258644104	0.0
23.3069896698	47.211315155	0.0
23.3332252502	47.1967658997	0.0
23.359462738	47.1822166443	0.0
23.3856983185	47.1676673889	0.0
23.4119338989	47.1531181335	0.0
23.4381694794	47.1385726929	0.0
23.4644050598	47.1240234375	0.0
23.4906425476	47.1094741821	0.0
23.5168781281	47.0949249268	0.0
23.5431156158	47.0803756714	0.0
23.5693511963	47.0658302307	0.0
23.5955886841	47.0512809753	0.0
23.6218242645	47.03673172	0.0
23.648059845	47.0221824646	0.0
23.6742954254	47.0076332092	0.0
23.7005329132	46.9930877686	0.0
23.7267684937	46.9785385132	0.0
23.7530040741	46.9639892578	0.0
23.7792415619	46.9494400024	0.0
23.8054771423	46.9348907471	0.0
23.8317127228	46.9203414917	0.0
23.8579502106	46.9057922363	0.0
23.884185791	46.8912467957	0.0
23.9104213715	46.8766975403	0.0
23.9366588593	46.8621482849	0.0
23.9628944397	46.8475990295	0.0
23.9891319275	46.8330497742	0.0
24.0153675079	46.8185043335	0.0
24.0416030884	46.8039550781	0.0
24.0678386688	46.7894058228	0.0
24.0940761566	46.7748565674	0.0
24.1203117371	46.760307312	0.0
24.1465473175	46.7457618713	0.0
24.1727848053	46.731212616	0.0
24.1990203857	46.7166633606	0.0
24.2252578735	46.7021141052	0.0
24.2631912231	46.7076072693	0.0
24.2910766602	46.7186737061	0.0
24.3189620972	46.7297363281	0.0
24.3468456268	46.7408027649	0.0
24.3747310638	46.7518692017	0.0
24.4026145935	46.7629356384	0.0
24.4305000305	46.7739982605	0.0
24.4583854675	46.7850646973	0.0
24.4862689972	46.796131134	0.0
24.5141544342	46.8071975708	0.0
24.5420379639	46.8182640076	0.0
24.5699234009	46.8293304443	0.0
24.5978088379	46.8403968811	0.0
24.6256923676	46.8514595032	0.0
24.6535778046	46.8625259399	0.0
24.6814613342	46.8735923767	0.0
24.7093467712	46.8846588135	0.0
24.7372303009	46.8957214355	0.0
24.7651157379	46.9067878723	0.0
24.7929992676	46.9178543091	0.0
24.8208847046	46.9289207458	0.0
24.8487682343	46.9399871826	0.0
24.8766536713	46.9510498047	0.0
24.9045372009	46.9621162415	0.0
24.9324226379	46.9731826782	0.0
24.9603061676	46.984249115	0.0
24.9881916046	46.9953155518	0.0
24.2615432739	46.6819915771	0.0
24.2877807617	46.6674423218	0.0
24.3140163422	46.6528968811	0.0
24.34025383	46.6383476257	0.0
24.3664894104	46.6237983704	0.0
24.3927249908	46.609249115	0.0
24.4189605713	46.5946998596	0.0
24.4451980591	46.5801506042	0.0
24.4714336395	46.5656013489	0.0
24.49766922	46.5510559082	0.0
24.5239067078	46.5365066528	0.0
24.5501422882	46.5219573975	0.0
24.576379776	46.5074081421	0.0
24.6026153564	46.4928627014	0.0
24.6510410309	46.4660072327	0.0
24.6772766113	46.4514579773	0.0
24.7035121918	46.4369087219	0.0
24.7297496796	46.4223632812	0.0
24.75598526	46.4078140259	0.0
24.7822227478	46.3932647705	0.0
24.8084583282	46.3787155151	0.0
24.834695816	46.3641662598	0.0
24.8609313965	46.3496208191	0.0
24.8871669769	46.3350715637	0.0
24.9134025574	46.3205223083	0.0
24.9396381378	46.305973053	0.0
24.9658756256	46.2914237976	0.0
24.9921112061	46.2768745422	0.0
25.0405387878	46.2500228882	0.0
25.0667743683	46.2354736328	0.0
25.0930099487	46.2209243774	0.0
25.1192474365	46.2063751221	0.0
25.145483017	46.1918296814	0.0
25.1717185974	46.177280426	0.0
25.1979541779	46.1627311707	0.0
25.2241916656	46.1481819153	0.0
25.2504272461	46.1336326599	0.0
25.2766647339	46.1190834045	0.0
25.3029003143	46.1045379639	0.0
25.3291358948	46.0899887085	0.0
25.3553733826	46.0754394531	0.0
25.381608963	46.0608901978	0.0
25.4078445435	46.0463409424	0.0
25.4340801239	46.0317955017	0.0
25.4603176117	46.0172462463	0.0
25.4865531921	46.002696991	0.0
25.5127906799	45.9881477356	0.0
25.5390262604	45.9735984802	0.0
25.5652618408	45.9590492249	0.0
25.5914993286	45.9445037842	0.0
25.6177349091	45.9299545288	0.0
25.6439704895	45.9154052734	0.0
25.6702060699	45.9008560181	0.0
25.6964435577	45.8863067627	0.0
25.7226791382	45.8717575073	0.0
25.748916626	45.8572120667	0.0
25.7751522064	45.8426628113	0.0
25.816608429	45.8514823914	0.0
25.8399238586	45.8703613281	0.0
25.863237381	45.8892440796	0.0
25.8865509033	45.9081230164	0.0
25.9098644257	45.9270057678	0.0
25.933177948	45.9458847046	0.0
25.9564914703	45.9647636414	0.0
25.9798049927	45.9836463928	0.0
25.8195323944	45.8180541992	0.0
25.8457679749	45.8035049438	0.0
25.8720035553	45.7889556885	0.0
25.8982410431	45.7744064331	0.0
25.9244766235	45.7598571777	0.0
25.950712204	45.7453117371	0.0
25.9769496918	45.7307624817	0.0
26.0031852722	45.7162132263	0.0
26.02942276	45.7016639709	0.0
26.0556583405	45.6871147156	0.0
26.0818939209	45.6725654602	0.0
26.1081295013	45.6580162048	0.0
26.1343669891	45.6434707642	0.0
26.1678543091	45.6504592896	0.0
26.1961917877	45.6603050232	0.0
26.2245292664	45.6701507568	0.0
26.2528686523	45.6799964905	0.0
26.281206131	45.6898422241	0.0
26.309545517	45.6996879578	0.0
26.337884903	45.7095336914	0.0
26.3662223816	45.719379425	0.0
26.3945598602	45.7292251587	0.0
26.4228992462	45.7390708923	0.0
26.4512367249	45.748916626	0.0
26.4795742035	45.7587623596	0.0
26.5079135895	45.7686080933	0.0
26.5362510681	45.7784538269	0.0
26.5645904541	45.7882995605	0.0
26.5929298401	45.7981452942	0.0
26.6212673187	45.8079910278	0.0
26.6496047974	45.8178367615	0.0
26.6779441833	45.8276824951	0.0
26.706281662	45.8375282288	0.0
26.7346191406	45.8473739624	0.0
26.7629585266	45.857219696	0.0
26.7912979126	45.8670654297	0.0
26.8196353912	45.8769111633	0.0
26.8479747772	45.886756897	0.0
26.883108139	45.8914909363	0.0
26.9129695892	45.8943901062	0.0
26.9428272247	45.8972930908	0.0
26.9726867676	45.9001922607	0.0
27.0025463104	45.9030952454	0.0
27.0324058533	45.9059944153	0.0
27.0622653961	45.9088973999	0.0
27.092124939	45.9117965698	0.0
27.1219844818	45.9146995544	0.0
27.1518440247	45.9175987244	0.0
27.1817035675	45.920501709	0.0
27.2115631104	45.9234008789	0.0
27.2414226532	45.9263038635	0.0
27.271282196	45.9292030334	0.0
27.3011417389	45.9321022034	0.0
27.3309993744	45.935005188	0.0
27.3608608246	45.9379043579	0.0
27.3907184601	45.9408073425	0.0
27.4205799103	45.9437065125	0.0
27.4504375458	45.9466094971	0.0
27.4802970886	45.949508667	0.0
27.5101566315	45.9524116516	0.0
27.5400161743	45.9553108215	0.0
27.5698757172	45.9582138062	0.0
27.59973526	45.9611129761	0.0
27.6295948029	45.964012146	0.0
27.6594543457	45.9669151306	0.0
27.6893138885	45.9698143005	0.0
27.7191734314	45.9727172852	0.0
27.7490310669	45.9756164551	0.0
27.7788925171	45.9785194397	0.0
27.8087501526	45.9814186096	0.0
27.8386096954	45.9843215942	0.0
27.8684692383	45.9872207642	0.0
27.8983287811	45.9901237488	0.0
27.928188324	45.9930229187	0.0
27.9580478668	45.9959259033	0.0
27.9879074097	45.9988250732	0.0
26.8771438599	45.9067306519	0.0
26.9010372162	45.9248695374	0.0
26.9249324799	45.9430122375	0.0
26.9488277435	45.961151123	0.0
26.9727210999	45.9792900085	0.0
26.9966163635	45.9974327087	0.0
26.1617774963	45.6205062866	0.0
26.1840381622	45.6003952026	0.0
26.2063026428	45.5802841187	0.0
26.2285633087	45.5601768494	0.0
26.250825882	45.5400657654	0.0
26.2730884552	45.5199584961	0.0
26.2953491211	45.4998474121	0.0
26.3176116943	45.4797363281	0.0
26.3398742676	45.4596290588	0.0
26.3621368408	45.4395179749	0.0
26.3843975067	45.4194068909	0.0
26.40666008	45.3992996216	0.0
26.4289226532	45.3791885376	0.0
26.4511852264	45.3590774536	0.0
26.4734477997	45.3389701843	0.0
26.4957084656	45.3188591003	0.0
26.5179710388	45.2987518311	0.0
26.5622711182	45.258731842	0.0
26.5845336914	45.2386245728	0.0
26.6067962646	45.2185134888	0.0
26.6290588379	45.1984024048	0.0
26.6513195038	45.1782951355	0.0
26.673582077	45.1581840515	0.0
26.6958446503	45.1380767822	0.0
26.7181053162	45.1179656982	0.0
26.7234859467	45.0730819702	0.0
26.7067146301	45.0482063293	0.0
26.6899433136	45.0233345032	0.0
26.6731739044	44.9984588623	0.0
26.6564025879	44.9735832214	0.0
26.6396312714	44.9487075806	0.0
26.6228618622	44.9238357544	0.0
26.6060905457	44.8989601135	0.0
26.5893192291	44.8740844727	0.0
26.5725498199	44.8492126465	0.0
26.5557785034	44.8243370056	0.0
26.5390071869	44.7994613647	0.0
26.5222377777	44.7745895386	0.0
26.5054664612	44.7497138977	0.0
26.4886951447	44.7248382568	0.0
26.4719257355	44.699962616	0.0
26.4551544189	44.6750907898	0.0
26.4383831024	44.6502151489	0.0
26.4216117859	44.6253395081	0.0
26.4048423767	44.6004676819	0.0
26.3880710602	44.575592041	0.0
26.3712997437	44.5507164001	0.0
26.3545303345	44.5258407593	0.0
26.3377590179	44.5009689331	0.0
26.3209877014	44.4760932922	0.0
26.3042163849	44.4512176514	0.0
26.2874469757	44.4263458252	0.0
26.2706756592	44.4014701843	0.0
26.2539043427	44.3765945435	0.0
26.2371349335	44.3517189026	0.0
26.2203636169	44.3268470764	0.0
26.2035923004	44.3019714355	0.0
26.1868228912	44.2770957947	0.0
26.1700515747	44.2522201538	0.0
26.1532802582	44.2273483276	0.0
26.136510849	44.2024726868	0.0
26.1197395325	44.1776008606	0.0
26.1029682159	44.1527252197	0.0
26.0861988068	44.1278495789	0.0
26.0694274902	44.102973938	0.0
26.0526561737	44.0781021118	0.0
26.0358867645	44.0532264709	0.0
26.019115448	44.0283508301	0.0
26.0023441315	44.0034751892	0.0
26.7625179291	45.0778465271	0.0
26.7847805023	45.0577354431	0.0
26.8070430756	45.0376281738	0.0
26.8293056488	45.0175170898	0.0
26.8515663147	44.9974098206	0.0
26.8738288879	44.9772987366	0.0
26.8960914612	44.9571876526	0.0
26.9183521271	44.9370803833	0.0
26.9671020508	44.9031944275	0.0
26.9937019348	44.8893203735	0.0
27.0202999115	44.8754463196	0.0
27.0468997955	44.8615722656	0.0
27.0734977722	44.8476982117	0.0
27.1000957489	44.8338241577	0.0
27.1266956329	44.8199501038	0.0
27.1532936096	44.8060760498	0.0
27.1798934937	44.7921981812	0.0
27.2064914703	44.7783241272	0.0
27.2330913544	44.7644538879	0.0
27.2596893311	44.7505760193	0.0
27.2862892151	44.7367019653	0.0
27.3128871918	44.7228279114	0.0
27.3394851685	44.7089538574	0.0
27.3660850525	44.6950798035	0.0
27.3926849365	44.6812057495	0.0
27.4192829132	44.6673316956	0.0
27.4458827972	44.6534576416	0.0
27.4724807739	44.6395797729	0.0
27.4990787506	44.625705719	0.0
27.5256786346	44.611831665	0.0
27.5630931854	44.6237487793	0.0
27.5858268738	44.6433258057	0.0
27.6085586548	44.662902832	0.0
27.6312904358	44.6824798584	0.0
27.6540222168	44.7020568848	0.0
27.6767559052	44.7216300964	0.0
27.6994876862	44.7412071228	0.0
27.7222213745	44.7607841492	0.0
27.7449531555	44.7803611755	0.0
27.7676849365	44.7999382019	0.0
27.7411251068	44.809551239	0.0
27.7120685577	44.8170204163	0.0
27.683013916	44.8244857788	0.0
27.6539573669	44.8319511414	0.0
27.6249008179	44.8394203186	0.0
27.5958442688	44.8468856812	0.0
27.5667896271	44.8543510437	0.0
27.537733078	44.8618202209	0.0
27.5086765289	44.8692855835	0.0
27.4796218872	44.876750946	0.0
27.4505653381	44.8842163086	0.0
27.4215087891	44.8916854858	0.0
27.39245224	44.8991508484	0.0
27.3633975983	44.9066162109	0.0
27.3343410492	44.9140853882	0.0
27.3052845001	44.9215507507	0.0
27.2762298584	44.9290161133	0.0
27.2471733093	44.9364852905	0.0
27.2181167603	44.9439506531	0.0
27.1890602112	44.9514160156	0.0
27.1600055695	44.9588851929	0.0
27.1309490204	44.9663505554	0.0
27.1018924713	44.973815918	0.0
27.0728378296	44.9812812805	0.0
27.0437812805	44.9887504578	0.0
27.0147247314	44.9962158203	0.0
27.7929134369	44.8216629028	0.0
27.8156452179	44.8412399292	0.0
27.8383789062	44.8608169556	0.0
27.8611106873	44.8803939819	0.0
27.8838424683	44.8999671936	0.0
27.9065742493	44.91954422	0.0
27.9293079376	44.9391212463	0.0
27.9520397186	44.9586982727	0.0
27.9747714996	44.9782752991	0.0
27.997505188	44.9978523254	0.0
27.5669593811	44.590297699	0.0
27.5935592651	44.576423645	0.0
27.6201572418	44.5625495911	0.0
27.6467571259	44.5486755371	0.0
27.6733551025	44.5348014832	0.0
27.6999530792	44.5209274292	0.0
27.7265529633	44.5070533752	0.0
27.7531528473	44.4931793213	0.0
27.779750824	44.4793014526	0.0
27.806350708	44.4654273987	0.0
27.8329486847	44.4515533447	0.0
27.8595485687	44.4376792908	0.0
27.8861465454	44.4238052368	0.0
27.9127445221	44.4099311829	0.0
27.9393444061	44.3960571289	0.0
27.9659423828	44.382183075	0.0
27.9925422668	44.368309021	0.0
28.0191402435	44.3544311523	0.0
28.0457401276	44.3405570984	0.0
28.0723381042	44.3266830444	0.0
28.0989360809	44.3128089905	0.0
28.125535965	44.2989349365	0.0
28.1351509094	44.2617073059	0.0
28.1300811768	44.2321395874	0.0
28.1250133514	44.2025718689	0.0
28.1199455261	44.1730003357	0.0
28.1148777008	44.1434326172	0.0
28.1098079681	44.1138648987	0.0
28.1047401428	44.0842933655	0.0
28.0996723175	44.054725647	0.0
28.0946025848	44.0251579285	0.0
28.0895347595	43.99559021	0.0
28.0844669342	43.9660186768	0.0
28.0793972015	43.9364509583	0.0
28.0743293762	43.9068832397	0.0
28.0692615509	43.8773155212	0.0
28.0641918182	43.847743988	0.0
28.0591239929	43.8181762695	0.0
28.0540542603	43.788608551	0.0
28.0489864349	43.7590408325	0.0
28.0439186096	43.7294692993	0.0
28.0388507843	43.6999015808	0.0
28.0337810516	43.6703338623	0.0
28.0287132263	43.6407623291	0.0
28.023645401	43.6111946106	0.0
28.0185756683	43.5816268921	0.0
28.0121765137	43.5413322449	0.0
28.007604599	43.511680603	0.0
28.003030777	43.4820327759	0.0
27.9984550476	43.4523849487	0.0
27.9938812256	43.4227333069	0.0
27.9893074036	43.3930854797	0.0
27.9847335815	43.3634376526	0.0
27.9801616669	43.3337860107	0.0
27.9755878448	43.3041381836	0.0
27.9710121155	43.2744865417	0.0
27.9664382935	43.2448387146	0.0
27.9618644714	43.2151908875	0.0
27.9572906494	43.1855392456	0.0
27.9527187347	43.1558914185	0.0
27.9481449127	43.1262435913	0.0
27.9435691833	43.0965919495	0.0
27.9389953613	43.0669441223	0.0
27.9344215393	43.0372924805	0.0
27.9298477173	43.0076446533	0.0
27.9252758026	42.9779968262	0.0
27.9207000732	42.9483451843	0.0
27.9161262512	42.9186973572	0.0
27.9115524292	42.8890457153	0.0
27.9069786072	42.8593978882	0.0
27.9024047852	42.829750061	0.0
27.8978328705	42.8000984192	0.0
27.8932571411	42.770450592	0.0
27.8886833191	42.7408027649	0.0
27.8593864441	42.7458839417	0.0
27.8306179047	42.7543907166	0.0
27.8018493652	42.7628974915	0.0
27.7730808258	42.7714042664	0.0
27.7443122864	42.7799110413	0.0
27.7155437469	42.7884178162	0.0
27.6867752075	42.7969245911	0.0
27.6580066681	42.805431366	0.0
27.6292381287	42.8139381409	0.0
27.6004695892	42.8224449158	0.0
27.5717010498	42.8309516907	0.0
27.5429325104	42.8394584656	0.0
27.5141620636	42.8479652405	0.0
27.4853954315	42.8564720154	0.0
27.4566268921	42.8649787903	0.0
27.4278564453	42.8734855652	0.0
27.3990898132	42.8819923401	0.0
27.3703193665	42.890499115	0.0
27.341550827	42.8990058899	0.0
27.3127822876	42.9075126648	0.0
27.2840137482	42.9160194397	0.0
27.2552452087	42.9245262146	0.0
27.2264766693	42.9330329895	0.0
27.1977081299	42.9415397644	0.0
27.1689395905	42.9500465393	0.0
27.140171051	42.9585533142	0.0
27.1114025116	42.9670600891	0.0
27.0826339722	42.975566864	0.0
27.0538654327	42.9840736389	0.0
27.0250968933	42.9925804138	0.0
27.8835811615	42.7077255249	0.0
27.8790073395	42.6780776978	0.0
27.8744335175	42.6484298706	0.0
27.8698596954	42.6187782288	0.0
27.8652858734	42.5891304016	0.0
27.8607120514	42.5594787598	0.0
27.8561382294	42.5298309326	0.0
27.8515644073	42.5001831055	0.0
27.8469905853	42.4705314636	0.0
27.8424167633	42.4408836365	0.0
27.8378429413	42.4112358093	0.0
27.8332691193	42.3815841675	0.0
27.8286952972	42.3519363403	0.0
27.8241214752	42.3222846985	0.0
27.8195476532	42.2926368713	0.0
27.8149738312	42.2629852295	0.0
27.8104000092	42.2333374023	0.0
27.8058261871	42.2036895752	0.0
27.8012523651	42.174041748	0.0
27.7966785431	42.1443901062	0.0
27.7921047211	42.1147422791	0.0
27.787530899	42.0850906372	0.0
27.782957077	42.0554428101	0.0
27.778383255	42.0257911682	0.0
27.773809433	41.9961433411	0.0
27.769235611	41.9664955139	0.0
27.7646617889	41.9368438721	0.0
27.7600879669	41.9071960449	0.0
27.7838077545	41.8861045837	0.0
27.8080539703	41.8684387207	0.0
27.8323001862	41.8507728577	0.0
27.856546402	41.8331069946	0.0
27.8807945251	41.8154411316	0.0
27.905040741	41.7977752686	0.0
27.9292888641	41.7801094055	0.0
27.95353508	41.7624435425	0.0
27.9777812958	41.7447776794	0.0
28.0020294189	41.7271118164	0.0
28.0262756348	41.7094459534	0.0
28.0505237579	41.6917800903	0.0
28.0747680664	41.6741142273	0.0
28.0990161896	41.6564483643	0.0
28.1232624054	41.6387825012	0.0
28.1475105286	41.6211166382	0.0
28.1717567444	41.6034507751	0.0
28.1960048676	41.5857810974	0.0
28.2202510834	41.5681152344	0.0
28.2444972992	41.5504493713	0.0
28.2687454224	41.5327835083	0.0
28.2929916382	41.5151176453	0.0
28.317237854	41.4974517822	0.0
28.3414840698	41.4797859192	0.0
28.365732193	41.4621200562	0.0
28.3899784088	41.4444541931	0.0
28.414226532	41.4267883301	0.0
28.4384727478	41.409122467	0.0
28.462720871	41.391456604	0.0
28.4869670868	41.373790741	0.0
28.5112133026	41.3561248779	0.0
28.5354595184	41.3384590149	0.0
28.5597076416	41.3207931519	0.0
28.5839538574	41.3031272888	0.0
28.6082000732	41.2854614258	0.0
28.6324481964	41.2677955627	0.0
28.6566944122	41.2501296997	0.0
28.6809425354	41.2324638367	0.0
28.7051887512	41.2147941589	0.0
28.7294368744	41.1971282959	0.0
28.7536811829	41.1794624329	0.0
28.777929306	41.1617965698	0.0
28.8021755219	41.1441307068	0.0
28.826423645	41.1264648438	0.0
28.8506698608	41.1087989807	0.0
28.8749160767	41.0911331177	0.0
28.8991641998	41.0734672546	0.0
28.9234104156	41.0558013916	0.0
28.9476585388	41.0381355286	0.0
28.9719047546	41.0204696655	0.0
28.9961509705	41.0028038025	0.0
27.7452468872	41.877407074	0.0
27.7309322357	41.8510398865	0.0
27.7166194916	41.8246765137	0.0
27.7023067474	41.7983093262	0.0
27.6879920959	41.7719459534	0.0
27.6736793518	41.7455787659	0.0
27.6593666077	41.7192153931	0.0
27.6450538635	41.6928482056	0.0
27.630739212	41.6664848328	0.0
27.6164264679	41.6401176453	0.0
27.6021118164	41.6137542725	0.0
27.5877990723	41.587387085	0.0
27.5734863281	41.5610237122	0.0
27.5591716766	41.5346565247	0.0
27.5334186554	41.4872207642	0.0
27.5191059113	41.4608535767	0.0
27.5047912598	41.4344902039	0.0
27.4904785156	41.4081268311	0.0
27.4761657715	41.3817596436	0.0
27.46185112	41.3553924561	0.0
27.4475383759	41.3290290833	0.0
27.4332256317	41.3026657104	0.0
27.4189128876	41.2762985229	0.0
27.4045982361	41.2499313354	0.0
27.3902854919	41.2235679626	0.0
27.3759708405	41.1972045898	0.0
27.3616580963	41.1708374023	0.0
27.3473453522	41.1444702148	0.0
27.3280754089	41.0944404602	0.0
27.3202438354	41.0654792786	0.0
27.3124141693	41.0365180969	0.0
27.3045845032	41.00756073	0.0
27.296754837	40.9785995483	0.0
27.2889232635	40.9496383667	0.0
27.2810935974	40.9206771851	0.0
27.296043396	40.8833618164	0.0
27.3147392273	40.8599014282	0.0
27.3334369659	40.83644104	0.0
27.3521327972	40.8129806519	0.0
27.3708305359	40.789516449	0.0
27.3895263672	40.7660560608	0.0
27.4082221985	40.7425956726	0.0
27.4269199371	40.7191314697	0.0
27.4456157684	40.6956710815	0.0
27.4643135071	40.6722106934	0.0
27.4830093384	40.6487503052	0.0
27.5017051697	40.6252861023	0.0
27.5204029083	40.6018257141	0.0
27.5390987396	40.5783653259	0.0
27.5577945709	40.554901123	0.0
27.5764923096	40.5314407349	0.0
27.5951881409	40.5079803467	0.0
27.6138858795	40.4845199585	0.0
27.6325817108	40.4610557556	0.0
27.6512775421	40.4375953674	0.0
27.6699752808	40.4141349792	0.0
27.6886711121	40.3906745911	0.0
27.7073688507	40.3672103882	0.0
27.726064682	40.34375	0.0
27.7447605133	40.3202896118	0.0
27.7634563446	40.2968254089	0.0
27.7821540833	40.2733650208	0.0
27.8008499146	40.2499046326	0.0
27.8195476532	40.2264442444	0.0
27.8382434845	40.2029800415	0.0
27.8569393158	40.1795196533	0.0
27.8756351471	40.1560592651	0.0
27.8943328857	40.132598877	0.0
27.9130306244	40.1091346741	0.0
27.9317264557	40.0856742859	0.0
27.950422287	40.0622138977	0.0
27.9691181183	40.0387496948	0.0
27.9878158569	40.0152893066	0.0
27.2695178986	40.8778648376	0.0
27.2616863251	40.848903656	0.0
27.2538566589	40.8199424744	0.0
27.2460269928	40.7909851074	0.0
27.2381954193	40.7620239258	0.0
27.2303657532	40.7330627441	0.0
27.222536087	40.7041053772	0.0
27.2313766479	40.6630172729	0.0
27.2439613342	40.6357841492	0.0
27.2565498352	40.6085548401	0.0
27.2691345215	40.5813217163	0.0
27.2817211151	40.5540885925	0.0
27.2943077087	40.5268554688	0.0
27.3068943024	40.4996261597	0.0
27.319480896	40.4723930359	0.0
27.3320674896	40.4451599121	0.0
27.3446521759	40.4179267883	0.0
27.3572387695	40.3906974792	0.0
27.3698253632	40.3634643555	0.0
27.3824119568	40.3362312317	0.0
27.3949985504	40.3089981079	0.0
27.4075832367	40.2817687988	0.0
27.4201717377	40.254535675	0.0
27.432756424	40.2273025513	0.0
27.4453430176	40.2000732422	0.0
27.4579296112	40.1728401184	0.0
27.4705162048	40.1456069946	0.0
27.4831027985	40.1183776855	0.0
27.4956874847	40.0911445618	0.0
27.5082740784	40.063911438	0.0
27.520860672	40.0366783142	0.0
27.5334472656	40.0094451904	0.0
27.5460338593	39.9822158813	0.0
27.5586204529	39.9549827576	0.0
27.5712051392	39.9277496338	0.0
27.5837917328	39.9005203247	0.0
27.5963783264	39.8732872009	0.0
27.60896492	39.8460540771	0.0
27.6215515137	39.8188247681	0.0
27.6341362	39.7915916443	0.0
27.6467247009	39.7643585205	0.0
27.6593093872	39.7371253967	0.0
27.6718959808	39.7098960876	0.0
27.6844825745	39.6826629639	0.0
27.6970691681	39.6554298401	0.0
27.7096557617	39.628200531	0.0
27.722240448	39.6009674072	0.0
27.734828949	39.5737342834	0.0
27.7474136353	39.5465011597	0.0
27.7600002289	39.5192718506	0.0
27.7725868225	39.4920387268	0.0
27.7851734161	39.464805603	0.0
27.7977581024	39.4375724792	0.0
27.810344696	39.4103431702	0.0
27.8229312897	39.3831100464	0.0
27.8355178833	39.3558769226	0.0
27.8481044769	39.3286476135	0.0
27.8606910706	39.3014144897	0.0
27.8732776642	39.274181366	0.0
27.8858623505	39.2469482422	0.0
27.8984508514	39.2197189331	0.0
27.9110355377	39.1924858093	0.0
27.9236221313	39.1652526855	0.0
27.936208725	39.1380195618	0.0
27.9487953186	39.1107902527	0.0
27.9613819122	39.0835571289	0.0
27.9739665985	39.0563240051	0.0
27.9865531921	39.029094696	0.0
27.9991397858	39.0018615723	0.0
27.2109603882	40.6612892151	0.0
27.203130722	40.6323280334	0.0
27.1952991486	40.6033706665	0.0
27.1874694824	40.5744094849	0.0
27.1796398163	40.5454483032	0.0
27.1718082428	40.5164871216	0.0
27.1639785767	40.4875297546	0.0
27.1561489105	40.458568573	0.0
27.148317337	40.4296073914	0.0
27.1404876709	40.4006462097	0.0
27.1326580048	40.3716888428	0.0
27.1248283386	40.3427276611	0.0
27.1169967651	40.3137664795	0.0
27.109167099	40.2848091125	0.0
27.0906429291	40.2291984558	0.0
27.0796108246	40.2013015747	0.0
27.0685768127	40.1734046936	0.0
27.0575447083	40.1455078125	0.0
27.0465106964	40.1176109314	0.0
27.0354785919	40.0897102356	0.0
27.0244464874	40.0618133545	0.0
27.0134124756	40.0339164734	0.0
27.0023803711	40.0060195923	0.0
27.0992565155	40.2271957397	0.0
27.0968379974	40.1972923279	0.0
27.0944194794	40.1673927307	0.0
27.0920009613	40.1374893188	0.0
27.0895824432	40.107585907	0.0
27.0871639252	40.0776824951	0.0
27.0847454071	40.0477828979	0.0
27.082326889	40.0178794861	0.0
27.079908371	39.9879760742	0.0
27.0774898529	39.9580764771	0.0
27.0750713348	39.9281730652	0.0
27.0726528168	39.8982696533	0.0
27.0702342987	39.8683662415	0.0
27.0678157806	39.8384666443	0.0
27.0653972626	39.8085632324	0.0
27.0629787445	39.7786598206	0.0
27.0605602264	39.7487564087	0.0
27.0581417084	39.7188568115	0.0
27.0557231903	39.6889533997	0.0
27.0533046722	39.6590499878	0.0
27.0508861542	39.6291503906	0.0
27.0484199524	39.5986480713	0.0
27.0460014343	39.5687446594	0.0
27.0435829163	39.5388412476	0.0
27.0411624908	39.5089416504	0.0
27.0387458801	39.4790382385	0.0
27.0363254547	39.4491348267	0.0
27.033908844	39.4192314148	0.0
27.0314884186	39.3893318176	0.0
27.0290718079	39.3594284058	0.0
27.0266513824	39.3295249939	0.0
27.0242347717	39.299621582	0.0
27.0218143463	39.2697219849	0.0
27.0193977356	39.239818573	0.0
27.0169773102	39.2099151611	0.0
27.0145606995	39.180015564	0.0
27.012140274	39.1501121521	0.0
27.0097236633	39.1202087402	0.0
27.0073032379	39.0903053284	0.0
27.0048866272	39.0604057312	0.0
27.0024662018	39.0305023193	0.0
27.0000476837	39.0005989075	0.0
27.0499019623	39.5985641479	0.0
27.0489654541	39.5685768127	0.0
27.0480289459	39.5385932922	0.0
27.0470924377	39.508605957	0.0
27.0461578369	39.4786224365	0.0
27.0452213287	39.4486351013	0.0
27.0442848206	39.4186515808	0.0
27.0433483124	39.3886642456	0.0
27.0424137115	39.3586807251	0.0
27.0414772034	39.3286933899	0.0
27.0405406952	39.2987098694	0.0
27.039604187	39.2687225342	0.0
27.0386695862	39.2387390137	0.0
27.037733078	39.2087516785	0.0
27.0367965698	39.178768158	0.0
27.0358600616	39.1487846375	0.0
27.0349254608	39.1187973022	0.0
27.0339889526	39.0888137817	0.0
27.0330524445	39.0588264465	0.0
27.0321178436	39.0288391113	0.0
27.0311813354	38.9988555908	0.0
27.0302448273	38.9688682556	0.0
27.0293083191	38.9388847351	0.0
27.0283737183	38.9089012146	0.0
27.0274372101	38.8789138794	0.0
27.0265007019	38.8489303589	0.0
27.0255641937	38.8189430237	0.0
27.0246295929	38.7889595032	0.0
27.0236911774	38.758972168	0.0
27.0227565765	38.7289886475	0.0
27.0218200684	38.6990013123	0.0
27.0208835602	38.6690177917	0.0
27.019947052	38.6390304565	0.0
27.0190124512	38.609046936	0.0
27.018075943	38.5790596008	0.0
27.0171394348	38.5490760803	0.0
27.016204834	38.5190887451	0.0
27.0152683258	38.4891052246	0.0
27.0143318176	38.4591178894	0.0
27.0133953094	38.4291343689	0.0
27.0124607086	38.3991470337	0.0
27.0115242004	38.3691635132	0.0
27.0105876923	38.339176178	0.0
27.0096511841	38.3091926575	0.0
27.0087165833	38.2792053223	0.0
27.0077800751	38.2492218018	0.0
27.0068435669	38.2192344666	0.0
27.0059070587	38.189250946	0.0
27.0049724579	38.1592636108	0.0
27.0040359497	38.1292800903	0.0
27.0030994415	38.0992927551	0.0
27.0021648407	38.0693092346	0.0
27.0012283325	38.0393218994	0.0
27.0002918243	38.0093383789	0.0
27.3061065674	41.1199226379	0.0
27.276309967	41.116443634	0.0
27.2465114594	41.1129608154	0.0
27.216714859	41.1094818115	0.0
27.1869163513	41.1060028076	0.0
27.157119751	41.1025238037	0.0
27.1273212433	41.0990447998	0.0
27.0975246429	41.0955657959	0.0
27.0677261353	41.092086792	0.0
27.0379295349	41.0886077881	0.0
27.0081329346	41.0851287842	0.0
26.9783344269	41.0816497803	0.0
26.9485359192	41.0781707764	0.0
26.9187393188	41.0746917725	0.0
26.8889408112	41.0712127686	0.0
26.8515605927	41.0679512024	0.0
26.8216552734	41.0655632019	0.0
26.7917518616	41.0631790161	0.0
26.7618465424	41.0607948303	0.0
26.7319412231	41.0584068298	0.0
26.7020359039	41.0560188293	0.0
26.6721305847	41.0536346436	0.0
26.6422252655	41.0512466431	0.0
26.6123218536	41.0488624573	0.0
26.5824165344	41.0464744568	0.0
26.5525112152	41.044090271	0.0
26.522605896	41.0417022705	0.0
26.4927005768	41.03931427	0.0
26.4627971649	41.0369300842	0.0
26.4328918457	41.0345420837	0.0
26.4029865265	41.0321578979	0.0
26.3730812073	41.0297698975	0.0
26.3431777954	41.0273857117	0.0
26.3132724762	41.0249977112	0.0
26.283367157	41.0226135254	0.0
26.2534618378	41.0202255249	0.0
26.2235565186	41.0178375244	0.0
26.1936511993	41.0154533386	0.0
26.1637477875	41.0130653381	0.0
26.1338424683	41.0106811523	0.0
26.103937149	41.0082931519	0.0
26.0740318298	41.0059089661	0.0
26.0441265106	41.0035209656	0.0
26.0142211914	41.0011367798	0.0
26.9072647095	41.0550308228	0.0
26.9330654144	41.0397186279	0.0
26.958864212	41.0244102478	0.0
26.984664917	41.0091018677	0.0
27.5675582886	41.4910697937	0.0
27.5873851776	41.4685554504	0.0
27.6072120667	41.4460411072	0.0
27.6270389557	41.4235267639	0.0
27.6468658447	41.4010124207	0.0
27.6666927338	41.3784980774	0.0
27.6865177155	41.3559837341	0.0
27.7063446045	41.3334693909	0.0
27.7261714935	41.3109550476	0.0
27.7459983826	41.2884407043	0.0
27.7658233643	41.2659263611	0.0
27.7856502533	41.2434082031	0.0
27.8054771423	41.2208976746	0.0
27.8253040314	41.1983795166	0.0
27.8451309204	41.1758651733	0.0
27.8649578094	41.1533508301	0.0
27.8847846985	41.1308364868	0.0
27.9046096802	41.1083221436	0.0
27.9244365692	41.0858078003	0.0
27.9442634583	41.063293457	0.0
27.9640903473	41.0407791138	0.0
27.983915329	41.0182647705	0.0
28.015871048	43.5409927368	0.0
28.0149917603	43.5110054016	0.0
28.0141124725	43.4810218811	0.0
28.0132312775	43.4510345459	0.0
28.0123538971	43.421043396	0.0
28.011472702	43.3910598755	0.0
28.0105934143	43.3610725403	0.0
28.0097122192	43.3310852051	0.0
28.0088329315	43.3010978699	0.0
28.0074958801	43.2555046082	0.0
28.0066165924	43.2255172729	0.0
28.0057353973	43.1955299377	0.0
28.0048561096	43.1655426025	0.0
28.0039768219	43.1355552673	0.0
28.0030975342	43.1055679321	0.0
28.0022163391	43.0755805969	0.0
28.0013370514	43.0455932617	0.0
28.0004577637	43.0156059265	0.0
28.0081806183	43.2554893494	0.0
28.0079841614	43.2254905701	0.0
28.0077896118	43.1954917908	0.0
28.0075931549	43.1654930115	0.0
28.0073986053	43.1354942322	0.0
28.0072021484	43.1054954529	0.0
28.0070075989	43.0754966736	0.0
28.006811142	43.0454940796	0.0
28.0066165924	43.0154953003	0.0
28.0064201355	42.985496521	0.0
28.0062255859	42.9554977417	0.0
28.006029129	42.9254989624	0.0
28.0058345795	42.8955001831	0.0
28.0056381226	42.8654975891	0.0
28.005443573	42.8354988098	0.0
28.0052471161	42.8055000305	0.0
28.0050525665	42.7755012512	0.0
28.0048561096	42.7455024719	0.0
28.0046615601	42.7155036926	0.0
28.0044651031	42.6855010986	0.0
28.0042705536	42.6555023193	0.0
28.0040740967	42.62550354	0.0
28.0038795471	42.5955047607	0.0
28.0036849976	42.5655059814	0.0
28.0034885406	42.5355072021	0.0
28.0032939911	42.5055084229	0.0
28.0030975342	42.4755096436	0.0
28.0029029846	42.4455070496	0.0
28.0027065277	42.4155082703	0.0
28.0025119781	42.385509491	0.0
28.0023155212	42.3555107117	0.0
28.0021209717	42.3255119324	0.0
28.0019245148	42.2955093384	0.0
28.0017299652	42.2655105591	0.0
28.0015335083	42.2355117798	0.0
28.0013389587	42.2055130005	0.0
28.0011444092	42.1755142212	0.0
28.0009479523	42.1455154419	0.0
28.0007534027	42.1155166626	0.0
28.0005569458	42.0855178833	0.0
28.0003623962	42.0555152893	0.0
28.0001659393	42.02551651	0.0
28.1668186188	44.2774009705	0.0
28.1934165955	44.2635269165	0.0
28.2200164795	44.2496528625	0.0
28.2466144562	44.2357788086	0.0
28.2732143402	44.2219047546	0.0
28.2998123169	44.2080307007	0.0
28.3264102936	44.1941566467	0.0
28.3530101776	44.1802825928	0.0
28.3796081543	44.1664085388	0.0
28.4062080383	44.1525306702	0.0
28.4328079224	44.1386566162	0.0
28.459405899	44.1247825623	0.0
28.4860038757	44.1109085083	0.0
28.5126037598	44.0970344543	0.0
28.5392017365	44.0831604004	0.0
28.5667228699	44.0688056946	0.0
28.5933227539	44.0549316406	0.0
28.6199207306	44.041053772	0.0
28.6465206146	44.027179718	0.0
28.6731185913	44.0133056641	0.0
28.6997184753	43.9994316101	0.0
28.726316452	43.9855575562	0.0
28.7529144287	43.9716835022	0.0
28.7795143127	43.9578094482	0.0
28.8061122894	43.9439353943	0.0
28.8327121735	43.9300613403	0.0
28.8593101501	43.9161834717	0.0
28.8859100342	43.9023094177	0.0
28.9125099182	43.8884353638	0.0
28.9391078949	43.8745613098	0.0
28.9420833588	43.8441505432	0.0
28.9441375732	43.8142204285	0.0
28.9461898804	43.7842903137	0.0
28.9482440948	43.754360199	0.0
28.950296402	43.7244338989	0.0
28.9523506165	43.6945037842	0.0
28.9544048309	43.6645736694	0.0
28.9564571381	43.6346435547	0.0
28.9585113525	43.6047134399	0.0
28.9605636597	43.5747833252	0.0
28.9626178741	43.5448532104	0.0
28.9646701813	43.5149230957	0.0
28.9667243958	43.4849967957	0.0
28.9687786102	43.4550666809	0.0
28.9708328247	43.4251365662	0.0
28.9728851318	43.3952064514	0.0
28.9749393463	43.3652763367	0.0
28.9769916534	43.3353462219	0.0
28.9790458679	43.3054161072	0.0
28.981098175	43.2754898071	0.0
28.9831523895	43.2455596924	0.0
28.985206604	43.2156295776	0.0
28.9872589111	43.1856994629	0.0
28.9893131256	43.1557693481	0.0
28.9913654327	43.1258392334	0.0
28.9934196472	43.0959091187	0.0
28.9954738617	43.0659790039	0.0
28.9975261688	43.0360527039	0.0
28.9995803833	43.0061225891	0.0
28.965883255	43.8588638306	0.0
28.9917373657	43.8436431885	0.0
29.0175914764	43.8284263611	0.0
29.0434436798	43.8132095337	0.0
29.0692977905	43.7979888916	0.0
29.0951519012	43.7827720642	0.0
29.1210041046	43.7675552368	0.0
29.1468582153	43.7523345947	0.0
29.172712326	43.7371177673	0.0
29.1985664368	43.7218971252	0.0
29.2244205475	43.7066802979	0.0
29.2502727509	43.6914634705	0.0
29.2761268616	43.6762466431	0.0
29.3019790649	43.661026001	0.0
29.3278331757	43.6458091736	0.0
29.3536872864	43.6305923462	0.0
29.3795413971	43.6153717041	0.0
29.4053955078	43.6001548767	0.0
29.4312477112	43.5849342346	0.0
29.4571018219	43.5697174072	0.0
29.4829559326	43.5545005798	0.0
29.508808136	43.5392837524	0.0
29.5346622467	43.5240631104	0.0
29.5605163574	43.508846283	0.0
29.5863704681	43.4936256409	0.0
29.6122245789	43.4784088135	0.0
29.6380767822	43.4631919861	0.0
29.6639308929	43.447971344	0.0
29.6897830963	43.4327545166	0.0
29.715637207	43.4175376892	0.0
29.7487220764	43.3980636597	0.0
29.7745761871	43.3828430176	0.0
29.8004283905	43.3676261902	0.0
29.8262825012	43.3524093628	0.0
29.8521366119	43.3371887207	0.0
29.8779907227	43.3219718933	0.0
29.9038448334	43.3067550659	0.0
29.9296970367	43.2915344238	0.0
29.9555511475	43.2763175964	0.0
29.9814052582	43.261100769	0.0
30.0072574615	43.245880127	0.0
30.0331115723	43.2306632996	0.0
30.058965683	43.2154464722	0.0
30.0848197937	43.2002258301	0.0
30.1106739044	43.1850090027	0.0
30.1436672211	43.176815033	0.0
30.1730480194	43.1707496643	0.0
30.2024288177	43.164680481	0.0
30.2318096161	43.1586151123	0.0
30.2611885071	43.1525497437	0.0
30.2905693054	43.1464805603	0.0
30.3199501038	43.1404151917	0.0
30.3493309021	43.134349823	0.0
30.3787097931	43.1282844543	0.0
30.4080905914	43.122215271	0.0
30.4374713898	43.1161499023	0.0
30.4668502808	43.1100845337	0.0
30.4962310791	43.104019165	0.0
30.5256118774	43.0979499817	0.0
30.5549926758	43.091884613	0.0
30.5843715668	43.0858192444	0.0
30.6137523651	43.0797538757	0.0
30.6431312561	43.0736846924	0.0
30.6725120544	43.0676193237	0.0
30.7018928528	43.0615539551	0.0
30.7312736511	43.0554847717	0.0
30.7606525421	43.0494194031	0.0
30.7900333405	43.0433540344	0.0
30.8194141388	43.0372886658	0.0
30.8487949371	43.0312194824	0.0
30.8781738281	43.0251541138	0.0
30.9075546265	43.0190887451	0.0
30.9369354248	43.0130233765	0.0
30.9663143158	43.0069541931	0.0
30.9956951141	43.0008888245	0.0
30.1401424408	43.1676635742	0.0
30.1659946442	43.1524429321	0.0
30.1918487549	43.1372261047	0.0
30.2177028656	43.1220092773	0.0
30.243555069	43.1067886353	0.0
30.2694091797	43.0915718079	0.0
30.2952632904	43.0763549805	0.0
30.3358516693	43.0524635315	0.0
30.36170578	43.0372467041	0.0
30.3875598907	43.022026062	0.0
30.4134120941	43.0068092346	0.0
30.4392662048	42.9915885925	0.0
30.4651184082	42.9763717651	0.0
30.4909725189	42.9611549377	0.0
30.5079231262	42.9225616455	0.0
30.510137558	42.8926467896	0.0
30.5123538971	42.8627281189	0.0
30.5145683289	42.8328094482	0.0
30.516784668	42.8028907776	0.0
30.5189990997	42.7729721069	0.0
30.5212154388	42.7430534363	0.0
30.5234298706	42.7131347656	0.0
30.5256443024	42.683216095	0.0
30.5278606415	42.653301239	0.0
30.5300750732	42.6233825684	0.0
30.5322914124	42.5934638977	0.0
30.5345077515	42.5635452271	0.0
30.5367221832	42.5336265564	0.0
30.5160484314	42.5013313293	0.0
30.4945297241	42.4804267883	0.0
30.4730129242	42.4595222473	0.0
30.4514942169	42.4386177063	0.0
30.429977417	42.4177131653	0.0
30.4084587097	42.3968086243	0.0
30.3869419098	42.3759040833	0.0
30.3654232025	42.3549995422	0.0
30.3439044952	42.3340988159	0.0
30.3223876953	42.3131942749	0.0
30.3008708954	42.2922897339	0.0
30.2793521881	42.2713851929	0.0
30.2578334808	42.2504806519	0.0
30.2363166809	42.2295761108	0.0
30.2147979736	42.2086715698	0.0
30.1932811737	42.1877670288	0.0
30.1717624664	42.1668624878	0.0
30.1502456665	42.1459617615	0.0
30.1287269592	42.1250572205	0.0
30.107208252	42.1041526794	0.0
30.085691452	42.0832481384	0.0
30.0641746521	42.0623435974	0.0
30.0426559448	42.0414390564	0.0
30.0211372375	42.0205345154	0.0
30.5446586609	42.4930839539	0.0
30.5517520905	42.4639358521	0.0
30.55884552	42.4347877502	0.0
30.5659389496	42.4056358337	0.0
30.5730323792	42.3764877319	0.0
30.5801258087	42.3473396301	0.0
30.5872173309	42.3181877136	0.0
30.5943126678	42.2890396118	0.0
30.6014041901	42.25989151	0.0
30.6084976196	42.2307395935	0.0
30.6155910492	42.2015914917	0.0
30.6226844788	42.1724433899	0.0
30.6297779083	42.1432914734	0.0
30.6368713379	42.1141433716	0.0
30.6439647675	42.0849952698	0.0
30.6510562897	42.0558433533	0.0
30.6581516266	42.0266952515	0.0
30.6652431488	41.9975471497	0.0
30.6723365784	41.9683952332	0.0
30.6794300079	41.9392471313	0.0
30.6865234375	41.9100952148	0.0
30.6936168671	41.880947113	0.0
30.7007102966	41.8517990112	0.0
30.7078037262	41.8226470947	0.0
30.7190322876	41.7765045166	0.0
30.7261257172	41.7473526001	0.0
30.7332191467	41.7182044983	0.0
30.7403125763	41.6890563965	0.0
30.7474040985	41.65990448	0.0
30.7544994354	41.6307563782	0.0
30.761592865	41.6016082764	0.0
30.7686843872	41.5724563599	0.0
30.7757778168	41.5433082581	0.0
30.7828712463	41.5141601562	0.0
30.7899646759	41.4850082397	0.0
30.7970581055	41.4558601379	0.0
30.8093738556	41.4755554199	0.0
30.8196239471	41.5037536621	0.0
30.829870224	41.5319480896	0.0
30.8401203156	41.5601425171	0.0
30.8503684998	41.5883369446	0.0
30.860616684	41.6165313721	0.0
30.8708648682	41.6447296143	0.0
30.8811130524	41.6729240417	0.0
30.8913612366	41.7011184692	0.0
30.9016094208	41.7293128967	0.0
30.9118595123	41.7575073242	0.0
30.9221076965	41.7857055664	0.0
30.9323558807	41.8138999939	0.0
30.9426040649	41.8420944214	0.0
30.9528522491	41.8702888489	0.0
30.9631004333	41.8984832764	0.0
30.9733486176	41.9266815186	0.0
30.9835987091	41.954875946	0.0
30.9938468933	41.9830703735	0.0
30.806219101	41.4182128906	0.0
30.8133125305	41.3890647888	0.0
30.8204059601	41.3599128723	0.0
30.8274993896	41.3307647705	0.0
30.8345928192	41.3016166687	0.0
30.8416843414	41.2724647522	0.0
30.8487796783	41.2433166504	0.0
30.8558712006	41.2141647339	0.0
30.8629646301	41.1850166321	0.0
30.8700580597	41.1558685303	0.0
30.8771514893	41.1267166138	0.0
30.8842449188	41.097568512	0.0
30.8845462799	41.0591239929	0.0
30.8827781677	41.0291748047	0.0
30.8810119629	40.9992256165	0.0
30.8792457581	40.9692802429	0.0
30.8774776459	40.9393310547	0.0
30.875711441	40.9093818665	0.0
30.8739433289	40.8794364929	0.0
30.872177124	40.8494873047	0.0
30.8704109192	40.8195381165	0.0
30.868642807	40.7895927429	0.0
30.8668766022	40.7596435547	0.0
30.86510849	40.7296943665	0.0
30.8633422852	40.6997489929	0.0
30.861574173	40.6697998047	0.0
30.8598079681	40.6398506165	0.0
30.8580417633	40.6099052429	0.0
30.8562736511	40.5799560547	0.0
30.8545074463	40.5500068665	0.0
30.8527393341	40.5200614929	0.0
30.8509731293	40.4901123047	0.0
30.8492069244	40.4601631165	0.0
30.8415222168	40.4169082642	0.0
30.8346691132	40.3876991272	0.0
30.8278160095	40.3584938049	0.0
30.8209629059	40.3292884827	0.0
30.8141078949	40.3000831604	0.0
30.8072547913	40.2708740234	0.0
30.8003997803	40.2416687012	0.0
30.7935466766	40.2124633789	0.0
30.786693573	40.1832542419	0.0
30.779838562	40.1540489197	0.0
30.7729854584	40.1248435974	0.0
30.7661304474	40.0956344604	0.0
30.7592773438	40.0664291382	0.0
30.7270030975	40.0541534424	0.0
30.6970863342	40.0519256592	0.0
30.6671695709	40.049697876	0.0
30.6372528076	40.0474700928	0.0
30.607334137	40.0452423096	0.0
30.5774173737	40.0430107117	0.0
30.5475006104	40.0407829285	0.0
30.517583847	40.0385551453	0.0
30.4876651764	40.0363273621	0.0
30.4577484131	40.0340995789	0.0
30.4278316498	40.0318717957	0.0
30.3979148865	40.0296401978	0.0
30.3680973053	40.000038147	0.0
30.3577346802	39.9718856812	0.0
30.3473720551	39.9437332153	0.0
30.3370094299	39.9155769348	0.0
30.3266468048	39.887424469	0.0
30.3162822723	39.8592720032	0.0
30.3059215546	39.8311195374	0.0
30.2955589294	39.8029632568	0.0
30.285194397	39.774810791	0.0
30.2748317719	39.7466583252	0.0
30.2644691467	39.7185058594	0.0
30.2541065216	39.6903495789	0.0
30.2437438965	39.662197113	0.0
30.2333812714	39.6340446472	0.0
30.2230186462	39.6058921814	0.0
30.2126560211	39.5777397156	0.0
30.202293396	39.5495834351	0.0
30.1919307709	39.5214309692	0.0
30.1815662384	39.4932785034	0.0
30.1712036133	39.4651222229	0.0
30.1608428955	39.4369697571	0.0
30.150478363	39.4088172913	0.0
30.1401157379	39.3806648254	0.0
30.1297531128	39.3525123596	0.0
30.1193904877	39.3243560791	0.0
30.1090278625	39.2962036133	0.0
30.0986652374	39.2680511475	0.0
30.0883026123	39.2398986816	0.0
30.0779380798	39.2117424011	0.0
30.0675773621	39.1835899353	0.0
30.0572147369	39.1554374695	0.0
30.0468502045	39.1272850037	0.0
30.0364875793	39.0991287231	0.0
30.0261249542	39.0709762573	0.0
30.0157623291	39.0428237915	0.0
30.005399704	39.0146713257	0.0
30.3485431671	40.0259628296	0.0
30.3186264038	40.0237350464	0.0
30.2887096405	40.0215072632	0.0
30.2587928772	40.01927948	0.0
30.2288742065	40.0170478821	0.0
30.1989574432	40.0148200989	0.0
30.1690406799	40.0125923157	0.0
30.1391239166	40.0103645325	0.0
30.109205246	40.0081367493	0.0
30.0792884827	40.0059051514	0.0
30.0493717194	40.0036773682	0.0
30.0194549561	40.001449585	0.0
30.7500667572	40.0271759033	0.0
30.7432136536	39.9979705811	0.0
30.7363586426	39.9687652588	0.0
30.7295055389	39.9395561218	0.0
30.722650528	39.9103507996	0.0
30.7157974243	39.8811454773	0.0
30.7089443207	39.8519363403	0.0
30.7020893097	39.8227310181	0.0
30.6952362061	39.7935256958	0.0
30.6883811951	39.7643165588	0.0
30.6815280914	39.7351112366	0.0
30.6746749878	39.7059020996	0.0
30.6678218842	39.6766967773	0.0
30.6923007965	39.6532478333	0.0
30.7191390991	39.6398391724	0.0
30.7459774017	39.6264343262	0.0
30.7728157043	39.6130256653	0.0
30.7996520996	39.5996208191	0.0
30.8264904022	39.5862121582	0.0
30.8533287048	39.572807312	0.0
30.8801651001	39.5593986511	0.0
30.9070034027	39.5459938049	0.0
30.9338417053	39.532585144	0.0
30.9606781006	39.5191802979	0.0
30.9875164032	39.5057754517	0.0
31.0143547058	39.4923667908	0.0
31.0411911011	39.4789619446	0.0
31.0680294037	39.4655532837	0.0
31.0948677063	39.4521484375	0.0
31.1217060089	39.4387435913	0.0
31.1485424042	39.4253349304	0.0
31.1753807068	39.4119300842	0.0
31.2022190094	39.3985214233	0.0
31.229057312	39.3851165771	0.0
31.2558937073	39.3717079163	0.0
31.2827320099	39.3583030701	0.0
31.3095703125	39.3448944092	0.0
31.3364086151	39.331489563	0.0
31.3632450104	39.3180847168	0.0
31.390083313	39.3046760559	0.0
31.4169216156	39.2912712097	0.0
31.4437599182	39.2778625488	0.0
31.4705963135	39.2644577026	0.0
31.4974346161	39.2510528564	0.0
31.5242729187	39.2376441956	0.0
31.551109314	39.2242393494	0.0
31.5779476166	39.2108306885	0.0
31.6047859192	39.1974258423	0.0
31.6316223145	39.1840171814	0.0
31.6584606171	39.1706123352	0.0
31.6852989197	39.1572036743	0.0
31.7121353149	39.1437988281	0.0
31.7389736176	39.1303901672	0.0
31.7658119202	39.116985321	0.0
31.7926502228	39.1035804749	0.0
31.819486618	39.090171814	0.0
31.8463249207	39.0767669678	0.0
31.8731632233	39.0633583069	0.0
31.9000015259	39.0499534607	0.0
31.9268398285	39.0365486145	0.0
31.9536762238	39.0231399536	0.0
31.9805145264	39.0097351074	0.0
30.6586093903	39.6374473572	0.0
30.6517562866	39.6082382202	0.0
30.6449012756	39.5790328979	0.0
30.638048172	39.5498275757	0.0
30.631193161	39.5206184387	0.0
30.6243400574	39.4914131165	0.0
30.6174869537	39.4622077942	0.0
30.6106338501	39.4329986572	0.0
30.6037788391	39.403793335	0.0
30.5969257355	39.3745880127	0.0
30.5900726318	39.3453788757	0.0
30.5832176208	39.3161735535	0.0
30.5763645172	39.2869682312	0.0
30.5695095062	39.2577590942	0.0
30.5626564026	39.228553772	0.0
30.555803299	39.1993484497	0.0
30.548948288	39.1701393127	0.0
30.5420951843	39.1409339905	0.0
30.5352401733	39.1117286682	0.0
30.5283870697	39.0825195312	0.0
30.5214252472	39.0528488159	0.0
30.5145702362	39.0236434937	0.0
30.5077171326	38.9944343567	0.0
30.5008621216	38.9652290344	0.0
30.4940090179	38.9360237122	0.0
30.4871559143	38.9068183899	0.0
30.4803028107	38.8776092529	0.0
30.4734477997	38.8484039307	0.0
30.466594696	38.8191986084	0.0
30.4597396851	38.7899894714	0.0
30.4299926758	38.7940368652	0.0
30.4002990723	38.7983131409	0.0
30.3706054688	38.8025894165	0.0
30.3409118652	38.8068656921	0.0
30.3112182617	38.8111419678	0.0
30.2815246582	38.8154182434	0.0
30.2518310547	38.819694519	0.0
30.2221374512	38.8239746094	0.0
30.1924438477	38.828250885	0.0
30.1627502441	38.8325271606	0.0
30.1330566406	38.8368034363	0.0
30.1033630371	38.8410797119	0.0
30.0736694336	38.8453559875	0.0
30.0439758301	38.8496322632	0.0
30.0142822266	38.8539085388	0.0
29.984588623	38.8581886292	0.0
29.9548950195	38.8624649048	0.0
29.925201416	38.8667411804	0.0
29.8955078125	38.8710174561	0.0
29.865814209	38.8752937317	0.0
29.8361206055	38.879573822	0.0
29.806427002	38.883846283	0.0
29.7767333984	38.8881263733	0.0
29.7470397949	38.8924026489	0.0
29.7173461914	38.8966789246	0.0
29.6876525879	38.9009552002	0.0
29.6579589844	38.9052314758	0.0
29.6282653809	38.9095077515	0.0
29.5985717773	38.9137878418	0.0
29.5688781738	38.9180641174	0.0
29.5391845703	38.9223403931	0.0
29.5094909668	38.9266166687	0.0
29.4797973633	38.9308929443	0.0
29.4501037598	38.93516922	0.0
29.4204101562	38.9394454956	0.0
29.3907165527	38.9437255859	0.0
29.3610229492	38.9480018616	0.0
29.3313293457	38.9522781372	0.0
29.3016357422	38.9565544128	0.0
29.2719421387	38.9608306885	0.0
29.2422485352	38.9651069641	0.0
29.212556839	38.9693832397	0.0
29.1828613281	38.9736633301	0.0
29.1531677246	38.9779396057	0.0
29.1234741211	38.9822158813	0.0
29.0937805176	38.986492157	0.0
29.0640888214	38.9907684326	0.0
29.0343933105	38.9950447083	0.0
29.0047016144	38.9993247986	0.0
30.4528312683	38.7605514526	0.0
30.4459781647	38.7313461304	0.0
30.4391231537	38.7021369934	0.0
30.43227005	38.6729316711	0.0
30.4254169464	38.6437263489	0.0
30.4185638428	38.6145172119	0.0
30.4117088318	38.5853118896	0.0
30.4048557281	38.5561065674	0.0
30.3980026245	38.5268974304	0.0
30.3911476135	38.4976921082	0.0
30.3657264709	38.4814414978	0.0
30.3403606415	38.465423584	0.0
30.314994812	38.4494056702	0.0
30.2896289825	38.433391571	0.0
30.2642631531	38.4173736572	0.0
30.2388973236	38.4013557434	0.0
30.2135314941	38.3853378296	0.0
30.1881656647	38.3693199158	0.0
30.1627998352	38.353302002	0.0
30.1374320984	38.3372840881	0.0
30.1120662689	38.3212661743	0.0
30.0867004395	38.3052482605	0.0
30.06133461	38.2892303467	0.0
30.0359687805	38.2732124329	0.0
30.010602951	38.2571983337	0.0
29.9852352142	38.2411804199	0.0
29.9598693848	38.2251625061	0.0
29.9345035553	38.2091445923	0.0
29.9091377258	38.1931266785	0.0
29.8837718964	38.1771087646	0.0
29.8584041595	38.1610908508	0.0
29.8330383301	38.145072937	0.0
29.8076725006	38.1290550232	0.0
29.7823066711	38.1130371094	0.0
29.7569408417	38.0970191956	0.0
29.7315750122	38.0810050964	0.0
29.7062091827	38.0649871826	0.0
29.6808433533	38.0489692688	0.0
29.6554775238	38.032951355	0.0
29.6301116943	38.0169334412	0.0
29.6047439575	38.0009155273	0.0
29.5793781281	37.9848976135	0.0
29.5540122986	37.9688796997	0.0
29.5286464691	37.9528656006	0.0
29.5003433228	37.9177207947	0.0
29.4859848022	37.8913803101	0.0
29.471622467	37.8650398254	0.0
29.4572639465	37.8386993408	0.0
29.4429016113	37.8123626709	0.0
29.4285411835	37.7860221863	0.0
29.4141807556	37.7596817017	0.0
29.3998203278	37.733341217	0.0
29.3854598999	37.7070045471	0.0
29.371099472	37.6806640625	0.0
29.3567390442	37.6543235779	0.0
29.3423786163	37.6279830933	0.0
29.3280181885	37.6016464233	0.0
29.3136577606	37.5753059387	0.0
29.2992973328	37.5489654541	0.0
29.2849369049	37.5226249695	0.0
29.2705764771	37.4962844849	0.0
29.2562160492	37.4699478149	0.0
29.2418556213	37.4436073303	0.0
29.2274951935	37.4172668457	0.0
29.2131347656	37.3909263611	0.0
29.1987743378	37.3645896912	0.0
29.1844139099	37.3382492065	0.0
29.1700534821	37.3119087219	0.0
29.1556930542	37.2855682373	0.0
29.1413326263	37.2592277527	0.0
29.1269721985	37.2328910828	0.0
29.1126117706	37.2065505981	0.0
29.0982513428	37.1802101135	0.0
29.0838909149	37.1538696289	0.0
29.0695304871	37.1275291443	0.0
29.0551700592	37.1011924744	0.0
29.0408096313	37.0748519897	0.0
29.0264492035	37.0485115051	0.0
29.0120887756	37.0221710205	0.0
29.4848804474	37.947303772	0.0
29.4550552368	37.95054245	0.0
29.4252319336	37.9537849426	0.0
29.395406723	37.9570274353	0.0
29.3655834198	37.9602661133	0.0
29.3357582092	37.963508606	0.0
29.305934906	37.9667510986	0.0
29.2761096954	37.9699897766	0.0
29.2275276184	37.9752693176	0.0
29.1977043152	37.9785118103	0.0
29.1678791046	37.981754303	0.0
29.1380558014	37.9849967957	0.0
29.1082305908	37.9882354736	0.0
29.0784053802	37.9914779663	0.0
29.048582077	37.994720459	0.0
29.0187568665	37.997959137	0.0
29.2273597717	37.9726982117	0.0
29.1973667145	37.9733657837	0.0
29.1673755646	37.9740333557	0.0
29.1373825073	37.974697113	0.0
29.1073894501	37.9753646851	0.0
29.0773963928	37.9760322571	0.0
29.0474033356	37.9766998291	0.0
29.0174121857	37.9773674011	0.0
28.9874191284	37.9780349731	0.0
28.9574260712	37.9787025452	0.0
28.9274349213	37.9793701172	0.0
28.897441864	37.9800376892	0.0
28.8674488068	37.9807014465	0.0
28.8374557495	37.9813728333	0.0
28.8074645996	37.9820365906	0.0
28.7774715424	37.9827041626	0.0
28.7474784851	37.9833717346	0.0
28.7174854279	37.9840393066	0.0
28.6874923706	37.9847068787	0.0
28.6575012207	37.9853744507	0.0
28.6275081635	37.9860420227	0.0
28.5975151062	37.9867095947	0.0
28.567522049	37.9873733521	0.0
28.537530899	37.9880447388	0.0
28.5075378418	37.9887084961	0.0
28.4775447845	37.9893760681	0.0
28.4475536346	37.9900436401	0.0
28.4175605774	37.9907112122	0.0
28.3875675201	37.9913787842	0.0
28.3575744629	37.9920463562	0.0
28.3275814056	37.9927139282	0.0
28.2975902557	37.9933815002	0.0
28.2675971985	37.9940452576	0.0
28.2376041412	37.9947128296	0.0
28.207611084	37.9953804016	0.0
28.1776199341	37.9960479736	0.0
28.1476268768	37.9967155457	0.0
28.1176338196	37.9973831177	0.0
28.0876426697	37.9980506897	0.0
28.0576496124	37.9987182617	0.0
28.0276565552	37.9993858337	0.0
30.404876709	38.4708137512	0.0
30.4186592102	38.4441680908	0.0
30.4324436188	38.4175224304	0.0
30.4580078125	38.3680992126	0.0
30.4717903137	38.3414535522	0.0
30.4855728149	38.3148078918	0.0
30.5111370087	38.2653846741	0.0
30.5249195099	38.2387390137	0.0
30.5387039185	38.2120933533	0.0
30.5524864197	38.1854476929	0.0
30.5662708282	38.1588020325	0.0
30.5800533295	38.1321563721	0.0
30.5938358307	38.105506897	0.0
30.6312732697	38.0749855042	0.0
30.6589317322	38.0633659363	0.0
30.6865901947	38.0517463684	0.0
30.7142486572	38.0401306152	0.0
30.7419071198	38.0285072327	0.0
30.7695655823	38.0168914795	0.0
30.7972259521	38.0052719116	0.0
30.8248825073	37.9936523438	0.0
30.8525428772	37.9820327759	0.0
30.8801994324	37.970413208	0.0
30.9078598022	37.9587936401	0.0
30.9355182648	37.947177887	0.0
30.9631767273	37.9355583191	0.0
30.9908351898	37.9239387512	0.0
31.0184936523	37.9123191833	0.0
31.0461521149	37.9006996155	0.0
31.0738105774	37.8890800476	0.0
31.1014690399	37.8774604797	0.0
31.1291275024	37.8658447266	0.0
31.156785965	37.8542251587	0.0
31.1844444275	37.8426055908	0.0
31.21210289	37.8309860229	0.0
31.2397613525	37.8193664551	0.0
31.2674217224	37.8077468872	0.0
31.3028526306	37.8128128052	0.0
31.3318271637	37.8205947876	0.0
31.3608016968	37.8283729553	0.0
31.3897743225	37.836151123	0.0
31.4187488556	37.8439331055	0.0
31.4477214813	37.8517112732	0.0
31.4766960144	37.8594894409	0.0
31.5056705475	37.8672714233	0.0
31.5346431732	37.8750495911	0.0
31.5636177063	37.8828315735	0.0
31.592590332	37.8906097412	0.0
31.6215648651	37.8983879089	0.0
31.6505374908	37.9061698914	0.0
31.6795120239	37.9139480591	0.0
31.708486557	37.9217262268	0.0
31.7374591827	37.9295082092	0.0
31.7664337158	37.937286377	0.0
31.7954063416	37.9450645447	0.0
31.8243808746	37.9528465271	0.0
31.8533554077	37.9606246948	0.0
31.8823280334	37.9684066772	0.0
31.9113025665	37.976184845	0.0
31.9402751923	37.9839630127	0.0
31.9692497253	37.9917411804	0.0
31.9982223511	37.9995231628	0.0
31.2939739227	37.7827568054	0.0
31.3140659332	37.7604827881	0.0
31.3341598511	37.7382049561	0.0
31.3542518616	37.715927124	0.0
31.3743457794	37.693649292	0.0
31.3944396973	37.67137146	0.0
31.4145317078	37.6490974426	0.0
31.4346256256	37.6268196106	0.0
31.4547195435	37.6045417786	0.0
31.474811554	37.5822639465	0.0
31.4949054718	37.5599861145	0.0
31.5149974823	37.5377120972	0.0
31.5350914001	37.5154342651	0.0
31.555185318	37.4931564331	0.0
31.5752773285	37.4708786011	0.0
31.5953712463	37.4486045837	0.0
31.6154632568	37.4263267517	0.0
31.6355571747	37.4040489197	0.0
31.6556510925	37.3817749023	0.0
31.675743103	37.3594970703	0.0
31.6958370209	37.3372192383	0.0
31.7159309387	37.3149414062	0.0
31.7360248566	37.2926635742	0.0
31.7561168671	37.2703895569	0.0
31.7762107849	37.2481117249	0.0
31.7963047028	37.2258338928	0.0
31.8163967133	37.2035560608	0.0
31.8364906311	37.1812782288	0.0
31.8565826416	37.1590042114	0.0
31.8766765594	37.1367263794	0.0
31.8967704773	37.1144485474	0.0
31.9168624878	37.0921707153	0.0
31.9369564056	37.069896698	0.0
31.9570484161	37.047618866	0.0
31.977142334	37.0253410339	0.0
31.9972362518	37.0030632019	0.0
30.5910511017	38.0593605042	0.0
30.5784873962	38.032119751	0.0
30.5659255981	38.0048751831	0.0
30.5533638	37.9776344299	0.0
30.5408000946	37.9503898621	0.0
30.5282363892	37.9231491089	0.0
30.5156745911	37.895904541	0.0
30.5031108856	37.8686637878	0.0
30.4905471802	37.84141922	0.0
30.4779853821	37.8141746521	0.0
30.4654216766	37.7869338989	0.0
30.4528598785	37.7596893311	0.0
30.4402961731	37.7324485779	0.0
30.4277324677	37.70520401	0.0
30.4151706696	37.6779632568	0.0
30.3995323181	37.6440544128	0.0
30.38697052	37.6168136597	0.0
30.3744068146	37.5895690918	0.0
30.3618431091	37.5623245239	0.0
30.349281311	37.5350837708	0.0
30.3367176056	37.5078392029	0.0
30.3241558075	37.4805984497	0.0
30.3115921021	37.4533538818	0.0
30.2990283966	37.4261131287	0.0
30.2864665985	37.3988685608	0.0
30.2739028931	37.3716278076	0.0
30.2613391876	37.3443832397	0.0
30.2487773895	37.3171386719	0.0
30.2362155914	37.2898979187	0.0
30.223651886	37.2626533508	0.0
30.2301826477	37.2275695801	0.0
30.2397861481	37.1991462708	0.0
30.2493915558	37.1707267761	0.0
30.2589969635	37.1423072815	0.0
30.2686023712	37.1138839722	0.0
30.2782058716	37.0854644775	0.0
30.2878112793	37.0570411682	0.0
30.297416687	37.0286216736	0.0
30.3070201874	37.000202179	0.0
30.3166255951	36.9717826843	0.0
30.3262290955	36.943359375	0.0
30.3358345032	36.9149398804	0.0
30.3454399109	36.886516571	0.0
30.3550434113	36.8580970764	0.0
30.364648819	36.8296775818	0.0
30.3742542267	36.8012542725	0.0
30.3838596344	36.7728347778	0.0
30.3934631348	36.7444114685	0.0
30.4030685425	36.7159919739	0.0
30.4126739502	36.6875724792	0.0
30.4222774506	36.6591491699	0.0
30.4318828583	36.6307296753	0.0
30.4414863586	36.6023101807	0.0
30.4510917664	36.5738868713	0.0
30.4606952667	36.5454673767	0.0
30.4703006744	36.5170478821	0.0
30.494052887	36.489692688	0.0
30.5156078339	36.4688262939	0.0
30.5371646881	36.4479637146	0.0
30.5587215424	36.4270973206	0.0
30.5802783966	36.4062347412	0.0
30.6018352509	36.3853721619	0.0
30.6233921051	36.3645057678	0.0
30.6449489594	36.3436431885	0.0
30.6665058136	36.3227767944	0.0
30.6880626678	36.3019142151	0.0
30.7096195221	36.2810516357	0.0
30.731174469	36.2601852417	0.0
30.7527313232	36.2393226624	0.0
30.7742881775	36.2184562683	0.0
30.7958469391	36.197593689	0.0
30.817401886	36.1767311096	0.0
30.8389587402	36.1558647156	0.0
30.8605155945	36.1350021362	0.0
30.8820724487	36.1141395569	0.0
30.903629303	36.0932731628	0.0
30.9251861572	36.0724105835	0.0
30.9467430115	36.0515441895	0.0
30.9682998657	36.0306816101	0.0
30.98985672	36.0098190308	0.0
30.4621429443	36.4823989868	0.0
30.451789856	36.4542427063	0.0
30.4414348602	36.4260826111	0.0
30.4310817719	36.3979263306	0.0
30.4207286835	36.36977005	0.0
30.4103755951	36.3416137695	0.0
30.4000225067	36.313457489	0.0
30.3896694183	36.2852973938	0.0
30.37931633	36.2571411133	0.0
30.3689632416	36.2289848328	0.0
30.3586101532	36.2008285522	0.0
30.3482570648	36.1726722717	0.0
30.3379039764	36.1445159912	0.0
30.3275508881	36.1163597107	0.0
30.3171977997	36.0881996155	0.0
30.3068447113	36.060043335	0.0
30.2964916229	36.0318870544	0.0
30.2861385345	36.0037307739	0.0
30.2757854462	35.9755744934	0.0
30.2654323578	35.9474143982	0.0
30.2550792694	35.9192581177	0.0
30.244726181	35.8911018372	0.0
30.2343730927	35.8629455566	0.0
30.2240200043	35.8347892761	0.0
30.2136669159	35.8066291809	0.0
30.2033138275	35.7784729004	0.0
30.1929607391	35.7503166199	0.0
30.1826076508	35.7221603394	0.0
30.1722545624	35.6940040588	0.0
30.161901474	35.6658477783	0.0
30.1515483856	35.6376914978	0.0
30.1411952972	35.6095314026	0.0
30.1308422089	35.5813751221	0.0
30.1204891205	35.5532188416	0.0
30.1101360321	35.525062561	0.0
30.0982532501	35.479724884	0.0
30.0922336578	35.4503364563	0.0
30.0862140656	35.4209480286	0.0
30.0801944733	35.3915557861	0.0
30.0741767883	35.3621673584	0.0
30.068157196	35.332775116	0.0
30.0621376038	35.3033866882	0.0
30.0561180115	35.2739982605	0.0
30.0811100006	35.2467765808	0.0
30.1100826263	35.2389945984	0.0
30.1390571594	35.2312164307	0.0
30.1680297852	35.2234344482	0.0
30.1970024109	35.2156524658	0.0
30.225976944	35.2078704834	0.0
30.2358036041	35.1742324829	0.0
30.2298965454	35.144821167	0.0
30.2239894867	35.1154098511	0.0
30.218082428	35.0859947205	0.0
30.2121772766	35.0565834045	0.0
30.2062702179	35.0271682739	0.0
30.2003631592	34.997756958	0.0
30.1944561005	34.9683456421	0.0
30.1885509491	34.9389305115	0.0
30.1826438904	34.9095191956	0.0
30.176738739	34.8801078796	0.0
30.1708316803	34.850692749	0.0
30.1649246216	34.8212814331	0.0
30.1590175629	34.7918663025	0.0
30.1531124115	34.7624549866	0.0
30.1472053528	34.7330436707	0.0
30.1412982941	34.70362854	0.0
30.1353912354	34.6742172241	0.0
30.129486084	34.6448020935	0.0
30.1235790253	34.6153907776	0.0
30.1176738739	34.5859794617	0.0
30.1117668152	34.5565643311	0.0
30.1058597565	34.5271530151	0.0
30.0999526978	34.4977378845	0.0
30.0940475464	34.4683265686	0.0
30.0881404877	34.4389152527	0.0
30.082233429	34.4095001221	0.0
30.0763263702	34.3800888062	0.0
30.0704212189	34.3506736755	0.0
30.0645141602	34.3212623596	0.0
30.0586071014	34.2918510437	0.0
30.0527019501	34.2624359131	0.0
30.0467948914	34.2330245972	0.0
30.0408878326	34.2036094666	0.0
30.0349807739	34.1741981506	0.0
30.0290756226	34.1447868347	0.0
30.0231685638	34.1153717041	0.0
30.0172615051	34.0859603882	0.0
30.0113544464	34.0565452576	0.0
30.005449295	34.0271339417	0.0
30.2706832886	35.1958656311	0.0
30.2996559143	35.1880836487	0.0
30.32862854	35.1803016663	0.0
30.3576030731	35.1725234985	0.0
30.3865756989	35.1647415161	0.0
30.4155483246	35.1569595337	0.0
30.4445228577	35.1491775513	0.0
30.4734954834	35.1413993835	0.0
30.5024681091	35.1336174011	0.0
30.5314426422	35.1258354187	0.0
30.5604152679	35.1180534363	0.0
30.589389801	35.1102752686	0.0
30.6183624268	35.1024932861	0.0
30.6473350525	35.0947113037	0.0
30.6763095856	35.0869293213	0.0
30.7052822113	35.0791473389	0.0
30.7342567444	35.0713691711	0.0
30.7632293701	35.0635871887	0.0
30.7922039032	35.0558052063	0.0
30.8211765289	35.0480232239	0.0
30.8501491547	35.0402450562	0.0
30.8791236877	35.0324630737	0.0
30.9080963135	35.0246810913	0.0
30.9370708466	35.0168991089	0.0
30.9660434723	35.0091209412	0.0
30.995016098	35.0013389587	0.0
30.0461177826	35.2251663208	0.0
30.0400981903	35.1957778931	0.0
30.034078598	35.1663894653	0.0
30.0280590057	35.1369972229	0.0
30.0220394135	35.1076087952	0.0
30.0160198212	35.0782203674	0.0
30.0100002289	35.048828125	0.0
30.0039806366	35.0194396973	0.0
30.0742797852	35.5084762573	0.0
30.0442867279	35.5078353882	0.0
30.0142936707	35.5071983337	0.0
29.9843006134	35.5065574646	0.0
29.9543075562	35.5059165955	0.0
29.9243144989	35.505279541	0.0
29.8943214417	35.5046386719	0.0
29.8643283844	35.5039978027	0.0
29.8343334198	35.5033607483	0.0
29.8043403625	35.5027198792	0.0
29.7743473053	35.50207901	0.0
29.744354248	35.5014419556	0.0
29.7143611908	35.5008010864	0.0
29.6843681335	35.5001602173	0.0
29.6543750763	35.4995231628	0.0
29.624382019	35.4988822937	0.0
29.5943889618	35.4982414246	0.0
29.5643959045	35.4976043701	0.0
29.5311317444	35.4688987732	0.0
29.5209312439	35.4406852722	0.0
29.5107288361	35.4124755859	0.0
29.5005283356	35.384262085	0.0
29.4903278351	35.356048584	0.0
29.4801254272	35.3278388977	0.0
29.4699249268	35.2996253967	0.0
29.4597244263	35.2714118958	0.0
29.4495220184	35.2431983948	0.0
29.4393215179	35.2149887085	0.0
29.4291191101	35.1867752075	0.0
29.4189186096	35.1585617065	0.0
29.4087181091	35.1303482056	0.0
29.3985176086	35.1021385193	0.0
29.3883152008	35.0739250183	0.0
29.3781147003	35.0457115173	0.0
29.3679122925	35.0175018311	0.0
29.357711792	34.9892883301	0.0
29.3475112915	34.9610748291	0.0
29.337310791	34.9328651428	0.0
29.3271083832	34.9046516418	0.0
29.3169078827	34.8764381409	0.0
29.3067054749	34.8482284546	0.0
29.2965049744	34.8200149536	0.0
29.2863044739	34.7918014526	0.0
29.276102066	34.7635917664	0.0
29.2659015656	34.7353782654	0.0
29.2556991577	34.7071647644	0.0
29.2454986572	34.6789512634	0.0
29.2352981567	34.6507415771	0.0
29.2250976562	34.6225280762	0.0
29.2148952484	34.5943145752	0.0
29.2046947479	34.5661048889	0.0
29.1944923401	34.5378913879	0.0
29.1842918396	34.509677887	0.0
29.1740913391	34.481464386	0.0
29.1638908386	34.4532546997	0.0
29.1536884308	34.4250411987	0.0
29.1434879303	34.3968276978	0.0
29.1332855225	34.3686180115	0.0
29.123085022	34.3404045105	0.0
29.1128845215	34.3121910095	0.0
29.1026821136	34.2839813232	0.0
29.0924816132	34.2557678223	0.0
29.0822811127	34.2275543213	0.0
29.0720787048	34.199344635	0.0
29.0618782043	34.171131134	0.0
29.0516777039	34.1429176331	0.0
29.041475296	34.1147041321	0.0
29.0312747955	34.0864944458	0.0
29.021074295	34.0582809448	0.0
29.0108718872	34.0300674438	0.0
29.0006713867	34.0018577576	0.0
29.5119037628	35.5029335022	0.0
29.4824733734	35.5087585449	0.0
29.4530448914	35.5145835876	0.0
29.4236164093	35.5204048157	0.0
29.3941860199	35.5262298584	0.0
29.3647575378	35.5320510864	0.0
29.3353271484	35.5378761292	0.0
29.3058986664	35.5437011719	0.0
29.276468277	35.5495223999	0.0
29.2470397949	35.5553474426	0.0
29.2176094055	35.5611686707	0.0
29.1881809235	35.5669937134	0.0
29.1587524414	35.5728187561	0.0
29.129322052	35.5786399841	0.0
29.0998935699	35.5844650269	0.0
29.0704631805	35.5902862549	0.0
29.0410346985	35.5961112976	0.0
29.0116043091	35.6019363403	0.0
28.982175827	35.6077575684	0.0
28.9527454376	35.6135826111	0.0
28.9233169556	35.6194076538	0.0
28.8938884735	35.6252288818	0.0
28.8644580841	35.6310539246	0.0
28.8350296021	35.6368751526	0.0
28.8055992126	35.6427001953	0.0
28.7761707306	35.648525238	0.0
28.7467403412	35.6543464661	0.0
28.7173118591	35.6601715088	0.0
28.6878814697	35.6659965515	0.0
28.6584529877	35.6718177795	0.0
28.6290245056	35.6776428223	0.0
28.5995941162	35.683467865	0.0
28.5701656342	35.689289093	0.0
28.5407352448	35.6951141357	0.0
28.5113067627	35.7009353638	0.0
28.4818763733	35.7067604065	0.0
28.4524478912	35.7125854492	0.0
28.4230175018	35.7184066772	0.0
28.3935890198	35.72423172	0.0
28.3641605377	35.7300567627	0.0
28.3347301483	35.7358779907	0.0
28.3053016663	35.7417030334	0.0
28.2758712769	35.7475242615	0.0
28.2464427948	35.7533493042	0.0
28.2170124054	35.7591743469	0.0
28.1875839233	35.764995575	0.0
28.1581535339	35.7708206177	0.0
28.1287250519	35.7766418457	0.0
28.0992965698	35.7824668884	0.0
28.0698661804	35.7882919312	0.0
28.0404376984	35.7941131592	0.0
28.011007309	35.7999382019	0.0
27.9815788269	35.8057594299	0.0
27.9521484375	35.8115844727	0.0
27.9227180481	35.8174095154	0.0
27.893289566	35.8232307434	0.0
27.863861084	35.8290557861	0.0
27.8344306946	35.8348808289	0.0
27.8050022125	35.8407020569	0.0
27.7755737305	35.8465270996	0.0
27.7461433411	35.8523483276	0.0
27.716714859	35.8581733704	0.0
27.6872844696	35.8639984131	0.0
27.6578540802	35.8698196411	0.0
27.6284255981	35.8756446838	0.0
27.5989971161	35.8814697266	0.0
27.5695667267	35.8872909546	0.0
27.5401382446	35.8931159973	0.0
27.5107097626	35.8989372253	0.0
27.4812793732	35.9047622681	0.0
27.4518508911	35.9105873108	0.0
27.4224205017	35.9164085388	0.0
27.3929901123	35.9222335815	0.0
27.3635616302	35.9280586243	0.0
27.3341331482	35.9338798523	0.0
27.3047027588	35.939704895	0.0
27.2752742767	35.945526123	0.0
27.2458457947	35.9513511658	0.0
27.2164154053	35.9571762085	0.0
27.1869869232	35.9629974365	0.0
27.1575565338	35.9688224792	0.0
27.1281261444	35.974647522	0.0
27.0986976624	35.98046875	0.0
27.0692691803	35.9862937927	0.0
27.0398387909	35.9921150208	0.0
27.0104103088	35.9979400635	0.0
30.2009944916	37.2332611084	0.0
30.1814117432	37.2105369568	0.0
30.1618289948	37.1878089905	0.0
30.1422462463	37.1650848389	0.0
30.1226634979	37.1423568726	0.0
30.0907058716	37.105266571	0.0
30.0711231232	37.0825424194	0.0
30.0515403748	37.0598144531	0.0
30.0319576263	37.0370864868	0.0
30.0123748779	37.0143623352	0.0
30.1073703766	37.0981369019	0.0
30.1044502258	37.0682792664	0.0
30.1015300751	37.0384216309	0.0
30.0986118317	37.0085639954	0.0
30.0956916809	36.9787063599	0.0
30.0927734375	36.9488487244	0.0
30.0898532867	36.9189910889	0.0
30.0869350433	36.8891334534	0.0
30.0840148926	36.8592758179	0.0
30.0810966492	36.8294181824	0.0
30.0781764984	36.7995605469	0.0
30.0752563477	36.7697029114	0.0
30.0723381042	36.7398452759	0.0
30.0694198608	36.7099876404	0.0
30.0664997101	36.6801300049	0.0
30.0635795593	36.6502723694	0.0
30.0606613159	36.6204147339	0.0
30.0577411652	36.5905570984	0.0
30.0522251129	36.5341415405	0.0
30.0493068695	36.504283905	0.0
30.0463867188	36.4744262695	0.0
30.043466568	36.444568634	0.0
30.0405483246	36.4147071838	0.0
30.0376281738	36.384853363	0.0
30.0347099304	36.3549957275	0.0
30.0317897797	36.3251342773	0.0
30.0288715363	36.2952804565	0.0
30.0259513855	36.265422821	0.0
30.0230312347	36.2355651855	0.0
30.0201129913	36.20570755	0.0
30.0171928406	36.1758460999	0.0
30.0142745972	36.1459922791	0.0
30.0113544464	36.1161346436	0.0
30.008436203	36.0862731934	0.0
30.0055160522	36.0564193726	0.0
30.0025978088	36.0265617371	0.0
30.0286865234	36.5498542786	0.0
30.0022296906	36.5357131958	0.0
29.9757728577	36.521572113	0.0
29.9493141174	36.5074272156	0.0
29.9228572845	36.4932861328	0.0
29.8963985443	36.47914505	0.0
29.8699417114	36.4650039673	0.0
29.8434848785	36.4508590698	0.0
29.8170261383	36.4367179871	0.0
29.7905693054	36.4225769043	0.0
29.7641124725	36.4084358215	0.0
29.7376537323	36.3942909241	0.0
29.7111968994	36.3801498413	0.0
29.6847381592	36.3660087585	0.0
29.6582813263	36.3518676758	0.0
29.6318244934	36.3377227783	0.0
29.6053676605	36.3235816956	0.0
29.5789089203	36.3094406128	0.0
29.5524520874	36.2952957153	0.0
29.5259933472	36.2811546326	0.0
29.4995365143	36.2670135498	0.0
29.4730796814	36.252872467	0.0
29.4466209412	36.2387275696	0.0
29.4201641083	36.2245864868	0.0
29.393705368	36.2104454041	0.0
29.3672485352	36.1963005066	0.0
29.3407917023	36.1821594238	0.0
29.3143348694	36.1680183411	0.0
29.2878761292	36.1538772583	0.0
29.2614192963	36.1397323608	0.0
29.234960556	36.1255912781	0.0
29.2085037231	36.1114501953	0.0
29.1820468903	36.0973091125	0.0
29.15558815	36.0831642151	0.0
29.1291313171	36.0690231323	0.0
29.1026744843	36.0548820496	0.0
29.076215744	36.0407371521	0.0
29.0497589111	36.0265960693	0.0
29.0233001709	36.0124549866	0.0
30.4318618774	37.648727417	0.0
30.451625824	37.626159668	0.0
30.4713916779	37.6035919189	0.0
30.4911556244	37.5810241699	0.0
30.5109214783	37.5584526062	0.0
30.5306854248	37.5358848572	0.0
30.5504512787	37.5133171082	0.0
30.5702152252	37.4907493591	0.0
30.5899810791	37.4681777954	0.0
30.609746933	37.4456100464	0.0
30.6295108795	37.4230422974	0.0
30.6492767334	37.4004745483	0.0
30.6690406799	37.3779067993	0.0
30.6888065338	37.3553352356	0.0
30.7085704803	37.3327674866	0.0
30.7283363342	37.3101997375	0.0
30.7481002808	37.2876281738	0.0
30.7678661346	37.2650604248	0.0
30.7876300812	37.2424926758	0.0
30.8073959351	37.2199249268	0.0
30.8271617889	37.197353363	0.0
30.8469276428	37.174785614	0.0
30.8666915894	37.152217865	0.0
30.8864574432	37.129650116	0.0
30.9062213898	37.1070823669	0.0
30.9259872437	37.0845108032	0.0
30.9457511902	37.0619430542	0.0
30.9655170441	37.0393753052	0.0
30.9852828979	37.0168075562	0.0
30.5232944489	38.2769622803	0.0
30.5492324829	38.2618904114	0.0
30.5751724243	38.2468185425	0.0
30.6011123657	38.2317504883	0.0
30.6270523071	38.2166786194	0.0
30.6529922485	38.2016067505	0.0
30.6789321899	38.1865386963	0.0
30.7048721313	38.1714668274	0.0
30.7308120728	38.1563949585	0.0
30.7567520142	38.1413269043	0.0
30.7826919556	38.1262550354	0.0
30.808631897	38.1111831665	0.0
30.8345718384	38.0961112976	0.0
30.8605117798	38.0810432434	0.0
30.8864517212	38.0659713745	0.0
30.9123897552	38.0508995056	0.0
30.9383296967	38.0358276367	0.0
30.9642696381	38.0207595825	0.0
30.9902095795	38.0056877136	0.0
30.4217987061	38.3748168945	0.0
30.3993721008	38.3548927307	0.0
30.376947403	38.3349647522	0.0
30.3545227051	38.3150367737	0.0
30.3320960999	38.2951087952	0.0
30.309671402	38.2751808167	0.0
30.2872467041	38.2552528381	0.0
30.2648200989	38.2353248596	0.0
30.242395401	38.2153968811	0.0
30.2199707031	38.1954689026	0.0
30.1975460052	38.1755447388	0.0
30.1751194	38.1556167603	0.0
30.1526947021	38.1356887817	0.0
30.1302700043	38.1157608032	0.0
30.107843399	38.0958328247	0.0
30.0854187012	38.0759048462	0.0
30.0629940033	38.0559768677	0.0
30.0405693054	38.0360488892	0.0
30.0181427002	38.0161247253	0.0
30.5578346252	39.076915741	0.0
30.5873908997	39.0717735291	0.0
30.6169471741	39.0666313171	0.0
30.6465034485	39.0614891052	0.0
30.6760597229	39.056350708	0.0
30.70561409	39.0512084961	0.0
30.7351722717	39.0460662842	0.0
30.7647285461	39.040927887	0.0
30.7942848206	39.035785675	0.0
30.8238391876	39.0306434631	0.0
30.853395462	39.0255012512	0.0
30.8829517365	39.0203590393	0.0
30.9125099182	39.0152206421	0.0
30.9420642853	39.0100784302	0.0
30.9716205597	39.0049362183	0.0
30.8731307983	40.4291687012	0.0
30.8978862762	40.4122200012	0.0
30.9226398468	40.3952713013	0.0
30.9473953247	40.378326416	0.0
30.9721488953	40.3613777161	0.0
30.9969043732	40.3444290161	0.0
31.0216579437	40.3274803162	0.0
31.0464134216	40.3105354309	0.0
31.0711669922	40.293586731	0.0
31.0959224701	40.2766418457	0.0
31.1206760406	40.2596931458	0.0
31.1454315186	40.2427444458	0.0
31.1440391541	40.2073402405	0.0
31.1269245148	40.1827011108	0.0
31.1098079681	40.1580657959	0.0
31.0926914215	40.1334266663	0.0
31.0755748749	40.1087875366	0.0
31.0584583282	40.0841522217	0.0
31.041343689	40.059513092	0.0
31.0242271423	40.0348739624	0.0
31.0071105957	40.0102348328	0.0
31.190071106	40.2239837646	0.0
31.2189846039	40.2159881592	0.0
31.2479000092	40.2079925537	0.0
31.2768154144	40.1999931335	0.0
31.3057289124	40.1919975281	0.0
31.3346443176	40.1840019226	0.0
31.3635597229	40.1760063171	0.0
31.3924732208	40.1680107117	0.0
31.4213886261	40.1600112915	0.0
31.450302124	40.152015686	0.0
31.4792175293	40.1440200806	0.0
31.5081329346	40.1360244751	0.0
31.5370464325	40.1280288696	0.0
31.5659618378	40.1200332642	0.0
31.5948753357	40.1120376587	0.0
31.623790741	40.1040382385	0.0
31.6527061462	40.0960426331	0.0
31.6816215515	40.0880470276	0.0
31.7105350494	40.0800514221	0.0
31.7394504547	40.0720558167	0.0
31.76836586	40.0640563965	0.0
31.7972793579	40.056060791	0.0
31.8261947632	40.0480651855	0.0
31.8551082611	40.0400695801	0.0
31.8840236664	40.0320739746	0.0
31.9129371643	40.0240783691	0.0
31.9418525696	40.016078949	0.0
31.9707679749	40.0080833435	0.0
31.9996814728	40.000087738	0.0
30.9099273682	41.0705680847	0.0
30.9335422516	41.052066803	0.0
30.9571590424	41.0335655212	0.0
30.9807739258	41.0150642395	0.0
30.692073822	41.7831726074	0.0
30.672208786	41.7606925964	0.0
30.65234375	41.7382125854	0.0
30.632478714	41.7157325745	0.0
30.6126117706	41.6932525635	0.0
30.5927467346	41.6707725525	0.0
30.5728816986	41.6482887268	0.0
30.5530166626	41.6258087158	0.0
30.5331497192	41.6033287048	0.0
30.5132846832	41.5808486938	0.0
30.4934196472	41.5583686829	0.0
30.4735546112	41.5358886719	0.0
30.4536895752	41.5134086609	0.0
30.4338226318	41.4909286499	0.0
30.4139575958	41.4684486389	0.0
30.3940925598	41.4459686279	0.0
30.3742275238	41.4234886169	0.0
30.3543624878	41.401008606	0.0
30.3344955444	41.3785247803	0.0
30.3146305084	41.3560447693	0.0
30.2947654724	41.3335647583	0.0
30.2749004364	41.3110847473	0.0
30.2550354004	41.2886047363	0.0
30.235168457	41.2661247253	0.0
30.215303421	41.2436447144	0.0
30.195438385	41.2211647034	0.0
30.175573349	41.1986846924	0.0
30.1557064056	41.1762046814	0.0
30.1358413696	41.1537246704	0.0
30.1159763336	41.1312446594	0.0
30.0961112976	41.1087608337	0.0
30.0762462616	41.0862808228	0.0
30.0563793182	41.0638008118	0.0
30.0365142822	41.0413208008	0.0
30.0166492462	41.0188407898	0.0
30.5341110229	42.9428253174	0.0
30.5625133514	42.9331703186	0.0
30.5909175873	42.9235115051	0.0
30.6193218231	42.9138565063	0.0
30.6477241516	42.9042015076	0.0
30.6761283875	42.8945426941	0.0
30.7045326233	42.8848876953	0.0
30.7329368591	42.8752326965	0.0
30.7613391876	42.8655776978	0.0
30.7897434235	42.8559188843	0.0
30.818145752	42.8462638855	0.0
30.8465499878	42.8366088867	0.0
30.8749523163	42.8269538879	0.0
30.9033565521	42.8172950745	0.0
30.931760788	42.8076400757	0.0
30.9601631165	42.7979850769	0.0
30.9885673523	42.7883262634	0.0
31.0169715881	42.7786712646	0.0
31.0547657013	42.7658233643	0.0
31.0831699371	42.7561683655	0.0
31.1115722656	42.746509552	0.0
31.1399765015	42.7368545532	0.0
31.16837883	42.7271995544	0.0
31.1967830658	42.7175445557	0.0
31.2251853943	42.7078857422	0.0
31.2535896301	42.6982307434	0.0
31.281993866	42.6885757446	0.0
31.3103961945	42.6789207458	0.0
31.3388004303	42.6692619324	0.0
31.3672046661	42.6596069336	0.0
31.395608902	42.6499519348	0.0
31.4240112305	42.6402931213	0.0
31.4524154663	42.6306381226	0.0
31.4808177948	42.6209831238	0.0
31.5092220306	42.6113243103	0.0
31.5376243591	42.6016693115	0.0
31.5767307281	42.6026077271	0.0
31.6064434052	42.6067390442	0.0
31.6361598969	42.6108665466	0.0
31.6658725739	42.6149978638	0.0
31.6955871582	42.6191291809	0.0
31.7253017426	42.623260498	0.0
31.7550163269	42.6273880005	0.0
31.7847309113	42.6315193176	0.0
31.8144454956	42.6356506348	0.0
31.8441581726	42.6397781372	0.0
31.8738746643	42.6439094543	0.0
31.9035873413	42.6480407715	0.0
31.9333019257	42.6521682739	0.0
31.9743785858	42.6384849548	0.0
31.9998474121	42.6226272583	0.0
32.0253143311	42.6067733765	0.0
32.0507850647	42.5909194946	0.0
32.0762519836	42.5750656128	0.0
32.1017189026	42.559211731	0.0
32.1271896362	42.5433540344	0.0
32.1526565552	42.5275001526	0.0
32.1781234741	42.5116462708	0.0
32.2035942078	42.4957923889	0.0
32.2290611267	42.4799346924	0.0
32.2545280457	42.4640808105	0.0
32.2799987793	42.4482269287	0.0
32.3054656982	42.4323730469	0.0
32.3309326172	42.4165153503	0.0
32.3563995361	42.4006614685	0.0
32.3818702698	42.3848075867	0.0
32.4073371887	42.3689537048	0.0
32.4328041077	42.353099823	0.0
32.4582748413	42.3372421265	0.0
32.4837417603	42.3213882446	0.0
32.5092086792	42.3055343628	0.0
32.5346794128	42.289680481	0.0
32.5601463318	42.2738227844	0.0
32.5856132507	42.2579689026	0.0
32.6110839844	42.2421150208	0.0
32.6365509033	42.2262611389	0.0
32.6620178223	42.2104034424	0.0
32.6874885559	42.1945495605	0.0
32.7129554749	42.1786956787	0.0
32.7384223938	42.1628417969	0.0
32.7638893127	42.1469841003	0.0
32.7893600464	42.1311302185	0.0
32.8148269653	42.1152763367	0.0
32.840297699	42.0994224548	0.0
32.8657646179	42.083568573	0.0
32.8912315369	42.0677108765	0.0
32.9166984558	42.0518569946	0.0
32.9421691895	42.0360031128	0.0
32.9676361084	42.0201454163	0.0
32.993106842	42.0042915344	0.0
31.9707050323	42.6749534607	0.0
31.9924983978	42.6955718994	0.0
32.0142936707	42.7161865234	0.0
32.0360870361	42.7368049622	0.0
32.0578804016	42.7574195862	0.0
32.0796737671	42.7780380249	0.0
32.1014671326	42.7986526489	0.0
32.123260498	42.8192710876	0.0
32.1450538635	42.8398857117	0.0
32.166847229	42.8605041504	0.0
32.1911239624	42.8834648132	0.0
32.2129173279	42.904083252	0.0
32.2347106934	42.924697876	0.0
32.2565040588	42.9453163147	0.0
32.2782974243	42.9659309387	0.0
32.3000907898	42.9865493774	0.0
32.3218841553	43.0071640015	0.0
32.3436775208	43.0277824402	0.0
32.3654708862	43.0483970642	0.0
32.3872642517	43.0690155029	0.0
32.4127578735	43.0906066895	0.0
32.4357681274	43.1098556519	0.0
32.458782196	43.1291046143	0.0
32.48179245	43.148349762	0.0
32.5048065186	43.1675987244	0.0
32.5278167725	43.1868438721	0.0
32.5508270264	43.2060928345	0.0
32.573841095	43.2253417969	0.0
32.5968513489	43.2445869446	0.0
32.6198616028	43.263835907	0.0
32.6428756714	43.2830810547	0.0
32.6658859253	43.3023300171	0.0
32.6888961792	43.3215751648	0.0
32.7119102478	43.3408241272	0.0
32.7349205017	43.3600730896	0.0
32.7579345703	43.3793182373	0.0
32.7809448242	43.3985671997	0.0
32.8039550781	43.4178161621	0.0
32.8269691467	43.4370613098	0.0
32.8499794006	43.4563102722	0.0
32.8729896545	43.4755554199	0.0
32.8960037231	43.4948043823	0.0
32.9190139771	43.5140533447	0.0
32.9500427246	43.5293769836	0.0
32.9774208069	43.5416488647	0.0
33.0047950745	43.5539207458	0.0
33.032169342	43.5661888123	0.0
33.0595474243	43.5784606934	0.0
33.0869216919	43.5907325745	0.0
33.1142997742	43.6030006409	0.0
33.1416740417	43.615272522	0.0
33.1690483093	43.6275444031	0.0
33.1964263916	43.6398124695	0.0
33.2238006592	43.6520843506	0.0
33.2511787415	43.6643562317	0.0
33.278553009	43.6766242981	0.0
33.3059272766	43.6888961792	0.0
33.3333053589	43.7011680603	0.0
33.3606796265	43.7134361267	0.0
33.3880577087	43.7257080078	0.0
33.4154319763	43.7379798889	0.0
33.4428062439	43.75025177	0.0
33.4701843262	43.7625198364	0.0
33.4975585938	43.7747917175	0.0
33.524936676	43.7870597839	0.0
33.5523109436	43.799331665	0.0
33.5796852112	43.8116035461	0.0
33.6070632935	43.8238716125	0.0
33.634437561	43.8361434937	0.0
33.6618118286	43.8484153748	0.0
33.6891899109	43.8606834412	0.0
33.7165641785	43.8729553223	0.0
33.7439422607	43.8852272034	0.0
33.7713165283	43.8974952698	0.0
33.7986907959	43.9097671509	0.0
33.8260688782	43.922039032	0.0
33.8534431458	43.9343070984	0.0
33.8808174133	43.9465789795	0.0
33.9081954956	43.9588508606	0.0
33.9355697632	43.9711227417	0.0
33.9629478455	43.9833908081	0.0
33.990322113	43.9956626892	0.0
32.9274101257	43.5467300415	0.0
32.9321556091	43.5763511658	0.0
32.9369010925	43.6059761047	0.0
32.9416427612	43.635597229	0.0
32.9463882446	43.6652183533	0.0
32.9511299133	43.6948432922	0.0
32.9558753967	43.7244644165	0.0
32.9606208801	43.7540893555	0.0
32.9653625488	43.7837104797	0.0
32.9701080322	43.813331604	0.0
32.9748497009	43.842956543	0.0
32.9795951843	43.8725776672	0.0
32.984336853	43.9022026062	0.0
32.9890823364	43.9318237305	0.0
32.9938278198	43.9614448547	0.0
32.9985694885	43.9910697937	0.0
32.41954422	43.0678749084	0.0
32.4493408203	43.0643920898	0.0
32.4791374207	43.0609092712	0.0
32.508934021	43.0574226379	0.0
32.5387306213	43.0539398193	0.0
32.5685272217	43.050453186	0.0
32.598323822	43.0469703674	0.0
32.6281204224	43.0434875488	0.0
32.6579208374	43.0400009155	0.0
32.6877174377	43.0365180969	0.0
32.7175140381	43.0330314636	0.0
32.7473106384	43.029548645	0.0
32.7771072388	43.0260658264	0.0
32.8069038391	43.0225791931	0.0
32.8367004395	43.0190963745	0.0
32.8664970398	43.0156097412	0.0
32.8962936401	43.0121269226	0.0
32.9260902405	43.008644104	0.0
32.9558906555	43.0051574707	0.0
32.9856872559	43.0016746521	0.0
32.1649093628	42.8925247192	0.0
32.1604919434	42.9221954346	0.0
32.1560745239	42.9518661499	0.0
32.1516532898	42.9815406799	0.0
32.1472358704	43.01121521	0.0
32.1428184509	43.0408859253	0.0
32.1384010315	43.0705604553	0.0
32.1339797974	43.1002311707	0.0
32.1295623779	43.1299057007	0.0
32.1251449585	43.159576416	0.0
32.1207275391	43.189250946	0.0
32.1163063049	43.2189254761	0.0
32.1118888855	43.2485961914	0.0
32.1074714661	43.2782707214	0.0
32.1030502319	43.3079414368	0.0
32.0986328125	43.3376159668	0.0
32.0942153931	43.3672866821	0.0
32.0897941589	43.3969612122	0.0
32.0853767395	43.4266357422	0.0
32.0809593201	43.4563064575	0.0
32.0765419006	43.4859771729	0.0
32.0721206665	43.5156517029	0.0
32.0677032471	43.5453262329	0.0
32.0632858276	43.5749969482	0.0
32.0588684082	43.6046714783	0.0
32.0544471741	43.6343421936	0.0
32.0500297546	43.6640167236	0.0
32.0456123352	43.693687439	0.0
32.0411911011	43.723361969	0.0
32.0367736816	43.753036499	0.0
32.0323562622	43.7827072144	0.0
32.0279388428	43.8123817444	0.0
32.0235176086	43.8420524597	0.0
32.0191001892	43.8717269897	0.0
32.0146827698	43.9013977051	0.0
32.0102653503	43.9310722351	0.0
32.0058441162	43.9607467651	0.0
32.0014266968	43.9904174805	0.0
31.5711154938	42.5806121826	0.0
31.5952167511	42.5627479553	0.0
31.6193161011	42.544883728	0.0
31.6434173584	42.527015686	0.0
31.6675186157	42.5091514587	0.0
31.6916179657	42.4912872314	0.0
31.7157173157	42.4734191895	0.0
31.739818573	42.4555549622	0.0
31.7639198303	42.4376907349	0.0
31.7880191803	42.4198226929	0.0
31.8121204376	42.4019584656	0.0
31.8362197876	42.3840942383	0.0
31.8603210449	42.3662261963	0.0
31.8844203949	42.348361969	0.0
31.9085216522	42.3304977417	0.0
31.9326229095	42.3126335144	0.0
31.9567222595	42.2947654724	0.0
31.9808216095	42.2769012451	0.0
32.0049247742	42.2590332031	0.0
32.0290222168	42.2411689758	0.0
32.0531234741	42.2233047485	0.0
32.0772247314	42.2054405212	0.0
32.1013221741	42.1875724792	0.0
32.1254234314	42.169708252	0.0
32.1495246887	42.1518440247	0.0
32.173625946	42.1339797974	0.0
32.1977272034	42.1161117554	0.0
32.221824646	42.0982475281	0.0
32.2459259033	42.0803833008	0.0
32.2700271606	42.0625152588	0.0
32.3130683899	42.0306091309	0.0
32.3371696472	42.0127449036	0.0
32.3612709045	41.9948806763	0.0
32.3853683472	41.9770126343	0.0
32.4094696045	41.959148407	0.0
32.4335708618	41.9412841797	0.0
32.4576721191	41.9234161377	0.0
32.4817695618	41.9055519104	0.0
32.5058708191	41.8876876831	0.0
32.5299720764	41.8698196411	0.0
32.5540733337	41.8519554138	0.0
32.5781707764	41.8340911865	0.0
32.6022720337	41.8162231445	0.0
32.626373291	41.7983589172	0.0
32.6504745483	41.7804946899	0.0
32.6720161438	41.7460098267	0.0
32.6840934753	41.718547821	0.0
32.6961669922	41.6910858154	0.0
32.708240509	41.6636238098	0.0
32.7203140259	41.6361579895	0.0
32.7323875427	41.6086959839	0.0
32.7444648743	41.5812339783	0.0
32.7565383911	41.553768158	0.0
32.768611908	41.5263061523	0.0
32.7806854248	41.4988441467	0.0
32.7927589417	41.4713821411	0.0
32.8048324585	41.4439163208	0.0
32.8169059753	41.4164543152	0.0
32.8289794922	41.3889923096	0.0
32.8410568237	41.361530304	0.0
32.8531303406	41.3340644836	0.0
32.8652038574	41.306602478	0.0
32.8772773743	41.2791404724	0.0
32.8893508911	41.2516784668	0.0
32.901424408	41.2242126465	0.0
32.9134979248	41.1967506409	0.0
32.9255714417	41.1692886353	0.0
32.9376487732	41.1418228149	0.0
32.94972229	41.1143608093	0.0
32.9617958069	41.0868988037	0.0
32.9738693237	41.0594367981	0.0
32.9859428406	41.0319709778	0.0
32.9980163574	41.0045089722	0.0
32.6840438843	41.755607605	0.0
32.7081451416	41.7377433777	0.0
32.7322463989	41.7198791504	0.0
32.7563476562	41.7020111084	0.0
32.7804450989	41.6841468811	0.0
32.8045463562	41.6662826538	0.0
32.8286476135	41.6484146118	0.0
32.8527488708	41.6305503845	0.0
32.8768463135	41.6126861572	0.0
32.9009475708	41.5948181152	0.0
32.9250488281	41.5769538879	0.0
32.9491500854	41.5590896606	0.0
32.9732475281	41.5412254333	0.0
32.9973487854	41.5233573914	0.0
33.0214500427	41.5054931641	0.0
33.0562477112	41.4823951721	0.0
33.081577301	41.4663200378	0.0
33.1069068909	41.4502449036	0.0
33.1322364807	41.4341659546	0.0
33.1575660706	41.4180908203	0.0
33.1828956604	41.402015686	0.0
33.2082214355	41.3859405518	0.0
33.2335510254	41.3698616028	0.0
33.2588806152	41.3537864685	0.0
33.2842102051	41.3377113342	0.0
33.3095397949	41.3216323853	0.0
33.3348655701	41.305557251	0.0
33.3601951599	41.2894821167	0.0
33.3855247498	41.2734031677	0.0
33.4108543396	41.2573280334	0.0
33.4361839294	41.2412528992	0.0
33.4615135193	41.2251777649	0.0
33.4868392944	41.2090988159	0.0
33.5121688843	41.1930236816	0.0
33.5374984741	41.1769485474	0.0
33.562828064	41.1608695984	0.0
33.5881576538	41.1447944641	0.0
33.613483429	41.1287193298	0.0
33.6388130188	41.1126403809	0.0
33.6641426086	41.0965652466	0.0
33.6894721985	41.0804901123	0.0
33.7148017883	41.0644111633	0.0
33.7401275635	41.0483360291	0.0
33.7654571533	41.0322608948	0.0
33.7907867432	41.0161857605	0.0
33.816116333	41.0001068115	0.0
33.8414459229	40.9840316772	0.0
33.8667755127	40.967956543	0.0
33.8921012878	40.951877594	0.0
33.9174308777	40.9358024597	0.0
33.9427604675	40.9197273254	0.0
33.9680900574	40.9036483765	0.0
33.9934196472	40.8875732422	0.0
34.0187454224	40.8714981079	0.0
34.0440750122	40.8554191589	0.0
34.0694046021	40.8393440247	0.0
34.0947341919	40.8232688904	0.0
34.1423797607	40.8178825378	0.0
34.1717262268	40.8241157532	0.0
34.2010726929	40.8303451538	0.0
34.2304191589	40.8365783691	0.0
34.259765625	40.8428115845	0.0
34.2891082764	40.8490409851	0.0
34.3184547424	40.8552742004	0.0
34.3478012085	40.8615036011	0.0
34.3771476746	40.8677368164	0.0
34.4064903259	40.873966217	0.0
34.435836792	40.8801994324	0.0
34.4651832581	40.8864326477	0.0
34.4945297241	40.8926620483	0.0
34.5238761902	40.8988952637	0.0
34.5532188416	40.9051246643	0.0
34.5825653076	40.9113578796	0.0
34.6119117737	40.9175872803	0.0
34.6412582397	40.9238204956	0.0
34.6706047058	40.9300537109	0.0
34.6999473572	40.9362831116	0.0
34.7292938232	40.9425163269	0.0
34.7586402893	40.9487457275	0.0
34.7879867554	40.9549789429	0.0
34.8173294067	40.9612083435	0.0
34.8466758728	40.9674415588	0.0
34.8760223389	40.9736747742	0.0
34.9053688049	40.9799041748	0.0
34.934715271	40.9861373901	0.0
34.9640579224	40.9923667908	0.0
34.9934043884	40.9986000061	0.0
34.1339492798	40.790145874	0.0
34.1548652649	40.7686386108	0.0
34.1757774353	40.7471313477	0.0
34.1966934204	40.7256202698	0.0
34.2176094055	40.7041130066	0.0
34.2385215759	40.6826057434	0.0
34.259437561	40.6610984802	0.0
34.2803535461	40.639591217	0.0
34.3012657166	40.6180839539	0.0
34.3348464966	40.5835533142	0.0
34.355758667	40.562046051	0.0
34.3766746521	40.5405387878	0.0
34.3975868225	40.51902771	0.0
34.4185028076	40.4975204468	0.0
34.4394187927	40.4760131836	0.0
34.4603309631	40.4545059204	0.0
34.4812469482	40.4329986572	0.0
34.5021591187	40.411491394	0.0
34.5422058105	40.4107246399	0.0
34.5695877075	40.4229812622	0.0
34.5969696045	40.4352378845	0.0
34.6243515015	40.4474945068	0.0
34.6517333984	40.4597511292	0.0
34.6791152954	40.4720077515	0.0
34.7064971924	40.4842643738	0.0
34.7338790894	40.4965209961	0.0
34.7612609863	40.5087776184	0.0
34.7886428833	40.5210342407	0.0
34.8160247803	40.533290863	0.0
34.8434066772	40.5455474854	0.0
34.8707885742	40.5578041077	0.0
34.8981704712	40.5700645447	0.0
34.9255523682	40.5823173523	0.0
34.9529342651	40.5945777893	0.0
34.9803161621	40.6068344116	0.0
35.0077018738	40.6190910339	0.0
35.0350837708	40.6313476562	0.0
35.0624656677	40.6436042786	0.0
35.0898475647	40.6558609009	0.0
35.117225647	40.6681175232	0.0
35.1446075439	40.6803741455	0.0
35.1719894409	40.6926307678	0.0
35.1993713379	40.7048873901	0.0
35.2267532349	40.7171440125	0.0
35.2541351318	40.7294006348	0.0
35.2815208435	40.7416572571	0.0
35.3089027405	40.7539138794	0.0
35.3362846375	40.7661705017	0.0
35.3636665344	40.778427124	0.0
35.3944091797	40.8128128052	0.0
35.4080429077	40.8395385742	0.0
35.4216766357	40.8662605286	0.0
35.4353065491	40.8929862976	0.0
35.4489402771	40.919708252	0.0
35.4625701904	40.946434021	0.0
35.4762039185	40.9731559753	0.0
35.4898338318	40.9998817444	0.0
35.5034675598	41.0266036987	0.0
35.5170974731	41.0533294678	0.0
35.5307312012	41.0800514221	0.0
35.5443611145	41.1067771912	0.0
35.5579948425	41.1334991455	0.0
35.5716285706	41.1602249146	0.0
35.5852584839	41.1869468689	0.0
35.5988922119	41.2136726379	0.0
35.6125221252	41.2403945923	0.0
35.6261558533	41.2671203613	0.0
35.6397857666	41.2938423157	0.0
35.6534194946	41.3205680847	0.0
35.667049408	41.3472938538	0.0
35.680683136	41.3740158081	0.0
35.694316864	41.4007415771	0.0
35.7079467773	41.4274635315	0.0
35.7215805054	41.4541893005	0.0
35.7352104187	41.4809112549	0.0
35.7488441467	41.5076332092	0.0
35.7624740601	41.5343589783	0.0
35.7761077881	41.5610847473	0.0
35.7897377014	41.5878067017	0.0
35.8033714294	41.6145324707	0.0
35.8170013428	41.641254425	0.0
35.8306350708	41.6679801941	0.0
35.8442687988	41.6947021484	0.0
35.8578987122	41.7214279175	0.0
35.8715324402	41.7481498718	0.0
35.8851623535	41.7748756409	0.0
35.8987960815	41.8015975952	0.0
35.9124259949	41.8283233643	0.0
35.9260597229	41.8550453186	0.0
35.9396896362	41.8817710876	0.0
35.9533233643	41.9084968567	0.0
35.9669532776	41.935218811	0.0
35.9805870056	41.9619407654	0.0
35.9942207336	41.9886665344	0.0
35.4105224609	40.7821807861	0.0
35.4402694702	40.7782745361	0.0
35.4700126648	40.7743644714	0.0
35.4997558594	40.7704582214	0.0
35.5295028687	40.7665481567	0.0
35.5592460632	40.7626419067	0.0
35.5889892578	40.7587356567	0.0
35.6187324524	40.754825592	0.0
35.6484794617	40.750919342	0.0
35.6782226562	40.7470092773	0.0
35.7170600891	40.7419090271	0.0
35.7479286194	40.7553062439	0.0
35.7744789124	40.7692680359	0.0
35.8010292053	40.7832336426	0.0
35.827583313	40.7971954346	0.0
35.854133606	40.8111610413	0.0
35.8806877136	40.8251266479	0.0
35.9072380066	40.8390884399	0.0
35.9337882996	40.8530540466	0.0
35.9603424072	40.8670196533	0.0
35.9868927002	40.8809814453	0.0
36.0134468079	40.894947052	0.0
36.0399971008	40.908908844	0.0
36.0665473938	40.9228744507	0.0
36.0931015015	40.9368400574	0.0
36.1196517944	40.9508018494	0.0
36.1462059021	40.9647674561	0.0
36.1727561951	40.978729248	0.0
36.1993103027	40.9926948547	0.0
36.2258605957	41.0066604614	0.0
36.2524147034	41.0206222534	0.0
36.2789649963	41.0345878601	0.0
36.3055152893	41.0485534668	0.0
36.332069397	41.0625152588	0.0
36.3586196899	41.0764808655	0.0
36.3851737976	41.0904426575	0.0
36.4117240906	41.1044082642	0.0
36.4382743835	41.1183738708	0.0
36.4787521362	41.156879425	0.0
36.4945297241	41.1823997498	0.0
36.5103034973	41.2079162598	0.0
36.5260810852	41.2334327698	0.0
36.5418548584	41.2589492798	0.0
36.5576324463	41.2844657898	0.0
36.5734062195	41.3099822998	0.0
36.5891838074	41.3355026245	0.0
36.6049575806	41.3610191345	0.0
36.6207351685	41.3865356445	0.0
36.6365089417	41.4120521545	0.0
36.6522865295	41.4375686646	0.0
36.6680603027	41.4630851746	0.0
36.6838378906	41.4886054993	0.0
36.6996116638	41.5141220093	0.0
36.7153892517	41.5396385193	0.0
36.7311630249	41.5651550293	0.0
36.7469406128	41.5906715393	0.0
36.762714386	41.616191864	0.0
36.7784919739	41.641708374	0.0
36.7942657471	41.667224884	0.0
36.810043335	41.692741394	0.0
36.8258171082	41.7182579041	0.0
36.841594696	41.7437744141	0.0
36.8573684692	41.7692947388	0.0
36.8731460571	41.7948112488	0.0
36.8889198303	41.8203277588	0.0
36.9046974182	41.8458442688	0.0
36.9204711914	41.8713645935	0.0
36.9362487793	41.8968811035	0.0
36.9520225525	41.9223976135	0.0
36.9678001404	41.9479141235	0.0
36.9835739136	41.9734306335	0.0
36.9993515015	41.9989471436	0.0
36.4925613403	41.1263923645	0.0
36.5221481323	41.121421814	0.0
36.5517349243	41.1164512634	0.0
36.5813179016	41.1114807129	0.0
36.6109046936	41.1065101624	0.0
36.6404914856	41.1015396118	0.0
36.6700744629	41.096572876	0.0
36.6996612549	41.0915985107	0.0
36.7292442322	41.0866317749	0.0
36.7588310242	41.0816612244	0.0
36.7884178162	41.0766906738	0.0
36.8180007935	41.0717201233	0.0
36.873626709	41.0550193787	0.0
36.9011306763	41.0430450439	0.0
36.9286384583	41.0310707092	0.0
36.9561424255	41.0190925598	0.0
36.9836502075	41.0071182251	0.0
36.8760681152	41.0652542114	0.0
36.9060173035	41.0635185242	0.0
36.9359664917	41.0617790222	0.0
36.9659156799	41.0600395203	0.0
36.9958648682	41.0583000183	0.0
37.0258178711	41.0565605164	0.0
37.0557632446	41.0548248291	0.0
37.0857162476	41.0530853271	0.0
37.1156654358	41.0513458252	0.0
37.145614624	41.0496063232	0.0
37.1755638123	41.0478668213	0.0
37.2055130005	41.0461273193	0.0
37.2354621887	41.0443916321	0.0
37.265411377	41.0426521301	0.0
37.2953605652	41.0409126282	0.0
37.3253097534	41.0391731262	0.0
37.3552627563	41.0374336243	0.0
37.3852119446	41.0356941223	0.0
37.4151611328	41.0339546204	0.0
37.445110321	41.0322151184	0.0
37.4750595093	41.0304794312	0.0
37.5050086975	41.0287399292	0.0
37.5349578857	41.0270004272	0.0
37.564907074	41.0252609253	0.0
37.5948562622	41.0235214233	0.0
37.6248054504	41.0217857361	0.0
37.6547584534	41.0200462341	0.0
37.6847076416	41.0183067322	0.0
37.7146568298	41.0165672302	0.0
37.7446060181	41.0148277283	0.0
37.7745552063	41.0130882263	0.0
37.8045043945	41.0113525391	0.0
37.8344535828	41.0096130371	0.0
37.864402771	41.0078735352	0.0
37.8943519592	41.0061340332	0.0
37.9243011475	41.0043945312	0.0
37.9542503357	41.0026550293	0.0
37.9842033386	41.0009155273	0.0
35.7433624268	40.7617530823	0.0
35.7653465271	40.7821617126	0.0
35.7873344421	40.8025741577	0.0
35.8093185425	40.8229827881	0.0
35.8313064575	40.8433952332	0.0
35.8532943726	40.8638076782	0.0
35.8752784729	40.8842163086	0.0
35.8972663879	40.9046287537	0.0
35.9192504883	40.925037384	0.0
35.9412384033	40.9454498291	0.0
35.9632225037	40.9658584595	0.0
35.9852104187	40.9862709045	0.0
35.7072906494	40.7234344482	0.0
35.727268219	40.7010498047	0.0
35.7472419739	40.6786689758	0.0
35.7672195435	40.6562843323	0.0
35.7871932983	40.6339035034	0.0
35.8071708679	40.6115226746	0.0
35.8271446228	40.589138031	0.0
35.8471221924	40.5667572021	0.0
35.8670959473	40.5443763733	0.0
35.8870735168	40.5219917297	0.0
35.9070472717	40.4996109009	0.0
35.9270248413	40.4772262573	0.0
35.9469985962	40.4548454285	0.0
35.9669761658	40.4324645996	0.0
35.9869537354	40.4100799561	0.0
36.0069274902	40.3876991272	0.0
36.0269012451	40.3653144836	0.0
36.0468788147	40.3429336548	0.0
36.0668563843	40.3205528259	0.0
36.0868301392	40.2981681824	0.0
36.1068077087	40.2757873535	0.0
36.1267814636	40.2534065247	0.0
36.1247673035	40.2127838135	0.0
36.1095924377	40.1869049072	0.0
36.094417572	40.1610221863	0.0
36.0792427063	40.13514328	0.0
36.0640678406	40.1092643738	0.0
36.0488929749	40.0833854675	0.0
36.0337181091	40.0575065613	0.0
36.0185432434	40.031627655	0.0
36.0033683777	40.0057487488	0.0
36.1688461304	40.2306404114	0.0
36.1977577209	40.222618103	0.0
36.2266654968	40.2145957947	0.0
36.255569458	40.2065734863	0.0
36.2844772339	40.198551178	0.0
36.3133888245	40.1905326843	0.0
36.3422927856	40.182510376	0.0
36.3712005615	40.1744880676	0.0
36.4001083374	40.1664657593	0.0
36.4290161133	40.1584434509	0.0
36.4579238892	40.1504211426	0.0
36.486831665	40.1424026489	0.0
36.5157394409	40.1343803406	0.0
36.5446472168	40.1263580322	0.0
36.5735549927	40.1183357239	0.0
36.6024627686	40.1103134155	0.0
36.6313705444	40.1022911072	0.0
36.6602783203	40.0942726135	0.0
36.6891860962	40.0862503052	0.0
36.7180938721	40.0782279968	0.0
36.7470016479	40.0702056885	0.0
36.7759094238	40.0621833801	0.0
36.8048171997	40.0541610718	0.0
36.8337249756	40.0461387634	0.0
36.8626327515	40.0381202698	0.0
36.8915405273	40.0300979614	0.0
36.9204483032	40.0220756531	0.0
36.9493560791	40.0140533447	0.0
36.978263855	40.0060310364	0.0
34.5223503113	40.3694267273	0.0
34.529876709	40.340385437	0.0
34.5374031067	40.3113441467	0.0
34.5449295044	40.2823066711	0.0
34.5524559021	40.2532653809	0.0
34.5599822998	40.2242240906	0.0
34.5675086975	40.1951828003	0.0
34.5750350952	40.16614151	0.0
34.5825614929	40.1371040344	0.0
34.5900917053	40.1080627441	0.0
34.5976142883	40.0790214539	0.0
34.6051445007	40.0499801636	0.0
34.6126708984	40.0209388733	0.0
34.6201972961	39.9919013977	0.0
34.6277236938	39.9628601074	0.0
34.6352500916	39.9338188171	0.0
34.6427764893	39.9047775269	0.0
34.650302887	39.8757362366	0.0
34.6578292847	39.846698761	0.0
34.6718101501	39.7927398682	0.0
34.6793403625	39.7636985779	0.0
34.6868667603	39.7346611023	0.0
34.694393158	39.705619812	0.0
34.7019195557	39.6765785217	0.0
34.7094459534	39.6475372314	0.0
34.7169723511	39.6184997559	0.0
34.7244987488	39.5894584656	0.0
34.7320251465	39.5604171753	0.0
34.7522010803	39.5064926147	0.0
34.7653846741	39.4795417786	0.0
34.7785682678	39.4525947571	0.0
34.7917518616	39.4256477356	0.0
34.8049354553	39.3987007141	0.0
34.8181228638	39.3717536926	0.0
34.8313064575	39.3448066711	0.0
34.8444900513	39.317855835	0.0
34.857673645	39.2909088135	0.0
34.8708572388	39.263961792	0.0
34.8840408325	39.2370147705	0.0
34.8972244263	39.210067749	0.0
34.9104118347	39.1831169128	0.0
34.9235954285	39.1561698914	0.0
34.9367790222	39.1292228699	0.0
34.949962616	39.1022758484	0.0
34.9631462097	39.0753288269	0.0
34.9763298035	39.0483818054	0.0
34.9895133972	39.0214309692	0.0
34.7465438843	39.5043983459	0.0
34.754070282	39.4753570557	0.0
34.7615966797	39.4463157654	0.0
34.7691230774	39.4172744751	0.0
34.7766494751	39.3882369995	0.0
34.7841758728	39.3591957092	0.0
34.7917022705	39.3301544189	0.0
34.7992286682	39.3011131287	0.0
34.8067550659	39.2720756531	0.0
34.8199615479	39.2157478333	0.0
34.8261795044	39.1863975525	0.0
34.8323936462	39.1570472717	0.0
34.8386116028	39.1277008057	0.0
34.8448257446	39.0983505249	0.0
34.8510437012	39.0690002441	0.0
34.857257843	39.0396537781	0.0
34.8634719849	39.0103034973	0.0
34.8696899414	38.9809532166	0.0
34.8759040833	38.9516067505	0.0
34.8821220398	38.9222564697	0.0
34.8883361816	38.892906189	0.0
34.8945541382	38.8635597229	0.0
34.90076828	38.8342094421	0.0
34.9069824219	38.8048591614	0.0
34.9132003784	38.7755126953	0.0
34.9194145203	38.7461624146	0.0
34.9256324768	38.7168121338	0.0
34.9318466187	38.6874656677	0.0
34.9380645752	38.658115387	0.0
34.944278717	38.6287651062	0.0
34.9504966736	38.5994186401	0.0
34.9567108154	38.5700683594	0.0
34.962928772	38.5407218933	0.0
34.9691429138	38.5113716125	0.0
34.9753570557	38.4820213318	0.0
34.9815750122	38.4526748657	0.0
34.9877891541	38.423324585	0.0
34.9940071106	38.3939743042	0.0
35.0002212524	38.3646278381	0.0
35.006439209	38.3352775574	0.0
35.0126533508	38.3059272766	0.0
35.0188674927	38.2765808105	0.0
35.0250854492	38.2472305298	0.0
35.0312995911	38.217880249	0.0
35.0375175476	38.188533783	0.0
35.0437316895	38.1591835022	0.0
35.049949646	38.1298332214	0.0
35.0561637878	38.1004867554	0.0
35.0623817444	38.0711364746	0.0
35.0685958862	38.0417861938	0.0
35.0748138428	38.0124397278	0.0
35.073184967	37.9720153809	0.0
35.0692977905	37.9422683716	0.0
35.065410614	37.9125213623	0.0
35.0615196228	37.882774353	0.0
35.0576324463	37.8530273438	0.0
35.0537452698	37.8232803345	0.0
35.0498580933	37.7935333252	0.0
35.0459671021	37.7637863159	0.0
35.0420799255	37.7340393066	0.0
35.038192749	37.7042922974	0.0
35.0343055725	37.6745452881	0.0
35.0304145813	37.6447982788	0.0
35.0265274048	37.6150512695	0.0
35.0226402283	37.5853042603	0.0
35.0187530518	37.555557251	0.0
35.0148658752	37.5258102417	0.0
35.010974884	37.4960632324	0.0
35.0070877075	37.4663162231	0.0
35.003200531	37.4365692139	0.0
34.9993133545	37.4068222046	0.0
34.9954223633	37.3770751953	0.0
34.9915351868	37.347328186	0.0
34.9876480103	37.3175811768	0.0
34.9837608337	37.2878341675	0.0
34.9798736572	37.2580871582	0.0
34.975982666	37.2283401489	0.0
34.9783592224	37.1908302307	0.0
34.9817390442	37.1610221863	0.0
34.985118866	37.1312141418	0.0
34.9884986877	37.1014022827	0.0
34.9918785095	37.0715942383	0.0
34.995262146	37.0417861938	0.0
34.9986419678	37.0119781494	0.0
34.9597244263	37.1948051453	0.0
34.9444732666	37.1689758301	0.0
34.9292182922	37.1431388855	0.0
34.9139671326	37.1173057556	0.0
34.8987121582	37.0914726257	0.0
34.8834609985	37.0656394958	0.0
34.8682098389	37.039806366	0.0
34.8529548645	37.0139732361	0.0
34.8377037048	36.9881401062	0.0
34.8224487305	36.9623069763	0.0
34.8057403564	36.9340057373	0.0
34.7904853821	36.9081726074	0.0
34.7752342224	36.8823394775	0.0
34.759979248	36.8565063477	0.0
34.7447280884	36.8306732178	0.0
34.7294769287	36.8048400879	0.0
34.7142219543	36.779006958	0.0
34.6989707947	36.7531738281	0.0
34.6837158203	36.7273406982	0.0
34.6684646606	36.7015075684	0.0
34.6396636963	36.7113761902	0.0
34.6123161316	36.7237167358	0.0
34.5849723816	36.7360534668	0.0
34.5576248169	36.7483940125	0.0
34.5302810669	36.7607307434	0.0
34.5029335022	36.7730712891	0.0
34.4755897522	36.78540802	0.0
34.4482460022	36.7977485657	0.0
34.4208984375	36.8100852966	0.0
34.3935546875	36.8224258423	0.0
34.3662071228	36.8347625732	0.0
34.3388633728	36.8470993042	0.0
34.3115196228	36.8594398499	0.0
34.2841758728	36.8717765808	0.0
34.2568283081	36.8841171265	0.0
34.2294845581	36.8964538574	0.0
34.2021369934	36.9087944031	0.0
34.1747932434	36.921131134	0.0
34.1474456787	36.9334716797	0.0
34.1201019287	36.9458084106	0.0
34.0927581787	36.9581451416	0.0
34.065410614	36.9704856873	0.0
34.038066864	36.9828224182	0.0
34.0107192993	36.9951629639	0.0
34.6517524719	36.6732063293	0.0
34.6365013123	36.6473731995	0.0
34.6212501526	36.6215400696	0.0
34.6059951782	36.5957069397	0.0
34.5907440186	36.5698738098	0.0
34.574760437	36.542804718	0.0
34.5595092773	36.5169715881	0.0
34.544254303	36.4911384583	0.0
34.5290031433	36.4653053284	0.0
34.5137481689	36.4394721985	0.0
34.511264801	36.408290863	0.0
34.5095062256	36.3783416748	0.0
34.5077476501	36.3483924866	0.0
34.5059890747	36.3184432983	0.0
34.5042304993	36.2884979248	0.0
34.5024719238	36.2585487366	0.0
34.5007133484	36.2285995483	0.0
34.4989547729	36.1986503601	0.0
34.4971961975	36.1687011719	0.0
34.4954376221	36.1387557983	0.0
34.4936790466	36.1088066101	0.0
34.4919204712	36.0788574219	0.0
34.4901618958	36.0489082336	0.0
34.4884033203	36.0189628601	0.0
34.4866447449	35.9890136719	0.0
34.4848861694	35.9590644836	0.0
34.483127594	35.9291152954	0.0
34.4813690186	35.8991661072	0.0
34.4796104431	35.8692207336	0.0
34.4778518677	35.8392715454	0.0
34.4760932922	35.8093223572	0.0
34.4743347168	35.7793731689	0.0
34.4725761414	35.7494239807	0.0
34.4708175659	35.7194786072	0.0
34.4690589905	35.6895294189	0.0
34.467300415	35.6595802307	0.0
34.485080719	35.6099014282	0.0
34.5044364929	35.5869789124	0.0
34.5237884521	35.5640563965	0.0
34.5431404114	35.5411338806	0.0
34.5624923706	35.5182113647	0.0
34.5818481445	35.4952888489	0.0
34.6012001038	35.4723625183	0.0
34.620552063	35.4494400024	0.0
34.6399078369	35.4265174866	0.0
34.6592597961	35.4035949707	0.0
34.6786117554	35.3806724548	0.0
34.6979637146	35.357749939	0.0
34.7173194885	35.3348274231	0.0
34.7366714478	35.3119049072	0.0
34.756023407	35.2889823914	0.0
34.7753753662	35.2660598755	0.0
34.7947311401	35.2431335449	0.0
34.8140830994	35.2202110291	0.0
34.8334350586	35.1972885132	0.0
34.8527908325	35.1743659973	0.0
34.8721427917	35.1514434814	0.0
34.891494751	35.1285209656	0.0
34.9108467102	35.1055984497	0.0
34.9302024841	35.0826721191	0.0
34.9495544434	35.0597496033	0.0
34.9689064026	35.0368270874	0.0
34.9882583618	35.0139045715	0.0
34.4479484558	35.6086616516	0.0
34.4301643372	35.5844993591	0.0
34.4123840332	35.5603408813	0.0
34.3945999146	35.5361785889	0.0
34.3768196106	35.5120162964	0.0
34.3590354919	35.4878540039	0.0
34.341255188	35.4636917114	0.0
34.323474884	35.4395294189	0.0
34.3056907654	35.4153671265	0.0
34.2879104614	35.391204834	0.0
34.2701263428	35.3670425415	0.0
34.2523460388	35.342880249	0.0
34.2345619202	35.3187217712	0.0
34.2167816162	35.2945594788	0.0
34.1989974976	35.2703971863	0.0
34.1812171936	35.2462348938	0.0
34.1634368896	35.2220726013	0.0
34.145652771	35.1979103088	0.0
34.127872467	35.1737480164	0.0
34.1100883484	35.1495857239	0.0
34.0923080444	35.1254234314	0.0
34.0745239258	35.1012611389	0.0
34.0567436218	35.0771026611	0.0
34.0389595032	35.0529403687	0.0
34.0211791992	35.0287780762	0.0
34.0033950806	35.0046157837	0.0
34.4977684021	36.4124069214	0.0
34.4825172424	36.3865737915	0.0
34.4672622681	36.3607406616	0.0
34.4520111084	36.3349075317	0.0
34.436756134	36.3090744019	0.0
34.4215049744	36.283241272	0.0
34.4062538147	36.2574081421	0.0
34.3909988403	36.2315711975	0.0
34.3757476807	36.2057418823	0.0
34.3604927063	36.1799087524	0.0
34.3452415466	36.1540756226	0.0
34.3299865723	36.1282424927	0.0
34.3147354126	36.1024055481	0.0
34.2994842529	36.0765724182	0.0
34.2842292786	36.0507392883	0.0
34.2689781189	36.0249061584	0.0
34.2537231445	35.9990768433	0.0
34.2384719849	35.9732437134	0.0
34.2232208252	35.9474067688	0.0
34.2079658508	35.9215736389	0.0
34.1956596375	35.8881454468	0.0
34.1862640381	35.8596534729	0.0
34.1768722534	35.8311653137	0.0
34.1674766541	35.8026733398	0.0
34.1580848694	35.774181366	0.0
34.14868927	35.7456893921	0.0
34.1392974854	35.7171974182	0.0
34.1299057007	35.6887054443	0.0
34.1205101013	35.6602134705	0.0
34.1111183167	35.6317214966	0.0
34.1017227173	35.6032333374	0.0
34.0923309326	35.5747413635	0.0
34.0829353333	35.5462493896	0.0
34.0735435486	35.5177574158	0.0
34.0641517639	35.4892654419	0.0
34.0547561646	35.460773468	0.0
34.0453643799	35.4322814941	0.0
34.0359725952	35.4037895203	0.0
34.0265769958	35.3753013611	0.0
34.0171852112	35.3468093872	0.0
34.0077896118	35.3183174133	0.0
34.0022201538	35.2758331299	0.0
34.0007743835	35.2458686829	0.0
33.999332428	35.2159004211	0.0
33.9978866577	35.1859359741	0.0
33.9964447021	35.1559715271	0.0
33.9949989319	35.1260070801	0.0
33.9935569763	35.0960426331	0.0
33.9921112061	35.0660743713	0.0
33.9906692505	35.0361099243	0.0
33.9892234802	35.0061454773	0.0
33.9877815247	34.9761810303	0.0
33.9863357544	34.9462165833	0.0
33.9848937988	34.9162483215	0.0
33.9834480286	34.8862838745	0.0
33.982006073	34.8563194275	0.0
33.9805603027	34.8263549805	0.0
33.9791183472	34.7963867188	0.0
33.9776725769	34.7664222717	0.0
33.9762306213	34.7364578247	0.0
33.9747848511	34.7064933777	0.0
33.9733428955	34.6765289307	0.0
33.9718971252	34.6465606689	0.0
33.9704551697	34.6165962219	0.0
33.9690093994	34.5866317749	0.0
33.9675674438	34.5566673279	0.0
33.9661216736	34.5267028809	0.0
33.964679718	34.4967346191	0.0
33.9632339478	34.4667701721	0.0
33.9617881775	34.4368057251	0.0
33.9603462219	34.4068412781	0.0
33.9500236511	34.3721809387	0.0
33.9400062561	34.3439025879	0.0
33.9299926758	34.3156242371	0.0
33.9199752808	34.2873458862	0.0
33.9099578857	34.2590637207	0.0
33.8999443054	34.2307853699	0.0
33.8899269104	34.202507019	0.0
33.8799095154	34.1742286682	0.0
33.848941803	34.1489982605	0.0
33.8221321106	34.1355247498	0.0
33.7953300476	34.1220550537	0.0
33.7685241699	34.1085853577	0.0
33.7417182922	34.0951118469	0.0
33.7149124146	34.0816421509	0.0
33.6881065369	34.0681686401	0.0
33.6613006592	34.0546989441	0.0
33.6344985962	34.041229248	0.0
33.6076927185	34.0277557373	0.0
33.5808868408	34.0142860413	0.0
33.5540809631	34.0008125305	0.0
33.5272750854	33.9873428345	0.0
33.5004692078	33.9738731384	0.0
33.4736633301	33.9603996277	0.0
33.4468574524	33.9469299316	0.0
33.4200553894	33.9334564209	0.0
33.3932495117	33.9199867249	0.0
33.366443634	33.9065170288	0.0
33.3396377563	33.8930435181	0.0
33.3128318787	33.879573822	0.0
33.286026001	33.8661003113	0.0
33.2592201233	33.8526306152	0.0
33.2343330383	33.8357887268	0.0
33.2094917297	33.8189659119	0.0
33.1846504211	33.8021469116	0.0
33.1598091125	33.7853240967	0.0
33.134967804	33.7685050964	0.0
33.1101264954	33.7516860962	0.0
33.0852851868	33.7348632812	0.0
33.0604476929	33.718044281	0.0
33.0356063843	33.7012252808	0.0
33.0107650757	33.6844024658	0.0
32.9859237671	33.6675834656	0.0
32.9610824585	33.6507644653	0.0
32.9362411499	33.6339416504	0.0
32.9113998413	33.6171226501	0.0
32.8865585327	33.6003036499	0.0
32.8617172241	33.5834846497	0.0
32.8368759155	33.5666618347	0.0
32.8120346069	33.5498428345	0.0
32.7871932983	33.5330238342	0.0
32.7623519897	33.5162010193	0.0
32.7375106812	33.499382019	0.0
32.7126693726	33.4825592041	0.0
32.6878318787	33.4657402039	0.0
32.6629905701	33.4489212036	0.0
32.6381492615	33.4320983887	0.0
32.6133079529	33.4152793884	0.0
32.5884666443	33.3984603882	0.0
32.5636253357	33.3816375732	0.0
32.5387840271	33.364818573	0.0
32.5139427185	33.3479995728	0.0
32.4891014099	33.3311767578	0.0
32.4642601013	33.3143577576	0.0
32.4394187927	33.2975387573	0.0
32.4145774841	33.2807197571	0.0
32.3897361755	33.2638969421	0.0
32.3648948669	33.2470779419	0.0
32.3400535583	33.230255127	0.0
32.3152122498	33.2134361267	0.0
32.2903747559	33.1966171265	0.0
32.2655334473	33.1797943115	0.0
32.2406921387	33.1629753113	0.0
32.2158508301	33.146156311	0.0
32.1910095215	33.1293334961	0.0
32.1661682129	33.1125144958	0.0
32.1413269043	33.0956954956	0.0
32.1164855957	33.0788726807	0.0
32.0916442871	33.0620536804	0.0
32.0668029785	33.0452346802	0.0
32.0419616699	33.0284156799	0.0
32.0171203613	33.011592865	0.0
33.2330970764	33.86743927	0.0
33.2070198059	33.8822669983	0.0
33.1809425354	33.8970985413	0.0
33.1548614502	33.9119300842	0.0
33.1287841797	33.9267616272	0.0
33.1027069092	33.9415893555	0.0
33.0766296387	33.9564208984	0.0
33.0505523682	33.9712524414	0.0
33.0244750977	33.9860801697	0.0
33.8763389587	34.1324729919	0.0
33.8769340515	34.102481842	0.0
33.8775291443	34.0724868774	0.0
33.8781204224	34.0424919128	0.0
33.8787155151	34.0124969482	0.0
33.8793106079	33.9825057983	0.0
33.8799057007	33.9525108337	0.0
33.8805007935	33.9225158691	0.0
33.8810920715	33.8925209045	0.0
33.8816871643	33.8625259399	0.0
33.8822822571	33.83253479	0.0
33.8830070496	33.7959098816	0.0
33.8836021423	33.7659111023	0.0
33.8841972351	33.7359199524	0.0
33.8847885132	33.7059249878	0.0
33.885383606	33.6759300232	0.0
33.8859786987	33.6459388733	0.0
33.8865737915	33.6159439087	0.0
33.8871688843	33.5859489441	0.0
33.8877601624	33.5559539795	0.0
33.8883552551	33.5259628296	0.0
33.8889503479	33.495967865	0.0
33.8896751404	33.4593391418	0.0
33.8902702332	33.4293479919	0.0
33.8908653259	33.3993530273	0.0
33.891456604	33.3693580627	0.0
33.8920516968	33.3393630981	0.0
33.8926467896	33.3093681335	0.0
33.8932418823	33.2793769836	0.0
33.8938331604	33.249382019	0.0
33.8944282532	33.2193870544	0.0
33.8950233459	33.1893959045	0.0
33.8956184387	33.1594009399	0.0
33.8962135315	33.1294059753	0.0
33.8968048096	33.0994110107	0.0
33.8973999023	33.0694160461	0.0
33.8979949951	33.0394248962	0.0
33.8985900879	33.0094299316	0.0
33.899181366	32.979434967	0.0
33.8997764587	32.9494400024	0.0
33.9003715515	32.9194488525	0.0
33.9009666443	32.8894538879	0.0
33.9015617371	32.8594589233	0.0
33.9021530151	32.8294639587	0.0
33.9122085571	32.7878456116	0.0
33.9219970703	32.7594871521	0.0
33.9317855835	32.7311286926	0.0
33.9415740967	32.7027702332	0.0
33.9513664246	32.6744117737	0.0
33.9611549377	32.6460533142	0.0
33.9709434509	32.6176986694	0.0
33.9807357788	32.58934021	0.0
33.990524292	32.5609817505	0.0
34.0003166199	32.532623291	0.0
34.0101051331	32.5042686462	0.0
34.0198936462	32.4759101868	0.0
34.0296821594	32.4475517273	0.0
34.0394744873	32.4191932678	0.0
34.0492630005	32.3908348083	0.0
34.0590515137	32.3624763489	0.0
34.0688438416	32.3341217041	0.0
34.0786323547	32.3057632446	0.0
34.0884208679	32.2774047852	0.0
34.0982131958	32.2490463257	0.0
34.108001709	32.2206878662	0.0
34.1177902222	32.1923332214	0.0
34.12758255	32.163974762	0.0
34.1373710632	32.1356163025	0.0
34.1471595764	32.107257843	0.0
34.1569519043	32.0788993835	0.0
34.1667404175	32.0505447388	0.0
34.1765289307	32.0221862793	0.0
34.1863212585	31.9938278198	0.0
34.1961097717	31.9654693604	0.0
34.2058982849	31.9371128082	0.0
34.2156906128	31.9087543488	0.0
34.225479126	31.8803977966	0.0
34.2352676392	31.8520393372	0.0
34.2450561523	31.8236808777	0.0
34.2548484802	31.7953224182	0.0
34.2646369934	31.7669658661	0.0
34.2744255066	31.7386074066	0.0
34.2842178345	31.7102508545	0.0
34.2940063477	31.681892395	0.0
34.3037986755	31.6535358429	0.0
34.3135871887	31.6251773834	0.0
34.3233757019	31.596818924	0.0
34.3140029907	31.5550727844	0.0
34.2992324829	31.5289611816	0.0
34.2844581604	31.5028495789	0.0
34.2696876526	31.4767379761	0.0
34.2549171448	31.4506263733	0.0
34.240146637	31.4245147705	0.0
34.2253761292	31.3984031677	0.0
34.2106056213	31.3722915649	0.0
34.1958312988	31.3461818695	0.0
34.181060791	31.3200683594	0.0
34.1662902832	31.2939586639	0.0
34.1515197754	31.2678451538	0.0
34.1367492676	31.2417354584	0.0
34.1219787598	31.2156238556	0.0
34.1072044373	31.1895103455	0.0
34.0924339294	31.16340065	0.0
34.0776634216	31.1372871399	0.0
34.0628929138	31.1111774445	0.0
34.048122406	31.0850658417	0.0
34.0333518982	31.0589542389	0.0
34.0185775757	31.0328426361	0.0
34.0038070679	31.0067310333	0.0
34.3514518738	31.5615463257	0.0
34.3741340637	31.5419101715	0.0
34.396812439	31.52227211	0.0
34.4194946289	31.5026340485	0.0
34.4421730042	31.4829978943	0.0
34.4648513794	31.4633598328	0.0
34.4875335693	31.4437236786	0.0
34.5102119446	31.4240856171	0.0
34.5328903198	31.4044475555	0.0
34.5555725098	31.3848114014	0.0
34.578250885	31.3651733398	0.0
34.6009292603	31.3455352783	0.0
34.6236114502	31.3258972168	0.0
34.6462898254	31.3062610626	0.0
34.6689682007	31.2866249084	0.0
34.6916503906	31.2669868469	0.0
34.7143287659	31.2473487854	0.0
34.7370109558	31.2277107239	0.0
34.7596893311	31.2080745697	0.0
34.7823677063	31.1884365082	0.0
34.8050498962	31.1687984467	0.0
34.8277282715	31.1491622925	0.0
34.8504104614	31.129524231	0.0
34.8730888367	31.1098861694	0.0
34.8957672119	31.0902500153	0.0
34.9184494019	31.0706119537	0.0
34.9411277771	31.0509757996	0.0
34.9638061523	31.031337738	0.0
34.9864883423	31.0116996765	0.0
33.8858909607	32.7911643982	0.0
33.8693618774	32.76612854	0.0
33.8528366089	32.7410926819	0.0
33.8363075256	32.716053009	0.0
33.8197822571	32.6910171509	0.0
33.8032531738	32.665977478	0.0
33.7867279053	32.6409416199	0.0
33.770198822	32.6159057617	0.0
33.7536735535	32.5908699036	0.0
33.7371444702	32.5658302307	0.0
33.7006721497	32.5287818909	0.0
33.6767272949	32.5107116699	0.0
33.6527824402	32.492641449	0.0
33.6288337708	32.4745674133	0.0
33.604888916	32.4564971924	0.0
33.5809440613	32.4384231567	0.0
33.5569953918	32.4203529358	0.0
33.5330505371	32.4022827148	0.0
33.5091056824	32.3842086792	0.0
33.4851570129	32.3661384583	0.0
33.4612121582	32.3480682373	0.0
33.4372673035	32.3299942017	0.0
33.413318634	32.3119239807	0.0
33.3893737793	32.2938537598	0.0
33.3654289246	32.2757797241	0.0
33.3414802551	32.2577095032	0.0
33.3175354004	32.2396354675	0.0
33.2935905457	32.2215652466	0.0
33.2696418762	32.2034950256	0.0
33.2456970215	32.1854248047	0.0
33.2217521667	32.167350769	0.0
33.1978034973	32.1492805481	0.0
33.1738586426	32.1312065125	0.0
33.1499137878	32.1131362915	0.0
33.1259651184	32.0950622559	0.0
33.1020202637	32.0769920349	0.0
33.0780754089	32.058921814	0.0
33.0541267395	32.040851593	0.0
33.0301818848	32.0227775574	0.0
33.00623703	32.0047073364	0.0
33.7381134033	32.5200614929	0.0
33.7516059875	32.4932670593	0.0
33.7650985718	32.4664726257	0.0
33.778591156	32.4396781921	0.0
33.7920837402	32.4128837585	0.0
33.8055763245	32.386089325	0.0
33.8190689087	32.3592948914	0.0
33.8325614929	32.3325004578	0.0
33.8460578918	32.3057060242	0.0
33.8595504761	32.2789115906	0.0
33.8730392456	32.252117157	0.0
33.8865356445	32.2253227234	0.0
33.9000282288	32.1985282898	0.0
33.913520813	32.1717338562	0.0
33.9270133972	32.1449394226	0.0
33.9405059814	32.118144989	0.0
33.9539985657	32.0913505554	0.0
33.9674911499	32.0645561218	0.0
33.9809837341	32.0377616882	0.0
33.9944763184	32.0109672546	0.0
33.8628005981	33.4748687744	0.0
33.836517334	33.4604034424	0.0
33.8102340698	33.4459381104	0.0
33.7839508057	33.4314727783	0.0
33.7576713562	33.4170074463	0.0
33.731388092	33.4025421143	0.0
33.7051048279	33.3880767822	0.0
33.6788215637	33.3736114502	0.0
33.6525421143	33.3591461182	0.0
33.6262588501	33.3446807861	0.0
33.5999755859	33.3302154541	0.0
33.5736923218	33.3157501221	0.0
33.5474128723	33.30128479	0.0
33.5211296082	33.286819458	0.0
33.494846344	33.272354126	0.0
33.4685668945	33.2578887939	0.0
33.4422836304	33.2434234619	0.0
33.4160003662	33.2289581299	0.0
33.3897171021	33.2144966125	0.0
33.3634376526	33.2000274658	0.0
33.3371543884	33.1855621338	0.0
33.3108711243	33.1711006165	0.0
33.2845916748	33.1566314697	0.0
33.2583084106	33.1421661377	0.0
33.2320251465	33.1277046204	0.0
33.2057418823	33.1132392883	0.0
33.1794624329	33.0987701416	0.0
33.1531791687	33.0843086243	0.0
33.1268959045	33.0698432922	0.0
33.1006126404	33.0553741455	0.0
33.0743331909	33.0409126282	0.0
33.0480499268	33.0264472961	0.0
33.0217666626	33.0119819641	0.0
33.9095420837	33.8130912781	0.0
33.936668396	33.8002853394	0.0
33.9637985229	33.7874755859	0.0
33.9909248352	33.7746658325	0.0
34.0180511475	33.7618560791	0.0
34.0451812744	33.7490463257	0.0
34.0723075867	33.736240387	0.0
34.0994377136	33.7234306335	0.0
34.1265640259	33.7106208801	0.0
34.1536941528	33.6978111267	0.0
34.1808204651	33.6850013733	0.0
34.207950592	33.6721954346	0.0
34.2350769043	33.6593856812	0.0
34.2622032166	33.6465759277	0.0
34.2893333435	33.6337661743	0.0
34.3164596558	33.6209564209	0.0
34.3435897827	33.6081504822	0.0
34.370716095	33.5953407288	0.0
34.4080543518	33.577709198	0.0
34.4351806641	33.5649032593	0.0
34.462310791	33.5520935059	0.0
34.4894371033	33.5392837524	0.0
34.5165634155	33.526473999	0.0
34.5436935425	33.5136642456	0.0
34.5708198547	33.5008583069	0.0
34.5979499817	33.4880485535	0.0
34.6250762939	33.4752388	0.0
34.6522064209	33.4624290466	0.0
34.6793327332	33.4496192932	0.0
34.7064628601	33.4368133545	0.0
34.7335891724	33.4240036011	0.0
34.7607192993	33.4111938477	0.0
34.7878456116	33.3983840942	0.0
34.8149757385	33.3855743408	0.0
34.8421020508	33.3727684021	0.0
34.869228363	33.3599586487	0.0
34.8890800476	33.3267288208	0.0
34.8987236023	33.2983207703	0.0
34.8907051086	33.2569999695	0.0
34.8778610229	33.229888916	0.0
34.8650131226	33.2027778625	0.0
34.8521690369	33.1756668091	0.0
34.8393249512	33.1485557556	0.0
34.8264808655	33.1214447021	0.0
34.8136329651	33.0943336487	0.0
34.8007888794	33.0672225952	0.0
34.7879447937	33.0401115417	0.0
34.775100708	33.0130004883	0.0
34.7622528076	32.9858894348	0.0
34.7494087219	32.9587783813	0.0
34.7365646362	32.9316673279	0.0
34.7237167358	32.9045562744	0.0
34.7108726501	32.8774452209	0.0
34.6980285645	32.8503341675	0.0
34.6851844788	32.823223114	0.0
34.6723365784	32.7961158752	0.0
34.6594924927	32.7690048218	0.0
34.646648407	32.7418937683	0.0
34.6533966064	32.7011795044	0.0
34.6666908264	32.6742858887	0.0
34.6799812317	32.6473922729	0.0
34.6932754517	32.6204986572	0.0
34.7065696716	32.5936050415	0.0
34.7198638916	32.5667114258	0.0
34.7331581116	32.5398178101	0.0
34.7464523315	32.5129241943	0.0
34.7597465515	32.4860305786	0.0
34.7730407715	32.4591369629	0.0
34.7863349915	32.4322433472	0.0
34.7996292114	32.4053497314	0.0
34.8129234314	32.3784561157	0.0
34.8262176514	32.3515625	0.0
34.8395118713	32.3246688843	0.0
34.8528060913	32.2977752686	0.0
34.8661003113	32.2708816528	0.0
34.8793945312	32.2439880371	0.0
34.8926887512	32.2170944214	0.0
34.9059791565	32.1902008057	0.0
34.9192733765	32.1633071899	0.0
34.9325675964	32.1364135742	0.0
34.9458618164	32.1095199585	0.0
34.9591560364	32.0826263428	0.0
34.9724502563	32.0557327271	0.0
34.9857444763	32.0288391113	0.0
34.9990386963	32.0019454956	0.0
34.612487793	32.7398033142	0.0
34.5848770142	32.7515335083	0.0
34.5572662354	32.7632637024	0.0
34.5296554565	32.7749938965	0.0
34.502040863	32.7867240906	0.0
34.4744300842	32.7984542847	0.0
34.4468193054	32.8101844788	0.0
34.4192085266	32.8219146729	0.0
34.3915939331	32.8336448669	0.0
34.3639831543	32.845375061	0.0
34.3363723755	32.8571052551	0.0
34.3087615967	32.8688354492	0.0
34.2811470032	32.8805656433	0.0
34.2535362244	32.8922920227	0.0
34.2259254456	32.9040222168	0.0
34.1983146667	32.9157524109	0.0
34.1707000732	32.927482605	0.0
34.1430892944	32.9392127991	0.0
34.1154785156	32.9509429932	0.0
34.0878677368	32.9626731873	0.0
34.0602531433	32.9744033813	0.0
34.0326423645	32.9861335754	0.0
34.0050315857	32.9978637695	0.0
34.913192749	33.2557029724	0.0
34.9228363037	33.2272949219	0.0
34.9324836731	33.1988868713	0.0
34.9421234131	33.1704788208	0.0
34.9517707825	33.1420707703	0.0
34.9614181519	33.1136474609	0.0
34.9710617065	33.0852394104	0.0
34.9807052612	33.0568313599	0.0
34.9903488159	33.0284233093	0.0
34.9999923706	33.0000152588	0.0
34.9720611572	33.1199531555	0.0
34.9923477173	33.0978507996	0.0
35.0126342773	33.0757484436	0.0
35.0329170227	33.0536499023	0.0
35.0532035828	33.0315475464	0.0
35.0734901428	33.0094451904	0.0
35.0937767029	32.9873428345	0.0
35.1140632629	32.9652404785	0.0
35.134349823	32.9431381226	0.0
35.1546325684	32.9210395813	0.0
35.1749191284	32.8989372253	0.0
35.1952056885	32.8768348694	0.0
35.2154922485	32.8547325134	0.0
35.2357788086	32.8326301575	0.0
35.256061554	32.8105316162	0.0
35.276348114	32.7884292603	0.0
35.2966346741	32.7663269043	0.0
35.3169212341	32.7442245483	0.0
35.3372077942	32.7221221924	0.0
35.3574905396	32.7000198364	0.0
35.3777770996	32.6779212952	0.0
35.3980636597	32.6558189392	0.0
35.4183502197	32.6337165833	0.0
35.4386367798	32.6116142273	0.0
35.4589195251	32.5895118713	0.0
35.4792060852	32.5674095154	0.0
35.4994926453	32.5453071594	0.0
35.5197792053	32.5232086182	0.0
35.5400657654	32.5011062622	0.0
35.5603485107	32.4790039062	0.0
35.5806350708	32.4569015503	0.0
35.6009216309	32.4347991943	0.0
35.6212081909	32.4127006531	0.0
35.641494751	32.3905982971	0.0
35.6617774963	32.3684959412	0.0
35.6820640564	32.3463935852	0.0
35.7023506165	32.3242912292	0.0
35.7226371765	32.302192688	0.0
35.7429237366	32.280090332	0.0
35.7632102966	32.2579879761	0.0
35.783493042	32.2358856201	0.0
35.8037796021	32.2137832642	0.0
35.8240661621	32.1916809082	0.0
35.8443527222	32.1695823669	0.0
35.8646392822	32.147480011	0.0
35.8849258423	32.125377655	0.0
35.9052085876	32.1032752991	0.0
35.9254951477	32.0811729431	0.0
35.9457817078	32.0590705872	0.0
35.9660682678	32.0369720459	0.0
35.9863548279	32.0148696899	0.0
34.9085655212	33.362323761	0.0
34.9376907349	33.3695106506	0.0
34.9668197632	33.3766937256	0.0
34.9959449768	33.3838806152	0.0
35.0250701904	33.3910636902	0.0
35.0541992188	33.3982505798	0.0
35.0833244324	33.4054374695	0.0
35.1124534607	33.4126205444	0.0
35.1415786743	33.4198074341	0.0
35.1707038879	33.4269943237	0.0
35.1998329163	33.4341773987	0.0
35.2289581299	33.4413642883	0.0
35.2580833435	33.448551178	0.0
35.2872123718	33.4557342529	0.0
35.3302612305	33.4436187744	0.0
35.3552742004	33.4270515442	0.0
35.3802833557	33.410484314	0.0
35.4052963257	33.3939208984	0.0
35.430305481	33.3773536682	0.0
35.4553184509	33.360786438	0.0
35.4803276062	33.3442192078	0.0
35.5053405762	33.3276519775	0.0
35.5303497314	33.3110847473	0.0
35.5553588867	33.2945175171	0.0
35.5803718567	33.2779502869	0.0
35.605381012	33.2613868713	0.0
35.6303939819	33.2448196411	0.0
35.6554031372	33.2282524109	0.0
35.6804161072	33.2116851807	0.0
35.7054252625	33.1951179504	0.0
35.7304382324	33.1785507202	0.0
35.7554473877	33.1619873047	0.0
35.7804603577	33.1454200745	0.0
35.8054695129	33.1288528442	0.0
35.8304824829	33.112285614	0.0
35.8554916382	33.0957183838	0.0
35.8805007935	33.0791511536	0.0
35.9055137634	33.062587738	0.0
35.9305229187	33.0460205078	0.0
35.9555358887	33.0294532776	0.0
35.9805450439	33.0128860474	0.0
35.3289413452	33.4785919189	0.0
35.3526306152	33.4969978333	0.0
35.3763198853	33.5154037476	0.0
35.4000091553	33.5338134766	0.0
35.4236984253	33.5522193909	0.0
35.4473876953	33.5706253052	0.0
35.4710769653	33.5890312195	0.0
35.4947662354	33.6074371338	0.0
35.5184555054	33.6258468628	0.0
35.5421485901	33.6442527771	0.0
35.5658378601	33.6626586914	0.0
35.5895271301	33.6810646057	0.0
35.6132164001	33.69947052	0.0
35.6369056702	33.7178764343	0.0
35.6605949402	33.7362861633	0.0
35.6842842102	33.7546920776	0.0
35.7079734802	33.7730979919	0.0
35.7316627502	33.7915039062	0.0
35.7553520203	33.8099098206	0.0
35.7790412903	33.8283195496	0.0
35.8027305603	33.8467254639	0.0
35.826423645	33.8651313782	0.0
35.850112915	33.8835372925	0.0
35.8738021851	33.9019432068	0.0
35.8974914551	33.9203491211	0.0
35.9211807251	33.9387588501	0.0
35.9448699951	33.9571647644	0.0
35.9685592651	33.9755706787	0.0
35.9922485352	33.993976593	0.0
34.4059486389	33.6070709229	0.0
34.4309692383	33.6236190796	0.0
34.4559898376	33.640171051	0.0
34.481010437	33.6567192078	0.0
34.5060348511	33.6732711792	0.0
34.5310554504	33.6898231506	0.0
34.5560760498	33.7063713074	0.0
34.5811004639	33.7229232788	0.0
34.6061210632	33.7394714355	0.0
34.6311416626	33.756023407	0.0
34.656162262	33.7725715637	0.0
34.681186676	33.7891235352	0.0
34.7062072754	33.8056755066	0.0
34.7312278748	33.8222236633	0.0
34.7562522888	33.8387756348	0.0
34.7812728882	33.8553237915	0.0
34.8062934875	33.8718757629	0.0
34.8313179016	33.8884277344	0.0
34.856338501	33.9049758911	0.0
34.8813591003	33.9215278625	0.0
34.9063796997	33.9380760193	0.0
34.9314041138	33.9546279907	0.0
34.9564247131	33.9711761475	0.0
34.9814453125	33.9877281189	0.0
33.96301651	34.3706054688	0.0
33.9659957886	34.3407554626	0.0
33.9689750671	34.3109016418	0.0
33.9719543457	34.2810516357	0.0
33.9749336243	34.2512016296	0.0
33.9779129028	34.2213478088	0.0
33.9808921814	34.1914978027	0.0
33.98387146	34.1616439819	0.0
33.9868507385	34.1317939758	0.0
33.9898262024	34.101940155	0.0
33.992805481	34.0720901489	0.0
33.9957847595	34.0422363281	0.0
33.9987640381	34.012386322	0.0
33.9743041992	35.2996330261	0.0
33.9449424744	35.2934684753	0.0
33.9155845642	35.2873039246	0.0
33.8862228394	35.2811393738	0.0
33.8568649292	35.274974823	0.0
33.8275032043	35.2688102722	0.0
33.7981452942	35.2626495361	0.0
33.7687835693	35.2564811707	0.0
33.7394256592	35.2503204346	0.0
33.7100639343	35.2441558838	0.0
33.6807022095	35.237991333	0.0
33.6513442993	35.2318267822	0.0
33.6219863892	35.2256622314	0.0
33.5926246643	35.2194976807	0.0
33.5632667542	35.2133331299	0.0
33.5339050293	35.2071685791	0.0
33.5045433044	35.2010040283	0.0
33.4751853943	35.1948394775	0.0
33.4458236694	35.1886787415	0.0
33.4164657593	35.1825141907	0.0
33.3871078491	35.1763496399	0.0
33.3577461243	35.1701850891	0.0
33.3283843994	35.1640205383	0.0
33.2990264893	35.1578559875	0.0
33.2696647644	35.1516914368	0.0
33.2403068542	35.145526886	0.0
33.2062263489	35.127910614	0.0
33.1807327271	35.1120986938	0.0
33.1552391052	35.0962867737	0.0
33.1297454834	35.0804748535	0.0
33.1042518616	35.0646591187	0.0
33.078754425	35.0488471985	0.0
33.0532608032	35.0330352783	0.0
33.0277671814	35.0172233582	0.0
33.0022735596	35.001411438	0.0
33.2043075562	35.1315383911	0.0
33.1768951416	35.1193504333	0.0
33.1494827271	35.1071624756	0.0
33.1220703125	35.0949745178	0.0
33.0946578979	35.0827865601	0.0
33.0672454834	35.0705986023	0.0
33.0398330688	35.0584068298	0.0
33.0124206543	35.0462188721	0.0
32.9850082397	35.0340309143	0.0
32.9575958252	35.0218429565	0.0
32.9301834106	35.0096549988	0.0
32.9027709961	34.997467041	0.0
32.8753585815	34.9852790833	0.0
32.847946167	34.9730911255	0.0
32.8205337524	34.9609031677	0.0
32.7931213379	34.94871521	0.0
32.7657051086	34.9365272522	0.0
32.7382965088	34.9243392944	0.0
32.7108802795	34.9121513367	0.0
32.683467865	34.8999633789	0.0
32.6560554504	34.8877754211	0.0
32.6286430359	34.8755874634	0.0
32.6012306213	34.8633995056	0.0
32.5738182068	34.8512115479	0.0
32.5464057922	34.8390235901	0.0
32.5189933777	34.8268356323	0.0
32.4915809631	34.8146476746	0.0
32.4641685486	34.8024597168	0.0
32.436756134	34.790271759	0.0
32.4093437195	34.7780838013	0.0
32.3819313049	34.7658958435	0.0
32.3445854187	34.7767944336	0.0
32.3194046021	34.7931060791	0.0
32.2942276001	34.8094139099	0.0
32.2690467834	34.8257255554	0.0
32.2438697815	34.8420333862	0.0
32.2186889648	34.8583450317	0.0
32.1935081482	34.8746528625	0.0
32.1683311462	34.8909645081	0.0
32.1431503296	34.9072723389	0.0
32.1179733276	34.9235839844	0.0
32.092792511	34.9398918152	0.0
32.067615509	34.9562034607	0.0
32.0424346924	34.9725112915	0.0
32.0172576904	34.988822937	0.0
32.343536377	34.7459259033	0.0
32.3173065186	34.7313613892	0.0
32.2910766602	34.7168006897	0.0
32.2648506165	34.7022361755	0.0
32.2386207581	34.6876754761	0.0
32.2123908997	34.6731147766	0.0
32.186164856	34.6585502625	0.0
32.1599349976	34.643989563	0.0
32.1337051392	34.6294288635	0.0
32.1074752808	34.6148643494	0.0
32.0812492371	34.6003036499	0.0
32.0550193787	34.5857391357	0.0
32.0287895203	34.5711784363	0.0
32.0025634766	34.5566177368	0.0
31.9763336182	34.5420532227	0.0
31.9501037598	34.5274925232	0.0
31.9238758087	34.5129318237	0.0
31.8976478577	34.4983673096	0.0
31.8714179993	34.4838066101	0.0
31.8451881409	34.4692459106	0.0
31.8189601898	34.4546813965	0.0
31.7927322388	34.440120697	0.0
31.7665023804	34.4255599976	0.0
31.7402744293	34.4109954834	0.0
31.7140464783	34.3964347839	0.0
31.6878166199	34.3818702698	0.0
31.6615886688	34.3673095703	0.0
31.6353607178	34.3527488708	0.0
31.6091308594	34.3381843567	0.0
31.5829029083	34.3236236572	0.0
31.5566730499	34.3090629578	0.0
31.5304450989	34.2944984436	0.0
31.5042152405	34.2799377441	0.0
31.4779872894	34.2653770447	0.0
31.451757431	34.2508125305	0.0
31.42552948	34.2362518311	0.0
31.3993015289	34.2216911316	0.0
31.3730716705	34.2071266174	0.0
31.3468437195	34.192565918	0.0
31.3206157684	34.1780052185	0.0
31.29438591	34.1634407043	0.0
31.2681560516	34.1488800049	0.0
31.2419281006	34.1343154907	0.0
31.2157001495	34.1197547913	0.0
31.1894702911	34.1051940918	0.0
31.1632423401	34.0906295776	0.0
31.137014389	34.0760688782	0.0
31.1107845306	34.0615081787	0.0
31.0845565796	34.0469436646	0.0
31.0583267212	34.0323829651	0.0
31.0320987701	34.0178222656	0.0
31.0058708191	34.0032577515	0.0
34.1754608154	35.9215812683	0.0
34.1458702087	35.9265213013	0.0
34.1162796021	35.9314613342	0.0
34.0866889954	35.9364051819	0.0
34.0570983887	35.9413452148	0.0
34.0275115967	35.9462890625	0.0
33.99792099	35.9512290955	0.0
33.9683303833	35.9561691284	0.0
33.9387397766	35.9611129761	0.0
33.9091491699	35.966053009	0.0
33.8795585632	35.9709968567	0.0
33.8499679565	35.9759368896	0.0
33.8203773499	35.9808807373	0.0
33.7907867432	35.9858207703	0.0
33.7507629395	35.9879760742	0.0
33.7207641602	35.9884567261	0.0
33.6907691956	35.9889373779	0.0
33.660774231	35.9894180298	0.0
33.6307754517	35.9898986816	0.0
33.6007804871	35.9903793335	0.0
33.5707855225	35.9908599854	0.0
33.5407867432	35.9913406372	0.0
33.5107917786	35.9918174744	0.0
33.480796814	35.9922981262	0.0
33.4508018494	35.9927787781	0.0
33.4208030701	35.9932594299	0.0
33.3908081055	35.9937400818	0.0
33.3608131409	35.9942207336	0.0
33.3308143616	35.9947013855	0.0
33.300819397	35.9951820374	0.0
33.2708244324	35.9956626892	0.0
33.2408256531	35.9961433411	0.0
33.2108306885	35.9966239929	0.0
33.1808357239	35.9971046448	0.0
33.1508369446	35.9975852966	0.0
33.12084198	35.9980659485	0.0
33.0908470154	35.9985466003	0.0
33.0608482361	35.9990234375	0.0
33.0308532715	35.9995079041	0.0
33.0008583069	35.9999847412	0.0
33.810710907	35.9892044067	0.0
33.8406600952	35.9909133911	0.0
33.8706130981	35.9926185608	0.0
33.9005622864	35.9943275452	0.0
33.9305152893	35.9960365295	0.0
33.9604644775	35.9977455139	0.0
33.9904174805	35.9994544983	0.0
34.6075592041	36.544303894	0.0
34.6251029968	36.5199699402	0.0
34.6426506042	36.4956359863	0.0
34.660194397	36.4713020325	0.0
34.6777381897	36.4469642639	0.0
34.6952857971	36.4226303101	0.0
34.7128295898	36.3982963562	0.0
34.7303733826	36.3739624023	0.0
34.74792099	36.3496284485	0.0
34.7654647827	36.3252944946	0.0
34.7830085754	36.3009605408	0.0
34.8005561829	36.2766227722	0.0
34.8180999756	36.2522888184	0.0
34.8356437683	36.2279548645	0.0
34.8531913757	36.2036209106	0.0
34.8707351685	36.1792869568	0.0
34.8882827759	36.1549530029	0.0
34.9058265686	36.1306152344	0.0
34.9233703613	36.1062812805	0.0
34.9409141541	36.0819473267	0.0
34.9584617615	36.0576133728	0.0
34.9760055542	36.0332794189	0.0
34.9935493469	36.0089454651	0.0
34.8410377502	36.9375190735	0.0
34.8610839844	36.9151992798	0.0
34.8811302185	36.8928794861	0.0
34.9011726379	36.8705596924	0.0
34.9212188721	36.8482398987	0.0
34.9412651062	36.825920105	0.0
34.9613113403	36.8036003113	0.0
34.9813575745	36.7812805176	0.0
35.0014038086	36.7589607239	0.0
35.021446228	36.7366409302	0.0
35.0414924622	36.7143211365	0.0
35.0615386963	36.6920013428	0.0
35.0815849304	36.6696815491	0.0
35.1016273499	36.6473617554	0.0
35.121673584	36.6250419617	0.0
35.1417198181	36.602722168	0.0
35.1617660522	36.5804023743	0.0
35.1818122864	36.5580825806	0.0
35.2018585205	36.5357627869	0.0
35.2219009399	36.5134429932	0.0
35.2419471741	36.4911231995	0.0
35.2619934082	36.4688034058	0.0
35.2820396423	36.4464836121	0.0
35.3020858765	36.4241638184	0.0
35.3221282959	36.40184021	0.0
35.34217453	36.3795204163	0.0
35.3622207642	36.3572006226	0.0
35.3822669983	36.3348808289	0.0
35.4023132324	36.3125610352	0.0
35.4223556519	36.2902412415	0.0
35.442401886	36.2679214478	0.0
35.4624481201	36.2456016541	0.0
35.4824943542	36.2232818604	0.0
35.5025405884	36.2009620667	0.0
35.5225868225	36.1786422729	0.0
35.5426292419	36.1563224792	0.0
35.5626754761	36.1340026855	0.0
35.5827217102	36.1116828918	0.0
35.6027679443	36.0893630981	0.0
35.6522521973	36.0618934631	0.0
35.6817893982	36.0566368103	0.0
35.7113265991	36.0513763428	0.0
35.7408599854	36.0461235046	0.0
35.7703971863	36.0408668518	0.0
35.7999343872	36.0356063843	0.0
35.8294677734	36.0303497314	0.0
35.8590049744	36.0250930786	0.0
35.8885383606	36.0198364258	0.0
35.9180755615	36.0145797729	0.0
35.9476127625	36.0093231201	0.0
35.9771461487	36.0040664673	0.0
35.6327171326	36.0388641357	0.0
35.6427154541	36.0105781555	0.0
35.6527175903	35.98229599	0.0
35.6627159119	35.9540100098	0.0
35.6727142334	35.9257278442	0.0
35.6827163696	35.897441864	0.0
35.6927146912	35.8691596985	0.0
35.7027168274	35.8408737183	0.0
35.7127151489	35.812587738	0.0
35.7227134705	35.7843055725	0.0
35.7327156067	35.7560195923	0.0
35.7427139282	35.7277374268	0.0
35.7527122498	35.6994514465	0.0
35.762714386	35.671169281	0.0
35.7727127075	35.6428833008	0.0
35.7827148438	35.6145973206	0.0
35.7927131653	35.586315155	0.0
35.8027114868	35.5580291748	0.0
35.812713623	35.5297470093	0.0
35.8227119446	35.5014610291	0.0
35.8327102661	35.4731788635	0.0
35.8427124023	35.4448928833	0.0
35.8527107239	35.4166069031	0.0
35.8627128601	35.3883247375	0.0
35.8727111816	35.3600387573	0.0
35.8827095032	35.3317565918	0.0
35.8927116394	35.3034706116	0.0
35.9027099609	35.2751846313	0.0
35.9127082825	35.2469024658	0.0
35.9227104187	35.2186164856	0.0
35.9327087402	35.1903343201	0.0
35.9427108765	35.1620483398	0.0
35.952709198	35.1337661743	0.0
35.9627075195	35.1054801941	0.0
35.9727096558	35.0771942139	0.0
35.9827079773	35.0489120483	0.0
35.9927062988	35.0206260681	0.0
35.1043434143	37.9892654419	0.0
35.1316184998	37.9767684937	0.0
35.1588897705	37.9642677307	0.0
35.186164856	37.9517707825	0.0
35.2134361267	37.9392738342	0.0
35.2407073975	37.9267730713	0.0
35.2679824829	37.914276123	0.0
35.2952537537	37.9017791748	0.0
35.3225288391	37.8892784119	0.0
35.3498001099	37.8767814636	0.0
35.3770713806	37.8642845154	0.0
35.4043426514	37.8517875671	0.0
35.4516410828	37.8301124573	0.0
35.4789123535	37.8176116943	0.0
35.5061836243	37.8051147461	0.0
35.5334587097	37.7926177979	0.0
35.5607299805	37.7801208496	0.0
35.5880012512	37.7676200867	0.0
35.6152763367	37.7551231384	0.0
35.6425476074	37.7426261902	0.0
35.6698226929	37.7301254272	0.0
35.6970939636	37.717628479	0.0
35.7243652344	37.7051315308	0.0
35.7516403198	37.6926307678	0.0
35.7789115906	37.6801338196	0.0
35.8061828613	37.6676368713	0.0
35.8370780945	37.6278915405	0.0
35.8446121216	37.5988540649	0.0
35.8521499634	37.5698165894	0.0
35.8596839905	37.5407752991	0.0
35.8672180176	37.5117378235	0.0
35.8747520447	37.4827003479	0.0
35.8822860718	37.4536628723	0.0
35.8898200989	37.4246253967	0.0
35.8973579407	37.3955841064	0.0
35.9048919678	37.3665466309	0.0
35.9124259949	37.3375091553	0.0
35.919960022	37.3084716797	0.0
35.9274940491	37.2794303894	0.0
35.9350318909	37.2503929138	0.0
35.942565918	37.2213554382	0.0
35.9500999451	37.1923141479	0.0
35.9576339722	37.1632766724	0.0
35.9651679993	37.1342391968	0.0
35.9727020264	37.1052017212	0.0
35.9802398682	37.0761642456	0.0
35.9877738953	37.0471229553	0.0
35.9953079224	37.0180854797	0.0
35.8568153381	37.6444320679	0.0
35.8840904236	37.6319351196	0.0
35.9113616943	37.6194343567	0.0
35.9386367798	37.6069374084	0.0
35.9659080505	37.5944404602	0.0
35.9931793213	37.581943512	0.0
36.0204544067	37.569442749	0.0
36.0477256775	37.5569458008	0.0
36.0749969482	37.5444488525	0.0
36.1022720337	37.5319519043	0.0
36.1295433044	37.5194511414	0.0
36.1568145752	37.5069541931	0.0
36.1840896606	37.4944534302	0.0
36.2113609314	37.4819564819	0.0
36.2602653503	37.4555206299	0.0
36.2858123779	37.4397926331	0.0
36.3113555908	37.4240608215	0.0
36.3369026184	37.40832901	0.0
36.3624458313	37.3926010132	0.0
36.3879928589	37.3768692017	0.0
36.4135360718	37.3611373901	0.0
36.4390830994	37.3454093933	0.0
36.4646263123	37.3296775818	0.0
36.4901733398	37.3139457703	0.0
36.5157165527	37.2982177734	0.0
36.5412635803	37.2824859619	0.0
36.5668067932	37.2667541504	0.0
36.5923538208	37.2510261536	0.0
36.6178970337	37.235294342	0.0
36.6434440613	37.2195625305	0.0
36.6689872742	37.2038345337	0.0
36.6945343018	37.1881027222	0.0
36.7200775146	37.1723747253	0.0
36.7456245422	37.1566429138	0.0
36.7711677551	37.1409111023	0.0
36.7967147827	37.1251831055	0.0
36.8222579956	37.1094512939	0.0
36.8478050232	37.0937194824	0.0
36.8733482361	37.0779914856	0.0
36.8988952637	37.0622596741	0.0
36.9244384766	37.0465278625	0.0
36.9499855042	37.0307998657	0.0
36.975528717	37.0150680542	0.0
36.2640533447	37.4649658203	0.0
36.2933883667	37.4586753845	0.0
36.3227233887	37.4523887634	0.0
36.3520545959	37.4460983276	0.0
36.3813896179	37.4398117065	0.0
36.4107246399	37.4335250854	0.0
36.4400558472	37.4272384644	0.0
36.4693908691	37.4209480286	0.0
36.4987258911	37.4146614075	0.0
36.5280570984	37.4083747864	0.0
36.5573921204	37.4020843506	0.0
36.5867233276	37.3957977295	0.0
36.6326332092	37.3859558105	0.0
36.6619682312	37.3796691895	0.0
36.6912994385	37.3733825684	0.0
36.7206344604	37.3670921326	0.0
36.7499694824	37.3608055115	0.0
36.7793006897	37.3545188904	0.0
36.8086357117	37.3482284546	0.0
36.8379707336	37.3419418335	0.0
36.8673019409	37.3356552124	0.0
36.8966369629	37.3293647766	0.0
36.9259681702	37.3230781555	0.0
36.9553031921	37.3167915344	0.0
37.0012130737	37.3069496155	0.0
37.030544281	37.3006591797	0.0
37.059879303	37.2943725586	0.0
37.089214325	37.2880859375	0.0
37.1185455322	37.2817993164	0.0
37.1478805542	37.2755088806	0.0
37.1772155762	37.2692222595	0.0
37.2065467834	37.2629356384	0.0
37.2358818054	37.2566452026	0.0
37.2652168274	37.2503585815	0.0
37.2945480347	37.2440681458	0.0
37.3238830566	37.2377815247	0.0
37.3600349426	37.2569618225	0.0
37.379611969	37.2796936035	0.0
37.3991928101	37.3024215698	0.0
37.4187698364	37.3251533508	0.0
37.4383468628	37.3478851318	0.0
37.4579238892	37.3706169128	0.0
37.4775009155	37.3933486938	0.0
37.4970817566	37.4160804749	0.0
37.516658783	37.4388084412	0.0
37.5362358093	37.4615402222	0.0
37.5558128357	37.4842720032	0.0
37.5753936768	37.5070037842	0.0
37.5949707031	37.5297355652	0.0
37.6145477295	37.5524673462	0.0
37.6341247559	37.5751953125	0.0
37.6537017822	37.5979270935	0.0
37.6732826233	37.6206588745	0.0
37.6928596497	37.6433906555	0.0
37.712436676	37.6661224365	0.0
37.7320137024	37.6888542175	0.0
37.7515945435	37.7115821838	0.0
37.7711715698	37.7343139648	0.0
37.7907485962	37.7570457458	0.0
37.8103256226	37.7797775269	0.0
37.8299064636	37.8025093079	0.0
37.84948349	37.8252410889	0.0
37.8690605164	37.8479728699	0.0
37.8886375427	37.8707008362	0.0
37.9082145691	37.8934326172	0.0
37.9277954102	37.9161643982	0.0
37.9473724365	37.9388961792	0.0
37.9669494629	37.9616279602	0.0
37.9865264893	37.9843597412	0.0
37.3697891235	37.2279434204	0.0
37.3991241455	37.2216529846	0.0
37.4284591675	37.2153663635	0.0
37.4577903748	37.2090797424	0.0
37.4871253967	37.2027893066	0.0
37.5164604187	37.1965026855	0.0
37.545791626	37.1902160645	0.0
37.5751266479	37.1839256287	0.0
37.6044616699	37.1776390076	0.0
37.6337928772	37.1713523865	0.0
37.6631278992	37.1650619507	0.0
37.6924591064	37.1587753296	0.0
37.738986969	37.1535301208	0.0
37.7689399719	37.15184021	0.0
37.7988929749	37.1501502991	0.0
37.8288459778	37.1484603882	0.0
37.858795166	37.1467704773	0.0
37.8887481689	37.1450805664	0.0
37.9187011719	37.1433906555	0.0
37.9486541748	37.1417007446	0.0
37.9786071777	37.1400108337	0.0
38.0085601807	37.1383209229	0.0
38.0385093689	37.136631012	0.0
38.0684623718	37.1349411011	0.0
38.0984153748	37.1332511902	0.0
38.1283683777	37.1315612793	0.0
38.1583213806	37.1298713684	0.0
38.1882743835	37.1281814575	0.0
38.2182235718	37.1264915466	0.0
38.2481765747	37.1248016357	0.0
38.2781295776	37.1231117249	0.0
38.3080825806	37.121421814	0.0
38.3380355835	37.1197319031	0.0
38.3589401245	37.1435813904	0.0
38.376914978	37.1675987244	0.0
38.3948936462	37.1916160583	0.0
38.4128723145	37.2156333923	0.0
38.430847168	37.2396507263	0.0
38.4488258362	37.2636680603	0.0
38.4668045044	37.2876853943	0.0
38.4989356995	37.2809791565	0.0
38.525100708	37.2663078308	0.0
38.5512695312	37.2516326904	0.0
38.5774345398	37.23695755	0.0
38.603603363	37.2222862244	0.0
38.6297683716	37.2076148987	0.0
38.6559333801	37.1929397583	0.0
38.6821022034	37.1782646179	0.0
38.7082672119	37.1635932922	0.0
38.7344360352	37.1489181519	0.0
38.7606010437	37.1342468262	0.0
38.7867698669	37.1195716858	0.0
38.8129348755	37.1049003601	0.0
38.8391036987	37.0902252197	0.0
38.8652687073	37.075553894	0.0
38.8914337158	37.0608787537	0.0
38.9176025391	37.046207428	0.0
38.9437675476	37.0315322876	0.0
38.9699363708	37.0168571472	0.0
38.9961013794	37.0021858215	0.0
38.4907455444	37.3196716309	0.0
38.5087242126	37.3436851501	0.0
38.5267028809	37.3677024841	0.0
38.5446777344	37.3917198181	0.0
38.5626564026	37.4157371521	0.0
38.5806350708	37.4397544861	0.0
38.598613739	37.4637718201	0.0
38.6165885925	37.4877891541	0.0
38.6345672607	37.5118026733	0.0
38.6525421143	37.5358200073	0.0
38.6705207825	37.5598373413	0.0
38.6884994507	37.5838546753	0.0
38.7064781189	37.6078720093	0.0
38.7244529724	37.6318893433	0.0
38.754360199	37.6718444824	0.0
38.7723388672	37.6958618164	0.0
38.7903175354	37.7198753357	0.0
38.8082962036	37.7438926697	0.0
38.8262710571	37.7679100037	0.0
38.8442497253	37.7919273376	0.0
38.8622283936	37.8159446716	0.0
38.8802032471	37.8399620056	0.0
38.8981819153	37.8639793396	0.0
38.9161605835	37.8879966736	0.0
38.934135437	37.9120101929	0.0
38.9521141052	37.9360275269	0.0
38.9700927734	37.9600448608	0.0
38.9880714417	37.9840621948	0.0
38.7568664551	37.6697463989	0.0
38.7773513794	37.6916656494	0.0
38.797832489	37.7135848999	0.0
38.8183174133	37.7355003357	0.0
38.8388023376	37.7574195862	0.0
38.8592834473	37.7793388367	0.0
38.8797683716	37.8012580872	0.0
38.9002494812	37.8231773376	0.0
38.9207344055	37.8450965881	0.0
38.9412155151	37.8670158386	0.0
38.9617004395	37.8889312744	0.0
38.9821853638	37.9108505249	0.0
39.0026664734	37.9327697754	0.0
39.0231513977	37.9546890259	0.0
39.0436325073	37.9766082764	0.0
39.0641174316	37.9985275269	0.0
39.0845985413	38.0204467773	0.0
39.1050834656	38.0423660278	0.0
39.1255683899	38.0642852783	0.0
39.1460494995	38.0862045288	0.0
39.1665344238	38.1081237793	0.0
39.1870155334	38.1300392151	0.0
39.2075004578	38.1519584656	0.0
39.2279815674	38.1738777161	0.0
39.2484664917	38.1957969666	0.0
39.268951416	38.217716217	0.0
39.2894325256	38.2396354675	0.0
39.30991745	38.261554718	0.0
39.3303985596	38.2834701538	0.0
39.3508834839	38.3053894043	0.0
39.3713684082	38.3273086548	0.0
39.3918495178	38.3492279053	0.0
39.4123344421	38.3711471558	0.0
39.4328155518	38.3930664062	0.0
39.4533004761	38.4149856567	0.0
39.4737815857	38.4369049072	0.0
39.49426651	38.4588241577	0.0
39.5147514343	38.4807434082	0.0
39.5352325439	38.5026626587	0.0
39.5557174683	38.5245780945	0.0
39.5761985779	38.546497345	0.0
39.5966835022	38.5684165955	0.0
39.6171646118	38.5903358459	0.0
39.6376495361	38.6122550964	0.0
39.6581344604	38.6341743469	0.0
39.6786155701	38.6560935974	0.0
39.6991004944	38.6780128479	0.0
39.719581604	38.6999282837	0.0
39.7400665283	38.7218475342	0.0
39.7605476379	38.7437667847	0.0
39.7810325623	38.7656860352	0.0
39.8015174866	38.7876052856	0.0
39.8219985962	38.8095245361	0.0
39.8424835205	38.8314437866	0.0
39.8629646301	38.8533630371	0.0
39.8834495544	38.8752784729	0.0
39.9039306641	38.8971977234	0.0
39.9244155884	38.9191169739	0.0
39.9449005127	38.9410362244	0.0
39.9653816223	38.9629554749	0.0
39.9858665466	38.9848747253	0.0
38.3682785034	37.1071624756	0.0
38.3955917358	37.0947608948	0.0
38.422908783	37.0823554993	0.0
38.4502258301	37.0699501038	0.0
38.4775390625	37.0575485229	0.0
38.5048561096	37.0451469421	0.0
38.5321731567	37.0327415466	0.0
38.5594863892	37.0203399658	0.0
38.5868034363	37.0079345703	0.0
38.6141204834	36.9955329895	0.0
38.6414375305	36.983127594	0.0
38.6687507629	36.9707260132	0.0
38.6960678101	36.9583206177	0.0
38.7233848572	36.9459190369	0.0
38.7506980896	36.9335136414	0.0
38.7780151367	36.9211120605	0.0
38.8053321838	36.908706665	0.0
38.8326454163	36.8963050842	0.0
38.8599624634	36.8839035034	0.0
38.8872795105	36.8714981079	0.0
38.9145927429	36.8590965271	0.0
38.94190979	36.8466911316	0.0
38.9692268372	36.8342895508	0.0
38.9965438843	36.8218841553	0.0
39.0238571167	36.8094825745	0.0
39.0782814026	36.7944335938	0.0
39.1080360413	36.7905883789	0.0
39.1377868652	36.7867469788	0.0
39.1675415039	36.7829017639	0.0
39.1972923279	36.7790565491	0.0
39.2270469666	36.7752151489	0.0
39.2567977905	36.7713699341	0.0
39.2865524292	36.7675247192	0.0
39.3163032532	36.7636833191	0.0
39.3460578918	36.7598381042	0.0
39.3758087158	36.7559928894	0.0
39.4055633545	36.7521514893	0.0
39.4369010925	36.7633018494	0.0
39.4645576477	36.7749252319	0.0
39.4922142029	36.7865486145	0.0
39.5198707581	36.7981758118	0.0
39.5475273132	36.8097991943	0.0
39.5751838684	36.8214263916	0.0
39.6028366089	36.8330497742	0.0
39.6304931641	36.8446769714	0.0
39.6581497192	36.856300354	0.0
39.6858062744	36.8679275513	0.0
39.7134628296	36.8795547485	0.0
39.7411193848	36.8911781311	0.0
39.7687721252	36.9028015137	0.0
39.7964286804	36.9144287109	0.0
39.8240852356	36.9260520935	0.0
39.8517417908	36.9376792908	0.0
39.8793983459	36.9493026733	0.0
39.9070549011	36.9609298706	0.0
39.9347114563	36.9725532532	0.0
39.9623641968	36.9841804504	0.0
39.990020752	36.9958076477	0.0
39.438999176	36.7478294373	0.0
39.4687538147	36.7439842224	0.0
39.4985046387	36.7401428223	0.0
39.5282554626	36.7362976074	0.0
39.5580101013	36.7324523926	0.0
39.58776474	36.7286109924	0.0
39.617515564	36.7247657776	0.0
39.6472663879	36.7209205627	0.0
39.6770210266	36.7170791626	0.0
39.7067718506	36.7132339478	0.0
39.7365264893	36.7093887329	0.0
39.7662773132	36.7055473328	0.0
39.7750511169	36.6755065918	0.0
39.7801399231	36.6459388733	0.0
39.7852287292	36.6163749695	0.0
39.7903175354	36.586807251	0.0
39.7954025269	36.5572433472	0.0
39.800491333	36.5276794434	0.0
39.8055801392	36.4981117249	0.0
39.8106689453	36.468547821	0.0
39.8157577515	36.4389801025	0.0
39.8208465576	36.4094161987	0.0
39.8259315491	36.3798522949	0.0
39.8310203552	36.3502845764	0.0
39.8361091614	36.3207206726	0.0
39.8411979675	36.2911567688	0.0
39.8462867737	36.2615890503	0.0
39.8513755798	36.2320251465	0.0
39.8564605713	36.202457428	0.0
39.8715667725	36.1707115173	0.0
39.8857536316	36.14427948	0.0
39.8999443054	36.1178474426	0.0
39.9141311646	36.0914115906	0.0
39.9283218384	36.0649795532	0.0
39.9425086975	36.0385475159	0.0
39.9566993713	36.0121154785	0.0
39.9708862305	35.9856834412	0.0
39.9850769043	35.9592514038	0.0
39.9992675781	35.9328193665	0.0
40.0134544373	35.9063873291	0.0
40.0276451111	35.8799552917	0.0
40.0418319702	35.8535194397	0.0
40.056022644	35.8270874023	0.0
40.0702095032	35.800655365	0.0
40.084400177	35.7742233276	0.0
40.0985870361	35.7477912903	0.0
40.11277771	35.7213592529	0.0
40.1269645691	35.6949272156	0.0
40.1411552429	35.6684951782	0.0
40.1553421021	35.6420593262	0.0
40.1898803711	35.6045722961	0.0
40.2139205933	35.5866279602	0.0
40.2379646301	35.568687439	0.0
40.262008667	35.550743103	0.0
40.2860527039	35.5328025818	0.0
40.310092926	35.5148582458	0.0
40.3341369629	35.4969177246	0.0
40.3581809998	35.4789733887	0.0
40.3822212219	35.4610328674	0.0
40.4062652588	35.4430885315	0.0
40.4303092957	35.4251441956	0.0
40.4543495178	35.4072036743	0.0
40.4783935547	35.3892593384	0.0
40.5024375916	35.3713188171	0.0
40.5264816284	35.3533744812	0.0
40.5505218506	35.33543396	0.0
40.5745658875	35.317489624	0.0
40.5986099243	35.2995491028	0.0
40.6226501465	35.2816047668	0.0
40.6466941833	35.2636604309	0.0
40.6707382202	35.2457199097	0.0
40.6947822571	35.2277755737	0.0
40.7188224792	35.2098350525	0.0
40.7428665161	35.1918907166	0.0
40.766910553	35.1739501953	0.0
40.7909507751	35.1560058594	0.0
40.814994812	35.1380653381	0.0
40.8390388489	35.1201210022	0.0
40.8630828857	35.102180481	0.0
40.8871231079	35.084236145	0.0
40.9111671448	35.0662956238	0.0
40.9352111816	35.0483512878	0.0
40.9592514038	35.0304069519	0.0
40.9832954407	35.0124664307	0.0
40.158115387	35.5935249329	0.0
40.150390625	35.5645370483	0.0
40.1426696777	35.5355491638	0.0
40.1349449158	35.5065574646	0.0
40.1272239685	35.4775695801	0.0
40.1194992065	35.4485816956	0.0
40.1117782593	35.419593811	0.0
40.1040534973	35.3906021118	0.0
40.09633255	35.3616142273	0.0
40.0886116028	35.3326263428	0.0
40.0808868408	35.3036346436	0.0
40.0731658936	35.274646759	0.0
40.0654411316	35.2456588745	0.0
40.0577201843	35.2166671753	0.0
40.0499954224	35.1876792908	0.0
40.0422744751	35.1586914062	0.0
40.0345535278	35.1297035217	0.0
40.0268287659	35.1007118225	0.0
40.0191078186	35.071723938	0.0
40.0113830566	35.0427360535	0.0
40.0036621094	35.0137443542	0.0
39.874961853	36.1728363037	0.0
39.8925476074	36.1485328674	0.0
39.9101295471	36.1242256165	0.0
39.9277153015	36.0999183655	0.0
39.9452972412	36.0756111145	0.0
39.9628829956	36.0513076782	0.0
39.98046875	36.0270004272	0.0
39.9980506897	36.0026931763	0.0
39.7992362976	36.7116355896	0.0
39.8285064697	36.7182044983	0.0
39.8577804565	36.7247695923	0.0
39.8870544434	36.7313346863	0.0
39.9163246155	36.737903595	0.0
39.9455986023	36.744468689	0.0
39.9748725891	36.751033783	0.0
40.0041427612	36.7576026917	0.0
40.033416748	36.7641677856	0.0
40.0626907349	36.7707366943	0.0
40.0977630615	36.7616424561	0.0
40.1258049011	36.7509765625	0.0
40.153842926	36.7403068542	0.0
40.1818809509	36.729637146	0.0
40.2099189758	36.7189674377	0.0
40.2379570007	36.7082977295	0.0
40.2659988403	36.6976318359	0.0
40.3021812439	36.6712875366	0.0
40.323802948	36.6504898071	0.0
40.3454208374	36.6296920776	0.0
40.3670425415	36.6088943481	0.0
40.3886604309	36.5880966187	0.0
40.410282135	36.5672988892	0.0
40.4319038391	36.5465011597	0.0
40.4535217285	36.5256996155	0.0
40.4751434326	36.504901886	0.0
40.496761322	36.4841041565	0.0
40.5183830261	36.463306427	0.0
40.5400047302	36.4425086975	0.0
40.5616226196	36.421710968	0.0
40.5832443237	36.4009132385	0.0
40.6048622131	36.380115509	0.0
40.6264839172	36.3593139648	0.0
40.6481056213	36.3385162354	0.0
40.6697235107	36.3177185059	0.0
40.6913452148	36.2969207764	0.0
40.7129631042	36.2761230469	0.0
40.7345848083	36.2553253174	0.0
40.7562065125	36.2345275879	0.0
40.7778244019	36.2137298584	0.0
40.799446106	36.1929283142	0.0
40.8210678101	36.1721305847	0.0
40.8426856995	36.1513328552	0.0
40.8643074036	36.1305351257	0.0
40.885925293	36.1097373962	0.0
40.9075469971	36.0889396667	0.0
40.9291687012	36.0681381226	0.0
40.9507865906	36.0473403931	0.0
40.9724082947	36.0265426636	0.0
40.9940261841	36.0057449341	0.0
40.3086013794	36.6814193726	0.0
40.3366394043	36.6707496643	0.0
40.3646774292	36.6600799561	0.0
40.3927154541	36.6494102478	0.0
40.420753479	36.6387405396	0.0
40.4487953186	36.628074646	0.0
40.4768333435	36.6174049377	0.0
40.5181770325	36.5983390808	0.0
40.5449562073	36.5848197937	0.0
40.5717353821	36.5712966919	0.0
40.5985183716	36.5577735901	0.0
40.6252975464	36.544254303	0.0
40.6520767212	36.5307312012	0.0
40.678855896	36.5172080994	0.0
40.7056388855	36.5036888123	0.0
40.7324142456	36.4901657104	0.0
40.7591972351	36.4766464233	0.0
40.7859764099	36.4631233215	0.0
40.8127555847	36.4496002197	0.0
40.8395347595	36.4360809326	0.0
40.866317749	36.4225578308	0.0
40.8930969238	36.4090385437	0.0
40.9198760986	36.3955154419	0.0
40.9466552734	36.3819923401	0.0
40.9734344482	36.368473053	0.0
41.0002174377	36.3549499512	0.0
41.0269966125	36.3414306641	0.0
41.0537757874	36.3279075623	0.0
41.0805549622	36.3143844604	0.0
41.1218261719	36.285949707	0.0
41.144859314	36.2667236328	0.0
41.1678886414	36.2475013733	0.0
41.1909217834	36.2282752991	0.0
41.2139511108	36.2090492249	0.0
41.2369804382	36.1898269653	0.0
41.2600135803	36.1706008911	0.0
41.2830429077	36.1513748169	0.0
41.3060722351	36.1321525574	0.0
41.3291053772	36.1129264832	0.0
41.3521347046	36.0937004089	0.0
41.375164032	36.0744781494	0.0
41.3981933594	36.0552520752	0.0
41.4212265015	36.0360298157	0.0
41.4442558289	36.0168037415	0.0
41.4672851562	35.9975776672	0.0
41.4903182983	35.978351593	0.0
41.5133476257	35.9591293335	0.0
41.5363807678	35.9399032593	0.0
41.5594100952	35.9206771851	0.0
41.5824394226	35.9014549255	0.0
41.6054725647	35.8822288513	0.0
41.6439628601	35.8832435608	0.0
41.6724662781	35.8925933838	0.0
41.7009735107	35.9019393921	0.0
41.7294807434	35.9112892151	0.0
41.7579841614	35.9206352234	0.0
41.786491394	35.9299850464	0.0
41.8149986267	35.9393310547	0.0
41.8435058594	35.9486808777	0.0
41.872013092	35.9580307007	0.0
41.90051651	35.967376709	0.0
41.9290237427	35.976726532	0.0
41.9575309753	35.9860725403	0.0
41.986038208	35.9954223633	0.0
41.6384849548	35.8546714783	0.0
41.6615142822	35.8354454041	0.0
41.6839065552	35.798084259	0.0
41.6949539185	35.7701911926	0.0
41.7060012817	35.7422981262	0.0
41.717048645	35.7144088745	0.0
41.7280960083	35.6865158081	0.0
41.7391433716	35.6586227417	0.0
41.7501907349	35.6307296753	0.0
41.7612380981	35.6028404236	0.0
41.7722854614	35.5749473572	0.0
41.7833328247	35.5470542908	0.0
41.7943763733	35.5191612244	0.0
41.8054237366	35.4912719727	0.0
41.8164710999	35.4633789062	0.0
41.8275184631	35.4354858398	0.0
41.8385658264	35.4075965881	0.0
41.8496131897	35.3797035217	0.0
41.860660553	35.3518104553	0.0
41.8717079163	35.3239173889	0.0
41.8827552795	35.2960281372	0.0
41.8938026428	35.2681350708	0.0
41.9048461914	35.2402420044	0.0
41.9158935547	35.2123527527	0.0
41.926940918	35.1844596863	0.0
41.9379882812	35.1565666199	0.0
41.9490356445	35.1286735535	0.0
41.9600830078	35.1007843018	0.0
41.9711303711	35.0728912354	0.0
41.9821777344	35.0449981689	0.0
41.9932250977	35.0171051025	0.0
41.7026062012	35.829875946	0.0
41.7323532104	35.8337745667	0.0
41.762096405	35.837677002	0.0
41.7918434143	35.8415756226	0.0
41.8215866089	35.8454780579	0.0
41.8513336182	35.8493766785	0.0
41.8810806274	35.8532791138	0.0
41.910823822	35.8571777344	0.0
41.9405708313	35.8610801697	0.0
41.9703140259	35.8649787903	0.0
42.0000610352	35.8688812256	0.0
42.0298042297	35.8727798462	0.0
42.059551239	35.8766822815	0.0
42.0892944336	35.8805809021	0.0
42.1190414429	35.8844833374	0.0
42.1487884521	35.888381958	0.0
42.1785316467	35.8922843933	0.0
42.208278656	35.8961830139	0.0
42.2380218506	35.9000854492	0.0
42.2677688599	35.9039840698	0.0
42.2975158691	35.9078865051	0.0
42.3272590637	35.9117851257	0.0
42.3570022583	35.9156837463	0.0
42.3867492676	35.9195861816	0.0
42.4164962769	35.9234848022	0.0
42.4462394714	35.9273872375	0.0
42.4759864807	35.9312858582	0.0
42.5057296753	35.9351882935	0.0
42.5354766846	35.9390869141	0.0
42.5652236938	35.9429893494	0.0
42.5949668884	35.94688797	0.0
42.6247138977	35.9507904053	0.0
42.6544570923	35.9546890259	0.0
42.6842041016	35.9585914612	0.0
42.7139472961	35.9624900818	0.0
42.7436943054	35.9663925171	0.0
42.7734375	35.9702911377	0.0
42.8031845093	35.974193573	0.0
42.8329315186	35.9780921936	0.0
42.8626747131	35.9819946289	0.0
42.8924217224	35.9858932495	0.0
42.922164917	35.9897956848	0.0
42.9519119263	35.9936943054	0.0
42.9816551208	35.9975967407	0.0
41.1225547791	36.3234901428	0.0
41.1463165283	36.3418083191	0.0
41.1700744629	36.3601264954	0.0
41.1938323975	36.3784446716	0.0
41.217590332	36.3967628479	0.0
41.2413482666	36.4150810242	0.0
41.2651062012	36.4333992004	0.0
41.2888641357	36.4517173767	0.0
41.3126220703	36.470035553	0.0
41.3363838196	36.4883499146	0.0
41.3601417542	36.5066680908	0.0
41.3838996887	36.5249862671	0.0
41.4076576233	36.5433044434	0.0
41.4314155579	36.5616226196	0.0
41.4551734924	36.5799407959	0.0
41.478931427	36.5982589722	0.0
41.5026893616	36.6165733337	0.0
41.5264472961	36.63489151	0.0
41.5502052307	36.6532096863	0.0
41.57396698	36.6715278625	0.0
41.5977249146	36.6898460388	0.0
41.6214828491	36.7081642151	0.0
41.6452407837	36.7264823914	0.0
41.6689987183	36.7448005676	0.0
41.6927566528	36.7631187439	0.0
41.7165145874	36.7814331055	0.0
41.7402763367	36.7997512817	0.0
41.7640342712	36.818069458	0.0
41.7877922058	36.8363876343	0.0
41.8115501404	36.8547058105	0.0
41.835308075	36.8730239868	0.0
41.8590660095	36.8913421631	0.0
41.8828239441	36.9096565247	0.0
41.9065856934	36.9279747009	0.0
41.9303436279	36.9462928772	0.0
41.9541015625	36.9646110535	0.0
41.9778594971	36.9829292297	0.0
40.515247345	36.6300621033	0.0
40.5390930176	36.6482620239	0.0
40.5629425049	36.6664619446	0.0
40.5867919922	36.6846618652	0.0
40.6106414795	36.7028617859	0.0
40.6344871521	36.7210617065	0.0
40.6583366394	36.7392616272	0.0
40.6821861267	36.7574615479	0.0
40.706035614	36.7756614685	0.0
40.7298851013	36.7938613892	0.0
40.7537345886	36.8120613098	0.0
40.7775802612	36.8302612305	0.0
40.8014297485	36.8484611511	0.0
40.8252792358	36.8666610718	0.0
40.8491287231	36.8848609924	0.0
40.8729743958	36.9030609131	0.0
40.8968238831	36.9212608337	0.0
40.9206733704	36.9394607544	0.0
40.9445228577	36.957660675	0.0
40.968372345	36.9758605957	0.0
40.9922180176	36.9940605164	0.0
40.0800895691	36.8004646301	0.0
40.0904541016	36.8286170959	0.0
40.1008224487	36.8567695618	0.0
40.1111869812	36.8849220276	0.0
40.1215515137	36.9130744934	0.0
40.1319160461	36.9412269592	0.0
40.1422805786	36.969379425	0.0
40.1526489258	36.9975318909	0.0
40.1630134583	37.0256843567	0.0
40.1733779907	37.0538368225	0.0
40.1837425232	37.0819892883	0.0
40.1941108704	37.1101417542	0.0
40.2044754028	37.13829422	0.0
40.2148399353	37.1664466858	0.0
40.2252044678	37.1945991516	0.0
40.2355690002	37.2227516174	0.0
40.2459335327	37.2509040833	0.0
40.2563018799	37.2790565491	0.0
40.2666664124	37.3072090149	0.0
40.2770309448	37.3353614807	0.0
40.2660636902	37.3647193909	0.0
40.2544746399	37.3923912048	0.0
40.2428855896	37.4200630188	0.0
40.2312965393	37.4477348328	0.0
40.219707489	37.4754066467	0.0
40.2081184387	37.503074646	0.0
40.1965293884	37.53074646	0.0
40.1849403381	37.5584182739	0.0
40.1733512878	37.5860900879	0.0
40.1617622375	37.6137619019	0.0
40.1501731873	37.6414337158	0.0
40.138584137	37.6691017151	0.0
40.1269950867	37.6967735291	0.0
40.1154060364	37.724445343	0.0
40.1038169861	37.752117157	0.0
40.0922279358	37.7797889709	0.0
40.0806388855	37.8074607849	0.0
40.0690498352	37.8351325989	0.0
40.0574607849	37.8628005981	0.0
40.0458717346	37.8904724121	0.0
40.0342826843	37.9181442261	0.0
40.022693634	37.94581604	0.0
40.0111045837	37.973487854	0.0
40.2997550964	37.357334137	0.0
40.3218574524	37.377620697	0.0
40.3439598083	37.3979034424	0.0
40.3660621643	37.4181900024	0.0
40.3881645203	37.4384727478	0.0
40.4102668762	37.4587593079	0.0
40.4323692322	37.4790458679	0.0
40.4544715881	37.4993286133	0.0
40.4765739441	37.5196151733	0.0
40.4986763	37.5398979187	0.0
40.520778656	37.5601844788	0.0
40.542881012	37.5804672241	0.0
40.5649833679	37.6007537842	0.0
40.5870857239	37.6210403442	0.0
40.6091880798	37.6413230896	0.0
40.6312904358	37.6616096497	0.0
40.6533927917	37.681892395	0.0
40.6754951477	37.7021789551	0.0
40.6975975037	37.7224655151	0.0
40.7196998596	37.7427482605	0.0
40.7418022156	37.7630348206	0.0
40.7639045715	37.7833175659	0.0
40.7860069275	37.803604126	0.0
40.8081092834	37.823890686	0.0
40.8302116394	37.8441734314	0.0
40.8523178101	37.8644599915	0.0
40.8744163513	37.8847427368	0.0
40.8965187073	37.9050292969	0.0
40.9186248779	37.9253158569	0.0
40.9407234192	37.9455986023	0.0
40.9628295898	37.9658851624	0.0
40.9849281311	37.9861679077	0.0
39.0467071533	36.7683334351	0.0
39.0448875427	36.7383880615	0.0
39.0430679321	36.708442688	0.0
39.0412483215	36.6784973145	0.0
39.0394287109	36.6485557556	0.0
39.0376052856	36.6186103821	0.0
39.035785675	36.5886650085	0.0
39.0339660645	36.558719635	0.0
39.0321464539	36.5287742615	0.0
39.0303268433	36.4988327026	0.0
39.028503418	36.4688873291	0.0
39.0266838074	36.4389419556	0.0
39.0248641968	36.408996582	0.0
39.0230445862	36.3790512085	0.0
39.0212211609	36.3491096497	0.0
39.0194015503	36.3191642761	0.0
39.0175819397	36.2892189026	0.0
39.0157623291	36.2592735291	0.0
39.0139427185	36.2293281555	0.0
39.0121192932	36.199382782	0.0
39.0102996826	36.1694374084	0.0
39.008480072	36.1394958496	0.0
39.0066604614	36.1095504761	0.0
39.0048408508	36.0796051025	0.0
39.0030174255	36.049659729	0.0
39.0011978149	36.0197143555	0.0
37.7355041504	37.1411018372	0.0
37.7619743347	37.1269798279	0.0
37.7884407043	37.1128616333	0.0
37.8149108887	37.098739624	0.0
37.841381073	37.0846214294	0.0
37.8678512573	37.0704994202	0.0
37.894317627	37.0563774109	0.0
37.9207878113	37.0422592163	0.0
37.9472579956	37.028137207	0.0
37.9737243652	37.0140151978	0.0
36.9818572998	37.2849464417	0.0
36.9918365479	37.256652832	0.0
37.0018157959	37.2283630371	0.0
37.0117912292	37.2000694275	0.0
37.0217704773	37.1717796326	0.0
37.0317497253	37.1434860229	0.0
37.0417289734	37.1151924133	0.0
37.0517082214	37.0869026184	0.0
37.0616874695	37.0586128235	0.0
37.0716667175	37.0303192139	0.0
37.0816421509	37.0020256042	0.0
37.0916213989	36.9737358093	0.0
37.101600647	36.9454421997	0.0
37.111579895	36.9171524048	0.0
37.1215591431	36.8888587952	0.0
37.1315345764	36.8605690002	0.0
37.1415138245	36.8322753906	0.0
37.1514930725	36.8039855957	0.0
37.1614723206	36.7756919861	0.0
37.1714515686	36.7474021912	0.0
37.1814308167	36.7191085815	0.0
37.19140625	36.6908187866	0.0
37.201385498	36.662525177	0.0
37.2113647461	36.6342315674	0.0
37.2213439941	36.6059417725	0.0
37.2313232422	36.5776481628	0.0
37.2413024902	36.5493583679	0.0
37.2512779236	36.5210647583	0.0
37.2612571716	36.4927749634	0.0
37.2784538269	36.444026947	0.0
37.2884292603	36.4157333374	0.0
37.2984085083	36.3874435425	0.0
37.3083877563	36.3591499329	0.0
37.3183670044	36.3308601379	0.0
37.3283462524	36.3025665283	0.0
37.3383216858	36.2742767334	0.0
37.3483009338	36.2459831238	0.0
37.3582801819	36.2176895142	0.0
37.3682594299	36.1893997192	0.0
37.378238678	36.1611061096	0.0
37.3882141113	36.1328163147	0.0
37.3981933594	36.1045227051	0.0
37.4081726074	36.0762329102	0.0
37.4181518555	36.0479393005	0.0
37.4281311035	36.0196495056	0.0
37.4381103516	35.991355896	0.0
37.4480895996	35.9630661011	0.0
37.4580688477	35.9347724915	0.0
37.468044281	35.9064826965	0.0
37.4780235291	35.8781890869	0.0
37.4880027771	35.849899292	0.0
37.4979820251	35.8216056824	0.0
37.5079612732	35.7933158875	0.0
37.5179367065	35.7650222778	0.0
37.5279159546	35.7367286682	0.0
37.5378952026	35.7084388733	0.0
37.5478744507	35.6801452637	0.0
37.5578536987	35.6518554688	0.0
37.5827178955	35.6071395874	0.0
37.6003684998	35.5828819275	0.0
37.6180152893	35.5586204529	0.0
37.6356658936	35.534362793	0.0
37.6533164978	35.5101051331	0.0
37.6709632874	35.4858436584	0.0
37.6886138916	35.4615859985	0.0
37.7062644958	35.4373283386	0.0
37.7239112854	35.413066864	0.0
37.7415618896	35.3888092041	0.0
37.7592124939	35.3645515442	0.0
37.7768592834	35.3402900696	0.0
37.7945098877	35.3160324097	0.0
37.8121604919	35.2917747498	0.0
37.8298110962	35.2675132751	0.0
37.8474578857	35.2432556152	0.0
37.86510849	35.2189941406	0.0
37.8827590942	35.1947364807	0.0
37.9004096985	35.1704788208	0.0
37.918056488	35.1462211609	0.0
37.9357070923	35.1219596863	0.0
37.9533576965	35.0977020264	0.0
37.9710044861	35.0734443665	0.0
37.9860191345	35.0216598511	0.0
37.9851799011	34.9916725159	0.0
37.984336853	34.9616851807	0.0
37.9834938049	34.9316978455	0.0
37.9826545715	34.9017105103	0.0
37.9818115234	34.8717193604	0.0
37.98097229	34.8417320251	0.0
37.9801292419	34.8117446899	0.0
37.9792861938	34.7817573547	0.0
37.9784469604	34.7517662048	0.0
37.9776039124	34.7217788696	0.0
37.976764679	34.6917915344	0.0
37.9759216309	34.6618041992	0.0
37.9750785828	34.631816864	0.0
37.9496231079	34.6085243225	0.0
37.9243621826	34.592338562	0.0
37.899105072	34.5761528015	0.0
37.8738441467	34.559967041	0.0
37.8485870361	34.5437812805	0.0
37.8233261108	34.52759552	0.0
37.7980690002	34.5114097595	0.0
37.7728118896	34.495223999	0.0
37.7475509644	34.4790344238	0.0
37.7222938538	34.4628486633	0.0
37.6970329285	34.4466629028	0.0
37.6717758179	34.4304771423	0.0
37.6465148926	34.4142913818	0.0
37.621257782	34.3981056213	0.0
37.5959968567	34.3819198608	0.0
37.5707397461	34.3657341003	0.0
37.5454788208	34.3495483398	0.0
37.5202217102	34.3333625793	0.0
37.4949607849	34.3171768188	0.0
37.4697036743	34.3009910583	0.0
37.4444465637	34.2848014832	0.0
37.4191856384	34.2686157227	0.0
37.3939285278	34.2524299622	0.0
37.3686676025	34.2362442017	0.0
37.3434104919	34.2200584412	0.0
37.3181495667	34.2038726807	0.0
37.2928924561	34.1876869202	0.0
37.2676315308	34.1715011597	0.0
37.2423744202	34.1553153992	0.0
37.2171134949	34.1391296387	0.0
37.1918563843	34.1229438782	0.0
37.166595459	34.1067581177	0.0
37.1413383484	34.0905723572	0.0
37.1160774231	34.074382782	0.0
37.0908203125	34.0581970215	0.0
37.0655593872	34.042011261	0.0
37.0403022766	34.0258255005	0.0
37.015045166	34.00963974	0.0
37.9892425537	34.5983695984	0.0
38.0036010742	34.5720291138	0.0
38.0179595947	34.5456924438	0.0
38.0323181152	34.5193519592	0.0
38.0466804504	34.4930114746	0.0
38.0610389709	34.46667099	0.0
38.0754013062	34.4403305054	0.0
38.0897598267	34.4139938354	0.0
38.1041183472	34.3876533508	0.0
38.1184806824	34.3613128662	0.0
38.1130447388	34.3239364624	0.0
38.102558136	34.2958297729	0.0
38.0920677185	34.2677230835	0.0
38.0815811157	34.239616394	0.0
38.0710945129	34.2115097046	0.0
38.0606079102	34.1834030151	0.0
38.0501174927	34.155292511	0.0
38.0396308899	34.1271858215	0.0
38.0291442871	34.0990791321	0.0
38.0186576843	34.0709724426	0.0
38.0081672668	34.0428657532	0.0
37.9976806641	34.0147590637	0.0
37.9871940613	33.9866523743	0.0
37.9767074585	33.9585456848	0.0
37.9662208557	33.9304351807	0.0
37.9557304382	33.9023284912	0.0
37.9452438354	33.8742218018	0.0
37.9347572327	33.8461151123	0.0
37.9242706299	33.8180084229	0.0
37.9137802124	33.7899017334	0.0
37.9032936096	33.7617950439	0.0
37.8928070068	33.7336883545	0.0
37.8823204041	33.705581665	0.0
37.8718299866	33.6774711609	0.0
37.8613433838	33.6493644714	0.0
37.850856781	33.621257782	0.0
37.8403701782	33.5931510925	0.0
37.8298797607	33.5650444031	0.0
37.819393158	33.5369377136	0.0
37.8089065552	33.5088310242	0.0
37.7854614258	33.4781150818	0.0
37.7652206421	33.4559745789	0.0
37.7449760437	33.4338340759	0.0
37.7247314453	33.411693573	0.0
37.7044906616	33.3895530701	0.0
37.6842460632	33.3674125671	0.0
37.6640014648	33.3452720642	0.0
37.6437606812	33.3231315613	0.0
37.6235160828	33.3009910583	0.0
37.6032714844	33.2788505554	0.0
37.5830307007	33.2567100525	0.0
37.5627861023	33.2345695496	0.0
37.5425415039	33.2124290466	0.0
37.5222969055	33.1902885437	0.0
37.5020561218	33.1681480408	0.0
37.4818115234	33.1460075378	0.0
37.461566925	33.1238670349	0.0
37.4413223267	33.101726532	0.0
37.421081543	33.0795860291	0.0
37.4008369446	33.0574455261	0.0
37.3805923462	33.0353050232	0.0
37.3603515625	33.0131645203	0.0
37.3401069641	32.9910240173	0.0
37.3198623657	32.9688835144	0.0
37.299621582	32.9467430115	0.0
37.2890853882	32.9164848328	0.0
37.2800636292	32.8878746033	0.0
37.2710380554	32.8592643738	0.0
37.2620124817	32.8306541443	0.0
37.2529907227	32.8020439148	0.0
37.2439651489	32.7734336853	0.0
37.2349395752	32.7448234558	0.0
37.2259140015	32.7162094116	0.0
37.2168884277	32.6875991821	0.0
37.2078666687	32.6589927673	0.0
37.198841095	32.6303787231	0.0
37.1898155212	32.6017684937	0.0
37.1807937622	32.5731582642	0.0
37.1717681885	32.5445480347	0.0
37.1627426147	32.5159378052	0.0
37.153717041	32.4873275757	0.0
37.1446914673	32.4587173462	0.0
37.1356697083	32.4301071167	0.0
37.1266441345	32.4014968872	0.0
37.1176185608	32.3728866577	0.0
37.1085968018	32.3442764282	0.0
37.099571228	32.3156661987	0.0
37.0905456543	32.2870559692	0.0
37.0815200806	32.2584457397	0.0
37.0724983215	32.2298355103	0.0
37.0634727478	32.2012252808	0.0
37.0544471741	32.1726112366	0.0
37.0454216003	32.1440048218	0.0
37.0363998413	32.1153907776	0.0
37.0273742676	32.0867805481	0.0
37.0183486938	32.0581703186	0.0
37.0093231201	32.0295600891	0.0
37.0003013611	32.0009498596	0.0
37.2686080933	32.9505271912	0.0
37.2391052246	32.9559631348	0.0
37.2095985413	32.9613952637	0.0
37.1800956726	32.9668312073	0.0
37.150592804	32.9722633362	0.0
37.1210899353	32.9776992798	0.0
37.091583252	32.9831314087	0.0
37.0620803833	32.9885673523	0.0
37.0325775146	32.9939994812	0.0
37.003074646	32.9994354248	0.0
37.8165664673	33.4722938538	0.0
37.8274307251	33.4443283081	0.0
37.8382911682	33.4163627625	0.0
37.8491516113	33.3883972168	0.0
37.8600120544	33.3604316711	0.0
37.8708724976	33.3324661255	0.0
37.8817367554	33.3045005798	0.0
37.8925971985	33.2765388489	0.0
37.9034576416	33.2485733032	0.0
37.9143180847	33.2206077576	0.0
37.9251785278	33.1926422119	0.0
37.9360427856	33.1646766663	0.0
37.9469032288	33.1367111206	0.0
37.9577636719	33.1087493896	0.0
37.968624115	33.080783844	0.0
37.9794845581	33.0528182983	0.0
37.9903488159	33.0248527527	0.0
38.1438713074	34.3299942017	0.0
38.1642150879	34.3079414368	0.0
38.1845550537	34.2858924866	0.0
38.2048950195	34.2638397217	0.0
38.2252388	34.2417907715	0.0
38.2455787659	34.2197380066	0.0
38.2659187317	34.1976890564	0.0
38.2862586975	34.1756362915	0.0
38.306602478	34.1535873413	0.0
38.3414535522	34.1427879333	0.0
38.3710212708	34.137714386	0.0
38.4005889893	34.1326446533	0.0
38.4301567078	34.127571106	0.0
38.4597244263	34.1225013733	0.0
38.4892921448	34.1174278259	0.0
38.5188598633	34.1123580933	0.0
38.5484275818	34.1072845459	0.0
38.5779953003	34.1022148132	0.0
38.6075668335	34.0971412659	0.0
38.637134552	34.0920715332	0.0
38.6667022705	34.0869979858	0.0
38.696269989	34.0819282532	0.0
38.7258377075	34.0768547058	0.0
38.755405426	34.0717849731	0.0
38.7849731445	34.0667114258	0.0
38.8145446777	34.0616416931	0.0
38.8441123962	34.0565681458	0.0
38.8736801147	34.0514984131	0.0
38.9032478333	34.0464248657	0.0
38.9366569519	34.0445785522	0.0
38.966632843	34.0433235168	0.0
38.9966049194	34.0420646667	0.0
39.0265808105	34.0408096313	0.0
39.056552887	34.0395545959	0.0
39.0865249634	34.0382957458	0.0
39.1165008545	34.0370407104	0.0
39.1464729309	34.0357818604	0.0
39.176448822	34.034526825	0.0
39.2064208984	34.0332717896	0.0
39.2363929749	34.0320129395	0.0
39.266368866	34.0307579041	0.0
39.2963409424	34.029499054	0.0
39.3263168335	34.0282440186	0.0
39.3562889099	34.0269851685	0.0
39.386264801	34.0257301331	0.0
39.4162368774	34.0244750977	0.0
39.4462089539	34.0232162476	0.0
39.476184845	34.0219612122	0.0
39.5061569214	34.0207023621	0.0
39.5361328125	34.0194473267	0.0
39.5661048889	34.0181922913	0.0
39.5960769653	34.0169334412	0.0
39.6260528564	34.0156784058	0.0
39.6560249329	34.0144195557	0.0
39.686000824	34.0131645203	0.0
39.7159729004	34.0119094849	0.0
39.7459487915	34.0106506348	0.0
39.7759208679	34.0093955994	0.0
39.8058929443	34.0081367493	0.0
39.8358688354	34.0068817139	0.0
39.8658409119	34.0056228638	0.0
39.895816803	34.0043678284	0.0
39.9257888794	34.003112793	0.0
39.9557609558	34.0018539429	0.0
39.9857368469	34.0005989075	0.0
38.9336128235	34.0326118469	0.0
38.9605369568	34.0193824768	0.0
38.9874649048	34.0061569214	0.0
38.2847747803	34.1350059509	0.0
38.2576675415	34.1221542358	0.0
38.2305603027	34.1093025208	0.0
38.203453064	34.0964546204	0.0
38.1763458252	34.0836029053	0.0
38.1492347717	34.0707511902	0.0
38.122127533	34.0578994751	0.0
38.0950202942	34.04504776	0.0
38.0679130554	34.0321960449	0.0
38.0408058167	34.0193443298	0.0
38.0136947632	34.0064926147	0.0
38.0165939331	35.0476493835	0.0
38.0463256836	35.0436515808	0.0
38.0760574341	35.0396499634	0.0
38.1057891846	35.0356483459	0.0
38.1355209351	35.0316505432	0.0
38.1652526855	35.0276489258	0.0
38.194984436	35.023651123	0.0
38.2247161865	35.0196495056	0.0
38.2544517517	35.0156517029	0.0
38.2841835022	35.0116500854	0.0
38.3139152527	35.0076522827	0.0
38.3585548401	35.0054283142	0.0
38.3885536194	35.0051727295	0.0
38.4185523987	35.0049209595	0.0
38.448551178	35.0046653748	0.0
38.4785499573	35.0044136047	0.0
38.5085487366	35.00415802	0.0
38.5385475159	35.00390625	0.0
38.5685462952	35.0036506653	0.0
38.5985450745	35.0033988953	0.0
38.6285438538	35.0031433105	0.0
38.6585426331	35.0028877258	0.0
38.6885414124	35.0026359558	0.0
38.7185401917	35.0023803711	0.0
38.7485389709	35.0021286011	0.0
38.7785377502	35.0018730164	0.0
38.8085365295	35.0016212463	0.0
38.8385353088	35.0013656616	0.0
38.8685340881	35.0011138916	0.0
38.8985328674	35.0008583069	0.0
38.9285316467	35.0006065369	0.0
38.958530426	35.0003509521	0.0
38.9885292053	35.0000953674	0.0
38.2985572815	35.0051612854	0.0
38.2685623169	35.0046424866	0.0
38.2385673523	35.0041236877	0.0
38.2085723877	35.0036087036	0.0
38.1785774231	35.0030899048	0.0
38.1485824585	35.0025672913	0.0
38.1185874939	35.0020523071	0.0
38.0885925293	35.0015335083	0.0
38.05859375	35.0010147095	0.0
38.0285987854	35.0004959106	0.0
37.5450592041	35.6090431213	0.0
37.5250549316	35.5866889954	0.0
37.5050468445	35.5643348694	0.0
37.485042572	35.5419807434	0.0
37.4650344849	35.5196228027	0.0
37.4450302124	35.4972686768	0.0
37.4250221252	35.4749145508	0.0
37.4050178528	35.4525604248	0.0
37.3850097656	35.4302024841	0.0
37.3650016785	35.4078483582	0.0
37.344997406	35.3854942322	0.0
37.3249893188	35.3631401062	0.0
37.3049850464	35.3407859802	0.0
37.2849769592	35.3184318542	0.0
37.2649726868	35.2960739136	0.0
37.2449645996	35.2737197876	0.0
37.2249565125	35.2513656616	0.0
37.20495224	35.2290115356	0.0
37.1849441528	35.206653595	0.0
37.1649398804	35.184299469	0.0
37.1449317932	35.161945343	0.0
37.1249275208	35.139591217	0.0
37.1049194336	35.1172332764	0.0
37.0849113464	35.0948791504	0.0
37.064907074	35.0725250244	0.0
37.0448989868	35.0501708984	0.0
37.0248947144	35.0278167725	0.0
37.0048866272	35.0054626465	0.0
37.2536468506	36.4462356567	0.0
37.238822937	36.4201545715	0.0
37.2239990234	36.3940734863	0.0
37.2091712952	36.3679924011	0.0
37.1943473816	36.3419113159	0.0
37.179523468	36.3158302307	0.0
37.1646995544	36.2897491455	0.0
37.1498756409	36.2636680603	0.0
37.1350479126	36.2375869751	0.0
37.120223999	36.2115058899	0.0
37.1054000854	36.1854248047	0.0
37.0905723572	36.1593437195	0.0
37.0757484436	36.1332626343	0.0
37.06092453	36.1071815491	0.0
37.0461006165	36.0811004639	0.0
37.0312767029	36.0550193787	0.0
37.0164489746	36.0289382935	0.0
37.001625061	36.0028572083	0.0
36.6196975708	37.4173660278	0.0
36.6360969543	37.442489624	0.0
36.6524925232	37.4676094055	0.0
36.6688919067	37.4927330017	0.0
36.6852874756	37.5178527832	0.0
36.7016868591	37.5429763794	0.0
36.7180862427	37.5680961609	0.0
36.7344818115	37.5932197571	0.0
36.7508811951	37.6183433533	0.0
36.7672767639	37.6434631348	0.0
36.7836761475	37.668586731	0.0
36.800075531	37.6937065125	0.0
36.8164710999	37.7188301086	0.0
36.8328704834	37.7439498901	0.0
36.8492660522	37.7690734863	0.0
36.8656654358	37.7941932678	0.0
36.8820648193	37.819316864	0.0
36.8984603882	37.8444404602	0.0
36.9148597717	37.8695602417	0.0
36.9312553406	37.8946838379	0.0
36.9476547241	37.9198036194	0.0
36.964050293	37.9449272156	0.0
36.9804496765	37.9700508118	0.0
36.9968490601	37.9951705933	0.0
35.4533042908	37.8505210876	0.0
35.4822425842	37.8584327698	0.0
35.5111808777	37.8663444519	0.0
35.5401191711	37.8742599487	0.0
35.5690574646	37.8821716309	0.0
35.5979957581	37.890083313	0.0
35.6269302368	37.8979949951	0.0
35.6558685303	37.9059066772	0.0
35.6848068237	37.9138183594	0.0
35.7137451172	37.9217338562	0.0
35.7426834106	37.9296455383	0.0
35.7716217041	37.9375572205	0.0
35.8005599976	37.9454689026	0.0
35.829498291	37.9533805847	0.0
35.8584365845	37.9612922668	0.0
35.8873710632	37.969203949	0.0
35.9163093567	37.9771156311	0.0
35.9452476501	37.9850311279	0.0
35.9741859436	37.9929428101	0.0
34.7941741943	39.2223587036	0.0
34.7746047974	39.1996231079	0.0
34.7550315857	39.1768875122	0.0
34.735458374	39.1541519165	0.0
34.7158851624	39.1314125061	0.0
34.6963157654	39.1086769104	0.0
34.6612701416	39.0679664612	0.0
34.6416969299	39.0452308655	0.0
34.622127533	39.0224952698	0.0
34.6025543213	38.9997596741	0.0
34.5829811096	38.9770202637	0.0
34.5634117126	38.954284668	0.0
34.5283660889	38.9135742188	0.0
34.5087928772	38.890838623	0.0
34.4892234802	38.8681030273	0.0
34.4696502686	38.8453674316	0.0
34.4500770569	38.8226318359	0.0
34.4305076599	38.7998924255	0.0
34.4109344482	38.7771568298	0.0
34.3913612366	38.7544212341	0.0
34.3717918396	38.7316856384	0.0
34.3522186279	38.7089500427	0.0
34.3192749023	38.711139679	0.0
34.2899703979	38.7175559998	0.0
34.2606620789	38.7239723206	0.0
34.2313575745	38.7303886414	0.0
34.2020530701	38.7368087769	0.0
34.172744751	38.7432250977	0.0
34.1434402466	38.7496414185	0.0
34.1141357422	38.7560577393	0.0
34.0848274231	38.7624740601	0.0
34.0555229187	38.7688903809	0.0
34.0262184143	38.7753067017	0.0
33.9969100952	38.7817230225	0.0
33.9676055908	38.7881393433	0.0
33.9383010864	38.7945556641	0.0
33.9089927673	38.8009719849	0.0
33.8796882629	38.8073883057	0.0
33.8503837585	38.8138046265	0.0
33.8210754395	38.820224762	0.0
33.7917709351	38.8266372681	0.0
33.7624664307	38.8330574036	0.0
33.7331581116	38.8394737244	0.0
33.7038536072	38.8458900452	0.0
33.6745491028	38.852306366	0.0
33.6452407837	38.8587226868	0.0
33.6159362793	38.8651390076	0.0
33.5866317749	38.8715553284	0.0
33.5573234558	38.8779716492	0.0
33.5280189514	38.88438797	0.0
33.498714447	38.8908042908	0.0
33.4694061279	38.8972206116	0.0
33.4401016235	38.9036369324	0.0
33.4107971191	38.9100532532	0.0
33.3814926147	38.916469574	0.0
33.3521842957	38.9228897095	0.0
33.3228797913	38.9293060303	0.0
33.2935714722	38.9357223511	0.0
33.2642669678	38.9421386719	0.0
33.2349624634	38.9485549927	0.0
33.2056541443	38.9549713135	0.0
33.1763496399	38.9613876343	0.0
33.1470451355	38.9678039551	0.0
33.1177406311	38.9742202759	0.0
33.088432312	38.9806365967	0.0
33.0591278076	38.9870529175	0.0
33.0298233032	38.9934692383	0.0
33.0005149841	38.9998855591	0.0
34.3290100098	38.6819877625	0.0
34.3094367981	38.6592521667	0.0
34.2898635864	38.636516571	0.0
34.2702941895	38.6137771606	0.0
34.2507209778	38.5910415649	0.0
34.2311477661	38.5683059692	0.0
34.2115783691	38.5455703735	0.0
34.1920051575	38.5228347778	0.0
34.1724319458	38.5000991821	0.0
34.1528625488	38.4773597717	0.0
34.1402015686	38.4445266724	0.0
34.1311759949	38.4159164429	0.0
34.1221542358	38.3873023987	0.0
34.1131286621	38.3586921692	0.0
34.1041069031	38.3300819397	0.0
34.0950813293	38.3014717102	0.0
34.0860595703	38.2728614807	0.0
34.0770339966	38.2442512512	0.0
34.0680122375	38.2156410217	0.0
34.0589866638	38.1870307922	0.0
34.0499649048	38.158416748	0.0
34.0409393311	38.1298065186	0.0
34.031917572	38.1011962891	0.0
34.0228919983	38.0725860596	0.0
34.0138702393	38.0439758301	0.0
34.0048446655	38.0153656006	0.0
34.1258621216	38.4543151855	0.0
34.1025009155	38.4354934692	0.0
34.0791435242	38.4166679382	0.0
34.0557823181	38.3978462219	0.0
34.0324211121	38.3790245056	0.0
34.009059906	38.3602027893	0.0
33.9856987	38.341381073	0.0
33.9623374939	38.322555542	0.0
33.9389762878	38.3037338257	0.0
33.9156188965	38.2849121094	0.0
33.8922576904	38.2660903931	0.0
33.8688964844	38.2472686768	0.0
33.8455352783	38.2284431458	0.0
33.8221740723	38.2096214294	0.0
33.7988166809	38.1907997131	0.0
33.7754554749	38.1719779968	0.0
33.7520942688	38.1531562805	0.0
33.7287330627	38.1343345642	0.0
33.7053718567	38.1155128479	0.0
33.6820106506	38.0966873169	0.0
33.6586494446	38.0778656006	0.0
33.6352882385	38.0590438843	0.0
33.6119308472	38.040222168	0.0
33.5885696411	38.0214004517	0.0
33.5652084351	38.0025787354	0.0
33.541847229	37.9837532043	0.0
33.5101509094	37.9833526611	0.0
33.4801673889	37.9843292236	0.0
33.4501838684	37.9853096008	0.0
33.4202003479	37.9862861633	0.0
33.3902168274	37.9872665405	0.0
33.3602294922	37.988243103	0.0
33.3302459717	37.9892234802	0.0
33.3002624512	37.9902038574	0.0
33.2702789307	37.9911804199	0.0
33.2402954102	37.9921607971	0.0
33.2103118896	37.9931373596	0.0
33.1803283691	37.9941177368	0.0
33.1503448486	37.9950942993	0.0
33.1203575134	37.9960708618	0.0
33.0903739929	37.997051239	0.0
33.0603904724	37.9980278015	0.0
33.0304069519	37.9990081787	0.0
33.0004234314	37.9999847412	0.0
33.525680542	37.9560852051	0.0
33.5112266541	37.9297981262	0.0
33.4967727661	37.9035072327	0.0
33.4823188782	37.8772201538	0.0
33.4678649902	37.850933075	0.0
33.4534111023	37.8246421814	0.0
33.4389572144	37.7983551025	0.0
33.4245033264	37.7720680237	0.0
33.4100494385	37.7457771301	0.0
33.3955955505	37.7194900513	0.0
33.3811416626	37.6932029724	0.0
33.3666877747	37.6669120789	0.0
33.3522338867	37.640625	0.0
33.3377761841	37.6143341064	0.0
33.3233222961	37.5880470276	0.0
33.3088684082	37.5617599487	0.0
33.2944145203	37.5354728699	0.0
33.2799606323	37.5091819763	0.0
33.2655067444	37.4828948975	0.0
33.2510528564	37.4566078186	0.0
33.2365989685	37.430316925	0.0
33.2221450806	37.4040298462	0.0
33.2076911926	37.3777427673	0.0
33.1932373047	37.3514518738	0.0
33.1787834167	37.3251647949	0.0
33.1643295288	37.2988777161	0.0
33.1498756409	37.2725868225	0.0
33.1354217529	37.2462997437	0.0
33.120967865	37.2200088501	0.0
33.1065139771	37.1937217712	0.0
33.0920600891	37.1674346924	0.0
33.0776062012	37.1411437988	0.0
33.0631523132	37.11485672	0.0
33.0486984253	37.0885696411	0.0
33.0342445374	37.0622787476	0.0
33.0197906494	37.0359916687	0.0
33.0053367615	37.0097045898	0.0
34.5609817505	38.9092941284	0.0
34.5740242004	38.8822784424	0.0
34.5870666504	38.8552627563	0.0
34.600112915	38.8282470703	0.0
34.613155365	38.8012313843	0.0
34.6261978149	38.7742156982	0.0
34.6392440796	38.7472000122	0.0
34.6522865295	38.7201843262	0.0
34.6653289795	38.6931686401	0.0
34.6783752441	38.6661529541	0.0
34.6914176941	38.6391372681	0.0
34.704460144	38.612121582	0.0
34.7175064087	38.585105896	0.0
34.7305488586	38.5580863953	0.0
34.7435913086	38.5310707092	0.0
34.7566375732	38.5040550232	0.0
34.7696800232	38.4770393372	0.0
34.7827224731	38.4500236511	0.0
34.7957687378	38.4230079651	0.0
34.8088111877	38.3959922791	0.0
34.8218536377	38.368976593	0.0
34.8348999023	38.341960907	0.0
34.8479423523	38.3149452209	0.0
34.8609848022	38.2879295349	0.0
34.8740272522	38.2609138489	0.0
34.8870735168	38.2338943481	0.0
34.9001159668	38.2068786621	0.0
34.9131584167	38.1798629761	0.0
34.9262046814	38.15284729	0.0
34.9392471313	38.125831604	0.0
34.9522895813	38.098815918	0.0
34.9653358459	38.0718002319	0.0
34.9783782959	38.0447845459	0.0
34.9914207458	38.0177688599	0.0
34.6511039734	39.0867424011	0.0
34.6213684082	39.0827789307	0.0
34.5916290283	39.0788192749	0.0
34.5618934631	39.0748558044	0.0
34.5321578979	39.0708961487	0.0
34.5024185181	39.0669326782	0.0
34.4726791382	39.0629730225	0.0
34.442943573	39.059009552	0.0
34.4132080078	39.0550498962	0.0
34.3834686279	39.0510864258	0.0
34.3537330627	39.04712677	0.0
34.3239936829	39.0431632996	0.0
34.2942581177	39.0392036438	0.0
34.2645187378	39.0352401733	0.0
34.2347831726	39.0312767029	0.0
34.2050476074	39.0273170471	0.0
34.1753082275	39.0233535767	0.0
34.1455726624	39.0193939209	0.0
34.1158332825	39.0154304504	0.0
34.0860977173	39.0114707947	0.0
34.0563583374	39.0075073242	0.0
34.0266227722	39.0035476685	0.0
34.6925849915	39.8118247986	0.0
34.7208862305	39.8018684387	0.0
34.7491836548	39.7919120789	0.0
34.7774848938	39.781955719	0.0
34.8057823181	39.7719993591	0.0
34.8340835571	39.7620391846	0.0
34.8623809814	39.7520828247	0.0
34.8906822205	39.7421264648	0.0
34.9189834595	39.732170105	0.0
34.9472808838	39.7222137451	0.0
34.9755821228	39.7122573853	0.0
35.0038795471	39.7023010254	0.0
35.0321807861	39.6923446655	0.0
35.0604782104	39.6823883057	0.0
35.0887794495	39.6724319458	0.0
35.141040802	39.6540412903	0.0
35.169342041	39.6440849304	0.0
35.19764328	39.6341285706	0.0
35.2259407043	39.6241722107	0.0
35.2542419434	39.6142158508	0.0
35.2825393677	39.604259491	0.0
35.3108406067	39.5943031311	0.0
35.339138031	39.5843467712	0.0
35.36743927	39.5743904114	0.0
35.3957366943	39.5644302368	0.0
35.4240379333	39.5544776917	0.0
35.4523353577	39.5445175171	0.0
35.4806365967	39.5345611572	0.0
35.5089378357	39.5246047974	0.0
35.53723526	39.5146484375	0.0
35.565536499	39.5046920776	0.0
35.5938339233	39.4947357178	0.0
35.6221351624	39.4847793579	0.0
35.6504325867	39.474822998	0.0
35.6787338257	39.4648666382	0.0
35.70703125	39.4549064636	0.0
35.735332489	39.4449501038	0.0
35.763633728	39.4349937439	0.0
35.7988891602	39.40051651	0.0
35.8123512268	39.3737068176	0.0
35.8258132935	39.3468971252	0.0
35.8392753601	39.3200874329	0.0
35.8527374268	39.2932777405	0.0
35.8661994934	39.2664642334	0.0
35.8796615601	39.239654541	0.0
35.8931236267	39.2128448486	0.0
35.9065856934	39.1860351562	0.0
35.92004776	39.1592254639	0.0
35.9335098267	39.1324157715	0.0
35.9469718933	39.1056060791	0.0
35.96043396	39.0787963867	0.0
35.9738960266	39.0519866943	0.0
35.9873580933	39.025177002	0.0
35.8152427673	39.4239959717	0.0
35.8450584412	39.4206695557	0.0
35.874874115	39.417339325	0.0
35.9046897888	39.4140090942	0.0
35.9345016479	39.4106826782	0.0
35.9643173218	39.4073524475	0.0
35.9941329956	39.4040222168	0.0
36.0239448547	39.4006958008	0.0
36.0537605286	39.3973655701	0.0
36.0835762024	39.3940353394	0.0
36.1133918762	39.3907089233	0.0
36.1432037354	39.3873786926	0.0
36.1730194092	39.3840484619	0.0
36.202835083	39.3807220459	0.0
36.2326507568	39.3773918152	0.0
36.262462616	39.3740615845	0.0
36.2922782898	39.3707351685	0.0
36.3220939636	39.3674049377	0.0
36.3519096375	39.364074707	0.0
36.3817214966	39.360748291	0.0
36.4115371704	39.3574180603	0.0
36.4413528442	39.3540916443	0.0
36.4711685181	39.3507614136	0.0
36.5009803772	39.3474311829	0.0
36.530796051	39.3441047668	0.0
36.5606117249	39.3407745361	0.0
36.5904273987	39.3374443054	0.0
36.6485939026	39.3309516907	0.0
36.6784057617	39.32762146	0.0
36.7082214355	39.3242912292	0.0
36.7380371094	39.3209648132	0.0
36.7678527832	39.3176345825	0.0
36.7976646423	39.3143043518	0.0
36.8274803162	39.3109779358	0.0
36.85729599	39.3076477051	0.0
36.8871116638	39.3043174744	0.0
36.9169235229	39.3009910583	0.0
36.9467391968	39.2976608276	0.0
36.9765548706	39.2943305969	0.0
37.0063705444	39.2910041809	0.0
37.0361824036	39.2876739502	0.0
37.0659980774	39.2843437195	0.0
37.0958137512	39.2810173035	0.0
37.125629425	39.2776870728	0.0
37.1554412842	39.274356842	0.0
37.185256958	39.271030426	0.0
37.2150726318	39.2677001953	0.0
37.2448883057	39.2643737793	0.0
37.2747001648	39.2610435486	0.0
37.3045158386	39.2577133179	0.0
37.3343315125	39.2543869019	0.0
37.3641471863	39.2510566711	0.0
37.3939590454	39.2477264404	0.0
37.4237747192	39.2443962097	0.0
37.4794044495	39.2287445068	0.0
37.5066795349	39.2162590027	0.0
37.5339584351	39.2037696838	0.0
37.5612373352	39.1912841797	0.0
37.5885124207	39.1787948608	0.0
37.6157913208	39.1663093567	0.0
37.6430702209	39.1538200378	0.0
37.6703453064	39.1413345337	0.0
37.6976242065	39.1288452148	0.0
37.7249031067	39.1163597107	0.0
37.7521781921	39.1038703918	0.0
37.7794570923	39.0913848877	0.0
37.8067321777	39.0788955688	0.0
37.8340110779	39.0664100647	0.0
37.861289978	39.0539207458	0.0
37.9044380188	39.0363426208	0.0
37.9324798584	39.0256767273	0.0
37.9605178833	39.0150146484	0.0
37.9885597229	39.0043525696	0.0
37.9063720703	39.045753479	0.0
37.9363441467	39.0444984436	0.0
37.9663162231	39.0432434082	0.0
37.9962921143	39.0419883728	0.0
38.0262641907	39.0407371521	0.0
38.0562400818	39.0394821167	0.0
38.0862121582	39.0382270813	0.0
38.1161880493	39.0369758606	0.0
38.1461601257	39.0357208252	0.0
38.1761360168	39.0344657898	0.0
38.2061080933	39.0332107544	0.0
38.2360801697	39.0319595337	0.0
38.2660560608	39.0307044983	0.0
38.2960281372	39.0294494629	0.0
38.3260040283	39.0281982422	0.0
38.3559761047	39.0269432068	0.0
38.3859519958	39.0256881714	0.0
38.4159240723	39.024433136	0.0
38.4458999634	39.0231819153	0.0
38.4758720398	39.0219268799	0.0
38.5058479309	39.0206718445	0.0
38.5358200073	39.0194206238	0.0
38.5657958984	39.0181655884	0.0
38.5957679749	39.016910553	0.0
38.625743866	39.0156555176	0.0
38.6557159424	39.0144042969	0.0
38.6856880188	39.0131492615	0.0
38.7156639099	39.0118942261	0.0
38.7456359863	39.0106391907	0.0
38.7756118774	39.00938797	0.0
38.8055839539	39.0081329346	0.0
38.835559845	39.0068778992	0.0
38.8655319214	39.0056266785	0.0
38.8955078125	39.0043716431	0.0
38.9254798889	39.0031166077	0.0
38.9554519653	39.001865387	0.0
38.9854278564	39.0006103516	0.0
37.477355957	39.2574653625	0.0
37.5025863647	39.2736968994	0.0
37.5278167725	39.2899246216	0.0
37.5530471802	39.3061561584	0.0
37.5782775879	39.3223876953	0.0
37.6035041809	39.3386192322	0.0
37.6287345886	39.354850769	0.0
37.6539649963	39.3710823059	0.0
37.6791954041	39.3873138428	0.0
37.7044258118	39.4035415649	0.0
37.7296562195	39.4197731018	0.0
37.7548866272	39.4360046387	0.0
37.7801170349	39.4522361755	0.0
37.8053474426	39.4684677124	0.0
37.8305778503	39.4846992493	0.0
37.8558044434	39.5009307861	0.0
37.8810348511	39.5171585083	0.0
37.9062652588	39.5333900452	0.0
37.9314956665	39.549621582	0.0
37.9567260742	39.5658531189	0.0
37.9819564819	39.5820846558	0.0
38.0071868896	39.5983161926	0.0
38.0324172974	39.6145477295	0.0
38.0576477051	39.6307754517	0.0
38.0828781128	39.6470069885	0.0
38.1081085205	39.6632385254	0.0
38.1137237549	39.7017593384	0.0
38.1030349731	39.7297935486	0.0
38.0923461914	39.7578239441	0.0
38.0816574097	39.7858543396	0.0
38.0709686279	39.8138847351	0.0
38.0602798462	39.8419151306	0.0
38.0495910645	39.8699493408	0.0
38.0389022827	39.8979797363	0.0
38.028213501	39.9260101318	0.0
38.0175247192	39.9540405273	0.0
38.0068359375	39.9820747375	0.0
38.1525268555	39.6842041016	0.0
38.1806373596	39.6946792603	0.0
38.2087478638	39.7051544189	0.0
38.2368621826	39.7156295776	0.0
38.2649726868	39.7261047363	0.0
38.2930831909	39.7365837097	0.0
38.3211975098	39.7470588684	0.0
38.3493080139	39.7575302124	0.0
38.3774185181	39.7680091858	0.0
38.4055328369	39.7784843445	0.0
38.4336433411	39.7889595032	0.0
38.4617538452	39.7994346619	0.0
38.4898643494	39.8099098206	0.0
38.5179786682	39.8203849792	0.0
38.5460891724	39.8308601379	0.0
38.5742034912	39.8413352966	0.0
38.6023139954	39.8518104553	0.0
38.6304244995	39.862285614	0.0
38.6585388184	39.8727607727	0.0
38.6866493225	39.8832359314	0.0
38.7147598267	39.8937110901	0.0
38.7428703308	39.9041862488	0.0
38.7709846497	39.9146614075	0.0
38.7990951538	39.9251365662	0.0
38.827205658	39.9356117249	0.0
38.8553199768	39.9460868835	0.0
38.883430481	39.9565620422	0.0
38.9115409851	39.9670372009	0.0
38.939655304	39.9775123596	0.0
38.9677658081	39.9879875183	0.0
38.9958763123	39.998462677	0.0
36.6413345337	39.3144989014	0.0
36.6638908386	39.2947235107	0.0
36.6864471436	39.2749443054	0.0
36.7090034485	39.2551651001	0.0
36.7315597534	39.2353858948	0.0
36.7541160583	39.2156066895	0.0
36.7766723633	39.1958274841	0.0
36.7992286682	39.1760482788	0.0
36.8217849731	39.1562690735	0.0
36.8443412781	39.1364898682	0.0
36.866897583	39.1167106628	0.0
36.8894538879	39.0969314575	0.0
36.9120101929	39.0771522522	0.0
36.9345664978	39.0573768616	0.0
36.9571266174	39.0375976562	0.0
36.9796791077	39.0178184509	0.0
35.1031990051	39.692440033	0.0
35.0936546326	39.7208824158	0.0
35.0841140747	39.7493247986	0.0
35.0745697021	39.7777671814	0.0
35.0650253296	39.8062057495	0.0
35.0554847717	39.8346481323	0.0
35.0459403992	39.8630905151	0.0
35.0363960266	39.8915328979	0.0
35.0268516541	39.9199752808	0.0
35.0173072815	39.9484138489	0.0
35.0077667236	39.9768562317	0.0
34.300113678	40.5784301758	0.0
34.2862968445	40.5518035889	0.0
34.272480011	40.5251731873	0.0
34.2586631775	40.4985427856	0.0
34.2448501587	40.471912384	0.0
34.2310333252	40.4452857971	0.0
34.2172164917	40.4186553955	0.0
34.2033996582	40.3920288086	0.0
34.1895828247	40.365398407	0.0
34.1757659912	40.3387680054	0.0
34.1619491577	40.3121414185	0.0
34.1481361389	40.2855110168	0.0
34.1343193054	40.2588806152	0.0
34.1205024719	40.2322502136	0.0
34.1066856384	40.2056236267	0.0
34.0928688049	40.1789932251	0.0
34.0790519714	40.1523666382	0.0
34.0652351379	40.1257362366	0.0
34.0514221191	40.099105835	0.0
34.0376052856	40.072479248	0.0
34.0237884521	40.0458488464	0.0
34.0099716187	40.0192184448	0.0
33.0556793213	41.515411377	0.0
33.0804405212	41.5323524475	0.0
33.1051979065	41.5492935181	0.0
33.1299591064	41.5662307739	0.0
33.1547164917	41.5831718445	0.0
33.1794776917	41.600112915	0.0
33.2042388916	41.6170501709	0.0
33.2289962769	41.6339912415	0.0
33.2537574768	41.650932312	0.0
33.2785148621	41.6678733826	0.0
33.303276062	41.6848106384	0.0
33.3280334473	41.701751709	0.0
33.3527946472	41.7186927795	0.0
33.3775558472	41.7356338501	0.0
33.4023132324	41.752571106	0.0
33.4270744324	41.7695121765	0.0
33.4518318176	41.7864532471	0.0
33.4765930176	41.8033905029	0.0
33.5142021179	41.8391647339	0.0
33.5333175659	41.862285614	0.0
33.5524291992	41.8854103088	0.0
33.5715484619	41.908531189	0.0
33.5906600952	41.9316520691	0.0
33.6097755432	41.9547729492	0.0
33.6288948059	41.9778938293	0.0
33.6480064392	42.0010147095	0.0
33.6671218872	42.0241394043	0.0
33.6862373352	42.0472602844	0.0
33.7053527832	42.0703811646	0.0
33.741897583	42.0815734863	0.0
33.771736145	42.0846595764	0.0
33.8015785217	42.0877456665	0.0
33.8314208984	42.0908355713	0.0
33.8612594604	42.0939216614	0.0
33.8911018372	42.0970077515	0.0
33.9209403992	42.1000938416	0.0
33.9507827759	42.1031799316	0.0
33.9806213379	42.1062660217	0.0
34.0104637146	42.1093521118	0.0
34.0403022766	42.1124420166	0.0
34.0701446533	42.1155281067	0.0
34.09998703	42.1186141968	0.0
34.129825592	42.1217002869	0.0
34.1596679688	42.124786377	0.0
34.1895065308	42.127872467	0.0
34.2193489075	42.1309623718	0.0
34.2491912842	42.1340484619	0.0
34.2790298462	42.137134552	0.0
34.3088722229	42.1402206421	0.0
34.3387107849	42.1433067322	0.0
34.368347168	42.168384552	0.0
34.3864936829	42.192276001	0.0
34.4046401978	42.21616745	0.0
34.4227867126	42.2400550842	0.0
34.4409332275	42.2639465332	0.0
34.4590797424	42.2878341675	0.0
34.4772224426	42.3117256165	0.0
34.4953689575	42.3356170654	0.0
34.5135154724	42.3595085144	0.0
34.5316581726	42.3833961487	0.0
34.5498046875	42.4072875977	0.0
34.5679512024	42.4311752319	0.0
34.5860977173	42.4550666809	0.0
34.6042442322	42.4789581299	0.0
34.6223869324	42.5028457642	0.0
34.6405334473	42.5267372131	0.0
34.6586799622	42.5506286621	0.0
34.6768264771	42.5745162964	0.0
34.6949691772	42.5984077454	0.0
34.7131156921	42.6222953796	0.0
34.731262207	42.6461868286	0.0
34.7494087219	42.6700782776	0.0
34.7675552368	42.6939659119	0.0
34.785697937	42.7178573608	0.0
34.8038444519	42.7417488098	0.0
34.8219909668	42.7656364441	0.0
34.8401374817	42.7895278931	0.0
34.8582801819	42.813419342	0.0
34.8764266968	42.8373069763	0.0
34.8945732117	42.8611984253	0.0
34.9127197266	42.8850898743	0.0
34.9308662415	42.9089775085	0.0
34.9490089417	42.9328689575	0.0
34.9671554565	42.9567565918	0.0
34.9853019714	42.9806480408	0.0
34.3794898987	42.1379852295	0.0
34.4087715149	42.1314735413	0.0
34.4380569458	42.124961853	0.0
34.4673423767	42.1184463501	0.0
34.4966278076	42.1119346619	0.0
34.5259132385	42.1054229736	0.0
34.5551986694	42.0989112854	0.0
34.5844802856	42.0923995972	0.0
34.6137657166	42.0858879089	0.0
34.6430511475	42.0793762207	0.0
34.6723365784	42.0728645325	0.0
34.7016181946	42.0663528442	0.0
34.7309036255	42.0598373413	0.0
34.7601890564	42.0533256531	0.0
34.7894744873	42.0468139648	0.0
34.8187599182	42.0403022766	0.0
34.8480415344	42.0337905884	0.0
34.8773269653	42.0272789001	0.0
34.9066123962	42.0207672119	0.0
34.9358978271	42.0142555237	0.0
34.9651832581	42.0077438354	0.0
34.994468689	42.0012283325	0.0
33.7210044861	42.1071205139	0.0
33.7299499512	42.1357574463	0.0
33.738899231	42.164390564	0.0
33.747844696	42.1930274963	0.0
33.7567939758	42.221660614	0.0
33.7657394409	42.2502937317	0.0
33.7746887207	42.2789306641	0.0
33.7836341858	42.3075637817	0.0
33.7925834656	42.3362007141	0.0
33.8015289307	42.3648338318	0.0
33.8104782104	42.3934669495	0.0
33.8194236755	42.4221038818	0.0
33.8283729553	42.4507369995	0.0
33.8373184204	42.4793701172	0.0
33.8462677002	42.5080070496	0.0
33.8552131653	42.5366401672	0.0
33.8641624451	42.5652770996	0.0
33.8731117249	42.5939102173	0.0
33.8820571899	42.622543335	0.0
33.8910064697	42.6511802673	0.0
33.8999519348	42.679813385	0.0
33.9088973999	42.7084503174	0.0
33.9178466797	42.7370834351	0.0
33.9267921448	42.7657203674	0.0
33.9357414246	42.7943534851	0.0
33.9446907043	42.8229866028	0.0
33.9536361694	42.8516235352	0.0
33.9625854492	42.8802566528	0.0
33.9715309143	42.9088935852	0.0
33.9804801941	42.9375267029	0.0
33.9894256592	42.9661598206	0.0
33.998374939	42.9947967529	0.0
33.5235328674	41.8065223694	0.0
33.5519828796	41.797000885	0.0
33.5804328918	41.7874794006	0.0
33.6088829041	41.7779579163	0.0
33.6373291016	41.7684364319	0.0
33.6657791138	41.7589149475	0.0
33.694229126	41.7493934631	0.0
33.7226753235	41.7398719788	0.0
33.7511253357	41.7303504944	0.0
33.7795753479	41.7208328247	0.0
33.8080253601	41.7113075256	0.0
33.8364715576	41.701789856	0.0
33.8526954651	41.7275238037	0.0
33.8669624329	41.7539138794	0.0
33.8812294006	41.7803039551	0.0
33.8954963684	41.8066940308	0.0
33.9097633362	41.8330841064	0.0
33.924030304	41.8594741821	0.0
33.9382972717	41.8858642578	0.0
33.9525642395	41.9122581482	0.0
33.9668312073	41.9386482239	0.0
33.981098175	41.9650382996	0.0
33.9953651428	41.9914283752	0.0
33.8451652527	41.6719017029	0.0
33.8519020081	41.642665863	0.0
33.8586387634	41.6134338379	0.0
33.8653755188	41.584197998	0.0
33.8721122742	41.5549659729	0.0
33.8788490295	41.5257301331	0.0
33.8855857849	41.4964981079	0.0
33.8923225403	41.4672622681	0.0
33.8990592957	41.4380302429	0.0
33.905796051	41.4087944031	0.0
33.9125328064	41.3795623779	0.0
33.9192695618	41.3503265381	0.0
33.9260063171	41.3210945129	0.0
33.9327430725	41.2918624878	0.0
33.9394798279	41.2626266479	0.0
33.9462165833	41.2333946228	0.0
33.9529533386	41.204158783	0.0
33.959690094	41.1749267578	0.0
33.9664268494	41.145690918	0.0
33.9731636047	41.1164588928	0.0
33.9799003601	41.087223053	0.0
33.9866371155	41.0579910278	0.0
33.9933738708	41.028755188	0.0
32.2654151917	42.0298957825	0.0
32.2418632507	42.0113143921	0.0
32.2183074951	41.9927330017	0.0
32.1947555542	41.9741516113	0.0
32.1712036133	41.9555702209	0.0
32.1476478577	41.9369888306	0.0
32.1240959167	41.9184112549	0.0
32.1005401611	41.8998298645	0.0
32.0769882202	41.8812484741	0.0
32.0613861084	41.8407440186	0.0
32.0592041016	41.8108253479	0.0
32.05701828	41.7809028625	0.0
32.0548324585	41.7509841919	0.0
32.0526504517	41.7210617065	0.0
32.0504646301	41.6911430359	0.0
32.0482788086	41.6612205505	0.0
32.0460968018	41.6313018799	0.0
32.0439109802	41.6013793945	0.0
32.0417251587	41.5714607239	0.0
32.0395393372	41.5415420532	0.0
32.0373573303	41.5116195679	0.0
32.0351715088	41.4817008972	0.0
32.0329856873	41.4517784119	0.0
32.0308036804	41.4218597412	0.0
32.0286178589	41.3919372559	0.0
32.0264320374	41.3620185852	0.0
32.0242500305	41.3320960999	0.0
32.022064209	41.3021774292	0.0
32.0198783875	41.2722587585	0.0
32.0176963806	41.2423362732	0.0
32.0155105591	41.2124176025	0.0
32.0133247375	41.1824951172	0.0
32.0111427307	41.1525764465	0.0
32.0089569092	41.1226577759	0.0
32.0067710876	41.0927352905	0.0
32.0045852661	41.0628166199	0.0
32.0024032593	41.0328941345	0.0
32.0002174377	41.0029754639	0.0
32.0503387451	41.8975868225	0.0
32.0371055603	41.9245109558	0.0
32.0238723755	41.9514350891	0.0
32.0106391907	41.9783592224	0.0
31.0555934906	42.7822189331	0.0
31.0848274231	42.7889595032	0.0
31.1140594482	42.7957038879	0.0
31.1432933807	42.802444458	0.0
31.1725254059	42.8091850281	0.0
31.2017593384	42.8159255981	0.0
31.2309913635	42.8226661682	0.0
31.2602233887	42.8294067383	0.0
31.2894573212	42.8361473083	0.0
31.3186893463	42.8428916931	0.0
31.3479232788	42.8496322632	0.0
31.377155304	42.8563728333	0.0
31.4063873291	42.8631134033	0.0
31.4356212616	42.8698539734	0.0
31.4648532867	42.8765945435	0.0
31.4940872192	42.8833351135	0.0
31.5233192444	42.8900794983	0.0
31.5525512695	42.8968200684	0.0
31.581785202	42.9035606384	0.0
31.6110172272	42.9103012085	0.0
31.6402511597	42.9170417786	0.0
31.6694831848	42.9237823486	0.0
31.69871521	42.9305229187	0.0
31.7279491425	42.9372634888	0.0
31.7571811676	42.9440078735	0.0
31.7864151001	42.9507484436	0.0
31.8156471252	42.9574890137	0.0
31.8448810577	42.9642295837	0.0
31.8741130829	42.9709701538	0.0
31.903345108	42.9777107239	0.0
31.9325790405	42.9844512939	0.0
31.9618110657	42.9911956787	0.0
31.9910449982	42.9979362488	0.0
30.2806873322	43.0612831116	0.0
30.2513790131	43.0548820496	0.0
30.2220687866	43.0484848022	0.0
30.1927585602	43.0420837402	0.0
30.1634502411	43.0356864929	0.0
30.1341400146	43.0292854309	0.0
30.1048316956	43.0228881836	0.0
30.0755214691	43.0164871216	0.0
30.0462112427	43.0100898743	0.0
30.0169029236	43.0036888123	0.0
29.7468929291	43.4312477112	0.0
29.7709178925	43.4492149353	0.0
29.7949428558	43.4671821594	0.0
29.8189659119	43.4851493835	0.0
29.8429908752	43.5031166077	0.0
29.8670158386	43.5210838318	0.0
29.891040802	43.5390510559	0.0
29.915063858	43.55701828	0.0
29.9390888214	43.5749855042	0.0
29.9631137848	43.5929527283	0.0
29.9871368408	43.6109237671	0.0
30.0111618042	43.6288871765	0.0
30.0351867676	43.6468582153	0.0
30.059211731	43.6648254395	0.0
30.083234787	43.6827926636	0.0
30.1072597504	43.7007598877	0.0
30.1312847137	43.7187271118	0.0
30.1553077698	43.7366943359	0.0
30.1793327332	43.7546615601	0.0
30.2033576965	43.7726287842	0.0
30.2273826599	43.7905960083	0.0
30.2514057159	43.8085632324	0.0
30.2754306793	43.8265304565	0.0
30.2994556427	43.8444976807	0.0
30.3234786987	43.8624649048	0.0
30.3475036621	43.8804321289	0.0
30.3715286255	43.898399353	0.0
30.3955535889	43.9163665771	0.0
30.4195766449	43.9343338013	0.0
30.4436016083	43.9523010254	0.0
30.4648170471	43.9842529297	0.0
30.4788017273	44.0107917786	0.0
30.4927864075	44.0373344421	0.0
30.5067691803	44.0638771057	0.0
30.5207557678	44.0904159546	0.0
30.5347385406	44.1169586182	0.0
30.5487232208	44.1435012817	0.0
30.562707901	44.1700401306	0.0
30.5766906738	44.1965827942	0.0
30.590675354	44.2231254578	0.0
30.6046600342	44.2496643066	0.0
30.6186447144	44.2762069702	0.0
30.6326274872	44.3027496338	0.0
30.6466121674	44.3292884827	0.0
30.6605968475	44.3558311462	0.0
30.6745815277	44.3823738098	0.0
30.6885643005	44.4089126587	0.0
30.7025489807	44.4354553223	0.0
30.7165336609	44.4619941711	0.0
30.7305183411	44.4885368347	0.0
30.7445011139	44.5150794983	0.0
30.7584857941	44.5416183472	0.0
30.7724704742	44.5681610107	0.0
30.7864551544	44.5947036743	0.0
30.8004398346	44.6212425232	0.0
30.8144226074	44.6477851868	0.0
30.8284072876	44.6743278503	0.0
30.8423919678	44.7008666992	0.0
30.8563766479	44.7274093628	0.0
30.8703594208	44.7539482117	0.0
30.884344101	44.7804908752	0.0
30.8983287811	44.8070335388	0.0
30.9123134613	44.8335723877	0.0
30.9262962341	44.8601150513	0.0
30.9402809143	44.8866577148	0.0
30.9542655945	44.9131965637	0.0
30.9682502747	44.9397392273	0.0
30.9822330475	44.9662818909	0.0
30.9962177277	44.9928207397	0.0
30.4807453156	43.9600143433	0.0
30.5106563568	43.9623184204	0.0
30.5405673981	43.9646224976	0.0
30.5704784393	43.96692276	0.0
30.6003913879	43.9692268372	0.0
30.6303024292	43.9715309143	0.0
30.6602134705	43.9738349915	0.0
30.6901245117	43.9761390686	0.0
30.720035553	43.9784393311	0.0
30.7499485016	43.9807434082	0.0
30.7798595428	43.9830474854	0.0
30.8097705841	43.9853515625	0.0
30.8396816254	43.9876556396	0.0
30.869594574	43.9899597168	0.0
30.8995056152	43.9922599792	0.0
30.9294166565	43.9945640564	0.0
30.9593276978	43.9968681335	0.0
30.989238739	43.9991722107	0.0
28.5700778961	44.0809822083	0.0
28.6000289917	44.079284668	0.0
28.6299800873	44.0775909424	0.0
28.6599330902	44.0758934021	0.0
28.6898841858	44.0741958618	0.0
28.7198371887	44.0725021362	0.0
28.7497882843	44.0708045959	0.0
28.7797412872	44.0691070557	0.0
28.8096923828	44.0674133301	0.0
28.8620529175	44.0644454956	0.0
28.8920040131	44.06275177	0.0
28.9219551086	44.0610542297	0.0
28.9519081116	44.0593566895	0.0
28.9818592072	44.0576591492	0.0
29.0118122101	44.0559654236	0.0
29.0417633057	44.0542678833	0.0
29.0717163086	44.052570343	0.0
29.1016674042	44.0508766174	0.0
29.1540279388	44.0479125977	0.0
29.1839790344	44.0462150574	0.0
29.21393013	44.0445175171	0.0
29.2438831329	44.0428237915	0.0
29.2738342285	44.0411262512	0.0
29.3037872314	44.0394287109	0.0
29.333738327	44.0377311707	0.0
29.36369133	44.0360374451	0.0
29.3936424255	44.0343399048	0.0
29.4235954285	44.0326423645	0.0
29.453546524	44.0309486389	0.0
29.483499527	44.0292510986	0.0
29.5134506226	44.0275535583	0.0
29.5434036255	44.0258598328	0.0
29.5733547211	44.0241622925	0.0
29.603307724	44.0224647522	0.0
29.6332588196	44.0207710266	0.0
29.6632118225	44.0190734863	0.0
29.6931629181	44.017375946	0.0
29.723115921	44.0156822205	0.0
29.7530670166	44.0139846802	0.0
29.7830181122	44.0122871399	0.0
29.8129711151	44.0105934143	0.0
29.8429222107	44.008895874	0.0
29.8728752136	44.0071983337	0.0
29.9028263092	44.0055046082	0.0
29.9327793121	44.0038070679	0.0
29.9627304077	44.0021095276	0.0
29.9926834106	44.000415802	0.0
29.0962181091	44.0384712219	0.0
29.0683631897	44.0273323059	0.0
29.0405063629	44.0161933899	0.0
29.0126495361	44.0050582886	0.0
28.8374080658	44.0956687927	0.0
28.842716217	44.1251945496	0.0
28.8480262756	44.1547241211	0.0
28.8533344269	44.1842498779	0.0
28.8586425781	44.2137756348	0.0
28.8639526367	44.2433013916	0.0
28.869260788	44.2728271484	0.0
28.8745689392	44.30235672	0.0
28.8798770905	44.3318824768	0.0
28.8851852417	44.3614082336	0.0
28.8904953003	44.3909339905	0.0
28.8958034515	44.420463562	0.0
28.9011116028	44.4499893188	0.0
28.9064216614	44.4795150757	0.0
28.9117298126	44.5090408325	0.0
28.9170379639	44.5385665894	0.0
28.9223461151	44.5680961609	0.0
28.9276542664	44.5976219177	0.0
28.932964325	44.6271476746	0.0
28.9382724762	44.6566734314	0.0
28.9435806274	44.6861991882	0.0
28.948890686	44.7157287598	0.0
28.9541988373	44.7452545166	0.0
28.9595069885	44.7747802734	0.0
28.9648151398	44.8043060303	0.0
28.9701251984	44.8338356018	0.0
28.9754333496	44.8633613586	0.0
28.9807415009	44.8928871155	0.0
28.9860515594	44.9224128723	0.0
28.9913597107	44.9519386292	0.0
28.9966678619	44.9814682007	0.0
26.9297294617	44.8890724182	0.0
26.9189567566	44.8610725403	0.0
26.9081840515	44.8330726624	0.0
26.8974113464	44.8050765991	0.0
26.8825931549	44.7665672302	0.0
26.8718204498	44.7385673523	0.0
26.8610477448	44.7105674744	0.0
26.8502750397	44.6825714111	0.0
26.8268966675	44.6491203308	0.0
26.8075618744	44.6261825562	0.0
26.7882270813	44.6032447815	0.0
26.7688922882	44.5803070068	0.0
26.7495574951	44.5573692322	0.0
26.7302246094	44.5344314575	0.0
26.7108898163	44.5114898682	0.0
26.6915531158	44.4885520935	0.0
26.6722202301	44.4656143188	0.0
26.652885437	44.4426765442	0.0
26.6335506439	44.4197387695	0.0
26.6142158508	44.3967971802	0.0
26.5948810577	44.3738594055	0.0
26.5755462646	44.3509216309	0.0
26.5562114716	44.3279838562	0.0
26.5368766785	44.3050460815	0.0
26.5175418854	44.2821083069	0.0
26.4982070923	44.2591705322	0.0
26.4788722992	44.2362289429	0.0
26.4595375061	44.2132911682	0.0
26.4402046204	44.1903533936	0.0
26.4208698273	44.1674156189	0.0
26.4015331268	44.1444778442	0.0
26.3822002411	44.1215362549	0.0
26.362865448	44.0985984802	0.0
26.3435306549	44.0756607056	0.0
26.3241958618	44.0527229309	0.0
26.3048610687	44.0297851562	0.0
26.2855262756	44.0068473816	0.0
26.2661914825	43.9839096069	0.0
26.2468566895	43.9609680176	0.0
26.2275218964	43.9380302429	0.0
26.2081871033	43.9150924683	0.0
26.1888523102	43.8921546936	0.0
26.1695194244	43.8692169189	0.0
26.1501846313	43.8462753296	0.0
26.1308498383	43.8233375549	0.0
26.1115150452	43.8003997803	0.0
26.0921802521	43.7774620056	0.0
26.072845459	43.754524231	0.0
26.0535106659	43.7315864563	0.0
26.0341758728	43.7086486816	0.0
26.0177745819	43.66015625	0.0
26.0169658661	43.6301651001	0.0
26.0161590576	43.6001777649	0.0
26.0153522491	43.5701904297	0.0
26.0145435333	43.5401992798	0.0
26.0137367249	43.5102119446	0.0
26.0129299164	43.4802207947	0.0
26.0121212006	43.4502334595	0.0
26.0113143921	43.4202423096	0.0
26.0105075836	43.3902549744	0.0
26.0097007751	43.3602638245	0.0
26.0088920593	43.3302764893	0.0
26.0080852509	43.3002853394	0.0
26.007276535	43.2702980042	0.0
26.0064697266	43.2403068542	0.0
26.0056629181	43.210319519	0.0
26.0048542023	43.1803283691	0.0
26.0040473938	43.1503410339	0.0
26.0032405853	43.1203536987	0.0
26.0024337769	43.0903625488	0.0
26.001625061	43.0603752136	0.0
26.0008182526	43.0303840637	0.0
26.0000114441	43.0003967285	0.0
25.9948673248	43.6717681885	0.0
25.9711532593	43.6533927917	0.0
25.9474391937	43.635017395	0.0
25.9237270355	43.6166419983	0.0
25.90001297	43.5982666016	0.0
25.8762989044	43.5798912048	0.0
25.8525867462	43.5615158081	0.0
25.8288726807	43.5431404114	0.0
25.8051586151	43.5247650146	0.0
25.7814445496	43.5063896179	0.0
25.757730484	43.4880142212	0.0
25.7403945923	43.4604797363	0.0
25.7252044678	43.4346084595	0.0
25.7100162506	43.4087371826	0.0
25.6948261261	43.3828697205	0.0
25.6796379089	43.3569984436	0.0
25.6644477844	43.3311271667	0.0
25.6492576599	43.3052558899	0.0
25.6340694427	43.279384613	0.0
25.6188793182	43.2535133362	0.0
25.6036911011	43.227645874	0.0
25.5885009766	43.2017745972	0.0
25.5733127594	43.1759033203	0.0
25.5581226349	43.1500320435	0.0
25.5429325104	43.1241607666	0.0
25.5277442932	43.0982933044	0.0
25.5125541687	43.0724220276	0.0
25.4973659515	43.0465507507	0.0
25.482175827	43.0206794739	0.0
25.4385471344	42.9976272583	0.0
25.4085483551	42.9977912903	0.0
25.3785495758	42.9979515076	0.0
25.3485488892	42.9981155396	0.0
25.3185482025	42.9982795715	0.0
25.2885494232	42.9984397888	0.0
25.2585506439	42.9986038208	0.0
25.2285518646	42.9987640381	0.0
25.198551178	42.9989280701	0.0
25.1685523987	42.9990882874	0.0
25.138551712	42.9992523193	0.0
25.1085529327	42.9994125366	0.0
25.0785522461	42.9995765686	0.0
25.0485534668	42.9997367859	0.0
25.0185546875	42.9999008179	0.0
25.460067749	42.9686889648	0.0
25.451587677	42.9399147034	0.0
25.443107605	42.9111366272	0.0
25.4346294403	42.882358551	0.0
25.4261493683	42.8535842896	0.0
25.4176692963	42.8248062134	0.0
25.4091892242	42.7960281372	0.0
25.4007091522	42.7672538757	0.0
25.3922290802	42.7384757996	0.0
25.3837509155	42.7097015381	0.0
25.3752708435	42.6809234619	0.0
25.3667907715	42.6521453857	0.0
25.3583106995	42.6233711243	0.0
25.3498325348	42.5945930481	0.0
25.3335609436	42.5393753052	0.0
25.3250808716	42.510597229	0.0
25.3166007996	42.4818191528	0.0
25.3081207275	42.4530448914	0.0
25.2996406555	42.4242668152	0.0
25.2911605835	42.3954925537	0.0
25.2826824188	42.3667144775	0.0
25.2742023468	42.3379364014	0.0
25.2657222748	42.3091621399	0.0
25.2572422028	42.2803840637	0.0
25.2487621307	42.2516098022	0.0
25.2402820587	42.2228317261	0.0
25.231803894	42.1940536499	0.0
25.223323822	42.1652793884	0.0
25.1903114319	42.1225891113	0.0
25.1650905609	42.1063423157	0.0
25.1398696899	42.09009552	0.0
25.1146507263	42.0738525391	0.0
25.0894298553	42.0576057434	0.0
25.0642089844	42.0413589478	0.0
25.0389881134	42.0251121521	0.0
25.0137672424	42.0088691711	0.0
25.2099533081	42.1093597412	0.0
25.2043743134	42.0798797607	0.0
25.1987953186	42.050403595	0.0
25.1932163239	42.0209274292	0.0
25.1876373291	41.9914512634	0.0
25.1820602417	41.9619750977	0.0
25.1764812469	41.9324989319	0.0
25.1709022522	41.9030227661	0.0
25.1653232574	41.8735427856	0.0
25.1597442627	41.8440666199	0.0
25.1541671753	41.8145904541	0.0
25.1485881805	41.7851142883	0.0
25.1430091858	41.7556381226	0.0
25.137430191	41.7261581421	0.0
25.1318511963	41.696685791	0.0
25.1262722015	41.6672058105	0.0
25.1206951141	41.6377296448	0.0
25.1151161194	41.608253479	0.0
25.1095371246	41.5787773132	0.0
25.1039581299	41.5493011475	0.0
25.0983791351	41.519821167	0.0
25.0928001404	41.4903450012	0.0
25.087223053	41.4608688354	0.0
25.0816440582	41.4313926697	0.0
25.0760650635	41.4019165039	0.0
25.0704860687	41.3724403381	0.0
25.064907074	41.3429641724	0.0
25.0593280792	41.3134841919	0.0
25.0537509918	41.2840080261	0.0
25.0481719971	41.2545318604	0.0
25.0425930023	41.2250556946	0.0
25.0370159149	41.1955795288	0.0
25.0314369202	41.166103363	0.0
25.0258579254	41.1366233826	0.0
25.0202789307	41.1071472168	0.0
25.0146999359	41.077671051	0.0
25.0091209412	41.0481948853	0.0
25.0035438538	41.0187187195	0.0
25.3647460938	42.5485458374	0.0
25.3874511719	42.5289382935	0.0
25.4101581573	42.5093307495	0.0
25.4328632355	42.4897232056	0.0
25.4555702209	42.4701156616	0.0
25.4782772064	42.4505081177	0.0
25.5009822845	42.4309043884	0.0
25.52368927	42.4112968445	0.0
25.5463943481	42.3916893005	0.0
25.5691013336	42.3720817566	0.0
25.5918083191	42.3524742126	0.0
25.6145133972	42.3328666687	0.0
25.6372203827	42.3132629395	0.0
25.6599254608	42.2936553955	0.0
25.6826324463	42.2740478516	0.0
25.7053394318	42.2544403076	0.0
25.7280445099	42.2348327637	0.0
25.7507514954	42.2152252197	0.0
25.7734565735	42.1956214905	0.0
25.796163559	42.1760139465	0.0
25.8188705444	42.1564064026	0.0
25.8415756226	42.1367988586	0.0
25.864282608	42.1171913147	0.0
25.8869876862	42.0975875854	0.0
25.9096946716	42.0779800415	0.0
25.9323997498	42.0583724976	0.0
25.9551067352	42.0387649536	0.0
25.9778137207	42.0191574097	0.0
25.7307739258	43.5032157898	0.0
25.7059631348	43.5200805664	0.0
25.6811523438	43.5369491577	0.0
25.6563434601	43.5538139343	0.0
25.6315326691	43.5706787109	0.0
25.6067237854	43.5875473022	0.0
25.5819129944	43.6044120789	0.0
25.5571022034	43.6212768555	0.0
25.5322933197	43.6381454468	0.0
25.5074825287	43.6550102234	0.0
25.482673645	43.671875	0.0
25.457862854	43.6887435913	0.0
25.433052063	43.7056083679	0.0
25.4082431793	43.7224731445	0.0
25.3834323883	43.7393417358	0.0
25.3586235046	43.7562065125	0.0
25.3338127136	43.7730712891	0.0
25.30900383	43.7899398804	0.0
25.2841930389	43.806804657	0.0
25.2593822479	43.8236694336	0.0
25.2345733643	43.8405342102	0.0
25.2097625732	43.8574028015	0.0
25.1849536896	43.8742675781	0.0
25.1601428986	43.8911323547	0.0
25.1353321075	43.908000946	0.0
25.1105232239	43.9248657227	0.0
25.0857124329	43.9417304993	0.0
25.0609035492	43.9585990906	0.0
25.0360927582	43.9754638672	0.0
25.0112819672	43.9923286438	0.0
26.8529224396	44.6428146362	0.0
26.8596134186	44.613571167	0.0
26.8663043976	44.5843276978	0.0
26.8729953766	44.5550842285	0.0
26.8796863556	44.5258407593	0.0
26.8863773346	44.4965934753	0.0
26.8930683136	44.4673500061	0.0
26.8997612	44.4381065369	0.0
26.906452179	44.4088630676	0.0
26.913143158	44.3796157837	0.0
26.919834137	44.3503723145	0.0
26.926525116	44.3211288452	0.0
26.933216095	44.291885376	0.0
26.939907074	44.2626419067	0.0
26.946598053	44.2333946228	0.0
26.9532909393	44.2041511536	0.0
26.9599819183	44.1749076843	0.0
26.9666728973	44.1456642151	0.0
26.9733638763	44.1164207458	0.0
26.9800548553	44.0871734619	0.0
26.9867458344	44.0579299927	0.0
26.9934368134	44.0286865234	0.0
26.9177360535	44.7770690918	0.0
26.9421062469	44.7595710754	0.0
26.9664745331	44.7420730591	0.0
26.9908447266	44.7245788574	0.0
27.0152130127	44.7070808411	0.0
27.0395812988	44.6895828247	0.0
27.0639514923	44.6720848083	0.0
27.0883197784	44.6545906067	0.0
27.1126880646	44.6370925903	0.0
27.1370582581	44.619594574	0.0
27.1614265442	44.6020965576	0.0
27.1857967377	44.584602356	0.0
27.2101669312	44.5671043396	0.0
27.2345352173	44.5496063232	0.0
27.2589035034	44.5321083069	0.0
27.2832736969	44.5146102905	0.0
27.307641983	44.4971160889	0.0
27.3320102692	44.4796180725	0.0
27.3563804626	44.4621200562	0.0
27.3807487488	44.4446258545	0.0
27.4051189423	44.4271278381	0.0
27.4294872284	44.4096298218	0.0
27.4538555145	44.3921318054	0.0
27.478225708	44.3746376038	0.0
27.5025959015	44.3571395874	0.0
27.5269641876	44.339641571	0.0
27.5513324738	44.3221435547	0.0
27.5757026672	44.3046455383	0.0
27.6000709534	44.2871513367	0.0
27.6244392395	44.2696533203	0.0
27.648809433	44.252155304	0.0
27.6731777191	44.2346572876	0.0
27.6975479126	44.2171630859	0.0
27.7219161987	44.1996650696	0.0
27.7462844849	44.1821670532	0.0
27.7706546783	44.1646728516	0.0
27.7950248718	44.1471748352	0.0
27.819393158	44.1296768188	0.0
27.8437614441	44.1121788025	0.0
27.8681316376	44.0946807861	0.0
27.8924999237	44.0771865845	0.0
27.9168682098	44.0596885681	0.0
27.9412384033	44.0421905518	0.0
27.9656066895	44.0246925354	0.0
27.9899768829	44.0071983337	0.0
26.5133533478	45.2650794983	0.0
26.4866962433	45.2513122559	0.0
26.4600410461	45.2375488281	0.0
26.433385849	45.2237854004	0.0
26.4067287445	45.2100219727	0.0
26.3800735474	45.1962585449	0.0
26.3534164429	45.1824913025	0.0
26.3267612457	45.1687278748	0.0
26.3001041412	45.154964447	0.0
26.2734489441	45.1412010193	0.0
26.2467937469	45.1274375916	0.0
26.2201366425	45.1136703491	0.0
26.1934814453	45.0999069214	0.0
26.1668243408	45.0861434937	0.0
26.1401691437	45.0723762512	0.0
26.1135139465	45.0586128235	0.0
26.086856842	45.0448493958	0.0
26.0602016449	45.031085968	0.0
26.0335445404	45.0173225403	0.0
26.0068893433	45.0035552979	0.0
25.0383472443	46.2825126648	0.0
25.0623912811	46.3004493713	0.0
25.0864372253	46.3183898926	0.0
25.1104812622	46.3363304138	0.0
25.1345272064	46.3542709351	0.0
25.1585712433	46.3722114563	0.0
25.1826152802	46.3901481628	0.0
25.2066612244	46.4080886841	0.0
25.2307052612	46.4260292053	0.0
25.2547512054	46.4439697266	0.0
25.2787952423	46.4619102478	0.0
25.3028411865	46.479850769	0.0
25.3268852234	46.4977912903	0.0
25.3509311676	46.5157318115	0.0
25.3749752045	46.5336685181	0.0
25.3990211487	46.5516090393	0.0
25.4230651855	46.5695495605	0.0
25.4471111298	46.5874900818	0.0
25.4711551666	46.605430603	0.0
25.4952011108	46.6233673096	0.0
25.5192451477	46.6413078308	0.0
25.5432891846	46.6592483521	0.0
25.5673351288	46.6771888733	0.0
25.5913791656	46.6951293945	0.0
25.6154251099	46.7130699158	0.0
25.6394691467	46.731010437	0.0
25.6635150909	46.7489471436	0.0
25.6875591278	46.7668876648	0.0
25.711605072	46.784828186	0.0
25.7356491089	46.8027687073	0.0
25.7596950531	46.8207092285	0.0
25.78373909	46.8386497498	0.0
25.8077850342	46.8565864563	0.0
25.831829071	46.8745269775	0.0
25.8558750153	46.8924674988	0.0
25.8799190521	46.91040802	0.0
25.9039649963	46.9283485413	0.0
25.9280109406	46.9462890625	0.0
25.9520530701	46.9642295837	0.0
25.9760990143	46.9821662903	0.0
24.6432666779	46.4569091797	0.0
24.6617298126	46.4332618713	0.0
24.68019104	46.409614563	0.0
24.6986522675	46.3859710693	0.0
24.7171154022	46.362323761	0.0
24.7355766296	46.3386764526	0.0
24.7540397644	46.3150291443	0.0
24.7725009918	46.2913856506	0.0
24.7909622192	46.2677383423	0.0
24.809425354	46.2440910339	0.0
24.8278865814	46.2204437256	0.0
24.8463497162	46.1968002319	0.0
24.8648109436	46.1731529236	0.0
24.883272171	46.1495056152	0.0
24.9017353058	46.1258583069	0.0
24.9201965332	46.1022148132	0.0
24.938659668	46.0785675049	0.0
24.9571208954	46.0549201965	0.0
24.9755821228	46.0312728882	0.0
24.9940452576	46.0076255798	0.0
22.6595668793	47.5362968445	0.0
22.6418113708	47.5121154785	0.0
22.6240577698	47.4879302979	0.0
22.6063041687	47.4637489319	0.0
22.5885505676	47.4395675659	0.0
22.5707950592	47.4153862	0.0
22.5530414581	47.3912010193	0.0
22.5352878571	47.3670196533	0.0
22.517534256	47.3428382874	0.0
22.4982261658	47.3165359497	0.0
22.4804725647	47.2923545837	0.0
22.4627170563	47.2681732178	0.0
22.4449634552	47.2439918518	0.0
22.4272098541	47.2198066711	0.0
22.4094562531	47.1956253052	0.0
22.391702652	47.1714401245	0.0
22.3739471436	47.1472587585	0.0
22.3561935425	47.1230773926	0.0
22.3761024475	47.0999984741	0.0
22.3975658417	47.0790405273	0.0
22.4190292358	47.0580787659	0.0
22.4404907227	47.0371170044	0.0
22.4619541168	47.0161552429	0.0
22.483417511	46.9951972961	0.0
22.5048809052	46.9742355347	0.0
22.526342392	46.9532737732	0.0
22.5478057861	46.9323158264	0.0
22.5692691803	46.9113540649	0.0
22.5907306671	46.8903923035	0.0
22.6121940613	46.8694343567	0.0
22.6336574554	46.8484725952	0.0
22.6551208496	46.8275108337	0.0
22.6765823364	46.806552887	0.0
22.6980457306	46.7855911255	0.0
22.7195091248	46.764629364	0.0
22.7409725189	46.7436714172	0.0
22.7624340057	46.7227096558	0.0
22.7838973999	46.7017478943	0.0
22.8053607941	46.6807861328	0.0
22.8268222809	46.659828186	0.0
22.848285675	46.6388664246	0.0
22.8697490692	46.6179046631	0.0
22.8912124634	46.5969467163	0.0
22.9126739502	46.5759849548	0.0
22.9341373444	46.5550231934	0.0
22.9556007385	46.5340652466	0.0
22.9770622253	46.5131034851	0.0
22.9985256195	46.4921417236	0.0
23.0199890137	46.4711837769	0.0
23.0300197601	46.4294166565	0.0
23.0279273987	46.3994903564	0.0
23.0258350372	46.3695640564	0.0
23.0237426758	46.3396377563	0.0
23.0216503143	46.3097076416	0.0
23.0195598602	46.2797813416	0.0
23.0174655914	46.2498550415	0.0
23.01537323	46.2199287415	0.0
23.0132827759	46.1900024414	0.0
23.0111904144	46.1600723267	0.0
23.009098053	46.1301460266	0.0
23.0070056915	46.1002197266	0.0
23.0049133301	46.0702934265	0.0
23.002822876	46.0403671265	0.0
23.0007305145	46.0104408264	0.0
23.0584697723	46.4450187683	0.0
23.0848274231	46.4306907654	0.0
23.1111869812	46.4163665771	0.0
23.137544632	46.4020385742	0.0
23.1639041901	46.387714386	0.0
23.1902618408	46.3733901978	0.0
23.2166213989	46.3590621948	0.0
23.2429790497	46.3447380066	0.0
23.2693386078	46.3304138184	0.0
23.2956962585	46.3160858154	0.0
23.3220558167	46.3017616272	0.0
23.3484134674	46.2874336243	0.0
23.3747711182	46.273109436	0.0
23.4011306763	46.2587814331	0.0
23.427488327	46.2444572449	0.0
23.4538478851	46.2301292419	0.0
23.4802055359	46.2158050537	0.0
23.506565094	46.2014808655	0.0
23.5329227448	46.1871528625	0.0
23.5592823029	46.1728286743	0.0
23.5856399536	46.1585006714	0.0
23.6119995117	46.1441764832	0.0
23.6383571625	46.1298522949	0.0
23.6647167206	46.115524292	0.0
23.6910743713	46.1012001038	0.0
23.7174339294	46.0868721008	0.0
23.7437915802	46.0725479126	0.0
23.7960853577	46.052444458	0.0
23.8251399994	46.0449714661	0.0
23.8541946411	46.0374984741	0.0
23.8832492828	46.0300254822	0.0
23.9123039246	46.0225524902	0.0
23.9413585663	46.015083313	0.0
23.9704113007	46.007610321	0.0
23.9994678497	46.0001373291	0.0
23.7897815704	46.0403594971	0.0
23.8125305176	46.0208053589	0.0
23.8352794647	46.001247406	0.0
23.8580284119	45.9816894531	0.0
23.8807792664	45.9621353149	0.0
23.9035282135	45.9425773621	0.0
23.9262771606	45.9230194092	0.0
23.9490261078	45.903465271	0.0
23.9717769623	45.8839073181	0.0
23.9945278168	45.8643493652	0.0
24.0172767639	45.8447952271	0.0
24.0400257111	45.8252372742	0.0
24.0627746582	45.805683136	0.0
24.0855255127	45.7861251831	0.0
24.1082744598	45.7665672302	0.0
24.131023407	45.747013092	0.0
24.1537723541	45.7274551392	0.0
24.1765232086	45.7078971863	0.0
24.1992721558	45.6883430481	0.0
24.2220211029	45.6687850952	0.0
24.24477005	45.6492271423	0.0
24.2675209045	45.6296730042	0.0
24.290271759	45.6101150513	0.0
24.3130207062	45.5905609131	0.0
24.3357696533	45.5710029602	0.0
24.3585186005	45.551448822	0.0
24.381269455	45.5318908691	0.0
24.4040184021	45.5123329163	0.0
24.4267673492	45.4927787781	0.0
24.4495162964	45.4732208252	0.0
24.4722671509	45.4536628723	0.0
24.495016098	45.4341087341	0.0
24.5177669525	45.4145507812	0.0
24.5405158997	45.3949928284	0.0
24.5632648468	45.3754386902	0.0
24.5860137939	45.3558807373	0.0
24.6087646484	45.3363227844	0.0
24.6315135956	45.3167686462	0.0
24.6542625427	45.2972106934	0.0
24.6770133972	45.2776565552	0.0
24.6997623444	45.2580986023	0.0
24.7225112915	45.2385406494	0.0
24.7452602386	45.2189865112	0.0
24.7680110931	45.1994285583	0.0
24.7907600403	45.1798706055	0.0
24.8135108948	45.1603164673	0.0
24.8362598419	45.1407585144	0.0
24.8590087891	45.1212005615	0.0
24.8817577362	45.1016464233	0.0
24.9045085907	45.0820884705	0.0
24.9272575378	45.0625343323	0.0
24.950006485	45.0429763794	0.0
24.9727573395	45.0234184265	0.0
24.9955062866	45.0038642883	0.0
22.3368854523	47.0967788696	0.0
22.3191318512	47.072593689	0.0
22.3013782501	47.048412323	0.0
22.283624649	47.024230957	0.0
22.2658691406	47.0000457764	0.0
22.2481155396	46.9758644104	0.0
22.2303619385	46.9516830444	0.0
22.2126083374	46.9275016785	0.0
22.1948547363	46.9033164978	0.0
22.1755466461	46.8770179749	0.0
22.1577911377	46.8528366089	0.0
22.1400375366	46.8286514282	0.0
22.1222839355	46.8044700623	0.0
22.1045303345	46.7802886963	0.0
22.0867767334	46.7561035156	0.0
22.069021225	46.7319221497	0.0
22.0512676239	46.7077407837	0.0
22.0335140228	46.683555603	0.0
22.0142059326	46.6572570801	0.0
21.9964523315	46.6330757141	0.0
21.9786987305	46.6088905334	0.0
21.960943222	46.5847091675	0.0
21.943189621	46.5605278015	0.0
21.9254360199	46.5363464355	0.0
21.9076824188	46.5121612549	0.0
21.8899288177	46.4879798889	0.0
21.8721733093	46.4637985229	0.0
21.8451042175	46.4774551392	0.0
21.8195877075	46.4932327271	0.0
21.7940711975	46.5090103149	0.0
21.7685546875	46.5247879028	0.0
21.7430381775	46.5405654907	0.0
21.7175216675	46.5563430786	0.0
21.6920051575	46.5721206665	0.0
21.6664905548	46.5878982544	0.0
21.6409721375	46.6036758423	0.0
21.6154575348	46.6194534302	0.0
21.5899410248	46.6352272034	0.0
21.5644245148	46.6510047913	0.0
21.5389080048	46.6667823792	0.0
21.5133914948	46.682559967	0.0
21.4878768921	46.6983375549	0.0
21.4623584747	46.7141151428	0.0
21.4368438721	46.7298927307	0.0
21.4113273621	46.7456703186	0.0
21.3858108521	46.7614479065	0.0
21.360294342	46.7772254944	0.0
21.334777832	46.7929992676	0.0
21.309261322	46.8087768555	0.0
21.283744812	46.8245544434	0.0
21.258228302	46.8403320312	0.0
21.2327136993	46.8561096191	0.0
21.2071971893	46.871887207	0.0
21.1816806793	46.8876647949	0.0
21.1561641693	46.9034423828	0.0
21.1306476593	46.919216156	0.0
21.1051311493	46.9349937439	0.0
21.0796146393	46.9507713318	0.0
21.0540981293	46.9665489197	0.0
21.0285835266	46.9823265076	0.0
21.0030651093	46.9981040955	0.0
21.8528652191	46.4374961853	0.0
21.835111618	46.4133148193	0.0
21.817358017	46.3891334534	0.0
21.7996044159	46.3649482727	0.0
21.7818508148	46.3407669067	0.0
21.7640953064	46.3165855408	0.0
21.7463417053	46.2924003601	0.0
21.7285881042	46.2682189941	0.0
21.7108345032	46.2440376282	0.0
21.7301845551	46.2204017639	0.0
21.7510871887	46.1988830566	0.0
21.7719917297	46.1773643494	0.0
21.7928962708	46.1558494568	0.0
21.8138008118	46.1343307495	0.0
21.8347034454	46.1128120422	0.0
21.8556079865	46.091293335	0.0
21.8765125275	46.0697746277	0.0
21.8974151611	46.0482597351	0.0
21.9183197021	46.0267410278	0.0
21.9392242432	46.0052223206	0.0
21.9601287842	45.9837036133	0.0
21.9810314178	45.962184906	0.0
22.0019359589	45.9406661987	0.0
22.0228404999	45.9191513062	0.0
22.0437431335	45.8976325989	0.0
22.0646476746	45.8761138916	0.0
22.0855522156	45.8545951843	0.0
22.1064567566	45.8330764771	0.0
22.1273593903	45.8115615845	0.0
22.1482639313	45.7900428772	0.0
22.1691684723	45.7685241699	0.0
22.190071106	45.7470054626	0.0
22.210975647	45.7254867554	0.0
22.2318782806	45.7039718628	0.0
22.2527828217	45.6824531555	0.0
22.2736873627	45.6609344482	0.0
22.2945919037	45.639415741	0.0
22.3154945374	45.6178970337	0.0
22.3363990784	45.5963783264	0.0
22.3573036194	45.5748634338	0.0
22.3782062531	45.5533447266	0.0
22.3991107941	45.5318260193	0.0
22.4200153351	45.510307312	0.0
22.4409198761	45.4887924194	0.0
22.4618225098	45.4672737122	0.0
22.4827270508	45.4457550049	0.0
22.5036315918	45.4242362976	0.0
22.5245342255	45.4027175903	0.0
22.5454387665	45.3812026978	0.0
22.5663433075	45.3596839905	0.0
22.5872478485	45.3381652832	0.0
22.6081504822	45.3166465759	0.0
22.6290550232	45.2951278687	0.0
22.6499595642	45.2736091614	0.0
22.6708621979	45.2520942688	0.0
22.6917667389	45.2305755615	0.0
22.7126712799	45.2090568542	0.0
22.7335758209	45.187538147	0.0
22.7544784546	45.1660194397	0.0
22.7753829956	45.1445045471	0.0
22.7962875366	45.1229858398	0.0
22.834854126	45.1111755371	0.0
22.8647193909	45.1083259583	0.0
22.8945827484	45.1054763794	0.0
22.9244480133	45.1026268005	0.0
22.9543113708	45.0997772217	0.0
22.9841766357	45.0969276428	0.0
23.0140419006	45.094078064	0.0
23.0439052582	45.0912284851	0.0
23.0737705231	45.0883789062	0.0
23.1036338806	45.0855293274	0.0
23.1334972382	45.0826797485	0.0
23.1633625031	45.0798301697	0.0
23.1932277679	45.0769805908	0.0
23.2230911255	45.074131012	0.0
23.2529563904	45.0712814331	0.0
23.2828197479	45.0684318542	0.0
23.3126831055	45.0655822754	0.0
23.3425483704	45.0627326965	0.0
23.3724136353	45.0598831177	0.0
23.4022789001	45.0570335388	0.0
23.4321422577	45.05418396	0.0
23.4620056152	45.0513343811	0.0
23.4918708801	45.0484848022	0.0
23.5217342377	45.0456352234	0.0
23.5515995026	45.0427856445	0.0
23.5814647675	45.0399360657	0.0
23.611328125	45.0370864868	0.0
23.6411914825	45.034236908	0.0
23.6710567474	45.0313873291	0.0
23.700920105	45.0285377502	0.0
23.7307853699	45.0256881714	0.0
23.7606506348	45.0228385925	0.0
23.7905139923	45.0199890137	0.0
23.8203792572	45.0171394348	0.0
23.8502426147	45.014289856	0.0
23.8801078796	45.0114402771	0.0
23.9099712372	45.0085906982	0.0
23.9398365021	45.0057411194	0.0
23.9696998596	45.0028915405	0.0
23.9995651245	45.0000419617	0.0
22.8091678619	45.0843162537	0.0
22.8133468628	45.0546112061	0.0
22.817522049	45.0249023438	0.0
22.8217010498	44.9951934814	0.0
22.8258781433	44.9654884338	0.0
22.8300552368	44.9357795715	0.0
22.8342342377	44.9060707092	0.0
22.8384113312	44.8763656616	0.0
22.8425884247	44.8466567993	0.0
22.8467655182	44.816947937	0.0
22.850944519	44.7872428894	0.0
22.8551216125	44.7575340271	0.0
22.8592987061	44.7278251648	0.0
22.8634777069	44.6981163025	0.0
22.8676548004	44.6684112549	0.0
22.8718318939	44.6387023926	0.0
22.8760089874	44.6089935303	0.0
22.8801860809	44.5792884827	0.0
22.8843650818	44.5495796204	0.0
22.8885421753	44.5198707581	0.0
22.8927192688	44.4901657104	0.0
22.8968963623	44.4604568481	0.0
22.9010753632	44.4307479858	0.0
22.9052524567	44.4010391235	0.0
22.9094295502	44.3713340759	0.0
22.913608551	44.3416252136	0.0
22.9177856445	44.3119163513	0.0
22.921962738	44.2822113037	0.0
22.9261417389	44.2525024414	0.0
22.9303188324	44.2227935791	0.0
22.9353523254	44.1688156128	0.0
22.9370098114	44.1388587952	0.0
22.9386672974	44.1089057922	0.0
22.9403247833	44.0789527893	0.0
22.9419803619	44.0489997864	0.0
22.9436378479	44.0190429688	0.0
22.9452934265	43.9890899658	0.0
22.9469509125	43.9591331482	0.0
22.9486064911	43.9291801453	0.0
22.9502639771	43.8992271423	0.0
22.951921463	43.8692703247	0.0
22.953578949	43.8393173218	0.0
22.9552345276	43.8093643188	0.0
22.9568901062	43.7794113159	0.0
22.9585475922	43.7494544983	0.0
22.9602050781	43.7195014954	0.0
22.9618606567	43.6895484924	0.0
22.9635181427	43.6595916748	0.0
22.9651756287	43.6296386719	0.0
22.9668312073	43.5996856689	0.0
22.9684886932	43.5697288513	0.0
22.9701442719	43.5397758484	0.0
22.9718017578	43.5098228455	0.0
22.9734592438	43.4798660278	0.0
22.9751167297	43.4499130249	0.0
22.9767723083	43.419960022	0.0
22.9784297943	43.3900032043	0.0
22.9800853729	43.3600502014	0.0
22.9817428589	43.3300971985	0.0
22.9833984375	43.3001403809	0.0
22.9850559235	43.2701873779	0.0
22.9867134094	43.240234375	0.0
22.9883708954	43.2102813721	0.0
22.990026474	43.1803245544	0.0
22.9916820526	43.1503715515	0.0
22.9933395386	43.1204185486	0.0
22.9949970245	43.090461731	0.0
22.9966526031	43.060508728	0.0
22.9983100891	43.0305557251	0.0
22.9999675751	43.0005989075	0.0
22.943189621	44.1703109741	0.0
22.9526824951	44.1418533325	0.0
22.9621753693	44.1133918762	0.0
22.9716682434	44.0849342346	0.0
22.9811611176	44.056476593	0.0
22.9906539917	44.0280189514	0.0
21.691526413	46.2177352905	0.0
21.6737728119	46.1935539246	0.0
21.6560173035	46.1693725586	0.0
21.6382637024	46.1451911926	0.0
21.6205101013	46.121006012	0.0
21.6027565002	46.096824646	0.0
21.5850028992	46.07264328	0.0
21.5672473907	46.0484580994	0.0
21.5494937897	46.0242767334	0.0
21.5301856995	45.9979782104	0.0
21.5124320984	45.9737968445	0.0
21.4946784973	45.9496116638	0.0
21.4769248962	45.9254302979	0.0
21.4591693878	45.9012451172	0.0
21.4414157867	45.8770637512	0.0
21.4236621857	45.8528823853	0.0
21.4059085846	45.8287010193	0.0
21.3881530762	45.8045158386	0.0
21.3914527893	45.7727966309	0.0
21.3963031769	45.7431907654	0.0
21.4011554718	45.7135848999	0.0
21.4060058594	45.6839790344	0.0
21.4108581543	45.6543731689	0.0
21.4157085419	45.6247673035	0.0
21.4205608368	45.5951652527	0.0
21.4254112244	45.5655593872	0.0
21.4302635193	45.5359535217	0.0
21.4351158142	45.5063476562	0.0
21.4399662018	45.4767456055	0.0
21.4448184967	45.44713974	0.0
21.425661087	45.4115829468	0.0
21.404094696	45.3907279968	0.0
21.3825263977	45.3698768616	0.0
21.3609600067	45.3490219116	0.0
21.3393936157	45.3281669617	0.0
21.3178272247	45.3073158264	0.0
21.2962608337	45.2864608765	0.0
21.2746925354	45.2656059265	0.0
21.2531261444	45.2447547913	0.0
21.2315597534	45.2238998413	0.0
21.2099914551	45.2030487061	0.0
21.1884250641	45.1821937561	0.0
21.1668586731	45.1613388062	0.0
21.1452922821	45.1404876709	0.0
21.1237258911	45.1196327209	0.0
21.1021575928	45.098777771	0.0
21.0805912018	45.0779266357	0.0
21.0590248108	45.0570716858	0.0
21.0374565125	45.0362167358	0.0
21.0158901215	45.0153656006	0.0
21.4520797729	45.4028282166	0.0
21.4569301605	45.3732261658	0.0
21.4617824554	45.3436203003	0.0
21.4666347504	45.3140144348	0.0
21.4714851379	45.2844085693	0.0
21.4763374329	45.2548065186	0.0
21.4811878204	45.2252006531	0.0
21.4860401154	45.1955947876	0.0
21.4908924103	45.1659889221	0.0
21.4957427979	45.1363830566	0.0
21.5005950928	45.1067771912	0.0
21.5054454803	45.0771751404	0.0
21.5376167297	45.0586929321	0.0
21.5673770905	45.0549163818	0.0
21.5971393585	45.0511398315	0.0
21.6268997192	45.0473594666	0.0
21.6566619873	45.0435829163	0.0
21.686422348	45.0398025513	0.0
21.7161846161	45.036026001	0.0
21.7459449768	45.0322494507	0.0
21.7757053375	45.0284729004	0.0
21.8054676056	45.0246925354	0.0
21.8352298737	45.0209159851	0.0
21.8649902344	45.0171394348	0.0
21.8947505951	45.0133590698	0.0
21.9245128632	45.0095825195	0.0
21.9542732239	45.0058021545	0.0
21.9840354919	45.0020256042	0.0
21.5088634491	45.0324897766	0.0
21.5098705292	45.0025062561	0.0
21.5108776093	44.9725227356	0.0
21.5118846893	44.9425392151	0.0
21.5128917694	44.9125556946	0.0
21.5138988495	44.8825721741	0.0
21.5149059296	44.8525886536	0.0
21.5159111023	44.8226051331	0.0
21.5169181824	44.7926216125	0.0
21.5179252625	44.7626419067	0.0
21.5189342499	44.7326583862	0.0
21.51994133	44.7026748657	0.0
21.52094841	44.6726913452	0.0
21.5219554901	44.6427078247	0.0
21.5229625702	44.6127243042	0.0
21.5239696503	44.5827407837	0.0
21.5249767303	44.5527572632	0.0
21.5259838104	44.5227737427	0.0
21.5269908905	44.4927902222	0.0
21.5279960632	44.4628105164	0.0
21.5290031433	44.4328269958	0.0
21.5300102234	44.4028434753	0.0
21.5310192108	44.3728599548	0.0
21.5320262909	44.3428764343	0.0
21.533033371	44.3128929138	0.0
21.534040451	44.2829093933	0.0
21.5350475311	44.2529258728	0.0
21.5364704132	44.2105255127	0.0
21.5374774933	44.1805419922	0.0
21.5384845734	44.1505584717	0.0
21.5394916534	44.1205749512	0.0
21.5404987335	44.0905914307	0.0
21.5415058136	44.0606079102	0.0
21.542514801	44.0306243896	0.0
21.5435218811	44.0006446838	0.0
21.5445270538	43.9706611633	0.0
21.5455341339	43.9406776428	0.0
21.546541214	43.9106941223	0.0
21.5475482941	43.8807106018	0.0
21.5485553741	43.8507270813	0.0
21.5206165314	43.8384170532	0.0
21.4919643402	43.8473091125	0.0
21.463312149	43.8562011719	0.0
21.4346618652	43.8650970459	0.0
21.4060096741	43.8739891052	0.0
21.3773574829	43.8828811646	0.0
21.3487052917	43.8917732239	0.0
21.3200531006	43.9006652832	0.0
21.2914028168	43.9095573425	0.0
21.2627506256	43.9184494019	0.0
21.2340984344	43.9273452759	0.0
21.2054462433	43.9362373352	0.0
21.1767940521	43.9451293945	0.0
21.1481437683	43.9540214539	0.0
21.1194915771	43.9629135132	0.0
21.090839386	43.9718055725	0.0
21.0621871948	43.9806976318	0.0
21.033536911	43.9895896912	0.0
21.0048847198	43.9984855652	0.0
21.5502758026	43.7995414734	0.0
21.5512828827	43.7695617676	0.0
21.5522880554	43.7395782471	0.0
21.5532970428	43.7095947266	0.0
21.5543041229	43.6796112061	0.0
21.555311203	43.6496276855	0.0
21.5563182831	43.619644165	0.0
21.5573253632	43.5896606445	0.0
21.5583324432	43.559677124	0.0
21.5593395233	43.5296936035	0.0
21.5603466034	43.4997138977	0.0
21.5613536835	43.4697303772	0.0
21.5623607635	43.4397468567	0.0
21.5373802185	43.4030532837	0.0
21.5116882324	43.3875656128	0.0
21.4859962463	43.3720741272	0.0
21.4603042603	43.3565864563	0.0
21.4346122742	43.3410949707	0.0
21.4089202881	43.3256072998	0.0
21.383228302	43.3101158142	0.0
21.3575363159	43.2946281433	0.0
21.3318462372	43.2791366577	0.0
21.3061542511	43.2636489868	0.0
21.280462265	43.2481575012	0.0
21.2547702789	43.2326698303	0.0
21.2290782928	43.2171783447	0.0
21.2033863068	43.2016906738	0.0
21.1776943207	43.1861991882	0.0
21.1520023346	43.1707115173	0.0
21.1099014282	43.1589775085	0.0
21.08020401	43.1547241211	0.0
21.0505065918	43.1504707336	0.0
21.0208110809	43.1462173462	0.0
20.9911136627	43.1419639587	0.0
20.9614162445	43.1377105713	0.0
20.9317207336	43.1334571838	0.0
20.9020233154	43.1292037964	0.0
20.8723258972	43.1249504089	0.0
20.842628479	43.1206932068	0.0
20.8129310608	43.116443634	0.0
20.7832355499	43.1121864319	0.0
20.7535381317	43.1079330444	0.0
20.7238426208	43.103679657	0.0
20.6941452026	43.0994262695	0.0
20.6644477844	43.0951728821	0.0
20.6347503662	43.0909194946	0.0
20.6050548553	43.0866661072	0.0
20.5753574371	43.0824127197	0.0
20.5456600189	43.0781593323	0.0
20.5159626007	43.0739059448	0.0
20.4862651825	43.0696525574	0.0
20.4565696716	43.0653953552	0.0
20.4268722534	43.0611457825	0.0
20.3971767426	43.0568885803	0.0
20.3674793243	43.0526351929	0.0
20.3377819061	43.0483818054	0.0
20.3080844879	43.044128418	0.0
20.2783870697	43.0398750305	0.0
20.2486915588	43.0356216431	0.0
20.2189941406	43.0313682556	0.0
20.1892967224	43.0271148682	0.0
20.1595993042	43.0228614807	0.0
20.1299037933	43.0186080933	0.0
20.1002063751	43.0143547058	0.0
20.0705108643	43.0101013184	0.0
20.040813446	43.0058441162	0.0
20.0111160278	43.0015907288	0.0
21.1201000214	43.1404342651	0.0
21.1006011963	43.1176338196	0.0
21.0811023712	43.094833374	0.0
21.0616054535	43.0720329285	0.0
21.0421066284	43.0492362976	0.0
21.0226078033	43.0264358521	0.0
21.0031108856	43.0036354065	0.0
21.5679950714	43.3889503479	0.0
21.5729179382	43.3593559265	0.0
21.5778408051	43.3297653198	0.0
21.5827636719	43.3001708984	0.0
21.5876865387	43.2705764771	0.0
21.5926074982	43.2409858704	0.0
21.597530365	43.211391449	0.0
21.6024532318	43.1817970276	0.0
21.6073760986	43.1522026062	0.0
21.6122989655	43.1226119995	0.0
21.6172218323	43.0930175781	0.0
21.6221446991	43.0634231567	0.0
21.6270675659	43.0338287354	0.0
21.6319904327	43.0042381287	0.0
21.6369132996	42.9746437073	0.0
21.641834259	42.9450492859	0.0
21.6467571259	42.9154586792	0.0
21.6516819	42.8858642578	0.0
21.6566028595	42.8562698364	0.0
21.6615257263	42.826675415	0.0
21.6664485931	42.7970848083	0.0
21.67137146	42.767490387	0.0
21.6762943268	42.7378959656	0.0
21.6812171936	42.7083015442	0.0
21.6861381531	42.6787109375	0.0
21.7130222321	42.6572151184	0.0
21.7388648987	42.6419754028	0.0
21.764705658	42.626739502	0.0
21.7905483246	42.6114997864	0.0
21.8163890839	42.5962638855	0.0
21.8422317505	42.5810241699	0.0
21.8680744171	42.565788269	0.0
21.8939151764	42.5505485535	0.0
21.919757843	42.5353126526	0.0
21.9455986023	42.520072937	0.0
21.9714412689	42.5048332214	0.0
21.9972839355	42.4895973206	0.0
22.0475330353	42.4821052551	0.0
22.0771694183	42.4867668152	0.0
22.106803894	42.4914321899	0.0
22.1364383698	42.49609375	0.0
22.1660747528	42.5007591248	0.0
22.1957092285	42.5054206848	0.0
22.2253456116	42.5100860596	0.0
22.2549800873	42.5147476196	0.0
22.2846164703	42.5194091797	0.0
22.314250946	42.5240745544	0.0
22.3438873291	42.5287361145	0.0
22.3735218048	42.5334014893	0.0
22.4031562805	42.538066864	0.0
22.4327926636	42.5427284241	0.0
22.4624271393	42.5473899841	0.0
22.4920635223	42.5520553589	0.0
22.5216999054	42.5567169189	0.0
22.5513343811	42.5613822937	0.0
22.5809688568	42.5660438538	0.0
22.6106052399	42.5707092285	0.0
22.6402397156	42.5753707886	0.0
22.6698741913	42.5800361633	0.0
22.6995105743	42.5846977234	0.0
22.72914505	42.5893592834	0.0
22.7587814331	42.5940246582	0.0
22.7884178162	42.5986862183	0.0
22.8180522919	42.603351593	0.0
22.8476867676	42.6080131531	0.0
22.8773231506	42.6126785278	0.0
22.9069576263	42.6173400879	0.0
22.9365940094	42.6220054626	0.0
22.9662284851	42.6266670227	0.0
22.9958648682	42.6313323975	0.0
23.0254993439	42.6359939575	0.0
23.0551357269	42.6406593323	0.0
23.0847702026	42.6453208923	0.0
23.1144065857	42.6499862671	0.0
23.1518249512	42.6678733826	0.0
23.1772060394	42.6838645935	0.0
23.2025871277	42.6998596191	0.0
23.2279682159	42.7158508301	0.0
23.2533512115	42.7318458557	0.0
23.2787322998	42.7478370667	0.0
23.3041133881	42.7638320923	0.0
23.3294944763	42.7798233032	0.0
23.3548774719	42.7958183289	0.0
23.3802585602	42.8118095398	0.0
23.4056396484	42.8278045654	0.0
23.4310207367	42.8437957764	0.0
23.4660873413	42.8554840088	0.0
23.4950466156	42.8633232117	0.0
23.5240039825	42.8711624146	0.0
23.5529613495	42.8789978027	0.0
23.5819206238	42.8868370056	0.0
23.6108779907	42.8946762085	0.0
23.6398353577	42.9025115967	0.0
23.668794632	42.9103507996	0.0
23.6977519989	42.9181900024	0.0
23.7267093658	42.9260292053	0.0
23.7556686401	42.9338645935	0.0
23.7846260071	42.9417037964	0.0
23.813583374	42.9495429993	0.0
23.8425426483	42.9573783875	0.0
23.8715000153	42.9652175903	0.0
23.9004573822	42.9730567932	0.0
23.9294166565	42.9808959961	0.0
23.9583740234	42.9887313843	0.0
23.9873313904	42.9965705872	0.0
23.4311580658	42.8770446777	0.0
23.4251880646	42.9064445496	0.0
23.4192180634	42.9358444214	0.0
23.4132461548	42.9652442932	0.0
23.4072761536	42.994644165	0.0
23.401304245	43.0240440369	0.0
23.3953342438	43.0534439087	0.0
23.3893623352	43.0828437805	0.0
23.383392334	43.1122436523	0.0
23.3774204254	43.1416435242	0.0
23.3714504242	43.171043396	0.0
23.3654785156	43.2004432678	0.0
23.3595085144	43.2298431396	0.0
23.3535366058	43.2592430115	0.0
23.3475666046	43.2886428833	0.0
23.3415966034	43.3180427551	0.0
23.3356246948	43.347442627	0.0
23.3296546936	43.3768424988	0.0
23.323682785	43.4062423706	0.0
23.3177127838	43.4356422424	0.0
23.3117408752	43.4650421143	0.0
23.305770874	43.4944419861	0.0
23.2997989655	43.5238418579	0.0
23.2938270569	43.5532417297	0.0
23.2878570557	43.5826416016	0.0
23.2818851471	43.6120414734	0.0
23.2759151459	43.6414413452	0.0
23.2699432373	43.670841217	0.0
23.2639732361	43.7002410889	0.0
23.2580032349	43.7296409607	0.0
23.2520313263	43.7590408325	0.0
23.2460613251	43.7884407043	0.0
23.2400894165	43.8178405762	0.0
23.2341194153	43.847240448	0.0
23.2281475067	43.8766403198	0.0
23.2221775055	43.9060401917	0.0
23.2162055969	43.9354400635	0.0
23.2102355957	43.9648361206	0.0
23.2042636871	43.9942398071	0.0
23.1982936859	44.023639679	0.0
23.1923217773	44.0530395508	0.0
23.1863517761	44.0824394226	0.0
23.1803817749	44.1118354797	0.0
23.1744098663	44.1412353516	0.0
23.1684398651	44.1706352234	0.0
23.1624679565	44.2000350952	0.0
23.156496048	44.2294387817	0.0
23.1505260468	44.2588348389	0.0
23.1445541382	44.2882347107	0.0
23.138584137	44.3176345825	0.0
23.1326122284	44.3470344543	0.0
23.1266422272	44.3764343262	0.0
23.1206703186	44.405834198	0.0
23.1147003174	44.4352340698	0.0
23.1087284088	44.4646339417	0.0
23.1027584076	44.4940338135	0.0
23.0967884064	44.5234336853	0.0
23.0908164978	44.5528335571	0.0
23.0848464966	44.582233429	0.0
23.078874588	44.6116333008	0.0
23.0729045868	44.6410331726	0.0
23.0669326782	44.6704330444	0.0
23.060962677	44.6998329163	0.0
23.0549907684	44.7292327881	0.0
23.0490207672	44.7586326599	0.0
23.0430488586	44.7880325317	0.0
23.0370788574	44.8174324036	0.0
23.0311069489	44.8468322754	0.0
23.0251369476	44.8762321472	0.0
23.0191669464	44.905632019	0.0
23.0131950378	44.9350318909	0.0
23.0072231293	44.9644317627	0.0
23.0012531281	44.9938316345	0.0
23.1504878998	42.6339378357	0.0
23.1745300293	42.6159934998	0.0
23.1985721588	42.5980529785	0.0
23.2226161957	42.5801124573	0.0
23.2466602325	42.5621681213	0.0
23.2707042694	42.5442276001	0.0
23.2947463989	42.5262832642	0.0
23.3187904358	42.5083427429	0.0
23.3428344727	42.4904022217	0.0
23.3668766022	42.4724578857	0.0
23.390920639	42.4545173645	0.0
23.4149646759	42.4365768433	0.0
23.4390068054	42.4186325073	0.0
23.4630508423	42.4006919861	0.0
23.4870948792	42.3827476501	0.0
23.5111370087	42.3648071289	0.0
23.5351810455	42.3468666077	0.0
23.559223175	42.3289222717	0.0
23.5832672119	42.3109817505	0.0
23.6073112488	42.2930374146	0.0
23.6313533783	42.2750968933	0.0
23.6553974152	42.2571525574	0.0
23.679441452	42.2392120361	0.0
23.7034835815	42.2212715149	0.0
23.7275276184	42.203327179	0.0
23.7515716553	42.1853866577	0.0
23.7756137848	42.1674423218	0.0
23.7996578217	42.1495018005	0.0
23.8237018585	42.1315612793	0.0
23.8477458954	42.1136169434	0.0
23.8717880249	42.0956764221	0.0
23.8958301544	42.0777359009	0.0
23.9198741913	42.0597915649	0.0
23.9439182281	42.0418510437	0.0
23.9679603577	42.0239067078	0.0
23.9920043945	42.0059661865	0.0
22.0420608521	42.4596595764	0.0
22.0662231445	42.4418792725	0.0
22.090385437	42.4240951538	0.0
22.1145477295	42.4063148499	0.0
22.138710022	42.3885345459	0.0
22.1628723145	42.3707504272	0.0
22.1870346069	42.3529701233	0.0
22.2111968994	42.3351898193	0.0
22.2353591919	42.3174095154	0.0
22.2323913574	42.2823982239	0.0
22.2133293152	42.2592315674	0.0
22.1942653656	42.2360687256	0.0
22.1752033234	42.2129020691	0.0
22.1561393738	42.1897392273	0.0
22.1370773315	42.1665725708	0.0
22.1180152893	42.143409729	0.0
22.0989513397	42.1202430725	0.0
22.0798892975	42.0970802307	0.0
22.0608253479	42.0739135742	0.0
22.0417633057	42.0507507324	0.0
22.0226993561	42.0275840759	0.0
22.0036373138	42.0044212341	0.0
22.2792301178	42.2942237854	0.0
22.3070049286	42.2828865051	0.0
22.3347797394	42.2715492249	0.0
22.3625545502	42.2602081299	0.0
22.390329361	42.2488708496	0.0
22.4181041718	42.2375335693	0.0
22.4458808899	42.2261962891	0.0
22.4736557007	42.2148590088	0.0
22.5014305115	42.2035217285	0.0
22.5292053223	42.1921844482	0.0
22.5569801331	42.1808433533	0.0
22.5847549438	42.169506073	0.0
22.6125297546	42.1581687927	0.0
22.6403045654	42.1468315125	0.0
22.6680793762	42.1354942322	0.0
22.695854187	42.1241531372	0.0
22.7236309052	42.1128158569	0.0
22.7514057159	42.1014785767	0.0
22.7791805267	42.0901412964	0.0
22.8069553375	42.0788040161	0.0
22.8347301483	42.0674667358	0.0
22.8625049591	42.0561256409	0.0
22.8902797699	42.0447883606	0.0
22.9180545807	42.0334510803	0.0
22.9458293915	42.0221138	0.0
22.9736042023	42.0107765198	0.0
21.6865749359	42.6424598694	0.0
21.6859703064	42.6124649048	0.0
21.6853656769	42.5824699402	0.0
21.68475914	42.5524787903	0.0
21.6841545105	42.5224838257	0.0
21.683549881	42.4924888611	0.0
21.6829452515	42.4624938965	0.0
21.6823406219	42.4325027466	0.0
21.6817340851	42.402507782	0.0
21.6811294556	42.3725128174	0.0
21.680524826	42.3425216675	0.0
21.6799182892	42.3125267029	0.0
21.6870822906	42.2827568054	0.0
21.6942577362	42.2536277771	0.0
21.7014331818	42.2244987488	0.0
21.7086086273	42.1953697205	0.0
21.7157840729	42.1662406921	0.0
21.7229595184	42.1371116638	0.0
21.730134964	42.1079788208	0.0
21.7373104095	42.0788497925	0.0
21.7444858551	42.0497207642	0.0
21.7516613007	42.0205917358	0.0
21.7588367462	41.9914627075	0.0
21.7660121918	41.9623336792	0.0
21.7731876373	41.9332046509	0.0
21.7803630829	41.9040756226	0.0
21.7875385284	41.8749465942	0.0
21.794713974	41.8458175659	0.0
21.8018894196	41.8166885376	0.0
21.8090648651	41.7875595093	0.0
21.8162403107	41.758430481	0.0
21.8234157562	41.7293014526	0.0
21.8305912018	41.7001724243	0.0
21.8377666473	41.671043396	0.0
21.8449420929	41.6419143677	0.0
21.8497028351	41.5846862793	0.0
21.8477401733	41.5547485352	0.0
21.8457775116	41.5248146057	0.0
21.8438148499	41.4948768616	0.0
21.8418521881	41.4649429321	0.0
21.8398914337	41.435005188	0.0
21.837928772	41.4050712585	0.0
21.8359661102	41.3751335144	0.0
21.8340034485	41.345199585	0.0
21.8320407867	41.3152618408	0.0
21.830078125	41.2853279114	0.0
21.8281173706	41.2553901672	0.0
21.8261547089	41.2254562378	0.0
21.8241920471	41.1955184937	0.0
21.8222293854	41.1655845642	0.0
21.8202667236	41.1356506348	0.0
21.8183040619	41.1057128906	0.0
21.7871379852	41.0823135376	0.0
21.7573013306	41.0791931152	0.0
21.7274627686	41.0760726929	0.0
21.6976261139	41.0729522705	0.0
21.6677894592	41.0698318481	0.0
21.6379528046	41.0667114258	0.0
21.6081142426	41.0635910034	0.0
21.5782775879	41.0604705811	0.0
21.5484409332	41.0573501587	0.0
21.5186023712	41.054233551	0.0
21.4887657166	41.051109314	0.0
21.4589271545	41.0479927063	0.0
21.4290904999	41.0448722839	0.0
21.3992538452	41.0417518616	0.0
21.3694152832	41.0386314392	0.0
21.3395786285	41.0355110168	0.0
21.3097400665	41.0323905945	0.0
21.2799034119	41.0292701721	0.0
21.2500667572	41.0261497498	0.0
21.2202281952	41.0230293274	0.0
21.1903915405	41.019908905	0.0
21.1605548859	41.0167884827	0.0
21.1307163239	41.0136680603	0.0
21.1008796692	41.0105476379	0.0
21.0710430145	41.0074272156	0.0
21.0412063599	41.0043106079	0.0
21.0113677979	41.0011901855	0.0
21.8150138855	41.0554962158	0.0
21.8130512238	41.0255622864	0.0
21.811088562	40.9956245422	0.0
21.8091259003	40.9656906128	0.0
21.8071632385	40.9357528687	0.0
21.8052005768	40.9058189392	0.0
21.8032398224	40.8758811951	0.0
21.8012771606	40.8459472656	0.0
21.7993144989	40.8160095215	0.0
21.7973518372	40.786075592	0.0
21.7953891754	40.7561416626	0.0
21.7934265137	40.7262039185	0.0
21.7914657593	40.6962661743	0.0
21.7895011902	40.6663322449	0.0
21.7875404358	40.6363983154	0.0
21.785577774	40.6064605713	0.0
21.7836151123	40.5765266418	0.0
21.8086872101	40.5419998169	0.0
21.8350887299	40.5277519226	0.0
21.8614883423	40.5135040283	0.0
21.8878898621	40.499256134	0.0
21.9142913818	40.4850082397	0.0
21.9406929016	40.4707603455	0.0
21.967092514	40.4565124512	0.0
21.9934940338	40.4422683716	0.0
22.0198955536	40.4280204773	0.0
22.046295166	40.413772583	0.0
22.0726966858	40.3995246887	0.0
22.0990982056	40.3852767944	0.0
22.1254997253	40.3710327148	0.0
22.1519012451	40.3567848206	0.0
22.1783027649	40.3425369263	0.0
22.2047023773	40.328289032	0.0
22.1987686157	40.2975540161	0.0
22.1821041107	40.272605896	0.0
22.1654396057	40.2476615906	0.0
22.1487751007	40.2227134705	0.0
22.1321105957	40.197769165	0.0
22.1154460907	40.1728248596	0.0
22.098783493	40.1478767395	0.0
22.082118988	40.1229324341	0.0
22.065454483	40.097984314	0.0
22.048789978	40.0730361938	0.0
22.032125473	40.0480918884	0.0
22.0154628754	40.023147583	0.0
22.2418327332	40.3082504272	0.0
22.2682342529	40.294002533	0.0
22.2946357727	40.2797584534	0.0
22.3210353851	40.2655105591	0.0
22.3474369049	40.2512626648	0.0
22.3738384247	40.2370147705	0.0
22.4002399445	40.2227668762	0.0
22.4266395569	40.2085227966	0.0
22.4530410767	40.1942749023	0.0
22.4794425964	40.1800270081	0.0
22.5058422089	40.1657791138	0.0
22.5322437286	40.1515312195	0.0
22.5586452484	40.1372833252	0.0
22.5850467682	40.1230354309	0.0
22.611448288	40.1087913513	0.0
22.6378498077	40.094543457	0.0
22.6776657104	40.0814056396	0.0
22.7067508698	40.0740623474	0.0
22.7358379364	40.0667152405	0.0
22.7649250031	40.0593681335	0.0
22.7940101624	40.0520248413	0.0
22.823097229	40.0446777344	0.0
22.8521842957	40.0373306274	0.0
22.8812713623	40.0299835205	0.0
22.910358429	40.0226402283	0.0
22.9394454956	40.0152931213	0.0
22.9685325623	40.0079460144	0.0
22.9976177216	40.0006027222	0.0
22.6749782562	40.0745048523	0.0
22.701379776	40.060256958	0.0
22.7277812958	40.0460128784	0.0
22.7541828156	40.0317649841	0.0
22.780582428	40.0175170898	0.0
22.8069839478	40.0032691956	0.0
22.8333854675	39.9890213013	0.0
22.85978508	39.974773407	0.0
22.8861865997	39.9605255127	0.0
22.9125881195	39.9462814331	0.0
22.9389896393	39.9320335388	0.0
22.9653892517	39.9177856445	0.0
22.9917907715	39.9035377502	0.0
23.0181922913	39.889289856	0.0
23.044593811	39.8750457764	0.0
23.0709953308	39.8607978821	0.0
23.0973968506	39.8465499878	0.0
23.123796463	39.8323020935	0.0
23.1501979828	39.8180541992	0.0
23.1765995026	39.8038063049	0.0
23.202999115	39.7895584106	0.0
23.2294006348	39.7753143311	0.0
23.2558021545	39.7610664368	0.0
23.2822036743	39.7468185425	0.0
23.3086032867	39.7325706482	0.0
23.3350048065	39.7183227539	0.0
23.3614063263	39.7040748596	0.0
23.3878078461	39.68983078	0.0
23.4142074585	39.6755828857	0.0
23.4406089783	39.6613349915	0.0
23.467010498	39.6470870972	0.0
23.4934101105	39.6328392029	0.0
23.5198116302	39.6185913086	0.0
23.54621315	39.6043434143	0.0
23.5726146698	39.5900993347	0.0
23.5990142822	39.5758514404	0.0
23.6254177094	39.5616035461	0.0
23.6518173218	39.5473556519	0.0
23.6856536865	39.5290985107	0.0
23.712053299	39.5148506165	0.0
23.7384548187	39.5006027222	0.0
23.7648563385	39.4863548279	0.0
23.7912578583	39.4721069336	0.0
23.8176574707	39.457862854	0.0
23.8440589905	39.4436149597	0.0
23.8704605103	39.4293670654	0.0
23.8968601227	39.4151191711	0.0
23.9232616425	39.4008712769	0.0
23.9496631622	39.3866233826	0.0
23.976064682	39.3723754883	0.0
24.0024642944	39.3581314087	0.0
24.0288658142	39.3438835144	0.0
24.055267334	39.3296356201	0.0
24.0816688538	39.3153877258	0.0
24.1080703735	39.3011398315	0.0
24.1344718933	39.286895752	0.0
24.1608715057	39.2726478577	0.0
24.1621665955	39.240737915	0.0
24.15974617	39.2108345032	0.0
24.1573257446	39.180934906	0.0
24.1549034119	39.1510314941	0.0
24.1524810791	39.121131897	0.0
24.1500606537	39.0912284851	0.0
24.1476383209	39.0613250732	0.0
24.1452178955	39.0314254761	0.0
24.1427955627	39.0015220642	0.0
24.1403751373	38.9716186523	0.0
24.1379547119	38.9417152405	0.0
24.1355323792	38.9118156433	0.0
24.1331100464	38.8819122314	0.0
24.130689621	38.8520126343	0.0
24.1282672882	38.8221092224	0.0
24.1258468628	38.7922058105	0.0
24.12342453	38.7623023987	0.0
24.1210041046	38.7324028015	0.0
24.1185836792	38.7024993896	0.0
24.1161613464	38.6725997925	0.0
24.113740921	38.6426963806	0.0
24.1113185883	38.6127929688	0.0
24.1088962555	38.5828933716	0.0
24.1064758301	38.5529899597	0.0
24.1040534973	38.5230865479	0.0
24.1016330719	38.493183136	0.0
24.0992126465	38.4632835388	0.0
24.0967903137	38.433380127	0.0
24.0942783356	38.3869934082	0.0
24.0930938721	38.3570175171	0.0
24.0919094086	38.327041626	0.0
24.0907268524	38.2970657349	0.0
24.0895423889	38.2670898438	0.0
24.0883579254	38.2371101379	0.0
24.0871734619	38.2071342468	0.0
24.0859909058	38.1771583557	0.0
24.0848064423	38.1471824646	0.0
24.0836219788	38.1172065735	0.0
24.0824375153	38.0872306824	0.0
24.0812530518	38.0572509766	0.0
24.0800704956	38.0272750854	0.0
24.0788860321	37.9972991943	0.0
24.0777015686	37.9673233032	0.0
24.0765171051	37.9373435974	0.0
24.075334549	37.9073677063	0.0
24.0741500854	37.8773918152	0.0
24.0729656219	37.8474159241	0.0
24.0717811584	37.817440033	0.0
24.0705986023	37.7874603271	0.0
24.0694141388	37.757484436	0.0
24.0682296753	37.7275085449	0.0
24.0670452118	37.6975326538	0.0
24.0658626556	37.6675567627	0.0
24.0646781921	37.6375808716	0.0
24.0634937286	37.6076011658	0.0
24.0623092651	37.5776252747	0.0
24.061126709	37.5476493835	0.0
24.0599422455	37.5176734924	0.0
24.0587596893	37.4876976013	0.0
24.0575752258	37.4577178955	0.0
24.0563907623	37.4277420044	0.0
24.0552062988	37.3977661133	0.0
24.0540237427	37.3677902222	0.0
24.0528392792	37.3378143311	0.0
24.0516548157	37.3078346252	0.0
24.0504703522	37.2778587341	0.0
24.049287796	37.247882843	0.0
24.0481033325	37.2179069519	0.0
24.046918869	37.1879310608	0.0
24.0457344055	37.157951355	0.0
24.0445518494	37.1279754639	0.0
24.0433673859	37.0979995728	0.0
24.0421829224	37.0680236816	0.0
24.0409984589	37.0380477905	0.0
24.0398159027	37.0080718994	0.0
24.0386314392	36.9780921936	0.0
24.0374469757	36.9481163025	0.0
24.0362625122	36.9181404114	0.0
24.0350780487	36.8881645203	0.0
24.0338954926	36.8581886292	0.0
24.0327110291	36.8282089233	0.0
24.0315265656	36.7982330322	0.0
24.0303421021	36.7682571411	0.0
24.0291595459	36.73828125	0.0
24.0279750824	36.7083053589	0.0
24.0267906189	36.6783256531	0.0
24.0256061554	36.648349762	0.0
24.0244235992	36.6183738708	0.0
24.0232391357	36.5883979797	0.0
24.0220565796	36.5584220886	0.0
24.0208721161	36.5284423828	0.0
24.0196876526	36.4984664917	0.0
24.0185031891	36.4684906006	0.0
24.0173206329	36.4385147095	0.0
24.0161361694	36.4085388184	0.0
24.0149517059	36.3785591125	0.0
24.0137672424	36.3485832214	0.0
24.0125846863	36.3186073303	0.0
24.0114002228	36.2886314392	0.0
24.0102157593	36.2586555481	0.0
24.0090312958	36.228679657	0.0
24.0078487396	36.1986999512	0.0
24.0066642761	36.1687240601	0.0
24.0054798126	36.1387481689	0.0
24.0042953491	36.1087722778	0.0
24.003112793	36.0787963867	0.0
24.0019283295	36.0488166809	0.0
24.000743866	36.0188407898	0.0
24.088766098	38.3877296448	0.0
24.0820713043	38.3584861755	0.0
24.0753765106	38.3292427063	0.0
24.0686817169	38.2999992371	0.0
24.0619869232	38.2707557678	0.0
24.0552921295	38.2415122986	0.0
24.0485973358	38.2122688293	0.0
24.0419025421	38.1830253601	0.0
24.0352077484	38.1537818909	0.0
24.0285110474	38.1245384216	0.0
24.0218162537	38.0952949524	0.0
24.01512146	38.0660514832	0.0
24.0084266663	38.0368080139	0.0
24.0017318726	38.0075645447	0.0
24.190990448	39.2563934326	0.0
24.2173900604	39.2421455383	0.0
24.2437915802	39.227897644	0.0
24.2701931	39.2136497498	0.0
24.2965946198	39.1994056702	0.0
24.3229942322	39.1851577759	0.0
24.349395752	39.1709098816	0.0
24.3757972717	39.1566619873	0.0
24.4021987915	39.142414093	0.0
24.4285984039	39.1281661987	0.0
24.4549999237	39.1139221191	0.0
24.4814014435	39.0996742249	0.0
24.5078010559	39.0854263306	0.0
24.5342025757	39.0711784363	0.0
24.5606040955	39.056930542	0.0
24.5870056152	39.0426826477	0.0
24.613407135	39.0284385681	0.0
24.6398086548	39.0141906738	0.0
24.6662082672	38.9999427795	0.0
24.6894989014	38.9752006531	0.0
24.7090702057	38.9524650574	0.0
24.72864151	38.9297294617	0.0
24.7482147217	38.9069900513	0.0
24.767786026	38.8842544556	0.0
24.7873573303	38.8615188599	0.0
24.8069286346	38.8387832642	0.0
24.8265018463	38.8160476685	0.0
24.8460731506	38.7933082581	0.0
24.865644455	38.7705726624	0.0
24.8852176666	38.7478370667	0.0
24.9047889709	38.7251014709	0.0
24.9243602753	38.7023658752	0.0
24.9439334869	38.6796264648	0.0
24.9635047913	38.6568908691	0.0
24.9830760956	38.6341552734	0.0
25.0026493073	38.6114196777	0.0
25.0222206116	38.588684082	0.0
25.0417938232	38.5659484863	0.0
25.0613651276	38.5432128906	0.0
25.0809364319	38.5204734802	0.0
25.1005096436	38.4977378845	0.0
25.1200809479	38.4750022888	0.0
25.1462173462	38.4466972351	0.0
25.1667861938	38.4248580933	0.0
25.1873569489	38.4030227661	0.0
25.2079257965	38.3811836243	0.0
25.2284965515	38.3593444824	0.0
25.2490653992	38.3375091553	0.0
25.2696361542	38.3156700134	0.0
25.2902050018	38.2938346863	0.0
25.3107757568	38.2719955444	0.0
25.3313446045	38.2501564026	0.0
25.3519153595	38.2283210754	0.0
25.3724842072	38.2064819336	0.0
25.3930530548	38.1846466064	0.0
25.4136238098	38.1628074646	0.0
25.4341945648	38.1409683228	0.0
25.4547634125	38.1191329956	0.0
25.4753322601	38.0972938538	0.0
25.4959030151	38.0754585266	0.0
25.5164737701	38.0536193848	0.0
25.5370426178	38.0317802429	0.0
25.5576133728	38.0099449158	0.0
25.5781822205	37.9881057739	0.0
25.5808811188	37.9429931641	0.0
25.5651473999	37.9174499512	0.0
25.549413681	37.8919067383	0.0
25.5336780548	37.8663635254	0.0
25.5179443359	37.8408203125	0.0
25.5022106171	37.8152809143	0.0
25.4864768982	37.7897377014	0.0
25.470741272	37.7641944885	0.0
25.4550075531	37.7386512756	0.0
25.4392738342	37.7131080627	0.0
25.423538208	37.6875648499	0.0
25.4078044891	37.662021637	0.0
25.3920707703	37.6364784241	0.0
25.376335144	37.6109390259	0.0
25.3606014252	37.585395813	0.0
25.3448677063	37.5598526001	0.0
25.3291320801	37.5343093872	0.0
25.3133983612	37.5087661743	0.0
25.2976646423	37.4832229614	0.0
25.2819309235	37.4576797485	0.0
25.2661952972	37.4321365356	0.0
25.2504615784	37.4065971375	0.0
25.2347278595	37.3810539246	0.0
25.2189922333	37.3555107117	0.0
25.2032585144	37.3299674988	0.0
25.1875247955	37.3044242859	0.0
25.1717891693	37.278881073	0.0
25.1560554504	37.2533378601	0.0
25.1403217316	37.2277946472	0.0
25.1245880127	37.2022514343	0.0
25.1088523865	37.1767120361	0.0
25.0931186676	37.1511688232	0.0
25.0773849487	37.1256256104	0.0
25.0616493225	37.1000823975	0.0
25.0459156036	37.0745391846	0.0
25.0301818848	37.0489959717	0.0
25.0144481659	37.0234527588	0.0
25.6171855927	37.9466972351	0.0
25.6377544403	37.924861908	0.0
25.6583251953	37.9030227661	0.0
25.6788959503	37.881187439	0.0
25.699464798	37.8593482971	0.0
25.7200336456	37.8375091553	0.0
25.7406044006	37.8156738281	0.0
25.7611732483	37.7938346863	0.0
25.7817440033	37.7719955444	0.0
25.802312851	37.7501602173	0.0
25.822883606	37.7283210754	0.0
25.8434524536	37.7064857483	0.0
25.8640232086	37.6846466064	0.0
25.8845920563	37.6628074646	0.0
25.9051628113	37.6409721375	0.0
25.9257316589	37.6191329956	0.0
25.9463024139	37.5972976685	0.0
25.9668712616	37.5754585266	0.0
25.9874401093	37.5536193848	0.0
26.0080108643	37.5317840576	0.0
26.0285816193	37.5099449158	0.0
26.0491504669	37.4881057739	0.0
26.0633010864	37.4388465881	0.0
26.0590171814	37.4091529846	0.0
26.0547351837	37.3794593811	0.0
26.0504512787	37.3497657776	0.0
26.046169281	37.3200721741	0.0
26.041885376	37.2903823853	0.0
26.0376033783	37.2606887817	0.0
26.0333194733	37.2309951782	0.0
26.0290374756	37.2013053894	0.0
26.0247535706	37.1716117859	0.0
26.0204715729	37.1419181824	0.0
26.0161876678	37.1122245789	0.0
26.0119056702	37.08253479	0.0
26.0076217651	37.0528411865	0.0
26.0033397675	37.023147583	0.0
26.0916213989	37.4505882263	0.0
26.1156578064	37.432636261	0.0
26.1396942139	37.4146842957	0.0
26.1637325287	37.396736145	0.0
26.1877689362	37.3787841797	0.0
26.2118053436	37.3608360291	0.0
26.2358436584	37.3428840637	0.0
26.2598800659	37.3249320984	0.0
26.2839183807	37.3069839478	0.0
26.3079547882	37.2890319824	0.0
26.3319911957	37.2710838318	0.0
26.3560295105	37.2531318665	0.0
26.4029445648	37.2283096313	0.0
26.4309654236	37.2175941467	0.0
26.4589862823	37.2068786621	0.0
26.4870071411	37.1961631775	0.0
26.5150279999	37.1854476929	0.0
26.543050766	37.1747322083	0.0
26.5710716248	37.1640167236	0.0
26.5990924835	37.153301239	0.0
26.6271133423	37.1425895691	0.0
26.655134201	37.1318740845	0.0
26.6831550598	37.1211585999	0.0
26.7111778259	37.1104431152	0.0
26.7391986847	37.0997276306	0.0
26.7672195435	37.089012146	0.0
26.7952404022	37.0782966614	0.0
26.823261261	37.0675811768	0.0
26.8512821198	37.0568695068	0.0
26.8793048859	37.0461540222	0.0
26.9073257446	37.0354385376	0.0
26.9353466034	37.024723053	0.0
26.9633674622	37.0140075684	0.0
26.9913883209	37.0032920837	0.0
26.390083313	37.2131347656	0.0
26.4052448273	37.18724823	0.0
26.4204063416	37.1613616943	0.0
26.4355678558	37.1354751587	0.0
26.4507274628	37.109588623	0.0
26.4658908844	37.0837020874	0.0
26.4810504913	37.0578155518	0.0
26.4962120056	37.0319252014	0.0
26.5113735199	37.0060386658	0.0
26.5265331268	36.9801521301	0.0
26.5416965485	36.9542655945	0.0
26.5712757111	36.9037590027	0.0
26.5864372253	36.877872467	0.0
26.6015987396	36.8519821167	0.0
26.6167602539	36.8260955811	0.0
26.6319217682	36.8002090454	0.0
26.6470813751	36.7743225098	0.0
26.6622447968	36.7484359741	0.0
26.6774044037	36.7225494385	0.0
26.692565918	36.6966629028	0.0
26.7077274323	36.6707763672	0.0
26.7228889465	36.6448898315	0.0
26.7380504608	36.6189994812	0.0
26.7532100677	36.5931129456	0.0
26.768371582	36.5672264099	0.0
26.7835330963	36.5413398743	0.0
26.7986946106	36.5154533386	0.0
26.8138561249	36.489566803	0.0
26.8290176392	36.4636802673	0.0
26.8441772461	36.4377937317	0.0
26.8593387604	36.4119033813	0.0
26.8745002747	36.3860168457	0.0
26.8896617889	36.3601303101	0.0
26.9048233032	36.3342437744	0.0
26.9199848175	36.3083572388	0.0
26.9351463318	36.2824707031	0.0
26.9503078461	36.2565841675	0.0
26.965467453	36.2306976318	0.0
26.9794235229	36.1777687073	0.0
26.9799461365	36.1477737427	0.0
26.9804706573	36.1177787781	0.0
26.9809951782	36.0877799988	0.0
26.9815196991	36.0577850342	0.0
26.9820423126	36.0277900696	0.0
26.9825668335	35.997795105	0.0
26.9830913544	35.9678001404	0.0
26.9836158752	35.9378051758	0.0
26.9841384888	35.9078102112	0.0
26.9846630096	35.8778114319	0.0
26.9851875305	35.8478164673	0.0
26.9857120514	35.8178215027	0.0
26.9862365723	35.7878265381	0.0
26.9867591858	35.7578315735	0.0
26.9872837067	35.7278366089	0.0
27.0153121948	35.7138175964	0.0
27.0432853699	35.7029762268	0.0
27.0712566376	35.6921348572	0.0
27.0992298126	35.6812934875	0.0
27.1272029877	35.6704521179	0.0
27.1551742554	35.6596107483	0.0
27.1831474304	35.6487693787	0.0
27.2111206055	35.637928009	0.0
27.2390937805	35.6270866394	0.0
27.2670650482	35.6162452698	0.0
27.2950382233	35.6054077148	0.0
27.3230113983	35.5945663452	0.0
27.3509845734	35.5837249756	0.0
27.3789577484	35.572883606	0.0
27.4069309235	35.5620422363	0.0
27.4349021912	35.5512008667	0.0
27.4628753662	35.5403594971	0.0
27.4908485413	35.5295181274	0.0
27.518819809	35.5186767578	0.0
27.546792984	35.5078353882	0.0
27.5747661591	35.4969978333	0.0
27.6027393341	35.4861564636	0.0
27.6307106018	35.475315094	0.0
27.6586837769	35.4644737244	0.0
27.6866569519	35.4536323547	0.0
27.7146282196	35.4427909851	0.0
27.7426013947	35.4319496155	0.0
27.7705745697	35.4211082458	0.0
27.7985477448	35.4102668762	0.0
27.8265209198	35.3994255066	0.0
27.8544921875	35.388584137	0.0
27.8824653625	35.3777427673	0.0
27.9104385376	35.3669013977	0.0
27.9384117126	35.3560638428	0.0
27.9663848877	35.3452224731	0.0
27.9943561554	35.3343811035	0.0
28.0223293304	35.3235397339	0.0
28.062915802	35.3094406128	0.0
28.0914020538	35.300037384	0.0
28.119890213	35.2906303406	0.0
28.1483764648	35.2812232971	0.0
28.176864624	35.2718162537	0.0
28.2053508759	35.2624092102	0.0
28.2338371277	35.2530021667	0.0
28.2623252869	35.2435951233	0.0
28.2908115387	35.2341880798	0.0
28.3192996979	35.2247810364	0.0
28.3477859497	35.2153739929	0.0
28.3762722015	35.2059669495	0.0
28.4047603607	35.196559906	0.0
28.4332466125	35.1871528625	0.0
28.4617347717	35.1777458191	0.0
28.4902210236	35.1683387756	0.0
28.5187072754	35.1589317322	0.0
28.5471954346	35.1495246887	0.0
28.5756816864	35.1401176453	0.0
28.6041698456	35.1307106018	0.0
28.6326560974	35.1213035583	0.0
28.6611423492	35.1118965149	0.0
28.6896305084	35.1024894714	0.0
28.7181167603	35.093082428	0.0
28.7466049194	35.0836753845	0.0
28.7750911713	35.0742683411	0.0
28.8035774231	35.0648612976	0.0
28.8320655823	35.0554542542	0.0
28.8605518341	35.0460472107	0.0
28.8890380859	35.0366401672	0.0
28.9175262451	35.0272331238	0.0
28.9460124969	35.0178260803	0.0
28.9745006561	35.0084190369	0.0
28.0312099457	35.289024353	0.0
28.0279884338	35.2591972351	0.0
28.024766922	35.2293701172	0.0
28.0215473175	35.1995429993	0.0
28.0183258057	35.1697158813	0.0
28.0151042938	35.1398887634	0.0
28.0118846893	35.1100616455	0.0
28.0086631775	35.0802345276	0.0
28.005443573	35.0504112244	0.0
28.0022220612	35.0205841064	0.0
26.9878635406	35.6946601868	0.0
26.9883861542	35.6646652222	0.0
26.988910675	35.6346702576	0.0
26.9894351959	35.604675293	0.0
26.9899597168	35.5746803284	0.0
26.9904842377	35.5446853638	0.0
26.9910087585	35.5146903992	0.0
26.9915313721	35.4846954346	0.0
26.9920558929	35.45470047	0.0
26.9925804138	35.4247055054	0.0
26.9931049347	35.3947067261	0.0
26.9936275482	35.3647117615	0.0
26.9941520691	35.3347167969	0.0
26.99467659	35.3047218323	0.0
26.9951992035	35.2747268677	0.0
26.9957237244	35.2447319031	0.0
26.9958820343	35.2115516663	0.0
26.9959831238	35.181552887	0.0
26.9960861206	35.1515541077	0.0
26.9961872101	35.1215515137	0.0
26.9962902069	35.0915527344	0.0
26.9963912964	35.0615539551	0.0
26.9964942932	35.0315551758	0.0
26.9965953827	35.0015525818	0.0
26.9966983795	34.9715538025	0.0
26.996799469	34.9415550232	0.0
26.9969024658	34.9115562439	0.0
26.9970035553	34.8815536499	0.0
26.9971046448	34.8515548706	0.0
26.9972076416	34.8215560913	0.0
26.9973087311	34.7915534973	0.0
26.9974117279	34.761554718	0.0
26.9975128174	34.7315559387	0.0
26.9976158142	34.7015571594	0.0
26.9977169037	34.6715545654	0.0
26.9978199005	34.6415557861	0.0
26.99792099	34.6115570068	0.0
26.9980220795	34.5815544128	0.0
26.9981250763	34.5515556335	0.0
26.9982261658	34.5215568542	0.0
26.9983291626	34.491558075	0.0
26.9984302521	34.461555481	0.0
26.9985332489	34.4315567017	0.0
26.9986343384	34.4015579224	0.0
26.9987373352	34.3715591431	0.0
26.9988384247	34.3415565491	0.0
26.9989414215	34.3115577698	0.0
26.999042511	34.2815589905	0.0
26.9991455078	34.2515563965	0.0
26.9992465973	34.2215576172	0.0
26.9993495941	34.1915588379	0.0
26.9994506836	34.1615600586	0.0
26.9995536804	34.1315574646	0.0
26.9996547699	34.1015586853	0.0
26.9997577667	34.071559906	0.0
26.9998588562	34.0415611267	0.0
26.999961853	34.0115585327	0.0
26.9963035583	35.211555481	0.0
26.9968280792	35.1815605164	0.0
26.9973526001	35.1515655518	0.0
26.9978752136	35.1215705872	0.0
26.9983997345	35.0915756226	0.0
26.9989242554	35.061580658	0.0
26.9994487762	35.0315856934	0.0
26.9999713898	35.0015907288	0.0
27.0082969666	36.2017822266	0.0
27.037694931	36.1958007812	0.0
27.0670928955	36.1898193359	0.0
27.0964889526	36.1838378906	0.0
27.1258869171	36.1778564453	0.0
27.1552848816	36.171875	0.0
27.1846828461	36.1658935547	0.0
27.2140808105	36.1599121094	0.0
27.243478775	36.1539306641	0.0
27.2728748322	36.1479492188	0.0
27.3022727966	36.1419677734	0.0
27.3316707611	36.1359863281	0.0
27.3610687256	36.1300048828	0.0
27.3904666901	36.1240234375	0.0
27.4198646545	36.1180381775	0.0
27.4492607117	36.1120605469	0.0
27.4786586761	36.1060752869	0.0
27.5080566406	36.1000976562	0.0
27.5374546051	36.0941123962	0.0
27.5668525696	36.0881309509	0.0
27.5962486267	36.0821495056	0.0
27.6256465912	36.0761680603	0.0
27.6550445557	36.070186615	0.0
27.6844425201	36.0642051697	0.0
27.7138404846	36.0582237244	0.0
27.7432384491	36.0522422791	0.0
27.7726345062	36.0462608337	0.0
27.8020324707	36.0402793884	0.0
27.8314304352	36.0342979431	0.0
27.8608283997	36.0283164978	0.0
27.8902263641	36.0223350525	0.0
27.9196224213	36.0163536072	0.0
27.9490203857	36.0103721619	0.0
27.9784183502	36.0043907166	0.0
26.5458202362	36.9014663696	0.0
26.5355262756	36.8732872009	0.0
26.5252323151	36.8451118469	0.0
26.5149383545	36.8169326782	0.0
26.5046424866	36.7887535095	0.0
26.494348526	36.7605743408	0.0
26.4840545654	36.7323951721	0.0
26.4737606049	36.7042160034	0.0
26.4634666443	36.6760406494	0.0
26.4531726837	36.6478614807	0.0
26.4428768158	36.619682312	0.0
26.4325828552	36.5915031433	0.0
26.4222888947	36.5633239746	0.0
26.4119949341	36.5351448059	0.0
26.4016990662	36.5069694519	0.0
26.3914051056	36.4787902832	0.0
26.381111145	36.4506111145	0.0
26.3708171844	36.4224319458	0.0
26.3605213165	36.3942527771	0.0
26.350227356	36.3660774231	0.0
26.3399333954	36.3378982544	0.0
26.3296394348	36.3097190857	0.0
26.3193454742	36.281539917	0.0
26.3090496063	36.2533607483	0.0
26.2987556458	36.2251815796	0.0
26.2884616852	36.1970062256	0.0
26.2781677246	36.1688270569	0.0
26.267873764	36.1406478882	0.0
26.2575798035	36.1124687195	0.0
26.2281608582	36.0960006714	0.0
26.2005081177	36.0843658447	0.0
26.1728572845	36.0727310181	0.0
26.1452045441	36.0610961914	0.0
26.1175537109	36.0494613647	0.0
26.0899009705	36.0378265381	0.0
26.0622501373	36.0261917114	0.0
26.0345973969	36.0145568848	0.0
26.0069465637	36.0029220581	0.0
26.2490615845	36.0784072876	0.0
26.2423114777	36.0491752625	0.0
26.2355594635	36.0199432373	0.0
26.2288093567	35.9907150269	0.0
26.2220573425	35.9614830017	0.0
26.2153072357	35.9322547913	0.0
26.2085571289	35.9030227661	0.0
26.2018051147	35.873790741	0.0
26.1950550079	35.8445625305	0.0
26.1883049011	35.8153305054	0.0
26.181552887	35.7861022949	0.0
26.1748027802	35.7568702698	0.0
26.168050766	35.7276382446	0.0
26.1613006592	35.6984100342	0.0
26.154548645	35.669178009	0.0
26.1477985382	35.6399497986	0.0
26.1410484314	35.6107177734	0.0
26.1342964172	35.5814857483	0.0
26.1275463104	35.5522575378	0.0
26.1207942963	35.5230255127	0.0
26.1140441895	35.4937934875	0.0
26.1072921753	35.4645652771	0.0
26.1005420685	35.435333252	0.0
26.0937900543	35.4061012268	0.0
26.0870399475	35.3768730164	0.0
26.0802898407	35.3476409912	0.0
26.0735378265	35.3184127808	0.0
26.0667877197	35.2891807556	0.0
26.0600376129	35.2599525452	0.0
26.0532855988	35.23072052	0.0
26.0465354919	35.2014884949	0.0
26.0397834778	35.1722602844	0.0
26.033033371	35.1430282593	0.0
26.0262813568	35.1137962341	0.0
26.01953125	35.0845680237	0.0
26.0127792358	35.0553359985	0.0
26.006029129	35.0261077881	0.0
25.1178760529	38.4395599365	0.0
25.1101055145	38.4105834961	0.0
25.1023368835	38.3816070557	0.0
25.0945644379	38.3526306152	0.0
25.0867958069	38.3236541748	0.0
25.0790233612	38.2946777344	0.0
25.0712528229	38.2657012939	0.0
25.0634822845	38.2367248535	0.0
25.0557117462	38.2077484131	0.0
25.0479412079	38.1787719727	0.0
25.0401706696	38.1497955322	0.0
25.0324001312	38.1208229065	0.0
25.0246295929	38.0918464661	0.0
25.0168590546	38.0628700256	0.0
25.0090885162	38.0338935852	0.0
25.0013179779	38.0049171448	0.0
24.6999263763	38.9979820251	0.0
24.7299251556	38.9980278015	0.0
24.7599258423	38.9980773926	0.0
24.7899265289	38.9981231689	0.0
24.8199253082	38.9981689453	0.0
24.8499259949	38.9982147217	0.0
24.8799266815	38.998260498	0.0
24.9099254608	38.9983100891	0.0
24.9659404755	38.9983978271	0.0
24.9959411621	38.9984436035	0.0
25.0259399414	38.9984893799	0.0
25.0559406281	38.9985351562	0.0
25.0859394073	38.9985809326	0.0
25.115940094	38.998626709	0.0
25.1459407806	38.9986763	0.0
25.1759395599	38.9987220764	0.0
25.2059402466	38.9987678528	0.0
25.2359409332	38.9988136292	0.0
25.2659397125	38.9988594055	0.0
25.2959403992	38.9989089966	0.0
25.3259391785	38.9989547729	0.0
25.3559398651	38.9990005493	0.0
25.3859405518	38.9990463257	0.0
25.4159393311	38.9990921021	0.0
25.4459400177	38.9991416931	0.0
25.4759407043	38.9991874695	0.0
25.5059394836	38.9992332458	0.0
25.5359401703	38.9992790222	0.0
25.5659408569	38.9993286133	0.0
25.5959396362	38.9993743896	0.0
25.6259403229	38.999420166	0.0
25.6559391022	38.9994659424	0.0
25.6859397888	38.9995117188	0.0
25.7159404755	38.9995574951	0.0
25.7459392548	38.9996070862	0.0
25.7759399414	38.9996528625	0.0
25.8059406281	38.9996986389	0.0
25.8359394073	38.9997444153	0.0
25.8659381866	38.9997901917	0.0
25.8959388733	38.9998397827	0.0
25.9259395599	38.9998855591	0.0
25.9559383392	38.9999313354	0.0
25.9859390259	38.9999771118	0.0
24.9659309387	38.9991226196	0.0
24.9959201813	38.9998931885	0.0
23.6880149841	39.5518684387	0.0
23.7167778015	39.5603942871	0.0
23.7455425262	39.5689201355	0.0
23.7743053436	39.5774459839	0.0
23.803068161	39.5859718323	0.0
23.8318309784	39.594493866	0.0
23.8605957031	39.6030197144	0.0
23.8893585205	39.6115455627	0.0
23.9181213379	39.6200714111	0.0
23.9468841553	39.6285934448	0.0
23.9756469727	39.6371192932	0.0
24.0044116974	39.6456451416	0.0
24.0331745148	39.65417099	0.0
24.0619373322	39.6626968384	0.0
24.0907001495	39.6712188721	0.0
24.1194648743	39.6797447205	0.0
24.1482276917	39.6882705688	0.0
24.176990509	39.6967964172	0.0
24.2057533264	39.7053184509	0.0
24.2345161438	39.7138442993	0.0
24.2632808685	39.7223701477	0.0
24.2920436859	39.7308959961	0.0
24.3208065033	39.7394218445	0.0
24.3495693207	39.7479438782	0.0
24.3783321381	39.7564697266	0.0
24.4070968628	39.764995575	0.0
24.4358596802	39.7735214233	0.0
24.4646224976	39.782043457	0.0
24.4933853149	39.7905693054	0.0
24.5221481323	39.7990951538	0.0
24.5509128571	39.8076210022	0.0
24.5796756744	39.8161468506	0.0
24.6084384918	39.8246688843	0.0
24.6372013092	39.8331947327	0.0
24.6659641266	39.8417205811	0.0
24.6947288513	39.8502464294	0.0
24.7234916687	39.8587684631	0.0
24.7522544861	39.8672943115	0.0
24.7810173035	39.8758201599	0.0
24.8097820282	39.8843460083	0.0
24.8446750641	39.8887138367	0.0
24.8745365143	39.8915901184	0.0
24.9043979645	39.8944664001	0.0
24.9342594147	39.8973426819	0.0
24.9641227722	39.9002189636	0.0
24.9939842224	39.9030952454	0.0
25.0238456726	39.9059715271	0.0
25.0537071228	39.9088478088	0.0
25.083568573	39.9117240906	0.0
25.1134319305	39.9146003723	0.0
25.1432914734	39.9174766541	0.0
25.1731548309	39.9203529358	0.0
25.2030162811	39.9232292175	0.0
25.2328777313	39.9261054993	0.0
25.2627391815	39.928981781	0.0
25.2926006317	39.9318580627	0.0
25.3224620819	39.9347343445	0.0
25.3523254395	39.9376106262	0.0
25.3821868896	39.9404907227	0.0
25.4120483398	39.9433631897	0.0
25.44190979	39.9462432861	0.0
25.4717712402	39.9491195679	0.0
25.5016345978	39.9519958496	0.0
25.531496048	39.9548721313	0.0
25.5613574982	39.9577484131	0.0
25.5912189484	39.9606246948	0.0
25.6210803986	39.9635009766	0.0
25.6509437561	39.9663772583	0.0
25.6808052063	39.96925354	0.0
25.7106666565	39.9721298218	0.0
25.7405281067	39.9750061035	0.0
25.7703895569	39.9778823853	0.0
25.8002529144	39.980758667	0.0
25.8301124573	39.9836349487	0.0
25.8599758148	39.9865112305	0.0
25.889837265	39.9893875122	0.0
25.9196987152	39.9922637939	0.0
25.9495601654	39.9951400757	0.0
25.9794216156	39.9980163574	0.0
24.8403491974	39.9015808105	0.0
24.8658866882	39.9173202515	0.0
24.8914241791	39.9330673218	0.0
24.9169616699	39.9488105774	0.0
24.9424991608	39.964553833	0.0
24.9680366516	39.9802932739	0.0
24.9935741425	39.9960365295	0.0
21.7803249359	40.526309967	0.0
21.7783603668	40.4963722229	0.0
21.7763996124	40.4664382935	0.0
21.7744369507	40.4365005493	0.0
21.7724742889	40.4065666199	0.0
21.7705116272	40.3766326904	0.0
21.7685489655	40.3466949463	0.0
21.7665863037	40.3167572021	0.0
21.7646255493	40.2868232727	0.0
21.7626628876	40.2568893433	0.0
21.7607002258	40.2269515991	0.0
21.7587375641	40.1970176697	0.0
21.7567749023	40.1670799255	0.0
21.7548122406	40.1371459961	0.0
21.7528514862	40.107208252	0.0
21.7508888245	40.0772743225	0.0
21.7489261627	40.0473365784	0.0
21.745634079	39.9971237183	0.0
21.7436714172	39.9671859741	0.0
21.7417087555	39.93724823	0.0
21.7397460938	39.9073143005	0.0
21.7377853394	39.8773803711	0.0
21.7358226776	39.847442627	0.0
21.7338600159	39.8175086975	0.0
21.7318973541	39.7875709534	0.0
21.7299346924	39.7576370239	0.0
21.727973938	39.7276992798	0.0
21.7260093689	39.6977653503	0.0
21.7240486145	39.6678276062	0.0
21.7220859528	39.6378936768	0.0
21.720123291	39.6079559326	0.0
21.7181606293	39.5780220032	0.0
21.7161998749	39.548084259	0.0
21.7142353058	39.5181503296	0.0
21.7074508667	39.4683685303	0.0
21.7019939423	39.4388694763	0.0
21.6965351105	39.4093704224	0.0
21.691078186	39.3798713684	0.0
21.6856212616	39.3503723145	0.0
21.6801643372	39.3208732605	0.0
21.6747074127	39.2913742065	0.0
21.6692504883	39.2618751526	0.0
21.6637935638	39.2323722839	0.0
21.6583366394	39.20287323	0.0
21.6528816223	39.173374176	0.0
21.6474246979	39.1438751221	0.0
21.6419677734	39.1143760681	0.0
21.636510849	39.0848770142	0.0
21.6310539246	39.0553779602	0.0
21.6255950928	39.0258789062	0.0
21.6201381683	38.9963798523	0.0
21.6146812439	38.9668769836	0.0
21.6092243195	38.9373779297	0.0
21.603767395	38.9078788757	0.0
21.5983104706	38.8783798218	0.0
21.5928535461	38.8488807678	0.0
21.5624847412	38.8496322632	0.0
21.5329666138	38.8549919128	0.0
21.5034503937	38.8603553772	0.0
21.4739322662	38.8657150269	0.0
21.4444160461	38.8710784912	0.0
21.414899826	38.8764381409	0.0
21.3853816986	38.8818016052	0.0
21.3558654785	38.8871612549	0.0
21.3263473511	38.8925247192	0.0
21.296831131	38.8978881836	0.0
21.2673149109	38.9032478333	0.0
21.2377986908	38.9086112976	0.0
21.2082805634	38.9139709473	0.0
21.1787643433	38.9193344116	0.0
21.1446857452	38.9331588745	0.0
21.1174526215	38.9457397461	0.0
21.0902175903	38.9583206177	0.0
21.0629844666	38.9709014893	0.0
21.0357494354	38.9834861755	0.0
21.0085144043	38.9960670471	0.0
21.1419887543	38.9226074219	0.0
21.1120586395	38.9246330261	0.0
21.0821266174	38.9266624451	0.0
21.0521945953	38.928691864	0.0
21.0222644806	38.930721283	0.0
20.9923324585	38.9327468872	0.0
20.9624004364	38.9347763062	0.0
20.9324703217	38.9368057251	0.0
20.9025382996	38.938835144	0.0
20.8726062775	38.9408607483	0.0
20.8426761627	38.9428901672	0.0
20.8127441406	38.9449195862	0.0
20.7828121185	38.9469490051	0.0
20.7528820038	38.9489746094	0.0
20.7229499817	38.9510040283	0.0
20.6930198669	38.9530334473	0.0
20.6630878448	38.9550628662	0.0
20.6331558228	38.9570884705	0.0
20.603225708	38.9591178894	0.0
20.5560283661	38.9623184204	0.0
20.5260982513	38.9643478394	0.0
20.4961662292	38.9663734436	0.0
20.4662342072	38.9684028625	0.0
20.4363040924	38.9704322815	0.0
20.4063720703	38.9724617004	0.0
20.3764400482	38.9744873047	0.0
20.3465099335	38.9765167236	0.0
20.3165779114	38.9785461426	0.0
20.2673606873	38.9957542419	0.0
20.2417411804	39.0113601685	0.0
20.2161216736	39.0269699097	0.0
20.1905021667	39.0425796509	0.0
20.1648826599	39.0581893921	0.0
20.1392631531	39.0737991333	0.0
20.1136436462	39.0894088745	0.0
20.0880241394	39.105014801	0.0
20.0624046326	39.1206245422	0.0
20.0367832184	39.1362342834	0.0
20.0111656189	39.15184021	0.0
19.9855442047	39.1674499512	0.0
19.9599266052	39.1830596924	0.0
19.934305191	39.1986694336	0.0
19.9086875916	39.2142791748	0.0
19.8830661774	39.2298851013	0.0
19.8574485779	39.2454948425	0.0
19.8318271637	39.2611045837	0.0
19.8062076569	39.276714325	0.0
19.78058815	39.2923202515	0.0
19.7549686432	39.3079299927	0.0
19.7293491364	39.3235397339	0.0
19.7037296295	39.3391494751	0.0
19.6781101227	39.3547592163	0.0
19.6524906158	39.3703651428	0.0
19.626871109	39.385974884	0.0
19.6012516022	39.4015846252	0.0
19.5756320953	39.4171943665	0.0
19.5500125885	39.4328041077	0.0
19.5243930817	39.4484138489	0.0
19.4987735748	39.4640197754	0.0
19.473154068	39.4796295166	0.0
19.4475345612	39.4952392578	0.0
19.4219150543	39.5108451843	0.0
19.3962955475	39.5264549255	0.0
19.3706760406	39.5420646667	0.0
19.3450565338	39.557674408	0.0
19.319437027	39.5732841492	0.0
19.2938175201	39.5888938904	0.0
19.2681980133	39.6044998169	0.0
19.2425785065	39.6201095581	0.0
19.2097053528	39.6313972473	0.0
19.1810073853	39.6401405334	0.0
19.1523113251	39.6488876343	0.0
19.1236133575	39.6576309204	0.0
19.09491539	39.6663742065	0.0
19.0662193298	39.6751174927	0.0
19.0375213623	39.6838645935	0.0
19.0088233948	39.6926078796	0.0
18.9801254272	39.7013511658	0.0
18.9514293671	39.7100944519	0.0
18.9227313995	39.7188415527	0.0
18.894033432	39.7275848389	0.0
18.8653373718	39.736328125	0.0
18.8366394043	39.7450714111	0.0
18.8079414368	39.753818512	0.0
18.7792453766	39.7625617981	0.0
18.7505474091	39.7713050842	0.0
18.7218494415	39.7800483704	0.0
18.6931533813	39.7887916565	0.0
18.6644554138	39.7975387573	0.0
18.6357574463	39.8062820435	0.0
18.6070613861	39.8150253296	0.0
18.5783634186	39.8237686157	0.0
18.549665451	39.8325157166	0.0
18.5209693909	39.8412590027	0.0
18.4922714233	39.8500022888	0.0
18.4635734558	39.858745575	0.0
18.4348754883	39.8674926758	0.0
18.4061794281	39.8762359619	0.0
18.3774814606	39.884979248	0.0
18.348783493	39.8937225342	0.0
18.3200874329	39.902469635	0.0
18.2913894653	39.9112129211	0.0
18.2626914978	39.9199562073	0.0
18.2339954376	39.9286994934	0.0
18.2052974701	39.9374465942	0.0
18.1765995026	39.9461898804	0.0
18.1479034424	39.9549331665	0.0
18.1192054749	39.9636764526	0.0
18.0905075073	39.9724235535	0.0
18.0618114471	39.9811668396	0.0
18.0331134796	39.9899101257	0.0
18.0044155121	39.9986534119	0.0
19.2223796844	39.6480178833	0.0
19.2063560486	39.6733779907	0.0
19.1903324127	39.6987380981	0.0
19.1743087769	39.7241020203	0.0
19.158285141	39.7494659424	0.0
19.1422615051	39.7748260498	0.0
19.1262378693	39.8001899719	0.0
19.1102142334	39.825553894	0.0
19.0941905975	39.8509140015	0.0
19.0781669617	39.8762741089	0.0
19.0621433258	39.901638031	0.0
19.0461196899	39.9270019531	0.0
19.0300960541	39.9523620605	0.0
19.0140724182	39.9777259827	0.0
20.263048172	38.9821739197	0.0
20.2331161499	38.9841995239	0.0
20.2031860352	38.9862289429	0.0
20.1732559204	38.9882583618	0.0
20.1433238983	38.9902877808	0.0
20.1133918762	38.992313385	0.0
20.0834617615	38.994342804	0.0
20.0535297394	38.9963722229	0.0
20.0235977173	38.9984016418	0.0
20.5559692383	38.9610404968	0.0
20.5259780884	38.9617881775	0.0
20.4959888458	38.9625396729	0.0
20.4659976959	38.9632911682	0.0
20.436006546	38.9640426636	0.0
20.4060173035	38.9647941589	0.0
20.3760261536	38.9655456543	0.0
20.346036911	38.9662971497	0.0
20.3160457611	38.967048645	0.0
20.2860546112	38.9677963257	0.0
20.2560634613	38.968547821	0.0
20.2260723114	38.9692993164	0.0
20.1960830688	38.9700508118	0.0
20.1660919189	38.9708023071	0.0
20.136100769	38.9715538025	0.0
20.1061115265	38.9723052979	0.0
20.0761203766	38.9730567932	0.0
20.0461292267	38.9738044739	0.0
20.0161380768	38.9745559692	0.0
19.9861488342	38.9753074646	0.0
19.9561576843	38.97605896	0.0
19.9261665344	38.9768104553	0.0
19.8961772919	38.977558136	0.0
19.866186142	38.9783096313	0.0
19.8361949921	38.9790611267	0.0
19.8062057495	38.9798126221	0.0
19.7762145996	38.9805641174	0.0
19.7462234497	38.9813156128	0.0
19.7162322998	38.9820671082	0.0
19.6862411499	38.9828186035	0.0
19.6562519073	38.9835662842	0.0
19.6262607574	38.9843177795	0.0
19.5962715149	38.9850692749	0.0
19.566280365	38.9858207703	0.0
19.5362892151	38.9865722656	0.0
19.5062980652	38.987323761	0.0
19.4763088226	38.9880752563	0.0
19.4463176727	38.9888267517	0.0
19.4163265228	38.9895744324	0.0
19.3863353729	38.9903259277	0.0
19.3563461304	38.9910774231	0.0
19.3263549805	38.9918289185	0.0
19.2963657379	38.9925804138	0.0
19.266374588	38.9933280945	0.0
19.2363834381	38.9940795898	0.0
19.2063922882	38.9948310852	0.0
19.1764011383	38.9955825806	0.0
19.1464118958	38.9963340759	0.0
19.1164207458	38.9970855713	0.0
19.0864295959	38.9978370667	0.0
19.0564403534	38.998588562	0.0
19.0264492035	38.9993362427	0.0
21.5865440369	38.8147697449	0.0
21.5810871124	38.7852706909	0.0
21.575630188	38.755771637	0.0
21.5701732635	38.726272583	0.0
21.5647163391	38.6967697144	0.0
21.5592594147	38.6672706604	0.0
21.5538024902	38.6377716064	0.0
21.5483455658	38.6082725525	0.0
21.5428886414	38.5787734985	0.0
21.5374317169	38.5492744446	0.0
21.5319747925	38.5197753906	0.0
21.5260906219	38.4879684448	0.0
21.5206336975	38.4584693909	0.0
21.5151767731	38.4289703369	0.0
21.509721756	38.399471283	0.0
21.5042648315	38.369972229	0.0
21.4988079071	38.3404693604	0.0
21.4933490753	38.3109703064	0.0
21.4878921509	38.2814712524	0.0
21.4824352264	38.2519721985	0.0
21.476978302	38.2224731445	0.0
21.4715213776	38.1929740906	0.0
21.4817848206	38.1626358032	0.0
21.4924736023	38.1346054077	0.0
21.503162384	38.1065750122	0.0
21.5138511658	38.0785446167	0.0
21.5245418549	38.0505142212	0.0
21.5352306366	38.0224838257	0.0
21.5459194183	37.9944496155	0.0
21.5566082001	37.96641922	0.0
21.5672988892	37.9383888245	0.0
21.5779876709	37.910358429	0.0
21.5886764526	37.8823242188	0.0
21.5993652344	37.8542938232	0.0
21.6100559235	37.8262634277	0.0
21.6207447052	37.7982330322	0.0
21.6314334869	37.7702026367	0.0
21.6421222687	37.7421722412	0.0
21.6528110504	37.7141418457	0.0
21.6635017395	37.6861076355	0.0
21.6741905212	37.65807724	0.0
21.684879303	37.6300468445	0.0
21.6955680847	37.602016449	0.0
21.7062568665	37.5739822388	0.0
21.7169456482	37.5459518433	0.0
21.7276363373	37.5179214478	0.0
21.738325119	37.4898910522	0.0
21.7490139008	37.4618606567	0.0
21.7597026825	37.4338302612	0.0
21.7810726166	37.3901252747	0.0
21.7957553864	37.3639640808	0.0
21.8104362488	37.337802887	0.0
21.8251171112	37.3116378784	0.0
21.839799881	37.2854766846	0.0
21.8544807434	37.2593154907	0.0
21.8691616058	37.2331542969	0.0
21.8838424683	37.2069892883	0.0
21.8985233307	37.1808280945	0.0
21.9132061005	37.1546669006	0.0
21.9278869629	37.1285057068	0.0
21.9425697327	37.1023406982	0.0
21.9572505951	37.0761795044	0.0
21.9719314575	37.0500183105	0.0
21.9866123199	37.0238571167	0.0
21.7733058929	37.387096405	0.0
21.7802200317	37.3579025269	0.0
21.7871341705	37.3287124634	0.0
21.7940483093	37.2995185852	0.0
21.8009624481	37.270324707	0.0
21.8078765869	37.2411346436	0.0
21.8147907257	37.2119407654	0.0
21.8217048645	37.1827507019	0.0
21.8286170959	37.1535568237	0.0
21.8355312347	37.1243629456	0.0
21.8424453735	37.0951728821	0.0
21.8493595123	37.0659790039	0.0
21.8562736511	37.0367851257	0.0
21.8631877899	37.0075950623	0.0
21.8701019287	36.9784011841	0.0
21.8770160675	36.9492111206	0.0
21.8839302063	36.9200172424	0.0
21.8908443451	36.8908233643	0.0
21.8977584839	36.8616333008	0.0
21.9046726227	36.8324394226	0.0
21.9115867615	36.8032455444	0.0
21.9185009003	36.774055481	0.0
21.9254131317	36.7448616028	0.0
21.9323272705	36.7156715393	0.0
21.9392414093	36.6864776611	0.0
21.9461555481	36.657283783	0.0
21.9478721619	36.6106262207	0.0
21.9456214905	36.5807113647	0.0
21.9433727264	36.5507965088	0.0
21.9411220551	36.5208816528	0.0
21.938873291	36.4909629822	0.0
21.936624527	36.4610481262	0.0
21.9343738556	36.4311332703	0.0
21.9321231842	36.4012184143	0.0
21.9298744202	36.3713035583	0.0
21.9276256561	36.3413848877	0.0
21.9253749847	36.3114700317	0.0
21.9231262207	36.2815551758	0.0
21.9208755493	36.2516403198	0.0
21.9186267853	36.2217254639	0.0
21.9163761139	36.1918106079	0.0
21.9141273499	36.1618919373	0.0
21.9118766785	36.1319770813	0.0
21.9096279144	36.1020622253	0.0
21.878911972	36.0875968933	0.0
21.8490581512	36.0846214294	0.0
21.8192062378	36.0816459656	0.0
21.7893543243	36.0786705017	0.0
21.7595024109	36.0756988525	0.0
21.7296504974	36.072719574	0.0
21.699798584	36.0697441101	0.0
21.6699466705	36.0667724609	0.0
21.6400947571	36.0637969971	0.0
21.6102428436	36.0608215332	0.0
21.5803909302	36.0578460693	0.0
21.5505371094	36.0548706055	0.0
21.5206851959	36.0518951416	0.0
21.4908332825	36.0489196777	0.0
21.460981369	36.0459442139	0.0
21.4311294556	36.04296875	0.0
21.4012775421	36.0399932861	0.0
21.3714256287	36.0370178223	0.0
21.3415737152	36.0340423584	0.0
21.3117218018	36.0310668945	0.0
21.2818698883	36.0280914307	0.0
21.2520160675	36.0251197815	0.0
21.2221641541	36.0221405029	0.0
21.1923122406	36.0191688538	0.0
21.1624603271	36.0161933899	0.0
21.1326084137	36.013217926	0.0
21.1027565002	36.0102424622	0.0
21.0729045868	36.0072669983	0.0
21.0430526733	36.0042915344	0.0
21.0132007599	36.0013160706	0.0
21.9065132141	36.0606575012	0.0
21.9042644501	36.0307426453	0.0
21.902015686	36.0008277893	0.0
21.8997650146	35.9709091187	0.0
21.8975143433	35.9409942627	0.0
21.8952655792	35.9110794067	0.0
21.8930168152	35.8811645508	0.0
21.8907661438	35.8512496948	0.0
21.8885173798	35.8213348389	0.0
21.8862667084	35.7914161682	0.0
21.8840179443	35.7615013123	0.0
21.8817672729	35.7315864563	0.0
21.8795185089	35.7016716003	0.0
21.8772678375	35.6717567444	0.0
21.8750190735	35.6418418884	0.0
21.8727684021	35.6119232178	0.0
21.8705196381	35.5820083618	0.0
21.868270874	35.5520935059	0.0
21.8476696014	35.5180091858	0.0
21.8279342651	35.4954147339	0.0
21.8081989288	35.472820282	0.0
21.7884635925	35.4502258301	0.0
21.7687282562	35.4276313782	0.0
21.7489929199	35.4050369263	0.0
21.7292575836	35.3824424744	0.0
21.70952034	35.3598480225	0.0
21.689786911	35.3372535706	0.0
21.6700496674	35.3146591187	0.0
21.6503143311	35.2920646667	0.0
21.6305789948	35.2694702148	0.0
21.6108436584	35.2468757629	0.0
21.5911083221	35.224281311	0.0
21.5713729858	35.2016868591	0.0
21.5516376495	35.1790924072	0.0
21.5319023132	35.1564979553	0.0
21.5121650696	35.1339035034	0.0
21.4924316406	35.1113090515	0.0
21.472694397	35.0887145996	0.0
21.4529590607	35.0661201477	0.0
21.4332237244	35.0435256958	0.0
21.4134883881	35.0209312439	0.0
21.3937530518	34.998336792	0.0
21.3740177155	34.9757423401	0.0
21.3542823792	34.9531478882	0.0
21.3345470428	34.9305534363	0.0
21.3148117065	34.9079589844	0.0
21.2950763702	34.8853645325	0.0
21.2753391266	34.8627700806	0.0
21.2556056976	34.8401756287	0.0
21.235868454	34.8175811768	0.0
21.2161331177	34.7949867249	0.0
21.1963977814	34.7723922729	0.0
21.1766624451	34.749797821	0.0
21.1569271088	34.7272033691	0.0
21.1371917725	34.7046089172	0.0
21.1174564362	34.6820144653	0.0
21.0977210999	34.6594200134	0.0
21.0779857635	34.6368255615	0.0
21.0582504272	34.6142311096	0.0
21.0385131836	34.5916366577	0.0
21.0187797546	34.5690422058	0.0
20.999042511	34.5464477539	0.0
20.9793071747	34.523853302	0.0
20.9595718384	34.5012588501	0.0
20.9398365021	34.4786643982	0.0
20.9427032471	34.4478302002	0.0
20.9465103149	34.4180717468	0.0
20.9503173828	34.3883132935	0.0
20.9541244507	34.3585586548	0.0
20.9579315186	34.3288002014	0.0
20.9617385864	34.299041748	0.0
20.9655475616	34.2692832947	0.0
20.9693546295	34.239528656	0.0
20.9731616974	34.2097702026	0.0
20.9769687653	34.1800117493	0.0
20.9807758331	34.1502571106	0.0
20.984582901	34.1204986572	0.0
20.9883899689	34.0907402039	0.0
20.9921989441	34.0609817505	0.0
20.9960041046	34.0312271118	0.0
20.9998111725	34.0014686584	0.0
20.9121551514	34.4639854431	0.0
20.8854179382	34.4503822327	0.0
20.8586769104	34.4367828369	0.0
20.8319377899	34.4231796265	0.0
20.8051986694	34.4095802307	0.0
20.778459549	34.3959770203	0.0
20.7517204285	34.3823776245	0.0
20.7249794006	34.3687744141	0.0
20.6982402802	34.3551712036	0.0
20.6715011597	34.3415718079	0.0
20.6447620392	34.3279685974	0.0
20.6180229187	34.3143692017	0.0
20.5912837982	34.3007659912	0.0
20.5645427704	34.2871665955	0.0
20.5378036499	34.273563385	0.0
20.5110645294	34.2599639893	0.0
20.4843254089	34.2463607788	0.0
20.4575862885	34.2327613831	0.0
20.4308452606	34.2191581726	0.0
20.4041061401	34.2055587769	0.0
20.3773670197	34.1919555664	0.0
20.3506278992	34.178352356	0.0
20.3238887787	34.1647529602	0.0
20.2971496582	34.1511497498	0.0
20.2704086304	34.137550354	0.0
20.2436695099	34.1239471436	0.0
20.2169303894	34.1103477478	0.0
20.1901912689	34.0967445374	0.0
20.1634521484	34.0831413269	0.0
20.1367111206	34.0695419312	0.0
20.1099739075	34.0559387207	0.0
20.0832328796	34.042339325	0.0
20.0564937592	34.0287361145	0.0
20.0297546387	34.0151367188	0.0
20.0030155182	34.0015335083	0.0
21.8741188049	35.5113639832	0.0
21.8808326721	35.4821243286	0.0
21.8875465393	35.4528884888	0.0
21.8942584991	35.4236488342	0.0
21.9009723663	35.3944091797	0.0
21.9076862335	35.3651695251	0.0
21.9143981934	35.3359298706	0.0
21.9211120605	35.3066902161	0.0
21.9278259277	35.2774505615	0.0
21.9345397949	35.248210907	0.0
21.9412536621	35.2189712524	0.0
21.9479656219	35.1897354126	0.0
21.9546794891	35.1604957581	0.0
21.9613933563	35.1312561035	0.0
21.9681072235	35.102016449	0.0
21.9748191833	35.0727767944	0.0
21.9815330505	35.0435371399	0.0
21.9882469177	35.0142974854	0.0
21.9949607849	34.9850616455	0.0
22.0016746521	34.9558181763	0.0
22.0083866119	34.9265823364	0.0
22.0151004791	34.8973426819	0.0
22.0218143463	34.8681030273	0.0
22.0285263062	34.8388633728	0.0
22.0352401733	34.8096237183	0.0
22.0419540405	34.7803840637	0.0
22.0486679077	34.7511444092	0.0
22.0553817749	34.7219085693	0.0
22.0620937347	34.6926689148	0.0
22.0688076019	34.6634292603	0.0
22.0755214691	34.6341896057	0.0
22.082233429	34.6049499512	0.0
22.0889472961	34.5757102966	0.0
22.0956611633	34.5464706421	0.0
22.1023750305	34.5172309875	0.0
22.1090888977	34.487991333	0.0
22.1158008575	34.4587554932	0.0
22.1225147247	34.4295158386	0.0
22.1292285919	34.4002761841	0.0
22.1359424591	34.3710365295	0.0
22.1625938416	34.344581604	0.0
22.1871337891	34.3273239136	0.0
22.2116718292	34.3100662231	0.0
22.2362117767	34.2928085327	0.0
22.2607517242	34.2755508423	0.0
22.2852916718	34.2582931519	0.0
22.3098297119	34.2410392761	0.0
22.3343696594	34.2237815857	0.0
22.3589096069	34.2065238953	0.0
22.3834495544	34.1892662048	0.0
22.407989502	34.1720085144	0.0
22.4325275421	34.154750824	0.0
22.4570674896	34.1374931335	0.0
22.4816074371	34.1202392578	0.0
22.5127658844	34.0796585083	0.0
22.5251045227	34.0523147583	0.0
22.5374450684	34.0249710083	0.0
22.549785614	33.9976272583	0.0
22.5621261597	33.9702835083	0.0
22.5744667053	33.9429359436	0.0
22.5868053436	33.9155921936	0.0
22.5991458893	33.8882484436	0.0
22.6114864349	33.8609046936	0.0
22.6238269806	33.8335571289	0.0
22.6361675262	33.8062133789	0.0
22.6485061646	33.7788696289	0.0
22.6608467102	33.7515258789	0.0
22.6731872559	33.7241821289	0.0
22.6855278015	33.6968383789	0.0
22.6978683472	33.6694908142	0.0
22.7102088928	33.6421470642	0.0
22.7225475311	33.6148033142	0.0
22.7348880768	33.5874595642	0.0
22.7472286224	33.5601158142	0.0
22.7595691681	33.5327682495	0.0
22.7719097137	33.5054244995	0.0
22.7842483521	33.4780807495	0.0
22.7965888977	33.4507369995	0.0
22.8089294434	33.4233932495	0.0
22.8212680817	33.3960494995	0.0
22.8336105347	33.3687019348	0.0
22.845949173	33.3413581848	0.0
22.8582897186	33.3140144348	0.0
22.8706302643	33.2866706848	0.0
22.8829708099	33.2593231201	0.0
22.8953094482	33.2319793701	0.0
22.9076519012	33.2046356201	0.0
22.9199905396	33.1772918701	0.0
22.9323310852	33.1499481201	0.0
22.9446716309	33.1226043701	0.0
22.9570102692	33.0952606201	0.0
22.9693508148	33.0679130554	0.0
22.9816913605	33.0405693054	0.0
22.9940319061	33.0132255554	0.0
22.5249652863	34.0897483826	0.0
22.5495033264	34.0724906921	0.0
22.5740432739	34.0552330017	0.0
22.5985832214	34.0379753113	0.0
22.6231231689	34.0207176208	0.0
22.6476612091	34.0034599304	0.0
22.6722011566	33.98620224	0.0
22.6967411041	33.9689483643	0.0
22.7212810516	33.9516906738	0.0
22.7458209991	33.9344329834	0.0
22.7703609467	33.917175293	0.0
22.7949008942	33.8999176025	0.0
22.8194389343	33.8826599121	0.0
22.8439788818	33.8654022217	0.0
22.8832054138	33.8741607666	0.0
22.9036121368	33.8961486816	0.0
22.9240207672	33.9181365967	0.0
22.9444293976	33.9401245117	0.0
22.9648361206	33.9621124268	0.0
22.985244751	33.9841041565	0.0
22.8762874603	33.8253746033	0.0
22.8897781372	33.7985801697	0.0
22.9032688141	33.7717819214	0.0
22.916759491	33.7449874878	0.0
22.9302501678	33.7181930542	0.0
22.9437408447	33.6913986206	0.0
22.9572315216	33.6646003723	0.0
22.9707221985	33.6378059387	0.0
22.9842128754	33.6110115051	0.0
22.9977035522	33.5842132568	0.0
23.0111942291	33.5574188232	0.0
23.024684906	33.5306243896	0.0
23.0381755829	33.5038261414	0.0
23.0516662598	33.4770317078	0.0
23.0651569366	33.4502372742	0.0
23.0786476135	33.4234428406	0.0
23.0921382904	33.3966445923	0.0
23.1056289673	33.3698501587	0.0
23.1191196442	33.3430557251	0.0
23.132610321	33.3162574768	0.0
23.1461009979	33.2894630432	0.0
23.1595916748	33.2626686096	0.0
23.1730823517	33.2358703613	0.0
23.1865730286	33.2090759277	0.0
23.2000637054	33.1822814941	0.0
23.2177295685	33.1284484863	0.0
23.2231464386	33.098941803	0.0
23.2285633087	33.0694351196	0.0
23.2339801788	33.0399284363	0.0
23.2393989563	33.0104217529	0.0
23.2448158264	32.9809150696	0.0
23.2502346039	32.9514083862	0.0
23.255651474	32.9219017029	0.0
23.2610683441	32.8923950195	0.0
23.2664871216	32.8628883362	0.0
23.2719039917	32.8333816528	0.0
23.2773227692	32.8038749695	0.0
23.2827396393	32.7743682861	0.0
23.2881565094	32.7448616028	0.0
23.2935733795	32.7153549194	0.0
23.298992157	32.6858482361	0.0
23.3044090271	32.6563415527	0.0
23.3098278046	32.6268348694	0.0
23.3152446747	32.597328186	0.0
23.338766098	32.5730476379	0.0
23.3614368439	32.5533981323	0.0
23.3841075897	32.5337524414	0.0
23.4067783356	32.5141067505	0.0
23.4294490814	32.4944572449	0.0
23.4521217346	32.474811554	0.0
23.4747924805	32.4551620483	0.0
23.4974632263	32.4355163574	0.0
23.5201339722	32.4158668518	0.0
23.542804718	32.3962211609	0.0
23.5654773712	32.3765716553	0.0
23.5881481171	32.3569259644	0.0
23.6108188629	32.3372764587	0.0
23.6334896088	32.3176307678	0.0
23.6561603546	32.2979812622	0.0
23.6788311005	32.2783355713	0.0
23.7015037537	32.2586860657	0.0
23.7241744995	32.2390403748	0.0
23.7468452454	32.2193908691	0.0
23.7695159912	32.1997451782	0.0
23.7921867371	32.1800956726	0.0
23.8148574829	32.1604499817	0.0
23.8375282288	32.1408004761	0.0
23.860200882	32.1211547852	0.0
23.8828716278	32.1015090942	0.0
23.9055423737	32.0818595886	0.0
23.9282131195	32.0622138977	0.0
23.9508838654	32.0425643921	0.0
23.9735565186	32.0229187012	0.0
23.9962272644	32.0032691956	0.0
23.3019771576	32.5662231445	0.0
23.2878608704	32.5397529602	0.0
23.2737426758	32.5132827759	0.0
23.2596263885	32.4868125916	0.0
23.245508194	32.4603424072	0.0
23.2313919067	32.4338684082	0.0
23.2172737122	32.4073982239	0.0
23.2031555176	32.3809280396	0.0
23.1890392303	32.3544578552	0.0
23.1749210358	32.3279876709	0.0
23.1608047485	32.3015174866	0.0
23.146686554	32.2750434875	0.0
23.1325683594	32.2485733032	0.0
23.1184520721	32.2221031189	0.0
23.1043357849	32.1956329346	0.0
23.0902175903	32.1691627502	0.0
23.0760993958	32.1426925659	0.0
23.0619831085	32.1162223816	0.0
23.0478649139	32.0897483826	0.0
23.0337486267	32.0632781982	0.0
23.0196304321	32.0368080139	0.0
23.0055122375	32.0103378296	0.0
23.2417259216	33.1520576477	0.0
23.2711391449	33.1461601257	0.0
23.3005542755	33.1402587891	0.0
23.3299694061	33.1343612671	0.0
23.3593826294	33.1284637451	0.0
23.38879776	33.1225662231	0.0
23.4182128906	33.1166648865	0.0
23.4476261139	33.1107673645	0.0
23.4770412445	33.1048698425	0.0
23.5064544678	33.0989723206	0.0
23.5358695984	33.0930709839	0.0
23.565284729	33.0871734619	0.0
23.5946998596	33.0812759399	0.0
23.6241130829	33.075378418	0.0
23.6535263062	33.0694770813	0.0
23.6829414368	33.0635795593	0.0
23.7123565674	33.0576820374	0.0
23.741771698	33.0517845154	0.0
23.7711849213	33.0458831787	0.0
23.8005981445	33.0399856567	0.0
23.8300132751	33.0340881348	0.0
23.8594284058	33.0281906128	0.0
23.8888435364	33.0222892761	0.0
23.9182567596	33.0163917542	0.0
23.9476718903	33.0104942322	0.0
23.9770851135	33.0045967102	0.0
22.1203079224	34.3376502991	0.0
22.102563858	34.3134613037	0.0
22.0848178864	34.2892723083	0.0
22.0494327545	34.2410392761	0.0
22.0316867828	34.2168502808	0.0
22.0139408112	34.1926612854	0.0
21.9768371582	34.1457862854	0.0
21.9573745728	34.1229553223	0.0
21.9379119873	34.1001281738	0.0
21.9184474945	34.0772972107	0.0
21.8989849091	34.0544662476	0.0
21.8795223236	34.0316390991	0.0
21.8600597382	34.008808136	0.0
21.8405952454	33.9859809875	0.0
21.8211326599	33.9631500244	0.0
21.8016681671	33.940322876	0.0
21.7822055817	33.9174919128	0.0
21.7627429962	33.8946609497	0.0
21.7432804108	33.8718338013	0.0
21.723815918	33.8490028381	0.0
21.7043533325	33.8261756897	0.0
21.6848907471	33.8033447266	0.0
21.6654262543	33.7805137634	0.0
21.6459636688	33.757686615	0.0
21.626499176	33.7348556519	0.0
21.6070365906	33.7120285034	0.0
21.5875740051	33.6891975403	0.0
21.5681114197	33.6663665771	0.0
21.5486469269	33.6435394287	0.0
21.5291843414	33.6207084656	0.0
21.509721756	33.5978775024	0.0
21.5128612518	33.5581626892	0.0
21.5275707245	33.5320167542	0.0
21.5422801971	33.5058708191	0.0
21.5569915771	33.479724884	0.0
21.5717010498	33.453578949	0.0
21.5864105225	33.4274330139	0.0
21.6011219025	33.4012870789	0.0
21.6158313751	33.3751411438	0.0
21.6305408478	33.3489952087	0.0
21.6452503204	33.3228492737	0.0
21.6599617004	33.2967033386	0.0
21.6746711731	33.2705574036	0.0
21.6893806458	33.2444114685	0.0
21.7010822296	33.2073059082	0.0
21.7082920074	33.1781845093	0.0
21.7155017853	33.149066925	0.0
21.7227115631	33.1199455261	0.0
21.7299213409	33.0908241272	0.0
21.7371311188	33.0617027283	0.0
21.744342804	33.0325813293	0.0
21.7515525818	33.0034637451	0.0
21.7587623596	32.9743423462	0.0
21.7659721375	32.9452209473	0.0
21.7731819153	32.9160995483	0.0
21.7803916931	32.8869781494	0.0
21.7876014709	32.8578567505	0.0
21.7948112488	32.8287391663	0.0
21.802022934	32.7996177673	0.0
21.8092327118	32.7704963684	0.0
21.8164424896	32.7413749695	0.0
21.8236522675	32.7122535706	0.0
21.8308620453	32.6831321716	0.0
21.8380718231	32.6540145874	0.0
21.845281601	32.6248931885	0.0
21.8524913788	32.5957717896	0.0
21.8597011566	32.5666503906	0.0
21.8669128418	32.5375328064	0.0
21.8741226196	32.5084114075	0.0
21.8813323975	32.4792900085	0.0
21.8885421753	32.4501686096	0.0
21.8957519531	32.4210472107	0.0
21.902961731	32.3919258118	0.0
21.9101715088	32.3628044128	0.0
21.9173812866	32.3336868286	0.0
21.9245929718	32.3045654297	0.0
21.9318027496	32.2754440308	0.0
21.9390125275	32.2463226318	0.0
21.9462223053	32.2172012329	0.0
21.9534320831	32.1880836487	0.0
21.9606437683	32.1589622498	0.0
21.9678535461	32.1298408508	0.0
21.975063324	32.1007194519	0.0
21.9822731018	32.071598053	0.0
21.9894828796	32.0424804688	0.0
21.9966926575	32.0133590698	0.0
21.7176151276	33.2180900574	0.0
21.7413578033	33.1997528076	0.0
21.7651023865	33.1814155579	0.0
21.7888450623	33.1630783081	0.0
21.812587738	33.1447410583	0.0
21.8363323212	33.1264038086	0.0
21.8600749969	33.1080665588	0.0
21.8838176727	33.0897293091	0.0
21.9075603485	33.0713920593	0.0
21.9313049316	33.0530548096	0.0
21.9550476074	33.0347175598	0.0
21.9787902832	33.0163803101	0.0
21.4786872864	33.5614776611	0.0
21.4592247009	33.5386505127	0.0
21.4397602081	33.5158195496	0.0
21.4202976227	33.4929885864	0.0
21.4008350372	33.470161438	0.0
21.3813705444	33.4473304749	0.0
21.361907959	33.4245033264	0.0
21.3424453735	33.4016723633	0.0
21.3229827881	33.3788414001	0.0
21.3035182953	33.3560142517	0.0
21.2840557098	33.3331832886	0.0
21.264591217	33.3103523254	0.0
21.2451286316	33.287525177	0.0
21.2256660461	33.2646942139	0.0
21.2062034607	33.2418670654	0.0
21.1867389679	33.2190361023	0.0
21.1672763824	33.1962051392	0.0
21.147813797	33.1733779907	0.0
21.1283493042	33.1505470276	0.0
21.1088867188	33.1277198792	0.0
21.089422226	33.104888916	0.0
21.0699596405	33.0820617676	0.0
21.0504970551	33.0592308044	0.0
21.0310344696	33.0363998413	0.0
21.0115699768	33.0135726929	0.0
21.9969596863	34.1386222839	0.0
21.9976177216	34.108631134	0.0
21.9982757568	34.0786361694	0.0
21.9989337921	34.0486450195	0.0
21.9995918274	34.0186538696	0.0
22.0469551086	34.2430686951	0.0
22.0267333984	34.220905304	0.0
22.0065097809	34.1987495422	0.0
21.9862880707	34.1765861511	0.0
21.9660663605	34.1544265747	0.0
21.9458427429	34.1322669983	0.0
21.9256210327	34.1101074219	0.0
21.9053993225	34.0879478455	0.0
21.885175705	34.065788269	0.0
21.8649539948	34.0436286926	0.0
21.8447322845	34.0214691162	0.0
21.824508667	33.9993095398	0.0
21.8042869568	33.9771499634	0.0
21.7840633392	33.954990387	0.0
21.763841629	33.9328308105	0.0
21.7436199188	33.9106712341	0.0
21.7233963013	33.8885116577	0.0
21.7031745911	33.8663520813	0.0
21.6829528809	33.8441925049	0.0
21.6627292633	33.8220291138	0.0
21.6425075531	33.7998695374	0.0
21.6222858429	33.7777137756	0.0
21.6020622253	33.7555503845	0.0
21.5818405151	33.7333908081	0.0
21.5616188049	33.7112312317	0.0
21.5413951874	33.6890716553	0.0
21.5211734772	33.6669120789	0.0
21.500951767	33.6447525024	0.0
21.4807281494	33.622592926	0.0
21.4605064392	33.6004333496	0.0
21.440284729	33.5782737732	0.0
21.4200611115	33.5561141968	0.0
21.3998394012	33.5339546204	0.0
21.379617691	33.5117950439	0.0
21.3593940735	33.4896354675	0.0
21.3391723633	33.4674758911	0.0
21.3189506531	33.4453163147	0.0
21.2987289429	33.4231567383	0.0
21.2785053253	33.4009933472	0.0
21.2582836151	33.3788337708	0.0
21.2380619049	33.3566741943	0.0
21.2178382874	33.3345146179	0.0
21.1976165771	33.3123550415	0.0
21.1773948669	33.2901954651	0.0
21.1571712494	33.2680358887	0.0
21.1369495392	33.2458763123	0.0
21.116727829	33.2237167358	0.0
21.0965042114	33.2015571594	0.0
21.0762825012	33.179397583	0.0
21.056060791	33.1572380066	0.0
21.0358371735	33.1350784302	0.0
21.0058555603	33.1211738586	0.0
20.9781227112	33.1097335815	0.0
20.9503898621	33.0982933044	0.0
20.9226551056	33.0868530273	0.0
20.8949222565	33.0754127502	0.0
20.8671894073	33.0639724731	0.0
20.8394565582	33.052532196	0.0
20.8117237091	33.0410919189	0.0
20.7582378387	33.0302009583	0.0
20.7282619476	33.029006958	0.0
20.6982860565	33.0278129578	0.0
20.6683101654	33.0266189575	0.0
20.6383323669	33.0254249573	0.0
20.6083564758	33.024230957	0.0
20.5783805847	33.0230369568	0.0
20.5484046936	33.0218429565	0.0
20.5184288025	33.0206489563	0.0
20.4884529114	33.0194549561	0.0
20.4584751129	33.0182609558	0.0
20.4284992218	33.0170669556	0.0
20.3985233307	33.0158729553	0.0
20.3685474396	33.0146789551	0.0
20.3385715485	33.0134849548	0.0
20.3085956573	33.0122909546	0.0
20.2786197662	33.0110969543	0.0
20.2486419678	33.0099029541	0.0
20.2186660767	33.0087089539	0.0
20.1886901855	33.0075149536	0.0
20.1587142944	33.0063209534	0.0
20.128736496	33.0051269531	0.0
20.0987606049	33.0039329529	0.0
20.0687847137	33.0027389526	0.0
20.0388088226	33.0015449524	0.0
20.0088329315	33.0003509521	0.0
20.7604808807	33.0199546814	0.0
20.7327480316	33.0085144043	0.0
20.7050151825	32.9970741272	0.0
20.6772823334	32.9856338501	0.0
20.6495494843	32.974193573	0.0
20.6218166351	32.9627532959	0.0
20.594083786	32.9513168335	0.0
20.5663509369	32.9398765564	0.0
20.5132541656	32.9252128601	0.0
20.4836673737	32.9202461243	0.0
20.454082489	32.9152793884	0.0
20.424495697	32.9103164673	0.0
20.394908905	32.9053497314	0.0
20.365322113	32.9003829956	0.0
20.3357372284	32.8954162598	0.0
20.3061504364	32.8904533386	0.0
20.2765655518	32.8854866028	0.0
20.2469787598	32.8805198669	0.0
20.2173919678	32.8755531311	0.0
20.1878051758	32.87059021	0.0
20.1582202911	32.8656234741	0.0
20.1286334991	32.8606567383	0.0
20.0990467072	32.8556938171	0.0
20.0694618225	32.8507270813	0.0
20.0398750305	32.8457603455	0.0
20.0102882385	32.8407974243	0.0
19.9807033539	32.8358306885	0.0
19.9511165619	32.8308639526	0.0
19.9215297699	32.8258972168	0.0
19.8919448853	32.8209342957	0.0
19.8623580933	32.8159675598	0.0
19.8327713013	32.811000824	0.0
19.8031864166	32.8060379028	0.0
19.7735996246	32.801071167	0.0
19.7440128326	32.7961044312	0.0
19.714427948	32.79114151	0.0
19.684841156	32.7861747742	0.0
19.655254364	32.7812080383	0.0
19.625667572	32.7762413025	0.0
19.5960826874	32.7712783813	0.0
19.5664958954	32.7663116455	0.0
19.5369091034	32.7613449097	0.0
19.5073242188	32.7563781738	0.0
19.4777374268	32.7514152527	0.0
19.4481506348	32.7464485168	0.0
19.4185657501	32.741481781	0.0
19.4018688202	32.7149963379	0.0
19.3871688843	32.6888427734	0.0
19.3724708557	32.662689209	0.0
19.3577709198	32.6365394592	0.0
19.3430728912	32.6103858948	0.0
19.3283729553	32.5842323303	0.0
19.3136749268	32.5580825806	0.0
19.2989749908	32.5319290161	0.0
19.2842750549	32.5057792664	0.0
19.2695770264	32.4796257019	0.0
19.2548770905	32.4534721375	0.0
19.2401790619	32.4273223877	0.0
19.225479126	32.4011688232	0.0
19.2107810974	32.3750152588	0.0
19.1960811615	32.348865509	0.0
19.1813831329	32.3227119446	0.0
19.166683197	32.2965583801	0.0
19.1519832611	32.2704086304	0.0
19.1372852325	32.2442550659	0.0
19.1225852966	32.2181015015	0.0
19.1078872681	32.1919517517	0.0
19.0931873322	32.1657981873	0.0
19.0784893036	32.1396484375	0.0
19.0637893677	32.113494873	0.0
19.0490913391	32.0873413086	0.0
19.0343914032	32.0611915588	0.0
19.0196933746	32.0350379944	0.0
19.0049934387	32.0088844299	0.0
19.3910865784	32.756980896	0.0
19.3656044006	32.7728157043	0.0
19.3401222229	32.7886505127	0.0
19.3146419525	32.8044815063	0.0
19.2891616821	32.8203163147	0.0
19.2636795044	32.836151123	0.0
19.238199234	32.8519859314	0.0
19.2127170563	32.8678207397	0.0
19.1872367859	32.8836517334	0.0
19.1617546082	32.8994865417	0.0
19.1362743378	32.9153213501	0.0
19.11079216	32.9311523438	0.0
19.0853118896	32.9469871521	0.0
19.0598316193	32.9628219604	0.0
19.0343494415	32.9786567688	0.0
19.0088672638	32.9944877625	0.0
20.5277194977	32.9042663574	0.0
20.5125980377	32.8783569336	0.0
20.4974765778	32.8524475098	0.0
20.4823551178	32.8265342712	0.0
20.4672355652	32.8006248474	0.0
20.4521141052	32.7747154236	0.0
20.4369926453	32.7488021851	0.0
20.4218711853	32.7228927612	0.0
20.4067516327	32.6969833374	0.0
20.3916301727	32.6710700989	0.0
20.3765087128	32.645160675	0.0
20.3613872528	32.6192512512	0.0
20.3462677002	32.5933418274	0.0
20.3311462402	32.5674285889	0.0
20.3160247803	32.541519165	0.0
20.3009033203	32.5156097412	0.0
20.2857818604	32.4897003174	0.0
20.2706604004	32.4637870789	0.0
20.2555408478	32.437877655	0.0
20.2404193878	32.4119682312	0.0
20.2252979279	32.3860588074	0.0
20.2101764679	32.3601455688	0.0
20.1950569153	32.334236145	0.0
20.1799354553	32.3083267212	0.0
20.1648139954	32.2824134827	0.0
20.1496925354	32.2565040588	0.0
20.1345710754	32.230594635	0.0
20.1194515228	32.2046813965	0.0
20.1043300629	32.1787719727	0.0
20.0892086029	32.1528625488	0.0
20.0740871429	32.126953125	0.0
20.0589675903	32.1010398865	0.0
20.043844223	32.0751304626	0.0
20.0287246704	32.0492210388	0.0
20.0136032104	32.023311615	0.0
21.0245037079	33.1040229797	0.0
21.0154190063	33.0754318237	0.0
21.0063343048	33.0468406677	0.0
20.9972496033	33.0182495117	0.0
20.9881649017	32.9896583557	0.0
20.9790802002	32.961063385	0.0
20.9699954987	32.932472229	0.0
20.9609107971	32.9038848877	0.0
20.9518241882	32.875289917	0.0
20.942741394	32.846698761	0.0
20.9336566925	32.818107605	0.0
20.9245700836	32.789516449	0.0
20.9154853821	32.760925293	0.0
20.9064006805	32.732334137	0.0
20.8973178864	32.703742981	0.0
20.8882312775	32.675151825	0.0
20.8791465759	32.6465606689	0.0
20.8700618744	32.6179695129	0.0
20.8609771729	32.5893783569	0.0
20.8518924713	32.5607872009	0.0
20.8428077698	32.5321960449	0.0
20.8337230682	32.5036048889	0.0
20.8246383667	32.4750137329	0.0
20.8155536652	32.4464225769	0.0
20.8064689636	32.4178276062	0.0
20.7832126617	32.3655891418	0.0
20.7682876587	32.3395652771	0.0
20.7533607483	32.3135414124	0.0
20.7384357452	32.2875175476	0.0
20.7235107422	32.2614936829	0.0
20.7085857391	32.2354698181	0.0
20.6936607361	32.2094459534	0.0
20.6787338257	32.1834220886	0.0
20.6638088226	32.1573982239	0.0
20.6488838196	32.1313743591	0.0
20.6339588165	32.1053504944	0.0
20.6190319061	32.0793266296	0.0
20.6041069031	32.0533027649	0.0
20.5891819	32.0272789001	0.0
20.574256897	32.0012588501	0.0
20.5593299866	31.975233078	0.0
20.5444049835	31.9492092133	0.0
20.5294780731	31.9231853485	0.0
20.5145530701	31.8971614838	0.0
20.499628067	31.871137619	0.0
20.484703064	31.8451156616	0.0
20.4697761536	31.8190917969	0.0
20.4548511505	31.7930679321	0.0
20.4399261475	31.7670440674	0.0
20.4250011444	31.7410202026	0.0
20.4100761414	31.7149963379	0.0
20.395149231	31.6889724731	0.0
20.3802242279	31.6629486084	0.0
20.3652992249	31.636926651	0.0
20.3503742218	31.6109027863	0.0
20.3354473114	31.5848789215	0.0
20.3205223083	31.5588550568	0.0
20.3055973053	31.532831192	0.0
20.2906723022	31.5068073273	0.0
20.2757453918	31.4807834625	0.0
20.2608203888	31.4547595978	0.0
20.2458953857	31.428735733	0.0
20.2309703827	31.4027137756	0.0
20.2160434723	31.3766899109	0.0
20.2011184692	31.3506641388	0.0
20.1861934662	31.3246421814	0.0
20.1712684631	31.2986183167	0.0
20.1563415527	31.2725944519	0.0
20.1414165497	31.2465705872	0.0
20.1264915466	31.2205467224	0.0
20.1115665436	31.194524765	0.0
20.0966415405	31.1685009003	0.0
20.0817146301	31.1424751282	0.0
20.0667896271	31.1164531708	0.0
20.051864624	31.090429306	0.0
20.036939621	31.0644054413	0.0
20.0220127106	31.0383815765	0.0
20.0070877075	31.0123577118	0.0
20.8118839264	32.364944458	0.0
20.8256282806	32.3382797241	0.0
20.8393745422	32.3116149902	0.0
20.8531188965	32.2849464417	0.0
20.8668632507	32.2582817078	0.0
20.8806095123	32.2316169739	0.0
20.8943557739	32.20495224	0.0
20.9081001282	32.1782836914	0.0
20.9218463898	32.1516189575	0.0
20.935590744	32.1249542236	0.0
20.9493350983	32.098285675	0.0
20.9630813599	32.0716209412	0.0
20.9768276215	32.0449562073	0.0
20.9905719757	32.0182914734	0.0
21.9734954834	36.6217346191	0.0
21.9968681335	36.6029281616	0.0
22.020242691	36.5841217041	0.0
22.0436172485	36.5653152466	0.0
22.0669898987	36.5465126038	0.0
22.0903644562	36.5277061462	0.0
22.1228122711	36.5015983582	0.0
22.1461868286	36.4827919006	0.0
22.1695594788	36.4639854431	0.0
22.1929321289	36.4451789856	0.0
22.2163066864	36.4263725281	0.0
22.2396793365	36.4075660706	0.0
22.2721271515	36.3814582825	0.0
22.295501709	36.3626556396	0.0
22.3188762665	36.3438491821	0.0
22.3422489166	36.3250427246	0.0
22.3656234741	36.3062362671	0.0
22.3889961243	36.2874298096	0.0
22.4123706818	36.2686233521	0.0
22.4357433319	36.2498168945	0.0
22.4591178894	36.231010437	0.0
22.4824905396	36.2122039795	0.0
22.505865097	36.193397522	0.0
22.5292396545	36.1745948792	0.0
22.5707607269	36.1411857605	0.0
22.5941352844	36.122379303	0.0
22.6175079346	36.1035728455	0.0
22.6408824921	36.0847663879	0.0
22.6642551422	36.0659599304	0.0
22.6876296997	36.0471534729	0.0
22.7110023499	36.0283470154	0.0
22.7343769073	36.0095405579	0.0
22.7577495575	35.9907341003	0.0
22.781124115	35.9719314575	0.0
22.8044986725	35.953125	0.0
22.8278713226	35.9343185425	0.0
22.8512458801	35.915512085	0.0
22.8746185303	35.8967056274	0.0
22.8979930878	35.8778991699	0.0
22.9213657379	35.8590927124	0.0
22.9447402954	35.8402862549	0.0
22.9523429871	35.8103981018	0.0
22.9591217041	35.7811775208	0.0
22.9659004211	35.751953125	0.0
22.9726791382	35.7227287292	0.0
22.9794578552	35.6935043335	0.0
22.9862365723	35.6642799377	0.0
22.9930152893	35.635055542	0.0
22.999792099	35.6058311462	0.0
23.0065727234	35.5766067505	0.0
23.0133514404	35.5473823547	0.0
23.0201282501	35.518157959	0.0
23.0269088745	35.4889335632	0.0
23.0336875916	35.4597091675	0.0
23.0404644012	35.4304885864	0.0
23.0472431183	35.401260376	0.0
23.0540237427	35.3720397949	0.0
23.078496933	35.3523597717	0.0
23.102558136	35.3344459534	0.0
23.1266231537	35.3165283203	0.0
23.150686264	35.298614502	0.0
23.1747512817	35.2807006836	0.0
23.1988143921	35.2627868652	0.0
23.2228775024	35.2448730469	0.0
23.2469425201	35.2269554138	0.0
23.2710056305	35.2090415955	0.0
23.2950687408	35.1911277771	0.0
23.3191337585	35.1732139587	0.0
23.3431968689	35.1552963257	0.0
23.3672599792	35.1373825073	0.0
23.3913230896	35.119468689	0.0
23.4153881073	35.1015548706	0.0
23.4394512177	35.0836372375	0.0
23.463514328	35.0657234192	0.0
23.4875793457	35.0478096008	0.0
23.5116424561	35.0298957825	0.0
23.5585079193	35.0162239075	0.0
23.5884876251	35.01512146	0.0
23.6184673309	35.0140190125	0.0
23.6484470367	35.0129165649	0.0
23.6784267426	35.0118141174	0.0
23.7084064484	35.0107154846	0.0
23.7383861542	35.0096130371	0.0
23.7938632965	35.0037765503	0.0
23.8234615326	34.9988861084	0.0
23.853061676	34.9939994812	0.0
23.8826618195	34.989112854	0.0
23.9122600555	34.9842224121	0.0
23.9418582916	34.9793357849	0.0
23.9714584351	34.9744491577	0.0
24.0010566711	34.9695625305	0.0
24.0306568146	34.9646720886	0.0
24.0602550507	34.9597854614	0.0
24.0898551941	34.9548988342	0.0
24.1194534302	34.9500083923	0.0
24.1490535736	34.9451217651	0.0
24.1786518097	34.9402351379	0.0
24.2082519531	34.9353485107	0.0
24.2378501892	34.9304580688	0.0
24.2674503326	34.9255714417	0.0
24.2970485687	34.9206848145	0.0
24.3266487122	34.9157943726	0.0
24.3562469482	34.9109077454	0.0
24.3858451843	34.9060211182	0.0
24.4154453278	34.901134491	0.0
24.4450454712	34.8962440491	0.0
24.4845142365	34.9002876282	0.0
24.513967514	34.9059867859	0.0
24.543422699	34.9116821289	0.0
24.5728759766	34.9173812866	0.0
24.6023292542	34.9230766296	0.0
24.6317844391	34.9287757874	0.0
24.6612377167	34.9344711304	0.0
24.6906929016	34.9401702881	0.0
24.7201461792	34.9458656311	0.0
24.7495994568	34.9515647888	0.0
24.7790546417	34.9572601318	0.0
24.8085079193	34.9629592896	0.0
24.8379611969	34.9686584473	0.0
24.8674163818	34.9743537903	0.0
24.8968696594	34.9800491333	0.0
24.9263248444	34.985748291	0.0
24.9557781219	34.9914474487	0.0
24.9852333069	34.9971427917	0.0
24.4810218811	34.8795585632	0.0
24.5069828033	34.8645248413	0.0
24.5329456329	34.8494911194	0.0
24.5589065552	34.8344573975	0.0
24.5848674774	34.8194274902	0.0
24.610830307	34.8043937683	0.0
24.6367912292	34.7893600464	0.0
24.6627521515	34.7743263245	0.0
24.6887149811	34.7592926025	0.0
24.7146778107	34.7442626953	0.0
24.7406387329	34.7292289734	0.0
24.7665996552	34.7141952515	0.0
24.7925624847	34.6991615295	0.0
24.818523407	34.6841278076	0.0
24.8444843292	34.6690979004	0.0
24.8704471588	34.6540641785	0.0
24.8964080811	34.6390304565	0.0
24.9223709106	34.6239967346	0.0
24.9483318329	34.6089630127	0.0
24.9742946625	34.5939292908	0.0
25.0002555847	34.5788993835	0.0
25.026216507	34.5638656616	0.0
25.0521793365	34.5488319397	0.0
25.0781402588	34.5337982178	0.0
25.104101181	34.5187644958	0.0
25.1300640106	34.5037345886	0.0
25.1560249329	34.4887008667	0.0
25.1819877625	34.4736671448	0.0
25.2079486847	34.4586334229	0.0
25.2339096069	34.4435997009	0.0
25.2598724365	34.4285697937	0.0
25.2858333588	34.4135360718	0.0
25.311794281	34.3985023499	0.0
25.3377571106	34.3834686279	0.0
25.3637199402	34.368434906	0.0
25.3896808624	34.3534011841	0.0
25.4156417847	34.3383712769	0.0
25.4416046143	34.3233375549	0.0
25.4675655365	34.308303833	0.0
25.4935264587	34.2932701111	0.0
25.5194892883	34.2782363892	0.0
25.5454502106	34.2632064819	0.0
25.5714111328	34.24817276	0.0
25.5973739624	34.2331390381	0.0
25.623336792	34.2181053162	0.0
25.6492977142	34.2030715942	0.0
25.6752586365	34.188041687	0.0
25.7012214661	34.1730079651	0.0
25.7271823883	34.1579742432	0.0
25.7531433105	34.1429405212	0.0
25.7791061401	34.1279067993	0.0
25.8050670624	34.1128768921	0.0
25.831029892	34.0978431702	0.0
25.8569908142	34.0828094482	0.0
25.8829517365	34.0677757263	0.0
25.908914566	34.0527420044	0.0
25.9348754883	34.0377082825	0.0
25.9608364105	34.0226783752	0.0
25.9867992401	34.0076446533	0.0
23.7942447662	35.00756073	0.0
23.824224472	35.0064582825	0.0
23.8542022705	35.005355835	0.0
23.8841838837	35.0042572021	0.0
23.9141635895	35.0031547546	0.0
23.9441432953	35.0020523071	0.0
23.9741210938	35.0009498596	0.0
23.5445995331	34.9919929504	0.0
23.5606689453	34.9666595459	0.0
23.5767402649	34.9413261414	0.0
23.5928115845	34.9159965515	0.0
23.6088829041	34.890663147	0.0
23.6249523163	34.8653297424	0.0
23.6410236359	34.8399963379	0.0
23.6570930481	34.814666748	0.0
23.6731643677	34.7893333435	0.0
23.6892356873	34.763999939	0.0
23.7053050995	34.7386665344	0.0
23.7213764191	34.7133369446	0.0
23.7374477386	34.68800354	0.0
23.7535171509	34.6626701355	0.0
23.7695884705	34.637336731	0.0
23.78565979	34.6120071411	0.0
23.8017311096	34.5866737366	0.0
23.8178005219	34.561340332	0.0
23.8338718414	34.5360107422	0.0
23.849943161	34.5106773376	0.0
23.8660144806	34.4853439331	0.0
23.8820838928	34.4600105286	0.0
23.8981552124	34.434677124	0.0
23.914226532	34.4093475342	0.0
23.9302978516	34.3840141296	0.0
23.9463672638	34.3586807251	0.0
23.9624385834	34.3333473206	0.0
23.9763221741	34.2854728699	0.0
23.9788036346	34.2555770874	0.0
23.9812831879	34.2256774902	0.0
23.9837627411	34.1957817078	0.0
23.9862422943	34.1658821106	0.0
23.9887218475	34.1359863281	0.0
23.9912014008	34.1060905457	0.0
23.993680954	34.0761909485	0.0
23.9961605072	34.046295166	0.0
23.9986400604	34.0163955688	0.0
24.0025196075	34.3065567017	0.0
24.0311965942	34.297744751	0.0
24.0598735809	34.2889328003	0.0
24.0885486603	34.2801170349	0.0
24.117225647	34.2713050842	0.0
24.1459007263	34.2624931335	0.0
24.174577713	34.2536773682	0.0
24.2032546997	34.2448654175	0.0
24.2319297791	34.2360534668	0.0
24.2606067657	34.2272377014	0.0
24.2892837524	34.2184257507	0.0
24.3179588318	34.2096138	0.0
24.3466358185	34.2008018494	0.0
24.3753128052	34.191986084	0.0
24.4039878845	34.1831741333	0.0
24.4326648712	34.1743583679	0.0
24.4613399506	34.1655464172	0.0
24.4900169373	34.1567344666	0.0
24.518693924	34.1479225159	0.0
24.5473690033	34.1391067505	0.0
24.5760440826	34.1302947998	0.0
24.6047210693	34.1214828491	0.0
24.633398056	34.1126708984	0.0
24.6620731354	34.1038551331	0.0
24.6907501221	34.0950431824	0.0
24.7194271088	34.086227417	0.0
24.7481021881	34.0774154663	0.0
24.7767791748	34.0686035156	0.0
24.8054561615	34.0597915649	0.0
24.8341312408	34.0509757996	0.0
24.8628082275	34.0421638489	0.0
24.8914833069	34.0333518982	0.0
24.9201602936	34.0245361328	0.0
24.9488372803	34.0157241821	0.0
24.9775123596	34.0069122314	0.0
23.050069809	35.3405914307	0.0
23.0457057953	35.3109130859	0.0
23.0413417816	35.2812309265	0.0
23.0369796753	35.2515487671	0.0
23.0326156616	35.2218704224	0.0
23.0282535553	35.1921882629	0.0
23.0238895416	35.1625061035	0.0
23.019525528	35.1328277588	0.0
23.0151634216	35.1031455994	0.0
23.010799408	35.0734634399	0.0
23.0064353943	35.0437812805	0.0
23.002073288	35.0141029358	0.0
22.9723758698	35.8530845642	0.0
22.9991874695	35.8665428162	0.0
23.0259990692	35.8800010681	0.0
23.0528106689	35.8934593201	0.0
23.0796222687	35.906917572	0.0
23.1064338684	35.920375824	0.0
23.1332454681	35.9338340759	0.0
23.1600570679	35.9472923279	0.0
23.1868686676	35.9607505798	0.0
23.2407417297	35.9731941223	0.0
23.2707386017	35.973651886	0.0
23.3007354736	35.974105835	0.0
23.3307323456	35.9745635986	0.0
23.3607273102	35.9750213623	0.0
23.3907241821	35.975479126	0.0
23.4207210541	35.9759368896	0.0
23.450717926	35.9763946533	0.0
23.480714798	35.9768486023	0.0
23.5107116699	35.977306366	0.0
23.5407085419	35.9777641296	0.0
23.5707035065	35.9782218933	0.0
23.6007003784	35.978679657	0.0
23.6306972504	35.979133606	0.0
23.6606941223	35.9795913696	0.0
23.6906890869	35.9800491333	0.0
23.7206878662	35.980506897	0.0
23.7506828308	35.9809646606	0.0
23.7806797028	35.9814224243	0.0
23.8106765747	35.9818763733	0.0
23.8406734467	35.982334137	0.0
23.8706684113	35.9827919006	0.0
23.9006652832	35.9832496643	0.0
23.9306621552	35.983707428	0.0
23.9606590271	35.984161377	0.0
23.990655899	35.9846191406	0.0
24.020652771	35.9850769043	0.0
24.0506477356	35.985534668	0.0
24.0806446075	35.9859924316	0.0
24.1106414795	35.9864463806	0.0
24.1406383514	35.9869041443	0.0
24.170633316	35.987361908	0.0
24.200630188	35.9878196716	0.0
24.2306270599	35.9882774353	0.0
24.2606239319	35.988735199	0.0
24.2906208038	35.9891891479	0.0
24.3206176758	35.9896469116	0.0
24.3506145477	35.9901046753	0.0
24.3806095123	35.990562439	0.0
24.4106063843	35.9910202026	0.0
24.4406032562	35.9914741516	0.0
24.4706001282	35.9919319153	0.0
24.5005950928	35.992389679	0.0
24.5305938721	35.9928474426	0.0
24.5605888367	35.9933052063	0.0
24.5905857086	35.99376297	0.0
24.6205825806	35.9942207336	0.0
24.6505794525	35.9946746826	0.0
24.6805744171	35.9951324463	0.0
24.7105712891	35.99559021	0.0
24.740568161	35.9960479736	0.0
24.770565033	35.9965057373	0.0
24.8005619049	35.9969596863	0.0
24.8305587769	35.99741745	0.0
24.8605537415	35.9978752136	0.0
24.8905506134	35.9983329773	0.0
24.9205474854	35.998790741	0.0
24.9505443573	35.9992446899	0.0
24.9805393219	35.9997024536	0.0
23.1809940338	35.9765853882	0.0
23.1512413025	35.9804344177	0.0
23.1214904785	35.9842834473	0.0
23.0917377472	35.9881324768	0.0
23.0619869232	35.9919815063	0.0
23.0322341919	35.9958305359	0.0
23.0024814606	35.9996795654	0.0
22.5733566284	36.1750106812	0.0
22.5993270874	36.1900253296	0.0
22.6252975464	36.2050437927	0.0
22.6512699127	36.2200622559	0.0
22.6772384644	36.235080719	0.0
22.7032089233	36.2500991821	0.0
22.7291793823	36.2651176453	0.0
22.7551498413	36.2801361084	0.0
22.7811203003	36.2951545715	0.0
22.8070907593	36.31016922	0.0
22.8330612183	36.3251876831	0.0
22.8590316772	36.3402061462	0.0
22.8850021362	36.3552246094	0.0
22.9109725952	36.3702430725	0.0
22.9369430542	36.3852615356	0.0
22.9629135132	36.4002799988	0.0
22.9888820648	36.4152984619	0.0
23.0148544312	36.4303131104	0.0
23.0408248901	36.4453315735	0.0
23.0667934418	36.4603500366	0.0
23.0927658081	36.4753684998	0.0
23.1187343597	36.4903869629	0.0
23.1447048187	36.505405426	0.0
23.1706752777	36.5204238892	0.0
23.1966457367	36.5354423523	0.0
23.2226161957	36.5504608154	0.0
23.2485866547	36.5654754639	0.0
23.2745571136	36.580493927	0.0
23.3005275726	36.5955123901	0.0
23.3264980316	36.6105308533	0.0
23.3524684906	36.6255493164	0.0
23.3784389496	36.6405677795	0.0
23.4044094086	36.6555862427	0.0
23.4303798676	36.6706047058	0.0
23.4563503265	36.6856193542	0.0
23.4823207855	36.7006378174	0.0
23.5082912445	36.7156562805	0.0
23.5342617035	36.7306747437	0.0
23.5602302551	36.7456932068	0.0
23.5862026215	36.7607116699	0.0
23.6121711731	36.7757301331	0.0
23.6381416321	36.7907485962	0.0
23.6641120911	36.8057632446	0.0
23.69008255	36.8207817078	0.0
23.7160549164	36.8358001709	0.0
23.742023468	36.850818634	0.0
23.767993927	36.8658370972	0.0
23.793964386	36.8808555603	0.0
23.819934845	36.8958740234	0.0
23.845905304	36.9108924866	0.0
23.8718757629	36.925907135	0.0
23.8978462219	36.9409255981	0.0
23.9238166809	36.9559440613	0.0
23.9497871399	36.9709625244	0.0
23.9757575989	36.9859809875	0.0
22.2435073853	36.3707275391	0.0
22.2382602692	36.3411903381	0.0
22.2330131531	36.3116531372	0.0
22.2277641296	36.2821159363	0.0
22.2225189209	36.2525787354	0.0
22.2172718048	36.2230415344	0.0
22.2120246887	36.1935043335	0.0
22.2067756653	36.1639671326	0.0
22.2015285492	36.1344299316	0.0
22.1962814331	36.1048927307	0.0
22.191034317	36.0753555298	0.0
22.1857872009	36.0458145142	0.0
22.1805400848	36.0162773132	0.0
22.1752929688	35.9867401123	0.0
22.1700458527	35.9572029114	0.0
22.1647987366	35.9276657104	0.0
22.1595516205	35.8981285095	0.0
22.154302597	35.8685913086	0.0
22.149055481	35.8390541077	0.0
22.1438083649	35.8095169067	0.0
22.1385612488	35.7799797058	0.0
22.1333141327	35.7504425049	0.0
22.1280670166	35.7209014893	0.0
22.1191291809	35.6705970764	0.0
22.1138820648	35.6410598755	0.0
22.1086349487	35.6115226746	0.0
22.1033878326	35.5819816589	0.0
22.0981407166	35.552444458	0.0
22.0928936005	35.5229072571	0.0
22.0876464844	35.4933700562	0.0
22.0823993683	35.4638328552	0.0
22.0771522522	35.4342956543	0.0
22.0719032288	35.4047584534	0.0
22.0666561127	35.3752212524	0.0
22.0614109039	35.3456840515	0.0
22.0561637878	35.3161468506	0.0
22.0509147644	35.2866096497	0.0
22.0456676483	35.257068634	0.0
22.0404205322	35.2275314331	0.0
22.0351734161	35.1979942322	0.0
22.0299263	35.1684570312	0.0
22.024679184	35.1389198303	0.0
22.0194320679	35.1093826294	0.0
22.0141849518	35.0798454285	0.0
22.0089378357	35.0503082275	0.0
22.0036907196	35.0207710266	0.0
22.1128826141	35.7278442383	0.0
22.1013908386	35.7555541992	0.0
22.0898952484	35.7832641602	0.0
22.0784015656	35.8109779358	0.0
22.0669078827	35.8386878967	0.0
22.0554141998	35.8663978577	0.0
22.043920517	35.8941078186	0.0
22.0324268341	35.9218215942	0.0
22.0209331512	35.9495315552	0.0
22.0094394684	35.9772415161	0.0
22.1259174347	36.5345077515	0.0
22.1523971558	36.5486068726	0.0
22.1788768768	36.5627098083	0.0
22.2053546906	36.5768089294	0.0
22.2318344116	36.5909118652	0.0
22.2583122253	36.605014801	0.0
22.2847919464	36.6191139221	0.0
22.3112716675	36.6332168579	0.0
22.3377513885	36.6473197937	0.0
22.3642292023	36.6614189148	0.0
22.3907089233	36.6755218506	0.0
22.4171886444	36.6896247864	0.0
22.4436664581	36.7037239075	0.0
22.4701461792	36.7178268433	0.0
22.4966259003	36.7319259644	0.0
22.5231056213	36.7460289001	0.0
22.5495834351	36.7601318359	0.0
22.5760631561	36.774230957	0.0
22.6025428772	36.7883338928	0.0
22.6290225983	36.8024368286	0.0
22.655500412	36.8165359497	0.0
22.6819801331	36.8306388855	0.0
22.7084598541	36.8447380066	0.0
22.7349376678	36.8588409424	0.0
22.7614173889	36.8729438782	0.0
22.78789711	36.8870429993	0.0
22.8143768311	36.9011459351	0.0
22.8408546448	36.9152488708	0.0
22.8673343658	36.9293479919	0.0
22.8938121796	36.9434509277	0.0
22.920293808	36.9575538635	0.0
22.9467716217	36.9716529846	0.0
22.9732513428	36.9857559204	0.0
22.9997291565	36.9998550415	0.0
21.4478702545	38.1716766357	0.0
21.4246463776	38.1526908875	0.0
21.4014205933	38.1336975098	0.0
21.3781967163	38.1147079468	0.0
21.3549728394	38.0957183838	0.0
21.3317470551	38.0767288208	0.0
21.3085231781	38.0577392578	0.0
21.2852973938	38.0387496948	0.0
21.2620735168	38.0197601318	0.0
21.2388477325	38.0007705688	0.0
21.2156238556	37.9817810059	0.0
21.1923980713	37.9627914429	0.0
21.1691741943	37.9438018799	0.0
21.1459503174	37.9248123169	0.0
21.1227245331	37.9058227539	0.0
21.0995006561	37.8868293762	0.0
21.0762767792	37.8678398132	0.0
21.0494060516	37.8458709717	0.0
21.0261802673	37.8268814087	0.0
21.0029563904	37.8078918457	0.0
20.9797325134	37.7889022827	0.0
20.9565067291	37.7699127197	0.0
20.9332828522	37.7509231567	0.0
20.9100570679	37.7319335938	0.0
20.8868331909	37.7129402161	0.0
20.863609314	37.6939506531	0.0
20.8403835297	37.6749649048	0.0
20.8171596527	37.6559715271	0.0
20.7939357758	37.6369819641	0.0
20.7707099915	37.6179924011	0.0
20.7474842072	37.5990028381	0.0
20.7242603302	37.5800132751	0.0
20.7010364532	37.5610237122	0.0
20.6778106689	37.5420341492	0.0
20.6601009369	37.5125541687	0.0
20.6460342407	37.4860572815	0.0
20.6319675446	37.4595603943	0.0
20.6179027557	37.4330596924	0.0
20.6038360596	37.4065628052	0.0
20.5897693634	37.380065918	0.0
20.5757045746	37.3535652161	0.0
20.5616378784	37.3270683289	0.0
20.5475711823	37.3005714417	0.0
20.5335063934	37.2740745544	0.0
20.5194396973	37.2475738525	0.0
20.5053749084	37.2210769653	0.0
20.4913082123	37.1945800781	0.0
20.4772415161	37.1680793762	0.0
20.4631767273	37.141582489	0.0
20.4491100311	37.1150856018	0.0
20.435043335	37.0885887146	0.0
20.4209785461	37.0620880127	0.0
20.40691185	37.0355911255	0.0
20.3928451538	37.0090904236	0.0
20.3524951935	36.9903907776	0.0
20.3225078583	36.9912071228	0.0
20.2925186157	36.9920272827	0.0
20.2625293732	36.9928436279	0.0
20.2325401306	36.9936599731	0.0
20.2025527954	36.9944801331	0.0
20.1725635529	36.9952964783	0.0
20.1425743103	36.9961128235	0.0
20.1125850677	36.9969291687	0.0
20.0825958252	36.9977493286	0.0
20.0526065826	36.9985656738	0.0
20.0226173401	36.999382019	0.0
20.3750247955	36.9605178833	0.0
20.3675613403	36.9314575195	0.0
20.3601016998	36.9024009705	0.0
20.352640152	36.8733444214	0.0
20.3451786041	36.8442878723	0.0
20.3377170563	36.8152313232	0.0
20.3302555084	36.7861709595	0.0
20.3227958679	36.7571144104	0.0
20.3153343201	36.7280578613	0.0
20.3078727722	36.6990013123	0.0
20.3004112244	36.6699447632	0.0
20.2929496765	36.6408843994	0.0
20.2854881287	36.6118278503	0.0
20.2780284882	36.5827713013	0.0
20.2705669403	36.5537147522	0.0
20.2631053925	36.5246543884	0.0
20.2556438446	36.4955978394	0.0
20.2481822968	36.4665412903	0.0
20.2407226562	36.4374847412	0.0
20.2332611084	36.4084243774	0.0
20.2257995605	36.3793678284	0.0
20.2183380127	36.3503112793	0.0
20.2108764648	36.3212547302	0.0
20.2034168243	36.2921981812	0.0
20.1959552765	36.2631416321	0.0
20.1884937286	36.2340812683	0.0
20.1810321808	36.2050247192	0.0
20.1735706329	36.1759681702	0.0
20.1661090851	36.1469116211	0.0
20.1586494446	36.1178512573	0.0
20.1511878967	36.0887947083	0.0
20.1437263489	36.0597381592	0.0
20.1086826324	36.0286102295	0.0
20.0796718597	36.0209732056	0.0
20.0506591797	36.0133361816	0.0
20.021648407	36.0056991577	0.0
20.1337432861	36.0065078735	0.0
20.1297912598	35.9767684937	0.0
20.1258392334	35.9470291138	0.0
20.121887207	35.9172935486	0.0
20.1179351807	35.8875541687	0.0
20.1139850616	35.8578147888	0.0
20.1100330353	35.8280754089	0.0
20.1060829163	35.7983398438	0.0
20.1021308899	35.7686004639	0.0
20.0981788635	35.738861084	0.0
20.0942268372	35.7091217041	0.0
20.0902748108	35.6793823242	0.0
20.0863246918	35.649646759	0.0
20.0823726654	35.6199073792	0.0
20.078420639	35.5901679993	0.0
20.0744686127	35.5604286194	0.0
20.0705165863	35.5306892395	0.0
20.0665664673	35.5009536743	0.0
20.0626144409	35.4712142944	0.0
20.0586624146	35.4414749146	0.0
20.0547103882	35.4117355347	0.0
20.0507583618	35.3819961548	0.0
20.0468063354	35.3522605896	0.0
20.0428562164	35.3225212097	0.0
20.0389041901	35.2927818298	0.0
20.0349521637	35.26304245	0.0
20.0310001373	35.2333030701	0.0
20.027048111	35.2035636902	0.0
20.0230979919	35.173828125	0.0
20.0191459656	35.1440887451	0.0
20.0151958466	35.1143493652	0.0
20.0112438202	35.0846099854	0.0
20.0072917938	35.0548706055	0.0
20.0033397675	35.0251350403	0.0
20.6445903778	37.5340309143	0.0
20.6150131226	37.5290031433	0.0
20.5854377747	37.523979187	0.0
20.5558605194	37.5189552307	0.0
20.5262851715	37.5139312744	0.0
20.4967079163	37.5089073181	0.0
20.4671325684	37.5038833618	0.0
20.4375553131	37.4988594055	0.0
20.4079780579	37.4938354492	0.0
20.37840271	37.4888114929	0.0
20.3488273621	37.4837875366	0.0
20.3192501068	37.4787635803	0.0
20.2896747589	37.473739624	0.0
20.2495555878	37.4588699341	0.0
20.2223644257	37.4461936951	0.0
20.1951732635	37.4335174561	0.0
20.1679821014	37.420841217	0.0
20.1407928467	37.4081687927	0.0
20.1136016846	37.3954925537	0.0
20.0864105225	37.3828163147	0.0
20.0592193604	37.3701400757	0.0
20.0320301056	37.3574638367	0.0
20.0048389435	37.3447914124	0.0
19.9742336273	37.3586997986	0.0
19.949174881	37.3751945496	0.0
19.9241161346	37.3916893005	0.0
19.8990573883	37.4081840515	0.0
19.8740005493	37.4246788025	0.0
19.848941803	37.4411735535	0.0
19.8238830566	37.4576683044	0.0
19.7988243103	37.4741630554	0.0
19.7737674713	37.4906578064	0.0
19.748708725	37.5071525574	0.0
19.7236499786	37.5236473083	0.0
19.6985912323	37.5401420593	0.0
19.6735343933	37.5566368103	0.0
19.648475647	37.5731315613	0.0
19.6234169006	37.5896263123	0.0
19.5983581543	37.6061248779	0.0
19.573299408	37.6226196289	0.0
19.548242569	37.6391143799	0.0
19.5231838226	37.6556091309	0.0
19.4981250763	37.6721038818	0.0
19.47306633	37.6885986328	0.0
19.448009491	37.7050933838	0.0
19.4229507446	37.7215881348	0.0
19.3978919983	37.7380828857	0.0
19.372833252	37.7545776367	0.0
19.347776413	37.7710723877	0.0
19.3227176666	37.7875671387	0.0
19.2976589203	37.8040618896	0.0
19.272600174	37.8205566406	0.0
19.247543335	37.8370513916	0.0
19.2224845886	37.8535461426	0.0
19.1974258423	37.8700408936	0.0
19.1723670959	37.8865356445	0.0
19.147310257	37.9030303955	0.0
19.1222515106	37.9195251465	0.0
19.0971927643	37.9360198975	0.0
19.0721359253	37.9525146484	0.0
19.047077179	37.9690093994	0.0
19.0220184326	37.9855041504	0.0
19.9720993042	37.3295288086	0.0
19.9449100494	37.3168525696	0.0
19.9177188873	37.3041763306	0.0
19.8905277252	37.2915039062	0.0
19.8633384705	37.2788276672	0.0
19.8361473083	37.2661514282	0.0
19.8089561462	37.2534751892	0.0
19.7817668915	37.2407989502	0.0
19.7545757294	37.2281265259	0.0
19.7273845673	37.2154502869	0.0
19.6975841522	37.2305221558	0.0
19.6733322144	37.2481803894	0.0
19.6490802765	37.2658424377	0.0
19.624830246	37.2835006714	0.0
19.6005783081	37.3011627197	0.0
19.5763263702	37.3188209534	0.0
19.5520744324	37.336479187	0.0
19.5278224945	37.3541374207	0.0
19.5035705566	37.371799469	0.0
19.4793205261	37.3894577026	0.0
19.4550685883	37.407119751	0.0
19.4308166504	37.4247779846	0.0
19.4065647125	37.4424362183	0.0
19.3823127747	37.4600944519	0.0
19.3580627441	37.4777565002	0.0
19.3338108063	37.4954147339	0.0
19.3095588684	37.5130767822	0.0
19.2853069305	37.5307350159	0.0
19.2610549927	37.5483932495	0.0
19.2368030548	37.5660514832	0.0
19.2125511169	37.5837135315	0.0
19.1954116821	37.5606765747	0.0
19.1855392456	37.5323486328	0.0
19.1756649017	37.5040168762	0.0
19.1657924652	37.4756889343	0.0
19.1559181213	37.4473609924	0.0
19.1460456848	37.4190330505	0.0
19.1361713409	37.3907012939	0.0
19.1262989044	37.3623733521	0.0
19.1164245605	37.3340454102	0.0
19.1065502167	37.3057174683	0.0
19.0966777802	37.2773895264	0.0
19.0868053436	37.2490615845	0.0
19.0769309998	37.2207298279	0.0
19.0670585632	37.192401886	0.0
19.0571842194	37.1640739441	0.0
19.0473117828	37.1357460022	0.0
19.037437439	37.1074142456	0.0
19.0275630951	37.0790863037	0.0
19.0176906586	37.0507583618	0.0
19.007818222	37.0224304199	0.0
19.1810340881	37.6066627502	0.0
19.1567821503	37.6243247986	0.0
19.1325302124	37.6419830322	0.0
19.1082782745	37.6596412659	0.0
19.0840263367	37.6773033142	0.0
19.0597743988	37.6949615479	0.0
19.0355243683	37.7126197815	0.0
19.0112724304	37.7302818298	0.0
18.9870204926	37.7479400635	0.0
18.9627685547	37.7655982971	0.0
18.9385166168	37.7832603455	0.0
18.9142665863	37.8009185791	0.0
18.8900146484	37.8185768127	0.0
18.8657627106	37.8362388611	0.0
18.8415107727	37.8538970947	0.0
18.8172588348	37.8715553284	0.0
18.7930088043	37.8892173767	0.0
18.7687568665	37.9068756104	0.0
18.7445049286	37.924533844	0.0
18.7202529907	37.9421958923	0.0
18.6960010529	37.959854126	0.0
18.671749115	37.9775123596	0.0
18.6474971771	37.995174408	0.0
18.6232452393	38.0128326416	0.0
18.5989933014	38.0304908752	0.0
18.5747432709	38.0481529236	0.0
18.550491333	38.0658111572	0.0
18.5262393951	38.0834693909	0.0
18.5019874573	38.1011314392	0.0
18.4777355194	38.1187896729	0.0
18.4534854889	38.1364479065	0.0
18.4021968842	38.1431541443	0.0
18.3739337921	38.1330947876	0.0
18.3456707001	38.1230354309	0.0
18.317407608	38.1129760742	0.0
18.289144516	38.1029167175	0.0
18.260881424	38.0928573608	0.0
18.2326183319	38.0827980042	0.0
18.2043552399	38.0727386475	0.0
18.1760921478	38.0626754761	0.0
18.1478290558	38.0526161194	0.0
18.1195659637	38.0425567627	0.0
18.0913028717	38.032497406	0.0
18.0630397797	38.0224380493	0.0
18.0347766876	38.0123786926	0.0
18.0065135956	38.0023193359	0.0
18.4168643951	38.1799583435	0.0
18.4032707214	38.206703186	0.0
18.3896751404	38.2334442139	0.0
18.3760795593	38.2601890564	0.0
18.3624858856	38.2869300842	0.0
18.3488903046	38.3136711121	0.0
18.3352966309	38.3404159546	0.0
18.3217010498	38.3671607971	0.0
18.3081073761	38.393901825	0.0
18.294511795	38.4206466675	0.0
18.2809181213	38.4473876953	0.0
18.2673225403	38.4741325378	0.0
18.2537288666	38.5008735657	0.0
18.2401332855	38.5276184082	0.0
18.2265396118	38.554359436	0.0
18.2129459381	38.5811042786	0.0
18.1993503571	38.6078453064	0.0
18.185754776	38.6345901489	0.0
18.1721611023	38.6613311768	0.0
18.1585655212	38.6880760193	0.0
18.1449718475	38.7148170471	0.0
18.1313762665	38.7415618896	0.0
18.1177825928	38.7683029175	0.0
18.1041870117	38.79504776	0.0
18.090593338	38.8217887878	0.0
18.076997757	38.8485336304	0.0
18.0634021759	38.8752746582	0.0
18.0498085022	38.9020195007	0.0
18.0362148285	38.9287605286	0.0
18.0226192474	38.9555053711	0.0
18.0090255737	38.9822463989	0.0
19.6946468353	37.2001876831	0.0
19.6674556732	37.1875114441	0.0
19.6402645111	37.1748352051	0.0
19.613073349	37.1621627808	0.0
19.5858821869	37.1494865417	0.0
19.5586929321	37.1368103027	0.0
19.53150177	37.1241340637	0.0
19.5043106079	37.1114616394	0.0
19.4771194458	37.0987854004	0.0
19.4499282837	37.0861091614	0.0
19.4171905518	37.0708465576	0.0
19.3899993896	37.0581703186	0.0
19.3628082275	37.0454978943	0.0
19.3356189728	37.0328216553	0.0
19.3084278107	37.0201454163	0.0
19.2812366486	37.0074691772	0.0
19.2540454865	36.9947967529	0.0
19.2268562317	36.9821205139	0.0
19.1996650696	36.9694442749	0.0
19.1724739075	36.9567680359	0.0
19.1389579773	36.9433288574	0.0
19.1109905243	36.9324760437	0.0
19.0830211639	36.92162323	0.0
19.0550537109	36.9107704163	0.0
19.0270862579	36.8999176025	0.0
18.9991188049	36.8890647888	0.0
18.9711494446	36.8782119751	0.0
18.9431800842	36.8673591614	0.0
18.9152126312	36.8565063477	0.0
18.8872451782	36.8456535339	0.0
18.8592777252	36.8348007202	0.0
18.8313083649	36.8239479065	0.0
18.8033409119	36.8130950928	0.0
18.7643852234	36.7925376892	0.0
18.7386550903	36.7771110535	0.0
18.7129268646	36.7616844177	0.0
18.6871967316	36.7462615967	0.0
18.6614665985	36.7308349609	0.0
18.6357364655	36.7154083252	0.0
18.6100063324	36.6999816895	0.0
18.5842761993	36.6845550537	0.0
18.5585460663	36.669128418	0.0
18.5328159332	36.6537017822	0.0
18.5070858002	36.6382751465	0.0
18.4813556671	36.6228523254	0.0
18.4556255341	36.6074256897	0.0
18.429895401	36.591999054	0.0
18.4041652679	36.5765724182	0.0
18.3784351349	36.5611457825	0.0
18.3527069092	36.5457191467	0.0
18.3269767761	36.5302963257	0.0
18.3012466431	36.5148696899	0.0
18.27551651	36.4994430542	0.0
18.249786377	36.4840164185	0.0
18.2240562439	36.4685897827	0.0
18.1983261108	36.453163147	0.0
18.1725959778	36.4377365112	0.0
18.1468658447	36.4223136902	0.0
18.1211357117	36.4068870544	0.0
18.0954055786	36.3914604187	0.0
18.0696754456	36.376033783	0.0
18.0439453125	36.3606071472	0.0
18.0182151794	36.3451805115	0.0
17.9924850464	36.3297538757	0.0
17.9667549133	36.31432724	0.0
17.9410247803	36.2989044189	0.0
17.9152946472	36.2834777832	0.0
17.8895645142	36.2680511475	0.0
17.8638343811	36.2526245117	0.0
17.838104248	36.237197876	0.0
17.812374115	36.2217712402	0.0
17.7734451294	36.2080116272	0.0
17.7444763184	36.2002182007	0.0
17.7155056	36.1924285889	0.0
17.6865348816	36.1846351624	0.0
17.6575641632	36.1768455505	0.0
17.6285934448	36.169052124	0.0
17.5996227264	36.1612625122	0.0
17.5706520081	36.1534729004	0.0
17.5416812897	36.1456794739	0.0
17.5127105713	36.1378898621	0.0
17.4837398529	36.1300964355	0.0
17.4547691345	36.1223068237	0.0
17.4257984161	36.1145133972	0.0
17.3968276978	36.1067237854	0.0
17.3678588867	36.0989303589	0.0
17.338886261	36.0911407471	0.0
17.30991745	36.0833473206	0.0
17.2809467316	36.0755577087	0.0
17.2519760132	36.0677642822	0.0
17.2230052948	36.0599746704	0.0
17.1940345764	36.0521850586	0.0
17.165063858	36.0443916321	0.0
17.1360931396	36.0366020203	0.0
17.1071224213	36.0288085938	0.0
17.0781517029	36.0210189819	0.0
17.0491809845	36.0132255554	0.0
17.0202102661	36.0054359436	0.0
17.7786636353	36.197479248	0.0
17.7549095154	36.1791534424	0.0
17.7311553955	36.1608314514	0.0
17.7074012756	36.1425056458	0.0
17.6836490631	36.1241836548	0.0
17.6598949432	36.1058578491	0.0
17.6361427307	36.0875358582	0.0
17.6123886108	36.0692100525	0.0
17.588634491	36.0508842468	0.0
17.5648803711	36.0325622559	0.0
17.5411262512	36.0142364502	0.0
17.5173740387	35.9959144592	0.0
17.4936199188	35.9775886536	0.0
17.4698677063	35.9592666626	0.0
17.4461135864	35.9409408569	0.0
17.4223594666	35.922618866	0.0
17.3986053467	35.9042930603	0.0
17.3748512268	35.8859710693	0.0
17.3510990143	35.8676452637	0.0
17.3273448944	35.8493232727	0.0
17.3035926819	35.830997467	0.0
17.279838562	35.8126754761	0.0
17.2359542847	35.8063278198	0.0
17.2063159943	35.8109741211	0.0
17.1766777039	35.8156166077	0.0
17.1470394135	35.8202629089	0.0
17.117401123	35.8249053955	0.0
17.0877628326	35.8295516968	0.0
17.0581245422	35.8341941833	0.0
17.0284862518	35.8388404846	0.0
16.9988460541	35.8434829712	0.0
16.969209671	35.8481292725	0.0
16.9395713806	35.852771759	0.0
16.9099311829	35.8574142456	0.0
16.8802947998	35.8620605469	0.0
16.8506565094	35.8667068481	0.0
16.8210163116	35.8713493347	0.0
16.7913799286	35.8759918213	0.0
16.7617416382	35.8806381226	0.0
16.7425098419	35.905834198	0.0
16.7256641388	35.9306602478	0.0
16.7088184357	35.9554824829	0.0
16.6919727325	35.980304718	0.0
16.6751270294	36.0051307678	0.0
16.6582813263	36.0299530029	0.0
16.6414356232	36.0547790527	0.0
16.62458992	36.0796012878	0.0
16.6077442169	36.1044273376	0.0
16.5908985138	36.1292495728	0.0
16.5740528107	36.1540718079	0.0
16.5572071075	36.1788978577	0.0
16.5403614044	36.2037200928	0.0
16.5235157013	36.2285461426	0.0
16.5066699982	36.2533683777	0.0
16.489824295	36.2781944275	0.0
16.4729785919	36.3030166626	0.0
16.4561328888	36.3278388977	0.0
16.4392871857	36.3526649475	0.0
16.4224414825	36.3774871826	0.0
16.4055957794	36.4023132324	0.0
16.3887500763	36.4271354675	0.0
16.3719043732	36.4519615173	0.0
16.35505867	36.4767837524	0.0
16.3382148743	36.5016059875	0.0
16.3213672638	36.5264320374	0.0
16.3045215607	36.5512542725	0.0
16.2876777649	36.5760803223	0.0
16.2708301544	36.6009025574	0.0
16.2539844513	36.6257247925	0.0
16.2371406555	36.6505508423	0.0
16.2202949524	36.6753730774	0.0
16.2034473419	36.7001991272	0.0
16.1866035461	36.7250213623	0.0
16.169757843	36.7498474121	0.0
16.1529102325	36.7746696472	0.0
16.1360645294	36.7994918823	0.0
16.1192207336	36.8243179321	0.0
16.1023731232	36.8491401672	0.0
16.08552742	36.873966217	0.0
16.0686836243	36.8987884521	0.0
16.0518379211	36.923614502	0.0
16.0349903107	36.9484367371	0.0
16.0181465149	36.9732589722	0.0
16.0013008118	36.998085022	0.0
16.7297172546	35.8856544495	0.0
16.7000789642	35.8903007507	0.0
16.6704406738	35.8949432373	0.0
16.6408023834	35.8995895386	0.0
16.611164093	35.9042320251	0.0
16.5815258026	35.9088783264	0.0
16.5518875122	35.913520813	0.0
16.5222492218	35.9181632996	0.0
16.4926109314	35.9228096008	0.0
16.462972641	35.9274559021	0.0
16.4333343506	35.9320983887	0.0
16.4036941528	35.9367408752	0.0
16.3740577698	35.9413871765	0.0
16.3444194794	35.9460296631	0.0
16.3147792816	35.9506759644	0.0
16.2851428986	35.9553184509	0.0
16.2555046082	35.9599647522	0.0
16.2242965698	35.9686584473	0.0
16.1954727173	35.976978302	0.0
16.1666507721	35.9852981567	0.0
16.1378269196	35.9936218262	0.0
16.109003067	36.0019416809	0.0
16.0801811218	36.0102615356	0.0
16.0513572693	36.0185852051	0.0
16.0225353241	36.0269050598	0.0
15.9937124252	36.0352249146	0.0
15.9648885727	36.0435447693	0.0
15.9360656738	36.0518684387	0.0
15.907242775	36.0601882935	0.0
15.8784198761	36.0685081482	0.0
15.8495969772	36.0768318176	0.0
15.8207740784	36.0851516724	0.0
15.7832860947	36.0666656494	0.0
15.7655286789	36.0424842834	0.0
15.7477722168	36.0183067322	0.0
15.7300157547	35.9941253662	0.0
15.7122592926	35.9699440002	0.0
15.6945028305	35.9457626343	0.0
15.6767463684	35.9215812683	0.0
15.6589889526	35.897403717	0.0
15.6412334442	35.8732223511	0.0
15.6234760284	35.8490409851	0.0
15.6057195663	35.8248596191	0.0
15.5879631042	35.8006782532	0.0
15.5702066422	35.7765007019	0.0
15.5524501801	35.7523193359	0.0
15.5346927643	35.72813797	0.0
15.5169372559	35.703956604	0.0
15.4991798401	35.679775238	0.0
15.4814243317	35.6555976868	0.0
15.4636669159	35.6314163208	0.0
15.4459114075	35.6072349548	0.0
15.4281539917	35.5830535889	0.0
15.4103965759	35.5588722229	0.0
15.3926410675	35.5346946716	0.0
15.3748836517	35.5105133057	0.0
15.3571281433	35.4863319397	0.0
15.3393707275	35.4621505737	0.0
15.3216152191	35.4379692078	0.0
15.3038578033	35.4137878418	0.0
15.2861013412	35.3896102905	0.0
15.2683448792	35.3654289246	0.0
15.2505884171	35.3412475586	0.0
15.232831955	35.3170661926	0.0
15.2150745392	35.2928848267	0.0
15.1973180771	35.2687034607	0.0
15.179561615	35.2445259094	0.0
15.1618051529	35.2203445435	0.0
15.1440486908	35.1961631775	0.0
15.1262922287	35.1719818115	0.0
15.1085357666	35.1478004456	0.0
15.0907793045	35.1236228943	0.0
15.0730218887	35.0994415283	0.0
15.0552663803	35.0752601624	0.0
15.0375089645	35.0510787964	0.0
15.0197534561	35.0268974304	0.0
15.0019960403	35.0027198792	0.0
15.7722187042	36.0991706848	0.0
15.7433958054	36.1074905396	0.0
15.7145729065	36.1158103943	0.0
15.6857500076	36.124130249	0.0
15.6569271088	36.1324501038	0.0
15.6281042099	36.1407737732	0.0
15.5992822647	36.1490936279	0.0
15.5704593658	36.1574134827	0.0
15.541636467	36.1657371521	0.0
15.5128126144	36.1740570068	0.0
15.4839897156	36.1823768616	0.0
15.4551668167	36.190700531	0.0
15.4263439178	36.1990203857	0.0
15.397521019	36.2073402405	0.0
15.3686981201	36.2156600952	0.0
15.3189868927	36.2224998474	0.0
15.2890090942	36.2236404419	0.0
15.2590312958	36.2247848511	0.0
15.2290525436	36.2259254456	0.0
15.1990737915	36.22706604	0.0
15.169095993	36.2282066345	0.0
15.1391181946	36.229347229	0.0
15.1091403961	36.2304916382	0.0
15.0791606903	36.2316322327	0.0
15.0491828918	36.2327728271	0.0
15.0192050934	36.2339172363	0.0
14.9892263412	36.2350578308	0.0
14.9788627625	36.2654724121	0.0
14.9797258377	36.2954597473	0.0
14.980588913	36.3254470825	0.0
14.9814519882	36.3554344177	0.0
14.9823150635	36.3854217529	0.0
14.9831781387	36.4154090881	0.0
14.984041214	36.4453964233	0.0
14.9849042892	36.4753837585	0.0
14.9857664108	36.5053710938	0.0
14.9866285324	36.5353622437	0.0
14.9874916077	36.5653495789	0.0
14.9883546829	36.5953369141	0.0
14.9892177582	36.6253242493	0.0
14.9900808334	36.6553115845	0.0
14.9909439087	36.6852989197	0.0
14.9918069839	36.7152862549	0.0
14.9926700592	36.7452735901	0.0
14.9935331345	36.7752609253	0.0
14.9943962097	36.8052482605	0.0
14.995259285	36.8352355957	0.0
14.9961223602	36.8652229309	0.0
14.9969854355	36.8952102661	0.0
14.9978475571	36.9251976013	0.0
14.9987096786	36.9551887512	0.0
14.9995727539	36.9851722717	0.0
14.9480218887	36.2366256714	0.0
14.9180440903	36.2377662659	0.0
14.8880653381	36.238910675	0.0
14.858086586	36.2400512695	0.0
14.8281087875	36.241191864	0.0
14.7981300354	36.2423324585	0.0
14.7681522369	36.2434768677	0.0
14.7381744385	36.2446174622	0.0
14.7081956863	36.2457580566	0.0
14.6782169342	36.2469024658	0.0
14.6482391357	36.2480430603	0.0
14.6182613373	36.2491836548	0.0
14.5792894363	36.2382011414	0.0
14.5515432358	36.2267913818	0.0
14.5237970352	36.215385437	0.0
14.4960508347	36.2039756775	0.0
14.4683046341	36.192565918	0.0
14.4405593872	36.1811561584	0.0
14.4128131866	36.1697463989	0.0
14.3850679398	36.1583404541	0.0
14.3573217392	36.1469306946	0.0
14.3295755386	36.1355209351	0.0
14.3018302917	36.1241111755	0.0
14.2740840912	36.112701416	0.0
14.2463378906	36.1012954712	0.0
14.2185916901	36.0898857117	0.0
14.1908464432	36.0784759521	0.0
14.1631011963	36.0670661926	0.0
14.1353549957	36.0556564331	0.0
14.1076087952	36.0442504883	0.0
14.0798625946	36.0328407288	0.0
14.0521173477	36.0214309692	0.0
14.0243711472	36.0100212097	0.0
14.5881671906	36.27293396	0.0
14.5692987442	36.2962608337	0.0
14.5504312515	36.3195838928	0.0
14.5315628052	36.3429069519	0.0
14.5126953125	36.366230011	0.0
14.4938268661	36.3895530701	0.0
14.4749593735	36.4128761292	0.0
14.4560909271	36.4361991882	0.0
14.4372234344	36.459526062	0.0
14.4183549881	36.4828491211	0.0
14.3994865417	36.5061721802	0.0
14.3806190491	36.5294952393	0.0
14.3617506027	36.5528182983	0.0
14.34288311	36.5761451721	0.0
14.3240146637	36.5994682312	0.0
14.305147171	36.6227912903	0.0
14.2862787247	36.6461143494	0.0
14.267411232	36.6694374084	0.0
14.2485427856	36.6927642822	0.0
14.229675293	36.7160873413	0.0
14.2108068466	36.7394104004	0.0
14.1919384003	36.7627334595	0.0
14.1730699539	36.7860565186	0.0
14.1542024612	36.8093833923	0.0
14.1353340149	36.8327064514	0.0
14.1164655685	36.8560295105	0.0
14.0975980759	36.8793525696	0.0
14.0787296295	36.9026756287	0.0
14.0598621368	36.9260025024	0.0
14.0409936905	36.9493255615	0.0
14.0221261978	36.9726486206	0.0
14.0032577515	36.9959716797	0.0
15.323633194	36.2052879333	0.0
15.2982988358	36.1892204285	0.0
15.2729663849	36.1731491089	0.0
15.2476329803	36.157081604	0.0
15.2222995758	36.1410102844	0.0
15.1969671249	36.1249427795	0.0
15.1716327667	36.10887146	0.0
15.1463003159	36.0928001404	0.0
15.1209669113	36.0767326355	0.0
15.0956344604	36.0606613159	0.0
15.0703010559	36.044593811	0.0
15.0449666977	36.0285224915	0.0
15.0196342468	36.0124549866	0.0
16.2234802246	35.9649810791	0.0
16.1938419342	35.9696235657	0.0
16.1642036438	35.9742698669	0.0
16.1345653534	35.9789123535	0.0
16.104927063	35.9835586548	0.0
16.0752887726	35.9882011414	0.0
16.0456504822	35.9928474426	0.0
16.0160121918	35.9974899292	0.0
17.2559890747	35.7732658386	0.0
17.2463874817	35.7448425293	0.0
17.2367839813	35.71641922	0.0
17.227180481	35.6879997253	0.0
17.2175788879	35.659576416	0.0
17.2079753876	35.6311569214	0.0
17.1983718872	35.6027336121	0.0
17.1887702942	35.5743141174	0.0
17.1791667938	35.5458908081	0.0
17.1695632935	35.5174713135	0.0
17.1599617004	35.4890480042	0.0
17.1503582001	35.4606246948	0.0
17.1407546997	35.4322052002	0.0
17.1311531067	35.4037818909	0.0
17.1215496063	35.3753623962	0.0
17.111946106	35.3469390869	0.0
17.1023445129	35.3185195923	0.0
17.0927410126	35.290096283	0.0
17.0831375122	35.2616767883	0.0
17.0735359192	35.233253479	0.0
17.0639324188	35.2048301697	0.0
17.0543308258	35.176410675	0.0
17.0571250916	35.1224441528	0.0
17.0688209534	35.0948181152	0.0
17.0805168152	35.0671920776	0.0
17.092212677	35.03956604	0.0
17.1039066315	35.0119400024	0.0
17.1156024933	34.9843101501	0.0
17.1272983551	34.9566841125	0.0
17.1389923096	34.9290618896	0.0
17.1506881714	34.9014320374	0.0
17.1623840332	34.8738059998	0.0
17.174079895	34.8461799622	0.0
17.1857757568	34.8185539246	0.0
17.1974697113	34.790927887	0.0
17.2091655731	34.7633018494	0.0
17.2208614349	34.7356758118	0.0
17.2325553894	34.7080497742	0.0
17.2442512512	34.6804237366	0.0
17.255947113	34.6527938843	0.0
17.2676410675	34.6251678467	0.0
17.2793388367	34.5975418091	0.0
17.2910327911	34.5699157715	0.0
17.302728653	34.5422897339	0.0
17.3144245148	34.5146636963	0.0
17.3261184692	34.4870376587	0.0
17.3378143311	34.4594116211	0.0
17.3495101929	34.4317855835	0.0
17.3612041473	34.4041595459	0.0
17.3729019165	34.3765296936	0.0
17.384595871	34.348903656	0.0
17.4073047638	34.3188247681	0.0
17.426897049	34.2961044312	0.0
17.4359703064	34.2457809448	0.0
17.4260616302	34.217464447	0.0
17.4161510468	34.1891479492	0.0
17.4062423706	34.1608314514	0.0
17.3963336945	34.1325149536	0.0
17.386423111	34.1041984558	0.0
17.3765144348	34.0758857727	0.0
17.3666038513	34.0475692749	0.0
17.3566951752	34.0192527771	0.0
17.3467845917	33.9909362793	0.0
17.3368759155	33.9626197815	0.0
17.326965332	33.9343032837	0.0
17.3170566559	33.9059867859	0.0
17.3071479797	33.8776702881	0.0
17.2972373962	33.8493537903	0.0
17.2873287201	33.8210372925	0.0
17.2774181366	33.7927207947	0.0
17.2675094604	33.7644042969	0.0
17.2576007843	33.7360916138	0.0
17.2476902008	33.707775116	0.0
17.2377815247	33.6794586182	0.0
17.2278728485	33.6511421204	0.0
17.217962265	33.6228256226	0.0
17.2080535889	33.5945091248	0.0
17.1981449127	33.566192627	0.0
17.1882343292	33.5378761292	0.0
17.1783256531	33.5095596313	0.0
17.1684150696	33.4812431335	0.0
17.1585063934	33.4529304504	0.0
17.1485958099	33.4246139526	0.0
17.1386871338	33.3962974548	0.0
17.1287784576	33.367980957	0.0
17.1188678741	33.3396644592	0.0
17.108959198	33.3113479614	0.0
17.0990486145	33.2830314636	0.0
17.0891399384	33.2547149658	0.0
17.0792293549	33.226398468	0.0
17.0693206787	33.1980857849	0.0
17.0594120026	33.1697692871	0.0
17.0495014191	33.1414527893	0.0
17.0395927429	33.1131362915	0.0
17.0296821594	33.0848197937	0.0
17.0197734833	33.0565032959	0.0
17.0098648071	33.0281867981	0.0
17.465473175	34.2513771057	0.0
17.4850654602	34.2286605835	0.0
17.5106258392	34.1773796082	0.0
17.5172042847	34.148109436	0.0
17.5237827301	34.1188392639	0.0
17.5303611755	34.0895729065	0.0
17.536939621	34.0603027344	0.0
17.5435180664	34.0310325623	0.0
17.5500965118	34.0017623901	0.0
17.5566749573	33.972492218	0.0
17.5632534027	33.9432220459	0.0
17.5698318481	33.9139518738	0.0
17.5764102936	33.8846817017	0.0
17.582988739	33.8554115295	0.0
17.5895671844	33.8261413574	0.0
17.5961456299	33.7968711853	0.0
17.6027240753	33.7676010132	0.0
17.6093025208	33.7383346558	0.0
17.6158828735	33.7090644836	0.0
17.6224594116	33.6797943115	0.0
17.6290397644	33.6505241394	0.0
17.6356163025	33.6212539673	0.0
17.6421966553	33.5919837952	0.0
17.6487731934	33.562713623	0.0
17.6553535461	33.5334434509	0.0
17.6619300842	33.5041732788	0.0
17.668510437	33.4749031067	0.0
17.6750888824	33.4456329346	0.0
17.6816673279	33.4163627625	0.0
17.6882457733	33.387096405	0.0
17.6948242188	33.3578262329	0.0
17.7014026642	33.3285560608	0.0
17.7079811096	33.2992858887	0.0
17.7145595551	33.2700157166	0.0
17.7211380005	33.2407455444	0.0
17.7277164459	33.2114753723	0.0
17.7342948914	33.1822052002	0.0
17.7408733368	33.1529350281	0.0
17.7474517822	33.123664856	0.0
17.7540302277	33.0943946838	0.0
17.7606086731	33.0651245117	0.0
17.7671871185	33.0358581543	0.0
17.773765564	33.0065879822	0.0
17.7803440094	32.9773178101	0.0
17.7869224548	32.9480476379	0.0
17.7935009003	32.9187774658	0.0
17.8000793457	32.8895072937	0.0
17.8066577911	32.8602371216	0.0
17.8132362366	32.8309669495	0.0
17.819814682	32.8016967773	0.0
17.8263931274	32.7724266052	0.0
17.8329715729	32.7431564331	0.0
17.8395519257	32.713886261	0.0
17.8461284637	32.6846199036	0.0
17.8527088165	32.6553497314	0.0
17.8592853546	32.6260795593	0.0
17.8658657074	32.5968093872	0.0
17.8724422455	32.5675392151	0.0
17.8790225983	32.538269043	0.0
17.8855991364	32.5089988708	0.0
17.8921794891	32.4797286987	0.0
17.8987579346	32.4504585266	0.0
17.90533638	32.4211883545	0.0
17.9119148254	32.3919181824	0.0
17.9184932709	32.362651825	0.0
17.9250717163	32.3333816528	0.0
17.9316501617	32.3041114807	0.0
17.9382286072	32.2748413086	0.0
17.9448070526	32.2455711365	0.0
17.951385498	32.2163009644	0.0
17.9579639435	32.1870307922	0.0
17.9645423889	32.1577606201	0.0
17.9711208344	32.128490448	0.0
17.9776992798	32.0992202759	0.0
17.9842777252	32.0699501038	0.0
17.9908561707	32.0406837463	0.0
17.9974346161	32.0114135742	0.0
17.523639679	34.1839332581	0.0
17.5432338715	34.1612129211	0.0
17.5628242493	34.1384963989	0.0
17.5824184418	34.115776062	0.0
17.6020107269	34.0930595398	0.0
17.6498603821	34.0661849976	0.0
17.6793384552	34.0606117249	0.0
17.7088165283	34.0550422668	0.0
17.7382946014	34.0494689941	0.0
17.7677726746	34.0438957214	0.0
17.7972507477	34.0383262634	0.0
17.8267288208	34.0327529907	0.0
17.8562068939	34.027179718	0.0
17.8856830597	34.0216064453	0.0
17.9151611328	34.0160369873	0.0
17.9446392059	34.0104637146	0.0
17.9741172791	34.0048904419	0.0
17.6303977966	34.0434761047	0.0
17.6404132843	34.0152015686	0.0
17.6504306793	33.9869194031	0.0
17.660446167	33.9586448669	0.0
17.670463562	33.9303627014	0.0
17.6804790497	33.9020843506	0.0
17.6904964447	33.8738059998	0.0
17.7005119324	33.8455276489	0.0
17.71052742	33.8172492981	0.0
17.7205448151	33.7889709473	0.0
17.7305603027	33.7606925964	0.0
17.7405776978	33.7324142456	0.0
17.7505931854	33.7041358948	0.0
17.7606105804	33.6758575439	0.0
17.7706260681	33.6475791931	0.0
17.7806415558	33.6193008423	0.0
17.7906589508	33.5910224915	0.0
17.8006744385	33.5627441406	0.0
17.8106918335	33.5344657898	0.0
17.8207073212	33.506187439	0.0
17.8307247162	33.4779090881	0.0
17.8407402039	33.4496307373	0.0
17.8507575989	33.4213523865	0.0
17.8607730865	33.3930740356	0.0
17.8707885742	33.3647956848	0.0
17.8808040619	33.336517334	0.0
17.8908214569	33.3082351685	0.0
17.9008388519	33.2799606323	0.0
17.9108543396	33.2516784668	0.0
17.9208717346	33.223400116	0.0
17.9308872223	33.1951217651	0.0
17.94090271	33.1668434143	0.0
17.950920105	33.1385650635	0.0
17.9609355927	33.1102867126	0.0
17.9709510803	33.0820083618	0.0
17.9809684753	33.053730011	0.0
17.9909858704	33.0254516602	0.0
17.3652019501	34.3217124939	0.0
17.3426895142	34.3018836975	0.0
17.3201789856	34.2820510864	0.0
17.297668457	34.26222229	0.0
17.2751579285	34.242389679	0.0
17.2526454926	34.2225608826	0.0
17.2301330566	34.2027282715	0.0
17.2076225281	34.1828994751	0.0
17.1851119995	34.1630706787	0.0
17.1626014709	34.1432380676	0.0
17.1400909424	34.1234092712	0.0
17.1175785065	34.1035766602	0.0
17.0950679779	34.0837478638	0.0
17.072555542	34.0639152527	0.0
17.0500450134	34.0440864563	0.0
17.0275344849	34.0242538452	0.0
17.005022049	34.0044250488	0.0
17.0205936432	35.1332435608	0.0
16.9957561493	35.1164207458	0.0
16.9709186554	35.0995941162	0.0
16.9460811615	35.0827674866	0.0
16.9212436676	35.0659408569	0.0
16.8964061737	35.049118042	0.0
16.8715686798	35.0322914124	0.0
16.8467311859	35.0154647827	0.0
16.821893692	34.9986381531	0.0
16.7970561981	34.9818153381	0.0
16.7722187042	34.9649887085	0.0
16.7473812103	34.9481620789	0.0
16.7225437164	34.9313354492	0.0
16.6977062225	34.9145126343	0.0
16.6728687286	34.8976860046	0.0
16.6480312347	34.880859375	0.0
16.6231956482	34.8640327454	0.0
16.5983562469	34.8472061157	0.0
16.5668544769	34.8530693054	0.0
16.537815094	34.8605957031	0.0
16.5087738037	34.8681221008	0.0
16.4797344208	34.8756484985	0.0
16.4506931305	34.8831787109	0.0
16.4216537476	34.8907051086	0.0
16.3926124573	34.8982315063	0.0
16.3635730743	34.9057617188	0.0
16.3345336914	34.9132881165	0.0
16.3054924011	34.9208145142	0.0
16.2764511108	34.9283409119	0.0
16.2474117279	34.9358673096	0.0
16.218372345	34.943397522	0.0
16.1893310547	34.9509239197	0.0
16.1602916718	34.9584503174	0.0
16.1312503815	34.9659805298	0.0
16.1022090912	34.9735069275	0.0
16.0731697083	34.9810333252	0.0
16.0441303253	34.9885597229	0.0
16.0150909424	34.9960899353	0.0
16.5786132812	34.821018219	0.0
16.5613307953	34.796497345	0.0
16.5440483093	34.7719726562	0.0
16.5267677307	34.7474517822	0.0
16.5094852448	34.7229309082	0.0
16.4922027588	34.6984062195	0.0
16.4749202728	34.6738853455	0.0
16.4576396942	34.6493644714	0.0
16.4403572083	34.6248397827	0.0
16.4230766296	34.6003189087	0.0
16.4057941437	34.5757980347	0.0
16.3885116577	34.5512733459	0.0
16.3712291718	34.5267524719	0.0
16.3539485931	34.5022315979	0.0
16.3366661072	34.4777107239	0.0
16.3193836212	34.4531860352	0.0
16.3021011353	34.4286651611	0.0
16.2848205566	34.4041442871	0.0
16.2675380707	34.3796195984	0.0
16.2502555847	34.3550987244	0.0
16.2329730988	34.3305778503	0.0
16.2156925201	34.3060531616	0.0
16.1984100342	34.2815322876	0.0
16.1811275482	34.2570114136	0.0
16.1638450623	34.2324867249	0.0
16.1465644836	34.2079658508	0.0
16.1292819977	34.1834449768	0.0
16.1119995117	34.1589202881	0.0
16.0947189331	34.1343994141	0.0
16.0774364471	34.10987854	0.0
16.0601539612	34.0853538513	0.0
16.0428714752	34.0608329773	0.0
16.0255908966	34.0363121033	0.0
16.0083084106	34.0117874146	0.0
18.7603530884	36.8117294312	0.0
18.7305908203	36.8154983521	0.0
18.7008285522	36.8192634583	0.0
18.6710662842	36.8230323792	0.0
18.6413021088	36.8267974854	0.0
18.611541748	36.8305664062	0.0
18.5817775726	36.8343315125	0.0
18.5520153046	36.8380966187	0.0
18.5222530365	36.8418655396	0.0
18.4924907684	36.8456306458	0.0
18.4627285004	36.8493995667	0.0
18.432964325	36.8531646729	0.0
18.4032020569	36.8569297791	0.0
18.3734397888	36.8606987	0.0
18.3436775208	36.8644638062	0.0
18.3139152527	36.8682327271	0.0
18.261964798	36.8835258484	0.0
18.2345523834	36.8957138062	0.0
18.2071399689	36.9079017639	0.0
18.1797275543	36.9200897217	0.0
18.1523151398	36.9322776794	0.0
18.1249027252	36.9444656372	0.0
18.0974903107	36.956653595	0.0
18.0700778961	36.9688415527	0.0
18.0426654816	36.9810295105	0.0
18.015253067	36.9932174683	0.0
18.2595252991	36.8743133545	0.0
18.229675293	36.8772926331	0.0
18.1998233795	36.8802719116	0.0
18.1699714661	36.8832511902	0.0
18.1401195526	36.8862304688	0.0
18.1102676392	36.8892097473	0.0
18.0804157257	36.8921890259	0.0
18.0505638123	36.8951683044	0.0
18.0207118988	36.898147583	0.0
17.9908618927	36.9011268616	0.0
17.9610080719	36.9041023254	0.0
17.9311561584	36.907081604	0.0
17.901304245	36.9100608826	0.0
17.8714542389	36.9130401611	0.0
17.8416023254	36.9160194397	0.0
17.811750412	36.9189987183	0.0
17.7818984985	36.9219741821	0.0
17.7520465851	36.9249534607	0.0
17.7221946716	36.9279327393	0.0
17.6923427582	36.9309120178	0.0
17.6624908447	36.9338912964	0.0
17.6326408386	36.936870575	0.0
17.6027889252	36.9398498535	0.0
17.5729351044	36.9428291321	0.0
17.5430831909	36.9458084106	0.0
17.5132331848	36.9487876892	0.0
17.4833812714	36.9517631531	0.0
17.4535293579	36.9547424316	0.0
17.4236774445	36.9577217102	0.0
17.393825531	36.9607009888	0.0
17.3639736176	36.9636802673	0.0
17.3341217041	36.9666595459	0.0
17.3042697906	36.9696388245	0.0
17.2744197845	36.9726142883	0.0
17.2445678711	36.9755935669	0.0
17.2147140503	36.9785728455	0.0
17.1848621368	36.981552124	0.0
17.1550121307	36.9845314026	0.0
17.1251602173	36.9875106812	0.0
17.0953083038	36.9904899597	0.0
17.0654563904	36.9934692383	0.0
17.0356044769	36.9964485168	0.0
17.0057525635	36.9994277954	0.0
19.1580467224	36.9255256653	0.0
19.1491661072	36.8968696594	0.0
19.1402873993	36.8682136536	0.0
19.1314086914	36.8395576477	0.0
19.1225280762	36.8109054565	0.0
19.1136474609	36.7822494507	0.0
19.1047687531	36.7535934448	0.0
19.0958881378	36.724937439	0.0
19.0870094299	36.6962814331	0.0
19.078130722	36.6676254272	0.0
19.0692501068	36.6389694214	0.0
19.0603694916	36.6103134155	0.0
19.0514907837	36.5816574097	0.0
19.0426101685	36.5530014038	0.0
19.0337314606	36.5243453979	0.0
19.0248508453	36.4956893921	0.0
19.0159721375	36.4670333862	0.0
19.0070915222	36.4383773804	0.0
18.9982128143	36.4097213745	0.0
18.9893321991	36.3810691833	0.0
18.9804534912	36.3524131775	0.0
18.971572876	36.3237571716	0.0
18.9626941681	36.2951011658	0.0
18.9513072968	36.258354187	0.0
18.9424285889	36.2296981812	0.0
18.9335479736	36.2010421753	0.0
18.9246673584	36.1723861694	0.0
18.9157886505	36.1437339783	0.0
18.9069099426	36.1150779724	0.0
18.8980293274	36.0864219666	0.0
18.8891506195	36.0577659607	0.0
18.8802700043	36.0291099548	0.0
18.871389389	36.000453949	0.0
18.8625106812	35.9717979431	0.0
18.8536300659	35.9431419373	0.0
18.844751358	35.9144859314	0.0
18.8358707428	35.8858299255	0.0
18.8269920349	35.8571739197	0.0
18.8181114197	35.8285217285	0.0
18.8092327118	35.7998657227	0.0
18.8003520966	35.7712097168	0.0
18.7914733887	35.7425537109	0.0
18.7825927734	35.7138977051	0.0
18.7737140656	35.6852416992	0.0
18.7648334503	35.6565856934	0.0
18.7559547424	35.6279296875	0.0
18.7302799225	35.6007804871	0.0
18.7071113586	35.5817222595	0.0
18.6839447021	35.5626602173	0.0
18.6607761383	35.5436019897	0.0
18.6376094818	35.5245437622	0.0
18.6144428253	35.5054855347	0.0
18.5912742615	35.4864234924	0.0
18.5681056976	35.4673652649	0.0
18.5449390411	35.4483070374	0.0
18.5217704773	35.4292488098	0.0
18.4986038208	35.4101867676	0.0
18.475435257	35.39112854	0.0
18.4522686005	35.3720664978	0.0
18.4291000366	35.3530082703	0.0
18.4059333801	35.3339500427	0.0
18.3827648163	35.3148918152	0.0
18.3595981598	35.2958297729	0.0
18.3364295959	35.2767715454	0.0
18.3132629395	35.2577133179	0.0
18.2900943756	35.2386512756	0.0
18.2669277191	35.2195930481	0.0
18.2437591553	35.2005348206	0.0
18.2205924988	35.181476593	0.0
18.1974239349	35.1624145508	0.0
18.1742553711	35.1433563232	0.0
18.1510887146	35.124294281	0.0
18.1279201508	35.1052360535	0.0
18.1047534943	35.0861778259	0.0
18.0815868378	35.0671195984	0.0
18.0584182739	35.0480575562	0.0
18.0352497101	35.0289993286	0.0
18.0120830536	35.0099411011	0.0
18.7579612732	35.5901832581	0.0
18.7624759674	35.5605239868	0.0
18.7669906616	35.5308647156	0.0
18.7715053558	35.5012054443	0.0
18.7760181427	35.4715461731	0.0
18.7805328369	35.4418907166	0.0
18.7850475311	35.4122314453	0.0
18.7895622253	35.3825721741	0.0
18.7940769196	35.3529167175	0.0
18.7985897064	35.3232574463	0.0
18.8031044006	35.293598175	0.0
18.8076190948	35.2639389038	0.0
18.8121337891	35.2342796326	0.0
18.8166465759	35.2046203613	0.0
18.8211612701	35.1749649048	0.0
18.825674057	35.1453056335	0.0
18.8301906586	35.1156463623	0.0
18.8347034454	35.0859909058	0.0
18.8392181396	35.0563316345	0.0
18.8437328339	35.0266723633	0.0
18.8482475281	34.997013092	0.0
18.8527603149	34.9673538208	0.0
18.8572750092	34.9376983643	0.0
18.8617897034	34.908039093	0.0
18.8663043976	34.8783798218	0.0
18.8708171844	34.8487205505	0.0
18.8753318787	34.8190612793	0.0
18.8798465729	34.7894058228	0.0
18.8843612671	34.7597465515	0.0
18.888874054	34.7300872803	0.0
18.8933887482	34.700428009	0.0
18.8979034424	34.6707725525	0.0
18.9024181366	34.6411132812	0.0
18.9069328308	34.61145401	0.0
18.9114456177	34.5817947388	0.0
18.9159603119	34.5521354675	0.0
18.9204750061	34.522480011	0.0
18.9249897003	34.4928207397	0.0
18.9295024872	34.4631614685	0.0
18.9340171814	34.4335021973	0.0
18.9385318756	34.4038467407	0.0
18.9430465698	34.3741874695	0.0
18.9475593567	34.3445281982	0.0
18.9520740509	34.314868927	0.0
18.9565887451	34.2852134705	0.0
18.9611034393	34.2555541992	0.0
18.9656162262	34.225894928	0.0
18.9701309204	34.1962356567	0.0
18.9746456146	34.1665763855	0.0
18.9791603088	34.136920929	0.0
18.9836730957	34.1072616577	0.0
18.9881877899	34.0776023865	0.0
18.9927024841	34.0479431152	0.0
18.9972171783	34.0182876587	0.0
18.9611148834	36.2570266724	0.0
18.9620418549	36.2270393372	0.0
18.9629707336	36.1970558167	0.0
18.9638977051	36.1670684814	0.0
18.9648246765	36.1370811462	0.0
18.9657535553	36.1070976257	0.0
18.9666805267	36.0771102905	0.0
18.9676074982	36.04712677	0.0
18.9685344696	36.0171394348	0.0
18.9694633484	35.9871559143	0.0
18.9703903198	35.9571685791	0.0
18.9713172913	35.9271850586	0.0
18.97224617	35.8971977234	0.0
18.9731731415	35.8672103882	0.0
18.9741001129	35.8372268677	0.0
18.9750270844	35.8072395325	0.0
18.9759559631	35.777256012	0.0
18.9768848419	35.7472686768	0.0
18.9778118134	35.7172851562	0.0
18.9787387848	35.687297821	0.0
18.9796657562	35.6573143005	0.0
18.980594635	35.6273269653	0.0
18.9815216064	35.5973396301	0.0
18.9824485779	35.5673561096	0.0
18.9833774567	35.5373687744	0.0
18.9843044281	35.5073852539	0.0
18.9852313995	35.4773979187	0.0
18.9861602783	35.4474143982	0.0
18.9870872498	35.417427063	0.0
18.9880142212	35.3874435425	0.0
18.9889411926	35.3574562073	0.0
18.9898700714	35.3274688721	0.0
18.9907970428	35.2974853516	0.0
18.9917259216	35.2674980164	0.0
18.9926528931	35.2375144958	0.0
18.9935798645	35.2075271606	0.0
18.9945087433	35.1775436401	0.0
18.9954357147	35.1475563049	0.0
18.9963626862	35.1175727844	0.0
18.9972915649	35.0875854492	0.0
18.9982185364	35.057598114	0.0
18.9991455078	35.0276145935	0.0
19.4329986572	37.0557670593	0.0
19.4216136932	37.028011322	0.0
19.4102306366	37.0002555847	0.0
19.39884758	36.9724998474	0.0
19.387462616	36.9447402954	0.0
19.3760795593	36.9169845581	0.0
19.3646965027	36.8892288208	0.0
19.3533115387	36.8614730835	0.0
19.3419284821	36.8337173462	0.0
19.3305454254	36.8059616089	0.0
19.3191623688	36.7782020569	0.0
19.3077774048	36.7504463196	0.0
19.2963943481	36.7226905823	0.0
19.2850112915	36.694934845	0.0
19.2736263275	36.6671791077	0.0
19.2622432709	36.6394233704	0.0
19.2508602142	36.6116638184	0.0
19.2394752502	36.5839080811	0.0
19.2280921936	36.5561523438	0.0
19.216709137	36.5283966064	0.0
19.2053260803	36.5006408691	0.0
19.1939411163	36.4728851318	0.0
19.1825580597	36.4451255798	0.0
19.1711750031	36.4173698425	0.0
19.1597919464	36.3896141052	0.0
19.1484088898	36.3618583679	0.0
19.1370239258	36.3341026306	0.0
19.1256408691	36.3063468933	0.0
19.1142578125	36.2785873413	0.0
19.1028728485	36.250831604	0.0
19.0914897919	36.2230758667	0.0
19.0801067352	36.1953201294	0.0
19.0687217712	36.1675643921	0.0
19.0573387146	36.1398086548	0.0
19.045955658	36.1120491028	0.0
19.0345726013	36.0842933655	0.0
19.0231876373	36.0565376282	0.0
19.0118045807	36.0287818909	0.0
19.000421524	36.0010261536	0.0
20.2628288269	37.4981193542	0.0
20.2489109039	37.5246963501	0.0
20.234992981	37.5512733459	0.0
20.221075058	37.5778503418	0.0
20.207157135	37.6044273376	0.0
20.193239212	37.6310005188	0.0
20.1793212891	37.6575775146	0.0
20.1654052734	37.6841545105	0.0
20.1514873505	37.7107315063	0.0
20.1375694275	37.7373085022	0.0
20.1236515045	37.7638816833	0.0
20.1097335815	37.7904586792	0.0
20.0958156586	37.817035675	0.0
20.0818996429	37.8436126709	0.0
20.06798172	37.8701896667	0.0
20.054063797	37.8967666626	0.0
20.040145874	37.9233398438	0.0
20.026227951	37.9499168396	0.0
20.0123100281	37.9764938354	0.0
21.0701198578	37.8349647522	0.0
21.067609787	37.8050727844	0.0
21.0650997162	37.775177002	0.0
21.0625896454	37.7452812195	0.0
21.0600776672	37.715385437	0.0
21.0575675964	37.6854934692	0.0
21.0550575256	37.6555976868	0.0
21.0525455475	37.6257019043	0.0
21.0500354767	37.5958061218	0.0
21.0475254059	37.5659141541	0.0
21.0450153351	37.5360183716	0.0
21.0425033569	37.5061225891	0.0
21.0399932861	37.4762306213	0.0
21.0374832153	37.4463348389	0.0
21.0349712372	37.4164390564	0.0
21.0324611664	37.3865432739	0.0
21.0299510956	37.3566513062	0.0
21.0274410248	37.3267555237	0.0
21.0249290466	37.2968597412	0.0
21.0224208832	37.2669677734	0.0
21.019908905	37.237071991	0.0
21.0173988342	37.2071762085	0.0
21.0148887634	37.177280426	0.0
21.0123767853	37.1473846436	0.0
21.0098667145	37.1174926758	0.0
21.0073566437	37.0875968933	0.0
21.0048465729	37.0577011108	0.0
21.0023345947	37.0278053284	0.0
21.5100517273	38.4965438843	0.0
21.4885559082	38.4756164551	0.0
21.4670600891	38.4546890259	0.0
21.44556427	38.4337615967	0.0
21.4240684509	38.4128341675	0.0
21.4025726318	38.391910553	0.0
21.3810768127	38.3709831238	0.0
21.3595790863	38.3500556946	0.0
21.3380832672	38.3291282654	0.0
21.3165874481	38.3082046509	0.0
21.295091629	38.2872772217	0.0
21.2735958099	38.2663497925	0.0
21.2520999908	38.2454223633	0.0
21.2306041718	38.2244949341	0.0
21.2091083527	38.2035713196	0.0
21.1876125336	38.1826438904	0.0
21.1661167145	38.1617164612	0.0
21.1446208954	38.140789032	0.0
21.1231250763	38.1198616028	0.0
21.1016292572	38.0989379883	0.0
21.0801334381	38.0780105591	0.0
21.058637619	38.0570831299	0.0
21.0371417999	38.0361557007	0.0
21.0156440735	38.0152282715	0.0
21.7408866882	39.4870452881	0.0
21.7688655853	39.4762229919	0.0
21.7968463898	39.4654006958	0.0
21.8248252869	39.4545783997	0.0
21.852804184	39.4437561035	0.0
21.8807849884	39.4329338074	0.0
21.9087657928	39.4221076965	0.0
21.9367446899	39.4112854004	0.0
21.964723587	39.4004631042	0.0
21.9938812256	39.3797187805	0.0
22.0174369812	39.3611412048	0.0
22.0409927368	39.3425636292	0.0
22.0645484924	39.3239822388	0.0
22.0881023407	39.3054046631	0.0
22.1116580963	39.2868309021	0.0
22.1352138519	39.2682495117	0.0
22.1587696075	39.249671936	0.0
22.1823253632	39.2310943604	0.0
22.2058811188	39.2125167847	0.0
22.2294368744	39.193939209	0.0
22.25299263	39.1753616333	0.0
22.2765464783	39.1567840576	0.0
22.3001022339	39.1382064819	0.0
22.3236579895	39.1196289062	0.0
22.3472137451	39.1010513306	0.0
22.3707695007	39.0824737549	0.0
22.3943252563	39.0638923645	0.0
22.4178791046	39.0453147888	0.0
22.4414367676	39.0267372131	0.0
22.4649906158	39.0081596375	0.0
22.4885463715	38.9895820618	0.0
22.5121021271	38.9710044861	0.0
22.5356578827	38.9524269104	0.0
22.5592136383	38.9338493347	0.0
22.5964412689	38.9192504883	0.0
22.6253452301	38.9112205505	0.0
22.6542491913	38.9031867981	0.0
22.6831550598	38.8951530457	0.0
22.7120609283	38.8871192932	0.0
22.7409648895	38.8790855408	0.0
22.7698688507	38.871055603	0.0
22.7987728119	38.8630218506	0.0
22.8276786804	38.8549880981	0.0
22.8565826416	38.8469543457	0.0
22.8854866028	38.838924408	0.0
22.9143924713	38.8308906555	0.0
22.9432964325	38.8228569031	0.0
23.0013980865	38.8202323914	0.0
23.0309238434	38.8255462646	0.0
23.0604496002	38.8308601379	0.0
23.0899734497	38.8361778259	0.0
23.1194992065	38.8414916992	0.0
23.1490249634	38.8468055725	0.0
23.1785507202	38.8521232605	0.0
23.2080764771	38.8574371338	0.0
23.2376003265	38.8627548218	0.0
23.2671260834	38.8680686951	0.0
23.2966518402	38.8733825684	0.0
23.326177597	38.8786964417	0.0
23.3557033539	38.8840141296	0.0
23.3852272034	38.8893280029	0.0
23.4147548676	38.8946456909	0.0
23.444278717	38.8999595642	0.0
23.4738044739	38.9052734375	0.0
23.5033302307	38.9105873108	0.0
23.5328540802	38.9159049988	0.0
23.5623817444	38.9212188721	0.0
23.5919055939	38.9265365601	0.0
23.6214313507	38.9318504333	0.0
23.6509571075	38.9371643066	0.0
23.6804828644	38.9424781799	0.0
23.7100086212	38.9477958679	0.0
23.7395324707	38.9531097412	0.0
23.7690582275	38.9584274292	0.0
23.7985839844	38.9637413025	0.0
23.8281097412	38.9690551758	0.0
23.857635498	38.9743728638	0.0
23.8871593475	38.9796867371	0.0
23.9166851044	38.9850006104	0.0
23.9462108612	38.9903182983	0.0
23.975736618	38.9956321716	0.0
22.97290802	38.7849349976	0.0
22.973941803	38.7549514771	0.0
22.9749774933	38.7249717712	0.0
22.9760112762	38.6949882507	0.0
22.9770469666	38.6650047302	0.0
22.9780826569	38.6350212097	0.0
22.9791164398	38.6050415039	0.0
22.9801521301	38.5750579834	0.0
22.9811859131	38.5450782776	0.0
22.9822216034	38.5150947571	0.0
22.9832553864	38.4851112366	0.0
22.9842910767	38.4551315308	0.0
22.985326767	38.4251480103	0.0
22.9863605499	38.3951644897	0.0
22.9873962402	38.3651847839	0.0
22.9884300232	38.3352012634	0.0
22.9894657135	38.3052215576	0.0
22.9904994965	38.2752380371	0.0
22.9915351868	38.2452545166	0.0
22.9925708771	38.2152748108	0.0
22.99360466	38.1852912903	0.0
22.994638443	38.1553077698	0.0
22.9956741333	38.125328064	0.0
22.9967098236	38.0953445435	0.0
22.9977436066	38.0653648376	0.0
22.9987792969	38.0353813171	0.0
22.9998130798	38.0053977966	0.0
22.597120285	38.932258606	0.0
22.6267051697	38.9372329712	0.0
22.6562900543	38.9422073364	0.0
22.6858768463	38.9471817017	0.0
22.7154598236	38.9521560669	0.0
22.7450447083	38.9571304321	0.0
22.7746295929	38.9621047974	0.0
22.8042144775	38.9670791626	0.0
22.8337993622	38.9720535278	0.0
22.8633842468	38.9770278931	0.0
22.8929672241	38.9820022583	0.0
22.9225521088	38.9869766235	0.0
22.9521389008	38.9919509888	0.0
22.9817237854	38.996925354	0.0
21.9725532532	39.3683776855	0.0
21.9747829437	39.3384628296	0.0
21.9770126343	39.3085441589	0.0
21.9792404175	39.2786254883	0.0
21.981470108	39.2487106323	0.0
21.9836997986	39.2187919617	0.0
21.9859275818	39.1888771057	0.0
21.9881572723	39.1589584351	0.0
21.9903850555	39.1290435791	0.0
21.9926147461	39.0991249084	0.0
21.9948444366	39.0692062378	0.0
21.9970722198	39.0392913818	0.0
21.9993019104	39.0093727112	0.0
21.7175998688	40.0266685486	0.0
21.6876010895	40.0262756348	0.0
21.6576042175	40.0258865356	0.0
21.6276073456	40.0254974365	0.0
21.5976085663	40.0251083374	0.0
21.5676116943	40.0247154236	0.0
21.5376148224	40.0243263245	0.0
21.5076179504	40.0239372253	0.0
21.4776191711	40.0235481262	0.0
21.4476222992	40.0231552124	0.0
21.4176235199	40.0227661133	0.0
21.3876266479	40.0223770142	0.0
21.357629776	40.021987915	0.0
21.3276329041	40.0215988159	0.0
21.2976341248	40.0212059021	0.0
21.2676372528	40.020816803	0.0
21.2182750702	40.0180854797	0.0
21.1883773804	40.0156097412	0.0
21.1584815979	40.013130188	0.0
21.1285839081	40.0106544495	0.0
21.0986862183	40.0081787109	0.0
21.0687885284	40.0056991577	0.0
21.0388908386	40.0032234192	0.0
21.0089931488	40.000743866	0.0
21.2181777954	40.0200691223	0.0
21.1881809235	40.0195732117	0.0
21.1581840515	40.0190811157	0.0
21.1281890869	40.0185852051	0.0
21.0981941223	40.0180931091	0.0
21.0681972504	40.0175971985	0.0
21.0382022858	40.0171051025	0.0
21.0082054138	40.0166091919	0.0
20.9782104492	40.0161170959	0.0
20.9482135773	40.0156211853	0.0
20.9182186127	40.0151290894	0.0
20.8882217407	40.0146331787	0.0
20.8582267761	40.0141372681	0.0
20.8282299042	40.0136451721	0.0
20.7982349396	40.0131492615	0.0
20.7682380676	40.0126571655	0.0
20.7382411957	40.0121612549	0.0
20.7082462311	40.0116691589	0.0
20.6782512665	40.0111732483	0.0
20.6482543945	40.0106811523	0.0
20.6182594299	40.0101852417	0.0
20.588262558	40.0096931458	0.0
20.5582675934	40.0091972351	0.0
20.5282707214	40.0087013245	0.0
20.4982757568	40.0082092285	0.0
20.4682788849	40.0077133179	0.0
20.4382839203	40.0072212219	0.0
20.4082870483	40.0067253113	0.0
20.3782901764	40.0062332153	0.0
20.3482952118	40.0057373047	0.0
20.3182983398	40.0052452087	0.0
20.2883033752	40.0047492981	0.0
20.2583084106	40.0042572021	0.0
20.2283115387	40.0037612915	0.0
20.1983165741	40.0032653809	0.0
20.1683197021	40.0027732849	0.0
20.1383247375	40.0022773743	0.0
20.1083278656	40.0017852783	0.0
20.078332901	40.0012893677	0.0
20.0483360291	40.0007972717	0.0
20.0183391571	40.0003013611	0.0
21.8788700104	41.6019744873	0.0
21.9060745239	41.5893287659	0.0
21.9332790375	41.5766830444	0.0
21.960483551	41.564037323	0.0
21.9876880646	41.5513916016	0.0
22.0148925781	41.5387496948	0.0
22.0420970917	41.5261001587	0.0
22.0693016052	41.513458252	0.0
22.0965061188	41.5008125305	0.0
22.1237106323	41.4881668091	0.0
22.1509151459	41.4755210876	0.0
22.1781196594	41.4628753662	0.0
22.205324173	41.4502296448	0.0
22.2325286865	41.4375839233	0.0
22.2597332001	41.4249382019	0.0
22.286939621	41.4122924805	0.0
22.3350448608	41.3899307251	0.0
22.3622493744	41.3772850037	0.0
22.3894538879	41.3646392822	0.0
22.4166584015	41.3519935608	0.0
22.4438648224	41.3393478394	0.0
22.4710674286	41.3267021179	0.0
22.4982738495	41.3140563965	0.0
22.5254764557	41.3014144897	0.0
22.5526828766	41.2887687683	0.0
22.5798873901	41.2761192322	0.0
22.6070919037	41.2634773254	0.0
22.6342964172	41.250831604	0.0
22.6615009308	41.2381858826	0.0
22.6887054443	41.2255401611	0.0
22.7159099579	41.2128944397	0.0
22.7431144714	41.2002487183	0.0
22.7873573303	41.1716880798	0.0
22.8106994629	41.1528396606	0.0
22.8340415955	41.1339950562	0.0
22.857383728	41.1151504517	0.0
22.8807239532	41.0963020325	0.0
22.9040660858	41.077457428	0.0
22.927406311	41.0586128235	0.0
22.9507484436	41.0397644043	0.0
22.9740905762	41.0209197998	0.0
22.9974327087	41.0020713806	0.0
22.7936668396	41.185962677	0.0
22.8233165741	41.1813926697	0.0
22.8529644012	41.1768226624	0.0
22.8826141357	41.1722488403	0.0
22.9122657776	41.167678833	0.0
22.9419155121	41.1631088257	0.0
22.9715652466	41.1585388184	0.0
23.0012130737	41.153968811	0.0
23.0308647156	41.1493988037	0.0
23.0605144501	41.1448249817	0.0
23.0901641846	41.1402549744	0.0
23.1198139191	41.135684967	0.0
23.1494636536	41.1311149597	0.0
23.1791133881	41.1265411377	0.0
23.2087631226	41.1219711304	0.0
23.2384128571	41.117401123	0.0
23.2680625916	41.1128311157	0.0
23.297712326	41.1082611084	0.0
23.3273620605	41.1036911011	0.0
23.357011795	41.0991210938	0.0
23.3866615295	41.0945472717	0.0
23.416311264	41.0899772644	0.0
23.4459609985	41.0854072571	0.0
23.475610733	41.0808372498	0.0
23.5052604675	41.0762672424	0.0
23.534910202	41.0716972351	0.0
23.5645599365	41.0671234131	0.0
23.594209671	41.0625534058	0.0
23.6238594055	41.0579833984	0.0
23.65350914	41.0534133911	0.0
23.6831588745	41.0488433838	0.0
23.712808609	41.0442733765	0.0
23.7424583435	41.0396995544	0.0
23.772108078	41.0351295471	0.0
23.8017578125	41.0305595398	0.0
23.831407547	41.0259895325	0.0
23.8610572815	41.0214195251	0.0
23.8907089233	41.0168495178	0.0
23.9203567505	41.0122756958	0.0
23.950006485	41.0077056885	0.0
23.9796562195	41.0031356812	0.0
22.2896175385	41.3787460327	0.0
22.2713947296	41.3549156189	0.0
22.2531719208	41.3310813904	0.0
22.2349472046	41.3072509766	0.0
22.2167243958	41.2834205627	0.0
22.1985015869	41.2595901489	0.0
22.1802787781	41.2357597351	0.0
22.1620559692	41.2119293213	0.0
22.1438331604	41.1880950928	0.0
22.1256103516	41.164264679	0.0
22.1073875427	41.1404342651	0.0
22.0891647339	41.1166038513	0.0
22.070941925	41.0927734375	0.0
22.0527172089	41.0689430237	0.0
22.0344944	41.0451087952	0.0
22.0162715912	41.0212783813	0.0
21.6537322998	42.2972221375	0.0
21.6275596619	42.2825622559	0.0
21.6013870239	42.2678985596	0.0
21.575214386	42.253238678	0.0
21.549041748	42.2385749817	0.0
21.5228672028	42.2239151001	0.0
21.4966945648	42.2092514038	0.0
21.4705219269	42.1945915222	0.0
21.4443492889	42.1799278259	0.0
21.418176651	42.1652679443	0.0
21.3920021057	42.150604248	0.0
21.3658294678	42.1359443665	0.0
21.3396568298	42.1212806702	0.0
21.3134822845	42.1066207886	0.0
21.2873096466	42.0919570923	0.0
21.2611370087	42.0772972107	0.0
21.2243232727	42.0645294189	0.0
21.1954917908	42.0562362671	0.0
21.1666622162	42.0479431152	0.0
21.1378307343	42.0396499634	0.0
21.0965938568	42.0354423523	0.0
21.066608429	42.0344734192	0.0
21.0366249084	42.0335044861	0.0
21.0066394806	42.032535553	0.0
20.9766540527	42.0315666199	0.0
20.9466705322	42.0305976868	0.0
20.9166870117	42.0296287537	0.0
20.8867015839	42.0286598206	0.0
20.8567180634	42.0276908875	0.0
20.8267345428	42.0267219543	0.0
20.796749115	42.0257530212	0.0
20.7667655945	42.0247802734	0.0
20.7367801666	42.0238113403	0.0
20.7067966461	42.0228424072	0.0
20.6768112183	42.0218734741	0.0
20.6468276978	42.020904541	0.0
20.6168422699	42.0199356079	0.0
20.5868587494	42.0189666748	0.0
20.5568752289	42.0179977417	0.0
20.526889801	42.0170288086	0.0
20.4969062805	42.0160598755	0.0
20.46692276	42.0150909424	0.0
20.4369373322	42.0141220093	0.0
20.4069538116	42.0131530762	0.0
20.3769683838	42.0121841431	0.0
20.3469848633	42.01121521	0.0
20.3169994354	42.0102462769	0.0
20.2870159149	42.0092773438	0.0
20.2570304871	42.0083084106	0.0
20.2270469666	42.0073394775	0.0
20.1970615387	42.0063705444	0.0
20.1670780182	42.0054016113	0.0
20.1370944977	42.0044326782	0.0
20.1071090698	42.0034637451	0.0
20.0771255493	42.002494812	0.0
20.0471401215	42.0015258789	0.0
20.017156601	42.0005531311	0.0
21.0977458954	42.0281181335	0.0
21.0689144135	42.0198249817	0.0
21.0400848389	42.0115318298	0.0
21.0112533569	42.003238678	0.0
21.2303657532	42.053314209	0.0
21.2075748444	42.0338058472	0.0
21.1847858429	42.0142936707	0.0
21.1619968414	41.9947853088	0.0
21.13920784	41.9752731323	0.0
21.1164169312	41.9557647705	0.0
21.0936279297	41.936252594	0.0
21.0708389282	41.9167442322	0.0
21.0480499268	41.8972358704	0.0
21.0252609253	41.8777236938	0.0
21.0024700165	41.8582115173	0.0
20.979681015	41.8387031555	0.0
20.9568901062	41.8191947937	0.0
20.9341011047	41.7996826172	0.0
20.9113121033	41.7801742554	0.0
20.8885231018	41.7606620789	0.0
20.865732193	41.741153717	0.0
20.8429431915	41.7216415405	0.0
20.8201541901	41.7021331787	0.0
20.7973651886	41.6826248169	0.0
20.7745761871	41.6631126404	0.0
20.7517852783	41.6436042786	0.0
20.7289962769	41.6240921021	0.0
20.7062072754	41.6045837402	0.0
20.6834182739	41.5850715637	0.0
20.6606273651	41.5655632019	0.0
20.6378383636	41.5460548401	0.0
20.6150493622	41.5265426636	0.0
20.5922603607	41.5070343018	0.0
20.5694713593	41.4875221252	0.0
20.5466804504	41.4680137634	0.0
20.523891449	41.4485015869	0.0
20.5011024475	41.4289932251	0.0
20.478313446	41.4094848633	0.0
20.4555225372	41.3899726868	0.0
20.4327335358	41.370464325	0.0
20.4099445343	41.3509521484	0.0
20.3871555328	41.3314437866	0.0
20.3643665314	41.3119316101	0.0
20.3415756226	41.2924232483	0.0
20.3187866211	41.2729148865	0.0
20.2959976196	41.25340271	0.0
20.2732086182	41.2338943481	0.0
20.2504177094	41.2143821716	0.0
20.2276287079	41.1948738098	0.0
20.2048397064	41.1753616333	0.0
20.182050705	41.1558532715	0.0
20.1592597961	41.136341095	0.0
20.1364707947	41.1168327332	0.0
20.1136817932	41.0973243713	0.0
20.0908927917	41.0778121948	0.0
20.0681037903	41.058303833	0.0
20.0453128815	41.0387916565	0.0
20.02252388	41.0192832947	0.0
21.5536594391	44.2166557312	0.0
21.571855545	44.1928024292	0.0
21.590051651	44.1689529419	0.0
21.608247757	44.1450996399	0.0
21.6264438629	44.1212501526	0.0
21.6446399689	44.0973968506	0.0
21.6628341675	44.0735435486	0.0
21.6810302734	44.0496940613	0.0
21.6992263794	44.0258407593	0.0
21.7202205658	43.980266571	0.0
21.7284545898	43.9514198303	0.0
21.7366886139	43.9225692749	0.0
21.7449226379	43.8937225342	0.0
21.7531547546	43.8648757935	0.0
21.7613887787	43.836025238	0.0
21.7696228027	43.8071784973	0.0
21.7778568268	43.7783317566	0.0
21.7860908508	43.7494812012	0.0
21.7943229675	43.7206344604	0.0
21.8025569916	43.6917877197	0.0
21.8107891083	43.6629371643	0.0
21.8190231323	43.6340904236	0.0
21.8272571564	43.6052436829	0.0
21.8354911804	43.5763931274	0.0
21.8437232971	43.5475463867	0.0
21.8519573212	43.518699646	0.0
21.8601913452	43.4898490906	0.0
21.8684253693	43.4610023499	0.0
21.8766593933	43.4321556091	0.0
21.88489151	43.4033050537	0.0
21.8931255341	43.374458313	0.0
21.9013595581	43.3456115723	0.0
21.9095935822	43.3167610168	0.0
21.9178256989	43.2879142761	0.0
21.9260597229	43.2590675354	0.0
21.9342937469	43.23021698	0.0
21.942527771	43.2013702393	0.0
21.9507598877	43.1725234985	0.0
21.9589939117	43.1436729431	0.0
21.9672279358	43.1148262024	0.0
21.9754600525	43.0859794617	0.0
21.9836940765	43.0571289062	0.0
21.9919281006	43.0282821655	0.0
21.741973877	44.0081672668	0.0
21.7719573975	44.0072174072	0.0
21.8019428253	44.0062675476	0.0
21.8319282532	44.005317688	0.0
21.861913681	44.0043716431	0.0
21.8918972015	44.0034217834	0.0
21.9218826294	44.0024719238	0.0
21.9518680573	44.0015220642	0.0
21.9818534851	44.0005722046	0.0
21.356672287	45.800327301	0.0
21.3267421722	45.7982521057	0.0
21.2968158722	45.7961807251	0.0
21.2668876648	45.7941055298	0.0
21.2369594574	45.7920303345	0.0
21.2070293427	45.7899589539	0.0
21.1771011353	45.7878837585	0.0
21.1471748352	45.7858123779	0.0
21.1172466278	45.7837371826	0.0
21.0873165131	45.781665802	0.0
21.0573883057	45.7795906067	0.0
21.0033512115	45.775844574	0.0
20.9734230042	45.7737731934	0.0
20.9434947968	45.771697998	0.0
20.9135665894	45.7696266174	0.0
20.883638382	45.7675514221	0.0
20.8537101746	45.7654762268	0.0
20.8237819672	45.7634048462	0.0
20.7938537598	45.7613296509	0.0
20.7639255524	45.7592582703	0.0
20.733997345	45.757183075	0.0
20.7040691376	45.7551116943	0.0
20.6500320435	45.7513656616	0.0
20.6201038361	45.749294281	0.0
20.5901756287	45.7472190857	0.0
20.5602474213	45.7451477051	0.0
20.5303192139	45.7430725098	0.0
20.5003890991	45.7409973145	0.0
20.4704627991	45.7389259338	0.0
20.4405345917	45.7368507385	0.0
20.4106063843	45.7347793579	0.0
20.3806762695	45.7327041626	0.0
20.3507480621	45.7306289673	0.0
20.3208217621	45.7285575867	0.0
20.2908935547	45.7264823914	0.0
20.2609634399	45.7244110107	0.0
20.2310352325	45.7223358154	0.0
20.2011089325	45.7202606201	0.0
20.1711807251	45.7181892395	0.0
20.1412506104	45.7161140442	0.0
20.111322403	45.7140426636	0.0
20.0813941956	45.7119674683	0.0
20.0514678955	45.7098922729	0.0
20.0215377808	45.7078208923	0.0
19.9916095734	45.705745697	0.0
19.9433917999	45.7024078369	0.0
19.9134635925	45.7003326416	0.0
19.8835353851	45.6982574463	0.0
19.8536071777	45.6961860657	0.0
19.8236789703	45.6941108704	0.0
19.8051147461	45.6634559631	0.0
19.8135700226	45.6346702576	0.0
19.8220252991	45.6058883667	0.0
19.8304805756	45.5771026611	0.0
19.8389358521	45.5483207703	0.0
19.8473892212	45.5195388794	0.0
19.8558444977	45.4907531738	0.0
19.8642997742	45.4619674683	0.0
19.8727550507	45.4331855774	0.0
19.8812103271	45.4043998718	0.0
19.8896656036	45.375617981	0.0
19.8981208801	45.3468322754	0.0
19.9065761566	45.3180503845	0.0
19.9150314331	45.289264679	0.0
19.9234867096	45.2604827881	0.0
19.9319400787	45.2316970825	0.0
19.9403953552	45.2029151917	0.0
19.9488506317	45.1741294861	0.0
19.9573059082	45.1453475952	0.0
19.9657611847	45.1165618896	0.0
19.9742164612	45.0877761841	0.0
19.9826717377	45.0589942932	0.0
19.9911251068	45.0302124023	0.0
19.9995803833	45.0014266968	0.0
19.7667312622	45.6901664734	0.0
19.7368030548	45.6880912781	0.0
19.7068748474	45.6860198975	0.0
19.67694664	45.6839447021	0.0
19.6470184326	45.6818733215	0.0
19.6077384949	45.6526184082	0.0
19.5954761505	45.6252403259	0.0
19.5832138062	45.5978622437	0.0
19.5709514618	45.5704803467	0.0
19.5586891174	45.5431022644	0.0
19.5464267731	45.5157241821	0.0
19.5341644287	45.4883422852	0.0
19.5219020844	45.4609642029	0.0
19.5096416473	45.4335823059	0.0
19.497379303	45.4062042236	0.0
19.4851169586	45.3788261414	0.0
19.4728546143	45.3514442444	0.0
19.4605922699	45.3240661621	0.0
19.4483318329	45.2966842651	0.0
19.4360694885	45.2693061829	0.0
19.4238052368	45.2419281006	0.0
19.4115447998	45.2145462036	0.0
19.3992824554	45.1871681213	0.0
19.3870201111	45.1597862244	0.0
19.3747577667	45.1324081421	0.0
19.3624954224	45.1050300598	0.0
19.350233078	45.0776481628	0.0
19.337972641	45.0502700806	0.0
19.3257102966	45.0228881836	0.0
19.3134479523	44.9955101013	0.0
19.3011856079	44.968132019	0.0
19.2690219879	44.9641227722	0.0
19.2390346527	44.964969635	0.0
19.2090454102	44.9658164978	0.0
19.179058075	44.9666633606	0.0
19.1396656036	44.9727020264	0.0
19.1102237701	44.9784545898	0.0
19.0807800293	44.984210968	0.0
19.0513381958	44.9899673462	0.0
19.021894455	44.9957199097	0.0
19.1391201019	44.967792511	0.0
19.1091327667	44.9686431885	0.0
19.0791454315	44.9694900513	0.0
19.049156189	44.9703369141	0.0
19.0191688538	44.9711837769	0.0
18.9891815186	44.9720344543	0.0
18.959192276	44.9728813171	0.0
18.9292049408	44.9737281799	0.0
18.8992176056	44.9745750427	0.0
18.869228363	44.9754257202	0.0
18.8392410278	44.976272583	0.0
18.8092536926	44.9771194458	0.0
18.7792644501	44.9779663086	0.0
18.7492771149	44.9788169861	0.0
18.7192897797	44.9796638489	0.0
18.6893005371	44.9805107117	0.0
18.6593132019	44.9813575745	0.0
18.6293258667	44.982208252	0.0
18.5993366241	44.9830551147	0.0
18.5693492889	44.9839019775	0.0
18.5393600464	44.984752655	0.0
18.5093727112	44.9855995178	0.0
18.479385376	44.9864463806	0.0
18.4493961334	44.9872932434	0.0
18.4194087982	44.9881401062	0.0
18.3894195557	44.9889907837	0.0
18.3594322205	44.9898376465	0.0
18.3294448853	44.9906845093	0.0
18.2994556427	44.9915313721	0.0
18.2694683075	44.9923820496	0.0
18.2394790649	44.9932289124	0.0
18.2094917297	44.9940757751	0.0
18.1795043945	44.9949264526	0.0
18.149515152	44.9957733154	0.0
18.1195278168	44.9966201782	0.0
18.0895404816	44.997467041	0.0
18.059551239	44.9983177185	0.0
18.0295639038	44.9991645813	0.0
19.2931060791	44.9338607788	0.0
19.2872028351	44.9044456482	0.0
19.2812995911	44.8750343323	0.0
19.275396347	44.8456192017	0.0
19.2694911957	44.8162078857	0.0
19.263589859	44.7867927551	0.0
19.2576847076	44.7573776245	0.0
19.2517814636	44.7279663086	0.0
19.2458782196	44.698551178	0.0
19.2399730682	44.6691398621	0.0
19.2283611298	44.6112785339	0.0
19.2224578857	44.5818634033	0.0
19.2165546417	44.5524520874	0.0
19.2106513977	44.5230369568	0.0
19.2047462463	44.4936256409	0.0
19.1988449097	44.4642105103	0.0
19.1929397583	44.4347991943	0.0
19.1870365143	44.4053840637	0.0
19.1811332703	44.3759727478	0.0
19.1752281189	44.3465576172	0.0
19.1636161804	44.2886962891	0.0
19.1577129364	44.2592849731	0.0
19.1518096924	44.2298698425	0.0
19.1459064484	44.2004585266	0.0
19.140001297	44.171043396	0.0
19.134098053	44.1416282654	0.0
19.128194809	44.1122169495	0.0
19.1222915649	44.0828056335	0.0
19.1163883209	44.0533905029	0.0
19.1104831696	44.0239753723	0.0
19.1045818329	43.9945640564	0.0
19.0986766815	43.9651489258	0.0
19.0927734375	43.9357376099	0.0
19.0868701935	43.9063224792	0.0
19.0809669495	43.8769111633	0.0
19.0750637054	43.8474960327	0.0
19.0691604614	43.8180847168	0.0
19.0632553101	43.7886695862	0.0
19.057352066	43.7592544556	0.0
19.051448822	43.7298431396	0.0
19.045545578	43.700428009	0.0
19.0382480621	43.6430015564	0.0
19.0364665985	43.6130561829	0.0
19.0346851349	43.5831069946	0.0
19.0329036713	43.5531616211	0.0
19.0311222076	43.5232124329	0.0
19.0293426514	43.4932670593	0.0
19.0275592804	43.4633178711	0.0
19.0257797241	43.4333724976	0.0
19.0239963531	43.4034233093	0.0
19.0222167969	43.3734779358	0.0
19.0204353333	43.3435325623	0.0
19.0186538696	43.313583374	0.0
19.016872406	43.2836380005	0.0
19.0150909424	43.2536888123	0.0
19.0133094788	43.2237434387	0.0
19.0115280151	43.1937942505	0.0
19.0097465515	43.163848877	0.0
19.0079650879	43.1339035034	0.0
19.0061836243	43.1039543152	0.0
19.0044021606	43.074005127	0.0
19.002620697	43.0440597534	0.0
19.0008392334	43.0141143799	0.0
19.0219364166	43.649017334	0.0
19.0038433075	43.6250915527	0.0
18.985748291	43.6011581421	0.0
18.9676551819	43.5772323608	0.0
18.9495620728	43.5533027649	0.0
18.9314670563	43.5293693542	0.0
18.9133758545	43.505443573	0.0
18.895280838	43.4815101624	0.0
18.8597011566	43.4554710388	0.0
18.8331928253	43.4414253235	0.0
18.8066825867	43.4273834229	0.0
18.7801742554	43.4133377075	0.0
18.7536640167	43.3992919922	0.0
18.7271556854	43.3852462769	0.0
18.7006454468	43.3712043762	0.0
18.6741352081	43.3571586609	0.0
18.6476268768	43.3431129456	0.0
18.6211185455	43.3290710449	0.0
18.5946083069	43.3150253296	0.0
18.5680980682	43.3009796143	0.0
18.5415897369	43.2869338989	0.0
18.5150794983	43.2728919983	0.0
18.488571167	43.258846283	0.0
18.4620628357	43.2448005676	0.0
18.435552597	43.230758667	0.0
18.4090423584	43.2167129517	0.0
18.3825321198	43.2026672363	0.0
18.3560237885	43.188621521	0.0
18.3295154572	43.1745796204	0.0
18.3030052185	43.160533905	0.0
18.2764968872	43.1464881897	0.0
18.2499866486	43.1324424744	0.0
18.2234764099	43.1184005737	0.0
18.1969680786	43.1043548584	0.0
18.1704597473	43.0903091431	0.0
18.1439495087	43.0762634277	0.0
18.11743927	43.0622215271	0.0
18.0909309387	43.0481758118	0.0
18.0644207001	43.0341300964	0.0
18.0379123688	43.0200843811	0.0
18.0114021301	43.0060424805	0.0
18.8767604828	43.4410438538	0.0
18.867307663	43.4125709534	0.0
18.8578567505	43.3841018677	0.0
18.848405838	43.3556289673	0.0
18.8389530182	43.3271560669	0.0
18.8295021057	43.2986831665	0.0
18.8200492859	43.2702102661	0.0
18.8105983734	43.2417373657	0.0
18.8011474609	43.21326828	0.0
18.7916946411	43.1847953796	0.0
18.7822437286	43.1563224792	0.0
18.7727928162	43.1278495789	0.0
18.7633399963	43.0993766785	0.0
18.7538890839	43.0709075928	0.0
18.744436264	43.0424346924	0.0
18.7349853516	43.013961792	0.0
18.7255344391	42.9854888916	0.0
18.7160816193	42.9570159912	0.0
18.7066307068	42.9285469055	0.0
18.678817749	42.8988265991	0.0
18.6548709869	42.8807525635	0.0
18.6309242249	42.8626823425	0.0
18.6069774628	42.8446121216	0.0
18.5830307007	42.8265419006	0.0
18.5590839386	42.8084716797	0.0
18.5351371765	42.7904014587	0.0
18.5111904144	42.7723274231	0.0
18.4872436523	42.7542572021	0.0
18.4632968903	42.7361869812	0.0
18.4393501282	42.7181167603	0.0
18.4154033661	42.7000465393	0.0
18.391456604	42.6819763184	0.0
18.3675098419	42.6639022827	0.0
18.3435630798	42.6458320618	0.0
18.3196163177	42.6277618408	0.0
18.2956695557	42.6096916199	0.0
18.2717227936	42.5916213989	0.0
18.2477779388	42.573551178	0.0
18.2238292694	42.5554771423	0.0
18.1998825073	42.5374069214	0.0
18.1759376526	42.5193367004	0.0
18.1519908905	42.5012664795	0.0
18.1280422211	42.4831962585	0.0
18.1040973663	42.4651260376	0.0
18.0801506042	42.4470558167	0.0
18.0562038422	42.428981781	0.0
18.0322551727	42.4109115601	0.0
18.008310318	42.3928413391	0.0
17.9865150452	42.3455352783	0.0
17.9876842499	42.3155555725	0.0
17.9888553619	42.2855796814	0.0
17.9900245667	42.2556037903	0.0
17.9911956787	42.2256240845	0.0
17.9923648834	42.1956481934	0.0
17.9935340881	42.1656723022	0.0
17.9947032928	42.1356925964	0.0
17.9958744049	42.1057167053	0.0
17.9970436096	42.0757408142	0.0
17.9982147217	42.0457611084	0.0
17.9993839264	42.0157852173	0.0
17.961397171	42.3574409485	0.0
17.9374523163	42.3393707275	0.0
17.9135055542	42.3213005066	0.0
17.8895587921	42.3032264709	0.0
17.8656101227	42.28515625	0.0
17.8416652679	42.2670860291	0.0
17.8076667786	42.2414283752	0.0
17.7837181091	42.2233581543	0.0
17.759771347	42.2052879333	0.0
17.735824585	42.1872177124	0.0
17.7118797302	42.1691474915	0.0
17.6879310608	42.1510734558	0.0
17.6588077545	42.1203308105	0.0
17.6397361755	42.0971755981	0.0
17.6206645966	42.074016571	0.0
17.6015930176	42.0508575439	0.0
17.5825214386	42.0277023315	0.0
17.5634498596	42.0045433044	0.0
17.5443782806	41.9813842773	0.0
17.5253067017	41.9582290649	0.0
17.5062351227	41.9350700378	0.0
17.4871635437	41.9119148254	0.0
17.4680919647	41.8887557983	0.0
17.4490203857	41.8655967712	0.0
17.4299488068	41.8424415588	0.0
17.4108772278	41.8192825317	0.0
17.3918056488	41.7961235046	0.0
17.3727340698	41.7729682922	0.0
17.3536624908	41.7498092651	0.0
17.3345909119	41.726650238	0.0
17.3155193329	41.7034950256	0.0
17.2964477539	41.6803359985	0.0
17.2773761749	41.6571807861	0.0
17.2583045959	41.634021759	0.0
17.2392349243	41.6108627319	0.0
17.220161438	41.5877075195	0.0
17.1977081299	41.544670105	0.0
17.1874713898	41.5164718628	0.0
17.1772346497	41.4882698059	0.0
17.1669998169	41.4600715637	0.0
17.1567630768	41.4318733215	0.0
17.1465263367	41.4036712646	0.0
17.1362915039	41.3754730225	0.0
17.1260547638	41.3472709656	0.0
17.115819931	41.3190727234	0.0
17.1055831909	41.2908744812	0.0
17.0953464508	41.2626724243	0.0
17.085111618	41.2344741821	0.0
17.0748748779	41.2062721252	0.0
17.0646381378	41.1780738831	0.0
17.0544013977	41.1498756409	0.0
17.0441665649	41.121673584	0.0
17.0339298248	41.0934753418	0.0
17.0236930847	41.0652770996	0.0
17.013458252	41.0370750427	0.0
17.0032215118	41.0088768005	0.0
17.1888713837	41.5497131348	0.0
17.1697998047	41.5265541077	0.0
17.1507282257	41.5033988953	0.0
17.1316566467	41.4802398682	0.0
17.1125850677	41.4570808411	0.0
17.0935134888	41.4339256287	0.0
17.0744438171	41.4107666016	0.0
17.0553703308	41.3876075745	0.0
17.0363006592	41.3644523621	0.0
17.0172271729	41.341293335	0.0
16.9981555939	41.3181343079	0.0
16.9790859222	41.2949790955	0.0
16.9600124359	41.2718200684	0.0
16.9409427643	41.248664856	0.0
16.921869278	41.2255058289	0.0
16.9027996063	41.2023468018	0.0
16.88372612	41.1791915894	0.0
16.864654541	41.1560325623	0.0
16.8455848694	41.1328735352	0.0
16.8265113831	41.1097183228	0.0
16.8074417114	41.0865592957	0.0
16.7883682251	41.0634002686	0.0
16.7692985535	41.0402450562	0.0
16.7502250671	41.0170860291	0.0
16.7434654236	40.9727516174	0.0
16.748922348	40.9432525635	0.0
16.7543811798	40.9137535095	0.0
16.7598381042	40.8842544556	0.0
16.765296936	40.8547554016	0.0
16.7707557678	40.8252563477	0.0
16.7762126923	40.795753479	0.0
16.781671524	40.766254425	0.0
16.7871284485	40.7367553711	0.0
16.7925853729	40.7072563171	0.0
16.7980442047	40.6777572632	0.0
16.8035011292	40.6482582092	0.0
16.8089599609	40.6187591553	0.0
16.8144187927	40.5892601013	0.0
16.8198757172	40.5597610474	0.0
16.825334549	40.5302619934	0.0
16.8307914734	40.5007629395	0.0
16.8362503052	40.4712638855	0.0
16.8417072296	40.4417648315	0.0
16.8471641541	40.4122657776	0.0
16.8526229858	40.3827629089	0.0
16.8580818176	40.353263855	0.0
16.8635387421	40.323764801	0.0
16.8689975739	40.2942657471	0.0
16.8744544983	40.2647666931	0.0
16.8799133301	40.2352676392	0.0
16.8853702545	40.2057685852	0.0
16.8892745972	40.1509513855	0.0
16.8885879517	40.1209602356	0.0
16.8878993988	40.0909690857	0.0
16.8872108459	40.0609779358	0.0
16.8865222931	40.0309867859	0.0
16.8858356476	40.0009918213	0.0
16.8851470947	39.9710006714	0.0
16.8844585419	39.9410095215	0.0
16.883769989	39.9110145569	0.0
16.8830814362	39.881023407	0.0
16.8823947906	39.8510322571	0.0
16.8817062378	39.8210411072	0.0
16.8810176849	39.7910461426	0.0
16.8803291321	39.7610549927	0.0
16.8796424866	39.7310638428	0.0
16.8789539337	39.7010726929	0.0
16.8782653809	39.6710777283	0.0
16.877576828	39.6410865784	0.0
16.8768882751	39.6110954285	0.0
16.8762016296	39.5811042786	0.0
16.8755130768	39.551109314	0.0
16.8748245239	39.5211181641	0.0
16.8741378784	39.4911270142	0.0
16.8734493256	39.4611358643	0.0
16.8727607727	39.4311447144	0.0
16.8672580719	39.3983001709	0.0
16.8618354797	39.3687973022	0.0
16.8564090729	39.3392906189	0.0
16.8509845734	39.3097839355	0.0
16.8455600739	39.2802772522	0.0
16.8401355743	39.2507743835	0.0
16.8347091675	39.2212677002	0.0
16.8292865753	39.1917648315	0.0
16.8238601685	39.1622581482	0.0
16.8184356689	39.1327514648	0.0
16.8130111694	39.1032485962	0.0
16.8075866699	39.0737419128	0.0
16.8021602631	39.0442352295	0.0
16.7967376709	39.0147285461	0.0
16.791311264	38.9852256775	0.0
16.7858867645	38.9557189941	0.0
16.780462265	38.9262123108	0.0
16.7750377655	38.8967094421	0.0
16.7696113586	38.8672027588	0.0
16.7641887665	38.8376998901	0.0
16.7587623596	38.8081932068	0.0
16.7533378601	38.7786865234	0.0
16.7479133606	38.7491798401	0.0
16.7424888611	38.7196769714	0.0
16.7370624542	38.6901702881	0.0
16.7316379547	38.6606636047	0.0
16.7262134552	38.6311607361	0.0
16.7207889557	38.6016540527	0.0
16.7308273315	38.5583763123	0.0
16.7438545227	38.5313529968	0.0
16.7568817139	38.5043296814	0.0
16.769908905	38.477306366	0.0
16.7829360962	38.4502792358	0.0
16.7959632874	38.4232559204	0.0
16.8089904785	38.396232605	0.0
16.8220176697	38.3692092896	0.0
16.8350448608	38.3421859741	0.0
16.848072052	38.3151626587	0.0
16.8610992432	38.2881393433	0.0
16.8741264343	38.2611122131	0.0
16.8871536255	38.2340888977	0.0
16.9001808167	38.2070655823	0.0
16.9132099152	38.1800422668	0.0
16.926235199	38.1530189514	0.0
16.9392623901	38.125995636	0.0
16.9522895813	38.0989685059	0.0
16.9653167725	38.0719451904	0.0
16.978345871	38.044921875	0.0
16.9913711548	38.0178985596	0.0
16.6945514679	38.5664405823	0.0
16.6713027954	38.5474815369	0.0
16.6480541229	38.5285186768	0.0
16.6248054504	38.5095596313	0.0
16.601556778	38.4906005859	0.0
16.5783081055	38.4716377258	0.0
16.555059433	38.4526786804	0.0
16.5318107605	38.4337158203	0.0
16.508562088	38.4147567749	0.0
16.4853134155	38.3957977295	0.0
16.462064743	38.3768348694	0.0
16.4388160706	38.357875824	0.0
16.4155673981	38.3389167786	0.0
16.3923187256	38.3199539185	0.0
16.3690700531	38.300994873	0.0
16.3458213806	38.2820358276	0.0
16.3225727081	38.2630729675	0.0
16.2993240356	38.2441139221	0.0
16.2760753632	38.2251548767	0.0
16.2528266907	38.2061920166	0.0
16.2295780182	38.1872329712	0.0
16.2063293457	38.1682701111	0.0
16.1830806732	38.1493110657	0.0
16.1598320007	38.1303482056	0.0
16.1365833282	38.1113891602	0.0
16.1133346558	38.0924301147	0.0
16.0900859833	38.0734672546	0.0
16.0668373108	38.0545082092	0.0
16.0435886383	38.0355491638	0.0
16.0203380585	38.0165863037	0.0
16.8812408447	39.3990516663	0.0
16.8897972107	39.370300293	0.0
16.898355484	39.341545105	0.0
16.9069137573	39.3127937317	0.0
16.9154701233	39.2840385437	0.0
16.9240264893	39.2552833557	0.0
16.9325847626	39.2265319824	0.0
16.9411411285	39.1977767944	0.0
16.9496974945	39.1690216064	0.0
16.9582557678	39.1402702332	0.0
16.9668121338	39.1115150452	0.0
16.9753704071	39.0827636719	0.0
16.9839267731	39.0540084839	0.0
16.992483139	39.0252532959	0.0
16.9055519104	40.1553115845	0.0
16.9211387634	40.1296806335	0.0
16.9367256165	40.1040496826	0.0
16.9523143768	40.078414917	0.0
16.9679012299	40.0527839661	0.0
16.9834880829	40.0271492004	0.0
16.9990768433	40.0015182495	0.0
16.7108230591	40.9895629883	0.0
16.683637619	40.9768753052	0.0
16.656452179	40.9641876221	0.0
16.6292667389	40.951499939	0.0
16.6020812988	40.9388122559	0.0
16.5748977661	40.9261245728	0.0
16.547712326	40.9134368896	0.0
16.520526886	40.9007492065	0.0
16.4933414459	40.8880615234	0.0
16.4661579132	40.8753738403	0.0
16.4389724731	40.8626861572	0.0
16.4117870331	40.8499984741	0.0
16.384601593	40.837310791	0.0
16.357416153	40.8246231079	0.0
16.3302326202	40.8119354248	0.0
16.3030471802	40.7992515564	0.0
16.2758617401	40.7865638733	0.0
16.2347221375	40.7673606873	0.0
16.2075366974	40.7546730042	0.0
16.1803512573	40.741985321	0.0
16.1531677246	40.7292976379	0.0
16.1259822845	40.7166099548	0.0
16.0987968445	40.7039222717	0.0
16.0716114044	40.6912345886	0.0
16.0444278717	40.6785507202	0.0
16.0172424316	40.6658592224	0.0
15.9900569916	40.653175354	0.0
15.9628715515	40.6404876709	0.0
15.9356870651	40.6277961731	0.0
15.9085016251	40.6151123047	0.0
15.8813171387	40.6024246216	0.0
15.8541316986	40.5897369385	0.0
15.8269472122	40.5770492554	0.0
15.7997617722	40.5643615723	0.0
15.7620382309	40.5395431519	0.0
15.7382698059	40.5212364197	0.0
15.7145023346	40.5029335022	0.0
15.6907329559	40.48462677	0.0
15.6669645309	40.4663238525	0.0
15.6431970596	40.4480171204	0.0
15.619427681	40.4297142029	0.0
15.5956602097	40.4114074707	0.0
15.571890831	40.3931045532	0.0
15.5481233597	40.3748016357	0.0
15.5243549347	40.3564949036	0.0
15.500585556	40.3381881714	0.0
15.4768180847	40.3198852539	0.0
15.4530496597	40.3015823364	0.0
15.4292812347	40.2832756042	0.0
15.4055128098	40.2649726868	0.0
15.3817453384	40.2466659546	0.0
15.3579759598	40.2283592224	0.0
15.3342075348	40.2100563049	0.0
15.3104400635	40.1917533875	0.0
15.2866706848	40.1734466553	0.0
15.2629032135	40.1551437378	0.0
15.2391347885	40.1368370056	0.0
15.2153663635	40.1185340881	0.0
15.1915979385	40.100227356	0.0
15.1678285599	40.0819244385	0.0
15.1440610886	40.0636177063	0.0
15.1202926636	40.0453147888	0.0
15.0965242386	40.0270080566	0.0
15.0727558136	40.0087051392	0.0
15.0489883423	39.990398407	0.0
15.0252189636	39.9720954895	0.0
15.0014505386	39.9537887573	0.0
14.9776830673	39.9354858398	0.0
14.9356107712	39.9284095764	0.0
14.9056978226	39.9306983948	0.0
14.875784874	39.9329872131	0.0
14.845872879	39.9352760315	0.0
14.8159599304	39.9375648499	0.0
14.7860479355	39.9398536682	0.0
14.7561349869	39.9421424866	0.0
14.7262229919	39.9444313049	0.0
14.6963100433	39.9467201233	0.0
14.6663980484	39.9490089417	0.0
14.6364850998	39.95129776	0.0
14.6065721512	39.9535865784	0.0
14.5766601562	39.9558753967	0.0
14.5467472076	39.9581642151	0.0
14.5168352127	39.9604530334	0.0
14.4869222641	39.9627418518	0.0
14.4570102692	39.9650306702	0.0
14.4270973206	39.9673194885	0.0
14.3971843719	39.9696083069	0.0
14.367272377	39.9718971252	0.0
14.3373594284	39.9741859436	0.0
14.3074474335	39.976474762	0.0
14.2775335312	39.9787635803	0.0
14.2476215363	39.9810523987	0.0
14.2177085876	39.983341217	0.0
14.1877965927	39.9856300354	0.0
14.1578836441	39.9879188538	0.0
14.1279706955	39.9902076721	0.0
14.0980587006	39.9924964905	0.0
14.068145752	39.9947853088	0.0
14.038233757	39.9970741272	0.0
14.0083208084	39.9993629456	0.0
14.9417552948	39.9078178406	0.0
14.9179859161	39.8895111084	0.0
14.8942184448	39.8712043762	0.0
14.8704500198	39.8529014587	0.0
14.8466806412	39.8345947266	0.0
14.8229131699	39.8162918091	0.0
14.7991447449	39.7979888916	0.0
14.7753763199	39.7796821594	0.0
14.7516078949	39.7613754272	0.0
14.7278404236	39.7430725098	0.0
14.7040710449	39.7247695923	0.0
14.6803026199	39.7064628601	0.0
14.6565341949	39.6881561279	0.0
14.63276577	39.6698532104	0.0
14.6089982986	39.651550293	0.0
14.58522892	39.6332435608	0.0
14.5614614487	39.6149406433	0.0
14.5376930237	39.5966339111	0.0
14.513923645	39.578327179	0.0
14.4901561737	39.5600242615	0.0
14.4663877487	39.541721344	0.0
14.4426193237	39.5234146118	0.0
14.4188508987	39.5051116943	0.0
14.3950834274	39.4868049622	0.0
14.3713140488	39.4685020447	0.0
14.3475456238	39.4501953125	0.0
14.3237771988	39.431892395	0.0
14.3000087738	39.4135856628	0.0
14.2762413025	39.3952827454	0.0
14.2524719238	39.3769760132	0.0
14.2287044525	39.3586730957	0.0
14.2049360275	39.3403663635	0.0
14.1811666489	39.322063446	0.0
14.1573991776	39.3037567139	0.0
14.1179676056	39.2818908691	0.0
14.0906972885	39.2693901062	0.0
14.0634260178	39.2568893433	0.0
14.0361537933	39.2443885803	0.0
14.0088834763	39.2318878174	0.0
13.9816122055	39.2193870544	0.0
13.9543399811	39.2068862915	0.0
13.9270687103	39.1943855286	0.0
13.8824605942	39.2042427063	0.0
13.8601808548	39.2243309021	0.0
13.8379020691	39.2444229126	0.0
13.8156232834	39.2645111084	0.0
13.7933425903	39.2846031189	0.0
13.7710638046	39.3046913147	0.0
13.7487840652	39.3247833252	0.0
13.7265052795	39.3448753357	0.0
13.7042245865	39.3649635315	0.0
13.6819458008	39.385055542	0.0
13.6596670151	39.4051437378	0.0
13.6373872757	39.4252357483	0.0
13.6151075363	39.4453277588	0.0
13.5928277969	39.4654159546	0.0
13.5705490112	39.4855079651	0.0
13.5482702255	39.5055961609	0.0
13.5259895325	39.5256881714	0.0
13.5037107468	39.5457801819	0.0
13.4814310074	39.5658683777	0.0
13.4591522217	39.5859603882	0.0
13.4368715286	39.606048584	0.0
13.4145927429	39.6261405945	0.0
13.3923139572	39.646232605	0.0
13.3700342178	39.6663208008	0.0
13.3477554321	39.6864128113	0.0
13.3254747391	39.7065048218	0.0
13.3031959534	39.7265930176	0.0
13.280916214	39.7466812134	0.0
13.2586374283	39.7667732239	0.0
13.2363576889	39.7868652344	0.0
13.2140779495	39.8069534302	0.0
13.1917991638	39.8270454407	0.0
13.1695194244	39.8471374512	0.0
13.1472396851	39.867225647	0.0
13.1249599457	39.8873176575	0.0
13.10268116	39.9074058533	0.0
13.0804023743	39.9274978638	0.0
13.0581216812	39.9475898743	0.0
13.0358428955	39.9676780701	0.0
13.0135631561	39.9877700806	0.0
13.8774690628	39.1716499329	0.0
13.8501977921	39.1591491699	0.0
13.8229255676	39.146648407	0.0
13.7956552505	39.134147644	0.0
13.7683839798	39.1216468811	0.0
13.7411117554	39.1091423035	0.0
13.7138414383	39.0966415405	0.0
13.6865701675	39.0841407776	0.0
13.6731929779	39.0452728271	0.0
13.6821460724	39.0166397095	0.0
13.6910982132	38.9880065918	0.0
13.700050354	38.9593734741	0.0
13.7090015411	38.9307403564	0.0
13.7179536819	38.9021072388	0.0
13.7269067764	38.8734741211	0.0
13.7358589172	38.8448410034	0.0
13.744811058	38.8162078857	0.0
13.7537631989	38.7875747681	0.0
13.7627153397	38.7589416504	0.0
13.7716684341	38.7303085327	0.0
13.7806196213	38.701675415	0.0
13.7895717621	38.6730422974	0.0
13.7985239029	38.6444091797	0.0
13.8074760437	38.615776062	0.0
13.8164291382	38.5871429443	0.0
13.825381279	38.5585098267	0.0
13.8343334198	38.529876709	0.0
13.8432846069	38.5012435913	0.0
13.8522367477	38.4726104736	0.0
13.8611898422	38.443977356	0.0
13.870141983	38.4153442383	0.0
13.8790941238	38.3867111206	0.0
13.8880462646	38.3580780029	0.0
13.8969993591	38.3294448853	0.0
13.9059505463	38.3008117676	0.0
13.9149026871	38.2721786499	0.0
13.9238548279	38.2435455322	0.0
13.9328069687	38.2149124146	0.0
13.9417600632	38.1862792969	0.0
13.950712204	38.1576461792	0.0
13.9596643448	38.1290130615	0.0
13.9686155319	38.1003799438	0.0
13.9775676727	38.0717468262	0.0
13.9865207672	38.0431137085	0.0
13.995472908	38.0144805908	0.0
13.6369695663	39.0614051819	0.0
13.6096982956	39.0489044189	0.0
13.5824270248	39.036403656	0.0
13.5551557541	39.0239028931	0.0
13.5278835297	39.0114021301	0.0
13.5006132126	38.9989013672	0.0
13.4733419418	38.9864006042	0.0
13.4460697174	38.9738998413	0.0
13.4187994003	38.9613990784	0.0
13.3915281296	38.9488983154	0.0
13.3642559052	38.9363975525	0.0
13.3369846344	38.9238967896	0.0
13.3097143173	38.9113922119	0.0
13.2824420929	38.898891449	0.0
13.2551708221	38.886390686	0.0
13.2278995514	38.8738899231	0.0
13.2006282806	38.8613891602	0.0
13.1790752411	38.8237113953	0.0
13.1749067307	38.794002533	0.0
13.1707401276	38.7642936707	0.0
13.1665716171	38.7345848083	0.0
13.162405014	38.704875946	0.0
13.1582374573	38.6751670837	0.0
13.1540689468	38.6454582214	0.0
13.1499023438	38.6157493591	0.0
13.1457338333	38.5860404968	0.0
13.1415662766	38.5563316345	0.0
13.1373987198	38.5266227722	0.0
13.133231163	38.4969100952	0.0
13.1290626526	38.4672012329	0.0
13.1248960495	38.4374923706	0.0
13.1207275391	38.4077835083	0.0
13.116560936	38.378074646	0.0
13.1123933792	38.3483657837	0.0
13.1082248688	38.3186569214	0.0
13.1040582657	38.2889480591	0.0
13.0998897552	38.2592391968	0.0
13.0957221985	38.2295303345	0.0
13.0915546417	38.1998214722	0.0
13.087387085	38.1701126099	0.0
13.08390522	38.1311912537	0.0
13.0816860199	38.101272583	0.0
13.0794668198	38.0713539124	0.0
13.0772476196	38.0414352417	0.0
13.0750284195	38.0115203857	0.0
13.0728092194	37.9816017151	0.0
13.0705900192	37.9516830444	0.0
13.0683708191	37.9217643738	0.0
13.066151619	37.8918457031	0.0
13.0639333725	37.8619308472	0.0
13.0617141724	37.8320121765	0.0
13.0594949722	37.8020935059	0.0
13.0572748184	37.7721748352	0.0
13.0550556183	37.7422561646	0.0
13.0528373718	37.7123413086	0.0
13.0506181717	37.6824226379	0.0
13.0483989716	37.6525039673	0.0
13.0461797714	37.6225852966	0.0
13.0439605713	37.5926704407	0.0
13.0417423248	37.56275177	0.0
13.039522171	37.5328330994	0.0
13.0373029709	37.5029144287	0.0
13.0350837708	37.4729995728	0.0
13.0328645706	37.4430809021	0.0
13.0306463242	37.4131622314	0.0
13.028427124	37.3832435608	0.0
13.0262079239	37.3533287048	0.0
13.0239887238	37.3234100342	0.0
13.0217685699	37.2934913635	0.0
13.0195503235	37.2635726929	0.0
13.0173311234	37.2336578369	0.0
13.0151119232	37.2037391663	0.0
13.0128927231	37.1738204956	0.0
13.0106744766	37.143901825	0.0
13.0084552765	37.1139831543	0.0
13.0062360764	37.0840682983	0.0
13.0040159225	37.0541496277	0.0
13.0017967224	37.024230957	0.0
13.0719814301	38.1346511841	0.0
13.0578384399	38.1081924438	0.0
13.0436935425	38.0817375183	0.0
13.0295505524	38.0552787781	0.0
13.0154075623	38.0288238525	0.0
13.0012645721	38.0023651123	0.0
13.1533699036	38.8506660461	0.0
13.1234960556	38.84790802	0.0
13.0936231613	38.8451538086	0.0
13.063750267	38.8423957825	0.0
13.0338773727	38.839641571	0.0
13.0040035248	38.8368835449	0.0
12.9741306305	38.8341293335	0.0
12.9442577362	38.8313713074	0.0
12.9143848419	38.8286170959	0.0
12.884510994	38.8258590698	0.0
12.8546380997	38.8231048584	0.0
12.8247652054	38.8203468323	0.0
12.7948923111	38.8175926208	0.0
12.7650194168	38.8148345947	0.0
12.7351455688	38.8120803833	0.0
12.7052726746	38.8093223572	0.0
12.6753997803	38.8065643311	0.0
12.6455259323	38.8038101196	0.0
12.615653038	38.8010520935	0.0
12.5857801437	38.7982978821	0.0
12.5559072495	38.7955436707	0.0
12.5260343552	38.7927856445	0.0
12.4961614609	38.7900276184	0.0
12.4662876129	38.787273407	0.0
12.4226074219	38.7903556824	0.0
12.3929271698	38.7947273254	0.0
12.4081802368	38.8060264587	0.0
12.4366884232	38.8153686523	0.0
12.4651947021	38.8247146606	0.0
12.4937028885	38.8340568542	0.0
12.5222110748	38.8434028625	0.0
12.5507192612	38.8527450562	0.0
12.5792274475	38.8620872498	0.0
12.6077337265	38.8714332581	0.0
12.6362419128	38.8807754517	0.0
12.6647500992	38.8901176453	0.0
12.6932582855	38.8994636536	0.0
12.7217664719	38.9088058472	0.0
12.7502737045	38.9181518555	0.0
12.7787809372	38.9274940491	0.0
12.8072891235	38.9368362427	0.0
12.8357973099	38.946182251	0.0
12.8643045425	38.9555244446	0.0
12.8928127289	38.9648704529	0.0
12.9213209152	38.9742126465	0.0
12.9498281479	38.9835548401	0.0
12.9783363342	38.9929008484	0.0
12.3499917984	38.8010559082	0.0
12.3203134537	38.805431366	0.0
12.2816438675	38.8233261108	0.0
12.2562303543	38.8392677307	0.0
12.2308168411	38.8552093506	0.0
12.2054033279	38.8711509705	0.0
12.1799888611	38.8870925903	0.0
12.1545763016	38.9030342102	0.0
12.1418952942	38.9313430786	0.0
12.1302623749	38.9589958191	0.0
12.1186275482	38.9866485596	0.0
12.1069946289	39.0143013	0.0
12.0953607559	39.0419540405	0.0
12.0837278366	39.069606781	0.0
12.0720939636	39.0972595215	0.0
12.0604610443	39.124912262	0.0
12.0488271713	39.1525650024	0.0
12.037194252	39.1802177429	0.0
12.025560379	39.2078704834	0.0
12.0139274597	39.2355232239	0.0
12.0022926331	39.2631721497	0.0
11.9906597137	39.2908287048	0.0
11.9790258408	39.3184776306	0.0
11.9673929214	39.3461303711	0.0
11.9557590485	39.3737831116	0.0
11.9441251755	39.4014358521	0.0
11.9324922562	39.4290885925	0.0
11.9208583832	39.456741333	0.0
11.8876972198	39.4887428284	0.0
11.861700058	39.5037155151	0.0
11.8357038498	39.5186882019	0.0
11.8097066879	39.5336608887	0.0
11.7837095261	39.5486335754	0.0
11.7577142715	39.5636062622	0.0
11.7317171097	39.578578949	0.0
11.7057199478	39.5935516357	0.0
11.6797237396	39.6085243225	0.0
11.6537265778	39.6234970093	0.0
11.6277303696	39.638469696	0.0
11.6017341614	39.6534423828	0.0
11.5757369995	39.6684112549	0.0
11.5497398376	39.6833839417	0.0
11.5237436295	39.6983566284	0.0
11.4977474213	39.7133293152	0.0
11.4717502594	39.728302002	0.0
11.4457540512	39.7432746887	0.0
11.4197568893	39.7582473755	0.0
11.3937597275	39.7732200623	0.0
11.3677625656	39.788192749	0.0
11.3417673111	39.8031654358	0.0
11.3157701492	39.8181381226	0.0
11.2897729874	39.8331108093	0.0
11.2637767792	39.8480834961	0.0
11.2377796173	39.8630523682	0.0
11.2117834091	39.8780288696	0.0
11.1857872009	39.8929977417	0.0
11.1597900391	39.9079704285	0.0
11.1337928772	39.9229431152	0.0
11.107796669	39.937915802	0.0
11.0818004608	39.9528884888	0.0
11.055803299	39.9678611755	0.0
11.0298070908	39.9828338623	0.0
11.0038099289	39.9978065491	0.0
11.918548584	39.5033760071	0.0
11.9234046936	39.5329818726	0.0
11.9282598495	39.5625839233	0.0
11.9331150055	39.5921897888	0.0
11.9379711151	39.6217956543	0.0
11.9428262711	39.6513977051	0.0
11.9476823807	39.6810035706	0.0
11.9525365829	39.710609436	0.0
11.9573917389	39.7402114868	0.0
11.9622478485	39.7698173523	0.0
11.9671030045	39.7994194031	0.0
11.9719591141	39.8290252686	0.0
11.97681427	39.858631134	0.0
11.981669426	39.8882331848	0.0
11.9865245819	39.9178390503	0.0
11.9913797379	39.9474449158	0.0
11.9962358475	39.9770469666	0.0
12.1281147003	38.9196357727	0.0
12.1027011871	38.9355773926	0.0
12.077287674	38.9515190125	0.0
12.0518741608	38.9674606323	0.0
12.0264596939	38.9834022522	0.0
12.0010471344	38.9993438721	0.0
12.2773780823	38.811756134	0.0
12.2476987839	38.8161315918	0.0
12.2180185318	38.8205032349	0.0
12.1883401871	38.8248786926	0.0
12.158659935	38.8292503357	0.0
12.1289806366	38.8336257935	0.0
12.0993013382	38.8380012512	0.0
12.0696220398	38.8423728943	0.0
12.0399417877	38.8467483521	0.0
12.010263443	38.8511199951	0.0
11.9805841446	38.8554954529	0.0
11.9509038925	38.8598670959	0.0
11.9212245941	38.8642425537	0.0
11.8915452957	38.8686141968	0.0
11.8618659973	38.8729896545	0.0
11.8321857452	38.8773651123	0.0
11.8025074005	38.8817367554	0.0
11.7728271484	38.8861122131	0.0
11.74314785	38.8904838562	0.0
11.713467598	38.894859314	0.0
11.6837892532	38.899230957	0.0
11.6541099548	38.9036064148	0.0
11.6244297028	38.9079818726	0.0
11.594751358	38.9123535156	0.0
11.565071106	38.9167251587	0.0
11.5353918076	38.9211006165	0.0
11.5057115555	38.9254760742	0.0
11.4760332108	38.9298477173	0.0
11.4463529587	38.934223175	0.0
11.4166736603	38.9385948181	0.0
11.3869943619	38.9429702759	0.0
11.3573150635	38.9473457336	0.0
11.3276348114	38.9517173767	0.0
11.2979564667	38.9560928345	0.0
11.2682771683	38.9604644775	0.0
11.2385969162	38.9648399353	0.0
11.2089176178	38.9692115784	0.0
11.1792383194	38.9735870361	0.0
11.149559021	38.9779586792	0.0
11.1198787689	38.982334137	0.0
11.0902004242	38.9867095947	0.0
11.0605201721	38.9910812378	0.0
11.0308408737	38.9954566956	0.0
11.0011606216	38.9998283386	0.0
12.4373226166	38.759979248	0.0
12.4223613739	38.7339782715	0.0
12.4073982239	38.7079734802	0.0
12.3924350739	38.6819725037	0.0
12.3774719238	38.6559715271	0.0
12.3625097275	38.6299667358	0.0
12.3475465775	38.6039657593	0.0
12.3325843811	38.5779647827	0.0
12.3176212311	38.5519599915	0.0
12.3026590347	38.5259590149	0.0
12.2876958847	38.4999580383	0.0
12.2727327347	38.4739532471	0.0
12.2577695847	38.4479522705	0.0
12.242808342	38.4219512939	0.0
12.227845192	38.3959465027	0.0
12.2128820419	38.3699455261	0.0
12.1979188919	38.3439445496	0.0
12.1829566956	38.3179397583	0.0
12.1679935455	38.2919387817	0.0
12.1530313492	38.2659378052	0.0
12.1380681992	38.2399368286	0.0
12.1231060028	38.2139320374	0.0
12.1081428528	38.1879310608	0.0
12.0931797028	38.1619262695	0.0
12.0782165527	38.135925293	0.0
12.0632553101	38.1099243164	0.0
12.04829216	38.0839195251	0.0
12.03332901	38.0579185486	0.0
12.01836586	38.031917572	0.0
12.0034036636	38.0059165955	0.0
14.1737470627	39.2850494385	0.0
14.202255249	39.2757072449	0.0
14.2307634354	39.2663612366	0.0
14.259270668	39.257019043	0.0
14.2877788544	39.2476768494	0.0
14.3162870407	39.2383346558	0.0
14.3447952271	39.2289886475	0.0
14.3266153336	39.21043396	0.0
14.3013973236	39.1941871643	0.0
14.27617836	39.177936554	0.0
14.2509593964	39.1616897583	0.0
14.2257404327	39.1454391479	0.0
14.2005214691	39.1291923523	0.0
14.1753015518	39.1129455566	0.0
14.1500825882	39.096698761	0.0
14.1248636246	39.0804481506	0.0
14.0996446609	39.064201355	0.0
14.0744256973	39.0479507446	0.0
14.0492067337	39.031703949	0.0
14.0239877701	39.0154533386	0.0
14.3812942505	39.2210121155	0.0
14.4107532501	39.2153396606	0.0
14.4402122498	39.2096710205	0.0
14.4696712494	39.2039985657	0.0
14.499130249	39.1983261108	0.0
14.5285892487	39.1926574707	0.0
14.5580482483	39.1869888306	0.0
14.5875082016	39.1813163757	0.0
14.6169672012	39.1756439209	0.0
14.6464262009	39.1699752808	0.0
14.6758852005	39.1643028259	0.0
14.7053442001	39.1586303711	0.0
14.7348031998	39.152961731	0.0
14.7642621994	39.1472892761	0.0
14.7937221527	39.141620636	0.0
14.8231811523	39.1359481812	0.0
14.852640152	39.130279541	0.0
14.8820991516	39.1246070862	0.0
14.9115581512	39.1189346313	0.0
14.9410171509	39.1132659912	0.0
14.9704761505	39.1075935364	0.0
14.9999361038	39.1019248962	0.0
15.0293951035	39.0962524414	0.0
15.0588541031	39.0905838013	0.0
15.0883131027	39.0849113464	0.0
15.1177721024	39.0792388916	0.0
15.147231102	39.0735702515	0.0
15.182477951	39.0699806213	0.0
15.2123680115	39.0674209595	0.0
15.2422590256	39.0648612976	0.0
15.2721500397	39.0623054504	0.0
15.3020401001	39.0597457886	0.0
15.3319311142	39.0571861267	0.0
15.3618221283	39.0546264648	0.0
15.3917131424	39.0520706177	0.0
15.4216032028	39.0495109558	0.0
15.4514942169	39.0469512939	0.0
15.481385231	39.0443916321	0.0
15.5112752914	39.0418357849	0.0
15.5411663055	39.039276123	0.0
15.5710573196	39.0367164612	0.0
15.6009473801	39.034160614	0.0
15.6308383942	39.0316009521	0.0
15.6607294083	39.0290412903	0.0
15.6906194687	39.0264816284	0.0
15.7205095291	39.0239257812	0.0
15.7504005432	39.0213661194	0.0
15.7802906036	39.0188064575	0.0
15.8101816177	39.0162467957	0.0
15.8400726318	39.0136909485	0.0
15.8699636459	39.0111312866	0.0
15.8998537064	39.0085716248	0.0
15.9297447205	39.0060157776	0.0
15.9596357346	39.0034561157	0.0
15.989525795	39.0008964539	0.0
15.1254930496	39.0596580505	0.0
15.0983991623	39.0467796326	0.0
15.0713043213	39.0338973999	0.0
15.044210434	39.0210151672	0.0
15.017115593	39.0081367493	0.0
15.7558965683	40.5601768494	0.0
15.7259883881	40.5625076294	0.0
15.6960783005	40.5648345947	0.0
15.6661691666	40.5671653748	0.0
15.6362600327	40.5694961548	0.0
15.5935573578	40.5832901001	0.0
15.566327095	40.5958786011	0.0
15.5390968323	40.6084709167	0.0
15.5118665695	40.6210594177	0.0
15.4846363068	40.6336517334	0.0
15.457406044	40.6462402344	0.0
15.4301757812	40.65883255	0.0
15.4029464722	40.6714248657	0.0
15.3757162094	40.6840133667	0.0
15.3484859467	40.6966056824	0.0
15.3212547302	40.7091941833	0.0
15.2940254211	40.7217826843	0.0
15.2667951584	40.734375	0.0
15.2395648956	40.746963501	0.0
15.2123346329	40.7595558167	0.0
15.1851053238	40.7721443176	0.0
15.1578741074	40.7847366333	0.0
15.1084575653	40.799282074	0.0
15.0789375305	40.8046264648	0.0
15.0494184494	40.8099708557	0.0
15.0198984146	40.8153190613	0.0
14.9903783798	40.8206634521	0.0
14.960858345	40.826007843	0.0
14.9313383102	40.8313522339	0.0
14.9018182755	40.8367004395	0.0
14.8722991943	40.8420448303	0.0
14.8427791595	40.8473892212	0.0
14.8132591248	40.8527374268	0.0
14.78373909	40.8580818176	0.0
14.7542190552	40.8634262085	0.0
14.7246990204	40.8687705994	0.0
14.6951789856	40.8741188049	0.0
14.6656589508	40.8794631958	0.0
14.636138916	40.8848075867	0.0
14.6066188812	40.8901557922	0.0
14.5770988464	40.8955001831	0.0
14.5475788116	40.900844574	0.0
14.5180587769	40.9061889648	0.0
14.4885387421	40.9115371704	0.0
14.4590196609	40.9168815613	0.0
14.4294996262	40.9222259521	0.0
14.3999795914	40.927570343	0.0
14.3704595566	40.9329185486	0.0
14.3409404755	40.9382629395	0.0
14.3114204407	40.9436073303	0.0
14.2819004059	40.9489555359	0.0
14.2523803711	40.9542999268	0.0
14.2228603363	40.9596443176	0.0
14.1933403015	40.9649887085	0.0
14.1638202667	40.9703369141	0.0
14.1343002319	40.9756813049	0.0
14.1047801971	40.9810256958	0.0
14.0752601624	40.9863739014	0.0
14.0457410812	40.9917182922	0.0
14.0162210464	40.9970626831	0.0
15.1212873459	40.818862915	0.0
15.1045951843	40.8437919617	0.0
15.0879039764	40.8687171936	0.0
15.0712118149	40.8936462402	0.0
15.054520607	40.9185752869	0.0
15.0378303528	40.9435043335	0.0
15.0211381912	40.9684295654	0.0
15.0044469833	40.9933586121	0.0
15.5987024307	40.5503959656	0.0
15.5766162872	40.5300941467	0.0
15.5545310974	40.5097885132	0.0
15.5324449539	40.4894866943	0.0
15.5103597641	40.4691810608	0.0
15.4882745743	40.4488792419	0.0
15.4661893845	40.4285736084	0.0
15.4441041946	40.4082717896	0.0
15.4220180511	40.387966156	0.0
15.3999328613	40.3676643372	0.0
15.3778467178	40.3473625183	0.0
15.355761528	40.3270568848	0.0
15.3336763382	40.3067550659	0.0
15.3115911484	40.2864494324	0.0
15.2895050049	40.2661476135	0.0
15.2674198151	40.24584198	0.0
15.2453346252	40.2255401611	0.0
15.2232494354	40.2052345276	0.0
15.2011642456	40.1849327087	0.0
15.1790781021	40.1646308899	0.0
15.1569929123	40.1443252563	0.0
15.1349067688	40.1240234375	0.0
15.112821579	40.103717804	0.0
15.0907363892	40.0834159851	0.0
15.0686511993	40.0631103516	0.0
15.0465650558	40.0428085327	0.0
15.024479866	40.0225067139	0.0
15.0023937225	40.0022010803	0.0
16.2523574829	40.7516098022	0.0
16.2428092957	40.7231712341	0.0
16.2332611084	40.6947288513	0.0
16.2237129211	40.6662902832	0.0
16.2141628265	40.6378517151	0.0
16.2046146393	40.6094093323	0.0
16.1950645447	40.5809707642	0.0
16.1855163574	40.552532196	0.0
16.1759681702	40.5240898132	0.0
16.1664180756	40.4956512451	0.0
16.1568698883	40.467212677	0.0
16.147321701	40.4387702942	0.0
16.1377716064	40.4103317261	0.0
16.1282234192	40.381893158	0.0
16.1186733246	40.3534545898	0.0
16.1091251373	40.325012207	0.0
16.0995769501	40.2965736389	0.0
16.0900287628	40.2681350708	0.0
16.0804786682	40.239692688	0.0
16.070930481	40.2112541199	0.0
16.0613803864	40.1828155518	0.0
16.0518321991	40.1543731689	0.0
16.0422840118	40.1259346008	0.0
16.0327358246	40.0974960327	0.0
16.02318573	40.0690536499	0.0
16.0136375427	40.0406150818	0.0
16.0040874481	40.0121765137	0.0
17.6509952545	42.1301727295	0.0
17.6241130829	42.116859436	0.0
17.5972309113	42.1035423279	0.0
17.5703468323	42.0902290344	0.0
17.5434646606	42.0769119263	0.0
17.5165805817	42.0635986328	0.0
17.4896965027	42.0502815247	0.0
17.4628143311	42.0369682312	0.0
17.4359302521	42.023651123	0.0
17.4090480804	42.0103378296	0.0
17.3821659088	41.9970207214	0.0
17.3552818298	41.983707428	0.0
17.3283996582	41.9703903198	0.0
17.3015155792	41.9570732117	0.0
17.2746315002	41.9437599182	0.0
17.2477493286	41.9304466248	0.0
17.2046756744	41.9326057434	0.0
17.1761798859	41.9419898987	0.0
17.1476840973	41.9513702393	0.0
17.1191902161	41.9607543945	0.0
17.0906944275	41.9701385498	0.0
17.0622005463	41.9795188904	0.0
17.0337047577	41.9889030457	0.0
17.0052108765	41.9982833862	0.0
17.2044048309	41.9147071838	0.0
17.1756381989	41.9061927795	0.0
17.1468734741	41.8976745605	0.0
17.118106842	41.8891601562	0.0
17.08934021	41.8806419373	0.0
17.0605754852	41.872127533	0.0
17.0318088531	41.863609314	0.0
17.0030422211	41.8550949097	0.0
16.9742774963	41.8465766907	0.0
16.9455127716	41.8380622864	0.0
16.9167461395	41.8295440674	0.0
16.8879795074	41.8210296631	0.0
16.8592147827	41.8125114441	0.0
16.8304481506	41.8039970398	0.0
16.8016815186	41.7954788208	0.0
16.7729167938	41.7869644165	0.0
16.7441501617	41.7784461975	0.0
16.715385437	41.7699317932	0.0
16.6826267242	41.7441291809	0.0
16.6623477936	41.7220230103	0.0
16.6420669556	41.6999168396	0.0
16.6217861176	41.6778106689	0.0
16.6015071869	41.6557006836	0.0
16.5812263489	41.6335945129	0.0
16.5609474182	41.6114883423	0.0
16.5406684875	41.5893821716	0.0
16.5203876495	41.5672721863	0.0
16.5001087189	41.5451660156	0.0
16.4798278809	41.523059845	0.0
16.4595489502	41.5009536743	0.0
16.4392681122	41.478843689	0.0
16.4189872742	41.4567375183	0.0
16.3987083435	41.4346313477	0.0
16.3784275055	41.412525177	0.0
16.3581485748	41.3904151917	0.0
16.3378677368	41.368309021	0.0
16.3175888062	41.3462028503	0.0
16.2973079681	41.3240966797	0.0
16.2770271301	41.3019866943	0.0
16.2567481995	41.2798805237	0.0
16.2364692688	41.257774353	0.0
16.2161884308	41.2356681824	0.0
16.1959095001	41.213558197	0.0
16.1756286621	41.1914520264	0.0
16.1553497314	41.1693458557	0.0
16.1350688934	41.1472396851	0.0
16.1147880554	41.1251296997	0.0
16.0945091248	41.1030235291	0.0
16.0742282867	41.0809173584	0.0
16.0539493561	41.0588111877	0.0
16.0336685181	41.0367012024	0.0
16.0133895874	41.0145950317	0.0
16.6734104156	41.7717056274	0.0
16.6439113617	41.7771759033	0.0
16.6144142151	41.7826423645	0.0
16.5849170685	41.7881088257	0.0
16.5554199219	41.7935791016	0.0
16.5259227753	41.7990455627	0.0
16.4964256287	41.8045158386	0.0
16.4669265747	41.8099822998	0.0
16.4374294281	41.815448761	0.0
16.4079322815	41.8209190369	0.0
16.3784351349	41.826385498	0.0
16.3489360809	41.8318557739	0.0
16.3194408417	41.8373222351	0.0
16.2899417877	41.8427886963	0.0
16.2604446411	41.8482589722	0.0
16.2309474945	41.8537254333	0.0
16.2014503479	41.8591957092	0.0
16.1719512939	41.8646621704	0.0
16.1375656128	41.8859062195	0.0
16.1144733429	41.9050598145	0.0
16.091381073	41.9242095947	0.0
16.0682907104	41.943359375	0.0
16.0451984406	41.96251297	0.0
16.022108078	41.9816627502	0.0
16.130853653	41.8701782227	0.0
16.1010494232	41.8736000061	0.0
16.0712432861	41.8770217896	0.0
16.0414390564	41.880443573	0.0
16.011636734	41.8838615417	0.0
15.9818315506	41.8872833252	0.0
15.9520273209	41.8907051086	0.0
15.9222230911	41.8941268921	0.0
15.8924188614	41.8975486755	0.0
15.8626146317	41.900970459	0.0
15.8328104019	41.9043922424	0.0
15.8030061722	41.9078140259	0.0
15.7732019424	41.9112358093	0.0
15.7433977127	41.9146575928	0.0
15.7135925293	41.9180793762	0.0
15.6837892532	41.9215011597	0.0
15.6539850235	41.9249229431	0.0
15.6241807938	41.9283447266	0.0
15.5943756104	41.93176651	0.0
15.5645723343	41.9351882935	0.0
15.5347681046	41.9386062622	0.0
15.5049638748	41.9420318604	0.0
15.4751586914	41.9454498291	0.0
15.4453554153	41.9488716125	0.0
15.4155511856	41.952293396	0.0
15.3857469559	41.9557151794	0.0
15.3559417725	41.9591369629	0.0
15.3261375427	41.9625587463	0.0
15.2963342667	41.9659805298	0.0
15.2665300369	41.9694023132	0.0
15.2367248535	41.9728240967	0.0
15.2069206238	41.9762458801	0.0
15.1771173477	41.9796676636	0.0
15.147313118	41.983089447	0.0
15.1175079346	41.9865112305	0.0
15.0877037048	41.9899291992	0.0
15.0579004288	41.9933547974	0.0
15.028096199	41.9967765808	0.0
17.8092079163	42.2794494629	0.0
17.7868022919	42.2994003296	0.0
17.7643966675	42.3193511963	0.0
17.7419929504	42.339302063	0.0
17.719587326	42.3592529297	0.0
17.6971817017	42.3792037964	0.0
17.6747760773	42.3991508484	0.0
17.6523723602	42.4191017151	0.0
17.6299667358	42.4390525818	0.0
17.6075611115	42.4590034485	0.0
17.5851573944	42.4789543152	0.0
17.56275177	42.4989051819	0.0
17.5403461456	42.5188522339	0.0
17.5179424286	42.5388031006	0.0
17.4955368042	42.5587539673	0.0
17.4731311798	42.578704834	0.0
17.4507274628	42.5986557007	0.0
17.4283218384	42.6186065674	0.0
17.405916214	42.6385574341	0.0
17.3835124969	42.6585044861	0.0
17.3611068726	42.6784553528	0.0
17.3387012482	42.6984062195	0.0
17.3162975311	42.7183570862	0.0
17.2938919067	42.7383079529	0.0
17.2714862823	42.7582588196	0.0
17.249080658	42.7782096863	0.0
17.2266769409	42.798160553	0.0
17.2042713165	42.818107605	0.0
17.1818656921	42.8380584717	0.0
17.1594600677	42.8580093384	0.0
17.1370563507	42.8779602051	0.0
17.1146507263	42.8979110718	0.0
17.0922451019	42.9178581238	0.0
17.0698413849	42.9378128052	0.0
17.0474357605	42.9577598572	0.0
17.0250301361	42.9777107239	0.0
17.0026264191	42.9976615906	0.0
18.7115459442	42.8882102966	0.0
18.72032547	42.8595237732	0.0
18.7291069031	42.8308372498	0.0
18.7378883362	42.8021507263	0.0
18.7466697693	42.7734642029	0.0
18.7554512024	42.7447776794	0.0
18.7642326355	42.716091156	0.0
18.7730121613	42.6874084473	0.0
18.7817935944	42.6587219238	0.0
18.7905769348	42.6300354004	0.0
18.7993564606	42.601348877	0.0
18.8081378937	42.5726623535	0.0
18.8169193268	42.5439758301	0.0
18.8257007599	42.5152893066	0.0
18.8344802856	42.4866065979	0.0
18.8432617188	42.4579200745	0.0
18.8520431519	42.429233551	0.0
18.860824585	42.4005470276	0.0
18.8537082672	42.3579711914	0.0
18.8420181274	42.3303451538	0.0
18.8303260803	42.3027153015	0.0
18.8186359406	42.2750854492	0.0
18.8069438934	42.2474594116	0.0
18.7952537537	42.2198295593	0.0
18.7835617065	42.1922035217	0.0
18.7718715668	42.1645736694	0.0
18.7601795197	42.1369476318	0.0
18.7484893799	42.1093177795	0.0
18.7367973328	42.0816917419	0.0
18.7251052856	42.0540618896	0.0
18.7134151459	42.0264320374	0.0
18.7017230988	41.9988059998	0.0
18.690032959	41.9711761475	0.0
18.6783428192	41.9435501099	0.0
18.6666507721	41.9159202576	0.0
18.654958725	41.8882904053	0.0
18.6432685852	41.8606643677	0.0
18.6315765381	41.8330345154	0.0
18.6198863983	41.8054084778	0.0
18.6264705658	41.7628479004	0.0
18.6396636963	41.7359046936	0.0
18.6528568268	41.7089614868	0.0
18.6660480499	41.68201828	0.0
18.6792411804	41.6550750732	0.0
18.6924343109	41.6281318665	0.0
18.7056274414	41.6011886597	0.0
18.7188205719	41.5742454529	0.0
18.7320137024	41.5473022461	0.0
18.7452068329	41.5203590393	0.0
18.758398056	41.4934158325	0.0
18.7715911865	41.4664726257	0.0
18.784784317	41.4395256042	0.0
18.7979774475	41.4125823975	0.0
18.811170578	41.3856391907	0.0
18.8243637085	41.3586959839	0.0
18.837556839	41.3317527771	0.0
18.8507499695	41.3048095703	0.0
18.8639411926	41.2778663635	0.0
18.8771343231	41.2509231567	0.0
18.8903274536	41.22397995	0.0
18.9035205841	41.1970367432	0.0
18.9167137146	41.1700935364	0.0
18.9299068451	41.1431503296	0.0
18.9430999756	41.1162071228	0.0
18.9562911987	41.089263916	0.0
18.9694843292	41.0623207092	0.0
18.9826774597	41.0353775024	0.0
18.9958705902	41.0084342957	0.0
18.5948791504	41.7660980225	0.0
18.5764789581	41.742401123	0.0
18.5580806732	41.7187080383	0.0
18.539680481	41.6950111389	0.0
18.5212802887	41.6713142395	0.0
18.5028800964	41.6476211548	0.0
18.4844818115	41.6239242554	0.0
18.4660835266	41.6002311707	0.0
18.4476833344	41.5765342712	0.0
18.4292831421	41.5528411865	0.0
18.4108848572	41.5291442871	0.0
18.3924846649	41.5054512024	0.0
18.3740844727	41.481754303	0.0
18.3556861877	41.4580612183	0.0
18.3372879028	41.4343643188	0.0
18.3188877106	41.4106674194	0.0
18.3004875183	41.3869743347	0.0
18.282087326	41.3632774353	0.0
18.2636890411	41.3395843506	0.0
18.2452888489	41.3158874512	0.0
18.226890564	41.2921943665	0.0
18.2084903717	41.268497467	0.0
18.1900901794	41.2448043823	0.0
18.1716918945	41.2211074829	0.0
18.1532917023	41.1974143982	0.0
18.1348934174	41.1737174988	0.0
18.1164932251	41.1500244141	0.0
18.0980949402	41.1263275146	0.0
18.0796947479	41.1026306152	0.0
18.0612945557	41.0789375305	0.0
18.0428962708	41.0552406311	0.0
18.0244960785	41.0315475464	0.0
18.0060977936	41.007850647	0.0
18.8752861023	42.3572769165	0.0
18.8851737976	42.3289527893	0.0
18.8950614929	42.3006286621	0.0
18.9049472809	42.2723045349	0.0
18.9148349762	42.2439804077	0.0
18.9247226715	42.2156562805	0.0
18.9346084595	42.1873321533	0.0
18.9444961548	42.1590080261	0.0
18.9543838501	42.1306838989	0.0
18.9642696381	42.1023597717	0.0
18.974155426	42.0740356445	0.0
18.9840431213	42.0457115173	0.0
18.9939308167	42.0173873901	0.0
19.1425914764	44.3048858643	0.0
19.1156635284	44.2916641235	0.0
19.0887355804	44.2784385681	0.0
19.0618076324	44.2652168274	0.0
19.0348796844	44.251991272	0.0
19.0079498291	44.2387695312	0.0
18.9810218811	44.2255439758	0.0
18.9540939331	44.2123184204	0.0
18.9271659851	44.1990966797	0.0
18.9002380371	44.1858711243	0.0
18.8733081818	44.1726493835	0.0
18.8421077728	44.165977478	0.0
18.8126735687	44.1601753235	0.0
18.7832393646	44.1543769836	0.0
18.7538051605	44.1485748291	0.0
18.7243728638	44.1427726746	0.0
18.6949386597	44.13697052	0.0
18.6655044556	44.1311683655	0.0
18.6360702515	44.1253700256	0.0
18.6066360474	44.1195678711	0.0
18.5772037506	44.1137657166	0.0
18.5477695465	44.107963562	0.0
18.5183353424	44.1021652222	0.0
18.4889011383	44.0963630676	0.0
18.4594688416	44.0905609131	0.0
18.4300346375	44.0847587585	0.0
18.4006004333	44.078956604	0.0
18.3711662292	44.0731582642	0.0
18.3417339325	44.0673561096	0.0
18.3122997284	44.0615539551	0.0
18.2828655243	44.0557518005	0.0
18.2534313202	44.049949646	0.0
18.2239990234	44.0441513062	0.0
18.1945648193	44.0383491516	0.0
18.1651306152	44.0325469971	0.0
18.1356983185	44.0267448425	0.0
18.1062641144	44.0209465027	0.0
18.0768299103	44.0151443481	0.0
18.0473957062	44.0093421936	0.0
18.0179634094	44.0035400391	0.0
18.8895072937	44.1477546692	0.0
18.9074726105	44.1237297058	0.0
18.9254398346	44.0997047424	0.0
18.9434051514	44.0756797791	0.0
18.9613723755	44.0516548157	0.0
18.9793395996	44.0276298523	0.0
18.9973049164	44.0036048889	0.0
19.2572727203	44.6214408875	0.0
19.2802810669	44.6021881104	0.0
19.3032894135	44.5829391479	0.0
19.3262996674	44.5636863708	0.0
19.3493061066	44.5444374084	0.0
19.3723163605	44.5251846313	0.0
19.395324707	44.5059318542	0.0
19.4183330536	44.4866828918	0.0
19.4413414001	44.4674301147	0.0
19.4643497467	44.4481811523	0.0
19.4873580933	44.4289283752	0.0
19.5103664398	44.4096755981	0.0
19.5333747864	44.3904266357	0.0
19.5563831329	44.3711738586	0.0
19.5793914795	44.3519248962	0.0
19.602399826	44.3326721191	0.0
19.6254081726	44.313419342	0.0
19.6484165192	44.2941703796	0.0
19.6714267731	44.2749176025	0.0
19.6944332123	44.2556686401	0.0
19.7174434662	44.236415863	0.0
19.7404518127	44.2171669006	0.0
19.7634601593	44.1979141235	0.0
19.7864685059	44.1786613464	0.0
19.8094768524	44.159412384	0.0
19.832485199	44.1401596069	0.0
19.8554935455	44.1209106445	0.0
19.8785018921	44.1016578674	0.0
19.9015102386	44.0824050903	0.0
19.9245185852	44.0631561279	0.0
19.9475288391	44.0439033508	0.0
19.9705352783	44.0246543884	0.0
19.9935455322	44.0054016113	0.0
19.5905475616	45.6742935181	0.0
19.5610961914	45.6685829163	0.0
19.5316448212	45.6628761292	0.0
19.5021915436	45.657169342	0.0
19.4727401733	45.6514587402	0.0
19.4432888031	45.6457519531	0.0
19.4138355255	45.6400413513	0.0
19.3843841553	45.6343345642	0.0
19.354932785	45.6286277771	0.0
19.3254795074	45.6229171753	0.0
19.2960281372	45.6172103882	0.0
19.266576767	45.6115036011	0.0
19.2371253967	45.605796814	0.0
19.2076721191	45.6000862122	0.0
19.1782207489	45.594379425	0.0
19.1487693787	45.5886726379	0.0
19.1193161011	45.5829620361	0.0
19.0898647308	45.577255249	0.0
19.0604133606	45.5715484619	0.0
19.030960083	45.5658378601	0.0
19.0015087128	45.560131073	0.0
18.9720573425	45.5544204712	0.0
18.9426040649	45.5487136841	0.0
18.9131526947	45.543006897	0.0
18.8837013245	45.5372962952	0.0
18.8542480469	45.5315895081	0.0
18.8247966766	45.5258827209	0.0
18.7953453064	45.5201721191	0.0
18.7658939362	45.514465332	0.0
18.7290916443	45.505657196	0.0
18.6999988556	45.4983406067	0.0
18.6709022522	45.4910240173	0.0
18.6418094635	45.483707428	0.0
18.6127147675	45.4763908386	0.0
18.5836200714	45.4690742493	0.0
18.5545272827	45.4617576599	0.0
18.5254325867	45.4544410706	0.0
18.4963378906	45.4471244812	0.0
18.4672431946	45.4398078918	0.0
18.4381504059	45.4324913025	0.0
18.4090557098	45.4251747131	0.0
18.3799629211	45.4178581238	0.0
18.3508663177	45.4105453491	0.0
18.3217735291	45.4032287598	0.0
18.292678833	45.3959121704	0.0
18.263584137	45.3885955811	0.0
18.2344913483	45.3812789917	0.0
18.2053966522	45.3739624023	0.0
18.1763019562	45.366645813	0.0
18.1472072601	45.3593292236	0.0
18.1181144714	45.3520126343	0.0
18.0890197754	45.3446960449	0.0
18.0599250793	45.3373794556	0.0
18.0308303833	45.3300628662	0.0
18.0017375946	45.3227462769	0.0
17.9726428986	45.3154335022	0.0
17.9435482025	45.3081130981	0.0
17.9144554138	45.3008003235	0.0
17.8853607178	45.2934837341	0.0
17.8562660217	45.2861671448	0.0
17.8271713257	45.2788505554	0.0
17.798078537	45.2715339661	0.0
17.7689838409	45.2642173767	0.0
17.7405319214	45.2765045166	0.0
17.7133026123	45.289100647	0.0
17.6860752106	45.3016929626	0.0
17.6588478088	45.314289093	0.0
17.6316184998	45.3268814087	0.0
17.604391098	45.3394775391	0.0
17.5771636963	45.3520736694	0.0
17.5499343872	45.3646697998	0.0
17.5227050781	45.3772621155	0.0
17.4954776764	45.3898582458	0.0
17.4682502747	45.4024505615	0.0
17.4233055115	45.392665863	0.0
17.4013118744	45.3722648621	0.0
17.3793182373	45.3518600464	0.0
17.3573226929	45.3314590454	0.0
17.3353290558	45.3110542297	0.0
17.3133354187	45.2906532288	0.0
17.2913417816	45.2702522278	0.0
17.2693462372	45.2498512268	0.0
17.2473526001	45.2294464111	0.0
17.2253570557	45.2090454102	0.0
17.2033634186	45.1886444092	0.0
17.1813697815	45.1682395935	0.0
17.1593742371	45.1478385925	0.0
17.1373806	45.1274375916	0.0
17.1153850555	45.1070327759	0.0
17.0933914185	45.0866317749	0.0
17.0713977814	45.0662307739	0.0
17.0494022369	45.0458259583	0.0
17.0274085999	45.0254249573	0.0
17.0054149628	45.0050239563	0.0
17.4271678925	45.4369659424	0.0
17.409034729	45.4608688354	0.0
17.3909034729	45.4847679138	0.0
17.3727703094	45.5086669922	0.0
17.354637146	45.5325660706	0.0
17.3365058899	45.5564651489	0.0
17.3183727264	45.580368042	0.0
17.300239563	45.6042671204	0.0
17.2821063995	45.6281661987	0.0
17.2639732361	45.6520652771	0.0
17.2458400726	45.6759681702	0.0
17.2277088165	45.6998672485	0.0
17.2095756531	45.7237663269	0.0
17.1914424896	45.7476654053	0.0
17.1733112335	45.7715644836	0.0
17.1551780701	45.7954673767	0.0
17.1370449066	45.8193664551	0.0
17.1189136505	45.8432655334	0.0
17.1007804871	45.8671646118	0.0
17.0826473236	45.8910675049	0.0
17.0645141602	45.9149665833	0.0
17.0463829041	45.9388656616	0.0
17.0282497406	45.96276474	0.0
17.0101165771	45.9866676331	0.0
17.7407169342	45.250919342	0.0
17.7136745453	45.2379341125	0.0
17.6866321564	45.2249450684	0.0
17.6595897675	45.2119560242	0.0
17.6325473785	45.19896698	0.0
17.6055030823	45.1859779358	0.0
17.5784626007	45.1729927063	0.0
17.5514183044	45.1600036621	0.0
17.5243778229	45.1470146179	0.0
17.4973335266	45.1340255737	0.0
17.4702911377	45.1210365295	0.0
17.4432487488	45.1080474854	0.0
17.4162063599	45.0950584412	0.0
17.3891639709	45.0820732117	0.0
17.362121582	45.0690841675	0.0
17.3350772858	45.0560951233	0.0
17.3080368042	45.0431060791	0.0
17.2809925079	45.0301170349	0.0
17.253950119	45.0171318054	0.0
17.2269077301	45.0041427612	0.0
17.1998653412	44.991153717	0.0
17.1728229523	44.9781646729	0.0
17.1501121521	44.9399032593	0.0
17.1453819275	44.9102783203	0.0
17.1406497955	44.8806533813	0.0
17.1359176636	44.8510322571	0.0
17.131187439	44.8214073181	0.0
17.126455307	44.7917823792	0.0
17.121723175	44.7621574402	0.0
17.1169929504	44.7325325012	0.0
17.1122627258	44.7029075623	0.0
17.1075305939	44.6732826233	0.0
17.1027984619	44.6436576843	0.0
17.0980682373	44.6140327454	0.0
17.0933361053	44.5844116211	0.0
17.0886058807	44.5547866821	0.0
17.0838737488	44.5251617432	0.0
17.0791416168	44.4955368042	0.0
17.0744113922	44.4659118652	0.0
17.0696792603	44.4362869263	0.0
17.0649471283	44.4066619873	0.0
17.0602169037	44.3770370483	0.0
17.0554847717	44.3474121094	0.0
17.0507545471	44.3177871704	0.0
17.0460224152	44.2881622314	0.0
17.0412902832	44.2585411072	0.0
17.0365600586	44.2289161682	0.0
17.031829834	44.1992912292	0.0
17.027097702	44.1696662903	0.0
17.0223655701	44.1400413513	0.0
17.0176353455	44.1104164124	0.0
17.0129032135	44.0807914734	0.0
17.0081710815	44.0511665344	0.0
17.0034408569	44.0215415955	0.0
17.1253013611	44.9643058777	0.0
17.0957603455	44.9590797424	0.0
17.0662193298	44.9538574219	0.0
17.0366764069	44.9486312866	0.0
17.0071353912	44.9434089661	0.0
16.9775943756	44.9381828308	0.0
16.9480514526	44.9329605103	0.0
16.918510437	44.927734375	0.0
16.8889694214	44.9225120544	0.0
16.8594284058	44.9172859192	0.0
16.8298854828	44.9120635986	0.0
16.8003444672	44.9068374634	0.0
16.7708034515	44.9016151428	0.0
16.7412605286	44.8963890076	0.0
16.7117195129	44.891166687	0.0
16.6821784973	44.8859405518	0.0
16.6526355743	44.8807182312	0.0
16.6230945587	44.8754920959	0.0
16.5935535431	44.8702697754	0.0
16.5640106201	44.8650436401	0.0
16.5344696045	44.8598213196	0.0
16.5049285889	44.8545951843	0.0
16.4753875732	44.8493728638	0.0
16.4458446503	44.8441467285	0.0
16.4069728851	44.8369674683	0.0
16.3774852753	44.8314476013	0.0
16.3479976654	44.8259277344	0.0
16.3185100555	44.8204040527	0.0
16.2890224457	44.8148841858	0.0
16.2595348358	44.8093643188	0.0
16.2300453186	44.8038444519	0.0
16.2005596161	44.7983207703	0.0
16.1710700989	44.7928009033	0.0
16.141582489	44.7872810364	0.0
16.1120967865	44.7817611694	0.0
16.0883865356	44.8069381714	0.0
16.0758972168	44.8342132568	0.0
16.0634117126	44.861492157	0.0
16.0509223938	44.8887672424	0.0
16.0384349823	44.9160461426	0.0
16.0259475708	44.9433250427	0.0
16.013458252	44.9706001282	0.0
16.0009708405	44.9978790283	0.0
16.0713863373	44.7741394043	0.0
16.0418987274	44.7686195374	0.0
16.0124111176	44.7630996704	0.0
15.982922554	44.7575759888	0.0
15.9534358978	44.7520561218	0.0
15.923948288	44.7465362549	0.0
15.8944597244	44.7410163879	0.0
15.8649730682	44.735496521	0.0
15.8354854584	44.7299728394	0.0
15.8059968948	44.7244529724	0.0
15.7765102386	44.7189331055	0.0
15.7393159866	44.7018165588	0.0
15.7133436203	44.6868019104	0.0
15.6873722076	44.671787262	0.0
15.6613998413	44.6567726135	0.0
15.635427475	44.6417579651	0.0
15.6094551086	44.6267433167	0.0
15.5834827423	44.6117286682	0.0
15.5575113297	44.5967102051	0.0
15.5315389633	44.5816955566	0.0
15.505566597	44.5666809082	0.0
15.4795951843	44.5516662598	0.0
15.453622818	44.5366516113	0.0
15.4276504517	44.5216369629	0.0
15.4016780853	44.5066223145	0.0
15.375705719	44.491607666	0.0
15.3497343063	44.4765930176	0.0
15.32376194	44.4615783691	0.0
15.2977895737	44.4465637207	0.0
15.271818161	44.4315490723	0.0
15.2458457947	44.4165344238	0.0
15.219874382	44.4015197754	0.0
15.193901062	44.3865013123	0.0
15.1679286957	44.3714866638	0.0
15.141957283	44.3564720154	0.0
15.1159849167	44.3414573669	0.0
15.0900125504	44.3264427185	0.0
15.0640411377	44.3114280701	0.0
15.0380687714	44.2964134216	0.0
15.0120973587	44.2813987732	0.0
14.9861249924	44.2663841248	0.0
14.9601516724	44.2513694763	0.0
14.9341802597	44.2363548279	0.0
14.9082078934	44.2213363647	0.0
14.882235527	44.2063217163	0.0
14.8562641144	44.1913070679	0.0
14.830291748	44.1762924194	0.0
14.8043203354	44.161277771	0.0
14.7783479691	44.1462631226	0.0
14.752374649	44.1312484741	0.0
14.7264032364	44.1162338257	0.0
14.7004308701	44.1012191772	0.0
14.6744594574	44.0862045288	0.0
14.6484870911	44.0711898804	0.0
14.6225147247	44.0561752319	0.0
14.6065139771	44.0298728943	0.0
14.5912904739	44.0040245056	0.0
14.5760669708	43.9781723022	0.0
14.5608434677	43.9523239136	0.0
14.5456190109	43.9264717102	0.0
14.5303945541	43.9006233215	0.0
14.515171051	43.8747711182	0.0
14.4999475479	43.8489227295	0.0
14.4847240448	43.8230705261	0.0
14.469499588	43.7972221375	0.0
14.4542760849	43.7713699341	0.0
14.4390525818	43.7455215454	0.0
14.4238290787	43.719669342	0.0
14.4086046219	43.6938209534	0.0
14.3933811188	43.66796875	0.0
14.3781576157	43.6421203613	0.0
14.3629341125	43.616268158	0.0
14.3477096558	43.5904197693	0.0
14.3324861526	43.5645675659	0.0
14.3172626495	43.5387191772	0.0
14.3020391464	43.5128669739	0.0
14.2868146896	43.4870185852	0.0
14.2715911865	43.4611663818	0.0
14.2563667297	43.4353179932	0.0
14.2411441803	43.4094657898	0.0
14.2259197235	43.3836174011	0.0
14.2106962204	43.3577651978	0.0
14.1954717636	43.3319168091	0.0
14.1802492142	43.3060646057	0.0
14.1650247574	43.280216217	0.0
14.1498012543	43.2543678284	0.0
14.1345767975	43.228515625	0.0
14.119354248	43.2026634216	0.0
14.1041297913	43.176815033	0.0
14.0889062881	43.1509628296	0.0
14.0736818314	43.1251144409	0.0
14.0584592819	43.0992622375	0.0
14.0432348251	43.0734138489	0.0
14.028011322	43.0475616455	0.0
14.0127868652	43.0217132568	0.0
14.5957660675	44.0407104492	0.0
14.5697937012	44.0256958008	0.0
14.5438213348	44.0106773376	0.0
14.5178489685	43.9956626892	0.0
14.4918766022	43.9806480408	0.0
14.4659051895	43.9656333923	0.0
14.4399328232	43.9506187439	0.0
14.4139614105	43.9356040955	0.0
14.3879890442	43.920589447	0.0
14.3620166779	43.9055747986	0.0
14.3360443115	43.8905601501	0.0
14.324555397	43.8626556396	0.0
14.3132600784	43.8348617554	0.0
14.3019647598	43.8070716858	0.0
14.2906703949	43.7792778015	0.0
14.2793750763	43.7514839172	0.0
14.2680807114	43.7236938477	0.0
14.2567863464	43.6958999634	0.0
14.2454910278	43.6681060791	0.0
14.2341957092	43.6403160095	0.0
14.2229013443	43.6125221252	0.0
14.2116060257	43.584728241	0.0
14.2003107071	43.5569381714	0.0
14.1890163422	43.5291442871	0.0
14.1777210236	43.5013504028	0.0
14.166425705	43.4735603333	0.0
14.15513134	43.445766449	0.0
14.1438360214	43.4179763794	0.0
14.1325407028	43.3901824951	0.0
14.1212463379	43.3623886108	0.0
14.1099510193	43.3345985413	0.0
14.0986557007	43.306804657	0.0
14.0873613358	43.2790107727	0.0
14.0760660172	43.2512207031	0.0
14.0647706985	43.2234268188	0.0
14.0534763336	43.1956329346	0.0
14.0421819687	43.167842865	0.0
14.0308866501	43.1400489807	0.0
14.0195922852	43.1122550964	0.0
14.0082969666	43.0844650269	0.0
13.9970016479	43.0566711426	0.0
13.985707283	43.0288772583	0.0
13.9744119644	43.0010871887	0.0
13.9631166458	42.9732933044	0.0
13.9518222809	42.9455032349	0.0
13.9405269623	42.9177093506	0.0
13.9292316437	42.8899154663	0.0
13.9179372787	42.8621253967	0.0
13.9066419601	42.8343315125	0.0
13.8953466415	42.8065376282	0.0
13.8840522766	42.7787475586	0.0
13.872756958	42.7509536743	0.0
13.8614616394	42.7231636047	0.0
13.8501672745	42.6953697205	0.0
13.8388719559	42.6675758362	0.0
13.8275766373	42.6397857666	0.0
13.816283226	42.6119918823	0.0
13.8049879074	42.584197998	0.0
13.7936925888	42.5564041138	0.0
13.7823982239	42.5286140442	0.0
13.7711029053	42.5008201599	0.0
13.7432460785	42.4736175537	0.0
13.7191696167	42.4557189941	0.0
13.6950941086	42.4378204346	0.0
13.6710186005	42.419921875	0.0
13.6469430923	42.4020233154	0.0
13.6228675842	42.3841247559	0.0
13.5987920761	42.3662261963	0.0
13.5747156143	42.3483276367	0.0
13.5506410599	42.3304252625	0.0
13.5265645981	42.3125305176	0.0
13.5024900436	42.2946281433	0.0
13.4784135818	42.2767295837	0.0
13.4543380737	42.2588310242	0.0
13.4302625656	42.2409324646	0.0
13.4061870575	42.223033905	0.0
13.3821115494	42.2051353455	0.0
13.3580360413	42.1872367859	0.0
13.3339595795	42.1693382263	0.0
13.309885025	42.1514396667	0.0
13.2858085632	42.1335411072	0.0
13.2617340088	42.1156425476	0.0
13.237657547	42.097743988	0.0
13.2135829926	42.0798454285	0.0
13.1804599762	42.0647850037	0.0
13.1526060104	42.0536422729	0.0
13.124751091	42.0425033569	0.0
13.0968971252	42.0313606262	0.0
13.0690431595	42.0202178955	0.0
13.0411891937	42.0090751648	0.0
13.013335228	41.9979324341	0.0
12.9854803085	41.9867935181	0.0
12.9576263428	41.9756507874	0.0
12.929772377	41.9645080566	0.0
12.9019184113	41.9533653259	0.0
12.8857831955	41.9156570435	0.0
12.8894958496	41.885887146	0.0
12.8932094574	41.8561172485	0.0
12.8969230652	41.8263511658	0.0
12.9006357193	41.7965812683	0.0
12.9043493271	41.7668113708	0.0
12.9080629349	41.7370414734	0.0
12.911775589	41.7072715759	0.0
12.9154901505	41.6775054932	0.0
12.9192028046	41.6477355957	0.0
12.9229164124	41.6179656982	0.0
12.9266300201	41.5881958008	0.0
12.9303426743	41.5584259033	0.0
12.934056282	41.5286560059	0.0
12.9377698898	41.4988861084	0.0
12.9414825439	41.4691200256	0.0
12.9451961517	41.4393501282	0.0
12.9489097595	41.4095802307	0.0
12.9526233673	41.3798103333	0.0
12.9563369751	41.3500404358	0.0
12.9600496292	41.3202705383	0.0
12.963763237	41.2905044556	0.0
12.9674768448	41.2607345581	0.0
12.9711904526	41.2309646606	0.0
12.9749031067	41.2011947632	0.0
12.9786167145	41.1714248657	0.0
12.9823303223	41.1416549683	0.0
12.9860429764	41.1118888855	0.0
12.9897565842	41.082118988	0.0
12.993470192	41.0523490906	0.0
12.9971837997	41.0225791931	0.0
12.8542146683	41.9342842102	0.0
12.8263607025	41.9231414795	0.0
12.7985067368	41.9120025635	0.0
12.7706518173	41.9008598328	0.0
12.7427978516	41.8897171021	0.0
12.7149438858	41.8785743713	0.0
12.68708992	41.8674354553	0.0
12.6592359543	41.8562927246	0.0
12.6313810349	41.8451499939	0.0
12.6035270691	41.8340072632	0.0
12.5756731033	41.8228645325	0.0
12.5273609161	41.8244056702	0.0
12.4988965988	41.8338813782	0.0
12.4704341888	41.8433609009	0.0
12.4419698715	41.8528366089	0.0
12.4135074615	41.8623123169	0.0
12.3850431442	41.8717918396	0.0
12.3565788269	41.8812713623	0.0
12.3281164169	41.8907470703	0.0
12.2996520996	41.900226593	0.0
12.271188736	41.909702301	0.0
12.2427253723	41.9191818237	0.0
12.214261055	41.9286575317	0.0
12.1857976913	41.9381332397	0.0
12.1573343277	41.9476127625	0.0
12.1288709641	41.9570884705	0.0
12.1004066467	41.9665679932	0.0
12.0719432831	41.9760437012	0.0
12.0434799194	41.9855232239	0.0
12.0150156021	41.9949989319	0.0
12.5389204025	41.7901420593	0.0
12.5220155716	41.7653579712	0.0
12.5051116943	41.7405738831	0.0
12.4882078171	41.7157897949	0.0
12.4713039398	41.6910057068	0.0
12.4544000626	41.6662216187	0.0
12.4374961853	41.6414375305	0.0
12.420592308	41.6166534424	0.0
12.4036884308	41.5918693542	0.0
12.3867826462	41.5670852661	0.0
12.3698787689	41.542301178	0.0
12.3529748917	41.5175170898	0.0
12.3360710144	41.4927330017	0.0
12.3191671371	41.4679489136	0.0
12.3022632599	41.4431648254	0.0
12.2853593826	41.4183807373	0.0
12.2684545517	41.3935966492	0.0
12.2515506744	41.368812561	0.0
12.2346467972	41.3440284729	0.0
12.2177419662	41.3192443848	0.0
12.200838089	41.2944602966	0.0
12.1839342117	41.2696762085	0.0
12.1670303345	41.2448921204	0.0
12.1501264572	41.2201080322	0.0
12.1332216263	41.1953239441	0.0
12.116317749	41.170539856	0.0
12.0994138718	41.1457557678	0.0
12.0825099945	41.1209716797	0.0
12.0656061172	41.0961875916	0.0
12.0487012863	41.0714035034	0.0
12.0317974091	41.0466194153	0.0
12.0148925781	41.0218353271	0.0
13.1801280975	42.0656547546	0.0
13.1519422531	42.0553817749	0.0
13.1237564087	42.0451087952	0.0
13.0955696106	42.0348358154	0.0
13.0673837662	42.024559021	0.0
13.0391979218	42.0142860413	0.0
13.0110111237	42.0040130615	0.0
13.7801570892	42.4644012451	0.0
13.7929925919	42.437286377	0.0
13.8058290482	42.4101715088	0.0
13.8186645508	42.3830566406	0.0
13.8315010071	42.3559417725	0.0
13.8443384171	42.3288269043	0.0
13.8571739197	42.3017082214	0.0
13.870010376	42.2745933533	0.0
13.8828458786	42.2474784851	0.0
13.8956823349	42.2203636169	0.0
13.9085178375	42.1932487488	0.0
13.9213542938	42.1661338806	0.0
13.9341897964	42.1390190125	0.0
13.9470262527	42.1119041443	0.0
13.9598617554	42.0847892761	0.0
13.9726982117	42.057674408	0.0
13.9855337143	42.0305595398	0.0
13.9983701706	42.0034408569	0.0
14.3067960739	43.8829727173	0.0
14.2777423859	43.8754997253	0.0
14.2486877441	43.8680267334	0.0
14.2196331024	43.8605537415	0.0
14.1905794144	43.8530807495	0.0
14.1615247726	43.8456077576	0.0
14.1324710846	43.8381347656	0.0
14.1034164429	43.8306617737	0.0
14.0743618011	43.8231887817	0.0
14.0453081131	43.8157119751	0.0
14.016254425	43.8082389832	0.0
13.9871997833	43.8007659912	0.0
13.9581451416	43.7932929993	0.0
13.9290914536	43.7858200073	0.0
13.9000368118	43.7783470154	0.0
13.8709831238	43.7708740234	0.0
13.8419275284	43.7633972168	0.0
13.8128738403	43.7559242249	0.0
13.7838201523	43.7484512329	0.0
13.7547664642	43.740978241	0.0
13.7257108688	43.733505249	0.0
13.6966571808	43.7260322571	0.0
13.6676025391	43.7185592651	0.0
13.638548851	43.7110862732	0.0
13.609495163	43.7036132812	0.0
13.5804395676	43.6961364746	0.0
13.5513858795	43.6886634827	0.0
13.5223321915	43.6811904907	0.0
13.4932775497	43.6737174988	0.0
13.464222908	43.6662445068	0.0
13.43516922	43.6587715149	0.0
13.4061145782	43.6512985229	0.0
13.3770608902	43.643825531	0.0
13.3480072021	43.6363525391	0.0
13.3189516068	43.6288795471	0.0
13.2840547562	43.6276664734	0.0
13.2540550232	43.6277160645	0.0
13.2240552902	43.6277618408	0.0
13.1940546036	43.6278114319	0.0
13.1640548706	43.6278572083	0.0
13.1340551376	43.6279067993	0.0
13.1040554047	43.6279563904	0.0
13.074054718	43.6280021667	0.0
13.044054985	43.6280517578	0.0
13.0140552521	43.6281013489	0.0
12.9840564728	43.6281471252	0.0
12.9540557861	43.6281967163	0.0
12.9508895874	43.6579055786	0.0
12.9551534653	43.6875991821	0.0
12.9594163895	43.7172966003	0.0
12.9636793137	43.7469902039	0.0
12.9679422379	43.7766876221	0.0
12.972205162	43.8063812256	0.0
12.9764680862	43.8360786438	0.0
12.9807310104	43.8657722473	0.0
12.9849939346	43.8954696655	0.0
12.9892568588	43.925163269	0.0
12.993519783	43.9548606873	0.0
12.9977827072	43.9845542908	0.0
12.9166278839	43.6282577515	0.0
12.8866281509	43.6283073425	0.0
12.856628418	43.6283531189	0.0
12.8266277313	43.62840271	0.0
12.7966279984	43.6284484863	0.0
12.7666282654	43.6284980774	0.0
12.7366275787	43.6285476685	0.0
12.7066278458	43.6285934448	0.0
12.6766281128	43.6286430359	0.0
12.6466283798	43.628692627	0.0
12.6166276932	43.6287384033	0.0
12.5866279602	43.6287879944	0.0
12.5539417267	43.644985199	0.0
12.5286836624	43.6611747742	0.0
12.5034255981	43.6773605347	0.0
12.4781675339	43.6935501099	0.0
12.4529104233	43.7097358704	0.0
12.427652359	43.7259254456	0.0
12.4023942947	43.7421112061	0.0
12.3771362305	43.7583007812	0.0
12.3518781662	43.7744865417	0.0
12.3266201019	43.7906723022	0.0
12.3013620377	43.8068618774	0.0
12.2761039734	43.8230476379	0.0
12.2508459091	43.8392372131	0.0
12.2255878448	43.8554229736	0.0
12.2003297806	43.8716125488	0.0
12.1750717163	43.8877983093	0.0
12.149813652	43.9039878845	0.0
12.1245555878	43.920173645	0.0
12.0992975235	43.9363594055	0.0
12.0740404129	43.9525489807	0.0
12.0487823486	43.9687347412	0.0
12.0235242844	43.9849243164	0.0
12.5567445755	43.6089057922	0.0
12.5342903137	43.589012146	0.0
12.5118360519	43.5691184998	0.0
12.4893808365	43.5492248535	0.0
12.466925621	43.5293273926	0.0
12.4444713593	43.5094337463	0.0
12.4220170975	43.4895401001	0.0
12.399561882	43.4696464539	0.0
12.3771066666	43.4497528076	0.0
12.3546524048	43.4298553467	0.0
12.3321971893	43.4099617004	0.0
12.3097429276	43.3900680542	0.0
12.2872877121	43.370174408	0.0
12.2648334503	43.3502807617	0.0
12.2423782349	43.3303871155	0.0
12.2199239731	43.3104896545	0.0
12.1974687576	43.2905960083	0.0
12.1583833694	43.2547225952	0.0
12.1365566254	43.2341423035	0.0
12.1147298813	43.213558197	0.0
12.0929040909	43.1929779053	0.0
12.0710783005	43.1723937988	0.0
12.0492515564	43.1518135071	0.0
12.027425766	43.1312294006	0.0
12.0055999756	43.1106491089	0.0
11.9837741852	43.0900650024	0.0
11.9619483948	43.0694847107	0.0
11.9401216507	43.0489006042	0.0
11.9182958603	43.0283203125	0.0
11.8964700699	43.0077362061	0.0
11.8746442795	42.9871559143	0.0
11.8528175354	42.9665718079	0.0
11.830991745	42.9459915161	0.0
11.8091659546	42.9254074097	0.0
11.7873401642	42.9048271179	0.0
11.7655143738	42.8842468262	0.0
11.7436876297	42.8636627197	0.0
11.7218618393	42.8430786133	0.0
11.7000360489	42.8224983215	0.0
11.6782102585	42.8019142151	0.0
11.6563825607	42.7813339233	0.0
11.6345567703	42.7607536316	0.0
11.6127309799	42.7401695251	0.0
11.5909051895	42.7195892334	0.0
11.5690793991	42.699005127	0.0
11.547252655	42.6784248352	0.0
11.5254268646	42.6578407288	0.0
11.5036010742	42.637260437	0.0
11.4817752838	42.6166763306	0.0
11.4599485397	42.5960960388	0.0
11.4381227493	42.5755119324	0.0
11.4162969589	42.5549316406	0.0
11.3944711685	42.5343475342	0.0
11.3726453781	42.5137672424	0.0
11.350818634	42.493183136	0.0
11.3289928436	42.4726028442	0.0
11.3071670532	42.4520187378	0.0
11.2853412628	42.431438446	0.0
11.2635154724	42.4108543396	0.0
11.2416887283	42.3902740479	0.0
11.2198629379	42.3696937561	0.0
11.1980361938	42.3491096497	0.0
11.1762104034	42.3285255432	0.0
11.1543836594	42.3079452515	0.0
11.132557869	42.287361145	0.0
11.1107320786	42.2667808533	0.0
11.0889062881	42.2462005615	0.0
11.0670795441	42.2256164551	0.0
11.0452537537	42.2050361633	0.0
11.0234279633	42.1844520569	0.0
11.0016021729	42.1638717651	0.0
11.0014476776	42.1338272095	0.0
11.0013408661	42.1038246155	0.0
11.0012340546	42.0738258362	0.0
11.001127243	42.0438270569	0.0
11.0010213852	42.0138282776	0.0
11.00091362	41.9838256836	0.0
11.0008068085	41.9538269043	0.0
11.0006999969	41.923828125	0.0
11.0005931854	41.8938293457	0.0
11.0004863739	41.8638267517	0.0
11.0003786087	41.8338279724	0.0
11.0002946854	41.8576812744	0.0
11.0002326965	41.8876800537	0.0
11.0001707077	41.917678833	0.0
11.0001087189	41.947681427	0.0
11.0000457764	41.9776802063	0.0
11.0003452301	41.7976799011	0.0
11.0003318787	41.7676811218	0.0
11.0003185272	41.7376785278	0.0
11.0003061295	41.7076797485	0.0
11.000292778	41.6776809692	0.0
11.0002803802	41.6476783752	0.0
11.0002670288	41.6176795959	0.0
11.0002536774	41.5876808167	0.0
11.0002412796	41.5576782227	0.0
11.0002279282	41.5276794434	0.0
11.0002145767	41.4976806641	0.0
11.000202179	41.4676818848	0.0
11.0001888275	41.4376792908	0.0
11.0001764297	41.4076805115	0.0
11.0001630783	41.3776817322	0.0
11.0001497269	41.3476791382	0.0
11.0001373291	41.3176803589	0.0
11.0001239777	41.2876815796	0.0
11.0001106262	41.2576789856	0.0
11.0000982285	41.2276802063	0.0
11.000084877	41.197681427	0.0
11.0000715256	41.167678833	0.0
11.0000591278	41.1376800537	0.0
11.00004673	41.1076812744	0.0
11.0000343323	41.0776786804	0.0
11.0000209808	41.0476799011	0.0
11.0000076294	41.0176811218	0.0
10.9735021591	42.1531944275	0.0
10.9454498291	42.1425590515	0.0
10.9173984528	42.1319274902	0.0
10.8893451691	42.1212921143	0.0
10.8612928391	42.110660553	0.0
10.8332414627	42.100025177	0.0
10.805188179	42.0893936157	0.0
10.777135849	42.0787582397	0.0
10.7490844727	42.0681266785	0.0
10.7210321426	42.0574913025	0.0
10.6929788589	42.0468597412	0.0
10.6649265289	42.0362243652	0.0
10.6368751526	42.025592804	0.0
10.6088218689	42.014957428	0.0
10.5807695389	42.0043258667	0.0
10.5527181625	41.9936943054	0.0
10.5246648788	41.9830589294	0.0
10.4966125488	41.9724273682	0.0
10.4685611725	41.9617919922	0.0
10.4405078888	41.9511604309	0.0
10.3829784393	41.9448814392	0.0
10.3532838821	41.9491539001	0.0
10.3235902786	41.9534301758	0.0
10.2938957214	41.9577026367	0.0
10.2642021179	41.9619750977	0.0
10.2345075607	41.9662513733	0.0
10.2048139572	41.9705238342	0.0
10.1751203537	41.9747962952	0.0
10.1454257965	41.9790687561	0.0
10.115732193	41.9833450317	0.0
10.0860366821	41.9876174927	0.0
10.0563430786	41.9918899536	0.0
10.0266494751	41.9961662292	0.0
10.4006185532	41.9131355286	0.0
10.3885660172	41.8856620789	0.0
10.3765125275	41.8581924438	0.0
10.3644599915	41.8307189941	0.0
10.3524084091	41.8032455444	0.0
10.3403549194	41.7757720947	0.0
10.3283023834	41.7483024597	0.0
10.3162488937	41.72082901	0.0
10.3041963577	41.6933555603	0.0
10.292142868	41.6658859253	0.0
10.280090332	41.6384124756	0.0
10.2680368423	41.6109390259	0.0
10.2559843063	41.5834693909	0.0
10.2439308167	41.5559959412	0.0
10.2318792343	41.5285224915	0.0
10.2198257446	41.5010528564	0.0
10.2077732086	41.4735794067	0.0
10.1957197189	41.446105957	0.0
10.1836671829	41.4186325073	0.0
10.1716136932	41.3911628723	0.0
10.1595611572	41.3636894226	0.0
10.1475076675	41.3362159729	0.0
10.1354551315	41.3087463379	0.0
10.1234016418	41.2812728882	0.0
10.1113500595	41.2537994385	0.0
10.0992965698	41.2263298035	0.0
10.0872440338	41.1988563538	0.0
10.0751905441	41.1713829041	0.0
10.0631380081	41.1439094543	0.0
10.0510854721	41.1164398193	0.0
10.0390319824	41.0889663696	0.0
10.0269794464	41.0614929199	0.0
10.0149259567	41.0340232849	0.0
10.0028734207	41.0065498352	0.0
12.1637783051	43.250202179	0.0
12.1473484039	43.2251052856	0.0
12.1309175491	43.2000045776	0.0
12.1144866943	43.1749038696	0.0
12.0980567932	43.1498031616	0.0
12.0816268921	43.1247024536	0.0
12.0651960373	43.0996017456	0.0
12.0487661362	43.0745010376	0.0
12.0323352814	43.0494003296	0.0
12.0159053802	43.0242996216	0.0
13.3006296158	43.6007881165	0.0
13.2872047424	43.5739593506	0.0
13.2737808228	43.5471305847	0.0
13.2603559494	43.5203056335	0.0
13.246931076	43.4934768677	0.0
13.2335062027	43.4666442871	0.0
13.2200813293	43.4398193359	0.0
13.2066574097	43.4129905701	0.0
13.1932315826	43.3861618042	0.0
13.1798067093	43.3593330383	0.0
13.1663818359	43.3325042725	0.0
13.1529569626	43.3056755066	0.0
13.1395320892	43.2788467407	0.0
13.1261081696	43.2520179749	0.0
13.1126832962	43.225189209	0.0
13.0992584229	43.1983604431	0.0
13.0858325958	43.1715316772	0.0
13.0724077225	43.1447029114	0.0
13.0589828491	43.1178741455	0.0
13.0455589294	43.0910453796	0.0
13.0321340561	43.0642166138	0.0
13.0187091827	43.0373878479	0.0
13.0052843094	43.010559082	0.0
15.7360668182	44.7236251831	0.0
15.7068462372	44.7304191589	0.0
15.6776247025	44.7372093201	0.0
15.6484050751	44.7440032959	0.0
15.6191835403	44.7507972717	0.0
15.5899629593	44.7575874329	0.0
15.5607423782	44.7643814087	0.0
15.5315208435	44.7711753845	0.0
15.5023002625	44.7779655457	0.0
15.4730787277	44.7847595215	0.0
15.4438591003	44.7915534973	0.0
15.4146375656	44.7983436584	0.0
15.3854169846	44.8051376343	0.0
15.3561964035	44.8119316101	0.0
15.3269748688	44.8187255859	0.0
15.2977542877	44.8255157471	0.0
15.2685337067	44.8323097229	0.0
15.2393131256	44.8391036987	0.0
15.2100915909	44.8458938599	0.0
15.1808710098	44.8526878357	0.0
15.1516504288	44.8594818115	0.0
15.122428894	44.8662719727	0.0
15.0996246338	44.8892173767	0.0
15.0795650482	44.9115257263	0.0
15.0595054626	44.9338302612	0.0
15.0394449234	44.9561386108	0.0
15.0193853378	44.9784431458	0.0
15.0911769867	44.8575706482	0.0
15.0626688004	44.8482284546	0.0
15.0341596603	44.838886261	0.0
15.0056524277	44.8295440674	0.0
14.9771432877	44.8202018738	0.0
14.9486351013	44.8108596802	0.0
14.920126915	44.8015174866	0.0
14.891617775	44.792175293	0.0
14.8631095886	44.7828330994	0.0
14.834602356	44.7734909058	0.0
14.8060932159	44.7641487122	0.0
14.7775850296	44.7548065186	0.0
14.7328891754	44.7588768005	0.0
14.7043905258	44.7682495117	0.0
14.6758937836	44.7776260376	0.0
14.6473970413	44.7870025635	0.0
14.6189002991	44.7963790894	0.0
14.5904016495	44.8057556152	0.0
14.5619049072	44.8151283264	0.0
14.533408165	44.8245048523	0.0
14.5049104691	44.8338813782	0.0
14.4764127731	44.8432579041	0.0
14.4479160309	44.8526344299	0.0
14.4194192886	44.8620071411	0.0
14.390920639	44.871383667	0.0
14.3624238968	44.8807601929	0.0
14.3339271545	44.8901367188	0.0
14.3054304123	44.8995132446	0.0
14.2769317627	44.9088897705	0.0
14.2484350204	44.9182624817	0.0
14.2199382782	44.9276390076	0.0
14.1914396286	44.9370155334	0.0
14.1629428864	44.9463920593	0.0
14.1344461441	44.9557685852	0.0
14.1059494019	44.9651412964	0.0
14.0774507523	44.9745178223	0.0
14.04895401	44.9838943481	0.0
14.0204572678	44.993270874	0.0
14.7400074005	44.7284545898	0.0
14.718626976	44.707408905	0.0
14.6972484589	44.6863632202	0.0
14.6758680344	44.6653175354	0.0
14.6544885635	44.6442718506	0.0
14.6331090927	44.6232261658	0.0
14.6117296219	44.602180481	0.0
14.5903511047	44.5811347961	0.0
14.5689706802	44.5600891113	0.0
14.5475921631	44.5390434265	0.0
14.5262117386	44.5179977417	0.0
14.5048332214	44.4969520569	0.0
14.4834527969	44.4759063721	0.0
14.4620742798	44.4548606873	0.0
14.440694809	44.4338150024	0.0
14.4193153381	44.4127693176	0.0
14.3979358673	44.3917236328	0.0
14.3765563965	44.370677948	0.0
14.3551769257	44.3496322632	0.0
14.3337974548	44.3285865784	0.0
14.312417984	44.3075408936	0.0
14.2910394669	44.2864952087	0.0
14.2696590424	44.2654495239	0.0
14.2482795715	44.2444038391	0.0
14.2269001007	44.2233581543	0.0
14.2055206299	44.2023124695	0.0
14.1841411591	44.1812667847	0.0
14.1627616882	44.1602210999	0.0
14.1413822174	44.139175415	0.0
14.1200027466	44.1181297302	0.0
14.0986242294	44.0970840454	0.0
14.0772438049	44.0760383606	0.0
14.0558652878	44.0549926758	0.0
14.0344848633	44.033946991	0.0
14.0131063461	44.0129013062	0.0
16.419752121	44.8175697327	0.0
16.4030456543	44.7926521301	0.0
16.3863391876	44.7677345276	0.0
16.3696327209	44.742816925	0.0
16.3529243469	44.7178993225	0.0
16.3362178802	44.6929855347	0.0
16.3195095062	44.6680641174	0.0
16.3028030396	44.6431503296	0.0
16.2860965729	44.6182327271	0.0
16.2693881989	44.5933151245	0.0
16.2526817322	44.568397522	0.0
16.2359733582	44.5434799194	0.0
16.2192668915	44.5185623169	0.0
16.2025604248	44.4936447144	0.0
16.1858520508	44.4687271118	0.0
16.1691455841	44.4438095093	0.0
16.1524372101	44.4188957214	0.0
16.1357307434	44.3939743042	0.0
16.1190242767	44.3690605164	0.0
16.1023178101	44.3441429138	0.0
16.085609436	44.3192253113	0.0
16.0689029694	44.2943077087	0.0
16.0521945953	44.2693901062	0.0
16.0354881287	44.2444725037	0.0
16.018781662	44.2195549011	0.0
15.9891824722	44.2008934021	0.0
15.9626750946	44.1868438721	0.0
15.936167717	44.172794342	0.0
15.9096622467	44.158744812	0.0
15.8831548691	44.144695282	0.0
15.8566484451	44.130645752	0.0
15.8301420212	44.1165962219	0.0
15.8036346436	44.1025466919	0.0
15.7771282196	44.0884971619	0.0
15.8043422699	44.0771255493	0.0
15.8322515488	44.0661239624	0.0
15.8601617813	44.0551223755	0.0
15.8880720139	44.0441207886	0.0
15.9159822464	44.0331192017	0.0
15.9438915253	44.0221176147	0.0
15.9718017578	44.0111160278	0.0
15.9997119904	44.0001144409	0.0
15.7507553101	44.0726127625	0.0
15.7250766754	44.0571022034	0.0
15.6993989944	44.0415878296	0.0
15.6737222672	44.0260734558	0.0
15.6480436325	44.0105628967	0.0
15.6223659515	43.9950485229	0.0
15.5966882706	43.9795341492	0.0
15.5710105896	43.9640235901	0.0
15.5453329086	43.9485092163	0.0
15.5196552277	43.9329948425	0.0
15.4939775467	43.9174842834	0.0
15.4682998657	43.9019699097	0.0
15.4211711884	43.8981628418	0.0
15.3920106888	43.905216217	0.0
15.3628520966	43.9122657776	0.0
15.333691597	43.9193153381	0.0
15.3045320511	43.9263648987	0.0
15.2753715515	43.9334182739	0.0
15.2462129593	43.9404678345	0.0
15.2170534134	43.947517395	0.0
15.1878929138	43.9545707703	0.0
15.1587343216	43.9616203308	0.0
15.129573822	43.9686698914	0.0
15.1004142761	43.9757194519	0.0
15.0712537766	43.9827728271	0.0
15.0420951843	43.9898223877	0.0
15.0129346848	43.9968719482	0.0
15.4368000031	43.8643379211	0.0
15.4232692719	43.837562561	0.0
15.409737587	43.8107872009	0.0
15.3962068558	43.7840118408	0.0
15.3826761246	43.7572364807	0.0
15.3691444397	43.7304611206	0.0
15.3556127548	43.7036857605	0.0
15.3420820236	43.6769104004	0.0
15.3285512924	43.650138855	0.0
15.3150196075	43.6233634949	0.0
15.3014888763	43.5965843201	0.0
15.2879581451	43.5698127747	0.0
15.2744274139	43.5430374146	0.0
15.2608957291	43.5162620544	0.0
15.2473649979	43.4894866943	0.0
15.2338342667	43.4627113342	0.0
15.2203025818	43.4359359741	0.0
15.2067718506	43.409160614	0.0
15.1932411194	43.3823852539	0.0
15.1797103882	43.3556098938	0.0
15.1661787033	43.3288345337	0.0
15.1526479721	43.3020591736	0.0
15.1391172409	43.2752838135	0.0
15.125585556	43.2485084534	0.0
15.1120548248	43.2217330933	0.0
15.0985240936	43.1949577332	0.0
15.0849933624	43.168182373	0.0
15.0714616776	43.1414070129	0.0
15.0579309464	43.1146316528	0.0
15.0444002151	43.0878562927	0.0
15.0308675766	43.0610847473	0.0
15.0173368454	43.0343055725	0.0
15.0038061142	43.0075302124	0.0
16.0153007507	44.1849441528	0.0
16.014913559	44.1549491882	0.0
16.0145263672	44.1249504089	0.0
16.0141391754	44.0949516296	0.0
16.0137519836	44.064956665	0.0
16.0133647919	44.0349578857	0.0
16.0129776001	44.0049591064	0.0
16.0125904083	43.9749641418	0.0
16.0122013092	43.9449653625	0.0
16.0118141174	43.9149665833	0.0
16.011428833	43.8849716187	0.0
16.0110397339	43.8549728394	0.0
16.0106525421	43.8249778748	0.0
16.0102653503	43.7949790955	0.0
16.0098781586	43.7649803162	0.0
16.0094909668	43.7349815369	0.0
16.009103775	43.7049865723	0.0
16.0087165833	43.674987793	0.0
16.0083293915	43.6449928284	0.0
16.0079402924	43.6149940491	0.0
16.0075531006	43.5849952698	0.0
16.0071678162	43.5549964905	0.0
16.006778717	43.5250015259	0.0
16.0063915253	43.4950027466	0.0
16.0060043335	43.465007782	0.0
16.0056171417	43.4350090027	0.0
16.00522995	43.4050102234	0.0
16.0048427582	43.3750114441	0.0
16.0044555664	43.3450164795	0.0
16.0040683746	43.3150177002	0.0
16.0036792755	43.2850227356	0.0
16.0032920837	43.2550239563	0.0
16.0029067993	43.225025177	0.0
16.0025177002	43.1950263977	0.0
16.0021305084	43.1650314331	0.0
16.0017433167	43.1350326538	0.0
16.0013561249	43.1050376892	0.0
16.0009689331	43.0750389099	0.0
16.0005817413	43.0450401306	0.0
16.0001945496	43.0150413513	0.0
18.7329444885	45.5291862488	0.0
18.7077045441	45.5453987122	0.0
18.6824626923	45.5616149902	0.0
18.6572227478	45.5778274536	0.0
18.631980896	45.594039917	0.0
18.6067409515	45.6102561951	0.0
18.5814971924	45.6264686584	0.0
18.5562572479	45.6426811218	0.0
18.5310153961	45.6588973999	0.0
18.5057754517	45.6751098633	0.0
18.4805335999	45.6913223267	0.0
18.4552936554	45.7075386047	0.0
18.4300518036	45.7237510681	0.0
18.4048118591	45.7399673462	0.0
18.3795700073	45.7561798096	0.0
18.3543281555	45.7723922729	0.0
18.3290882111	45.788608551	0.0
18.3038463593	45.8048210144	0.0
18.2786064148	45.8210334778	0.0
18.253364563	45.8372497559	0.0
18.2281246185	45.8534622192	0.0
18.2028827667	45.8696784973	0.0
18.1776409149	45.8858909607	0.0
18.1523990631	45.9021034241	0.0
18.1271591187	45.9183197021	0.0
18.1019172668	45.9345321655	0.0
18.0766773224	45.9507446289	0.0
18.0514354706	45.966960907	0.0
18.0261955261	45.9831733704	0.0
18.0009536743	45.9993858337	0.0
19.9446144104	45.7131958008	0.0
19.9159088135	45.721912384	0.0
19.8872013092	45.7306251526	0.0
19.8584957123	45.7393417358	0.0
19.8297901154	45.7480583191	0.0
19.8010845184	45.7567749023	0.0
19.7723789215	45.7654914856	0.0
19.7436714172	45.7742042542	0.0
19.7149658203	45.7829208374	0.0
19.6862602234	45.7916374207	0.0
19.6575546265	45.8003540039	0.0
19.6288471222	45.8090705872	0.0
19.6001415253	45.8177833557	0.0
19.5714359283	45.826499939	0.0
19.5427303314	45.8352165222	0.0
19.5140247345	45.8439331055	0.0
19.4853172302	45.8526496887	0.0
19.4566116333	45.8613624573	0.0
19.4279060364	45.8700790405	0.0
19.3992004395	45.8787956238	0.0
19.3704929352	45.887512207	0.0
19.3417873383	45.8962249756	0.0
19.3130817413	45.9049415588	0.0
19.2843742371	45.9136581421	0.0
19.2556686401	45.9223747253	0.0
19.2269630432	45.9310874939	0.0
19.1982574463	45.9398040771	0.0
19.1695518494	45.9485206604	0.0
19.1408443451	45.9572372437	0.0
19.1121387482	45.9659538269	0.0
19.0834331512	45.9746665955	0.0
19.0547275543	45.9833831787	0.0
19.02602005	45.992099762	0.0
20.6517562866	45.7636680603	0.0
20.6235542297	45.773891449	0.0
20.5953502655	45.7841186523	0.0
20.5671482086	45.7943458557	0.0
20.5389442444	45.8045730591	0.0
20.5107402802	45.8148002625	0.0
20.4825382233	45.8250274658	0.0
20.454334259	45.8352546692	0.0
20.4261322021	45.8454818726	0.0
20.3979282379	45.8557052612	0.0
20.369726181	45.8659324646	0.0
20.3415222168	45.876159668	0.0
20.3133201599	45.8863868713	0.0
20.2851161957	45.8966140747	0.0
20.2569141388	45.9068412781	0.0
20.2287101746	45.9170684814	0.0
20.2005062103	45.9272956848	0.0
20.1723041534	45.9375228882	0.0
20.1441001892	45.9477462769	0.0
20.1158981323	45.9579734802	0.0
20.0876941681	45.9682006836	0.0
20.0594921112	45.978427887	0.0
20.031288147	45.9886550903	0.0
20.0030860901	45.9988822937	0.0
21.0139102936	45.8008308411	0.0
20.9945411682	45.8237380981	0.0
20.9751701355	45.8466453552	0.0
20.9558010101	45.869556427	0.0
20.9364318848	45.8924636841	0.0
20.9170627594	45.9153747559	0.0
20.8976917267	45.9382820129	0.0
20.8783226013	45.96118927	0.0
20.858953476	45.9841003418	0.0
20.8395824432	46.0070075989	0.0
20.8202133179	46.0299186707	0.0
20.8008441925	46.0528259277	0.0
20.7814731598	46.0757331848	0.0
20.7621059418	46.0986442566	0.0
20.7427349091	46.1215515137	0.0
20.7233657837	46.1444625854	0.0
20.7039966583	46.1673698425	0.0
20.6846256256	46.1902809143	0.0
20.6652565002	46.2131881714	0.0
20.6458873749	46.2360954285	0.0
20.6265163422	46.2590065002	0.0
20.6071472168	46.2819137573	0.0
20.5877780914	46.3048248291	0.0
20.5684070587	46.3277320862	0.0
20.5490379333	46.350643158	0.0
20.529668808	46.373550415	0.0
20.5102996826	46.3964576721	0.0
20.4909286499	46.4193687439	0.0
20.4715595245	46.442276001	0.0
20.4521903992	46.4651870728	0.0
20.4328212738	46.4880943298	0.0
20.4134502411	46.5110054016	0.0
20.3940811157	46.5339126587	0.0
20.3747119904	46.5568237305	0.0
20.355342865	46.5797309875	0.0
20.3359718323	46.6026382446	0.0
20.3166027069	46.6255493164	0.0
20.2972335815	46.6484565735	0.0
20.2778625488	46.6713676453	0.0
20.2584934235	46.6942749023	0.0
20.2391242981	46.7171821594	0.0
20.2197532654	46.7400932312	0.0
20.20038414	46.7630004883	0.0
20.1810150146	46.7859115601	0.0
20.1616458893	46.8088188171	0.0
20.1422767639	46.8317298889	0.0
20.1229057312	46.854637146	0.0
20.1035366058	46.8775444031	0.0
20.0841674805	46.9004554749	0.0
20.0647964478	46.9233627319	0.0
20.0454273224	46.9462738037	0.0
20.026058197	46.9691810608	0.0
20.0066871643	46.9920883179	0.0
21.5179653168	46.0209465027	0.0
21.4879894257	46.019733429	0.0
21.4580135345	46.0185241699	0.0
21.4280376434	46.0173110962	0.0
21.3980636597	46.0160980225	0.0
21.3680877686	46.0148849487	0.0
21.3381118774	46.0136756897	0.0
21.3081359863	46.012462616	0.0
21.2781600952	46.0112495422	0.0
21.2481842041	46.0100364685	0.0
21.2182102203	46.0088233948	0.0
21.1882343292	46.0076141357	0.0
21.1582584381	46.006401062	0.0
21.128282547	46.0051879883	0.0
21.0983085632	46.0039749146	0.0
21.0683326721	46.0027656555	0.0
21.038356781	46.0015525818	0.0
21.0083808899	46.0003395081	0.0
22.0289649963	46.7112884521	0.0
22.025970459	46.7411384583	0.0
22.0229759216	46.7709884644	0.0
22.0199813843	46.8008422852	0.0
22.0169868469	46.8306922913	0.0
22.0139904022	46.8605422974	0.0
22.0109977722	46.8903923035	0.0
22.0080013275	46.9202423096	0.0
22.0050067902	46.9500923157	0.0
22.0020122528	46.9799423218	0.0
22.1870079041	46.8718681335	0.0
22.1807174683	46.8425331116	0.0
22.1744251251	46.8132019043	0.0
22.168132782	46.783870697	0.0
22.1618423462	46.754535675	0.0
22.1555500031	46.7252044678	0.0
22.1492576599	46.6958694458	0.0
22.1429672241	46.6665382385	0.0
22.136674881	46.6372032166	0.0
22.1303825378	46.6078720093	0.0
22.1240921021	46.578540802	0.0
22.1177997589	46.54920578	0.0
22.1115093231	46.5198745728	0.0
22.10521698	46.4905395508	0.0
22.0989246368	46.4612083435	0.0
22.092634201	46.4318733215	0.0
22.0863418579	46.4025421143	0.0
22.0800495148	46.373210907	0.0
22.073759079	46.343875885	0.0
22.0674667358	46.3145446777	0.0
22.0611743927	46.2852096558	0.0
22.0548839569	46.2558784485	0.0
22.0485916138	46.2265434265	0.0
22.0422992706	46.1972122192	0.0
22.0360088348	46.1678771973	0.0
22.0297164917	46.13854599	0.0
22.0234241486	46.1092147827	0.0
22.0171337128	46.0798797607	0.0
22.0108413696	46.0505485535	0.0
22.0045509338	46.0212135315	0.0
22.5405101776	47.3234519958	0.0
22.5650424957	47.3061828613	0.0
22.5895748138	47.2889137268	0.0
22.6141052246	47.2716445923	0.0
22.6386375427	47.2543754578	0.0
22.6631698608	47.2371063232	0.0
22.6877002716	47.2198371887	0.0
22.7122325897	47.2025718689	0.0
22.7367630005	47.1853027344	0.0
22.7612953186	47.1680335999	0.0
22.7858257294	47.1507644653	0.0
22.8103580475	47.1334953308	0.0
22.8348884583	47.1162261963	0.0
22.8594207764	47.0989608765	0.0
22.8839511871	47.0816917419	0.0
22.9084835052	47.0644226074	0.0
22.9330158234	47.0471534729	0.0
22.9575462341	47.0298843384	0.0
22.9820785522	47.0126152039	0.0
