47.0	25.0	0.0
46.9730911255	24.9867324829	0.0
46.9461860657	24.9734668732	0.0
46.9192771912	24.9601974487	0.0
46.8923721313	24.946931839	0.0
46.8600654602	24.964422226	0.0
46.84790802	24.9918479919	0.0
46.8357505798	25.0192737579	0.0
46.823589325	25.0466995239	0.0
46.8114318848	25.0741252899	0.0
46.7992706299	25.1015491486	0.0
46.7871131897	25.1289768219	0.0
46.7749519348	25.1564006805	0.0
46.7627944946	25.1838264465	0.0
46.7506332397	25.2112522125	0.0
46.7384757996	25.2386779785	0.0
46.7263183594	25.2661037445	0.0
46.7141571045	25.2935295105	0.0
46.7019996643	25.3209533691	0.0
46.6898384094	25.3483791351	0.0
46.6776809692	25.3758049011	0.0
46.6655235291	25.4032306671	0.0
46.6533622742	25.4306564331	0.0
46.641204834	25.4580821991	0.0
46.6290435791	25.4855060577	0.0
46.6168861389	25.5129337311	0.0
46.6047286987	25.5403575897	0.0
46.5925674438	25.5677833557	0.0
46.5804100037	25.5952091217	0.0
46.5682487488	25.6226348877	0.0
46.5560913086	25.6500606537	0.0
46.5439300537	25.6774864197	0.0
46.5317726135	25.7049102783	0.0
46.5196113586	25.7323379517	0.0
46.5074539185	25.7597618103	0.0
46.4952964783	25.7871875763	0.0
46.4831352234	25.8146133423	0.0
46.4709777832	25.8420372009	0.0
46.4588165283	25.8694648743	0.0
46.4466590881	25.8968887329	0.0
46.4345016479	25.9243144989	0.0
46.4223403931	25.9517402649	0.0
46.4101829529	25.9791660309	0.0
46.398021698	26.0065917969	0.0
46.3858642578	26.0340175629	0.0
46.3737068176	26.0614414215	0.0
46.3615455627	26.0888671875	0.0
46.3493881226	26.1162929535	0.0
46.3372268677	26.1437187195	0.0
46.3250694275	26.1711444855	0.0
46.3129081726	26.1985702515	0.0
46.3007507324	26.2259941101	0.0
46.2885894775	26.2534217834	0.0
46.2764320374	26.2808456421	0.0
46.2642745972	26.3082714081	0.0
46.2521133423	26.3356971741	0.0
46.2399559021	26.3631229401	0.0
46.2277946472	26.3905487061	0.0
46.215637207	26.417974472	0.0
46.2034797668	26.4453983307	0.0
46.191318512	26.4728240967	0.0
46.1791610718	26.5002498627	0.0
46.1669998169	26.5276756287	0.0
46.1548423767	26.5551013947	0.0
46.1426811218	26.5825271606	0.0
46.1305236816	26.6099529266	0.0
46.1183662415	26.6373786926	0.0
46.1062049866	26.6648025513	0.0
46.0940475464	26.6922283173	0.0
46.0818862915	26.7196540833	0.0
46.0697288513	26.7470798492	0.0
46.0575675964	26.7745056152	0.0
46.0454101562	26.8019313812	0.0
46.0332527161	26.8293552399	0.0
46.0210914612	26.8567829132	0.0
46.008934021	26.8842067719	0.0
45.9967727661	26.9116325378	0.0
45.9846153259	26.9390583038	0.0
45.9724578857	26.9664840698	0.0
45.9602966309	26.9939098358	0.0
45.9481391907	27.0213356018	0.0
45.9359779358	27.0487594604	0.0
45.9238204956	27.0761852264	0.0
45.9116592407	27.1036109924	0.0
45.8995018005	27.1310367584	0.0
45.8873443604	27.1584625244	0.0
45.8751831055	27.1858882904	0.0
45.8630256653	27.213312149	0.0
45.8508644104	27.2407398224	0.0
45.8387069702	27.268163681	0.0
45.82654953	27.295589447	0.0
45.8143882751	27.323015213	0.0
45.802230835	27.3504390717	0.0
45.7900695801	27.377866745	0.0
45.7779121399	27.4052906036	0.0
45.765750885	27.4327163696	0.0
45.7535934448	27.4601421356	0.0
45.7414321899	27.4875679016	0.0
45.7292747498	27.5149936676	0.0
45.7171173096	27.5424194336	0.0
45.7049560547	27.5698432922	0.0
45.6927986145	27.5972690582	0.0
45.6806373596	27.6246948242	0.0
45.6684799194	27.6521205902	0.0
45.6563224792	27.6795463562	0.0
45.6441612244	27.7069721222	0.0
45.6320037842	27.7343978882	0.0
45.6198425293	27.7618236542	0.0
45.6076850891	27.7892475128	0.0
45.5955276489	27.8166732788	0.0
45.583366394	27.8440990448	0.0
45.5712051392	27.8715248108	0.0
45.559047699	27.8989505768	0.0
45.5468902588	27.9263763428	0.0
45.5347290039	27.9538002014	0.0
45.493637085	27.9791698456	0.0
45.4636383057	27.9795131683	0.0
45.4336395264	27.9798545837	0.0
45.4036445618	27.9801979065	0.0
45.3736457825	27.9805412292	0.0
45.3436470032	27.980884552	0.0
45.3136482239	27.9812278748	0.0
45.2836494446	27.9815692902	0.0
45.25365448	27.9819126129	0.0
45.2236557007	27.9822559357	0.0
45.1936569214	27.9825973511	0.0
45.1636581421	27.9829406738	0.0
45.1336593628	27.9832839966	0.0
45.1036643982	27.9836273193	0.0
45.0736656189	27.9839706421	0.0
45.0436668396	27.9843120575	0.0
45.0136680603	27.9846553802	0.0
44.983669281	27.984998703	0.0
44.9536743164	27.9853420258	0.0
44.9236755371	27.9856834412	0.0
44.8936767578	27.9860267639	0.0
44.8636779785	27.9863700867	0.0
44.8336791992	27.9867134094	0.0
44.8036804199	27.9870567322	0.0
44.7736854553	27.9873981476	0.0
44.743686676	27.9877414703	0.0
44.7136878967	27.9880847931	0.0
44.6836891174	27.9884262085	0.0
44.6536903381	27.9887695312	0.0
44.6236953735	27.989112854	0.0
44.5936965942	27.9894561768	0.0
44.5636978149	27.9897994995	0.0
44.5336990356	27.9901428223	0.0
44.5037002563	27.9904842377	0.0
44.4737052917	27.9908275604	0.0
44.4437065125	27.9911708832	0.0
44.4137077332	27.9915122986	0.0
44.3837089539	27.9918556213	0.0
44.3537101746	27.9921989441	0.0
44.32371521	27.9925422668	0.0
44.2937164307	27.9928855896	0.0
44.2637176514	27.9932289124	0.0
44.2337188721	27.9935703278	0.0
44.2037200928	27.9939136505	0.0
44.1737213135	27.9942550659	0.0
44.1413803101	27.994430542	0.0
44.1113815308	27.9945755005	0.0
44.0813827515	27.9947223663	0.0
44.0513839722	27.9948692322	0.0
44.0213813782	27.9950141907	0.0
43.9913825989	27.9951610565	0.0
43.9613838196	27.9953079224	0.0
43.9313850403	27.9954547882	0.0
43.901386261	27.9956016541	0.0
43.871383667	27.9957466125	0.0
43.8413848877	27.9958934784	0.0
43.8113861084	27.9960403442	0.0
43.7813873291	27.9961872101	0.0
43.7513885498	27.9963321686	0.0
43.7213859558	27.9964790344	0.0
43.6913871765	27.9966259003	0.0
43.6613883972	27.9967727661	0.0
43.6313896179	27.996919632	0.0
43.6013870239	27.9970645905	0.0
43.5713882446	27.9972114563	0.0
43.5413894653	27.9973583221	0.0
43.511390686	27.9975032806	0.0
43.4813919067	27.9976501465	0.0
43.4513893127	27.9977970123	0.0
43.4213905334	27.9979438782	0.0
43.3913917542	27.998090744	0.0
43.3613891602	27.9982357025	0.0
43.3313903809	27.9983825684	0.0
43.3013916016	27.9985294342	0.0
43.2713928223	27.9986743927	0.0
43.241394043	27.9988212585	0.0
43.211391449	27.9989681244	0.0
43.1813926697	27.9991149902	0.0
43.1513938904	27.9992618561	0.0
43.1213951111	27.9994087219	0.0
43.0913925171	27.9995536804	0.0
43.0613937378	27.9997005463	0.0
43.0313949585	27.9998474121	0.0
43.0013961792	27.9999923706	0.0
44.1413993835	27.9952831268	0.0
44.111415863	27.9962844849	0.0
44.0814323425	27.9972839355	0.0
44.051448822	27.9982833862	0.0
44.0214653015	27.9992847443	0.0
45.5168228149	28.0080432892	0.0
45.5100135803	28.0372600555	0.0
45.503200531	28.0664768219	0.0
45.4963912964	28.0956935883	0.0
45.4895782471	28.1249103546	0.0
45.4827690125	28.1541252136	0.0
45.4759559631	28.1833438873	0.0
45.4691467285	28.2125587463	0.0
45.4616165161	28.2448596954	0.0
45.4548034668	28.2740764618	0.0
45.4479942322	28.3032932281	0.0
45.4411811829	28.3325099945	0.0
45.4343681335	28.3617267609	0.0
45.4275588989	28.3909435272	0.0
45.4207496643	28.4201583862	0.0
45.413936615	28.4493751526	0.0
45.4071273804	28.4785919189	0.0
45.4003143311	28.5078086853	0.0
45.3935012817	28.5370254517	0.0
45.3866920471	28.566242218	0.0
45.3798828125	28.5954589844	0.0
45.3730697632	28.6246757507	0.0
45.3662567139	28.6538925171	0.0
45.3594474792	28.6831073761	0.0
45.3526344299	28.7123241425	0.0
45.3458251953	28.7415409088	0.0
45.3112297058	28.7779541016	0.0
45.2828559875	28.787694931	0.0
45.2544822693	28.7974338531	0.0
45.2261047363	28.8071727753	0.0
45.1977310181	28.8169116974	0.0
45.1693572998	28.8266525269	0.0
45.1409797668	28.836391449	0.0
45.1126060486	28.8461303711	0.0
45.0842323303	28.8558692932	0.0
45.0558547974	28.8656082153	0.0
45.0274810791	28.8753490448	0.0
44.9991035461	28.8850879669	0.0
44.9707298279	28.894826889	0.0
44.9423561096	28.9045677185	0.0
44.9139785767	28.9143066406	0.0
44.8856048584	28.9240455627	0.0
44.8572311401	28.9337844849	0.0
44.8288536072	28.943523407	0.0
44.8004798889	28.9532642365	0.0
44.7721061707	28.9630031586	0.0
44.7437286377	28.9727420807	0.0
44.7153549194	28.9824829102	0.0
44.6869812012	28.9922218323	0.0
44.6586036682	29.0019607544	0.0
44.63022995	29.0116996765	0.0
44.601852417	29.0214385986	0.0
44.5734786987	29.0311794281	0.0
44.5451049805	29.0409183502	0.0
44.5167274475	29.0506572723	0.0
44.4883537292	29.0603961945	0.0
44.459980011	29.0701351166	0.0
44.431602478	29.079875946	0.0
44.3880767822	29.0903625488	0.0
44.3586120605	29.0960216522	0.0
44.3291511536	29.1016807556	0.0
44.2996902466	29.107339859	0.0
44.2702293396	29.1129989624	0.0
44.2407684326	29.1186580658	0.0
44.2113075256	29.1243171692	0.0
44.1818466187	29.1299762726	0.0
44.152381897	29.135635376	0.0
44.12292099	29.1412944794	0.0
44.093460083	29.1469535828	0.0
44.063999176	29.1526126862	0.0
44.034538269	29.1582717896	0.0
44.0171318054	29.1914863586	0.0
44.016494751	29.2214794159	0.0
44.0158576965	29.2514724731	0.0
44.0152244568	29.2814655304	0.0
44.0145874023	29.3114585876	0.0
44.0139541626	29.3414535522	0.0
44.0133171082	29.3714466095	0.0
44.0126838684	29.4014396667	0.0
44.012046814	29.431432724	0.0
44.0114097595	29.4614257812	0.0
44.0107765198	29.4914188385	0.0
44.0101394653	29.5214118958	0.0
44.0095062256	29.551404953	0.0
44.0088691711	29.5813999176	0.0
44.0082321167	29.6113910675	0.0
44.007598877	29.6413841248	0.0
44.0069618225	29.6713790894	0.0
44.0063285828	29.7013721466	0.0
44.0056915283	29.7313652039	0.0
44.0050544739	29.7613582611	0.0
44.0044212341	29.7913513184	0.0
44.0037841797	29.8213443756	0.0
44.0031509399	29.8513374329	0.0
44.0025138855	29.8813304901	0.0
44.0018806458	29.9113254547	0.0
44.0012435913	29.941318512	0.0
44.0006065369	29.9713115692	0.0
43.9883041382	29.1671524048	0.0
43.9588432312	29.1728115082	0.0
43.9293823242	29.1784706116	0.0
43.8999214172	29.184129715	0.0
43.8704605103	29.1897888184	0.0
43.8409957886	29.1954479218	0.0
43.8115348816	29.2011051178	0.0
43.7820739746	29.2067642212	0.0
43.7526130676	29.2124233246	0.0
43.7231521606	29.218082428	0.0
43.6936912537	29.2237415314	0.0
43.6642303467	29.2294006348	0.0
43.634765625	29.2350597382	0.0
43.5900039673	29.2274894714	0.0
43.5620117188	29.2166957855	0.0
43.5340194702	29.2059020996	0.0
43.5060310364	29.195110321	0.0
43.4780387878	29.1843185425	0.0
43.4500465393	29.1735248566	0.0
43.4220542908	29.162733078	0.0
43.3940658569	29.1519393921	0.0
43.3660736084	29.1411476135	0.0
43.3380813599	29.130355835	0.0
43.3100891113	29.119562149	0.0
43.2821006775	29.1087684631	0.0
43.254108429	29.0979766846	0.0
43.2261161804	29.087184906	0.0
43.1981239319	29.0763912201	0.0
43.1701316833	29.0655994415	0.0
43.1421432495	29.0548057556	0.0
43.114151001	29.0440120697	0.0
43.0861587524	29.0332202911	0.0
43.0581665039	29.0224285126	0.0
43.0301742554	29.0116348267	0.0
43.0021858215	29.0008411407	0.0
43.5940628052	29.2563705444	0.0
43.5701293945	29.2744598389	0.0
43.5461959839	29.292547226	0.0
43.5222625732	29.3106365204	0.0
43.4983291626	29.3287258148	0.0
43.474395752	29.3468132019	0.0
43.4504623413	29.3649024963	0.0
43.4265289307	29.3829917908	0.0
43.40259552	29.4010791779	0.0
43.3786621094	29.4191684723	0.0
43.3547325134	29.4372577667	0.0
43.3307991028	29.4553470612	0.0
43.3068656921	29.4734363556	0.0
43.2829322815	29.4915237427	0.0
43.2589988708	29.5096130371	0.0
43.2350654602	29.5277023315	0.0
43.2111320496	29.545791626	0.0
43.1871986389	29.5638790131	0.0
43.1632652283	29.5819683075	0.0
43.1393318176	29.6000576019	0.0
43.115398407	29.6181468964	0.0
43.0914649963	29.6362342834	0.0
43.0675315857	29.6543235779	0.0
43.043598175	29.6724128723	0.0
42.9946861267	29.6964511871	0.0
42.9659919739	29.7052078247	0.0
42.937297821	29.7139644623	0.0
42.9086036682	29.7227210999	0.0
42.8799095154	29.7314777374	0.0
42.8512153625	29.740234375	0.0
42.8225212097	29.7489910126	0.0
42.7938308716	29.7577476501	0.0
42.7651367188	29.7665023804	0.0
42.7364425659	29.7752609253	0.0
42.7077484131	29.7840156555	0.0
42.6790542603	29.7927722931	0.0
42.6503601074	29.8015289307	0.0
42.6216659546	29.8102855682	0.0
42.5929756165	29.8190422058	0.0
42.5642814636	29.8277988434	0.0
42.5355873108	29.836555481	0.0
42.506893158	29.8453102112	0.0
42.4781990051	29.8540687561	0.0
42.4495048523	29.8628234863	0.0
42.4208106995	29.8715801239	0.0
42.3921165466	29.8803367615	0.0
42.3634262085	29.889093399	0.0
42.3347320557	29.8978500366	0.0
42.3060379028	29.9066066742	0.0
42.27734375	29.9153633118	0.0
42.2486495972	29.9241199493	0.0
42.2199554443	29.9328765869	0.0
42.1912612915	29.9416313171	0.0
42.1625671387	29.9503898621	0.0
42.1338768005	29.9591445923	0.0
42.1051826477	29.9679012299	0.0
42.0764884949	29.9766578674	0.0
42.047794342	29.985414505	0.0
42.0191001892	29.9941711426	0.0
43.0211372375	29.7176113129	0.0
43.0188980103	29.7475280762	0.0
43.016658783	29.7774448395	0.0
43.0144195557	29.8073616028	0.0
43.0121803284	29.8372764587	0.0
43.0099411011	29.867193222	0.0
43.0077018738	29.897108078	0.0
43.0054626465	29.9270267487	0.0
43.0032234192	29.9569416046	0.0
43.0009841919	29.9868583679	0.0
44.3881340027	29.0787391663	0.0
44.3587341309	29.0727748871	0.0
44.329334259	29.0668106079	0.0
44.2999305725	29.0608463287	0.0
44.2705307007	29.0548820496	0.0
44.2411308289	29.0489177704	0.0
44.2117271423	29.0429534912	0.0
44.1823272705	29.0369873047	0.0
44.1529273987	29.0310249329	0.0
44.1235237122	29.0250587463	0.0
44.0941238403	29.0190944672	0.0
44.0647239685	29.013130188	0.0
44.035320282	29.0071659088	0.0
44.0059204102	29.0012016296	0.0
45.3259239197	28.7949142456	0.0
45.3122406006	28.8216114044	0.0
45.2985610962	28.8483104706	0.0
45.2848777771	28.8750095367	0.0
45.271194458	28.9017066956	0.0
45.2575111389	28.9284057617	0.0
45.2438316345	28.9551048279	0.0
45.2301483154	28.9818019867	0.0
45.216468811	29.0084991455	0.0
45.2027854919	29.0351982117	0.0
45.1891021729	29.0618972778	0.0
45.1754226685	29.0885944366	0.0
45.1617393494	29.1152935028	0.0
45.1480560303	29.141992569	0.0
45.1343727112	29.1686897278	0.0
45.1206932068	29.1953887939	0.0
45.1070098877	29.2220878601	0.0
45.0933265686	29.2487850189	0.0
45.0796470642	29.2754821777	0.0
45.0634727478	29.323764801	0.0
45.0570297241	29.3530635834	0.0
45.0505828857	29.3823642731	0.0
45.0441398621	29.4116630554	0.0
45.0376930237	29.4409637451	0.0
45.03125	29.4702625275	0.0
45.0248031616	29.4995613098	0.0
45.0183601379	29.5288619995	0.0
45.0119132996	29.5581607819	0.0
45.0054702759	29.5874614716	0.0
44.9990234375	29.6167602539	0.0
44.9925804138	29.6460609436	0.0
44.9861335754	29.675359726	0.0
44.9796905518	29.7046585083	0.0
44.9732437134	29.733959198	0.0
44.9668006897	29.7632579803	0.0
44.9603538513	29.79255867	0.0
44.9539108276	29.8218574524	0.0
44.9474639893	29.8511562347	0.0
44.9410209656	29.8804569244	0.0
44.9345741272	29.9097557068	0.0
44.9281311035	29.9390544891	0.0
44.9216842651	29.9683551788	0.0
44.9152412415	29.9976539612	0.0
44.9087944031	30.0269546509	0.0
44.9023513794	30.0562534332	0.0
44.895904541	30.0855522156	0.0
44.8894615173	30.1148529053	0.0
44.883014679	30.1441516876	0.0
44.8765716553	30.1734523773	0.0
44.8701286316	30.2027511597	0.0
44.8636817932	30.2320518494	0.0
44.8572387695	30.2613506317	0.0
44.8507919312	30.2906494141	0.0
44.8443450928	30.3199481964	0.0
44.8379020691	30.3492488861	0.0
44.8314552307	30.3785495758	0.0
44.825012207	30.4078483582	0.0
44.8185653687	30.4371471405	0.0
44.812122345	30.4664478302	0.0
44.8056793213	30.4957466125	0.0
44.8119773865	30.5313396454	0.0
44.819732666	30.5603199005	0.0
44.8274841309	30.5893001556	0.0
44.8352394104	30.6182804108	0.0
44.8429946899	30.6472625732	0.0
44.8507499695	30.6762428284	0.0
44.8585014343	30.7052230835	0.0
44.8662567139	30.7342033386	0.0
44.8740119934	30.7631835938	0.0
44.8817672729	30.7921638489	0.0
44.8895225525	30.821144104	0.0
44.9130210876	30.8711166382	0.0
44.9298019409	30.8959846497	0.0
44.9465827942	30.9208507538	0.0
44.9498023987	30.8931713104	0.0
44.9514846802	30.8632202148	0.0
44.9531707764	30.8332672119	0.0
44.9548530579	30.803314209	0.0
44.9565353394	30.7733612061	0.0
44.9582176208	30.7434082031	0.0
44.959903717	30.7134552002	0.0
44.9615859985	30.6835021973	0.0
44.96326828	30.6535511017	0.0
44.9649543762	30.6235980988	0.0
44.9666366577	30.5936450958	0.0
44.9683189392	30.5636920929	0.0
44.9700012207	30.53373909	0.0
44.9716873169	30.503786087	0.0
44.9733695984	30.4738330841	0.0
44.9750518799	30.4438800812	0.0
44.9767379761	30.4139289856	0.0
44.9784202576	30.3839759827	0.0
44.9801025391	30.3540229797	0.0
44.9817886353	30.3240718842	0.0
44.9834709167	30.2941188812	0.0
44.9851531982	30.2641658783	0.0
44.9868354797	30.2342128754	0.0
44.9885215759	30.2042598724	0.0
44.9902038574	30.1743068695	0.0
44.9918861389	30.1443538666	0.0
44.9935684204	30.1144008636	0.0
44.9952545166	30.0844497681	0.0
44.9969367981	30.0544967651	0.0
44.9986228943	30.0245437622	0.0
44.9649009705	30.9479923248	0.0
44.9816818237	30.972858429	0.0
44.9984664917	30.9977264404	0.0
44.8989257812	30.8761291504	0.0
44.9016113281	30.9060096741	0.0
44.9043006897	30.9358882904	0.0
44.9069862366	30.9657688141	0.0
44.9096755981	30.9956474304	0.0
44.912361145	31.0255260468	0.0
44.9150505066	31.0554065704	0.0
44.9177360535	31.0852851868	0.0
44.9204216003	31.1151657104	0.0
44.9231109619	31.1450443268	0.0
44.9257965088	31.1749248505	0.0
44.9284858704	31.2048034668	0.0
44.9311714172	31.2346820831	0.0
44.9338607788	31.2645626068	0.0
44.9365463257	31.2944412231	0.0
44.9392318726	31.3243217468	0.0
44.9419212341	31.3542003632	0.0
44.944606781	31.3840808868	0.0
44.9472961426	31.4139595032	0.0
44.9499816895	31.4438381195	0.0
44.9526672363	31.4737186432	0.0
44.9553565979	31.5035972595	0.0
44.9580421448	31.5334777832	0.0
44.9607315063	31.5633563995	0.0
44.9634170532	31.5932369232	0.0
44.9661064148	31.6231155396	0.0
44.9687919617	31.6529941559	0.0
44.9714775085	31.6828746796	0.0
44.9741668701	31.7127532959	0.0
44.976852417	31.7426338196	0.0
44.9795417786	31.7725124359	0.0
44.9822273254	31.8023910522	0.0
44.984916687	31.8322715759	0.0
44.9876022339	31.8621501923	0.0
44.9902915955	31.8920307159	0.0
44.9929771423	31.9219093323	0.0
44.9956626892	31.951789856	0.0
44.9983520508	31.9816684723	0.0
44.7787437439	30.5181941986	0.0
44.7532615662	30.5340309143	0.0
44.7277832031	30.5498657227	0.0
44.7023010254	30.565700531	0.0
44.6768226624	30.5815353394	0.0
44.6513404846	30.5973701477	0.0
44.6258621216	30.6132068634	0.0
44.6003799438	30.6290416718	0.0
44.5749015808	30.6448764801	0.0
44.5494194031	30.6607131958	0.0
44.52394104	30.6765480042	0.0
44.498462677	30.6923828125	0.0
44.4729804993	30.7082195282	0.0
44.4474983215	30.7240543365	0.0
44.4220199585	30.7398891449	0.0
44.3965415955	30.7557258606	0.0
44.3710594177	30.7715606689	0.0
44.34557724	30.7873954773	0.0
44.320098877	30.8032302856	0.0
44.2946205139	30.819065094	0.0
44.2691383362	30.8349018097	0.0
44.2282028198	30.8611068726	0.0
44.2030677795	30.8774871826	0.0
44.177936554	30.8938694	0.0
44.1528053284	30.9102516174	0.0
44.1276741028	30.9266357422	0.0
44.1025428772	30.9430160522	0.0
44.0774078369	30.9593982697	0.0
44.0522766113	30.9757804871	0.0
44.0271453857	30.9921627045	0.0
44.0020103455	31.0085449219	0.0
43.9768791199	31.0249271393	0.0
43.9517478943	31.0413093567	0.0
43.9266166687	31.0576915741	0.0
43.9014816284	31.0740737915	0.0
43.8822288513	31.1101951599	0.0
43.8740882874	31.1390724182	0.0
43.8659515381	31.1679477692	0.0
43.8578147888	31.1968212128	0.0
43.8496780396	31.2256965637	0.0
43.8415374756	31.2545719147	0.0
43.8334007263	31.2834472656	0.0
43.8252639771	31.3123226166	0.0
43.8171272278	31.3411979675	0.0
43.8089866638	31.3700733185	0.0
43.8008499146	31.3989486694	0.0
43.7927131653	31.4278240204	0.0
43.784576416	31.4566993713	0.0
43.7764358521	31.4855747223	0.0
43.7682991028	31.5144481659	0.0
43.7601623535	31.5433254242	0.0
43.7520256042	31.5722007751	0.0
43.7438850403	31.6010742188	0.0
43.735748291	31.6299495697	0.0
43.7276115417	31.6588249207	0.0
43.7194747925	31.6877002716	0.0
43.7113342285	31.7165756226	0.0
43.6818733215	31.7329368591	0.0
43.6539382935	31.7438774109	0.0
43.6260070801	31.7548179626	0.0
43.598072052	31.7657585144	0.0
43.5701370239	31.7766990662	0.0
43.5422058105	31.7876396179	0.0
43.5142707825	31.7985801697	0.0
43.4863357544	31.8095207214	0.0
43.458404541	31.8204612732	0.0
43.4304695129	31.831401825	0.0
43.4025344849	31.8423423767	0.0
43.3745994568	31.8532848358	0.0
43.3466682434	31.8642234802	0.0
43.3187332153	31.8751659393	0.0
43.2907981873	31.8861045837	0.0
43.2628631592	31.8970451355	0.0
43.2349319458	31.9079875946	0.0
43.2069969177	31.918926239	0.0
43.1790657043	31.9298686981	0.0
43.1511306763	31.9408073425	0.0
43.1231956482	31.9517498016	0.0
43.0952606201	31.9626903534	0.0
43.0673294067	31.9736309052	0.0
43.0393943787	31.9845714569	0.0
43.0114593506	31.9955101013	0.0
43.7080154419	31.7519435883	0.0
43.7062225342	31.7818889618	0.0
43.7044258118	31.8118343353	0.0
43.7026329041	31.8417816162	0.0
43.7008399963	31.8717288971	0.0
43.6990470886	31.9016742706	0.0
43.6972541809	31.9316215515	0.0
43.6951522827	31.9666805267	0.0
43.693359375	31.9966278076	0.0
43.6915664673	32.0265731812	0.0
43.6897735596	32.0565185547	0.0
43.6879806519	32.0864677429	0.0
43.6861877441	32.1164131165	0.0
43.6843910217	32.14635849	0.0
43.6945533752	32.1795883179	0.0
43.7050209045	32.2077026367	0.0
43.7154884338	32.2358169556	0.0
43.7259559631	32.2639312744	0.0
43.7364234924	32.2920455933	0.0
43.7468910217	32.3201637268	0.0
43.757358551	32.348274231	0.0
43.7678260803	32.3763923645	0.0
43.7782936096	32.4045066833	0.0
43.7887611389	32.4326210022	0.0
43.7992286682	32.460735321	0.0
43.8096923828	32.4888496399	0.0
43.8201637268	32.5169639587	0.0
43.8306274414	32.5450782776	0.0
43.8410949707	32.5731925964	0.0
43.8515625	32.60131073	0.0
43.8620300293	32.6294212341	0.0
43.8724975586	32.6575393677	0.0
43.8829650879	32.6856536865	0.0
43.8934326172	32.7137680054	0.0
43.9039001465	32.7418823242	0.0
43.9143676758	32.7699966431	0.0
43.9248352051	32.7981109619	0.0
43.9353027344	32.8262252808	0.0
43.9457702637	32.8543395996	0.0
43.956237793	32.8824539185	0.0
43.9667053223	32.9105682373	0.0
43.9771728516	32.9386863708	0.0
43.9876403809	32.9668006897	0.0
43.9981040955	32.9949150085	0.0
43.6678237915	32.1766853333	0.0
43.6515655518	32.2018966675	0.0
43.6353034973	32.2271080017	0.0
43.6190414429	32.2523155212	0.0
43.6027832031	32.2775268555	0.0
43.5865211487	32.3027381897	0.0
43.5702590942	32.3279495239	0.0
43.5540008545	32.3531608582	0.0
43.5377388	32.3783721924	0.0
43.5214805603	32.4035835266	0.0
43.5052185059	32.4287948608	0.0
43.4889564514	32.4540061951	0.0
43.4726982117	32.4792175293	0.0
43.4564361572	32.5044288635	0.0
43.4401741028	32.5296363831	0.0
43.423915863	32.5548477173	0.0
43.4076538086	32.5800590515	0.0
43.3913955688	32.6052703857	0.0
43.3751335144	32.63048172	0.0
43.35887146	32.6556930542	0.0
43.3426132202	32.6809043884	0.0
43.3263511658	32.7061157227	0.0
43.3100891113	32.7313232422	0.0
43.2938308716	32.7565345764	0.0
43.2775688171	32.7817459106	0.0
43.2613067627	32.8069572449	0.0
43.2450485229	32.8321685791	0.0
43.2287864685	32.8573799133	0.0
43.2125244141	32.8825912476	0.0
43.1887397766	32.9210166931	0.0
43.1731872559	32.9466705322	0.0
43.1576385498	32.972328186	0.0
43.1420860291	32.9979820251	0.0
43.126537323	33.0236358643	0.0
43.1109848022	33.0492935181	0.0
43.0954360962	33.0749473572	0.0
43.0798835754	33.1006011963	0.0
43.0643348694	33.1262588501	0.0
43.0487823486	33.1519126892	0.0
43.0135307312	33.156578064	0.0
42.9838829041	33.1520004272	0.0
42.9542312622	33.1474189758	0.0
42.9245834351	33.1428375244	0.0
42.8949356079	33.1382598877	0.0
42.8652877808	33.1336784363	0.0
42.8356399536	33.1290969849	0.0
42.8059921265	33.1245155334	0.0
42.7763442993	33.1199378967	0.0
42.7466964722	33.1153564453	0.0
42.717048645	33.1107749939	0.0
42.6873970032	33.1061935425	0.0
42.657749176	33.1016159058	0.0
42.6281013489	33.0970344543	0.0
42.5984535217	33.0924530029	0.0
42.5688056946	33.0878753662	0.0
42.5391578674	33.0832939148	0.0
42.5095100403	33.0787124634	0.0
42.4798583984	33.0741348267	0.0
42.4502105713	33.0695533752	0.0
42.4205627441	33.0649719238	0.0
42.390914917	33.0603904724	0.0
42.3612670898	33.0558128357	0.0
42.3316192627	33.0512313843	0.0
42.3019714355	33.0466499329	0.0
42.2723236084	33.0420722961	0.0
42.2426757812	33.0374908447	0.0
42.2130241394	33.0329093933	0.0
42.1833763123	33.0283317566	0.0
42.1537284851	33.0237503052	0.0
42.124080658	33.0191688538	0.0
42.0944328308	33.0145874023	0.0
42.0647850037	33.0100097656	0.0
42.0351371765	33.0054283142	0.0
42.0054893494	33.0008468628	0.0
43.0276260376	33.1868133545	0.0
43.0120773315	33.2124671936	0.0
42.9965248108	33.2381248474	0.0
42.9809761047	33.2637786865	0.0
42.965423584	33.2894325256	0.0
42.9498748779	33.3150901794	0.0
42.9343223572	33.3407440186	0.0
42.9187736511	33.3663978577	0.0
42.9032211304	33.3920555115	0.0
42.8876724243	33.4177093506	0.0
42.8547477722	33.4393501282	0.0
42.8274269104	33.4517478943	0.0
42.8001098633	33.4641418457	0.0
42.7727890015	33.4765357971	0.0
42.7454681396	33.4889335632	0.0
42.7181472778	33.5013275146	0.0
42.6908302307	33.5137214661	0.0
42.6635093689	33.5261192322	0.0
42.6361885071	33.5385131836	0.0
42.60887146	33.550907135	0.0
42.5815505981	33.5633049011	0.0
42.554233551	33.5756988525	0.0
42.5269126892	33.588092804	0.0
42.4995918274	33.6004905701	0.0
42.4722747803	33.6128845215	0.0
42.4449539185	33.6252784729	0.0
42.4176330566	33.6376724243	0.0
42.3903121948	33.6500701904	0.0
42.3629951477	33.6624641418	0.0
42.3356742859	33.6748580933	0.0
42.3083534241	33.6872558594	0.0
42.281036377	33.6996498108	0.0
42.2537155151	33.7120437622	0.0
42.2263946533	33.7244415283	0.0
42.1990776062	33.7368354797	0.0
42.1717567444	33.7492294312	0.0
42.1444396973	33.7616271973	0.0
42.1171188354	33.7740211487	0.0
42.0897979736	33.7864151001	0.0
42.0569190979	33.7937202454	0.0
42.0274772644	33.7994651794	0.0
41.9980316162	33.8052139282	0.0
41.968585968	33.810962677	0.0
41.9391403198	33.8167076111	0.0
41.9096984863	33.8224525452	0.0
41.8802528381	33.8282012939	0.0
41.8508071899	33.833946228	0.0
41.8213653564	33.8396949768	0.0
41.7919197083	33.8454399109	0.0
41.7624778748	33.8511886597	0.0
41.7330322266	33.8569335938	0.0
41.7035865784	33.8626823425	0.0
41.6741409302	33.8684272766	0.0
41.6446990967	33.8741722107	0.0
41.6152534485	33.8799209595	0.0
41.5858078003	33.8856697083	0.0
41.5563659668	33.8914146423	0.0
41.5269203186	33.8971595764	0.0
41.4974746704	33.9029083252	0.0
41.4680328369	33.9086532593	0.0
41.4385871887	33.9144020081	0.0
41.4091415405	33.9201469421	0.0
41.379699707	33.9258956909	0.0
41.3502540588	33.931640625	0.0
41.3208084106	33.9373893738	0.0
41.2913665771	33.9431343079	0.0
41.261920929	33.9488792419	0.0
41.2324752808	33.9546279907	0.0
41.2030296326	33.9603729248	0.0
41.1735877991	33.9661216736	0.0
41.1441421509	33.9718666077	0.0
41.1146965027	33.9776153564	0.0
41.0852546692	33.9833602905	0.0
41.055809021	33.9891090393	0.0
41.0263633728	33.9948539734	0.0
42.0750465393	33.8157577515	0.0
42.0637321472	33.8435401917	0.0
42.0524139404	33.8713264465	0.0
42.0410957336	33.8991088867	0.0
42.0297775269	33.9268913269	0.0
42.0184631348	33.9546737671	0.0
42.007144928	33.982460022	0.0
42.8881149292	33.4563407898	0.0
42.8941612244	33.4857254028	0.0
42.9002075195	33.5151100159	0.0
42.9062576294	33.5444946289	0.0
42.9123039246	33.5738792419	0.0
42.9183502197	33.603263855	0.0
42.9243965149	33.6326446533	0.0
42.9304466248	33.6620292664	0.0
42.9364929199	33.6914138794	0.0
42.9425392151	33.7207984924	0.0
42.9485855103	33.7501831055	0.0
42.9546356201	33.7795677185	0.0
42.9606819153	33.8089523315	0.0
42.9706687927	33.8574714661	0.0
42.9767150879	33.8868560791	0.0
42.9827613831	33.9162406921	0.0
42.9888076782	33.9456253052	0.0
42.9948577881	33.9750061035	0.0
42.9655265808	33.8580741882	0.0
42.9664306641	33.8880615234	0.0
42.9673347473	33.9180450439	0.0
42.9682426453	33.9480323792	0.0
42.9691467285	33.9780197144	0.0
42.9700508118	34.0080032349	0.0
42.9709587097	34.0379905701	0.0
42.971862793	34.0679779053	0.0
42.9727668762	34.0979652405	0.0
42.9736747742	34.127948761	0.0
42.9745788574	34.1579360962	0.0
42.9754829407	34.1879234314	0.0
42.9763908386	34.2179107666	0.0
42.9772949219	34.2478942871	0.0
42.9781990051	34.2778816223	0.0
42.9791069031	34.3078689575	0.0
42.9800109863	34.3378562927	0.0
42.9809150696	34.3678398132	0.0
42.9818191528	34.3978271484	0.0
42.9827270508	34.4278144836	0.0
42.983631134	34.4578018188	0.0
42.9845352173	34.4877853394	0.0
42.9854431152	34.5177726746	0.0
42.9863471985	34.5477600098	0.0
42.9872512817	34.577747345	0.0
42.988155365	34.6077308655	0.0
42.9890632629	34.6377182007	0.0
42.9899673462	34.6677055359	0.0
42.9908714294	34.6976928711	0.0
42.9917793274	34.7276763916	0.0
42.9926834106	34.7576637268	0.0
42.9935874939	34.787651062	0.0
42.9944953918	34.8176345825	0.0
42.9953994751	34.8476219177	0.0
42.9963035583	34.8776092529	0.0
42.9972114563	34.9075965881	0.0
42.9981155396	34.9375801086	0.0
42.9990196228	34.9675674438	0.0
42.9999275208	34.9975547791	0.0
43.1775894165	32.9090385437	0.0
43.1508865356	32.9227142334	0.0
43.1241836548	32.9363899231	0.0
43.0974845886	32.9500694275	0.0
43.0707817078	32.9637451172	0.0
43.0440826416	32.9774208069	0.0
43.0173797607	32.9910964966	0.0
43.7263145447	31.9428653717	0.0
43.7556800842	31.9489955902	0.0
43.7850494385	31.9551277161	0.0
43.814414978	31.9612579346	0.0
43.8437805176	31.9673881531	0.0
43.8731498718	31.9735183716	0.0
43.9025154114	31.9796485901	0.0
43.9318809509	31.9857807159	0.0
43.9612503052	31.9919109344	0.0
43.9906158447	31.998041153	0.0
43.8604621887	31.0788974762	0.0
43.8305625916	31.0764732361	0.0
43.8006591797	31.0740470886	0.0
43.7707557678	31.0716247559	0.0
43.7408561707	31.0692005157	0.0
43.7109527588	31.0667743683	0.0
43.6810531616	31.0643501282	0.0
43.6511497498	31.0619277954	0.0
43.6212463379	31.0595035553	0.0
43.5913467407	31.0570774078	0.0
43.5614433289	31.0546531677	0.0
43.5315437317	31.052230835	0.0
43.5016403198	31.0498046875	0.0
43.4717407227	31.0473804474	0.0
43.4418373108	31.0449562073	0.0
43.4119338989	31.0425338745	0.0
43.3820343018	31.0401077271	0.0
43.3521308899	31.0376834869	0.0
43.322227478	31.0352592468	0.0
43.2923278809	31.0328350067	0.0
43.262424469	31.0304107666	0.0
43.2325248718	31.0279865265	0.0
43.20262146	31.0255622864	0.0
43.1484642029	31.0196475983	0.0
43.118724823	31.015712738	0.0
43.0889854431	31.0117759705	0.0
43.0592422485	31.0078392029	0.0
43.0295028687	31.0039043427	0.0
43.1500167847	31.0338516235	0.0
43.1218299866	31.0441226959	0.0
43.0936431885	31.054391861	0.0
43.0654563904	31.064661026	0.0
43.0372695923	31.074930191	0.0
43.0090789795	31.0851993561	0.0
42.9808921814	31.0954685211	0.0
42.9527053833	31.1057376862	0.0
42.9245185852	31.1160068512	0.0
42.8963317871	31.1262779236	0.0
42.8681411743	31.1365451813	0.0
42.8399543762	31.1468162537	0.0
42.8117675781	31.1570854187	0.0
42.78358078	31.1673545837	0.0
42.7553901672	31.1776237488	0.0
42.7272033691	31.1878929138	0.0
42.699016571	31.1981620789	0.0
42.6708297729	31.2084312439	0.0
42.6426429749	31.2187004089	0.0
42.6144523621	31.2289714813	0.0
42.586265564	31.2392406464	0.0
42.5580787659	31.2495098114	0.0
42.5264358521	31.2386951447	0.0
42.4991111755	31.2263069153	0.0
42.4717903137	31.2139186859	0.0
42.4444656372	31.2015304565	0.0
42.4171447754	31.1891403198	0.0
42.3898200989	31.1767520905	0.0
42.3624992371	31.1643638611	0.0
42.3351745605	31.1519756317	0.0
42.3078536987	31.1395874023	0.0
42.2805328369	31.1271972656	0.0
42.2532081604	31.1148109436	0.0
42.2258872986	31.1024208069	0.0
42.1916046143	31.0979747772	0.0
42.1617050171	31.0955162048	0.0
42.1318054199	31.0930595398	0.0
42.1019058228	31.0905990601	0.0
42.0720062256	31.088142395	0.0
42.0421066284	31.0856838226	0.0
42.0122108459	31.0832252502	0.0
41.9823112488	31.0807666779	0.0
41.9524116516	31.0783081055	0.0
41.9225120544	31.0758495331	0.0
41.8926124573	31.073392868	0.0
41.8627128601	31.0709323883	0.0
41.8328132629	31.0684757233	0.0
41.8029136658	31.0660171509	0.0
41.7730178833	31.0635585785	0.0
41.7431182861	31.0611000061	0.0
41.713218689	31.0586414337	0.0
41.6833190918	31.0561828613	0.0
41.6534194946	31.0537242889	0.0
41.6235198975	31.0512676239	0.0
41.5936203003	31.0488071442	0.0
41.5637207031	31.0463504791	0.0
41.533821106	31.0438919067	0.0
41.5039253235	31.0414333344	0.0
41.4740257263	31.038974762	0.0
41.4441261292	31.0365161896	0.0
41.414226532	31.0340576172	0.0
41.3843269348	31.0316009521	0.0
41.3544273376	31.0291423798	0.0
41.3245315552	31.0266838074	0.0
41.2946281433	31.024225235	0.0
41.2647323608	31.0217666626	0.0
41.2348327637	31.0193080902	0.0
41.2049331665	31.0168495178	0.0
41.1750335693	31.0143928528	0.0
41.1451339722	31.011932373	0.0
41.115234375	31.009475708	0.0
41.0853385925	31.0070152283	0.0
41.0554389954	31.0045585632	0.0
41.0255393982	31.0020999908	0.0
42.1941795349	31.0880451202	0.0
42.1668586731	31.0756568909	0.0
42.1395339966	31.0632686615	0.0
42.1122131348	31.0508785248	0.0
42.0848884583	31.0384902954	0.0
42.0575675964	31.026102066	0.0
42.0302467346	31.0137138367	0.0
42.0029220581	31.0013256073	0.0
42.5296897888	31.2689914703	0.0
42.5056190491	31.2868995667	0.0
42.4815483093	31.304807663	0.0
42.4574813843	31.3227157593	0.0
42.4334106445	31.3406219482	0.0
42.4093437195	31.3585300446	0.0
42.3852729797	31.3764381409	0.0
42.3612060547	31.3943462372	0.0
42.3371353149	31.4122524261	0.0
42.3130683899	31.4301605225	0.0
42.2889976501	31.4480686188	0.0
42.2649307251	31.4659767151	0.0
42.2408599854	31.4838848114	0.0
42.2167892456	31.5017929077	0.0
42.1927223206	31.5196990967	0.0
42.1686515808	31.537607193	0.0
42.1445846558	31.5555152893	0.0
42.120513916	31.5734214783	0.0
42.096446991	31.5913295746	0.0
42.0723762512	31.6092376709	0.0
42.0483093262	31.6271457672	0.0
42.0242385864	31.6450538635	0.0
42.0185394287	31.6779594421	0.0
42.0168151855	31.7079105377	0.0
42.0150947571	31.7378616333	0.0
42.0133666992	31.7678108215	0.0
42.0116424561	31.7977619171	0.0
42.0099182129	31.8277111053	0.0
42.0081939697	31.8576622009	0.0
42.0064697266	31.8876132965	0.0
42.0047454834	31.9175624847	0.0
42.0030212402	31.9475135803	0.0
42.0012969971	31.9774646759	0.0
41.9919052124	31.6577949524	0.0
41.9635467529	31.6675777435	0.0
41.9351882935	31.677362442	0.0
41.9068260193	31.6871452332	0.0
41.8784675598	31.6969299316	0.0
41.8501091003	31.7067146301	0.0
41.8217468262	31.7164974213	0.0
41.7933883667	31.7262821198	0.0
41.7650299072	31.7360668182	0.0
41.7366676331	31.7458496094	0.0
41.7083091736	31.7556343079	0.0
41.6799507141	31.765417099	0.0
41.6515884399	31.7752017975	0.0
41.6232299805	31.784986496	0.0
41.594871521	31.7947692871	0.0
41.5665092468	31.8045539856	0.0
41.5381507874	31.8143386841	0.0
41.5097923279	31.8241233826	0.0
41.4814338684	31.8339061737	0.0
41.4530715942	31.8436908722	0.0
41.4247131348	31.8534755707	0.0
41.3963508606	31.8632583618	0.0
41.3679924011	31.8730430603	0.0
41.3396339417	31.8828277588	0.0
41.3112716675	31.8926105499	0.0
41.282913208	31.9023952484	0.0
41.2545547485	31.9121799469	0.0
41.2261924744	31.921962738	0.0
41.1978340149	31.9317474365	0.0
41.1694755554	31.9415302277	0.0
41.1411132812	31.9513149261	0.0
41.1127548218	31.9610996246	0.0
41.0843963623	31.9708843231	0.0
41.0560379028	31.9806671143	0.0
41.0276756287	31.9904518127	0.0
44.2277565002	30.8604011536	0.0
44.2021789551	30.8760795593	0.0
44.1766014099	30.8917560577	0.0
44.1510238647	30.9074325562	0.0
44.1254463196	30.9231109619	0.0
44.0998687744	30.9387874603	0.0
44.0742912292	30.9544658661	0.0
44.0487136841	30.9701423645	0.0
44.0231323242	30.9858207703	0.0
45.0629882812	29.2652778625	0.0
45.0560569763	29.2360877991	0.0
45.0491256714	29.2068996429	0.0
45.0421943665	29.1777114868	0.0
45.0352668762	29.1485233307	0.0
45.0283355713	29.1193332672	0.0
45.0214042664	29.0901451111	0.0
45.0144729614	29.060956955	0.0
45.0075416565	29.0317687988	0.0
45.0006141663	29.0025806427	0.0
45.4411735535	28.2030982971	0.0
45.4139251709	28.1905536652	0.0
45.3866729736	28.1780071259	0.0
45.3594207764	28.1654624939	0.0
45.3321723938	28.1529178619	0.0
45.3049201965	28.1403713226	0.0
45.2776679993	28.1278266907	0.0
45.2504196167	28.1152820587	0.0
45.2231674194	28.1027374268	0.0
45.1959152222	28.0901908875	0.0
45.1686668396	28.0776462555	0.0
45.1414146423	28.0651016235	0.0
45.1141624451	28.0525550842	0.0
45.0869102478	28.0400104523	0.0
45.0596618652	28.0274658203	0.0
45.032409668	28.014919281	0.0
45.0051574707	28.002374649	0.0
46.8453178406	24.9237308502	0.0
46.8184127808	24.9104633331	0.0
46.7915039062	24.897195816	0.0
46.7645988464	24.883928299	0.0
46.7376899719	24.8706607819	0.0
46.7107849121	24.8573932648	0.0
46.6838760376	24.844127655	0.0
46.6569709778	24.8308601379	0.0
46.6300621033	24.8175926208	0.0
46.6031570435	24.8043251038	0.0
46.5762481689	24.7910575867	0.0
46.5493431091	24.7777900696	0.0
46.5224342346	24.7645244598	0.0
46.4955291748	24.7512569427	0.0
46.4686203003	24.7379894257	0.0
46.4417152405	24.7247219086	0.0
46.414806366	24.7114543915	0.0
46.3879013062	24.6981887817	0.0
46.3609962463	24.6849212646	0.0
46.3340873718	24.6716537476	0.0
46.307182312	24.6583862305	0.0
46.2703323364	24.6402187347	0.0
46.2434272766	24.6269512177	0.0
46.2165222168	24.6136837006	0.0
46.1896133423	24.6004161835	0.0
46.1627082825	24.5871486664	0.0
46.135799408	24.5738811493	0.0
46.1088943481	24.5606155396	0.0
46.0819854736	24.5473480225	0.0
46.0550804138	24.5340805054	0.0
46.0281715393	24.5208129883	0.0
46.0012664795	24.5075454712	0.0
45.974357605	24.4942798615	0.0
45.9474525452	24.4810123444	0.0
45.9205436707	24.4677448273	0.0
45.8936386108	24.4544773102	0.0
45.8667297363	24.4412097931	0.0
45.8398246765	24.427942276	0.0
45.812915802	24.4146766663	0.0
45.7860107422	24.4014072418	0.0
45.7591018677	24.3881416321	0.0
45.7321968079	24.374874115	0.0
45.7036743164	24.3464202881	0.0
45.685092926	24.3228683472	0.0
45.6665115356	24.2993164062	0.0
45.6479263306	24.2757644653	0.0
45.6293449402	24.2522125244	0.0
45.6107635498	24.2286605835	0.0
45.5921821594	24.2051086426	0.0
45.573600769	24.1815567017	0.0
45.5346183777	24.1599788666	0.0
45.5058784485	24.1513786316	0.0
45.4771385193	24.1427783966	0.0
45.4483985901	24.1341781616	0.0
45.4196548462	24.1255779266	0.0
45.390914917	24.1169776917	0.0
45.3621749878	24.1083755493	0.0
45.3334350586	24.0997753143	0.0
45.3046913147	24.0911750793	0.0
45.2759513855	24.0825748444	0.0
45.2472114563	24.0739746094	0.0
45.2184715271	24.0653743744	0.0
45.1897315979	24.0567741394	0.0
45.160987854	24.0481739044	0.0
45.1322479248	24.0395736694	0.0
45.1035079956	24.0309734344	0.0
45.0747680664	24.0223731995	0.0
45.0460243225	24.0137729645	0.0
45.0172843933	24.0051727295	0.0
45.5548706055	24.1398067474	0.0
45.5463752747	24.111032486	0.0
45.5378837585	24.0822601318	0.0
45.5293922424	24.0534877777	0.0
45.5209007263	24.0247135162	0.0
45.5124092102	23.9959392548	0.0
45.5039176941	23.9671669006	0.0
45.495426178	23.9383945465	0.0
45.4869346619	23.909620285	0.0
45.4784431458	23.8808479309	0.0
45.4699516296	23.8520755768	0.0
45.4614601135	23.8233013153	0.0
45.4529685974	23.7945289612	0.0
45.4444770813	23.7657566071	0.0
45.4359855652	23.7369823456	0.0
45.4274902344	23.7082099915	0.0
45.419002533	23.6794376373	0.0
45.4105072021	23.6506633759	0.0
45.402015686	23.6218891144	0.0
45.3935241699	23.5931167603	0.0
45.3850326538	23.5643444061	0.0
45.3765411377	23.5355701447	0.0
45.3680496216	23.5067977905	0.0
45.3595581055	23.4780254364	0.0
45.3510665894	23.4492511749	0.0
45.3425750732	23.4204788208	0.0
45.3340835571	23.3917064667	0.0
45.325592041	23.3629322052	0.0
45.3171005249	23.3341598511	0.0
45.3086090088	23.3053855896	0.0
45.3001174927	23.2766132355	0.0
45.2916221619	23.2478408813	0.0
45.2831344604	23.2190666199	0.0
45.2746391296	23.1902942657	0.0
45.2661476135	23.1615219116	0.0
45.2576560974	23.1327476501	0.0
45.2491645813	23.103975296	0.0
45.2411804199	23.0629081726	0.0
45.2365684509	23.0332641602	0.0
45.2319526672	23.0036220551	0.0
45.2273406982	22.97397995	0.0
45.2227249146	22.9443359375	0.0
45.2181129456	22.914691925	0.0
45.2134971619	22.8850498199	0.0
45.2088851929	22.8554058075	0.0
45.2042694092	22.8257637024	0.0
45.1996574402	22.7961196899	0.0
45.1950416565	22.7664775848	0.0
45.1904296875	22.7368335724	0.0
45.1858177185	22.7071914673	0.0
45.1812019348	22.6775474548	0.0
45.1765861511	22.6479034424	0.0
45.1719741821	22.6182613373	0.0
45.1673622131	22.5886173248	0.0
45.1627464294	22.5589752197	0.0
45.1581344604	22.5293312073	0.0
45.1535186768	22.4996891022	0.0
45.1489067078	22.4700450897	0.0
45.1442909241	22.4404029846	0.0
45.1396789551	22.4107608795	0.0
45.1350631714	22.3811168671	0.0
45.1304512024	22.3514728546	0.0
45.1258354187	22.3218307495	0.0
45.1212234497	22.2921867371	0.0
45.1166114807	22.262544632	0.0
45.111995697	22.2329006195	0.0
45.107383728	22.2032585144	0.0
45.1027679443	22.173614502	0.0
45.0981559753	22.1439723969	0.0
45.0778579712	22.104593277	0.0
45.0599441528	22.0805282593	0.0
45.0420303345	22.0564632416	0.0
45.0241165161	22.0324001312	0.0
45.0062026978	22.0083351135	0.0
45.0932350159	22.0987663269	0.0
45.0906982422	22.0688724518	0.0
45.0881614685	22.038980484	0.0
45.0856246948	22.0090885162	0.0
45.0830879211	21.9791965485	0.0
45.0805511475	21.9493026733	0.0
45.0780143738	21.9194107056	0.0
45.0754776001	21.8895187378	0.0
45.0729446411	21.8596248627	0.0
45.0704078674	21.8297328949	0.0
45.0678710938	21.7998409271	0.0
45.0653343201	21.769947052	0.0
45.0627975464	21.7400550842	0.0
45.0602607727	21.7101612091	0.0
45.057723999	21.6802692413	0.0
45.0551872253	21.6503772736	0.0
45.0526504517	21.6204853058	0.0
45.050113678	21.5905914307	0.0
45.0475769043	21.5606994629	0.0
45.0450401306	21.5308074951	0.0
45.0425033569	21.50091362	0.0
45.0399665833	21.4710216522	0.0
45.0374336243	21.4411296844	0.0
45.0348968506	21.4112377167	0.0
45.0323600769	21.3813438416	0.0
45.0298233032	21.3514518738	0.0
45.0272865295	21.321559906	0.0
45.0247497559	21.2916660309	0.0
45.0222129822	21.2617740631	0.0
45.0196762085	21.231880188	0.0
45.0171394348	21.2019882202	0.0
45.0146026611	21.1720962524	0.0
45.0120658875	21.1422023773	0.0
45.0095291138	21.1123104095	0.0
45.0069923401	21.0824184418	0.0
45.0044555664	21.052526474	0.0
45.0019226074	21.0226325989	0.0
45.2177200317	23.0819797516	0.0
45.1896438599	23.0714073181	0.0
45.161567688	23.060836792	0.0
45.1334915161	23.0502643585	0.0
45.1054153442	23.0396938324	0.0
45.0773391724	23.0291213989	0.0
45.0492668152	23.0185508728	0.0
45.0211906433	23.0079784393	0.0
45.69323349	24.3623790741	0.0
45.6642112732	24.3547859192	0.0
45.6351890564	24.3471927643	0.0
45.6061668396	24.3395996094	0.0
45.5771408081	24.3320064545	0.0
45.5481185913	24.3244132996	0.0
45.5190963745	24.3168201447	0.0
45.490070343	24.3092250824	0.0
45.4610481262	24.3016338348	0.0
45.4320259094	24.2940406799	0.0
45.4030036926	24.2864456177	0.0
45.3739814758	24.2788524628	0.0
45.3240966797	24.2658023834	0.0
45.2950744629	24.2582092285	0.0
45.2660484314	24.2506141663	0.0
45.2370262146	24.2430229187	0.0
45.2080039978	24.2354278564	0.0
45.178981781	24.2278347015	0.0
45.1499595642	24.2202415466	0.0
45.1209335327	24.2126483917	0.0
45.0919113159	24.2050552368	0.0
45.0628890991	24.1974620819	0.0
45.0338668823	24.189868927	0.0
45.0048408508	24.1822757721	0.0
44.9549598694	24.1692237854	0.0
44.9259376526	24.1616306305	0.0
44.8969116211	24.1540374756	0.0
44.8678894043	24.1464443207	0.0
44.8388671875	24.1388511658	0.0
44.809841156	24.1312561035	0.0
44.7808189392	24.123664856	0.0
44.7517967224	24.116071701	0.0
44.7227745056	24.1084766388	0.0
44.6937522888	24.1008834839	0.0
44.6647262573	24.093290329	0.0
44.6357040405	24.0856971741	0.0
44.6066818237	24.0781040192	0.0
44.5776596069	24.0705108643	0.0
44.5486335754	24.0629177094	0.0
44.5196113586	24.0553245544	0.0
44.4905891418	24.0477313995	0.0
44.461566925	24.0401363373	0.0
44.4325447083	24.0325431824	0.0
44.4035186768	24.0249519348	0.0
44.37449646	24.0173568726	0.0
44.3454742432	24.0097637177	0.0
44.3164482117	24.0021705627	0.0
44.2874259949	23.9945774078	0.0
44.2584037781	23.9869842529	0.0
44.2166824341	23.9760684967	0.0
44.1876602173	23.9684753418	0.0
44.1586380005	23.9608821869	0.0
44.1296157837	23.953289032	0.0
44.1005935669	23.9456958771	0.0
44.0715675354	23.9381027222	0.0
44.0425453186	23.9305076599	0.0
44.0135231018	23.922914505	0.0
43.984500885	23.9153213501	0.0
43.9554748535	23.9077281952	0.0
43.9264526367	23.9001350403	0.0
43.8974304199	23.8925418854	0.0
43.8684082031	23.8849487305	0.0
43.8393821716	23.8773555756	0.0
43.8103599548	23.8697624207	0.0
43.781337738	23.8621673584	0.0
43.7523155212	23.8545742035	0.0
43.7232894897	23.8469810486	0.0
43.6942672729	23.8393878937	0.0
43.6652450562	23.8317947388	0.0
43.6362228394	23.8242015839	0.0
43.5975990295	23.7922954559	0.0
43.5822944641	23.7664928436	0.0
43.5669937134	23.740688324	0.0
43.5516929626	23.7148838043	0.0
43.5363883972	23.6890792847	0.0
43.5210876465	23.6632766724	0.0
43.5057868958	23.6374721527	0.0
43.4904823303	23.6116676331	0.0
43.4751815796	23.5858631134	0.0
43.4598808289	23.5600605011	0.0
43.4445762634	23.5342559814	0.0
43.4292755127	23.5084514618	0.0
43.413974762	23.4826488495	0.0
43.3986701965	23.4568443298	0.0
43.3833694458	23.4310398102	0.0
43.3680686951	23.4052352905	0.0
43.3527641296	23.3794307709	0.0
43.3374633789	23.3536262512	0.0
43.3221626282	23.3278236389	0.0
43.3068618774	23.3020191193	0.0
43.291557312	23.2762145996	0.0
43.2762565613	23.25041008	0.0
43.2609519958	23.2246074677	0.0
43.2456512451	23.198802948	0.0
43.2303504944	23.1729984283	0.0
43.215045929	23.147195816	0.0
43.1997451782	23.1213912964	0.0
43.2138252258	23.0912189484	0.0
43.2313613892	23.0668773651	0.0
43.2488975525	23.0425376892	0.0
43.2664337158	23.018196106	0.0
43.2839698792	22.9938564301	0.0
43.3015060425	22.9695148468	0.0
43.3190422058	22.9451732635	0.0
43.3365783691	22.9208335876	0.0
43.3541145325	22.8964939117	0.0
43.3716506958	22.8721523285	0.0
43.3891868591	22.8478107452	0.0
43.4067268372	22.8234710693	0.0
43.4242591858	22.7991294861	0.0
43.4417991638	22.7747898102	0.0
43.4593353271	22.7504482269	0.0
43.4768714905	22.726108551	0.0
43.4944076538	22.7017669678	0.0
43.5119438171	22.6774253845	0.0
43.5294799805	22.6530857086	0.0
43.5470161438	22.6287441254	0.0
43.5645523071	22.6044044495	0.0
43.5820884705	22.5800628662	0.0
43.5996246338	22.555721283	0.0
43.6171607971	22.5313816071	0.0
43.6347007751	22.5070419312	0.0
43.6522331238	22.4827003479	0.0
43.6697731018	22.4583587646	0.0
43.6873092651	22.4340190887	0.0
43.7048454285	22.4096775055	0.0
43.7223815918	22.3853378296	0.0
43.7399177551	22.3609962463	0.0
43.7574539185	22.3366565704	0.0
43.7749900818	22.3123149872	0.0
43.7925262451	22.2879734039	0.0
43.8100624084	22.263633728	0.0
43.8275985718	22.2392921448	0.0
43.8451385498	22.2149524689	0.0
43.8626747131	22.1906108856	0.0
43.8802108765	22.1662693024	0.0
43.8977470398	22.1419296265	0.0
43.9152832031	22.1175899506	0.0
43.9328193665	22.0932483673	0.0
43.9503555298	22.0689067841	0.0
43.9678916931	22.0445652008	0.0
43.9854278564	22.0202255249	0.0
43.1809844971	23.089756012	0.0
43.1656837463	23.0639514923	0.0
43.1503791809	23.03814888	0.0
43.1350784302	23.0123443604	0.0
43.1197776794	22.9865398407	0.0
43.104473114	22.960735321	0.0
43.0891723633	22.9349308014	0.0
43.0738716125	22.9091262817	0.0
43.0585708618	22.8833236694	0.0
43.0432662964	22.8575191498	0.0
43.0279655457	22.8317146301	0.0
43.0126647949	22.8059101105	0.0
42.9973602295	22.7801074982	0.0
42.9820594788	22.7543029785	0.0
42.966758728	22.7284984589	0.0
42.9514541626	22.7026958466	0.0
42.9361534119	22.6768913269	0.0
42.9208526611	22.6510868073	0.0
42.9055480957	22.6252822876	0.0
42.890247345	22.5994796753	0.0
42.8749465942	22.5736751556	0.0
42.8596420288	22.547870636	0.0
42.8443412781	22.5220661163	0.0
42.8290405273	22.496263504	0.0
42.8137359619	22.4704589844	0.0
42.7984352112	22.4446544647	0.0
42.7831344604	22.4188518524	0.0
42.787399292	22.3840312958	0.0
42.795124054	22.3550434113	0.0
42.8028488159	22.3260536194	0.0
42.8105735779	22.2970657349	0.0
42.8182983398	22.2680778503	0.0
42.8260231018	22.2390880585	0.0
42.8337478638	22.210100174	0.0
42.8414726257	22.1811122894	0.0
42.8532791138	22.144859314	0.0
42.8629875183	22.1164722443	0.0
42.8726997375	22.0880870819	0.0
42.8824081421	22.0597038269	0.0
42.8921165466	22.0313186646	0.0
42.9018287659	22.0029315948	0.0
42.9115371704	21.9745464325	0.0
42.921245575	21.9461612701	0.0
42.9309577942	21.9177761078	0.0
42.9406661987	21.8893909454	0.0
42.9503746033	21.8610057831	0.0
42.9600868225	21.8326206207	0.0
42.9697952271	21.8042354584	0.0
42.9795036316	21.775850296	0.0
42.9892158508	21.7474651337	0.0
42.9989242554	21.7190799713	0.0
43.0086326599	21.690694809	0.0
43.0183448792	21.6623096466	0.0
43.0280532837	21.6339244843	0.0
43.0377616882	21.6055393219	0.0
43.0656776428	21.5824832916	0.0
43.0911369324	21.5666122437	0.0
43.1165924072	21.5507411957	0.0
43.1420516968	21.5348701477	0.0
43.1675109863	21.5189971924	0.0
43.1929664612	21.5031261444	0.0
43.2184257507	21.4872550964	0.0
43.2438812256	21.4713840485	0.0
43.2693405151	21.4555149078	0.0
43.2947998047	21.4396419525	0.0
43.3202552795	21.4237709045	0.0
43.3457145691	21.4078998566	0.0
43.3711738586	21.3920288086	0.0
43.3966293335	21.3761577606	0.0
43.422088623	21.3602867126	0.0
43.4475479126	21.3444156647	0.0
43.4730033875	21.3285446167	0.0
43.498462677	21.3126735687	0.0
43.5239219666	21.2968025208	0.0
43.5493774414	21.2809295654	0.0
43.574836731	21.2650585175	0.0
43.6002922058	21.2491874695	0.0
43.6257514954	21.2333164215	0.0
43.6512107849	21.2174453735	0.0
43.6766662598	21.2015743256	0.0
43.7021255493	21.1857032776	0.0
43.7275848389	21.1698322296	0.0
43.7530403137	21.1539611816	0.0
43.7784996033	21.1380901337	0.0
43.8039588928	21.1222190857	0.0
43.8294143677	21.1063461304	0.0
43.8548736572	21.0904750824	0.0
43.8803291321	21.0746059418	0.0
43.9057884216	21.0587348938	0.0
43.9312477112	21.0428638458	0.0
43.956703186	21.0269908905	0.0
43.9821624756	21.0111198425	0.0
43.0382080078	21.5684223175	0.0
43.0361976624	21.5384883881	0.0
43.0341835022	21.508556366	0.0
43.0321731567	21.4786243439	0.0
43.0301589966	21.4486923218	0.0
43.0281486511	21.4187602997	0.0
43.026134491	21.3888263702	0.0
43.0241241455	21.3588943481	0.0
43.0221138	21.328962326	0.0
43.0200996399	21.299030304	0.0
43.0180892944	21.2690963745	0.0
43.0160751343	21.2391643524	0.0
43.0140647888	21.2092323303	0.0
43.0120506287	21.1793003082	0.0
43.0100402832	21.1493663788	0.0
43.008026123	21.1194343567	0.0
43.0060157776	21.0895023346	0.0
43.0040054321	21.0595703125	0.0
43.001991272	21.0296382904	0.0
42.8636741638	22.1509780884	0.0
42.8837776184	22.1287117004	0.0
42.9038848877	22.1064453125	0.0
42.9239883423	22.0841789246	0.0
42.9440956116	22.0619125366	0.0
42.9641990662	22.0396461487	0.0
42.9843063354	22.0173816681	0.0
42.7643737793	22.3872146606	0.0
42.7490692139	22.361410141	0.0
42.7337684631	22.3356075287	0.0
42.7184677124	22.309803009	0.0
42.703163147	22.2839984894	0.0
42.6878623962	22.2581958771	0.0
42.6725616455	22.2323913574	0.0
42.6572570801	22.2065868378	0.0
42.6419563293	22.1807823181	0.0
42.6266555786	22.1549797058	0.0
42.6113510132	22.1291751862	0.0
42.5960502625	22.1033706665	0.0
42.5807495117	22.0775661469	0.0
42.5654449463	22.0517635345	0.0
42.5501441956	22.0259590149	0.0
42.5348434448	22.0001544952	0.0
42.5195388794	21.9743518829	0.0
42.5042381287	21.9485473633	0.0
42.4889373779	21.9227428436	0.0
42.4736328125	21.896938324	0.0
42.4583320618	21.8711357117	0.0
42.443031311	21.845331192	0.0
42.4277267456	21.8195266724	0.0
42.4124259949	21.7937221527	0.0
42.3971252441	21.7679195404	0.0
42.3818206787	21.7421150208	0.0
42.366519928	21.7163105011	0.0
42.3512191772	21.6905059814	0.0
42.3359146118	21.6647014618	0.0
42.3206138611	21.6388988495	0.0
42.3053131104	21.6130943298	0.0
42.2900085449	21.5872898102	0.0
42.2747077942	21.5614852905	0.0
42.2594070435	21.5356826782	0.0
42.244102478	21.5098781586	0.0
42.2288017273	21.4840736389	0.0
42.2135009766	21.4582691193	0.0
42.1981964111	21.432466507	0.0
42.1828956604	21.4066619873	0.0
42.1675949097	21.3808574677	0.0
42.1522903442	21.3550548553	0.0
42.1369895935	21.3292503357	0.0
42.1216888428	21.303445816	0.0
42.1063842773	21.2776412964	0.0
42.0910835266	21.2518386841	0.0
42.0757827759	21.2260341644	0.0
42.0604782104	21.2002296448	0.0
42.0451774597	21.1744251251	0.0
42.029876709	21.1486225128	0.0
42.0145721436	21.1228179932	0.0
41.9992713928	21.0970134735	0.0
41.9839706421	21.0712108612	0.0
41.9686660767	21.0454063416	0.0
41.9533653259	21.0196018219	0.0
41.9679222107	20.9869861603	0.0
41.9893913269	20.9660358429	0.0
42.0108642578	20.9450836182	0.0
42.0323371887	20.9241333008	0.0
42.0538063049	20.903181076	0.0
42.0752792358	20.8822307587	0.0
42.0967521667	20.8612785339	0.0
42.118221283	20.8403263092	0.0
42.1396942139	20.8193740845	0.0
42.1611671448	20.7984237671	0.0
42.182636261	20.7774715424	0.0
42.2041091919	20.7565193176	0.0
42.2255821228	20.7355690002	0.0
42.247051239	20.7146167755	0.0
42.2685241699	20.6936664581	0.0
42.2899971008	20.6727142334	0.0
42.311466217	20.651763916	0.0
42.3329391479	20.6308116913	0.0
42.3544120789	20.6098594666	0.0
42.3758811951	20.5889072418	0.0
42.397354126	20.5679569244	0.0
42.4188270569	20.5470046997	0.0
42.4402961731	20.5260543823	0.0
42.461769104	20.5051021576	0.0
42.4832420349	20.4841518402	0.0
42.5047111511	20.4631996155	0.0
42.526184082	20.4422473907	0.0
42.5476570129	20.421295166	0.0
42.5691261292	20.4003448486	0.0
42.5905990601	20.3793926239	0.0
42.612071991	20.3584403992	0.0
42.6335411072	20.3374900818	0.0
42.6550140381	20.3165378571	0.0
42.676486969	20.2955875397	0.0
42.6979598999	20.2746353149	0.0
42.7406539917	20.2345619202	0.0
42.7629051208	20.2144374847	0.0
42.7851524353	20.1943130493	0.0
42.8074035645	20.1741905212	0.0
42.8296546936	20.1540660858	0.0
42.8519020081	20.1339435577	0.0
42.8741531372	20.1138191223	0.0
42.8964042664	20.0936965942	0.0
42.9186515808	20.0735721588	0.0
42.94090271	20.0534496307	0.0
42.9631538391	20.0333271027	0.0
42.9854011536	20.0132026672	0.0
42.741733551	20.2358207703	0.0
42.7650604248	20.2169570923	0.0
42.7883872986	20.1980953217	0.0
42.8117141724	20.1792316437	0.0
42.8350448608	20.160369873	0.0
42.8583717346	20.1415061951	0.0
42.8816986084	20.1226425171	0.0
42.9050292969	20.1037807465	0.0
42.9283561707	20.0849170685	0.0
42.9516830444	20.0660533905	0.0
42.9750099182	20.0471916199	0.0
42.9983406067	20.0283279419	0.0
43.0216674805	20.0094642639	0.0
43.0449943542	19.9906024933	0.0
43.0860557556	19.9677276611	0.0
43.1135826111	19.9557971954	0.0
43.1411094666	19.9438686371	0.0
43.168636322	19.9319400787	0.0
43.1961593628	19.920009613	0.0
43.2236862183	19.9080810547	0.0
43.2512130737	19.8961524963	0.0
43.2787399292	19.8842220306	0.0
43.3062667847	19.8722934723	0.0
43.3337936401	19.8603630066	0.0
43.3613166809	19.8484344482	0.0
43.3888435364	19.8365058899	0.0
43.4163703918	19.8245754242	0.0
43.4438972473	19.8126468658	0.0
43.4714241028	19.8007164001	0.0
43.4989471436	19.7887878418	0.0
43.526473999	19.7768573761	0.0
43.5540008545	19.7649288177	0.0
43.58152771	19.7529983521	0.0
43.6090545654	19.7410697937	0.0
43.6365814209	19.729139328	0.0
43.6641044617	19.7172107697	0.0
43.6916313171	19.7052822113	0.0
43.7191581726	19.6933517456	0.0
43.7466850281	19.6814231873	0.0
43.7742118835	19.6694927216	0.0
43.801738739	19.6575641632	0.0
43.8284683228	19.6263961792	0.0
43.8433647156	19.6003570557	0.0
43.8582649231	19.5743179321	0.0
43.8731613159	19.5482788086	0.0
43.8880615234	19.5222377777	0.0
43.9029579163	19.4961986542	0.0
43.9178543091	19.4701595306	0.0
43.9327545166	19.4441204071	0.0
43.9476509094	19.4180793762	0.0
43.9625473022	19.3920402527	0.0
43.9774475098	19.3660011292	0.0
43.9923439026	19.3399620056	0.0
44.0072441101	19.3139228821	0.0
44.0221405029	19.2878837585	0.0
44.0370407104	19.261844635	0.0
44.0519371033	19.2358036041	0.0
44.0611076355	19.1871147156	0.0
44.0595664978	19.1571540833	0.0
44.0580253601	19.1271953583	0.0
44.0564804077	19.097234726	0.0
44.05493927	19.0672740936	0.0
44.0533981323	19.0373134613	0.0
44.0518569946	19.007352829	0.0
44.0503120422	18.9773921967	0.0
44.0487709045	18.9474334717	0.0
44.0472297668	18.9174728394	0.0
44.0456886292	18.887512207	0.0
44.0441436768	18.8575515747	0.0
44.0426025391	18.8275928497	0.0
44.0410614014	18.7976303101	0.0
44.039516449	18.7676715851	0.0
44.0379753113	18.7377109528	0.0
44.0364341736	18.7077503204	0.0
44.0348892212	18.6777896881	0.0
44.0333480835	18.6478290558	0.0
44.0318069458	18.6178684235	0.0
44.0302658081	18.5879096985	0.0
44.0287208557	18.5579490662	0.0
44.027179718	18.5279884338	0.0
44.0256385803	18.4980278015	0.0
44.0240936279	18.4680671692	0.0
44.0225524902	18.4381065369	0.0
44.0210113525	18.4081478119	0.0
44.0194664001	18.3781871796	0.0
44.0179252625	18.3482265472	0.0
44.0163841248	18.3182659149	0.0
44.0148391724	18.2883052826	0.0
44.0132980347	18.2583446503	0.0
44.011756897	18.2283859253	0.0
44.0102157593	18.198425293	0.0
44.0086708069	18.1684646606	0.0
44.0071296692	18.1385040283	0.0
44.0055885315	18.108543396	0.0
44.0040435791	18.0785827637	0.0
44.0025024414	18.0486221313	0.0
44.0009613037	18.0186634064	0.0
44.0911560059	19.2077217102	0.0
44.1196594238	19.1983661652	0.0
44.1481628418	19.1890106201	0.0
44.1766662598	19.1796550751	0.0
44.2051734924	19.17029953	0.0
44.2336769104	19.1609458923	0.0
44.2621803284	19.1515903473	0.0
44.2906837463	19.1422348022	0.0
44.3191871643	19.1328792572	0.0
44.3476905823	19.1235256195	0.0
44.3761978149	19.1141700745	0.0
44.4047012329	19.1048145294	0.0
44.4332046509	19.0954589844	0.0
44.4617080688	19.0861034393	0.0
44.4902114868	19.0767498016	0.0
44.5187187195	19.0673942566	0.0
44.5472221375	19.0580387115	0.0
44.5757255554	19.0486831665	0.0
44.6264533997	19.038734436	0.0
44.6562957764	19.0356407166	0.0
44.6861343384	19.0325450897	0.0
44.7159729004	19.0294513702	0.0
44.7458152771	19.0263576508	0.0
44.7756538391	19.0232639313	0.0
44.8054924011	19.0201683044	0.0
44.8353347778	19.017074585	0.0
44.8651733398	19.0139808655	0.0
44.8950157166	19.0108852386	0.0
44.9248542786	19.0077915192	0.0
44.9546928406	19.0046977997	0.0
44.9845352173	19.0016040802	0.0
44.6074447632	19.0138511658	0.0
44.6182785034	18.9858760834	0.0
44.629108429	18.9578990936	0.0
44.6399421692	18.9299221039	0.0
44.6507759094	18.9019470215	0.0
44.661605835	18.8739719391	0.0
44.6724395752	18.8459949493	0.0
44.6832695007	18.8180198669	0.0
44.694103241	18.7900428772	0.0
44.7049331665	18.7620677948	0.0
44.7157669067	18.7340908051	0.0
44.726600647	18.7061138153	0.0
44.7374305725	18.6781387329	0.0
44.7482643127	18.6501617432	0.0
44.7590942383	18.6221866608	0.0
44.7699279785	18.594209671	0.0
44.7807617188	18.5662326813	0.0
44.7915916443	18.5382575989	0.0
44.8024253845	18.5102806091	0.0
44.8132553101	18.4823055267	0.0
44.8240890503	18.454328537	0.0
44.8349189758	18.4263534546	0.0
44.8457527161	18.3983764648	0.0
44.8565864563	18.3703994751	0.0
44.8674163818	18.3424243927	0.0
44.8782501221	18.314447403	0.0
44.8890800476	18.2864723206	0.0
44.8999137878	18.2584953308	0.0
44.9107437134	18.2305183411	0.0
44.9215774536	18.2025432587	0.0
44.9324073792	18.1745662689	0.0
44.9432411194	18.1465911865	0.0
44.9540748596	18.1186141968	0.0
44.9649047852	18.0906391144	0.0
44.9757385254	18.0626621246	0.0
44.9865684509	18.0346851349	0.0
44.9974021912	18.0067100525	0.0
43.8423614502	19.6608695984	0.0
43.8711509705	19.669303894	0.0
43.8999404907	19.6777381897	0.0
43.928730011	19.6861724854	0.0
43.9575195312	19.694606781	0.0
43.9863128662	19.7030391693	0.0
44.0151023865	19.711473465	0.0
44.0438919067	19.7199077606	0.0
44.072681427	19.7283420563	0.0
44.1014709473	19.7367763519	0.0
44.1302604675	19.7452106476	0.0
44.1590499878	19.7536449432	0.0
44.1878395081	19.7620773315	0.0
44.216632843	19.7705116272	0.0
44.2454223633	19.7789459229	0.0
44.2742118835	19.7873802185	0.0
44.3030014038	19.7958145142	0.0
44.3317909241	19.8042488098	0.0
44.3605804443	19.8126811981	0.0
44.3893737793	19.8211154938	0.0
44.4181632996	19.8295497894	0.0
44.4469528198	19.8379840851	0.0
44.4757423401	19.8464183807	0.0
44.5045318604	19.8548526764	0.0
44.5333213806	19.863286972	0.0
44.5621109009	19.8717212677	0.0
44.5909004211	19.8801555634	0.0
44.6196937561	19.888589859	0.0
44.6484832764	19.8970222473	0.0
44.6772727966	19.905456543	0.0
44.7060623169	19.9138908386	0.0
44.7348518372	19.9223251343	0.0
44.7636413574	19.9307594299	0.0
44.7924308777	19.9391937256	0.0
44.8212203979	19.9476261139	0.0
44.8500137329	19.9560604095	0.0
44.8788032532	19.9644947052	0.0
44.9075927734	19.9729290009	0.0
44.9363822937	19.9813632965	0.0
44.965171814	19.9897975922	0.0
44.9939613342	19.9982318878	0.0
43.0567398071	19.9497108459	0.0
43.0549507141	19.9197635651	0.0
43.0531616211	19.8898162842	0.0
43.0513725281	19.8598709106	0.0
43.0495834351	19.8299236298	0.0
43.047794342	19.7999782562	0.0
43.046005249	19.7700309753	0.0
43.044216156	19.7400836945	0.0
43.042427063	19.7101383209	0.0
43.04063797	19.68019104	0.0
43.038848877	19.6502456665	0.0
43.0370597839	19.6202983856	0.0
43.0352706909	19.5903511047	0.0
43.0334815979	19.5604057312	0.0
43.0316925049	19.5304584503	0.0
43.0299034119	19.5005111694	0.0
43.0281143188	19.4705657959	0.0
43.0263252258	19.440618515	0.0
43.0245361328	19.4106712341	0.0
43.0227470398	19.3807258606	0.0
43.0209579468	19.3507785797	0.0
43.0191688538	19.3208312988	0.0
43.0173797607	19.2908859253	0.0
43.0155906677	19.2609386444	0.0
43.0138015747	19.2309913635	0.0
43.0120124817	19.20104599	0.0
43.0102233887	19.1710987091	0.0
43.0084342957	19.1411514282	0.0
43.0066452026	19.1112060547	0.0
43.0048561096	19.0812587738	0.0
43.0030670166	19.0513134003	0.0
43.0012779236	19.0213661194	0.0
41.9311485291	20.9821357727	0.0
41.9158439636	20.9563312531	0.0
41.9005432129	20.9305267334	0.0
41.8852424622	20.9047222137	0.0
41.8699378967	20.8789196014	0.0
41.854637146	20.8531150818	0.0
41.8393363953	20.8273105621	0.0
41.8240318298	20.8015079498	0.0
41.8087310791	20.7757034302	0.0
41.7934303284	20.7498989105	0.0
41.7781257629	20.7240943909	0.0
41.7525978088	20.6810455322	0.0
41.7372970581	20.6552429199	0.0
41.7219963074	20.6294384003	0.0
41.7066917419	20.6036338806	0.0
41.6913909912	20.577829361	0.0
41.6760902405	20.5520267487	0.0
41.660785675	20.526222229	0.0
41.6454849243	20.5004177094	0.0
41.6301841736	20.4746131897	0.0
41.6148796082	20.4488105774	0.0
41.5995788574	20.4230060577	0.0
41.5740509033	20.3799571991	0.0
41.5587501526	20.3541526794	0.0
41.5434455872	20.3283481598	0.0
41.5281448364	20.3025455475	0.0
41.512840271	20.2767410278	0.0
41.4975395203	20.2509365082	0.0
41.4822387695	20.2251338959	0.0
41.4669342041	20.1993293762	0.0
41.4516334534	20.1735248566	0.0
41.4363327026	20.1477203369	0.0
41.4210281372	20.1219177246	0.0
41.4057273865	20.096113205	0.0
41.3904266357	20.0703086853	0.0
41.375125885	20.0445041656	0.0
41.3598213196	20.0187015533	0.0
41.3445205688	19.9928970337	0.0
41.3292198181	19.967092514	0.0
41.3139152527	19.9412899017	0.0
41.298614502	19.9154853821	0.0
41.2833137512	19.8896808624	0.0
41.2680091858	19.8638763428	0.0
41.2527084351	19.8380737305	0.0
41.2374076843	19.8122692108	0.0
41.2309875488	19.7736110687	0.0
41.2297172546	19.743637085	0.0
41.2284507751	19.7136650085	0.0
41.227180481	19.6836910248	0.0
41.2259101868	19.6537189484	0.0
41.2246437073	19.6237449646	0.0
41.2233734131	19.5937728882	0.0
41.2221031189	19.5637989044	0.0
41.2208366394	19.533826828	0.0
41.2195663452	19.5038528442	0.0
41.218296051	19.4738788605	0.0
41.2170295715	19.4439067841	0.0
41.2157592773	19.4139328003	0.0
41.2144889832	19.3839607239	0.0
41.2132225037	19.3539867401	0.0
41.2119522095	19.3240146637	0.0
41.2106819153	19.2940406799	0.0
41.2094116211	19.2640666962	0.0
41.2081451416	19.2340946198	0.0
41.2068748474	19.204120636	0.0
41.2056045532	19.1741485596	0.0
41.2043380737	19.1441745758	0.0
41.2030677795	19.1142024994	0.0
41.2017974854	19.0842285156	0.0
41.2005310059	19.0542545319	0.0
41.1992607117	19.0242824554	0.0
41.1979904175	18.9943084717	0.0
41.2277412415	18.9888973236	0.0
41.2577400208	18.9893283844	0.0
41.2877349854	18.9897594452	0.0
41.3177337646	18.990190506	0.0
41.3477287292	18.9906234741	0.0
41.3777275085	18.9910545349	0.0
41.4077224731	18.9914855957	0.0
41.4377212524	18.9919166565	0.0
41.467716217	18.9923477173	0.0
41.4977149963	18.9927787781	0.0
41.5277099609	18.9932098389	0.0
41.5577087402	18.9936408997	0.0
41.5877037048	18.9940738678	0.0
41.6177024841	18.9945049286	0.0
41.6476974487	18.994934082	0.0
41.677696228	18.9953651428	0.0
41.7076911926	18.995798111	0.0
41.7376899719	18.9962291718	0.0
41.7676849365	18.9966602325	0.0
41.7976837158	18.9970912933	0.0
41.8276786804	18.9975223541	0.0
41.8576774597	18.9979534149	0.0
41.8876724243	18.9983844757	0.0
41.9176712036	18.9988155365	0.0
41.9476661682	18.9992485046	0.0
41.9776649475	18.9996795654	0.0
41.1964759827	18.9584922791	0.0
41.1952056885	18.9285202026	0.0
41.193939209	18.8985462189	0.0
41.1926689148	18.8685741425	0.0
41.1913986206	18.8386001587	0.0
41.1901321411	18.8086280823	0.0
41.1888618469	18.7786540985	0.0
41.1875915527	18.7486801147	0.0
41.1863250732	18.7187080383	0.0
41.1850547791	18.6887340546	0.0
41.1837844849	18.6587619781	0.0
41.1825141907	18.6287899017	0.0
41.1812477112	18.598815918	0.0
41.179977417	18.5688419342	0.0
41.1787071228	18.5388698578	0.0
41.1774406433	18.508895874	0.0
41.1761703491	18.4789237976	0.0
41.1749038696	18.4489498138	0.0
41.1736335754	18.4189777374	0.0
41.1723632812	18.3890037537	0.0
41.1710968018	18.3590297699	0.0
41.1698265076	18.3290576935	0.0
41.1685562134	18.2990837097	0.0
41.1672897339	18.2691116333	0.0
41.1660194397	18.2391376495	0.0
41.1647491455	18.2091655731	0.0
41.163482666	18.1791915894	0.0
41.142665863	18.1515083313	0.0
41.1221008301	18.1296672821	0.0
41.1015357971	18.1078262329	0.0
41.0809669495	18.0859851837	0.0
41.0604019165	18.0641441345	0.0
41.0398368835	18.0423030853	0.0
41.0192680359	18.0204639435	0.0
41.1647796631	18.1433887482	0.0
41.1663208008	18.1134281158	0.0
41.1678657532	18.0834674835	0.0
41.1694107056	18.0535087585	0.0
41.170955658	18.0235462189	0.0
41.1724967957	17.9935874939	0.0
41.174041748	17.9636268616	0.0
41.1755867004	17.9336662292	0.0
41.1771316528	17.9037075043	0.0
41.1786727905	17.8737468719	0.0
41.1802177429	17.8437862396	0.0
41.1817626953	17.8138256073	0.0
41.1833076477	17.7838668823	0.0
41.1857376099	17.7366943359	0.0
41.1872825623	17.706735611	0.0
41.1888237	17.6767730713	0.0
41.1903686523	17.6468143463	0.0
41.1919136047	17.616853714	0.0
41.1934585571	17.5868930817	0.0
41.1949996948	17.5569324493	0.0
41.1965446472	17.5269737244	0.0
41.1980895996	17.497013092	0.0
41.199634552	17.4670524597	0.0
41.2011756897	17.4370918274	0.0
41.2027206421	17.4071311951	0.0
41.2042655945	17.3771724701	0.0
41.1902961731	17.333896637	0.0
41.1754417419	17.3078327179	0.0
41.1605873108	17.2817687988	0.0
41.1457328796	17.2557048798	0.0
41.1308784485	17.2296409607	0.0
41.1160240173	17.2035770416	0.0
41.1011695862	17.1775112152	0.0
41.086315155	17.1514472961	0.0
41.0714607239	17.1253833771	0.0
41.0566062927	17.099319458	0.0
41.0417518616	17.0732555389	0.0
41.0268974304	17.0471916199	0.0
41.0120391846	17.0211277008	0.0
41.2059288025	17.3299713135	0.0
41.206703186	17.2999801636	0.0
41.2074775696	17.269990921	0.0
41.2082557678	17.2400016785	0.0
41.2090301514	17.2100105286	0.0
41.2098045349	17.180021286	0.0
41.2105827332	17.1500301361	0.0
41.2113571167	17.1200428009	0.0
41.2121315002	17.090051651	0.0
41.2129096985	17.0600624084	0.0
41.213684082	17.0300712585	0.0
41.2144584656	17.000082016	0.0
41.2152328491	16.9700927734	0.0
41.2160110474	16.9401016235	0.0
41.2167854309	16.910112381	0.0
41.2175598145	16.8801212311	0.0
41.2183380127	16.8501319885	0.0
41.2191123962	16.820142746	0.0
41.2198867798	16.7901515961	0.0
41.2151298523	16.7338962555	0.0
41.2096786499	16.7043972015	0.0
41.2042274475	16.6748962402	0.0
41.1987762451	16.6453952789	0.0
41.1933250427	16.6158943176	0.0
41.1878738403	16.5863933563	0.0
41.1824226379	16.556892395	0.0
41.1769714355	16.5273933411	0.0
41.1715202332	16.4978923798	0.0
41.1660690308	16.4683914185	0.0
41.1606178284	16.4388904572	0.0
41.155166626	16.4093894958	0.0
41.1497154236	16.3798904419	0.0
41.1442680359	16.3503894806	0.0
41.1388168335	16.3208885193	0.0
41.1333656311	16.291387558	0.0
41.1279144287	16.2618865967	0.0
41.1224632263	16.2323856354	0.0
41.1170120239	16.2028865814	0.0
41.1115608215	16.1733856201	0.0
41.1061096191	16.1438846588	0.0
41.1006584167	16.1143836975	0.0
41.0952072144	16.0848827362	0.0
41.089756012	16.0553836823	0.0
41.0843048096	16.0258827209	0.0
41.0788536072	15.996380806	0.0
41.0734024048	15.9668807983	0.0
41.0679512024	15.937379837	0.0
41.0625038147	15.9078798294	0.0
41.0570526123	15.8783788681	0.0
41.0516014099	15.8488779068	0.0
41.0733642578	15.8254747391	0.0
41.0957641602	15.805519104	0.0
41.1181640625	15.7855644226	0.0
41.1405677795	15.7656087875	0.0
41.1629676819	15.7456541061	0.0
41.1853675842	15.7256994247	0.0
41.2077674866	15.7057437897	0.0
41.2301673889	15.6857881546	0.0
41.2525672913	15.6658334732	0.0
41.2749710083	15.6458778381	0.0
41.2973709106	15.6259231567	0.0
41.319770813	15.6059684753	0.0
41.3421707153	15.5860118866	0.0
41.3645744324	15.5660572052	0.0
41.3869743347	15.5461015701	0.0
41.4093742371	15.5261468887	0.0
41.4317741394	15.5061922073	0.0
41.4541740417	15.4862356186	0.0
41.4765777588	15.4662809372	0.0
41.4989776611	15.4463262558	0.0
41.5213775635	15.4263706207	0.0
41.5437774658	15.4064159393	0.0
41.5661773682	15.3864612579	0.0
41.5885810852	15.3665046692	0.0
41.6109809875	15.3465499878	0.0
41.6333808899	15.3265953064	0.0
41.6557807922	15.3066396713	0.0
41.6781806946	15.2866849899	0.0
41.7005844116	15.2667293549	0.0
41.722984314	15.2467737198	0.0
41.7453842163	15.2268190384	0.0
41.7677841187	15.206864357	0.0
41.7901878357	15.1869087219	0.0
41.8363418579	15.1543807983	0.0
41.8624916077	15.1396760941	0.0
41.8886375427	15.1249723434	0.0
41.9147872925	15.1102666855	0.0
41.9409370422	15.0955619812	0.0
41.967086792	15.0808572769	0.0
41.9932365417	15.066151619	0.0
42.0193824768	15.0514469147	0.0
42.0455322266	15.0367431641	0.0
42.0716819763	15.0220384598	0.0
42.0978317261	15.0073328018	0.0
42.1239814758	14.9926280975	0.0
42.1501274109	14.9779233932	0.0
42.1762771606	14.963218689	0.0
42.2024269104	14.9485139847	0.0
42.2285766602	14.9338092804	0.0
42.2547264099	14.9191036224	0.0
42.280872345	14.9043989182	0.0
42.3070220947	14.8896942139	0.0
42.3331718445	14.8749904633	0.0
42.3593215942	14.8602848053	0.0
42.4104347229	14.8550863266	0.0
42.4395675659	14.8622455597	0.0
42.4687004089	14.8694067001	0.0
42.497833252	14.8765678406	0.0
42.5269622803	14.883728981	0.0
42.5560951233	14.8908901215	0.0
42.585231781	14.8980503082	0.0
42.614364624	14.9052114487	0.0
42.643497467	14.9123716354	0.0
42.6726303101	14.9195327759	0.0
42.7017631531	14.9266939163	0.0
42.7308921814	14.9338541031	0.0
42.7600288391	14.9410152435	0.0
42.7891616821	14.948176384	0.0
42.8182945251	14.9553365707	0.0
42.8474273682	14.9624977112	0.0
42.8765602112	14.9696578979	0.0
42.9056892395	14.9768190384	0.0
42.9348258972	14.9839801788	0.0
42.9639587402	14.9911413193	0.0
42.9930915833	14.9983024597	0.0
42.393535614	14.8205327988	0.0
42.4057693481	14.7931413651	0.0
42.4180030823	14.7657489777	0.0
42.4302368164	14.7383565903	0.0
42.4424705505	14.7109651566	0.0
42.4547042847	14.6835727692	0.0
42.4669418335	14.6561813354	0.0
42.4791755676	14.6287889481	0.0
42.4914093018	14.6013965607	0.0
42.5036430359	14.574005127	0.0
42.51587677	14.5466127396	0.0
42.5281105042	14.5192213058	0.0
42.5403442383	14.4918289185	0.0
42.5525817871	14.4644365311	0.0
42.5648155212	14.4370450974	0.0
42.5770492554	14.40965271	0.0
42.5892829895	14.3822612762	0.0
42.6015167236	14.3548688889	0.0
42.6137504578	14.3274774551	0.0
42.6259841919	14.3000850677	0.0
42.6382217407	14.2726926804	0.0
42.6504554749	14.2453012466	0.0
42.662689209	14.2179088593	0.0
42.6749229431	14.1905174255	0.0
42.6871566772	14.1631250381	0.0
42.6993904114	14.1357326508	0.0
42.7116241455	14.108341217	0.0
42.7238616943	14.0809488297	0.0
42.7360954285	14.0535573959	0.0
42.7483291626	14.0261650085	0.0
42.7605628967	13.9987726212	0.0
42.7727966309	13.9713811874	0.0
42.785030365	13.9439888	0.0
42.8237533569	13.9307823181	0.0
42.8516769409	13.9417476654	0.0
42.8796005249	13.95271492	0.0
42.9075241089	13.9636821747	0.0
42.9354476929	13.9746484756	0.0
42.9633712769	13.9856147766	0.0
42.9912948608	13.9965810776	0.0
42.8023300171	13.8905277252	0.0
42.8088302612	13.8612413406	0.0
42.8153305054	13.8319540024	0.0
42.8218345642	13.8026657104	0.0
42.8283348083	13.7733793259	0.0
42.8348350525	13.7440919876	0.0
42.8413352966	13.7148046494	0.0
42.8478355408	13.6855182648	0.0
42.8543357849	13.6562309265	0.0
42.8608398438	13.6269426346	0.0
42.8673400879	13.59765625	0.0
42.873840332	13.5683689117	0.0
42.8803405762	13.5390815735	0.0
42.8868408203	13.5097951889	0.0
42.8933410645	13.4805078506	0.0
42.8998413086	13.4512195587	0.0
42.9063453674	13.4219331741	0.0
42.9128456116	13.3926458359	0.0
42.9193458557	13.3633594513	0.0
42.9258460999	13.334072113	0.0
42.932346344	13.3047838211	0.0
42.9388465881	13.2754974365	0.0
42.945350647	13.2462100983	0.0
42.9518508911	13.21692276	0.0
42.9583511353	13.1876363754	0.0
42.9648513794	13.1583490372	0.0
42.9713516235	13.1290607452	0.0
42.9778518677	13.0997743607	0.0
42.9843521118	13.0704870224	0.0
42.9908561707	13.0411996841	0.0
42.9973564148	13.0119132996	0.0
41.8325920105	15.1491308212	0.0
41.8549957275	15.1291761398	0.0
41.8773956299	15.1092195511	0.0
41.8997955322	15.0892648697	0.0
41.9221954346	15.0693101883	0.0
41.9445953369	15.0493545532	0.0
41.9669952393	15.0293998718	0.0
41.9893989563	15.0094451904	0.0
41.0413513184	15.8170108795	0.0
41.0317382812	15.7885923386	0.0
41.0221290588	15.7601737976	0.0
41.0125198364	15.7317552567	0.0
41.0029067993	15.703335762	0.0
40.9932937622	15.6749181747	0.0
40.9787025452	15.6317739487	0.0
40.9690933228	15.6033563614	0.0
40.9594802856	15.5749368668	0.0
40.931186676	15.5522708893	0.0
40.9053840637	15.5369682312	0.0
40.8795814514	15.5216636658	0.0
40.8537788391	15.5063610077	0.0
40.8279762268	15.4910583496	0.0
40.8021736145	15.4757537842	0.0
40.7763671875	15.4604511261	0.0
40.7505645752	15.4451465607	0.0
40.7247619629	15.4298439026	0.0
40.6989593506	15.4145402908	0.0
40.6731567383	15.3992366791	0.0
40.6473503113	15.383934021	0.0
40.621547699	15.3686304092	0.0
40.5957450867	15.3533267975	0.0
40.5699424744	15.3380231857	0.0
40.5441398621	15.322719574	0.0
40.5183372498	15.3074159622	0.0
40.4925346375	15.2921133041	0.0
40.4667282104	15.2768096924	0.0
40.4409255981	15.2615060806	0.0
40.4151229858	15.2462034225	0.0
40.3893203735	15.2308988571	0.0
40.3635177612	15.215596199	0.0
40.3377151489	15.2002916336	0.0
40.3119125366	15.1849889755	0.0
40.2861061096	15.1696863174	0.0
40.2603034973	15.154381752	0.0
40.234500885	15.1390790939	0.0
40.2086982727	15.1237745285	0.0
40.1828956604	15.1084718704	0.0
40.1570930481	15.0931682587	0.0
40.1312866211	15.0778646469	0.0
40.1054840088	15.0625610352	0.0
40.0796813965	15.0472583771	0.0
40.0538787842	15.0319547653	0.0
40.0280761719	15.0166511536	0.0
40.0022735596	15.0013475418	0.0
40.9473800659	15.5391559601	0.0
40.9377670288	15.5107374191	0.0
40.9281578064	15.4823188782	0.0
40.9152984619	15.4468050003	0.0
40.9049301147	15.4186525345	0.0
40.8945655823	15.390501976	0.0
40.8841972351	15.3623504639	0.0
40.8738288879	15.334197998	0.0
40.8634605408	15.3060474396	0.0
40.8530921936	15.2778949738	0.0
40.8427276611	15.2497444153	0.0
40.832359314	15.2215919495	0.0
40.8219909668	15.1934404373	0.0
40.8116226196	15.1652889252	0.0
40.8012542725	15.137137413	0.0
40.79088974	15.1089859009	0.0
40.7805213928	15.0808343887	0.0
40.7701530457	15.0526819229	0.0
40.7597846985	15.0245313644	0.0
40.7494163513	14.9963788986	0.0
40.7390518188	14.9682273865	0.0
40.7286834717	14.9400758743	0.0
40.7183151245	14.9119243622	0.0
40.7079467773	14.88377285	0.0
40.6975784302	14.8556213379	0.0
40.6872138977	14.8274688721	0.0
40.6768455505	14.7993183136	0.0
40.6664772034	14.7711658478	0.0
40.6561088562	14.7430152893	0.0
40.645740509	14.7148628235	0.0
40.6353721619	14.6867113113	0.0
40.6250076294	14.6585597992	0.0
40.6146392822	14.630408287	0.0
40.6042709351	14.6022558212	0.0
40.5939025879	14.5741052628	0.0
40.5835342407	14.5459527969	0.0
40.5731697083	14.5178022385	0.0
40.5628013611	14.4896497726	0.0
40.5524330139	14.4614982605	0.0
40.5420646667	14.4333467484	0.0
40.5317001343	14.4051952362	0.0
40.5213317871	14.3770437241	0.0
40.5109634399	14.3488922119	0.0
40.5005950928	14.3207397461	0.0
40.4902267456	14.2925891876	0.0
40.4798622131	14.2644367218	0.0
40.469493866	14.2362861633	0.0
40.4591255188	14.2081336975	0.0
40.4487571716	14.1799821854	0.0
40.4383888245	14.1518306732	0.0
40.428024292	14.1236791611	0.0
40.4176559448	14.0955266953	0.0
40.4072875977	14.0673761368	0.0
40.3969192505	14.039223671	0.0
40.3865509033	14.0110731125	0.0
40.3761863708	13.9829206467	0.0
40.3658180237	13.9547691345	0.0
40.3554496765	13.9266176224	0.0
40.3739128113	13.8938484192	0.0
40.3977203369	13.8755941391	0.0
40.4215278625	13.857339859	0.0
40.4453315735	13.8390855789	0.0
40.4691390991	13.8208312988	0.0
40.4929466248	13.8025770187	0.0
40.5167541504	13.7843227386	0.0
40.540561676	13.7660694122	0.0
40.5643692017	13.7478141785	0.0
40.5881767273	13.7295598984	0.0
40.6119842529	13.7113056183	0.0
40.6357917786	13.6930522919	0.0
40.6595993042	13.6747980118	0.0
40.6834068298	13.656542778	0.0
40.7072105408	13.6382894516	0.0
40.7446403503	13.6473808289	0.0
40.7622375488	13.6716785431	0.0
40.7798309326	13.6959762573	0.0
40.7974281311	13.7202739716	0.0
40.8150253296	13.7445716858	0.0
40.8326187134	13.7688703537	0.0
40.8502159119	13.7931671143	0.0
40.8879356384	13.7941083908	0.0
40.9123497009	13.7766742706	0.0
40.9367637634	13.7592401505	0.0
40.9611778259	13.7418060303	0.0
40.9855957031	13.7243719101	0.0
41.0100097656	13.7069377899	0.0
41.0344238281	13.6895036697	0.0
41.0588378906	13.6720695496	0.0
41.0832519531	13.6546363831	0.0
41.1076660156	13.6372032166	0.0
41.1320800781	13.6197690964	0.0
41.1564941406	13.6023349762	0.0
41.1809082031	13.584900856	0.0
41.2053222656	13.5674667358	0.0
41.2297363281	13.5500326157	0.0
41.2541503906	13.5325994492	0.0
41.2785644531	13.515165329	0.0
41.3029785156	13.4977312088	0.0
41.3273925781	13.4802980423	0.0
41.3518066406	13.4628639221	0.0
41.3762245178	13.4454298019	0.0
41.4006385803	13.4279956818	0.0
41.4250526428	13.4105615616	0.0
41.4494667053	13.3931283951	0.0
41.4738807678	13.3756942749	0.0
41.4982948303	13.3582601547	0.0
41.5227088928	13.3408260345	0.0
41.5471229553	13.3233919144	0.0
41.5715370178	13.3059587479	0.0
41.5959510803	13.2885246277	0.0
41.6203651428	13.2710914612	0.0
41.6447792053	13.253657341	0.0
41.6691932678	13.2362232208	0.0
41.6936073303	13.2187891006	0.0
41.7180213928	13.2013549805	0.0
41.74243927	13.1839208603	0.0
41.7668533325	13.1664867401	0.0
41.791267395	13.1490535736	0.0
41.8156814575	13.1316204071	0.0
41.84009552	13.1141862869	0.0
41.8645095825	13.0967521667	0.0
41.888923645	13.0793180466	0.0
41.9133377075	13.0618839264	0.0
41.93775177	13.0444498062	0.0
41.9621658325	13.027015686	0.0
41.986579895	13.0095815659	0.0
40.8811187744	13.8358392715	0.0
40.8987121582	13.8601369858	0.0
40.9163093567	13.8844347	0.0
40.9339065552	13.9087333679	0.0
40.9515037537	13.9330301285	0.0
40.9690971375	13.9573278427	0.0
40.9866943359	13.9816255569	0.0
40.7390823364	13.5956039429	0.0
40.7511177063	13.5681247711	0.0
40.7631568909	13.5406455994	0.0
40.7751960754	13.5131673813	0.0
40.7872314453	13.4856882095	0.0
40.7992706299	13.4582099915	0.0
40.8113098145	13.4307308197	0.0
40.8233451843	13.4032516479	0.0
40.8353843689	13.3757734299	0.0
40.8474235535	13.3482942581	0.0
40.8594589233	13.3208150864	0.0
40.8714981079	13.2933359146	0.0
40.8835334778	13.2658567429	0.0
40.8955726624	13.2383775711	0.0
40.9076118469	13.210899353	0.0
40.9196472168	13.1834201813	0.0
40.9316864014	13.1559410095	0.0
40.9437255859	13.1284618378	0.0
40.9557609558	13.100982666	0.0
40.9678001404	13.0735054016	0.0
40.9798355103	13.0460262299	0.0
40.9918746948	13.0185470581	0.0
40.3321533203	13.8880662918	0.0
40.314201355	13.8640289307	0.0
40.2962532043	13.8399915695	0.0
40.278301239	13.815955162	0.0
40.2603492737	13.7919178009	0.0
40.2423973083	13.7678823471	0.0
40.2244491577	13.743844986	0.0
40.2064971924	13.7198076248	0.0
40.1885452271	13.6957712173	0.0
40.1705970764	13.6717338562	0.0
40.1408500671	13.6319026947	0.0
40.1228981018	13.6078662872	0.0
40.1049499512	13.5838298798	0.0
40.0869979858	13.5597934723	0.0
40.0690460205	13.5357561111	0.0
40.0510978699	13.51171875	0.0
40.0331459045	13.4876823425	0.0
40.0151939392	13.4636449814	0.0
39.9972457886	13.4396076202	0.0
39.9792938232	13.4155721664	0.0
39.9450263977	13.3799037933	0.0
39.9225502014	13.3600311279	0.0
39.9000778198	13.3401565552	0.0
39.8940162659	13.2983169556	0.0
39.9028396606	13.2696447372	0.0
39.9116668701	13.2409715652	0.0
39.9204940796	13.2123003006	0.0
39.9293212891	13.1836280823	0.0
39.9381446838	13.154955864	0.0
39.9469718933	13.1262836456	0.0
39.9557991028	13.0976114273	0.0
39.9646263123	13.068939209	0.0
39.973449707	13.0402669907	0.0
39.9822769165	13.0115947723	0.0
39.991104126	12.9829216003	0.0
39.9999313354	12.9542503357	0.0
40.0087547302	12.9255781174	0.0
40.0175819397	12.896905899	0.0
40.0264091492	12.8682327271	0.0
40.0352363586	12.8395614624	0.0
40.0440597534	12.8108892441	0.0
40.0528869629	12.7822170258	0.0
40.0617141724	12.7535438538	0.0
40.0705413818	12.7248716354	0.0
40.0793647766	12.6962003708	0.0
40.0881919861	12.6675281525	0.0
40.0970191956	12.6388549805	0.0
40.105846405	12.6101827621	0.0
40.1146697998	12.5815105438	0.0
40.1234970093	12.5528392792	0.0
40.1323242188	12.5241661072	0.0
40.1411514282	12.4954938889	0.0
40.149974823	12.4668216705	0.0
40.1588020325	12.4381504059	0.0
40.1676292419	12.4094772339	0.0
40.1764564514	12.3808050156	0.0
40.1852798462	12.3521327972	0.0
40.1941070557	12.3234605789	0.0
40.2029342651	12.2947893143	0.0
40.2117614746	12.2661161423	0.0
40.2205848694	12.237443924	0.0
40.249458313	12.2281675339	0.0
40.2781600952	12.2194433212	0.0
40.3068656921	12.2107172012	0.0
40.3355674744	12.2019910812	0.0
40.3642692566	12.1932649612	0.0
40.3929748535	12.1845388412	0.0
40.4216766357	12.1758127213	0.0
40.450378418	12.1670875549	0.0
40.4790802002	12.1583623886	0.0
40.5077857971	12.1496362686	0.0
40.5364875793	12.1409101486	0.0
40.5651893616	12.1321840286	0.0
40.5938949585	12.1234579086	0.0
40.6225967407	12.1147327423	0.0
40.6512985229	12.1060066223	0.0
40.6800041199	12.097281456	0.0
40.7087059021	12.088555336	0.0
40.7374076843	12.079829216	0.0
40.7661094666	12.071103096	0.0
40.7961769104	12.0693426132	0.0
40.8261260986	12.0676183701	0.0
40.8560791016	12.0658931732	0.0
40.8860282898	12.0641670227	0.0
40.915977478	12.0624418259	0.0
40.945930481	12.060716629	0.0
40.9758796692	12.0589923859	0.0
41.0058288574	12.057267189	0.0
41.0357818604	12.0555410385	0.0
41.0657310486	12.0538158417	0.0
41.0956802368	12.0520906448	0.0
41.125629425	12.0503664017	0.0
41.155582428	12.0486412048	0.0
41.1855316162	12.0469150543	0.0
41.2154808044	12.0451898575	0.0
41.2454338074	12.0434646606	0.0
41.2753829956	12.0417404175	0.0
41.3053321838	12.040014267	0.0
41.3352813721	12.0382890701	0.0
41.365234375	12.0365638733	0.0
41.3951835632	12.0348386765	0.0
41.4251327515	12.0331144333	0.0
41.4550857544	12.0313882828	0.0
41.4850349426	12.0296630859	0.0
41.5149841309	12.0279378891	0.0
41.5449371338	12.0262126923	0.0
41.574886322	12.0244884491	0.0
41.6048355103	12.0227622986	0.0
41.6347885132	12.0210371017	0.0
41.6647377014	12.0193119049	0.0
41.6946868896	12.0175867081	0.0
41.7246398926	12.0158624649	0.0
41.7545890808	12.0141363144	0.0
41.784538269	12.0124111176	0.0
41.8144874573	12.0106859207	0.0
41.8444404602	12.0089607239	0.0
41.8743896484	12.0072345734	0.0
41.9043388367	12.0055103302	0.0
41.9342918396	12.0037851334	0.0
41.9642410278	12.0020599365	0.0
41.9941902161	12.0003347397	0.0
40.7949295044	12.0623416901	0.0
40.8236312866	12.0536165237	0.0
40.8523368835	12.0448913574	0.0
40.8810386658	12.0361652374	0.0
40.909740448	12.0274391174	0.0
40.9384422302	12.0187129974	0.0
40.9671478271	12.0099868774	0.0
40.9958496094	12.0012617111	0.0
40.2173309326	12.2070903778	0.0
40.2139053345	12.1772871017	0.0
40.2104797363	12.147482872	0.0
40.2070541382	12.1176786423	0.0
40.20362854	12.0878753662	0.0
40.2002067566	12.0580711365	0.0
40.1967811584	12.0282669067	0.0
40.1933555603	11.998462677	0.0
40.1899299622	11.9686603546	0.0
40.186504364	11.9388561249	0.0
40.1830787659	11.9090518951	0.0
40.1796531677	11.8792476654	0.0
40.1762313843	11.8494443893	0.0
40.1728057861	11.8196401596	0.0
40.169380188	11.7898368835	0.0
40.1659545898	11.7600326538	0.0
40.1625289917	11.7302293777	0.0
40.1591033936	11.700425148	0.0
40.1556816101	11.6706209183	0.0
40.1495628357	11.6174058914	0.0
40.1461372375	11.5876016617	0.0
40.1427154541	11.5577983856	0.0
40.139289856	11.5279951096	0.0
40.1358642578	11.4981908798	0.0
40.1324386597	11.4683866501	0.0
40.1290130615	11.438583374	0.0
40.1255874634	11.4087791443	0.0
40.1221656799	11.3789749146	0.0
40.1469612122	11.3412256241	0.0
40.1748161316	11.330083847	0.0
40.2026672363	11.31894207	0.0
40.2305221558	11.307800293	0.0
40.2583770752	11.2966575623	0.0
40.2862319946	11.2855157852	0.0
40.3140869141	11.2743740082	0.0
40.3419418335	11.2632322311	0.0
40.3697929382	11.2520904541	0.0
40.3976478577	11.2409477234	0.0
40.4255027771	11.2298059464	0.0
40.4533576965	11.2186641693	0.0
40.481212616	11.2075223923	0.0
40.5090637207	11.1963796616	0.0
40.5369186401	11.1852378845	0.0
40.5647735596	11.1740961075	0.0
40.592628479	11.1629543304	0.0
40.6204833984	11.1518115997	0.0
40.6483345032	11.1406698227	0.0
40.6761894226	11.1295280457	0.0
40.704044342	11.1183862686	0.0
40.7318992615	11.1072435379	0.0
40.7597541809	11.0961017609	0.0
40.7876052856	11.0849599838	0.0
40.8154602051	11.0738182068	0.0
40.8433151245	11.0626764297	0.0
40.8711700439	11.051533699	0.0
40.8990249634	11.040391922	0.0
40.9268798828	11.029250145	0.0
40.9547309875	11.0181083679	0.0
40.982585907	11.0069656372	0.0
40.1156806946	11.3225641251	0.0
40.1122550964	11.2927598953	0.0
40.1088294983	11.2629556656	0.0
40.1054077148	11.2331533432	0.0
40.1019821167	11.2033491135	0.0
40.0985565186	11.1735448837	0.0
40.0951309204	11.143740654	0.0
40.0917053223	11.1139373779	0.0
40.0882797241	11.0841331482	0.0
40.0711402893	11.0310382843	0.0
40.0570526123	11.0045499802	0.0
40.04296875	10.978061676	0.0
40.0288848877	10.9515743256	0.0
40.0147972107	10.9250860214	0.0
40.0007133484	10.8985977173	0.0
39.9866294861	10.8721103668	0.0
39.9725418091	10.8456220627	0.0
39.9584579468	10.8191337585	0.0
39.9552154541	10.8278656006	0.0
39.9627685547	10.8568992615	0.0
39.97032547	10.8859329224	0.0
39.9778785706	10.9149656296	0.0
39.9854316711	10.9440002441	0.0
39.9929847717	10.9730329514	0.0
39.9345664978	10.7718429565	0.0
39.9214668274	10.7448530197	0.0
39.908367157	10.7178630829	0.0
39.8952713013	10.6908740997	0.0
39.8821754456	10.6638841629	0.0
39.8690757751	10.6368942261	0.0
39.8559761047	10.6099042892	0.0
39.842880249	10.5829153061	0.0
39.8297805786	10.5559253693	0.0
39.8166847229	10.5289354324	0.0
39.8035850525	10.5019464493	0.0
39.7904891968	10.4749555588	0.0
39.7773895264	10.4479656219	0.0
39.7642936707	10.4209756851	0.0
39.7511940002	10.393986702	0.0
39.7380981445	10.3669967651	0.0
39.7249984741	10.3400068283	0.0
39.7119026184	10.3130168915	0.0
39.698802948	10.2860279083	0.0
39.6857032776	10.2590379715	0.0
39.6726074219	10.2320480347	0.0
39.6595077515	10.2050590515	0.0
39.6464118958	10.1780691147	0.0
39.6382331848	10.1354207993	0.0
39.6362228394	10.1054878235	0.0
39.6342124939	10.0755548477	0.0
39.6322021484	10.0456228256	0.0
39.6301956177	10.0156898499	0.0
39.6281852722	9.98575782776	0.0
39.6261787415	9.95582485199	0.0
39.624168396	9.92589187622	0.0
39.6221580505	9.89595985413	0.0
39.6201515198	9.86602687836	0.0
39.6181411743	9.83609390259	0.0
39.6161308289	9.80616188049	0.0
39.6141204834	9.77622890472	0.0
39.6121139526	9.74629592896	0.0
39.6101036072	9.71636390686	0.0
39.6236114502	9.67337226868	0.0
39.6382522583	9.64718532562	0.0
39.6528892517	9.62099838257	0.0
39.6675262451	9.59481239319	0.0
39.6821632385	9.56862545013	0.0
39.6968002319	9.54243755341	0.0
39.7114372253	9.51625061035	0.0
39.7260742188	9.4900636673	0.0
39.7407112122	9.46387767792	0.0
39.7553482056	9.43769073486	0.0
39.769985199	9.41150379181	0.0
39.7846221924	9.38531684875	0.0
39.7992591858	9.3591299057	0.0
39.8138999939	9.33294391632	0.0
39.8285369873	9.30675697327	0.0
39.8431739807	9.28057003021	0.0
39.8578109741	9.25438308716	0.0
39.8724479675	9.2281961441	0.0
39.8870849609	9.20201015472	0.0
39.9017219543	9.17582321167	0.0
39.9163589478	9.14963626862	0.0
39.9309959412	9.12344932556	0.0
39.9456329346	9.09726238251	0.0
39.9602737427	9.07107543945	0.0
39.9749107361	9.04488945007	0.0
39.9895477295	9.01870155334	0.0
39.5928764343	9.674243927	0.0
39.5767784119	9.64892864227	0.0
39.5606803894	9.62361431122	0.0
39.5445823669	9.59829902649	0.0
39.5284843445	9.57298374176	0.0
39.512386322	9.54767036438	0.0
39.4962882996	9.52235507965	0.0
39.4801902771	9.49703979492	0.0
39.4640922546	9.47172546387	0.0
39.4479942322	9.44641017914	0.0
39.431892395	9.42109489441	0.0
39.4157943726	9.39577960968	0.0
39.3996963501	9.37046527863	0.0
39.3835983276	9.3451499939	0.0
39.3675003052	9.31983566284	0.0
39.3514022827	9.29452133179	0.0
39.3353042603	9.26920604706	0.0
39.3192062378	9.24389076233	0.0
39.3031082153	9.21857643127	0.0
39.2870101929	9.19326114655	0.0
39.2709121704	9.16794586182	0.0
39.2548103333	9.14263057709	0.0
39.2387123108	9.11731719971	0.0
39.2041282654	9.09335517883	0.0
39.1768455505	9.08087825775	0.0
39.1495628357	9.06840133667	0.0
39.1222801208	9.05592441559	0.0
39.0950012207	9.04344654083	0.0
39.0677185059	9.03096961975	0.0
39.040435791	9.018491745	0.0
39.0131530762	9.00601482391	0.0
39.2156257629	9.08032131195	0.0
39.1998405457	9.05480957031	0.0
39.1840553284	9.02929782867	0.0
39.1682701111	9.00378704071	0.0
39.1524848938	8.97827625275	0.0
39.1366996765	8.95276546478	0.0
39.1209144592	8.92725276947	0.0
39.1051292419	8.90174198151	0.0
39.0893440247	8.87623119354	0.0
39.0735588074	8.85072040558	0.0
39.0577735901	8.82520771027	0.0
39.0419883728	8.7996969223	0.0
39.0262031555	8.77418613434	0.0
39.0104179382	8.7486743927	0.0
38.9946327209	8.72316265106	0.0
38.9788475037	8.6976518631	0.0
38.9630622864	8.67214107513	0.0
38.9472770691	8.6466293335	0.0
38.9314918518	8.62111759186	0.0
38.9157066345	8.59560680389	0.0
38.8999214172	8.57009601593	0.0
38.8841362	8.54458427429	0.0
38.8761062622	8.4906539917	0.0
38.8834533691	8.46156692505	0.0
38.8907966614	8.4324798584	0.0
38.8981437683	8.40339279175	0.0
38.9054870605	8.3743057251	0.0
38.9128303528	8.34521865845	0.0
38.920173645	8.3161315918	0.0
38.927520752	8.28704452515	0.0
38.9348640442	8.25795841217	0.0
38.9422073364	8.22887134552	0.0
38.9495544434	8.19978427887	0.0
38.9568977356	8.17069721222	0.0
38.9642448425	8.14160919189	0.0
38.9715881348	8.11252212524	0.0
38.978931427	8.08343505859	0.0
38.9862785339	8.05434799194	0.0
38.9936218262	8.02526092529	0.0
38.8430175781	8.50433921814	0.0
38.8172721863	8.4889383316	0.0
38.7915306091	8.47353553772	0.0
38.7657852173	8.45813369751	0.0
38.7400398254	8.4427318573	0.0
38.7142944336	8.42733001709	0.0
38.6885528564	8.41192913055	0.0
38.6628074646	8.39652729034	0.0
38.6370620728	8.38112545013	0.0
38.6113166809	8.36572265625	0.0
38.5855712891	8.35032081604	0.0
38.5598297119	8.33491897583	0.0
38.5340843201	8.31951808929	0.0
38.5083389282	8.30411624908	0.0
38.4825935364	8.28871440887	0.0
38.4568481445	8.27331161499	0.0
38.4311065674	8.25790977478	0.0
38.4053611755	8.24250888824	0.0
38.3796157837	8.22710704803	0.0
38.3538703918	8.21170520782	0.0
38.3281288147	8.19630336761	0.0
38.3023834229	8.18090057373	0.0
38.276638031	8.16549968719	0.0
38.2508926392	8.15009784698	0.0
38.2251472473	8.13469600677	0.0
38.1994056702	8.11929416656	0.0
38.1736602783	8.10389232635	0.0
38.1479148865	8.08848953247	0.0
38.1221694946	8.07308864594	0.0
38.0964241028	8.05768680573	0.0
38.0706825256	8.04228496552	0.0
38.0449371338	8.02688312531	0.0
38.0191917419	8.0114812851	0.0
39.6106872559	10.1601982117	0.0
39.5811347961	10.1550426483	0.0
39.5515785217	10.1498880386	0.0
39.522026062	10.1447324753	0.0
39.4924736023	10.1395769119	0.0
39.4629173279	10.1344223022	0.0
39.4333648682	10.1292667389	0.0
39.4038124084	10.1241121292	0.0
39.374256134	10.1189556122	0.0
39.3447036743	10.1138010025	0.0
39.3151512146	10.1086463928	0.0
39.2855949402	10.1034908295	0.0
39.2560424805	10.0983352661	0.0
39.2264900208	10.0931797028	0.0
39.1969337463	10.0880250931	0.0
39.1673812866	10.0828695297	0.0
39.1209068298	10.0651397705	0.0
39.094493866	10.0509109497	0.0
39.0680847168	10.0366821289	0.0
39.0416717529	10.0224523544	0.0
39.0152626038	10.00822258	0.0
39.1201019287	10.0667457581	0.0
39.0928878784	10.0541219711	0.0
39.0656738281	10.0414981842	0.0
39.0384559631	10.0288743973	0.0
39.0112419128	10.0162496567	0.0
38.9840278625	10.0036258698	0.0
38.9568138123	9.99100208282	0.0
38.929599762	9.9783782959	0.0
38.9023857117	9.9657535553	0.0
38.8751678467	9.95312976837	0.0
38.8479537964	9.94050598145	0.0
38.8207397461	9.92788314819	0.0
38.7935256958	9.91525936127	0.0
38.7663116455	9.90263462067	0.0
38.7390975952	9.89001083374	0.0
38.7118797302	9.87738704681	0.0
38.6846656799	9.86476325989	0.0
38.6574516296	9.85213947296	0.0
38.6302375793	9.83951473236	0.0
38.6030235291	9.82689094543	0.0
38.5758094788	9.81426715851	0.0
38.5485954285	9.80164337158	0.0
38.5111579895	9.80785942078	0.0
38.4830741882	9.81841468811	0.0
38.4549942017	9.82897090912	0.0
38.4269104004	9.83952713013	0.0
38.3988304138	9.85008239746	0.0
38.3707504272	9.86063766479	0.0
38.342666626	9.8711938858	0.0
38.3145866394	9.88174915314	0.0
38.2865028381	9.89230537415	0.0
38.2584228516	9.90286064148	0.0
38.230342865	9.91341590881	0.0
38.2022590637	9.92397212982	0.0
38.1741752625	9.93452835083	0.0
38.1460952759	9.94508361816	0.0
38.1180152893	9.9556388855	0.0
38.089931488	9.96619510651	0.0
38.0618515015	9.97675132751	0.0
38.0337677002	9.98730564117	0.0
38.0056877136	9.99786186218	0.0
38.5224304199	9.77245426178	0.0
38.5056266785	9.74760341644	0.0
38.4888191223	9.72275257111	0.0
38.4720115662	9.69790267944	0.0
38.45520401	9.67305278778	0.0
38.4383964539	9.64820289612	0.0
38.4215888977	9.62335300446	0.0
38.4047851562	9.59850215912	0.0
38.3879776001	9.57365226746	0.0
38.3711700439	9.54880237579	0.0
38.3543624878	9.52395153046	0.0
38.3375549316	9.49910163879	0.0
38.3207473755	9.47425174713	0.0
38.303943634	9.44940185547	0.0
38.2871360779	9.42455101013	0.0
38.2703285217	9.39970111847	0.0
38.2535209656	9.37485122681	0.0
38.2367134094	9.35000133514	0.0
38.219909668	9.32515144348	0.0
38.2031021118	9.30030059814	0.0
38.1862945557	9.27544975281	0.0
38.1694869995	9.25059986115	0.0
38.1526794434	9.22574996948	0.0
38.1358757019	9.20090007782	0.0
38.1190681458	9.17605018616	0.0
38.1022605896	9.15120029449	0.0
38.0854530334	9.12635040283	0.0
38.0686454773	9.10149860382	0.0
38.0518417358	9.07664871216	0.0
38.0350341797	9.0517988205	0.0
38.0182266235	9.02694892883	0.0
38.0014190674	9.00209903717	0.0
40.0920753479	11.0283193588	0.0
40.0989265442	10.9991121292	0.0
40.1057815552	10.9699048996	0.0
40.1126327515	10.94069767	0.0
40.1194839478	10.911491394	0.0
40.1263389587	10.8822841644	0.0
40.133190155	10.8530769348	0.0
40.1400413513	10.8238697052	0.0
40.1468963623	10.7946634293	0.0
40.1537475586	10.7654561996	0.0
40.1605987549	10.73624897	0.0
40.1674537659	10.7070426941	0.0
40.1743049622	10.6778364182	0.0
40.1811561584	10.6486291885	0.0
40.1880073547	10.6194219589	0.0
40.1948623657	10.5902147293	0.0
40.201713562	10.5610084534	0.0
40.2289962769	10.5328569412	0.0
40.2536735535	10.5158004761	0.0
40.2783546448	10.4987440109	0.0
40.3030357361	10.4816865921	0.0
40.3277130127	10.4646310806	0.0
40.352394104	10.4475736618	0.0
40.3770713806	10.4305181503	0.0
40.4017524719	10.4134607315	0.0
40.4264335632	10.39640522	0.0
40.4511108398	10.3793487549	0.0
40.4757881165	10.3622922897	0.0
40.5004692078	10.3452358246	0.0
40.5251502991	10.3281793594	0.0
40.5498275757	10.3111228943	0.0
40.574508667	10.2940664291	0.0
40.5991897583	10.277009964	0.0
40.6238670349	10.2599525452	0.0
40.6485481262	10.2428970337	0.0
40.6732254028	10.2258396149	0.0
40.6979064941	10.2087841034	0.0
40.7225837708	10.1917266846	0.0
40.7472648621	10.1746711731	0.0
40.7719421387	10.1576137543	0.0
40.79662323	10.1405582428	0.0
40.8213043213	10.123500824	0.0
40.8459815979	10.1064453125	0.0
40.8706626892	10.0893878937	0.0
40.8953399658	10.0723323822	0.0
40.9200210571	10.0552749634	0.0
40.9446983337	10.0382194519	0.0
40.969379425	10.0211620331	0.0
40.9940605164	10.0041055679	0.0
40.1938667297	10.5217924118	0.0
40.1834182739	10.4936704636	0.0
40.1729698181	10.4655475616	0.0
40.1625213623	10.4374265671	0.0
40.1520729065	10.4093046188	0.0
40.1416244507	10.3811826706	0.0
40.1311759949	10.3530607224	0.0
40.1207275391	10.3249397278	0.0
40.1102828979	10.2968177795	0.0
40.0998306274	10.2686958313	0.0
40.0893821716	10.2405748367	0.0
40.0789337158	10.2124528885	0.0
40.06848526	10.1843309402	0.0
40.0580368042	10.156208992	0.0
40.0475883484	10.1280879974	0.0
40.0371437073	10.0999660492	0.0
40.0266914368	10.071844101	0.0
40.0162467957	10.0437231064	0.0
40.0057945251	10.0156011581	0.0
40.1230583191	11.6451683044	0.0
40.0931282043	11.6431245804	0.0
40.0631980896	11.6410827637	0.0
40.0332679749	11.639040947	0.0
40.0033378601	11.6369981766	0.0
39.9734077454	11.6349563599	0.0
39.9434776306	11.6329126358	0.0
39.9135475159	11.6308708191	0.0
39.8836174011	11.6288290024	0.0
39.8536834717	11.626786232	0.0
39.8087387085	11.6073408127	0.0
39.7847480774	11.5893259048	0.0
39.7607574463	11.571310997	0.0
39.7367706299	11.5532960892	0.0
39.7127838135	11.5352811813	0.0
39.6887931824	11.5172662735	0.0
39.6648025513	11.4992513657	0.0
39.6408157349	11.4812364578	0.0
39.6168251038	11.4632205963	0.0
39.5928382874	11.4452056885	0.0
39.5688476562	11.4271907806	0.0
39.5448608398	11.4091768265	0.0
39.5208702087	11.3911619186	0.0
39.4968833923	11.3731470108	0.0
39.4728927612	11.355132103	0.0
39.4489059448	11.3371171951	0.0
39.4249153137	11.3191022873	0.0
39.4009284973	11.3010873795	0.0
39.3769378662	11.2830724716	0.0
39.3529510498	11.2650566101	0.0
39.3289604187	11.2470417023	0.0
39.3049736023	11.2290267944	0.0
39.2809829712	11.2110118866	0.0
39.2569961548	11.1929969788	0.0
39.2330055237	11.1749820709	0.0
39.2090187073	11.1569671631	0.0
39.1850280762	11.1389522552	0.0
39.1610412598	11.1209373474	0.0
39.1370506287	11.1029224396	0.0
39.1130638123	11.0849065781	0.0
39.0890731812	11.0668916702	0.0
39.0650863647	11.0488767624	0.0
39.0410957336	11.0308618546	0.0
39.0171089172	11.0128469467	0.0
39.8449554443	11.6527500153	0.0
39.8571891785	11.6801433563	0.0
39.8694190979	11.7075366974	0.0
39.8816490173	11.7349300385	0.0
39.8938789368	11.7623243332	0.0
39.9061126709	11.7897167206	0.0
39.9183425903	11.8171110153	0.0
39.9305725098	11.8445043564	0.0
39.9428024292	11.8718976974	0.0
39.9550361633	11.8992910385	0.0
39.9672660828	11.9266853333	0.0
39.9794960022	11.9540777206	0.0
39.9917259216	11.9814720154	0.0
39.8627166748	13.3071155548	0.0
39.8402404785	13.2872419357	0.0
39.8177680969	13.2673692703	0.0
39.7952957153	13.2474946976	0.0
39.7728233337	13.2276220322	0.0
39.7503509521	13.2077484131	0.0
39.7278747559	13.187874794	0.0
39.7054023743	13.1680011749	0.0
39.6829299927	13.1481275558	0.0
39.6604576111	13.1282539368	0.0
39.6379852295	13.1083812714	0.0
39.6155128479	13.0885066986	0.0
39.5930366516	13.0686340332	0.0
39.57056427	13.0487604141	0.0
39.5480918884	13.028886795	0.0
39.5256195068	13.009013176	0.0
39.5031433105	12.9891395569	0.0
39.480670929	12.9692659378	0.0
39.4581985474	12.9493923187	0.0
39.4357261658	12.9295186996	0.0
39.4132537842	12.9096450806	0.0
39.3907775879	12.8897724152	0.0
39.3683052063	12.8698978424	0.0
39.3458328247	12.850025177	0.0
39.3233604431	12.8301506042	0.0
39.3008842468	12.8102779388	0.0
39.2784118652	12.7904043198	0.0
39.2559394836	12.7705307007	0.0
39.2334671021	12.7506570816	0.0
39.2109947205	12.7307844162	0.0
39.1885185242	12.7109098434	0.0
39.1660461426	12.691037178	0.0
39.1144752502	12.6697473526	0.0
39.0845527649	12.6676015854	0.0
39.0546302795	12.6654558182	0.0
39.0247077942	12.663310051	0.0
38.9947853088	12.6611642838	0.0
38.9648590088	12.6590175629	0.0
38.9449615479	12.6867656708	0.0
38.9501533508	12.7163143158	0.0
38.9553451538	12.7458610535	0.0
38.9605369568	12.7754077911	0.0
38.9657287598	12.8049564362	0.0
38.9709205627	12.8345031738	0.0
38.9761123657	12.8640508652	0.0
38.9813041687	12.8935976028	0.0
38.9864959717	12.9231452942	0.0
38.9916877747	12.9526929855	0.0
38.9968795776	12.9822397232	0.0
38.9098472595	12.6550731659	0.0
38.8799247742	12.6529273987	0.0
38.8500022888	12.6507806778	0.0
38.8200798035	12.6486358643	0.0
38.7901573181	12.646490097	0.0
38.7602348328	12.6443443298	0.0
38.7303085327	12.6421976089	0.0
38.7003860474	12.6400518417	0.0
38.670463562	12.6379060745	0.0
38.6405410767	12.635761261	0.0
38.6106185913	12.6336145401	0.0
38.5806922913	12.6314687729	0.0
38.5507698059	12.6293230057	0.0
38.5208473206	12.6271772385	0.0
38.4909248352	12.6250314713	0.0
38.4390602112	12.6419391632	0.0
38.4158096313	12.6608991623	0.0
38.3925628662	12.6798591614	0.0
38.3693122864	12.6988191605	0.0
38.3460617065	12.7177791595	0.0
38.3228111267	12.7367391586	0.0
38.2995643616	12.7556991577	0.0
38.2763137817	12.7746591568	0.0
38.2530670166	12.7936191559	0.0
38.2298164368	12.8125801086	0.0
38.2065696716	12.8315401077	0.0
38.1833190918	12.8505001068	0.0
38.160068512	12.8694601059	0.0
38.1368217468	12.888420105	0.0
38.113571167	12.9073801041	0.0
38.0903244019	12.9263401031	0.0
38.067073822	12.9453001022	0.0
38.0438232422	12.9642601013	0.0
38.0205764771	12.9832201004	0.0
38.4432601929	12.5998001099	0.0
38.4242172241	12.5766210556	0.0
38.4051704407	12.5534420013	0.0
38.3861274719	12.5302629471	0.0
38.3670806885	12.5070829391	0.0
38.348033905	12.4839038849	0.0
38.3289909363	12.4607248306	0.0
38.3099441528	12.4375457764	0.0
38.2908973694	12.4143667221	0.0
38.2718544006	12.3911876678	0.0
38.2528076172	12.3680076599	0.0
38.2337646484	12.3448286057	0.0
38.214717865	12.3216495514	0.0
38.1956710815	12.2984714508	0.0
38.1766281128	12.2752923965	0.0
38.1575813293	12.2521133423	0.0
38.1385345459	12.2289333344	0.0
38.1194915771	12.2057542801	0.0
38.1004447937	12.1825752258	0.0
38.081401825	12.1593961716	0.0
38.0623550415	12.1362171173	0.0
38.0433082581	12.113038063	0.0
37.9997787476	12.0936117172	0.0
37.9699058533	12.0908145905	0.0
37.9400367737	12.0880184174	0.0
37.9101676941	12.0852222443	0.0
37.8802986145	12.0824251175	0.0
37.8504295349	12.0796279907	0.0
37.8205604553	12.076830864	0.0
37.7906913757	12.0740346909	0.0
37.7608222961	12.0712375641	0.0
37.7309532166	12.068441391	0.0
37.701084137	12.0656442642	0.0
37.6712150574	12.0628480911	0.0
37.6413459778	12.0600509644	0.0
37.6114768982	12.0572538376	0.0
37.5816078186	12.0544567108	0.0
37.5517349243	12.0516605377	0.0
37.5218658447	12.0488643646	0.0
37.4919967651	12.0460672379	0.0
37.4621276855	12.0432701111	0.0
37.432258606	12.040473938	0.0
37.4023895264	12.0376768112	0.0
37.3725204468	12.0348796844	0.0
37.3426513672	12.0320825577	0.0
37.3127822876	12.0292873383	0.0
37.282913208	12.0264902115	0.0
37.2530441284	12.0236930847	0.0
37.2231750488	12.0208959579	0.0
37.1933021545	12.0180997849	0.0
37.1634368896	12.0153026581	0.0
37.1335678101	12.0125055313	0.0
37.1036949158	12.0097093582	0.0
37.0738258362	12.0069131851	0.0
37.0439567566	12.0041160583	0.0
37.014087677	12.0013189316	0.0
38.0272445679	12.0665054321	0.0
38.0248413086	12.0366010666	0.0
38.022441864	12.0066976547	0.0
38.0200386047	11.9767942429	0.0
38.0176391602	11.9468898773	0.0
38.0152359009	11.9169864655	0.0
38.0128364563	11.8870830536	0.0
38.010433197	11.857178688	0.0
38.0080299377	11.8272752762	0.0
38.006565094	11.7821750641	0.0
38.006313324	11.7521762848	0.0
38.006061554	11.7221765518	0.0
38.0058097839	11.6921777725	0.0
38.0055580139	11.6621789932	0.0
38.0053062439	11.6321802139	0.0
38.0050544739	11.6021814346	0.0
38.0048027039	11.5721817017	0.0
38.0045509338	11.542183876	0.0
38.0042991638	11.5121850967	0.0
38.0040473938	11.4821863174	0.0
38.0037956238	11.4521865845	0.0
38.0035438538	11.4221878052	0.0
38.0032920837	11.3921890259	0.0
38.0030403137	11.3621902466	0.0
38.0027885437	11.3321914673	0.0
38.0025367737	11.3021917343	0.0
38.0022850037	11.272192955	0.0
38.0020332336	11.2421941757	0.0
38.0017814636	11.2121953964	0.0
38.0015296936	11.1821956635	0.0
38.0012779236	11.1521968842	0.0
38.0010261536	11.1221981049	0.0
38.0007743835	11.0921993256	0.0
38.0005226135	11.0621995926	0.0
38.0002708435	11.0322008133	0.0
38.0000190735	11.0022029877	0.0
38.0057296753	11.8421535492	0.0
38.0046424866	11.8721351624	0.0
38.0035552979	11.9021148682	0.0
38.0024642944	11.932094574	0.0
38.0013771057	11.9620752335	0.0
38.0002861023	11.9920558929	0.0
39.1380958557	12.6425628662	0.0
39.1317901611	12.6132326126	0.0
39.1254882812	12.583902359	0.0
39.1191864014	12.5545721054	0.0
39.1128807068	12.5252418518	0.0
39.1065788269	12.4959115982	0.0
39.1002731323	12.4665813446	0.0
39.0939712524	12.437251091	0.0
39.0876693726	12.4079208374	0.0
39.081363678	12.3785896301	0.0
39.0750617981	12.3492603302	0.0
39.0687561035	12.3199300766	0.0
39.0624542236	12.290599823	0.0
39.0561485291	12.2612686157	0.0
39.0498466492	12.2319393158	0.0
39.0435447693	12.2026090622	0.0
39.0372390747	12.1732778549	0.0
39.0309371948	12.1439476013	0.0
39.0246315002	12.1146183014	0.0
39.0183296204	12.0852870941	0.0
39.0120277405	12.0559568405	0.0
39.0057220459	12.0266265869	0.0
39.9699287415	13.3698759079	0.0
39.9723587036	13.3399753571	0.0
39.9747924805	13.3100738525	0.0
39.9772224426	13.280172348	0.0
39.9796524048	13.2502708435	0.0
39.9820823669	13.2203702927	0.0
39.9845161438	13.1904678345	0.0
39.986946106	13.1605672836	0.0
39.9893760681	13.1306648254	0.0
39.991809845	13.1007642746	0.0
39.9942398071	13.0708627701	0.0
39.9966697693	13.0409612656	0.0
39.9990997314	13.011059761	0.0
40.1300430298	13.6644792557	0.0
40.1012840271	13.6730184555	0.0
40.0725250244	13.6815567017	0.0
40.0437660217	13.6900959015	0.0
40.015007019	13.6986351013	0.0
39.9862480164	13.7071733475	0.0
39.957485199	13.7157115936	0.0
39.9287261963	13.7242507935	0.0
39.8999671936	13.7327899933	0.0
39.8712081909	13.7413291931	0.0
39.8424491882	13.7498683929	0.0
39.8136901855	13.7584066391	0.0
39.7849311829	13.7669458389	0.0
39.7561721802	13.7754840851	0.0
39.7274131775	13.7840232849	0.0
39.6986541748	13.7925615311	0.0
39.6665229797	13.8021030426	0.0
39.6377639771	13.8106422424	0.0
39.6090011597	13.8191814423	0.0
39.580242157	13.8277196884	0.0
39.5514831543	13.8362579346	0.0
39.5227241516	13.8447971344	0.0
39.4939651489	13.8533363342	0.0
39.4652061462	13.8618745804	0.0
39.4364471436	13.8704137802	0.0
39.4076881409	13.87895298	0.0
39.3789291382	13.8874921799	0.0
39.3501701355	13.8960313797	0.0
39.3214111328	13.9045686722	0.0
39.2926521301	13.913107872	0.0
39.2638931274	13.9216470718	0.0
39.2351341248	13.9301862717	0.0
39.2063751221	13.9387254715	0.0
39.1776161194	13.9472637177	0.0
39.1488571167	13.9558029175	0.0
39.120098114	13.9643421173	0.0
39.0913391113	13.9728813171	0.0
39.0625801086	13.9814186096	0.0
39.033821106	13.9899578094	0.0
39.0050621033	13.9984970093	0.0
39.7201194763	13.8103904724	0.0
39.7449531555	13.8272161484	0.0
39.7697906494	13.844042778	0.0
39.7946281433	13.8608694077	0.0
39.8194656372	13.8776950836	0.0
39.8443031311	13.8945207596	0.0
39.869140625	13.9113473892	0.0
39.8939781189	13.9281740189	0.0
39.9188156128	13.9449996948	0.0
39.943649292	13.9618263245	0.0
39.9684867859	13.9786520004	0.0
39.9933242798	13.9954776764	0.0
40.930305481	15.4453172684	0.0
40.9349441528	15.4156780243	0.0
40.9395828247	15.3860387802	0.0
40.9442214966	15.3563995361	0.0
40.9488601685	15.3267602921	0.0
40.9534988403	15.297121048	0.0
40.9581375122	15.2674818039	0.0
40.9627761841	15.2378425598	0.0
40.967414856	15.2082042694	0.0
40.9720535278	15.1785640717	0.0
40.9766921997	15.1489248276	0.0
40.9813308716	15.1192855835	0.0
40.9859695435	15.0896472931	0.0
40.9906082153	15.060008049	0.0
40.9952468872	15.0303678513	0.0
40.9998855591	15.0007286072	0.0
40.9599456787	15.6699466705	0.0
40.9315757751	15.6797018051	0.0
40.9032058716	15.689455986	0.0
40.874835968	15.6992101669	0.0
40.8464660645	15.7089653015	0.0
40.8180961609	15.7187185287	0.0
40.7897262573	15.7284727097	0.0
40.7613563538	15.7382268906	0.0
40.7329864502	15.7479820251	0.0
40.7046165466	15.7577362061	0.0
40.6762466431	15.767490387	0.0
40.6478767395	15.7772445679	0.0
40.6195068359	15.7869987488	0.0
40.5911369324	15.7967529297	0.0
40.5627670288	15.8065071106	0.0
40.5343971252	15.8162622452	0.0
40.5060272217	15.8260164261	0.0
40.4657859802	15.8398513794	0.0
40.4374198914	15.8496046066	0.0
40.4090461731	15.8593587875	0.0
40.3806762695	15.8691139221	0.0
40.352306366	15.878868103	0.0
40.3239364624	15.8886222839	0.0
40.2955665588	15.8983774185	0.0
40.2671966553	15.9081306458	0.0
40.2388267517	15.9178848267	0.0
40.2104568481	15.9276390076	0.0
40.1820869446	15.9373941422	0.0
40.153717041	15.9471483231	0.0
40.1253471375	15.9569015503	0.0
40.0969772339	15.9666566849	0.0
40.0686073303	15.9764108658	0.0
40.0402374268	15.9861650467	0.0
40.0118675232	15.9959192276	0.0
40.5225944519	15.8396492004	0.0
40.5510368347	15.8492012024	0.0
40.5794715881	15.8587532043	0.0
40.6079101562	15.8683052063	0.0
40.6363525391	15.8778572083	0.0
40.6647872925	15.8874092102	0.0
40.6932296753	15.8969612122	0.0
40.7216682434	15.9065132141	0.0
40.7501068115	15.9160652161	0.0
40.7785453796	15.925617218	0.0
40.8069839478	15.93516922	0.0
40.8354225159	15.9447212219	0.0
40.863861084	15.9542732239	0.0
40.8922996521	15.9638252258	0.0
40.9207382202	15.9733772278	0.0
40.9491767883	15.9829292297	0.0
40.9776153564	15.9924812317	0.0
41.2489891052	16.7537651062	0.0
41.2774009705	16.7441310883	0.0
41.3058128357	16.7344989777	0.0
41.3342247009	16.7248668671	0.0
41.3626365662	16.7152328491	0.0
41.3910484314	16.7056007385	0.0
41.4194602966	16.6959667206	0.0
41.4478721619	16.6863327026	0.0
41.4762802124	16.676700592	0.0
41.5046920776	16.6670665741	0.0
41.5331039429	16.6574344635	0.0
41.5615158081	16.6478004456	0.0
41.5899276733	16.638168335	0.0
41.641040802	16.6245765686	0.0
41.6703872681	16.6183624268	0.0
41.6997375488	16.6121501923	0.0
41.7290878296	16.6059360504	0.0
41.7584381104	16.5997238159	0.0
41.7877883911	16.5935096741	0.0
41.8171386719	16.5872974396	0.0
41.8464851379	16.5810832977	0.0
41.8758354187	16.5748691559	0.0
41.9051856995	16.5686569214	0.0
41.9599342346	16.5716381073	0.0
41.9887084961	16.580116272	0.0
42.0174865723	16.5885944366	0.0
42.0462646484	16.5970745087	0.0
42.0750427246	16.6055526733	0.0
42.1038169861	16.6140327454	0.0
42.1325950623	16.62251091	0.0
42.1613693237	16.6309890747	0.0
42.1901473999	16.6394672394	0.0
42.2189254761	16.6479473114	0.0
42.2477035522	16.6564254761	0.0
42.2764778137	16.6649036407	0.0
42.3052558899	16.6733837128	0.0
42.3340339661	16.6818618774	0.0
42.3628082275	16.6903419495	0.0
42.3915863037	16.6988182068	0.0
42.4203643799	16.7072982788	0.0
42.4491386414	16.7157764435	0.0
42.4779167175	16.7242565155	0.0
42.5066947937	16.7327346802	0.0
42.5354728699	16.7412128448	0.0
42.5642471313	16.7496929169	0.0
42.5930252075	16.7581710815	0.0
42.6218032837	16.7666492462	0.0
42.6505775452	16.7751274109	0.0
42.6793556213	16.7836074829	0.0
42.7081336975	16.7920856476	0.0
42.7369117737	16.8005657196	0.0
42.7656860352	16.8090438843	0.0
42.8201065063	16.808927536	0.0
42.8491287231	16.8013305664	0.0
42.8781509399	16.7937316895	0.0
42.9071731567	16.7861328125	0.0
42.9361953735	16.7785339355	0.0
42.9652175903	16.7709350586	0.0
42.9942398071	16.7633361816	0.0
43.0232582092	16.7557373047	0.0
43.052280426	16.7481384277	0.0
43.0813026428	16.7405395508	0.0
43.1103248596	16.7329406738	0.0
43.1393470764	16.7253437042	0.0
43.1683692932	16.7177448273	0.0
43.19739151	16.7101459503	0.0
43.2264099121	16.7025470734	0.0
43.2554321289	16.6949481964	0.0
43.2844543457	16.6873493195	0.0
43.3134765625	16.6797504425	0.0
43.3424987793	16.6721515656	0.0
43.3919792175	16.6427993774	0.0
43.4125938416	16.6210041046	0.0
43.4332122803	16.5992107391	0.0
43.4538269043	16.5774154663	0.0
43.4744415283	16.5556201935	0.0
43.4950561523	16.533826828	0.0
43.5156707764	16.5120315552	0.0
43.5362892151	16.4902362823	0.0
43.5569038391	16.4684429169	0.0
43.5775184631	16.446647644	0.0
43.5981330872	16.4248523712	0.0
43.6187477112	16.4030590057	0.0
43.6393661499	16.3812637329	0.0
43.6599807739	16.3594684601	0.0
43.6805953979	16.3376750946	0.0
43.701210022	16.3158798218	0.0
43.721824646	16.2940864563	0.0
43.7424430847	16.2722911835	0.0
43.7630577087	16.2504959106	0.0
43.7836723328	16.2287025452	0.0
43.8042869568	16.2069072723	0.0
43.8249015808	16.1851119995	0.0
43.8455200195	16.163318634	0.0
43.8661346436	16.1415233612	0.0
43.8867492676	16.1197280884	0.0
43.9073638916	16.0979347229	0.0
43.9279785156	16.0761394501	0.0
43.9485969543	16.0543441772	0.0
43.9692115784	16.0325508118	0.0
43.9898262024	16.0107555389	0.0
43.3978347778	16.6787166595	0.0
43.4243011475	16.6928386688	0.0
43.4507675171	16.7069606781	0.0
43.4772377014	16.7210826874	0.0
43.5037078857	16.7352046967	0.0
43.5301742554	16.7493267059	0.0
43.556640625	16.7634487152	0.0
43.5831108093	16.7775707245	0.0
43.609577179	16.7916927338	0.0
43.6360473633	16.805814743	0.0
43.6625137329	16.8199367523	0.0
43.6889839172	16.8340587616	0.0
43.7154502869	16.8481807709	0.0
43.7419204712	16.8623027802	0.0
43.7683868408	16.8764247894	0.0
43.7948570251	16.8905467987	0.0
43.8213233948	16.904668808	0.0
43.8477935791	16.9187908173	0.0
43.8742599487	16.9329128265	0.0
43.9007301331	16.9470348358	0.0
43.9271965027	16.9611568451	0.0
43.953666687	16.9752788544	0.0
43.9801330566	16.9894008636	0.0
42.8136253357	16.8363227844	0.0
42.8361663818	16.8561191559	0.0
42.858707428	16.8759155273	0.0
42.8812522888	16.8957118988	0.0
42.903793335	16.9155082703	0.0
42.9263343811	16.9353046417	0.0
42.9488754272	16.9551010132	0.0
42.9714164734	16.9748973846	0.0
42.9939575195	16.9946937561	0.0
41.9422721863	16.5352935791	0.0
41.9533843994	16.5074291229	0.0
41.9645004272	16.4795646667	0.0
41.9756126404	16.4516983032	0.0
41.9867286682	16.423833847	0.0
41.997844696	16.3959674835	0.0
42.0089569092	16.3681030273	0.0
42.020072937	16.3402385712	0.0
42.0225868225	16.2983474731	0.0
42.0203208923	16.2684326172	0.0
42.0180549622	16.2385177612	0.0
42.0157928467	16.2086029053	0.0
42.0135269165	16.1786880493	0.0
42.0112609863	16.1487751007	0.0
42.0089988708	16.1188602448	0.0
42.0067329407	16.0889453888	0.0
42.0044708252	16.0590305328	0.0
42.002204895	16.0291175842	0.0
42.0532836914	16.3186893463	0.0
42.0817146301	16.3091182709	0.0
42.1101455688	16.2995471954	0.0
42.1385765076	16.28997612	0.0
42.167011261	16.2804069519	0.0
42.1954421997	16.2708358765	0.0
42.2238731384	16.261264801	0.0
42.2523078918	16.2516937256	0.0
42.2807388306	16.2421226501	0.0
42.309173584	16.2325515747	0.0
42.3376045227	16.2229785919	0.0
42.3660354614	16.2134075165	0.0
42.3944702148	16.203836441	0.0
42.4229011536	16.1942653656	0.0
42.451335907	16.1846942902	0.0
42.4797668457	16.1751232147	0.0
42.5081977844	16.1655521393	0.0
42.5366325378	16.1559810638	0.0
42.5650634766	16.1464118958	0.0
42.5934944153	16.1368408203	0.0
42.621925354	16.1272697449	0.0
42.6503601074	16.1176986694	0.0
42.6787910461	16.108127594	0.0
42.7072257996	16.0985565186	0.0
42.7356567383	16.0889854431	0.0
42.764087677	16.0794143677	0.0
42.7925224304	16.0698432922	0.0
42.8209533691	16.0602722168	0.0
42.8493843079	16.0507011414	0.0
42.8778190613	16.0411300659	0.0
42.90625	16.0315589905	0.0
42.9346847534	16.021987915	0.0
42.9631156921	16.0124168396	0.0
42.9915466309	16.0028457642	0.0
41.633430481	16.6514606476	0.0
41.6551704407	16.6721324921	0.0
41.6769142151	16.6928043365	0.0
41.6986541748	16.713476181	0.0
41.7203941345	16.7341480255	0.0
41.7421379089	16.75481987	0.0
41.7638778687	16.7754917145	0.0
41.7856178284	16.796163559	0.0
41.8073616028	16.8168354034	0.0
41.8291015625	16.8375072479	0.0
41.8508415222	16.8581790924	0.0
41.8725852966	16.8788509369	0.0
41.8943252563	16.8995227814	0.0
41.9160652161	16.9201946259	0.0
41.9378051758	16.9408664703	0.0
41.9595489502	16.9615383148	0.0
41.9812889099	16.9822101593	0.0
41.2136688232	17.7722473145	0.0
41.2431411743	17.777841568	0.0
41.2726135254	17.7834358215	0.0
41.3020896912	17.7890281677	0.0
41.3315620422	17.7946224213	0.0
41.3610343933	17.8002147675	0.0
41.3905105591	17.805809021	0.0
41.4199829102	17.8114013672	0.0
41.4494590759	17.8169956207	0.0
41.478931427	17.8225898743	0.0
41.5084075928	17.8281822205	0.0
41.5378799438	17.8337745667	0.0
41.5673522949	17.8393688202	0.0
41.5968284607	17.8449611664	0.0
41.6263008118	17.8505554199	0.0
41.6557769775	17.8561496735	0.0
41.6852493286	17.8617420197	0.0
41.7147254944	17.8673362732	0.0
41.7441978455	17.8729286194	0.0
41.7736701965	17.8785228729	0.0
41.8031463623	17.8841152191	0.0
41.8326187134	17.8897094727	0.0
41.8620948792	17.8953018188	0.0
41.8915672302	17.9008960724	0.0
41.9190597534	17.922712326	0.0
41.9407577515	17.9434318542	0.0
41.9624519348	17.9641475677	0.0
41.9841499329	17.9848651886	0.0
41.9272422791	17.9046516418	0.0
41.9571266174	17.9073066711	0.0
41.9870071411	17.9099636078	0.0
42.0168914795	17.9126186371	0.0
42.0467720032	17.9152755737	0.0
42.0766525269	17.917930603	0.0
42.1065368652	17.9205875397	0.0
42.1364173889	17.923242569	0.0
42.1663017273	17.9258995056	0.0
42.196182251	17.9285545349	0.0
42.2260665894	17.9312114716	0.0
42.255947113	17.9338665009	0.0
42.2858314514	17.9365234375	0.0
42.3157119751	17.9391784668	0.0
42.3455924988	17.9418354034	0.0
42.3754768372	17.9444904327	0.0
42.4053573608	17.9471473694	0.0
42.4352416992	17.9498023987	0.0
42.4651222229	17.9524593353	0.0
42.4950065613	17.9551143646	0.0
42.524887085	17.9577713013	0.0
42.5547676086	17.9604263306	0.0
42.584651947	17.9630832672	0.0
42.6145324707	17.9657382965	0.0
42.6444168091	17.9683952332	0.0
42.6742973328	17.9710502625	0.0
42.7041816711	17.9737071991	0.0
42.7340621948	17.9763622284	0.0
42.7639465332	17.979019165	0.0
42.7938270569	17.9816741943	0.0
42.8237075806	17.984331131	0.0
42.8535919189	17.9869861603	0.0
42.8834724426	17.9896430969	0.0
42.913356781	17.9922981262	0.0
42.9432373047	17.9949550629	0.0
42.9731216431	17.9976100922	0.0
41.2106513977	19.7827701569	0.0
41.1890449524	19.7619571686	0.0
41.1674385071	19.7411441803	0.0
41.1458320618	19.720331192	0.0
41.1242256165	19.6995182037	0.0
41.1026191711	19.6787052155	0.0
41.0810165405	19.6578922272	0.0
41.0594100952	19.6370773315	0.0
41.0378036499	19.6162643433	0.0
41.0161972046	19.595451355	0.0
40.9945907593	19.5746383667	0.0
40.972984314	19.5538253784	0.0
40.9513816833	19.5330123901	0.0
40.9145851135	19.4975681305	0.0
40.8929824829	19.4767551422	0.0
40.8713760376	19.4559421539	0.0
40.8497695923	19.4351291656	0.0
40.828163147	19.4143161774	0.0
40.8065567017	19.3935012817	0.0
40.7849502563	19.3726882935	0.0
40.7633476257	19.3518753052	0.0
40.7417411804	19.3310623169	0.0
40.7201347351	19.3102493286	0.0
40.6985282898	19.2894363403	0.0
40.6769218445	19.2686233521	0.0
40.6553153992	19.2478103638	0.0
40.618522644	19.2123661041	0.0
40.5969161987	19.1915531158	0.0
40.5753097534	19.1707382202	0.0
40.5537033081	19.1499252319	0.0
40.5321006775	19.1291122437	0.0
40.5104942322	19.1082992554	0.0
40.4888877869	19.0874862671	0.0
40.4672813416	19.0666732788	0.0
40.4456748962	19.0458602905	0.0
40.4240684509	19.0250473022	0.0
40.4024658203	19.004234314	0.0
40.380859375	18.9834213257	0.0
40.3592529297	18.9626083374	0.0
40.3376464844	18.9417934418	0.0
40.3160400391	18.9209804535	0.0
40.2944335938	18.9001674652	0.0
40.2728309631	18.8793544769	0.0
40.2512245178	18.8585414886	0.0
40.2296180725	18.8377285004	0.0
40.2080116272	18.8169155121	0.0
40.1864051819	18.7961025238	0.0
40.1648025513	18.7752895355	0.0
40.143196106	18.7544765472	0.0
40.1215896606	18.7336616516	0.0
40.0999832153	18.7128486633	0.0
40.07837677	18.692035675	0.0
40.0567703247	18.6712226868	0.0
40.0263938904	18.641960144	0.0
40.0047874451	18.6211471558	0.0
39.9831848145	18.6003341675	0.0
39.9615783691	18.5795211792	0.0
39.9399719238	18.5587081909	0.0
39.9183654785	18.5378952026	0.0
39.8967590332	18.5170822144	0.0
39.8751525879	18.4962673187	0.0
39.8535461426	18.4754543304	0.0
39.831943512	18.4546413422	0.0
39.8103370667	18.4338283539	0.0
39.7887306213	18.4130153656	0.0
39.767124176	18.3922023773	0.0
39.7455177307	18.371389389	0.0
39.7239151001	18.3505764008	0.0
39.7023086548	18.3297634125	0.0
39.6807022095	18.3089504242	0.0
39.6590957642	18.2881355286	0.0
39.6374893188	18.2673225403	0.0
39.6158828735	18.246509552	0.0
39.5942802429	18.2256965637	0.0
39.5726737976	18.2048835754	0.0
39.5510673523	18.1840705872	0.0
39.529460907	18.1632575989	0.0
39.5078544617	18.1424446106	0.0
39.4862518311	18.1216316223	0.0
39.4646453857	18.100818634	0.0
39.4712982178	18.1180992126	0.0
39.4867248535	18.1438293457	0.0
39.5021476746	18.1695594788	0.0
39.5175743103	18.1952915192	0.0
39.533000946	18.2210216522	0.0
39.5484275818	18.2467517853	0.0
39.5638504028	18.2724819183	0.0
39.5792770386	18.2982120514	0.0
39.5947036743	18.3239421844	0.0
39.6101264954	18.3496723175	0.0
39.6255531311	18.3754043579	0.0
39.6409797668	18.401134491	0.0
39.6564025879	18.426864624	0.0
39.6718292236	18.4525947571	0.0
39.6872558594	18.4783248901	0.0
39.7026786804	18.5040569305	0.0
39.7181053162	18.5297851562	0.0
39.7335319519	18.5555171967	0.0
39.7489585876	18.5812473297	0.0
39.7643814087	18.6069774628	0.0
39.7798080444	18.6327075958	0.0
39.7952346802	18.6584377289	0.0
39.8106575012	18.6841697693	0.0
39.826084137	18.7098999023	0.0
39.8415107727	18.7356300354	0.0
39.8569335938	18.7613601685	0.0
39.8723602295	18.7870903015	0.0
39.8877868652	18.8128204346	0.0
39.9032096863	18.838552475	0.0
39.918636322	18.864282608	0.0
39.9340629578	18.8900127411	0.0
39.9494895935	18.9157428741	0.0
39.9649124146	18.9414730072	0.0
39.9803390503	18.9672031403	0.0
39.995765686	18.9929332733	0.0
39.4342651367	18.0715560913	0.0
39.4126625061	18.050743103	0.0
39.3910560608	18.0299282074	0.0
39.3694496155	18.0091152191	0.0
39.3478431702	17.9883022308	0.0
39.3262367249	17.9674892426	0.0
39.3046302795	17.9466762543	0.0
39.2830276489	17.925863266	0.0
39.2614212036	17.9050502777	0.0
39.2398147583	17.8842372894	0.0
39.218208313	17.8634243011	0.0
39.1966018677	17.8426113129	0.0
39.1749992371	17.8217964172	0.0
39.1533927917	17.800983429	0.0
39.1317863464	17.7801704407	0.0
39.1101799011	17.7593574524	0.0
39.0885734558	17.7385444641	0.0
39.0669670105	17.7177314758	0.0
39.0453643799	17.6969184875	0.0
39.0237579346	17.6761054993	0.0
39.0021514893	17.655292511	0.0
38.9805450439	17.6344795227	0.0
38.9589385986	17.6136665344	0.0
38.9373321533	17.5928516388	0.0
38.9157295227	17.5720386505	0.0
38.8941230774	17.5512256622	0.0
38.8725166321	17.530412674	0.0
38.8408851624	17.5025348663	0.0
38.8180274963	17.4831066132	0.0
38.7951698303	17.46367836	0.0
38.7723083496	17.4442481995	0.0
38.7494506836	17.4248218536	0.0
38.7265930176	17.4053916931	0.0
38.6881561279	17.4119949341	0.0
38.6704177856	17.4361877441	0.0
38.6526756287	17.4603805542	0.0
38.6349334717	17.4845733643	0.0
38.6171951294	17.508764267	0.0
38.5994529724	17.532957077	0.0
38.5817146301	17.5571498871	0.0
38.5639724731	17.5813426971	0.0
38.5462341309	17.6055355072	0.0
38.5284919739	17.6297283173	0.0
38.5107536316	17.65391922	0.0
38.5236167908	17.6870422363	0.0
38.5486907959	17.7035140991	0.0
38.5737609863	17.7199878693	0.0
38.5988349915	17.7364597321	0.0
38.6239089966	17.7529296875	0.0
38.6489830017	17.7694015503	0.0
38.6740570068	17.7858734131	0.0
38.699131012	17.8023452759	0.0
38.7242012024	17.8188171387	0.0
38.7492752075	17.8352890015	0.0
38.7743492126	17.8517608643	0.0
38.7994232178	17.8682327271	0.0
38.8244972229	17.8847045898	0.0
38.849571228	17.9011764526	0.0
38.8746452332	17.9176483154	0.0
38.8997192383	17.9341201782	0.0
38.9247894287	17.950592041	0.0
38.9498634338	17.9670639038	0.0
38.974937439	17.9835357666	0.0
38.4808006287	17.6947631836	0.0
38.4630622864	17.7189559937	0.0
38.4453201294	17.7431488037	0.0
38.4275817871	17.7673416138	0.0
38.4098396301	17.7915344238	0.0
38.3920974731	17.8157253265	0.0
38.3743591309	17.8399181366	0.0
38.3566207886	17.8641109467	0.0
38.3388786316	17.8883037567	0.0
38.3211364746	17.9124965668	0.0
38.3033981323	17.9366893768	0.0
38.2615661621	17.9580879211	0.0
38.2319412231	17.9628334045	0.0
38.2023200989	17.9675807953	0.0
38.1726989746	17.9723262787	0.0
38.1430778503	17.9770736694	0.0
38.1134529114	17.9818191528	0.0
38.0838317871	17.9865665436	0.0
38.0542106628	17.9913139343	0.0
38.0245895386	17.9960594177	0.0
38.2734451294	17.9775314331	0.0
38.2557067871	18.0017242432	0.0
38.2379646301	18.0259170532	0.0
38.2202262878	18.0501098633	0.0
38.2024841309	18.0743026733	0.0
38.1847457886	18.0984954834	0.0
38.1670036316	18.1226863861	0.0
38.1492614746	18.1468791962	0.0
38.1315231323	18.1710720062	0.0
38.11378479	18.1952648163	0.0
38.0960426331	18.2194576263	0.0
38.0783004761	18.2436504364	0.0
38.0605621338	18.2678413391	0.0
38.0428199768	18.2920341492	0.0
38.0250816345	18.3162269592	0.0
38.0073394775	18.3404197693	0.0
37.9896011353	18.3646125793	0.0
37.9718589783	18.3888053894	0.0
37.954120636	18.4129962921	0.0
37.936378479	18.4371891022	0.0
37.918636322	18.4613819122	0.0
37.9008979797	18.4855747223	0.0
37.8831558228	18.5097675323	0.0
37.8839378357	18.5479354858	0.0
37.8913955688	18.5769920349	0.0
37.8988571167	18.6060504913	0.0
37.9063186646	18.6351089478	0.0
37.9137763977	18.6641654968	0.0
37.9212379456	18.6932239532	0.0
37.9286994934	18.7222805023	0.0
37.9361572266	18.7513370514	0.0
37.9436187744	18.7803955078	0.0
37.9510803223	18.8094520569	0.0
37.9585380554	18.8385105133	0.0
37.9659996033	18.8675670624	0.0
37.9734611511	18.8966255188	0.0
37.9809188843	18.9256839752	0.0
37.9883804321	18.9547405243	0.0
37.99584198	18.9837989807	0.0
37.8547401428	18.5395545959	0.0
37.8330039978	18.5602302551	0.0
37.8112678528	18.5809078217	0.0
37.7895317078	18.6015853882	0.0
37.7677955627	18.6222610474	0.0
37.7460594177	18.6429386139	0.0
37.7243232727	18.6636161804	0.0
37.7025871277	18.6842937469	0.0
37.6808509827	18.7049694061	0.0
37.6591148376	18.7256469727	0.0
37.6373786926	18.7463245392	0.0
37.6156425476	18.7670001984	0.0
37.5939064026	18.7876777649	0.0
37.5721702576	18.8083553314	0.0
37.5504341125	18.8290328979	0.0
37.5286979675	18.8497085571	0.0
37.5069618225	18.8703861237	0.0
37.4852256775	18.8910636902	0.0
37.4634895325	18.9117393494	0.0
37.4417533875	18.9324169159	0.0
37.3967056274	18.9506530762	0.0
37.3669319153	18.9543571472	0.0
37.3371620178	18.9580593109	0.0
37.3073921204	18.961763382	0.0
37.2776222229	18.965467453	0.0
37.2478523254	18.9691696167	0.0
37.2180786133	18.9728736877	0.0
37.1883087158	18.9765758514	0.0
37.1585388184	18.9802799225	0.0
37.1287689209	18.9839820862	0.0
37.0989990234	18.9876861572	0.0
37.069229126	18.9913883209	0.0
37.0394554138	18.995092392	0.0
37.0096855164	18.9987945557	0.0
37.4061813354	18.969045639	0.0
37.385887146	18.9911403656	0.0
37.3655929565	19.0132331848	0.0
37.3452987671	19.0353279114	0.0
37.3250045776	19.0574226379	0.0
37.3047103882	19.0795173645	0.0
37.2844161987	19.1016120911	0.0
37.264125824	19.1237068176	0.0
37.2438316345	19.1458015442	0.0
37.2235374451	19.1678943634	0.0
37.2032432556	19.18998909	0.0
37.1779441833	19.2175331116	0.0
37.1576499939	19.2396278381	0.0
37.1373558044	19.2617225647	0.0
37.117061615	19.2838153839	0.0
37.0967712402	19.3059101105	0.0
37.0764770508	19.328004837	0.0
37.0561828613	19.3500995636	0.0
37.0358886719	19.3721942902	0.0
37.0155944824	19.3942890167	0.0
36.995300293	19.4163837433	0.0
36.9750061035	19.4384784698	0.0
36.9716186523	19.4738826752	0.0
36.973236084	19.5038394928	0.0
36.9748497009	19.5337963104	0.0
36.9764671326	19.5637512207	0.0
36.9780845642	19.5937099457	0.0
36.9796981812	19.623664856	0.0
36.9813156128	19.6536216736	0.0
36.9829292297	19.6835784912	0.0
36.9845466614	19.7135334015	0.0
36.9853515625	19.7519607544	0.0
36.9857063293	19.7819595337	0.0
36.9860572815	19.8119564056	0.0
36.9864082336	19.8419551849	0.0
36.9867591858	19.8719520569	0.0
36.9871139526	19.9019508362	0.0
36.9874649048	19.9319496155	0.0
36.9878196716	19.9619464874	0.0
36.9881706238	19.9919452667	0.0
36.9885215759	20.0219421387	0.0
36.9888725281	20.051940918	0.0
36.9892272949	20.0819377899	0.0
36.9895782471	20.1119365692	0.0
36.9899291992	20.1419334412	0.0
36.9902801514	20.1719322205	0.0
36.9906349182	20.2019290924	0.0
36.9909858704	20.2319278717	0.0
36.9913368225	20.261926651	0.0
36.9916915894	20.2919235229	0.0
36.9920425415	20.3219223022	0.0
36.9923934937	20.3519191742	0.0
36.9927444458	20.3819179535	0.0
36.9930992126	20.4119167328	0.0
36.9934501648	20.4419136047	0.0
36.9938011169	20.471912384	0.0
36.9941558838	20.501909256	0.0
36.9945068359	20.5319061279	0.0
36.9948577881	20.5619049072	0.0
36.9952125549	20.5919036865	0.0
36.9955635071	20.6219005585	0.0
36.9959144592	20.6518993378	0.0
36.9962654114	20.6818962097	0.0
36.9966201782	20.711894989	0.0
36.9969711304	20.7418937683	0.0
36.9973220825	20.7718906403	0.0
36.9976768494	20.8018894196	0.0
36.9980278015	20.8318862915	0.0
36.9983787537	20.8618850708	0.0
36.9987297058	20.8918838501	0.0
36.9990844727	20.921880722	0.0
36.9994354248	20.9518795013	0.0
36.999786377	20.9818763733	0.0
36.986618042	19.7519207001	0.0
36.9882316589	19.7818756104	0.0
36.9898490906	19.811832428	0.0
36.9914665222	19.8417892456	0.0
36.9930801392	19.8717441559	0.0
36.9946975708	19.9017028809	0.0
36.9963111877	19.9316577911	0.0
36.9979286194	19.9616146088	0.0
36.999546051	19.9915714264	0.0
36.9464607239	19.4625225067	0.0
36.9229202271	19.4811172485	0.0
36.8993759155	19.4997119904	0.0
36.8758354187	19.5183086395	0.0
36.8522949219	19.5369033813	0.0
36.8287506104	19.5554981232	0.0
36.8052101135	19.574092865	0.0
36.7816696167	19.5926895142	0.0
36.7581253052	19.611284256	0.0
36.7345848083	19.6298789978	0.0
36.7110443115	19.648475647	0.0
36.6875	19.6670703888	0.0
36.6639595032	19.6856651306	0.0
36.6404190063	19.7042598724	0.0
36.6168746948	19.7228565216	0.0
36.593334198	19.7414512634	0.0
36.5697937012	19.7600460052	0.0
36.5462493896	19.7786407471	0.0
36.5227088928	19.7972373962	0.0
36.499168396	19.8158321381	0.0
36.4756240845	19.8344268799	0.0
36.4520835876	19.8530235291	0.0
36.4285392761	19.8716182709	0.0
36.4049987793	19.8902130127	0.0
36.3814582825	19.9088077545	0.0
36.3579177856	19.9274044037	0.0
36.3343734741	19.9459991455	0.0
36.3108329773	19.9645938873	0.0
36.2872924805	19.9831905365	0.0
36.2637481689	20.0017852783	0.0
36.2402076721	20.0203800201	0.0
36.2166633606	20.038974762	0.0
36.1931228638	20.0575714111	0.0
36.1695823669	20.076166153	0.0
36.1460418701	20.0947608948	0.0
36.1224975586	20.1133556366	0.0
36.0989570618	20.1319522858	0.0
36.0754165649	20.1505470276	0.0
36.0518722534	20.1691417694	0.0
36.0283317566	20.1877384186	0.0
36.0047874451	20.2063331604	0.0
35.9662818909	20.2454051971	0.0
35.9475593567	20.2688465118	0.0
35.9288368225	20.2922878265	0.0
35.9101142883	20.3157291412	0.0
35.8913955688	20.3391723633	0.0
35.8726730347	20.362613678	0.0
35.8539505005	20.3860549927	0.0
35.835231781	20.4094963074	0.0
35.8165092468	20.4329395294	0.0
35.7977867126	20.4563808441	0.0
35.7916183472	20.5063533783	0.0
35.8032836914	20.5339927673	0.0
35.8149528503	20.561630249	0.0
35.8266181946	20.5892696381	0.0
35.8382873535	20.6169071198	0.0
35.8499526978	20.6445465088	0.0
35.8616218567	20.6721839905	0.0
35.8732872009	20.6998233795	0.0
35.8849525452	20.7274608612	0.0
35.8966217041	20.7551002502	0.0
35.9082870483	20.7827377319	0.0
35.9199523926	20.8103752136	0.0
35.9316215515	20.8380146027	0.0
35.9432868958	20.8656520844	0.0
35.9549560547	20.8932914734	0.0
35.9666213989	20.9209308624	0.0
35.9782905579	20.9485683441	0.0
35.9899559021	20.9762077332	0.0
35.7550086975	20.4953861237	0.0
35.7300682068	20.5120563507	0.0
35.7051239014	20.5287265778	0.0
35.6801834106	20.5453968048	0.0
35.6552391052	20.5620651245	0.0
35.6302986145	20.5787353516	0.0
35.6053543091	20.595407486	0.0
35.5804138184	20.612077713	0.0
35.5554733276	20.6287479401	0.0
35.5305290222	20.6454162598	0.0
35.5055885315	20.6620864868	0.0
35.4806442261	20.6787567139	0.0
35.4557037354	20.6954269409	0.0
35.4307632446	20.712097168	0.0
35.4058189392	20.728767395	0.0
35.3808784485	20.7454376221	0.0
35.3559341431	20.7621078491	0.0
35.3309936523	20.7787780762	0.0
35.3060531616	20.7954483032	0.0
35.2811088562	20.8121185303	0.0
35.2561683655	20.8287887573	0.0
35.2312278748	20.8454589844	0.0
35.2062835693	20.8621292114	0.0
35.1813430786	20.8787994385	0.0
35.1563987732	20.8954696655	0.0
35.1314582825	20.9121398926	0.0
35.1065177917	20.9288101196	0.0
35.0815734863	20.9454803467	0.0
35.0566291809	20.9621505737	0.0
35.0316886902	20.9788208008	0.0
35.0067481995	20.9954891205	0.0
35.9870223999	20.1920318604	0.0
35.9890441895	20.1620998383	0.0
35.9910697937	20.1321678162	0.0
35.9930915833	20.1022357941	0.0
35.9951133728	20.072303772	0.0
35.9971351624	20.0423736572	0.0
35.9991607666	20.0124416351	0.0
37.1686286926	19.1906089783	0.0
37.1390228271	19.1857795715	0.0
37.109413147	19.1809501648	0.0
37.0798034668	19.1761207581	0.0
37.0501937866	19.1712913513	0.0
37.0205841064	19.1664638519	0.0
36.990978241	19.1616325378	0.0
36.9613685608	19.1568031311	0.0
36.9317588806	19.1519756317	0.0
36.9021492004	19.1471443176	0.0
36.872543335	19.1423168182	0.0
36.8429336548	19.1374874115	0.0
36.8133239746	19.1326560974	0.0
36.7837142944	19.127828598	0.0
36.754108429	19.1229991913	0.0
36.7244987488	19.1181697845	0.0
36.6948890686	19.1133403778	0.0
36.6652793884	19.1085109711	0.0
36.6356735229	19.1036815643	0.0
36.6060638428	19.0988521576	0.0
36.5764541626	19.0940227509	0.0
36.5468444824	19.0891933441	0.0
36.5172386169	19.0843639374	0.0
36.4876289368	19.0795345306	0.0
36.4580192566	19.0747051239	0.0
36.4284095764	19.0698757172	0.0
36.3988037109	19.0650463104	0.0
36.3691940308	19.0602169037	0.0
36.3395843506	19.0553874969	0.0
36.3099746704	19.0505580902	0.0
36.2803688049	19.0457286835	0.0
36.2507591248	19.0408992767	0.0
36.2211494446	19.0360717773	0.0
36.1915397644	19.0312404633	0.0
36.1619338989	19.0264110565	0.0
36.1323242188	19.0215835571	0.0
36.1027145386	19.016752243	0.0
36.0731048584	19.0119247437	0.0
36.0434951782	19.0070953369	0.0
36.0138893127	19.0022659302	0.0
38.6830368042	17.3683738708	0.0
38.6601791382	17.3489456177	0.0
38.6373214722	17.3295173645	0.0
38.6144599915	17.310087204	0.0
38.5916023254	17.2906608582	0.0
38.5687446594	17.2712306976	0.0
38.5491523743	17.2236614227	0.0
38.5502548218	17.1936817169	0.0
38.5513572693	17.1637020111	0.0
38.5524597168	17.1337223053	0.0
38.5535621643	17.1037425995	0.0
38.5546684265	17.0737628937	0.0
38.555770874	17.0437831879	0.0
38.5568733215	17.0138034821	0.0
38.557975769	16.9838237762	0.0
38.5590782166	16.9538440704	0.0
38.5601844788	16.9238643646	0.0
38.5612869263	16.8938846588	0.0
38.5623893738	16.863904953	0.0
38.5634918213	16.8339252472	0.0
38.5645942688	16.8039455414	0.0
38.565700531	16.7739658356	0.0
38.5668029785	16.7439861298	0.0
38.567905426	16.714006424	0.0
38.5690078735	16.6840267181	0.0
38.570110321	16.6540470123	0.0
38.5712165833	16.6240673065	0.0
38.5723190308	16.5940876007	0.0
38.5734214783	16.5641078949	0.0
38.5521736145	16.5353622437	0.0
38.530632019	16.5144805908	0.0
38.5090942383	16.4935970306	0.0
38.4875564575	16.4727134705	0.0
38.4660186768	16.4518318176	0.0
38.444480896	16.4309482574	0.0
38.4229393005	16.4100666046	0.0
38.4014015198	16.3891830444	0.0
38.379863739	16.3682994843	0.0
38.3583259583	16.3474178314	0.0
38.3367881775	16.3265342712	0.0
38.315246582	16.3056526184	0.0
38.2937088013	16.2847690582	0.0
38.2721710205	16.263885498	0.0
38.2506332397	16.2430038452	0.0
38.229095459	16.222120285	0.0
38.2075576782	16.2012367249	0.0
38.1860160828	16.180355072	0.0
38.164478302	16.1594715118	0.0
38.1429405212	16.138589859	0.0
38.1214027405	16.1177062988	0.0
38.099861145	16.0968227386	0.0
38.0783233643	16.0759391785	0.0
38.0567855835	16.0550575256	0.0
38.0352478027	16.0341758728	0.0
38.013710022	16.0132923126	0.0
38.5859527588	16.5288562775	0.0
38.5981903076	16.5014667511	0.0
38.6104316711	16.4740772247	0.0
38.6226730347	16.4466896057	0.0
38.6349143982	16.4193000793	0.0
38.6471557617	16.391910553	0.0
38.6593971252	16.364522934	0.0
38.6716384888	16.3371334076	0.0
38.6838798523	16.3097438812	0.0
38.6961174011	16.2823543549	0.0
38.7083587646	16.2549667358	0.0
38.7206001282	16.2275753021	0.0
38.7328414917	16.2001876831	0.0
38.7450828552	16.1727981567	0.0
38.7573204041	16.1454086304	0.0
38.7695617676	16.118019104	0.0
38.7818031311	16.090631485	0.0
38.7940444946	16.0632419586	0.0
38.8062858582	16.0358524323	0.0
38.8185272217	16.0084648132	0.0
38.8307685852	15.9810752869	0.0
38.843006134	15.9536857605	0.0
38.851146698	15.9166259766	0.0
38.8559532166	15.887014389	0.0
38.8607635498	15.8574018478	0.0
38.8655738831	15.8277902603	0.0
38.8703804016	15.7981777191	0.0
38.8751907349	15.7685661316	0.0
38.8799972534	15.7389535904	0.0
38.8848075867	15.7093410492	0.0
38.8896141052	15.6797294617	0.0
38.8944244385	15.6501169205	0.0
38.8992347717	15.6205053329	0.0
38.9040412903	15.5908927917	0.0
38.9088516235	15.5612812042	0.0
38.9136581421	15.531668663	0.0
38.9184684753	15.5020570755	0.0
38.9232788086	15.4724445343	0.0
38.9280853271	15.4428329468	0.0
38.9328956604	15.4132213593	0.0
38.937702179	15.3836088181	0.0
38.9425125122	15.3539972305	0.0
38.9473228455	15.3243837357	0.0
38.952129364	15.2947721481	0.0
38.9569396973	15.2651596069	0.0
38.9617462158	15.2355480194	0.0
38.9665565491	15.2059364319	0.0
38.9713668823	15.1763238907	0.0
38.9761734009	15.1467123032	0.0
38.9809837341	15.117099762	0.0
38.9857902527	15.0874881744	0.0
38.9906005859	15.0578756332	0.0
38.9954109192	15.0282640457	0.0
38.8746528625	15.9561452866	0.0
38.9029693604	15.9660520554	0.0
38.9312858582	15.9759597778	0.0
38.959602356	15.9858665466	0.0
38.9879226685	15.9957742691	0.0
38.525188446	17.2342128754	0.0
38.50233078	17.2147846222	0.0
38.479473114	17.195356369	0.0
38.4566116333	17.1759262085	0.0
38.4337539673	17.1564979553	0.0
38.4108963013	17.1370697021	0.0
38.3880348206	17.117641449	0.0
38.3651771545	17.0982131958	0.0
38.3423194885	17.0787849426	0.0
38.3194618225	17.0593547821	0.0
38.2966003418	17.0399265289	0.0
38.2737426758	17.0204982758	0.0
38.2508811951	17.0010681152	0.0
38.2126502991	16.9626941681	0.0
38.1929512024	16.9400672913	0.0
38.1732521057	16.9174423218	0.0
38.153553009	16.8948173523	0.0
38.1338500977	16.8721923828	0.0
38.114151001	16.849565506	0.0
38.0944519043	16.8269405365	0.0
38.0747528076	16.804315567	0.0
38.0550537109	16.7816905975	0.0
38.0353507996	16.7590637207	0.0
38.0156517029	16.7364387512	0.0
37.9959526062	16.7138137817	0.0
37.9762535095	16.6911888123	0.0
37.9565544128	16.6685619354	0.0
37.9368515015	16.6459369659	0.0
37.9171524048	16.6233100891	0.0
37.8974533081	16.6006851196	0.0
37.8777542114	16.5780601501	0.0
37.8580513	16.5554351807	0.0
37.8383522034	16.5328102112	0.0
37.8186531067	16.5101833344	0.0
37.79895401	16.4875583649	0.0
37.7792510986	16.4649333954	0.0
37.759552002	16.4423084259	0.0
37.7398529053	16.4196815491	0.0
37.7261962891	16.3702430725	0.0
37.7296409607	16.3404426575	0.0
37.7330818176	16.3106403351	0.0
37.7365264893	16.2808380127	0.0
37.7399673462	16.2510356903	0.0
37.7434120178	16.2212352753	0.0
37.7468528748	16.1914329529	0.0
37.7502975464	16.1616306305	0.0
37.7537384033	16.1318283081	0.0
37.757183075	16.1020278931	0.0
37.7606239319	16.0722255707	0.0
37.7640686035	16.0424232483	0.0
37.7675094604	16.0126228333	0.0
37.7709503174	15.9828195572	0.0
37.774394989	15.9530181885	0.0
37.7778358459	15.9232158661	0.0
37.7812805176	15.893415451	0.0
37.7847213745	15.8636131287	0.0
37.7881660461	15.8338108063	0.0
37.7916069031	15.8040094376	0.0
37.7950515747	15.7742071152	0.0
37.7984924316	15.7444047928	0.0
37.8019332886	15.7146043777	0.0
37.8053779602	15.6848020554	0.0
37.8088226318	15.654999733	0.0
37.8122634888	15.6251983643	0.0
37.8157043457	15.5953960419	0.0
37.8191490173	15.5655946732	0.0
37.8225898743	15.5357933044	0.0
37.8260345459	15.5059909821	0.0
37.8294754028	15.4761886597	0.0
37.8329200745	15.446387291	0.0
37.8363609314	15.4165849686	0.0
37.839805603	15.3867835999	0.0
37.84324646	15.3569822311	0.0
37.8466873169	15.3271799088	0.0
37.8501319885	15.2973775864	0.0
37.8535728455	15.2675762177	0.0
37.8570175171	15.2377738953	0.0
37.860458374	15.2079725266	0.0
37.8784675598	15.175365448	0.0
37.8955535889	15.1507081985	0.0
37.9126434326	15.1260509491	0.0
37.9297294617	15.101392746	0.0
37.9468193054	15.0767364502	0.0
37.9639091492	15.0520782471	0.0
37.9809951782	15.0274209976	0.0
37.998085022	15.0027637482	0.0
37.864818573	15.1702213287	0.0
37.8682632446	15.1404190063	0.0
37.8717041016	15.110616684	0.0
37.8751487732	15.0808162689	0.0
37.8785896301	15.0510139465	0.0
37.8820343018	15.0212116241	0.0
37.8854751587	14.9914102554	0.0
37.8889198303	14.961607933	0.0
37.8923606873	14.9318056107	0.0
37.8958053589	14.9020051956	0.0
37.8992462158	14.8722028732	0.0
37.9026908875	14.8424005508	0.0
37.9061317444	14.8125991821	0.0
37.9095726013	14.7827968597	0.0
37.9130172729	14.7529945374	0.0
37.9164581299	14.7231941223	0.0
37.9199028015	14.6933917999	0.0
37.9233436584	14.6635904312	0.0
37.9267883301	14.6337881088	0.0
37.930229187	14.6039857864	0.0
37.9336738586	14.5741853714	0.0
37.9371147156	14.544383049	0.0
37.9405593872	14.5145807266	0.0
37.9440002441	14.4847793579	0.0
37.9474411011	14.4549770355	0.0
37.9508857727	14.4251747131	0.0
37.9543266296	14.3953742981	0.0
37.9577713013	14.3655719757	0.0
37.9612121582	14.3357696533	0.0
37.9646568298	14.3059682846	0.0
37.9680976868	14.2761659622	0.0
37.9715423584	14.2463645935	0.0
37.9749832153	14.2165632248	0.0
37.978427887	14.1867609024	0.0
37.9818687439	14.15695858	0.0
37.9853096008	14.1271572113	0.0
37.9887542725	14.0973548889	0.0
37.9921951294	14.0675544739	0.0
37.995639801	14.0377521515	0.0
37.999080658	14.0079498291	0.0
37.7030563354	16.3774204254	0.0
37.6833572388	16.3547954559	0.0
37.6636543274	16.3321685791	0.0
37.6439552307	16.3095436096	0.0
37.624256134	16.2869186401	0.0
37.6045570374	16.2642936707	0.0
37.584854126	16.2416667938	0.0
37.5651550293	16.2190418243	0.0
37.5454559326	16.1964168549	0.0
37.5257568359	16.1737918854	0.0
37.5060577393	16.1511650085	0.0
37.4863548279	16.1285400391	0.0
37.4666557312	16.1059131622	0.0
37.4469566345	16.0832881927	0.0
37.4272575378	16.0606632233	0.0
37.4075546265	16.0380382538	0.0
37.3878555298	16.015411377	0.0
37.3681564331	15.9927873611	0.0
37.3484573364	15.970161438	0.0
37.3287582397	15.9475364685	0.0
37.3090553284	15.9249095917	0.0
37.2893562317	15.9022846222	0.0
37.269657135	15.8796596527	0.0
37.2499580383	15.8570337296	0.0
37.230255127	15.8344087601	0.0
37.1882553101	15.7980461121	0.0
37.1633491516	15.7813196182	0.0
37.1384468079	15.7645931244	0.0
37.1135406494	15.7478666306	0.0
37.0886383057	15.7311410904	0.0
37.0637321472	15.7144145966	0.0
37.0388298035	15.6976890564	0.0
37.013923645	15.6809625626	0.0
36.9890174866	15.6642360687	0.0
36.9641151428	15.6475095749	0.0
36.9392089844	15.6307840347	0.0
36.9143066406	15.6140575409	0.0
36.8894004822	15.5973320007	0.0
36.8644943237	15.5806064606	0.0
36.83959198	15.5638790131	0.0
36.8146858215	15.5471534729	0.0
36.7897834778	15.5304269791	0.0
36.7648773193	15.5137014389	0.0
36.7399711609	15.4969749451	0.0
36.7150688171	15.4802494049	0.0
36.6901626587	15.4635219574	0.0
36.6652603149	15.4467964172	0.0
36.6403541565	15.4300699234	0.0
36.6154518127	15.4133443832	0.0
36.5905456543	15.3966178894	0.0
36.5656433105	15.3798923492	0.0
36.5407371521	15.3631649017	0.0
36.5158348083	15.3464393616	0.0
36.4909286499	15.3297128677	0.0
36.4660224915	15.3129873276	0.0
36.4411201477	15.2962608337	0.0
36.4162139893	15.2795352936	0.0
36.3913116455	15.2628078461	0.0
36.3664054871	15.2460823059	0.0
36.3414993286	15.2293558121	0.0
36.3165969849	15.2126302719	0.0
36.2916908264	15.1959037781	0.0
36.2667884827	15.1791782379	0.0
36.2418823242	15.1624507904	0.0
36.2169761658	15.1457252502	0.0
36.192073822	15.1289987564	0.0
36.1671676636	15.1122732162	0.0
36.1422653198	15.0955467224	0.0
36.1173591614	15.0788211823	0.0
36.0924568176	15.0620937347	0.0
36.0675506592	15.0453681946	0.0
36.0426483154	15.0286417007	0.0
36.017742157	15.0119161606	0.0
37.1934585571	15.7921457291	0.0
37.1737594604	15.7695207596	0.0
37.1540603638	15.7468948364	0.0
37.1343612671	15.7242698669	0.0
37.1146583557	15.7016448975	0.0
37.094959259	15.6790189743	0.0
37.0752601624	15.6563940048	0.0
37.0555610657	15.6337680817	0.0
37.0358581543	15.6111431122	0.0
37.0161590576	15.588517189	0.0
36.9964599609	15.5658922195	0.0
36.9767608643	15.5432662964	0.0
36.9570617676	15.5206413269	0.0
36.9373588562	15.4980154037	0.0
36.9176597595	15.4753904343	0.0
36.8979606628	15.4527635574	0.0
36.8782615662	15.430138588	0.0
36.8585586548	15.4075126648	0.0
36.8388595581	15.3848876953	0.0
36.8191604614	15.3622617722	0.0
36.7994613647	15.3396368027	0.0
36.7797622681	15.3170108795	0.0
36.7600593567	15.29438591	0.0
36.74036026	15.2717599869	0.0
36.7206611633	15.2491350174	0.0
36.7009620667	15.2265090942	0.0
36.6812591553	15.2038841248	0.0
36.6615600586	15.1812591553	0.0
36.6418609619	15.1586332321	0.0
36.6221618652	15.1360082626	0.0
36.6024627686	15.1133823395	0.0
36.5827598572	15.09075737	0.0
36.5630607605	15.0681314468	0.0
36.5433616638	15.0455055237	0.0
36.5236625671	15.0228796005	0.0
36.5039596558	15.000254631	0.0
36.4842605591	14.9776287079	0.0
36.4645614624	14.9550037384	0.0
36.4448623657	14.9323778152	0.0
36.425163269	14.9097528458	0.0
36.4054603577	14.8871269226	0.0
36.385761261	14.8645019531	0.0
36.3660621643	14.84187603	0.0
36.3463630676	14.8192510605	0.0
36.3266601562	14.7966251373	0.0
36.3069610596	14.7740001678	0.0
36.2872619629	14.7513742447	0.0
36.2675628662	14.7287492752	0.0
36.2478637695	14.7061233521	0.0
36.2281608582	14.6834983826	0.0
36.2084617615	14.6608734131	0.0
36.1745567322	14.667098999	0.0
36.1551475525	14.6899728775	0.0
36.1357345581	14.712846756	0.0
36.1163253784	14.7357206345	0.0
36.096912384	14.7585954666	0.0
36.0775032043	14.7814702988	0.0
36.0580940247	14.8043441772	0.0
36.0386810303	14.8272180557	0.0
36.0192718506	14.8500919342	0.0
35.9998626709	14.8729658127	0.0
35.9804496765	14.8958396912	0.0
35.9610404968	14.9187145233	0.0
35.9416275024	14.9415893555	0.0
35.8993873596	14.9574699402	0.0
35.8694229126	14.9588871002	0.0
35.8394546509	14.9603042603	0.0
35.8094902039	14.9617214203	0.0
35.7795219421	14.9631376266	0.0
35.7495574951	14.9645547867	0.0
35.7195892334	14.9659719467	0.0
35.6896209717	14.9673891068	0.0
35.6596565247	14.9688062668	0.0
35.6296882629	14.9702243805	0.0
35.5997238159	14.9716405869	0.0
35.5697555542	14.9730577469	0.0
35.5397911072	14.9744749069	0.0
35.5098228455	14.975892067	0.0
35.4798583984	14.977309227	0.0
35.4498901367	14.978726387	0.0
35.4199256897	14.9801425934	0.0
35.389957428	14.9815597534	0.0
35.3599891663	14.9829769135	0.0
35.3300247192	14.9843940735	0.0
35.3000564575	14.9858112335	0.0
35.2700920105	14.9872283936	0.0
35.2401237488	14.9886445999	0.0
35.2101593018	14.9900617599	0.0
35.18019104	14.99147892	0.0
35.150226593	14.99289608	0.0
35.1202583313	14.9943132401	0.0
35.0902938843	14.9957304001	0.0
35.0603256226	14.9971466064	0.0
35.0303573608	14.9985637665	0.0
35.0003929138	14.9999809265	0.0
35.909942627	14.9789266586	0.0
35.8905334473	15.0018005371	0.0
35.8711242676	15.0246763229	0.0
35.8517112732	15.0475502014	0.0
35.8323020935	15.0704240799	0.0
35.8128890991	15.0932979584	0.0
35.7934799194	15.1161718369	0.0
35.7740707397	15.1390457153	0.0
35.7546577454	15.1619205475	0.0
35.7352485657	15.1847953796	0.0
35.715839386	15.2076692581	0.0
35.6964263916	15.2305431366	0.0
35.6770172119	15.2534170151	0.0
35.6658782959	15.2978601456	0.0
35.6670150757	15.327837944	0.0
35.6681480408	15.3578166962	0.0
35.6692848206	15.3877954483	0.0
35.6704216003	15.4177742004	0.0
35.6715583801	15.4477519989	0.0
35.6726913452	15.477730751	0.0
35.673828125	15.5077085495	0.0
35.6749649048	15.5376882553	0.0
35.6626281738	15.5727643967	0.0
35.6499977112	15.5999736786	0.0
35.6373634338	15.6271848679	0.0
35.6247291565	15.6543951035	0.0
35.6120948792	15.6816053391	0.0
35.5994644165	15.7088155746	0.0
35.5868301392	15.7360258102	0.0
35.5741958618	15.7632369995	0.0
35.5615653992	15.7904472351	0.0
35.5489311218	15.8176574707	0.0
35.5362968445	15.8448677063	0.0
35.5236663818	15.8720779419	0.0
35.5110321045	15.8992881775	0.0
35.4983978271	15.9264993668	0.0
35.4857673645	15.9537086487	0.0
35.4731330872	15.980919838	0.0
35.4604988098	16.0081291199	0.0
35.4478645325	16.0353393555	0.0
35.4352340698	16.0625514984	0.0
35.4225997925	16.089761734	0.0
35.4099655151	16.1169719696	0.0
35.3973350525	16.1441822052	0.0
35.3847007751	16.1713924408	0.0
35.3720664978	16.1986026764	0.0
35.3594360352	16.225812912	0.0
35.3468017578	16.2530231476	0.0
35.3341674805	16.2802333832	0.0
35.3215370178	16.3074436188	0.0
35.3089027405	16.3346557617	0.0
35.2962684631	16.36186409	0.0
35.2836341858	16.3890762329	0.0
35.2710037231	16.4162864685	0.0
35.2583694458	16.4434967041	0.0
35.2457351685	16.4707069397	0.0
35.2331047058	16.4979171753	0.0
35.2204704285	16.5251274109	0.0
35.2078361511	16.5523376465	0.0
35.1952056885	16.5795478821	0.0
35.1825714111	16.6067581177	0.0
35.1699371338	16.6339683533	0.0
35.1573066711	16.6611785889	0.0
35.1446723938	16.6883907318	0.0
35.1320381165	16.7155990601	0.0
35.1194076538	16.742811203	0.0
35.1067733765	16.7700214386	0.0
35.0941390991	16.7972316742	0.0
35.0815086365	16.8244419098	0.0
35.0688743591	16.8516521454	0.0
35.0562400818	16.878862381	0.0
35.0436096191	16.9060726166	0.0
35.0309753418	16.9332828522	0.0
35.0183410645	16.9604930878	0.0
35.0057106018	16.9877033234	0.0
35.6927032471	15.5699615479	0.0
35.7101478577	15.594370842	0.0
35.7275886536	15.6187791824	0.0
35.7450294495	15.6431884766	0.0
35.7624702454	15.6675958633	0.0
35.779914856	15.6920051575	0.0
35.7973556519	15.7164144516	0.0
35.8147964478	15.7408218384	0.0
35.8322372437	15.7652311325	0.0
35.8496818542	15.7896404266	0.0
35.8671226501	15.8140478134	0.0
35.884563446	15.8384571075	0.0
35.9020042419	15.862865448	0.0
35.9194488525	15.8872737885	0.0
35.9368896484	15.9116830826	0.0
35.9543304443	15.936091423	0.0
35.9717750549	15.9604997635	0.0
35.9892158508	15.9849081039	0.0
35.6352157593	15.2731971741	0.0
35.6056900024	15.278512001	0.0
35.5761642456	15.283826828	0.0
35.5466423035	15.289141655	0.0
35.5171165466	15.2944574356	0.0
35.4875907898	15.2997722626	0.0
35.458065033	15.3050870895	0.0
35.4285392761	15.3104028702	0.0
35.3990135193	15.3157176971	0.0
35.3694877625	15.3210325241	0.0
35.3399620056	15.3263483047	0.0
35.3104362488	15.3316631317	0.0
35.2809104919	15.3369779587	0.0
35.2513885498	15.3422937393	0.0
35.221862793	15.3476085663	0.0
35.1923370361	15.3529243469	0.0
35.1628112793	15.3582391739	0.0
35.1332855225	15.3635540009	0.0
35.1037597656	15.3688688278	0.0
35.0742340088	15.3741836548	0.0
35.044708252	15.3795003891	0.0
35.0151824951	15.3848152161	0.0
34.9856567383	15.390130043	0.0
34.9561347961	15.39544487	0.0
34.9266052246	15.400759697	0.0
34.8970832825	15.4060745239	0.0
34.8675575256	15.4113903046	0.0
34.8380317688	15.4167060852	0.0
34.808506012	15.4220209122	0.0
34.7789802551	15.4273357391	0.0
34.7494544983	15.4326505661	0.0
34.7199287415	15.4379663467	0.0
34.6904029846	15.4432811737	0.0
34.6608772278	15.4485969543	0.0
34.6313514709	15.4539117813	0.0
34.6018295288	15.4592266083	0.0
34.572303772	15.4645423889	0.0
34.5427780151	15.4698572159	0.0
34.5132522583	15.4751720428	0.0
34.4837265015	15.4804868698	0.0
34.4542007446	15.4858026505	0.0
34.4134292603	15.5125293732	0.0
34.3940238953	15.53540802	0.0
34.3746185303	15.5582876205	0.0
34.35521698	15.5811672211	0.0
34.335811615	15.6040468216	0.0
34.31640625	15.6269264221	0.0
34.2970046997	15.6498060226	0.0
34.2775993347	15.6726846695	0.0
34.2874221802	15.7052564621	0.0
34.3151435852	15.7167234421	0.0
34.3428649902	15.7281904221	0.0
34.3705863953	15.7396564484	0.0
34.398311615	15.7511234283	0.0
34.42603302	15.7625904083	0.0
34.453754425	15.7740564346	0.0
34.4814758301	15.7855234146	0.0
34.5091972351	15.7969903946	0.0
34.5369224548	15.8084564209	0.0
34.5646438599	15.8199234009	0.0
34.5923652649	15.8313903809	0.0
34.6200866699	15.8428573608	0.0
34.647808075	15.8543233871	0.0
34.67552948	15.8657903671	0.0
34.7032546997	15.8772573471	0.0
34.7309761047	15.8887233734	0.0
34.7586975098	15.9001903534	0.0
34.7864189148	15.9116573334	0.0
34.8141403198	15.9231233597	0.0
34.8418655396	15.9345903397	0.0
34.8695869446	15.9460573196	0.0
34.8973083496	15.9575242996	0.0
34.9250297546	15.9689903259	0.0
34.9527511597	15.9804573059	0.0
34.9804725647	15.9919242859	0.0
34.2402954102	15.7166690826	0.0
34.2208900452	15.7395486832	0.0
34.2014884949	15.7624282837	0.0
34.1820831299	15.7853078842	0.0
34.1626777649	15.8081865311	0.0
34.1432723999	15.8310670853	0.0
34.1238708496	15.8539457321	0.0
34.1044654846	15.8768262863	0.0
34.0850601196	15.8997049332	0.0
34.0656585693	15.9225845337	0.0
34.0462532043	15.9454641342	0.0
34.0268478394	15.9683437347	0.0
34.0074424744	15.9912233353	0.0
34.4129638672	15.467171669	0.0
34.3930931091	15.4446954727	0.0
34.3732261658	15.4222183228	0.0
34.3533554077	15.3997411728	0.0
34.3334884644	15.3772630692	0.0
34.3136177063	15.3547859192	0.0
34.2937507629	15.3323087692	0.0
34.2738800049	15.3098316193	0.0
34.2540130615	15.287355423	0.0
34.2341423035	15.264878273	0.0
34.2142753601	15.242401123	0.0
34.1944046021	15.2199230194	0.0
34.1745376587	15.1974458694	0.0
34.1546669006	15.1749687195	0.0
34.1347961426	15.1524915695	0.0
34.1149291992	15.1300153732	0.0
34.0950584412	15.1075382233	0.0
34.0751914978	15.0850610733	0.0
34.0553207397	15.0625829697	0.0
34.0354537964	15.0401058197	0.0
34.0155830383	15.0176286697	0.0
36.1742668152	14.6215991974	0.0
36.1545677185	14.5989742279	0.0
36.1348686218	14.5763483047	0.0
36.1151657104	14.5537233353	0.0
36.0954666138	14.5310974121	0.0
36.0757675171	14.5084724426	0.0
36.0560684204	14.4858455658	0.0
36.0363693237	14.4632205963	0.0
36.0166664124	14.4405946732	0.0
35.9969673157	14.4179697037	0.0
35.977268219	14.3953437805	0.0
35.9575691223	14.372718811	0.0
35.9378662109	14.3500938416	0.0
35.9181671143	14.3274679184	0.0
35.8984680176	14.3048429489	0.0
35.8787689209	14.2822170258	0.0
35.8590698242	14.2595920563	0.0
35.8345375061	14.2314167023	0.0
35.8148345947	14.2087907791	0.0
35.795135498	14.1861658096	0.0
35.7754364014	14.1635398865	0.0
35.7557373047	14.140914917	0.0
35.736038208	14.1182899475	0.0
35.7163352966	14.0956640244	0.0
35.6966362	14.0730390549	0.0
35.6769371033	14.0504131317	0.0
35.6572380066	14.0277881622	0.0
35.6375350952	14.0051622391	0.0
35.6178359985	13.9825372696	0.0
35.5981369019	13.9599113464	0.0
35.5784378052	13.937286377	0.0
35.5587387085	13.9146604538	0.0
35.5390357971	13.8920345306	0.0
35.5193367004	13.8694086075	0.0
35.4948043823	13.8412351608	0.0
35.4751052856	13.8186092377	0.0
35.455406189	13.7959842682	0.0
35.4357070923	13.773358345	0.0
35.4160041809	13.7507333755	0.0
35.3963050842	13.7281074524	0.0
35.3766059875	13.7054815292	0.0
35.3569068909	13.6828556061	0.0
35.3372077942	13.6602306366	0.0
35.3175048828	13.6376047134	0.0
35.2978057861	13.614979744	0.0
35.2781066895	13.5923538208	0.0
35.2584075928	13.5697288513	0.0
35.2387046814	13.5471029282	0.0
35.2190055847	13.5244779587	0.0
35.199306488	13.5018520355	0.0
35.1796073914	13.479227066	0.0
35.1894302368	13.4475021362	0.0
35.2040901184	13.4213266373	0.0
35.2187461853	13.3951511383	0.0
35.2334060669	13.3689756393	0.0
35.2480621338	13.3428001404	0.0
35.2627220154	13.3166246414	0.0
35.2773780823	13.2904500961	0.0
35.2920341492	13.2642736435	0.0
35.3066940308	13.2380990982	0.0
35.3213500977	13.2119226456	0.0
35.3360099792	13.1857481003	0.0
35.3506660461	13.1595716476	0.0
35.365322113	13.1333971024	0.0
35.3799819946	13.1072206497	0.0
35.3946380615	13.0810461044	0.0
35.4092979431	13.0548706055	0.0
35.42395401	13.0286951065	0.0
35.4386138916	13.0025196075	0.0
35.4532699585	12.9763441086	0.0
35.4679260254	12.9501686096	0.0
35.482585907	12.9239931107	0.0
35.4972419739	12.8978176117	0.0
35.5119018555	12.8716430664	0.0
35.5265579224	12.8454666138	0.0
35.541217804	12.8192920685	0.0
35.5558738708	12.7931156158	0.0
35.5705299377	12.7669410706	0.0
35.5851898193	12.7407646179	0.0
35.5998458862	12.7145900726	0.0
35.6145057678	12.68841362	0.0
35.6291618347	12.6622390747	0.0
35.6438179016	12.6360635757	0.0
35.6584777832	12.6098880768	0.0
35.6731338501	12.5837125778	0.0
35.6877937317	12.5575370789	0.0
35.7024497986	12.5313615799	0.0
35.7171058655	12.5051860809	0.0
35.7317657471	12.479010582	0.0
35.746421814	12.452835083	0.0
35.7610816956	12.426659584	0.0
35.7757377625	12.4004850388	0.0
35.790397644	12.3743085861	0.0
35.8050537109	12.3481340408	0.0
35.8197097778	12.3219575882	0.0
35.8343696594	12.2957830429	0.0
35.8490257263	12.2696065903	0.0
35.8636856079	12.243432045	0.0
35.8783416748	12.217256546	0.0
35.8929977417	12.1910810471	0.0
35.9076576233	12.1649055481	0.0
35.9223136902	12.1387300491	0.0
35.9369735718	12.1125545502	0.0
35.9516296387	12.0863790512	0.0
35.9662857056	12.0602035522	0.0
35.9809455872	12.0340280533	0.0
35.9956016541	12.0078525543	0.0
35.1550750732	13.451051712	0.0
35.1353759766	13.4284267426	0.0
35.1156768799	13.4058008194	0.0
35.0959739685	13.3831758499	0.0
35.0762748718	13.3605499268	0.0
35.0565757751	13.3379249573	0.0
35.0368766785	13.3152990341	0.0
35.0171737671	13.2926740646	0.0
34.9974746704	13.2700481415	0.0
34.9777755737	13.247423172	0.0
34.9580764771	13.2247972488	0.0
34.9383735657	13.2021722794	0.0
34.918674469	13.1795463562	0.0
34.8989753723	13.1569213867	0.0
34.8792762756	13.1342954636	0.0
34.859577179	13.1116695404	0.0
34.8398742676	13.0890436172	0.0
34.8083763123	13.097234726	0.0
34.7817077637	13.1109752655	0.0
34.7550392151	13.1247148514	0.0
34.7283706665	13.1384553909	0.0
34.7017021179	13.1521949768	0.0
34.6750335693	13.1659345627	0.0
34.6483650208	13.1796751022	0.0
34.6216964722	13.1934146881	0.0
34.5950279236	13.2071552277	0.0
34.5653343201	13.1887207031	0.0
34.5524520874	13.1616287231	0.0
34.53956604	13.1345367432	0.0
34.5266838074	13.1074447632	0.0
34.51379776	13.0803527832	0.0
34.5009117126	13.0532598495	0.0
34.48802948	13.0261678696	0.0
34.4751434326	12.9990758896	0.0
34.4622573853	12.9719839096	0.0
34.4493751526	12.9448919296	0.0
34.4364891052	12.917798996	0.0
34.4236068726	12.890707016	0.0
34.4107208252	12.863615036	0.0
34.3978347778	12.836523056	0.0
34.3849525452	12.809431076	0.0
34.3720664978	12.7823381424	0.0
34.3591804504	12.7552461624	0.0
34.3462982178	12.7281541824	0.0
34.3334121704	12.7010622025	0.0
34.320526123	12.6739702225	0.0
34.3076438904	12.6468772888	0.0
34.294757843	12.6197853088	0.0
34.2818756104	12.5926933289	0.0
34.268989563	12.5656013489	0.0
34.2561035156	12.5385093689	0.0
34.243221283	12.5114164352	0.0
34.2303352356	12.4843244553	0.0
34.2174530029	12.4572324753	0.0
34.2045669556	12.4301395416	0.0
34.1916809082	12.403046608	0.0
34.1787986755	12.375954628	0.0
34.1659126282	12.348862648	0.0
34.1530303955	12.321770668	0.0
34.1401443481	12.294678688	0.0
34.1272583008	12.2675857544	0.0
34.1143760681	12.2404937744	0.0
34.1014900208	12.2134017944	0.0
34.0886077881	12.1863098145	0.0
34.0757217407	12.1592178345	0.0
34.0628356934	12.1321249008	0.0
34.0499534607	12.1050329208	0.0
34.0370674133	12.0779409409	0.0
34.024181366	12.0508489609	0.0
34.0112991333	12.0237569809	0.0
34.5515518188	13.2295541763	0.0
34.5248832703	13.2432928085	0.0
34.4982147217	13.2570333481	0.0
34.4715461731	13.270772934	0.0
34.4231376648	13.2957134247	0.0
34.3964691162	13.3094530106	0.0
34.3698005676	13.3231925964	0.0
34.343132019	13.336933136	0.0
34.2923851013	13.3404893875	0.0
34.2633743286	13.3328456879	0.0
34.2343673706	13.3252029419	0.0
34.2053565979	13.3175601959	0.0
34.1763458252	13.30991745	0.0
34.1473350525	13.3022737503	0.0
34.1183242798	13.294631958	0.0
34.0893135071	13.286989212	0.0
34.0603065491	13.2793464661	0.0
34.0312957764	13.2717027664	0.0
34.0022850037	13.2640600204	0.0
33.973274231	13.2564172745	0.0
33.9442634583	13.2487735748	0.0
33.9152526855	13.2411308289	0.0
33.8862457275	13.2334880829	0.0
33.8572349548	13.2258453369	0.0
33.8282241821	13.2182016373	0.0
33.7992134094	13.2105588913	0.0
33.7702026367	13.2029161453	0.0
33.7411956787	13.1952733994	0.0
33.712184906	13.1876296997	0.0
33.6831741333	13.1799869537	0.0
33.6541633606	13.1723451614	0.0
33.6251525879	13.1647024155	0.0
33.5961418152	13.1570587158	0.0
33.5671348572	13.1494159698	0.0
33.5381240845	13.1417732239	0.0
33.5091133118	13.1341295242	0.0
33.4801025391	13.1264867783	0.0
33.4510917664	13.1188440323	0.0
33.4220848083	13.1112012863	0.0
33.3930740356	13.1035575867	0.0
33.3640632629	13.0959148407	0.0
33.3350524902	13.0882720947	0.0
33.3060417175	13.0806293488	0.0
33.2770309448	13.0729856491	0.0
33.2480201721	13.0653429031	0.0
33.2190132141	13.0577001572	0.0
33.1900024414	13.0500583649	0.0
33.1609916687	13.0424146652	0.0
33.131980896	13.0347719193	0.0
33.1029701233	13.0271291733	0.0
33.0739631653	13.0194864273	0.0
33.0449523926	13.0118427277	0.0
33.0159416199	13.0041999817	0.0
34.2947273254	13.3618717194	0.0
34.2680587769	13.3756122589	0.0
34.2413902283	13.3893518448	0.0
34.2147216797	13.4030923843	0.0
34.1880531311	13.4168319702	0.0
34.1613845825	13.4305715561	0.0
34.1347160339	13.4443120956	0.0
34.1080474854	13.4580516815	0.0
34.0813789368	13.4717922211	0.0
34.0547103882	13.4855318069	0.0
34.0280418396	13.4992713928	0.0
34.001373291	13.5130109787	0.0
33.9747047424	13.5267505646	0.0
33.9480361938	13.5404911041	0.0
33.9213676453	13.55423069	0.0
33.8946990967	13.5679712296	0.0
33.8680305481	13.5817108154	0.0
33.8413619995	13.595451355	0.0
33.8146934509	13.6091909409	0.0
33.7778549194	13.6102304459	0.0
33.7479629517	13.6076898575	0.0
33.7180709839	13.6051511765	0.0
33.6881790161	13.6026115417	0.0
33.6582870483	13.600071907	0.0
33.6283950806	13.597533226	0.0
33.5984992981	13.5949935913	0.0
33.5686073303	13.5924539566	0.0
33.5387153625	13.5899152756	0.0
33.5088233948	13.5873756409	0.0
33.478931427	13.5848369598	0.0
33.4490394592	13.5822973251	0.0
33.4191474915	13.5797576904	0.0
33.3892555237	13.5772190094	0.0
33.3593635559	13.5746793747	0.0
33.3294715881	13.57213974	0.0
33.2995796204	13.569601059	0.0
33.2696876526	13.5670614243	0.0
33.2397918701	13.5645217896	0.0
33.2098999023	13.5619831085	0.0
33.1800079346	13.5594434738	0.0
33.1501159668	13.5569038391	0.0
33.120223999	13.5543651581	0.0
33.0903320312	13.5518245697	0.0
33.0604400635	13.5492858887	0.0
33.0305480957	13.5467472076	0.0
33.0006561279	13.5442066193	0.0
32.9707603455	13.5416679382	0.0
32.9408683777	13.5391292572	0.0
32.9109764099	13.5365886688	0.0
32.8810844421	13.5340499878	0.0
32.8511924744	13.5315113068	0.0
32.8213005066	13.5289716721	0.0
32.7914085388	13.5264320374	0.0
32.761516571	13.5238933563	0.0
32.7316246033	13.5213537216	0.0
32.7017326355	13.5188140869	0.0
32.6718406677	13.5162754059	0.0
32.6419487	13.5137357712	0.0
32.6120529175	13.5111961365	0.0
32.5821609497	13.5086574554	0.0
32.5522689819	13.5061178207	0.0
32.5223770142	13.503578186	0.0
32.4924850464	13.5010385513	0.0
32.4625930786	13.4984998703	0.0
32.4327011108	13.4959602356	0.0
32.4028091431	13.4934206009	0.0
32.3729171753	13.4908819199	0.0
32.335773468	13.4648990631	0.0
32.3182067871	13.4405784607	0.0
32.3006401062	13.4162578583	0.0
32.28307724	13.3919382095	0.0
32.2655105591	13.3676176071	0.0
32.2479476929	13.3432979584	0.0
32.230381012	13.3189783096	0.0
32.2128143311	13.2946577072	0.0
32.1952514648	13.2703380585	0.0
32.1776847839	13.2460184097	0.0
32.1601219177	13.2216978073	0.0
32.1425552368	13.1973781586	0.0
32.1249923706	13.1730575562	0.0
32.1074256897	13.1487379074	0.0
32.0898590088	13.124417305	0.0
32.0722961426	13.1000967026	0.0
32.0547294617	13.0757770538	0.0
32.0371665955	13.0514574051	0.0
32.0195999146	13.0271368027	0.0
32.0020332336	13.0028171539	0.0
32.323348999	13.4901046753	0.0
32.2933654785	13.4909915924	0.0
32.2633781433	13.4918794632	0.0
32.2333908081	13.4927654266	0.0
32.2034034729	13.4936523438	0.0
32.1734161377	13.4945392609	0.0
32.1434288025	13.4954252243	0.0
32.1134414673	13.4963121414	0.0
32.0834541321	13.4971990585	0.0
32.0534667969	13.498085022	0.0
32.0234794617	13.4989719391	0.0
31.9934959412	13.4998588562	0.0
31.963508606	13.5007448196	0.0
31.9335212708	13.5016317368	0.0
31.9035339355	13.5025186539	0.0
31.8735466003	13.5034046173	0.0
31.8435592651	13.5042915344	0.0
31.8135738373	13.5051794052	0.0
31.7835865021	13.5060653687	0.0
31.7535991669	13.5069522858	0.0
31.723613739	13.5078392029	0.0
31.6936264038	13.5087251663	0.0
31.6636390686	13.5096120834	0.0
31.6336517334	13.5104990005	0.0
31.6036643982	13.511384964	0.0
31.573677063	13.5122718811	0.0
31.5436916351	13.5131587982	0.0
31.5137042999	13.5140457153	0.0
31.4837169647	13.5149316788	0.0
31.4537296295	13.5158185959	0.0
31.4237442017	13.5167064667	0.0
31.3937568665	13.5175924301	0.0
31.3637695312	13.5184793472	0.0
31.333782196	13.5193662643	0.0
31.3037967682	13.5202522278	0.0
31.273809433	13.5211391449	0.0
31.2438220978	13.522026062	0.0
31.2138347626	13.5229120255	0.0
31.1838474274	13.5237989426	0.0
31.1538619995	13.5246858597	0.0
31.1238746643	13.5255718231	0.0
31.0938873291	13.5264587402	0.0
31.0639019012	13.5273456573	0.0
31.033914566	13.5282316208	0.0
31.0039272308	13.5291185379	0.0
30.9739398956	13.5300064087	0.0
30.9439525604	13.5308923721	0.0
30.9139652252	13.5317792892	0.0
30.8839797974	13.5326662064	0.0
30.8539924622	13.5335521698	0.0
30.824005127	13.5344390869	0.0
30.7940196991	13.535326004	0.0
30.7640323639	13.5362119675	0.0
30.7340450287	13.5370988846	0.0
30.7040576935	13.5379858017	0.0
30.6740703583	13.5388717651	0.0
30.6440849304	13.5397586823	0.0
30.6140975952	13.5406455994	0.0
30.58411026	13.5415315628	0.0
30.5434761047	13.5303602219	0.0
30.5157909393	13.5188064575	0.0
30.4881057739	13.5072507858	0.0
30.4604206085	13.4956960678	0.0
30.4327354431	13.4841413498	0.0
30.4050483704	13.4725856781	0.0
30.377363205	13.4610319138	0.0
30.3496780396	13.4494771957	0.0
30.3219928741	13.437921524	0.0
30.2943077087	13.426366806	0.0
30.2666225433	13.414812088	0.0
30.2389354706	13.40325737	0.0
30.2112503052	13.391702652	0.0
30.1835651398	13.380147934	0.0
30.1558799744	13.3685932159	0.0
30.1140861511	13.3539981842	0.0
30.0854969025	13.3449144363	0.0
30.0569057465	13.3358287811	0.0
30.0283126831	13.3267440796	0.0
29.9997215271	13.3176593781	0.0
29.9711303711	13.3085737228	0.0
29.9425392151	13.2994890213	0.0
29.9139480591	13.2904052734	0.0
29.8853569031	13.2813196182	0.0
29.8567657471	13.2722349167	0.0
29.8281745911	13.2631502151	0.0
29.7995815277	13.2540645599	0.0
29.7709903717	13.2449798584	0.0
29.7423992157	13.2358961105	0.0
29.7138080597	13.226811409	0.0
29.6852169037	13.2177257538	0.0
29.6566257477	13.2086410522	0.0
29.6280345917	13.1995563507	0.0
29.5994434357	13.1904706955	0.0
29.5708503723	13.1813869476	0.0
29.5422592163	13.1723022461	0.0
29.5136680603	13.1632165909	0.0
29.4850769043	13.1541318893	0.0
29.4564857483	13.1450471878	0.0
29.4278945923	13.1359615326	0.0
29.3993034363	13.1268777847	0.0
29.3707122803	13.1177930832	0.0
29.3421211243	13.1087083817	0.0
29.3135280609	13.0996227264	0.0
29.2849388123	13.0905380249	0.0
29.2563457489	13.0814533234	0.0
29.2277545929	13.0723686218	0.0
29.1991634369	13.0632839203	0.0
29.1705722809	13.0541992188	0.0
29.1419811249	13.0451135635	0.0
29.1133899689	13.036028862	0.0
29.0847988129	13.0269441605	0.0
29.0562076569	13.0178604126	0.0
29.0276165009	13.0087747574	0.0
30.1317062378	13.3351621628	0.0
30.1207332611	13.3072395325	0.0
30.1097621918	13.2793188095	0.0
30.0987892151	13.2513971329	0.0
30.0878181458	13.2234764099	0.0
30.0768451691	13.1955537796	0.0
30.0658740997	13.1676330566	0.0
30.054901123	13.13971138	0.0
30.0439281464	13.1117897034	0.0
30.032957077	13.0838680267	0.0
30.0219841003	13.0559463501	0.0
30.011013031	13.0280246735	0.0
30.0000400543	13.0001029968	0.0
30.5477581024	13.5606851578	0.0
30.524356842	13.5794553757	0.0
30.5009536743	13.5982236862	0.0
30.4775505066	13.6169939041	0.0
30.4541473389	13.635764122	0.0
30.4307441711	13.6545333862	0.0
30.4073410034	13.6733026505	0.0
30.383939743	13.6920728683	0.0
30.3605365753	13.7108430862	0.0
30.3371334076	13.7296123505	0.0
30.3137302399	13.7483816147	0.0
30.2903270721	13.7671518326	0.0
30.2669239044	13.7859210968	0.0
30.2435207367	13.8046913147	0.0
30.220117569	13.8234605789	0.0
30.1967144012	13.8422298431	0.0
30.1733112335	13.861000061	0.0
30.1499080658	13.8797702789	0.0
30.1265068054	13.8985385895	0.0
30.1031036377	13.9173088074	0.0
30.07970047	13.9360790253	0.0
30.0562973022	13.9548492432	0.0
30.0328941345	13.9736175537	0.0
30.0094909668	13.9923877716	0.0
33.7810783386	13.6265087128	0.0
33.75440979	13.6402492523	0.0
33.7277412415	13.6539888382	0.0
33.7010726929	13.6677293777	0.0
33.6744041443	13.6814689636	0.0
33.6477355957	13.6952085495	0.0
33.6210670471	13.7089490891	0.0
33.5943984985	13.7226877213	0.0
33.56772995	13.7364282608	0.0
33.5364112854	13.7713441849	0.0
33.521900177	13.7976007462	0.0
33.5073890686	13.8238582611	0.0
33.4928779602	13.8501148224	0.0
33.4783668518	13.8763723373	0.0
33.4356002808	13.9016494751	0.0
33.405670166	13.9036998749	0.0
33.3757400513	13.9057502747	0.0
33.3458099365	13.9078006744	0.0
33.3158798218	13.9098510742	0.0
33.285949707	13.9119024277	0.0
33.256023407	13.9139518738	0.0
33.2260932922	13.9160022736	0.0
33.1961631775	13.9180526733	0.0
33.1662330627	13.9201030731	0.0
33.136302948	13.9221544266	0.0
33.1063728333	13.9242038727	0.0
33.0764427185	13.9262552261	0.0
33.0465126038	13.9283046722	0.0
33.016582489	13.9303560257	0.0
32.9866523743	13.9324064255	0.0
32.9567222595	13.9344558716	0.0
32.9267921448	13.936507225	0.0
32.89686203	13.9385566711	0.0
32.86693573	13.9406080246	0.0
32.8370056152	13.9426584244	0.0
32.8070755005	13.9447088242	0.0
32.7771453857	13.9467592239	0.0
32.747215271	13.9488096237	0.0
32.7172851562	13.9508600235	0.0
32.6873550415	13.9529104233	0.0
32.6574249268	13.9549608231	0.0
32.627494812	13.9570112228	0.0
32.5975646973	13.9590616226	0.0
32.5676345825	13.9611120224	0.0
32.5377044678	13.9631633759	0.0
32.507774353	13.965212822	0.0
32.4778442383	13.9672641754	0.0
32.4479141235	13.9693136215	0.0
32.4179878235	13.9713640213	0.0
32.3880577087	13.9734153748	0.0
32.358127594	13.9754648209	0.0
32.3281974792	13.9775161743	0.0
32.2982673645	13.9795656204	0.0
32.2683372498	13.9816169739	0.0
32.238407135	13.9836673737	0.0
32.2084770203	13.9857177734	0.0
32.1785469055	13.9877681732	0.0
32.1486167908	13.9898176193	0.0
32.118686676	13.9918689728	0.0
32.0887565613	13.9939193726	0.0
32.0588264465	13.9959697723	0.0
32.0288963318	13.9980201721	0.0
33.4510192871	13.9258556366	0.0
33.4365081787	13.9521131516	0.0
33.4219970703	13.9783697128	0.0
33.4074859619	14.0046262741	0.0
33.3929748535	14.0308828354	0.0
33.3504371643	14.0498828888	0.0
33.3207359314	14.0456552505	0.0
33.2910346985	14.0414266586	0.0
33.2613334656	14.0371990204	0.0
33.2316322327	14.0329723358	0.0
33.2019348145	14.0287437439	0.0
33.1722335815	14.0245161057	0.0
33.1425323486	14.0202894211	0.0
33.1128311157	14.0160608292	0.0
33.0831298828	14.0118331909	0.0
33.0534324646	14.0076055527	0.0
33.0237312317	14.0033779144	0.0
33.3658714294	14.0805015564	0.0
33.3516082764	14.1068925858	0.0
33.3373413086	14.1332836151	0.0
33.3230743408	14.1596746445	0.0
33.3088111877	14.1860666275	0.0
33.29454422	14.2124576569	0.0
33.2802810669	14.2388486862	0.0
33.2660140991	14.2652397156	0.0
33.2517471313	14.2916316986	0.0
33.2374839783	14.318022728	0.0
33.2232170105	14.3444137573	0.0
33.2089538574	14.3708057404	0.0
33.1946868896	14.3971967697	0.0
33.1804237366	14.4235877991	0.0
33.1661567688	14.4499788284	0.0
33.1518936157	14.4763708115	0.0
33.1376266479	14.5027618408	0.0
33.1233596802	14.5291528702	0.0
33.1090965271	14.5555448532	0.0
33.0948295593	14.5819358826	0.0
33.0805664062	14.6083269119	0.0
33.0627975464	14.6606016159	0.0
33.0573387146	14.6901016235	0.0
33.0518798828	14.7196006775	0.0
33.046421051	14.7490997314	0.0
33.0409622192	14.7785997391	0.0
33.0355072021	14.808098793	0.0
33.0300483704	14.837597847	0.0
33.0245895386	14.8670978546	0.0
33.0191307068	14.8965969086	0.0
33.0136756897	14.9260959625	0.0
33.0082168579	14.9555959702	0.0
33.0027580261	14.9850950241	0.0
33.0398979187	14.6408948898	0.0
33.0115394592	14.6506881714	0.0
32.9831848145	14.6604795456	0.0
32.954826355	14.6702728271	0.0
32.9264678955	14.680065155	0.0
32.8981132507	14.6898565292	0.0
32.8697547913	14.6996498108	0.0
32.8414001465	14.7094421387	0.0
32.813041687	14.7192344666	0.0
32.7846832275	14.7290267944	0.0
32.7563285828	14.7388191223	0.0
32.7279701233	14.7486124039	0.0
32.6996154785	14.7584037781	0.0
32.671257019	14.768196106	0.0
32.6429023743	14.7779893875	0.0
32.6145439148	14.7877807617	0.0
32.58618927	14.7975730896	0.0
32.5578308105	14.8073663712	0.0
32.5294723511	14.8171577454	0.0
32.5011177063	14.8269510269	0.0
32.4727592468	14.8367433548	0.0
32.4444046021	14.846534729	0.0
32.4160461426	14.8563280106	0.0
32.3876914978	14.8661203384	0.0
32.3593330383	14.8759126663	0.0
32.3309745789	14.8857049942	0.0
32.3026199341	14.8954973221	0.0
32.2742614746	14.90528965	0.0
32.2459068298	14.9150819778	0.0
32.2175483704	14.9248743057	0.0
32.1891937256	14.9346666336	0.0
32.1608352661	14.9444589615	0.0
32.1324806213	14.954252243	0.0
32.1041221619	14.9640436172	0.0
32.0757637024	14.9738359451	0.0
32.0474090576	14.9836292267	0.0
32.0190505981	14.9934206009	0.0
33.5210723877	13.7480697632	0.0
33.4912223816	13.7510528564	0.0
33.4613685608	13.7540359497	0.0
33.4315185547	13.7570199966	0.0
33.4016685486	13.7600030899	0.0
33.3718147278	13.7629861832	0.0
33.3419647217	13.7659692764	0.0
33.3121147156	13.7689523697	0.0
33.2822608948	13.771935463	0.0
33.2524108887	13.7749176025	0.0
33.2225608826	13.7779006958	0.0
33.1927070618	13.7808837891	0.0
33.1628570557	13.7838668823	0.0
33.1330032349	13.7868499756	0.0
33.1031532288	13.7898330688	0.0
33.0733032227	13.7928161621	0.0
33.0434494019	13.7957992554	0.0
33.0135993958	13.7987823486	0.0
32.9837493896	13.8017654419	0.0
32.9538955688	13.8047475815	0.0
32.9240455627	13.8077306747	0.0
32.8941955566	13.810713768	0.0
32.8643417358	13.8136968613	0.0
32.8344917297	13.8166799545	0.0
32.8046417236	13.8196630478	0.0
32.7747879028	13.8226461411	0.0
32.7449378967	13.8256292343	0.0
32.7150878906	13.8286123276	0.0
32.6852340698	13.8315954208	0.0
32.6553840637	13.8345775604	0.0
32.6255340576	13.8375606537	0.0
32.5956802368	13.8405437469	0.0
32.5658302307	13.8435268402	0.0
32.5359802246	13.8465099335	0.0
32.5061264038	13.8494930267	0.0
32.4762763977	13.85247612	0.0
32.4464263916	13.8554592133	0.0
32.4165725708	13.8584423065	0.0
32.3867225647	13.8614263535	0.0
32.3568725586	13.8644094467	0.0
32.3270187378	13.8673915863	0.0
32.2971687317	13.8703746796	0.0
32.2673187256	13.8733577728	0.0
32.2374649048	13.8763408661	0.0
32.2076148987	13.8793239594	0.0
32.1777648926	13.8823070526	0.0
32.1479110718	13.8852901459	0.0
32.1180610657	13.8882732391	0.0
32.0882072449	13.8912563324	0.0
32.0583572388	13.8942394257	0.0
32.0285072327	13.8972215652	0.0
31.9986553192	13.9002046585	0.0
31.9688034058	13.9031877518	0.0
31.9389514923	13.906170845	0.0
31.9091014862	13.9091539383	0.0
31.8792495728	13.9121370316	0.0
31.8493976593	13.9151201248	0.0
31.8195476532	13.9181032181	0.0
31.7896957397	13.9210863113	0.0
31.7598438263	13.9240694046	0.0
31.7299938202	13.9270515442	0.0
31.7001419067	13.9300346375	0.0
31.6702899933	13.9330177307	0.0
31.6404380798	13.936000824	0.0
31.6105880737	13.9389839172	0.0
31.5807361603	13.9419670105	0.0
31.5508842468	13.9449501038	0.0
31.5210342407	13.947933197	0.0
31.4911823273	13.9509162903	0.0
31.4613304138	13.9538993835	0.0
31.4314804077	13.9568824768	0.0
31.4016284943	13.9598646164	0.0
31.3717765808	13.9628477097	0.0
31.3419265747	13.9658317566	0.0
31.3120746613	13.9688148499	0.0
31.2822227478	13.9717979431	0.0
31.2523727417	13.9747810364	0.0
31.2225208282	13.9777641296	0.0
31.1926689148	13.9807472229	0.0
31.1628189087	13.9837303162	0.0
31.1329650879	13.9867134094	0.0
31.1031150818	13.989695549	0.0
31.0732631683	13.9926786423	0.0
31.0434112549	13.9956617355	0.0
31.0135612488	13.9986448288	0.0
34.4338798523	13.3073959351	0.0
34.4179534912	13.3328199387	0.0
34.4020271301	13.3582429886	0.0
34.386100769	13.3836660385	0.0
34.370174408	13.4090900421	0.0
34.3542480469	13.434513092	0.0
34.3383216858	13.4599370956	0.0
34.3223953247	13.4853601456	0.0
34.3064689636	13.5107831955	0.0
34.2905426025	13.5362071991	0.0
34.2746162415	13.561630249	0.0
34.2586898804	13.587053299	0.0
34.2427635193	13.6124773026	0.0
34.2268371582	13.6379003525	0.0
34.2109107971	13.6633234024	0.0
34.194984436	13.688747406	0.0
34.179058075	13.7141704559	0.0
34.1631317139	13.7395944595	0.0
34.1472053528	13.7650165558	0.0
34.1312789917	13.7904396057	0.0
34.1153526306	13.8158636093	0.0
34.0994262695	13.8412866592	0.0
34.0834999084	13.8667097092	0.0
34.0675735474	13.8921337128	0.0
34.0516471863	13.9175567627	0.0
34.0357208252	13.9429807663	0.0
34.0197944641	13.9684038162	0.0
34.003868103	13.9938268661	0.0
34.8198051453	13.0576543808	0.0
34.8045654297	13.0318126678	0.0
34.7893257141	13.0059709549	0.0
34.7740898132	12.9801301956	0.0
34.7588500977	12.9542894363	0.0
34.7436103821	12.9284477234	0.0
34.7283706665	12.9026060104	0.0
34.7131309509	12.8767652512	0.0
34.6901741028	12.8378343582	0.0
34.6749343872	12.8119926453	0.0
34.6596946716	12.786151886	0.0
34.6444549561	12.760310173	0.0
34.6292152405	12.7344694138	0.0
34.6139793396	12.7086277008	0.0
34.598739624	12.6827859879	0.0
34.5834999084	12.6569452286	0.0
34.5682601929	12.6311044693	0.0
34.5530204773	12.6052627563	0.0
34.5377807617	12.5794210434	0.0
34.5225448608	12.5535802841	0.0
34.5073051453	12.5277385712	0.0
34.4920654297	12.5018978119	0.0
34.4768257141	12.4760560989	0.0
34.4615859985	12.4502153397	0.0
34.446346283	12.4243736267	0.0
34.4311103821	12.3985328674	0.0
34.4158706665	12.3726911545	0.0
34.4006309509	12.3468503952	0.0
34.3853912354	12.3210086823	0.0
34.3701515198	12.295167923	0.0
34.3549118042	12.26932621	0.0
34.3396759033	12.2434854507	0.0
34.3244361877	12.2176437378	0.0
34.3091964722	12.1918020248	0.0
34.2939567566	12.1659612656	0.0
34.278717041	12.1401195526	0.0
34.2634773254	12.1142787933	0.0
34.2482414246	12.0884370804	0.0
34.233001709	12.0625963211	0.0
34.2177619934	12.0367546082	0.0
34.2025222778	12.0109138489	0.0
34.1872825623	11.9850721359	0.0
34.1684951782	11.9606924057	0.0
34.1501083374	11.9369888306	0.0
34.1317176819	11.9132862091	0.0
34.1133308411	11.8895816803	0.0
34.0949401855	11.8658790588	0.0
34.07654953	11.84217453	0.0
34.0581626892	11.8184719086	0.0
34.0397758484	11.7947692871	0.0
34.0213851929	11.7710647583	0.0
34.0029945374	11.7473621368	0.0
33.9846076965	11.7236585617	0.0
33.966217041	11.6999549866	0.0
33.9478302002	11.6762523651	0.0
33.9429473877	11.6982393265	0.0
33.9442634583	11.7282104492	0.0
33.9455757141	11.758181572	0.0
33.94688797	11.7881526947	0.0
33.9482040405	11.8181238174	0.0
33.9495162964	11.8480949402	0.0
33.9508285522	11.8780670166	0.0
33.9521446228	11.9080381393	0.0
33.9534568787	11.9380092621	0.0
33.9547691345	11.9679803848	0.0
33.9560852051	11.9979524612	0.0
33.9573974609	12.0279226303	0.0
33.9587097168	12.0578937531	0.0
33.9600257874	12.0878648758	0.0
33.9613380432	12.1178359985	0.0
33.9626502991	12.147808075	0.0
33.9639663696	12.1777791977	0.0
33.9652786255	12.2077503204	0.0
33.9665908813	12.2377214432	0.0
33.9679069519	12.2676925659	0.0
33.9692192078	12.2976636887	0.0
33.9705314636	12.3276348114	0.0
33.9718475342	12.3576059341	0.0
33.97315979	12.3875780106	0.0
33.9744720459	12.4175491333	0.0
33.9757881165	12.447520256	0.0
33.9771003723	12.4774913788	0.0
33.9784126282	12.5074615479	0.0
33.9797286987	12.5374336243	0.0
33.9810409546	12.567404747	0.0
33.9823532104	12.5973758698	0.0
33.983669281	12.6273469925	0.0
33.9849815369	12.6573190689	0.0
33.9862937927	12.6872901917	0.0
33.9876098633	12.7172613144	0.0
33.9889221191	12.7472324371	0.0
33.990234375	12.7772035599	0.0
33.9915504456	12.8071746826	0.0
33.9928627014	12.8371458054	0.0
33.9941749573	12.8671169281	0.0
33.9954910278	12.8970880508	0.0
33.9968032837	12.9270601273	0.0
33.9981155396	12.95703125	0.0
33.9994316101	12.9870023727	0.0
33.9232444763	11.6445646286	0.0
33.9048576355	11.6208610535	0.0
33.8864707947	11.597158432	0.0
33.8680801392	11.5734548569	0.0
33.8496894836	11.5497512817	0.0
33.8313026428	11.5260477066	0.0
33.8129119873	11.5023441315	0.0
33.7945251465	11.4786405563	0.0
33.776134491	11.4549379349	0.0
33.7577476501	11.4312343597	0.0
33.7393569946	11.4075307846	0.0
33.7209701538	11.3838281631	0.0
33.7025794983	11.3601236343	0.0
33.7207832336	11.3346843719	0.0
33.7451820374	11.3172273636	0.0
33.7695808411	11.2997713089	0.0
33.7939796448	11.2823143005	0.0
33.8183784485	11.2648582458	0.0
33.8427734375	11.2474012375	0.0
33.8671722412	11.2299451828	0.0
33.8915710449	11.2124881744	0.0
33.9159698486	11.1950321198	0.0
33.9403686523	11.1775751114	0.0
33.9647674561	11.1601190567	0.0
33.9891624451	11.1426620483	0.0
34.0135612488	11.12520504	0.0
34.0379600525	11.1077489853	0.0
34.0623588562	11.0902919769	0.0
34.0867576599	11.0728359222	0.0
34.1111564636	11.0553789139	0.0
34.1355514526	11.0379228592	0.0
34.1599502563	11.0204658508	0.0
34.1843490601	11.0030097961	0.0
34.2087478638	10.9855527878	0.0
34.2331466675	10.9680967331	0.0
34.2575416565	10.9506397247	0.0
34.2819404602	10.93318367	0.0
34.3063392639	10.9157266617	0.0
34.3307380676	10.898270607	0.0
34.3551368713	10.8808135986	0.0
34.379535675	10.8633575439	0.0
34.4039306641	10.8459005356	0.0
34.4283294678	10.8284435272	0.0
34.4527282715	10.8109884262	0.0
34.4771270752	10.7935314178	0.0
34.5015258789	10.7760753632	0.0
34.5259246826	10.7586183548	0.0
34.5503196716	10.7411623001	0.0
34.5747184753	10.7237052917	0.0
34.5991172791	10.7062492371	0.0
34.6235160828	10.6887922287	0.0
34.6479148865	10.671336174	0.0
34.6723136902	10.6538791656	0.0
34.6967086792	10.636423111	0.0
34.7211074829	10.6189661026	0.0
34.7455062866	10.6015100479	0.0
34.7699050903	10.5840530396	0.0
34.8027801514	10.5397205353	0.0
34.8130760193	10.5115442276	0.0
34.8233718872	10.4833660126	0.0
34.8336677551	10.4551877975	0.0
34.843963623	10.4270105362	0.0
34.854259491	10.3988332748	0.0
34.8645591736	10.3706550598	0.0
34.8748550415	10.3424768448	0.0
34.8851509094	10.3142995834	0.0
34.8954467773	10.2861223221	0.0
34.9057426453	10.2579441071	0.0
34.9160385132	10.2297668457	0.0
34.9263381958	10.2015886307	0.0
34.9366340637	10.1734113693	0.0
34.9469299316	10.145234108	0.0
34.9572257996	10.1170558929	0.0
34.9675216675	10.0888776779	0.0
34.9778175354	10.0607013702	0.0
34.988117218	10.0325231552	0.0
34.9984130859	10.0043449402	0.0
34.8196296692	10.5551309586	0.0
34.8467788696	10.5423641205	0.0
34.8739242554	10.5295963287	0.0
34.9010734558	10.516828537	0.0
34.9282188416	10.5040607452	0.0
34.955368042	10.4912939072	0.0
34.9825134277	10.4785261154	0.0
35.0096626282	10.4657583237	0.0
35.0368118286	10.4529905319	0.0
35.0639572144	10.4402227402	0.0
35.0911064148	10.4274559021	0.0
35.1182518005	10.4146881104	0.0
35.145401001	10.4019212723	0.0
35.1725463867	10.3891525269	0.0
35.1996955872	10.3763847351	0.0
35.2268447876	10.363617897	0.0
35.2539901733	10.3508501053	0.0
35.2811393738	10.3380832672	0.0
35.3082847595	10.3253154755	0.0
35.33543396	10.3125476837	0.0
35.3625793457	10.299779892	0.0
35.3897285461	10.2870130539	0.0
35.4168777466	10.2742452621	0.0
35.4440231323	10.2614774704	0.0
35.4711723328	10.2487096786	0.0
35.4983177185	10.2359418869	0.0
35.5254669189	10.2231750488	0.0
35.5526123047	10.2104072571	0.0
35.5797615051	10.197640419	0.0
35.6069107056	10.1848716736	0.0
35.6340560913	10.1721038818	0.0
35.6612052917	10.1593370438	0.0
35.6883506775	10.146569252	0.0
35.7154998779	10.1338024139	0.0
35.7426452637	10.1210336685	0.0
35.7697944641	10.1082668304	0.0
35.7969398499	10.0954990387	0.0
35.8240890503	10.0827312469	0.0
35.851234436	10.0699644089	0.0
35.8783836365	10.0571956635	0.0
35.9055328369	10.0444288254	0.0
35.9326782227	10.0316610336	0.0
35.9598274231	10.0188941956	0.0
35.9869728088	10.0061264038	0.0
33.6779975891	11.3284368515	0.0
33.6596069336	11.30473423	0.0
33.6412200928	11.2810297012	0.0
33.61668396	11.2494049072	0.0
33.5982971191	11.2257022858	0.0
33.5799064636	11.201997757	0.0
33.5553741455	11.170372963	0.0
33.53698349	11.1466703415	0.0
33.5185966492	11.1229667664	0.0
33.5002059937	11.0992631912	0.0
33.4818153381	11.0755596161	0.0
33.4634284973	11.051856041	0.0
33.4327468872	11.0123090744	0.0
33.4143600464	10.9886064529	0.0
33.3959693909	10.9649028778	0.0
33.37758255	10.9411993027	0.0
33.3591918945	10.9174957275	0.0
33.3408050537	10.8937931061	0.0
33.3224143982	10.8700885773	0.0
33.3040275574	10.8463859558	0.0
33.2856369019	10.8226823807	0.0
33.2672462463	10.7989788055	0.0
33.2488594055	10.7752761841	0.0
33.23046875	10.7515716553	0.0
33.2120819092	10.7278690338	0.0
33.1935348511	10.6925468445	0.0
33.1811790466	10.6652088165	0.0
33.1688232422	10.6378707886	0.0
33.1564712524	10.6105318069	0.0
33.144115448	10.583193779	0.0
33.1317634583	10.555855751	0.0
33.1194076538	10.5285177231	0.0
33.1070556641	10.5011796951	0.0
33.0946998596	10.4738416672	0.0
33.0823478699	10.4465026855	0.0
33.0699920654	10.4191646576	0.0
33.057636261	10.3918266296	0.0
33.0452842712	10.3644886017	0.0
33.0329284668	10.3371505737	0.0
33.0205764771	10.3098125458	0.0
33.0082206726	10.2824735641	0.0
32.9958686829	10.2551355362	0.0
32.9835128784	10.2277984619	0.0
32.9711608887	10.200460434	0.0
32.9588050842	10.173122406	0.0
32.9464492798	10.1457834244	0.0
32.93409729	10.1184453964	0.0
32.9217414856	10.0911073685	0.0
32.8941383362	10.0515298843	0.0
32.8742637634	10.0290584564	0.0
32.854385376	10.0065870285	0.0
32.8345108032	9.98411464691	0.0
32.8146362305	9.96164417267	0.0
32.7947616577	9.93917179108	0.0
32.7748832703	9.91670036316	0.0
32.7550086975	9.89422893524	0.0
32.7351341248	9.87175655365	0.0
32.715259552	9.84928607941	0.0
32.6953849792	9.82681369781	0.0
32.6755104065	9.80434322357	0.0
32.6556358337	9.78187084198	0.0
32.6357574463	9.75939941406	0.0
32.6158828735	9.73692798615	0.0
32.5960083008	9.71445560455	0.0
32.576133728	9.69198513031	0.0
32.5562553406	9.66951274872	0.0
32.5363807678	9.6470413208	0.0
32.5165061951	9.62456989288	0.0
32.4966316223	9.60209846497	0.0
32.4767570496	9.57962703705	0.0
32.4568786621	9.55715465546	0.0
32.4370040894	9.53468418121	0.0
32.4171295166	9.51221179962	0.0
32.3917732239	9.52829360962	0.0
32.3726081848	9.5513715744	0.0
32.3534393311	9.57444953918	0.0
32.3342704773	9.59752941132	0.0
32.3151054382	9.6206073761	0.0
32.2959365845	9.64368534088	0.0
32.2767677307	9.66676330566	0.0
32.2576026917	9.68984222412	0.0
32.2384338379	9.7129201889	0.0
32.2192649841	9.73599815369	0.0
32.2000999451	9.75907611847	0.0
32.1809310913	9.78215408325	0.0
32.1617622375	9.80523300171	0.0
32.1425971985	9.82831096649	0.0
32.1234283447	9.85138893127	0.0
32.104259491	9.87446689606	0.0
32.0850944519	9.89754581451	0.0
32.0659255981	9.9206237793	0.0
32.0467567444	9.94370174408	0.0
32.0275917053	9.96677970886	0.0
32.0084228516	9.98985862732	0.0
32.3910675049	9.48274421692	0.0
32.3711891174	9.460272789	0.0
32.3513145447	9.43780136108	0.0
32.3314399719	9.41532897949	0.0
32.3115653992	9.39285755157	0.0
32.2916908264	9.37038612366	0.0
32.271812439	9.34791469574	0.0
32.2519378662	9.32544326782	0.0
32.2320632935	9.3029718399	0.0
32.2121887207	9.28050041199	0.0
32.1923141479	9.2580280304	0.0
32.1724395752	9.23555660248	0.0
32.1525611877	9.21308517456	0.0
32.132686615	9.19061374664	0.0
32.1128120422	9.16814231873	0.0
32.0929374695	9.14567089081	0.0
32.0730628967	9.12319946289	0.0
32.0531845093	9.1007270813	0.0
32.0333099365	9.07825565338	0.0
32.0134353638	9.05578422546	0.0
31.993560791	9.03331279755	0.0
31.9736843109	9.01084136963	0.0
31.9538097382	8.98836994171	0.0
31.9339332581	8.96589756012	0.0
31.9140586853	8.9434261322	0.0
31.8916664124	8.91118240356	0.0
31.8754634857	8.88593387604	0.0
31.8592605591	8.86068725586	0.0
31.8430576324	8.83543872833	0.0
31.8268547058	8.81019115448	0.0
31.7849597931	8.79486942291	0.0
31.7551689148	8.79840946198	0.0
31.7253780365	8.80195045471	0.0
31.6955871582	8.8054895401	0.0
31.6657962799	8.80902957916	0.0
31.636007309	8.81256961823	0.0
31.6062164307	8.81610965729	0.0
31.5764255524	8.81965065002	0.0
31.5466365814	8.82319068909	0.0
31.5168457031	8.82673072815	0.0
31.4870548248	8.83027076721	0.0
31.4572658539	8.83381175995	0.0
31.4274730682	8.83735179901	0.0
31.3976840973	8.84089183807	0.0
31.367893219	8.84443187714	0.0
31.3381023407	8.84797286987	0.0
31.3083133698	8.85151290894	0.0
31.2785224915	8.855052948	0.0
31.2487316132	8.85859298706	0.0
31.2189426422	8.8621339798	0.0
31.1879253387	8.86564826965	0.0
31.158115387	8.86902046204	0.0
31.1283054352	8.87239074707	0.0
31.0984954834	8.87576293945	0.0
31.0686855316	8.87913417816	0.0
31.0388755798	8.88250637054	0.0
31.0090656281	8.88587665558	0.0
30.9792556763	8.88924884796	0.0
30.9494457245	8.89262008667	0.0
30.9196357727	8.89599132538	0.0
30.8898258209	8.89936256409	0.0
30.8600158691	8.9027338028	0.0
30.8302059174	8.90610599518	0.0
30.8003940582	8.90947723389	0.0
30.7705841064	8.91284942627	0.0
30.7407741547	8.9162197113	0.0
30.7109642029	8.91959095001	0.0
30.6811542511	8.9229631424	0.0
30.6513442993	8.9263343811	0.0
30.6215362549	8.92970561981	0.0
30.5788955688	8.93242073059	0.0
30.5489215851	8.93370437622	0.0
30.5189495087	8.93498706818	0.0
30.4889774323	8.93626976013	0.0
30.4590053558	8.93755340576	0.0
30.4290313721	8.93883609772	0.0
30.3990592957	8.94011878967	0.0
30.3690872192	8.94140052795	0.0
30.3391132355	8.94268417358	0.0
30.3091411591	8.94396686554	0.0
30.2791690826	8.9452495575	0.0
30.2491970062	8.94653320312	0.0
30.2192249298	8.94781589508	0.0
30.189250946	8.94909858704	0.0
30.1592788696	8.95038127899	0.0
30.1293067932	8.95166397095	0.0
30.0993347168	8.9529466629	0.0
30.069360733	8.95423030853	0.0
30.0393886566	8.95551300049	0.0
30.0094165802	8.95679569244	0.0
29.9794445038	8.95807933807	0.0
29.94947052	8.95936107635	0.0
29.9194984436	8.96064376831	0.0
29.8895263672	8.96192741394	0.0
29.8595523834	8.9632101059	0.0
29.829580307	8.96449279785	0.0
29.7996082306	8.96577644348	0.0
29.7696361542	8.96705913544	0.0
29.7396621704	8.96834182739	0.0
29.709690094	8.96962356567	0.0
29.6797180176	8.9709072113	0.0
29.6497459412	8.97218990326	0.0
29.6197738647	8.97347259521	0.0
29.589799881	8.97475624084	0.0
29.5598278046	8.9760389328	0.0
29.5298557281	8.97732162476	0.0
29.4998836517	8.97860431671	0.0
29.469909668	8.97988700867	0.0
29.4399375916	8.98116970062	0.0
29.4099655151	8.98245334625	0.0
29.3799915314	8.98373603821	0.0
29.350019455	8.98501873016	0.0
29.3200473785	8.98630237579	0.0
29.2900753021	8.98758411407	0.0
29.2601013184	8.98886680603	0.0
29.2301292419	8.99015045166	0.0
29.2001571655	8.99143314362	0.0
29.1701831818	8.99271583557	0.0
29.1402111053	8.99399852753	0.0
29.1102390289	8.99528217316	0.0
29.0802669525	8.99656391144	0.0
29.0502948761	8.99784660339	0.0
29.0203227997	8.99913024902	0.0
30.5790576935	8.93451023102	0.0
30.5492477417	8.93788146973	0.0
30.5194377899	8.94125270844	0.0
30.4896278381	8.94462394714	0.0
30.4598178864	8.94799613953	0.0
30.4300079346	8.95136737823	0.0
30.4001979828	8.95473861694	0.0
30.370388031	8.95810985565	0.0
30.3405780792	8.96148109436	0.0
30.3107681274	8.96485328674	0.0
30.2809581757	8.96822357178	0.0
30.2511482239	8.97159576416	0.0
30.2213382721	8.97496700287	0.0
30.1915283203	8.97833919525	0.0
30.1617183685	8.98171043396	0.0
30.1319084167	8.98508167267	0.0
30.102098465	8.98845291138	0.0
30.0722885132	8.99182415009	0.0
30.0424785614	8.99519634247	0.0
30.0126686096	8.9985666275	0.0
31.1923809052	8.87831401825	0.0
31.1670265198	8.89435100555	0.0
31.1416721344	8.91038799286	0.0
31.1163196564	8.92642498016	0.0
31.090965271	8.94246196747	0.0
31.065612793	8.95849895477	0.0
31.0402584076	8.97453594208	0.0
31.0149040222	8.99057292938	0.0
31.7985458374	8.76608085632	0.0
31.7823429108	8.74083328247	0.0
31.7661399841	8.71558475494	0.0
31.7499351501	8.69033718109	0.0
31.7337322235	8.66508960724	0.0
31.7175292969	8.63984203339	0.0
31.7013263702	8.61459445953	0.0
31.6851234436	8.58934593201	0.0
31.668920517	8.56409835815	0.0
31.6527175903	8.53884983063	0.0
31.6365127563	8.51360225677	0.0
31.6123027802	8.47587776184	0.0
31.5960998535	8.45063018799	0.0
31.5798969269	8.42538261414	0.0
31.5636940002	8.40013504028	0.0
31.5474891663	8.37488746643	0.0
31.5312862396	8.3496389389	0.0
31.515083313	8.32439136505	0.0
31.4988803864	8.29914283752	0.0
31.4826774597	8.27389526367	0.0
31.4664745331	8.24864768982	0.0
31.4502716064	8.22340011597	0.0
31.4562778473	8.18439769745	0.0
31.4702911377	8.15787220001	0.0
31.4843063354	8.13134670258	0.0
31.4983215332	8.10482120514	0.0
31.5123348236	8.0782957077	0.0
31.526348114	8.05177021027	0.0
31.5403633118	8.02524471283	0.0
31.5543766022	7.99871921539	0.0
31.5683917999	7.97219419479	0.0
31.5824050903	7.94566822052	0.0
31.5964202881	7.91914319992	0.0
31.6104335785	7.89261722565	0.0
31.6244487762	7.86609220505	0.0
31.6384620667	7.83956623077	0.0
31.6524772644	7.81304121017	0.0
31.6664905548	7.7865152359	0.0
31.6805057526	7.7599902153	0.0
31.694519043	7.73346376419	0.0
31.7085342407	7.70693922043	0.0
31.7225475311	7.68041276932	0.0
31.7365627289	7.65388822556	0.0
31.7505760193	7.62736177444	0.0
31.7645893097	7.60083723068	0.0
31.7786045074	7.57431077957	0.0
31.7926197052	7.54778623581	0.0
31.8066329956	7.5212597847	0.0
31.820646286	7.4947347641	0.0
31.8346614838	7.46820878983	0.0
31.8486747742	7.44168376923	0.0
31.8626899719	7.41515779495	0.0
31.8767032623	7.38863277435	0.0
31.8907184601	7.36210680008	0.0
31.9047317505	7.33558177948	0.0
31.9187469482	7.30905580521	0.0
31.9327602386	7.28253078461	0.0
31.9467754364	7.25600481033	0.0
31.9743061066	7.24274110794	0.0
32.0015106201	7.23009490967	0.0
32.0287132263	7.21744918823	0.0
32.0559196472	7.20480298996	0.0
32.0831222534	7.1921582222	0.0
32.1103286743	7.17951202393	0.0
32.1375312805	7.16686582565	0.0
32.1647377014	7.15422010422	0.0
32.1919403076	7.14157485962	0.0
32.2191467285	7.12892913818	0.0
32.2463493347	7.11628293991	0.0
32.2735557556	7.10363721848	0.0
32.3007583618	7.09099197388	0.0
32.3279647827	7.0783457756	0.0
32.3551673889	7.06570005417	0.0
32.3823738098	7.05305480957	0.0
32.409576416	7.04040908813	0.0
32.4367828369	7.02776288986	0.0
32.4719314575	7.02399301529	0.0
32.5019035339	7.02263116837	0.0
32.5318717957	7.02126979828	0.0
32.5618400574	7.01990795135	0.0
32.5918083191	7.01854610443	0.0
32.6217765808	7.01718521118	0.0
32.6517486572	7.01582288742	0.0
32.6817169189	7.0144610405	0.0
32.7116851807	7.01310014725	0.0
32.7416534424	7.01173782349	0.0
32.7716255188	7.01037597656	0.0
32.8015937805	7.00901508331	0.0
32.8315620422	7.00765323639	0.0
32.861530304	7.00629091263	0.0
32.8914985657	7.00493001938	0.0
32.9214706421	7.00356817245	0.0
32.9514389038	7.00220584869	0.0
32.9814071655	7.00084495544	0.0
32.4532203674	6.99754714966	0.0
32.4644813538	6.96973991394	0.0
32.4757385254	6.94193315506	0.0
32.4869995117	6.91412496567	0.0
32.4982566833	6.88631820679	0.0
32.509513855	6.85851097107	0.0
32.5207748413	6.83070278168	0.0
32.5320320129	6.8028960228	0.0
32.5432891846	6.77508878708	0.0
32.5545501709	6.74728107452	0.0
32.5658073425	6.71947383881	0.0
32.5770645142	6.69166707993	0.0
32.5883255005	6.66385984421	0.0
32.5995826721	6.63605213165	0.0
32.6108398438	6.60824489594	0.0
32.6221008301	6.58043813705	0.0
32.6333580017	6.55262994766	0.0
32.6446151733	6.52482318878	0.0
32.6558761597	6.49701595306	0.0
32.6671333313	6.46920776367	0.0
32.6783905029	6.44140100479	0.0
32.6896514893	6.41359376907	0.0
32.7009086609	6.38578605652	0.0
32.7121658325	6.3579788208	0.0
32.7234268188	6.33017206192	0.0
32.7346839905	6.30236387253	0.0
32.7459411621	6.27455711365	0.0
32.7572021484	6.24674987793	0.0
32.7684593201	6.21894216537	0.0
32.7797164917	6.19113492966	0.0
32.790977478	6.16332817078	0.0
32.8022346497	6.13551998138	0.0
32.8134918213	6.1077132225	0.0
32.8483314514	6.07483911514	0.0
32.8752365112	6.06156396866	0.0
32.9021377563	6.04828882217	0.0
32.9290428162	6.03501415253	0.0
32.9559440613	6.02173900604	0.0
32.9828453064	6.00846385956	0.0
32.8136520386	6.05913877487	0.0
32.8058776855	6.03016376495	0.0
32.7980995178	6.00118923187	0.0
32.7903251648	5.97221517563	0.0
32.7825508118	5.94324016571	0.0
32.774772644	5.91426515579	0.0
32.766998291	5.88529014587	0.0
32.7592201233	5.85631608963	0.0
32.7514457703	5.82734107971	0.0
32.7436676025	5.79836606979	0.0
32.7358932495	5.76939201355	0.0
32.7281188965	5.74041700363	0.0
32.7203407288	5.71144199371	0.0
32.7125663757	5.6824669838	0.0
32.704788208	5.65349292755	0.0
32.697013855	5.62451791763	0.0
32.6892356873	5.59554290771	0.0
32.6814613342	5.5665678978	0.0
32.6736869812	5.53759384155	0.0
32.6882019043	5.50761318207	0.0
32.7039031982	5.48204994202	0.0
32.7196044922	5.4564871788	0.0
32.7353057861	5.43092489243	0.0
32.7510108948	5.40536212921	0.0
32.7667121887	5.37979888916	0.0
32.7824134827	5.35423612595	0.0
32.7981147766	5.32867383957	0.0
32.8138160706	5.30311107635	0.0
32.8295173645	5.2775478363	0.0
32.8452186584	5.25198507309	0.0
32.8609199524	5.22642278671	0.0
32.8766212463	5.2008600235	0.0
32.892326355	5.17529678345	0.0
32.9080276489	5.14973402023	0.0
32.9237289429	5.12417221069	0.0
32.9394302368	5.09860897064	0.0
32.9551315308	5.07304620743	0.0
32.9708328247	5.04748296738	0.0
32.9865341187	5.02192115784	0.0
32.6489906311	5.51453781128	0.0
32.6254844666	5.49590015411	0.0
32.6019744873	5.47726202011	0.0
32.5784683228	5.45862388611	0.0
32.5549583435	5.43998622894	0.0
32.531452179	5.42134904861	0.0
32.5079421997	5.40271091461	0.0
32.4844360352	5.38407278061	0.0
32.4609260559	5.36543512344	0.0
32.4374198914	5.34679698944	0.0
32.4139099121	5.32815885544	0.0
32.3904037476	5.30952215195	0.0
32.3668937683	5.29088401794	0.0
32.3433876038	5.27224588394	0.0
32.3198776245	5.25360822678	0.0
32.29637146	5.23497009277	0.0
32.2728614807	5.21633195877	0.0
32.2493553162	5.19769382477	0.0
32.2258453369	5.17905712128	0.0
32.2023391724	5.16041898727	0.0
32.1788291931	5.14178085327	0.0
32.1553230286	5.12314319611	0.0
32.1318130493	5.1045050621	0.0
32.1083068848	5.0858669281	0.0
32.0847969055	5.06723022461	0.0
32.061290741	5.04859209061	0.0
32.0377807617	5.0299539566	0.0
32.0142745972	5.0113158226	0.0
31.9531879425	7.22600984573	0.0
31.9592704773	7.19663286209	0.0
31.9653568268	7.16725683212	0.0
31.9714412689	7.13787984848	0.0
31.9796352386	7.0983171463	0.0
31.9857196808	7.06894016266	0.0
31.9918041229	7.03956413269	0.0
31.9978904724	7.01018714905	0.0
31.9742546082	7.09770107269	0.0
31.9749584198	7.06770992279	0.0
31.9756603241	7.03771781921	0.0
31.9763641357	7.00772619247	0.0
31.9770679474	6.9777340889	0.0
31.977771759	6.947742939	0.0
31.9784755707	6.91775083542	0.0
31.979177475	6.88775920868	0.0
31.9798812866	6.8577671051	0.0
31.9805850983	6.8277759552	0.0
31.9812889099	6.79778385162	0.0
31.9819927216	6.76779222488	0.0
31.9826965332	6.73780012131	0.0
31.9833984375	6.70780897141	0.0
31.9841022491	6.67781686783	0.0
31.9848060608	6.64782476425	0.0
31.9855098724	6.61783313751	0.0
31.9862136841	6.58784198761	0.0
31.9869155884	6.55784988403	0.0
31.9876194	6.52785778046	0.0
31.9883232117	6.49786615372	0.0
31.989025116	6.46787500381	0.0
31.989730835	6.43788290024	0.0
31.9904327393	6.40789079666	0.0
31.9911365509	6.37789916992	0.0
31.9918403625	6.34790802002	0.0
31.9925441742	6.31791591644	0.0
31.9932460785	6.28792381287	0.0
31.9939498901	6.25793218613	0.0
31.9946537018	6.22794103622	0.0
31.9953575134	6.19794893265	0.0
31.9960613251	6.16795682907	0.0
31.9967632294	6.13796520233	0.0
31.9974689484	6.10797405243	0.0
31.9981708527	6.07798194885	0.0
31.9988746643	6.04798984528	0.0
31.999578476	6.01799821854	0.0
31.4189186096	8.19208145142	0.0
31.3955745697	8.17323875427	0.0
31.3722305298	8.1543970108	0.0
31.3488845825	8.13555526733	0.0
31.3255405426	8.11671257019	0.0
31.3021965027	8.09787082672	0.0
31.2788505554	8.07902908325	0.0
31.2555065155	8.06018733978	0.0
31.2321624756	8.04134368896	0.0
31.2088165283	8.0225019455	0.0
31.1854724884	8.00366020203	0.0
31.1509151459	7.97576904297	0.0
31.127571106	7.95692586899	0.0
31.1042251587	7.93808412552	0.0
31.0808811188	7.91924190521	0.0
31.0575370789	7.90040016174	0.0
31.0341911316	7.88155794144	0.0
31.0108470917	7.86271619797	0.0
30.9875030518	7.84387397766	0.0
30.9641571045	7.82503223419	0.0
30.9408130646	7.80618906021	0.0
30.9174690247	7.7873468399	0.0
30.8829116821	7.75945615768	0.0
30.8595676422	7.74061393738	0.0
30.8362236023	7.72177219391	0.0
30.812877655	7.70292901993	0.0
30.7895336151	7.68408679962	0.0
30.7661895752	7.66524505615	0.0
30.7428436279	7.64640283585	0.0
30.719499588	7.62756109238	0.0
30.6961555481	7.60871887207	0.0
30.6728096008	7.5898771286	0.0
30.6494655609	7.57103395462	0.0
30.626121521	7.55219221115	0.0
30.6027755737	7.53334999084	0.0
30.5794315338	7.51450777054	0.0
30.5560874939	7.49566602707	0.0
30.5327415466	7.47682380676	0.0
30.5093975067	7.45798206329	0.0
30.4860534668	7.43913984299	0.0
30.4627075195	7.42029714584	0.0
30.4393634796	7.40145492554	0.0
30.4160194397	7.38261318207	0.0
30.3926734924	7.36377096176	0.0
30.3684806824	7.31572389603	0.0
30.3667125702	7.28577709198	0.0
30.3649425507	7.25582885742	0.0
30.3631744385	7.2258810997	0.0
30.3614044189	7.19593286514	0.0
30.3596343994	7.16598510742	0.0
30.3578662872	7.13603782654	0.0
30.3560962677	7.10609006882	0.0
30.3543281555	7.07614183426	0.0
30.352558136	7.04619407654	0.0
30.3507900238	7.01624584198	0.0
30.3490219116	6.98629903793	0.0
30.3472518921	6.95635080338	0.0
30.3454818726	6.92640304565	0.0
30.3437137604	6.8964548111	0.0
30.3419437408	6.86650800705	0.0
30.3401756287	6.83655977249	0.0
30.3384056091	6.80661201477	0.0
30.3366374969	6.77666378021	0.0
30.3348674774	6.74671602249	0.0
30.3330993652	6.71676921844	0.0
30.3313293457	6.68682098389	0.0
30.3295593262	6.65687322617	0.0
30.3500556946	6.61405897141	0.0
30.3718624115	6.59345579147	0.0
30.3936672211	6.57285404205	0.0
30.4154758453	6.55225086212	0.0
30.4372825623	6.53164815903	0.0
30.4590873718	6.51104593277	0.0
30.4808940887	6.49044322968	0.0
30.502702713	6.46984004974	0.0
30.5245075226	6.44923782349	0.0
30.5463142395	6.42863512039	0.0
30.5681228638	6.40803289413	0.0
30.5899276733	6.38743019104	0.0
30.6117343903	6.36682701111	0.0
30.6335411072	6.34622478485	0.0
30.6553478241	6.32562208176	0.0
30.677154541	6.30501890182	0.0
30.6989612579	6.2844171524	0.0
30.7207679749	6.26381397247	0.0
30.7425746918	6.24321079254	0.0
30.7643814087	6.22260904312	0.0
30.7861881256	6.20200586319	0.0
30.8079948425	6.18140411377	0.0
30.8298015594	6.16080093384	0.0
30.8516082764	6.14019823074	0.0
30.8734149933	6.11959600449	0.0
30.8952217102	6.09899282455	0.0
30.9170284271	6.07839012146	0.0
30.938835144	6.0577878952	0.0
30.960641861	6.03718519211	0.0
30.9824485779	6.01658201218	0.0
30.3173732758	6.60670185089	0.0
30.3064994812	6.57874202728	0.0
30.2956256866	6.55078220367	0.0
30.2847499847	6.5228228569	0.0
30.2738761902	6.49486303329	0.0
30.2630004883	6.46690320969	0.0
30.2521266937	6.43894386292	0.0
30.2412528992	6.41098403931	0.0
30.2303771973	6.3830242157	0.0
30.2195034027	6.35506391525	0.0
30.2086296082	6.32710504532	0.0
30.1949939728	6.29204893112	0.0
30.1841201782	6.26408910751	0.0
30.1732444763	6.23612880707	0.0
30.1623706818	6.20816898346	0.0
30.1514968872	6.18021011353	0.0
30.1406211853	6.15224981308	0.0
30.1297473907	6.12428998947	0.0
30.1188735962	6.09633111954	0.0
30.1079978943	6.06837081909	0.0
30.0971240997	6.04041099548	0.0
30.0862483978	6.01245212555	0.0
30.1037006378	5.98318481445	0.0
30.1239109039	5.96101522446	0.0
30.14412117	5.93884515762	0.0
30.1643333435	5.91667413712	0.0
30.1845436096	5.89450407028	0.0
30.2047557831	5.87233400345	0.0
30.2249660492	5.85016393661	0.0
30.2451763153	5.82799386978	0.0
30.2653884888	5.80582380295	0.0
30.2855987549	5.78365278244	0.0
30.3058109283	5.76148319244	0.0
30.3260211945	5.73931312561	0.0
30.3462314606	5.71714305878	0.0
30.366443634	5.69497299194	0.0
30.3866539001	5.67280197144	0.0
30.4068641663	5.6506319046	0.0
30.4270763397	5.62846183777	0.0
30.4472866058	5.60629177094	0.0
30.4674987793	5.58412218094	0.0
30.4877090454	5.56195211411	0.0
30.5079193115	5.5397810936	0.0
30.528131485	5.51761102676	0.0
30.5483417511	5.49544095993	0.0
30.5685539246	5.4732708931	0.0
30.5887641907	5.45110082626	0.0
30.6089744568	5.42893123627	0.0
30.6291847229	5.40676021576	0.0
30.6493968964	5.38459014893	0.0
30.6696071625	5.36242008209	0.0
30.6898174286	5.34025001526	0.0
30.7100296021	5.31807994843	0.0
30.7302398682	5.29590988159	0.0
30.7504501343	5.27373886108	0.0
30.7706623077	5.25156879425	0.0
30.7908725739	5.22939920425	0.0
30.8110847473	5.20722913742	0.0
30.8312950134	5.18505907059	0.0
30.8515052795	5.16288805008	0.0
30.871717453	5.14071798325	0.0
30.8919277191	5.11854791641	0.0
30.9121398926	5.09637784958	0.0
30.9323501587	5.07420778275	0.0
30.9525604248	5.05203819275	0.0
30.9727725983	5.02986717224	0.0
30.9929828644	5.00769710541	0.0
30.0650844574	5.98166418076	0.0
30.0466804504	5.95797204971	0.0
30.0282764435	5.93428087234	0.0
30.0098724365	5.91059017181	0.0
29.9914665222	5.88689804077	0.0
29.9730625153	5.8632068634	0.0
29.9546585083	5.83951616287	0.0
29.9362545013	5.81582403183	0.0
29.9178504944	5.79213285446	0.0
29.8994464874	5.76844215393	0.0
29.8810405731	5.74475002289	0.0
29.8626365662	5.72105884552	0.0
29.8442325592	5.69736814499	0.0
29.8258285522	5.67367601395	0.0
29.8074245453	5.64998483658	0.0
29.7890205383	5.62629318237	0.0
29.7558002472	5.58793783188	0.0
29.7353363037	5.56600189209	0.0
29.7148723602	5.5440659523	0.0
29.6944065094	5.52212905884	0.0
29.6739425659	5.50019311905	0.0
29.6534786224	5.47825717926	0.0
29.633014679	5.45631980896	0.0
29.6125488281	5.43438386917	0.0
29.5920848846	5.41244697571	0.0
29.5716209412	5.39051103592	0.0
29.5511550903	5.36857509613	0.0
29.5306911469	5.34663820267	0.0
29.5102272034	5.32470178604	0.0
29.4897613525	5.30276584625	0.0
29.4692974091	5.28082895279	0.0
29.4488334656	5.258893013	0.0
29.4283695221	5.23695611954	0.0
29.4079036713	5.21502017975	0.0
29.3874397278	5.19308376312	0.0
29.3669757843	5.17114686966	0.0
29.3465118408	5.14921092987	0.0
29.32604599	5.12727403641	0.0
29.3055820465	5.10533809662	0.0
29.2851161957	5.08340215683	0.0
29.2646522522	5.06146478653	0.0
29.2441883087	5.03952884674	0.0
29.2237243652	5.01759290695	0.0
29.2110462189	4.98143482208	0.0
29.2047405243	4.95210599899	0.0
29.1984329224	4.92277622223	0.0
29.1921253204	4.8934469223	0.0
29.1858196259	4.86411714554	0.0
29.1795120239	4.83478784561	0.0
29.173204422	4.80545806885	0.0
29.1668987274	4.77612876892	0.0
29.1605911255	4.74679899216	0.0
29.1542835236	4.71747016907	0.0
29.147977829	4.68813991547	0.0
29.1416702271	4.6588101387	0.0
29.1353626251	4.62948083878	0.0
29.1290569305	4.60015106201	0.0
29.1227493286	4.57082176208	0.0
29.1164417267	4.54149198532	0.0
29.1101341248	4.51216316223	0.0
29.1038284302	4.48283290863	0.0
29.0975208282	4.45350408554	0.0
29.0912132263	4.42417383194	0.0
29.0849075317	4.39484500885	0.0
29.0785999298	4.36551523209	0.0
29.0722923279	4.33618593216	0.0
29.0659866333	4.3068561554	0.0
29.0596790314	4.27752590179	0.0
29.0533714294	4.2481970787	0.0
29.0470657349	4.2188668251	0.0
29.0407581329	4.18953800201	0.0
29.034450531	4.16020822525	0.0
29.0281448364	4.13087892532	0.0
29.0218372345	4.10154914856	0.0
29.0155296326	4.07221984863	0.0
29.009223938	4.04289007187	0.0
29.0029163361	4.01356077194	0.0
29.1873912811	5.00928115845	0.0
29.1574287415	5.00779676437	0.0
29.1274642944	5.00631284714	0.0
29.0975017548	5.0048289299	0.0
29.0675373077	5.00334501266	0.0
29.0375747681	5.00186109543	0.0
29.007610321	5.00037717819	0.0
29.7865962982	5.58170986176	0.0
29.7969303131	5.55354595184	0.0
29.8072624207	5.52538108826	0.0
29.8175945282	5.49721622467	0.0
29.8279266357	5.46905183792	0.0
29.8382587433	5.44088697433	0.0
29.8485908508	5.41272306442	0.0
29.8589229584	5.38455820084	0.0
29.8692550659	5.35639381409	0.0
29.8795871735	5.3282289505	0.0
29.889919281	5.30006408691	0.0
29.9002513885	5.271900177	0.0
29.9105854034	5.24373483658	0.0
29.920917511	5.21557092667	0.0
29.9312496185	5.18740606308	0.0
29.9415817261	5.15924119949	0.0
29.9519138336	5.13107681274	0.0
29.9622459412	5.10291194916	0.0
29.9725780487	5.07474803925	0.0
29.9829101562	5.04658317566	0.0
29.9932422638	5.01841878891	0.0
30.1971759796	6.34872102737	0.0
30.1884822845	6.37743377686	0.0
30.1797904968	6.40614700317	0.0
30.1710968018	6.43486022949	0.0
30.1624031067	6.46357297897	0.0
30.153711319	6.49228620529	0.0
30.1450176239	6.52099895477	0.0
30.1363258362	6.54971218109	0.0
30.1276321411	6.57842493057	0.0
30.1189403534	6.60713815689	0.0
30.1102466583	6.63585090637	0.0
30.1015548706	6.66456413269	0.0
30.0928611755	6.69327688217	0.0
30.0841674805	6.72199010849	0.0
30.0754756927	6.75070285797	0.0
30.0667819977	6.77941608429	0.0
30.0580883026	6.8081278801	0.0
30.0493965149	6.83684110641	0.0
30.0407047272	6.8655538559	0.0
30.0320110321	6.89426708221	0.0
30.023317337	6.9229798317	0.0
30.0146255493	6.95169305801	0.0
30.0059318542	6.9804058075	0.0
30.3412971497	7.33781290054	0.0
30.3123455048	7.32995319366	0.0
30.2833938599	7.32209300995	0.0
30.254442215	7.31423377991	0.0
30.2254886627	7.30637407303	0.0
30.1965370178	7.29851484299	0.0
30.1675853729	7.29065513611	0.0
30.138633728	7.28279590607	0.0
30.1096801758	7.27493619919	0.0
30.0807285309	7.26707601547	0.0
30.051776886	7.25921678543	0.0
30.0228233337	7.25135707855	0.0
29.9938716888	7.24349784851	0.0
29.9649200439	7.23563814163	0.0
29.935968399	7.22777795792	0.0
29.9070167542	7.21991920471	0.0
29.8780632019	7.212059021	0.0
29.849111557	7.20419979095	0.0
29.8201599121	7.19634008408	0.0
29.7912063599	7.18848085403	0.0
29.762254715	7.18062114716	0.0
29.7333030701	7.17276096344	0.0
29.6962165833	7.16269302368	0.0
29.6672649384	7.15483379364	0.0
29.6383113861	7.14697408676	0.0
29.6093597412	7.13911485672	0.0
29.580406189	7.13125514984	0.0
29.5514545441	7.12339496613	0.0
29.5225028992	7.11553621292	0.0
29.4935512543	7.10767602921	0.0
29.4645996094	7.09981679916	0.0
29.4356460571	7.09195709229	0.0
29.4066944122	7.08409690857	0.0
29.4171161652	7.05672502518	0.0
29.4316062927	7.03045606613	0.0
29.4460964203	7.00418710709	0.0
29.4605865479	6.97791814804	0.0
29.4750747681	6.951649189	0.0
29.4895648956	6.92538118362	0.0
29.5040550232	6.89911222458	0.0
29.5185451508	6.8728427887	0.0
29.533033371	6.84657382965	0.0
29.5475234985	6.82030582428	0.0
29.5620136261	6.79403686523	0.0
29.5765037537	6.76776790619	0.0
29.5909938812	6.74149894714	0.0
29.6054821014	6.71523094177	0.0
29.619972229	6.68896198273	0.0
29.6344623566	6.66269302368	0.0
29.6489524841	6.63642406464	0.0
29.6634426117	6.61015510559	0.0
29.6779308319	6.58388710022	0.0
29.6924209595	6.55761814117	0.0
29.706911087	6.53134918213	0.0
29.7213993073	6.50508022308	0.0
29.7358894348	6.47881221771	0.0
29.7503795624	6.45254278183	0.0
29.7648696899	6.42627382278	0.0
29.7793598175	6.40000486374	0.0
29.7938499451	6.37373590469	0.0
29.8083381653	6.34746789932	0.0
29.8228282928	6.32119894028	0.0
29.8373184204	6.29492998123	0.0
29.851808548	6.26866102219	0.0
29.8662986755	6.24239301682	0.0
29.8807868958	6.21612405777	0.0
29.8952770233	6.18985509872	0.0
29.9097671509	6.16358613968	0.0
29.9242553711	6.13731813431	0.0
29.9387454987	6.11104917526	0.0
29.9532356262	6.08478021622	0.0
29.9677257538	6.05851078033	0.0
29.9822158813	6.03224182129	0.0
29.9967041016	6.00597381592	0.0
29.3736743927	7.07513380051	0.0
29.3447227478	7.06727409363	0.0
29.3157691956	7.05941486359	0.0
29.2868175507	7.05155515671	0.0
29.2578659058	7.04369497299	0.0
29.2289142609	7.03583621979	0.0
29.199962616	7.02797603607	0.0
29.1710090637	7.02011680603	0.0
29.1420574188	7.01225709915	0.0
29.1131057739	7.00439691544	0.0
29.0841522217	6.99653816223	0.0
29.0597610474	6.9733672142	0.0
29.0394363403	6.95130109787	0.0
29.0191135406	6.92923498154	0.0
28.9987888336	6.90716791153	0.0
28.9784641266	6.8851017952	0.0
28.9581394196	6.8630361557	0.0
28.9378166199	6.84096908569	0.0
28.9174919128	6.81890296936	0.0
28.8971672058	6.79683685303	0.0
28.8768424988	6.77476978302	0.0
28.8565196991	6.75270414352	0.0
28.8361930847	6.73063802719	0.0
28.815870285	6.70857095718	0.0
28.8042030334	6.65785980225	0.0
28.8127613068	6.62910604477	0.0
28.8213195801	6.60035276413	0.0
28.8298778534	6.57159900665	0.0
28.8384342194	6.54284620285	0.0
28.8469924927	6.51409196854	0.0
28.855550766	6.48533916473	0.0
28.864107132	6.45658493042	0.0
28.8726654053	6.42783212662	0.0
28.8812236786	6.3990778923	0.0
28.8897819519	6.3703250885	0.0
28.8983383179	6.34157085419	0.0
28.9068965912	6.31281805038	0.0
28.9154548645	6.28406381607	0.0
28.9240131378	6.25531101227	0.0
28.9325695038	6.22655677795	0.0
28.9411277771	6.19780397415	0.0
28.9496860504	6.16905021667	0.0
28.9582443237	6.14029693604	0.0
28.966802597	6.11154317856	0.0
28.9753608704	6.08278989792	0.0
28.9839172363	6.05403614044	0.0
28.9924755096	6.0252828598	0.0
28.7753200531	6.66454696655	0.0
28.7549972534	6.64247989655	0.0
28.7346725464	6.62041378021	0.0
28.7143478394	6.59834814072	0.0
28.6940231323	6.57628107071	0.0
28.6736984253	6.55421495438	0.0
28.6533756256	6.53214883804	0.0
28.6330509186	6.51008176804	0.0
28.6127262115	6.48801612854	0.0
28.5924015045	6.46595001221	0.0
28.5720787048	6.4438829422	0.0
28.5517539978	6.42181682587	0.0
28.5314292908	6.39975118637	0.0
28.5111045837	6.37768411636	0.0
28.4907817841	6.35561800003	0.0
28.470457077	6.3335518837	0.0
28.45013237	6.31148481369	0.0
28.429807663	6.28941917419	0.0
28.4094848633	6.26735305786	0.0
28.3891582489	6.24528598785	0.0
28.3392372131	6.21949577332	0.0
28.3094902039	6.21561002731	0.0
28.2797431946	6.21172380447	0.0
28.249994278	6.20783805847	0.0
28.2202472687	6.20395183563	0.0
28.1905002594	6.2000670433	0.0
28.1607532501	6.19618082047	0.0
28.1310062408	6.19229507446	0.0
28.1012592316	6.18840885162	0.0
28.0715122223	6.18452310562	0.0
28.0417633057	6.18063688278	0.0
28.0120162964	6.17675113678	0.0
27.9685821533	6.16975784302	0.0
27.9390335083	6.16457891464	0.0
27.9094848633	6.15939998627	0.0
27.8799343109	6.15422105789	0.0
27.8503856659	6.14904212952	0.0
27.8208351135	6.14386320114	0.0
27.7912845612	6.13868379593	0.0
27.7617359161	6.13350486755	0.0
27.7321853638	6.12832593918	0.0
27.7026367188	6.1231470108	0.0
27.6730861664	6.11796808243	0.0
27.6435375214	6.11278915405	0.0
27.6139888763	6.10761022568	0.0
27.584438324	6.10243082047	0.0
27.554889679	6.09725189209	0.0
27.5253391266	6.09207296371	0.0
27.4957904816	6.08689403534	0.0
27.4662399292	6.08171510696	0.0
27.4366893768	6.07653617859	0.0
27.4071407318	6.07135677338	0.0
27.3775901794	6.066177845	0.0
27.3480415344	6.06099891663	0.0
27.3184928894	6.05581998825	0.0
27.288942337	6.05064105988	0.0
27.259393692	6.0454621315	0.0
27.2298431396	6.04028320312	0.0
27.2002944946	6.03510379791	0.0
27.1707439423	6.02992486954	0.0
27.1411952972	6.02474594116	0.0
27.1116447449	6.01956701279	0.0
27.0820941925	6.01438808441	0.0
27.0525455475	6.00920915604	0.0
27.0229969025	6.00403022766	0.0
27.9984531403	6.14493894577	0.0
27.9987735748	6.11494112015	0.0
27.9990921021	6.08494281769	0.0
27.9994125366	6.05494403839	0.0
27.9997348785	6.02494621277	0.0
28.3453102112	6.20495510101	0.0
28.3216362	6.18652820587	0.0
28.2979640961	6.16809988022	0.0
28.2742900848	6.14967298508	0.0
28.2506160736	6.13124608994	0.0
28.2269420624	6.11281919479	0.0
28.2032680511	6.09439182281	0.0
28.1795959473	6.075963974	0.0
28.155921936	6.05753707886	0.0
28.1322479248	6.03911018372	0.0
28.1085758209	6.02068281174	0.0
28.0849018097	6.0022559166	0.0
28.0612277985	5.98382902145	0.0
28.0375537872	5.96540117264	0.0
28.013879776	5.94697380066	0.0
27.9902076721	5.92854690552	0.0
27.9665336609	5.91012001038	0.0
27.9428596497	5.89169311523	0.0
27.9191856384	5.87326478958	0.0
27.8955135345	5.85483789444	0.0
27.8718395233	5.8364109993	0.0
27.8481655121	5.81798410416	0.0
27.8244915009	5.79955720901	0.0
27.8008174896	5.78112888336	0.0
27.7771453857	5.76270198822	0.0
27.7425308228	5.73575878143	0.0
27.7188568115	5.71733093262	0.0
27.6951828003	5.69890403748	0.0
27.6715087891	5.68047714233	0.0
27.6478347778	5.66204977036	0.0
27.624162674	5.64362287521	0.0
27.6004886627	5.6251950264	0.0
27.5768146515	5.60676813126	0.0
27.5531406403	5.58834123611	0.0
27.5294685364	5.56991386414	0.0
27.5057945251	5.55148696899	0.0
27.4821205139	5.53306007385	0.0
27.4361362457	5.52839899063	0.0
27.407459259	5.53720998764	0.0
27.3787822723	5.54602098465	0.0
27.3501052856	5.55483198166	0.0
27.321428299	5.56364297867	0.0
27.2927513123	5.57245397568	0.0
27.2640743256	5.58126497269	0.0
27.2353973389	5.5900759697	0.0
27.2067203522	5.59888696671	0.0
27.1780433655	5.60769796371	0.0
27.1493663788	5.61650896072	0.0
27.1206893921	5.62531995773	0.0
27.0920124054	5.63413095474	0.0
27.0633354187	5.64294195175	0.0
27.034658432	5.65175294876	0.0
27.0059814453	5.66056394577	0.0
26.9773044586	5.66937494278	0.0
26.9486274719	5.67818593979	0.0
26.9199523926	5.6869969368	0.0
26.8912754059	5.69580793381	0.0
26.8625984192	5.70461893082	0.0
26.8339214325	5.71342992783	0.0
26.8052444458	5.72224187851	0.0
26.7765674591	5.73105287552	0.0
26.7478904724	5.73986387253	0.0
26.7192134857	5.74867486954	0.0
26.690536499	5.75748586655	0.0
26.6618595123	5.76629686356	0.0
26.6331825256	5.77510786057	0.0
26.6045055389	5.78391885757	0.0
26.5758285522	5.79272985458	0.0
26.5471515656	5.80154085159	0.0
26.5184745789	5.8103518486	0.0
26.4897975922	5.81916284561	0.0
26.4611206055	5.82797384262	0.0
26.4324436188	5.83678483963	0.0
26.4037666321	5.84559583664	0.0
26.3750896454	5.85440683365	0.0
26.3464126587	5.86321783066	0.0
26.317735672	5.87202882767	0.0
26.2890586853	5.88083982468	0.0
26.2603816986	5.88965082169	0.0
26.2317066193	5.8984618187	0.0
26.2030296326	5.9072728157	0.0
26.1684017181	5.91099977493	0.0
26.1384887695	5.91327905655	0.0
26.1085739136	5.91555690765	0.0
26.078660965	5.91783618927	0.0
26.0487480164	5.92011499405	0.0
26.0188331604	5.92239284515	0.0
25.9889202118	5.92467212677	0.0
25.9590072632	5.92694997787	0.0
25.9290943146	5.92922878265	0.0
25.899181366	5.9315071106	0.0
25.8692684174	5.93378591537	0.0
25.8393535614	5.93606376648	0.0
25.8094406128	5.9383430481	0.0
25.7795276642	5.94062185287	0.0
25.7496147156	5.94290018082	0.0
25.719701767	5.9451789856	0.0
25.6897888184	5.9474568367	0.0
25.6598739624	5.94973611832	0.0
25.6299610138	5.95201396942	0.0
25.6000480652	5.9542927742	0.0
25.5701332092	5.95657205582	0.0
25.5402202606	5.95884990692	0.0
25.510307312	5.96112918854	0.0
25.4803943634	5.96340703964	0.0
25.4504814148	5.96568584442	0.0
25.4205684662	5.96796417236	0.0
25.3906536102	5.97024297714	0.0
25.3607406616	5.97252178192	0.0
25.330827713	5.97480010986	0.0
25.3009147644	5.97707891464	0.0
25.2710018158	5.97935676575	0.0
25.2410869598	5.98163604736	0.0
25.2111740112	5.98391389847	0.0
25.1812610626	5.98619318008	0.0
25.1513462067	5.98847198486	0.0
25.1214332581	5.99074983597	0.0
25.0915203094	5.99302911758	0.0
25.0616073608	5.99530696869	0.0
25.0316944122	5.99758577347	0.0
25.0017814636	5.99986410141	0.0
26.1710624695	5.92126512527	0.0
26.1438102722	5.93380784988	0.0
26.116558075	5.94635105133	0.0
26.089307785	5.95889520645	0.0
26.0620555878	5.97143793106	0.0
26.0348033905	5.98398113251	0.0
26.0075511932	5.99652385712	0.0
27.4411392212	5.50116109848	0.0
27.41746521	5.48273277283	0.0
27.3937911987	5.46430587769	0.0
27.3701190948	5.44587898254	0.0
27.3464450836	5.4274520874	0.0
27.3227710724	5.40902519226	0.0
27.2990970612	5.39059686661	0.0
27.2754230499	5.37216997147	0.0
27.251750946	5.35374307632	0.0
27.2280769348	5.33531618118	0.0
27.2044048309	5.3168888092	0.0
27.1807308197	5.29846096039	0.0
27.1596374512	5.25522899628	0.0
27.1558532715	5.2254691124	0.0
27.1520671844	5.19570922852	0.0
27.1482830048	5.16594791412	0.0
27.1444988251	5.13618803024	0.0
27.140712738	5.10642814636	0.0
27.1369285583	5.07666778564	0.0
27.1331443787	5.04690694809	0.0
27.1293582916	5.01714706421	0.0
27.1255741119	4.98738718033	0.0
27.1217899323	4.95762586594	0.0
27.1180038452	4.92786598206	0.0
27.0918598175	4.91929388046	0.0
27.0693225861	4.93909502029	0.0
27.0467834473	4.95889616013	0.0
27.0242462158	4.97869682312	0.0
27.0017108917	4.99849700928	0.0
27.1106109619	4.86973190308	0.0
27.1068267822	4.8399720192	0.0
27.1030406952	4.81021213531	0.0
27.0992565155	4.7804517746	0.0
27.0954723358	4.75069093704	0.0
27.0916862488	4.72093105316	0.0
27.0879020691	4.69117116928	0.0
27.0841178894	4.66140985489	0.0
27.0803318024	4.63164997101	0.0
27.0765476227	4.60189008713	0.0
27.0727615356	4.57213020325	0.0
27.068977356	4.54236888885	0.0
27.0651931763	4.51260900497	0.0
27.0614070892	4.48284912109	0.0
27.0576229095	4.4530878067	0.0
27.0538387299	4.42332792282	0.0
27.0500526428	4.39356803894	0.0
27.0462684631	4.36380720139	0.0
27.0424823761	4.33404684067	0.0
27.0386981964	4.30428695679	0.0
27.0349140167	4.27452707291	0.0
27.031129837	4.24476623535	0.0
27.02734375	4.21500587463	0.0
27.0235595703	4.18524599075	0.0
27.0197734833	4.1554851532	0.0
27.0159893036	4.12572479248	0.0
27.0122051239	4.0959649086	0.0
27.0084209442	4.06620502472	0.0
27.0046348572	4.03644418716	0.0
27.0008506775	4.00668382645	0.0
27.1359615326	5.27291107178	0.0
27.1085014343	5.26083183289	0.0
27.0810394287	5.24875307083	0.0
27.0535793304	5.23667383194	0.0
27.0261173248	5.22459506989	0.0
26.9986572266	5.21251583099	0.0
26.9711971283	5.20043706894	0.0
26.9437351227	5.18835687637	0.0
26.9162750244	5.17627811432	0.0
26.8888149261	5.16419887543	0.0
26.8613529205	5.15212011337	0.0
26.8338928223	5.14004087448	0.0
26.806432724	5.12796211243	0.0
26.7789707184	5.11588287354	0.0
26.7515106201	5.10380411148	0.0
26.7240486145	5.09172487259	0.0
26.6965885162	5.07964611053	0.0
26.6475868225	5.05122184753	0.0
26.6232681274	5.03365516663	0.0
26.5989494324	5.01608800888	0.0
26.5746307373	4.99852085114	0.0
26.5503139496	4.98095321655	0.0
26.5259933472	4.96338605881	0.0
26.5016746521	4.94581890106	0.0
26.4773578644	4.92825222015	0.0
26.453037262	4.91068506241	0.0
26.4287204742	4.89311790466	0.0
26.4044017792	4.87554979324	0.0
26.3800811768	4.85798311234	0.0
26.355764389	4.84041595459	0.0
26.331445694	4.82284879684	0.0
26.2859802246	4.80418920517	0.0
26.2567863464	4.79728412628	0.0
26.2275905609	4.79037809372	0.0
26.1983966827	4.78347206116	0.0
26.1692028046	4.77656698227	0.0
26.1400089264	4.76966094971	0.0
26.1108131409	4.76275491714	0.0
26.0816192627	4.75584888458	0.0
26.0524253845	4.74894380569	0.0
26.0232315063	4.74203777313	0.0
25.9940357208	4.73513221741	0.0
25.9648418427	4.72822713852	0.0
25.9356479645	4.72132110596	0.0
25.906452179	4.71441507339	0.0
25.8772583008	4.70750904083	0.0
25.8480644226	4.70060396194	0.0
25.8188705444	4.69369792938	0.0
25.7896766663	4.68679189682	0.0
25.7604808807	4.67988681793	0.0
25.7312870026	4.67298078537	0.0
25.7020931244	4.66607522964	0.0
25.6728973389	4.65916919708	0.0
25.6437034607	4.65226411819	0.0
25.6145095825	4.64535808563	0.0
25.5853157043	4.63845205307	0.0
25.5561218262	4.63154602051	0.0
25.526927948	4.62464094162	0.0
25.4977321625	4.61773490906	0.0
25.4551067352	4.58826589584	0.0
25.4367485046	4.56453800201	0.0
25.4183921814	4.54081010818	0.0
25.4000358582	4.51708221436	0.0
25.3816776276	4.49335384369	0.0
25.3633213043	4.46962594986	0.0
25.3449630737	4.44589805603	0.0
25.3266067505	4.4221701622	0.0
25.3082504272	4.39844179153	0.0
25.2898921967	4.37471389771	0.0
25.2715358734	4.3509850502	0.0
25.2531795502	4.32725715637	0.0
25.2348213196	4.30352878571	0.0
25.2164649963	4.27980089188	0.0
25.1981086731	4.25607299805	0.0
25.1797504425	4.23234510422	0.0
25.1613941193	4.20861721039	0.0
25.143037796	4.18488883972	0.0
25.1246795654	4.16116094589	0.0
25.1063232422	4.13743305206	0.0
25.0879669189	4.11370515823	0.0
25.0696086884	4.08997678757	0.0
25.0512523651	4.06624889374	0.0
25.0328941345	4.04252004623	0.0
25.0145397186	4.0187921524	0.0
25.450258255	4.63101005554	0.0
25.4270553589	4.6500248909	0.0
25.4038524628	4.66904115677	0.0
25.3806476593	4.68805599213	0.0
25.3574447632	4.70707178116	0.0
25.3342418671	4.72608804703	0.0
25.3110370636	4.74510288239	0.0
25.2878341675	4.76411914825	0.0
25.264629364	4.78313398361	0.0
25.2414264679	4.80214977264	0.0
25.2182235718	4.82116508484	0.0
25.1950187683	4.84018087387	0.0
25.1718158722	4.85919618607	0.0
25.1486110687	4.8782119751	0.0
25.1254081726	4.89722681046	0.0
25.1022033691	4.91624307632	0.0
25.079000473	4.93525791168	0.0
25.0557975769	4.95427417755	0.0
25.0325927734	4.97328901291	0.0
25.0093898773	4.99230480194	0.0
26.304309845	4.78313207626	0.0
26.2934436798	4.75516891479	0.0
26.2825775146	4.72720623016	0.0
26.2717113495	4.6992430687	0.0
26.2608451843	4.67127990723	0.0
26.2499790192	4.6433172226	0.0
26.239112854	4.61535406113	0.0
26.2282485962	4.58739089966	0.0
26.217382431	4.55942821503	0.0
26.2065162659	4.53146505356	0.0
26.1956501007	4.50350093842	0.0
26.1847839355	4.47553777695	0.0
26.1739177704	4.44757509232	0.0
26.1630516052	4.41961193085	0.0
26.1521873474	4.39164876938	0.0
26.1413211823	4.36368608475	0.0
26.1304550171	4.33572292328	0.0
26.1195888519	4.30775976181	0.0
26.1087226868	4.27979707718	0.0
26.0978565216	4.25183391571	0.0
26.0869903564	4.22387123108	0.0
26.0761260986	4.19590806961	0.0
26.0652599335	4.16794490814	0.0
26.0543937683	4.13998222351	0.0
26.0435276031	4.11201810837	0.0
26.032661438	4.0840549469	0.0
26.0217952728	4.05609178543	0.0
26.0109291077	4.0281291008	0.0
26.0000648499	4.00016593933	0.0
26.6420612335	5.06573390961	0.0
26.6122188568	5.06267786026	0.0
26.5823745728	5.05962276459	0.0
26.5525302887	5.05656814575	0.0
26.5226860046	5.05351209641	0.0
26.4928417206	5.05045700073	0.0
26.4629974365	5.04740095139	0.0
26.4331531525	5.04434585571	0.0
26.4033107758	5.04129123688	0.0
26.3734664917	5.03823518753	0.0
26.3436222076	5.03518009186	0.0
26.3137779236	5.03212404251	0.0
26.2839336395	5.02906894684	0.0
26.2540893555	5.02601385117	0.0
26.2242450714	5.02295780182	0.0
26.1944026947	5.01990318298	0.0
26.1645584106	5.01684713364	0.0
26.1347141266	5.01379203796	0.0
26.1048698425	5.01073598862	0.0
26.0750255585	5.00768089294	0.0
26.0451812744	5.00462579727	0.0
26.0153388977	5.00157022476	0.0
27.7750854492	5.72553110123	0.0
27.7839698792	5.69687604904	0.0
27.7928524017	5.66822195053	0.0
27.8017349243	5.63956689835	0.0
27.8106174469	5.61091184616	0.0
27.8195018768	5.58225679398	0.0
27.8283843994	5.5536031723	0.0
27.837266922	5.52494812012	0.0
27.8461494446	5.49629306793	0.0
27.8550338745	5.46763801575	0.0
27.8639163971	5.43898391724	0.0
27.8727989197	5.41032886505	0.0
27.8816814423	5.38167381287	0.0
27.8919849396	5.3484377861	0.0
27.9008674622	5.31978321075	0.0
27.9097499847	5.29112911224	0.0
27.9186325073	5.26247406006	0.0
27.9275169373	5.23381900787	0.0
27.9363994598	5.20516490936	0.0
27.9452819824	5.17650985718	0.0
27.954164505	5.14785480499	0.0
27.9630489349	5.11920022964	0.0
27.9719314575	5.09054613113	0.0
27.9808139801	5.06189107895	0.0
27.9896965027	5.03323602676	0.0
27.9985809326	5.00458097458	0.0
27.8856391907	5.34719991684	0.0
27.8881778717	5.31730794907	0.0
27.8907146454	5.28741502762	0.0
27.8932514191	5.25752305984	0.0
27.8957881927	5.2276301384	0.0
27.8983268738	5.19773817062	0.0
27.9008636475	5.16784477234	0.0
27.9034023285	5.13795280457	0.0
27.9059391022	5.10805988312	0.0
27.9084777832	5.07816791534	0.0
27.9110145569	5.0482749939	0.0
27.9135513306	5.01838302612	0.0
27.9160881042	4.98849105835	0.0
27.9186267853	4.9585981369	0.0
27.921163559	4.92870616913	0.0
27.92370224	4.89881277084	0.0
27.9262390137	4.86892080307	0.0
27.9287776947	4.83902788162	0.0
27.9313144684	4.80913591385	0.0
27.9338512421	4.7792429924	0.0
27.9363899231	4.74935102463	0.0
27.9389266968	4.71945810318	0.0
27.9414634705	4.68956613541	0.0
27.9440021515	4.65967321396	0.0
27.9465389252	4.62978076935	0.0
27.9490776062	4.5998878479	0.0
27.9516143799	4.56999588013	0.0
27.9541511536	4.54010295868	0.0
27.9566898346	4.51021099091	0.0
27.9592266083	4.48031806946	0.0
27.961763382	4.45042610168	0.0
27.964302063	4.42053318024	0.0
27.9668388367	4.39064121246	0.0
27.9693775177	4.36074781418	0.0
27.9719142914	4.33085584641	0.0
27.9744510651	4.30096292496	0.0
27.9769897461	4.27107095718	0.0
27.9795265198	4.24117803574	0.0
27.9820632935	4.21128606796	0.0
27.9846019745	4.18139314651	0.0
27.9871387482	4.15150117874	0.0
27.9896774292	4.12160778046	0.0
27.9922142029	4.09171581268	0.0
27.9947528839	4.06182289124	0.0
27.9972896576	4.03193092346	0.0
27.9998264313	4.00203800201	0.0
29.0513496399	7.00404691696	0.0
29.022611618	7.01265907288	0.0
28.9938755035	7.02127218246	0.0
28.9651374817	7.02988481522	0.0
28.9363994598	7.0384979248	0.0
28.9076633453	7.04711103439	0.0
28.8789253235	7.05572414398	0.0
28.850189209	7.06433582306	0.0
28.7964611053	7.08043909073	0.0
28.7677230835	7.08905220032	0.0
28.738986969	7.09766483307	0.0
28.7102508545	7.10627794266	0.0
28.6815128326	7.11489105225	0.0
28.6527767181	7.12350320816	0.0
28.6240386963	7.13211584091	0.0
28.5953025818	7.1407289505	0.0
28.5665645599	7.14934206009	0.0
28.5378284454	7.15795516968	0.0
28.5090904236	7.16656780243	0.0
28.4803543091	7.17517995834	0.0
28.4516162872	7.18379306793	0.0
28.4228801727	7.19240617752	0.0
28.3941421509	7.20101881027	0.0
28.365404129	7.20963191986	0.0
28.3366680145	7.21824502945	0.0
28.2909851074	7.20721006393	0.0
28.2665481567	7.18980789185	0.0
28.2421112061	7.17240715027	0.0
28.2176742554	7.15500497818	0.0
28.1932373047	7.13760280609	0.0
28.168800354	7.12020206451	0.0
28.1443634033	7.10279989243	0.0
28.1199245453	7.08539819717	0.0
28.0954875946	7.06799697876	0.0
28.0710506439	7.05059480667	0.0
28.0466136932	7.03319311142	0.0
28.0221767426	7.01579189301	0.0
28.286687851	7.23322486877	0.0
28.2579498291	7.24183702469	0.0
28.2292118073	7.25045013428	0.0
28.2004756927	7.25906276703	0.0
28.1717376709	7.26767587662	0.0
28.1430015564	7.27628898621	0.0
28.1142635345	7.28490209579	0.0
28.08552742	7.29351377487	0.0
28.0317993164	7.30961704254	0.0
28.0030612946	7.31823015213	0.0
27.9743251801	7.32684278488	0.0
27.9455871582	7.33545589447	0.0
27.934299469	7.36917591095	0.0
27.935508728	7.39915180206	0.0
27.9367141724	7.42912817001	0.0
27.9379234314	7.45910406113	0.0
27.9391307831	7.48907899857	0.0
27.9403381348	7.51905488968	0.0
27.9415454865	7.54903078079	0.0
27.9427528381	7.57900619507	0.0
27.9439601898	7.60898208618	0.0
27.9451694489	7.63895797729	0.0
27.9463768005	7.66893291473	0.0
27.9475841522	7.69890880585	0.0
27.9487915039	7.7288851738	0.0
27.9499988556	7.75886011124	0.0
27.9512062073	7.78883600235	0.0
27.952413559	7.81881189346	0.0
27.953622818	7.8487868309	0.0
27.9548301697	7.87876319885	0.0
27.9560375214	7.90873908997	0.0
27.957244873	7.9387140274	0.0
27.9584522247	7.96868991852	0.0
27.9596595764	7.99866580963	0.0
27.9608688354	8.02864170074	0.0
27.9620742798	8.05861663818	0.0
27.9632835388	8.0885925293	0.0
27.9644908905	8.11856937408	0.0
27.9656982422	8.14854431152	0.0
27.9669055939	8.17852020264	0.0
27.9681129456	8.20849609375	0.0
27.9693202972	8.23847103119	0.0
27.9705276489	8.2684469223	0.0
27.971736908	8.29842281342	0.0
27.9729442596	8.32839775085	0.0
27.9741516113	8.35837364197	0.0
27.975358963	8.38834953308	0.0
27.9765663147	8.41832542419	0.0
27.9777736664	8.44830131531	0.0
27.9789829254	8.47827720642	0.0
27.9801883698	8.50825309753	0.0
27.9813976288	8.53822803497	0.0
27.9826049805	8.56820392609	0.0
27.9838123322	8.5981798172	0.0
27.9850196838	8.62815475464	0.0
27.9862270355	8.65813064575	0.0
27.9874343872	8.68810653687	0.0
27.9886436462	8.71808242798	0.0
27.9898490906	8.74805831909	0.0
27.9910583496	8.77803421021	0.0
27.9922657013	8.80800914764	0.0
27.993473053	8.83798503876	0.0
27.9946804047	8.86796092987	0.0
27.9958877563	8.89793586731	0.0
27.997095108	8.92791175842	0.0
27.9983024597	8.95788764954	0.0
27.9995117188	8.98786258698	0.0
27.9043560028	7.3478140831	0.0
27.875617981	7.35642576218	0.0
27.8468818665	7.36503887177	0.0
27.8181438446	7.37365198135	0.0
27.7763652802	7.38391590118	0.0
27.7470836639	7.39043521881	0.0
27.717798233	7.3969540596	0.0
27.6885166168	7.40347290039	0.0
27.6592330933	7.40999221802	0.0
27.6299495697	7.41651105881	0.0
27.6006679535	7.4230298996	0.0
27.5713844299	7.42954778671	0.0
27.5421009064	7.43606710434	0.0
27.5128173828	7.44258594513	0.0
27.4835338593	7.44910478592	0.0
27.4542503357	7.45562410355	0.0
27.4249687195	7.46214294434	0.0
27.3956851959	7.46866178513	0.0
27.3664016724	7.47518110275	0.0
27.3371181488	7.48169994354	0.0
27.3078346252	7.48821878433	0.0
27.2785511017	7.49473810196	0.0
27.2492694855	7.50125598907	0.0
27.2199859619	7.50777482986	0.0
27.1907024384	7.51429414749	0.0
27.1614189148	7.52081298828	0.0
27.1321353912	7.52733182907	0.0
27.102853775	7.5338511467	0.0
27.0955982208	7.5650601387	0.0
27.0939750671	7.59501600266	0.0
27.0923519135	7.62497186661	0.0
27.0907287598	7.65492916107	0.0
27.0891036987	7.68488502502	0.0
27.087480545	7.71484088898	0.0
27.0858573914	7.74479722977	0.0
27.0842323303	7.77475309372	0.0
27.0826091766	7.80470895767	0.0
27.0809841156	7.83466482162	0.0
27.0793628693	7.86462116241	0.0
27.0777378082	7.89457702637	0.0
27.0761146545	7.92453289032	0.0
27.0744915009	7.95448923111	0.0
27.0728664398	7.98444509506	0.0
27.0712432861	8.01440143585	0.0
27.0696182251	8.0443572998	0.0
27.0679950714	8.07431316376	0.0
27.0663719177	8.10426902771	0.0
27.064748764	8.13422489166	0.0
27.0631256104	8.16418075562	0.0
27.0615005493	8.19413661957	0.0
27.0598773956	8.22409343719	0.0
27.0582523346	8.25404930115	0.0
27.0566291809	8.2840051651	0.0
27.0550060272	8.31396102905	0.0
27.0533828735	8.34391689301	0.0
27.0517578125	8.37387275696	0.0
27.0501346588	8.40382862091	0.0
27.0485115051	8.43378543854	0.0
27.0468864441	8.46374130249	0.0
27.0452632904	8.49369716644	0.0
27.0436401367	8.5236530304	0.0
27.0420150757	8.55360889435	0.0
27.040391922	8.5835647583	0.0
27.0387687683	8.61352062225	0.0
27.0371456146	8.64347743988	0.0
27.0355205536	8.67343330383	0.0
27.0338973999	8.70338916779	0.0
27.0322742462	8.73334503174	0.0
27.0306491852	8.76330089569	0.0
27.0290260315	8.79325771332	0.0
27.0274028778	8.82321357727	0.0
27.0255699158	8.87446975708	0.0
27.024887085	8.90446281433	0.0
27.0242061615	8.93445491791	0.0
27.023525238	8.96444702148	0.0
27.0228424072	8.99444007874	0.0
27.0221614838	9.02443218231	0.0
27.0214805603	9.05442428589	0.0
27.0207996368	9.08441638947	0.0
27.0201187134	9.11440944672	0.0
27.0194377899	9.14440059662	0.0
27.0187549591	9.1743927002	0.0
27.0180740356	9.20438480377	0.0
27.0173931122	9.23437786102	0.0
27.0167102814	9.2643699646	0.0
27.0160293579	9.29436206818	0.0
27.0153484344	9.32435417175	0.0
27.014667511	9.354347229	0.0
27.0139865875	9.38433933258	0.0
27.0133056641	9.41433143616	0.0
27.0126228333	9.44432258606	0.0
27.0119419098	9.47431564331	0.0
27.0112609863	9.50430774689	0.0
27.0105781555	9.53429985046	0.0
27.0098972321	9.56429195404	0.0
27.0092163086	9.59428501129	0.0
27.0085353851	9.62427711487	0.0
27.0078544617	9.65426921844	0.0
27.0071735382	9.6842622757	0.0
27.0064907074	9.71425437927	0.0
27.0058097839	9.74424552917	0.0
27.0051288605	9.77423763275	0.0
27.004447937	9.80423069	0.0
27.0037651062	9.83422279358	0.0
27.0030841827	9.86421489716	0.0
27.0024032593	9.89420700073	0.0
27.0017223358	9.92420005798	0.0
27.0010414124	9.95419216156	0.0
27.0003585815	9.98418426514	0.0
27.0212574005	8.87405967712	0.0
27.0162639618	8.90364074707	0.0
27.0112705231	8.93322277069	0.0
27.0062770844	8.96280479431	0.0
27.001285553	8.99238586426	0.0
27.0679397583	7.54162311554	0.0
27.0386562347	7.54814195633	0.0
27.0093727112	7.55466079712	0.0
26.9800891876	7.56118011475	0.0
26.9508075714	7.56769895554	0.0
26.9215240479	7.57421779633	0.0
26.8922405243	7.58073711395	0.0
26.8629570007	7.58725595474	0.0
26.8336734772	7.59377479553	0.0
26.804391861	7.60029315948	0.0
26.7751083374	7.60681200027	0.0
26.7458248138	7.61333084106	0.0
26.7165412903	7.61985015869	0.0
26.6872577667	7.62636899948	0.0
26.6579742432	7.63288784027	0.0
26.628692627	7.6394071579	0.0
26.5994091034	7.64592599869	0.0
26.5701255798	7.65244483948	0.0
26.5408420563	7.6589641571	0.0
26.5115585327	7.66548299789	0.0
26.4822769165	7.67200088501	0.0
26.4529933929	7.67852020264	0.0
26.4237098694	7.68503904343	0.0
26.3944263458	7.69155788422	0.0
26.361951828	7.67941999435	0.0
26.335105896	7.66602802277	0.0
26.3082618713	7.65263605118	0.0
26.2814159393	7.63924407959	0.0
26.2545719147	7.625852108	0.0
26.2277259827	7.61246013641	0.0
26.2008800507	7.5990691185	0.0
26.174036026	7.58567714691	0.0
26.147190094	7.57228517532	0.0
26.120344162	7.55889320374	0.0
26.0935001373	7.54550123215	0.0
26.0666542053	7.53210878372	0.0
26.0398101807	7.51871681213	0.0
26.0129642487	7.50532484055	0.0
25.986120224	7.49193382263	0.0
25.959274292	7.47854185104	0.0
25.9324302673	7.46514987946	0.0
25.9055843353	7.45175790787	0.0
25.8787403107	7.43836593628	0.0
25.8518943787	7.42497396469	0.0
25.825050354	7.4115819931	0.0
25.798204422	7.39819002151	0.0
25.7713603973	7.3847990036	0.0
25.7445144653	7.37140703201	0.0
25.7176685333	7.35801506042	0.0
25.6908245087	7.34462308884	0.0
25.6639785767	7.33123111725	0.0
25.637134552	7.31783914566	0.0
25.61028862	7.30444717407	0.0
25.5834445953	7.29105615616	0.0
25.5565986633	7.27766418457	0.0
25.5297546387	7.26427221298	0.0
25.5029087067	7.25087976456	0.0
25.476064682	7.23748779297	0.0
25.44921875	7.22409582138	0.0
25.4223747253	7.21070384979	0.0
25.3955287933	7.1973118782	0.0
25.3686828613	7.18392086029	0.0
25.3418388367	7.1705288887	0.0
25.3149929047	7.15713691711	0.0
25.28814888	7.14374494553	0.0
25.261302948	7.13035297394	0.0
25.2344589233	7.11696100235	0.0
25.2076129913	7.10356903076	0.0
25.1807670593	7.09017705917	0.0
25.1539230347	7.07678604126	0.0
25.1270771027	7.06339406967	0.0
25.100233078	7.05000209808	0.0
25.073387146	7.0366101265	0.0
25.0465431213	7.02321815491	0.0
25.0196971893	7.00982618332	0.0
26.3692302704	7.71555423737	0.0
26.3496665955	7.73829603195	0.0
26.3301010132	7.76103878021	0.0
26.3105354309	7.78378105164	0.0
26.290971756	7.80652284622	0.0
26.2557106018	7.84751081467	0.0
26.2361450195	7.87025403976	0.0
26.2165794373	7.89299583435	0.0
26.1970157623	7.91573810577	0.0
26.1774501801	7.93847990036	0.0
26.1578845978	7.96122312546	0.0
26.1383209229	7.98396492004	0.0
26.1187553406	8.00670719147	0.0
26.0991916656	8.02945041656	0.0
26.0796260834	8.05219173431	0.0
26.0600605011	8.07493400574	0.0
26.0404968262	8.09767723083	0.0
26.0209312439	8.12041854858	0.0
25.98097229	8.13854217529	0.0
25.9515533447	8.14441490173	0.0
25.9221343994	8.15028762817	0.0
25.8927135468	8.15616130829	0.0
25.8632946014	8.16203403473	0.0
25.8338756561	8.1679058075	0.0
25.8044548035	8.17377853394	0.0
25.7750358582	8.17965221405	0.0
25.7456169128	8.18552494049	0.0
25.7161960602	8.19139766693	0.0
25.6725006104	8.18633937836	0.0
25.6435909271	8.17832756042	0.0
25.6146793365	8.17031669617	0.0
25.5857696533	8.16230678558	0.0
25.5568580627	8.15429592133	0.0
25.5279483795	8.14628505707	0.0
25.4990367889	8.13827514648	0.0
25.4701271057	8.13026428223	0.0
25.4412155151	8.12225341797	0.0
25.4123058319	8.11424255371	0.0
25.3833942413	8.10623168945	0.0
25.3544845581	8.0982208252	0.0
25.3255729675	8.09021091461	0.0
25.296661377	8.08220005035	0.0
25.2677516937	8.0741891861	0.0
25.2388401031	8.06617927551	0.0
25.2099304199	8.05816841125	0.0
25.1810188293	8.05015659332	0.0
25.1521091461	8.04214668274	0.0
25.1231975555	8.03413581848	0.0
25.0942878723	8.02612495422	0.0
25.0653762817	8.01811504364	0.0
25.0364665985	8.01010417938	0.0
25.0075550079	8.00209331512	0.0
25.6817131042	8.21697616577	0.0
25.6620140076	8.23960208893	0.0
25.6423168182	8.26222801208	0.0
25.6226177216	8.28485488892	0.0
25.6029186249	8.30748081207	0.0
25.5832195282	8.3301076889	0.0
25.5635204315	8.35273361206	0.0
25.5438213348	8.37535953522	0.0
25.5241222382	8.39798736572	0.0
25.5044231415	8.42061328888	0.0
25.4847240448	8.44324016571	0.0
25.4650249481	8.46586608887	0.0
25.4453277588	8.48849201202	0.0
25.4256286621	8.51111888885	0.0
25.4059295654	8.53374481201	0.0
25.3862304688	8.55637168884	0.0
25.3665313721	8.578997612	0.0
25.3468322754	8.60162353516	0.0
25.3271331787	8.62425136566	0.0
25.307434082	8.64687728882	0.0
25.2877349854	8.66950416565	0.0
25.268037796	8.69213008881	0.0
25.2483386993	8.71475601196	0.0
25.2286396027	8.73738288879	0.0
25.208940506	8.76000881195	0.0
25.1892414093	8.78263473511	0.0
25.1695423126	8.80526161194	0.0
25.1498432159	8.8278875351	0.0
25.1301441193	8.8505153656	0.0
25.1104450226	8.87314128876	0.0
25.0907478333	8.89576721191	0.0
25.0710487366	8.91839408875	0.0
25.0513496399	8.9410200119	0.0
25.0316505432	8.96364688873	0.0
25.0119514465	8.98627281189	0.0
26.0100326538	8.16266727448	0.0
26.0096721649	8.1926651001	0.0
26.0093135834	8.22266292572	0.0
26.0089530945	8.25265979767	0.0
26.0085945129	8.28265762329	0.0
26.0082359314	8.31265640259	0.0
26.0078754425	8.34265422821	0.0
26.007516861	8.37265205383	0.0
26.0071563721	8.40264987946	0.0
26.0067977905	8.43264770508	0.0
26.0064373016	8.46264457703	0.0
26.0060787201	8.49264335632	0.0
26.0057201385	8.52264118195	0.0
26.0053596497	8.55263900757	0.0
26.0050010681	8.58263683319	0.0
26.0046405792	8.61263465881	0.0
26.0042819977	8.64263153076	0.0
26.0039215088	8.67263031006	0.0
26.0035629272	8.70262813568	0.0
26.0032043457	8.7326259613	0.0
26.0028438568	8.76262378693	0.0
26.0024852753	8.79262161255	0.0
26.0021247864	8.82262039185	0.0
26.0017662048	8.85261726379	0.0
26.0014057159	8.88261508942	0.0
26.0010471344	8.91261291504	0.0
26.0006885529	8.94261074066	0.0
26.000328064	8.97260856628	0.0
26.30443573	7.83181905746	0.0
26.3335933685	7.83887004852	0.0
26.3627548218	7.84592008591	0.0
26.3919143677	7.85297107697	0.0
26.4210739136	7.86002206802	0.0
26.4502334595	7.86707210541	0.0
26.4793930054	7.87412309647	0.0
26.5085525513	7.88117313385	0.0
26.5377120972	7.88822412491	0.0
26.5668716431	7.89527416229	0.0
26.596031189	7.90232515335	0.0
26.6251926422	7.90937519073	0.0
26.6543521881	7.91642618179	0.0
26.683511734	7.92347621918	0.0
26.7126712799	7.93052721024	0.0
26.7418308258	7.93757677078	0.0
26.7709903717	7.94462776184	0.0
26.8001499176	7.95167779922	0.0
26.8293094635	7.95872879028	0.0
26.8584709167	7.96577882767	0.0
26.8876285553	7.97282981873	0.0
26.9167881012	7.97987985611	0.0
26.9459495544	7.98693084717	0.0
26.9751091003	7.99398183823	0.0
27.7773761749	7.3673658371	0.0
27.7491016388	7.35733509064	0.0
27.72082901	7.34730386734	0.0
27.6925563812	7.33727312088	0.0
27.6642837524	7.32724189758	0.0
27.6360092163	7.31721019745	0.0
27.6077365875	7.30717897415	0.0
27.5794620514	7.29714822769	0.0
27.5511894226	7.28711700439	0.0
27.5229167938	7.2770857811	0.0
27.4946422577	7.26705503464	0.0
27.4663696289	7.25702381134	0.0
27.4380970001	7.24699306488	0.0
27.409822464	7.23696088791	0.0
27.3815498352	7.22693014145	0.0
27.3532772064	7.21689891815	0.0
27.3250045776	7.20686817169	0.0
27.2967300415	7.19683694839	0.0
27.2684574127	7.18680620193	0.0
27.2401847839	7.17677497864	0.0
27.2119102478	7.16674423218	0.0
27.183637619	7.15671205521	0.0
27.1553630829	7.14668083191	0.0
27.1247348785	7.1223988533	0.0
27.1033210754	7.10138702393	0.0
27.0819091797	7.08037519455	0.0
27.0604953766	7.05936384201	0.0
27.0390834808	7.03835201263	0.0
27.0176715851	7.01734018326	0.0
27.1163787842	7.13968610764	0.0
27.0866107941	7.13596200943	0.0
27.056842804	7.13223695755	0.0
27.0270748138	7.12851190567	0.0
26.9973068237	7.12478685379	0.0
26.9675388336	7.12106323242	0.0
26.9377708435	7.11733818054	0.0
26.9080047607	7.11361312866	0.0
26.8782367706	7.10988903046	0.0
26.8484687805	7.10616397858	0.0
26.8187007904	7.1024389267	0.0
26.7889328003	7.09871482849	0.0
26.7591648102	7.09498977661	0.0
26.7293968201	7.09126520157	0.0
26.69962883	7.08754110336	0.0
26.6698608398	7.08381605148	0.0
26.6400928497	7.0800909996	0.0
26.6103248596	7.0763669014	0.0
26.5805568695	7.07264184952	0.0
26.5507888794	7.06891679764	0.0
26.5210208893	7.0651922226	0.0
26.4912528992	7.06146812439	0.0
26.4614849091	7.05774307251	0.0
26.4317169189	7.05401802063	0.0
26.4019508362	7.05029392242	0.0
26.3721828461	7.04656887054	0.0
26.342414856	7.04284381866	0.0
26.3126468658	7.0391201973	0.0
26.2828788757	7.03539514542	0.0
26.2531108856	7.03167009354	0.0
26.2233428955	7.02794599533	0.0
26.1935749054	7.02422094345	0.0
26.1638069153	7.02049589157	0.0
26.1340389252	7.01677179337	0.0
26.1042709351	7.01304721832	0.0
26.0745029449	7.00932216644	0.0
26.0447349548	7.00559711456	0.0
26.0149669647	7.00187301636	0.0
28.0579471588	7.3308930397	0.0
28.0553588867	7.36078119278	0.0
28.0527706146	7.39066886902	0.0
28.0501823425	7.42055702209	0.0
28.0475940704	7.45044517517	0.0
28.0450057983	7.48033285141	0.0
28.0424175262	7.51022100449	0.0
28.0398292542	7.54010915756	0.0
28.0372390747	7.56999778748	0.0
28.03465271	7.59988594055	0.0
28.0320625305	7.62977409363	0.0
28.0294742584	7.65966176987	0.0
28.0268859863	7.68954992294	0.0
28.0242977142	7.71943807602	0.0
28.0217094421	7.7493262291	0.0
28.01912117	7.77921390533	0.0
28.0165328979	7.80910301208	0.0
28.0139446259	7.83899116516	0.0
28.0113563538	7.8688788414	0.0
28.0087661743	7.89876699448	0.0
28.0061798096	7.92865514755	0.0
28.0035896301	7.95854282379	0.0
28.001001358	7.98843097687	0.0
28.8529472351	7.06042385101	0.0
28.880695343	7.04902219772	0.0
28.9084453583	7.0376200676	0.0
28.9361934662	7.02621793747	0.0
28.9639415741	7.01481580734	0.0
28.9916915894	7.00341415405	0.0
29.7054214478	7.19313812256	0.0
29.6856765747	7.21572399139	0.0
29.6659297943	7.23830890656	0.0
29.6461849213	7.26089382172	0.0
29.6264381409	7.28348016739	0.0
29.6066932678	7.30606508255	0.0
29.5869464874	7.32865095139	0.0
29.5672016144	7.35123586655	0.0
29.547454834	7.37382078171	0.0
29.5277080536	7.39640712738	0.0
29.5079631805	7.41899204254	0.0
29.4882164001	7.4415769577	0.0
29.4684715271	7.46416282654	0.0
29.4487247467	7.48674821854	0.0
29.4289798737	7.50933408737	0.0
29.4092330933	7.53191900253	0.0
29.3894863129	7.55450391769	0.0
29.3697414398	7.57708978653	0.0
29.3499965668	7.59967517853	0.0
29.3302497864	7.62226009369	0.0
29.3105049133	7.64484596252	0.0
29.2907581329	7.66743087769	0.0
29.2710113525	7.69001722336	0.0
29.2512664795	7.71260213852	0.0
29.2315196991	7.73518705368	0.0
29.211774826	7.75777292252	0.0
29.1920280457	7.78035783768	0.0
29.1722812653	7.80294322968	0.0
29.1525363922	7.82552909851	0.0
29.1327915192	7.84811401367	0.0
29.1130447388	7.87069892883	0.0
29.0932998657	7.89328479767	0.0
29.0735530853	7.91587018967	0.0
29.0538063049	7.9384560585	0.0
29.0340614319	7.96104097366	0.0
29.0143146515	7.98362588882	0.0
30.9098434448	7.74851322174	0.0
30.9134311676	7.71872806549	0.0
30.9170188904	7.68894386292	0.0
30.9206066132	7.6591591835	0.0
30.9241943359	7.62937402725	0.0
30.9277820587	7.59958982468	0.0
30.9313697815	7.56980514526	0.0
30.9349575043	7.54001998901	0.0
30.9385433197	7.51023483276	0.0
30.9421329498	7.48045110703	0.0
30.9457187653	7.45066595078	0.0
30.949306488	7.42088079453	0.0
30.9528942108	7.39109611511	0.0
30.9564819336	7.36131191254	0.0
30.9600696564	7.33152723312	0.0
30.9636554718	7.30174207687	0.0
30.9672431946	7.27195692062	0.0
30.9708309174	7.24217319489	0.0
30.9744186401	7.21238803864	0.0
30.9780063629	7.18260288239	0.0
30.9815940857	7.15281915665	0.0
30.9851818085	7.1230340004	0.0
30.9887695312	7.09324884415	0.0
30.9923553467	7.06346416473	0.0
30.9959430695	7.03367996216	0.0
30.9995307922	7.00389480591	0.0
31.1442604065	7.99474811554	0.0
31.1142616272	7.99488592148	0.0
31.0842609406	7.99502420425	0.0
31.0542621613	7.99516105652	0.0
31.0242614746	7.99529886246	0.0
30.9942626953	7.99543714523	0.0
30.964263916	7.9955739975	0.0
30.9342632294	7.99571180344	0.0
30.9042625427	7.99585008621	0.0
30.8742637634	7.99598789215	0.0
30.8442630768	7.99612522125	0.0
30.8142642975	7.99626302719	0.0
30.7842655182	7.99640083313	0.0
30.7542648315	7.99653816223	0.0
30.7242641449	7.99667596817	0.0
30.6942653656	7.99681377411	0.0
30.6642665863	7.99695110321	0.0
30.6342658997	7.99708890915	0.0
30.604265213	7.99722719193	0.0
30.5742664337	7.99736404419	0.0
30.5442676544	7.99750185013	0.0
30.5142669678	7.9976401329	0.0
30.4842681885	7.99777698517	0.0
30.4542675018	7.99791479111	0.0
30.4242687225	7.99805307388	0.0
30.3942699432	7.99818992615	0.0
30.3642692566	7.99832820892	0.0
30.3342685699	7.99846601486	0.0
30.3042697906	7.9986038208	0.0
30.274269104	7.9987411499	0.0
30.2442703247	7.99887895584	0.0
30.2142715454	7.99901676178	0.0
30.1842708588	7.99915409088	0.0
30.1542701721	7.99929189682	0.0
30.1242713928	7.9994301796	0.0
30.0942726135	7.99956703186	0.0
30.0642719269	7.9997048378	0.0
30.0342712402	7.99984312057	0.0
30.0042724609	7.99997997284	0.0
31.6050491333	8.48242378235	0.0
31.5815925598	8.46372127533	0.0
31.5581378937	8.44501781464	0.0
31.5346794128	8.42631626129	0.0
31.5112247467	8.4076128006	0.0
31.4877662659	8.38891124725	0.0
31.4643096924	8.37020778656	0.0
31.4408531189	8.35150527954	0.0
31.4173965454	8.33280277252	0.0
31.3939418793	8.3141002655	0.0
31.3704833984	8.29539680481	0.0
31.347026825	8.27669525146	0.0
31.3235702515	8.25799179077	0.0
31.300113678	8.23929023743	0.0
31.2766571045	8.22058677673	0.0
31.253200531	8.20188426971	0.0
31.2297439575	8.1831817627	0.0
31.206287384	8.16447925568	0.0
31.1828308105	8.14577579498	0.0
31.1593742371	8.12707424164	0.0
31.1359176636	8.10837078094	0.0
31.1124610901	8.0896692276	0.0
31.0890045166	8.07096576691	0.0
31.0655479431	8.05226325989	0.0
31.0420913696	8.03356075287	0.0
31.0186347961	8.01485824585	0.0
31.9108085632	8.90657424927	0.0
31.9137458801	8.87671756744	0.0
31.916683197	8.84686279297	0.0
31.9196205139	8.81700706482	0.0
31.9225578308	8.78715133667	0.0
31.9254951477	8.75729465485	0.0
31.9284324646	8.7274389267	0.0
31.9313697815	8.69758319855	0.0
31.9343070984	8.6677274704	0.0
31.9372444153	8.63787174225	0.0
31.9401817322	8.6080160141	0.0
31.9431190491	8.57816028595	0.0
31.946056366	8.54830360413	0.0
31.9489936829	8.51844787598	0.0
31.9519309998	8.48859214783	0.0
31.9548683167	8.45873641968	0.0
31.9578056335	8.42888069153	0.0
31.9607429504	8.39902496338	0.0
31.9636802673	8.36916923523	0.0
31.9666175842	8.33931255341	0.0
31.9695549011	8.30945682526	0.0
31.972492218	8.27960109711	0.0
31.9754295349	8.24974536896	0.0
31.9783668518	8.21988964081	0.0
31.9813041687	8.19003391266	0.0
31.9842414856	8.16017818451	0.0
31.9871788025	8.13032245636	0.0
31.9901161194	8.10046577454	0.0
31.9930534363	8.07061004639	0.0
31.9959907532	8.04075431824	0.0
31.9989280701	8.01089859009	0.0
32.922832489	10.0453271866	0.0
32.9316482544	10.0166521072	0.0
32.9404678345	9.98797798157	0.0
32.9492874146	9.95930290222	0.0
32.9581031799	9.93062782288	0.0
32.96692276	9.9019536972	0.0
32.9827423096	9.8505191803	0.0
32.9915618896	9.82184410095	0.0
33.000377655	9.79316902161	0.0
33.0091972351	9.76449489594	0.0
33.0180168152	9.73581981659	0.0
33.0268363953	9.70714569092	0.0
33.0356521606	9.67847061157	0.0
33.0444717407	9.64979553223	0.0
33.0532913208	9.62112236023	0.0
33.0621109009	9.59244728088	0.0
33.0375213623	9.57248783112	0.0
33.0112571716	9.55799388885	0.0
32.9849891663	9.54350090027	0.0
32.9587211609	9.52900695801	0.0
32.9324569702	9.51451396942	0.0
32.9061889648	9.50002002716	0.0
32.8799247742	9.48552703857	0.0
32.8536567688	9.47103309631	0.0
32.8273887634	9.45654010773	0.0
32.8011245728	9.44204616547	0.0
32.7748565674	9.42755317688	0.0
32.748588562	9.41305923462	0.0
32.7223243713	9.39856624603	0.0
32.696056366	9.38407230377	0.0
32.6697883606	9.36957931519	0.0
32.6435241699	9.35508537292	0.0
32.6172561646	9.34059238434	0.0
32.5909881592	9.32609844208	0.0
32.5647239685	9.31160545349	0.0
32.5384559631	9.29711055756	0.0
32.5121917725	9.2826166153	0.0
32.4859237671	9.26812362671	0.0
32.4596557617	9.25362968445	0.0
32.433391571	9.23913669586	0.0
32.4071235657	9.2246427536	0.0
32.3808555603	9.21014976501	0.0
32.3545913696	9.19565582275	0.0
32.3283233643	9.18116283417	0.0
32.3020553589	9.16666889191	0.0
32.2757873535	9.15217590332	0.0
32.2495231628	9.13768196106	0.0
32.2232551575	9.12318897247	0.0
32.1969871521	9.10869503021	0.0
32.1707229614	9.09420204163	0.0
32.1444549561	9.07970809937	0.0
32.1181907654	9.06521511078	0.0
32.09192276	9.05072116852	0.0
32.0656547546	9.03622817993	0.0
32.039390564	9.02173423767	0.0
32.0131225586	9.00724124908	0.0
33.0869903564	9.56796360016	0.0
33.1101951599	9.54894733429	0.0
33.1333961487	9.52992916107	0.0
33.1565971375	9.51091194153	0.0
33.1798019409	9.49189472198	0.0
33.2030029297	9.47287654877	0.0
33.2262039185	9.4538602829	0.0
33.2494087219	9.43484306335	0.0
33.2726097107	9.41582489014	0.0
33.2958106995	9.39680767059	0.0
33.3190155029	9.37779140472	0.0
33.3422164917	9.35877418518	0.0
33.3654174805	9.33975601196	0.0
33.3886222839	9.32073879242	0.0
33.4118232727	9.30172157288	0.0
33.4350242615	9.28270435333	0.0
33.4582252502	9.26368713379	0.0
33.4814300537	9.24466991425	0.0
33.5046310425	9.2256526947	0.0
33.5278358459	9.20663547516	0.0
33.5510368347	9.18761825562	0.0
33.5742378235	9.16860103607	0.0
33.597442627	9.14958286285	0.0
33.6206436157	9.13056564331	0.0
33.6438446045	9.11154937744	0.0
33.6670455933	9.0925321579	0.0
33.6902503967	9.07351398468	0.0
33.7134513855	9.05449676514	0.0
33.7366523743	9.03547954559	0.0
33.7598571777	9.01646232605	0.0
33.7830581665	8.99744510651	0.0
33.8062591553	8.97842788696	0.0
33.8294639587	8.95941066742	0.0
33.8526649475	8.94039344788	0.0
33.8758659363	8.92137622833	0.0
33.8990707397	8.90235900879	0.0
33.9222717285	8.88334083557	0.0
33.9454727173	8.86432361603	0.0
33.9686775208	8.84530735016	0.0
33.9918785095	8.82628917694	0.0
34.0145606995	8.80419445038	0.0
34.035949707	8.78315830231	0.0
34.0573387146	8.76212215424	0.0
34.0787277222	8.74108695984	0.0
34.1001167297	8.72005081177	0.0
34.1215057373	8.6990146637	0.0
34.1428947449	8.6779794693	0.0
34.1642837524	8.65694332123	0.0
34.18567276	8.63590717316	0.0
34.2070617676	8.61487102509	0.0
34.2284507751	8.59383487701	0.0
34.2498397827	8.57279872894	0.0
34.2712287903	8.55176258087	0.0
34.2926177979	8.53072738647	0.0
34.3140068054	8.5096912384	0.0
34.335395813	8.48865604401	0.0
34.3567848206	8.46761989594	0.0
34.3781738281	8.44658374786	0.0
34.4275550842	8.41746997833	0.0
34.4562454224	8.40870380402	0.0
34.4849357605	8.39993858337	0.0
34.5136260986	8.39117431641	0.0
34.5423164368	8.38240909576	0.0
34.5710105896	8.37364387512	0.0
34.5997009277	8.36487865448	0.0
34.6283912659	8.35611343384	0.0
34.657081604	8.3473482132	0.0
34.6857719421	8.33858299255	0.0
34.7144622803	8.32981777191	0.0
34.7431564331	8.32105255127	0.0
34.7718467712	8.31228733063	0.0
34.8109970093	8.28056621552	0.0
34.8277587891	8.2556848526	0.0
34.8445205688	8.23080444336	0.0
34.8612823486	8.20592308044	0.0
34.8780403137	8.18104171753	0.0
34.8948020935	8.15616130829	0.0
34.9115638733	8.13127994537	0.0
34.9283256531	8.10639858246	0.0
34.9450874329	8.08151817322	0.0
34.9618453979	8.0566368103	0.0
34.9786071777	8.03175640106	0.0
34.9953689575	8.00687503815	0.0
34.8241348267	8.30298423767	0.0
34.8540344238	8.30051994324	0.0
34.8839302063	8.29805660248	0.0
34.9138298035	8.29559326172	0.0
34.9437294006	8.29312992096	0.0
34.9736289978	8.29066562653	0.0
35.003528595	8.28820323944	0.0
35.0334243774	8.28573894501	0.0
35.0633239746	8.28327560425	0.0
35.0932235718	8.28081226349	0.0
35.1231231689	8.27834892273	0.0
35.1530189514	8.2758846283	0.0
35.1829185486	8.27342224121	0.0
35.2128181458	8.27095794678	0.0
35.2427177429	8.26849460602	0.0
35.2726135254	8.26603126526	0.0
35.3025131226	8.2635679245	0.0
35.3324127197	8.26110363007	0.0
35.3623123169	8.25864124298	0.0
35.3915061951	8.24266242981	0.0
35.4170837402	8.22698116302	0.0
35.4426574707	8.21130084991	0.0
35.4682312012	8.19561958313	0.0
35.4938087463	8.17993927002	0.0
35.5193862915	8.16425800323	0.0
35.544960022	8.14857769012	0.0
35.5705375671	8.13289737701	0.0
35.5961112976	8.11721611023	0.0
35.6216888428	8.10153579712	0.0
35.6472625732	8.08585453033	0.0
35.6728401184	8.07017421722	0.0
35.6984138489	8.05449295044	0.0
35.723991394	8.03881263733	0.0
35.7495651245	8.02313232422	0.0
35.7751426697	8.00745105743	0.0
35.8007164001	7.99176979065	0.0
35.8262939453	7.97608995438	0.0
35.8518676758	7.96040916443	0.0
35.8774452209	7.94472789764	0.0
35.9030189514	7.92904806137	0.0
35.9285964966	7.91336679459	0.0
35.9541702271	7.89768600464	0.0
35.9797477722	7.88200521469	0.0
36.0053215027	7.86632490158	0.0
36.0169868469	7.82880210876	0.0
36.0163726807	7.79880809784	0.0
36.0157585144	7.76881408691	0.0
36.0151443481	7.73882007599	0.0
36.0145301819	7.70882701874	0.0
36.0139122009	7.67883300781	0.0
36.0132980347	7.64883899689	0.0
36.0126838684	7.61884593964	0.0
36.0120697021	7.58885192871	0.0
36.0114555359	7.55885791779	0.0
36.0108413696	7.52886486053	0.0
36.0102272034	7.49887084961	0.0
36.0096092224	7.46887683868	0.0
36.0089950562	7.43888282776	0.0
36.0083808899	7.40888977051	0.0
36.0077667236	7.37889623642	0.0
36.0071525574	7.34890222549	0.0
36.0065383911	7.31890916824	0.0
36.0059204102	7.28891515732	0.0
36.0053062439	7.25892114639	0.0
36.0046920776	7.22892808914	0.0
36.0040779114	7.19893407822	0.0
36.0034637451	7.16894006729	0.0
36.0028495789	7.13894605637	0.0
36.0022315979	7.10895299911	0.0
36.0016174316	7.07895898819	0.0
36.0010032654	7.04896497726	0.0
36.0003890991	7.01897192001	0.0
36.0474472046	7.85575294495	0.0
36.077293396	7.85271215439	0.0
36.1071395874	7.84966993332	0.0
36.1369857788	7.84662818909	0.0
36.1668281555	7.84358596802	0.0
36.1966743469	7.84054517746	0.0
36.2265205383	7.83750295639	0.0
36.2563667297	7.83446121216	0.0
36.2862129211	7.83141994476	0.0
36.3160552979	7.82837820053	0.0
36.3459014893	7.82533597946	0.0
36.4045791626	7.83051013947	0.0
36.4334335327	7.83872318268	0.0
36.4622879028	7.84693717957	0.0
36.4911422729	7.85515022278	0.0
36.5199966431	7.86336421967	0.0
36.5488510132	7.87157678604	0.0
36.5777053833	7.87978982925	0.0
36.6065559387	7.88800382614	0.0
36.6354103088	7.89621686935	0.0
36.664264679	7.90443086624	0.0
36.6931190491	7.91264390945	0.0
36.7219734192	7.92085790634	0.0
36.7508277893	7.92907094955	0.0
36.7796783447	7.93728399277	0.0
36.8085327148	7.94549798965	0.0
36.837387085	7.95371103287	0.0
36.8662414551	7.96192502975	0.0
36.8950958252	7.97013807297	0.0
36.9239501953	7.97835111618	0.0
36.9528045654	7.98656511307	0.0
36.9816551208	7.99477815628	0.0
36.3938674927	7.79840183258	0.0
36.4120063782	7.77450799942	0.0
36.4301490784	7.75061416626	0.0
36.4482879639	7.72671890259	0.0
36.4664268494	7.70282506943	0.0
36.4845695496	7.67893123627	0.0
36.5027084351	7.6550359726	0.0
36.5208473206	7.63114213943	0.0
36.5389862061	7.60724782944	0.0
36.5571289062	7.58335399628	0.0
36.5752677917	7.55945920944	0.0
36.5934104919	7.53556489944	0.0
36.6115493774	7.51167106628	0.0
36.6296882629	7.48777723312	0.0
36.6478271484	7.46388196945	0.0
36.6659698486	7.43998813629	0.0
36.6841087341	7.41609382629	0.0
36.7022476196	7.39219903946	0.0
36.7203903198	7.3683052063	0.0
36.7385292053	7.3444108963	0.0
36.7566719055	7.32051706314	0.0
36.774810791	7.29662179947	0.0
36.7929496765	7.27272796631	0.0
36.811088562	7.24883413315	0.0
36.8292312622	7.22493886948	0.0
36.8473701477	7.20104503632	0.0
36.8655090332	7.17715120316	0.0
36.8836517334	7.15325689316	0.0
36.9017906189	7.12936210632	0.0
36.9199295044	7.10546779633	0.0
36.9380722046	7.08157396317	0.0
36.9562110901	7.05768013	0.0
36.9743499756	7.03378486633	0.0
36.9924926758	7.00989103317	0.0
35.3915061951	8.27402210236	0.0
35.4170837402	8.28970241547	0.0
35.4426612854	8.3053817749	0.0
35.4682350159	8.32106113434	0.0
35.493812561	8.33674144745	0.0
35.5193901062	8.35241985321	0.0
35.5449638367	8.36810016632	0.0
35.5705413818	8.38377857208	0.0
35.596118927	8.39945888519	0.0
35.6216926575	8.4151391983	0.0
35.6472702026	8.43081760406	0.0
35.6728477478	8.44649791718	0.0
35.6984214783	8.46217727661	0.0
35.7239990234	8.47785663605	0.0
35.7495765686	8.49353694916	0.0
35.7751502991	8.50921630859	0.0
35.8088340759	8.55027866364	0.0
35.8205718994	8.5778875351	0.0
35.8323059082	8.60549736023	0.0
35.8440437317	8.63310623169	0.0
35.8557777405	8.66071605682	0.0
35.867515564	8.68832492828	0.0
35.8792495728	8.71593379974	0.0
35.8909873962	8.7435426712	0.0
35.902721405	8.77115154266	0.0
35.9144592285	8.7987613678	0.0
35.9261932373	8.82637023926	0.0
35.9379310608	8.85398006439	0.0
35.9496650696	8.88158893585	0.0
35.9614028931	8.90919780731	0.0
35.9731369019	8.93680667877	0.0
35.9848747253	8.96441555023	0.0
35.9966087341	8.99202537537	0.0
35.8079566956	8.49470329285	0.0
35.8188095093	8.46673583984	0.0
35.8296661377	8.43877029419	0.0
35.8405265808	8.41080284119	0.0
35.8513793945	8.38283729553	0.0
35.8622398376	8.35486984253	0.0
35.8730964661	8.3269033432	0.0
35.8839530945	8.29893684387	0.0
35.8948097229	8.27097034454	0.0
35.9056663513	8.24300384521	0.0
35.9165229797	8.21503734589	0.0
35.9273796082	8.18706989288	0.0
35.9382362366	8.15910434723	0.0
35.949092865	8.13113689423	0.0
35.9599494934	8.10317134857	0.0
35.9708061218	8.07520389557	0.0
35.9816627502	8.04723739624	0.0
35.9925193787	8.01927089691	0.0
34.3925628662	8.3969039917	0.0
34.3862571716	8.3675737381	0.0
34.3799552917	8.33824253082	0.0
34.3736534119	8.30891227722	0.0
34.367351532	8.27958202362	0.0
34.3610496521	8.25025081635	0.0
34.3547477722	8.22092056274	0.0
34.3484458923	8.19159030914	0.0
34.3421440125	8.16225910187	0.0
34.3358421326	8.13292884827	0.0
34.3295402527	8.10359764099	0.0
34.3216972351	8.06708526611	0.0
34.3153915405	8.03775501251	0.0
34.3090896606	8.00842380524	0.0
34.3027877808	7.9790930748	0.0
34.2964859009	7.9497628212	0.0
34.290184021	7.92043209076	0.0
34.2838821411	7.89110183716	0.0
34.2775802612	7.86177110672	0.0
34.2712783813	7.83243989944	0.0
34.2649765015	7.80311012268	0.0
34.2586746216	7.77377891541	0.0
34.2475891113	7.73815393448	0.0
34.2380523682	7.70971107483	0.0
34.2285118103	7.68126916885	0.0
34.2189712524	7.65282583237	0.0
34.2094306946	7.62438297272	0.0
34.1998901367	7.59594106674	0.0
34.1903495789	7.56749820709	0.0
34.180809021	7.53905582428	0.0
34.1712684631	7.51061296463	0.0
34.1617279053	7.48217010498	0.0
34.1521873474	7.45372819901	0.0
34.1426506042	7.42528486252	0.0
34.1331100464	7.39684200287	0.0
34.1235694885	7.36840009689	0.0
34.1140289307	7.33995723724	0.0
34.1044883728	7.31151390076	0.0
34.0949478149	7.28307199478	0.0
34.0854072571	7.25462913513	0.0
34.0758666992	7.22618579865	0.0
34.0663261414	7.19774389267	0.0
34.0567855835	7.16930103302	0.0
34.0472488403	7.14085817337	0.0
34.0377082825	7.11241579056	0.0
34.0281677246	7.08397293091	0.0
34.0186271667	7.05553102493	0.0
34.0090866089	7.02708816528	0.0
34.2723999023	7.74077320099	0.0
34.2876701355	7.71494913101	0.0
34.302936554	7.68912601471	0.0
34.3182067871	7.66330194473	0.0
34.3334770203	7.63747787476	0.0
34.3487434387	7.61165380478	0.0
34.3640136719	7.58583116531	0.0
34.379283905	7.56000709534	0.0
34.3945503235	7.53418302536	0.0
34.4098205566	7.50835990906	0.0
34.4250907898	7.48253583908	0.0
34.4403572083	7.4567117691	0.0
34.4556274414	7.43088912964	0.0
34.4708938599	7.40506505966	0.0
34.486164093	7.37924098969	0.0
34.5014343262	7.35341691971	0.0
34.5167007446	7.32759380341	0.0
34.5319709778	7.30177021027	0.0
34.5472373962	7.27594614029	0.0
34.5625076294	7.25012302399	0.0
34.5777778625	7.22429895401	0.0
34.593044281	7.19847488403	0.0
34.6083145142	7.17265176773	0.0
34.6418800354	7.12929105759	0.0
34.6626243591	7.1076169014	0.0
34.6833648682	7.08594417572	0.0
34.7041091919	7.06427001953	0.0
34.7248497009	7.04259681702	0.0
34.7455940247	7.02092409134	0.0
34.7663345337	6.99924993515	0.0
34.7870788574	6.97757720947	0.0
34.8182678223	6.92927789688	0.0
34.829750061	6.90156316757	0.0
34.8412361145	6.8738489151	0.0
34.852722168	6.84613513947	0.0
34.8642082214	6.81842088699	0.0
34.8756942749	6.79070615768	0.0
34.8871803284	6.76299190521	0.0
34.8986663818	6.73527812958	0.0
34.9101524353	6.70756387711	0.0
34.9216384888	6.67985010147	0.0
34.9331245422	6.65213489532	0.0
34.9446105957	6.62442111969	0.0
34.9560928345	6.59670686722	0.0
34.9675788879	6.56899309158	0.0
34.9790649414	6.54127788544	0.0
34.9905509949	6.5135641098	0.0
35.0020370483	6.48584985733	0.0
35.0135231018	6.4581360817	0.0
35.0250091553	6.43042087555	0.0
35.0364952087	6.40270709991	0.0
35.0685462952	6.38100910187	0.0
35.0963134766	6.36965084076	0.0
35.124080658	6.35829305649	0.0
35.1518478394	6.34693479538	0.0
35.1796150208	6.33557701111	0.0
35.2073822021	6.32421922684	0.0
35.2351493835	6.31286096573	0.0
35.2629127502	6.30150318146	0.0
35.2906799316	6.29014492035	0.0
35.318447113	6.27878713608	0.0
35.3462142944	6.26742887497	0.0
35.3739814758	6.2560710907	0.0
35.4017486572	6.24471282959	0.0
35.4295158386	6.23335504532	0.0
35.45728302	6.22199678421	0.0
35.4850502014	6.21063899994	0.0
35.5128173828	6.19928121567	0.0
35.5405845642	6.18792295456	0.0
35.5683517456	6.17656612396	0.0
35.5961151123	6.16520786285	0.0
35.6238822937	6.15385007858	0.0
35.6516494751	6.14249181747	0.0
35.6794166565	6.1311340332	0.0
35.7071838379	6.11977577209	0.0
35.7349510193	6.10841798782	0.0
35.7627182007	6.09706020355	0.0
35.7904853821	6.08570194244	0.0
35.8182525635	6.07434415817	0.0
35.8460197449	6.06298589706	0.0
35.8737831116	6.05162811279	0.0
35.901550293	6.04026985168	0.0
35.9293174744	6.02891206741	0.0
35.9570846558	6.0175538063	0.0
35.9848518372	6.00619602203	0.0
35.0376777649	6.36252689362	0.0
35.034576416	6.33268785477	0.0
35.0314750671	6.30284881592	0.0
35.0283737183	6.27300977707	0.0
35.0252723694	6.24316978455	0.0
35.0221710205	6.21333122253	0.0
35.0190696716	6.18349218369	0.0
35.0159683228	6.15365219116	0.0
35.0128669739	6.12381315231	0.0
35.009765625	6.09397411346	0.0
35.0066642761	6.06413507462	0.0
35.0035629272	6.03429508209	0.0
35.0004615784	6.00445604324	0.0
34.836063385	6.96351003647	0.0
34.8653488159	6.97002792358	0.0
34.8946304321	6.9765458107	0.0
34.9239120483	6.98306417465	0.0
34.9531974792	6.98958206177	0.0
34.9824790955	6.99609994888	0.0
34.6154251099	7.12151288986	0.0
34.6097145081	7.09206104279	0.0
34.6040039062	7.06261014938	0.0
34.5982933044	7.03315782547	0.0
34.5925827026	7.00370693207	0.0
34.5868721008	6.97425508499	0.0
34.581161499	6.94480419159	0.0
34.5754508972	6.91535282135	0.0
34.5697402954	6.88590097427	0.0
34.5640296936	6.85645008087	0.0
34.5583190918	6.8269982338	0.0
34.55260849	6.79754686356	0.0
34.5468978882	6.76809501648	0.0
34.5411872864	6.73864412308	0.0
34.5354766846	6.70919179916	0.0
34.5297660828	6.67974090576	0.0
34.524055481	6.65028905869	0.0
34.5183448792	6.62083816528	0.0
34.5126342773	6.59138584137	0.0
34.5069236755	6.56193494797	0.0
34.5012130737	6.53248310089	0.0
34.4955024719	6.50303220749	0.0
34.4897918701	6.47358083725	0.0
34.4840812683	6.44412899017	0.0
34.4855575562	6.40861082077	0.0
34.4881248474	6.37872219086	0.0
34.4906921387	6.34883213043	0.0
34.4932594299	6.31894207001	0.0
34.4958305359	6.28905200958	0.0
34.4983978271	6.25916194916	0.0
34.5009651184	6.22927188873	0.0
34.5035324097	6.19938182831	0.0
34.5060997009	6.16949176788	0.0
34.5086669922	6.1396021843	0.0
34.5112342834	6.10971212387	0.0
34.5138015747	6.07982206345	0.0
34.516368866	6.04993200302	0.0
34.5189361572	6.0200419426	0.0
34.5215034485	5.99015188217	0.0
34.5240707397	5.96026277542	0.0
34.526638031	5.93037319183	0.0
34.5292053223	5.90048313141	0.0
34.5317726135	5.87059307098	0.0
34.5343437195	5.84070301056	0.0
34.536907196	5.81081295013	0.0
34.539478302	5.78092288971	0.0
34.5420455933	5.75103282928	0.0
34.5446128845	5.72114276886	0.0
34.5471801758	5.69125318527	0.0
34.549747467	5.66136312485	0.0
34.5523147583	5.63147306442	0.0
34.5548820496	5.601583004	0.0
34.5574493408	5.57169294357	0.0
34.5372047424	5.53975200653	0.0
34.516040802	5.51848888397	0.0
34.4948768616	5.49722623825	0.0
34.4737167358	5.47596216202	0.0
34.4525527954	5.45469903946	0.0
34.431388855	5.4334359169	0.0
34.4102249146	5.41217184067	0.0
34.3890647888	5.39090919495	0.0
34.3679008484	5.36964511871	0.0
34.346736908	5.34838199615	0.0
34.3255729675	5.3271188736	0.0
34.3044128418	5.30585479736	0.0
34.2832489014	5.28459215164	0.0
34.2620849609	5.26332902908	0.0
34.2409210205	5.24206495285	0.0
34.2197608948	5.22080183029	0.0
34.1985969543	5.19953918457	0.0
34.1774330139	5.17827510834	0.0
34.1562728882	5.15701198578	0.0
34.1351089478	5.13574886322	0.0
34.1139450073	5.11448478699	0.0
34.0927810669	5.09322214127	0.0
34.0716171265	5.07195901871	0.0
34.0504570007	5.05069494247	0.0
34.0292930603	5.02943181992	0.0
34.0081291199	5.00816917419	0.0
34.5769233704	5.53744316101	0.0
34.5954780579	5.51387119293	0.0
34.6140365601	5.49029779434	0.0
34.6325912476	5.46672582626	0.0
34.6511497498	5.44315290451	0.0
34.6697044373	5.41958093643	0.0
34.6882591248	5.39600801468	0.0
34.706817627	5.3724360466	0.0
34.7253723145	5.34886312485	0.0
34.7439308167	5.32529115677	0.0
34.7624855042	5.30171823502	0.0
34.7810440063	5.2781457901	0.0
34.7995986938	5.25457286835	0.0
34.8181533813	5.23100090027	0.0
34.8367118835	5.20742797852	0.0
34.855266571	5.18385601044	0.0
34.8738250732	5.16028308868	0.0
34.8923797607	5.13671112061	0.0
34.9109382629	5.11313819885	0.0
34.9294929504	5.08956623077	0.0
34.9480514526	5.06599283218	0.0
34.9666061401	5.04242086411	0.0
34.9851608276	5.01884794235	0.0
34.4607810974	6.41833591461	0.0
34.4385681152	6.39816999435	0.0
34.4163551331	6.37800502777	0.0
34.3941459656	6.35783910751	0.0
34.3719329834	6.33767414093	0.0
34.3497238159	6.31750822067	0.0
34.3275108337	6.29734277725	0.0
34.3052978516	6.27717685699	0.0
34.2830886841	6.25701189041	0.0
34.2608757019	6.23684597015	0.0
34.2386665344	6.21668100357	0.0
34.2164535522	6.19651508331	0.0
34.1942405701	6.17634916306	0.0
34.1720314026	6.15618419647	0.0
34.1498184204	6.13601779938	0.0
34.1276054382	6.11585283279	0.0
34.1053962708	6.09568691254	0.0
34.0831832886	6.07552194595	0.0
34.0609741211	6.0553560257	0.0
34.0387611389	6.03519105911	0.0
34.0165481567	6.01502513885	0.0
34.2992134094	8.08795547485	0.0
34.2704315186	8.07949542999	0.0
34.2416496277	8.07103443146	0.0
34.2128677368	8.06257343292	0.0
34.1840858459	8.05411338806	0.0
34.1553039551	8.04565238953	0.0
34.1265220642	8.03719139099	0.0
34.0977401733	8.02873134613	0.0
34.0689582825	8.0202703476	0.0
34.0401763916	8.01181030273	0.0
34.0113945007	8.0033493042	0.0
34.0190467834	8.8404083252	0.0
34.0449256897	8.85558605194	0.0
34.0708007812	8.87076377869	0.0
34.0966796875	8.88594245911	0.0
34.1225585938	8.90112018585	0.0
34.1484336853	8.9162979126	0.0
34.1743125916	8.93147563934	0.0
34.2001876831	8.94665431976	0.0
34.2260665894	8.96183204651	0.0
34.2585334778	8.96472358704	0.0
34.2884979248	8.96615028381	0.0
34.3184623718	8.96757507324	0.0
34.3484306335	8.96900081635	0.0
34.3783950806	8.97042655945	0.0
34.4083633423	8.97185230255	0.0
34.4383277893	8.97327804565	0.0
34.468296051	8.97470378876	0.0
34.498260498	8.97612857819	0.0
34.5282287598	8.97755527496	0.0
34.5581932068	8.97898101807	0.0
34.5881576538	8.9804058075	0.0
34.6181259155	8.9818315506	0.0
34.6480903625	8.98325824738	0.0
34.6780586243	8.9846830368	0.0
34.7080230713	8.98610877991	0.0
34.737991333	8.98753547668	0.0
34.76795578	8.98896026611	0.0
34.7979202271	8.99038600922	0.0
34.8278884888	8.99181175232	0.0
34.8578529358	8.99323654175	0.0
34.8878211975	8.99466323853	0.0
34.9177856445	8.99608898163	0.0
34.9477539062	8.99751377106	0.0
34.9777183533	8.99894046783	0.0
34.1989440918	8.96805477142	0.0
34.1693267822	8.97281074524	0.0
34.139705658	8.97756671906	0.0
34.1100845337	8.98232269287	0.0
34.0804634094	8.98707962036	0.0
34.0508422852	8.99183559418	0.0
34.0212211609	8.99659156799	0.0
33.0034713745	9.88438129425	0.0
33.0330200195	9.88956928253	0.0
33.0625686646	9.89475727081	0.0
33.0921173096	9.89994525909	0.0
33.1216621399	9.90513324738	0.0
33.1512107849	9.91032123566	0.0
33.1807594299	9.91550922394	0.0
33.210308075	9.92069721222	0.0
33.23985672	9.9258852005	0.0
33.269405365	9.93107318878	0.0
33.2989501953	9.93626117706	0.0
33.3284988403	9.94144916534	0.0
33.3580474854	9.94663715363	0.0
33.3875961304	9.95182514191	0.0
33.4171447754	9.95701313019	0.0
33.4466934204	9.96220111847	0.0
33.4923744202	9.96691703796	0.0
33.5223121643	9.96886825562	0.0
33.5522460938	9.97081947327	0.0
33.5821838379	9.97276973724	0.0
33.612121582	9.9747209549	0.0
33.6420555115	9.97667217255	0.0
33.6719932556	9.9786233902	0.0
33.7019309998	9.98057365417	0.0
33.7318649292	9.98252487183	0.0
33.7618026733	9.98447608948	0.0
33.7917404175	9.98642730713	0.0
33.8216743469	9.98837757111	0.0
33.8516120911	9.99032878876	0.0
33.8815498352	9.99228000641	0.0
33.9114837646	9.99423122406	0.0
33.9414215088	9.99618244171	0.0
33.9713592529	9.99813270569	0.0
33.4325256348	9.96723175049	0.0
33.4026107788	9.96949863434	0.0
33.3726959229	9.97176456451	0.0
33.3427810669	9.97403144836	0.0
33.3128662109	9.97629833221	0.0
33.282951355	9.97856426239	0.0
33.253036499	9.98083019257	0.0
33.2231254578	9.98309612274	0.0
33.1932106018	9.98536300659	0.0
33.1632957458	9.98762893677	0.0
33.1333808899	9.98989486694	0.0
33.1034660339	9.99216079712	0.0
33.073551178	9.99442768097	0.0
33.043636322	9.99669361115	0.0
33.0137252808	9.99895954132	0.0
33.1766662598	10.7266731262	0.0
33.1474456787	10.73346138	0.0
33.118221283	10.7402486801	0.0
33.0890007019	10.7470369339	0.0
33.0597763062	10.7538251877	0.0
33.0305557251	10.7606134415	0.0
33.001335144	10.7674007416	0.0
32.9721107483	10.7741889954	0.0
32.9428901672	10.7809772491	0.0
32.9136695862	10.7877645493	0.0
32.8844451904	10.794552803	0.0
32.8552246094	10.8013410568	0.0
32.8260002136	10.8081293106	0.0
32.7967796326	10.814915657	0.0
32.7675590515	10.8217039108	0.0
32.7383346558	10.8284921646	0.0
32.7091140747	10.8352804184	0.0
32.6798934937	10.8420677185	0.0
32.6506690979	10.8488559723	0.0
32.6214485168	10.8556442261	0.0
32.580242157	10.8795566559	0.0
32.5575447083	10.8991718292	0.0
32.5348472595	10.9187870026	0.0
32.5121459961	10.9384021759	0.0
32.4894485474	10.9580163956	0.0
32.4667472839	10.9776306152	0.0
32.4440498352	10.9972457886	0.0
32.4213485718	11.0168609619	0.0
32.3986473083	11.0364751816	0.0
32.3759498596	11.0560903549	0.0
32.3532524109	11.0757045746	0.0
32.3305511475	11.0953197479	0.0
32.3078536987	11.1149339676	0.0
32.2851524353	11.1345491409	0.0
32.2624511719	11.1541643143	0.0
32.2397537231	11.1737785339	0.0
32.2151412964	11.2171058655	0.0
32.2071914673	11.2460336685	0.0
32.1992416382	11.2749624252	0.0
32.1912918091	11.3038892746	0.0
32.18334198	11.3328170776	0.0
32.1753921509	11.3617448807	0.0
32.1674423218	11.39067173	0.0
32.1594924927	11.4195995331	0.0
32.1515464783	11.4485273361	0.0
32.1435966492	11.4774551392	0.0
32.1356468201	11.5063829422	0.0
32.127696991	11.5353097916	0.0
32.1197471619	11.5642375946	0.0
32.1117973328	11.5931663513	0.0
32.1038475037	11.6220932007	0.0
32.0959014893	11.6510210037	0.0
32.0879516602	11.6799478531	0.0
32.0800018311	11.7088756561	0.0
32.072052002	11.7378044128	0.0
32.0641021729	11.7667312622	0.0
32.0561523438	11.7956590652	0.0
32.0482025146	11.8245868683	0.0
32.0402526855	11.8535137177	0.0
32.0323066711	11.8824424744	0.0
32.024356842	11.9113702774	0.0
32.0164070129	11.9402971268	0.0
32.0084571838	11.9692249298	0.0
32.0005073547	11.9981517792	0.0
32.2001571655	11.16883564	0.0
32.1772270203	11.1494932175	0.0
32.154296875	11.1301498413	0.0
32.131362915	11.1108074188	0.0
32.1084327698	11.0914640427	0.0
32.0855026245	11.0721206665	0.0
32.0625686646	11.052778244	0.0
32.0396385193	11.0334348679	0.0
32.0167045593	11.0140924454	0.0
32.5731544495	10.8634843826	0.0
32.5433616638	10.867026329	0.0
32.5135726929	10.8705682755	0.0
32.4837837219	10.8741102219	0.0
32.453994751	10.8776521683	0.0
32.4242019653	10.881193161	0.0
32.3944129944	10.8847351074	0.0
32.3646202087	10.8882770538	0.0
32.3348312378	10.8918190002	0.0
32.3050422668	10.8953609467	0.0
32.2752532959	10.8989019394	0.0
32.2454605103	10.9024438858	0.0
32.2156715393	10.9059858322	0.0
32.1858825684	10.9095277786	0.0
32.1560897827	10.9130687714	0.0
32.1263008118	10.9166107178	0.0
32.0965118408	10.9201526642	0.0
32.0667190552	10.9236946106	0.0
32.0369300842	10.927236557	0.0
32.0071411133	10.9307775497	0.0
31.977350235	10.9343204498	0.0
31.9475593567	10.9378623962	0.0
31.9177684784	10.9414043427	0.0
31.8879795074	10.9449462891	0.0
31.8581886292	10.9484872818	0.0
31.8283996582	10.9520292282	0.0
31.7986087799	10.9555711746	0.0
31.7688179016	10.959113121	0.0
31.7152614594	10.9738922119	0.0
31.6876354218	10.9855890274	0.0
31.6600093842	10.9972858429	0.0
31.6323852539	11.0089826584	0.0
31.6047592163	11.0206804276	0.0
31.5771331787	11.0323762894	0.0
31.5495071411	11.0440731049	0.0
31.5218811035	11.0557699203	0.0
31.4942550659	11.0674667358	0.0
31.4528522491	11.06798172	0.0
31.4231834412	11.0635280609	0.0
31.3935165405	11.0590753555	0.0
31.3638496399	11.0546207428	0.0
31.3341808319	11.0501670837	0.0
31.3045139313	11.0457143784	0.0
31.2748451233	11.0412597656	0.0
31.2451782227	11.0368061066	0.0
31.215511322	11.0323524475	0.0
31.1858444214	11.0278987885	0.0
31.1561756134	11.0234451294	0.0
31.1265087128	11.0189914703	0.0
31.0968418121	11.0145378113	0.0
31.0671730042	11.0100841522	0.0
31.0375061035	11.0056295395	0.0
31.0078372955	11.0011768341	0.0
31.4548931122	11.0841321945	0.0
31.4272670746	11.09582901	0.0
31.3996429443	11.1075258255	0.0
31.3720169067	11.119222641	0.0
31.3443908691	11.1309204102	0.0
31.3167648315	11.142616272	0.0
31.2891387939	11.1543130875	0.0
31.2615127563	11.166009903	0.0
31.2338867188	11.1777067184	0.0
31.192155838	11.18217659	0.0
31.1621589661	11.1816778183	0.0
31.1321620941	11.1811790466	0.0
31.1021671295	11.1806812286	0.0
31.0721702576	11.180182457	0.0
31.042175293	11.1796827316	0.0
31.0121803284	11.17918396	0.0
30.9821834564	11.178686142	0.0
30.9521884918	11.1781873703	0.0
30.9221916199	11.177687645	0.0
30.8921966553	11.1771888733	0.0
30.8621997833	11.1766910553	0.0
30.8322048187	11.1761922836	0.0
30.8022098541	11.1756925583	0.0
30.7722129822	11.1751947403	0.0
30.7422161102	11.1746959686	0.0
30.7122211456	11.174197197	0.0
30.6822242737	11.1736984253	0.0
30.6522293091	11.1731996536	0.0
30.6222343445	11.172700882	0.0
30.5922374725	11.1722021103	0.0
30.5622425079	11.1717033386	0.0
30.532245636	11.171204567	0.0
30.5022506714	11.1707057953	0.0
30.4722537994	11.1702070236	0.0
30.4422588348	11.169708252	0.0
30.4122638702	11.169210434	0.0
30.3822669983	11.1687107086	0.0
30.3522701263	11.168211937	0.0
30.3222751617	11.1677131653	0.0
30.2922782898	11.1672153473	0.0
30.2622833252	11.1667156219	0.0
30.2322883606	11.1662168503	0.0
30.2022914886	11.1657180786	0.0
30.172296524	11.1652202606	0.0
30.1300201416	11.1735782623	0.0
30.1012744904	11.1821622849	0.0
30.0725288391	11.1907463074	0.0
30.0437812805	11.1993303299	0.0
30.0150375366	11.2079143524	0.0
29.9953613281	11.2438430786	0.0
29.9955444336	11.2738428116	0.0
29.9957294464	11.3038415909	0.0
29.9959125519	11.3338422775	0.0
29.9960975647	11.3638410568	0.0
29.9962806702	11.3938407898	0.0
29.996465683	11.4238395691	0.0
29.9966487885	11.4538393021	0.0
29.9968338013	11.483839035	0.0
29.9970169067	11.5138378143	0.0
29.9972019196	11.5438375473	0.0
29.9973869324	11.5738372803	0.0
29.9975700378	11.6038370132	0.0
29.9977531433	11.6338357925	0.0
29.9979381561	11.6638355255	0.0
29.9981212616	11.6938352585	0.0
29.9983062744	11.7238340378	0.0
29.9984893799	11.7538337708	0.0
29.9986743927	11.78383255	0.0
29.9988574982	11.8138332367	0.0
29.999042511	11.843832016	0.0
29.9992256165	11.873831749	0.0
29.9994106293	11.9038305283	0.0
29.9995937347	11.9338302612	0.0
29.9997787476	11.9638299942	0.0
29.999961853	11.9938287735	0.0
29.9664306641	11.2224283218	0.0
29.9376850128	11.2310123444	0.0
29.9089393616	11.2395954132	0.0
29.8801937103	11.2481794357	0.0
29.8514480591	11.2567634583	0.0
29.8302268982	11.2327241898	0.0
29.8288631439	11.2027549744	0.0
29.827501297	11.172785759	0.0
29.8261394501	11.1428165436	0.0
29.8247776031	11.1128482819	0.0
29.8234157562	11.0828790665	0.0
29.8220539093	11.0529098511	0.0
29.820690155	11.0229406357	0.0
29.8193283081	10.992972374	0.0
29.8179664612	10.9630031586	0.0
29.8166046143	10.9330339432	0.0
29.8152427673	10.9030647278	0.0
29.8138809204	10.8730964661	0.0
29.8125171661	10.8431272507	0.0
29.8111553192	10.8131570816	0.0
29.8097934723	10.7831878662	0.0
29.8084316254	10.7532186508	0.0
29.8070697784	10.7232503891	0.0
29.8057060242	10.6932811737	0.0
29.8043441772	10.6633119583	0.0
29.8029823303	10.6333427429	0.0
29.8016204834	10.6033735275	0.0
29.8002567291	10.5734052658	0.0
29.7988948822	10.5434360504	0.0
29.7975330353	10.513466835	0.0
29.7961711884	10.4834976196	0.0
29.8077411652	10.4522151947	0.0
29.8194789886	10.4246072769	0.0
29.8312168121	10.3969984055	0.0
29.8429546356	10.369389534	0.0
29.8546924591	10.3417806625	0.0
29.8664302826	10.3141727448	0.0
29.8781681061	10.2865638733	0.0
29.8899059296	10.2589559555	0.0
29.9016437531	10.231347084	0.0
29.9133815765	10.2037391663	0.0
29.9251174927	10.1761312485	0.0
29.9368553162	10.148522377	0.0
29.9485931396	10.1209144592	0.0
29.9603309631	10.0933046341	0.0
29.9720687866	10.0656967163	0.0
29.9838066101	10.0380878448	0.0
29.9955444336	10.0104799271	0.0
29.7703113556	10.4643363953	0.0
29.7446174622	10.4488477707	0.0
29.7189235687	10.4333610535	0.0
29.6932315826	10.4178733826	0.0
29.6675376892	10.4023857117	0.0
29.6418457031	10.3868980408	0.0
29.6161518097	10.3714113235	0.0
29.5904598236	10.355922699	0.0
29.5647659302	10.3404350281	0.0
29.5390739441	10.3249483109	0.0
29.5133800507	10.3094596863	0.0
29.4876861572	10.2939729691	0.0
29.4619922638	10.2784852982	0.0
29.4363002777	10.2629976273	0.0
29.4106063843	10.2475099564	0.0
29.3849143982	10.2320232391	0.0
29.3592205048	10.2165346146	0.0
29.3335285187	10.2010469437	0.0
29.3078346252	10.1855602264	0.0
29.2821426392	10.1700716019	0.0
29.2564487457	10.1545848846	0.0
29.2307548523	10.1390972137	0.0
29.2050628662	10.1236095428	0.0
29.1793689728	10.1081218719	0.0
29.1536750793	10.0926351547	0.0
29.1279830933	10.0771465302	0.0
29.1022891998	10.0616588593	0.0
29.0765972137	10.046172142	0.0
29.0509033203	10.0306844711	0.0
29.0252113342	10.0151968002	0.0
29.8028430939	11.2712774277	0.0
29.7740974426	11.2798614502	0.0
29.7453517914	11.2884454727	0.0
29.7166061401	11.2970285416	0.0
29.6878604889	11.3056116104	0.0
29.6591148376	11.3141956329	0.0
29.6303672791	11.3227796555	0.0
29.6016235352	11.331363678	0.0
29.5728778839	11.3399477005	0.0
29.5441303253	11.3485307693	0.0
29.5153846741	11.3571147919	0.0
29.4858341217	11.3839483261	0.0
29.4672584534	11.4075040817	0.0
29.4486808777	11.431060791	0.0
29.430103302	11.4546165466	0.0
29.4115276337	11.4781732559	0.0
29.392950058	11.5017290115	0.0
29.3743724823	11.5252847672	0.0
29.355796814	11.5488414764	0.0
29.3372192383	11.5723981857	0.0
29.3186416626	11.5959539413	0.0
29.3000640869	11.619509697	0.0
29.2814884186	11.6430664062	0.0
29.2629108429	11.6666221619	0.0
29.2443332672	11.6901788712	0.0
29.2257575989	11.7137346268	0.0
29.2071781158	11.7372913361	0.0
29.1886024475	11.7608470917	0.0
29.1700248718	11.7844028473	0.0
29.1514472961	11.8079586029	0.0
29.1328716278	11.8315162659	0.0
29.1142940521	11.8550720215	0.0
29.0957164764	11.8786277771	0.0
29.0771408081	11.9021835327	0.0
29.0585632324	11.925740242	0.0
29.0399856567	11.9492969513	0.0
29.0214080811	11.9728527069	0.0
29.0028324127	11.9964094162	0.0
29.4800014496	11.3429517746	0.0
29.4555931091	11.3255109787	0.0
29.4311828613	11.3080711365	0.0
29.4067726135	11.2906312943	0.0
29.379119873	11.2708730698	0.0
29.3547096252	11.2534332275	0.0
29.3302993774	11.2359933853	0.0
29.305891037	11.2185525894	0.0
29.2814807892	11.2011117935	0.0
29.2570705414	11.1836719513	0.0
29.2326602936	11.1662321091	0.0
29.2082519531	11.1487913132	0.0
29.1838417053	11.1313514709	0.0
29.1594314575	11.113910675	0.0
29.1350212097	11.0964708328	0.0
29.1106128693	11.0790300369	0.0
29.0862026215	11.0615901947	0.0
29.0617923737	11.0441503525	0.0
29.0373821259	11.0267086029	0.0
29.0129737854	11.0092687607	0.0
29.373544693	11.2873477936	0.0
29.3435611725	11.2863826752	0.0
29.3135757446	11.2854166031	0.0
29.2835922241	11.284450531	0.0
29.2536067963	11.2834863663	0.0
29.2236232758	11.2825202942	0.0
29.1936378479	11.2815551758	0.0
29.1636543274	11.2805891037	0.0
29.1336708069	11.2796239853	0.0
29.103685379	11.2786579132	0.0
29.0737018585	11.2776927948	0.0
29.0437164307	11.2767267227	0.0
29.0137329102	11.2757616043	0.0
28.9837474823	11.2747955322	0.0
28.9537620544	11.2738304138	0.0
28.9237785339	11.2728652954	0.0
28.8937931061	11.2718992233	0.0
28.8638095856	11.2709341049	0.0
28.8338241577	11.2699680328	0.0
28.8038406372	11.2690029144	0.0
28.7738552094	11.2680368423	0.0
28.7438716888	11.2670717239	0.0
28.713886261	11.2661056519	0.0
28.6839027405	11.2651405334	0.0
28.6539173126	11.264175415	0.0
28.6069889069	11.2491474152	0.0
28.5806522369	11.2347812653	0.0
28.554315567	11.220416069	0.0
28.5279788971	11.2060508728	0.0
28.5016403198	11.1916856766	0.0
28.4753036499	11.1773195267	0.0
28.44896698	11.1629552841	0.0
28.4226303101	11.1485900879	0.0
28.3962936401	11.134223938	0.0
28.3699550629	11.1198587418	0.0
28.3436183929	11.1054935455	0.0
28.317281723	11.091129303	0.0
28.2909431458	11.0767631531	0.0
28.2646064758	11.0623979568	0.0
28.2382698059	11.0480327606	0.0
28.211933136	11.0336675644	0.0
28.1855964661	11.0193023682	0.0
28.1592597961	11.0049371719	0.0
28.1329212189	10.9905719757	0.0
28.106584549	10.9762067795	0.0
28.080247879	10.9618406296	0.0
28.0539112091	10.947476387	0.0
28.0275745392	10.9331111908	0.0
28.0012378693	10.9187450409	0.0
27.974899292	10.9043798447	0.0
27.9485626221	10.8900146484	0.0
27.9222259521	10.8756504059	0.0
27.8958892822	10.861284256	0.0
27.8840255737	10.8228225708	0.0
27.888212204	10.7931165695	0.0
27.8924007416	10.7634105682	0.0
27.8965873718	10.7337036133	0.0
27.9007740021	10.703997612	0.0
27.9049606323	10.6742916107	0.0
27.9091472626	10.6445846558	0.0
27.9133358002	10.6148786545	0.0
27.9175224304	10.5851716995	0.0
27.9217090607	10.5554656982	0.0
27.9258956909	10.525759697	0.0
27.9300823212	10.496052742	0.0
27.9342708588	10.4663467407	0.0
27.938457489	10.4366407394	0.0
27.9426441193	10.4069337845	0.0
27.9468307495	10.3772277832	0.0
27.9510173798	10.3475208282	0.0
27.9552059174	10.317814827	0.0
27.9593925476	10.2881088257	0.0
27.9635791779	10.2584018707	0.0
27.9677658081	10.2286958694	0.0
27.9719524384	10.1989889145	0.0
27.9761390686	10.1692829132	0.0
27.9803276062	10.1395769119	0.0
27.9845142365	10.109869957	0.0
27.9887008667	10.0801639557	0.0
27.9928874969	10.0504579544	0.0
27.9970741272	10.0207509995	0.0
27.8502616882	10.8475103378	0.0
27.820684433	10.8424911499	0.0
27.7911071777	10.8374710083	0.0
27.7615299225	10.8324518204	0.0
27.7319526672	10.8274326324	0.0
27.702375412	10.8224134445	0.0
27.6727981567	10.8173942566	0.0
27.6432228088	10.812374115	0.0
27.6136455536	10.8073549271	0.0
27.5840682983	10.8023347855	0.0
27.5544891357	10.7973155975	0.0
27.5249137878	10.7922964096	0.0
27.4953365326	10.7872772217	0.0
27.4657592773	10.7822570801	0.0
27.4361820221	10.7772378922	0.0
27.4066047668	10.7722187042	0.0
27.3770275116	10.7671985626	0.0
27.3474502563	10.7621803284	0.0
27.3178749084	10.7571601868	0.0
27.2815322876	10.7737541199	0.0
27.2581481934	10.7925462723	0.0
27.2347640991	10.8113393784	0.0
27.2113780975	10.8301305771	0.0
27.1879940033	10.8489236832	0.0
27.1646099091	10.8677158356	0.0
27.1412258148	10.8865089417	0.0
27.1178398132	10.9053010941	0.0
27.094455719	10.9240942001	0.0
27.0710716248	10.9428863525	0.0
27.0476856232	10.9616775513	0.0
27.0243015289	10.9804706573	0.0
27.0009174347	10.9992628098	0.0
27.2749176025	10.7550849915	0.0
27.2449188232	10.7552089691	0.0
27.2149181366	10.7553319931	0.0
27.1849193573	10.7554559708	0.0
27.1549186707	10.7555789948	0.0
27.1249198914	10.7557029724	0.0
27.0949192047	10.7558259964	0.0
27.0649204254	10.7559499741	0.0
27.0349197388	10.756072998	0.0
27.0049190521	10.7561969757	0.0
26.9749202728	10.7563209534	0.0
26.9449214935	10.7564439774	0.0
26.9149208069	10.756567955	0.0
26.8849201202	10.756690979	0.0
26.8549213409	10.7568149567	0.0
26.8249225616	10.7569379807	0.0
26.794921875	10.7570619583	0.0
26.7649211884	10.7571849823	0.0
26.7349224091	10.75730896	0.0
26.7049236298	10.7574329376	0.0
26.6749229431	10.7575559616	0.0
26.6449222565	10.7576799393	0.0
26.6149234772	10.7578029633	0.0
26.5717697144	10.7414188385	0.0
26.5466880798	10.7249612808	0.0
26.521604538	10.7085027695	0.0
26.4965229034	10.6920442581	0.0
26.4714412689	10.6755857468	0.0
26.4463596344	10.6591272354	0.0
26.4212760925	10.6426687241	0.0
26.376285553	10.6480169296	0.0
26.3543758392	10.6685113907	0.0
26.3324661255	10.6890048981	0.0
26.3105583191	10.7094984055	0.0
26.2886486053	10.7299919128	0.0
26.266740799	10.7504863739	0.0
26.2448310852	10.7709798813	0.0
26.2229232788	10.7914743423	0.0
26.2010135651	10.8119678497	0.0
26.1791057587	10.8324623108	0.0
26.1571960449	10.8529558182	0.0
26.1352863312	10.8734502792	0.0
26.1133785248	10.8939437866	0.0
26.0914707184	10.9144382477	0.0
26.0695610046	10.9349317551	0.0
26.0476512909	10.9554262161	0.0
26.0257434845	10.9759197235	0.0
26.0038337708	10.9964141846	0.0
26.3731117249	10.6110639572	0.0
26.348028183	10.5946063995	0.0
26.3229465485	10.5781478882	0.0
26.2978649139	10.5616893768	0.0
26.2727813721	10.5452308655	0.0
26.2476997375	10.5287723541	0.0
26.222618103	10.5123138428	0.0
26.1975345612	10.4958562851	0.0
26.1724529266	10.4793968201	0.0
26.1473712921	10.4629392624	0.0
26.1222877502	10.4464797974	0.0
26.0702381134	10.4306001663	0.0
26.0402698517	10.4292097092	0.0
26.01030159	10.4278202057	0.0
25.9803352356	10.4264297485	0.0
25.9503669739	10.4250392914	0.0
25.9203987122	10.4236488342	0.0
25.8904304504	10.4222593307	0.0
25.8604640961	10.4208688736	0.0
25.8304958344	10.4194793701	0.0
25.8005275726	10.4180879593	0.0
25.7705593109	10.4166984558	0.0
25.7405929565	10.4153079987	0.0
25.7106246948	10.4139175415	0.0
25.6806564331	10.412528038	0.0
25.6506881714	10.4111375809	0.0
25.6160812378	10.4309101105	0.0
25.594045639	10.4512672424	0.0
25.5720081329	10.4716234207	0.0
25.5499706268	10.4919786453	0.0
25.5279331207	10.5123348236	0.0
25.505897522	10.5326910019	0.0
25.4838600159	10.5530471802	0.0
25.4618225098	10.5734033585	0.0
25.439786911	10.5937585831	0.0
25.4177494049	10.6141147614	0.0
25.3957118988	10.6344709396	0.0
25.3736743927	10.6548271179	0.0
25.3516387939	10.6751842499	0.0
25.3296012878	10.6955404282	0.0
25.3075637817	10.7158956528	0.0
25.2855262756	10.7362518311	0.0
25.2634906769	10.7566080093	0.0
25.2414531708	10.7769641876	0.0
25.2194156647	10.7973203659	0.0
25.1973781586	10.8176755905	0.0
25.1753425598	10.8380317688	0.0
25.1533050537	10.8583879471	0.0
25.1312675476	10.8787441254	0.0
25.1092319489	10.8991012573	0.0
25.0871944427	10.9194574356	0.0
25.0651569366	10.9398126602	0.0
25.0431194305	10.9601688385	0.0
25.0210838318	10.9805250168	0.0
25.6128902435	10.3943223953	0.0
25.5876617432	10.3780899048	0.0
25.5624313354	10.3618583679	0.0
25.5372028351	10.3456258774	0.0
25.5119724274	10.3293943405	0.0
25.486743927	10.31316185	0.0
25.4615135193	10.2969303131	0.0
25.4362850189	10.2806978226	0.0
25.4110546112	10.2644662857	0.0
25.3858261108	10.2482328415	0.0
25.3605976105	10.2320013046	0.0
25.3353672028	10.2157688141	0.0
25.3101387024	10.1995372772	0.0
25.2849082947	10.1833047867	0.0
25.2596797943	10.1670732498	0.0
25.2344493866	10.1508407593	0.0
25.2092208862	10.1346092224	0.0
25.1839904785	10.1183767319	0.0
25.1587619781	10.102145195	0.0
25.1335334778	10.0859127045	0.0
25.1083030701	10.0696802139	0.0
25.0830745697	10.0534477234	0.0
25.057844162	10.0372161865	0.0
25.0326156616	10.020983696	0.0
25.0073852539	10.0047521591	0.0
26.0934276581	10.4027662277	0.0
26.086648941	10.373541832	0.0
26.0798683167	10.3443183899	0.0
26.0730895996	10.3150939941	0.0
26.0663108826	10.2858695984	0.0
26.0595321655	10.2566461563	0.0
26.0527534485	10.2274217606	0.0
26.0459747314	10.1981983185	0.0
26.0391960144	10.1689739227	0.0
26.0324172974	10.139749527	0.0
26.0256385803	10.1105251312	0.0
26.0188598633	10.0813007355	0.0
26.0120792389	10.0520772934	0.0
26.0053005219	10.0228528976	0.0
26.5762996674	10.7797307968	0.0
26.5557441711	10.8015832901	0.0
26.5351905823	10.8234357834	0.0
26.5146369934	10.8452892303	0.0
26.4940834045	10.8671417236	0.0
26.4735298157	10.8889951706	0.0
26.4529762268	10.9108467102	0.0
26.4324226379	10.9327001572	0.0
26.4118690491	10.9545526505	0.0
26.3913154602	10.9764060974	0.0
26.3707618713	10.9982585907	0.0
26.3502082825	11.020111084	0.0
26.3296546936	11.0419635773	0.0
26.3090991974	11.0638170242	0.0
26.2885475159	11.0856704712	0.0
26.2491798401	11.1275253296	0.0
26.2286262512	11.1493778229	0.0
26.2080726624	11.1712303162	0.0
26.1875190735	11.1930828094	0.0
26.1669654846	11.2149362564	0.0
26.1464118958	11.2367887497	0.0
26.1258583069	11.2586421967	0.0
26.105304718	11.2804937363	0.0
26.0847492218	11.3023471832	0.0
26.0641975403	11.3241996765	0.0
26.0436439514	11.3460531235	0.0
26.0230884552	11.3679056168	0.0
26.0025348663	11.38975811	0.0
25.9819812775	11.4116106033	0.0
25.9614276886	11.4334640503	0.0
25.9166622162	11.4685144424	0.0
25.8907089233	11.4835624695	0.0
25.8647556305	11.4986095428	0.0
25.8388023376	11.5136566162	0.0
25.8128490448	11.5287046432	0.0
25.786895752	11.5437526703	0.0
25.7609424591	11.5588006973	0.0
25.7349891663	11.5738477707	0.0
25.7090377808	11.5888957977	0.0
25.6830844879	11.6039438248	0.0
25.6571311951	11.6189918518	0.0
25.6311779022	11.6340389252	0.0
25.6052246094	11.6490869522	0.0
25.5792713165	11.6641349792	0.0
25.5533180237	11.6791830063	0.0
25.5273647308	11.6942310333	0.0
25.501411438	11.7092781067	0.0
25.4754581451	11.7243261337	0.0
25.4495067596	11.7393741608	0.0
25.4235534668	11.7544221878	0.0
25.3975982666	11.7694692612	0.0
25.3716468811	11.7845172882	0.0
25.3456935883	11.7995653152	0.0
25.3197402954	11.8146133423	0.0
25.2937870026	11.8296613693	0.0
25.2678337097	11.8447084427	0.0
25.2418804169	11.8597564697	0.0
25.215927124	11.8748035431	0.0
25.1899738312	11.8898515701	0.0
25.1640205383	11.9048986435	0.0
25.1380672455	11.9199466705	0.0
25.11211586	11.9349946976	0.0
25.0861625671	11.9500427246	0.0
25.0602092743	11.9650907516	0.0
25.0342559814	11.980137825	0.0
25.0083026886	11.9951858521	0.0
25.9457473755	11.4833021164	0.0
25.9488792419	11.5131378174	0.0
25.9520130157	11.542974472	0.0
25.9551467896	11.572810173	0.0
25.958278656	11.602645874	0.0
25.9614105225	11.632481575	0.0
25.9645442963	11.6623182297	0.0
25.9676761627	11.6921539307	0.0
25.9708099365	11.7219896317	0.0
25.973941803	11.7518262863	0.0
25.9770755768	11.7816619873	0.0
25.9802074432	11.8114976883	0.0
25.9833393097	11.841334343	0.0
25.9864730835	11.8711700439	0.0
25.9896068573	11.9010057449	0.0
25.9927387238	11.9308423996	0.0
25.9958705902	11.9606781006	0.0
25.999004364	11.9905138016	0.0
26.2985496521	11.1140193939	0.0
26.3273639679	11.1223669052	0.0
26.3561782837	11.1307144165	0.0
26.3849945068	11.1390619278	0.0
26.41381073	11.1474094391	0.0
26.4426250458	11.1557569504	0.0
26.4714393616	11.1641044617	0.0
26.5002555847	11.172451973	0.0
26.5290718079	11.1807985306	0.0
26.5578861237	11.1891469955	0.0
26.5867004395	11.1974935532	0.0
26.6155166626	11.2058420181	0.0
26.6443328857	11.2141885757	0.0
26.6731472015	11.2225370407	0.0
26.7275676727	11.22453022	0.0
26.7571105957	11.2193174362	0.0
26.786655426	11.2141036987	0.0
26.816198349	11.2088909149	0.0
26.845741272	11.2036781311	0.0
26.8752861023	11.1984643936	0.0
26.9048290253	11.1932506561	0.0
26.9343738556	11.1880378723	0.0
26.9639167786	11.1828250885	0.0
26.9934597015	11.1776123047	0.0
27.0230026245	11.1723976135	0.0
27.0525474548	11.1671848297	0.0
27.0820903778	11.1619720459	0.0
27.1116333008	11.1567592621	0.0
27.1411781311	11.1515455246	0.0
27.1707210541	11.1463327408	0.0
27.2002658844	11.1411190033	0.0
27.2298088074	11.1359062195	0.0
27.2593517303	11.1306934357	0.0
27.2888965607	11.1254796982	0.0
27.3184394836	11.1202669144	0.0
27.3479824066	11.1150531769	0.0
27.3775253296	11.1098403931	0.0
27.4070701599	11.1046266556	0.0
27.4366130829	11.0994138718	0.0
27.4661579132	11.094201088	0.0
27.4957008362	11.0889873505	0.0
27.5252437592	11.083773613	0.0
27.5547885895	11.0785608292	0.0
27.5843315125	11.0733480453	0.0
27.6138744354	11.0681352615	0.0
27.6434192657	11.062921524	0.0
27.6729621887	11.0577077866	0.0
27.7025051117	11.0524950027	0.0
27.732049942	11.0472822189	0.0
27.761592865	11.0420694351	0.0
27.791135788	11.0368556976	0.0
27.8206806183	11.0316419601	0.0
27.8502235413	11.0264291763	0.0
27.8797664642	11.0212163925	0.0
27.9093112946	11.016002655	0.0
27.9388542175	11.0107898712	0.0
27.9683971405	11.0055761337	0.0
27.9979400635	11.0003633499	0.0
26.7089748383	11.2576742172	0.0
26.7199249268	11.2856035233	0.0
26.7308731079	11.313533783	0.0
26.7418231964	11.3414649963	0.0
26.7527732849	11.369395256	0.0
26.7637233734	11.3973245621	0.0
26.7746734619	11.4252548218	0.0
26.7856235504	11.4531860352	0.0
26.7965736389	11.4811162949	0.0
26.8075237274	11.5090456009	0.0
26.8184738159	11.5369758606	0.0
26.8294239044	11.564907074	0.0
26.8403720856	11.5928373337	0.0
26.8513221741	11.6207666397	0.0
26.8622722626	11.6486968994	0.0
26.8732223511	11.6766281128	0.0
26.8841724396	11.7045583725	0.0
26.8951225281	11.7324876785	0.0
26.9060726166	11.7604179382	0.0
26.9170227051	11.7883491516	0.0
26.9279727936	11.8162794113	0.0
26.9389228821	11.8442087173	0.0
26.9498729706	11.8721389771	0.0
26.9608230591	11.9000701904	0.0
26.9717731476	11.9280004501	0.0
26.9827232361	11.9559297562	0.0
26.9936714172	11.9838600159	0.0
28.6137657166	11.2862577438	0.0
28.5942058563	11.3090047836	0.0
28.5746440887	11.3317508698	0.0
28.5550842285	11.3544969559	0.0
28.5355243683	11.3772439957	0.0
28.5159645081	11.3999900818	0.0
28.4964046478	11.4227371216	0.0
28.4768447876	11.4454832077	0.0
28.4572849274	11.4682292938	0.0
28.4377231598	11.4909763336	0.0
28.4181632996	11.5137224197	0.0
28.3986034393	11.5364675522	0.0
28.3790435791	11.559214592	0.0
28.3594837189	11.5819606781	0.0
28.3399238586	11.6047077179	0.0
28.3203620911	11.627453804	0.0
28.3008022308	11.6501998901	0.0
28.2812423706	11.6729469299	0.0
28.2616825104	11.6956930161	0.0
28.2421207428	11.7184391022	0.0
28.2225608826	11.741186142	0.0
28.2030010223	11.7639322281	0.0
28.1834411621	11.7866792679	0.0
28.1638813019	11.809425354	0.0
28.1443195343	11.8321714401	0.0
28.1247596741	11.8549175262	0.0
28.1051998138	11.8776636124	0.0
28.0856399536	11.9004106522	0.0
28.066078186	11.9231567383	0.0
28.0465183258	11.9459028244	0.0
28.0269584656	11.9686498642	0.0
28.0073986053	11.9913959503	0.0
30.1379642487	11.1433773041	0.0
30.1171627045	11.1217603683	0.0
30.0963611603	11.1001434326	0.0
30.0755596161	11.0785245895	0.0
30.0547580719	11.0569076538	0.0
30.0339584351	11.0352897644	0.0
30.0131568909	11.0136728287	0.0
31.2142810822	11.2116250992	0.0
31.206413269	11.2405748367	0.0
31.1985454559	11.2695245743	0.0
31.1906757355	11.2984752655	0.0
31.1828079224	11.3274240494	0.0
31.1749382019	11.3563737869	0.0
31.1670703888	11.3853235245	0.0
31.1592025757	11.414273262	0.0
31.1513328552	11.4432229996	0.0
31.1434650421	11.4721727371	0.0
31.1355953217	11.5011224747	0.0
31.1277275085	11.5300722122	0.0
31.1198596954	11.5590219498	0.0
31.111989975	11.5879716873	0.0
31.1041221619	11.6169214249	0.0
31.0962524414	11.6458711624	0.0
31.0883846283	11.6748209	0.0
31.0805168152	11.7037696838	0.0
31.0726470947	11.7327203751	0.0
31.0647792816	11.7616701126	0.0
31.0569095612	11.7906188965	0.0
31.049041748	11.819568634	0.0
31.0411739349	11.8485193253	0.0
31.0333042145	11.8774690628	0.0
31.0254364014	11.9064178467	0.0
31.0175666809	11.9353675842	0.0
31.0096988678	11.9643182755	0.0
31.0018291473	11.9932670593	0.0
31.7245540619	10.9384498596	0.0
31.7062206268	10.9147043228	0.0
31.6878871918	10.8909578323	0.0
31.6695537567	10.8672122955	0.0
31.6512184143	10.8434658051	0.0
31.6328849792	10.8197193146	0.0
31.6145515442	10.7959728241	0.0
31.5962181091	10.7722272873	0.0
31.5778846741	10.7484807968	0.0
31.559551239	10.72473526	0.0
31.541217804	10.7009887695	0.0
31.5228824615	10.6772432327	0.0
31.5045490265	10.6534967422	0.0
31.4862155914	10.6297512054	0.0
31.4678821564	10.606004715	0.0
31.4495487213	10.5822591782	0.0
31.4312133789	10.5585126877	0.0
31.4128818512	10.5347671509	0.0
31.3945465088	10.5110206604	0.0
31.3762130737	10.4872751236	0.0
31.3578796387	10.4635286331	0.0
31.3395462036	10.4397830963	0.0
31.3212127686	10.4160366058	0.0
31.3028774261	10.392291069	0.0
31.2845458984	10.3685445786	0.0
31.266210556	10.3447990417	0.0
31.247877121	10.3210525513	0.0
31.2295436859	10.2973070145	0.0
31.2112102509	10.273560524	0.0
31.1928768158	10.2498149872	0.0
31.1745414734	10.2260694504	0.0
31.1562080383	10.2023229599	0.0
31.1378746033	10.1785774231	0.0
31.1195411682	10.1548309326	0.0
31.1012077332	10.1310853958	0.0
31.0828723907	10.1073379517	0.0
31.064540863	10.0835924149	0.0
31.0462055206	10.0598459244	0.0
31.0278720856	10.0361003876	0.0
31.0095386505	10.0123538971	0.0
33.4810714722	11.0340490341	0.0
33.5110092163	11.032084465	0.0
33.5409431458	11.0301198959	0.0
33.5708808899	11.0281562805	0.0
33.6008148193	11.0261917114	0.0
33.6307525635	11.024228096	0.0
33.6606864929	11.0222625732	0.0
33.6906204224	11.0202989578	0.0
33.7205581665	11.0183353424	0.0
33.7504920959	11.0163707733	0.0
33.7804298401	11.0144071579	0.0
33.8103637695	11.0124425888	0.0
33.8403015137	11.0104780197	0.0
33.8702354431	11.0085144043	0.0
33.9001693726	11.0065498352	0.0
33.9301071167	11.0045862198	0.0
33.9600448608	11.0026216507	0.0
33.9899787903	11.0006580353	0.0
33.5453414917	11.1844644547	0.0
33.5169258118	11.1748514175	0.0
33.4885063171	11.1652393341	0.0
33.4600868225	11.155626297	0.0
33.4316711426	11.1460142136	0.0
33.4032516479	11.1364011765	0.0
33.3748321533	11.126789093	0.0
33.3464164734	11.1171760559	0.0
33.3179969788	11.1075630188	0.0
33.2895774841	11.0979509354	0.0
33.2611618042	11.0883378983	0.0
33.2327423096	11.0787258148	0.0
33.2043228149	11.0691127777	0.0
33.175907135	11.0595006943	0.0
33.1474876404	11.0498876572	0.0
33.1190681458	11.0402746201	0.0
33.0906524658	11.0306625366	0.0
33.0622329712	11.0210504532	0.0
33.0338134766	11.0114383698	0.0
33.0053977966	11.0018253326	0.0
33.6153373718	11.2957010269	0.0
33.5955963135	11.3182926178	0.0
33.5758590698	11.3408851624	0.0
33.5561218262	11.3634767532	0.0
33.5363807678	11.3860692978	0.0
33.5166435242	11.4086608887	0.0
33.4969062805	11.4312534332	0.0
33.4771652222	11.4538450241	0.0
33.4574279785	11.476436615	0.0
33.4376907349	11.4990291595	0.0
33.4179534912	11.5216207504	0.0
33.3982124329	11.544213295	0.0
33.3784751892	11.5668048859	0.0
33.3587379456	11.5893974304	0.0
33.3390007019	11.6119890213	0.0
33.3192596436	11.6345806122	0.0
33.2995223999	11.6571731567	0.0
33.2797851562	11.6797647476	0.0
33.2600440979	11.7023572922	0.0
33.2403068542	11.7249488831	0.0
33.2205696106	11.7475414276	0.0
33.2008323669	11.7701330185	0.0
33.1810913086	11.7927246094	0.0
33.1613540649	11.8153171539	0.0
33.1416168213	11.8379087448	0.0
33.1218795776	11.8605012894	0.0
33.1021385193	11.8830928802	0.0
33.0824012756	11.9056854248	0.0
33.062664032	11.9282770157	0.0
33.0429267883	11.9508686066	0.0
33.02318573	11.9734611511	0.0
33.0034484863	11.996052742	0.0
34.2168807983	11.9849710464	0.0
34.2468757629	11.9855470657	0.0
34.2768669128	11.9861221313	0.0
34.3068618774	11.9866981506	0.0
34.336856842	11.9872741699	0.0
34.3668518066	11.9878492355	0.0
34.3968467712	11.9884252548	0.0
34.4268417358	11.9890012741	0.0
34.4608154297	11.9896526337	0.0
34.4908065796	11.9902276993	0.0
34.5208015442	11.9908037186	0.0
34.5507965088	11.9913787842	0.0
34.5807914734	11.9919548035	0.0
34.610786438	11.9925308228	0.0
34.6407814026	11.9931058884	0.0
34.6707763672	11.9936819077	0.0
34.7007675171	11.9942569733	0.0
34.7307624817	11.9948329926	0.0
34.7607574463	11.9954090118	0.0
34.7907524109	11.9959840775	0.0
34.8207473755	11.9965600967	0.0
34.8507423401	11.997136116	0.0
34.8807373047	11.9977111816	0.0
34.9107322693	11.9982872009	0.0
34.9407234192	11.9988622665	0.0
34.9707183838	11.9994382858	0.0
34.4556694031	11.9722681046	0.0
34.4805145264	11.9554586411	0.0
34.5053634644	11.9386501312	0.0
34.5302124023	11.9218397141	0.0
34.5550613403	11.9050312042	0.0
34.5799102783	11.8882217407	0.0
34.6047592163	11.8714132309	0.0
34.6296081543	11.8546037674	0.0
34.6544570923	11.8377952576	0.0
34.6793060303	11.8209857941	0.0
34.7041549683	11.8041763306	0.0
34.7290039062	11.7873668671	0.0
34.7538528442	11.7705583572	0.0
34.7787017822	11.7537488937	0.0
34.8035469055	11.7369403839	0.0
34.8283958435	11.7201309204	0.0
34.8532447815	11.7033224106	0.0
34.8780937195	11.6865129471	0.0
34.9029426575	11.6697025299	0.0
34.9277915955	11.6528940201	0.0
34.9526405334	11.6360845566	0.0
34.9774894714	11.6192760468	0.0
35.0023384094	11.6024665833	0.0
35.0271873474	11.5856580734	0.0
35.0762939453	11.5556545258	0.0
35.1025390625	11.5411195755	0.0
35.1287841797	11.5265846252	0.0
35.1550254822	11.512049675	0.0
35.1812705994	11.4975147247	0.0
35.2075157166	11.4829788208	0.0
35.233757019	11.4684438705	0.0
35.2600021362	11.4539089203	0.0
35.2862434387	11.43937397	0.0
35.3124885559	11.4248390198	0.0
35.3387336731	11.4103040695	0.0
35.3649749756	11.3957691193	0.0
35.3912200928	11.381234169	0.0
35.41746521	11.3666992188	0.0
35.4437065125	11.3521642685	0.0
35.4699516296	11.3376293182	0.0
35.4961967468	11.323094368	0.0
35.5224380493	11.3085594177	0.0
35.5486831665	11.2940244675	0.0
35.574924469	11.2794885635	0.0
35.6011695862	11.2649526596	0.0
35.6274147034	11.2504177094	0.0
35.6536560059	11.2358827591	0.0
35.679901123	11.2213478088	0.0
35.7061424255	11.2068128586	0.0
35.7323875427	11.1922779083	0.0
35.7586326599	11.1777429581	0.0
35.7848739624	11.1632080078	0.0
35.8111190796	11.1486730576	0.0
35.8373641968	11.1341381073	0.0
35.8636054993	11.119603157	0.0
35.8898506165	11.1050682068	0.0
35.9160957336	11.0905332565	0.0
35.9423370361	11.0759983063	0.0
35.9685821533	11.061463356	0.0
35.9948234558	11.0469274521	0.0
36.021068573	11.0323915482	0.0
36.0473136902	11.0178565979	0.0
36.0735549927	11.0033216476	0.0
36.0998001099	10.9887866974	0.0
36.1260414124	10.9742517471	0.0
36.1522865295	10.9597167969	0.0
36.1785316467	10.9451818466	0.0
36.2047767639	10.9306468964	0.0
36.2310180664	10.9161119461	0.0
36.2572631836	10.9015769958	0.0
36.2835044861	10.8870420456	0.0
36.3097496033	10.8725070953	0.0
36.3359947205	10.8579721451	0.0
36.3622360229	10.8434371948	0.0
36.3884811401	10.8289012909	0.0
36.4230384827	10.790927887	0.0
36.4369850159	10.7643680573	0.0
36.4509353638	10.7378072739	0.0
36.464881897	10.7112474442	0.0
36.4788322449	10.6846866608	0.0
36.4927787781	10.6581268311	0.0
36.506729126	10.6315670013	0.0
36.5206756592	10.6050071716	0.0
36.5346260071	10.5784473419	0.0
36.5485725403	10.5518865585	0.0
36.5625228882	10.5253267288	0.0
36.5764694214	10.4987668991	0.0
36.5904197693	10.4722070694	0.0
36.6043663025	10.4456472397	0.0
36.6183166504	10.41908741	0.0
36.6322669983	10.3925266266	0.0
36.6462135315	10.3659667969	0.0
36.6601638794	10.3394060135	0.0
36.6741104126	10.3128461838	0.0
36.6880607605	10.2862863541	0.0
36.7020072937	10.2597255707	0.0
36.7159576416	10.233165741	0.0
36.7299041748	10.2066059113	0.0
36.7438545227	10.1800460815	0.0
36.7578048706	10.1534862518	0.0
36.7717514038	10.1269264221	0.0
36.7857017517	10.1003656387	0.0
36.7996482849	10.073805809	0.0
36.8135986328	10.0472459793	0.0
36.827545166	10.0206861496	0.0
36.8414955139	9.99412631989	0.0
36.8554420471	9.96756458282	0.0
36.869392395	9.94100475311	0.0
36.8741111755	9.91012954712	0.0
36.8782196045	9.88041305542	0.0
36.8823318481	9.85069561005	0.0
36.8864402771	9.82097911835	0.0
36.8905525208	9.79126167297	0.0
36.8946609497	9.76154518127	0.0
36.8987731934	9.7318277359	0.0
36.9028816223	9.7021112442	0.0
36.906993866	9.67239379883	0.0
36.9111022949	9.64267730713	0.0
36.9152145386	9.61295986176	0.0
36.9193267822	9.58324337006	0.0
36.9234352112	9.55352497101	0.0
36.9275474548	9.52380752563	0.0
36.9316558838	9.49409103394	0.0
36.9357681274	9.46437358856	0.0
36.9398765564	9.43465709686	0.0
36.9439888	9.40493965149	0.0
36.948097229	9.37522315979	0.0
36.9522094727	9.34550571442	0.0
36.9563217163	9.31578922272	0.0
36.9604301453	9.28607177734	0.0
36.9645423889	9.25635528564	0.0
36.9686508179	9.22663784027	0.0
36.9727630615	9.19692134857	0.0
36.9768714905	9.1672039032	0.0
36.9809837341	9.1374874115	0.0
36.9850921631	9.10776996613	0.0
36.9892044067	9.07805156708	0.0
36.9933128357	9.04833507538	0.0
36.9974250793	9.01861763	0.0
36.8972244263	9.95244503021	0.0
36.9244537354	9.96504306793	0.0
36.9516792297	9.97764110565	0.0
36.9789047241	9.99024009705	0.0
36.43775177	10.8263406754	0.0
36.4664154053	10.835193634	0.0
36.4950790405	10.8440475464	0.0
36.5237426758	10.8529014587	0.0
36.552406311	10.8617544174	0.0
36.581073761	10.8706073761	0.0
36.6097373962	10.8794612885	0.0
36.6384010315	10.8883142471	0.0
36.6670646667	10.8971672058	0.0
36.695728302	10.9060211182	0.0
36.7243919373	10.9148740768	0.0
36.7530555725	10.9237270355	0.0
36.7817192078	10.9325809479	0.0
36.810382843	10.9414339066	0.0
36.8390464783	10.9502868652	0.0
36.8677101135	10.9591398239	0.0
36.8963737488	10.9679937363	0.0
36.925037384	10.9768466949	0.0
36.953704834	10.9856996536	0.0
36.9823646545	10.994553566	0.0
35.0474281311	11.5403051376	0.0
35.0448036194	11.5104198456	0.0
35.0421829224	11.4805345535	0.0
35.0395584106	11.4506502151	0.0
35.0369338989	11.4207639694	0.0
35.0343132019	11.3908786774	0.0
35.0316886902	11.360994339	0.0
35.0290641785	11.3311090469	0.0
35.0264434814	11.3012237549	0.0
35.0238189697	11.2713394165	0.0
35.021194458	11.2414541245	0.0
35.018573761	11.2115688324	0.0
35.0159492493	11.1816835403	0.0
35.0133247375	11.151799202	0.0
35.0107002258	11.1219139099	0.0
35.0080795288	11.0920286179	0.0
35.0054550171	11.0621442795	0.0
35.0028305054	11.0322580338	0.0
35.0002098083	11.0023727417	0.0
34.7326393127	12.8762750626	0.0
34.7598648071	12.888874054	0.0
34.7870903015	12.9014730453	0.0
34.8143157959	12.9140720367	0.0
34.8415412903	12.9266719818	0.0
34.8687667847	12.9392709732	0.0
34.8959960938	12.9518699646	0.0
34.9232215881	12.964468956	0.0
34.9504470825	12.9770679474	0.0
34.9776725769	12.9896678925	0.0
35.5292053223	13.8377065659	0.0
35.5439033508	13.8115539551	0.0
35.5586013794	13.785402298	0.0
35.573299408	13.7592487335	0.0
35.5879974365	13.7330961227	0.0
35.6026954651	13.7069425583	0.0
35.6173934937	13.6807909012	0.0
35.6320915222	13.6546382904	0.0
35.6467895508	13.628484726	0.0
35.6614875793	13.6023321152	0.0
35.6761856079	13.5761785507	0.0
35.6908836365	13.5500268936	0.0
35.705581665	13.5238742828	0.0
35.7202796936	13.4977207184	0.0
35.7349777222	13.4715681076	0.0
35.7496757507	13.4454145432	0.0
35.7643737793	13.419262886	0.0
35.7790718079	13.3931102753	0.0
35.7937698364	13.3669567108	0.0
35.808467865	13.3408041	0.0
35.8231658936	13.3146524429	0.0
35.8378601074	13.2884988785	0.0
35.852558136	13.2623462677	0.0
35.8672561646	13.2361927032	0.0
35.8819541931	13.2100400925	0.0
35.8966522217	13.1838884354	0.0
35.9113502502	13.1577348709	0.0
35.9260482788	13.1315822601	0.0
35.9407463074	13.1054286957	0.0
35.9554443359	13.0792760849	0.0
35.9701423645	13.0531244278	0.0
35.9848403931	13.0269708633	0.0
35.9995384216	13.0008182526	0.0
35.8836746216	14.2482595444	0.0
35.9131126404	14.2424783707	0.0
35.9425506592	14.2366962433	0.0
35.9719848633	14.2309141159	0.0
36.0014228821	14.2251319885	0.0
36.0308609009	14.2193498611	0.0
36.0602989197	14.2135677338	0.0
36.1075057983	14.2283735275	0.0
36.1302032471	14.2479953766	0.0
36.1528968811	14.2676153183	0.0
36.1755905151	14.2872362137	0.0
36.1982841492	14.3068571091	0.0
36.2209777832	14.3264780045	0.0
36.2436714172	14.3460988998	0.0
36.2663650513	14.3657188416	0.0
36.2890625	14.3853397369	0.0
36.311756134	14.4049606323	0.0
36.3344497681	14.4245815277	0.0
36.3571434021	14.4442033768	0.0
36.3798370361	14.4638233185	0.0
36.4025306702	14.4834442139	0.0
36.4252243042	14.5030651093	0.0
36.4479217529	14.5226860046	0.0
36.470615387	14.5423059464	0.0
36.493309021	14.5619268417	0.0
36.516002655	14.5815477371	0.0
36.5386962891	14.6011686325	0.0
36.5613899231	14.6207895279	0.0
36.5840835571	14.6404104233	0.0
36.6067771912	14.6600313187	0.0
36.6294746399	14.6796522141	0.0
36.6521682739	14.6992731094	0.0
36.674861908	14.7188930511	0.0
36.697555542	14.7385139465	0.0
36.720249176	14.7581348419	0.0
36.7429428101	14.7777557373	0.0
36.7656364441	14.7973766327	0.0
36.7883338928	14.8169965744	0.0
36.8110275269	14.8366184235	0.0
36.8337211609	14.8562393188	0.0
36.8564147949	14.8758602142	0.0
36.879108429	14.8954811096	0.0
36.901802063	14.9151010513	0.0
36.924495697	14.9347219467	0.0
36.9471893311	14.9543428421	0.0
36.9698867798	14.9739637375	0.0
36.9925804138	14.9935836792	0.0
36.0735206604	14.1809587479	0.0
36.0622291565	14.1531658173	0.0
36.0509376526	14.125371933	0.0
36.0396461487	14.0975780487	0.0
36.0283508301	14.0697851181	0.0
36.0170593262	14.0419912338	0.0
36.0057678223	14.0141973495	0.0
38.2060432434	16.9997367859	0.0
38.1797370911	17.0141563416	0.0
38.153427124	17.0285739899	0.0
38.1271209717	17.0429935455	0.0
38.1008110046	17.0574111938	0.0
38.0745048523	17.0718288422	0.0
38.0481948853	17.0862483978	0.0
38.0218887329	17.1006660461	0.0
37.9706268311	17.1226940155	0.0
37.9421806335	17.1322193146	0.0
37.9137306213	17.1417446136	0.0
37.8852844238	17.1512699127	0.0
37.8568382263	17.1607933044	0.0
37.8283882141	17.1703186035	0.0
37.7999420166	17.1798439026	0.0
37.7714958191	17.1893692017	0.0
37.7430458069	17.1988945007	0.0
37.7145996094	17.2084197998	0.0
37.6861495972	17.2179431915	0.0
37.6577033997	17.2274684906	0.0
37.6292533875	17.2369937897	0.0
37.6008071899	17.2465190887	0.0
37.5723571777	17.2560443878	0.0
37.5439109802	17.2655696869	0.0
37.5154647827	17.275094986	0.0
37.4740486145	17.2725296021	0.0
37.4447937012	17.2658901215	0.0
37.4155349731	17.2592544556	0.0
37.3862800598	17.2526168823	0.0
37.3570213318	17.2459793091	0.0
37.3277664185	17.2393436432	0.0
37.2985076904	17.2327060699	0.0
37.2692527771	17.2260684967	0.0
37.2399978638	17.2194328308	0.0
37.203037262	17.2125301361	0.0
37.1734924316	17.2073116302	0.0
37.143951416	17.202091217	0.0
37.1144065857	17.1968727112	0.0
37.0848655701	17.1916542053	0.0
37.0553245544	17.1864356995	0.0
37.0257797241	17.1812152863	0.0
36.9962387085	17.1759967804	0.0
36.9666938782	17.1707782745	0.0
36.9371528625	17.1655597687	0.0
36.9076118469	17.1603393555	0.0
36.8780670166	17.1551208496	0.0
36.848526001	17.1499023438	0.0
36.8189811707	17.1446838379	0.0
36.789440155	17.1394634247	0.0
36.7598991394	17.1342449188	0.0
36.7303543091	17.129026413	0.0
36.7008132935	17.1238079071	0.0
36.6712684631	17.1185874939	0.0
36.6417274475	17.113368988	0.0
36.6121864319	17.1081485748	0.0
36.5826416016	17.102930069	0.0
36.5531005859	17.0977115631	0.0
36.5235557556	17.0924911499	0.0
36.49401474	17.087272644	0.0
36.4644737244	17.0820541382	0.0
36.434928894	17.0768356323	0.0
36.4053878784	17.0716152191	0.0
36.3758468628	17.0663967133	0.0
36.3463020325	17.0611782074	0.0
36.3167610168	17.0559597015	0.0
36.2872161865	17.0507392883	0.0
36.2576751709	17.0455207825	0.0
36.2281303406	17.0403022766	0.0
36.198589325	17.0350837708	0.0
36.1690483093	17.0298633575	0.0
36.139503479	17.0246448517	0.0
36.1099624634	17.0194263458	0.0
36.0804176331	17.01420784	0.0
36.0508766174	17.0089874268	0.0
36.0213356018	17.0037689209	0.0
37.2106781006	17.1972465515	0.0
37.1887779236	17.1767425537	0.0
37.1668777466	17.1562385559	0.0
37.1449775696	17.1357345581	0.0
37.1230773926	17.1152305603	0.0
37.1011772156	17.0947284698	0.0
37.0792808533	17.074224472	0.0
37.0573806763	17.0537204742	0.0
37.0354804993	17.0332164764	0.0
37.0135803223	17.012714386	0.0
37.479763031	17.2977581024	0.0
37.4562187195	17.3163528442	0.0
37.4326782227	17.3349475861	0.0
37.4091339111	17.3535404205	0.0
37.3855895996	17.3721351624	0.0
37.3620491028	17.3907299042	0.0
37.3385047913	17.4093227386	0.0
37.3149604797	17.4279174805	0.0
37.2914199829	17.4465103149	0.0
37.2678756714	17.4651050568	0.0
37.2443351746	17.4836978912	0.0
37.220790863	17.5022926331	0.0
37.1972465515	17.5208854675	0.0
37.1737060547	17.5394802094	0.0
37.1501617432	17.5580749512	0.0
37.1266174316	17.5766677856	0.0
37.1030769348	17.5952625275	0.0
37.0795326233	17.6138553619	0.0
37.0376739502	17.6345348358	0.0
37.0093765259	17.6445007324	0.0
36.9810791016	17.654466629	0.0
36.9527854919	17.6644325256	0.0
36.9244880676	17.6743984222	0.0
36.8961906433	17.6843624115	0.0
36.8678970337	17.6943283081	0.0
36.8395996094	17.7042942047	0.0
36.8113021851	17.7142601013	0.0
36.7830085754	17.7242279053	0.0
36.7547111511	17.7341938019	0.0
36.7264137268	17.7441596985	0.0
36.6981163025	17.7541255951	0.0
36.6698226929	17.7640895844	0.0
36.6415252686	17.774055481	0.0
36.6132278442	17.7840213776	0.0
36.5849342346	17.7939872742	0.0
36.5566368103	17.8039531708	0.0
36.528339386	17.8139190674	0.0
36.5000457764	17.8238868713	0.0
36.4717483521	17.8338527679	0.0
36.4434509277	17.8438186646	0.0
36.4151535034	17.8537826538	0.0
36.3868598938	17.8637485504	0.0
36.3585624695	17.873714447	0.0
36.3302650452	17.8836803436	0.0
36.3019714355	17.8936462402	0.0
36.2736740112	17.9036121368	0.0
36.2453765869	17.9135799408	0.0
36.2170791626	17.9235458374	0.0
36.188785553	17.933511734	0.0
36.1604881287	17.9434757233	0.0
36.1321907043	17.9534416199	0.0
36.1038970947	17.9634075165	0.0
36.0755996704	17.9733734131	0.0
36.0473022461	17.9833393097	0.0
36.0190086365	17.9933052063	0.0
37.0607795715	17.6541156769	0.0
37.0555877686	17.6836624146	0.0
37.0503921509	17.7132091522	0.0
37.0452003479	17.7427577972	0.0
37.0400085449	17.7723045349	0.0
37.0348167419	17.8018512726	0.0
37.029624939	17.8313999176	0.0
37.024433136	17.8609466553	0.0
37.019241333	17.8904933929	0.0
37.01404953	17.9200401306	0.0
37.0088577271	17.9495887756	0.0
37.0036659241	17.9791355133	0.0
37.979675293	17.0902862549	0.0
37.9602775574	17.067401886	0.0
37.9408760071	17.0445194244	0.0
37.9214744568	17.0216350555	0.0
37.9020767212	16.998752594	0.0
37.8826751709	16.9758701324	0.0
37.8632774353	16.9529857635	0.0
37.843875885	16.930103302	0.0
37.8244743347	16.9072208405	0.0
37.8050765991	16.8843364716	0.0
37.7856750488	16.8614521027	0.0
37.7662773132	16.8385696411	0.0
37.7468757629	16.8156871796	0.0
37.7274742126	16.792804718	0.0
37.7080764771	16.7699203491	0.0
37.6886749268	16.7470378876	0.0
37.6692771912	16.7241535187	0.0
37.6498756409	16.7012710571	0.0
37.6304779053	16.6783885956	0.0
37.611076355	16.6555042267	0.0
37.5916786194	16.6326217651	0.0
37.5591697693	16.5965881348	0.0
37.5386543274	16.5746994019	0.0
37.5181388855	16.5528125763	0.0
37.4976234436	16.5309238434	0.0
37.4771080017	16.5090351105	0.0
37.4565925598	16.4871463776	0.0
37.4360771179	16.4652576447	0.0
37.415561676	16.4433689117	0.0
37.3950462341	16.4214801788	0.0
37.3745307922	16.3995914459	0.0
37.3540115356	16.3777046204	0.0
37.3334960938	16.3558158875	0.0
37.3129806519	16.3339252472	0.0
37.29246521	16.3120384216	0.0
37.2719497681	16.2901496887	0.0
37.2514343262	16.2682609558	0.0
37.2309188843	16.2463722229	0.0
37.2104034424	16.22448349	0.0
37.1898880005	16.2025947571	0.0
37.1693725586	16.1807079315	0.0
37.1488571167	16.1588172913	0.0
37.1283416748	16.1369304657	0.0
37.1078262329	16.1150417328	0.0
37.087310791	16.0931529999	0.0
37.0667953491	16.071264267	0.0
37.0462799072	16.0493755341	0.0
37.0257644653	16.0274868011	0.0
37.0052452087	16.0055980682	0.0
37.6018981934	16.6386413574	0.0
37.6241111755	16.6588039398	0.0
37.6463241577	16.6789665222	0.0
37.6685409546	16.699131012	0.0
37.6907539368	16.7192935944	0.0
37.7129669189	16.7394580841	0.0
37.7351799011	16.7596206665	0.0
37.7573928833	16.7797832489	0.0
37.7796058655	16.7999477386	0.0
37.8018226624	16.820110321	0.0
37.8240356445	16.8402748108	0.0
37.8462486267	16.8604373932	0.0
37.8684616089	16.8806018829	0.0
37.8906745911	16.9007644653	0.0
37.9128875732	16.9209270477	0.0
37.9351005554	16.9410915375	0.0
37.9573135376	16.9612541199	0.0
37.9795265198	16.9814186096	0.0
38.8713226318	17.492937088	0.0
38.8788986206	17.4639091492	0.0
38.8864784241	17.4348812103	0.0
38.8940544128	17.4058551788	0.0
38.9016304016	17.37682724	0.0
38.9092102051	17.3477993011	0.0
38.9167861938	17.3187732697	0.0
38.9243621826	17.2897453308	0.0
38.9319419861	17.260717392	0.0
38.9395179749	17.2316913605	0.0
38.9470977783	17.2026634216	0.0
38.9546737671	17.1736354828	0.0
38.9622497559	17.1446094513	0.0
38.9698295593	17.1155815125	0.0
38.9774055481	17.0865535736	0.0
38.9849815369	17.0575275421	0.0
38.9925613403	17.0284996033	0.0
40.0458335876	18.6328525543	0.0
40.0436668396	18.602930069	0.0
40.0415000916	18.573009491	0.0
40.0393333435	18.5430870056	0.0
40.0371665955	18.5131664276	0.0
40.0349998474	18.4832439423	0.0
40.0328292847	18.4533214569	0.0
40.0306625366	18.4234008789	0.0
40.0284957886	18.3934783936	0.0
40.0263290405	18.3635578156	0.0
40.0241622925	18.3336353302	0.0
40.0218315125	18.3014640808	0.0
40.0196647644	18.2715435028	0.0
40.0174980164	18.2416229248	0.0
40.0153312683	18.2117004395	0.0
40.0131645203	18.1817798615	0.0
40.0109977722	18.1518573761	0.0
40.0088310242	18.1219367981	0.0
40.0066642761	18.0920143127	0.0
40.0044975281	18.0620918274	0.0
40.00233078	18.0321712494	0.0
40.000164032	18.002248764	0.0
40.0234603882	18.3013916016	0.0
40.0229187012	18.271396637	0.0
40.0223770142	18.2414016724	0.0
40.0218391418	18.2114067078	0.0
40.0212974548	18.1814117432	0.0
40.0207557678	18.1514167786	0.0
40.0202140808	18.121421814	0.0
40.0196762085	18.0914268494	0.0
40.0191345215	18.0614318848	0.0
40.0185928345	18.0314369202	0.0
40.0180511475	18.0014400482	0.0
40.0175132751	17.9714450836	0.0
40.0169715881	17.941450119	0.0
40.0164299011	17.9114551544	0.0
40.0158882141	17.8814601898	0.0
40.0153503418	17.8514652252	0.0
40.0148086548	17.8214702606	0.0
40.0142669678	17.791475296	0.0
40.0137252808	17.7614803314	0.0
40.0131874084	17.7314834595	0.0
40.0126457214	17.7014884949	0.0
40.0121040344	17.6714935303	0.0
40.0115623474	17.6414985657	0.0
40.0110244751	17.6115036011	0.0
40.0104827881	17.5815086365	0.0
40.0099411011	17.5515136719	0.0
40.0093994141	17.5215187073	0.0
40.0088615417	17.4915237427	0.0
40.0083198547	17.4615287781	0.0
40.0077781677	17.4315338135	0.0
40.0072364807	17.4015388489	0.0
40.0066986084	17.3715438843	0.0
40.0061569214	17.3415489197	0.0
40.0056152344	17.3115520477	0.0
40.0050773621	17.2815570831	0.0
40.004535675	17.2515621185	0.0
40.003993988	17.2215671539	0.0
40.003452301	17.1915721893	0.0
40.0029144287	17.1615772247	0.0
40.0023727417	17.1315822601	0.0
40.0018310547	17.1015872955	0.0
40.0012893677	17.0715923309	0.0
40.0007514954	17.0415973663	0.0
40.0002098083	17.0116004944	0.0
40.612953186	19.245885849	0.0
40.5857772827	19.2585906982	0.0
40.5585975647	19.2712974548	0.0
40.5314216614	19.2840023041	0.0
40.5042457581	19.2967090607	0.0
40.4770698547	19.3094158173	0.0
40.4498939514	19.3221206665	0.0
40.4227180481	19.3348274231	0.0
40.3955421448	19.3475322723	0.0
40.3683624268	19.3602390289	0.0
40.3411865234	19.3729457855	0.0
40.3140106201	19.3856506348	0.0
40.2868347168	19.3983573914	0.0
40.2596588135	19.4110622406	0.0
40.2324829102	19.4237689972	0.0
40.2053070068	19.4364757538	0.0
40.1781272888	19.449180603	0.0
40.1509513855	19.4618873596	0.0
40.1237754822	19.4745922089	0.0
40.0965995789	19.4872989655	0.0
40.0694236755	19.500005722	0.0
40.0422477722	19.5127105713	0.0
40.0150718689	19.5254173279	0.0
39.9878921509	19.5381221771	0.0
39.9607162476	19.5508289337	0.0
39.9335403442	19.5635356903	0.0
39.9063644409	19.5762405396	0.0
39.8791885376	19.5889472961	0.0
39.8520126343	19.6016521454	0.0
39.824836731	19.614358902	0.0
39.7976608276	19.6270656586	0.0
39.7704811096	19.6397705078	0.0
39.7433052063	19.6524772644	0.0
39.716129303	19.6651821136	0.0
39.6889533997	19.6778888702	0.0
39.6617774963	19.6905956268	0.0
39.634601593	19.7033004761	0.0
39.6074256897	19.7160072327	0.0
39.5802497864	19.7287120819	0.0
39.5530738831	19.7414188385	0.0
39.525894165	19.7541236877	0.0
39.4987182617	19.7668304443	0.0
39.4715423584	19.7795352936	0.0
39.4443664551	19.7922420502	0.0
39.4171905518	19.8049488068	0.0
39.3900146484	19.817653656	0.0
39.3628387451	19.8303604126	0.0
39.3356590271	19.8430652618	0.0
39.3084831238	19.8557720184	0.0
39.2813072205	19.868478775	0.0
39.2541313171	19.8811836243	0.0
39.2269554138	19.8938903809	0.0
39.1997795105	19.9065952301	0.0
39.1726036072	19.9193019867	0.0
39.1454238892	19.9320087433	0.0
39.1182479858	19.9447135925	0.0
39.0910720825	19.9574203491	0.0
39.0638961792	19.9701251984	0.0
39.0367202759	19.982831955	0.0
39.0095443726	19.9955387115	0.0
40.9095153809	19.5321044922	0.0
40.8828392029	19.5458297729	0.0
40.8561592102	19.5595531464	0.0
40.8294868469	19.5732765198	0.0
40.8028068542	19.5869998932	0.0
40.7761306763	19.6007232666	0.0
40.7494544983	19.6144485474	0.0
40.7227783203	19.6281719208	0.0
40.6960983276	19.6418952942	0.0
40.6694221497	19.6556186676	0.0
40.6427459717	19.6693439484	0.0
40.6160697937	19.6830673218	0.0
40.5893936157	19.6967906952	0.0
40.562713623	19.7105140686	0.0
40.5360374451	19.724237442	0.0
40.5093612671	19.7379627228	0.0
40.4826850891	19.7516860962	0.0
40.4560089111	19.7654094696	0.0
40.4293327332	19.779132843	0.0
40.4026527405	19.7928562164	0.0
40.3759765625	19.8065814972	0.0
40.3493003845	19.8203048706	0.0
40.3226242065	19.834028244	0.0
40.2959442139	19.8477516174	0.0
40.2692680359	19.8614768982	0.0
40.2425918579	19.8752002716	0.0
40.2159156799	19.888923645	0.0
40.189239502	19.9026470184	0.0
40.162563324	19.9163703918	0.0
40.1358833313	19.9300956726	0.0
40.1092071533	19.943819046	0.0
40.0825309753	19.9575424194	0.0
40.0558547974	19.9712657928	0.0
40.0291786194	19.9849891663	0.0
40.0024986267	19.998714447	0.0
41.5595016479	20.4087429047	0.0
41.5296478271	20.4117221832	0.0
41.499797821	20.4147014618	0.0
41.4699478149	20.4176826477	0.0
41.4400939941	20.4206638336	0.0
41.410243988	20.4236431122	0.0
41.3803901672	20.4266223907	0.0
41.3505401611	20.4296035767	0.0
41.3206863403	20.4325847626	0.0
41.2908363342	20.4355640411	0.0
41.2609863281	20.4385452271	0.0
41.2184295654	20.4298038483	0.0
41.1902084351	20.4196300507	0.0
41.16198349	20.4094581604	0.0
41.1337623596	20.3992862701	0.0
41.1055374146	20.3891143799	0.0
41.06407547	20.398349762	0.0
41.0379638672	20.4131145477	0.0
41.0118484497	20.4278793335	0.0
40.9857330322	20.4426460266	0.0
40.9596176147	20.4574127197	0.0
40.9335021973	20.4721775055	0.0
40.9073905945	20.4869422913	0.0
40.881275177	20.5017089844	0.0
40.8551597595	20.5164756775	0.0
40.829044342	20.5312404633	0.0
40.8029289246	20.546005249	0.0
40.7768173218	20.5607719421	0.0
40.7507019043	20.5755386353	0.0
40.7245864868	20.590303421	0.0
40.6984710693	20.6050682068	0.0
40.6723556519	20.6198348999	0.0
40.6462440491	20.634601593	0.0
40.6201286316	20.6493663788	0.0
40.5940132141	20.6641311646	0.0
40.5678977966	20.6788978577	0.0
40.5417823792	20.6936645508	0.0
40.5156707764	20.7084293365	0.0
40.4895553589	20.7231941223	0.0
40.4634399414	20.7379608154	0.0
40.4373245239	20.7527275085	0.0
40.4112091064	20.7674922943	0.0
40.3850975037	20.7822570801	0.0
40.3589820862	20.7970237732	0.0
40.3328666687	20.8117904663	0.0
40.3067512512	20.8265552521	0.0
40.2806396484	20.8413219452	0.0
40.254524231	20.856086731	0.0
40.2284088135	20.8708534241	0.0
40.202293396	20.8856182098	0.0
40.1761817932	20.900384903	0.0
40.1500663757	20.9151496887	0.0
40.1239509583	20.9299163818	0.0
40.0978355408	20.9446811676	0.0
40.0717201233	20.9594478607	0.0
40.0456085205	20.9742126465	0.0
40.019493103	20.9889793396	0.0
41.0833244324	20.3543796539	0.0
41.0764579773	20.325176239	0.0
41.0695915222	20.2959728241	0.0
41.0627250671	20.2667694092	0.0
41.0558586121	20.2375640869	0.0
41.048992157	20.208360672	0.0
41.0421257019	20.1791572571	0.0
41.0352592468	20.1499538422	0.0
41.0283927917	20.1207504272	0.0
41.0215263367	20.0915470123	0.0
41.0146598816	20.0623435974	0.0
41.0077934265	20.0331401825	0.0
41.0009269714	20.0039367676	0.0
41.2211151123	20.4557170868	0.0
41.1955795288	20.4714603424	0.0
41.1700401306	20.487203598	0.0
41.1445045471	20.5029468536	0.0
41.1189651489	20.5186901093	0.0
41.0934295654	20.5344333649	0.0
41.0678901672	20.5501766205	0.0
41.0423545837	20.5659198761	0.0
41.0168151855	20.5816612244	0.0
40.9912796021	20.59740448	0.0
40.9657402039	20.6131477356	0.0
40.9402046204	20.6288909912	0.0
40.9146652222	20.6446342468	0.0
40.8891296387	20.6603775024	0.0
40.8635902405	20.6761207581	0.0
40.838054657	20.6918621063	0.0
40.8125152588	20.7076053619	0.0
40.7869796753	20.7233486176	0.0
40.7614402771	20.7390918732	0.0
40.7359046936	20.7548332214	0.0
40.7103691101	20.7705764771	0.0
40.6848297119	20.7863197327	0.0
40.6592941284	20.8020629883	0.0
40.6337547302	20.8178062439	0.0
40.6082191467	20.8335494995	0.0
40.5826797485	20.8492927551	0.0
40.557144165	20.8650341034	0.0
40.5316047668	20.880777359	0.0
40.5060691833	20.8965206146	0.0
40.4805297852	20.9122638702	0.0
40.4549942017	20.9280071259	0.0
40.4294548035	20.9437503815	0.0
40.40391922	20.9594936371	0.0
40.3783798218	20.9752368927	0.0
40.3528442383	20.990978241	0.0
40.3273048401	21.0067214966	0.0
40.3017692566	21.0224647522	0.0
40.2762336731	21.0382080078	0.0
40.2506942749	21.0539512634	0.0
40.2251586914	21.069694519	0.0
40.1996192932	21.0854358673	0.0
40.1513557434	21.1012363434	0.0
40.121673584	21.1055812836	0.0
40.0919876099	21.1099262238	0.0
40.0623054504	21.1142730713	0.0
40.0326194763	21.1186180115	0.0
40.0029373169	21.1229629517	0.0
39.9732513428	21.1273097992	0.0
39.9435691833	21.1316547394	0.0
39.9138870239	21.1359996796	0.0
39.8842048645	21.1403446198	0.0
39.8545188904	21.1446914673	0.0
39.824836731	21.1490364075	0.0
39.7951507568	21.1533813477	0.0
39.7654685974	21.1577262878	0.0
39.735786438	21.1620731354	0.0
39.7061004639	21.1664180756	0.0
39.6755828857	21.1848087311	0.0
39.6512107849	21.202299118	0.0
39.6268386841	21.2197914124	0.0
39.6024665833	21.2372837067	0.0
39.5780906677	21.2547740936	0.0
39.5537185669	21.2722663879	0.0
39.5293464661	21.2897586823	0.0
39.5049705505	21.3072490692	0.0
39.4805984497	21.3247413635	0.0
39.4562263489	21.3422317505	0.0
39.431854248	21.3597240448	0.0
39.3842697144	21.365398407	0.0
39.3552627563	21.3577423096	0.0
39.3262557983	21.3500843048	0.0
39.297252655	21.3424282074	0.0
39.268245697	21.33477211	0.0
39.239238739	21.3271141052	0.0
39.210231781	21.3194599152	0.0
39.181224823	21.3118019104	0.0
39.152217865	21.304145813	0.0
39.123210907	21.2964897156	0.0
39.094203949	21.2888317108	0.0
39.0652008057	21.2811756134	0.0
39.0361938477	21.2735176086	0.0
39.0071868896	21.2658615112	0.0
38.9781799316	21.2582054138	0.0
38.9491729736	21.2505474091	0.0
38.9201660156	21.2428913116	0.0
38.8911590576	21.2352352142	0.0
38.8621520996	21.2275772095	0.0
38.8331451416	21.2199211121	0.0
38.8041419983	21.2122650146	0.0
38.7751350403	21.2046089172	0.0
38.7461280823	21.1969528198	0.0
38.7171211243	21.1892948151	0.0
38.6881141663	21.1816387177	0.0
38.6591072083	21.1739807129	0.0
38.6301002502	21.1663246155	0.0
38.6010971069	21.1586685181	0.0
38.5720901489	21.1510105133	0.0
38.5430831909	21.1433544159	0.0
38.5140762329	21.1356983185	0.0
38.4850692749	21.1280403137	0.0
38.4560623169	21.1203842163	0.0
38.4270553589	21.1127281189	0.0
38.3980484009	21.1050701141	0.0
38.3690452576	21.0974159241	0.0
38.3400382996	21.0897579193	0.0
38.3110313416	21.0821018219	0.0
38.2820243835	21.0744457245	0.0
38.2530174255	21.0667877197	0.0
38.2240104675	21.0591316223	0.0
38.1950035095	21.0514736176	0.0
38.1660003662	21.0438175201	0.0
38.1369934082	21.0361614227	0.0
38.1079864502	21.028503418	0.0
38.0789794922	21.0208473206	0.0
38.0499725342	21.0131912231	0.0
38.0209655762	21.0055332184	0.0
39.3889045715	21.3905467987	0.0
39.364528656	21.4080371857	0.0
39.3401565552	21.42552948	0.0
39.3157844543	21.4430217743	0.0
39.2914123535	21.4605121613	0.0
39.267036438	21.4780044556	0.0
39.2426643372	21.4954967499	0.0
39.2182922363	21.5129871368	0.0
39.1939201355	21.5304794312	0.0
39.16954422	21.5479698181	0.0
39.1451721191	21.5654621124	0.0
39.1179618835	21.6075248718	0.0
39.1093254089	21.6362533569	0.0
39.100692749	21.6649837494	0.0
39.0920562744	21.6937141418	0.0
39.0834197998	21.7224445343	0.0
39.0747871399	21.7511768341	0.0
39.0661506653	21.7799053192	0.0
39.0575141907	21.8086357117	0.0
39.0493392944	21.8614883423	0.0
39.0480422974	21.8914604187	0.0
39.0467414856	21.9214324951	0.0
39.0454444885	21.9514045715	0.0
39.0441436768	21.9813766479	0.0
39.0428466797	22.0113487244	0.0
39.0415458679	22.0413208008	0.0
39.0402488708	22.0712928772	0.0
39.0389480591	22.1012649536	0.0
39.037651062	22.1312351227	0.0
39.0363502502	22.1612071991	0.0
39.0350532532	22.1911792755	0.0
39.0337524414	22.2211513519	0.0
39.0324554443	22.2511234283	0.0
39.0311546326	22.2810955048	0.0
39.0298576355	22.3110675812	0.0
39.0285568237	22.3410396576	0.0
39.0272598267	22.371011734	0.0
39.0259590149	22.4009838104	0.0
39.0246620178	22.4309558868	0.0
39.0233612061	22.4609260559	0.0
39.022064209	22.4908981323	0.0
39.0207633972	22.5208702087	0.0
39.0194664001	22.5508422852	0.0
39.0181655884	22.5808143616	0.0
39.0168685913	22.610786438	0.0
39.0155677795	22.6407585144	0.0
39.0142707825	22.6707305908	0.0
39.0129699707	22.7007007599	0.0
39.0116729736	22.7306728363	0.0
39.0103721619	22.7606449127	0.0
39.0090751648	22.7906169891	0.0
39.007774353	22.8205890656	0.0
39.006477356	22.850561142	0.0
39.0051765442	22.8805332184	0.0
39.0038795471	22.9105052948	0.0
39.0025787354	22.9404754639	0.0
39.0012817383	22.9704475403	0.0
39.0420036316	21.8602485657	0.0
39.033367157	21.8889770508	0.0
39.0247344971	21.9177074432	0.0
39.0160980225	21.946439743	0.0
39.0074615479	21.9751682281	0.0
39.1000022888	21.5926799774	0.0
39.0734100342	21.6065654755	0.0
39.0468177795	21.6204528809	0.0
39.0202255249	21.6343402863	0.0
38.9936332703	21.6482257843	0.0
38.9670410156	21.6621131897	0.0
38.940448761	21.6759986877	0.0
38.9138565063	21.6898860931	0.0
38.8872642517	21.7037715912	0.0
38.8606719971	21.7176589966	0.0
38.8340797424	21.731546402	0.0
38.8074874878	21.7454319	0.0
38.7808914185	21.7593193054	0.0
38.7542991638	21.7732048035	0.0
38.7277069092	21.7870922089	0.0
38.7011146545	21.8009777069	0.0
38.6745223999	21.8148651123	0.0
38.6479301453	21.8287506104	0.0
38.6213378906	21.8426380157	0.0
38.594745636	21.8565254211	0.0
38.5681533813	21.8704109192	0.0
38.5415611267	21.8842983246	0.0
38.5149688721	21.8981838226	0.0
38.4883766174	21.912071228	0.0
38.4617843628	21.9259567261	0.0
38.4351882935	21.9398441315	0.0
38.4085998535	21.9537315369	0.0
38.3820037842	21.9676170349	0.0
38.3554115295	21.9815044403	0.0
38.3288192749	21.9953899384	0.0
38.3022270203	22.0092773438	0.0
38.2756347656	22.0231628418	0.0
38.249042511	22.0370502472	0.0
38.2095184326	22.041015625	0.0
38.1795349121	22.0399990082	0.0
38.1495513916	22.0389823914	0.0
38.1195678711	22.0379657745	0.0
38.0895843506	22.0369491577	0.0
38.0596046448	22.0359325409	0.0
38.0296211243	22.0349159241	0.0
37.9996376038	22.0338993073	0.0
37.9696540833	22.0328826904	0.0
37.9396743774	22.0318641663	0.0
37.9096908569	22.0308494568	0.0
37.8797073364	22.02983284	0.0
37.8497238159	22.0288143158	0.0
37.8197402954	22.027797699	0.0
37.7897605896	22.0267810822	0.0
37.7597770691	22.0257644653	0.0
37.7297935486	22.0247478485	0.0
37.6998100281	22.0237312317	0.0
37.6698265076	22.0227146149	0.0
37.6398468018	22.021697998	0.0
37.6497039795	22.019361496	0.0
37.6796607971	22.0177059174	0.0
37.7096138	22.0160503387	0.0
37.739566803	22.0143947601	0.0
37.7695236206	22.0127391815	0.0
37.7994766235	22.0110836029	0.0
37.8294296265	22.0094261169	0.0
37.8593826294	22.0077724457	0.0
37.889339447	22.0061168671	0.0
37.91929245	22.0044612885	0.0
37.9492454529	22.0028057098	0.0
37.9792022705	22.0011501312	0.0
37.5897674561	22.0200004578	0.0
37.5597839355	22.0189838409	0.0
37.529800415	22.0179653168	0.0
37.4998207092	22.0169487	0.0
37.4698371887	22.0159320831	0.0
37.4398536682	22.0149154663	0.0
37.4098701477	22.0138988495	0.0
37.3798866272	22.0128822327	0.0
37.3499031067	22.0118656158	0.0
37.3199234009	22.010848999	0.0
37.2899398804	22.0098323822	0.0
37.2599563599	22.0088157654	0.0
37.2299728394	22.0077991486	0.0
37.1999893188	22.0067825317	0.0
37.170009613	22.0057659149	0.0
37.1400260925	22.0047473907	0.0
37.110042572	22.0037326813	0.0
37.0800590515	22.0027141571	0.0
37.0500793457	22.0016975403	0.0
37.0200958252	22.0006809235	0.0
38.2322235107	22.0711364746	0.0
38.2249488831	22.1002407074	0.0
38.2176704407	22.1293468475	0.0
38.210395813	22.158449173	0.0
38.2031173706	22.1875534058	0.0
38.1958427429	22.2166576385	0.0
38.1885643005	22.2457618713	0.0
38.1812896729	22.2748661041	0.0
38.1740112305	22.3039703369	0.0
38.1667366028	22.3330745697	0.0
38.1594619751	22.3621788025	0.0
38.1521835327	22.3912830353	0.0
38.144908905	22.4203872681	0.0
38.1376304626	22.4494915009	0.0
38.130355835	22.4785957336	0.0
38.1230773926	22.5076999664	0.0
38.1158027649	22.5368041992	0.0
38.1085281372	22.565908432	0.0
38.1012496948	22.5950126648	0.0
38.0939750671	22.6241168976	0.0
38.0866966248	22.6532211304	0.0
38.0794219971	22.6823253632	0.0
38.0721435547	22.7114295959	0.0
38.064868927	22.7405338287	0.0
38.0575904846	22.7696380615	0.0
38.0503158569	22.7987422943	0.0
38.0430412292	22.8278465271	0.0
38.0357627869	22.8569507599	0.0
38.0284881592	22.8860549927	0.0
38.0212097168	22.9151592255	0.0
38.0139350891	22.9442634583	0.0
38.0066566467	22.973367691	0.0
39.6707801819	21.1603431702	0.0
39.6416015625	21.1533679962	0.0
39.6124229431	21.1463928223	0.0
39.5832443237	21.1394195557	0.0
39.5540657043	21.1324443817	0.0
39.5248908997	21.1254692078	0.0
39.4957122803	21.1184959412	0.0
39.4665336609	21.1115207672	0.0
39.4373550415	21.1045455933	0.0
39.4081764221	21.0975704193	0.0
39.3789978027	21.0905952454	0.0
39.3498191833	21.0836200714	0.0
39.3206443787	21.0766468048	0.0
39.2914657593	21.0696716309	0.0
39.2622871399	21.0626964569	0.0
39.2331085205	21.055721283	0.0
39.2039299011	21.0487480164	0.0
39.1747550964	21.0417728424	0.0
39.1455764771	21.0347976685	0.0
39.1163978577	21.0278244019	0.0
39.0872192383	21.0208492279	0.0
39.0580406189	21.013874054	0.0
39.0288658142	21.0069007874	0.0
40.1751403809	21.1263065338	0.0
40.1692466736	21.1557197571	0.0
40.1633491516	21.1851348877	0.0
40.1574516296	21.2145500183	0.0
40.1515541077	21.2439651489	0.0
40.1456604004	21.2733802795	0.0
40.1397628784	21.3027935028	0.0
40.1338653564	21.3322086334	0.0
40.1279716492	21.361623764	0.0
40.1220741272	21.3910388947	0.0
40.1161766052	21.4204540253	0.0
40.1102790833	21.4498672485	0.0
40.104385376	21.4792823792	0.0
40.098487854	21.5086975098	0.0
40.092590332	21.5381126404	0.0
40.0866928101	21.567527771	0.0
40.0807991028	21.5969429016	0.0
40.0749015808	21.6263561249	0.0
40.0690040588	21.6557712555	0.0
40.0631065369	21.6851863861	0.0
40.0572128296	21.7146015167	0.0
40.0513153076	21.7440166473	0.0
40.0454177856	21.773431778	0.0
40.0395202637	21.8028469086	0.0
40.0336265564	21.8322601318	0.0
40.0277290344	21.8616752625	0.0
40.0218315125	21.8910903931	0.0
40.0159378052	21.9205055237	0.0
40.0100402832	21.9499206543	0.0
40.0041427612	21.9793357849	0.0
41.7772598267	20.6783466339	0.0
41.7866172791	20.6498451233	0.0
41.7959785461	20.6213417053	0.0
41.8053359985	20.5928382874	0.0
41.8146972656	20.5643367767	0.0
41.824054718	20.5358333588	0.0
41.8334121704	20.5073318481	0.0
41.8427734375	20.4788284302	0.0
41.8521347046	20.4503250122	0.0
41.861492157	20.4218215942	0.0
41.8708496094	20.3933200836	0.0
41.8802108765	20.3648166656	0.0
41.8895683289	20.3363132477	0.0
41.8989295959	20.3078117371	0.0
41.9082870483	20.2793083191	0.0
41.9176445007	20.2508068085	0.0
41.9270057678	20.2223033905	0.0
41.9363632202	20.1937999725	0.0
41.9457244873	20.1652984619	0.0
41.9550819397	20.1367950439	0.0
41.9644432068	20.108291626	0.0
41.9738006592	20.079788208	0.0
41.9831581116	20.0512866974	0.0
41.9925193787	20.0227832794	0.0
43.5872344971	23.8336296082	0.0
43.5615653992	23.8491592407	0.0
43.5358963013	23.8646907806	0.0
43.5102310181	23.8802204132	0.0
43.4845619202	23.8957519531	0.0
43.458896637	23.9112815857	0.0
43.4332275391	23.9268112183	0.0
43.4075622559	23.9423427582	0.0
43.381893158	23.9578723907	0.0
43.3562278748	23.9734020233	0.0
43.3305587769	23.9889316559	0.0
43.3048934937	24.0044612885	0.0
43.2792243958	24.0199928284	0.0
43.2535552979	24.0355224609	0.0
43.2278900146	24.0510520935	0.0
43.2022209167	24.0665836334	0.0
43.1765556335	24.082113266	0.0
43.1470184326	24.0950698853	0.0
43.1194267273	24.1068477631	0.0
43.0918388367	24.1186256409	0.0
43.0642471313	24.130405426	0.0
43.036655426	24.1421833038	0.0
43.0090637207	24.153963089	0.0
42.9814720154	24.1657428741	0.0
42.9538841248	24.177520752	0.0
42.9613418579	24.1817817688	0.0
42.9908905029	24.1766090393	0.0
43.0204429626	24.1714363098	0.0
43.0499916077	24.1662654877	0.0
43.0795440674	24.1610927582	0.0
43.1090927124	24.155921936	0.0
43.1386451721	24.1507492065	0.0
43.1681976318	24.1455783844	0.0
43.1977462769	24.1404056549	0.0
43.2272987366	24.1352348328	0.0
43.2568473816	24.1300621033	0.0
43.2863998413	24.1248912811	0.0
43.3159484863	24.1197185516	0.0
43.345500946	24.1145477295	0.0
43.3750534058	24.109375	0.0
43.4046020508	24.1042022705	0.0
43.4341545105	24.0990314484	0.0
43.4637031555	24.0938606262	0.0
43.4932556152	24.0886878967	0.0
43.5228042603	24.0835151672	0.0
43.55235672	24.0783443451	0.0
43.581905365	24.0731716156	0.0
43.6114578247	24.0680007935	0.0
43.6410102844	24.062828064	0.0
43.6705589294	24.0576572418	0.0
43.7001113892	24.0524845123	0.0
43.7296638489	24.0473136902	0.0
43.7592124939	24.0421409607	0.0
43.7887611389	24.0369682312	0.0
43.8183135986	24.0317974091	0.0
43.8478660583	24.0266265869	0.0
43.8774147034	24.0214538574	0.0
43.9069671631	24.0162811279	0.0
43.9365196228	24.0111103058	0.0
43.9660682678	24.0059394836	0.0
43.9956207275	24.0007667542	0.0
42.9041976929	24.1987304688	0.0
42.8766059875	24.2105102539	0.0
42.8490142822	24.2222881317	0.0
42.8214263916	24.2340679169	0.0
42.782787323	24.2505626678	0.0
42.7551956177	24.2623405457	0.0
42.7276077271	24.2741203308	0.0
42.7000160217	24.2858982086	0.0
42.6613273621	24.2789554596	0.0
42.6336860657	24.2672958374	0.0
42.6060447693	24.2556362152	0.0
42.5784034729	24.243976593	0.0
42.5507583618	24.2323169708	0.0
42.5231208801	24.2206573486	0.0
42.495475769	24.2089977264	0.0
42.4678344727	24.1973381042	0.0
42.4401931763	24.1856784821	0.0
42.4125518799	24.1740207672	0.0
42.3849105835	24.1623592377	0.0
42.3572692871	24.1507015228	0.0
42.3296279907	24.1390419006	0.0
42.3019866943	24.1273822784	0.0
42.2743453979	24.1157226562	0.0
42.2467041016	24.1040611267	0.0
42.2190628052	24.0924034119	0.0
42.1914215088	24.0807437897	0.0
42.1637802124	24.0690841675	0.0
42.1361351013	24.0574245453	0.0
42.1084976196	24.0457649231	0.0
42.0808525085	24.0341053009	0.0
42.0532112122	24.0224456787	0.0
42.0255699158	24.0107860565	0.0
42.6640205383	24.3072757721	0.0
42.6390724182	24.3239364624	0.0
42.6141242981	24.3405971527	0.0
42.589176178	24.3572597504	0.0
42.5642280579	24.3739204407	0.0
42.5392799377	24.3905792236	0.0
42.5143318176	24.4072418213	0.0
42.4893836975	24.4239025116	0.0
42.4644355774	24.4405632019	0.0
42.4394874573	24.4572238922	0.0
42.4145355225	24.4738845825	0.0
42.3895874023	24.4905452728	0.0
42.3646392822	24.5072078705	0.0
42.3396911621	24.5238685608	0.0
42.314743042	24.5405273438	0.0
42.2897949219	24.5571899414	0.0
42.2648468018	24.5738506317	0.0
42.2398986816	24.590511322	0.0
42.2149505615	24.6071720123	0.0
42.1900024414	24.6238327026	0.0
42.1650543213	24.6404933929	0.0
42.1401062012	24.6571540833	0.0
42.1151580811	24.6738147736	0.0
42.0902099609	24.6904754639	0.0
42.0652618408	24.7071361542	0.0
42.0403137207	24.7237987518	0.0
42.0153656006	24.7404594421	0.0
41.9904174805	24.7571201324	0.0
41.9654693604	24.7737808228	0.0
41.9405212402	24.7904415131	0.0
41.9155731201	24.8071022034	0.0
41.890625	24.8237628937	0.0
41.8656768799	24.840423584	0.0
41.8407287598	24.8570842743	0.0
41.8157806396	24.8737468719	0.0
41.7908325195	24.8904075623	0.0
41.7658843994	24.9070682526	0.0
41.7409362793	24.9237289429	0.0
41.7159881592	24.9403896332	0.0
41.6910362244	24.9570503235	0.0
41.6660881042	24.9737110138	0.0
41.6411437988	24.9903717041	0.0
41.6161956787	25.0070323944	0.0
41.5912437439	25.0236930847	0.0
41.5662956238	25.0403556824	0.0
41.5413475037	25.0570163727	0.0
41.5163993835	25.073677063	0.0
41.4914512634	25.0903377533	0.0
41.4665031433	25.1069984436	0.0
41.4415550232	25.1236591339	0.0
41.4166069031	25.1403198242	0.0
41.391658783	25.1569805145	0.0
41.3667106628	25.1736412048	0.0
41.3400726318	25.1914310455	0.0
41.3151245117	25.2080917358	0.0
41.2901763916	25.2247524261	0.0
41.2652282715	25.2414131165	0.0
41.2402801514	25.2580757141	0.0
41.2153320312	25.2747344971	0.0
41.1903839111	25.2913951874	0.0
41.165435791	25.308057785	0.0
41.1404876709	25.3247184753	0.0
41.1155395508	25.3413791656	0.0
41.0905914307	25.358039856	0.0
41.0656433105	25.3747005463	0.0
41.0406951904	25.3913612366	0.0
41.0050735474	25.3879795074	0.0
40.9761161804	25.3801517487	0.0
40.9471549988	25.3723220825	0.0
40.9181938171	25.3644924164	0.0
40.8892326355	25.3566646576	0.0
40.8602714539	25.3488368988	0.0
40.8313102722	25.3410072327	0.0
40.8023529053	25.3331775665	0.0
40.7733917236	25.3253498077	0.0
40.744430542	25.3175201416	0.0
40.7154693604	25.3096904755	0.0
40.6865081787	25.3018627167	0.0
40.6575508118	25.2940330505	0.0
40.6285896301	25.2862052917	0.0
40.5996284485	25.2783756256	0.0
40.5597648621	25.2802772522	0.0
40.5301322937	25.2849445343	0.0
40.5004959106	25.2896099091	0.0
40.4708595276	25.2942771912	0.0
40.4412269592	25.2989425659	0.0
40.4115905762	25.303609848	0.0
40.3819541931	25.3082752228	0.0
40.3523216248	25.3129425049	0.0
40.3226852417	25.317609787	0.0
40.2930526733	25.3222751617	0.0
40.2634162903	25.3269424438	0.0
40.2337837219	25.3316078186	0.0
40.2041473389	25.3362751007	0.0
40.1745109558	25.3409404755	0.0
40.1448783875	25.3456077576	0.0
40.1301078796	25.3183765411	0.0
40.1187591553	25.290605545	0.0
40.1074104309	25.262834549	0.0
40.0960617065	25.2350635529	0.0
40.0847129822	25.2072944641	0.0
40.0733642578	25.179523468	0.0
40.0620155334	25.1517524719	0.0
40.0506668091	25.1239814758	0.0
40.0393180847	25.0962104797	0.0
40.0279693604	25.068441391	0.0
40.016620636	25.0406703949	0.0
40.0052719116	25.0128993988	0.0
40.1351127625	25.3754673004	0.0
40.1287689209	25.4047908783	0.0
40.1224250793	25.4341125488	0.0
40.1160812378	25.463432312	0.0
40.1097373962	25.4927558899	0.0
40.1033935547	25.5220775604	0.0
40.0970535278	25.5513973236	0.0
40.0907096863	25.5807209015	0.0
40.0843658447	25.610042572	0.0
40.0780220032	25.6393623352	0.0
40.0716781616	25.6686859131	0.0
40.0653343201	25.6980075836	0.0
40.0589904785	25.7273273468	0.0
40.052646637	25.7566509247	0.0
40.0463027954	25.7859725952	0.0
40.0399589539	25.8152923584	0.0
40.0336151123	25.8446159363	0.0
40.0272712708	25.8739376068	0.0
40.0209274292	25.90325737	0.0
40.0145874023	25.9325809479	0.0
40.0082435608	25.9619007111	0.0
40.0018997192	25.9912223816	0.0
40.5768165588	25.2483787537	0.0
40.5642356873	25.2211437225	0.0
40.551651001	25.1939105988	0.0
40.5390663147	25.166677475	0.0
40.5264854431	25.1394443512	0.0
40.5139007568	25.1122093201	0.0
40.5013160706	25.0849761963	0.0
40.488735199	25.0577430725	0.0
40.4761505127	25.0305099487	0.0
40.4635658264	25.003276825	0.0
40.4509849548	24.9760437012	0.0
40.4384002686	24.9488105774	0.0
40.4258155823	24.9215755463	0.0
40.4132347107	24.8943424225	0.0
40.4006500244	24.8671092987	0.0
40.3880653381	24.8398761749	0.0
40.3754844666	24.8126411438	0.0
40.3628997803	24.7854099274	0.0
40.350315094	24.7581768036	0.0
40.3377342224	24.7309417725	0.0
40.3251495361	24.7037086487	0.0
40.3125686646	24.6764755249	0.0
40.2999839783	24.6492424011	0.0
40.287399292	24.62200737	0.0
40.2748184204	24.5947742462	0.0
40.2622337341	24.5675411224	0.0
40.2496528625	24.5403079987	0.0
40.2370681763	24.5130748749	0.0
40.22448349	24.4858417511	0.0
40.2119026184	24.4586086273	0.0
40.1993179321	24.4313735962	0.0
40.1867332458	24.4041404724	0.0
40.1741523743	24.3769073486	0.0
40.161567688	24.3496742249	0.0
40.1489868164	24.3224391937	0.0
40.1364021301	24.2952060699	0.0
40.1238174438	24.2679748535	0.0
40.1112365723	24.2407398224	0.0
40.098651886	24.2135066986	0.0
40.0860671997	24.1862735748	0.0
40.0734863281	24.159040451	0.0
40.0609016418	24.1318054199	0.0
40.0483169556	24.1045722961	0.0
40.035736084	24.0773391724	0.0
40.0231513977	24.0501060486	0.0
40.0105667114	24.0228729248	0.0
41.0090866089	25.4124698639	0.0
40.9841384888	25.4291305542	0.0
40.9591903687	25.4457912445	0.0
40.9342422485	25.4624519348	0.0
40.9092941284	25.4791126251	0.0
40.8843460083	25.4957733154	0.0
40.8593978882	25.5124359131	0.0
40.8344497681	25.5290966034	0.0
40.8095016479	25.5457572937	0.0
40.7845535278	25.562417984	0.0
40.7596054077	25.5790786743	0.0
40.7346572876	25.5957393646	0.0
40.7097091675	25.6124000549	0.0
40.7278442383	25.6337337494	0.0
40.7526435852	25.6506175995	0.0
40.7774391174	25.6675033569	0.0
40.8022346497	25.6843891144	0.0
40.8270339966	25.7012748718	0.0
40.8518295288	25.7181606293	0.0
40.8766288757	25.7350444794	0.0
40.901424408	25.7519302368	0.0
40.9262199402	25.7688140869	0.0
40.9510192871	25.7857017517	0.0
40.9758148193	25.8025856018	0.0
41.0006103516	25.8194713593	0.0
41.0254096985	25.8363571167	0.0
41.0502052307	25.8532428741	0.0
41.0750007629	25.8701267242	0.0
41.0998001099	25.8870124817	0.0
41.1245956421	25.9038982391	0.0
41.1493911743	25.9207820892	0.0
41.1741905212	25.937669754	0.0
41.1989860535	25.9545536041	0.0
41.2237854004	25.9714393616	0.0
41.2485809326	25.988325119	0.0
41.2733764648	26.0052108765	0.0
41.2981758118	26.0220947266	0.0
41.322971344	26.038980484	0.0
41.3428382874	26.0653018951	0.0
41.3600921631	26.08984375	0.0
41.3773498535	26.1143856049	0.0
41.3946037292	26.1389274597	0.0
41.411857605	26.1634674072	0.0
41.4291114807	26.1880092621	0.0
41.4463653564	26.2125511169	0.0
41.4636192322	26.2370929718	0.0
41.4808731079	26.2616348267	0.0
41.4981307983	26.2861766815	0.0
41.5153846741	26.310716629	0.0
41.5326385498	26.3352584839	0.0
41.5498924255	26.3598003387	0.0
41.5671463013	26.3843402863	0.0
41.584400177	26.4088821411	0.0
41.6016578674	26.433423996	0.0
41.6189117432	26.4579658508	0.0
41.6361656189	26.4825077057	0.0
41.6534194946	26.5070495605	0.0
41.6706733704	26.5315895081	0.0
41.6879272461	26.5561313629	0.0
41.7051811218	26.5806732178	0.0
41.7224388123	26.6052150726	0.0
41.739692688	26.6297569275	0.0
41.7569465637	26.6542987823	0.0
41.7742004395	26.6788387299	0.0
41.7914543152	26.7033805847	0.0
41.8087081909	26.7279224396	0.0
41.8259658813	26.7524642944	0.0
41.8432197571	26.7770042419	0.0
41.8604736328	26.8015460968	0.0
41.8777275085	26.8260879517	0.0
41.8949813843	26.8506298065	0.0
41.91223526	26.8751716614	0.0
41.9294891357	26.8997135162	0.0
41.9467468262	26.9242534637	0.0
41.9640007019	26.9487953186	0.0
41.9812545776	26.9733371735	0.0
41.9985084534	26.9978790283	0.0
41.3555297852	26.0389518738	0.0
41.3854751587	26.0371417999	0.0
41.4154205322	26.0353317261	0.0
41.4453659058	26.0335216522	0.0
41.4753112793	26.0317115784	0.0
41.5052566528	26.0299015045	0.0
41.5352020264	26.0280914307	0.0
41.5651473999	26.0262813568	0.0
41.5950927734	26.024471283	0.0
41.625038147	26.0226612091	0.0
41.6549835205	26.0208511353	0.0
41.684928894	26.0190410614	0.0
41.7148742676	26.0172328949	0.0
41.7448196411	26.015422821	0.0
41.7747650146	26.0136127472	0.0
41.8047103882	26.0118026733	0.0
41.8346557617	26.0099925995	0.0
41.8646011353	26.0081825256	0.0
41.8945465088	26.0063724518	0.0
41.9244918823	26.0045642853	0.0
41.9544372559	26.0027542114	0.0
41.9843826294	26.0009441376	0.0
40.6781005859	25.6335086823	0.0
40.6531524658	25.6501693726	0.0
40.6282043457	25.6668300629	0.0
40.6032562256	25.6834907532	0.0
40.5783081055	25.7001514435	0.0
40.5533599854	25.7168121338	0.0
40.5284118652	25.7334747314	0.0
40.5034637451	25.7501354218	0.0
40.478515625	25.7667961121	0.0
40.4535675049	25.7834568024	0.0
40.4286193848	25.8001174927	0.0
40.4036712646	25.816778183	0.0
40.3787231445	25.8334388733	0.0
40.347114563	25.8545475006	0.0
40.3221664429	25.8712081909	0.0
40.2972183228	25.8878688812	0.0
40.2722702026	25.9045295715	0.0
40.2473220825	25.9211902618	0.0
40.2223739624	25.9378528595	0.0
40.1974258423	25.9545135498	0.0
40.1724777222	25.9711723328	0.0
40.1475296021	25.9878349304	0.0
40.1225814819	26.0044956207	0.0
40.0976333618	26.021156311	0.0
40.072681427	26.0378170013	0.0
40.0477333069	26.0544776917	0.0
40.0468177795	26.0883693695	0.0
40.0525627136	26.1178150177	0.0
40.0583076477	26.1472606659	0.0
40.0640487671	26.1767044067	0.0
40.0697937012	26.2061500549	0.0
40.0755348206	26.2355957031	0.0
40.0812797546	26.2650413513	0.0
40.0870246887	26.2944850922	0.0
40.0927658081	26.3239307404	0.0
40.0985107422	26.3533763885	0.0
40.1042518616	26.3828201294	0.0
40.1099967957	26.4122657776	0.0
40.1157417297	26.4417114258	0.0
40.1214828491	26.4711551666	0.0
40.1272277832	26.5006027222	0.0
40.1329689026	26.530046463	0.0
40.1387138367	26.5594921112	0.0
40.1537055969	26.6117668152	0.0
40.1639976501	26.6399459839	0.0
40.1742897034	26.6681251526	0.0
40.1845817566	26.6963043213	0.0
40.1948738098	26.72448349	0.0
40.205165863	26.752664566	0.0
40.2154579163	26.7808437347	0.0
40.2257461548	26.8090229034	0.0
40.236038208	26.8372020721	0.0
40.2463302612	26.8653812408	0.0
40.2566223145	26.8935604095	0.0
40.2669143677	26.9217395782	0.0
40.2772064209	26.9499187469	0.0
40.2874984741	26.9780979156	0.0
40.2803955078	27.0098972321	0.0
40.2722206116	27.0387611389	0.0
40.26404953	27.0676269531	0.0
40.2558746338	27.0964927673	0.0
40.2476997375	27.1253566742	0.0
40.2395248413	27.1542224884	0.0
40.2313499451	27.1830863953	0.0
40.2231750488	27.2119503021	0.0
40.2150001526	27.2408161163	0.0
40.2068252563	27.2696819305	0.0
40.1986503601	27.2985458374	0.0
40.1904754639	27.3274097443	0.0
40.1823043823	27.3562755585	0.0
40.1741294861	27.3851394653	0.0
40.1659545898	27.4140052795	0.0
40.1577796936	27.4428691864	0.0
40.1496047974	27.4717330933	0.0
40.1414299011	27.5005989075	0.0
40.1332550049	27.5294647217	0.0
40.1250801086	27.5583286285	0.0
40.1169052124	27.5871944427	0.0
40.1087303162	27.6160583496	0.0
40.1005592346	27.6449222565	0.0
40.0923843384	27.6737880707	0.0
40.0842094421	27.7026538849	0.0
40.0760345459	27.7315177917	0.0
40.0678596497	27.760383606	0.0
40.0596847534	27.7892475128	0.0
40.0515098572	27.8181114197	0.0
40.0433349609	27.8469772339	0.0
40.0351638794	27.8758411407	0.0
40.0269851685	27.904706955	0.0
40.0188140869	27.9335708618	0.0
40.0106391907	27.962436676	0.0
40.0024642944	27.9913005829	0.0
40.3131561279	26.9982242584	0.0
40.3377418518	27.0154151917	0.0
40.3623275757	27.0326080322	0.0
40.3869132996	27.0498008728	0.0
40.4114990234	27.066991806	0.0
40.4360847473	27.0841827393	0.0
40.4606704712	27.1013755798	0.0
40.4852561951	27.1185665131	0.0
40.5098381042	27.1357593536	0.0
40.5344276428	27.1529502869	0.0
40.559009552	27.1701412201	0.0
40.5835952759	27.1873340607	0.0
40.6081809998	27.2045269012	0.0
40.6327667236	27.2217178345	0.0
40.6573524475	27.238910675	0.0
40.6819381714	27.2561016083	0.0
40.70753479	27.2740001678	0.0
40.7321205139	27.2911911011	0.0
40.7567062378	27.3083839417	0.0
40.7812919617	27.3255748749	0.0
40.8058776855	27.3427677155	0.0
40.8304595947	27.3599586487	0.0
40.8550453186	27.3771514893	0.0
40.8796310425	27.3943424225	0.0
40.9042167664	27.4115333557	0.0
40.9288024902	27.4287261963	0.0
40.9533882141	27.4459171295	0.0
40.977973938	27.4631099701	0.0
41.0025596619	27.4803028107	0.0
41.0271453857	27.4974937439	0.0
41.0517311096	27.5146846771	0.0
41.0763168335	27.5318775177	0.0
41.0990219116	27.5533046722	0.0
41.120716095	27.5740242004	0.0
41.1424102783	27.5947437286	0.0
41.1641082764	27.6154632568	0.0
41.1858024597	27.6361846924	0.0
41.2074966431	27.6569042206	0.0
41.2291908264	27.6776256561	0.0
41.2508888245	27.6983451843	0.0
41.2725830078	27.7190647125	0.0
41.2942771912	27.7397842407	0.0
41.3159713745	27.7605056763	0.0
41.3376655579	27.7812252045	0.0
41.3591690063	27.8145256042	0.0
41.3734321594	27.8409156799	0.0
41.3876991272	27.867307663	0.0
41.401966095	27.8936977386	0.0
41.4162330627	27.9200897217	0.0
41.4304962158	27.9464797974	0.0
41.4447631836	27.9728717804	0.0
41.4590301514	27.9992618561	0.0
41.4732971191	28.0256519318	0.0
41.4875640869	28.0520439148	0.0
41.50182724	28.0784339905	0.0
41.5160942078	28.1048240662	0.0
41.5303611755	28.1312160492	0.0
41.5446281433	28.1576061249	0.0
41.5588912964	28.1839981079	0.0
41.5731582642	28.2103881836	0.0
41.5874252319	28.2367782593	0.0
41.6016921997	28.2631702423	0.0
41.6159591675	28.289560318	0.0
41.6302223206	28.315952301	0.0
41.6444892883	28.3423423767	0.0
41.6587562561	28.3687343597	0.0
41.6730232239	28.3951244354	0.0
41.687286377	28.4215145111	0.0
41.7015533447	28.4479064941	0.0
41.7158203125	28.4742965698	0.0
41.7300872803	28.5006885529	0.0
41.744354248	28.5270786285	0.0
41.7586174011	28.5534706116	0.0
41.7728843689	28.5798606873	0.0
41.7871513367	28.6062507629	0.0
41.8014183044	28.632642746	0.0
41.8156852722	28.6590328217	0.0
41.8299484253	28.6854248047	0.0
41.8442153931	28.7118148804	0.0
41.8584823608	28.7382068634	0.0
41.8727493286	28.7645969391	0.0
41.8870124817	28.7909889221	0.0
41.9012794495	28.8173770905	0.0
41.9155464172	28.8437690735	0.0
41.929813385	28.8701591492	0.0
41.9440803528	28.8965511322	0.0
41.9583435059	28.9229412079	0.0
41.9726104736	28.9493331909	0.0
41.9868774414	28.9757232666	0.0
41.3734474182	27.7973651886	0.0
41.4019889832	27.8065986633	0.0
41.4305343628	27.8158283234	0.0
41.4590797424	27.8250617981	0.0
41.4876213074	27.8342914581	0.0
41.516166687	27.8435249329	0.0
41.5447120667	27.8527545929	0.0
41.5732574463	27.8619861603	0.0
41.6018028259	27.8712177277	0.0
41.6303443909	27.880449295	0.0
41.6588897705	27.8896808624	0.0
41.6874351501	27.8989124298	0.0
41.7159767151	27.9081439972	0.0
41.7445220947	27.9173755646	0.0
41.7730674744	27.926607132	0.0
41.801612854	27.9358386993	0.0
41.8301544189	27.9450702667	0.0
41.8586997986	27.9543018341	0.0
41.8872451782	27.9635334015	0.0
41.9157867432	27.9727649689	0.0
41.9443321228	27.9819965363	0.0
41.9728775024	27.9912281036	0.0
41.072429657	27.5621814728	0.0
41.0675315857	27.5917797089	0.0
41.0626373291	27.6213779449	0.0
41.0577392578	27.6509742737	0.0
41.0528450012	27.6805725098	0.0
41.0479469299	27.7101707458	0.0
41.0430526733	27.7397670746	0.0
41.0381546021	27.7693653107	0.0
41.0332565308	27.7989635468	0.0
41.0283622742	27.8285617828	0.0
41.0234642029	27.8581581116	0.0
41.0185699463	27.8877563477	0.0
41.013671875	27.9173545837	0.0
41.0087776184	27.9469528198	0.0
41.0038795471	27.9765491486	0.0
40.7062606812	27.2379264832	0.0
40.7295722961	27.2190437317	0.0
40.7528839111	27.2001609802	0.0
40.7761955261	27.1812782288	0.0
40.7995071411	27.1623954773	0.0
40.8228225708	27.1435127258	0.0
40.8461341858	27.1246318817	0.0
40.8694458008	27.1057472229	0.0
40.8927574158	27.0868663788	0.0
40.9160690308	27.0679836273	0.0
40.9393806458	27.0491008759	0.0
40.9626922607	27.0302181244	0.0
40.9860038757	27.0113353729	0.0
40.133644104	26.611951828	0.0
40.1238746643	26.6403179169	0.0
40.1141052246	26.6686820984	0.0
40.1043395996	26.6970462799	0.0
40.0945701599	26.7254123688	0.0
40.0848007202	26.7537765503	0.0
40.0750312805	26.7821426392	0.0
40.0652618408	26.8105068207	0.0
40.0554924011	26.8388710022	0.0
40.0457229614	26.8672351837	0.0
40.0359535217	26.8956012726	0.0
40.0261878967	26.9239654541	0.0
40.016418457	26.952331543	0.0
40.0066490173	26.9806957245	0.0
40.0143165588	26.0724868774	0.0
39.9875564575	26.0860500336	0.0
39.9607963562	26.0996112823	0.0
39.9340400696	26.1131744385	0.0
39.9072799683	26.1267375946	0.0
39.8805198669	26.1402988434	0.0
39.8537597656	26.1538619995	0.0
39.8269996643	26.1674232483	0.0
39.8002433777	26.1809864044	0.0
39.7734832764	26.1945495605	0.0
39.746723175	26.2081108093	0.0
39.7199630737	26.2216720581	0.0
39.6932029724	26.2352352142	0.0
39.6664466858	26.2487983704	0.0
39.6396865845	26.2623596191	0.0
39.6087799072	26.2780246735	0.0
39.5820198059	26.2915878296	0.0
39.5552597046	26.3051490784	0.0
39.5284996033	26.3187122345	0.0
39.501739502	26.3322734833	0.0
39.4749832153	26.3458366394	0.0
39.448223114	26.3593997955	0.0
39.4214630127	26.3729610443	0.0
39.3947029114	26.3865242004	0.0
39.3679428101	26.4000854492	0.0
39.3411865234	26.4136486053	0.0
39.3144264221	26.4272117615	0.0
39.2876663208	26.4407730103	0.0
39.2609062195	26.454334259	0.0
39.2341461182	26.4678974152	0.0
39.2011566162	26.4617481232	0.0
39.1723136902	26.4534988403	0.0
39.1434707642	26.4452457428	0.0
39.1146278381	26.4369945526	0.0
39.0857849121	26.4287433624	0.0
39.0569419861	26.4204921722	0.0
39.0280990601	26.4122409821	0.0
38.999256134	26.4039897919	0.0
38.970413208	26.3957386017	0.0
38.941570282	26.3874874115	0.0
38.912727356	26.3792362213	0.0
38.8838844299	26.3709850311	0.0
38.8550415039	26.3627338409	0.0
38.8261985779	26.3544826508	0.0
38.7973556519	26.3462314606	0.0
38.7685127258	26.3379802704	0.0
38.7396697998	26.3297290802	0.0
38.7108268738	26.32147789	0.0
38.6819839478	26.3132266998	0.0
38.6531410217	26.3049755096	0.0
38.6242980957	26.2967243195	0.0
38.5954551697	26.2884731293	0.0
38.5666122437	26.2802219391	0.0
38.5377693176	26.2719707489	0.0
38.5089263916	26.2637195587	0.0
38.4800834656	26.2554683685	0.0
38.4512405396	26.2472171783	0.0
38.4223976135	26.2389640808	0.0
38.3935546875	26.230714798	0.0
38.3647117615	26.2224636078	0.0
38.3358688354	26.2142124176	0.0
38.3070259094	26.2059593201	0.0
38.2781829834	26.1977081299	0.0
38.266620636	26.166135788	0.0
38.2618789673	26.1365127563	0.0
38.2571411133	26.1068897247	0.0
38.2523994446	26.0772647858	0.0
38.2476577759	26.0476417542	0.0
38.2429199219	26.0180187225	0.0
38.2381782532	25.9883956909	0.0
38.2334365845	25.9587726593	0.0
38.2286987305	25.9291496277	0.0
38.2239570618	25.8995265961	0.0
38.2192153931	25.8699035645	0.0
38.2144775391	25.8402805328	0.0
38.2097358704	25.8106575012	0.0
38.2049942017	25.7810344696	0.0
38.2002563477	25.751411438	0.0
38.195514679	25.7217884064	0.0
38.1907730103	25.6921653748	0.0
38.1860351562	25.6625423431	0.0
38.1704368591	25.6796016693	0.0
38.1563453674	25.7060871124	0.0
38.1422576904	25.7325725555	0.0
38.1281700134	25.759059906	0.0
38.1140785217	25.7855434418	0.0
38.0999908447	25.8120307922	0.0
38.0859031677	25.8385162354	0.0
38.071811676	25.8650016785	0.0
38.057723999	25.8914871216	0.0
38.0436325073	25.9179725647	0.0
38.0295448303	25.9444599152	0.0
38.0154571533	25.9709453583	0.0
38.0013656616	25.9974308014	0.0
38.1797866821	25.6234912872	0.0
38.1750450134	25.5938682556	0.0
38.1703033447	25.564245224	0.0
38.1655654907	25.5346221924	0.0
38.160823822	25.5049991608	0.0
38.1560821533	25.4753761292	0.0
38.1513442993	25.4457530975	0.0
38.1466026306	25.4161300659	0.0
38.1418609619	25.3865070343	0.0
38.1371192932	25.3568840027	0.0
38.1323814392	25.3272609711	0.0
38.1276397705	25.2976379395	0.0
38.1228981018	25.2680149078	0.0
38.1181602478	25.2383918762	0.0
38.1134185791	25.2087688446	0.0
38.1086807251	25.179145813	0.0
38.1039390564	25.1495227814	0.0
38.0991973877	25.1198997498	0.0
38.0950622559	25.0805873871	0.0
38.0924301147	25.0507030487	0.0
38.0898017883	25.0208187103	0.0
38.0871734619	24.9909343719	0.0
38.0845451355	24.9610500336	0.0
38.0819168091	24.9311656952	0.0
38.0792884827	24.9012813568	0.0
38.0766563416	24.8713951111	0.0
38.0740280151	24.8415126801	0.0
38.0713996887	24.8116264343	0.0
38.0687713623	24.7817420959	0.0
38.0661430359	24.7518577576	0.0
38.0635147095	24.7219734192	0.0
38.0608825684	24.6920890808	0.0
38.0582542419	24.6622047424	0.0
38.0556259155	24.6323184967	0.0
38.0529975891	24.6024341583	0.0
38.0503692627	24.5725498199	0.0
38.0477371216	24.5426654816	0.0
38.0451087952	24.5127811432	0.0
38.0424804688	24.4828968048	0.0
38.0398521423	24.4530124664	0.0
38.0372238159	24.4231262207	0.0
38.0345954895	24.3932437897	0.0
38.0319633484	24.3633575439	0.0
38.029335022	24.3334732056	0.0
38.0267066956	24.3035888672	0.0
38.0240783691	24.2737045288	0.0
38.0214500427	24.2438201904	0.0
38.0188217163	24.2139358521	0.0
38.0161895752	24.1840515137	0.0
38.0135612488	24.1541652679	0.0
38.0109329224	24.1242828369	0.0
38.0083045959	24.0943965912	0.0
38.0056762695	24.0645122528	0.0
38.0030441284	24.0346279144	0.0
38.000415802	24.004743576	0.0
38.0778160095	25.0879993439	0.0
38.0579452515	25.0655250549	0.0
38.0380706787	25.0430526733	0.0
38.018196106	25.0205783844	0.0
38.2414703369	26.1931743622	0.0
38.2115821838	26.1905918121	0.0
38.1816940308	26.1880092621	0.0
38.1518058777	26.185426712	0.0
38.1219177246	26.1828422546	0.0
38.0920295715	26.1802597046	0.0
38.0621414185	26.1776771545	0.0
38.0322532654	26.1750946045	0.0
38.0023651123	26.1725101471	0.0
37.9724731445	26.169927597	0.0
37.9425849915	26.167345047	0.0
37.9126968384	26.1647624969	0.0
37.8768005371	26.1616592407	0.0
37.846912384	26.1590766907	0.0
37.817024231	26.1564941406	0.0
37.7871360779	26.1539115906	0.0
37.7572479248	26.1513271332	0.0
37.7273597717	26.1487445831	0.0
37.6974716187	26.1461639404	0.0
37.6675796509	26.143579483	0.0
37.6376914978	26.140996933	0.0
37.6078033447	26.1384143829	0.0
37.5779151917	26.1358318329	0.0
37.5480270386	26.1332473755	0.0
37.5121307373	26.1301460266	0.0
37.4822425842	26.1275634766	0.0
37.4523544312	26.1249809265	0.0
37.4224662781	26.1223964691	0.0
37.3925743103	26.1198139191	0.0
37.3626861572	26.117231369	0.0
37.3327980042	26.114648819	0.0
37.3029098511	26.1120643616	0.0
37.273021698	26.1094818115	0.0
37.2431335449	26.1068992615	0.0
37.2031478882	26.1201572418	0.0
37.1768531799	26.1345977783	0.0
37.1505584717	26.1490383148	0.0
37.1242637634	26.1634807587	0.0
37.0979652405	26.1779212952	0.0
37.0716705322	26.1923618317	0.0
37.045375824	26.2068023682	0.0
37.019077301	26.221244812	0.0
36.9927825928	26.2356853485	0.0
36.9664878845	26.250125885	0.0
36.9401931763	26.2645664215	0.0
36.913898468	26.2790088654	0.0
36.8876037598	26.2934494019	0.0
36.8613052368	26.3078899384	0.0
36.8350105286	26.3223304749	0.0
36.8087158203	26.3367729187	0.0
36.7824172974	26.3512134552	0.0
36.7561225891	26.3656539917	0.0
36.7298278809	26.3800945282	0.0
36.7035331726	26.3945350647	0.0
36.6772384644	26.4089775085	0.0
36.6509399414	26.423418045	0.0
36.6094894409	26.4226341248	0.0
36.5804710388	26.415019989	0.0
36.5514526367	26.4074077606	0.0
36.5224342346	26.3997936249	0.0
36.4934196472	26.3921794891	0.0
36.4644012451	26.3845653534	0.0
36.435382843	26.376953125	0.0
36.4063644409	26.3693389893	0.0
36.3773460388	26.3617267609	0.0
36.3483276367	26.3541126251	0.0
36.3193092346	26.3464984894	0.0
36.2902946472	26.3388843536	0.0
36.2612762451	26.3312721252	0.0
36.232257843	26.3236579895	0.0
36.2032394409	26.3160457611	0.0
36.1742210388	26.3084316254	0.0
36.1452026367	26.3008174896	0.0
36.0985336304	26.3111782074	0.0
36.0731163025	26.3271141052	0.0
36.0476989746	26.3430519104	0.0
36.0222816467	26.3589897156	0.0
35.9968643188	26.3749275208	0.0
35.9714508057	26.3908634186	0.0
35.9460334778	26.4068012238	0.0
35.9206161499	26.4227371216	0.0
35.895198822	26.4386768341	0.0
35.8697814941	26.4546127319	0.0
35.8443641663	26.4705505371	0.0
35.8189506531	26.4864864349	0.0
35.7935333252	26.5024242401	0.0
35.7681159973	26.5183620453	0.0
35.7426986694	26.5342998505	0.0
35.7172813416	26.5502357483	0.0
35.6918678284	26.5661735535	0.0
35.6664505005	26.5821094513	0.0
35.6410331726	26.5980472565	0.0
35.6156158447	26.6139850616	0.0
35.5901985168	26.6299228668	0.0
35.564781189	26.6458587646	0.0
35.5393676758	26.6617965698	0.0
35.5139503479	26.677734375	0.0
35.48853302	26.6936702728	0.0
35.4631156921	26.709608078	0.0
35.4376983643	26.7255458832	0.0
35.4122848511	26.7414836884	0.0
35.3868675232	26.7574195862	0.0
35.3614501953	26.7733573914	0.0
35.3360328674	26.7892932892	0.0
35.3106155396	26.8052310944	0.0
35.2851982117	26.8211688995	0.0
35.2597846985	26.8371067047	0.0
35.2343673706	26.8530426025	0.0
35.2089500427	26.8689804077	0.0
35.1835327148	26.8849163055	0.0
35.158115387	26.9008541107	0.0
35.1327018738	26.9167919159	0.0
35.1072845459	26.9327297211	0.0
35.081867218	26.9486656189	0.0
35.0564498901	26.9646034241	0.0
35.0310325623	26.9805412292	0.0
35.0056152344	26.9964771271	0.0
36.1210899353	26.2653770447	0.0
36.1182327271	26.2355136871	0.0
36.1153755188	26.2056503296	0.0
36.1125183105	26.175786972	0.0
36.1096611023	26.1459236145	0.0
36.106803894	26.1160583496	0.0
36.1039428711	26.0861968994	0.0
36.1010856628	26.0563316345	0.0
36.0982284546	26.026468277	0.0
36.0953712463	25.9966049194	0.0
36.0925140381	25.9667415619	0.0
36.0896568298	25.9368782043	0.0
36.0867996216	25.9070148468	0.0
36.0839385986	25.8771514893	0.0
36.0810813904	25.8472862244	0.0
36.0782241821	25.8174247742	0.0
36.0753669739	25.7875595093	0.0
36.0725097656	25.7576961517	0.0
36.0696525574	25.7278327942	0.0
36.0667915344	25.6979694366	0.0
36.0639343262	25.6681060791	0.0
36.0610771179	25.6382427216	0.0
36.0582199097	25.608379364	0.0
36.0553627014	25.5785140991	0.0
36.0525054932	25.5486526489	0.0
36.0496444702	25.518787384	0.0
36.046787262	25.4889240265	0.0
36.0439300537	25.4590606689	0.0
36.0410728455	25.4291973114	0.0
36.0382156372	25.3993339539	0.0
36.035358429	25.3694705963	0.0
36.032497406	25.3396072388	0.0
36.0296401978	25.3097438812	0.0
36.0267829895	25.2798786163	0.0
36.0239257812	25.2500152588	0.0
36.021068573	25.2201519012	0.0
36.0182113647	25.1902885437	0.0
36.0153503418	25.1604251862	0.0
36.0124931335	25.1305618286	0.0
36.0096359253	25.1006984711	0.0
36.006778717	25.0708332062	0.0
36.0039215088	25.040971756	0.0
36.0010643005	25.0111064911	0.0
36.6122131348	26.444688797	0.0
36.5859146118	26.4591293335	0.0
36.5596199036	26.47356987	0.0
36.5333251953	26.4880104065	0.0
36.5070304871	26.5024528503	0.0
36.4807357788	26.5168933868	0.0
36.4544372559	26.5313339233	0.0
36.4281425476	26.5457744598	0.0
36.4018478394	26.5602169037	0.0
36.3755531311	26.5746574402	0.0
36.3492546082	26.5890979767	0.0
36.3229598999	26.6035385132	0.0
36.2966651917	26.6179790497	0.0
36.2703704834	26.6324214935	0.0
36.2440757751	26.64686203	0.0
36.2177772522	26.6613025665	0.0
36.1914825439	26.675743103	0.0
36.1651878357	26.6901855469	0.0
36.1388931274	26.7046260834	0.0
36.1125946045	26.7190666199	0.0
36.0862998962	26.7335071564	0.0
36.060005188	26.7479496002	0.0
36.0337104797	26.7623901367	0.0
36.0074157715	26.7768325806	0.0
35.9811172485	26.7912731171	0.0
35.9548225403	26.8057136536	0.0
35.928527832	26.8201541901	0.0
35.9022331238	26.8345966339	0.0
35.8759346008	26.8490371704	0.0
35.8496398926	26.8634777069	0.0
35.8233451843	26.8779182434	0.0
35.7970504761	26.8923606873	0.0
35.7707557678	26.9068012238	0.0
35.7444572449	26.9212417603	0.0
35.7181625366	26.9356822968	0.0
35.6918678284	26.9501247406	0.0
35.6655693054	26.9645652771	0.0
35.6392745972	26.9790058136	0.0
35.6129798889	26.9934463501	0.0
35.5866851807	27.0078887939	0.0
35.5603904724	27.0223293304	0.0
35.5340957642	27.0367698669	0.0
35.5077972412	27.0512104034	0.0
35.481502533	27.0656528473	0.0
35.4552078247	27.0800933838	0.0
35.4289093018	27.0945339203	0.0
35.4026145935	27.1089744568	0.0
35.3763198853	27.1234169006	0.0
35.350025177	27.1378574371	0.0
35.3237304688	27.1522979736	0.0
35.2974319458	27.1667385101	0.0
35.2711372375	27.1811790466	0.0
35.2299804688	27.1830692291	0.0
35.2003097534	27.178653717	0.0
35.1706352234	27.1742362976	0.0
35.1409645081	27.1698207855	0.0
35.111289978	27.1654033661	0.0
35.081615448	27.160987854	0.0
35.0519447327	27.1565704346	0.0
35.0222702026	27.1521549225	0.0
34.9925956726	27.1477375031	0.0
34.9629249573	27.1433200836	0.0
34.9332504272	27.1389045715	0.0
34.9035797119	27.1344871521	0.0
34.8739051819	27.13007164	0.0
34.8442306519	27.1256542206	0.0
34.8145599365	27.1212387085	0.0
34.7848854065	27.1168212891	0.0
34.7363433838	27.1353321075	0.0
34.7168922424	27.1581726074	0.0
34.6974411011	27.1810112	0.0
34.6779899597	27.2038536072	0.0
34.6585426331	27.2266921997	0.0
34.6390914917	27.2495326996	0.0
34.6196403503	27.2723731995	0.0
34.600189209	27.2952136993	0.0
34.5807380676	27.3180541992	0.0
34.5612869263	27.3408946991	0.0
34.5418357849	27.3637332916	0.0
34.5223884583	27.3865756989	0.0
34.5029373169	27.4094142914	0.0
34.4834861755	27.4322547913	0.0
34.4640350342	27.4550952911	0.0
34.4445838928	27.477935791	0.0
34.4251327515	27.5007762909	0.0
34.4056854248	27.5236167908	0.0
34.3862342834	27.5464553833	0.0
34.3667831421	27.5692977905	0.0
34.3473320007	27.5921363831	0.0
34.3278808594	27.6149768829	0.0
34.308429718	27.6378173828	0.0
34.2889823914	27.6606578827	0.0
34.26953125	27.6834983826	0.0
34.2500801086	27.7063388824	0.0
34.2306289673	27.729177475	0.0
34.2111778259	27.7520198822	0.0
34.1917266846	27.7748584747	0.0
34.1722755432	27.7976989746	0.0
34.1528282166	27.8205394745	0.0
34.1333770752	27.8433799744	0.0
34.1139259338	27.8662204742	0.0
34.0944747925	27.8890590668	0.0
34.0750236511	27.9118995667	0.0
34.0555725098	27.9347400665	0.0
34.0361251831	27.9575805664	0.0
34.0166740417	27.9804210663	0.0
34.7261199951	27.1080741882	0.0
34.6964454651	27.1036586761	0.0
34.6667747498	27.0992412567	0.0
34.6371002197	27.0948257446	0.0
34.6074295044	27.0904083252	0.0
34.5777549744	27.0859928131	0.0
34.5480804443	27.0815753937	0.0
34.518409729	27.0771598816	0.0
34.488735199	27.0727424622	0.0
34.4590606689	27.0683269501	0.0
34.4293899536	27.0639095306	0.0
34.3997154236	27.0594921112	0.0
34.3700447083	27.0550765991	0.0
34.3403701782	27.0506591797	0.0
34.3106956482	27.0462436676	0.0
34.2810211182	27.0418262482	0.0
34.22423172	27.0490169525	0.0
34.1965293884	27.0605373383	0.0
34.1688308716	27.0720558167	0.0
34.1411323547	27.0835762024	0.0
34.1134300232	27.0950965881	0.0
34.0857315063	27.1066150665	0.0
34.0580291748	27.1181354523	0.0
34.030330658	27.129655838	0.0
34.0026283264	27.1411743164	0.0
33.9749298096	27.1526947021	0.0
33.9472312927	27.1642131805	0.0
33.9195289612	27.1757335663	0.0
33.8918304443	27.187253952	0.0
33.8641281128	27.1987724304	0.0
33.8364295959	27.2102928162	0.0
33.8087272644	27.2218112946	0.0
33.7810287476	27.2333316803	0.0
33.7533302307	27.244852066	0.0
33.7256278992	27.2563705444	0.0
33.6927566528	27.2829494476	0.0
33.671913147	27.3045253754	0.0
33.6510658264	27.3260993958	0.0
33.6302223206	27.3476753235	0.0
33.6093788147	27.3692512512	0.0
33.5885314941	27.390827179	0.0
33.5676879883	27.4124011993	0.0
33.5468444824	27.4339771271	0.0
33.5260009766	27.4555530548	0.0
33.505153656	27.4771289825	0.0
33.4843101501	27.4987049103	0.0
33.4634666443	27.520280838	0.0
33.4426231384	27.5418567657	0.0
33.4217758179	27.5634307861	0.0
33.400932312	27.5850067139	0.0
33.3800888062	27.6065826416	0.0
33.3592414856	27.6281585693	0.0
33.3383979797	27.6497344971	0.0
33.3175544739	27.6713085175	0.0
33.296710968	27.6928844452	0.0
33.2758636475	27.7144603729	0.0
33.2550201416	27.7360363007	0.0
33.2341766357	27.757610321	0.0
33.2133331299	27.7791862488	0.0
33.1924858093	27.8007621765	0.0
33.1716423035	27.8223381042	0.0
33.1507987976	27.843914032	0.0
33.1299514771	27.8654880524	0.0
33.1091079712	27.8870658875	0.0
33.0882644653	27.9086399078	0.0
33.0674209595	27.9302158356	0.0
33.0465736389	27.9517917633	0.0
33.0257301331	27.973367691	0.0
33.0048866272	27.9949436188	0.0
33.6854324341	27.2510566711	0.0
33.6572608948	27.240737915	0.0
33.6290893555	27.2304191589	0.0
33.6009216309	27.2201023102	0.0
33.5727500916	27.2097835541	0.0
33.5445823669	27.1994667053	0.0
33.5164108276	27.1891479492	0.0
33.488243103	27.1788291931	0.0
33.4600715637	27.1685123444	0.0
33.4319038391	27.1581954956	0.0
33.4037322998	27.1478767395	0.0
33.3755607605	27.1375598907	0.0
33.3473930359	27.1272411346	0.0
33.3192214966	27.1169223785	0.0
33.291053772	27.1066055298	0.0
33.2628822327	27.0962867737	0.0
33.2347145081	27.0859699249	0.0
33.2065429688	27.0756511688	0.0
33.1783714294	27.0653343201	0.0
33.1502037048	27.055015564	0.0
33.1220321655	27.0446987152	0.0
33.0938644409	27.0343799591	0.0
33.0656929016	27.024061203	0.0
33.037525177	27.0137443542	0.0
33.0093536377	27.0034255981	0.0
34.2222595215	27.0330810547	0.0
34.1925849915	27.0286636353	0.0
34.1629104614	27.0242481232	0.0
34.1332397461	27.0198307037	0.0
34.1035652161	27.0154151917	0.0
34.073890686	27.0109977722	0.0
34.0442199707	27.0065822601	0.0
34.0145454407	27.0021648407	0.0
35.278629303	27.210723877	0.0
35.2976036072	27.2339611053	0.0
35.3165779114	27.2572002411	0.0
35.3355522156	27.2804374695	0.0
35.3545227051	27.3036746979	0.0
35.3734970093	27.3269138336	0.0
35.3924713135	27.350151062	0.0
35.4114456177	27.3733882904	0.0
35.4304199219	27.3966255188	0.0
35.4146347046	27.4230995178	0.0
35.3971252441	27.4474601746	0.0
35.3796195984	27.4718227386	0.0
35.3621101379	27.496181488	0.0
35.3446006775	27.5205421448	0.0
35.327091217	27.5449047089	0.0
35.3095817566	27.5692634583	0.0
35.2920761108	27.593624115	0.0
35.2745666504	27.6179866791	0.0
35.2570571899	27.6423454285	0.0
35.2395477295	27.6667060852	0.0
35.222038269	27.6910686493	0.0
35.2045326233	27.7154273987	0.0
35.1870231628	27.7397880554	0.0
35.1695137024	27.7641506195	0.0
35.1520042419	27.7885093689	0.0
35.1344947815	27.812871933	0.0
35.116985321	27.8372325897	0.0
35.0994796753	27.8615913391	0.0
35.0819702148	27.8859539032	0.0
35.0644607544	27.9103145599	0.0
35.0469512939	27.9346733093	0.0
35.0294418335	27.9590358734	0.0
35.011932373	27.9833965302	0.0
35.4527435303	27.4205493927	0.0
35.4733428955	27.4423618317	0.0
35.4939422607	27.4641704559	0.0
35.514541626	27.4859828949	0.0
35.5351371765	27.5077915192	0.0
35.5557365417	27.5296020508	0.0
35.576335907	27.5514125824	0.0
35.5969352722	27.573223114	0.0
35.6175346375	27.5950336456	0.0
35.638130188	27.6168441772	0.0
35.6587295532	27.6386547089	0.0
35.6793289185	27.6604652405	0.0
35.6999282837	27.6822757721	0.0
35.7205276489	27.7040863037	0.0
35.7411231995	27.7258968353	0.0
35.7617225647	27.7477073669	0.0
35.7823219299	27.7695178986	0.0
35.8029212952	27.7913284302	0.0
35.8235206604	27.8131370544	0.0
35.8441162109	27.8349475861	0.0
35.8647155762	27.8567581177	0.0
35.8853149414	27.8785686493	0.0
35.9059143066	27.9003791809	0.0
35.9265136719	27.9221897125	0.0
35.9471130371	27.9440002441	0.0
35.9677085876	27.9658107758	0.0
35.9883079529	27.9876213074	0.0
37.208278656	26.0844554901	0.0
37.1871147156	26.0631942749	0.0
37.1659469604	26.0419330597	0.0
37.14478302	26.0206737518	0.0
37.1236152649	25.9994125366	0.0
37.1024513245	25.9781513214	0.0
37.081287384	25.9568901062	0.0
37.0601196289	25.9356307983	0.0
37.0389556885	25.9143695831	0.0
37.0177879333	25.8931083679	0.0
36.9966239929	25.8718471527	0.0
36.9754562378	25.8505859375	0.0
36.9542922974	25.8293266296	0.0
36.9331283569	25.8080654144	0.0
36.9119606018	25.7868041992	0.0
36.8907966614	25.765542984	0.0
36.8696327209	25.7442817688	0.0
36.8484649658	25.7230224609	0.0
36.8273010254	25.7017612457	0.0
36.8061332703	25.6805000305	0.0
36.7849693298	25.6592388153	0.0
36.7638015747	25.6379776001	0.0
36.7425994873	25.6166763306	0.0
36.7214317322	25.5954151154	0.0
36.7002677917	25.5741558075	0.0
36.6791000366	25.5528945923	0.0
36.6579360962	25.5316333771	0.0
36.6367683411	25.5103721619	0.0
36.6156044006	25.489112854	0.0
36.5944404602	25.4678516388	0.0
36.5732727051	25.4465904236	0.0
36.5521087646	25.4253292084	0.0
36.5309448242	25.4040699005	0.0
36.5097770691	25.3828086853	0.0
36.4886131287	25.3615474701	0.0
36.4674453735	25.3402862549	0.0
36.4462814331	25.319026947	0.0
36.425113678	25.2977657318	0.0
36.4039497375	25.2765045166	0.0
36.3827857971	25.2552433014	0.0
36.361618042	25.2339820862	0.0
36.3404541016	25.2127227783	0.0
36.3192863464	25.1914615631	0.0
36.298122406	25.1702003479	0.0
36.2737541199	25.1526050568	0.0
36.2494277954	25.1350498199	0.0
36.2251014709	25.1174945831	0.0
36.2007713318	25.0999393463	0.0
36.1764450073	25.0823841095	0.0
36.1521186829	25.0648288727	0.0
36.1277923584	25.0472736359	0.0
36.1034622192	25.029718399	0.0
36.123008728	25.0511608124	0.0
36.143371582	25.0731906891	0.0
36.163734436	25.0952224731	0.0
36.18409729	25.1172523499	0.0
36.204460144	25.1392841339	0.0
36.224822998	25.161315918	0.0
36.2451858521	25.1833457947	0.0
36.2655487061	25.2053775787	0.0
36.2859115601	25.2274074554	0.0
36.3062744141	25.2494392395	0.0
36.3266372681	25.2714691162	0.0
36.3470001221	25.2935009003	0.0
36.3673591614	25.315530777	0.0
36.3877258301	25.337562561	0.0
36.4080886841	25.3595924377	0.0
36.4284477234	25.3816242218	0.0
36.4488105774	25.4036540985	0.0
36.4691734314	25.4256858826	0.0
36.4895362854	25.4477176666	0.0
36.5098991394	25.4697475433	0.0
36.5302619934	25.4917793274	0.0
36.5506248474	25.5138092041	0.0
36.5709877014	25.5358409882	0.0
36.5913505554	25.5578727722	0.0
36.6117134094	25.5799026489	0.0
36.6320762634	25.6019325256	0.0
36.6524391174	25.6239643097	0.0
36.6728019714	25.6459941864	0.0
36.6931648254	25.6680259705	0.0
36.7135276794	25.6900577545	0.0
36.7338905334	25.7120876312	0.0
36.7542533875	25.7341194153	0.0
36.7746162415	25.756149292	0.0
36.7949790955	25.778181076	0.0
36.8153381348	25.8002128601	0.0
36.8357048035	25.8222427368	0.0
36.8560676575	25.8442745209	0.0
36.8764266968	25.8663043976	0.0
36.8967895508	25.8883342743	0.0
36.9171524048	25.9103660583	0.0
36.9375152588	25.9323978424	0.0
36.9578781128	25.9544277191	0.0
36.9782409668	25.9764595032	0.0
36.9986038208	25.9984893799	0.0
36.0783195496	25.0115737915	0.0
36.0539932251	24.9940185547	0.0
36.0296669006	24.9764633179	0.0
36.0053367615	24.9589080811	0.0
35.981010437	24.9413547516	0.0
35.9566841125	24.9237995148	0.0
35.9323577881	24.906244278	0.0
35.9080276489	24.8886871338	0.0
35.8785591125	24.8792037964	0.0
35.8499107361	24.8703098297	0.0
35.8212585449	24.8614139557	0.0
35.7926063538	24.8525180817	0.0
35.7639541626	24.843624115	0.0
35.7353057861	24.834728241	0.0
35.7368164062	24.8623275757	0.0
35.7435798645	24.8915557861	0.0
35.7503395081	24.9207839966	0.0
35.7571029663	24.950012207	0.0
35.7638626099	24.9792404175	0.0
35.7706260681	25.0084686279	0.0
35.7773857117	25.0376968384	0.0
35.7841453552	25.0669231415	0.0
35.7909088135	25.0961532593	0.0
35.797668457	25.1253814697	0.0
35.8044319153	25.1546096802	0.0
35.8111915588	25.1838378906	0.0
35.8179550171	25.2130641937	0.0
35.8247146606	25.2422924042	0.0
35.8314781189	25.2715206146	0.0
35.8382377625	25.3007488251	0.0
35.8450012207	25.3299770355	0.0
35.8517608643	25.359205246	0.0
35.8585243225	25.3884334564	0.0
35.8652839661	25.4176616669	0.0
35.8720474243	25.4468898773	0.0
35.8788070679	25.4761180878	0.0
35.8855705261	25.5053462982	0.0
35.8923301697	25.5345745087	0.0
35.8990936279	25.5638027191	0.0
35.9058532715	25.5930309296	0.0
35.9126167297	25.62225914	0.0
35.9193763733	25.6514873505	0.0
35.9261398315	25.6807155609	0.0
35.9328994751	25.7099437714	0.0
35.9396591187	25.7391700745	0.0
35.9464225769	25.7683982849	0.0
35.9531822205	25.7976264954	0.0
35.9599456787	25.8268547058	0.0
35.9667053223	25.8560829163	0.0
35.9734687805	25.8853111267	0.0
35.9802284241	25.9145393372	0.0
35.9869918823	25.9437675476	0.0
35.9937515259	25.9729957581	0.0
35.7014045715	24.8242053986	0.0
35.6727523804	24.8153095245	0.0
35.6441040039	24.8064155579	0.0
35.6154518127	24.7975196838	0.0
35.5867996216	24.7886257172	0.0
35.5581512451	24.7797298431	0.0
35.5355224609	24.7536449432	0.0
35.5181465149	24.7291908264	0.0
35.5007705688	24.7047367096	0.0
35.4833908081	24.6802806854	0.0
35.4660148621	24.6558265686	0.0
35.448638916	24.6313705444	0.0
35.4312591553	24.6069164276	0.0
35.4138832092	24.5824604034	0.0
35.3965072632	24.5580062866	0.0
35.3791313171	24.5335521698	0.0
35.3617515564	24.5090961456	0.0
35.3443756104	24.4846420288	0.0
35.3269996643	24.460187912	0.0
35.3096199036	24.4357318878	0.0
35.2922439575	24.411277771	0.0
35.2748680115	24.3868236542	0.0
35.2574882507	24.36236763	0.0
35.2401123047	24.3379135132	0.0
35.2227363586	24.313457489	0.0
35.2053604126	24.2890033722	0.0
35.1879806519	24.2645492554	0.0
35.1706047058	24.2400932312	0.0
35.1532287598	24.2156391144	0.0
35.1358528137	24.1911830902	0.0
35.118473053	24.1667289734	0.0
35.1010971069	24.1422748566	0.0
35.0837211609	24.1178207397	0.0
35.0663414001	24.0933647156	0.0
35.0489654541	24.0689105988	0.0
35.0315895081	24.0444545746	0.0
35.014213562	24.0200004578	0.0
35.5232200623	24.7824630737	0.0
35.4935379028	24.7868270874	0.0
35.4638557434	24.7911891937	0.0
35.4341773987	24.7955532074	0.0
35.4044952393	24.7999172211	0.0
35.3748130798	24.8042793274	0.0
35.3451347351	24.8086433411	0.0
35.3154525757	24.8130073547	0.0
35.2857704163	24.8173713684	0.0
35.2560882568	24.8217334747	0.0
35.2264099121	24.8260974884	0.0
35.1760520935	24.8334999084	0.0
35.1463699341	24.8378639221	0.0
35.1166915894	24.8422279358	0.0
35.0870094299	24.8465919495	0.0
35.0573272705	24.8509540558	0.0
35.0313072205	24.8846435547	0.0
35.0304641724	24.9146327972	0.0
35.029624939	24.9446201324	0.0
35.0287818909	24.9746074677	0.0
35.0279426575	25.0045967102	0.0
35.0270996094	25.0345859528	0.0
35.0262565613	25.064573288	0.0
35.0254135132	25.0945606232	0.0
35.0245742798	25.1245498657	0.0
35.0237312317	25.1545372009	0.0
35.0228881836	25.1845264435	0.0
35.0220489502	25.2145137787	0.0
35.0212059021	25.2445011139	0.0
35.0203666687	25.2744903564	0.0
35.0195236206	25.3044776917	0.0
35.0186805725	25.3344669342	0.0
35.0178413391	25.3644542694	0.0
35.016998291	25.394443512	0.0
35.0161552429	25.4244308472	0.0
35.0153121948	25.4544181824	0.0
35.0144729614	25.4844074249	0.0
35.0136299133	25.5143966675	0.0
35.0127906799	25.5443840027	0.0
35.0119476318	25.5743713379	0.0
35.0111045837	25.6043605804	0.0
35.0102653503	25.6343479156	0.0
35.0094223022	25.6643371582	0.0
35.0085792542	25.6943244934	0.0
35.0077362061	25.724313736	0.0
35.0068969727	25.7543010712	0.0
35.0060539246	25.7842884064	0.0
35.0052146912	25.8142776489	0.0
35.0043716431	25.8442668915	0.0
35.003528595	25.8742542267	0.0
35.0026893616	25.9042415619	0.0
35.0018463135	25.9342308044	0.0
35.0010032654	25.9642181396	0.0
35.000164032	25.9942073822	0.0
35.0024681091	24.8590183258	0.0
34.9727897644	24.8633823395	0.0
34.943107605	24.8677463531	0.0
34.9134254456	24.8721084595	0.0
34.8837432861	24.8764724731	0.0
34.8301086426	24.8896656036	0.0
34.8016471863	24.8991565704	0.0
34.7731895447	24.9086475372	0.0
34.7447319031	24.918138504	0.0
34.7162704468	24.9276294708	0.0
34.6878128052	24.9371204376	0.0
34.6593513489	24.9466114044	0.0
34.6308937073	24.9561023712	0.0
34.602432251	24.965593338	0.0
34.5739746094	24.9750843048	0.0
34.5455169678	24.9845752716	0.0
34.5170555115	24.9940662384	0.0
34.4885978699	25.0035572052	0.0
34.4601402283	25.013048172	0.0
34.431678772	25.0225391388	0.0
34.4032211304	25.0320301056	0.0
34.3747596741	25.0415210724	0.0
34.3463020325	25.0510120392	0.0
34.3178443909	25.060503006	0.0
34.2893829346	25.0699939728	0.0
34.255569458	25.1073608398	0.0
34.2473106384	25.1362018585	0.0
34.2390518188	25.1650428772	0.0
34.230796814	25.1938838959	0.0
34.2225379944	25.2227249146	0.0
34.2142791748	25.2515659332	0.0
34.2060241699	25.2804069519	0.0
34.1977653503	25.3092479706	0.0
34.1895065308	25.3380889893	0.0
34.1812515259	25.3669300079	0.0
34.1729927063	25.395772934	0.0
34.1647377014	25.4246139526	0.0
34.1564788818	25.453453064	0.0
34.1482200623	25.4822940826	0.0
34.1399650574	25.5111351013	0.0
34.1317062378	25.5399780273	0.0
34.1234474182	25.568819046	0.0
34.1151924133	25.5976600647	0.0
34.1069335938	25.6265010834	0.0
34.0986785889	25.6553421021	0.0
34.0904197693	25.6841831207	0.0
34.0821609497	25.7130241394	0.0
34.0739059448	25.7418651581	0.0
34.0656471252	25.7707061768	0.0
34.0573883057	25.7995491028	0.0
34.0491333008	25.8283901215	0.0
34.0408744812	25.8572311401	0.0
34.0326194763	25.8860721588	0.0
34.0243606567	25.9149131775	0.0
34.0161018372	25.9437541962	0.0
34.0078468323	25.9725952148	0.0
34.2353668213	25.0880088806	0.0
34.206905365	25.0974998474	0.0
34.1784477234	25.1069908142	0.0
34.1499862671	25.116481781	0.0
34.1215286255	25.1259727478	0.0
34.0930709839	25.1354637146	0.0
34.0646095276	25.1449546814	0.0
34.036151886	25.1544456482	0.0
34.0076942444	25.163936615	0.0
33.9792327881	25.1734294891	0.0
33.9507751465	25.1829204559	0.0
33.9223175049	25.1924114227	0.0
33.8938560486	25.2019023895	0.0
33.865398407	25.2113933563	0.0
33.8369369507	25.2208843231	0.0
33.8084793091	25.2303752899	0.0
33.7800216675	25.2398662567	0.0
33.7515602112	25.2493572235	0.0
33.7231025696	25.2588481903	0.0
33.6946411133	25.2683391571	0.0
33.6487083435	25.2988834381	0.0
33.6283340454	25.3209037781	0.0
33.6079597473	25.3429222107	0.0
33.5875854492	25.3649425507	0.0
33.5672111511	25.386964798	0.0
33.546836853	25.4089832306	0.0
33.5264625549	25.4310035706	0.0
33.5060882568	25.4530239105	0.0
33.4857177734	25.4750442505	0.0
33.4653396606	25.4970645905	0.0
33.4449653625	25.5190849304	0.0
33.4245948792	25.5411052704	0.0
33.4042205811	25.5631256104	0.0
33.3838424683	25.5851459503	0.0
33.3634681702	25.6071662903	0.0
33.3430976868	25.6291866302	0.0
33.3227233887	25.6512050629	0.0
33.3023452759	25.6732273102	0.0
33.2819747925	25.6952476501	0.0
33.2616004944	25.7172660828	0.0
33.2412261963	25.7392864227	0.0
33.2208518982	25.76130867	0.0
33.2004776001	25.7833271027	0.0
33.180103302	25.8053474426	0.0
33.1597290039	25.8273677826	0.0
33.1393547058	25.8493881226	0.0
33.1189804077	25.8714084625	0.0
33.0986061096	25.8934288025	0.0
33.0782318115	25.9154491425	0.0
33.0578575134	25.9374694824	0.0
33.0374832153	25.9594898224	0.0
33.0171089172	25.9815101624	0.0
33.639957428	25.2696743011	0.0
33.6108322144	25.2624874115	0.0
33.581703186	25.2553005219	0.0
33.5525779724	25.2481117249	0.0
33.5234527588	25.2409248352	0.0
33.4943275452	25.2337360382	0.0
33.4651985168	25.2265491486	0.0
33.4360733032	25.2193603516	0.0
33.4069480896	25.2121734619	0.0
33.377822876	25.2049865723	0.0
33.3426513672	25.1963062286	0.0
33.3135223389	25.189119339	0.0
33.2843971252	25.181930542	0.0
33.2552719116	25.1747436523	0.0
33.226146698	25.1675567627	0.0
33.1970176697	25.1603679657	0.0
33.1678924561	25.1531791687	0.0
33.1387672424	25.1459922791	0.0
33.1096420288	25.1388053894	0.0
33.0805130005	25.1316165924	0.0
33.0595664978	25.1040878296	0.0
33.0446662903	25.0780506134	0.0
33.0297660828	25.0520133972	0.0
33.0148658752	25.0259742737	0.0
33.0466880798	25.1188049316	0.0
33.0189056396	25.1074848175	0.0
32.9911231995	25.0961647034	0.0
32.9633407593	25.0848426819	0.0
32.9355583191	25.0735225677	0.0
32.9077758789	25.0622024536	0.0
32.8799934387	25.0508823395	0.0
32.8522109985	25.0395622253	0.0
32.8244285583	25.0282402039	0.0
32.7966461182	25.0169200897	0.0
32.7688674927	25.0055999756	0.0
32.7410850525	24.9942798615	0.0
32.7133026123	24.9829597473	0.0
32.6855201721	24.9716396332	0.0
32.6577377319	24.9603176117	0.0
32.6299552917	24.9489974976	0.0
32.6021728516	24.9376773834	0.0
32.5743904114	24.9263572693	0.0
32.5466079712	24.9150352478	0.0
32.518825531	24.9037151337	0.0
32.4862670898	24.9080352783	0.0
32.4567909241	24.9136104584	0.0
32.4273147583	24.9191856384	0.0
32.3978347778	24.9247608185	0.0
32.3683586121	24.9303340912	0.0
32.3388824463	24.9359092712	0.0
32.3094024658	24.9414844513	0.0
32.2799263	24.9470596313	0.0
32.2504463196	24.9526348114	0.0
32.2209701538	24.9582080841	0.0
32.191493988	24.9637832642	0.0
32.1620178223	24.9693584442	0.0
32.1325378418	24.9749336243	0.0
32.103061676	24.9805088043	0.0
32.0735816956	24.9860839844	0.0
32.0441055298	24.9916591644	0.0
32.014629364	24.9972324371	0.0
32.5008583069	24.8764133453	0.0
32.4859733582	24.8503665924	0.0
32.4710884094	24.8243198395	0.0
32.4562034607	24.7982730865	0.0
32.441318512	24.7722263336	0.0
32.4264335632	24.7461795807	0.0
32.4115486145	24.7201347351	0.0
32.3966636658	24.6940860748	0.0
32.381778717	24.6680412292	0.0
32.3668937683	24.6419944763	0.0
32.3520088196	24.6159477234	0.0
32.3371200562	24.5899009705	0.0
32.3222351074	24.5638542175	0.0
32.3073501587	24.5378074646	0.0
32.29246521	24.5117607117	0.0
32.2775802612	24.4857139587	0.0
32.2626953125	24.4596672058	0.0
32.2478103638	24.4336204529	0.0
32.232925415	24.4075737	0.0
32.2180404663	24.3815288544	0.0
32.2031517029	24.3554801941	0.0
32.1882667542	24.3294334412	0.0
32.1733818054	24.3033885956	0.0
32.1584968567	24.2773418427	0.0
32.143611908	24.2512950897	0.0
32.1287269592	24.2252483368	0.0
32.1138420105	24.1992015839	0.0
32.0989570618	24.1731548309	0.0
32.084072113	24.147108078	0.0
32.0691833496	24.1210613251	0.0
32.0542984009	24.0950145721	0.0
32.0394134521	24.0689678192	0.0
32.0245285034	24.0429210663	0.0
32.0096435547	24.0168743134	0.0
33.4003181458	25.1942481995	0.0
33.428855896	25.185005188	0.0
33.4573974609	25.1757602692	0.0
33.4859352112	25.1665153503	0.0
33.5144767761	25.1572704315	0.0
33.5430183411	25.1480255127	0.0
33.5715560913	25.1387805939	0.0
33.6000976562	25.129535675	0.0
33.6286354065	25.1202926636	0.0
33.6571769714	25.1110477448	0.0
33.6857185364	25.1018028259	0.0
33.7142562866	25.0925579071	0.0
33.7427978516	25.0833129883	0.0
33.7713394165	25.0740680695	0.0
33.7998771667	25.0648231506	0.0
33.8284187317	25.0555782318	0.0
33.8569564819	25.046333313	0.0
33.8854980469	25.0370903015	0.0
33.9140396118	25.0278453827	0.0
33.9425773621	25.0186004639	0.0
33.971118927	25.009355545	0.0
33.9996566772	25.0001106262	0.0
34.8814544678	24.8995666504	0.0
34.9043464661	24.9189586639	0.0
34.9272346497	24.9383525848	0.0
34.9501228333	24.9577445984	0.0
34.9730148315	24.9771366119	0.0
34.9959030151	24.9965286255	0.0
35.1840438843	24.8084125519	0.0
35.1623535156	24.7876873016	0.0
35.140663147	24.766960144	0.0
35.1189727783	24.7462368011	0.0
35.0972824097	24.7255115509	0.0
35.075592041	24.7047863007	0.0
35.0539016724	24.6840591431	0.0
35.0322113037	24.6633358002	0.0
35.0105209351	24.6426105499	0.0
34.9888305664	24.6218852997	0.0
34.9671401978	24.6011600494	0.0
34.9454498291	24.5804347992	0.0
34.9237594604	24.559709549	0.0
34.9020690918	24.5389842987	0.0
34.8803787231	24.5182590485	0.0
34.8586883545	24.4975337982	0.0
34.8369979858	24.476808548	0.0
34.8153076172	24.4560832977	0.0
34.7936172485	24.4353580475	0.0
34.7719306946	24.4146327972	0.0
34.7502365112	24.393907547	0.0
34.7285461426	24.3731822968	0.0
34.7068595886	24.3524570465	0.0
34.68516922	24.3317317963	0.0
34.6634788513	24.311006546	0.0
34.6417884827	24.2902812958	0.0
34.620098114	24.2695560455	0.0
34.5984077454	24.2488307953	0.0
34.5767173767	24.228105545	0.0
34.5267791748	24.2146205902	0.0
34.4974250793	24.2208003998	0.0
34.4680671692	24.2269802094	0.0
34.438709259	24.2331600189	0.0
34.4093551636	24.2393398285	0.0
34.364780426	24.2274875641	0.0
34.3393249512	24.2116146088	0.0
34.3138694763	24.1957397461	0.0
34.2884140015	24.1798648834	0.0
34.2629585266	24.1639881134	0.0
34.2375030518	24.1481132507	0.0
34.2120475769	24.1322383881	0.0
34.1865921021	24.1163635254	0.0
34.1611366272	24.1004886627	0.0
34.1356811523	24.0846138	0.0
34.1102256775	24.0687389374	0.0
34.0847702026	24.0528640747	0.0
34.0593147278	24.036989212	0.0
34.0338592529	24.0211143494	0.0
34.0084037781	24.0052394867	0.0
34.3662910461	24.2252902985	0.0
34.3423461914	24.2072181702	0.0
34.3184013367	24.1891441345	0.0
34.2944564819	24.1710720062	0.0
34.2705116272	24.1529998779	0.0
34.2465667725	24.1349258423	0.0
34.222618103	24.116853714	0.0
34.1986732483	24.0987815857	0.0
34.1747283936	24.08070755	0.0
34.1507835388	24.0626354218	0.0
34.1268386841	24.0445613861	0.0
34.1028938293	24.0264892578	0.0
34.0789489746	24.0084152222	0.0
34.0550041199	23.9903430939	0.0
34.0310592651	23.9722709656	0.0
34.0071144104	23.9541988373	0.0
33.9831695557	23.9361248016	0.0
33.9592247009	23.9180526733	0.0
33.9352760315	23.8999786377	0.0
33.9113311768	23.8819065094	0.0
33.887386322	23.8638343811	0.0
33.8634414673	23.8457603455	0.0
33.8394966125	23.8276882172	0.0
33.8155517578	23.8096141815	0.0
33.7916069031	23.7915420532	0.0
33.7573776245	23.7496452332	0.0
33.7434539795	23.723072052	0.0
33.7295303345	23.6965007782	0.0
33.7156028748	23.669927597	0.0
33.7016792297	23.6433544159	0.0
33.6877555847	23.6167831421	0.0
33.673828125	23.5902099609	0.0
33.65990448	23.5636386871	0.0
33.645980835	23.537065506	0.0
33.6320533752	23.5104923248	0.0
33.6181297302	23.4839191437	0.0
33.6042060852	23.4573478699	0.0
33.5902824402	23.4307746887	0.0
33.5763549805	23.4042015076	0.0
33.5624313354	23.3776302338	0.0
33.5485076904	23.3510570526	0.0
33.5345802307	23.3244857788	0.0
33.5024681091	23.2972049713	0.0
33.4766464233	23.2819328308	0.0
33.4508247375	23.266658783	0.0
33.4250068665	23.2513866425	0.0
33.399181366	23.2361125946	0.0
33.3733634949	23.2208404541	0.0
33.3475418091	23.2055664062	0.0
33.3217201233	23.1902942657	0.0
33.2958984375	23.1750202179	0.0
33.2700767517	23.1597480774	0.0
33.2343711853	23.1525592804	0.0
33.2045974731	23.1488800049	0.0
33.174823761	23.1452007294	0.0
33.1450500488	23.1415195465	0.0
33.1152763367	23.137840271	0.0
33.0855026245	23.1341590881	0.0
33.0557327271	23.13048172	0.0
33.0259552002	23.1268005371	0.0
32.9961853027	23.1231212616	0.0
32.9664115906	23.1194400787	0.0
32.9366378784	23.1157608032	0.0
32.9068641663	23.1120815277	0.0
32.8770904541	23.1084022522	0.0
32.8473167419	23.1047210693	0.0
32.8175430298	23.1010417938	0.0
32.7877693176	23.0973625183	0.0
32.7579956055	23.0936832428	0.0
32.7282218933	23.0900020599	0.0
32.6984481812	23.0863227844	0.0
32.668674469	23.0826435089	0.0
32.6389007568	23.0789642334	0.0
32.6091308594	23.0752830505	0.0
32.5793533325	23.071603775	0.0
32.5495834351	23.0679244995	0.0
32.5198097229	23.064245224	0.0
32.4900360107	23.0605659485	0.0
32.4602622986	23.0568847656	0.0
32.4304885864	23.0532054901	0.0
32.4007148743	23.0495243073	0.0
32.3709411621	23.0458469391	0.0
32.34116745	23.0421657562	0.0
32.3113937378	23.0384864807	0.0
32.2816200256	23.0348052979	0.0
32.2518463135	23.0311260223	0.0
32.2220726013	23.0274467468	0.0
32.1922988892	23.0237674713	0.0
32.162525177	23.0200862885	0.0
32.1327514648	23.0164070129	0.0
32.1029815674	23.0127277374	0.0
32.0732078552	23.0090484619	0.0
32.0434341431	23.0053672791	0.0
32.0136604309	23.0016880035	0.0
33.2383232117	23.1409664154	0.0
33.2125015259	23.1256923676	0.0
33.1866798401	23.1104202271	0.0
33.1608581543	23.0951461792	0.0
33.1350402832	23.0798740387	0.0
33.1092185974	23.0646018982	0.0
33.0833969116	23.0493278503	0.0
33.0575752258	23.0340557098	0.0
33.03175354	23.018781662	0.0
33.0059318542	23.0035095215	0.0
33.5170898438	23.2846488953	0.0
33.5058860779	23.2568187714	0.0
33.494682312	23.2289886475	0.0
33.4834823608	23.2011585236	0.0
33.472278595	23.1733283997	0.0
33.4610786438	23.1454963684	0.0
33.4498748779	23.1176662445	0.0
33.4386749268	23.0898361206	0.0
33.4274711609	23.0620079041	0.0
33.4162712097	23.0341777802	0.0
33.4050674438	23.0063476562	0.0
33.3938674927	22.9785175323	0.0
33.3826637268	22.9506874084	0.0
33.3714637756	22.9228553772	0.0
33.3602600098	22.8950252533	0.0
33.3490562439	22.8671951294	0.0
33.3378562927	22.8393669128	0.0
33.3266525269	22.8115367889	0.0
33.3154525757	22.783706665	0.0
33.3042488098	22.7558765411	0.0
33.2930488586	22.7280464172	0.0
33.2818450928	22.700214386	0.0
33.2706451416	22.6723842621	0.0
33.2594413757	22.6445541382	0.0
33.2482414246	22.6167259216	0.0
33.2370376587	22.5888957977	0.0
33.2258377075	22.5610656738	0.0
33.2146339417	22.5332355499	0.0
33.2034301758	22.505405426	0.0
33.1922302246	22.4775753021	0.0
33.1810264587	22.4497432709	0.0
33.1698265076	22.421913147	0.0
33.1586227417	22.3940849304	0.0
33.1474227905	22.3662548065	0.0
33.1362190247	22.3384246826	0.0
33.1250190735	22.3105945587	0.0
33.1138153076	22.2827644348	0.0
33.1026153564	22.2549343109	0.0
33.0914115906	22.2271022797	0.0
33.0802116394	22.1992721558	0.0
33.0690078735	22.1714439392	0.0
33.0578041077	22.1436138153	0.0
33.0466041565	22.1157836914	0.0
33.0354003906	22.0879535675	0.0
33.0242004395	22.0601234436	0.0
33.0129966736	22.0322933197	0.0
33.0017967224	22.0044631958	0.0
33.7424926758	23.784576416	0.0
33.7136802673	23.7929363251	0.0
33.6848678589	23.8012962341	0.0
33.6560554504	23.8096542358	0.0
33.627243042	23.8180141449	0.0
33.5984306335	23.826374054	0.0
33.5696182251	23.8347320557	0.0
33.5408096313	23.8430938721	0.0
33.5119972229	23.8514518738	0.0
33.4831848145	23.8598117828	0.0
33.454372406	23.8681716919	0.0
33.4255599976	23.8765296936	0.0
33.3967475891	23.8848896027	0.0
33.3679351807	23.8932495117	0.0
33.3391265869	23.9016075134	0.0
33.3103141785	23.9099674225	0.0
33.28150177	23.9183254242	0.0
33.2526893616	23.9266853333	0.0
33.2238769531	23.9350452423	0.0
33.1950645447	23.943403244	0.0
33.1662521362	23.9517631531	0.0
33.1374435425	23.9601230621	0.0
33.108631134	23.9684810638	0.0
33.0798187256	23.9768428802	0.0
33.0510063171	23.985200882	0.0
33.0221939087	23.993560791	0.0
34.5435943604	24.1811885834	0.0
34.5310554504	24.1539363861	0.0
34.5185127258	24.1266841888	0.0
34.5059700012	24.0994319916	0.0
34.4934272766	24.0721797943	0.0
34.480884552	24.044927597	0.0
34.4683456421	24.0176734924	0.0
34.4558029175	23.9904212952	0.0
34.4432601929	23.9631690979	0.0
34.4307174683	23.9359169006	0.0
34.4181747437	23.9086647034	0.0
34.4056358337	23.8814105988	0.0
34.3930931091	23.8541584015	0.0
34.3805503845	23.8269062042	0.0
34.3680076599	23.799654007	0.0
34.35546875	23.7724018097	0.0
34.3429260254	23.7451496124	0.0
34.3303833008	23.7178955078	0.0
34.3178405762	23.6906433105	0.0
34.3052978516	23.6633911133	0.0
34.292755127	23.636138916	0.0
34.280216217	23.6088867188	0.0
34.2676734924	23.5816345215	0.0
34.2551307678	23.5543804169	0.0
34.2425918579	23.5271282196	0.0
34.2300491333	23.4998760223	0.0
34.2175064087	23.4726238251	0.0
34.2049636841	23.4453716278	0.0
34.1924209595	23.4181175232	0.0
34.1798782349	23.3908653259	0.0
34.167339325	23.3636131287	0.0
34.1547966003	23.3363609314	0.0
34.1422538757	23.3091087341	0.0
34.1297111511	23.2818565369	0.0
34.1171722412	23.2546024323	0.0
34.1046295166	23.227350235	0.0
34.092086792	23.2000980377	0.0
34.0795440674	23.1728458405	0.0
34.0670013428	23.1455936432	0.0
34.0544624329	23.1183395386	0.0
34.0419197083	23.0910873413	0.0
34.0293769836	23.063835144	0.0
34.016834259	23.0365829468	0.0
34.0042953491	23.0093307495	0.0
35.9086837769	24.8581352234	0.0
35.91015625	24.8281707764	0.0
35.9116287231	24.7982063293	0.0
35.9131011963	24.7682437897	0.0
35.9145736694	24.7382793427	0.0
35.9160461426	24.708316803	0.0
35.9175186157	24.678352356	0.0
35.9189910889	24.6483879089	0.0
35.920463562	24.6184234619	0.0
35.9219360352	24.5884609222	0.0
35.9234085083	24.5584964752	0.0
35.9248809814	24.5285339355	0.0
35.9263534546	24.4985694885	0.0
35.9278259277	24.4686050415	0.0
35.9292984009	24.4386405945	0.0
35.930770874	24.4086780548	0.0
35.9322433472	24.3787136078	0.0
35.9337158203	24.3487491608	0.0
35.9351882935	24.3187866211	0.0
35.9366607666	24.2888221741	0.0
35.9381332397	24.2588577271	0.0
35.9396057129	24.2288951874	0.0
35.941078186	24.1989307404	0.0
35.9425506592	24.1689662933	0.0
35.9440231323	24.1390037537	0.0
35.9454956055	24.1090393066	0.0
35.9469718933	24.0790748596	0.0
35.9484405518	24.0491123199	0.0
35.9499168396	24.0191478729	0.0
35.9513893127	23.9891834259	0.0
35.9528617859	23.9592208862	0.0
35.954334259	23.9292564392	0.0
35.9558067322	23.8992919922	0.0
35.9572792053	23.8693275452	0.0
35.9587516785	23.8393650055	0.0
35.9602241516	23.8094005585	0.0
35.9616966248	23.7794361115	0.0
35.9643554688	23.725276947	0.0
35.9658317566	23.6953125	0.0
35.967300415	23.665348053	0.0
35.9687767029	23.635383606	0.0
35.9702453613	23.6054191589	0.0
35.9717216492	23.5754566193	0.0
35.9731903076	23.5454921722	0.0
35.9746665955	23.5155296326	0.0
35.9761352539	23.4855651855	0.0
35.9776115417	23.4556007385	0.0
35.9790840149	23.4256362915	0.0
35.980556488	23.3956737518	0.0
35.9564323425	23.3610496521	0.0
35.931427002	23.3444766998	0.0
35.9064178467	23.3279056549	0.0
35.8814125061	23.31133461	0.0
35.8564033508	23.2947635651	0.0
35.8313941956	23.2781925201	0.0
35.806388855	23.2616214752	0.0
35.7813796997	23.2450485229	0.0
35.7563705444	23.228477478	0.0
35.7313652039	23.2119064331	0.0
35.7063560486	23.1953353882	0.0
35.6813468933	23.1787643433	0.0
35.6660385132	23.1342277527	0.0
35.6745147705	23.1054477692	0.0
35.6829872131	23.076669693	0.0
35.6914596558	23.0478916168	0.0
35.6999320984	23.0191135406	0.0
35.7084083557	22.9903354645	0.0
35.7168807983	22.961555481	0.0
35.725353241	22.9327774048	0.0
35.7338294983	22.9039993286	0.0
35.7423019409	22.8752212524	0.0
35.7507743835	22.8464412689	0.0
35.7592468262	22.8176631927	0.0
35.7677230835	22.7888851166	0.0
35.7761955261	22.7601070404	0.0
35.7846679688	22.7313270569	0.0
35.7931404114	22.7025508881	0.0
35.8016166687	22.6737709045	0.0
35.8100891113	22.6449928284	0.0
35.818561554	22.6162147522	0.0
35.8270378113	22.587436676	0.0
35.8355102539	22.5586585999	0.0
35.8439826965	22.5298786163	0.0
35.8524551392	22.5011005402	0.0
35.8609313965	22.472322464	0.0
35.8694038391	22.4435443878	0.0
35.8778762817	22.4147644043	0.0
35.8863525391	22.3859863281	0.0
35.8948249817	22.357208252	0.0
35.9032974243	22.3284301758	0.0
35.9117698669	22.2996501923	0.0
35.9202461243	22.2708721161	0.0
35.9287185669	22.2420940399	0.0
35.9371910095	22.2133159637	0.0
35.9456634521	22.1845378876	0.0
35.9541397095	22.1557598114	0.0
35.9626121521	22.1269817352	0.0
35.9710845947	22.0982017517	0.0
35.9795608521	22.0694236755	0.0
35.9880332947	22.0406455994	0.0
35.9965057373	22.0118675232	0.0
35.6325569153	23.1464347839	0.0
35.6075515747	23.129863739	0.0
35.5825424194	23.1132907867	0.0
35.5575332642	23.0967197418	0.0
35.5325279236	23.0801486969	0.0
35.5075187683	23.063577652	0.0
35.482509613	23.0470066071	0.0
35.4575042725	23.0304355621	0.0
35.4324951172	23.0138645172	0.0
35.4074897766	22.9972915649	0.0
35.3824806213	22.98072052	0.0
35.3574714661	22.9641494751	0.0
35.3040428162	22.9529762268	0.0
35.274394989	22.9575614929	0.0
35.2447471619	22.962146759	0.0
35.2150993347	22.9667320251	0.0
35.1854515076	22.9713172913	0.0
35.1558036804	22.9759025574	0.0
35.126159668	22.9804878235	0.0
35.0965118408	22.9850730896	0.0
35.0668640137	22.9896583557	0.0
35.0372161865	22.9942436218	0.0
35.0075683594	22.9988307953	0.0
35.3237342834	22.920091629	0.0
35.3137741089	22.8917922974	0.0
35.303817749	22.8634929657	0.0
35.2938613892	22.835193634	0.0
35.2839050293	22.8068943024	0.0
35.2739486694	22.7785930634	0.0
35.2639923096	22.750295639	0.0
35.254032135	22.7219963074	0.0
35.2440757751	22.6936950684	0.0
35.2341194153	22.665397644	0.0
35.2241630554	22.637096405	0.0
35.2142066956	22.6087970734	0.0
35.204246521	22.580499649	0.0
35.1942901611	22.55219841	0.0
35.1843338013	22.5238990784	0.0
35.1743774414	22.4955997467	0.0
35.1644172668	22.467300415	0.0
35.154460907	22.4390010834	0.0
35.1445045471	22.4107017517	0.0
35.1345481873	22.38240242	0.0
35.1245918274	22.3541030884	0.0
35.1146354675	22.3258037567	0.0
35.104675293	22.297504425	0.0
35.0947189331	22.2692050934	0.0
35.0847625732	22.2409057617	0.0
35.0748062134	22.2126064301	0.0
35.0648498535	22.1843070984	0.0
35.054889679	22.1560077667	0.0
35.0449333191	22.1277084351	0.0
35.0349769592	22.0994091034	0.0
35.0250205994	22.0711097717	0.0
35.0150642395	22.0428104401	0.0
35.0051078796	22.0145111084	0.0
35.9829139709	23.34765625	0.0
35.9843864441	23.317691803	0.0
35.9858589172	23.287727356	0.0
35.9873313904	23.2577648163	0.0
35.9888038635	23.2278003693	0.0
35.9902763367	23.1978378296	0.0
35.9917488098	23.1678733826	0.0
35.993221283	23.1379089355	0.0
35.9946937561	23.1079444885	0.0
35.9961662292	23.0779819489	0.0
35.9976387024	23.0480175018	0.0
35.9991111755	23.0180530548	0.0
35.9871368408	23.7375793457	0.0
36.0113868713	23.7199192047	0.0
36.0356369019	23.7022590637	0.0
36.0598907471	23.6845989227	0.0
36.0841407776	23.6669387817	0.0
36.1083908081	23.6492786407	0.0
36.1326446533	23.6316184998	0.0
36.1568946838	23.6139583588	0.0
36.1811447144	23.5962982178	0.0
36.2053985596	23.5786380768	0.0
36.2296485901	23.5609798431	0.0
36.2538986206	23.5433197021	0.0
36.2781524658	23.5256595612	0.0
36.3024024963	23.5079994202	0.0
36.3266525269	23.4903392792	0.0
36.3509025574	23.4726791382	0.0
36.3751564026	23.4550189972	0.0
36.3994064331	23.4373588562	0.0
36.4236564636	23.4196987152	0.0
36.4479103088	23.4020385742	0.0
36.4721603394	23.3843784332	0.0
36.4964103699	23.3667182922	0.0
36.5206642151	23.3490581512	0.0
36.5449142456	23.3313999176	0.0
36.5691642761	23.3137397766	0.0
36.5934181213	23.2960796356	0.0
36.6176681519	23.2784194946	0.0
36.6419181824	23.2607574463	0.0
36.6661720276	23.2430973053	0.0
36.6904220581	23.2254371643	0.0
36.7146720886	23.2077789307	0.0
36.7389221191	23.1901187897	0.0
36.7631759644	23.1724586487	0.0
36.7874259949	23.1547985077	0.0
36.8116798401	23.1371383667	0.0
36.8359298706	23.1194782257	0.0
36.8601799011	23.1018180847	0.0
36.8844337463	23.0841579437	0.0
36.9086837769	23.0664978027	0.0
36.9329338074	23.0488376617	0.0
36.9571876526	23.0311775208	0.0
36.9814376831	23.0135173798	0.0
36.3014068604	25.1403446198	0.0
36.3047332764	25.1105308533	0.0
36.3080558777	25.0807132721	0.0
36.3113822937	25.0508995056	0.0
36.314704895	25.0210838318	0.0
36.318031311	24.991268158	0.0
36.3213577271	24.9614543915	0.0
36.3246803284	24.9316387177	0.0
36.3280067444	24.9018230438	0.0
36.3313293457	24.87200737	0.0
36.3346557617	24.8421936035	0.0
36.337978363	24.8123779297	0.0
36.3413047791	24.7825622559	0.0
36.3446273804	24.752746582	0.0
36.3479537964	24.7229328156	0.0
36.3512802124	24.6931171417	0.0
36.3546028137	24.6633014679	0.0
36.3579292297	24.6334877014	0.0
36.3612518311	24.6036701202	0.0
36.3645782471	24.5738563538	0.0
36.3679046631	24.5440406799	0.0
36.3536148071	24.4905338287	0.0
36.3360710144	24.4661979675	0.0
36.3185272217	24.4418621063	0.0
36.300983429	24.4175262451	0.0
36.2834396362	24.3931903839	0.0
36.2658958435	24.3688545227	0.0
36.2483558655	24.3445186615	0.0
36.2308120728	24.3201828003	0.0
36.21326828	24.2958469391	0.0
36.1957244873	24.2715110779	0.0
36.1781806946	24.2471752167	0.0
36.1606369019	24.2228393555	0.0
36.1430931091	24.1985034943	0.0
36.1255531311	24.1741676331	0.0
36.1080093384	24.1498317719	0.0
36.0904655457	24.1254959106	0.0
36.0729217529	24.1011581421	0.0
36.0553817749	24.0768222809	0.0
36.0378379822	24.0524864197	0.0
36.0202941895	24.0281505585	0.0
36.0027503967	24.0038146973	0.0
36.394367218	24.4958648682	0.0
36.4175796509	24.4768600464	0.0
36.4407920837	24.4578552246	0.0
36.4640045166	24.4388504028	0.0
36.4872169495	24.4198455811	0.0
36.5104293823	24.4008407593	0.0
36.5336418152	24.3818340302	0.0
36.556854248	24.3628292084	0.0
36.5800666809	24.3438243866	0.0
36.6032791138	24.3248195648	0.0
36.6264915466	24.305814743	0.0
36.6497001648	24.2868099213	0.0
36.6729125977	24.2678031921	0.0
36.6961250305	24.2487983704	0.0
36.7193374634	24.2297935486	0.0
36.7425498962	24.2107887268	0.0
36.7657623291	24.191783905	0.0
36.788974762	24.1727771759	0.0
36.8121871948	24.1537723541	0.0
36.8353996277	24.1347675323	0.0
36.8586120605	24.1157627106	0.0
36.8818244934	24.0967578888	0.0
36.9050369263	24.0777511597	0.0
36.9282493591	24.0587463379	0.0
36.951461792	24.0397415161	0.0
36.9746742249	24.0207366943	0.0
36.9978866577	24.0017318726	0.0
36.774181366	25.6098041534	0.0
36.7845993042	25.5816726685	0.0
36.7950172424	25.5535392761	0.0
36.8054351807	25.5254058838	0.0
36.8158531189	25.4972724915	0.0
36.8262710571	25.4691390991	0.0
36.8366889954	25.4410076141	0.0
36.8471069336	25.4128742218	0.0
36.8575248718	25.3847408295	0.0
36.8679428101	25.3566074371	0.0
36.8783607483	25.3284759521	0.0
36.8887786865	25.3003425598	0.0
36.8991966248	25.2722091675	0.0
36.909614563	25.2440757751	0.0
36.9200325012	25.2159423828	0.0
36.9304504395	25.1878108978	0.0
36.9408683777	25.1596775055	0.0
36.9512863159	25.1315441132	0.0
36.9617042542	25.1034107208	0.0
36.9721221924	25.0752773285	0.0
36.9825401306	25.0471458435	0.0
36.9929580688	25.0190124512	0.0
37.5158691406	26.1474342346	0.0
37.4897232056	26.1621417999	0.0
37.4635734558	26.1768474579	0.0
37.4374275208	26.1915531158	0.0
37.411277771	26.2062606812	0.0
37.3851318359	26.2209663391	0.0
37.3589820862	26.2356739044	0.0
37.3328323364	26.2503795624	0.0
37.3066864014	26.2650852203	0.0
37.2805366516	26.2797927856	0.0
37.2543907166	26.2944984436	0.0
37.2282409668	26.3092041016	0.0
37.2020950317	26.3239116669	0.0
37.175945282	26.3386173248	0.0
37.1497993469	26.3533248901	0.0
37.1236495972	26.3680305481	0.0
37.0974998474	26.3827362061	0.0
37.0713539124	26.3974437714	0.0
37.0452041626	26.4121494293	0.0
37.0190582275	26.4268550873	0.0
36.9929084778	26.4415626526	0.0
36.9667625427	26.4562683105	0.0
36.940612793	26.4709758759	0.0
36.9144668579	26.4856815338	0.0
36.8883171082	26.5003871918	0.0
36.8621673584	26.5150947571	0.0
36.8360214233	26.529800415	0.0
36.8098716736	26.544506073	0.0
36.7837257385	26.5592136383	0.0
36.7575759888	26.5739192963	0.0
36.731426239	26.5886268616	0.0
36.705280304	26.6033325195	0.0
36.6791305542	26.6180381775	0.0
36.6529846191	26.6327457428	0.0
36.6268348694	26.6474514008	0.0
36.6006889343	26.6621570587	0.0
36.5745391846	26.676864624	0.0
36.5483932495	26.691570282	0.0
36.5222434998	26.7062778473	0.0
36.49609375	26.7209835052	0.0
36.4699478149	26.7356891632	0.0
36.4437980652	26.7503967285	0.0
36.4176521301	26.7651023865	0.0
36.3915023804	26.7798099518	0.0
36.3653564453	26.7945156097	0.0
36.3392066956	26.8092212677	0.0
36.3130607605	26.823928833	0.0
36.2869110107	26.838634491	0.0
36.260761261	26.8533401489	0.0
36.2346153259	26.8680477142	0.0
36.2084655762	26.8827533722	0.0
36.1823196411	26.8974609375	0.0
36.1561698914	26.9121665955	0.0
36.1300201416	26.9268722534	0.0
36.1038742065	26.9415798187	0.0
36.0777244568	26.9562854767	0.0
36.0515785217	26.9709911346	0.0
36.025428772	26.9856987	0.0
37.8846321106	26.1845760345	0.0
37.8625717163	26.204908371	0.0
37.8405151367	26.2252426147	0.0
37.8184547424	26.2455749512	0.0
37.7963981628	26.2659072876	0.0
37.7743377686	26.286239624	0.0
37.752281189	26.3065738678	0.0
37.7302207947	26.3269062042	0.0
37.7081642151	26.3472385406	0.0
37.6861038208	26.3675708771	0.0
37.6640472412	26.3879032135	0.0
37.6419868469	26.4082374573	0.0
37.6199302673	26.4285697937	0.0
37.597869873	26.4489021301	0.0
37.5758132935	26.4692344666	0.0
37.5537528992	26.4895687103	0.0
37.5316963196	26.5099010468	0.0
37.5096359253	26.5302333832	0.0
37.4875793457	26.5505657196	0.0
37.4655189514	26.570898056	0.0
37.4434623718	26.5912322998	0.0
37.4214019775	26.6115646362	0.0
37.3993453979	26.6318969727	0.0
37.3772850037	26.6522293091	0.0
37.3552284241	26.6725635529	0.0
37.3331680298	26.6928958893	0.0
37.3111114502	26.7132282257	0.0
37.2890510559	26.7335605621	0.0
37.2669944763	26.7538948059	0.0
37.244934082	26.7742271423	0.0
37.2228775024	26.7945594788	0.0
37.2008171082	26.8148937225	0.0
37.1787605286	26.8352241516	0.0
37.1567001343	26.8555583954	0.0
37.1346435547	26.8758907318	0.0
37.1125831604	26.8962230682	0.0
37.0905265808	26.916557312	0.0
37.0684661865	26.9368896484	0.0
37.0464096069	26.9572219849	0.0
37.0243492126	26.9775543213	0.0
37.0022926331	26.9978885651	0.0
39.2061386108	26.4881858826	0.0
39.1822776794	26.5063686371	0.0
39.1584205627	26.524553299	0.0
39.1345596313	26.5427379608	0.0
39.1106987	26.5609226227	0.0
39.0868377686	26.5791072845	0.0
39.0629768372	26.5972919464	0.0
39.0391159058	26.6154766083	0.0
39.0152549744	26.6336612701	0.0
38.991394043	26.651845932	0.0
38.9675331116	26.6700305939	0.0
38.9436721802	26.6882152557	0.0
38.9198150635	26.7063999176	0.0
38.8959541321	26.7245845795	0.0
38.8720932007	26.742767334	0.0
38.8482322693	26.7609539032	0.0
38.8243713379	26.7791366577	0.0
38.8005104065	26.7973213196	0.0
38.7766494751	26.8155059814	0.0
38.7527885437	26.8336906433	0.0
38.728931427	26.8518753052	0.0
38.7050704956	26.870059967	0.0
38.6812095642	26.8882446289	0.0
38.6573486328	26.9064292908	0.0
38.6334877014	26.9246139526	0.0
38.60962677	26.9427986145	0.0
38.5857658386	26.9609832764	0.0
38.5567932129	27.0048160553	0.0
38.5477905273	27.0334339142	0.0
38.5387840271	27.0620498657	0.0
38.5297775269	27.0906658173	0.0
38.5207748413	27.1192836761	0.0
38.5117683411	27.1478996277	0.0
38.5027656555	27.1765155792	0.0
38.4937591553	27.2051315308	0.0
38.484752655	27.2337493896	0.0
38.5050582886	27.2417240143	0.0
38.5320167542	27.2285575867	0.0
38.558971405	27.2153930664	0.0
38.5859298706	27.2022266388	0.0
38.6128845215	27.1890621185	0.0
38.6398429871	27.1758975983	0.0
38.6667976379	27.1627311707	0.0
38.6937561035	27.1495666504	0.0
38.7207145691	27.1364002228	0.0
38.74766922	27.1232357025	0.0
38.7746276855	27.1100692749	0.0
38.8015823364	27.0969047546	0.0
38.828540802	27.083738327	0.0
38.8554954529	27.0705738068	0.0
38.8824539185	27.0574073792	0.0
38.909412384	27.0442428589	0.0
38.9363670349	27.0310764313	0.0
38.9633255005	27.017911911	0.0
38.9902801514	27.0047454834	0.0
38.4690971375	27.2835063934	0.0
38.4600906372	27.312122345	0.0
38.451084137	27.3407382965	0.0
38.4420814514	27.369354248	0.0
38.4330749512	27.3979721069	0.0
38.4240684509	27.4265880585	0.0
38.4150657654	27.4552059174	0.0
38.4060592651	27.4838218689	0.0
38.3970527649	27.5124378204	0.0
38.3892707825	27.5635566711	0.0
38.3881416321	27.5935344696	0.0
38.3870124817	27.6235141754	0.0
38.3858833313	27.6534938812	0.0
38.3847541809	27.6834716797	0.0
38.3836212158	27.7134494781	0.0
38.3824920654	27.743429184	0.0
38.381362915	27.7734088898	0.0
38.3802337646	27.8033866882	0.0
38.3791046143	27.8333644867	0.0
38.3779754639	27.8633441925	0.0
38.3768424988	27.8933238983	0.0
38.3757133484	27.9233016968	0.0
38.374584198	27.9532794952	0.0
38.3734550476	27.983259201	0.0
38.3723258972	28.0132369995	0.0
38.3711967468	28.0432167053	0.0
38.3999710083	28.0674095154	0.0
38.4297828674	28.0640602112	0.0
38.4595947266	28.060710907	0.0
38.4894065857	28.0573616028	0.0
38.5192184448	28.0540122986	0.0
38.549030304	28.0506629944	0.0
38.5788421631	28.0473136902	0.0
38.6086578369	28.043964386	0.0
38.638469696	28.0406150818	0.0
38.6682815552	28.0372657776	0.0
38.6980934143	28.0339164734	0.0
38.7279052734	28.0305671692	0.0
38.7577171326	28.027217865	0.0
38.7875328064	28.0238685608	0.0
38.8173446655	28.0205192566	0.0
38.8471565247	28.0171718597	0.0
38.8769683838	28.0138225555	0.0
38.9067802429	28.010471344	0.0
38.9365921021	28.0071239471	0.0
38.9664077759	28.0037746429	0.0
38.996219635	28.0004253387	0.0
38.3690261841	28.100736618	0.0
38.3678970337	28.1307144165	0.0
38.3667678833	28.1606941223	0.0
38.3656387329	28.1906738281	0.0
38.3645095825	28.2206516266	0.0
38.3633766174	28.250629425	0.0
38.362247467	28.2806091309	0.0
38.3611183167	28.3105888367	0.0
38.3589057922	28.3693275452	0.0
38.3577766418	28.3993053436	0.0
38.3566436768	28.4292831421	0.0
38.3555145264	28.4592628479	0.0
38.354385376	28.4892406464	0.0
38.3532562256	28.5192203522	0.0
38.3521270752	28.5491981506	0.0
38.3509941101	28.5791778564	0.0
38.3736534119	28.6262779236	0.0
38.3973922729	28.6446170807	0.0
38.4211349487	28.6629581451	0.0
38.4448776245	28.6812992096	0.0
38.4686164856	28.6996383667	0.0
38.4923591614	28.7179794312	0.0
38.5160980225	28.7363204956	0.0
38.5398406982	28.7546596527	0.0
38.5635795593	28.7730007172	0.0
38.5873222351	28.7913417816	0.0
38.6110610962	28.8096809387	0.0
38.634803772	28.8280200958	0.0
38.6585464478	28.8463611603	0.0
38.6822853088	28.8647022247	0.0
38.689781189	28.9082317352	0.0
38.6737556458	28.93359375	0.0
38.6577339172	28.9589557648	0.0
38.641708374	28.9843196869	0.0
38.6256866455	29.0096817017	0.0
38.6096611023	29.0350437164	0.0
38.5936393738	29.0604057312	0.0
38.5776138306	29.085767746	0.0
38.5615882874	29.1111297607	0.0
38.5455665588	29.1364917755	0.0
38.5295410156	29.1618537903	0.0
38.5135192871	29.1872158051	0.0
38.4974937439	29.2125778198	0.0
38.4814720154	29.2379398346	0.0
38.4654464722	29.2633018494	0.0
38.4494247437	29.2886638641	0.0
38.4333992004	29.3140258789	0.0
38.4173774719	29.3393878937	0.0
38.4013519287	29.3647499084	0.0
38.3853263855	29.3901119232	0.0
38.369304657	29.4154758453	0.0
38.3532791138	29.4408378601	0.0
38.3372573853	29.4661998749	0.0
38.321231842	29.4915618896	0.0
38.3052101135	29.5169239044	0.0
38.2891845703	29.5422859192	0.0
38.2731628418	29.567647934	0.0
38.2571372986	29.5930099487	0.0
38.2411155701	29.6183700562	0.0
38.2250900269	29.6437339783	0.0
38.2090644836	29.669095993	0.0
38.1930427551	29.6944580078	0.0
38.1770172119	29.7198200226	0.0
38.1609954834	29.7451820374	0.0
38.1449699402	29.7705440521	0.0
38.1289482117	29.7959060669	0.0
38.1129226685	29.8212680817	0.0
38.0968971252	29.8466300964	0.0
38.0808753967	29.8719921112	0.0
38.0648498535	29.897354126	0.0
38.048828125	29.9227161407	0.0
38.0328025818	29.9480781555	0.0
38.0167808533	29.9734401703	0.0
38.0007553101	29.9988021851	0.0
38.7295455933	28.9012107849	0.0
38.753288269	28.9195518494	0.0
38.7770271301	28.9378910065	0.0
38.8007698059	28.9562301636	0.0
38.824508667	28.974571228	0.0
38.8482513428	28.9929122925	0.0
38.8719902039	29.0112514496	0.0
38.8957328796	29.029592514	0.0
38.9194717407	29.0479335785	0.0
38.9432144165	29.0662727356	0.0
38.9669532776	29.0846138	0.0
38.9906959534	29.1029529572	0.0
39.0144386292	29.1212940216	0.0
39.0381774902	29.1396331787	0.0
39.0595054626	29.1877212524	0.0
39.0573120117	29.2176418304	0.0
39.0551223755	29.2475624084	0.0
39.0529289246	29.2774810791	0.0
39.0507392883	29.3074016571	0.0
39.0485458374	29.3373203278	0.0
39.0463523865	29.3672409058	0.0
39.0441627502	29.3971614838	0.0
39.0419692993	29.4270801544	0.0
39.0397796631	29.4570007324	0.0
39.0375862122	29.4869194031	0.0
39.0353965759	29.5168399811	0.0
39.033203125	29.5467605591	0.0
39.0310096741	29.5766792297	0.0
39.0288200378	29.6065998077	0.0
39.0266265869	29.6365203857	0.0
39.0244369507	29.6664390564	0.0
39.0222434998	29.6963596344	0.0
39.0200538635	29.7262783051	0.0
39.0178604126	29.7561988831	0.0
39.0156669617	29.7861194611	0.0
39.0134773254	29.8160381317	0.0
39.0112838745	29.8459587097	0.0
39.0090942383	29.8758773804	0.0
39.0069007874	29.9057979584	0.0
39.0047073364	29.9357185364	0.0
39.0025177002	29.965637207	0.0
39.0003242493	29.995557785	0.0
39.0854377747	29.1761436462	0.0
39.1091804504	29.1944828033	0.0
39.1329193115	29.2128238678	0.0
39.1566619873	29.2311630249	0.0
39.1804008484	29.2495040894	0.0
39.2041435242	29.2678432465	0.0
39.2278823853	29.2861843109	0.0
39.251625061	29.3045253754	0.0
39.2753677368	29.3228645325	0.0
39.2991065979	29.3412055969	0.0
39.3228492737	29.359544754	0.0
39.3465881348	29.3778858185	0.0
39.3703308105	29.3962268829	0.0
39.3940696716	29.41456604	0.0
39.4413299561	29.4510746002	0.0
39.4650726318	29.4694156647	0.0
39.4888114929	29.4877548218	0.0
39.5125541687	29.5060958862	0.0
39.5362930298	29.5244369507	0.0
39.5600357056	29.5427761078	0.0
39.5837745667	29.5611171722	0.0
39.6075172424	29.5794563293	0.0
39.6312561035	29.5977973938	0.0
39.6549987793	29.6161365509	0.0
39.6787414551	29.6344776154	0.0
39.7024803162	29.6528186798	0.0
39.7262229919	29.6711578369	0.0
39.749961853	29.6894989014	0.0
39.8026657104	29.7146224976	0.0
39.8318481445	29.721578598	0.0
39.8610305786	29.7285327911	0.0
39.8902130127	29.7354888916	0.0
39.9193954468	29.7424430847	0.0
39.9485778809	29.7493991852	0.0
39.9777603149	29.7563552856	0.0
40.006942749	29.7633113861	0.0
40.0361251831	29.7702655792	0.0
40.0653076172	29.7772216797	0.0
40.0944900513	29.7841777802	0.0
40.1236724854	29.7911338806	0.0
40.1528549194	29.7980880737	0.0
40.1820373535	29.8050441742	0.0
40.2112197876	29.8119983673	0.0
40.2404022217	29.8189544678	0.0
40.2695846558	29.8259105682	0.0
40.2987670898	29.8328666687	0.0
40.3279495239	29.8398208618	0.0
40.357131958	29.8467769623	0.0
40.3863143921	29.8537311554	0.0
40.4154968262	29.8606872559	0.0
40.4446792603	29.8676433563	0.0
40.4738616943	29.8745975494	0.0
40.5030441284	29.8815536499	0.0
40.5322265625	29.8885097504	0.0
40.5614089966	29.8954658508	0.0
40.5905914307	29.9024200439	0.0
40.6197776794	29.9093761444	0.0
40.6489562988	29.9163303375	0.0
40.6781425476	29.923286438	0.0
40.707321167	29.9302425385	0.0
40.7365074158	29.9371986389	0.0
40.7656898499	29.944152832	0.0
40.7948722839	29.9511089325	0.0
40.824054718	29.9580631256	0.0
40.8532371521	29.9650192261	0.0
40.8824195862	29.9719753265	0.0
40.9116020203	29.978931427	0.0
40.9407844543	29.9858856201	0.0
40.9699668884	29.9928417206	0.0
40.9991493225	29.999797821	0.0
39.7918586731	29.7313804626	0.0
39.8102302551	29.7550945282	0.0
39.8286056519	29.7788085938	0.0
39.8469810486	29.8025226593	0.0
39.8653564453	29.8262367249	0.0
39.883731842	29.8499507904	0.0
39.9051170349	29.8775482178	0.0
39.9234924316	29.9012622833	0.0
39.9418678284	29.9249763489	0.0
39.9602394104	29.9486904144	0.0
39.9786148071	29.97240448	0.0
39.9969902039	29.9961185455	0.0
39.8896903992	29.883687973	0.0
39.8926391602	29.9135437012	0.0
39.8955917358	29.943397522	0.0
39.8985404968	29.9732513428	0.0
39.9014892578	30.0031051636	0.0
39.9044418335	30.0329608917	0.0
39.9073905945	30.0628166199	0.0
39.9103431702	30.0926704407	0.0
39.9132919312	30.1225242615	0.0
39.9162406921	30.1523780823	0.0
39.9191932678	30.1822338104	0.0
39.9221420288	30.2120895386	0.0
39.9250907898	30.2419433594	0.0
39.9280433655	30.2717971802	0.0
39.9309921265	30.3016529083	0.0
39.9339408875	30.3315067291	0.0
39.9368934631	30.3613624573	0.0
39.9398422241	30.3912162781	0.0
39.9427947998	30.4210700989	0.0
39.9457435608	30.450925827	0.0
39.9486923218	30.4807796478	0.0
39.9516448975	30.510635376	0.0
39.9545936584	30.5404891968	0.0
39.9575424194	30.5703449249	0.0
39.9604911804	30.6001987457	0.0
39.9634437561	30.6300525665	0.0
39.9663925171	30.6599082947	0.0
39.9693450928	30.6897621155	0.0
39.9722938538	30.7196178436	0.0
39.9752426147	30.7494716644	0.0
39.9781951904	30.7793254852	0.0
39.9811439514	30.8091812134	0.0
39.9840927124	30.8390350342	0.0
39.9870452881	30.8688907623	0.0
39.9899940491	30.8987445831	0.0
39.9929428101	30.9285984039	0.0
39.9958953857	30.9584541321	0.0
39.9988441467	30.9883079529	0.0
39.4382820129	29.4110126495	0.0
39.4589729309	29.389289856	0.0
39.4796638489	29.3675670624	0.0
39.5003547668	29.3458442688	0.0
39.5210456848	29.3241233826	0.0
39.5417366028	29.302400589	0.0
39.5624313354	29.2806777954	0.0
39.5831222534	29.2589550018	0.0
39.6038131714	29.2372322083	0.0
39.6371612549	29.2141036987	0.0
39.6629981995	29.1988582611	0.0
39.688835144	29.1836128235	0.0
39.7146720886	29.1683654785	0.0
39.7405090332	29.1531200409	0.0
39.7663459778	29.1378746033	0.0
39.7921829224	29.1226272583	0.0
39.8180198669	29.1073818207	0.0
39.8438568115	29.0921363831	0.0
39.8696937561	29.0768909454	0.0
39.8955307007	29.0616436005	0.0
39.9213676453	29.0463981628	0.0
39.9472045898	29.0311527252	0.0
39.9730415344	29.0159053802	0.0
39.9988822937	29.00066185	0.0
39.5832328796	29.2188129425	0.0
39.5551452637	29.2082748413	0.0
39.5270576477	29.1977367401	0.0
39.4989700317	29.1871986389	0.0
39.4708824158	29.1766605377	0.0
39.4427909851	29.1661224365	0.0
39.4147033691	29.1555843353	0.0
39.3866157532	29.1450462341	0.0
39.3585281372	29.1345081329	0.0
39.3304405212	29.1239719391	0.0
39.3023529053	29.1134338379	0.0
39.2742614746	29.1028957367	0.0
39.2461738586	29.0923576355	0.0
39.2180862427	29.0818195343	0.0
39.1899986267	29.0712814331	0.0
39.161907196	29.0607433319	0.0
39.1338195801	29.0502052307	0.0
39.1057319641	29.0396671295	0.0
39.0776443481	29.0291309357	0.0
39.0495567322	29.0185928345	0.0
39.0214691162	29.0080547333	0.0
38.3336982727	28.6331787109	0.0
38.3174858093	28.6584205627	0.0
38.3012733459	28.6836624146	0.0
38.2850608826	28.7089042664	0.0
38.2688484192	28.7341442108	0.0
38.2526321411	28.7593860626	0.0
38.2364196777	28.7846279144	0.0
38.2202072144	28.8098697662	0.0
38.203994751	28.835111618	0.0
38.1877822876	28.8603534698	0.0
38.1715698242	28.8855953217	0.0
38.1553535461	28.9108352661	0.0
38.1391410828	28.9360771179	0.0
38.1229286194	28.9613189697	0.0
38.106716156	28.9865608215	0.0
38.0905036926	29.0118026733	0.0
38.0742874146	29.0370445251	0.0
38.0580749512	29.0622844696	0.0
38.0418624878	29.0875263214	0.0
38.0256500244	29.1127681732	0.0
38.009437561	29.138010025	0.0
37.9932250977	29.1632518768	0.0
37.9770126343	29.1884937286	0.0
37.9607963562	29.2137336731	0.0
37.9445838928	29.2389755249	0.0
37.9283714294	29.2642173767	0.0
37.9121589661	29.2894592285	0.0
37.8959465027	29.3147010803	0.0
37.8797302246	29.3399429321	0.0
37.8635177612	29.3651847839	0.0
37.8473052979	29.3904247284	0.0
37.8310928345	29.4156665802	0.0
37.7942008972	29.4464378357	0.0
37.7678527832	29.4607849121	0.0
37.7415046692	29.4751338959	0.0
37.7151603699	29.4894828796	0.0
37.6888122559	29.5038318634	0.0
37.6624679565	29.5181808472	0.0
37.6361236572	29.5325279236	0.0
37.6097755432	29.5468769073	0.0
37.5834312439	29.5612258911	0.0
37.5570831299	29.5755748749	0.0
37.5307388306	29.5899238586	0.0
37.5043907166	29.6042728424	0.0
37.4780464172	29.6186199188	0.0
37.4516983032	29.6329689026	0.0
37.4253540039	29.6473178864	0.0
37.3990058899	29.6616668701	0.0
37.3726615906	29.6760158539	0.0
37.3463134766	29.6903629303	0.0
37.3199691772	29.7047119141	0.0
37.2936248779	29.7190608978	0.0
37.2672767639	29.7334098816	0.0
37.2409286499	29.7477588654	0.0
37.2145843506	29.7621059418	0.0
37.1882362366	29.7764549255	0.0
37.1618919373	29.7908039093	0.0
37.1355476379	29.8051528931	0.0
37.1091995239	29.8195018768	0.0
37.0828552246	29.8338489532	0.0
37.0397911072	29.8424930573	0.0
37.0098266602	29.8440036774	0.0
36.9798660278	29.8455123901	0.0
36.9499053955	29.8470211029	0.0
36.9199409485	29.848531723	0.0
36.8899803162	29.8500404358	0.0
36.8600196838	29.8515491486	0.0
36.8300552368	29.8530597687	0.0
36.8000946045	29.8545684814	0.0
36.7701301575	29.8560771942	0.0
36.7401695251	29.8575878143	0.0
36.7102088928	29.8590965271	0.0
36.6802444458	29.8606052399	0.0
36.6502838135	29.86211586	0.0
36.6203231812	29.8636245728	0.0
36.5903587341	29.8651332855	0.0
36.5603981018	29.8666439056	0.0
36.5304374695	29.8681526184	0.0
36.5004730225	29.8696613312	0.0
36.4705123901	29.8711719513	0.0
36.4405517578	29.8726806641	0.0
36.4105873108	29.8741893768	0.0
36.3806266785	29.8756980896	0.0
36.3506622314	29.8772087097	0.0
36.3172988892	29.8633327484	0.0
36.2908859253	29.849105835	0.0
36.2644729614	29.8348789215	0.0
36.2380599976	29.8206520081	0.0
36.2116470337	29.8064250946	0.0
36.1852378845	29.7921981812	0.0
36.1588249207	29.7779712677	0.0
36.1324119568	29.7637462616	0.0
36.1059989929	29.7495193481	0.0
36.0795860291	29.7352924347	0.0
36.0531768799	29.7210655212	0.0
36.026763916	29.7068386078	0.0
36.0003509521	29.6926136017	0.0
35.9808540344	29.6516494751	0.0
35.9817352295	29.6216621399	0.0
35.9826164246	29.591676712	0.0
35.9834976196	29.5616893768	0.0
35.9577407837	29.5307674408	0.0
35.9314994812	29.5162258148	0.0
35.9052581787	29.5016841888	0.0
35.8790206909	29.4871425629	0.0
35.8527793884	29.4726009369	0.0
35.8265419006	29.4580593109	0.0
35.8003005981	29.4435176849	0.0
35.7740592957	29.4289741516	0.0
35.7478218079	29.4144325256	0.0
35.7215805054	29.3998908997	0.0
35.6953392029	29.3853492737	0.0
35.6691017151	29.3708076477	0.0
35.6428604126	29.3562660217	0.0
35.6166191101	29.3417243958	0.0
35.5903816223	29.3271827698	0.0
35.5641403198	29.3126392365	0.0
35.5378990173	29.2980976105	0.0
35.5116615295	29.2835559845	0.0
35.4854202271	29.2690143585	0.0
35.4591827393	29.2544727325	0.0
35.4329414368	29.2399311066	0.0
35.4067001343	29.2253894806	0.0
35.3804626465	29.2108478546	0.0
35.354221344	29.1963043213	0.0
35.3279800415	29.1817626953	0.0
35.3017425537	29.1672210693	0.0
35.2755012512	29.1526794434	0.0
35.2492599487	29.1381378174	0.0
35.2230224609	29.1235961914	0.0
35.1967811584	29.1090545654	0.0
35.170539856	29.0945129395	0.0
35.1443023682	29.0799694061	0.0
35.1180610657	29.0654277802	0.0
35.0918197632	29.0508861542	0.0
35.0655822754	29.0363445282	0.0
35.0393409729	29.0218029022	0.0
35.0131034851	29.0072612762	0.0
35.9848594666	29.5153236389	0.0
35.9857406616	29.4853363037	0.0
35.9866218567	29.4553489685	0.0
35.9875030518	29.4253616333	0.0
35.9883842468	29.3953742981	0.0
35.9892654419	29.3653869629	0.0
35.990146637	29.3353996277	0.0
35.991027832	29.3054122925	0.0
35.9919090271	29.2754268646	0.0
35.9927902222	29.2454395294	0.0
35.9936714172	29.2154521942	0.0
35.9945526123	29.185464859	0.0
35.9954338074	29.1554775238	0.0
35.9963111877	29.1254901886	0.0
35.9971923828	29.0955047607	0.0
35.9980735779	29.0655174255	0.0
35.9989547729	29.0355300903	0.0
35.999835968	29.0055427551	0.0
35.9500999451	29.6788978577	0.0
35.9202232361	29.6761550903	0.0
35.8903503418	29.6734142303	0.0
35.8604774475	29.6706752777	0.0
35.8306007385	29.6679344177	0.0
35.8007278442	29.6651935577	0.0
35.7708511353	29.6624526978	0.0
35.740978241	29.6597118378	0.0
35.711101532	29.6569728851	0.0
35.6812286377	29.6542301178	0.0
35.6513557434	29.6514911652	0.0
35.6214790344	29.6487503052	0.0
35.5916061401	29.6460094452	0.0
35.5617294312	29.6432685852	0.0
35.5318565369	29.6405277252	0.0
35.5019798279	29.6377868652	0.0
35.4721069336	29.6350479126	0.0
35.4422302246	29.6323051453	0.0
35.4123573303	29.6295661926	0.0
35.382484436	29.6268253326	0.0
35.3526077271	29.6240844727	0.0
35.3227348328	29.6213436127	0.0
35.2928581238	29.6186027527	0.0
35.2629852295	29.6158638	0.0
35.2331085205	29.6131229401	0.0
35.2032356262	29.6103801727	0.0
35.1733627319	29.6076412201	0.0
35.1434860229	29.6049003601	0.0
35.1136131287	29.6021595001	0.0
35.0837364197	29.5994186401	0.0
35.0538635254	29.5966777802	0.0
35.0239868164	29.5939388275	0.0
34.9941139221	29.5911960602	0.0
34.9642372131	29.5884571075	0.0
34.9343643188	29.5857162476	0.0
34.9044914246	29.5829753876	0.0
34.8746147156	29.5802345276	0.0
34.8447418213	29.5774936676	0.0
34.8148651123	29.574754715	0.0
34.784992218	29.572013855	0.0
34.755115509	29.5692710876	0.0
34.7252426147	29.566532135	0.0
34.6871757507	29.5810070038	0.0
34.6615638733	29.5966243744	0.0
34.6359481812	29.6122436523	0.0
34.610332489	29.6278591156	0.0
34.5847206116	29.6434783936	0.0
34.5591049194	29.6590957642	0.0
34.533493042	29.6747131348	0.0
34.5078773499	29.6903305054	0.0
34.4822616577	29.7059497833	0.0
34.4566497803	29.7215671539	0.0
34.4310340881	29.7371845245	0.0
34.4054222107	29.7528018951	0.0
34.3798065186	29.7684192657	0.0
34.3541908264	29.7840385437	0.0
34.328578949	29.7996559143	0.0
34.3029632568	29.8152732849	0.0
34.2773513794	29.8308906555	0.0
34.2517356873	29.8465099335	0.0
34.2261199951	29.8621273041	0.0
34.2005081177	29.8777446747	0.0
34.1748924255	29.8933620453	0.0
34.1492805481	29.9089794159	0.0
34.123664856	29.9245986938	0.0
34.0980491638	29.9402160645	0.0
34.0724372864	29.9558334351	0.0
34.0468215942	29.9714508057	0.0
34.0212097168	29.9870681763	0.0
34.6892852783	29.5467453003	0.0
34.6657829285	29.5281028748	0.0
34.6422805786	29.5094585419	0.0
34.6187744141	29.4908161163	0.0
34.5952720642	29.4721736908	0.0
34.5717697144	29.4535293579	0.0
34.5482635498	29.4348869324	0.0
34.5247612	29.4162425995	0.0
34.5012588501	29.397600174	0.0
34.4777526855	29.3789558411	0.0
34.4542503357	29.3603134155	0.0
34.4307441711	29.3416690826	0.0
34.4072418213	29.3230266571	0.0
34.3837394714	29.3043823242	0.0
34.3602333069	29.2857398987	0.0
34.336730957	29.2670955658	0.0
34.3132286072	29.2484531403	0.0
34.2897224426	29.2298107147	0.0
34.2662200928	29.2111663818	0.0
34.2427139282	29.192522049	0.0
34.2192115784	29.1738796234	0.0
34.1957092285	29.1552371979	0.0
34.172203064	29.136592865	0.0
34.1487007141	29.1179504395	0.0
34.1251983643	29.0993061066	0.0
34.1016921997	29.080663681	0.0
34.0781898499	29.0620193481	0.0
34.0546836853	29.0433769226	0.0
34.0311813354	29.0247325897	0.0
34.0076789856	29.0060901642	0.0
36.315448761	29.8876266479	0.0
36.2871894836	29.897693634	0.0
36.2589263916	29.9077606201	0.0
36.2306671143	29.9178276062	0.0
36.2024078369	29.9278945923	0.0
36.1741485596	29.9379615784	0.0
36.1458854675	29.9480304718	0.0
36.1176261902	29.9580974579	0.0
36.0893669128	29.968164444	0.0
36.0611076355	29.9782314301	0.0
36.0328445435	29.9882984161	0.0
36.0045852661	29.9983673096	0.0
37.0577011108	29.8684577942	0.0
37.0456504822	29.8959312439	0.0
37.0228233337	29.9479656219	0.0
37.0107727051	29.9754371643	0.0
37.0181655884	29.9454059601	0.0
37.0014533997	29.9703216553	0.0
36.9847412109	29.9952354431	0.0
36.9680290222	30.020149231	0.0
36.9513168335	30.0450630188	0.0
36.9346046448	30.0699768066	0.0
36.9178924561	30.0948905945	0.0
36.9011802673	30.1198043823	0.0
36.8844718933	30.1447200775	0.0
36.8677597046	30.1696338654	0.0
36.8689422607	30.2047405243	0.0
36.8738212585	30.2343406677	0.0
36.8787002563	30.2639427185	0.0
36.8835754395	30.2935428619	0.0
36.8884544373	30.3231430054	0.0
36.8933334351	30.3527431488	0.0
36.8982124329	30.3823451996	0.0
36.9030914307	30.411945343	0.0
36.9079666138	30.4415454865	0.0
36.9128456116	30.4711475372	0.0
36.9177246094	30.5007476807	0.0
36.9226036072	30.5303497314	0.0
36.9274787903	30.5599498749	0.0
36.9045982361	30.5997104645	0.0
36.8771629333	30.6118488312	0.0
36.8497314453	30.6239891052	0.0
36.8222961426	30.6361293793	0.0
36.7948608398	30.6482696533	0.0
36.7674293518	30.66040802	0.0
36.7399940491	30.6725482941	0.0
36.7125587463	30.6846885681	0.0
36.6851272583	30.6968288422	0.0
36.6576919556	30.7089672089	0.0
36.6302566528	30.7211074829	0.0
36.6028251648	30.733247757	0.0
36.5753898621	30.7453861237	0.0
36.5479545593	30.7575263977	0.0
36.5205230713	30.7696666718	0.0
36.4930877686	30.7818069458	0.0
36.4656524658	30.7939453125	0.0
36.4382171631	30.8060855865	0.0
36.410785675	30.8182258606	0.0
36.3833503723	30.8303642273	0.0
36.3559188843	30.8425045013	0.0
36.3284835815	30.8546447754	0.0
36.3010482788	30.8667831421	0.0
36.2736167908	30.8789234161	0.0
36.246181488	30.8910636902	0.0
36.2187461853	30.9032020569	0.0
36.1913146973	30.9153423309	0.0
36.1638793945	30.927482605	0.0
36.1364440918	30.939622879	0.0
36.1090126038	30.9517612457	0.0
36.081577301	30.9639015198	0.0
36.0541419983	30.9760417938	0.0
36.0267105103	30.9881801605	0.0
36.9369087219	30.6171703339	0.0
36.9417877197	30.6467704773	0.0
36.9466667175	30.6763725281	0.0
36.9515457153	30.7059726715	0.0
36.9564247131	30.7355747223	0.0
36.9612998962	30.7651748657	0.0
36.966178894	30.7947750092	0.0
36.9710578918	30.8243751526	0.0
36.9759368896	30.8539772034	0.0
36.9808158875	30.8835773468	0.0
36.9856910706	30.9131774902	0.0
36.9905700684	30.942779541	0.0
36.9954490662	30.9723796844	0.0
36.8341941833	30.1723327637	0.0
36.8043289185	30.1695270538	0.0
36.7744598389	30.166721344	0.0
36.7445907593	30.1639137268	0.0
36.7147216797	30.161108017	0.0
36.6848526001	30.1583023071	0.0
36.6549835205	30.1554946899	0.0
36.6251182556	30.1526889801	0.0
36.595249176	30.1498832703	0.0
36.5653800964	30.1470775604	0.0
36.5355110168	30.1442699432	0.0
36.5056419373	30.1414642334	0.0
36.4757766724	30.1386585236	0.0
36.4459075928	30.1358509064	0.0
36.4160385132	30.1330451965	0.0
36.3861694336	30.1302394867	0.0
36.356300354	30.1274318695	0.0
36.3264312744	30.1246261597	0.0
36.2965621948	30.1218204498	0.0
36.2666969299	30.1190128326	0.0
36.2368278503	30.1162071228	0.0
36.2069587708	30.113401413	0.0
36.1770896912	30.1105937958	0.0
36.1472206116	30.1077880859	0.0
36.117351532	30.1049823761	0.0
36.0874862671	30.1021766663	0.0
36.0576171875	30.0993690491	0.0
36.0277481079	30.0965633392	0.0
35.9978790283	30.0937576294	0.0
35.9680099487	30.0909500122	0.0
35.9381408691	30.0881443024	0.0
35.9082756042	30.0853385925	0.0
35.8784065247	30.0825309753	0.0
35.8485374451	30.0797252655	0.0
35.8186683655	30.0769195557	0.0
35.7887992859	30.0741119385	0.0
35.7589302063	30.0713062286	0.0
35.7290611267	30.0685005188	0.0
35.6991958618	30.0656929016	0.0
35.6693267822	30.0628871918	0.0
35.6394577026	30.0600814819	0.0
35.609588623	30.0572738647	0.0
35.5797195435	30.0544681549	0.0
35.5498542786	30.0516624451	0.0
35.519985199	30.0488567352	0.0
35.4901161194	30.046049118	0.0
35.4602470398	30.0432434082	0.0
35.4303779602	30.0404376984	0.0
35.4005088806	30.0376300812	0.0
35.3706436157	30.0348243713	0.0
35.3407745361	30.0320186615	0.0
35.3109054565	30.0292110443	0.0
35.281036377	30.0264053345	0.0
35.2511672974	30.0235996246	0.0
35.2212982178	30.0207920074	0.0
35.1914291382	30.0179862976	0.0
35.1615638733	30.0151805878	0.0
35.1316947937	30.0123729706	0.0
35.1018257141	30.0095672607	0.0
35.0719566345	30.0067615509	0.0
35.0420875549	30.0039539337	0.0
35.0122184753	30.0011482239	0.0
37.8262557983	29.4615402222	0.0
37.8319664001	29.4909915924	0.0
37.8376731873	29.5204429626	0.0
37.8433837891	29.5498943329	0.0
37.8490943909	29.5793457031	0.0
37.8548049927	29.6087970734	0.0
37.8605155945	29.6382484436	0.0
37.8662223816	29.6677017212	0.0
37.8719329834	29.6971511841	0.0
37.8776435852	29.7266044617	0.0
37.883354187	29.7560558319	0.0
37.8890647888	29.7855072021	0.0
37.8947753906	29.8149585724	0.0
37.9004821777	29.8444099426	0.0
37.9061927795	29.8738613129	0.0
37.9119033813	29.9033145905	0.0
37.9176139832	29.9327640533	0.0
37.923324585	29.9622173309	0.0
37.9290351868	29.9916687012	0.0
37.9347457886	30.0211200714	0.0
37.9404525757	30.0505714417	0.0
37.9461631775	30.0800228119	0.0
37.9518737793	30.1094741821	0.0
37.9575843811	30.1389255524	0.0
37.9632949829	30.16837883	0.0
37.9690055847	30.1978302002	0.0
37.9747123718	30.2272815704	0.0
37.9804229736	30.2567329407	0.0
37.9861335754	30.2861843109	0.0
37.9918441772	30.3156356812	0.0
37.9975547791	30.3450870514	0.0
38.0032615662	30.3745384216	0.0
38.008972168	30.4039916992	0.0
38.0146827698	30.4334411621	0.0
38.0203933716	30.4628944397	0.0
38.0261039734	30.4923458099	0.0
38.0318145752	30.5217971802	0.0
38.0375213623	30.5512485504	0.0
38.0432319641	30.5806999207	0.0
38.0429878235	30.626958847	0.0
38.0395545959	30.6567611694	0.0
38.0361213684	30.6865634918	0.0
38.0326843262	30.7163677216	0.0
38.0292510986	30.7461700439	0.0
38.0258178711	30.7759723663	0.0
38.0223808289	30.8057746887	0.0
38.0189476013	30.8355789185	0.0
38.0155143738	30.8653812408	0.0
38.0120773315	30.8951835632	0.0
38.008644104	30.9249858856	0.0
38.0052108765	30.954788208	0.0
38.0017776489	30.9845924377	0.0
38.0636558533	30.6217136383	0.0
38.0808868408	30.646270752	0.0
38.0981178284	30.6708278656	0.0
38.1153526306	30.6953849792	0.0
38.1325836182	30.7199420929	0.0
38.1498146057	30.7444992065	0.0
38.1670455933	30.7690563202	0.0
38.1842803955	30.7936134338	0.0
38.2015113831	30.8181705475	0.0
38.2187423706	30.8427276611	0.0
38.2359733582	30.8672866821	0.0
38.2532081604	30.8918437958	0.0
38.2704391479	30.9164009094	0.0
38.2876701355	30.9409561157	0.0
38.3049049377	30.9655151367	0.0
38.3221359253	30.9900722504	0.0
38.3393669128	31.014629364	0.0
38.3566017151	31.0391864777	0.0
38.3738327026	31.0637435913	0.0
38.3910636902	31.088300705	0.0
38.4082946777	31.1128578186	0.0
38.42552948	31.1374149323	0.0
38.4427604675	31.1619720459	0.0
38.4599914551	31.1865291595	0.0
38.4927330017	31.2331886292	0.0
38.5099639893	31.2577457428	0.0
38.5271949768	31.2823028564	0.0
38.5444297791	31.3068599701	0.0
38.5616607666	31.3314170837	0.0
38.5788917542	31.3559741974	0.0
38.5961227417	31.380531311	0.0
38.6133575439	31.4050884247	0.0
38.6305885315	31.4296455383	0.0
38.647819519	31.454202652	0.0
38.6650505066	31.4787597656	0.0
38.6822853088	31.5033187866	0.0
38.6655044556	31.5316333771	0.0
38.6409721375	31.5489006042	0.0
38.6164398193	31.5661659241	0.0
38.5919036865	31.5834312439	0.0
38.5673713684	31.6006984711	0.0
38.5428390503	31.6179637909	0.0
38.5183067322	31.6352291107	0.0
38.4937705994	31.6524963379	0.0
38.4692382812	31.6697616577	0.0
38.4447059631	31.6870288849	0.0
38.420173645	31.7042942047	0.0
38.3956375122	31.7215595245	0.0
38.3711051941	31.7388267517	0.0
38.346572876	31.7560920715	0.0
38.3220367432	31.7733573914	0.0
38.297504425	31.7906246185	0.0
38.2729721069	31.8078899384	0.0
38.2484397888	31.8251552582	0.0
38.223903656	31.8424224854	0.0
38.1993713379	31.8596878052	0.0
38.1748390198	31.876953125	0.0
38.1503067017	31.8942184448	0.0
38.1257705688	31.911485672	0.0
38.1012382507	31.9287509918	0.0
38.0767021179	31.9460163116	0.0
38.0521697998	31.9632835388	0.0
38.0276374817	31.9805488586	0.0
38.0031051636	31.9978141785	0.0
38.7072715759	31.5389251709	0.0
38.7245025635	31.5634822845	0.0
38.741733551	31.5880393982	0.0
38.7589683533	31.6125965118	0.0
38.7761993408	31.6371536255	0.0
38.7934303284	31.6617126465	0.0
38.8106613159	31.6862697601	0.0
38.8278961182	31.7108268738	0.0
38.8451271057	31.7353820801	0.0
38.8623580933	31.7599411011	0.0
38.8795928955	31.7844982147	0.0
38.8968238831	31.8090553284	0.0
38.9153556824	31.8481025696	0.0
38.9261322021	31.8761005402	0.0
38.9369125366	31.9040966034	0.0
38.9476890564	31.932094574	0.0
38.9584655762	31.9600906372	0.0
38.9692459106	31.9880886078	0.0
38.9800224304	32.0160865784	0.0
38.9908027649	32.0440826416	0.0
39.0015792847	32.0720787048	0.0
39.0026664734	32.0491638184	0.0
39.0010414124	32.0192108154	0.0
39.0147094727	32.1072540283	0.0
39.0251312256	32.135383606	0.0
39.0355491638	32.1635169983	0.0
39.0459709167	32.1916503906	0.0
39.056388855	32.219783783	0.0
39.0668106079	32.2479133606	0.0
39.0772285461	32.2760467529	0.0
39.0876502991	32.3041801453	0.0
39.0980682373	32.3323097229	0.0
39.1084899902	32.3604431152	0.0
39.1189117432	32.3885765076	0.0
39.1293296814	32.4167098999	0.0
39.1397476196	32.4448394775	0.0
39.1332778931	32.4764175415	0.0
39.1258773804	32.5054931641	0.0
39.1184768677	32.5345649719	0.0
39.111076355	32.5636367798	0.0
39.1036758423	32.5927085876	0.0
39.0962753296	32.6217842102	0.0
39.0888748169	32.6508560181	0.0
39.0814743042	32.6799278259	0.0
39.0740737915	32.7090034485	0.0
39.0666732788	32.7380752563	0.0
39.0592727661	32.7671470642	0.0
39.0518722534	32.7962226868	0.0
39.0444717407	32.8252944946	0.0
39.037071228	32.8543663025	0.0
39.0296707153	32.8834381104	0.0
39.0222702026	32.9125137329	0.0
39.0148696899	32.9415855408	0.0
39.0074691772	32.9706573486	0.0
39.0000686646	32.9997291565	0.0
39.1659088135	32.4635734558	0.0
39.1911430359	32.479801178	0.0
39.2163734436	32.4960289001	0.0
39.241607666	32.5122566223	0.0
39.2668380737	32.5284843445	0.0
39.2920722961	32.5447120667	0.0
39.3173027039	32.5609397888	0.0
39.3425331116	32.577167511	0.0
39.367767334	32.5933952332	0.0
39.3930015564	32.6096191406	0.0
39.4182319641	32.6258506775	0.0
39.4434623718	32.6420783997	0.0
39.4686965942	32.6583023071	0.0
39.4939308167	32.674533844	0.0
39.5191612244	32.6907577515	0.0
39.5443916321	32.7069854736	0.0
39.5696258545	32.7232131958	0.0
39.5948562622	32.739440918	0.0
39.6200904846	32.7556686401	0.0
39.6453208923	32.7718963623	0.0
39.6705551147	32.7881240845	0.0
39.6957855225	32.8043518066	0.0
39.7210197449	32.8205795288	0.0
39.7462501526	32.836807251	0.0
39.771484375	32.8530349731	0.0
39.7967147827	32.8692626953	0.0
39.8219490051	32.8854904175	0.0
39.8471794128	32.9017181396	0.0
39.8724136353	32.9179458618	0.0
39.897644043	32.934173584	0.0
39.9228782654	32.9504013062	0.0
39.9481086731	32.9666290283	0.0
39.9733428955	32.9828567505	0.0
39.9985733032	32.9990844727	0.0
38.9341812134	31.8249664307	0.0
38.9637832642	31.8298282623	0.0
38.9933891296	31.834690094	0.0
39.0229911804	31.8395519257	0.0
39.0525932312	31.8444137573	0.0
39.0821990967	31.849275589	0.0
39.1118011475	31.8541374207	0.0
39.1414031982	31.858997345	0.0
39.1710090637	31.8638591766	0.0
39.2006111145	31.8687229156	0.0
39.2302131653	31.87358284	0.0
39.2598190308	31.8784446716	0.0
39.2894210815	31.8833065033	0.0
39.319026947	31.888168335	0.0
39.3486289978	31.8930282593	0.0
39.3782348633	31.8978900909	0.0
39.4078369141	31.90275383	0.0
39.4374389648	31.9076137543	0.0
39.4670448303	31.9124755859	0.0
39.4966468811	31.9173374176	0.0
39.5262489319	31.9221992493	0.0
39.5558547974	31.9270610809	0.0
39.5854568481	31.9319229126	0.0
39.6150588989	31.9367847443	0.0
39.6446647644	31.9416446686	0.0
39.6742668152	31.9465065002	0.0
39.7038726807	31.9513683319	0.0
39.7334747314	31.9562301636	0.0
39.7630767822	31.9610919952	0.0
39.7926826477	31.9659538269	0.0
39.8222846985	31.9708156586	0.0
39.8518867493	31.9756774902	0.0
39.8814926147	31.9805374146	0.0
39.9110946655	31.9853992462	0.0
39.9406967163	31.9902610779	0.0
39.9703025818	31.9951229095	0.0
39.9999046326	31.9999847412	0.0
38.5033760071	31.1975421906	0.0
38.5312538147	31.1864547729	0.0
38.5591278076	31.175365448	0.0
38.5870018005	31.1642780304	0.0
38.6148796082	31.1531906128	0.0
38.6427536011	31.1421012878	0.0
38.6706314087	31.1310138702	0.0
38.6985054016	31.1199264526	0.0
38.7263793945	31.1088371277	0.0
38.7542572021	31.0977497101	0.0
38.7821311951	31.0866603851	0.0
38.8100090027	31.0755729675	0.0
38.8378829956	31.0644855499	0.0
38.8657608032	31.053396225	0.0
38.8936347961	31.0423088074	0.0
38.9215126038	31.0312213898	0.0
38.9493865967	31.0201320648	0.0
38.9772605896	31.0090446472	0.0
38.3456802368	28.3656902313	0.0
38.3313217163	28.3920326233	0.0
38.3169670105	28.4183750153	0.0
38.3026123047	28.4447174072	0.0
38.2882575989	28.4710597992	0.0
38.2739028931	28.4974002838	0.0
38.2595443726	28.5237445831	0.0
38.2451896667	28.5500850677	0.0
38.2308311462	28.5764274597	0.0
38.2164764404	28.6027698517	0.0
38.2021217346	28.6291122437	0.0
38.1877670288	28.6554546356	0.0
38.1656608582	28.6960163116	0.0
38.1513061523	28.7223587036	0.0
38.1369514465	28.7487010956	0.0
38.1225967407	28.7750434875	0.0
38.1082382202	28.8013858795	0.0
38.0938835144	28.8277263641	0.0
38.0795288086	28.8540706635	0.0
38.0651702881	28.8804111481	0.0
38.0508155823	28.90675354	0.0
38.0364608765	28.933095932	0.0
38.0221061707	28.959438324	0.0
38.0077476501	28.9857807159	0.0
38.1511268616	28.6777610779	0.0
38.1222381592	28.6858482361	0.0
38.0933494568	28.6939353943	0.0
38.0644607544	28.7020225525	0.0
38.0355682373	28.7101097107	0.0
38.0066795349	28.7181968689	0.0
37.9777908325	28.7262840271	0.0
37.9489021301	28.7343711853	0.0
37.9200134277	28.7424583435	0.0
37.8911247253	28.7505455017	0.0
37.8622322083	28.7586326599	0.0
37.8333435059	28.7667198181	0.0
37.8044548035	28.774805069	0.0
37.7755661011	28.7828922272	0.0
37.7466773987	28.7909812927	0.0
37.7177886963	28.7990684509	0.0
37.6888961792	28.8071556091	0.0
37.6600074768	28.8152427673	0.0
37.6311187744	28.8233299255	0.0
37.602230072	28.8314151764	0.0
37.5733413696	28.8395023346	0.0
37.5444488525	28.8475894928	0.0
37.5155601501	28.855676651	0.0
37.4866714478	28.8637657166	0.0
37.4577827454	28.8718528748	0.0
37.4288902283	28.8799381256	0.0
37.4000015259	28.8880252838	0.0
37.3711128235	28.896112442	0.0
37.3422241211	28.9041996002	0.0
37.3133354187	28.9122867584	0.0
37.2844467163	28.9203739166	0.0
37.2555541992	28.9284610748	0.0
37.2266654968	28.936548233	0.0
37.1977767944	28.9446353912	0.0
37.168888092	28.9527225494	0.0
37.1399993896	28.9608097076	0.0
37.1111106873	28.9688968658	0.0
37.0822181702	28.976984024	0.0
37.0533294678	28.9850711823	0.0
37.0244407654	28.9931583405	0.0
38.3654556274	27.5502433777	0.0
38.340511322	27.5669116974	0.0
38.3155670166	27.5835762024	0.0
38.2906227112	27.6002426147	0.0
38.2656784058	27.6169109344	0.0
38.2407341003	27.6335754395	0.0
38.2157897949	27.6502437592	0.0
38.1908454895	27.6669082642	0.0
38.1659011841	27.6835746765	0.0
38.1409568787	27.7002410889	0.0
38.1160125732	27.7169075012	0.0
38.0910682678	27.7335739136	0.0
38.0661201477	27.7502403259	0.0
38.041179657	27.7669067383	0.0
38.0237503052	27.8058948517	0.0
38.0201072693	27.8356723785	0.0
38.0164642334	27.8654518127	0.0
38.0128173828	27.8952293396	0.0
38.0091743469	27.9250068665	0.0
38.005531311	27.9547843933	0.0
38.0018882751	27.9845638275	0.0
37.9980812073	27.7825050354	0.0
37.9687690735	27.788892746	0.0
37.9394569397	27.7952804565	0.0
37.9101448059	27.8016662598	0.0
37.8808326721	27.8080558777	0.0
37.8515205383	27.8144416809	0.0
37.8222084045	27.8208293915	0.0
37.7928962708	27.8272171021	0.0
37.763584137	27.8336048126	0.0
37.7342720032	27.8399925232	0.0
37.7049598694	27.8463802338	0.0
37.6756477356	27.8527679443	0.0
37.6463356018	27.8591556549	0.0
37.617023468	27.8655414581	0.0
37.5877113342	27.8719291687	0.0
37.5583992004	27.8783168793	0.0
37.5290870667	27.8847045898	0.0
37.4997749329	27.8910923004	0.0
37.4704627991	27.897480011	0.0
37.4411506653	27.9038677216	0.0
37.4118385315	27.9102554321	0.0
37.3825263977	27.9166412354	0.0
37.3532142639	27.9230308533	0.0
37.3239021301	27.9294166565	0.0
37.2945899963	27.9358043671	0.0
37.2652778625	27.9421920776	0.0
37.2359657288	27.9485797882	0.0
37.206653595	27.9549674988	0.0
37.1773414612	27.9613552094	0.0
37.1480293274	27.9677429199	0.0
37.1187171936	27.9741306305	0.0
37.0894050598	27.9805164337	0.0
37.060092926	27.9869041443	0.0
37.0307807922	27.9932918549	0.0
37.0014686584	27.9996795654	0.0
38.5358276367	26.9774608612	0.0
38.5058517456	26.9787216187	0.0
38.4758796692	26.9799823761	0.0
38.4459075928	26.9812431335	0.0
38.4159317017	26.982503891	0.0
38.3859596252	26.9837646484	0.0
38.3559875488	26.9850254059	0.0
38.3260116577	26.9862861633	0.0
38.2960395813	26.9875469208	0.0
38.2660636902	26.9888076782	0.0
38.2360916138	26.9900684357	0.0
38.2061195374	26.9913291931	0.0
38.1761436462	26.9925918579	0.0
38.1461715698	26.993850708	0.0
38.1161994934	26.9951114655	0.0
38.0862236023	26.9963722229	0.0
38.0562515259	26.9976348877	0.0
38.0262756348	26.9988956451	0.0
39.61951828	26.2390975952	0.0
39.6035003662	26.2137317657	0.0
39.5874824524	26.1883659363	0.0
39.5714645386	26.1630001068	0.0
39.5554466248	26.1376342773	0.0
39.5394287109	26.1122684479	0.0
39.5234107971	26.0869026184	0.0
39.5073928833	26.0615386963	0.0
39.4913711548	26.0361728668	0.0
39.475353241	26.0108070374	0.0
39.4593353271	25.9854412079	0.0
39.4433174133	25.9600753784	0.0
39.4272994995	25.934709549	0.0
39.4112815857	25.9093437195	0.0
39.3952636719	25.8839797974	0.0
39.3792457581	25.8586120605	0.0
39.3632278442	25.8332462311	0.0
39.3472061157	25.807882309	0.0
39.3311882019	25.7825164795	0.0
39.3151702881	25.75715065	0.0
39.2991523743	25.7317848206	0.0
39.2831344604	25.7064189911	0.0
39.2671165466	25.6810531616	0.0
39.2510986328	25.6556873322	0.0
39.2355804443	25.6110877991	0.0
39.2296524048	25.5816783905	0.0
39.2237281799	25.5522689819	0.0
39.2178039551	25.5228595734	0.0
39.2118759155	25.4934501648	0.0
39.2059516907	25.4640426636	0.0
39.2000274658	25.434633255	0.0
39.1940994263	25.4052238464	0.0
39.1881752014	25.3758144379	0.0
39.1822509766	25.3464069366	0.0
39.1763267517	25.3169975281	0.0
39.1703987122	25.2875881195	0.0
39.1644744873	25.2581787109	0.0
39.1585502625	25.2287693024	0.0
39.1526222229	25.1993618011	0.0
39.146697998	25.1699523926	0.0
39.1407737732	25.140542984	0.0
39.1340141296	25.0953044891	0.0
39.1303710938	25.0655269623	0.0
39.1267280579	25.0357494354	0.0
39.123085022	25.0059719086	0.0
39.1194381714	24.9761924744	0.0
39.1157951355	24.9464149475	0.0
39.1121520996	24.9166374207	0.0
39.1085090637	24.8868598938	0.0
39.1048660278	24.8570804596	0.0
39.1012229919	24.8273029327	0.0
39.0975799561	24.7975254059	0.0
39.0939369202	24.767747879	0.0
39.0902938843	24.7379684448	0.0
39.0866508484	24.7081928253	0.0
39.0830078125	24.6784133911	0.0
39.0793647766	24.6486358643	0.0
39.075717926	24.6188583374	0.0
39.0720748901	24.5890808105	0.0
39.0684318542	24.5593013763	0.0
39.0647888184	24.5295238495	0.0
39.0611457825	24.4997463226	0.0
39.0575027466	24.4699687958	0.0
39.0538597107	24.4401893616	0.0
39.0502166748	24.4104118347	0.0
39.0465736389	24.3806343079	0.0
39.0429267883	24.350856781	0.0
39.0392837524	24.3210773468	0.0
39.0356407166	24.2912998199	0.0
39.0319976807	24.2615222931	0.0
39.0283546448	24.2317447662	0.0
39.0247116089	24.2019672394	0.0
39.021068573	24.1721897125	0.0
39.0174255371	24.1424102783	0.0
39.0137825012	24.1126327515	0.0
39.0101394653	24.0828552246	0.0
39.0064926147	24.0530776978	0.0
39.0028495789	24.0232982635	0.0
39.1154556274	25.1049079895	0.0
39.0932502747	25.0847320557	0.0
39.0710487366	25.0645580292	0.0
39.0488433838	25.0443820953	0.0
39.0266418457	25.0242080688	0.0
39.0044403076	25.0040340424	0.0
39.2247772217	25.665397644	0.0
39.2080459595	25.6903018951	0.0
39.191318512	25.7152042389	0.0
39.1745872498	25.7401065826	0.0
39.1578598022	25.7650089264	0.0
39.1411323547	25.7899112701	0.0
39.1244010925	25.8148155212	0.0
39.107673645	25.839717865	0.0
39.0909423828	25.8646202087	0.0
39.0742149353	25.8895225525	0.0
39.0574874878	25.9144248962	0.0
39.0407562256	25.93932724	0.0
39.0240287781	25.9642314911	0.0
39.0073013306	25.9891338348	0.0
40.4011116028	25.8453845978	0.0
40.4301567078	25.8528842926	0.0
40.4592056274	25.8603839874	0.0
40.4882545471	25.8678836823	0.0
40.5172996521	25.8753814697	0.0
40.5463485718	25.8828811646	0.0
40.5753974915	25.8903808594	0.0
40.6044425964	25.8978805542	0.0
40.6334915161	25.9053783417	0.0
40.6625366211	25.9128780365	0.0
40.6915855408	25.9203777313	0.0
40.7206344604	25.9278755188	0.0
40.7496795654	25.9353752136	0.0
40.7787284851	25.9428749084	0.0
40.8077774048	25.9503746033	0.0
40.8368225098	25.9578723907	0.0
40.8658714294	25.9653720856	0.0
40.8949203491	25.9728717804	0.0
40.9239654541	25.9803714752	0.0
40.9530143738	25.9878692627	0.0
40.9820632935	25.9953689575	0.0
41.3480453491	25.1500358582	0.0
41.3310661316	25.1253032684	0.0
41.3140907288	25.1005687714	0.0
41.2971115112	25.0758342743	0.0
41.2801322937	25.0511016846	0.0
41.2631568909	25.0263671875	0.0
41.2461776733	25.0016345978	0.0
41.2291984558	24.9769001007	0.0
41.212223053	24.952167511	0.0
41.1952438354	24.9274330139	0.0
41.1782646179	24.9027004242	0.0
41.1612892151	24.8779659271	0.0
41.1443099976	24.8532314301	0.0
41.1305618286	24.8205165863	0.0
41.1199951172	24.7924385071	0.0
41.1094322205	24.7643604279	0.0
41.098865509	24.7362823486	0.0
41.0882987976	24.7082042694	0.0
41.0777359009	24.6801261902	0.0
41.0671691895	24.652048111	0.0
41.056602478	24.6239719391	0.0
41.0460395813	24.5958938599	0.0
41.0354728699	24.5678157806	0.0
41.0249061584	24.5397377014	0.0
41.014339447	24.5116596222	0.0
41.0037765503	24.483581543	0.0
40.9932098389	24.4555034637	0.0
40.9826431274	24.4274253845	0.0
40.9720802307	24.3993473053	0.0
40.9615135193	24.3712692261	0.0
40.9509468079	24.3431911469	0.0
40.9403800964	24.3151130676	0.0
40.9298171997	24.2870368958	0.0
40.9192504883	24.2589588165	0.0
40.9086875916	24.2308807373	0.0
40.8981208801	24.2028026581	0.0
40.9092941284	24.168258667	0.0
40.9235305786	24.1418495178	0.0
40.9377670288	24.115442276	0.0
40.952003479	24.0890369415	0.0
40.9662361145	24.0626296997	0.0
40.9804725647	24.0362224579	0.0
40.9947090149	24.0098133087	0.0
40.8770713806	24.1706562042	0.0
40.8590812683	24.1466464996	0.0
40.8410949707	24.1226387024	0.0
40.8231048584	24.0986289978	0.0
40.8051185608	24.0746192932	0.0
40.7871322632	24.0506095886	0.0
40.7691421509	24.0266017914	0.0
40.7511558533	24.0025920868	0.0
40.733165741	23.9785823822	0.0
40.7151794434	23.954574585	0.0
40.6971893311	23.9305648804	0.0
40.6792030334	23.9065551758	0.0
40.6612167358	23.8825473785	0.0
40.6432266235	23.858537674	0.0
40.6252403259	23.8345298767	0.0
40.6072502136	23.8105201721	0.0
40.589263916	23.7865104675	0.0
40.5712776184	23.7625026703	0.0
40.5532875061	23.7384929657	0.0
40.5353012085	23.7144832611	0.0
40.5173110962	23.6904735565	0.0
40.4993247986	23.6664657593	0.0
40.4813346863	23.6424560547	0.0
40.4633483887	23.6184463501	0.0
40.4453620911	23.5944385529	0.0
40.4273719788	23.5704288483	0.0
40.4093856812	23.5464191437	0.0
40.3913955688	23.5224113464	0.0
40.3734092712	23.4984016418	0.0
40.3554191589	23.4743938446	0.0
40.3374328613	23.45038414	0.0
40.3194465637	23.4263744354	0.0
40.3014564514	23.4023666382	0.0
40.2834701538	23.3783569336	0.0
40.2654838562	23.354347229	0.0
40.2474937439	23.3303375244	0.0
40.2295074463	23.3063297272	0.0
40.211517334	23.2823200226	0.0
40.1935310364	23.258310318	0.0
40.1755409241	23.2343025208	0.0
40.1575546265	23.2102928162	0.0
40.1395645142	23.1862831116	0.0
40.1215782166	23.1622753143	0.0
40.1035881042	23.1382656097	0.0
40.0856018066	23.1142578125	0.0
40.067615509	23.0902481079	0.0
40.0496253967	23.0662384033	0.0
40.0316390991	23.0422306061	0.0
40.0136528015	23.0182209015	0.0
41.1206703186	24.8705406189	0.0
41.1002159119	24.8924846649	0.0
41.0797615051	24.9144306183	0.0
41.0593070984	24.9363746643	0.0
41.0388526917	24.9583206177	0.0
41.0183944702	24.9802646637	0.0
42.8080062866	24.2686901093	0.0
42.8056335449	24.2985954285	0.0
42.8032608032	24.328502655	0.0
42.8008918762	24.3584079742	0.0
42.7985191345	24.3883132935	0.0
42.7961463928	24.41822052	0.0
42.7937736511	24.4481258392	0.0
42.7914009094	24.4780311584	0.0
42.7890281677	24.507938385	0.0
42.786655426	24.5378456116	0.0
42.784286499	24.5677509308	0.0
42.7819137573	24.59765625	0.0
42.7795410156	24.6275634766	0.0
42.7771682739	24.6574687958	0.0
42.7747955322	24.687374115	0.0
42.7724266052	24.7172813416	0.0
42.7909355164	24.7490139008	0.0
42.8101387024	24.772064209	0.0
42.8293380737	24.7951145172	0.0
42.8485374451	24.8181648254	0.0
42.8677406311	24.8412151337	0.0
42.8869400024	24.8642673492	0.0
42.9061393738	24.8873176575	0.0
42.9253387451	24.910369873	0.0
42.9445419312	24.9334201813	0.0
42.9637413025	24.9564704895	0.0
42.9829406738	24.9795207977	0.0
42.7496337891	24.7462463379	0.0
42.7275314331	24.7665309906	0.0
42.7054252625	24.7868156433	0.0
42.6833229065	24.807100296	0.0
42.6612205505	24.8273849487	0.0
42.6391181946	24.8476696014	0.0
42.6170158386	24.8679523468	0.0
42.5949134827	24.8882369995	0.0
42.572807312	24.9085216522	0.0
42.5507049561	24.9288063049	0.0
42.5286026001	24.9490909576	0.0
42.5065002441	24.9693756104	0.0
42.4843978882	24.9896583557	0.0
42.4527206421	24.9917488098	0.0
42.4227256775	24.9922962189	0.0
42.3927307129	24.9928417206	0.0
42.3627357483	24.9933891296	0.0
42.3327407837	24.9939365387	0.0
42.3027458191	24.9944820404	0.0
42.2727508545	24.9950294495	0.0
42.2427558899	24.9955768585	0.0
42.2127609253	24.9961223602	0.0
42.1827659607	24.9966697693	0.0
42.1527709961	24.997215271	0.0
42.1227760315	24.9977626801	0.0
42.0927810669	24.9983081818	0.0
42.0627861023	24.9988555908	0.0
42.0327911377	24.9994010925	0.0
42.0027961731	24.9999485016	0.0
42.4964027405	25.0178966522	0.0
42.510093689	25.0445919037	0.0
42.5237808228	25.0712871552	0.0
42.5374717712	25.0979824066	0.0
42.551158905	25.1246776581	0.0
42.5648460388	25.1513729095	0.0
42.5785331726	25.1780662537	0.0
42.5922241211	25.2047634125	0.0
42.6059112549	25.2314586639	0.0
42.6196022034	25.2581539154	0.0
42.6332893372	25.2848472595	0.0
42.6469764709	25.311542511	0.0
42.6606674194	25.3382377625	0.0
42.6743545532	25.3649330139	0.0
42.688041687	25.3916282654	0.0
42.7017326355	25.4183235168	0.0
42.7154197693	25.4450187683	0.0
42.7291107178	25.4717121124	0.0
42.7427978516	25.4984073639	0.0
42.7564849854	25.5251026154	0.0
42.7701721191	25.5517978668	0.0
42.7838630676	25.5784931183	0.0
42.7975502014	25.6051883698	0.0
42.8112411499	25.6318836212	0.0
42.8249282837	25.6585788727	0.0
42.8386154175	25.6852722168	0.0
42.852306366	25.7119674683	0.0
42.8659934998	25.7386627197	0.0
42.8796806335	25.7653579712	0.0
42.893371582	25.7920532227	0.0
42.9070587158	25.8187484741	0.0
42.9207496643	25.8454437256	0.0
42.9344367981	25.8721389771	0.0
42.9481239319	25.8988342285	0.0
42.9618148804	25.92552948	0.0
42.9755020142	25.9522247314	0.0
42.9891891479	25.9789180756	0.0
43.1566238403	24.0592803955	0.0
43.138633728	24.0352725983	0.0
43.1206436157	24.011264801	0.0
43.1026573181	23.9872550964	0.0
43.0846672058	23.9632453918	0.0
43.0666809082	23.9392375946	0.0
43.0486907959	23.9152297974	0.0
43.0307044983	23.8912200928	0.0
43.012714386	23.8672122955	0.0
42.9947242737	23.8432025909	0.0
42.9767379761	23.8191947937	0.0
42.9587516785	23.7951850891	0.0
42.9407615662	23.7711772919	0.0
42.9227714539	23.7471675873	0.0
42.9047851562	23.72315979	0.0
42.8867950439	23.6991500854	0.0
42.8688087463	23.6751422882	0.0
42.850818634	23.6511325836	0.0
42.8328323364	23.6271247864	0.0
42.8148422241	23.6031150818	0.0
42.7869911194	23.5659427643	0.0
42.7690048218	23.5419330597	0.0
42.7510147095	23.5179252625	0.0
42.7330245972	23.4939174652	0.0
42.7150382996	23.4699077606	0.0
42.6970481873	23.445898056	0.0
42.6790618896	23.4218902588	0.0
42.6610717773	23.3978824615	0.0
42.6430854797	23.373872757	0.0
42.6250953674	23.3498630524	0.0
42.6071090698	23.3258552551	0.0
42.5891189575	23.3018474579	0.0
42.5711326599	23.2778377533	0.0
42.5531425476	23.2538299561	0.0
42.5351524353	23.2298202515	0.0
42.5171661377	23.2058124542	0.0
42.4991760254	23.1818027496	0.0
42.4811897278	23.1577949524	0.0
42.4631996155	23.1337852478	0.0
42.4452133179	23.1097774506	0.0
42.4220504761	23.0697212219	0.0
42.4087562561	23.0428295135	0.0
42.3954582214	23.0159358978	0.0
42.3821601868	22.9890441895	0.0
42.3688659668	22.9621524811	0.0
42.3555679321	22.9352588654	0.0
42.3422737122	22.908367157	0.0
42.3289756775	22.8814754486	0.0
42.3156776428	22.8545837402	0.0
42.3023796082	22.8276901245	0.0
42.2890853882	22.8007984161	0.0
42.2757873535	22.7739067078	0.0
42.2624893188	22.747013092	0.0
42.2491950989	22.7201213837	0.0
42.2358970642	22.6932296753	0.0
42.2226028442	22.6663360596	0.0
42.189743042	22.6664009094	0.0
42.1608543396	22.6744995117	0.0
42.1319694519	22.6826000214	0.0
42.1030845642	22.6906986237	0.0
42.0741996765	22.6987991333	0.0
42.0453109741	22.7068977356	0.0
42.0164260864	22.7149982452	0.0
41.9875411987	22.7230968475	0.0
41.9586524963	22.7311973572	0.0
41.9297676086	22.7392959595	0.0
41.9008827209	22.7473964691	0.0
41.8719978333	22.7554950714	0.0
41.8431091309	22.7635955811	0.0
41.8142242432	22.7716941833	0.0
41.7853393555	22.779794693	0.0
41.7564544678	22.7878932953	0.0
41.7275657654	22.7959938049	0.0
41.6986808777	22.8040924072	0.0
41.66979599	22.8121929169	0.0
41.6409072876	22.8202915192	0.0
41.6120223999	22.8283901215	0.0
41.5831375122	22.8364906311	0.0
41.5542526245	22.8445892334	0.0
41.5253639221	22.852689743	0.0
41.4964790344	22.8607883453	0.0
41.4675941467	22.868888855	0.0
41.4387054443	22.8769874573	0.0
41.4098205566	22.8850879669	0.0
41.3809356689	22.8931865692	0.0
41.3520507812	22.9012870789	0.0
41.3231620789	22.9093856812	0.0
41.2942771912	22.9174861908	0.0
41.2653923035	22.9255847931	0.0
41.2365074158	22.9336853027	0.0
41.2076187134	22.941783905	0.0
41.1787338257	22.9498844147	0.0
41.149848938	22.957983017	0.0
41.1209602356	22.9660835266	0.0
41.0920753479	22.9741821289	0.0
41.0631904602	22.9822826385	0.0
41.0343055725	22.9903812408	0.0
41.0054168701	22.9984817505	0.0
42.205329895	22.6314086914	0.0
42.192035675	22.604516983	0.0
42.1787376404	22.5776252747	0.0
42.1654396057	22.5507316589	0.0
42.1521453857	22.5238399506	0.0
42.1388473511	22.4969482422	0.0
42.1255493164	22.4700546265	0.0
42.1122550964	22.4431629181	0.0
42.0989570618	22.4162712097	0.0
42.0856590271	22.389377594	0.0
42.0723648071	22.3624858856	0.0
42.0590667725	22.3355941772	0.0
42.0457687378	22.3087024689	0.0
42.0324745178	22.2818088531	0.0
42.0191764832	22.2549171448	0.0
42.0058784485	22.2280254364	0.0
41.9764785767	22.2040672302	0.0
41.9510536194	22.1881465912	0.0
41.9256286621	22.1722240448	0.0
41.9002037048	22.1563014984	0.0
41.8747749329	22.1403808594	0.0
41.8493499756	22.124458313	0.0
41.8239212036	22.1085357666	0.0
41.7984962463	22.0926132202	0.0
41.7730712891	22.0766925812	0.0
41.7476425171	22.0607700348	0.0
41.7222175598	22.0448474884	0.0
41.6967926025	22.0289268494	0.0
41.6713676453	22.013004303	0.0
41.6459388733	21.9970817566	0.0
41.620513916	21.9811592102	0.0
41.595085144	21.9652385712	0.0
41.5696601868	21.9493160248	0.0
41.5442352295	21.9333934784	0.0
41.5188102722	21.9174728394	0.0
41.4933815002	21.901550293	0.0
41.467956543	21.8856277466	0.0
41.4318275452	21.8886833191	0.0
41.4027748108	21.8961715698	0.0
41.3737258911	21.9036617279	0.0
41.3446769714	21.9111499786	0.0
41.3156242371	21.9186382294	0.0
41.2865753174	21.9261264801	0.0
41.2575263977	21.9336147308	0.0
41.2284736633	21.9411048889	0.0
41.1994247437	21.9485912323	0.0
41.170375824	21.9560813904	0.0
41.1413230896	21.9635696411	0.0
41.1122741699	21.9710578918	0.0
41.0832214355	21.9785461426	0.0
41.0541725159	21.9860343933	0.0
41.0251235962	21.9935245514	0.0
41.4469718933	21.8546123505	0.0
41.4330711365	21.8280277252	0.0
41.4191665649	21.8014431	0.0
41.4052619934	21.7748603821	0.0
41.3913574219	21.7482776642	0.0
41.377456665	21.7216930389	0.0
41.3635520935	21.695110321	0.0
41.349647522	21.6685256958	0.0
41.3357467651	21.6419410706	0.0
41.3218421936	21.6153583527	0.0
41.3079376221	21.5887756348	0.0
41.2940330505	21.5621929169	0.0
41.280128479	21.5356082916	0.0
41.2662277222	21.5090236664	0.0
41.2523231506	21.4824409485	0.0
41.2384185791	21.4558563232	0.0
41.2245178223	21.4292736053	0.0
41.2106132507	21.4026908875	0.0
41.1967086792	21.3761062622	0.0
41.1828041077	21.349521637	0.0
41.1688995361	21.3229389191	0.0
41.1549987793	21.2963542938	0.0
41.1410942078	21.2697715759	0.0
41.1271896362	21.243188858	0.0
41.1132888794	21.2166042328	0.0
41.0993843079	21.1900215149	0.0
41.0854797363	21.1634368896	0.0
41.0715751648	21.1368522644	0.0
41.057674408	21.1102695465	0.0
41.0437698364	21.0836868286	0.0
41.0298652649	21.0571022034	0.0
41.0159606934	21.0305194855	0.0
41.0020561218	21.0039348602	0.0
42.0016441345	22.1899909973	0.0
42.0013847351	22.159992218	0.0
42.0011253357	22.1299934387	0.0
42.0008659363	22.0999946594	0.0
42.0006065369	22.0699958801	0.0
42.0003471375	22.0399951935	0.0
42.000087738	22.0099964142	0.0
42.4060630798	23.0901145935	0.0
42.3767738342	23.0836143494	0.0
42.3474884033	23.0771141052	0.0
42.3181991577	23.0706157684	0.0
42.2889137268	23.0641155243	0.0
42.2596244812	23.0576152802	0.0
42.2303352356	23.0511169434	0.0
42.1883888245	23.0418071747	0.0
42.1590995789	23.0353088379	0.0
42.1298103333	23.0288085938	0.0
42.1005249023	23.0223083496	0.0
42.0712356567	23.0158081055	0.0
42.0419502258	23.0093097687	0.0
42.0126609802	23.0028095245	0.0
42.2367248535	23.0714817047	0.0
42.2557754517	23.0946559906	0.0
42.2748260498	23.1178302765	0.0
42.2938766479	23.1410064697	0.0
42.3129272461	23.1641807556	0.0
42.3319778442	23.1873569489	0.0
42.3510284424	23.2105312347	0.0
42.3700790405	23.2337055206	0.0
42.3891296387	23.2568817139	0.0
42.4081802368	23.2800559998	0.0
42.427230835	23.3032302856	0.0
42.4462814331	23.3264045715	0.0
42.4653320312	23.3495807648	0.0
42.4843826294	23.3727550507	0.0
42.5034332275	23.3959293365	0.0
42.5224838257	23.4191055298	0.0
42.5415344238	23.4422798157	0.0
42.560585022	23.4654541016	0.0
42.5796356201	23.4886302948	0.0
42.5986862183	23.5118045807	0.0
42.6177368164	23.5349788666	0.0
42.6367874146	23.5581531525	0.0
42.6558380127	23.5813293457	0.0
42.6748886108	23.6045036316	0.0
42.693939209	23.6276798248	0.0
42.7129898071	23.6508541107	0.0
42.7320404053	23.6740283966	0.0
42.7510910034	23.6972045898	0.0
42.7701416016	23.7203788757	0.0
42.7891921997	23.7435531616	0.0
42.8082427979	23.7667274475	0.0
42.827293396	23.7899036407	0.0
42.8463439941	23.8130779266	0.0
42.8653945923	23.8362522125	0.0
42.8844451904	23.8594284058	0.0
42.9034957886	23.8826026917	0.0
42.9225463867	23.9057788849	0.0
42.9415969849	23.9289512634	0.0
42.960647583	23.9521274567	0.0
42.9796981812	23.9753017426	0.0
42.9987487793	23.9984779358	0.0
42.8143959045	23.5614681244	0.0
42.8238105774	23.5329837799	0.0
42.8332290649	23.5044994354	0.0
42.8426437378	23.4760150909	0.0
42.8520584106	23.4475307465	0.0
42.8614768982	23.419046402	0.0
42.870891571	23.3905620575	0.0
42.8803062439	23.3620796204	0.0
42.8897247314	23.3335952759	0.0
42.8991394043	23.3051109314	0.0
42.9085540771	23.2766265869	0.0
42.9179725647	23.2481422424	0.0
42.9273872375	23.2196598053	0.0
42.9368019104	23.1911754608	0.0
42.9462203979	23.1626911163	0.0
42.9556350708	23.1342067719	0.0
42.9650497437	23.1057224274	0.0
42.9744682312	23.0772380829	0.0
42.9838829041	23.0487556458	0.0
42.9932975769	23.0202713013	0.0
44.2384376526	23.9545555115	0.0
44.2311668396	23.9254493713	0.0
44.2238960266	23.8963451385	0.0
44.2166252136	23.8672389984	0.0
44.2093544006	23.8381328583	0.0
44.2020874023	23.8090286255	0.0
44.1948165894	23.7799224854	0.0
44.1875457764	23.7508163452	0.0
44.1802749634	23.7217102051	0.0
44.1730041504	23.6926040649	0.0
44.1657333374	23.6634998322	0.0
44.1584625244	23.634393692	0.0
44.1511955261	23.6052875519	0.0
44.1439247131	23.5761814117	0.0
44.1366539001	23.5470752716	0.0
44.1293830872	23.5179691315	0.0
44.1221122742	23.4888648987	0.0
44.1148414612	23.4597587585	0.0
44.1075706482	23.4306526184	0.0
44.1003036499	23.4015464783	0.0
44.0930328369	23.3724422455	0.0
44.0857620239	23.3433361053	0.0
44.0784912109	23.3142299652	0.0
44.0712203979	23.2851238251	0.0
44.063949585	23.2560195923	0.0
44.056678772	23.2269134521	0.0
44.0494117737	23.197807312	0.0
44.0421409607	23.1687011719	0.0
44.0348701477	23.1395969391	0.0
44.0275993347	23.110490799	0.0
44.0203285217	23.0813846588	0.0
44.0130577087	23.0522785187	0.0
44.0057868958	23.0231723785	0.0
44.9609718323	24.1960678101	0.0
44.9379615784	24.2153167725	0.0
44.9149513245	24.2345657349	0.0
44.8919448853	24.2538166046	0.0
44.8689346313	24.273065567	0.0
44.8459243774	24.2923145294	0.0
44.8229141235	24.3115653992	0.0
44.7999038696	24.3308143616	0.0
44.7768936157	24.350063324	0.0
44.7538833618	24.3693141937	0.0
44.7308731079	24.3885631561	0.0
44.707862854	24.4078121185	0.0
44.6848526001	24.4270629883	0.0
44.6618461609	24.4463119507	0.0
44.638835907	24.4655628204	0.0
44.6158256531	24.4848117828	0.0
44.5928153992	24.5040607452	0.0
44.5698051453	24.523311615	0.0
44.5467948914	24.5425605774	0.0
44.5237846375	24.5618095398	0.0
44.5007743835	24.5810604095	0.0
44.4777641296	24.6003093719	0.0
44.4547576904	24.6195583344	0.0
44.4317474365	24.6388072968	0.0
44.4087371826	24.6580581665	0.0
44.3857269287	24.6773071289	0.0
44.3627166748	24.6965560913	0.0
44.3397064209	24.7158069611	0.0
44.316696167	24.7350578308	0.0
44.2936859131	24.7543067932	0.0
44.2706794739	24.7735557556	0.0
44.24766922	24.792804718	0.0
44.2246589661	24.8120555878	0.0
44.2016487122	24.8313045502	0.0
44.1786384583	24.8505535126	0.0
44.1556282043	24.8698043823	0.0
44.1326179504	24.8890533447	0.0
44.1096076965	24.9083023071	0.0
44.0865974426	24.9275531769	0.0
44.0635871887	24.9468021393	0.0
44.0405807495	24.9660511017	0.0
44.0175704956	24.9853019714	0.0
45.340007782	24.3003787994	0.0
45.3268928528	24.3273601532	0.0
45.3137817383	24.354341507	0.0
45.3006668091	24.3813247681	0.0
45.2875556946	24.4083061218	0.0
45.2744407654	24.4352893829	0.0
45.2613296509	24.462272644	0.0
45.2482147217	24.4892539978	0.0
45.2351036072	24.5162353516	0.0
45.221988678	24.5432186127	0.0
45.2088775635	24.5702018738	0.0
45.1957626343	24.5971832275	0.0
45.1826515198	24.6241664886	0.0
45.1695365906	24.6511478424	0.0
45.1564254761	24.6781311035	0.0
45.1433105469	24.7051124573	0.0
45.1301994324	24.7320957184	0.0
45.1170845032	24.7590770721	0.0
45.1039733887	24.7860603333	0.0
45.0908584595	24.8130435944	0.0
45.077747345	24.8400249481	0.0
45.0646324158	24.8670063019	0.0
45.0515213013	24.893989563	0.0
45.0384063721	24.9209728241	0.0
45.0252914429	24.9479541779	0.0
45.0121803284	24.974937439	0.0
46.276348114	24.6750125885	0.0
46.2554512024	24.6965408325	0.0
46.2345581055	24.7180671692	0.0
46.2136650085	24.7395954132	0.0
46.1927680969	24.7611217499	0.0
46.171875	24.7826499939	0.0
46.1509819031	24.8041763306	0.0
46.1300888062	24.8257045746	0.0
46.1091918945	24.8472328186	0.0
46.0882987976	24.8687591553	0.0
46.0674057007	24.8902873993	0.0
46.0465087891	24.911813736	0.0
46.0256156921	24.93334198	0.0
46.0047225952	24.9548683167	0.0
45.9838256836	24.9763965607	0.0
45.9629325867	24.9979248047	0.0
45.9420394897	25.0194511414	0.0
45.9211463928	25.0409793854	0.0
45.9002494812	25.062505722	0.0
45.8793563843	25.0840339661	0.0
45.8584632874	25.1055603027	0.0
45.8375663757	25.1270885468	0.0
45.8166732788	25.1486167908	0.0
45.7957801819	25.1701431274	0.0
45.7748832703	25.1916713715	0.0
45.7539901733	25.2131977081	0.0
45.7330970764	25.2347259521	0.0
45.7122001648	25.2562522888	0.0
45.6913070679	25.2777805328	0.0
45.6704139709	25.2993087769	0.0
45.649520874	25.3208351135	0.0
45.6286239624	25.3423633575	0.0
45.6077308655	25.3638896942	0.0
45.5868377686	25.3854179382	0.0
45.5659408569	25.4069442749	0.0
45.54504776	25.4284725189	0.0
45.5241546631	25.4500007629	0.0
45.5032615662	25.4715270996	0.0
45.4823646545	25.4930553436	0.0
45.4614715576	25.5145816803	0.0
45.4405784607	25.5361099243	0.0
45.4196815491	25.557636261	0.0
45.3987884521	25.579164505	0.0
45.3778953552	25.600692749	0.0
45.3569984436	25.6222190857	0.0
45.3361053467	25.6437473297	0.0
45.3152122498	25.6652736664	0.0
45.2943153381	25.6868019104	0.0
45.2734222412	25.7083282471	0.0
45.2525291443	25.7298564911	0.0
45.2316322327	25.7513847351	0.0
45.2107391357	25.7729110718	0.0
45.1898460388	25.7944393158	0.0
45.1689491272	25.8159656525	0.0
45.1480560303	25.8374938965	0.0
45.1271629333	25.8590202332	0.0
45.0902824402	25.8988246918	0.0
45.0703086853	25.9212093353	0.0
45.0535736084	25.9681797028	0.0
45.0520172119	25.9981403351	0.0
45.0504608154	26.0280990601	0.0
45.0489044189	26.0580596924	0.0
45.0473518372	26.0880184174	0.0
45.0457954407	26.1179771423	0.0
45.0442390442	26.1479377747	0.0
45.0426826477	26.177898407	0.0
45.0411262512	26.207857132	0.0
45.0395736694	26.2378177643	0.0
45.0380172729	26.2677764893	0.0
45.0364608765	26.2977352142	0.0
45.03490448	26.3276958466	0.0
45.0333518982	26.3576564789	0.0
45.0317955017	26.3876152039	0.0
45.0302391052	26.4175758362	0.0
45.0286827087	26.4475345612	0.0
45.027130127	26.4774932861	0.0
45.0255737305	26.5074539185	0.0
45.024017334	26.5374126434	0.0
45.0224609375	26.5673732758	0.0
45.020904541	26.5973339081	0.0
45.0193519592	26.6272926331	0.0
45.0177955627	26.657251358	0.0
45.0162391663	26.6872119904	0.0
45.0146827698	26.7171707153	0.0
45.013130188	26.7471313477	0.0
45.0115737915	26.7770900726	0.0
45.010017395	26.807050705	0.0
45.0084609985	26.8370094299	0.0
45.0069084167	26.8669700623	0.0
45.0053520203	26.8969287872	0.0
45.0037956238	26.9268894196	0.0
45.0022392273	26.9568481445	0.0
45.0006866455	26.9868087769	0.0
45.0351524353	25.9606056213	0.0
45.0151786804	25.9829883575	0.0
45.08360672	25.8902168274	0.0
45.0569572449	25.9039936066	0.0
45.0303077698	25.9177703857	0.0
45.00365448	25.9315471649	0.0
44.9770050049	25.9453239441	0.0
44.9503555298	25.9590988159	0.0
44.9237060547	25.9728755951	0.0
44.8970565796	25.9866523743	0.0
44.8704071045	26.0004291534	0.0
44.8437576294	26.0142059326	0.0
44.8171081543	26.0279827118	0.0
44.7904586792	26.0417575836	0.0
44.7638092041	26.0555343628	0.0
44.737159729	26.069311142	0.0
44.7105102539	26.0830879211	0.0
44.6838607788	26.0968647003	0.0
44.657207489	26.1106395721	0.0
44.6305580139	26.1244163513	0.0
44.6039085388	26.1381931305	0.0
44.5772590637	26.1519699097	0.0
44.5506095886	26.1657466888	0.0
44.5239601135	26.1795215607	0.0
44.4973106384	26.1932983398	0.0
44.4706611633	26.207075119	0.0
44.4440116882	26.2208518982	0.0
44.4154281616	26.2494525909	0.0
44.3967552185	26.2729301453	0.0
44.3780822754	26.2964115143	0.0
44.3594093323	26.3198890686	0.0
44.3407363892	26.3433704376	0.0
44.3220596313	26.3668498993	0.0
44.3033866882	26.390329361	0.0
44.2847137451	26.4138088226	0.0
44.266040802	26.437286377	0.0
44.2473640442	26.460767746	0.0
44.2286911011	26.4842453003	0.0
44.210018158	26.5077266693	0.0
44.1913414001	26.5312042236	0.0
44.172668457	26.5546855927	0.0
44.1539955139	26.578163147	0.0
44.1353225708	26.601644516	0.0
44.1166496277	26.6251220703	0.0
44.0979728699	26.6486034393	0.0
44.0792999268	26.672082901	0.0
44.0606269836	26.6955604553	0.0
44.0539703369	26.7260723114	0.0
44.0481719971	26.7555065155	0.0
44.0423698425	26.784942627	0.0
44.0365715027	26.8143768311	0.0
44.0307731628	26.8438091278	0.0
44.024974823	26.8732433319	0.0
44.0191764832	26.902677536	0.0
44.0133743286	26.9321117401	0.0
44.0075759888	26.9615459442	0.0
44.0017776489	26.9909801483	0.0
44.0309257507	26.7048950195	0.0
44.0020866394	26.7131519318	0.0
43.9732437134	26.7214069366	0.0
43.9444007874	26.7296638489	0.0
43.915561676	26.7379188538	0.0
43.88671875	26.746175766	0.0
43.8578796387	26.7544307709	0.0
43.8290367126	26.7626876831	0.0
43.8001937866	26.770942688	0.0
43.7713546753	26.7791996002	0.0
43.7425117493	26.7874546051	0.0
43.7136688232	26.7957115173	0.0
43.6848297119	26.8039665222	0.0
43.6559867859	26.8122234344	0.0
43.6271438599	26.8204784393	0.0
43.5983047485	26.8287353516	0.0
43.5694618225	26.8369903564	0.0
43.5406188965	26.8452472687	0.0
43.5117797852	26.8535022736	0.0
43.4829368591	26.8617572784	0.0
43.4540939331	26.8700141907	0.0
43.4252548218	26.8782691956	0.0
43.3964118958	26.8865261078	0.0
43.3675689697	26.8947811127	0.0
43.3387298584	26.9030380249	0.0
43.3098869324	26.9112949371	0.0
43.2810440063	26.919549942	0.0
43.252204895	26.9278068542	0.0
43.223361969	26.9360618591	0.0
43.194519043	26.9443187714	0.0
43.1656799316	26.9525737762	0.0
43.1368370056	26.9608306885	0.0
43.1079940796	26.9690856934	0.0
43.0791549683	26.9773426056	0.0
43.0503120422	26.9855976105	0.0
43.0214691162	26.9938545227	0.0
44.4074935913	26.2121200562	0.0
44.3808822632	26.1982688904	0.0
44.3542747498	26.1844158173	0.0
44.3276634216	26.1705646515	0.0
44.3010520935	26.1567115784	0.0
44.2744407654	26.1428604126	0.0
44.2478294373	26.1290073395	0.0
44.2212181091	26.1151561737	0.0
44.1946105957	26.1013031006	0.0
44.1679992676	26.0874519348	0.0
44.1413879395	26.073600769	0.0
44.1147766113	26.0597476959	0.0
44.0881652832	26.0458946228	0.0
44.0615577698	26.032043457	0.0
44.0349464417	26.0181903839	0.0
44.0083351135	26.0043392181	0.0
