2.0	20.0	0.0
2.02048301697	20.0219192505	0.0
2.04096698761	20.0438365936	0.0
2.06145000458	20.0657558441	0.0
2.08193397522	20.0876750946	0.0
2.10241699219	20.1095924377	0.0
2.12290096283	20.1315116882	0.0
2.1433839798	20.1534309387	0.0
2.16386795044	20.1753482819	0.0
2.18435096741	20.1972675323	0.0
2.20483493805	20.2191867828	0.0
2.22531795502	20.241104126	0.0
2.24580192566	20.2630233765	0.0
2.26628494263	20.284942627	0.0
2.28676891327	20.3068618774	0.0
2.30725193024	20.3287792206	0.0
2.32773590088	20.3506984711	0.0
2.34821891785	20.3726177216	0.0
2.36870288849	20.3945350647	0.0
2.38918590546	20.4164543152	0.0
2.40967011452	20.4383735657	0.0
2.43015289307	20.4602909088	0.0
2.45063710213	20.4822101593	0.0
2.47112011909	20.5041294098	0.0
2.49160408974	20.5260467529	0.0
2.5120871067	20.5479660034	0.0
2.53257107735	20.5698852539	0.0
2.55305409431	20.591802597	0.0
2.57353806496	20.6137218475	0.0
2.59402108192	20.6356391907	0.0
2.61450505257	20.6575584412	0.0
2.63498806953	20.6794776917	0.0
2.65547204018	20.7013969421	0.0
2.67595505714	20.7233142853	0.0
2.69643902779	20.7452335358	0.0
2.71692204475	20.7671527863	0.0
2.7374060154	20.7890701294	0.0
2.75788903236	20.8109893799	0.0
2.77837300301	20.8329086304	0.0
2.79885601997	20.8548278809	0.0
2.81933999062	20.876745224	0.0
2.83982300758	20.8986644745	0.0
2.86030697823	20.920583725	0.0
2.88078999519	20.9425010681	0.0
2.90127396584	20.9644203186	0.0
2.9217569828	20.9863395691	0.0
2.94223999977	21.0082569122	0.0
2.96272397041	21.0301761627	0.0
2.98320698738	21.0520954132	0.0
3.00369095802	21.0740127563	0.0
3.02417397499	21.0959320068	0.0
3.04465794563	21.1178512573	0.0
3.0651409626	21.1397686005	0.0
3.08562493324	21.161687851	0.0
3.10610795021	21.1836051941	0.0
3.12659192085	21.2055244446	0.0
3.14707493782	21.2274436951	0.0
3.16755890846	21.2493629456	0.0
3.18804192543	21.2712802887	0.0
3.20852589607	21.2931995392	0.0
3.22900891304	21.3151187897	0.0
3.24949288368	21.3370361328	0.0
3.27883195877	21.3245391846	0.0
3.30166506767	21.3050804138	0.0
3.32449698448	21.2856216431	0.0
3.34733009338	21.266160965	0.0
3.37016201019	21.2467002869	0.0
3.392993927	21.2272415161	0.0
3.4158270359	21.2077827454	0.0
3.43865895271	21.1883220673	0.0
3.46149206161	21.1688632965	0.0
3.48432397842	21.1494026184	0.0
3.50715708733	21.1299438477	0.0
3.52998900414	21.1104831696	0.0
3.55282092094	21.0910243988	0.0
3.57565402985	21.0715637207	0.0
3.59848594666	21.05210495	0.0
3.62131905556	21.0326442719	0.0
3.63312411308	21.0598258972	0.0
3.64403009415	21.0877723694	0.0
3.65493488312	21.1157207489	0.0
3.6658411026	21.1436672211	0.0
3.67674708366	21.1716156006	0.0
3.68765306473	21.1995620728	0.0
3.69855809212	21.2275104523	0.0
3.70946407318	21.2554588318	0.0
3.72037005424	21.283405304	0.0
3.73127508163	21.3113536835	0.0
3.7421810627	21.3393001556	0.0
3.75308704376	21.3672485352	0.0
3.76399302483	21.3951969147	0.0
3.77489805222	21.4231433868	0.0
3.78580403328	21.4510917664	0.0
3.79671001434	21.4790382385	0.0
3.80761599541	21.506986618	0.0
3.82142305374	21.4877681732	0.0
3.83173704147	21.4595966339	0.0
3.84205102921	21.4314250946	0.0
3.85236406326	21.4032535553	0.0
3.86267805099	21.375082016	0.0
3.87299203873	21.3469104767	0.0
3.88330602646	21.3187389374	0.0
3.89362001419	21.2905673981	0.0
3.90393400192	21.2623977661	0.0
3.91424703598	21.2342243195	0.0
3.92456102371	21.2060546875	0.0
3.93487501144	21.1778831482	0.0
3.94518899918	21.1497116089	0.0
3.95550298691	21.1215400696	0.0
3.96581697464	21.0933685303	0.0
3.97613096237	21.065196991	0.0
3.98644399643	21.0370254517	0.0
3.99675798416	21.0088558197	0.0
3.82201504707	21.5438861847	0.0
3.83292102814	21.5718345642	0.0
3.84382605553	21.5997829437	0.0
3.85473203659	21.6277294159	0.0
3.86563801765	21.6556777954	0.0
3.87654304504	21.6836242676	0.0
3.88744902611	21.7115726471	0.0
3.89835500717	21.7395191193	0.0
3.90926098824	21.7674674988	0.0
3.92016601562	21.7954139709	0.0
3.93107199669	21.8233623505	0.0
3.94197797775	21.8513088226	0.0
3.95288395882	21.8792572021	0.0
3.96378898621	21.9072055817	0.0
3.97469496727	21.9351520538	0.0
3.98560094833	21.9631004333	0.0
3.99650597572	21.9910469055	0.0
3.6450510025	21.0124187469	0.0
3.66788291931	20.9929580688	0.0
3.69071507454	20.9734992981	0.0
3.71354794502	20.95403862	0.0
3.73638010025	20.9345798492	0.0
3.75921297073	20.9151191711	0.0
3.78204488754	20.8956604004	0.0
3.80487799644	20.8761997223	0.0
3.82770991325	20.8567409515	0.0
3.85054206848	20.8372802734	0.0
3.87337493896	20.8178215027	0.0
3.89620709419	20.7983608246	0.0
3.91903996468	20.7789001465	0.0
3.94187188148	20.7594413757	0.0
3.96470403671	20.739982605	0.0
3.9875369072	20.7205219269	0.0
3.98891806602	20.6897602081	0.0
3.98939990997	20.6597633362	0.0
3.98988199234	20.6297664642	0.0
3.99036407471	20.5997714996	0.0
3.99084591866	20.5697746277	0.0
3.99132800102	20.5397796631	0.0
3.99181008339	20.5097827911	0.0
3.99229192734	20.4797878265	0.0
3.9927740097	20.4497909546	0.0
3.99325609207	20.4197940826	0.0
3.99373698235	20.3897972107	0.0
3.99421906471	20.3598022461	0.0
3.99470090866	20.3298053741	0.0
3.99518299103	20.2998104095	0.0
3.99566507339	20.2698135376	0.0
3.99614691734	20.239818573	0.0
3.99662899971	20.209821701	0.0
3.99711108208	20.1798248291	0.0
3.99759292603	20.1498298645	0.0
3.99807500839	20.1198329926	0.0
3.99855709076	20.0898361206	0.0
3.99903893471	20.059841156	0.0
3.99952101707	20.0298442841	0.0
4.01126909256	20.700296402	0.0
4.03410100937	20.6808357239	0.0
4.05693387985	20.6613769531	0.0
4.07976579666	20.641916275	0.0
4.10259819031	20.6224575043	0.0
4.12543106079	20.6029968262	0.0
4.1482629776	20.5835380554	0.0
4.17109584808	20.5640773773	0.0
4.19437789917	20.5442352295	0.0
4.21720981598	20.5247745514	0.0
4.2400431633	20.5053157806	0.0
4.26287508011	20.4858551025	0.0
4.28570699692	20.4663963318	0.0
4.3085398674	20.4469356537	0.0
4.33137178421	20.4274768829	0.0
4.35420513153	20.4080162048	0.0
4.37748718262	20.388174057	0.0
4.40031909943	20.3687133789	0.0
4.42315196991	20.3492546082	0.0
4.44598388672	20.3297958374	0.0
4.46881723404	20.3103351593	0.0
4.49164915085	20.2908744812	0.0
4.51448106766	20.2714157104	0.0
4.53731393814	20.2519569397	0.0
4.56446886063	20.2652416229	0.0
4.59117412567	20.2789096832	0.0
4.61787891388	20.2925796509	0.0
4.64458417892	20.3062477112	0.0
4.67128896713	20.3199157715	0.0
4.69799518585	20.3335857391	0.0
4.72469997406	20.3472537994	0.0
4.75140476227	20.3609218597	0.0
4.77811002731	20.3745918274	0.0
4.80481481552	20.3882598877	0.0
4.83152103424	20.401927948	0.0
4.85822582245	20.4155979156	0.0
4.88493108749	20.429265976	0.0
4.9116358757	20.4429340363	0.0
4.93834114075	20.4566020966	0.0
4.96504592896	20.4702720642	0.0
4.99175214767	20.4839401245	0.0
5.01845693588	20.4976081848	0.0
5.04516220093	20.5112781525	0.0
5.07186698914	20.5249462128	0.0
5.09857177734	20.5386142731	0.0
5.12527704239	20.5522842407	0.0
5.15198278427	20.565952301	0.0
5.17868804932	20.5796222687	0.0
5.20539283752	20.593290329	0.0
5.23209810257	20.6069583893	0.0
5.25880289078	20.6206283569	0.0
5.28550815582	20.6342964172	0.0
5.31221389771	20.6479644775	0.0
5.33891916275	20.6616344452	0.0
5.36562395096	20.6753025055	0.0
5.392329216	20.6889705658	0.0
5.41903400421	20.7026405334	0.0
5.44574022293	20.7163085938	0.0
5.47244501114	20.7299766541	0.0
5.49914979935	20.7436466217	0.0
5.52585506439	20.757314682	0.0
5.5525598526	20.7709827423	0.0
5.57926511765	20.78465271	0.0
5.60597085953	20.7983207703	0.0
5.63267612457	20.8119907379	0.0
5.65938091278	20.8256587982	0.0
5.68608617783	20.8393268585	0.0
5.71279096603	20.8529968262	0.0
5.73949623108	20.8666648865	0.0
5.76620197296	20.8803329468	0.0
5.79290723801	20.8940029144	0.0
5.81961202621	20.9076709747	0.0
5.84631681442	20.921339035	0.0
5.87302207947	20.9350070953	0.0
5.89972686768	20.948677063	0.0
5.9264330864	20.9623451233	0.0
5.9531378746	20.9760131836	0.0
5.97984313965	20.9896831512	0.0
4.56059598923	20.2321128845	0.0
4.58342790604	20.2126522064	0.0
4.60626077652	20.1931934357	0.0
4.62909317017	20.1737346649	0.0
4.65192604065	20.1542739868	0.0
4.67475795746	20.1348133087	0.0
4.69759082794	20.115354538	0.0
4.72042322159	20.0958957672	0.0
4.74919080734	20.1054134369	0.0
4.77751016617	20.1153144836	0.0
4.80582904816	20.1252174377	0.0
4.83414793015	20.1351184845	0.0
4.86246681213	20.1450195312	0.0
4.89078521729	20.1549224854	0.0
4.91910409927	20.1648235321	0.0
4.94742298126	20.1747245789	0.0
4.97574186325	20.184627533	0.0
5.00406122208	20.1945285797	0.0
5.03238010406	20.2044315338	0.0
5.06069803238	20.2143325806	0.0
5.08901691437	20.2242336273	0.0
5.11733579636	20.2341365814	0.0
5.14565515518	20.2440376282	0.0
5.17397403717	20.2539386749	0.0
5.20229196548	20.263841629	0.0
5.23061084747	20.2737426758	0.0
5.2589302063	20.2836456299	0.0
5.28724908829	20.2935466766	0.0
5.31556797028	20.3034477234	0.0
5.34388685226	20.3133506775	0.0
5.37220478058	20.3232517242	0.0
5.4005241394	20.333152771	0.0
5.42884302139	20.3430557251	0.0
5.45716190338	20.3529567719	0.0
5.48548078537	20.362859726	0.0
5.51379919052	20.3727607727	0.0
5.54211807251	20.3826618195	0.0
5.5704369545	20.3925647736	0.0
5.59875583649	20.4024658203	0.0
5.62707519531	20.4123668671	0.0
5.6553940773	20.4222698212	0.0
5.68371200562	20.4321708679	0.0
5.7120308876	20.442073822	0.0
5.74034976959	20.4519748688	0.0
5.76866912842	20.4618759155	0.0
5.79698801041	20.4717788696	0.0
5.82530593872	20.4816799164	0.0
5.85362482071	20.4915809631	0.0
5.88194417953	20.5014839172	0.0
5.91026306152	20.511384964	0.0
5.93858194351	20.5212879181	0.0
5.96689987183	20.5311870575	0.0
5.99521923065	20.5410900116	0.0
6.02353811264	20.5509910583	0.0
6.05185699463	20.5608940125	0.0
6.08017587662	20.5707950592	0.0
6.10849523544	20.580696106	0.0
6.13681316376	20.5905990601	0.0
6.16513204575	20.6005001068	0.0
6.19345092773	20.6104011536	0.0
6.22176980972	20.6203041077	0.0
6.25008916855	20.6302051544	0.0
6.27840709686	20.6401081085	0.0
6.30672597885	20.6500091553	0.0
6.33504486084	20.659910202	0.0
6.36336421967	20.6698131561	0.0
6.39168310165	20.6797142029	0.0
6.42000198364	20.6896152496	0.0
6.44831991196	20.6995182037	0.0
6.47663879395	20.7094192505	0.0
6.50495815277	20.7193222046	0.0
6.53327703476	20.7292232513	0.0
6.56159591675	20.7391242981	0.0
6.58991384506	20.7490272522	0.0
6.61823320389	20.758928299	0.0
6.64655208588	20.7688293457	0.0
6.67487096786	20.7787322998	0.0
6.70318984985	20.7886333466	0.0
6.73150920868	20.7985363007	0.0
6.7682261467	20.8056869507	0.0
6.79785919189	20.8103618622	0.0
6.82749319077	20.8150367737	0.0
6.85712623596	20.8197116852	0.0
6.88676023483	20.8243865967	0.0
6.91639280319	20.8290615082	0.0
6.94602680206	20.8337345123	0.0
6.97565984726	20.8384094238	0.0
7.00529384613	20.8430843353	0.0
7.03492689133	20.8477592468	0.0
7.0645608902	20.8524341583	0.0
7.09419488907	20.8571090698	0.0
7.12382793427	20.8617839813	0.0
7.15346193314	20.8664588928	0.0
7.18309497833	20.8711338043	0.0
7.2127289772	20.8758087158	0.0
7.2423620224	20.88048172	0.0
7.27199602127	20.8851566315	0.0
7.30162906647	20.889831543	0.0
7.33126306534	20.8945064545	0.0
7.36089706421	20.899181366	0.0
7.39053010941	20.9038562775	0.0
7.42016410828	20.908531189	0.0
7.44979715347	20.9132041931	0.0
7.47943115234	20.9178791046	0.0
7.50906419754	20.9225559235	0.0
7.53869819641	20.9272289276	0.0
7.56833076477	20.9319038391	0.0
7.59796476364	20.9365787506	0.0
7.62759780884	20.9412536621	0.0
7.65723180771	20.9459285736	0.0
7.68686580658	20.9506034851	0.0
7.71649885178	20.9552783966	0.0
7.74613285065	20.9599514008	0.0
7.77576589584	20.9646263123	0.0
7.80539989471	20.9693012238	0.0
7.83503293991	20.9739761353	0.0
7.86466693878	20.9786510468	0.0
7.89429998398	20.9833259583	0.0
7.92393398285	20.9880008698	0.0
7.95356702805	20.9926757812	0.0
7.98320102692	20.9973506927	0.0
6.7624630928	20.8191833496	0.0
6.78633403778	20.83735466	0.0
6.81020498276	20.8555240631	0.0
6.83407592773	20.8736953735	0.0
6.85794591904	20.891866684	0.0
6.88181686401	20.9100379944	0.0
6.90568780899	20.9282093048	0.0
6.9295592308	20.9463787079	0.0
6.95343017578	20.9645500183	0.0
6.97730112076	20.9827213287	0.0
4.74370479584	20.076051712	0.0
4.76653718948	20.0565929413	0.0
4.78937005997	20.0371322632	0.0
4.81220197678	20.0176734924	0.0
4.83503484726	19.9982128143	0.0
4.85786676407	19.9787521362	0.0
4.88070011139	19.9592933655	0.0
4.9035320282	19.9398345947	0.0
4.92636394501	19.9203739166	0.0
4.94919681549	19.9009132385	0.0
4.97202920914	19.8814544678	0.0
4.99486207962	19.861995697	0.0
5.01769399643	19.8425350189	0.0
5.04052591324	19.8230743408	0.0
5.06335878372	19.8036155701	0.0
5.08619117737	19.7841567993	0.0
5.10902404785	19.7646961212	0.0
5.13185596466	19.7452354431	0.0
5.15468883514	19.7257766724	0.0
5.17752122879	19.7063179016	0.0
5.2003531456	19.6868572235	0.0
5.22318601608	19.6673984528	0.0
5.24601793289	19.6479377747	0.0
5.26885080338	19.6284770966	0.0
5.29168319702	19.6090183258	0.0
5.31451511383	19.5895595551	0.0
5.33734798431	19.570098877	0.0
5.36017990112	19.5506381989	0.0
5.38301277161	19.5311794281	0.0
5.40584516525	19.5117206573	0.0
5.42867803574	19.4922599792	0.0
5.45150995255	19.4727993011	0.0
5.47434186935	19.4533405304	0.0
5.49717521667	19.4338817596	0.0
5.52000713348	19.4144210815	0.0
5.54284000397	19.3949604034	0.0
5.56567192078	19.3755016327	0.0
5.58850383759	19.3560428619	0.0
5.61133718491	19.3365821838	0.0
5.63416910172	19.3171234131	0.0
5.6570019722	19.297662735	0.0
5.67983388901	19.2782020569	0.0
5.70266723633	19.2587432861	0.0
5.72549915314	19.2392845154	0.0
5.74833106995	19.2198238373	0.0
5.77116394043	19.2003631592	0.0
5.79399585724	19.1809043884	0.0
5.81682920456	19.1614456177	0.0
5.83966112137	19.1419849396	0.0
5.86249303818	19.1225242615	0.0
5.88532590866	19.1030654907	0.0
5.90815782547	19.08360672	0.0
5.93099117279	19.0641460419	0.0
5.9538230896	19.0446853638	0.0
5.97665596008	19.025226593	0.0
5.99948787689	19.0057678223	0.0
6.0223197937	18.9863071442	0.0
6.04515314102	18.9668483734	0.0
6.06798505783	18.9473876953	0.0
6.09081792831	18.9279289246	0.0
6.11364984512	18.9084682465	0.0
6.13648176193	18.8890094757	0.0
6.15931510925	18.8695487976	0.0
6.18214702606	18.8500881195	0.0
6.18077278137	18.8174381256	0.0
6.17579984665	18.787853241	0.0
6.17082691193	18.7582683563	0.0
6.1658539772	18.7286834717	0.0
6.16088199615	18.699098587	0.0
6.15590906143	18.6695137024	0.0
6.15093612671	18.6399288177	0.0
6.14596414566	18.6103439331	0.0
6.14099121094	18.5807571411	0.0
6.13601779938	18.5511722565	0.0
6.13104581833	18.5215873718	0.0
6.12607288361	18.4920024872	0.0
6.12109994888	18.4624176025	0.0
6.11612701416	18.4328327179	0.0
6.11115503311	18.4032478333	0.0
6.10618209839	18.3736629486	0.0
6.10120916367	18.344078064	0.0
6.09623718262	18.3144931793	0.0
6.09126377106	18.2849082947	0.0
6.08629083633	18.25532341	0.0
6.08131790161	18.2257385254	0.0
6.07634592056	18.1961536407	0.0
6.07137298584	18.1665687561	0.0
6.06876420975	18.1319236755	0.0
6.06694507599	18.101978302	0.0
6.06512594223	18.0720348358	0.0
6.06330680847	18.0420894623	0.0
6.06148815155	18.0121440887	0.0
6.05966806412	17.9822006226	0.0
6.05784893036	17.952255249	0.0
6.0560297966	17.9223098755	0.0
6.05421113968	17.892364502	0.0
6.05239200592	17.8624210358	0.0
6.05057287216	17.8324756622	0.0
6.04875421524	17.8025302887	0.0
6.04693412781	17.7725868225	0.0
6.04511499405	17.742641449	0.0
6.04329586029	17.7126960754	0.0
6.04147720337	17.6827526093	0.0
6.03965806961	17.6528072357	0.0
6.03783893585	17.6228618622	0.0
6.03601980209	17.5929164886	0.0
6.01983785629	17.5552215576	0.0
6.00438404083	17.5295085907	0.0
5.98893022537	17.5037937164	0.0
5.97347593307	17.4780807495	0.0
5.95802211761	17.4523677826	0.0
5.94256782532	17.4266548157	0.0
5.92711400986	17.4009418488	0.0
5.9116601944	17.3752269745	0.0
5.8962059021	17.3495140076	0.0
5.88075208664	17.3238010406	0.0
5.86529922485	17.2980861664	0.0
5.84984493256	17.2723731995	0.0
5.8343911171	17.2466602325	0.0
5.8189368248	17.2209472656	0.0
5.80348300934	17.1952342987	0.0
5.78802919388	17.1695213318	0.0
5.77257490158	17.1438064575	0.0
5.75712108612	17.1180934906	0.0
5.74166679382	17.0923805237	0.0
5.72621297836	17.0666675568	0.0
5.7107591629	17.0409545898	0.0
5.70177793503	16.9862689972	0.0
5.70802783966	16.9569282532	0.0
5.71427822113	16.9275856018	0.0
5.72052812576	16.8982448578	0.0
5.7267780304	16.8689022064	0.0
5.73302793503	16.8395614624	0.0
5.73927783966	16.810218811	0.0
5.74552822113	16.7808761597	0.0
5.75177812576	16.7515354156	0.0
5.7580280304	16.7221946716	0.0
5.76427793503	16.6928520203	0.0
5.77052783966	16.6635093689	0.0
5.77677822113	16.6341686249	0.0
5.78302812576	16.6048278809	0.0
5.7892780304	16.5754852295	0.0
5.79552793503	16.5461425781	0.0
5.80177783966	16.5168018341	0.0
5.80802822113	16.4874591827	0.0
5.81427812576	16.4581184387	0.0
5.8205280304	16.4287757874	0.0
5.82677793503	16.399433136	0.0
5.83302783966	16.370092392	0.0
5.83927822113	16.3407516479	0.0
5.84552812576	16.3114089966	0.0
5.8517780304	16.2820682526	0.0
5.85802698135	16.2527256012	0.0
5.86427688599	16.2233848572	0.0
5.87052679062	16.1940422058	0.0
5.8753361702	16.1567287445	0.0
5.87855100632	16.1269016266	0.0
5.88176584244	16.0970745087	0.0
5.88498020172	16.0672473907	0.0
5.88819503784	16.0374202728	0.0
5.89140892029	16.0075931549	0.0
5.89462423325	15.977766037	0.0
5.89783811569	15.9479379654	0.0
5.90105295181	15.9181108475	0.0
5.90426683426	15.8882837296	0.0
5.90748214722	15.8584566116	0.0
5.91069698334	15.82862854	0.0
5.91391086578	15.7988023758	0.0
5.91712617874	15.7689752579	0.0
5.92034006119	15.73914814	0.0
5.92355489731	15.7093200684	0.0
5.92676877975	15.6794929504	0.0
5.92998409271	15.6496658325	0.0
5.93319892883	15.6198377609	0.0
5.93641281128	15.590010643	0.0
5.93962812424	15.5601835251	0.0
5.94284200668	15.5303573608	0.0
5.9460568428	15.5005292892	0.0
5.94927120209	15.4707021713	0.0
5.95248603821	15.4408750534	0.0
5.95569992065	15.4110469818	0.0
5.95891523361	15.3812198639	0.0
5.96213006973	15.351392746	0.0
5.96534395218	15.3215656281	0.0
5.9685587883	15.2917375565	0.0
5.97177314758	15.2619113922	0.0
5.9749879837	15.2320842743	0.0
5.97820186615	15.2022562027	0.0
5.98141717911	15.1724290848	0.0
5.98463106155	15.1426019669	0.0
5.98784589767	15.1127748489	0.0
5.99106121063	15.0829467773	0.0
5.99427509308	15.0531196594	0.0
5.9974899292	15.0232925415	0.0
5.8890838623	16.1618118286	0.0
5.90604496002	16.1370677948	0.0
5.92300701141	16.1123218536	0.0
5.93996906281	16.0875778198	0.0
5.95693016052	16.062833786	0.0
5.97389221191	16.0380878448	0.0
5.99085283279	16.013343811	0.0
5.66553592682	17.0149383545	0.0
5.63554286957	17.0142650604	0.0
5.60555076599	17.0135917664	0.0
5.57555913925	17.0129184723	0.0
5.545566082	17.0122451782	0.0
5.51557397842	17.0115718842	0.0
5.48558092117	17.0108985901	0.0
5.4555888176	17.010225296	0.0
5.42559623718	17.009552002	0.0
5.39560413361	17.0088787079	0.0
5.36561107635	17.0082054138	0.0
5.33561897278	17.0075321198	0.0
5.30562591553	17.006860733	0.0
5.27563381195	17.006187439	0.0
5.24564218521	17.0055122375	0.0
5.21564912796	17.0048408508	0.0
5.18565702438	17.0041675568	0.0
5.15566396713	17.0034942627	0.0
5.12567186356	17.0028209686	0.0
5.0956788063	17.0021476746	0.0
5.06568717957	17.0014743805	0.0
5.03569412231	17.0008010864	0.0
5.00570201874	17.0001277924	0.0
6.03347206116	17.550989151	0.0
6.0316529274	17.5210456848	0.0
6.02983379364	17.4911003113	0.0
6.02801513672	17.4611549377	0.0
6.02619600296	17.4312095642	0.0
6.0243768692	17.401266098	0.0
6.02255821228	17.3713207245	0.0
6.02073812485	17.341375351	0.0
6.01891899109	17.3114318848	0.0
6.01709985733	17.2814865112	0.0
6.01528120041	17.2515411377	0.0
6.01346206665	17.2215976715	0.0
6.01164293289	17.191652298	0.0
6.00982379913	17.1617069244	0.0
6.00800514221	17.1317615509	0.0
6.00618505478	17.1018180847	0.0
6.00436592102	17.0718727112	0.0
6.00254678726	17.0419273376	0.0
6.00072813034	17.0119838715	0.0
6.05859184265	18.1343688965	0.0
6.04660081863	18.1068706512	0.0
6.0233001709	18.0534343719	0.0
5.98766899109	18.0392742157	0.0
5.95769309998	18.0380821228	0.0
5.92771720886	18.0368919373	0.0
5.89774084091	18.0356998444	0.0
5.86776399612	18.0345077515	0.0
5.83778810501	18.0333156586	0.0
5.8078122139	18.0321235657	0.0
5.77783489227	18.0309314728	0.0
5.74785900116	18.0297393799	0.0
5.71788311005	18.028547287	0.0
5.68790578842	18.0273551941	0.0
5.65792989731	18.0261631012	0.0
5.6279540062	18.0249710083	0.0
5.59797716141	18.0237789154	0.0
5.56800079346	18.0225868225	0.0
5.53802490234	18.0213947296	0.0
5.50804901123	18.0202026367	0.0
5.47807216644	18.0190105438	0.0
5.44809579849	18.0178184509	0.0
5.41811990738	18.016626358	0.0
5.38814306259	18.0154342651	0.0
5.35816717148	18.0142421722	0.0
5.32819080353	18.0130500793	0.0
5.29821395874	18.0118598938	0.0
5.26823806763	18.0106678009	0.0
5.23826217651	18.009475708	0.0
5.20828485489	18.0082836151	0.0
5.17830896378	18.0070915222	0.0
5.14833307266	18.0058994293	0.0
5.11835718155	18.0047073364	0.0
5.08837985992	18.0035133362	0.0
5.05840396881	18.0023212433	0.0
5.0284280777	18.0011291504	0.0
6.00565481186	18.0129680634	0.0
6.03414011002	18.110912323	0.0
6.03298902512	18.1408901215	0.0
6.03183794022	18.1708679199	0.0
6.03068685532	18.2008457184	0.0
6.02953577042	18.2308235168	0.0
6.02838516235	18.2608013153	0.0
6.02723407745	18.2907791138	0.0
6.02608299255	18.3207588196	0.0
6.02493095398	18.3507347107	0.0
6.02377986908	18.3807125092	0.0
6.02262878418	18.4106903076	0.0
6.02147817612	18.4406681061	0.0
6.02032709122	18.4706478119	0.0
6.01917600632	18.5006256104	0.0
6.01802492142	18.5306034088	0.0
6.01687288284	18.5605812073	0.0
6.01572179794	18.5905590057	0.0
6.01457118988	18.6205368042	0.0
6.01342010498	18.6505146027	0.0
6.01226902008	18.6804924011	0.0
6.01111793518	18.7104701996	0.0
6.00996685028	18.740447998	0.0
6.00881576538	18.7704257965	0.0
6.00766420364	18.800403595	0.0
6.00651311874	18.8303813934	0.0
6.00536203384	18.8603591919	0.0
6.00421094894	18.8903388977	0.0
6.00305986404	18.9203166962	0.0
6.00190877914	18.9502944946	0.0
6.00075817108	18.9802722931	0.0
6.20857810974	18.8275623322	0.0
6.23141002655	18.8081035614	0.0
6.25424289703	18.7886447906	0.0
6.27707481384	18.7691841125	0.0
6.29990720749	18.7497234344	0.0
6.32274007797	18.7302646637	0.0
6.34557199478	18.7108058929	0.0
6.36840486526	18.6913452148	0.0
6.39123678207	18.6718845367	0.0
6.41406917572	18.652425766	0.0
6.4369020462	18.6329650879	0.0
6.45973396301	18.6135063171	0.0
6.4825668335	18.594045639	0.0
6.52247905731	18.5600299835	0.0
6.54531097412	18.5405693054	0.0
6.5681438446	18.5211105347	0.0
6.59097623825	18.5016517639	0.0
6.61380910873	18.4821910858	0.0
6.63664102554	18.4627304077	0.0
6.65947389603	18.443271637	0.0
6.68230581284	18.4238128662	0.0
6.70513820648	18.4043521881	0.0
6.72797107697	18.38489151	0.0
6.75080299377	18.3654327393	0.0
6.77363586426	18.3459720612	0.0
6.79646778107	18.3265132904	0.0
6.83638000488	18.2924957275	0.0
6.85921287537	18.2730369568	0.0
6.88204479218	18.2535762787	0.0
6.90487718582	18.2341175079	0.0
6.9277100563	18.2146587372	0.0
6.95054197311	18.1951980591	0.0
6.9733748436	18.175737381	0.0
6.99620723724	18.1562786102	0.0
7.01904010773	18.1368198395	0.0
7.04187202454	18.1173591614	0.0
7.06470394135	18.0978984833	0.0
7.08753681183	18.0784397125	0.0
7.11036920547	18.0589809418	0.0
7.13320207596	18.0395202637	0.0
7.15603399277	18.0200595856	0.0
7.17886590958	18.0006008148	0.0
7.20169878006	17.9811401367	0.0
7.22453117371	17.961681366	0.0
7.24736404419	17.9422206879	0.0
7.270195961	17.9227619171	0.0
7.29302883148	17.903301239	0.0
7.31586122513	17.8838424683	0.0
7.33869314194	17.8643836975	0.0
7.36152601242	17.8449230194	0.0
7.38435792923	17.8254623413	0.0
7.40719079971	17.8060035706	0.0
7.43002319336	17.7865447998	0.0
7.46921110153	17.7880153656	0.0
7.49707078934	17.7991428375	0.0
7.52493095398	17.8102703094	0.0
7.5527920723	17.821395874	0.0
7.58065223694	17.8325233459	0.0
7.60851192474	17.8436508179	0.0
7.63637304306	17.8547763824	0.0
7.6642332077	17.8659038544	0.0
7.69209289551	17.8770294189	0.0
7.71995306015	17.8881568909	0.0
7.74781417847	17.8992824554	0.0
7.77567386627	17.9104099274	0.0
7.80353403091	17.9215373993	0.0
7.83139514923	17.9326629639	0.0
7.85925483704	17.9437904358	0.0
7.88711500168	17.9549179077	0.0
7.91497612	17.9660434723	0.0
7.9428358078	17.9771709442	0.0
7.97069597244	17.9882965088	0.0
7.99855709076	17.9994239807	0.0
7.46303892136	17.7561626434	0.0
7.4847278595	17.7354354858	0.0
7.50641679764	17.7147102356	0.0
7.52810621262	17.693983078	0.0
7.55392217636	17.6693115234	0.0
7.5756111145	17.6485862732	0.0
7.59730005264	17.6278591156	0.0
7.61898899078	17.607131958	0.0
7.64480495453	17.5824623108	0.0
7.66649389267	17.5617351532	0.0
7.68818187714	17.5410079956	0.0
7.70987081528	17.5202827454	0.0
7.73156023026	17.4995555878	0.0
7.7532491684	17.4788284302	0.0
7.77493810654	17.4581012726	0.0
7.79662704468	17.437374115	0.0
7.82657003403	17.4087600708	0.0
7.84825897217	17.3880329132	0.0
7.86994791031	17.367307663	0.0
7.89163684845	17.3465805054	0.0
7.91332578659	17.3258533478	0.0
7.93501377106	17.3051261902	0.0
7.95670318604	17.2844009399	0.0
7.97839212418	17.2636737823	0.0
8.00008106232	17.2429466248	0.0
8.0165271759	17.1968383789	0.0
8.01611328125	17.166841507	0.0
8.01569843292	17.136844635	0.0
8.01528358459	17.1068458557	0.0
8.01486968994	17.0768489838	0.0
8.01445579529	17.0468521118	0.0
8.01404094696	17.0168552399	0.0
8.01362705231	16.9868583679	0.0
8.01321315765	16.956861496	0.0
8.012799263	16.926864624	0.0
8.01238536835	16.8968658447	0.0
8.01196956635	16.8668689728	0.0
8.01155567169	16.8368721008	0.0
8.01114177704	16.8068752289	0.0
8.01072788239	16.7768783569	0.0
8.01031303406	16.746881485	0.0
8.0098991394	16.716884613	0.0
8.00948524475	16.6868858337	0.0
8.0090713501	16.6568889618	0.0
8.00865745544	16.6268920898	0.0
8.00824165344	16.5968952179	0.0
8.00782775879	16.5668983459	0.0
8.00741386414	16.536901474	0.0
8.00699996948	16.5069046021	0.0
8.00658512115	16.4769058228	0.0
8.0061712265	16.4469089508	0.0
8.00575733185	16.4169120789	0.0
8.00534343719	16.3869152069	0.0
8.00492858887	16.356918335	0.0
8.00451374054	16.326921463	0.0
8.00409984589	16.2969245911	0.0
8.00368595123	16.2669277191	0.0
8.00327205658	16.2369289398	0.0
8.00285720825	16.2069320679	0.0
8.0024433136	16.1769351959	0.0
8.00202941895	16.146938324	0.0
8.00161457062	16.116941452	0.0
8.00120067596	16.0869445801	0.0
8.00078582764	16.0569477081	0.0
8.00037193298	16.0269489288	0.0
8.03862953186	17.2061080933	0.0
8.06031894684	17.185382843	0.0
8.08200836182	17.1646556854	0.0
8.10369586945	17.1439285278	0.0
8.12538528442	17.1232013702	0.0
8.14707374573	17.1024742126	0.0
8.16876316071	17.0817489624	0.0
8.19045162201	17.0610218048	0.0
8.21214103699	17.0402946472	0.0
8.2227563858	16.9948406219	0.0
8.21651077271	16.9654979706	0.0
8.21026611328	16.9361553192	0.0
8.20402145386	16.9068126678	0.0
8.19777584076	16.8774681091	0.0
8.19153118134	16.8481273651	0.0
8.18528556824	16.8187847137	0.0
8.17904090881	16.789440155	0.0
8.17279624939	16.7600975037	0.0
8.16655063629	16.7307548523	0.0
8.16030597687	16.7014122009	0.0
8.15406131744	16.6720695496	0.0
8.14781570435	16.6427268982	0.0
8.14157104492	16.6133842468	0.0
8.13532543182	16.5840415955	0.0
8.12907981873	16.5546989441	0.0
8.1228351593	16.5253562927	0.0
8.1165895462	16.4960136414	0.0
8.11034488678	16.4666690826	0.0
8.10410022736	16.4373264313	0.0
8.09785461426	16.4079856873	0.0
8.09160995483	16.3786411285	0.0
8.08536529541	16.3492984772	0.0
8.07911968231	16.3199558258	0.0
8.07287502289	16.2906131744	0.0
8.06663036346	16.2612705231	0.0
8.06038475037	16.2319278717	0.0
8.05414009094	16.2025852203	0.0
8.04789543152	16.173242569	0.0
8.04164981842	16.1438999176	0.0
8.035405159	16.1145572662	0.0
8.0291595459	16.0852146149	0.0
8.02291488647	16.0558700562	0.0
8.01667022705	16.0265274048	0.0
8.01042461395	15.9971847534	0.0
8.00417995453	15.9678430557	0.0
7.99793481827	15.9385004044	0.0
7.99169015884	15.9091567993	0.0
7.98544502258	15.8798141479	0.0
7.97919988632	15.8504705429	0.0
7.9729552269	15.8211288452	0.0
7.96671009064	15.7917861938	0.0
7.96046495438	15.7624425888	0.0
7.95421981812	15.7330999374	0.0
7.94797515869	15.7037572861	0.0
7.94173002243	15.6744146347	0.0
7.93548488617	15.6450719833	0.0
7.92924022675	15.615729332	0.0
7.92299509048	15.5863857269	0.0
7.91674995422	15.5570430756	0.0
7.91050481796	15.5277013779	0.0
7.90426015854	15.4983577728	0.0
7.89801502228	15.4690151215	0.0
7.89176988602	15.4396724701	0.0
7.88552522659	15.4103288651	0.0
7.87928009033	15.3809871674	0.0
7.87303495407	15.3516435623	0.0
7.86678981781	15.3223009109	0.0
7.86054515839	15.2929582596	0.0
7.85430002213	15.2636146545	0.0
7.84805488586	15.2342729568	0.0
7.84181022644	15.2049303055	0.0
7.83556509018	15.1755867004	0.0
7.82931995392	15.1462440491	0.0
7.82307481766	15.1169013977	0.0
7.81683015823	15.0875587463	0.0
7.81058502197	15.058216095	0.0
7.80433988571	15.0288734436	0.0
7.79809522629	14.9995298386	0.0
7.79185009003	14.9701871872	0.0
7.78560495377	14.9408445358	0.0
7.7793598175	14.9115018845	0.0
7.77311515808	14.8821592331	0.0
7.76687002182	14.8528156281	0.0
7.76062488556	14.8234729767	0.0
7.75438022614	14.794131279	0.0
7.74813508987	14.764787674	0.0
7.74188995361	14.7354450226	0.0
7.73564481735	14.7061023712	0.0
7.72940015793	14.6767587662	0.0
7.72315502167	14.6474170685	0.0
7.71690988541	14.6180744171	0.0
7.71066522598	14.5887308121	0.0
7.70442008972	14.5593881607	0.0
7.72240877151	14.5231161118	0.0
7.74359893799	14.5018787384	0.0
7.76478815079	14.4806423187	0.0
7.78597688675	14.4594039917	0.0
7.80716609955	14.4381666183	0.0
7.82835578918	14.4169301987	0.0
7.85497903824	14.4267044067	0.0
7.86233615875	14.4557876587	0.0
7.86969280243	14.4848718643	0.0
7.87704992294	14.5139560699	0.0
7.88440799713	14.5430402756	0.0
7.89176511765	14.5721225739	0.0
7.89912223816	14.6012067795	0.0
7.90647888184	14.6302909851	0.0
7.91383600235	14.6593751907	0.0
7.92119312286	14.6884593964	0.0
7.92854976654	14.7175426483	0.0
7.93590688705	14.7466268539	0.0
7.94326400757	14.7757110596	0.0
7.95062112808	14.8047952652	0.0
7.95797777176	14.8338794708	0.0
7.96533489227	14.8629627228	0.0
7.97269201279	14.8920459747	0.0
7.9800491333	14.9211301804	0.0
7.98740577698	14.950214386	0.0
7.99476289749	14.9792976379	0.0
7.85835790634	14.3696069717	0.0
7.86909294128	14.3415927887	0.0
7.8798289299	14.3135795593	0.0
7.89056396484	14.28556633	0.0
7.90129899979	14.2575531006	0.0
7.9120349884	14.2295398712	0.0
7.92277002335	14.2015256882	0.0
7.93350601196	14.1735134125	0.0
7.94424104691	14.1454992294	0.0
7.95497703552	14.1174860001	0.0
7.96571207047	14.0894727707	0.0
7.97644710541	14.0614585876	0.0
7.98718309402	14.033446312	0.0
7.99791812897	14.0054321289	0.0
7.68512010574	14.5190391541	0.0
7.66902017593	14.4937257767	0.0
7.65291881561	14.4684123993	0.0
7.6368188858	14.4430980682	0.0
7.62071895599	14.4177846909	0.0
7.60461807251	14.3924713135	0.0
7.5885181427	14.3671569824	0.0
7.57241821289	14.341843605	0.0
7.55631780624	14.3165302277	0.0
7.54021692276	14.2912158966	0.0
7.52411699295	14.2659034729	0.0
7.50801706314	14.2405891418	0.0
7.49191617966	14.2152757645	0.0
7.47581577301	14.1899623871	0.0
7.4597158432	14.164648056	0.0
7.44361591339	14.1393346786	0.0
7.42751502991	14.1140213013	0.0
7.4114151001	14.0887069702	0.0
7.37014913559	14.0650863647	0.0
7.34060192108	14.0598897934	0.0
7.31105518341	14.0546951294	0.0
7.28150892258	14.0495004654	0.0
7.25196218491	14.044303894	0.0
7.2224149704	14.03910923	0.0
7.1928691864	14.0339126587	0.0
7.16332197189	14.0287179947	0.0
7.13377523422	14.0235233307	0.0
7.10422801971	14.0183267593	0.0
7.07468223572	14.0131320953	0.0
7.04513502121	14.007935524	0.0
7.0155878067	14.00274086	0.0
7.38920021057	14.0421772003	0.0
7.37870502472	14.0140733719	0.0
7.36820888519	13.9859685898	0.0
7.35771417618	13.9578638077	0.0
7.34721803665	13.9297599792	0.0
7.3367228508	13.9016561508	0.0
7.32622718811	13.8735523224	0.0
7.31573200226	13.8454475403	0.0
7.30523586273	13.8173437119	0.0
7.29474115372	13.7892389297	0.0
7.28424501419	13.7611351013	0.0
7.27374982834	13.7330312729	0.0
7.26325416565	13.7049274445	0.0
7.2527589798	13.6768226624	0.0
7.24226284027	13.6487188339	0.0
7.23176813126	13.6206140518	0.0
7.22127199173	13.5925102234	0.0
7.21077680588	13.564406395	0.0
7.20028114319	13.5363016129	0.0
7.18978595734	13.5081977844	0.0
7.17928981781	13.4800930023	0.0
7.1687951088	13.4519891739	0.0
7.15829896927	13.4238853455	0.0
7.14780378342	13.3957805634	0.0
7.1373090744	13.3676767349	0.0
7.12681293488	13.3395729065	0.0
7.11631822586	13.3114681244	0.0
7.10582208633	13.283364296	0.0
7.09532690048	13.2552604675	0.0
7.08483123779	13.2271556854	0.0
7.07433605194	13.199051857	0.0
7.06383991241	13.1709470749	0.0
7.0533452034	13.1428432465	0.0
7.04284906387	13.114739418	0.0
7.03235387802	13.0866346359	0.0
7.02185821533	13.0585308075	0.0
7.01136302948	13.0304269791	0.0
7.00086688995	13.002322197	0.0
8.25068855286	17.0034561157	0.0
8.27237796783	16.9827308655	0.0
8.29406738281	16.9620037079	0.0
8.31575584412	16.9412765503	0.0
8.33744525909	16.9205493927	0.0
8.3591337204	16.8998241425	0.0
8.38082313538	16.8790969849	0.0
8.40251064301	16.8583698273	0.0
8.42420005798	16.837644577	0.0
8.46274852753	16.8008041382	0.0
8.4844379425	16.7800788879	0.0
8.50612735748	16.7593517303	0.0
8.52781581879	16.7386245728	0.0
8.54950523376	16.7178993225	0.0
8.57119274139	16.6971721649	0.0
8.59288215637	16.6764450073	0.0
8.61457061768	16.6557197571	0.0
8.63626003265	16.6349925995	0.0
8.67710590363	16.6368980408	0.0
8.70109272003	16.6549167633	0.0
8.72507858276	16.6729354858	0.0
8.74906539917	16.690952301	0.0
8.77305221558	16.7089710236	0.0
8.79703807831	16.7269897461	0.0
8.82102394104	16.7450084686	0.0
8.84501075745	16.7630252838	0.0
8.86899662018	16.7810440063	0.0
8.89298343658	16.7990627289	0.0
8.91696929932	16.8170814514	0.0
8.94095611572	16.8350982666	0.0
8.96494197845	16.8531169891	0.0
8.98892784119	16.8711357117	0.0
8.99700927734	16.9064693451	0.0
8.99796772003	16.9364547729	0.0
8.99892711639	16.9664382935	0.0
8.99988555908	16.9964237213	0.0
9.02355575562	16.888463974	0.0
9.05106067657	16.9004421234	0.0
9.07856464386	16.9124202728	0.0
9.10606956482	16.9243984222	0.0
9.13357543945	16.9363765717	0.0
9.16108036041	16.9483547211	0.0
9.18858528137	16.9603328705	0.0
9.21609020233	16.9723110199	0.0
9.24359512329	16.9842891693	0.0
9.27110004425	16.9962673187	0.0
9.29860496521	17.0082454681	0.0
9.32610988617	17.0202236176	0.0
9.35361480713	17.032201767	0.0
9.38111972809	17.0441799164	0.0
9.40862464905	17.0561580658	0.0
9.43612957001	17.0681362152	0.0
9.46363544464	17.0801143646	0.0
9.4911403656	17.092092514	0.0
9.51864528656	17.1040706635	0.0
9.54615020752	17.1160488129	0.0
9.57365512848	17.1280288696	0.0
9.60116004944	17.1400051117	0.0
9.6286649704	17.1519832611	0.0
9.65616989136	17.1639614105	0.0
9.68367481232	17.1759395599	0.0
9.71117973328	17.1879177094	0.0
9.73868465424	17.1998977661	0.0
9.76618862152	17.2118759155	0.0
9.79369354248	17.2238521576	0.0
9.82119941711	17.235830307	0.0
9.84870433807	17.2478084564	0.0
9.87620925903	17.2597885132	0.0
9.90371417999	17.2717666626	0.0
9.93121910095	17.283744812	0.0
9.95872402191	17.2957210541	0.0
9.98622894287	17.3076992035	0.0
10.0137338638	17.3196792603	0.0
10.0378017426	17.3385887146	0.0
10.0612926483	17.3572483063	0.0
10.0847835541	17.3759059906	0.0
10.1082763672	17.3945655823	0.0
10.1317672729	17.4132232666	0.0
10.1552581787	17.4318828583	0.0
10.1787500381	17.45054245	0.0
10.2022409439	17.4692001343	0.0
10.2257318497	17.487859726	0.0
10.2159967422	17.517244339	0.0
10.2037448883	17.5446281433	0.0
10.1914930344	17.5720119476	0.0
10.1792411804	17.599395752	0.0
10.1669883728	17.6267795563	0.0
10.1547355652	17.6541633606	0.0
10.1424837112	17.6815471649	0.0
10.1302309036	17.7089309692	0.0
10.1179790497	17.7363147736	0.0
10.1057271957	17.7636985779	0.0
10.0934753418	17.7910823822	0.0
10.0812215805	17.8184661865	0.0
10.0689697266	17.8458518982	0.0
10.0567178726	17.8732357025	0.0
10.044465065	17.9006195068	0.0
10.0322132111	17.9280033112	0.0
10.0199613571	17.9553871155	0.0
10.0077085495	17.9827709198	0.0
10.2517414093	17.508518219	0.0
10.2752323151	17.5271778107	0.0
10.2987241745	17.5458374023	0.0
10.3222150803	17.5644950867	0.0
10.345705986	17.5831546783	0.0
10.3691978455	17.60181427	0.0
10.3926887512	17.6204719543	0.0
10.416179657	17.639131546	0.0
10.4396724701	17.6577892303	0.0
10.4631633759	17.676448822	0.0
10.4866542816	17.6951084137	0.0
10.5101461411	17.713766098	0.0
10.5336370468	17.7324256897	0.0
10.5571279526	17.7510852814	0.0
10.580619812	17.769744873	0.0
10.6041107178	17.7884025574	0.0
10.6276016235	17.807062149	0.0
10.6510944366	17.8257217407	0.0
10.6745853424	17.844379425	0.0
10.6980762482	17.8630390167	0.0
10.7215681076	17.8816986084	0.0
10.755317688	17.8974494934	0.0
10.7831945419	17.9085330963	0.0
10.8110723495	17.9196205139	0.0
10.8389482498	17.9307041168	0.0
10.8668251038	17.9417915344	0.0
10.8947019577	17.9528751373	0.0
10.9225788116	17.9639625549	0.0
10.9504547119	17.9750461578	0.0
10.9783315659	17.9861335754	0.0
11.0062093735	17.9972171783	0.0
11.0340852737	18.0083045959	0.0
11.0619621277	18.0193881989	0.0
11.0898389816	18.0304756165	0.0
11.1177158356	18.0415592194	0.0
11.1455917358	18.052646637	0.0
11.1734685898	18.0637302399	0.0
11.2013463974	18.0748157501	0.0
11.2292232513	18.0859012604	0.0
11.2570991516	18.0969867706	0.0
11.2849760056	18.1080722809	0.0
11.3128528595	18.1191577911	0.0
11.3407297134	18.1302433014	0.0
11.3686056137	18.1413288116	0.0
11.3964834213	18.1524143219	0.0
11.4243602753	18.1634998322	0.0
11.4522361755	18.1745853424	0.0
11.4988298416	18.19323349	0.0
11.5266656876	18.2044239044	0.0
11.5545005798	18.2156124115	0.0
11.5823373795	18.2268009186	0.0
11.6101722717	18.2379894257	0.0
11.638007164	18.2491798401	0.0
11.6658430099	18.2603683472	0.0
11.6794366837	18.2981643677	0.0
11.6683130264	18.3260269165	0.0
11.6571903229	18.353887558	0.0
11.6460666656	18.3817501068	0.0
11.6349430084	18.4096126556	0.0
11.6238203049	18.4374732971	0.0
11.612695694	18.4653358459	0.0
11.6015729904	18.4931964874	0.0
11.5904502869	18.5210571289	0.0
11.579325676	18.5489196777	0.0
11.5682029724	18.5767803192	0.0
11.5570793152	18.604642868	0.0
11.545955658	18.6325054169	0.0
11.5348320007	18.6603660583	0.0
11.5237092972	18.6882286072	0.0
11.51258564	18.7160892487	0.0
11.5014619827	18.7439517975	0.0
11.4903392792	18.771812439	0.0
11.4792146683	18.7996730804	0.0
11.4680919647	18.8275356293	0.0
11.4569692612	18.8553981781	0.0
11.4458446503	18.8832588196	0.0
11.4347219467	18.9111213684	0.0
11.4235982895	18.9389820099	0.0
11.4124746323	18.9668445587	0.0
11.4013519287	18.9947052002	0.0
11.3902282715	19.022567749	0.0
11.3791046143	19.0504283905	0.0
11.367980957	19.0782909393	0.0
11.3568582535	19.1061515808	0.0
11.3457336426	19.1340141296	0.0
11.334610939	19.1618747711	0.0
11.3234882355	19.1897373199	0.0
11.3123636246	19.2175998688	0.0
11.301240921	19.2454605103	0.0
11.2901172638	19.2733211517	0.0
11.2789936066	19.3011837006	0.0
11.267870903	19.329044342	0.0
11.2567472458	19.3569068909	0.0
11.2456235886	19.3847675323	0.0
11.2344999313	19.4126300812	0.0
11.2233772278	19.44049263	0.0
11.2122535706	19.4683532715	0.0
11.2011299133	19.4962158203	0.0
11.1900072098	19.5240764618	0.0
11.1788825989	19.5519371033	0.0
11.1677598953	19.5797996521	0.0
11.1566362381	19.6076602936	0.0
11.1455125809	19.6355228424	0.0
11.1343898773	19.6633834839	0.0
11.1232662201	19.6912460327	0.0
11.1121425629	19.7191085815	0.0
11.1010189056	19.746969223	0.0
11.0898962021	19.7748317719	0.0
11.0787725449	19.8026924133	0.0
11.0676488876	19.8305530548	0.0
11.0565261841	19.8584156036	0.0
11.0454015732	19.8862762451	0.0
11.0342788696	19.9141387939	0.0
11.0231561661	19.9420013428	0.0
11.0120315552	19.9698619843	0.0
11.0009088516	19.9977245331	0.0
11.7183961868	18.2814922333	0.0
11.7462310791	18.2926807404	0.0
11.7740659714	18.3038692474	0.0
11.8019018173	18.3150596619	0.0
11.8297367096	18.3262481689	0.0
11.8575716019	18.337436676	0.0
11.8854084015	18.3486251831	0.0
11.9142875671	18.3882713318	0.0
11.9184513092	18.4179801941	0.0
11.9226140976	18.4476909637	0.0
11.9267759323	18.4774017334	0.0
11.9309387207	18.5071105957	0.0
11.9351024628	18.5368213654	0.0
11.9392652512	18.5665302277	0.0
11.9434270859	18.59623909	0.0
11.9475898743	18.6259498596	0.0
11.9517526627	18.6556606293	0.0
11.9559164047	18.6853694916	0.0
11.9600791931	18.7150783539	0.0
11.9642410278	18.7447891235	0.0
11.9684038162	18.7744998932	0.0
11.9725666046	18.8042087555	0.0
11.9767303467	18.8339176178	0.0
11.9808921814	18.8636283875	0.0
11.9850549698	18.8933372498	0.0
11.9892177582	18.9230480194	0.0
11.9933805466	18.9527587891	0.0
11.997543335	18.9824676514	0.0
11.9379606247	18.3697509766	0.0
11.9657964706	18.3809394836	0.0
11.9936313629	18.3921298981	0.0
12.0214672089	18.4033184052	0.0
12.0493021011	18.4145069122	0.0
12.0771369934	18.4256954193	0.0
12.1049728394	18.4368858337	0.0
12.1328077316	18.4480724335	0.0
12.1606435776	18.4592628479	0.0
12.1884794235	18.470451355	0.0
12.2163143158	18.4816398621	0.0
12.2441501617	18.4928283691	0.0
12.271985054	18.5040187836	0.0
12.2998199463	18.5152072906	0.0
12.3276557922	18.5263957977	0.0
12.3724279404	18.5160255432	0.0
12.3956003189	18.4969711304	0.0
12.4187726974	18.4779186249	0.0
12.441945076	18.458864212	0.0
12.4651174545	18.4398097992	0.0
12.4882898331	18.4207572937	0.0
12.5114622116	18.4017028809	0.0
12.5346345901	18.382648468	0.0
12.5578069687	18.3635959625	0.0
12.5809793472	18.3445415497	0.0
12.6041517258	18.3254890442	0.0
12.6273241043	18.3064346313	0.0
12.6504955292	18.2873802185	0.0
12.6736688614	18.268327713	0.0
12.6968412399	18.2492733002	0.0
12.7200136185	18.2302207947	0.0
12.743185997	18.2111663818	0.0
12.7663583755	18.1921138763	0.0
12.7895307541	18.1730594635	0.0
12.8127031326	18.1540050507	0.0
12.8358764648	18.1349525452	0.0
12.8590478897	18.1158981323	0.0
12.8822202682	18.0968456268	0.0
12.9053926468	18.077791214	0.0
12.9285650253	18.0587387085	0.0
12.9517374039	18.0396842957	0.0
12.9749097824	18.0206317902	0.0
12.9980821609	18.0015773773	0.0
12.3630390167	18.5617256165	0.0
12.3768224716	18.5883712769	0.0
12.3906059265	18.6150169373	0.0
12.4043893814	18.6416625977	0.0
12.4181718826	18.6683082581	0.0
12.4319562912	18.6949558258	0.0
12.4457387924	18.7216014862	0.0
12.459523201	18.7482471466	0.0
12.4733057022	18.7748947144	0.0
12.4870891571	18.8015403748	0.0
12.500872612	18.8281860352	0.0
12.5146560669	18.8548336029	0.0
12.5284404755	18.8814792633	0.0
12.5422229767	18.9081249237	0.0
12.5560064316	18.9347705841	0.0
12.5697898865	18.9614162445	0.0
12.5835733414	18.9880638123	0.0
12.5973558426	19.0147094727	0.0
12.6111402512	19.0413551331	0.0
12.6249227524	19.0680027008	0.0
12.6622877121	19.0770206451	0.0
12.6915369034	19.070350647	0.0
12.7207860947	19.0636787415	0.0
12.7500352859	19.0570087433	0.0
12.7792835236	19.0503387451	0.0
12.8085327148	19.0436668396	0.0
12.8377819061	19.0369968414	0.0
12.8670310974	19.0303268433	0.0
12.8962802887	19.0236549377	0.0
12.9255285263	19.0169849396	0.0
12.9547767639	19.0103149414	0.0
12.9840259552	19.0036430359	0.0
12.6308031082	19.1136074066	0.0
12.6285676956	19.1435241699	0.0
12.6263332367	19.1734409332	0.0
12.6240968704	19.2033576965	0.0
12.6218624115	19.2332744598	0.0
12.6196269989	19.2631912231	0.0
12.6173915863	19.2931060791	0.0
12.6131868362	19.3493804932	0.0
12.6109523773	19.3792972565	0.0
12.608716011	19.4092121124	0.0
12.6064805984	19.4391307831	0.0
12.6042461395	19.469045639	0.0
12.6020097733	19.4989624023	0.0
12.5997753143	19.5288791656	0.0
12.6179265976	19.5774879456	0.0
12.6380491257	19.5997390747	0.0
12.6581697464	19.6219902039	0.0
12.6782922745	19.644241333	0.0
12.6984138489	19.6664924622	0.0
12.7185354233	19.6887435913	0.0
12.7386569977	19.7109947205	0.0
12.7587776184	19.733247757	0.0
12.7789001465	19.7554988861	0.0
12.7990217209	19.7777481079	0.0
12.8191432953	19.8000011444	0.0
12.8392648697	19.8222522736	0.0
12.8593864441	19.8445034027	0.0
12.8795080185	19.8667545319	0.0
12.8996286392	19.889005661	0.0
12.9197511673	19.9112567902	0.0
12.9398727417	19.9335098267	0.0
12.9599943161	19.9557590485	0.0
12.9801158905	19.9780101776	0.0
12.5863361359	19.5829563141	0.0
12.5748653412	19.6106777191	0.0
12.5633945465	19.6383972168	0.0
12.5519247055	19.6661186218	0.0
12.5404548645	19.6938381195	0.0
12.5289850235	19.7215595245	0.0
12.5175151825	19.7492809296	0.0
12.5060453415	19.7770023346	0.0
12.4945745468	19.8047218323	0.0
12.4831047058	19.8324432373	0.0
12.4716348648	19.8601646423	0.0
12.4601640701	19.88788414	0.0
12.4486942291	19.915605545	0.0
12.4372243881	19.9433269501	0.0
12.4257535934	19.9710464478	0.0
12.4142837524	19.9987678528	0.0
12.4028139114	20.0264873505	0.0
12.3913440704	20.0542087555	0.0
12.3798742294	20.0819282532	0.0
12.3684043884	20.1096496582	0.0
12.3569335938	20.1373710632	0.0
12.3454627991	20.1650905609	0.0
12.3339929581	20.1928119659	0.0
12.3225231171	20.220533371	0.0
12.3110532761	20.2482528687	0.0
12.2995834351	20.2759742737	0.0
12.2881126404	20.3036956787	0.0
12.2766427994	20.3314151764	0.0
12.2651729584	20.3591365814	0.0
12.2537031174	20.3868560791	0.0
12.2422332764	20.4145774841	0.0
12.230761528	20.4422988892	0.0
12.219291687	20.4700183868	0.0
12.207821846	20.4977397919	0.0
12.196352005	20.5254592896	0.0
12.184882164	20.5531806946	0.0
12.173412323	20.5809020996	0.0
12.1619415283	20.6086215973	0.0
12.1504716873	20.6363430023	0.0
12.1390018463	20.6640644073	0.0
12.1275320053	20.691783905	0.0
12.1160612106	20.7195053101	0.0
12.1045913696	20.7472267151	0.0
12.093120575	20.7749462128	0.0
12.0816507339	20.8026676178	0.0
12.0701808929	20.8303871155	0.0
12.0587110519	20.8581085205	0.0
12.0472412109	20.8858299255	0.0
12.0357713699	20.9135494232	0.0
12.0243005753	20.9412708282	0.0
12.0128307343	20.9689903259	0.0
12.0013599396	20.996711731	0.0
12.5952997208	19.341714859	0.0
12.5751781464	19.3639640808	0.0
12.5550556183	19.38621521	0.0
12.5349340439	19.4084663391	0.0
12.5148124695	19.4307174683	0.0
12.4946899414	19.4529685974	0.0
12.474568367	19.4752197266	0.0
12.4544458389	19.4974708557	0.0
12.4343242645	19.5197219849	0.0
12.4142017365	19.541973114	0.0
12.394080162	19.5642242432	0.0
12.373957634	19.5864753723	0.0
12.3538360596	19.6087265015	0.0
12.3337135315	19.6309776306	0.0
12.3135919571	19.6532287598	0.0
12.2934713364	19.6754798889	0.0
12.2733488083	19.6977291107	0.0
12.2532272339	19.7199802399	0.0
12.2331047058	19.742231369	0.0
12.2129831314	19.7644824982	0.0
12.1928606033	19.7867336273	0.0
12.1727390289	19.8089847565	0.0
12.1526174545	19.8312358856	0.0
12.1324949265	19.8534870148	0.0
12.1123733521	19.8757381439	0.0
12.092250824	19.8979892731	0.0
12.0721292496	19.9202404022	0.0
12.0520067215	19.9424915314	0.0
12.0318851471	19.9647426605	0.0
12.011762619	19.9869937897	0.0
11.4993619919	18.1722831726	0.0
11.5277299881	18.1625213623	0.0
11.5560970306	18.152759552	0.0
11.5844640732	18.1429977417	0.0
11.6128320694	18.1332359314	0.0
11.6411991119	18.1234722137	0.0
11.6695661545	18.1137104034	0.0
11.6979341507	18.1039485931	0.0
11.7263011932	18.0941886902	0.0
11.7546682358	18.0844268799	0.0
11.7830352783	18.0746631622	0.0
11.8114032745	18.0649013519	0.0
11.8397703171	18.0551395416	0.0
11.8681373596	18.0453777313	0.0
11.8965053558	18.035615921	0.0
11.9248723984	18.0258541107	0.0
11.9532394409	18.0160923004	0.0
11.9816074371	18.0063304901	0.0
10.7345733643	17.9155025482	0.0
10.7417049408	17.9446430206	0.0
10.748837471	17.973783493	0.0
10.7559690475	18.0029220581	0.0
10.7631006241	18.0320625305	0.0
10.7702331543	18.0612030029	0.0
10.7773647308	18.0903434753	0.0
10.784497261	18.1194839478	0.0
10.7916278839	18.1486225128	0.0
10.7987604141	18.1777629852	0.0
10.8058919907	18.2069034576	0.0
10.8163414001	18.2495937347	0.0
10.8234729767	18.2787342072	0.0
10.8306045532	18.3078746796	0.0
10.8377370834	18.3370132446	0.0
10.8448677063	18.366153717	0.0
10.8520002365	18.3952941895	0.0
10.8372974396	18.4380435944	0.0
10.8176860809	18.4607467651	0.0
10.798075676	18.4834518433	0.0
10.7784662247	18.5061531067	0.0
10.7588558197	18.5288562775	0.0
10.7392463684	18.5515613556	0.0
10.7196350098	18.5742645264	0.0
10.7000246048	18.5969676971	0.0
10.6804151535	18.6196708679	0.0
10.6608047485	18.6423740387	0.0
10.6411952972	18.6650772095	0.0
10.6215839386	18.6877803802	0.0
10.6019735336	18.710483551	0.0
10.5823640823	18.7331867218	0.0
10.5627536774	18.7558898926	0.0
10.5431442261	18.7785930634	0.0
10.5235328674	18.8012962341	0.0
10.5039234161	18.8239994049	0.0
10.4843130112	18.846704483	0.0
10.4647026062	18.8694076538	0.0
10.4450931549	18.8921108246	0.0
10.4254817963	18.9148139954	0.0
10.405872345	18.9375171661	0.0
10.364405632	18.9547538757	0.0
10.3346338272	18.9584503174	0.0
10.3048629761	18.962146759	0.0
10.2750921249	18.9658432007	0.0
10.2453203201	18.9695396423	0.0
10.215549469	18.973236084	0.0
10.1857767105	18.9769325256	0.0
10.1560058594	18.9806289673	0.0
10.1262350082	18.9843254089	0.0
10.0964632034	18.9880237579	0.0
10.0666923523	18.9917182922	0.0
10.0369195938	18.9954166412	0.0
10.0071487427	18.9991111755	0.0
10.3836240768	18.979139328	0.0
10.3730707169	19.0072212219	0.0
10.3625183105	19.0353050232	0.0
10.3519649506	19.0633869171	0.0
10.3414115906	19.0914707184	0.0
10.3308591843	19.1195526123	0.0
10.3203058243	19.1476345062	0.0
10.309753418	19.1757183075	0.0
10.299200058	19.2038002014	0.0
10.288646698	19.2318820953	0.0
10.2780942917	19.2599658966	0.0
10.2675409317	19.2880477905	0.0
10.2569875717	19.3161315918	0.0
10.2464351654	19.3442134857	0.0
10.2358818054	19.3722953796	0.0
10.2253293991	19.4003791809	0.0
10.2147760391	19.4284610748	0.0
10.2042226791	19.4565448761	0.0
10.1936702728	19.48462677	0.0
10.1831169128	19.5127086639	0.0
10.1725635529	19.5407924652	0.0
10.1620101929	19.5688743591	0.0
10.1514568329	19.5969562531	0.0
10.1409044266	19.6250400543	0.0
10.1303510666	19.6531219482	0.0
10.1197977066	19.6812057495	0.0
10.1092453003	19.7092876434	0.0
10.0986919403	19.7373695374	0.0
10.0881385803	19.7654533386	0.0
10.077586174	19.7935352325	0.0
10.067032814	19.8216171265	0.0
10.0564804077	19.8497009277	0.0
10.0459270477	19.8777828217	0.0
10.0353736877	19.9058666229	0.0
10.0248212814	19.9339485168	0.0
10.0142679214	19.9620304108	0.0
10.0037145615	19.990114212	0.0
10.8640394211	18.444480896	0.0
10.8711709976	18.4736213684	0.0
10.8783016205	18.5027618408	0.0
10.8854341507	18.5319004059	0.0
10.8925657272	18.5610408783	0.0
10.8996982574	18.5901794434	0.0
10.9056062698	18.640209198	0.0
10.9066066742	18.6701946259	0.0
10.9076080322	18.700176239	0.0
10.9086093903	18.7301597595	0.0
10.9096097946	18.76014328	0.0
10.9106111526	18.7901268005	0.0
10.911611557	18.820110321	0.0
10.912612915	18.8500938416	0.0
10.9136142731	18.8800773621	0.0
10.9146146774	18.9100608826	0.0
10.9156160355	18.9400424957	0.0
10.9166173935	18.9700279236	0.0
10.9176177979	19.0000095367	0.0
10.9186191559	19.0299930573	0.0
10.9196195602	19.0599765778	0.0
10.9206209183	19.0899600983	0.0
10.9216222763	19.1199436188	0.0
10.9226226807	19.1499252319	0.0
10.9236240387	19.1799106598	0.0
10.9246253967	19.2098922729	0.0
10.9256258011	19.2398757935	0.0
10.9266271591	19.269859314	0.0
10.9276275635	19.2998428345	0.0
10.9286289215	19.329826355	0.0
10.9296302795	19.3598098755	0.0
10.9306306839	19.389793396	0.0
10.9316329956	19.4197769165	0.0
10.9326343536	19.4497585297	0.0
10.933634758	19.4797420502	0.0
10.934636116	19.5097255707	0.0
10.9356374741	19.5397090912	0.0
10.9366378784	19.5696926117	0.0
10.9376392365	19.5996761322	0.0
10.9386396408	19.6296596527	0.0
10.9396409988	19.6596412659	0.0
10.9406423569	19.6896266937	0.0
10.9416427612	19.7196083069	0.0
10.9426441193	19.7495918274	0.0
10.9436445236	19.7795753479	0.0
10.9446458817	19.8095588684	0.0
10.9456472397	19.8395423889	0.0
10.946647644	19.8695259094	0.0
10.9476490021	19.8995094299	0.0
10.9486503601	19.9294929504	0.0
10.9496507645	19.9594745636	0.0
10.9506521225	19.9894580841	0.0
10.9516525269	20.0194416046	0.0
10.9526538849	20.0494251251	0.0
10.9536552429	20.0794086456	0.0
10.9546556473	20.1093921661	0.0
10.9556570053	20.1393756866	0.0
10.9566583633	20.1693572998	0.0
10.9576587677	20.1993427277	0.0
10.9586610794	20.2293243408	0.0
10.9596624374	20.2593078613	0.0
10.9606628418	20.2892913818	0.0
10.9616641998	20.3192749023	0.0
10.9626646042	20.3492584229	0.0
10.9636659622	20.3792419434	0.0
10.9646673203	20.4092254639	0.0
10.9656677246	20.439207077	0.0
10.9666690826	20.4691905975	0.0
10.9676704407	20.499174118	0.0
10.968670845	20.5291576385	0.0
10.9696722031	20.5591411591	0.0
10.9706726074	20.5891246796	0.0
10.9716739655	20.6191082001	0.0
10.9726753235	20.6490917206	0.0
10.9736757278	20.6790733337	0.0
10.9746770859	20.7090587616	0.0
10.9756784439	20.7390403748	0.0
10.9766788483	20.7690238953	0.0
10.9776802063	20.7990074158	0.0
10.9883766174	20.8385219574	0.0
10.9986953735	20.8666915894	0.0
11.0090122223	20.8948612213	0.0
11.0193300247	20.9230327606	0.0
11.0296478271	20.9512023926	0.0
11.0399656296	20.9793720245	0.0
11.0502843857	21.0075416565	0.0
11.0606021881	21.0357112885	0.0
11.0709190369	21.0638809204	0.0
11.0812368393	21.0920505524	0.0
11.0915546417	21.1202201843	0.0
11.1018733978	21.1483917236	0.0
11.1121912003	21.1765613556	0.0
11.1225090027	21.2047309875	0.0
11.1328258514	21.2329006195	0.0
11.1431436539	21.2610702515	0.0
11.15346241	21.2892398834	0.0
11.1637802124	21.3174095154	0.0
11.1740980148	21.3455791473	0.0
11.1844158173	21.3737506866	0.0
11.194732666	21.4019203186	0.0
11.2050514221	21.4300899506	0.0
11.2153692245	21.4582595825	0.0
11.225687027	21.4864292145	0.0
11.2559432983	21.5166893005	0.0
11.2811021805	21.5330314636	0.0
11.3062601089	21.5493736267	0.0
11.3314180374	21.5657157898	0.0
11.3565769196	21.5820579529	0.0
11.381734848	21.5983982086	0.0
11.4068927765	21.6147403717	0.0
11.4320516586	21.6310825348	0.0
11.4572095871	21.6474246979	0.0
11.4823684692	21.663766861	0.0
11.5075273514	21.680109024	0.0
11.5326852798	21.6964511871	0.0
11.5578432083	21.7127914429	0.0
11.5830020905	21.729133606	0.0
11.6081600189	21.745475769	0.0
11.6333179474	21.7618179321	0.0
11.6584768295	21.7781600952	0.0
11.683634758	21.7945022583	0.0
11.7087936401	21.8108444214	0.0
11.7339515686	21.8271865845	0.0
11.7591104507	21.8435268402	0.0
11.7842693329	21.8598690033	0.0
11.8094272614	21.8762111664	0.0
11.8345851898	21.8925533295	0.0
11.859744072	21.9088954926	0.0
11.8849020004	21.9252376556	0.0
11.9100599289	21.9415798187	0.0
11.935218811	21.9579200745	0.0
11.9603767395	21.9742622375	0.0
11.985534668	21.9906044006	0.0
11.218205452	21.5275821686	0.0
11.2056245804	21.5548171997	0.0
11.1930456161	21.5820522308	0.0
11.1804656982	21.609287262	0.0
11.167886734	21.6365242004	0.0
11.1553068161	21.6637592316	0.0
11.1427268982	21.6909942627	0.0
11.130147934	21.7182292938	0.0
11.1175680161	21.745464325	0.0
11.1049880981	21.7726993561	0.0
11.0924091339	21.7999343872	0.0
11.079829216	21.8271694183	0.0
11.0672492981	21.8544044495	0.0
11.0546703339	21.8816394806	0.0
11.042090416	21.9088745117	0.0
11.0295095444	21.9361095428	0.0
11.0169305801	21.963344574	0.0
11.0043506622	21.9905796051	0.0
10.9815073013	20.8401546478	0.0
10.984954834	20.8699550629	0.0
10.9884023666	20.8997554779	0.0
10.9918498993	20.9295578003	0.0
10.9952983856	20.9593582153	0.0
10.9987459183	20.9891605377	0.0
10.9117355347	18.6393661499	0.0
10.9188680649	18.6685066223	0.0
10.9259996414	18.6976470947	0.0
10.9331321716	18.7267875671	0.0
10.9402637482	18.7559261322	0.0
10.9473962784	18.7850666046	0.0
10.9545278549	18.814207077	0.0
10.9616603851	18.8433475494	0.0
10.9687919617	18.8724861145	0.0
10.9759225845	18.9016265869	0.0
10.9830551147	18.9307670593	0.0
10.9901866913	18.9599056244	0.0
10.9973192215	18.9890460968	0.0
10.8288412094	18.197769165	0.0
10.8484725952	18.1750850677	0.0
10.8681049347	18.1524009705	0.0
10.8877372742	18.1297168732	0.0
10.90736866	18.1070327759	0.0
10.9270009995	18.0843486786	0.0
10.9466342926	18.0616645813	0.0
10.9662656784	18.0389785767	0.0
10.9858980179	18.0162944794	0.0
10.0377464294	17.3012008667	0.0
10.0611810684	17.2824707031	0.0
10.0846166611	17.2637424469	0.0
10.1080522537	17.2450122833	0.0
10.1314878464	17.2262840271	0.0
10.154923439	17.2075557709	0.0
10.1783590317	17.1888256073	0.0
10.2017936707	17.1700973511	0.0
10.225230217	17.1513671875	0.0
10.248664856	17.1326389313	0.0
10.2721014023	17.113910675	0.0
10.2955360413	17.0951805115	0.0
10.3189706802	17.0764503479	0.0
10.3424072266	17.0577220917	0.0
10.372461319	17.0549697876	0.0
10.402346611	17.0523529053	0.0
10.4322328568	17.0497341156	0.0
10.4621181488	17.0471153259	0.0
10.4920043945	17.0444984436	0.0
10.5218887329	17.0418796539	0.0
10.5517749786	17.0392627716	0.0
10.5816602707	17.0366458893	0.0
10.6115455627	17.0340270996	0.0
10.6414318085	17.0314083099	0.0
10.6713171005	17.0287914276	0.0
10.7012033463	17.0261726379	0.0
10.7310876846	17.0235557556	0.0
10.7609739304	17.0209388733	0.0
10.7908592224	17.0183200836	0.0
10.8207454681	17.0157012939	0.0
10.8506298065	17.0130844116	0.0
10.8805160522	17.0104656219	0.0
10.910402298	17.0078487396	0.0
10.9402866364	17.0052318573	0.0
10.9701728821	17.0026130676	0.0
10.3129911423	17.052614212	0.0
10.2834062576	17.0476417542	0.0
10.253821373	17.0426673889	0.0
10.2242355347	17.037694931	0.0
10.19465065	17.0327205658	0.0
10.1650657654	17.0277481079	0.0
10.1354818344	17.02277565	0.0
10.1058969498	17.0178012848	0.0
10.0763120651	17.0128288269	0.0
10.0467271805	17.0078544617	0.0
10.0171422958	17.0028820038	0.0
8.67704677582	16.6007823944	0.0
8.70097446442	16.5826854706	0.0
8.72490119934	16.5645885468	0.0
8.74882793427	16.5464916229	0.0
8.77275466919	16.5283966064	0.0
8.79668235779	16.5102996826	0.0
8.82060909271	16.4922027588	0.0
8.84453582764	16.474105835	0.0
8.86846256256	16.4560089111	0.0
8.89239025116	16.43791008	0.0
8.91631698608	16.4198131561	0.0
8.94024372101	16.4017162323	0.0
8.96417140961	16.3836193085	0.0
8.98809814453	16.3655223846	0.0
9.01202487946	16.3474273682	0.0
9.03595161438	16.3293304443	0.0
9.05987930298	16.3112335205	0.0
9.0838060379	16.2931365967	0.0
9.10773277283	16.2750396729	0.0
9.13166046143	16.256942749	0.0
9.15558719635	16.2388458252	0.0
9.17951393127	16.2207489014	0.0
9.2034406662	16.2026500702	0.0
9.2273683548	16.1845531464	0.0
9.25129508972	16.1664581299	0.0
9.27522182465	16.1483612061	0.0
9.29915046692	16.1302642822	0.0
9.32307720184	16.1121673584	0.0
9.34700393677	16.0940704346	0.0
9.37093067169	16.0759735107	0.0
9.41811943054	16.0402812958	0.0
9.44204616547	16.0221862793	0.0
9.46597290039	16.0040893555	0.0
9.48989963531	15.9859924316	0.0
9.51382732391	15.9678945541	0.0
9.53775405884	15.9497976303	0.0
9.56168079376	15.9317007065	0.0
9.58560752869	15.9136037827	0.0
9.60953521729	15.8955068588	0.0
9.63346195221	15.877409935	0.0
9.65738964081	15.8593130112	0.0
9.68131732941	15.841217041	0.0
9.70524406433	15.8231201172	0.0
9.72917079926	15.8050231934	0.0
9.75309753418	15.7869262695	0.0
9.77702522278	15.7688293457	0.0
9.8009519577	15.7507324219	0.0
9.82487869263	15.7326345444	0.0
9.84880638123	15.7145376205	0.0
9.87273311615	15.6964406967	0.0
9.89665985107	15.6783437729	0.0
9.920586586	15.6602478027	0.0
9.9445142746	15.6421508789	0.0
9.96844100952	15.6240539551	0.0
9.99236774445	15.6059570312	0.0
10.016295433	15.5878601074	0.0
10.040222168	15.5697631836	0.0
10.0641489029	15.5516662598	0.0
10.0880756378	15.5335693359	0.0
10.1120033264	15.5154724121	0.0
10.1488447189	15.4711284637	0.0
10.1624250412	15.4443778992	0.0
10.1760044098	15.4176273346	0.0
10.1895837784	15.39087677	0.0
10.2031641006	15.3641262054	0.0
10.2167444229	15.3373756409	0.0
10.2303237915	15.3106250763	0.0
10.2439041138	15.2838754654	0.0
10.257484436	15.2571249008	0.0
10.2710638046	15.2303743362	0.0
10.2846441269	15.2036237717	0.0
10.2982244492	15.1768732071	0.0
10.3118038177	15.1501226425	0.0
10.32538414	15.1233720779	0.0
10.3389644623	15.096622467	0.0
10.3525438309	15.0698719025	0.0
10.3661241531	15.0431213379	0.0
10.3797025681	15.0163707733	0.0
10.3932828903	14.9896202087	0.0
10.4068632126	14.9628696442	0.0
10.4008283615	14.918961525	0.0
10.3856344223	14.8930940628	0.0
10.3704414368	14.867225647	0.0
10.3552465439	14.8413581848	0.0
10.3400526047	14.815489769	0.0
10.3248596191	14.7896223068	0.0
10.3096656799	14.763753891	0.0
10.2944726944	14.7378864288	0.0
10.2792787552	14.712018013	0.0
10.2640857697	14.6861495972	0.0
10.2488918304	14.660282135	0.0
10.2336988449	14.6344137192	0.0
10.2185049057	14.608546257	0.0
10.2033119202	14.5826778412	0.0
10.188117981	14.556810379	0.0
10.1729249954	14.5309419632	0.0
10.1577310562	14.5050725937	0.0
10.1425380707	14.4792051315	0.0
10.1273441315	14.4533367157	0.0
10.1121501923	14.4274692535	0.0
10.0969572067	14.4016008377	0.0
10.0817632675	14.3757333755	0.0
10.066570282	14.3498649597	0.0
10.0513763428	14.3239965439	0.0
10.0483837128	14.3526248932	0.0
10.0461483002	14.3825416565	0.0
10.0439119339	14.4124584198	0.0
10.0416755676	14.4423751831	0.0
10.039440155	14.4722909927	0.0
10.0372037888	14.502207756	0.0
10.0349683762	14.5321235657	0.0
10.0327320099	14.5620412827	0.0
10.0304956436	14.5919570923	0.0
10.028260231	14.6218738556	0.0
10.0260248184	14.6517906189	0.0
10.0237894058	14.6817073822	0.0
10.0215530396	14.7116241455	0.0
10.0193166733	14.7415399551	0.0
10.0170812607	14.7714567184	0.0
10.0148448944	14.8013725281	0.0
10.0126085281	14.8312902451	0.0
10.0103731155	14.8612070084	0.0
10.0081367493	14.891122818	0.0
10.0059013367	14.9210395813	0.0
10.0036649704	14.9509563446	0.0
10.0014295578	14.9808731079	0.0
10.0354261398	14.2968397141	0.0
10.0202322006	14.2709722519	0.0
10.0050392151	14.2451038361	0.0
9.98984527588	14.2192363739	0.0
9.97465229034	14.1933679581	0.0
9.95945835114	14.1674995422	0.0
9.9442653656	14.1416320801	0.0
9.92907142639	14.1157636642	0.0
9.91387844086	14.0898962021	0.0
9.89868354797	14.0640277863	0.0
9.88349056244	14.0381603241	0.0
9.86829662323	14.0122919083	0.0
9.8531036377	13.9864244461	0.0
9.83790969849	13.9605560303	0.0
9.82271575928	13.9346876144	0.0
9.80752277374	13.9088191986	0.0
9.79232883453	13.8829507828	0.0
9.777135849	13.8570833206	0.0
9.76194190979	13.8312149048	0.0
9.74674892426	13.8053474426	0.0
9.73155498505	13.7794790268	0.0
9.71636199951	13.753610611	0.0
9.7011680603	13.7277431488	0.0
9.68597507477	13.701874733	0.0
9.65641975403	13.7089929581	0.0
9.6276216507	13.7173995972	0.0
9.59882354736	13.7258071899	0.0
9.55889987946	13.7420806885	0.0
9.53166103363	13.7546510696	0.0
9.50442123413	13.7672214508	0.0
9.47718238831	13.779791832	0.0
9.44994163513	13.7923622131	0.0
9.42270278931	13.8049316406	0.0
9.39546394348	13.8175029755	0.0
9.36822414398	13.8300733566	0.0
9.34098529816	13.8426427841	0.0
9.31374454498	13.855214119	0.0
9.28650569916	13.8677835464	0.0
9.25926589966	13.8803548813	0.0
9.23202705383	13.8929252625	0.0
9.20478820801	13.9054946899	0.0
9.17754840851	13.9180660248	0.0
9.15030860901	13.9306364059	0.0
9.12306880951	13.9432058334	0.0
9.09582996368	13.9557771683	0.0
9.06859111786	13.9683465958	0.0
9.04135131836	13.9809169769	0.0
9.01411247253	13.9934883118	0.0
9.55888366699	13.7169752121	0.0
9.5316286087	13.7044391632	0.0
9.50437259674	13.691904068	0.0
9.47711753845	13.6793680191	0.0
9.44986152649	13.6668319702	0.0
9.42260742188	13.654296875	0.0
9.39535140991	13.6417608261	0.0
9.36809635162	13.6292257309	0.0
9.34084033966	13.616689682	0.0
9.31358528137	13.6041545868	0.0
9.28632926941	13.5916185379	0.0
9.25907421112	13.5790843964	0.0
9.23181915283	13.5665483475	0.0
9.20456314087	13.5540122986	0.0
9.17730808258	13.5414772034	0.0
9.15005207062	13.5289411545	0.0
9.12279701233	13.5164060593	0.0
9.09554100037	13.5038700104	0.0
9.06828594208	13.4913349152	0.0
9.04102993011	13.4787988663	0.0
9.01377487183	13.4662637711	0.0
8.98651885986	13.4537277222	0.0
8.95926380157	13.441192627	0.0
8.93200874329	13.4286565781	0.0
8.90475273132	13.4161205292	0.0
8.87749767303	13.4035863876	0.0
8.85024166107	13.3910503387	0.0
8.82298660278	13.3785152435	0.0
8.79573059082	13.3659791946	0.0
8.76847553253	13.3534440994	0.0
8.74122047424	13.3409080505	0.0
8.71396541595	13.3283729553	0.0
8.68670940399	13.3158369064	0.0
8.6594543457	13.3033008575	0.0
8.63219928741	13.2907657623	0.0
8.60494327545	13.2782297134	0.0
8.57768821716	13.2656946182	0.0
8.5504322052	13.2531585693	0.0
8.52317714691	13.2406244278	0.0
8.49592113495	13.2280883789	0.0
8.46866607666	13.2155532837	0.0
8.4414100647	13.2030172348	0.0
8.41415500641	13.1904811859	0.0
8.38689899445	13.1779460907	0.0
8.35964393616	13.1654100418	0.0
8.33238792419	13.1528749466	0.0
8.30513286591	13.1403388977	0.0
8.27787780762	13.1278038025	0.0
8.25062179565	13.1152677536	0.0
8.22336673737	13.1027326584	0.0
8.1961107254	13.0901966095	0.0
8.16885566711	13.077662468	0.0
8.14159965515	13.0651264191	0.0
8.11434459686	13.0525903702	0.0
8.0870885849	13.040055275	0.0
8.05983352661	13.0275192261	0.0
8.03257846832	13.0149841309	0.0
8.00532341003	13.002448082	0.0
9.68454742432	13.6705942154	0.0
9.6838760376	13.6406011581	0.0
9.68320465088	13.6106090546	0.0
9.68253421783	13.5806159973	0.0
9.68178272247	13.5470600128	0.0
9.68111228943	13.5170679092	0.0
9.68044090271	13.487074852	0.0
9.67977046967	13.4570827484	0.0
9.67162322998	13.4246244431	0.0
9.66355609894	13.3957290649	0.0
9.6554889679	13.3668336868	0.0
9.64742088318	13.3379392624	0.0
9.63935375214	13.3090438843	0.0
9.63128662109	13.2801494598	0.0
9.62322044373	13.2512540817	0.0
9.61515331268	13.2223587036	0.0
9.60708618164	13.1934642792	0.0
9.5990190506	13.1645689011	0.0
9.59095096588	13.1356744766	0.0
9.58288383484	13.1067790985	0.0
9.5748167038	13.0778837204	0.0
9.56674957275	13.048989296	0.0
9.55868339539	13.0200939178	0.0
9.55061626434	12.9911985397	0.0
9.5425491333	12.9623041153	0.0
9.53448104858	12.9334087372	0.0
9.52641391754	12.9045143127	0.0
9.5183467865	12.8756189346	0.0
9.51027965546	12.8467235565	0.0
9.50221252441	12.8178291321	0.0
9.49414634705	12.788933754	0.0
9.48607826233	12.7600393295	0.0
9.47801113129	12.7311439514	0.0
9.46994400024	12.7022485733	0.0
9.4618768692	12.6733541489	0.0
9.45380973816	12.6444587708	0.0
9.44574260712	12.6155643463	0.0
9.43767642975	12.5866689682	0.0
9.42960834503	12.5577735901	0.0
9.42154121399	12.5288791656	0.0
9.41347408295	12.4999837875	0.0
9.4054069519	12.4710893631	0.0
9.37440013885	12.4345350266	0.0
9.34909820557	12.4184160233	0.0
9.32379627228	12.40229702	0.0
9.29849433899	12.3861789703	0.0
9.27319335938	12.370059967	0.0
9.24789142609	12.3539409637	0.0
9.22258853912	12.3378219604	0.0
9.19728660583	12.3217029572	0.0
9.17198467255	12.3055839539	0.0
9.14668273926	12.2894659042	0.0
9.12138175964	12.2733469009	0.0
9.09607982635	12.2572278976	0.0
9.07077789307	12.2411088943	0.0
9.04547595978	12.2249898911	0.0
9.00249481201	12.2101593018	0.0
8.97313308716	12.204003334	0.0
8.94377231598	12.19784832	0.0
8.91440963745	12.191693306	0.0
8.8850479126	12.1855382919	0.0
8.85568618774	12.1793823242	0.0
8.82632541656	12.1732273102	0.0
8.79696273804	12.1670722961	0.0
8.76760101318	12.1609163284	0.0
8.73823928833	12.1547613144	0.0
8.7088766098	12.1486063004	0.0
8.67951583862	12.1424512863	0.0
8.65015411377	12.1362953186	0.0
8.62079238892	12.1301403046	0.0
8.59142971039	12.1239852905	0.0
8.56206893921	12.1178302765	0.0
8.53270721436	12.1116743088	0.0
8.50334453583	12.1055192947	0.0
8.47398281097	12.0993642807	0.0
8.44462203979	12.0932092667	0.0
8.41526031494	12.087053299	0.0
8.38589763641	12.0808982849	0.0
8.35653591156	12.0747432709	0.0
8.32717514038	12.0685873032	0.0
8.29781341553	12.0624322891	0.0
8.268450737	12.0562772751	0.0
8.23908901215	12.050122261	0.0
8.20972824097	12.0439662933	0.0
8.18036556244	12.0378112793	0.0
8.15100383759	12.0316562653	0.0
8.12164211273	12.0255012512	0.0
8.09228134155	12.0193452835	0.0
8.06291866302	12.0131902695	0.0
8.03355693817	12.0070352554	0.0
8.00419521332	12.0008792877	0.0
9.02748584747	12.1866340637	0.0
9.02311515808	12.1569538116	0.0
9.01874446869	12.1272735596	0.0
9.01437282562	12.0975942612	0.0
9.01000213623	12.0679149628	0.0
9.00563144684	12.0382347107	0.0
9.00125980377	12.0085554123	0.0
9.403424263	12.4208860397	0.0
9.40714645386	12.3911180496	0.0
9.41086673737	12.3613491058	0.0
9.41458892822	12.3315811157	0.0
9.41831111908	12.3018131256	0.0
9.42203330994	12.2720451355	0.0
9.42575454712	12.2422761917	0.0
9.42947673798	12.2125082016	0.0
9.43319797516	12.1827402115	0.0
9.43692016602	12.1529722214	0.0
9.44064235687	12.1232032776	0.0
9.44578075409	12.0821008682	0.0
9.44950294495	12.0523328781	0.0
9.4532251358	12.022564888	0.0
9.45694732666	11.9927968979	0.0
9.46066761017	11.9630279541	0.0
9.46438980103	11.933259964	0.0
9.46811199188	11.9034919739	0.0
9.47183418274	11.8737239838	0.0
9.4755563736	11.84395504	0.0
9.47927761078	11.8141870499	0.0
9.48299980164	11.7844190598	0.0
9.50106239319	11.7481269836	0.0
9.51770687103	11.7231683731	0.0
9.53435325623	11.6982088089	0.0
9.55099773407	11.673251152	0.0
9.56764316559	11.6482915878	0.0
9.58428859711	11.623333931	0.0
9.60093402863	11.5983753204	0.0
9.61757946014	11.5734157562	0.0
9.63422489166	11.5484580994	0.0
9.65087032318	11.5234985352	0.0
9.66751480103	11.4985399246	0.0
9.68416023254	11.4735822678	0.0
9.70080566406	11.4486227036	0.0
9.71745109558	11.423664093	0.0
9.73409557343	11.3987064362	0.0
9.75074195862	11.3737468719	0.0
9.76738739014	11.3487892151	0.0
9.78403186798	11.3238296509	0.0
9.80067825317	11.2988710403	0.0
9.81732273102	11.2739133835	0.0
9.83396816254	11.2489538193	0.0
9.85061359406	11.2239952087	0.0
9.86725902557	11.1990365982	0.0
9.88390445709	11.1740779877	0.0
9.90054988861	11.1491203308	0.0
9.91719532013	11.1241607666	0.0
9.93383979797	11.0992021561	0.0
9.95048618317	11.0742435455	0.0
9.96713066101	11.049284935	0.0
9.98377609253	11.0243263245	0.0
9.46591472626	11.7494697571	0.0
9.44741439819	11.72585392	0.0
9.42891216278	11.7022390366	0.0
9.41041088104	11.6786231995	0.0
9.39190864563	11.6550073624	0.0
9.37340831757	11.6313915253	0.0
9.35490608215	11.6077756882	0.0
9.33640480042	11.5841608047	0.0
9.317902565	11.5605449677	0.0
9.29940223694	11.5369300842	0.0
9.28090000153	11.5133142471	0.0
9.26239871979	11.4896993637	0.0
9.24389743805	11.4660825729	0.0
9.22539615631	11.4424667358	0.0
9.2068939209	11.4188518524	0.0
9.18839263916	11.3952360153	0.0
9.16989135742	11.3716211319	0.0
9.14421844482	11.3268623352	0.0
9.13210773468	11.2994146347	0.0
9.11999797821	11.2719678879	0.0
9.10788822174	11.2445211411	0.0
9.09577846527	11.2170743942	0.0
9.08366680145	11.1896266937	0.0
9.07155704498	11.1621799469	0.0
9.05944728851	11.1347332001	0.0
9.04733657837	11.1072864532	0.0
9.03522586823	11.0798377991	0.0
9.02311611176	11.0523910522	0.0
9.01100635529	11.0249443054	0.0
9.13629245758	11.3319807053	0.0
9.11625480652	11.3096542358	0.0
9.09621906281	11.2873258591	0.0
9.07618236542	11.264998436	0.0
9.05614566803	11.2426700592	0.0
9.03610897064	11.2203416824	0.0
9.01607227325	11.1980142593	0.0
8.99603557587	11.1756858826	0.0
8.97599887848	11.1533584595	0.0
8.95596218109	11.1310310364	0.0
8.93592643738	11.1087026596	0.0
8.91588878632	11.0863752365	0.0
8.8958530426	11.0640468597	0.0
8.87581634521	11.0417194366	0.0
8.85577869415	11.0193910599	0.0
8.85353183746	10.9822835922	0.0
8.85795593262	10.9526119232	0.0
8.86238098145	10.9229402542	0.0
8.8668050766	10.8932676315	0.0
8.87122917175	10.8635969162	0.0
8.87565422058	10.8339252472	0.0
8.88007831573	10.8042526245	0.0
8.88450241089	10.7745809555	0.0
8.88892745972	10.7449092865	0.0
8.8933506012	10.7152366638	0.0
8.89777565002	10.6855649948	0.0
8.90219974518	10.6558933258	0.0
8.90662384033	10.6262207031	0.0
8.91104888916	10.5965490341	0.0
8.91547298431	10.5668773651	0.0
8.91989707947	10.5372047424	0.0
8.9243221283	10.5075330734	0.0
8.92874622345	10.4778614044	0.0
8.93317127228	10.4481887817	0.0
8.93759536743	10.4185171127	0.0
8.94201946259	10.3888454437	0.0
8.94644355774	10.359172821	0.0
8.95086765289	10.329501152	0.0
8.95529174805	10.2998285294	0.0
8.95971679688	10.2701568604	0.0
8.96414089203	10.2404851913	0.0
8.96856594086	10.210814476	0.0
8.97299003601	10.1811418533	0.0
8.97741413116	10.1514701843	0.0
8.98183917999	10.1217975616	0.0
8.98626327515	10.0921258926	0.0
8.99068832397	10.0624542236	0.0
8.99511241913	10.032781601	0.0
8.99953556061	10.0031099319	0.0
8.81910991669	11.0115337372	0.0
8.78911304474	11.0111122131	0.0
8.75911617279	11.0106887817	0.0
8.72911930084	11.0102672577	0.0
8.69912242889	11.0098438263	0.0
8.66912460327	11.0094223022	0.0
8.63912773132	11.0089998245	0.0
8.60913085938	11.0085773468	0.0
8.57913398743	11.0081548691	0.0
8.54913711548	11.0077323914	0.0
8.51914024353	11.0073099136	0.0
8.48914337158	11.0068883896	0.0
8.45914554596	11.0064649582	0.0
8.42914867401	11.0060434341	0.0
8.39915180206	11.0056200027	0.0
8.36915493011	11.005197525	0.0
8.33915805817	11.004776001	0.0
8.30916118622	11.0043525696	0.0
8.27916431427	11.0039310455	0.0
8.24916744232	11.0035085678	0.0
8.2191696167	11.0030860901	0.0
8.18917274475	11.0026636124	0.0
8.1591758728	11.0022411346	0.0
8.12917900085	11.0018186569	0.0
8.09918212891	11.0013971329	0.0
8.06918525696	11.0009737015	0.0
8.03918838501	11.0005521774	0.0
8.00919055939	11.000128746	0.0
9.47147369385	12.10597229	0.0
9.50088787079	12.1000738144	0.0
9.5303030014	12.0941762924	0.0
9.55971717834	12.0882787704	0.0
9.58913230896	12.0823812485	0.0
9.61854743958	12.0764827728	0.0
9.64796066284	12.0705852509	0.0
9.67737579346	12.0646877289	0.0
9.7067899704	12.0587902069	0.0
9.73620510101	12.0528917313	0.0
9.76561927795	12.0469942093	0.0
9.79503440857	12.0410966873	0.0
9.82444858551	12.0351991653	0.0
9.85386276245	12.0293006897	0.0
9.88327789307	12.0234031677	0.0
9.91269207001	12.0175056458	0.0
9.94210720062	12.0116081238	0.0
9.97152137756	12.0057096481	0.0
9.65473461151	13.4368677139	0.0
9.62977981567	13.4202165604	0.0
9.60482597351	13.4035663605	0.0
9.57987117767	13.3869152069	0.0
9.55491638184	13.3702640533	0.0
9.52996063232	13.3536128998	0.0
9.50500583649	13.3369617462	0.0
9.48005104065	13.3203105927	0.0
9.45509624481	13.3036603928	0.0
9.43014144897	13.2870092392	0.0
9.40518665314	13.2703580856	0.0
9.3802318573	13.2537069321	0.0
9.35527706146	13.2370557785	0.0
9.33032226562	13.2204046249	0.0
9.30536746979	13.203754425	0.0
9.28041172028	13.1871032715	0.0
9.25545692444	13.1704521179	0.0
9.23050308228	13.1538009644	0.0
9.20554828644	13.1371498108	0.0
9.18059253693	13.1204986572	0.0
9.15563774109	13.1038484573	0.0
9.13068294525	13.0871973038	0.0
9.10572814941	13.0705461502	0.0
9.08077335358	13.0538949966	0.0
9.05581760406	13.0372438431	0.0
9.0308637619	13.0205936432	0.0
9.00590896606	13.0039434433	0.0
9.70322704315	13.5554075241	0.0
9.72399997711	13.5337629318	0.0
9.74477291107	13.5121192932	0.0
9.76554584503	13.4904737473	0.0
9.78631782532	13.4688301086	0.0
9.80709075928	13.4471845627	0.0
9.82786369324	13.4255399704	0.0
9.8486366272	13.4038963318	0.0
9.86940956116	13.3822507858	0.0
9.89018344879	13.3606071472	0.0
9.91095638275	13.3389616013	0.0
9.93172931671	13.3173179626	0.0
9.952501297	13.2956733704	0.0
9.97327423096	13.2740278244	0.0
9.99404716492	13.2523841858	0.0
10.0148200989	13.2307386398	0.0
10.0355930328	13.2090950012	0.0
10.0563659668	13.1874504089	0.0
10.0771389008	13.1658058167	0.0
10.0979118347	13.1441612244	0.0
10.118683815	13.1225156784	0.0
10.139456749	13.1008720398	0.0
10.1602296829	13.0792274475	0.0
10.1810026169	13.0575828552	0.0
10.2017755508	13.0359382629	0.0
10.2225494385	13.0142936707	0.0
10.2433223724	12.9926490784	0.0
10.2640953064	12.9710035324	0.0
10.287779808	12.9463253021	0.0
10.308552742	12.9246797562	0.0
10.329325676	12.9030361176	0.0
10.3500986099	12.8813905716	0.0
10.3708715439	12.859746933	0.0
10.3916454315	12.8381023407	0.0
10.4124183655	12.8164567947	0.0
10.4331903458	12.7948131561	0.0
10.4539632797	12.7731676102	0.0
10.4747362137	12.7515239716	0.0
10.4955091476	12.7298793793	0.0
10.5162820816	12.7082338333	0.0
10.5370550156	12.6865901947	0.0
10.5578279495	12.6649446487	0.0
10.5831260681	12.6816358566	0.0
10.6069688797	12.6998443604	0.0
10.6308107376	12.7180528641	0.0
10.6546525955	12.7362613678	0.0
10.6784963608	12.7544689178	0.0
10.7023382187	12.7726774216	0.0
10.7261810303	12.7908859253	0.0
10.7500228882	12.809094429	0.0
10.7738647461	12.8273019791	0.0
10.7977075577	12.8455114365	0.0
10.8215503693	12.8637189865	0.0
10.8453922272	12.8819265366	0.0
10.8692350388	12.9001350403	0.0
10.8930768967	12.918343544	0.0
10.9169197083	12.9365520477	0.0
10.9407615662	12.9547595978	0.0
10.9646043777	12.9729690552	0.0
10.9884471893	12.9911766052	0.0
10.5800571442	12.6417827606	0.0
10.6008300781	12.620139122	0.0
10.6216030121	12.598493576	0.0
10.642375946	12.5768499374	0.0
10.6631479263	12.5552053452	0.0
10.6839208603	12.5335597992	0.0
10.7046937943	12.5119161606	0.0
10.7254667282	12.4902706146	0.0
10.7462396622	12.468626976	0.0
10.7670125961	12.4469823837	0.0
10.7877855301	12.4253377914	0.0
10.8085594177	12.4036931992	0.0
10.829331398	12.3820476532	0.0
10.850104332	12.3604040146	0.0
10.876914978	12.3428497314	0.0
10.9022693634	12.3268127441	0.0
10.9276227951	12.3107767105	0.0
10.9529771805	12.2947397232	0.0
10.9783306122	12.2787036896	0.0
11.0036849976	12.2626667023	0.0
11.0290403366	12.2466306686	0.0
11.0543937683	12.230594635	0.0
11.0797481537	12.2145576477	0.0
11.1051015854	12.1985216141	0.0
11.1304559708	12.1824846268	0.0
11.1558103561	12.1664485931	0.0
11.1811637878	12.1504116058	0.0
11.2065181732	12.1343755722	0.0
11.2318725586	12.1183385849	0.0
11.257226944	12.1023025513	0.0
11.2825813293	12.086265564	0.0
11.307934761	12.0702295303	0.0
11.3332891464	12.054192543	0.0
11.3586425781	12.0381574631	0.0
11.3839969635	12.0221204758	0.0
11.4093513489	12.0060844421	0.0
11.4347057343	11.9900484085	0.0
11.4600601196	11.9740114212	0.0
11.4854135513	11.9579753876	0.0
11.5107679367	11.9419384003	0.0
11.5361223221	11.9259023666	0.0
11.5614757538	11.9098653793	0.0
11.5868301392	11.8938293457	0.0
11.6121835709	11.8777923584	0.0
11.6375389099	11.8617563248	0.0
11.6628932953	11.8457193375	0.0
11.688246727	11.8296833038	0.0
11.7136011124	11.8136463165	0.0
11.7389545441	11.7976102829	0.0
11.7643089294	11.7815732956	0.0
11.7896633148	11.765537262	0.0
11.8150177002	11.7495012283	0.0
11.8403720856	11.733464241	0.0
11.8657264709	11.7174282074	0.0
11.8910799026	11.7013912201	0.0
11.916434288	11.6853551865	0.0
11.9417877197	11.6693181992	0.0
11.9671421051	11.6532821655	0.0
11.9924955368	11.6372451782	0.0
12.0178508759	11.6212091446	0.0
12.0432052612	11.6051721573	0.0
12.0685586929	11.5891361237	0.0
12.0939130783	11.5730991364	0.0
12.1192674637	11.5570631027	0.0
12.1446208954	11.5410261154	0.0
12.1699752808	11.5249900818	0.0
12.1953287125	11.5089540482	0.0
12.2206840515	11.4929170609	0.0
12.2460384369	11.4768810272	0.0
12.2713918686	11.4608440399	0.0
12.296746254	11.4448080063	0.0
12.3220996857	11.428771019	0.0
12.347454071	11.4127349854	0.0
12.3728084564	11.396697998	0.0
12.3981618881	11.3806619644	0.0
12.4235172272	11.3646249771	0.0
12.4488706589	11.3485889435	0.0
12.4742250443	11.3325519562	0.0
12.4995794296	11.3165159225	0.0
12.5249328613	11.3004789352	0.0
12.5502872467	11.2844429016	0.0
12.5756406784	11.268406868	0.0
12.6009950638	11.2523698807	0.0
12.6263504028	11.236333847	0.0
12.6517038345	11.2202968597	0.0
12.6770582199	11.2042608261	0.0
12.7024116516	11.1882238388	0.0
12.727766037	11.1721878052	0.0
12.7531204224	11.1561508179	0.0
12.7784738541	11.1401147842	0.0
12.8038282394	11.1240777969	0.0
12.8291826248	11.1080417633	0.0
12.8545370102	11.092004776	0.0
12.8798913956	11.0759687424	0.0
12.9052448273	11.0599317551	0.0
12.9305992126	11.0438957214	0.0
12.9559526443	11.0278596878	0.0
12.9813070297	11.0118227005	0.0
10.863026619	12.33116436	0.0
10.8744926453	12.3034420013	0.0
10.8859586716	12.275718689	0.0
10.8974256516	12.2479972839	0.0
10.9088916779	12.2202749252	0.0
10.9203577042	12.1925525665	0.0
10.9372472763	12.1517210007	0.0
10.9487133026	12.123998642	0.0
10.9601793289	12.0962762833	0.0
10.9716453552	12.0685539246	0.0
10.9831123352	12.0408315659	0.0
10.9945783615	12.0131092072	0.0
10.9276647568	12.1495018005	0.0
10.9295492172	12.119562149	0.0
10.931432724	12.0896205902	0.0
10.9333171844	12.059679985	0.0
10.9352006912	12.0297393799	0.0
10.9370851517	11.999797821	0.0
10.9389686584	11.9698581696	0.0
10.9408531189	11.9399166107	0.0
10.9427366257	11.9099760056	0.0
10.9446210861	11.8800354004	0.0
10.9465055466	11.8500947952	0.0
10.948390007	11.8201541901	0.0
10.9502744675	11.7902126312	0.0
10.9521579742	11.7602720261	0.0
10.9540424347	11.7303314209	0.0
10.9559259415	11.7003908157	0.0
10.9578104019	11.6704502106	0.0
10.9596939087	11.6405086517	0.0
10.9615783691	11.6105680466	0.0
10.9634618759	11.5806283951	0.0
10.96534729	11.5506868362	0.0
10.9672307968	11.5207462311	0.0
10.9691152573	11.4908046722	0.0
10.970998764	11.4608640671	0.0
10.9728832245	11.4309244156	0.0
10.9747667313	11.4009828568	0.0
10.9766511917	11.3710422516	0.0
10.9785346985	11.3411006927	0.0
10.9804191589	11.3111610413	0.0
10.9823026657	11.2812204361	0.0
10.9841880798	11.2512788773	0.0
10.9860715866	11.2213382721	0.0
10.9879560471	11.1913967133	0.0
10.9898395538	11.1614570618	0.0
10.9917240143	11.1315164566	0.0
10.9936084747	11.1015748978	0.0
10.9954919815	11.0716342926	0.0
10.997376442	11.0416936874	0.0
10.9992599487	11.0117530823	0.0
10.2372207642	12.9715433121	0.0
10.2074346542	12.9751157761	0.0
10.1776475906	12.9786891937	0.0
10.1478624344	12.9822616577	0.0
10.1180753708	12.9858360291	0.0
10.0882892609	12.9894094467	0.0
10.0585021973	12.9929819107	0.0
10.0287160873	12.9965553284	0.0
10.4296007156	14.9180803299	0.0
10.4431810379	14.8913297653	0.0
10.4567613602	14.8645792007	0.0
10.4703407288	14.8378286362	0.0
10.483921051	14.8110780716	0.0
10.4975013733	14.7843284607	0.0
10.5110807419	14.7575778961	0.0
10.5246610641	14.7308273315	0.0
10.5382413864	14.704076767	0.0
10.5518198013	14.6773262024	0.0
10.569978714	14.6415557861	0.0
10.5835590363	14.6148061752	0.0
10.5971393585	14.588054657	0.0
10.6107187271	14.5613050461	0.0
10.6242990494	14.5345535278	0.0
10.6036844254	14.5106687546	0.0
10.5807800293	14.4912939072	0.0
10.5578756332	14.4719190598	0.0
10.5349721909	14.4525442123	0.0
10.5120668411	14.4331693649	0.0
10.4891633987	14.4137926102	0.0
10.4662590027	14.3944177628	0.0
10.4433546066	14.3750429153	0.0
10.4204511642	14.3556680679	0.0
10.3975458145	14.3362932205	0.0
10.3746423721	14.3169183731	0.0
10.3517379761	14.2975416183	0.0
10.32883358	14.2781667709	0.0
10.305929184	14.2587919235	0.0
10.2830247879	14.2394170761	0.0
10.2601213455	14.2200422287	0.0
10.2372169495	14.2006673813	0.0
10.2143125534	14.1812915802	0.0
10.1914081573	14.1619157791	0.0
10.1685037613	14.1425409317	0.0
10.1456003189	14.1231660843	0.0
10.1226959229	14.1037912369	0.0
10.0997905731	14.0844163895	0.0
10.0768871307	14.0650405884	0.0
10.0539827347	14.0456647873	0.0
10.0310792923	14.0262899399	0.0
10.0081748962	14.0069150925	0.0
10.64016819	14.5032939911	0.0
10.6537475586	14.4765443802	0.0
10.6673278809	14.4497928619	0.0
10.6809082031	14.423043251	0.0
10.6944875717	14.3962917328	0.0
10.7138643265	14.3671236038	0.0
10.7309503555	14.3424654007	0.0
10.7480373383	14.3178062439	0.0
10.7651233673	14.2931470871	0.0
10.78221035	14.268488884	0.0
10.7992963791	14.2438297272	0.0
10.8163824081	14.2191705704	0.0
10.8334693909	14.1945123672	0.0
10.8505554199	14.1698532104	0.0
10.8676424026	14.1451950073	0.0
10.8847284317	14.1205358505	0.0
10.9018144608	14.0958766937	0.0
10.9189014435	14.0712175369	0.0
10.9359874725	14.0465602875	0.0
10.9530744553	14.0219011307	0.0
10.9701595306	13.9972419739	0.0
10.9872455597	13.9725828171	0.0
11.0043325424	13.9479236603	0.0
11.0214185715	13.9232664108	0.0
11.0385055542	13.898607254	0.0
11.0555915833	13.8739480972	0.0
11.0726776123	13.8492889404	0.0
11.089764595	13.8246307373	0.0
11.1068506241	13.7999715805	0.0
11.1239376068	13.7753133774	0.0
11.1410236359	13.7506542206	0.0
11.1581096649	13.7259960175	0.0
11.1751966476	13.7013368607	0.0
11.1922826767	13.6766777039	0.0
11.2093687057	13.6520185471	0.0
11.2264556885	13.6273603439	0.0
11.2435417175	13.6027021408	0.0
11.2606287003	13.578042984	0.0
11.2777147293	13.5533838272	0.0
11.2948007584	13.5287246704	0.0
11.3118877411	13.504067421	0.0
11.3289737701	13.4794082642	0.0
11.3460607529	13.4547491074	0.0
11.3631467819	13.4300899506	0.0
11.380232811	13.4054317474	0.0
11.3973197937	13.3807725906	0.0
11.4144058228	13.3561143875	0.0
11.4314928055	13.3314552307	0.0
11.4485788345	13.3067960739	0.0
11.4656648636	13.2821378708	0.0
11.4827518463	13.257478714	0.0
11.4998378754	13.2328195572	0.0
11.5169248581	13.2081613541	0.0
11.5340108871	13.1835031509	0.0
11.5510969162	13.1588439941	0.0
11.5681838989	13.1341848373	0.0
11.585269928	13.1095256805	0.0
11.6023569107	13.0848665237	0.0
11.6194429398	13.0602092743	0.0
11.6365289688	13.0355501175	0.0
11.6536159515	13.0108909607	0.0
11.6707019806	12.9862318039	0.0
11.6877889633	12.9615736008	0.0
11.7048749924	12.9369153976	0.0
11.7219610214	12.9122562408	0.0
11.7390480042	12.887597084	0.0
11.7561340332	12.8629388809	0.0
11.7732210159	12.8382797241	0.0
11.790307045	12.8136205673	0.0
11.807393074	12.7889623642	0.0
11.8244800568	12.7643032074	0.0
11.8415660858	12.7396450043	0.0
11.8586530685	12.7149858475	0.0
11.8757390976	12.6903266907	0.0
11.8928251266	12.6656675339	0.0
11.9237575531	12.6707820892	0.0
11.9526586533	12.6788272858	0.0
11.9815597534	12.686873436	0.0
12.0104608536	12.6949176788	0.0
12.0393619537	12.7029628754	0.0
12.0682630539	12.7110080719	0.0
12.0971641541	12.7190542221	0.0
12.1260662079	12.7270994186	0.0
12.154967308	12.7351436615	0.0
12.1838684082	12.7431898117	0.0
12.2127685547	12.7512350082	0.0
12.2416696548	12.7592802048	0.0
12.270570755	12.767326355	0.0
12.2994718552	12.7753705978	0.0
12.3283729553	12.7834157944	0.0
12.3572740555	12.7914619446	0.0
12.3861751556	12.7995071411	0.0
12.4150762558	12.8075523376	0.0
12.443977356	12.8155975342	0.0
12.4728794098	12.8236427307	0.0
12.5017795563	12.8316879272	0.0
12.5306806564	12.8397331238	0.0
12.5595817566	12.847779274	0.0
12.5884828568	12.8558244705	0.0
12.6173839569	12.8638687134	0.0
12.6462850571	12.8719148636	0.0
12.6751861572	12.8799600601	0.0
12.7040872574	12.8880052567	0.0
12.7329883575	12.8960514069	0.0
12.7618894577	12.9040956497	0.0
12.7907905579	12.9121408463	0.0
12.819691658	12.9201869965	0.0
12.8485927582	12.928232193	0.0
12.8774938583	12.9362773895	0.0
12.9063949585	12.9443225861	0.0
12.9352960587	12.9523677826	0.0
12.9641971588	12.9604129791	0.0
12.9803762436	12.9947481155	0.0
12.9809617996	13.0247430801	0.0
12.9815473557	13.0547370911	0.0
12.9821329117	13.084731102	0.0
12.9827194214	13.1147260666	0.0
12.9833040237	13.1447200775	0.0
12.9838895798	13.1747140884	0.0
12.9844751358	13.2047080994	0.0
12.9850606918	13.234703064	0.0
12.9856462479	13.2646970749	0.0
12.9862318039	13.2946910858	0.0
12.9868173599	13.3246860504	0.0
12.987402916	13.3546800613	0.0
12.987988472	13.3846740723	0.0
12.988574028	13.4146680832	0.0
12.9891586304	13.4446630478	0.0
12.9897451401	13.4746570587	0.0
12.9903297424	13.5046510696	0.0
12.9909162521	13.5346460342	0.0
12.9915008545	13.5646400452	0.0
12.9920873642	13.5946340561	0.0
12.9926719666	13.624628067	0.0
12.9932584763	13.6546230316	0.0
12.9938430786	13.6846170425	0.0
12.9944286346	13.7146110535	0.0
12.9950141907	13.7446060181	0.0
12.9955997467	13.774600029	0.0
12.9961853027	13.8045940399	0.0
12.9967708588	13.8345880508	0.0
12.9973573685	13.8645830154	0.0
12.9979419708	13.8945770264	0.0
12.9985275269	13.9245710373	0.0
12.9991130829	13.9545660019	0.0
12.9996986389	13.9845600128	0.0
13.0086917877	12.9727993011	0.0
13.0375928879	12.9808454514	0.0
13.066493988	12.9888896942	0.0
13.0953950882	12.9969348907	0.0
13.1242961884	13.004981041	0.0
13.1531972885	13.0130262375	0.0
13.1820993423	13.021071434	0.0
13.2110004425	13.0291166306	0.0
13.239900589	13.0371618271	0.0
13.2688016891	13.0452070236	0.0
13.2977027893	13.0532531738	0.0
13.3266038895	13.0612983704	0.0
13.3555049896	13.0693426132	0.0
13.3844060898	13.0773878098	0.0
13.4133071899	13.08543396	0.0
13.4422082901	13.0934791565	0.0
13.4711093903	13.101524353	0.0
13.5000114441	13.1095695496	0.0
13.551158905	13.1238079071	0.0
13.5800600052	13.1318531036	0.0
13.6089611053	13.1398992538	0.0
13.6378622055	13.1479444504	0.0
13.6667633057	13.1559886932	0.0
13.6956644058	13.1640348434	0.0
13.7245664597	13.17208004	0.0
13.7534666061	13.1801252365	0.0
13.7823677063	13.1881713867	0.0
13.8112688065	13.1962156296	0.0
13.8401699066	13.2042608261	0.0
13.8690710068	13.2123069763	0.0
13.8979721069	13.2203521729	0.0
13.9268732071	13.2283973694	0.0
13.9557743073	13.2364425659	0.0
13.9846754074	13.2444877625	0.0
14.0135755539	13.252532959	0.0
14.0424766541	13.2605781555	0.0
14.0889816284	13.2491197586	0.0
14.113240242	13.2314691544	0.0
14.1374979019	13.2138175964	0.0
14.1617546082	13.1961660385	0.0
14.1860132217	13.1785154343	0.0
14.210269928	13.1608638763	0.0
14.2345275879	13.1432123184	0.0
14.2587862015	13.1255607605	0.0
14.2830429077	13.1079101562	0.0
14.3073005676	13.0902576447	0.0
14.3315582275	13.0726070404	0.0
14.3558158875	13.0549564362	0.0
14.3800725937	13.0373039246	0.0
14.4043312073	13.0196533203	0.0
14.4285888672	13.0020017624	0.0
14.4528455734	12.9843502045	0.0
14.477104187	12.9666986465	0.0
14.5013608932	12.9490480423	0.0
14.5256185532	12.9313955307	0.0
14.5498771667	12.9137449265	0.0
14.574133873	12.8960943222	0.0
14.5983915329	12.8784418106	0.0
14.6275548935	12.8500213623	0.0
14.6479263306	12.8279972076	0.0
14.668296814	12.8059740067	0.0
14.688668251	12.7839508057	0.0
14.7090387344	12.761926651	0.0
14.6958389282	12.7555408478	0.0
14.6675338745	12.7654848099	0.0
14.6392297745	12.775428772	0.0
14.6109256744	12.7853717804	0.0
14.5826215744	12.7953157425	0.0
14.554318428	12.8052597046	0.0
14.526014328	12.815202713	0.0
14.497710228	12.8251466751	0.0
14.4694061279	12.8350906372	0.0
14.4411010742	12.8450336456	0.0
14.4127969742	12.8549776077	0.0
14.3844928741	12.8649215698	0.0
14.3561887741	12.8748645782	0.0
14.3278846741	12.8848085403	0.0
14.299580574	12.8947534561	0.0
14.2712774277	12.9046964645	0.0
14.2429733276	12.9146404266	0.0
14.2146682739	12.9245843887	0.0
14.1863641739	12.9345273972	0.0
14.1580600739	12.9444713593	0.0
14.1297559738	12.9544153214	0.0
14.1014518738	12.9643583298	0.0
14.0731477737	12.9743022919	0.0
14.0448436737	12.984246254	0.0
14.0165395737	12.9941892624	0.0
14.7445144653	12.7235736847	0.0
14.7648839951	12.7015514374	0.0
14.7852554321	12.6795282364	0.0
14.8056259155	12.6575040817	0.0
14.8259973526	12.6354808807	0.0
14.8675613403	12.605014801	0.0
14.8940219879	12.590877533	0.0
14.9204816818	12.5767412186	0.0
14.9469432831	12.5626049042	0.0
14.973402977	12.5484676361	0.0
14.9998636246	12.5343313217	0.0
15.0263242722	12.5201940536	0.0
15.0527839661	12.5060577393	0.0
15.0792446136	12.4919214249	0.0
15.1057052612	12.4777841568	0.0
15.1321659088	12.4636478424	0.0
15.1586256027	12.4495105743	0.0
15.1850862503	12.4353742599	0.0
15.2115468979	12.4212379456	0.0
15.2380065918	12.4071006775	0.0
15.2644681931	12.3929643631	0.0
15.290927887	12.378827095	0.0
15.3173885345	12.3646907806	0.0
15.3438491821	12.3505544662	0.0
15.370308876	12.3364171982	0.0
15.3967695236	12.3222808838	0.0
15.4232301712	12.3081436157	0.0
15.4496908188	12.2940073013	0.0
15.4761514664	12.2798709869	0.0
15.5026111603	12.2657337189	0.0
15.5290718079	12.2515974045	0.0
15.5555324554	12.2374601364	0.0
15.581993103	12.223323822	0.0
15.6084527969	12.209186554	0.0
15.6349143982	12.1950502396	0.0
15.6613740921	12.1809139252	0.0
15.687833786	12.1667766571	0.0
15.7142953873	12.1526403427	0.0
15.7407550812	12.1385040283	0.0
15.7672157288	12.1243667603	0.0
15.7936763763	12.1102304459	0.0
15.8201370239	12.0960941315	0.0
15.8465967178	12.0819568634	0.0
15.8730573654	12.0678195953	0.0
15.899518013	12.0536832809	0.0
15.9259777069	12.0395469666	0.0
15.9524393082	12.0254096985	0.0
15.9788990021	12.0112733841	0.0
14.8485593796	12.590092659	0.0
14.8560161591	12.5610351562	0.0
14.8634738922	12.5319757462	0.0
14.8709306717	12.5029182434	0.0
14.8783893585	12.473859787	0.0
14.885846138	12.4448013306	0.0
14.8933038712	12.4157428741	0.0
14.9007606506	12.3866853714	0.0
14.9082193375	12.357626915	0.0
14.9156761169	12.3285684586	0.0
14.9231338501	12.2995100021	0.0
14.9305906296	12.2704515457	0.0
14.9380493164	12.2413930893	0.0
14.9455060959	12.2123346329	0.0
14.952963829	12.1832771301	0.0
14.9604206085	12.15421772	0.0
14.9678792953	12.1251602173	0.0
14.9753360748	12.0961017609	0.0
14.982793808	12.0670433044	0.0
14.9902505875	12.037984848	0.0
14.9977092743	12.0089273453	0.0
14.6357088089	12.8813362122	0.0
14.6642341614	12.8906269073	0.0
14.6927585602	12.8999185562	0.0
14.7212839127	12.9092111588	0.0
14.7498092651	12.9185028076	0.0
14.7783327103	12.9277944565	0.0
14.8068580627	12.9370861053	0.0
14.8353834152	12.9463777542	0.0
14.863907814	12.9556694031	0.0
14.8924331665	12.9649610519	0.0
14.9209566116	12.9742527008	0.0
14.9494819641	12.9835443497	0.0
14.9780073166	12.9928359985	0.0
14.0926628113	13.2777023315	0.0
14.1206007004	13.2886333466	0.0
14.1485376358	13.2995634079	0.0
14.1764755249	13.3104944229	0.0
14.2044143677	13.3214235306	0.0
14.2323522568	13.3323545456	0.0
14.2602901459	13.3432846069	0.0
14.288228035	13.3542156219	0.0
14.3161659241	13.3651456833	0.0
14.3441028595	13.3760766983	0.0
14.3720407486	13.3870067596	0.0
14.3999786377	13.3979377747	0.0
14.4279165268	13.408867836	0.0
14.4558553696	13.419798851	0.0
14.4837932587	13.4307289124	0.0
14.5117311478	13.4416599274	0.0
14.5396680832	13.4525899887	0.0
14.5676059723	13.4635210037	0.0
14.5955438614	13.4744520187	0.0
14.6234817505	13.4853820801	0.0
14.6514196396	13.4963130951	0.0
14.6793575287	13.5072431564	0.0
14.7072963715	13.5181741714	0.0
14.7352333069	13.5291042328	0.0
14.763171196	13.5400352478	0.0
14.7911090851	13.5509653091	0.0
14.8190469742	13.5618963242	0.0
14.8469848633	13.5728263855	0.0
14.8749227524	13.5837574005	0.0
14.9028606415	13.5946874619	0.0
14.9307975769	13.6056175232	0.0
14.9587364197	13.6165475845	0.0
14.9866743088	13.6274785995	0.0
15.0146121979	13.6384086609	0.0
15.042550087	13.6493396759	0.0
15.0468626022	13.6814250946	0.0
15.0457983017	13.7114057541	0.0
15.0447320938	13.7413883209	0.0
15.0436658859	13.7713689804	0.0
15.0426006317	13.8013496399	0.0
15.0415353775	13.8313312531	0.0
15.0404701233	13.8613119125	0.0
15.0394039154	13.891292572	0.0
15.0383386612	13.9212741852	0.0
15.037273407	13.9512548447	0.0
15.0362081528	13.9812364578	0.0
15.0351419449	14.0112171173	0.0
15.034075737	14.0411977768	0.0
15.0330114365	14.07117939	0.0
15.0319452286	14.1011600494	0.0
15.0308799744	14.1311407089	0.0
15.0298137665	14.1611232758	0.0
15.0287494659	14.1911039352	0.0
15.0276832581	14.2210845947	0.0
15.0266180038	14.2510662079	0.0
15.025551796	14.2810468674	0.0
15.0244865417	14.3110275269	0.0
15.006278038	14.30148983	0.0
14.9885911942	14.277258873	0.0
14.9709043503	14.2530269623	0.0
14.9532165527	14.2287950516	0.0
14.9355306625	14.2045631409	0.0
14.9178438187	14.1803312302	0.0
14.9001569748	14.1561002731	0.0
14.8824701309	14.1318683624	0.0
14.8647842407	14.1076364517	0.0
14.8470973969	14.0834035873	0.0
14.8119850159	14.0735273361	0.0
14.7821073532	14.0708217621	0.0
14.7522287369	14.068116188	0.0
14.7223510742	14.065410614	0.0
14.6924743652	14.06270504	0.0
14.6625957489	14.0600004196	0.0
14.6327180862	14.0572938919	0.0
14.6028404236	14.0545892715	0.0
14.5729618073	14.0518827438	0.0
14.5430850983	14.0491781235	0.0
14.5132074356	14.0464715958	0.0
14.4833288193	14.0437669754	0.0
14.4534511566	14.0410614014	0.0
14.4235744476	14.0383558273	0.0
14.3936958313	14.0356502533	0.0
14.3638181686	14.0329446793	0.0
14.3339395523	14.0302391052	0.0
14.3040628433	14.0275335312	0.0
14.2741851807	14.0248279572	0.0
14.2443065643	14.0221233368	0.0
14.2144289017	14.0194168091	0.0
14.1845521927	14.0167121887	0.0
14.1546735764	14.014005661	0.0
14.1247959137	14.0113010406	0.0
14.094918251	14.0085954666	0.0
14.0650405884	14.0058898926	0.0
14.0351629257	14.0031843185	0.0
14.0052852631	14.0004787445	0.0
14.8241758347	14.0520009995	0.0
14.8064889908	14.0277690887	0.0
14.7888021469	14.003537178	0.0
14.771115303	13.9793052673	0.0
14.7534294128	13.9550743103	0.0
14.7357416153	13.9308423996	0.0
14.7180547714	13.9066095352	0.0
14.7003688812	13.8823776245	0.0
14.6826820374	13.8581457138	0.0
14.6649951935	13.8339147568	0.0
14.6864938736	13.8403558731	0.0
14.713227272	13.8539686203	0.0
14.7399606705	13.8675832748	0.0
14.7666940689	13.881196022	0.0
14.793428421	13.8948087692	0.0
14.8201608658	13.9084224701	0.0
14.8468952179	13.922036171	0.0
14.8736276627	13.9356489182	0.0
14.9003620148	13.9492616653	0.0
14.9270954132	13.9628753662	0.0
14.9538288116	13.9764890671	0.0
14.9805622101	13.9901018143	0.0
14.6329069138	13.81336689	0.0
14.606054306	13.799990654	0.0
14.5792007446	13.7866153717	0.0
14.5523481369	13.7732400894	0.0
14.5254945755	13.7598638535	0.0
14.4986419678	13.7464876175	0.0
14.47178936	13.7331123352	0.0
14.4449357986	13.7197370529	0.0
14.4180831909	13.706360817	0.0
14.3912296295	13.692984581	0.0
14.3643760681	13.6796092987	0.0
14.3375234604	13.6662330627	0.0
14.310669899	13.6528577805	0.0
14.2838172913	13.6394815445	0.0
14.2569637299	13.6261062622	0.0
14.2301111221	13.6127300262	0.0
14.2032575607	13.5993537903	0.0
14.176404953	13.5859794617	0.0
14.1495523453	13.5726032257	0.0
14.1226987839	13.5592269897	0.0
14.0958461761	13.5458507538	0.0
14.0689916611	13.5324764252	0.0
14.0421390533	13.5191001892	0.0
14.0152864456	13.5057239532	0.0
13.9884328842	13.4923477173	0.0
13.9615802765	13.478972435	0.0
13.9347267151	13.4655971527	0.0
13.9078741074	13.4522209167	0.0
13.881020546	13.4388446808	0.0
13.8541679382	13.4254693985	0.0
13.8273153305	13.4120931625	0.0
13.8004617691	13.3987178802	0.0
13.7736082077	13.3853416443	0.0
13.7467546463	13.371966362	0.0
13.7199020386	13.358590126	0.0
13.6930494308	13.3452148438	0.0
13.6661958694	13.3318386078	0.0
13.6393432617	13.3184633255	0.0
13.6124897003	13.3050870895	0.0
13.5856370926	13.2917108536	0.0
13.5587835312	13.2783355713	0.0
13.5319309235	13.264960289	0.0
13.5050783157	13.251584053	0.0
13.4782238007	13.2382078171	0.0
13.4513711929	13.2248315811	0.0
13.4245176315	13.2114572525	0.0
13.3976650238	13.1980810165	0.0
13.3708124161	13.1847047806	0.0
13.3439588547	13.1713285446	0.0
13.3171062469	13.157954216	0.0
13.2902526855	13.14457798	0.0
13.2634000778	13.1312017441	0.0
13.2365474701	13.1178264618	0.0
13.2096939087	13.1044502258	0.0
13.182841301	13.0910749435	0.0
13.1559867859	13.0776987076	0.0
13.1291341782	13.0643234253	0.0
13.1022806168	13.0509471893	0.0
13.075428009	13.0375709534	0.0
13.0485754013	13.0241956711	0.0
13.0217218399	13.0108203888	0.0
15.022898674	14.3557033539	0.0
15.0218334198	14.3856840134	0.0
15.0207681656	14.4156646729	0.0
15.0197019577	14.445646286	0.0
15.0186367035	14.4756269455	0.0
15.0175714493	14.5056085587	0.0
15.0165052414	14.5355901718	0.0
15.0154399872	14.5655708313	0.0
15.0143737793	14.5955524445	0.0
15.0133085251	14.6255331039	0.0
15.0122432709	14.6555137634	0.0
15.0111780167	14.6854953766	0.0
15.0101118088	14.7154760361	0.0
15.0090465546	14.7454566956	0.0
15.0079813004	14.7754383087	0.0
15.0069160461	14.8054189682	0.0
15.0058498383	14.8353996277	0.0
15.0047836304	14.8653812408	0.0
15.0037193298	14.8953619003	0.0
15.0026531219	14.9253444672	0.0
15.0015878677	14.9553251266	0.0
15.0005216599	14.9853057861	0.0
15.0775938034	13.646979332	0.0
15.1072597504	13.6425142288	0.0
15.1369256973	13.6380491257	0.0
15.1920719147	13.6297492981	0.0
15.221736908	13.6252841949	0.0
15.2514028549	13.6208190918	0.0
15.3065490723	13.6125192642	0.0
15.3362140656	13.6080541611	0.0
15.3658800125	13.6035890579	0.0
15.3955459595	13.5991239548	0.0
15.4252119064	13.5946588516	0.0
15.4548778534	13.5901937485	0.0
15.4845438004	13.5857286453	0.0
15.5287542343	13.6018838882	0.0
15.5516700745	13.6212444305	0.0
15.5745868683	13.6406049728	0.0
15.5975036621	13.6599645615	0.0
15.6204204559	13.6793260574	0.0
15.6433372498	13.6986856461	0.0
15.6662540436	13.7180461884	0.0
15.6891708374	13.7374067307	0.0
15.7120866776	13.7567672729	0.0
15.735004425	13.7761268616	0.0
15.7579212189	13.7954883575	0.0
15.780837059	13.8148479462	0.0
15.8037538528	13.8342094421	0.0
15.8266706467	13.8535690308	0.0
15.8495883942	13.8729286194	0.0
15.8725042343	13.8922901154	0.0
15.8954210281	13.911649704	0.0
15.918337822	13.9310112	0.0
15.9412536621	13.9503707886	0.0
15.9641714096	13.9697313309	0.0
15.9870882034	13.9890918732	0.0
15.5349092484	13.589928627	0.0
15.5639801025	13.5973339081	0.0
15.5930519104	13.6047391891	0.0
15.6221237183	13.6121444702	0.0
15.6511945724	13.6195487976	0.0
15.680267334	13.6269540787	0.0
15.7093391418	13.6343603134	0.0
15.7605953217	13.6474161148	0.0
15.7896671295	13.6548213959	0.0
15.8187379837	13.6622257233	0.0
15.8478097916	13.6696310043	0.0
15.8768815994	13.6770362854	0.0
15.9059534073	13.6844406128	0.0
15.9350252151	13.6918458939	0.0
15.986281395	13.7049016953	0.0
16.0153522491	13.7123069763	0.0
16.044424057	13.7197122574	0.0
16.0734958649	13.7271175385	0.0
16.1025676727	13.7345228195	0.0
16.1316394806	13.7419281006	0.0
16.1607112885	13.7493333817	0.0
16.1897830963	13.756737709	0.0
16.2188549042	13.7641429901	0.0
16.247926712	13.7715482712	0.0
16.2769985199	13.7789535522	0.0
16.3060703278	13.7863588333	0.0
16.3351421356	13.7937641144	0.0
16.3642139435	13.8011693954	0.0
16.3932857513	13.8085737228	0.0
16.4365501404	13.8016176224	0.0
16.4645195007	13.7907657623	0.0
16.4924869537	13.7799139023	0.0
16.5204544067	13.7690610886	0.0
16.5484237671	13.7582092285	0.0
16.5763912201	13.7473573685	0.0
16.6043605804	13.7365036011	0.0
16.6323299408	13.725651741	0.0
16.6602973938	13.714799881	0.0
16.6882648468	13.7039470673	0.0
16.7162322998	13.6930952072	0.0
16.7442016602	13.6822433472	0.0
16.7721691132	13.6713895798	0.0
16.8001384735	13.6605377197	0.0
16.8281078339	13.6496858597	0.0
16.8560752869	13.638833046	0.0
16.8840427399	13.6279811859	0.0
16.9120121002	13.6171293259	0.0
16.9399795532	13.6062755585	0.0
16.9679489136	13.5954236984	0.0
16.9959163666	13.5845718384	0.0
17.0238857269	13.5737199783	0.0
17.0518531799	13.5628671646	0.0
17.0798225403	13.5520153046	0.0
17.1077899933	13.5411634445	0.0
17.1357574463	13.5303096771	0.0
17.1637268066	13.5194578171	0.0
17.1916942596	13.508605957	0.0
17.21966362	13.4977531433	0.0
17.247631073	13.4869012833	0.0
17.2756004333	13.4760494232	0.0
17.3035678864	13.4651956558	0.0
17.3315372467	13.4543437958	0.0
17.3595046997	13.4434919357	0.0
17.3874721527	13.432639122	0.0
17.4154415131	13.421787262	0.0
17.4301338196	13.3927288055	0.0
17.441493988	13.3649625778	0.0
17.4528541565	13.3371982574	0.0
17.4642162323	13.3094320297	0.0
17.4755764008	13.2816667557	0.0
17.4869384766	13.253900528	0.0
17.498298645	13.2261352539	0.0
17.5096607208	13.1983699799	0.0
17.5210208893	13.1706037521	0.0
17.5323810577	13.1428375244	0.0
17.5437431335	13.115073204	0.0
17.555103302	13.0873069763	0.0
17.5664653778	13.0595417023	0.0
17.5778255463	13.0317764282	0.0
17.5891876221	13.0040102005	0.0
17.6005477905	12.9762449265	0.0
17.611907959	12.9484786987	0.0
17.6232681274	12.9207143784	0.0
17.6346302032	12.8929481506	0.0
17.6459903717	12.8651819229	0.0
17.6573524475	12.8374166489	0.0
17.668712616	12.8096513748	0.0
17.6800746918	12.7818851471	0.0
17.6914348602	12.754119873	0.0
17.702796936	12.7263536453	0.0
17.7141571045	12.698589325	0.0
17.7255172729	12.6708230972	0.0
17.7368793488	12.6430568695	0.0
17.7482395172	12.6152915955	0.0
17.7595996857	12.5875263214	0.0
17.7709617615	12.5597610474	0.0
17.7823219299	12.5319948196	0.0
17.7936820984	12.5042285919	0.0
17.8050441742	12.4764642715	0.0
17.8164043427	12.4486980438	0.0
17.8277664185	12.4209318161	0.0
17.8391265869	12.3931665421	0.0
17.8504886627	12.365401268	0.0
17.8618488312	12.337635994	0.0
17.873210907	12.3098697662	0.0
17.8845710754	12.2821035385	0.0
17.8959312439	12.2543392181	0.0
17.9072914124	12.2265729904	0.0
17.9186534882	12.1988077164	0.0
17.9300136566	12.1710424423	0.0
17.9413757324	12.1432762146	0.0
17.9527359009	12.1155109406	0.0
17.9640960693	12.0877447128	0.0
17.9754581451	12.0599803925	0.0
17.9868183136	12.0322141647	0.0
17.9981803894	12.004447937	0.0
17.4487609863	13.4213428497	0.0
17.4787483215	13.4221916199	0.0
17.5087375641	13.4230413437	0.0
17.5387248993	13.4238901138	0.0
17.5687122345	13.424738884	0.0
17.5987014771	13.4255876541	0.0
17.6286888123	13.4264364243	0.0
17.6586761475	13.4272851944	0.0
17.68866539	13.4281339645	0.0
17.7186527252	13.4289827347	0.0
17.7486400604	13.4298324585	0.0
17.7786273956	13.430680275	0.0
17.8086166382	13.4315290451	0.0
17.8386039734	13.4323778152	0.0
17.8685913086	13.4332265854	0.0
17.8985805511	13.4340763092	0.0
17.9285678864	13.4349250793	0.0
17.9585552216	13.4357728958	0.0
17.9885444641	13.436621666	0.0
18.0185317993	13.4374713898	0.0
18.0485191345	13.4383201599	0.0
18.0785083771	13.4391689301	0.0
18.1084957123	13.4400167465	0.0
18.1384830475	13.4408664703	0.0
18.1764392853	13.4244089127	0.0
18.2012748718	13.407579422	0.0
18.2261104584	13.3907499313	0.0
18.2509441376	13.3739213943	0.0
18.2757797241	13.3570919037	0.0
18.3006153107	13.3402633667	0.0
18.3254508972	13.323433876	0.0
18.3502845764	13.3066053391	0.0
18.375120163	13.2897758484	0.0
18.3999557495	13.2729473114	0.0
18.4066925049	13.2360296249	0.0
18.4028587341	13.2062759399	0.0
18.3990249634	13.1765222549	0.0
18.3951911926	13.1467676163	0.0
18.3913574219	13.1170139313	0.0
18.3875236511	13.0872602463	0.0
18.3836898804	13.0575056076	0.0
18.3798561096	13.0277519226	0.0
18.3760223389	12.9979972839	0.0
18.3721885681	12.9682426453	0.0
18.3683567047	12.9384889603	0.0
18.364522934	12.9087352753	0.0
18.3606891632	12.8789806366	0.0
18.3568553925	12.8492269516	0.0
18.3277606964	12.8471021652	0.0
18.300573349	12.85978508	0.0
18.2733840942	12.8724679947	0.0
18.2461986542	12.8851499557	0.0
18.2190113068	12.8978328705	0.0
18.191822052	12.9105157852	0.0
18.1646366119	12.9231977463	0.0
18.1374492645	12.935880661	0.0
18.1102619171	12.9485635757	0.0
18.0830745697	12.9612455368	0.0
18.0558872223	12.9739294052	0.0
18.0286998749	12.9866123199	0.0
18.0015125275	12.9992952347	0.0
18.3732948303	12.8106851578	0.0
18.3916435242	12.7869501114	0.0
18.409992218	12.763215065	0.0
18.4283409119	12.7394800186	0.0
18.4466896057	12.7157459259	0.0
18.4650363922	12.6920108795	0.0
18.4833850861	12.6682758331	0.0
18.5017337799	12.6445407867	0.0
18.5200824738	12.620806694	0.0
18.5384292603	12.5970716476	0.0
18.5567779541	12.5733366013	0.0
18.5751266479	12.5496015549	0.0
18.5934753418	12.5258674622	0.0
18.6118221283	12.5021333694	0.0
18.6301727295	12.4783983231	0.0
18.648519516	12.4546632767	0.0
18.6668682098	12.4309282303	0.0
18.6852169037	12.4071941376	0.0
18.7035655975	12.3834590912	0.0
18.721912384	12.3597240448	0.0
18.7402610779	12.3359889984	0.0
18.7586097717	12.312253952	0.0
18.7769584656	12.2885198593	0.0
18.7953052521	12.2647848129	0.0
18.8136558533	12.2410497665	0.0
18.8320026398	12.2173147202	0.0
18.8503513336	12.1935806274	0.0
18.8687000275	12.1698455811	0.0
18.8870487213	12.1461105347	0.0
18.9053955078	12.122376442	0.0
18.9237442017	12.0986413956	0.0
18.9420928955	12.0749073029	0.0
18.9604415894	12.0511722565	0.0
18.9787902832	12.0274372101	0.0
18.9971370697	12.0037021637	0.0
18.4353618622	13.2489547729	0.0
18.4601955414	13.232126236	0.0
18.4850311279	13.2152967453	0.0
18.5098667145	13.1984682083	0.0
18.5347003937	13.181637764	0.0
18.5595359802	13.164809227	0.0
18.5843715668	13.1479797363	0.0
18.609205246	13.1311511993	0.0
18.6340408325	13.1143217087	0.0
18.6588764191	13.0974931717	0.0
18.6983852386	13.0824222565	0.0
18.7273235321	13.074514389	0.0
18.7562637329	13.0666055679	0.0
18.7852020264	13.0586977005	0.0
18.8141403198	13.0507898331	0.0
18.8430805206	13.042881012	0.0
18.8720188141	13.0349731445	0.0
18.9009571075	13.0270652771	0.0
18.9298973083	13.0191574097	0.0
18.9588356018	13.0112485886	0.0
18.9877758026	13.0033407211	0.0
18.6948852539	13.0744285583	0.0
18.72032547	13.0585279465	0.0
18.7457637787	13.0426273346	0.0
18.7712020874	13.026725769	0.0
18.7966423035	13.0108242035	0.0
18.8220825195	12.9949226379	0.0
18.8475208282	12.9790220261	0.0
18.872959137	12.9631214142	0.0
18.898399353	12.9472198486	0.0
18.9238395691	12.9313192368	0.0
18.9492778778	12.9154167175	0.0
18.9747161865	12.8995161057	0.0
19.0001564026	12.8836145401	0.0
19.0255947113	12.8677139282	0.0
19.0510349274	12.8518133163	0.0
19.0764732361	12.8359117508	0.0
19.1019134521	12.8200101852	0.0
19.1273517609	12.8041086197	0.0
19.1527900696	12.7882080078	0.0
19.1782302856	12.7723073959	0.0
19.2036705017	12.7564058304	0.0
19.2291088104	12.7405052185	0.0
19.2545471191	12.724603653	0.0
19.2799873352	12.7087020874	0.0
19.3054275513	12.6928014755	0.0
19.33086586	12.67689991	0.0
19.3563041687	12.6609992981	0.0
19.3817443848	12.6450977325	0.0
19.4071846008	12.6291971207	0.0
19.4326229095	12.6132946014	0.0
19.4580612183	12.5973939896	0.0
19.4835014343	12.5814933777	0.0
19.508939743	12.5655918121	0.0
19.5343799591	12.5496912003	0.0
19.5598182678	12.5337896347	0.0
19.5852584839	12.5178880692	0.0
19.6106967926	12.5019874573	0.0
19.6361351013	12.4860858917	0.0
19.6615753174	12.4701852798	0.0
19.6983089447	12.4333181381	0.0
19.7154502869	12.408698082	0.0
19.732591629	12.3840770721	0.0
19.7497348785	12.359457016	0.0
19.7668762207	12.3348360062	0.0
19.7840175629	12.31021595	0.0
19.801158905	12.2855958939	0.0
19.8183002472	12.260974884	0.0
19.8354415894	12.2363548279	0.0
19.8525829315	12.2117338181	0.0
19.8697242737	12.1871137619	0.0
19.8868675232	12.1624927521	0.0
19.9040088654	12.1378726959	0.0
19.9211502075	12.1132526398	0.0
19.9382915497	12.0886316299	0.0
19.9554328918	12.0640115738	0.0
19.972574234	12.039390564	0.0
19.9897155762	12.0147714615	0.0
19.7095088959	12.4480981827	0.0
19.7378482819	12.4382581711	0.0
19.7661876678	12.4284172058	0.0
19.7945270538	12.4185762405	0.0
19.8228683472	12.4087362289	0.0
19.8512077332	12.3988952637	0.0
19.8795490265	12.3890552521	0.0
19.9078884125	12.3792142868	0.0
19.9362297058	12.3693742752	0.0
19.9645690918	12.3595333099	0.0
19.9929084778	12.3496932983	0.0
20.0212497711	12.3398523331	0.0
20.0495891571	12.3300113678	0.0
20.0779304504	12.3201713562	0.0
20.1062698364	12.3103303909	0.0
20.1346092224	12.3004903793	0.0
20.1629505157	12.2906494141	0.0
20.1912899017	12.2808094025	0.0
20.2196292877	12.2709684372	0.0
20.2479705811	12.2611284256	0.0
20.2763118744	12.2512874603	0.0
20.3046512604	12.2414455414	0.0
20.3329906464	12.2316055298	0.0
20.3613319397	12.2217645645	0.0
20.3896713257	12.2119245529	0.0
20.4180107117	12.2020835876	0.0
20.4463500977	12.192243576	0.0
20.474691391	12.1824026108	0.0
20.5030326843	12.1725625992	0.0
20.5313720703	12.1627216339	0.0
20.5597114563	12.1528806686	0.0
20.5880527496	12.143040657	0.0
20.6163921356	12.1331996918	0.0
20.6447315216	12.1233596802	0.0
20.6730728149	12.1135187149	0.0
20.7014122009	12.1036787033	0.0
20.7297534943	12.093837738	0.0
20.7580928802	12.0839977264	0.0
20.7864322662	12.0741567612	0.0
20.8147735596	12.0643157959	0.0
20.8431129456	12.0544757843	0.0
20.8714523315	12.044634819	0.0
20.8997936249	12.0347948074	0.0
20.9281349182	12.0249538422	0.0
20.9564743042	12.0151138306	0.0
20.9848136902	12.0052728653	0.0
18.1814079285	13.4446611404	0.0
18.2112121582	13.4480838776	0.0
18.2410163879	13.4515066147	0.0
18.2708206177	13.4549303055	0.0
18.3006248474	13.4583530426	0.0
18.3304290771	13.4617767334	0.0
18.3602333069	13.4652004242	0.0
18.3900375366	13.4686231613	0.0
18.4198417664	13.4720458984	0.0
18.4496440887	13.4754686356	0.0
18.4794483185	13.4788923264	0.0
18.5092525482	13.4823160172	0.0
18.538110733	13.5052089691	0.0
18.5585823059	13.5271377563	0.0
18.5790538788	13.5490684509	0.0
18.5995254517	13.5709981918	0.0
18.6199970245	13.5929279327	0.0
18.6404685974	13.6148576736	0.0
18.6609401703	13.6367874146	0.0
18.6814117432	13.6587171555	0.0
18.701883316	13.6806468964	0.0
18.7223548889	13.7025766373	0.0
18.7428264618	13.7245073318	0.0
18.7632980347	13.7464361191	0.0
18.7837696075	13.76836586	0.0
18.8042411804	13.7902956009	0.0
18.8247127533	13.8122262955	0.0
18.8451843262	13.8341560364	0.0
18.865655899	13.8560848236	0.0
18.8861274719	13.8780145645	0.0
18.9065971375	13.8999452591	0.0
18.9270706177	13.921875	0.0
18.9475402832	13.9438047409	0.0
18.9680137634	13.9657335281	0.0
18.988483429	13.9876642227	0.0
18.5461616516	13.47397995	0.0
18.5746841431	13.4646806717	0.0
18.6032066345	13.4553823471	0.0
18.631729126	13.4460830688	0.0
18.6602516174	13.4367837906	0.0
18.6887741089	13.427485466	0.0
18.7172966003	13.4181871414	0.0
18.7458190918	13.4088878632	0.0
18.7743415833	13.3995885849	0.0
18.8028640747	13.3902902603	0.0
18.8313865662	13.3809909821	0.0
18.8599090576	13.3716917038	0.0
18.8884315491	13.3623933792	0.0
18.9169540405	13.353094101	0.0
18.945476532	13.3437948227	0.0
18.9739971161	13.3344974518	0.0
19.0025215149	13.3251981735	0.0
19.031042099	13.3158988953	0.0
19.0595664978	13.306599617	0.0
19.0880870819	13.2973012924	0.0
19.1166114807	13.2880020142	0.0
19.1451320648	13.2787027359	0.0
19.1736564636	13.2694044113	0.0
19.2021770477	13.2601060867	0.0
19.2307014465	13.2508068085	0.0
19.259223938	13.2415075302	0.0
19.2877464294	13.2322092056	0.0
19.3162689209	13.2229099274	0.0
19.344789505	13.2136106491	0.0
19.3733139038	13.2043123245	0.0
19.4018344879	13.1950130463	0.0
19.4303588867	13.185713768	0.0
19.4588794708	13.1764163971	0.0
19.4874038696	13.1671171188	0.0
19.5159244537	13.1578178406	0.0
19.5444488525	13.1485185623	0.0
19.5729694366	13.1392202377	0.0
19.6014938354	13.1299209595	0.0
19.6300144196	13.1206216812	0.0
19.6585388184	13.1113233566	0.0
19.6870594025	13.102025032	0.0
19.7155818939	13.0927257538	0.0
19.7441043854	13.0834274292	0.0
19.7726268768	13.0741281509	0.0
19.8011493683	13.0648288727	0.0
19.8296718597	13.0555295944	0.0
19.8581943512	13.0462312698	0.0
19.8867168427	13.0369319916	0.0
19.9152393341	13.027633667	0.0
19.9437618256	13.0183353424	0.0
19.972284317	13.0090360641	0.0
16.4227218628	13.8389291763	0.0
16.4368629456	13.8653869629	0.0
16.451002121	13.8918457031	0.0
16.4651432037	13.9183044434	0.0
16.4792842865	13.9447631836	0.0
16.4934234619	13.9712209702	0.0
16.5075645447	13.9976787567	0.0
16.5217056274	14.0241384506	0.0
16.5358467102	14.0505962372	0.0
16.551071167	14.07908535	0.0
16.5652122498	14.1055440903	0.0
16.5793514252	14.1320018768	0.0
16.5934925079	14.1584596634	0.0
16.6076335907	14.1849193573	0.0
16.6217746735	14.2113771439	0.0
16.6359138489	14.2378358841	0.0
16.6500549316	14.2642936707	0.0
16.6641941071	14.2907533646	0.0
16.6781139374	14.3198986053	0.0
16.6909484863	14.3470163345	0.0
16.7037811279	14.3741321564	0.0
16.7166156769	14.4012479782	0.0
16.7294502258	14.4283638	0.0
16.7422828674	14.4554805756	0.0
16.7551174164	14.4825973511	0.0
16.767950058	14.5097131729	0.0
16.7807846069	14.5368289948	0.0
16.7936191559	14.5639457703	0.0
16.8064537048	14.5910615921	0.0
16.8192863464	14.6181783676	0.0
16.8321208954	14.6452941895	0.0
16.8449554443	14.672410965	0.0
16.8577880859	14.6995267868	0.0
16.8706226349	14.7266426086	0.0
16.8834552765	14.7537593842	0.0
16.8962898254	14.7808761597	0.0
16.9091243744	14.8079919815	0.0
16.9219589233	14.8351078033	0.0
16.9347915649	14.8622236252	0.0
16.9476261139	14.8893413544	0.0
16.9604606628	14.9164571762	0.0
16.9732933044	14.943572998	0.0
16.9861278534	14.9706888199	0.0
16.998960495	14.9978055954	0.0
16.6945838928	14.2863550186	0.0
16.7238864899	14.2799272537	0.0
16.7531890869	14.2734985352	0.0
16.7824935913	14.2670707703	0.0
16.8117961884	14.2606430054	0.0
16.8411006927	14.2542152405	0.0
16.8704032898	14.2477884293	0.0
16.8997058868	14.2413597107	0.0
16.9290084839	14.2349319458	0.0
16.9583129883	14.2285041809	0.0
16.9876155853	14.222076416	0.0
17.0169181824	14.2156476974	0.0
17.0462226868	14.2092199326	0.0
17.0755252838	14.2027921677	0.0
17.1048297882	14.1963644028	0.0
17.1341323853	14.1899356842	0.0
17.1634368896	14.1835079193	0.0
17.1927394867	14.1770801544	0.0
17.2220420837	14.1706523895	0.0
17.2513446808	14.164223671	0.0
17.2806491852	14.1577959061	0.0
17.3099517822	14.1513681412	0.0
17.3392543793	14.1449403763	0.0
17.3685588837	14.1385126114	0.0
17.3978614807	14.1320848465	0.0
17.4271640778	14.1256570816	0.0
17.4564685822	14.1192293167	0.0
17.4857711792	14.1128005981	0.0
17.5150756836	14.1063728333	0.0
17.5443782806	14.0999450684	0.0
17.5736808777	14.0935173035	0.0
17.6029853821	14.0870885849	0.0
17.6322879791	14.08066082	0.0
17.6615905762	14.0742330551	0.0
17.6908931732	14.0678052902	0.0
17.7201976776	14.0613765717	0.0
17.7495002747	14.0549488068	0.0
17.7788047791	14.0485210419	0.0
17.8081073761	14.042093277	0.0
17.8374118805	14.0356645584	0.0
17.8667144775	14.0292377472	0.0
17.8960170746	14.0228099823	0.0
17.925321579	14.0163822174	0.0
17.954624176	14.0099544525	0.0
17.9839267731	14.0035257339	0.0
16.5667381287	14.0492391586	0.0
16.5965461731	14.0458517075	0.0
16.6263542175	14.0424642563	0.0
16.656162262	14.0390758514	0.0
16.6859703064	14.0356893539	0.0
16.7157802582	14.0323009491	0.0
16.7455883026	14.0289125443	0.0
16.775396347	14.0255260468	0.0
16.8052043915	14.0221376419	0.0
16.8350124359	14.0187511444	0.0
16.8648204803	14.0153627396	0.0
16.8946285248	14.0119752884	0.0
16.9244365692	14.0085878372	0.0
16.9542446136	14.005200386	0.0
16.9840526581	14.0018119812	0.0
15.9821453094	13.6808176041	0.0
16.0070819855	13.6641387939	0.0
16.0320186615	13.6474599838	0.0
16.0569534302	13.6307811737	0.0
16.0818901062	13.6141023636	0.0
16.1068267822	13.5974216461	0.0
16.1317615509	13.580742836	0.0
16.1566982269	13.5640640259	0.0
16.181634903	13.5473852158	0.0
16.2065696716	13.5307064056	0.0
16.2315063477	13.5140266418	0.0
16.2564411163	13.4973478317	0.0
16.2813777924	13.4806690216	0.0
16.3063144684	13.4639892578	0.0
16.3312492371	13.4473104477	0.0
16.3561859131	13.4306306839	0.0
16.3811225891	13.4139518738	0.0
16.4060573578	13.3972730637	0.0
16.4309959412	13.3805942535	0.0
16.4559307098	13.3639154434	0.0
16.4808673859	13.3472356796	0.0
16.5058021545	13.3305559158	0.0
16.5307388306	13.3138771057	0.0
16.5556755066	13.2971982956	0.0
16.5806102753	13.2805185318	0.0
16.6055469513	13.2638397217	0.0
16.6304836273	13.2471609116	0.0
16.655418396	13.2304821014	0.0
16.680355072	13.2138032913	0.0
16.705291748	13.1971235275	0.0
16.7302265167	13.1804437637	0.0
16.7551631927	13.1637649536	0.0
16.7800998688	13.1470861435	0.0
16.8050346375	13.1304073334	0.0
16.8299713135	13.1137275696	0.0
16.8549060822	13.0970487595	0.0
16.8798446655	13.0803699493	0.0
16.9047794342	13.0636911392	0.0
16.9297161102	13.0470113754	0.0
16.9546527863	13.0303316116	0.0
16.9795875549	13.0136528015	0.0
15.749876976	13.6162796021	0.0
15.7682323456	13.5925502777	0.0
15.7865858078	13.5688199997	0.0
15.8049402237	13.5450897217	0.0
15.8232936859	13.5213603973	0.0
15.8416490555	13.4976291656	0.0
15.8600034714	13.4738988876	0.0
15.8783569336	13.4501686096	0.0
15.8967113495	13.4264392853	0.0
15.9150657654	13.4027090073	0.0
15.9334201813	13.3789777756	0.0
15.9517736435	13.3552484512	0.0
15.9701280594	13.3315181732	0.0
15.988483429	13.3077878952	0.0
16.0068378448	13.2840576172	0.0
16.0251903534	13.2603282928	0.0
16.0435466766	13.2365970612	0.0
16.0618991852	13.2128667831	0.0
16.0802536011	13.1891374588	0.0
16.098608017	13.1654071808	0.0
16.1169624329	13.1416769028	0.0
16.1353168488	13.1179466248	0.0
16.1536712646	13.0942163467	0.0
16.1720256805	13.0704860687	0.0
16.1903800964	13.0467557907	0.0
16.2087345123	13.0230264664	0.0
16.2270889282	12.9992961884	0.0
16.2454414368	12.9755659103	0.0
16.26379776	12.9518346786	0.0
16.2821502686	12.9281053543	0.0
16.3005046844	12.9043750763	0.0
16.3188591003	12.8806447983	0.0
16.3372135162	12.8569154739	0.0
16.3555679321	12.8331842422	0.0
16.373922348	12.8094539642	0.0
16.3922767639	12.7857236862	0.0
16.4106311798	12.7619943619	0.0
16.4289855957	12.7382640839	0.0
16.4473381042	12.7145338058	0.0
16.4656925201	12.6908025742	0.0
16.4840488434	12.6670732498	0.0
16.5024013519	12.6433429718	0.0
16.5207557678	12.6196126938	0.0
16.5391101837	12.5958833694	0.0
16.5574645996	12.5721530914	0.0
16.5758190155	12.5484218597	0.0
16.5941734314	12.5246915817	0.0
16.6125278473	12.5009622574	0.0
16.6308822632	12.4772319794	0.0
16.6492366791	12.4535017014	0.0
16.6675891876	12.429772377	0.0
16.6859455109	12.4060411453	0.0
16.7042999268	12.3823108673	0.0
16.7226524353	12.3585805893	0.0
16.7410068512	12.334851265	0.0
16.7593612671	12.3111209869	0.0
16.777715683	12.2873907089	0.0
16.7960700989	12.2636604309	0.0
16.8144245148	12.2399301529	0.0
16.8327789307	12.2161998749	0.0
16.8511333466	12.1924695969	0.0
16.8694877625	12.1687402725	0.0
16.887840271	12.1450090408	0.0
16.9061965942	12.1212787628	0.0
16.9245491028	12.0975494385	0.0
16.9429035187	12.0738191605	0.0
16.9612598419	12.0500888824	0.0
16.9796123505	12.0263586044	0.0
16.9979667664	12.0026283264	0.0
15.299703598	13.5975122452	0.0
15.3225259781	13.578040123	0.0
15.3453483582	13.5585670471	0.0
15.3681697845	13.5390949249	0.0
15.3909921646	13.5196228027	0.0
15.4138126373	13.5001506805	0.0
15.4366350174	13.4806785583	0.0
15.4594573975	13.4612064362	0.0
15.4822788239	13.441734314	0.0
15.5051012039	13.4222621918	0.0
15.5279216766	13.4027900696	0.0
15.5507440567	13.3833179474	0.0
15.5735664368	13.3638458252	0.0
15.5963878632	13.3443727493	0.0
15.6192092896	13.3249006271	0.0
15.6420307159	13.3054294586	0.0
15.664853096	13.2859573364	0.0
15.6876754761	13.2664852142	0.0
15.7104969025	13.2470121384	0.0
15.7333183289	13.2275400162	0.0
15.7561397552	13.208067894	0.0
15.7789621353	13.1885957718	0.0
15.8017835617	13.1691236496	0.0
15.8246059418	13.1496505737	0.0
15.8474273682	13.1301794052	0.0
15.8702487946	13.110707283	0.0
15.8930711746	13.0912351608	0.0
15.915892601	13.0717630386	0.0
15.9387140274	13.0522909164	0.0
15.9615364075	13.0328178406	0.0
15.9843578339	13.0133457184	0.0
15.172337532	13.662522316	0.0
15.18227005	13.6908302307	0.0
15.1922016144	13.7191390991	0.0
15.2021350861	13.7474470139	0.0
15.2120666504	13.7757549286	0.0
15.2219991684	13.8040628433	0.0
15.2319307327	13.8323707581	0.0
15.2418642044	13.8606786728	0.0
15.2517957687	13.8889865875	0.0
15.2617282867	13.9172954559	0.0
15.2716598511	13.9456043243	0.0
15.2815933228	13.9739122391	0.0
15.2915248871	14.0022201538	0.0
15.3014574051	14.0305280685	0.0
15.3113889694	14.0588359833	0.0
15.3213224411	14.087143898	0.0
15.3312540054	14.1154518127	0.0
15.3411855698	14.1437606812	0.0
15.3511180878	14.1720685959	0.0
15.3610506058	14.2003774643	0.0
15.3709831238	14.228685379	0.0
15.3809146881	14.2569932938	0.0
15.3908472061	14.2853012085	0.0
15.4007797241	14.3136091232	0.0
15.4107122421	14.341917038	0.0
15.4206438065	14.3702259064	0.0
15.4305763245	14.3985338211	0.0
15.4405088425	14.4268417358	0.0
15.4460134506	14.4632787704	0.0
15.4491996765	14.4931097031	0.0
15.4523868561	14.522939682	0.0
15.455573082	14.5527696609	0.0
15.4587602615	14.5826005936	0.0
15.4619455338	14.6124305725	0.0
15.4651327133	14.6422605515	0.0
15.4683189392	14.6720905304	0.0
15.4715061188	14.7019224167	0.0
15.4746923447	14.7317523956	0.0
15.4778785706	14.7615823746	0.0
15.4810647964	14.7914133072	0.0
15.484251976	14.8212432861	0.0
15.4874382019	14.8510732651	0.0
15.4906253815	14.880903244	0.0
15.4938116074	14.9107341766	0.0
15.4969978333	14.9405641556	0.0
15.5001850128	14.9703941345	0.0
15.5033712387	15.0002250671	0.0
15.5065584183	15.0300550461	0.0
15.5097436905	15.059885025	0.0
15.5129308701	15.089715004	0.0
15.5161170959	15.1195459366	0.0
15.5193042755	15.1493759155	0.0
15.5224895477	15.1792058945	0.0
15.5256767273	15.2090368271	0.0
15.5288629532	15.238866806	0.0
15.5320501328	15.268696785	0.0
15.5352373123	15.2985267639	0.0
15.5384225845	15.3283576965	0.0
15.5589876175	15.3821315765	0.0
15.5764160156	15.4065504074	0.0
15.5938453674	15.4309682846	0.0
15.6112737656	15.4553861618	0.0
15.6287031174	15.479804039	0.0
15.6461305618	15.5042219162	0.0
15.6635599136	15.5286397934	0.0
15.6809892654	15.5530576706	0.0
15.6984176636	15.5774755478	0.0
15.7158460617	15.6018943787	0.0
15.7332754135	15.6263122559	0.0
15.7507038116	15.6507301331	0.0
15.7681322098	15.6751480103	0.0
15.7855606079	15.6995658875	0.0
15.8029899597	15.7239837646	0.0
15.8204193115	15.7484016418	0.0
15.837846756	15.7728214264	0.0
15.8552761078	15.7972393036	0.0
15.8727054596	15.8216571808	0.0
15.8901329041	15.846075058	0.0
15.9075622559	15.8704929352	0.0
15.924990654	15.8949108124	0.0
15.9424200058	15.9193286896	0.0
15.9598484039	15.9437465668	0.0
15.9772768021	15.9681653976	0.0
15.9947061539	15.9925832748	0.0
15.5222206116	15.380648613	0.0
15.5028820038	15.403585434	0.0
15.4835443497	15.4265203476	0.0
15.4642047882	15.4494552612	0.0
15.4448671341	15.4723901749	0.0
15.4255275726	15.4953260422	0.0
15.4061899185	15.5182609558	0.0
15.3868522644	15.5411958694	0.0
15.3675127029	15.5641307831	0.0
15.3481750488	15.5870666504	0.0
15.328836441	15.610001564	0.0
15.3094978333	15.6329374313	0.0
15.2901601791	15.655872345	0.0
15.2708206177	15.6788082123	0.0
15.2514829636	15.7017431259	0.0
15.2321443558	15.7246780396	0.0
15.212805748	15.7476129532	0.0
15.1934671402	15.7705488205	0.0
15.1741285324	15.7934837341	0.0
15.1547908783	15.8164186478	0.0
15.1354522705	15.8393535614	0.0
15.1161136627	15.8622903824	0.0
15.0967750549	15.885225296	0.0
15.0774374008	15.9081602097	0.0
15.058098793	15.9310951233	0.0
15.0387601852	15.9540309906	0.0
15.0194215775	15.9769659042	0.0
15.0000829697	15.9999008179	0.0
15.4638624191	14.4548387527	0.0
15.4848976135	14.4762277603	0.0
15.5059328079	14.4976177216	0.0
15.526968956	14.5190067291	0.0
15.5480041504	14.5403966904	0.0
15.5690402985	14.5617856979	0.0
15.5900745392	14.5831756592	0.0
15.6111097336	14.6045646667	0.0
15.6321458817	14.625954628	0.0
15.653181076	14.6473436356	0.0
15.6742172241	14.6687335968	0.0
15.6952524185	14.6901226044	0.0
15.7162876129	14.7115125656	0.0
15.7373228073	14.7329015732	0.0
15.7583589554	14.7542915344	0.0
15.7793941498	14.775680542	0.0
15.8004293442	14.7970695496	0.0
15.8214645386	14.8184604645	0.0
15.842499733	14.839849472	0.0
15.863535881	14.8612394333	0.0
15.8845710754	14.8826284409	0.0
15.9056072235	14.9040184021	0.0
15.9266424179	14.9254074097	0.0
15.9476776123	14.9467973709	0.0
15.9687128067	14.9681863785	0.0
15.9897480011	14.9895763397	0.0
13.5340662003	13.0881843567	0.0
13.5458745956	13.0606060028	0.0
13.557682991	13.0330276489	0.0
13.5694913864	13.0054502487	0.0
13.5812997818	12.9778709412	0.0
13.5931081772	12.9502925873	0.0
13.6049156189	12.9227151871	0.0
13.616724968	12.8951358795	0.0
13.6285333633	12.8675575256	0.0
13.6403408051	12.8399801254	0.0
13.6521501541	12.8124008179	0.0
13.6639575958	12.7848234177	0.0
13.6757659912	12.7572450638	0.0
13.6875753403	12.7296667099	0.0
13.699382782	12.702088356	0.0
13.7111911774	12.6745100021	0.0
13.7229995728	12.6469316483	0.0
13.7348079681	12.6193532944	0.0
13.7466173172	12.5917749405	0.0
13.7584247589	12.5641965866	0.0
13.7702331543	12.5366182327	0.0
13.7820415497	12.5090398788	0.0
13.7938499451	12.481461525	0.0
13.8056583405	12.4538831711	0.0
13.8174667358	12.4263048172	0.0
13.8292751312	12.398727417	0.0
13.8410825729	12.3711490631	0.0
13.852891922	12.3435697556	0.0
13.8647003174	12.3159923553	0.0
13.8765077591	12.2884140015	0.0
13.8883171082	12.2608346939	0.0
13.9001245499	12.2332572937	0.0
13.9119329453	12.2056789398	0.0
13.9237422943	12.1780996323	0.0
13.935549736	12.1505222321	0.0
13.9473581314	12.1229438782	0.0
13.9591665268	12.0953655243	0.0
13.9709749222	12.0677871704	0.0
13.9827842712	12.0402088165	0.0
13.994591713	12.0126314163	0.0
11.9119434357	12.6380777359	0.0
11.9290304184	12.6134185791	0.0
11.9461164474	12.588760376	0.0
11.9632024765	12.5641021729	0.0
11.9802894592	12.5394430161	0.0
11.9973745346	12.5147838593	0.0
12.014462471	12.4901247025	0.0
12.0315475464	12.4654655457	0.0
12.0486335754	12.4408082962	0.0
12.0657205582	12.4161491394	0.0
12.0828065872	12.3914899826	0.0
12.0998935699	12.3668308258	0.0
12.116979599	12.3421726227	0.0
12.1340656281	12.3175144196	0.0
12.1511526108	12.2928552628	0.0
12.1682386398	12.268196106	0.0
12.1853256226	12.2435369492	0.0
12.2114629745	12.2058162689	0.0
12.2285490036	12.1811580658	0.0
12.2456359863	12.156498909	0.0
12.2627220154	12.1318397522	0.0
12.2798089981	12.1071805954	0.0
12.2968950272	12.0825223923	0.0
12.3139810562	12.0578641891	0.0
12.3310680389	12.0332050323	0.0
12.348154068	12.0085458755	0.0
12.3652410507	11.9838867188	0.0
12.3823270798	11.9592294693	0.0
12.3994131088	11.9345703125	0.0
12.4165000916	11.9099111557	0.0
12.4335861206	11.8852519989	0.0
12.4506731033	11.8605937958	0.0
12.4677591324	11.835934639	0.0
12.4848451614	11.8112764359	0.0
12.5109834671	11.7735548019	0.0
12.5280685425	11.7488956451	0.0
12.5451555252	11.724237442	0.0
12.5622415543	11.6995792389	0.0
12.5793275833	11.6749200821	0.0
12.596414566	11.6502609253	0.0
12.6135005951	11.6256017685	0.0
12.6305875778	11.6009435654	0.0
12.6476736069	11.5762853622	0.0
12.6647596359	11.5516262054	0.0
12.6818466187	11.5269670486	0.0
12.6989326477	11.5023078918	0.0
12.7160196304	11.4776496887	0.0
12.7331056595	11.4529905319	0.0
12.7501916885	11.4283323288	0.0
12.7672786713	11.403673172	0.0
12.7843647003	11.3790149689	0.0
12.801451683	11.3543558121	0.0
12.8185377121	11.3296966553	0.0
12.8356237411	11.3050384521	0.0
12.8527107239	11.2803792953	0.0
12.8697967529	11.2557210922	0.0
12.8868837357	11.2310619354	0.0
12.9039697647	11.2064027786	0.0
12.9210557938	11.1817436218	0.0
12.9381427765	11.1570863724	0.0
12.9552288055	11.1324272156	0.0
12.9723157883	11.1077680588	0.0
12.9894018173	11.083108902	0.0
13.0064878464	11.0584506989	0.0
13.0235748291	11.0337915421	0.0
13.0406608582	11.0091333389	0.0
13.0577478409	10.9844741821	0.0
13.0748338699	10.9598150253	0.0
13.091919899	10.9351568222	0.0
13.1228561401	10.9358778	0.0
13.1527757645	10.9380645752	0.0
13.1826972961	10.9402523041	0.0
13.2126169205	10.942440033	0.0
13.2425365448	10.9446268082	0.0
13.2724571228	10.9468135834	0.0
13.3023767471	10.9490022659	0.0
13.3322973251	10.9511890411	0.0
13.3622179031	10.9533758163	0.0
13.3921375275	10.9555625916	0.0
13.4220581055	10.9577512741	0.0
13.4519777298	10.9599380493	0.0
13.4818983078	10.9621248245	0.0
13.5118179321	10.9643115997	0.0
13.5417375565	10.9665002823	0.0
13.5716590881	10.9686870575	0.0
13.6015787125	10.9708738327	0.0
13.6314992905	10.9730606079	0.0
13.6614189148	10.9752492905	0.0
13.6913385391	10.9774360657	0.0
13.7212591171	10.9796228409	0.0
13.7511796951	10.9818096161	0.0
13.7811002731	10.9839982986	0.0
13.8110198975	10.9861850739	0.0
13.8409404755	10.9883718491	0.0
13.8708600998	10.9905586243	0.0
13.9007797241	10.9927473068	0.0
13.9307012558	10.994934082	0.0
13.9606208801	10.9971208572	0.0
13.9905414581	10.9993085861	0.0
13.1100215912	10.909031868	0.0
13.1271085739	10.8843727112	0.0
13.144194603	10.8597135544	0.0
13.1612815857	10.8350563049	0.0
13.1783676147	10.8103971481	0.0
13.1954536438	10.7857379913	0.0
13.2125406265	10.7610788345	0.0
13.243142128	10.7169160843	0.0
13.2602291107	10.6922569275	0.0
13.2773151398	10.6675977707	0.0
13.2944021225	10.6429386139	0.0
13.3114881516	10.6182813644	0.0
13.3285741806	10.5936222076	0.0
13.3456611633	10.5689630508	0.0
13.3545608521	10.5198154449	0.0
13.349946022	10.4901733398	0.0
13.345331192	10.4605302811	0.0
13.3407154083	10.4308872223	0.0
13.3360996246	10.4012441635	0.0
13.3314847946	10.3716011047	0.0
13.3268699646	10.341958046	0.0
13.3500518799	10.3035745621	0.0
13.3772325516	10.2908792496	0.0
13.4044141769	10.2781839371	0.0
13.4315958023	10.2654876709	0.0
13.4587774277	10.2527923584	0.0
13.4859580994	10.2400960922	0.0
13.5131387711	10.2274007797	0.0
13.5403213501	10.2147054672	0.0
13.5675020218	10.202009201	0.0
13.5946826935	10.1893138885	0.0
13.6218643188	10.1766176224	0.0
13.6490449905	10.1639223099	0.0
13.6762266159	10.1512269974	0.0
13.7034082413	10.1385307312	0.0
13.730588913	10.1258354187	0.0
13.7577695847	10.1131401062	0.0
13.7849521637	10.10044384	0.0
13.8121328354	10.0877475739	0.0
13.8393144608	10.0750522614	0.0
13.8664951324	10.0623569489	0.0
13.8936767578	10.0496606827	0.0
13.9208583832	10.0369653702	0.0
13.9480390549	10.0242700577	0.0
13.9752197266	10.0115737915	0.0
13.3182563782	10.2866277695	0.0
13.3136396408	10.2569847107	0.0
13.3090248108	10.2273416519	0.0
13.3044099808	10.1976985931	0.0
13.2997951508	10.1680555344	0.0
13.2951803207	10.1384134293	0.0
13.290564537	10.1087703705	0.0
13.303068161	10.0580301285	0.0
13.3195705414	10.0329771042	0.0
13.3360738754	10.0079231262	0.0
13.3525762558	9.98287010193	0.0
13.3690786362	9.95781707764	0.0
13.3855819702	9.93276405334	0.0
13.4020843506	9.90771102905	0.0
13.418586731	9.88265800476	0.0
13.435090065	9.85760402679	0.0
13.4515924454	9.8325510025	0.0
13.4680948257	9.80749797821	0.0
13.4845981598	9.78244495392	0.0
13.5011005402	9.75739192963	0.0
13.5176029205	9.73233890533	0.0
13.5341062546	9.70728492737	0.0
13.5506086349	9.68223190308	0.0
13.5671110153	9.65717887878	0.0
13.5521192551	9.62732982635	0.0
13.5322990417	9.60480880737	0.0
13.5124788284	9.58228874207	0.0
13.4926576614	9.55976867676	0.0
13.4728384018	9.53724861145	0.0
13.4530181885	9.51472854614	0.0
13.4331979752	9.49220752716	0.0
13.4133768082	9.46968841553	0.0
13.3935565948	9.44716835022	0.0
13.3737373352	9.42464828491	0.0
13.3539171219	9.4021282196	0.0
13.3340959549	9.3796081543	0.0
13.3142757416	9.35708713531	0.0
13.2944555283	9.33456707001	0.0
13.2746362686	9.3120470047	0.0
13.2548160553	9.28952693939	0.0
13.2349948883	9.26700687408	0.0
13.215174675	9.24448680878	0.0
13.1953554153	9.22196578979	0.0
13.175535202	9.19944572449	0.0
13.155714035	9.17692565918	0.0
13.1358938217	9.15440559387	0.0
13.1160736084	9.13188552856	0.0
13.0962543488	9.10936546326	0.0
13.0764331818	9.08684539795	0.0
13.0566129684	9.06432533264	0.0
13.0367927551	9.04180526733	0.0
13.0169725418	9.01928520203	0.0
13.5884418488	9.62479686737	0.0
13.6049451828	9.5997428894	0.0
13.6214466095	9.57468986511	0.0
13.6379499435	9.54963684082	0.0
13.6544532776	9.52458381653	0.0
13.6709547043	9.49953079224	0.0
13.6874580383	9.47447776794	0.0
13.7039613724	9.44942378998	0.0
13.7204637527	9.42437076569	0.0
13.7369661331	9.39931774139	0.0
13.7534694672	9.3742647171	0.0
13.7699718475	9.34921169281	0.0
13.7864742279	9.32415866852	0.0
13.8029766083	9.29910469055	0.0
13.8194799423	9.27405166626	0.0
13.8359823227	9.24899864197	0.0
13.8524847031	9.22394561768	0.0
13.8689880371	9.19889259338	0.0
13.8854913712	9.17383956909	0.0
13.9019927979	9.14878559113	0.0
13.9184961319	9.12373256683	0.0
13.9349994659	9.09867954254	0.0
13.9515008926	9.07362747192	0.0
13.9680042267	9.04857444763	0.0
13.9845066071	9.02352142334	0.0
13.2700519562	10.0580368042	0.0
13.2535390854	10.0329914093	0.0
13.2370252609	10.0079450607	0.0
13.2205123901	9.98289775848	0.0
13.2039985657	9.95785236359	0.0
13.1874847412	9.93280601501	0.0
13.1709718704	9.90775966644	0.0
13.154458046	9.88271427155	0.0
13.1379451752	9.85766792297	0.0
13.1214323044	9.8326215744	0.0
13.1049175262	9.8075761795	0.0
13.0884046555	9.78252983093	0.0
13.071890831	9.75748252869	0.0
13.0553779602	9.73243713379	0.0
13.0388650894	9.70739078522	0.0
13.022351265	9.68234539032	0.0
13.0058383942	9.65729904175	0.0
12.989323616	9.63225269318	0.0
12.9728107452	9.60720729828	0.0
12.9562978745	9.58216094971	0.0
12.93978405	9.55711364746	0.0
12.9232711792	9.53206825256	0.0
12.9067573547	9.50702190399	0.0
12.8902435303	9.48197555542	0.0
12.8737306595	9.45693016052	0.0
12.857216835	9.43188381195	0.0
12.8407039642	9.40683841705	0.0
12.8241910934	9.38179206848	0.0
12.807677269	9.35674571991	0.0
12.7911643982	9.33169937134	0.0
12.7746496201	9.30665302277	0.0
12.7581367493	9.28160667419	0.0
12.7416238785	9.2565612793	0.0
12.725110054	9.23151493073	0.0
12.7085971832	9.20646858215	0.0
12.6920833588	9.18142318726	0.0
12.6755695343	9.15637683868	0.0
12.6590566635	9.13133144379	0.0
12.6425428391	9.10628414154	0.0
12.6260299683	9.08123779297	0.0
12.6095161438	9.05619239807	0.0
12.5772123337	9.03237247467	0.0
12.5509958267	9.01778697968	0.0
12.5247812271	9.00320053101	0.0
12.4985647202	8.98861598969	0.0
12.4723491669	8.97402954102	0.0
12.4461326599	8.95944499969	0.0
12.4199180603	8.94485855103	0.0
12.3937015533	8.9302740097	0.0
12.3674860001	8.91568756104	0.0
12.3247251511	8.91559791565	0.0
12.2956886292	8.92314529419	0.0
12.2666540146	8.93069171906	0.0
12.2376194	8.9382390976	0.0
12.2085838318	8.94578647614	0.0
12.1795482635	8.95333194733	0.0
12.1505126953	8.96087932587	0.0
12.1214780807	8.96842575073	0.0
12.0924434662	8.97597312927	0.0
12.0634069443	8.98351860046	0.0
12.0343723297	8.991065979	0.0
12.0053367615	8.99861335754	0.0
12.3333787918	8.88603687286	0.0
12.3129987717	8.86402320862	0.0
12.2926177979	8.8420085907	0.0
12.2722377777	8.81999397278	0.0
12.2518568039	8.79798030853	0.0
12.2314767838	8.77596473694	0.0
12.2110958099	8.75395107269	0.0
12.1907157898	8.73193740845	0.0
12.170334816	8.70992183685	0.0
12.1499547958	8.68790817261	0.0
12.129573822	8.66589260101	0.0
12.1091928482	8.64387893677	0.0
12.0888128281	8.62186527252	0.0
12.0684318542	8.59984970093	0.0
12.0480518341	8.57783603668	0.0
12.0276708603	8.55582141876	0.0
12.0137042999	8.51161193848	0.0
12.0129003525	8.48162269592	0.0
12.0120973587	8.45163440704	0.0
12.0112943649	8.42164516449	0.0
12.0104913712	8.39165496826	0.0
12.0096874237	8.36166572571	0.0
12.0088844299	8.33167743683	0.0
12.0080814362	8.30168819427	0.0
12.0072784424	8.27169799805	0.0
12.0064735413	8.24170875549	0.0
12.0056705475	8.21172046661	0.0
12.0048675537	8.18173122406	0.0
12.0040636063	8.15174102783	0.0
12.0032606125	8.12175178528	0.0
12.0024576187	8.09176254272	0.0
12.0016546249	8.06177425385	0.0
12.0008506775	8.03178405762	0.0
12.0000476837	8.00179481506	0.0
11.9847040176	8.53817081451	0.0
11.9549007416	8.534740448	0.0
11.9250984192	8.53130912781	0.0
11.8952941895	8.52787780762	0.0
11.8654909134	8.52444553375	0.0
11.8356876373	8.52101516724	0.0
11.8058853149	8.51758384705	0.0
11.7760820389	8.51415252686	0.0
11.7462787628	8.51072216034	0.0
11.7164745331	8.50729084015	0.0
11.6866722107	8.50386047363	0.0
11.6330480576	8.49768733978	0.0
11.6032447815	8.49425601959	0.0
11.5734424591	8.4908246994	0.0
11.543639183	8.48739433289	0.0
11.5138349533	8.4839630127	0.0
11.4840316772	8.4805316925	0.0
11.4542293549	8.47710132599	0.0
11.4083013535	8.4518699646	0.0
11.3881883621	8.42961120605	0.0
11.3680753708	8.40735054016	0.0
11.3479623795	8.38509178162	0.0
11.3278493881	8.36283302307	0.0
11.3077363968	8.34057426453	0.0
11.2876234055	8.31831455231	0.0
11.2675113678	8.29605579376	0.0
11.2473983765	8.27379703522	0.0
11.2272853851	8.251537323	0.0
11.2071723938	8.22927761078	0.0
11.1870594025	8.20701885223	0.0
11.1669464111	8.18476009369	0.0
11.1468334198	8.16250133514	0.0
11.1267204285	8.14024162292	0.0
11.1066074371	8.11798286438	0.0
11.0864944458	8.09572410583	0.0
11.0663814545	8.07346439362	0.0
11.0462684631	8.0512046814	0.0
11.0261554718	8.02894592285	0.0
11.0060415268	8.00668716431	0.0
11.4002609253	8.48449325562	0.0
11.3721094131	8.49485778809	0.0
11.3439559937	8.50522232056	0.0
11.3158025742	8.51558685303	0.0
11.2876501083	8.5259513855	0.0
11.2594976425	8.53631591797	0.0
11.2313451767	8.54668045044	0.0
11.2031917572	8.55704402924	0.0
11.1750392914	8.56740856171	0.0
11.1468858719	8.57777309418	0.0
11.1187343597	8.58813762665	0.0
11.0905809402	8.59850215912	0.0
11.0624284744	8.60886669159	0.0
11.0342750549	8.61923122406	0.0
11.0061225891	8.62959575653	0.0
10.9779701233	8.639960289	0.0
10.9498167038	8.65032482147	0.0
10.921664238	8.66068935394	0.0
10.8935117722	8.67105293274	0.0
10.8653593063	8.68141841888	0.0
10.8372058868	8.69178199768	0.0
10.809053421	8.70214653015	0.0
10.7809009552	8.71251106262	0.0
10.7527475357	8.72287559509	0.0
10.7245950699	8.73324012756	0.0
10.6964416504	8.74360466003	0.0
10.6682891846	8.7539691925	0.0
10.6401367188	8.7643327713	0.0
10.6119842529	8.77469825745	0.0
10.5838308334	8.78506183624	0.0
10.5556783676	8.79542732239	0.0
10.5275259018	8.80579090118	0.0
10.499373436	8.81615638733	0.0
10.4712200165	8.82651996613	0.0
10.443066597	8.83688545227	0.0
10.4149150848	8.84724903107	0.0
10.3867616653	8.85761356354	0.0
10.3586091995	8.86797809601	0.0
10.33045578	8.8783416748	0.0
10.3023033142	8.88870716095	0.0
10.2741508484	8.89907073975	0.0
10.2459983826	8.90943622589	0.0
10.2178449631	8.91979980469	0.0
10.1896915436	8.93016529083	0.0
10.1615400314	8.94052886963	0.0
10.1333866119	8.95089435577	0.0
10.1052341461	8.96125793457	0.0
10.0770807266	8.97162246704	0.0
10.0489292145	8.98198699951	0.0
10.020775795	8.99235057831	0.0
11.6388807297	8.51915836334	0.0
11.6149120331	8.53719902039	0.0
11.5909423828	8.55523872375	0.0
11.5669717789	8.5732793808	0.0
11.5430030823	8.59132003784	0.0
11.519033432	8.60935974121	0.0
11.4950628281	8.62740039825	0.0
11.4710941315	8.6454410553	0.0
11.4471235275	8.66348075867	0.0
11.4231538773	8.68152141571	0.0
11.399184227	8.69956207275	0.0
11.3752145767	8.71760177612	0.0
11.3512449265	8.73564243317	0.0
11.3272752762	8.75368309021	0.0
11.3033056259	8.77172279358	0.0
11.2793359756	8.78976345062	0.0
11.2553663254	8.80780410767	0.0
11.2313966751	8.82584381104	0.0
11.2074270248	8.84388446808	0.0
11.1834573746	8.86192512512	0.0
11.1594867706	8.87996482849	0.0
11.135518074	8.89800453186	0.0
11.1115484238	8.91604614258	0.0
11.0875778198	8.93408584595	0.0
11.0636091232	8.95212554932	0.0
11.039639473	8.97016716003	0.0
11.015668869	8.9882068634	0.0
12.6140546799	9.01890277863	0.0
12.6246814728	8.99084758759	0.0
12.6353082657	8.96279335022	0.0
12.6459350586	8.93473815918	0.0
12.6565618515	8.90668296814	0.0
12.6671876907	8.87862873077	0.0
12.6778154373	8.85057353973	0.0
12.6884422302	8.82251930237	0.0
12.6990690231	8.79446411133	0.0
12.7096948624	8.76640892029	0.0
12.7203216553	8.73835468292	0.0
12.7309494019	8.71030044556	0.0
12.7415761948	8.68224525452	0.0
12.752202034	8.65419006348	0.0
12.7628288269	8.62613487244	0.0
12.7734556198	8.59808063507	0.0
12.7840833664	8.57002639771	0.0
12.7947092056	8.54197120667	0.0
12.8053359985	8.51391601562	0.0
12.8159627914	8.48586082458	0.0
12.8265895844	8.45780658722	0.0
12.8372163773	8.42975234985	0.0
12.8478431702	8.40169715881	0.0
12.8584699631	8.37364196777	0.0
12.869096756	8.34558677673	0.0
12.8797225952	8.31753253937	0.0
12.8903503418	8.289478302	0.0
12.9009771347	8.26142311096	0.0
12.9116039276	8.23336791992	0.0
12.9222297668	8.20531272888	0.0
12.9328565598	8.17725753784	0.0
12.9434843063	8.14920425415	0.0
12.9541110992	8.12114906311	0.0
12.9647369385	8.09309387207	0.0
12.9753637314	8.06503868103	0.0
12.9859905243	8.03698444366	0.0
12.9966182709	8.0089302063	0.0
13.3822669983	10.5303058624	0.0
13.4053583145	10.5111541748	0.0
13.4284486771	10.4920015335	0.0
13.451540947	10.4728507996	0.0
13.4746322632	10.4536991119	0.0
13.4977226257	10.4345474243	0.0
13.520813942	10.415394783	0.0
13.5439052582	10.3962430954	0.0
13.5669965744	10.3770914078	0.0
13.5900878906	10.3579387665	0.0
13.6131792068	10.3387870789	0.0
13.6362695694	10.3196353912	0.0
13.6593608856	10.3004827499	0.0
13.6824531555	10.2813310623	0.0
13.7055444717	10.2621793747	0.0
13.7286348343	10.2430267334	0.0
13.7517261505	10.2238750458	0.0
13.7748174667	10.2047233582	0.0
13.8109922409	10.1747198105	0.0
13.8340826035	10.1555681229	0.0
13.8571748734	10.1364164352	0.0
13.8802661896	10.1172637939	0.0
13.9033565521	10.0981121063	0.0
13.9264478683	10.0789604187	0.0
13.9495391846	10.0598077774	0.0
13.9726314545	10.0406560898	0.0
13.995721817	10.0215044022	0.0
14.0188131332	10.0023517609	0.0
14.0419044495	9.98320007324	0.0
14.064994812	9.96404838562	0.0
14.0880861282	9.94489574432	0.0
14.1111783981	9.9257440567	0.0
14.1342687607	9.90659332275	0.0
14.1573600769	9.88744068146	0.0
14.1804513931	9.86828899384	0.0
14.2035417557	9.84913730621	0.0
14.2397165298	9.81913280487	0.0
14.2628078461	9.79998111725	0.0
14.285900116	9.78082942963	0.0
14.3089914322	9.76167678833	0.0
14.3320817947	9.74252510071	0.0
14.355173111	9.72337341309	0.0
14.3782644272	9.70422077179	0.0
14.4013547897	9.68507003784	0.0
14.4244470596	9.66591835022	0.0
14.4475383759	9.64676570892	0.0
14.4706287384	9.6276140213	0.0
14.4937200546	9.60846233368	0.0
14.5168113708	9.58930969238	0.0
14.5399026871	9.57015800476	0.0
14.5629940033	9.55100631714	0.0
14.5860853195	9.53185367584	0.0
14.6091756821	9.51270198822	0.0
14.6322669983	9.4935503006	0.0
14.6693401337	9.50071334839	0.0
14.6933288574	9.51872825623	0.0
14.7173166275	9.53674316406	0.0
14.7413063049	9.5547580719	0.0
14.7652950287	9.57277297974	0.0
14.7892837524	9.59078788757	0.0
14.8132734299	9.60880279541	0.0
14.8372621536	9.62681770325	0.0
14.8612499237	9.64483165741	0.0
14.8852386475	9.66284656525	0.0
14.9092283249	9.68086242676	0.0
14.9332170486	9.69887733459	0.0
14.9572057724	9.71689224243	0.0
14.9811935425	9.73490715027	0.0
15.0051832199	9.75292205811	0.0
15.0291719437	9.77093696594	0.0
15.0531606674	9.78895187378	0.0
15.0771503448	9.80696678162	0.0
15.1011390686	9.82498073578	0.0
15.1251268387	9.84299564362	0.0
15.1491155624	9.86101055145	0.0
15.1731052399	9.87902641296	0.0
15.1970939636	9.8970413208	0.0
15.2210826874	9.91505622864	0.0
15.2450714111	9.93307113647	0.0
15.2690601349	9.95108604431	0.0
15.2930488586	9.96910095215	0.0
15.3125286102	9.99575805664	0.0
15.3294763565	10.0205125809	0.0
15.3464221954	10.0452690125	0.0
15.363368988	10.0700235367	0.0
15.380314827	10.0947790146	0.0
15.3972616196	10.1195335388	0.0
15.4142084122	10.1442890167	0.0
15.4311552048	10.169043541	0.0
15.4481010437	10.1937990189	0.0
15.4650478363	10.2185535431	0.0
15.4819936752	10.243309021	0.0
15.4989414215	10.2680635452	0.0
15.5158872604	10.2928199768	0.0
15.532834053	10.3175754547	0.0
15.549779892	10.3423299789	0.0
15.5667266846	10.3670854568	0.0
15.5836744308	10.3918399811	0.0
15.6006202698	10.416595459	0.0
15.6175670624	10.4413499832	0.0
15.6345129013	10.4661054611	0.0
15.6514596939	10.4908599854	0.0
15.6684055328	10.5156154633	0.0
15.6853532791	10.5403709412	0.0
15.702299118	10.5651264191	0.0
15.7192459106	10.5898809433	0.0
15.7361917496	10.6146364212	0.0
15.7531385422	10.6393909454	0.0
15.7700853348	10.6641464233	0.0
15.7870321274	10.6889009476	0.0
15.8039779663	10.7136564255	0.0
15.8209247589	10.7384109497	0.0
15.8378715515	10.7631664276	0.0
15.8548183441	10.7879219055	0.0
15.8717651367	10.8126773834	0.0
15.8887109756	10.8374319077	0.0
15.9056577682	10.8621873856	0.0
15.9226036072	10.8869419098	0.0
15.9395513535	10.9116973877	0.0
15.9564971924	10.9364519119	0.0
15.973443985	10.9612073898	0.0
15.9903898239	10.9859619141	0.0
15.3255567551	9.9722366333	0.0
15.3555316925	9.97347068787	0.0
15.3855056763	9.97470474243	0.0
15.4154806137	9.975938797	0.0
15.4454555511	9.97717285156	0.0
15.4754295349	9.97840595245	0.0
15.505405426	9.97964000702	0.0
15.5353794098	9.98087406158	0.0
15.5653543472	9.98210811615	0.0
15.5953292847	9.98334217072	0.0
15.6253032684	9.98457622528	0.0
15.6552782059	9.98581027985	0.0
15.6852521896	9.98704433441	0.0
15.7152271271	9.98827838898	0.0
15.7452020645	9.98951053619	0.0
15.7751760483	9.99074459076	0.0
15.8051509857	9.99197864532	0.0
15.8351259232	9.99321269989	0.0
15.8650999069	9.99444675446	0.0
15.8950748444	9.99568080902	0.0
15.9250488281	9.99691486359	0.0
15.9550237656	9.99814891815	0.0
15.984998703	9.99938201904	0.0
14.6684417725	9.46354579926	0.0
14.6915330887	9.44439506531	0.0
14.7146253586	9.42524337769	0.0
14.7377157211	9.40609073639	0.0
14.7608070374	9.38693904877	0.0
14.7838983536	9.36778736115	0.0
14.8069887161	9.34863471985	0.0
14.830080986	9.32948303223	0.0
14.8531723022	9.3103313446	0.0
14.8762626648	9.29117870331	0.0
14.899353981	9.27202701569	0.0
14.9224452972	9.25287532806	0.0
14.9455356598	9.23372268677	0.0
14.9686279297	9.21457099915	0.0
14.9917192459	9.19541931152	0.0
15.0148096085	9.17626667023	0.0
15.0379009247	9.1571149826	0.0
15.0609922409	9.13796329498	0.0
15.0928020477	9.10367393494	0.0
15.1115274429	9.08023452759	0.0
15.1302528381	9.05679702759	0.0
15.1489782333	9.03335857391	0.0
15.1677036285	9.00992012024	0.0
15.151263237	8.99413871765	0.0
15.1212854385	8.99530029297	0.0
15.0913076401	8.99646186829	0.0
15.0613298416	8.9976234436	0.0
15.0313529968	8.99878501892	0.0
15.0013751984	8.99994659424	0.0
15.2051563263	8.97486495972	0.0
15.2290716171	8.9567527771	0.0
15.252986908	8.93864059448	0.0
15.2769031525	8.92052936554	0.0
15.300819397	8.90241718292	0.0
15.3247337341	8.88430500031	0.0
15.3621044159	8.85600376129	0.0
15.3860197067	8.83789253235	0.0
15.4099359512	8.81978130341	0.0
15.4338512421	8.80166912079	0.0
15.4577665329	8.78355693817	0.0
15.4816827774	8.76544475555	0.0
15.5190534592	8.73714447021	0.0
15.5429677963	8.7190322876	0.0
15.5668840408	8.70092010498	0.0
15.5908002853	8.68280792236	0.0
15.6147146225	8.66469573975	0.0
15.638630867	8.64658355713	0.0
15.6625471115	8.62847328186	0.0
15.6864624023	8.61036109924	0.0
15.7103776932	8.59224891663	0.0
15.7342939377	8.57413673401	0.0
15.7582092285	8.55602455139	0.0
15.782125473	8.53791332245	0.0
15.8060407639	8.51980113983	0.0
15.8390207291	8.51838493347	0.0
15.8690090179	8.51923561096	0.0
15.8989973068	8.52008724213	0.0
15.928984642	8.52093696594	0.0
15.9589729309	8.52178764343	0.0
15.9889612198	8.5226392746	0.0
16.0189495087	8.52348899841	0.0
16.0489368439	8.5243396759	0.0
16.0789241791	8.52519130707	0.0
16.1089134216	8.52604103088	0.0
16.1389007568	8.52689170837	0.0
16.168888092	8.52774238586	0.0
16.1988754272	8.52859306335	0.0
16.2288646698	8.52944374084	0.0
16.258852005	8.53029441833	0.0
16.2888393402	8.53114509583	0.0
16.3188285828	8.53199577332	0.0
16.348815918	8.53284645081	0.0
16.3788032532	8.5336971283	0.0
16.4087924957	8.53454780579	0.0
16.4387798309	8.5353975296	0.0
16.4687671661	8.53624916077	0.0
16.4987564087	8.53709983826	0.0
16.5287437439	8.53794956207	0.0
16.5587310791	8.53880119324	0.0
16.5887203217	8.53965187073	0.0
16.6187076569	8.54050159454	0.0
16.6486968994	8.54135322571	0.0
16.6786823273	8.54220294952	0.0
16.7086715698	8.54305362701	0.0
16.738658905	8.54390525818	0.0
16.7686462402	8.54475498199	0.0
16.7986354828	8.54560565948	0.0
16.828622818	8.54645729065	0.0
16.8586101532	8.54730701447	0.0
16.8885993958	8.54815769196	0.0
16.918586731	8.54900932312	0.0
16.9485740662	8.54985904694	0.0
16.9785633087	8.55070972443	0.0
17.0085506439	8.55156135559	0.0
17.0385398865	8.55241107941	0.0
17.0685272217	8.5532617569	0.0
17.0985145569	8.55411338806	0.0
17.1285037994	8.55496311188	0.0
17.1584892273	8.55581378937	0.0
17.1884784698	8.55666446686	0.0
17.2184658051	8.55751514435	0.0
17.2484531403	8.55836582184	0.0
17.2784423828	8.55921554565	0.0
17.308429718	8.56006717682	0.0
17.3384170532	8.56091785431	0.0
17.3701095581	8.54161167145	0.0
17.3928565979	8.52205276489	0.0
17.4156036377	8.50249385834	0.0
17.4383506775	8.48293399811	0.0
17.4610977173	8.46337509155	0.0
17.4838447571	8.443816185	0.0
17.5065937042	8.42425727844	0.0
17.529340744	8.40469837189	0.0
17.5520877838	8.38513755798	0.0
17.5748348236	8.36557865143	0.0
17.5975818634	8.34601974487	0.0
17.6203289032	8.32646083832	0.0
17.643075943	8.30690097809	0.0
17.6658229828	8.28734207153	0.0
17.6885719299	8.26778316498	0.0
17.7113170624	8.24822425842	0.0
17.7340641022	8.22866439819	0.0
17.756811142	8.20910453796	0.0
17.7795581818	8.18954563141	0.0
17.8023071289	8.16998672485	0.0
17.8250541687	8.1504278183	0.0
17.8478012085	8.13086795807	0.0
17.8705482483	8.11130905151	0.0
17.8932952881	8.09175014496	0.0
17.9160423279	8.0721912384	0.0
17.9387893677	8.05263137817	0.0
17.9615364075	8.03307247162	0.0
17.9842853546	8.01351261139	0.0
17.3773498535	8.56202220917	0.0
17.4073371887	8.56287288666	0.0
17.4373264313	8.56372261047	0.0
17.4673137665	8.56457424164	0.0
17.4973011017	8.56542491913	0.0
17.5272903442	8.56627464294	0.0
17.5572776794	8.56712627411	0.0
17.587266922	8.5679769516	0.0
17.6172542572	8.56882667542	0.0
17.6472415924	8.56967830658	0.0
17.6772289276	8.57052898407	0.0
17.7072162628	8.57137870789	0.0
17.761932373	8.57293128967	0.0
17.7919197083	8.57378196716	0.0
17.8219089508	8.57463264465	0.0
17.851896286	8.57548332214	0.0
17.8818836212	8.57633399963	0.0
17.9118728638	8.57718372345	0.0
17.941860199	8.57803535461	0.0
17.9718475342	8.5788860321	0.0
18.0018367767	8.57973575592	0.0
18.0318241119	8.58058738708	0.0
18.0618114471	8.58143806458	0.0
18.0918006897	8.58228778839	0.0
18.1465148926	8.58384037018	0.0
18.1765022278	8.58469104767	0.0
18.206489563	8.58554172516	0.0
18.2364788055	8.58639240265	0.0
18.2664661407	8.58724308014	0.0
18.296453476	8.58809375763	0.0
18.3264427185	8.58894443512	0.0
18.3564300537	8.58979511261	0.0
18.3864173889	8.5906457901	0.0
18.4164066315	8.59149646759	0.0
18.4463939667	8.59234714508	0.0
18.4763813019	8.59319782257	0.0
18.5063705444	8.59404754639	0.0
18.5363578796	8.59489917755	0.0
18.5663452148	8.59574985504	0.0
18.5963344574	8.59659957886	0.0
18.6263217926	8.59745121002	0.0
18.6563091278	8.59830093384	0.0
18.686296463	8.59915161133	0.0
18.7162857056	8.60000324249	0.0
18.7462730408	8.60085296631	0.0
18.776260376	8.6017036438	0.0
18.8062496185	8.60255527496	0.0
18.8362369537	8.60340499878	0.0
18.8662242889	8.60425567627	0.0
18.8912620544	8.57532978058	0.0
18.8968334198	8.54585170746	0.0
18.9024047852	8.51637363434	0.0
18.9079761505	8.48689556122	0.0
18.9135475159	8.45741844177	0.0
18.9191188812	8.42793941498	0.0
18.9246902466	8.39846134186	0.0
18.9302616119	8.36898326874	0.0
18.9358329773	8.33950519562	0.0
18.9414043427	8.3100271225	0.0
18.946975708	8.28054904938	0.0
18.9525470734	8.25107097626	0.0
18.9581184387	8.22159290314	0.0
18.9636898041	8.19211387634	0.0
18.9692611694	8.16263580322	0.0
18.9748325348	8.1331577301	0.0
18.9804039001	8.10367965698	0.0
18.9859752655	8.07420158386	0.0
18.9915466309	8.04472446442	0.0
18.9971199036	8.0152463913	0.0
18.9156799316	8.60565853119	0.0
18.9456672668	8.60650920868	0.0
18.9756546021	8.60735988617	0.0
19.0056438446	8.60821056366	0.0
19.0356311798	8.60906124115	0.0
19.065618515	8.60991191864	0.0
19.0956058502	8.61076259613	0.0
19.1255931854	8.61161327362	0.0
19.155582428	8.61246395111	0.0
19.1855697632	8.6133146286	0.0
19.2155570984	8.61416530609	0.0
19.2455596924	8.59051895142	0.0
19.2635784149	8.56653308868	0.0
19.2815971375	8.54254722595	0.0
19.29961586	8.51856136322	0.0
19.3176345825	8.49457359314	0.0
19.3356513977	8.47058773041	0.0
19.3536701202	8.44660186768	0.0
19.3716888428	8.42261600494	0.0
19.3897075653	8.39863014221	0.0
19.4077262878	8.37464332581	0.0
19.425743103	8.35065746307	0.0
19.4437637329	8.32667064667	0.0
19.4617805481	8.30268478394	0.0
19.4797992706	8.2786989212	0.0
19.4978179932	8.25471305847	0.0
19.5158367157	8.23072624207	0.0
19.5338554382	8.20674037933	0.0
19.5518722534	8.18275356293	0.0
19.5698928833	8.1587677002	0.0
19.5879096985	8.13478183746	0.0
19.605928421	8.11079597473	0.0
19.6239471436	8.08680915833	0.0
19.6419658661	8.06282329559	0.0
19.6599845886	8.03883743286	0.0
19.6846752167	7.98950815201	0.0
19.6937847137	7.96092510223	0.0
19.7028942108	7.93234109879	0.0
19.7120018005	7.90375709534	0.0
19.7211112976	7.87517309189	0.0
19.7302207947	7.84659004211	0.0
19.7393283844	7.81800603867	0.0
19.7484378815	7.78942203522	0.0
19.7575454712	7.76083803177	0.0
19.7666549683	7.73225498199	0.0
19.775762558	7.70367097855	0.0
19.7848720551	7.6750869751	0.0
19.7939815521	7.64650297165	0.0
19.8030891418	7.61791992188	0.0
19.8121986389	7.58933591843	0.0
19.8213062286	7.56075191498	0.0
19.8304157257	7.53216791153	0.0
19.8395233154	7.50358390808	0.0
19.8486328125	7.47500085831	0.0
19.8577423096	7.44641685486	0.0
19.8668498993	7.41783285141	0.0
19.8759593964	7.38924884796	0.0
19.8850688934	7.36066579819	0.0
19.8941764832	7.33208179474	0.0
19.9032840729	7.30349779129	0.0
19.9123935699	7.27491378784	0.0
19.921503067	7.2463312149	0.0
19.9306106567	7.21774721146	0.0
19.9397201538	7.18916320801	0.0
19.9488296509	7.16057920456	0.0
19.9579372406	7.13199615479	0.0
19.9670467377	7.10341215134	0.0
19.9761543274	7.07482814789	0.0
19.9852638245	7.04624414444	0.0
19.9943714142	7.01766109467	0.0
19.7055206299	8.01642227173	0.0
19.7354736328	8.01475143433	0.0
19.7654285431	8.01308059692	0.0
19.795381546	8.0114107132	0.0
19.825334549	8.00973987579	0.0
19.8552875519	8.00806999207	0.0
19.8852424622	8.00640010834	0.0
19.9151954651	8.00472927094	0.0
19.945148468	8.00305938721	0.0
19.9751014709	8.00138759613	0.0
19.2572078705	8.61897087097	0.0
19.2868728638	8.62343597412	0.0
19.3165397644	8.62790107727	0.0
19.3462047577	8.63236713409	0.0
19.3758716583	8.63683223724	0.0
19.4055366516	8.64129734039	0.0
19.4352016449	8.64576244354	0.0
19.4904880524	8.65408420563	0.0
19.520154953	8.65854930878	0.0
19.5498199463	8.6630153656	0.0
19.5794849396	8.66748046875	0.0
19.6091518402	8.67194461823	0.0
19.6388168335	8.67641067505	0.0
19.6684837341	8.6808757782	0.0
19.7237682343	8.68919754028	0.0
19.7534332275	8.69366264343	0.0
19.7831001282	8.69812774658	0.0
19.8127651215	8.70259380341	0.0
19.8424320221	8.70705890656	0.0
19.8720989227	8.7115240097	0.0
19.901763916	8.71599006653	0.0
19.9314289093	8.72045516968	0.0
19.9610958099	8.72492027283	0.0
19.9907608032	8.72938632965	0.0
20.0204277039	8.7338514328	0.0
20.0500926971	8.73831558228	0.0
20.0797576904	8.7427816391	0.0
20.1094245911	8.74724674225	0.0
20.1390895844	8.7517118454	0.0
20.1704940796	8.7833032608	0.0
20.1803245544	8.81164741516	0.0
20.1901569366	8.83998966217	0.0
20.1999855042	8.86833381653	0.0
20.2098178864	8.89667797089	0.0
20.2196464539	8.92502117157	0.0
20.2294788361	8.95336532593	0.0
20.2393093109	8.98170757294	0.0
20.2491397858	9.01005172729	0.0
20.2589702606	9.03839588165	0.0
20.2688007355	9.06673908234	0.0
20.2786312103	9.09508323669	0.0
20.2884616852	9.12342643738	0.0
20.29829216	9.15176963806	0.0
20.3081226349	9.18011379242	0.0
20.3179531097	9.2084569931	0.0
20.3277835846	9.23680114746	0.0
20.3376140594	9.26514434814	0.0
20.3474445343	9.29348754883	0.0
20.3572769165	9.32183170319	0.0
20.367105484	9.35017490387	0.0
20.3769378662	9.37851905823	0.0
20.3867664337	9.40686225891	0.0
20.3965988159	9.43520641327	0.0
20.4064292908	9.46354866028	0.0
20.4162597656	9.49189281464	0.0
20.4260902405	9.52023696899	0.0
20.4359207153	9.54858016968	0.0
20.4457511902	9.57692432404	0.0
20.455581665	9.60526657104	0.0
20.4654121399	9.6336107254	0.0
20.4752426147	9.66195487976	0.0
20.4850730896	9.69029808044	0.0
20.4949035645	9.7186422348	0.0
20.5047359467	9.74698543549	0.0
20.4958572388	9.78178882599	0.0
20.4845485687	9.80957508087	0.0
20.4732379913	9.83736228943	0.0
20.4619274139	9.86514759064	0.0
20.4506187439	9.89293384552	0.0
20.4393081665	9.92072105408	0.0
20.4279975891	9.94850730896	0.0
20.4166889191	9.97629261017	0.0
20.4053764343	10.0040798187	0.0
20.3940677643	10.0318660736	0.0
20.3827571869	10.0596532822	0.0
20.3714466095	10.0874385834	0.0
20.3601379395	10.1152248383	0.0
20.3488273621	10.1430120468	0.0
20.3375167847	10.1707983017	0.0
20.3262062073	10.1985836029	0.0
20.3148975372	10.2263708115	0.0
20.3035869598	10.2541570663	0.0
20.2922763824	10.2819433212	0.0
20.2809658051	10.3097295761	0.0
20.2696552277	10.337515831	0.0
20.2583465576	10.3653020859	0.0
20.2470359802	10.3930892944	0.0
20.2357254028	10.4208745956	0.0
20.2244167328	10.4486608505	0.0
20.2131061554	10.4764480591	0.0
20.201795578	10.504234314	0.0
20.1904850006	10.5320205688	0.0
20.1791744232	10.5598068237	0.0
20.1678657532	10.5875930786	0.0
20.1565551758	10.6153802872	0.0
20.1452445984	10.6431655884	0.0
20.1339359283	10.6709518433	0.0
20.122625351	10.6987390518	0.0
20.1113147736	10.7265253067	0.0
20.1000041962	10.7543106079	0.0
20.0886955261	10.7820978165	0.0
20.0773849487	10.8098840714	0.0
20.0660743713	10.8376703262	0.0
20.0547637939	10.8654565811	0.0
20.0434532166	10.893242836	0.0
20.0321445465	10.9210300446	0.0
20.0208339691	10.9488162994	0.0
20.0095233917	10.9766016006	0.0
20.5275325775	9.77603244781	0.0
20.5478973389	9.79806137085	0.0
20.5682621002	9.82009029388	0.0
20.5886268616	9.84211921692	0.0
20.6089916229	9.86414813995	0.0
20.6293563843	9.88617706299	0.0
20.6497211456	9.9082069397	0.0
20.670085907	9.93023586273	0.0
20.6904506683	9.95226478577	0.0
20.7108135223	9.9742937088	0.0
20.7311782837	9.99632263184	0.0
20.7515449524	10.0183515549	0.0
20.7719078064	10.0403823853	0.0
20.7922725677	10.0624113083	0.0
20.8126373291	10.0844402313	0.0
20.8330020905	10.1064691544	0.0
20.8533668518	10.1284980774	0.0
20.8737316132	10.1505270004	0.0
20.8940963745	10.1725559235	0.0
20.9144592285	10.1945858002	0.0
20.9348258972	10.2166147232	0.0
20.9551887512	10.2386436462	0.0
20.9755535126	10.2606725693	0.0
20.9959182739	10.282702446	0.0
21.0162830353	10.304731369	0.0
21.0366477966	10.3267602921	0.0
21.057012558	10.3487901688	0.0
21.0773773193	10.3708190918	0.0
21.0977420807	10.3928480148	0.0
21.118106842	10.4148769379	0.0
21.1384716034	10.4369058609	0.0
21.1328964233	10.4678459167	0.0
21.1256275177	10.4969520569	0.0
21.1183605194	10.526058197	0.0
21.1110916138	10.5551643372	0.0
21.1038227081	10.5842695236	0.0
21.0965538025	10.6133756638	0.0
21.0892848969	10.6424827576	0.0
21.0820159912	10.6715888977	0.0
21.0747470856	10.7006950378	0.0
21.0674781799	10.729801178	0.0
21.0602092743	10.7589073181	0.0
21.0529403687	10.7880134583	0.0
21.045671463	10.8171186447	0.0
21.0384025574	10.8462247849	0.0
21.0311336517	10.875330925	0.0
21.0238647461	10.9044370651	0.0
21.0165958405	10.9335432053	0.0
21.0093288422	10.9626502991	0.0
21.0020599365	10.9917564392	0.0
21.1700515747	10.4361152649	0.0
21.1999359131	10.4334897995	0.0
21.2298202515	10.4308662415	0.0
21.2708301544	10.452755928	0.0
21.2889633179	10.4766550064	0.0
21.3070983887	10.5005550385	0.0
21.3252315521	10.5244541168	0.0
21.3433647156	10.5483541489	0.0
21.361497879	10.5722532272	0.0
21.3796310425	10.5961532593	0.0
21.3977642059	10.6200523376	0.0
21.4158973694	10.6439523697	0.0
21.4340305328	10.6678514481	0.0
21.4521636963	10.6917505264	0.0
21.4702968597	10.7156496048	0.0
21.4884300232	10.7395496368	0.0
21.5065631866	10.7634487152	0.0
21.5246963501	10.7873477936	0.0
21.5428295135	10.8112478256	0.0
21.560962677	10.835146904	0.0
21.5790977478	10.859046936	0.0
21.5972309113	10.8829460144	0.0
21.6153621674	10.9068460464	0.0
21.6334972382	10.9307451248	0.0
21.6516304016	10.9546451569	0.0
21.6697635651	10.9785442352	0.0
21.6951179504	11.0287427902	0.0
21.7041034698	11.0573663712	0.0
21.7130870819	11.0859880447	0.0
21.7220726013	11.114610672	0.0
21.7310562134	11.1432342529	0.0
21.7400417328	11.1718568802	0.0
21.7490272522	11.2004804611	0.0
21.7580127716	11.2291030884	0.0
21.7669963837	11.2577257156	0.0
21.7759819031	11.2863492966	0.0
21.7849674225	11.3149719238	0.0
21.7939510345	11.3435945511	0.0
21.802936554	11.372218132	0.0
21.811920166	11.4008407593	0.0
21.8209056854	11.4294643402	0.0
21.8298912048	11.4580869675	0.0
21.8388767242	11.4867095947	0.0
21.8478603363	11.515332222	0.0
21.8568458557	11.5439548492	0.0
21.8658294678	11.5725784302	0.0
21.8748149872	11.6012010574	0.0
21.8838005066	11.6298236847	0.0
21.8927841187	11.6584472656	0.0
21.9017696381	11.6870698929	0.0
21.9107551575	11.7156934738	0.0
21.9197406769	11.7443161011	0.0
21.9287242889	11.7729387283	0.0
21.9377098083	11.8015623093	0.0
21.9466934204	11.8301849365	0.0
21.9556789398	11.8588075638	0.0
21.9646644592	11.8874311447	0.0
21.9736480713	11.9160528183	0.0
21.9826335907	11.9446763992	0.0
21.9916191101	11.9732990265	0.0
21.7161331177	11.0001077652	0.0
21.7461338043	11.0000972748	0.0
21.7761325836	11.000084877	0.0
21.8061332703	11.0000743866	0.0
21.8361320496	11.0000619888	0.0
21.8661327362	11.0000505447	0.0
21.8961334229	11.0000400543	0.0
21.9261322021	11.0000276566	0.0
21.9561328888	11.0000171661	0.0
21.9861335754	11.0000047684	0.0
21.2374687195	10.4030103683	0.0
21.2222385406	10.3771629333	0.0
21.2070083618	10.351316452	0.0
21.191778183	10.3254699707	0.0
21.1765499115	10.2996225357	0.0
21.1613197327	10.2737760544	0.0
21.1460895538	10.2479295731	0.0
21.130859375	10.2220830917	0.0
21.1156291962	10.1962356567	0.0
21.1004009247	10.1703891754	0.0
21.0851707458	10.1445426941	0.0
21.069940567	10.1186962128	0.0
21.0547103882	10.0928487778	0.0
21.0394802094	10.0670032501	0.0
21.0242519379	10.0411558151	0.0
21.009021759	10.0153093338	0.0
20.1892623901	8.74590110779	0.0
20.2178630829	8.73684215546	0.0
20.2464637756	8.72778320312	0.0
20.275062561	8.71872425079	0.0
20.3036613464	8.70966529846	0.0
20.3322601318	8.70060634613	0.0
20.3608608246	8.6915473938	0.0
20.3894615173	8.68248844147	0.0
20.4180603027	8.67343044281	0.0
20.4478912354	8.66398143768	0.0
20.4764919281	8.65492153168	0.0
20.5050907135	8.64586257935	0.0
20.5336894989	8.63680362701	0.0
20.5622882843	8.62774467468	0.0
20.5908889771	8.61868572235	0.0
20.6194896698	8.60962677002	0.0
20.6480884552	8.60056781769	0.0
20.6766872406	8.59150981903	0.0
20.7065181732	8.5820608139	0.0
20.735118866	8.57300186157	0.0
20.7637176514	8.56394290924	0.0
20.7923164368	8.55488395691	0.0
20.8209171295	8.54582500458	0.0
20.8495178223	8.53676605225	0.0
20.8781166077	8.52770709991	0.0
20.9067153931	8.51864814758	0.0
20.9353141785	8.50959014893	0.0
20.9639148712	8.50053119659	0.0
20.992515564	8.49147224426	0.0
21.0211143494	8.48241329193	0.0
21.0497131348	8.4733543396	0.0
21.0783138275	8.46429538727	0.0
21.1069126129	8.45523643494	0.0
21.1355133057	8.44617652893	0.0
21.1641120911	8.4371175766	0.0
21.1927127838	8.42805957794	0.0
21.2196178436	8.44467258453	0.0
21.2440605164	8.46206665039	0.0
21.2685031891	8.47946071625	0.0
21.2929458618	8.4968547821	0.0
21.3173885345	8.51424789429	0.0
21.3418312073	8.53164196014	0.0
21.3662757874	8.549036026	0.0
21.3907184601	8.56643009186	0.0
21.4151611328	8.58382415771	0.0
21.4396038055	8.6012172699	0.0
21.4640464783	8.61861133575	0.0
21.488489151	8.63600540161	0.0
21.5129318237	8.65339946747	0.0
21.5373744965	8.67079162598	0.0
21.5618171692	8.68818569183	0.0
21.5862617493	8.70557975769	0.0
21.610704422	8.72297382355	0.0
21.6351470947	8.7403678894	0.0
21.6595897675	8.75776100159	0.0
21.7001132965	8.7912607193	0.0
21.7221565247	8.81161022186	0.0
21.7441997528	8.83195877075	0.0
21.7662448883	8.85230827332	0.0
21.7882862091	8.8726568222	0.0
21.8103313446	8.89300632477	0.0
21.8323745728	8.91335487366	0.0
21.8544178009	8.93370437622	0.0
21.8764610291	8.95405292511	0.0
21.8985042572	8.97440242767	0.0
21.9205474854	8.99475097656	0.0
21.9425926208	9.01509952545	0.0
21.964635849	9.03544902802	0.0
21.9866790771	9.05579853058	0.0
22.0087223053	9.07614803314	0.0
22.0307655334	9.09649658203	0.0
22.0528087616	9.11684608459	0.0
22.0517883301	9.1475276947	0.0
22.0499706268	9.17747306824	0.0
22.0481510162	9.20741844177	0.0
22.0463314056	9.23736286163	0.0
22.0445137024	9.26730823517	0.0
22.0426921844	9.29725170135	0.0
22.0408744812	9.32719707489	0.0
22.0390548706	9.35714244843	0.0
22.03723526	9.38708686829	0.0
22.0354175568	9.41703224182	0.0
22.0335979462	9.44697570801	0.0
22.0317783356	9.47692108154	0.0
22.029958725	9.50686645508	0.0
22.0281391144	9.53681087494	0.0
22.0263195038	9.5667552948	0.0
22.0245018005	9.59669971466	0.0
22.0226821899	9.6266450882	0.0
22.0208625793	9.65659046173	0.0
22.0190448761	9.68653488159	0.0
22.0172233582	9.71647930145	0.0
22.0154056549	9.74642372131	0.0
22.0135860443	9.77636909485	0.0
22.0117664337	9.80631446838	0.0
22.0099487305	9.83625888824	0.0
22.0081272125	9.86620330811	0.0
22.0063095093	9.89614772797	0.0
22.0044898987	9.9260931015	0.0
22.0026702881	9.95603847504	0.0
22.0008525848	9.9859828949	0.0
22.0827674866	9.12463760376	0.0
22.1119251251	9.131690979	0.0
22.141084671	9.13874530792	0.0
22.1702442169	9.14579868317	0.0
22.1994037628	9.15285301208	0.0
22.2285614014	9.159907341	0.0
22.2577209473	9.16696071625	0.0
22.2868804932	9.17401504517	0.0
22.3160381317	9.18106937408	0.0
22.3451976776	9.18812274933	0.0
22.3743572235	9.19517707825	0.0
22.4035167694	9.20223140717	0.0
22.432674408	9.20928382874	0.0
22.4736232758	9.21918964386	0.0
22.5027828217	9.22624397278	0.0
22.5319404602	9.2332983017	0.0
22.5611000061	9.24035167694	0.0
22.590259552	9.24740600586	0.0
22.6194171906	9.25446033478	0.0
22.6642341614	9.24187755585	0.0
22.6885757446	9.22434329987	0.0
22.7129173279	9.20680713654	0.0
22.7372589111	9.18927192688	0.0
22.7616004944	9.17173671722	0.0
22.7859420776	9.15420246124	0.0
22.8102836609	9.13666725159	0.0
22.8346252441	9.11913204193	0.0
22.8589668274	9.1015958786	0.0
22.8833084106	9.08406066895	0.0
22.9076519012	9.06652641296	0.0
22.9319915771	9.04899120331	0.0
22.9563331604	9.03145599365	0.0
22.980676651	9.013920784	0.0
22.6690502167	9.26646709442	0.0
22.6982097626	9.27352142334	0.0
22.7273693085	9.28057479858	0.0
22.7565288544	9.2876291275	0.0
22.7856864929	9.29468154907	0.0
22.8148441315	9.30173587799	0.0
22.8608322144	9.29090690613	0.0
22.886346817	9.27512359619	0.0
22.9118595123	9.2593421936	0.0
22.9373722076	9.24355888367	0.0
22.962884903	9.2277765274	0.0
22.9883975983	9.21199417114	0.0
23.0139102936	9.19621086121	0.0
23.0394229889	9.18042945862	0.0
23.0649356842	9.16464614868	0.0
23.0904483795	9.14886379242	0.0
23.1159610748	9.13308143616	0.0
23.1414756775	9.1172990799	0.0
23.1669883728	9.10151576996	0.0
23.1925010681	9.08573436737	0.0
23.2180137634	9.06995105743	0.0
23.2435264587	9.0541677475	0.0
23.2690391541	9.03838634491	0.0
23.2945537567	9.02260303497	0.0
23.320066452	9.00682067871	0.0
23.3455791473	8.99103832245	0.0
23.3710918427	8.97525596619	0.0
23.396604538	8.95947265625	0.0
23.4221172333	8.94369029999	0.0
23.4476318359	8.92790794373	0.0
23.4731445312	8.91212463379	0.0
23.4986572266	8.8963432312	0.0
23.5252990723	8.86252689362	0.0
23.5397644043	8.83624458313	0.0
23.5542297363	8.80996227264	0.0
23.568693161	8.78367996216	0.0
23.583158493	8.757396698	0.0
23.5976238251	8.73111534119	0.0
23.6120872498	8.70483207703	0.0
23.6265525818	8.67854976654	0.0
23.6410179138	8.65226745605	0.0
23.6554832458	8.62598514557	0.0
23.6699485779	8.59970188141	0.0
23.6844120026	8.57341957092	0.0
23.6988773346	8.54713726044	0.0
23.7133426666	8.52085494995	0.0
23.7278060913	8.49457168579	0.0
23.7422714233	8.46829032898	0.0
23.7567367554	8.44200706482	0.0
23.7712001801	8.41572475433	0.0
23.7856655121	8.38944244385	0.0
23.8001308441	8.36316013336	0.0
23.8145961761	8.33687782288	0.0
23.8290615082	8.31059455872	0.0
23.8435268402	8.2843132019	0.0
23.8579902649	8.25802993774	0.0
23.8724555969	8.23174762726	0.0
23.886920929	8.20546531677	0.0
23.9013843536	8.17918300629	0.0
23.9158496857	8.15289974213	0.0
23.9303150177	8.12661838531	0.0
23.9447784424	8.10033512115	0.0
23.9592437744	8.07405281067	0.0
23.9737091064	8.04776954651	0.0
23.9881744385	8.0214881897	0.0
23.5400886536	8.89545917511	0.0
23.5693416595	8.90210914612	0.0
23.5985965729	8.90875816345	0.0
23.6278495789	8.91540813446	0.0
23.6571025848	8.92205715179	0.0
23.6863574982	8.9287071228	0.0
23.7156105042	8.93535614014	0.0
23.7448635101	8.94200611115	0.0
23.7741184235	8.94865608215	0.0
23.8033714294	8.95530509949	0.0
23.8326263428	8.9619550705	0.0
23.8618793488	8.96860408783	0.0
23.8911323547	8.97525405884	0.0
23.9203872681	8.98190307617	0.0
23.949640274	8.98855304718	0.0
23.9788951874	8.99520301819	0.0
22.8484153748	9.33368015289	0.0
22.8615131378	9.36067008972	0.0
22.8746089935	9.38766098022	0.0
22.8877067566	9.41465091705	0.0
22.9008026123	9.44164180756	0.0
22.913898468	9.46863174438	0.0
22.9269943237	9.49562168121	0.0
22.9400901794	9.52261257172	0.0
22.9531879425	9.54960346222	0.0
22.9662837982	9.57659435272	0.0
22.9793815613	9.60358428955	0.0
22.992477417	9.63057518005	0.0
23.0055732727	9.65756511688	0.0
23.0186691284	9.68455505371	0.0
23.0317668915	9.71154594421	0.0
23.0448627472	9.73853588104	0.0
23.0579586029	9.76552677155	0.0
23.071056366	9.79251670837	0.0
23.0841522217	9.81950759888	0.0
23.0972480774	9.84649753571	0.0
23.1103458405	9.87348842621	0.0
23.1234416962	9.90047931671	0.0
23.1365375519	9.92746925354	0.0
23.1496334076	9.95446014404	0.0
23.1627311707	9.98145008087	0.0
23.1758270264	10.0084409714	0.0
23.1889247894	10.0354309082	0.0
23.2020206451	10.0624217987	0.0
23.2415485382	10.098859787	0.0
23.2691268921	10.1106700897	0.0
23.2967033386	10.1224803925	0.0
23.3242816925	10.1342897415	0.0
23.351858139	10.1461000443	0.0
23.3794364929	10.157910347	0.0
23.4070129395	10.169719696	0.0
23.4345912933	10.1815299988	0.0
23.4596691132	10.2097826004	0.0
23.4766025543	10.2345466614	0.0
23.4935359955	10.259311676	0.0
23.5104694366	10.284075737	0.0
23.5274028778	10.308839798	0.0
23.544336319	10.3336038589	0.0
23.5612697601	10.3583688736	0.0
23.5782012939	10.3831329346	0.0
23.5951347351	10.4078969955	0.0
23.6120681763	10.4326610565	0.0
23.6290016174	10.4574260712	0.0
23.6459350586	10.4821901321	0.0
23.6628684998	10.5069541931	0.0
23.6798019409	10.5317182541	0.0
23.6967334747	10.5564832687	0.0
23.7136669159	10.5812473297	0.0
23.7306003571	10.6060113907	0.0
23.7475337982	10.6307754517	0.0
23.7644672394	10.6555404663	0.0
23.7814006805	10.6803035736	0.0
23.7983322144	10.7050676346	0.0
23.8152656555	10.7298316956	0.0
23.8321990967	10.7545967102	0.0
23.8491325378	10.7793607712	0.0
23.866065979	10.8041248322	0.0
23.8829994202	10.8288888931	0.0
23.8914089203	10.8668670654	0.0
23.8942718506	10.896730423	0.0
23.8971328735	10.9265928268	0.0
23.8999958038	10.9564571381	0.0
23.9028568268	10.9863195419	0.0
23.9057178497	11.0161828995	0.0
23.90858078	11.046046257	0.0
23.911441803	11.0759086609	0.0
23.9143047333	11.1057720184	0.0
23.9171657562	11.1356363297	0.0
23.9200286865	11.1654987335	0.0
23.9228897095	11.1953620911	0.0
23.9257507324	11.2252254486	0.0
23.9286136627	11.2550878525	0.0
23.9314746857	11.2849521637	0.0
23.934337616	11.3148145676	0.0
23.9371986389	11.3446779251	0.0
23.9400615692	11.3745412827	0.0
23.9429225922	11.4044036865	0.0
23.9457855225	11.4342670441	0.0
23.9486465454	11.4641313553	0.0
23.9515075684	11.4939937592	0.0
23.9543704987	11.5238571167	0.0
23.9572315216	11.5537204742	0.0
23.9600944519	11.5835828781	0.0
23.9629554749	11.6134471893	0.0
23.9658184052	11.6433095932	0.0
23.9686794281	11.6731729507	0.0
23.971540451	11.7030363083	0.0
23.9744033813	11.7328987122	0.0
23.9772644043	11.7627630234	0.0
23.9801273346	11.7926263809	0.0
23.9829883575	11.8224887848	0.0
23.9858512878	11.8523521423	0.0
23.9887123108	11.8822145462	0.0
23.9915733337	11.9120779037	0.0
23.994436264	11.941942215	0.0
23.997297287	11.9718046188	0.0
23.9054794312	10.8617677689	0.0
23.9224147797	10.8865318298	0.0
23.9393463135	10.9112968445	0.0
23.9562797546	10.9360609055	0.0
23.9732131958	10.9608249664	0.0
23.990146637	10.9855890274	0.0
23.4712085724	10.1755657196	0.0
23.4996795654	10.1661128998	0.0
23.5281524658	10.15666008	0.0
23.5566234589	10.1472072601	0.0
23.5850944519	10.1377544403	0.0
23.6135673523	10.1283006668	0.0
23.6420383453	10.118847847	0.0
23.6705112457	10.1093950272	0.0
23.6989822388	10.0999422073	0.0
23.7274532318	10.0904893875	0.0
23.7559261322	10.081035614	0.0
23.7843971252	10.0715827942	0.0
23.8128700256	10.0621299744	0.0
23.8413410187	10.0526771545	0.0
23.8698139191	10.0432243347	0.0
23.8982849121	10.0337705612	0.0
23.9267578125	10.0243177414	0.0
23.9552288055	10.0148649216	0.0
23.9836997986	10.0054121017	0.0
23.2071247101	10.1162586212	0.0
23.2002792358	10.1454668045	0.0
23.1934337616	10.1746759415	0.0
23.1865882874	10.2038841248	0.0
23.1797428131	10.2330932617	0.0
23.1728954315	10.262301445	0.0
23.1660518646	10.2915096283	0.0
23.159204483	10.3207178116	0.0
23.1523590088	10.3499269485	0.0
23.1455135345	10.3791351318	0.0
23.1386680603	10.4083442688	0.0
23.1318225861	10.4375524521	0.0
23.1249771118	10.4667606354	0.0
23.1181316376	10.4959688187	0.0
23.111284256	10.5251779556	0.0
23.1044406891	10.5543861389	0.0
23.0975933075	10.5835952759	0.0
23.0907478333	10.6128034592	0.0
23.083902359	10.6420116425	0.0
23.0770568848	10.6712198257	0.0
23.0702114105	10.7004289627	0.0
23.0633659363	10.729637146	0.0
23.056520462	10.758846283	0.0
23.0496730804	10.7880544662	0.0
23.0428295135	10.8172626495	0.0
23.035982132	10.8464708328	0.0
23.0291366577	10.8756799698	0.0
23.0222911835	10.9048881531	0.0
23.0154457092	10.93409729	0.0
23.008600235	10.9633054733	0.0
23.0017547607	10.9925136566	0.0
22.4617519379	9.23665428162	0.0
22.4790401459	9.26117229462	0.0
22.4963283539	9.28569030762	0.0
22.5136165619	9.31020832062	0.0
22.5309047699	9.33472633362	0.0
22.5481910706	9.35924434662	0.0
22.5654792786	9.38376235962	0.0
22.5827674866	9.40828037262	0.0
22.6000556946	9.43279743195	0.0
22.6173439026	9.45731544495	0.0
22.6346321106	9.48183345795	0.0
22.6519203186	9.50635147095	0.0
22.6692085266	9.53086853027	0.0
22.6864967346	9.55538654327	0.0
22.7037849426	9.57990455627	0.0
22.7210712433	9.60442256927	0.0
22.7383594513	9.6289396286	0.0
22.7556476593	9.6534576416	0.0
22.7729358673	9.6779756546	0.0
22.7902240753	9.7024936676	0.0
22.807510376	9.7270116806	0.0
22.824798584	9.7515296936	0.0
22.842086792	9.7760477066	0.0
22.859375	9.8005657196	0.0
22.876663208	9.82508277893	0.0
22.893951416	9.84960079193	0.0
22.911239624	9.87411880493	0.0
22.928527832	9.89863681793	0.0
22.9458141327	9.92315483093	0.0
22.9631023407	9.94767284393	0.0
22.9803905487	9.97219085693	0.0
22.9976787567	9.99670886993	0.0
21.7025127411	8.78830623627	0.0
21.7269554138	8.80569934845	0.0
21.7513980865	8.82309341431	0.0
21.7758407593	8.84048652649	0.0
21.800283432	8.85788059235	0.0
21.8247261047	8.87527370453	0.0
21.8491706848	8.89266777039	0.0
21.8736133575	8.91006183624	0.0
21.8980560303	8.9274559021	0.0
21.922498703	8.94484996796	0.0
21.9469413757	8.96224308014	0.0
21.9713840485	8.979637146	0.0
21.9958286285	8.99703121185	0.0
21.2206077576	8.4113702774	0.0
21.2460422516	8.39546012878	0.0
21.2714767456	8.37955093384	0.0
21.2969093323	8.36364078522	0.0
21.3223438263	8.3477306366	0.0
21.3477783203	8.33182239532	0.0
21.3732128143	8.3159122467	0.0
21.398645401	8.30000209808	0.0
21.424079895	8.28409290314	0.0
21.4495124817	8.26818275452	0.0
21.4749469757	8.2522726059	0.0
21.518032074	8.22532176971	0.0
21.543466568	8.20941257477	0.0
21.5688991547	8.19350337982	0.0
21.5943336487	8.1775932312	0.0
21.6197662354	8.16168403625	0.0
21.6452007294	8.14577388763	0.0
21.6706352234	8.12986373901	0.0
21.6960697174	8.11395454407	0.0
21.7215023041	8.09804534912	0.0
21.7469367981	8.0821352005	0.0
21.7723712921	8.06622600555	0.0
21.8190364838	8.04755878448	0.0
21.8480510712	8.03993415833	0.0
21.8770656586	8.03230762482	0.0
21.906080246	8.02468299866	0.0
21.9350948334	8.0170583725	0.0
21.9641094208	8.00943183899	0.0
21.9931240082	8.00180721283	0.0
21.8047485352	8.029047966	0.0
21.8194770813	8.00291156769	0.0
21.8342037201	7.97677612305	0.0
21.8489322662	7.95064020157	0.0
21.8636608124	7.92450380325	0.0
21.8783874512	7.89836788177	0.0
21.89311409	7.8722319603	0.0
21.9078426361	7.84609603882	0.0
21.9225692749	7.81996011734	0.0
21.937297821	7.79382276535	0.0
21.9520263672	7.76768684387	0.0
21.966753006	7.74155092239	0.0
21.9814815521	7.71541500092	0.0
21.9979915619	7.68611288071	0.0
22.012720108	7.65997695923	0.0
22.0274467468	7.63384103775	0.0
22.042175293	7.60770511627	0.0
22.0569038391	7.58156919479	0.0
22.0716304779	7.55543279648	0.0
22.0863571167	7.529296875	0.0
22.1010856628	7.50316095352	0.0
22.1158123016	7.47702503204	0.0
22.1305408478	7.45088815689	0.0
22.1452693939	7.42475223541	0.0
22.1599960327	7.3986158371	0.0
22.1747245789	7.37247991562	0.0
22.2025165558	7.35436296463	0.0
22.2285232544	7.33940982819	0.0
22.2545337677	7.32445812225	0.0
22.2805404663	7.30950593948	0.0
22.3065490723	7.29455423355	0.0
22.3325576782	7.27960205078	0.0
22.3585662842	7.26464986801	0.0
22.3845748901	7.24969816208	0.0
22.4105834961	7.23474597931	0.0
22.4365901947	7.21979379654	0.0
22.462600708	7.20484209061	0.0
22.4886074066	7.18988990784	0.0
22.5146160126	7.1749382019	0.0
22.5406246185	7.15998506546	0.0
22.5666332245	7.14503288269	0.0
22.5926418304	7.13008117676	0.0
22.6186504364	7.11512899399	0.0
22.644657135	7.10017681122	0.0
22.670665741	7.08522510529	0.0
22.6966743469	7.07027292252	0.0
22.7275066376	7.05633306503	0.0
22.7549934387	7.0443148613	0.0
22.7824821472	7.03229808807	0.0
22.8099708557	7.02027988434	0.0
22.8374576569	7.00826215744	0.0
22.864944458	6.99624490738	0.0
22.8924331665	6.98422718048	0.0
22.919921875	6.97220897675	0.0
22.9474086761	6.96019220352	0.0
22.9748954773	6.94817399979	0.0
23.0023841858	6.93615722656	0.0
23.0116271973	6.90194892883	0.0
23.0112419128	6.87195110321	0.0
23.0108547211	6.84195423126	0.0
23.0104675293	6.8119559288	0.0
23.0100803375	6.78195905685	0.0
23.0096931458	6.75196123123	0.0
23.0093078613	6.72196388245	0.0
23.0089206696	6.69196605682	0.0
23.0085334778	6.66196918488	0.0
23.008146286	6.63197088242	0.0
23.0077590942	6.60197401047	0.0
23.0073738098	6.57197618484	0.0
23.006986618	6.54197883606	0.0
23.0065994263	6.51198101044	0.0
23.0062141418	6.48198413849	0.0
23.0058269501	6.45198583603	0.0
23.0054397583	6.42198896408	0.0
23.0050525665	6.39199113846	0.0
23.0046672821	6.36199378967	0.0
23.0042800903	6.33199596405	0.0
23.0038928986	6.3019990921	0.0
23.0035076141	6.27200078964	0.0
23.0031204224	6.24200391769	0.0
23.0027332306	6.21200609207	0.0
23.0023460388	6.18200922012	0.0
23.0019607544	6.15201091766	0.0
23.0015735626	6.12201404572	0.0
23.0011863708	6.09201622009	0.0
23.0007991791	6.06201887131	0.0
23.0004138947	6.03202104568	0.0
23.0000267029	6.00202417374	0.0
23.0395011902	6.91992902756	0.0
23.0669898987	6.90791082382	0.0
23.0944786072	6.89589309692	0.0
23.1219654083	6.88387584686	0.0
23.1494522095	6.87185811996	0.0
23.1954994202	6.85172700882	0.0
23.2229881287	6.83970880508	0.0
23.2504749298	6.82769107819	0.0
23.2779636383	6.81567382812	0.0
23.3054504395	6.80365610123	0.0
23.3527240753	6.80422687531	0.0
23.381439209	6.8129119873	0.0
23.41015625	6.82159805298	0.0
23.4388713837	6.83028316498	0.0
23.4675865173	6.83896780014	0.0
23.496301651	6.84765291214	0.0
23.5250167847	6.85633802414	0.0
23.5537319183	6.86502313614	0.0
23.582447052	6.8737077713	0.0
23.6111621857	6.88239383698	0.0
23.6398773193	6.89107894897	0.0
23.668592453	6.89976406097	0.0
23.697309494	6.90844917297	0.0
23.7260246277	6.91713380814	0.0
23.7547397614	6.92581892014	0.0
23.783454895	6.93450403214	0.0
23.8121700287	6.94319009781	0.0
23.8408851624	6.95187520981	0.0
23.869600296	6.96055984497	0.0
23.8983154297	6.96924495697	0.0
23.9270305634	6.97793006897	0.0
23.955745697	6.98661518097	0.0
23.984462738	6.99529981613	0.0
23.3434352875	6.77268123627	0.0
23.3628616333	6.74982023239	0.0
23.3822860718	6.726957798	0.0
23.4017124176	6.70409679413	0.0
23.4211387634	6.68123579025	0.0
23.4405632019	6.6583738327	0.0
23.4599895477	6.63551282883	0.0
23.4794158936	6.61265182495	0.0
23.4988422394	6.5897898674	0.0
23.5182685852	6.56692886353	0.0
23.5376930237	6.54406785965	0.0
23.5571193695	6.5212059021	0.0
23.5765457153	6.49834489822	0.0
23.5959701538	6.47548389435	0.0
23.6153964996	6.45262289047	0.0
23.6348228455	6.42976093292	0.0
23.6542472839	6.40689992905	0.0
23.6736736298	6.38403892517	0.0
23.6930980682	6.36117696762	0.0
23.7125244141	6.33831596375	0.0
23.7319507599	6.31545495987	0.0
23.7513771057	6.29259300232	0.0
23.7708034515	6.26973199844	0.0
23.79022789	6.24687099457	0.0
23.8096542358	6.22400903702	0.0
23.8290805817	6.20114803314	0.0
23.8485069275	6.17828702927	0.0
23.867931366	6.15542602539	0.0
23.8873577118	6.13256406784	0.0
23.9067821503	6.10970306396	0.0
23.9262084961	6.08684206009	0.0
23.9456348419	6.06398010254	0.0
23.9650592804	6.04111909866	0.0
23.9844856262	6.01825809479	0.0
23.1714744568	6.83394479752	0.0
23.1749382019	6.80414485931	0.0
23.178401947	6.77434587479	0.0
23.1818656921	6.74454689026	0.0
23.1853275299	6.71474695206	0.0
23.188791275	6.68494796753	0.0
23.1922550201	6.65514802933	0.0
23.1957187653	6.6253490448	0.0
23.1991825104	6.5955491066	0.0
23.2026443481	6.56575012207	0.0
23.2061080933	6.53595113754	0.0
23.2095718384	6.50615119934	0.0
23.2130355835	6.47635221481	0.0
23.2164974213	6.44655179977	0.0
23.2199611664	6.41675281525	0.0
23.2234249115	6.38695287704	0.0
23.2268886566	6.35715389252	0.0
23.2303504944	6.32735490799	0.0
23.2338142395	6.29755496979	0.0
23.2372779846	6.26775598526	0.0
23.2407417297	6.23795604706	0.0
23.2442035675	6.20815706253	0.0
23.2476673126	6.178358078	0.0
23.2511310577	6.1485581398	0.0
23.2545948029	6.11875915527	0.0
23.2580566406	6.08895921707	0.0
23.2615203857	6.05916023254	0.0
23.2649841309	6.0293598175	0.0
23.268447876	5.99956083298	0.0
23.2719097137	5.96976184845	0.0
23.2753734589	5.93996191025	0.0
23.278837204	5.91016292572	0.0
23.2823009491	5.88036298752	0.0
23.2857627869	5.85056400299	0.0
23.289226532	5.82076406479	0.0
23.2926902771	5.79096508026	0.0
23.2961521149	5.76116609573	0.0
23.29961586	5.73136615753	0.0
23.3030796051	5.701567173	0.0
23.3065433502	5.6717672348	0.0
23.3306217194	5.63172006607	0.0
23.3524398804	5.61112880707	0.0
23.3742580414	5.59053897858	0.0
23.3960762024	5.56994819641	0.0
23.4178943634	5.54935693741	0.0
23.4397125244	5.52876710892	0.0
23.4615306854	5.50817584991	0.0
23.4833488464	5.48758602142	0.0
23.5051670074	5.46699476242	0.0
23.5269851685	5.44640398026	0.0
23.5488033295	5.42581415176	0.0
23.5706214905	5.40522289276	0.0
23.5924396515	5.38463306427	0.0
23.6142578125	5.36404180527	0.0
23.6360740662	5.3434510231	0.0
23.6578922272	5.32286119461	0.0
23.6797103882	5.30226993561	0.0
23.7015285492	5.28168010712	0.0
23.7233467102	5.26108884811	0.0
23.7451648712	5.24049806595	0.0
23.7669830322	5.21990823746	0.0
23.7888011932	5.19931697845	0.0
23.8106193542	5.17872714996	0.0
23.8324375153	5.15813589096	0.0
23.8542556763	5.1375451088	0.0
23.8760738373	5.11695480347	0.0
23.8978900909	5.0963640213	0.0
23.919708252	5.07577419281	0.0
23.941526413	5.05518293381	0.0
23.9633464813	5.03459215164	0.0
23.9851646423	5.01400184631	0.0
23.31042099	5.62235403061	0.0
23.3120384216	5.59239816666	0.0
23.3136558533	5.56244087219	0.0
23.3152713776	5.53248500824	0.0
23.3168888092	5.50252819061	0.0
23.3185043335	5.47257184982	0.0
23.3201217651	5.44261598587	0.0
23.3217391968	5.41265916824	0.0
23.3233547211	5.38270282745	0.0
23.3249721527	5.35274600983	0.0
23.3265895844	5.32279014587	0.0
23.3053646088	5.29616212845	0.0
23.2838287354	5.27527618408	0.0
23.2622928619	5.2543888092	0.0
23.2407588959	5.23350286484	0.0
23.2192230225	5.21261692047	0.0
23.197687149	5.1917309761	0.0
23.1761512756	5.17084407806	0.0
23.1546173096	5.1499581337	0.0
23.1330814362	5.12907218933	0.0
23.1115474701	5.10818576813	0.0
23.0900115967	5.08729887009	0.0
23.0684757233	5.06641292572	0.0
23.0469417572	5.04552698135	0.0
23.0254058838	5.02464103699	0.0
23.0038719177	5.00375413895	0.0
23.3405513763	5.2903342247	0.0
23.3542041779	5.26362085342	0.0
23.367855072	5.23690700531	0.0
23.3815078735	5.21019411087	0.0
23.395160675	5.18347978592	0.0
23.4088134766	5.15676689148	0.0
23.4224662781	5.13005304337	0.0
23.4361171722	5.10334014893	0.0
23.4497718811	5.07662582397	0.0
23.4634227753	5.04991292953	0.0
23.4770755768	5.02319908142	0.0
23.4907283783	4.99648618698	0.0
23.5043792725	4.96977186203	0.0
23.518032074	4.94305896759	0.0
23.5316848755	4.91634511948	0.0
23.545337677	4.88963222504	0.0
23.5589904785	4.86291790009	0.0
23.5726413727	4.83620500565	0.0
23.5862941742	4.80949115753	0.0
23.5999469757	4.78277778625	0.0
23.6135997772	4.75606393814	0.0
23.6272525787	4.7293510437	0.0
23.6409034729	4.70263719559	0.0
23.6545562744	4.67592382431	0.0
23.6682090759	4.6492099762	0.0
23.6818618774	4.62249708176	0.0
23.695514679	4.59578323364	0.0
23.7091674805	4.56906986237	0.0
23.7228183746	4.54235601425	0.0
23.7364711761	4.51564311981	0.0
23.7501239777	4.48892879486	0.0
23.7637767792	4.46221590042	0.0
23.7774295807	4.43550205231	0.0
23.7910804749	4.40878915787	0.0
23.8047332764	4.38207483292	0.0
23.8183860779	4.35536193848	0.0
23.8320388794	4.32864809036	0.0
23.8456916809	4.30193519592	0.0
23.8593425751	4.27522087097	0.0
23.8729953766	4.24850797653	0.0
23.8866481781	4.22179412842	0.0
23.9002990723	4.19508123398	0.0
23.9139537811	4.16836690903	0.0
23.9276046753	4.14165401459	0.0
23.9412574768	4.11494016647	0.0
23.9549102783	4.0882267952	0.0
23.9685630798	4.06151294708	0.0
23.9822158813	4.03480005264	0.0
23.9958667755	4.00808620453	0.0
22.7292690277	7.06168603897	0.0
22.758518219	7.05502080917	0.0
22.7877693176	7.04835605621	0.0
22.8170204163	7.04169178009	0.0
22.8462696075	7.03502702713	0.0
22.8755207062	7.02836179733	0.0
22.9047718048	7.02169799805	0.0
22.9340209961	7.01503276825	0.0
22.9632720947	7.00836801529	0.0
22.992521286	7.001704216	0.0
22.1635704041	7.34224700928	0.0
22.1506347656	7.31517982483	0.0
22.1376972198	7.28811216354	0.0
22.1247615814	7.2610449791	0.0
22.111825943	7.23397684097	0.0
22.0988883972	7.20691013336	0.0
22.0753173828	7.15758991241	0.0
22.0623817444	7.13052177429	0.0
22.0494441986	7.10345506668	0.0
22.0365085602	7.07638692856	0.0
22.0235729218	7.04932022095	0.0
22.010635376	7.02225208282	0.0
22.073884964	7.15832185745	0.0
22.0595149994	7.13198804855	0.0
22.0451469421	7.10565280914	0.0
22.0307769775	7.07931804657	0.0
22.0164070129	7.05298280716	0.0
22.0020370483	7.02664804459	0.0
21.9876689911	7.00031280518	0.0
21.9733009338	6.97397899628	0.0
21.9589290619	6.9476442337	0.0
21.9445610046	6.92130899429	0.0
21.9301929474	6.89497423172	0.0
21.9158210754	6.86863899231	0.0
21.9014530182	6.84230422974	0.0
21.8870830536	6.815969944	0.0
21.8727149963	6.78963518143	0.0
21.8583450317	6.76329994202	0.0
21.8439750671	6.73696517944	0.0
21.8296070099	6.71062994003	0.0
21.8152389526	6.68429517746	0.0
21.8184185028	6.6463727951	0.0
21.8265323639	6.61749076843	0.0
21.834646225	6.5886092186	0.0
21.8427581787	6.55972719193	0.0
21.8508739471	6.53084516525	0.0
21.8589859009	6.50196313858	0.0
21.867099762	6.47308111191	0.0
21.875213623	6.44419908524	0.0
21.8833274841	6.41531705856	0.0
21.8914413452	6.38643503189	0.0
21.8995552063	6.35755300522	0.0
21.90766716	6.32867097855	0.0
21.9157829285	6.29978895187	0.0
21.9238967896	6.2709069252	0.0
21.9320087433	6.24202489853	0.0
21.9401226044	6.21314287186	0.0
21.9482364655	6.18426084518	0.0
21.9563503265	6.15537881851	0.0
21.9644641876	6.12649679184	0.0
21.9725780487	6.09761476517	0.0
21.9806919098	6.06873321533	0.0
21.9888057709	6.03985118866	0.0
21.9969177246	6.01096916199	0.0
21.7872581482	6.65604877472	0.0
21.7642116547	6.63684415817	0.0
21.7411651611	6.61763811111	0.0
21.7181186676	6.59843301773	0.0
21.6950702667	6.57922697067	0.0
21.6720256805	6.56002092361	0.0
21.6489772797	6.54081583023	0.0
21.6259326935	6.52160978317	0.0
21.6028842926	6.50240516663	0.0
21.5798377991	6.48319911957	0.0
21.5567913055	6.46399402618	0.0
21.533744812	6.44478797913	0.0
21.5106983185	6.42558288574	0.0
21.487651825	6.40637683868	0.0
21.4646053314	6.38717222214	0.0
21.4415588379	6.36796617508	0.0
21.4185123444	6.34876012802	0.0
21.3954658508	6.32955503464	0.0
21.3724193573	6.31034898758	0.0
21.3493728638	6.2911438942	0.0
21.3263244629	6.27193784714	0.0
21.3032798767	6.25273323059	0.0
21.2802314758	6.23352718353	0.0
21.2571868896	6.21432209015	0.0
21.2341384888	6.19511604309	0.0
21.2110919952	6.17590999603	0.0
21.1880455017	6.15670490265	0.0
21.1649990082	6.13749885559	0.0
21.1419525146	6.11829376221	0.0
21.1189060211	6.09908819199	0.0
21.0958595276	6.0798830986	0.0
21.0728130341	6.06067705154	0.0
21.0497665405	6.04147195816	0.0
21.0267181396	6.0222659111	0.0
21.0036735535	6.00306081772	0.0
22.0121307373	7.72041893005	0.0
22.0409965515	7.72858905792	0.0
22.0698623657	7.73675823212	0.0
22.0987281799	7.74492788315	0.0
22.1275959015	7.75309705734	0.0
22.1564617157	7.76126718521	0.0
22.1853275299	7.76943588257	0.0
22.2141933441	7.77760601044	0.0
22.2430591583	7.78577518463	0.0
22.2719268799	7.79394483566	0.0
22.3007926941	7.80211496353	0.0
22.3296585083	7.81028413773	0.0
22.3585243225	7.81845378876	0.0
22.3873920441	7.82662296295	0.0
22.4162578583	7.83479309082	0.0
22.4451236725	7.84296178818	0.0
22.4739894867	7.85113191605	0.0
22.5028553009	7.85930109024	0.0
22.5317230225	7.86747121811	0.0
22.5605888367	7.87563991547	0.0
22.5894546509	7.88381004333	0.0
22.6183204651	7.8919801712	0.0
22.6471881866	7.90014886856	0.0
22.6760540009	7.90831899643	0.0
22.7049198151	7.91648817062	0.0
22.7337856293	7.92465782166	0.0
22.7626514435	7.93282699585	0.0
22.791519165	7.94099712372	0.0
22.8203849792	7.94916582108	0.0
22.8492507935	7.95733594894	0.0
22.8781166077	7.96550512314	0.0
22.9069824219	7.97367477417	0.0
22.9358501434	7.98184490204	0.0
22.9647159576	7.99001407623	0.0
22.9935817719	7.9981842041	0.0
21.4815311432	8.21334838867	0.0
21.4704647064	8.18546295166	0.0
21.4593982697	8.157579422	0.0
21.4483337402	8.12969493866	0.0
21.4372673035	8.10181045532	0.0
21.4262008667	8.07392597198	0.0
21.4151344299	8.04604244232	0.0
21.4040679932	8.01815700531	0.0
21.3930015564	7.99027299881	0.0
21.3819351196	7.96238803864	0.0
21.3708686829	7.93450403214	0.0
21.3598022461	7.90662002563	0.0
21.3487377167	7.87873506546	0.0
21.3376693726	7.85085105896	0.0
21.3266048431	7.82296705246	0.0
21.3155384064	7.79508209229	0.0
21.3044719696	7.76719808578	0.0
21.2934055328	7.73931312561	0.0
21.2823390961	7.71142911911	0.0
21.2712726593	7.68354511261	0.0
21.2602062225	7.65566015244	0.0
21.2491397858	7.62777614594	0.0
21.238073349	7.59989213943	0.0
21.2270088196	7.57200717926	0.0
21.2159423828	7.54412317276	0.0
21.204875946	7.51623821259	0.0
21.1938095093	7.48835420609	0.0
21.1827430725	7.46047019958	0.0
21.1716766357	7.43258476257	0.0
21.160610199	7.40470123291	0.0
21.1495437622	7.37681722641	0.0
21.1384773254	7.3489317894	0.0
21.127412796	7.3210477829	0.0
21.1163444519	7.29316282272	0.0
21.1052799225	7.26527881622	0.0
21.0942134857	7.23739480972	0.0
21.083147049	7.20950984955	0.0
21.0720806122	7.18162584305	0.0
21.0610141754	7.15374183655	0.0
21.0499477386	7.12585687637	0.0
21.0388813019	7.09797286987	0.0
21.0278148651	7.07008886337	0.0
21.0167484283	7.0422039032	0.0
21.0056838989	7.0143198967	0.0
20.6964836121	8.61468601227	0.0
20.7150478363	8.63825321198	0.0
20.7336101532	8.66181945801	0.0
20.7521743774	8.68538570404	0.0
20.7707386017	8.70895290375	0.0
20.7893028259	8.73251914978	0.0
20.8078651428	8.75608634949	0.0
20.8264293671	8.77965259552	0.0
20.8449935913	8.80321884155	0.0
20.8635578156	8.82678604126	0.0
20.8821201324	8.85035324097	0.0
20.9006843567	8.87391853333	0.0
20.9192485809	8.89748573303	0.0
20.9378128052	8.92105197906	0.0
20.9563751221	8.94461917877	0.0
20.9749393463	8.96818637848	0.0
20.9935035706	8.99175167084	0.0
20.4388885498	8.65032577515	0.0
20.458486557	8.62761211395	0.0
20.4780845642	8.60489845276	0.0
20.4976825714	8.58218383789	0.0
20.5172805786	8.5594701767	0.0
20.5368785858	8.53675556183	0.0
20.556476593	8.51404190063	0.0
20.5760746002	8.49132823944	0.0
20.5956726074	8.46861362457	0.0
20.6152706146	8.44589996338	0.0
20.6348686218	8.42318725586	0.0
20.654466629	8.40047264099	0.0
20.6740646362	8.3777589798	0.0
20.6936626434	8.3550453186	0.0
20.7132606506	8.33233070374	0.0
20.7328586578	8.30961704254	0.0
20.752456665	8.28690338135	0.0
20.7720546722	8.26418876648	0.0
20.7916526794	8.24147510529	0.0
20.8112506866	8.21876144409	0.0
20.8308467865	8.19604682922	0.0
20.8504447937	8.17333316803	0.0
20.8700428009	8.15061855316	0.0
20.8896408081	8.12790584564	0.0
20.9092388153	8.10519218445	0.0
20.9288368225	8.08247756958	0.0
20.9484348297	8.05976390839	0.0
20.9680328369	8.03705024719	0.0
20.9876308441	8.01433563232	0.0
19.7149944305	8.7062625885	0.0
19.7358837128	8.72779369354	0.0
19.7567749023	8.74932479858	0.0
19.7776660919	8.77085494995	0.0
19.7985572815	8.79238605499	0.0
19.8194484711	8.81391716003	0.0
19.8403396606	8.83544826508	0.0
19.8679428101	8.86389732361	0.0
19.8888320923	8.88542842865	0.0
19.9097232819	8.90695762634	0.0
19.9306144714	8.92848873138	0.0
19.951505661	8.95001983643	0.0
19.9723968506	8.97155094147	0.0
19.9932861328	8.99308204651	0.0
19.8509807587	8.87210845947	0.0
19.8549098969	8.90184879303	0.0
19.8588409424	8.93159103394	0.0
19.8627681732	8.96133232117	0.0
19.8666992188	8.9910736084	0.0
19.8706283569	9.02081489563	0.0
19.8745574951	9.05055713654	0.0
19.8784866333	9.08029842377	0.0
19.8824176788	9.110039711	0.0
19.886346817	9.1397819519	0.0
19.8902759552	9.16952323914	0.0
19.8942050934	9.19926452637	0.0
19.8981342316	9.2290058136	0.0
19.9020633698	9.2587480545	0.0
19.9059944153	9.28848934174	0.0
19.9099235535	9.31823062897	0.0
19.9138526917	9.3479719162	0.0
19.9177818298	9.3777141571	0.0
19.9217128754	9.40745544434	0.0
19.9256401062	9.43719673157	0.0
19.9295711517	9.4669380188	0.0
19.9335002899	9.4966802597	0.0
19.9374294281	9.52642154694	0.0
19.9413585663	9.55616283417	0.0
19.9452896118	9.58590507507	0.0
19.94921875	9.6156463623	0.0
19.9531478882	9.64538764954	0.0
19.9570789337	9.67512893677	0.0
19.9610061646	9.70487117767	0.0
19.9649372101	9.7346124649	0.0
19.9688663483	9.76435375214	0.0
19.9727954865	9.79409503937	0.0
19.9767246246	9.82383728027	0.0
19.9806556702	9.85357761383	0.0
19.9845848083	9.88331985474	0.0
19.9885139465	9.91306209564	0.0
19.9924430847	9.94280338287	0.0
19.9963722229	9.9725446701	0.0
19.4448299408	8.67500019073	0.0
19.4288368225	8.70038223267	0.0
19.4128437042	8.72576332092	0.0
19.3968505859	8.75114536285	0.0
19.3808555603	8.77652645111	0.0
19.364862442	8.80190753937	0.0
19.3488693237	8.82728862762	0.0
19.3328762054	8.85266971588	0.0
19.3168830872	8.87805175781	0.0
19.3008918762	8.90343284607	0.0
19.2848968506	8.928814888	0.0
19.2689037323	8.95419597626	0.0
19.252910614	8.97957801819	0.0
19.2369174957	9.00495910645	0.0
19.2209243774	9.03034114838	0.0
19.2049312592	9.05572223663	0.0
19.1889381409	9.08110427856	0.0
19.1729450226	9.10648536682	0.0
19.145318985	9.0940580368	0.0
19.1201343536	9.07775688171	0.0
19.0949497223	9.06145572662	0.0
19.0697650909	9.04515457153	0.0
19.0445804596	9.02885437012	0.0
19.0193958282	9.01255321503	0.0
19.1648578644	9.1398229599	0.0
19.1592102051	9.16928672791	0.0
19.1535644531	9.19874954224	0.0
19.1479167938	9.22821426392	0.0
19.1422691345	9.25767803192	0.0
19.1366233826	9.28714179993	0.0
19.1309757233	9.31660461426	0.0
19.125328064	9.34606933594	0.0
19.119682312	9.37553310394	0.0
19.1140346527	9.40499687195	0.0
19.1083889008	9.43445968628	0.0
19.1027412415	9.46392440796	0.0
19.0970954895	9.49338817596	0.0
19.0914478302	9.52285194397	0.0
19.0858001709	9.5523147583	0.0
19.0801544189	9.58177852631	0.0
19.0745067596	9.61124324799	0.0
19.0688591003	9.64070701599	0.0
19.0632133484	9.67016983032	0.0
19.0575675964	9.69963359833	0.0
19.0519199371	9.72909832001	0.0
19.0462722778	9.75856208801	0.0
19.0406265259	9.78802490234	0.0
19.0349788666	9.81748867035	0.0
19.0293312073	9.84695339203	0.0
19.0236854553	9.87641716003	0.0
19.0180397034	9.90587997437	0.0
19.0123920441	9.93534374237	0.0
19.0067443848	9.96480846405	0.0
19.0010986328	9.99427223206	0.0
18.1084537506	8.61188316345	0.0
18.1003799438	8.64077568054	0.0
18.0923042297	8.66966915131	0.0
18.0842323303	8.6985616684	0.0
18.0761585236	8.72745609283	0.0
18.0680847168	8.75634860992	0.0
18.06001091	8.78524208069	0.0
18.0519371033	8.81413459778	0.0
18.0438632965	8.84302806854	0.0
18.0357894897	8.87192058563	0.0
18.027715683	8.90081501007	0.0
18.0196418762	8.92970752716	0.0
18.0115680695	8.95860099792	0.0
18.0034942627	8.98749446869	0.0
17.7374782562	8.6015663147	0.0
17.743013382	8.63105106354	0.0
17.7485485077	8.6605348587	0.0
17.7540855408	8.69001960754	0.0
17.7596206665	8.71950531006	0.0
17.7651557922	8.7489900589	0.0
17.770690918	8.77847480774	0.0
17.7762241364	8.80795955658	0.0
17.7817592621	8.83744525909	0.0
17.7872943878	8.86693000793	0.0
17.7928295135	8.89641475677	0.0
17.7983646393	8.92590045929	0.0
17.803899765	8.95538520813	0.0
17.8094348907	8.98486995697	0.0
17.8149700165	9.01435470581	0.0
17.8205051422	9.04384040833	0.0
17.8260402679	9.07332515717	0.0
17.8315753937	9.10280990601	0.0
17.8371105194	9.13229465485	0.0
17.8426456451	9.16178035736	0.0
17.8481807709	9.1912651062	0.0
17.8537158966	9.22074985504	0.0
17.8592510223	9.25023460388	0.0
17.8647861481	9.2797203064	0.0
17.8703212738	9.30920505524	0.0
17.8758563995	9.33868980408	0.0
17.8813915253	9.36817455292	0.0
17.886926651	9.39766025543	0.0
17.8924617767	9.42714500427	0.0
17.8979969025	9.45662975311	0.0
17.9035301208	9.48611545563	0.0
17.9090652466	9.51559925079	0.0
17.9146003723	9.54508399963	0.0
17.920135498	9.57456874847	0.0
17.9256706238	9.60405445099	0.0
17.9312057495	9.63353919983	0.0
17.9367408752	9.66302394867	0.0
17.942276001	9.69250869751	0.0
17.9478111267	9.72199440002	0.0
17.9533462524	9.75147914886	0.0
17.9588813782	9.78096389771	0.0
17.9644165039	9.81044864655	0.0
17.9699516296	9.83993434906	0.0
17.9754867554	9.8694190979	0.0
17.9810218811	9.89890384674	0.0
17.9865570068	9.92838859558	0.0
17.9920921326	9.9578742981	0.0
17.9976272583	9.98735904694	0.0
15.8276605606	8.49401760101	0.0
15.8462877274	8.47050189972	0.0
15.8649158478	8.44698619843	0.0
15.8835430145	8.42346858978	0.0
15.9021711349	8.39995288849	0.0
15.9207983017	8.37643718719	0.0
15.9394264221	8.35291957855	0.0
15.9580526352	8.32940387726	0.0
15.9766807556	8.30588817596	0.0
15.9953079224	8.28237056732	0.0
16.0139350891	8.25885486603	0.0
16.0325622559	8.23533916473	0.0
16.0511894226	8.21182346344	0.0
16.0727882385	8.18455696106	0.0
16.0914154053	8.16104125977	0.0
16.110042572	8.13752365112	0.0
16.1286697388	8.11400794983	0.0
16.1472969055	8.09049224854	0.0
16.1659240723	8.06697463989	0.0
16.184551239	8.0434589386	0.0
16.2031803131	8.0199432373	0.0
16.2218074799	7.99642705917	0.0
16.2404346466	7.97290992737	0.0
16.2590618134	7.94939422607	0.0
16.2776908875	7.92587804794	0.0
16.2963161469	7.90236091614	0.0
16.3179130554	7.87509584427	0.0
16.3365421295	7.8515791893	0.0
16.3551692963	7.82806301117	0.0
16.373796463	7.80454683304	0.0
16.3924236298	7.78103017807	0.0
16.4110527039	7.75751399994	0.0
16.4296798706	7.73399782181	0.0
16.4483070374	7.71048116684	0.0
16.4669342041	7.68696498871	0.0
16.4855613708	7.66344881058	0.0
16.5041885376	7.63993215561	0.0
16.5228176117	7.61641597748	0.0
16.5414447784	7.59289979935	0.0
16.5666923523	7.60924196243	0.0
16.5889720917	7.62933301926	0.0
16.6112499237	7.64942407608	0.0
16.6335296631	7.6695151329	0.0
16.6558074951	7.68960618973	0.0
16.6780872345	7.70969820023	0.0
16.7003650665	7.72978878021	0.0
16.7226448059	7.74987983704	0.0
16.7449226379	7.76997089386	0.0
16.7672023773	7.79006195068	0.0
16.7894802094	7.81015300751	0.0
16.8117599487	7.83024406433	0.0
16.8340396881	7.85033512115	0.0
16.8563175201	7.87042713165	0.0
16.8785953522	7.89051818848	0.0
16.9008750916	7.91060876846	0.0
16.9231548309	7.93069982529	0.0
16.945432663	7.95079088211	0.0
16.9677124023	7.97088193893	0.0
16.9899902344	7.99097299576	0.0
16.563041687	7.5656337738	0.0
16.5816688538	7.54211807251	0.0
16.6002960205	7.51860189438	0.0
16.6189231873	7.49508476257	0.0
16.637550354	7.47156906128	0.0
16.6561794281	7.44805288315	0.0
16.6748065948	7.42453622818	0.0
16.6934337616	7.40102005005	0.0
16.7120609283	7.37750387192	0.0
16.7306880951	7.35398721695	0.0
16.7493152618	7.33047103882	0.0
16.7679443359	7.30695486069	0.0
16.7865715027	7.28343915939	0.0
16.8138656616	7.26213216782	0.0
16.8381919861	7.24457502365	0.0
16.8625183105	7.22701692581	0.0
16.8868427277	7.20945978165	0.0
16.9111690521	7.19190216064	0.0
16.9354953766	7.17434501648	0.0
16.9598197937	7.15678787231	0.0
16.9841461182	7.13922977448	0.0
17.0084724426	7.12167310715	0.0
17.0327968597	7.10411500931	0.0
17.0571231842	7.08655786514	0.0
17.0814495087	7.0689997673	0.0
17.1057739258	7.05144309998	0.0
17.1301002502	7.03388595581	0.0
17.1544246674	7.01632785797	0.0
17.1787509918	6.99877119064	0.0
17.2030773163	6.9812130928	0.0
17.2274017334	6.96365594864	0.0
17.2517280579	6.94609880447	0.0
17.2760543823	6.92854118347	0.0
17.3140411377	6.92587280273	0.0
17.3438682556	6.92909622192	0.0
17.3736953735	6.93232011795	0.0
17.4035205841	6.9355430603	0.0
17.433347702	6.93876600266	0.0
17.4631748199	6.94198894501	0.0
17.4930000305	6.94521188736	0.0
17.5228271484	6.94843482971	0.0
17.552652359	6.95165777206	0.0
17.5824794769	6.95488119125	0.0
17.6123065948	6.95810508728	0.0
17.6421318054	6.96132802963	0.0
17.6719589233	6.96455097198	0.0
17.7017841339	6.96777391434	0.0
17.7316112518	6.97099685669	0.0
17.7614364624	6.97421979904	0.0
17.7912635803	6.97744321823	0.0
17.8210906982	6.98066616058	0.0
17.8509159088	6.98389005661	0.0
17.8807430267	6.98711299896	0.0
17.9105682373	6.99033594131	0.0
17.9403953552	6.99355888367	0.0
17.9702224731	6.99678182602	0.0
17.3085403442	6.90509319305	0.0
17.3328666687	6.88753509521	0.0
17.3571929932	6.86997795105	0.0
17.3815174103	6.85242080688	0.0
17.4058437347	6.83486318588	0.0
17.4301700592	6.81730604172	0.0
17.4544944763	6.79974794388	0.0
17.4788208008	6.78219079971	0.0
17.5031471252	6.76463413239	0.0
17.5274715424	6.74707603455	0.0
17.5517978668	6.72951889038	0.0
17.5761241913	6.71196079254	0.0
17.6004486084	6.69440412521	0.0
17.6247749329	6.67684602737	0.0
17.64909935	6.65928888321	0.0
17.6734256744	6.64173221588	0.0
17.6977519989	6.62417411804	0.0
17.722076416	6.60661697388	0.0
17.7464027405	6.58905887604	0.0
17.7707290649	6.57150220871	0.0
17.789812088	6.5376701355	0.0
17.8007354736	6.50972890854	0.0
17.8116588593	6.48178815842	0.0
17.8225803375	6.45384693146	0.0
17.8335037231	6.42590713501	0.0
17.8444271088	6.39796590805	0.0
17.855348587	6.37002515793	0.0
17.8662719727	6.34208393097	0.0
17.8771953583	6.31414318085	0.0
17.8881187439	6.28620195389	0.0
17.8990402222	6.25826120377	0.0
17.9099636078	6.23031997681	0.0
17.9208850861	6.20237922668	0.0
17.9318084717	6.17443799973	0.0
17.9427318573	6.14649677277	0.0
17.9536533356	6.11855602264	0.0
17.9645767212	6.0906162262	0.0
17.9754981995	6.06267499924	0.0
17.9864215851	6.03473377228	0.0
17.9973449707	6.00679302216	0.0
17.8047561646	6.55041217804	0.0
17.8306217194	6.5352139473	0.0
17.8564853668	6.52001476288	0.0
17.8823509216	6.5048160553	0.0
17.9082164764	6.48961782455	0.0
17.9340801239	6.47441911697	0.0
17.9599456787	6.45921993256	0.0
17.9858112335	6.44402217865	0.0
18.0312633514	6.41731309891	0.0
18.0571289062	6.40211391449	0.0
18.0829944611	6.38691520691	0.0
18.1088581085	6.37171697617	0.0
18.1347236633	6.35651779175	0.0
18.1605892181	6.34131908417	0.0
18.1864547729	6.32612085342	0.0
18.2123184204	6.31092214584	0.0
18.2577724457	6.2842130661	0.0
18.2836360931	6.26901483536	0.0
18.3095016479	6.25381612778	0.0
18.3353672028	6.23861694336	0.0
18.3612327576	6.22341823578	0.0
18.387096405	6.20822000504	0.0
18.4129619598	6.19302082062	0.0
18.4388275146	6.17782211304	0.0
18.4646911621	6.16262388229	0.0
18.4905567169	6.14742517471	0.0
18.5164222717	6.1322259903	0.0
18.5422878265	6.11702823639	0.0
18.568151474	6.10182905197	0.0
18.5940170288	6.08662986755	0.0
18.6198825836	6.07143211365	0.0
18.6457462311	6.05623292923	0.0
18.6716117859	6.04103422165	0.0
18.71159935	6.01948881149	0.0
18.7382774353	6.00576496124	0.0
18.7649536133	5.99204111099	0.0
18.7916297913	5.97831583023	0.0
18.8183078766	5.96459197998	0.0
18.8449840546	5.95086812973	0.0
18.8716602325	5.93714380264	0.0
18.8983364105	5.92341995239	0.0
18.9250144958	5.90969610214	0.0
18.9516906738	5.89597177505	0.0
18.9783668518	5.8822479248	0.0
19.0050449371	5.86852407455	0.0
19.0240955353	5.82828617096	0.0
19.023223877	5.79829883575	0.0
19.0223503113	5.76831197739	0.0
19.021478653	5.73832416534	0.0
19.0206050873	5.70833683014	0.0
19.019733429	5.67834997177	0.0
19.0188617706	5.64836215973	0.0
19.017988205	5.61837482452	0.0
19.0171165466	5.58838796616	0.0
19.0162448883	5.55840015411	0.0
19.0153713226	5.52841281891	0.0
19.0144996643	5.49842596054	0.0
19.0136260986	5.46843910217	0.0
19.0127544403	5.43845081329	0.0
19.011882782	5.40846395493	0.0
19.0110092163	5.37847709656	0.0
19.010137558	5.34848880768	0.0
19.0092658997	5.31850194931	0.0
19.008392334	5.28851509094	0.0
19.0075206757	5.25852680206	0.0
19.0066490173	5.2285399437	0.0
19.0057754517	5.19855308533	0.0
19.0049037933	5.16856479645	0.0
19.0040302277	5.13857793808	0.0
19.0031585693	5.10859107971	0.0
19.002286911	5.07860279083	0.0
19.0014133453	5.04861593246	0.0
19.000541687	5.0186290741	0.0
19.0516452789	5.84455013275	0.0
19.0783214569	5.83082485199	0.0
19.1049995422	5.81710100174	0.0
19.1316757202	5.80337715149	0.0
19.1583518982	5.7896528244	0.0
19.1850280762	5.77592897415	0.0
19.2117061615	5.7622051239	0.0
19.2383823395	5.74848079681	0.0
19.2650585175	5.73475694656	0.0
19.2917366028	5.72103309631	0.0
19.3184127808	5.70730876923	0.0
19.3450889587	5.69358491898	0.0
19.3918590546	5.69672298431	0.0
19.4187068939	5.7101111412	0.0
19.4455547333	5.72349977493	0.0
19.4724006653	5.73688793182	0.0
19.4992485046	5.75027608871	0.0
19.5260944366	5.76366519928	0.0
19.5529403687	5.77705287933	0.0
19.579788208	5.7904419899	0.0
19.60663414	5.80383014679	0.0
19.6334819794	5.81721782684	0.0
19.6603279114	5.83060693741	0.0
19.6871757507	5.8439950943	0.0
19.7140216827	5.85738420486	0.0
19.7408695221	5.87077188492	0.0
19.7677154541	5.88416099548	0.0
19.7945613861	5.89754915237	0.0
19.8214092255	5.91093683243	0.0
19.8482551575	5.92432594299	0.0
19.8751029968	5.93771409988	0.0
19.9019508362	5.95110321045	0.0
19.9287967682	5.9644908905	0.0
19.9556427002	5.97787904739	0.0
19.9824905396	5.99126815796	0.0
19.3873634338	5.66332197189	0.0
19.4097137451	5.64330911636	0.0
19.432062149	5.62329721451	0.0
19.4544124603	5.60328388214	0.0
19.4767608643	5.58327198029	0.0
19.4991092682	5.56325912476	0.0
19.5214595795	5.5432472229	0.0
19.5438098907	5.52323389053	0.0
19.5661582947	5.50322198868	0.0
19.588508606	5.48320913315	0.0
19.6108589172	5.46319723129	0.0
19.6332073212	5.44318389893	0.0
19.6555576324	5.42317199707	0.0
19.6779060364	5.40315914154	0.0
19.7002563477	5.38314676285	0.0
19.7226047516	5.36313390732	0.0
19.7449550629	5.34312200546	0.0
19.7673034668	5.32310914993	0.0
19.7896537781	5.30309677124	0.0
19.8245201111	5.28749084473	0.0
19.8528823853	5.27771091461	0.0
19.8812427521	5.2679309845	0.0
19.9096031189	5.25815105438	0.0
19.9379653931	5.24837112427	0.0
19.9663276672	5.23859119415	0.0
19.9946880341	5.22881221771	0.0
20.0469150543	5.21431303024	0.0
20.0761833191	5.20773220062	0.0
20.1054534912	5.20114994049	0.0
20.1347236633	5.19456911087	0.0
20.1639919281	5.18798685074	0.0
20.1932601929	5.18140602112	0.0
20.222530365	5.17482423782	0.0
20.2517986298	5.16824293137	0.0
20.2810688019	5.16166114807	0.0
20.3103370667	5.15507888794	0.0
20.3396072388	5.14849805832	0.0
20.3688755035	5.14191579819	0.0
20.3981456757	5.13533496857	0.0
20.4274139404	5.12875318527	0.0
20.4566822052	5.12217187881	0.0
20.4859523773	5.11559009552	0.0
20.5152206421	5.10900878906	0.0
20.5444908142	5.10242700577	0.0
20.573759079	5.09584617615	0.0
20.6030292511	5.08926391602	0.0
20.6322975159	5.08268213272	0.0
20.661567688	5.07610082626	0.0
20.6908359528	5.06951904297	0.0
20.7201061249	5.06293821335	0.0
20.7493743896	5.05635595322	0.0
20.7786445618	5.0497751236	0.0
20.8079128265	5.04319286346	0.0
20.8371810913	5.03661203384	0.0
20.8664512634	5.03002977371	0.0
20.8957195282	5.02344894409	0.0
20.9249897003	5.0168671608	0.0
20.9542598724	5.01028490067	0.0
20.9835281372	5.00370407104	0.0
20.0460071564	5.21111488342	0.0
20.0743675232	5.20133495331	0.0
20.1027297974	5.19155502319	0.0
20.1310901642	5.18177509308	0.0
20.1594524384	5.17199611664	0.0
20.1878128052	5.16221618652	0.0
20.216173172	5.15243577957	0.0
20.2329959869	5.11515283585	0.0
20.2268600464	5.08578681946	0.0
20.2207241058	5.05642223358	0.0
20.2145881653	5.02705621719	0.0
20.2084541321	4.99769020081	0.0
20.2023181915	4.96832418442	0.0
20.196182251	4.93895816803	0.0
20.1900463104	4.90959215164	0.0
20.1839103699	4.88022613525	0.0
20.1777763367	4.85086011887	0.0
20.1716403961	4.82149505615	0.0
20.1655044556	4.79212903976	0.0
20.159368515	4.76276302338	0.0
20.1532325745	4.73339700699	0.0
20.1470985413	4.7040309906	0.0
20.1409626007	4.67466497421	0.0
20.1348266602	4.64529895782	0.0
20.1286907196	4.61593389511	0.0
20.1225547791	4.58656787872	0.0
20.1164207458	4.55720186234	0.0
20.1102848053	4.52783584595	0.0
20.1041488647	4.49846982956	0.0
20.0980129242	4.46910381317	0.0
20.0918769836	4.43973779678	0.0
20.0857429504	4.4103717804	0.0
20.0796051025	4.38100719452	0.0
20.0734710693	4.35164117813	0.0
20.0673351288	4.32227516174	0.0
20.0611991882	4.29290914536	0.0
20.0550632477	4.26354312897	0.0
20.0489273071	4.23417711258	0.0
20.0427932739	4.20481109619	0.0
20.0366573334	4.1754450798	0.0
20.0305213928	4.14608001709	0.0
20.0243854523	4.1167140007	0.0
20.0182495117	4.08734798431	0.0
20.0121154785	4.05798196793	0.0
20.005979538	4.02861595154	0.0
20.2674922943	5.13473892212	0.0
20.2958545685	5.124958992	0.0
20.3242149353	5.11518001556	0.0
20.3525753021	5.10540008545	0.0
20.3809375763	5.09562015533	0.0
20.4092998505	5.08584022522	0.0
20.4376602173	5.07605981827	0.0
20.4660205841	5.06627988815	0.0
20.4943828583	5.05649995804	0.0
20.5227432251	5.0467209816	0.0
20.5511035919	5.03694105148	0.0
20.5794658661	5.02716112137	0.0
20.6078262329	5.01738119125	0.0
20.6361885071	5.0076007843	0.0
20.6645488739	4.99782085419	0.0
20.6929092407	4.98804092407	0.0
20.7212715149	4.97826194763	0.0
20.7496318817	4.96848201752	0.0
20.7779922485	4.9587020874	0.0
20.8063545227	4.94892215729	0.0
20.8347167969	4.93914222717	0.0
20.8630771637	4.92936182022	0.0
20.8914375305	4.91958189011	0.0
20.9197998047	4.90980291367	0.0
20.9481601715	4.90002298355	0.0
20.9765205383	4.89024305344	0.0
21.0048828125	4.88046312332	0.0
21.0332431793	4.87068319321	0.0
21.0616054535	4.86090278625	0.0
21.0899658203	4.85112285614	0.0
21.1183261871	4.84134292603	0.0
21.1466884613	4.83156394958	0.0
21.1750488281	4.82178401947	0.0
21.2034111023	4.81200408936	0.0
21.2317714691	4.80222415924	0.0
21.2601337433	4.79244422913	0.0
21.3015346527	4.79649114609	0.0
21.3303375244	4.80488300323	0.0
21.3591403961	4.81327486038	0.0
21.3879413605	4.82166719437	0.0
21.4167442322	4.83005905151	0.0
21.4455471039	4.83845090866	0.0
21.4743480682	4.84684276581	0.0
21.5031509399	4.85523509979	0.0
21.5319538116	4.86362695694	0.0
21.5607566833	4.87201881409	0.0
21.5895576477	4.88041114807	0.0
21.6183605194	4.88880300522	0.0
21.6471633911	4.89719486237	0.0
21.6759643555	4.90558719635	0.0
21.7047672272	4.9139790535	0.0
21.7335700989	4.92237091064	0.0
21.7623710632	4.93076276779	0.0
21.7911758423	4.93915510178	0.0
21.8199768066	4.94754695892	0.0
21.8487796783	4.95593976974	0.0
21.87758255	4.96433210373	0.0
21.9063835144	4.97272396088	0.0
21.9351863861	4.98111581802	0.0
21.9639892578	4.98950815201	0.0
21.9927902222	4.99790000916	0.0
21.2930774689	4.76605176926	0.0
21.3134231567	4.74400520325	0.0
21.3337688446	4.7219581604	0.0
21.3541145325	4.69991111755	0.0
21.374458313	4.67786407471	0.0
21.3948040009	4.65581703186	0.0
21.4151496887	4.63376998901	0.0
21.4435329437	4.61442899704	0.0
21.4688777924	4.59837913513	0.0
21.494222641	4.58232879639	0.0
21.5195674896	4.5662779808	0.0
21.5449123383	4.5502281189	0.0
21.5702590942	4.53417778015	0.0
21.5956039429	4.51812791824	0.0
21.6209487915	4.50207710266	0.0
21.6462955475	4.48602676392	0.0
21.6716403961	4.46997690201	0.0
21.6969852448	4.4539270401	0.0
21.7223300934	4.43787622452	0.0
21.7476768494	4.42182588577	0.0
21.773021698	4.40577602386	0.0
21.7983665466	4.38972616196	0.0
21.8237133026	4.37367486954	0.0
21.8490581512	4.35762500763	0.0
21.8744029999	4.34157514572	0.0
21.8997497559	4.32552480698	0.0
21.9250946045	4.30947399139	0.0
21.9504394531	4.29342412949	0.0
21.9757843018	4.27737379074	0.0
22.024646759	4.25715303421	0.0
22.0536556244	4.24950504303	0.0
22.0826644897	4.24185705185	0.0
22.1116733551	4.23420906067	0.0
22.1406822205	4.22656011581	0.0
22.1696891785	4.21891212463	0.0
22.1986999512	4.21126413345	0.0
22.2277088165	4.20361614227	0.0
22.2567176819	4.19596815109	0.0
22.2857246399	4.18832015991	0.0
22.3147335052	4.18067121506	0.0
22.3437423706	4.17302322388	0.0
22.372751236	4.1653752327	0.0
22.4017601013	4.15772676468	0.0
22.4307689667	4.1500787735	0.0
22.459777832	4.14242982864	0.0
22.4887866974	4.13478183746	0.0
22.5177955627	4.12713384628	0.0
22.5468044281	4.1194858551	0.0
22.5758113861	4.11183786392	0.0
22.6048202515	4.10418891907	0.0
22.6338291168	4.09654092789	0.0
22.6628398895	4.08889293671	0.0
22.6918468475	4.08124494553	0.0
22.7208557129	4.07359695435	0.0
22.7498645782	4.06594896317	0.0
22.7788734436	4.05830001831	0.0
22.807882309	4.05065202713	0.0
22.8368911743	4.04300403595	0.0
22.8658981323	4.03535604477	0.0
22.894908905	4.02770805359	0.0
22.9239177704	4.02005910873	0.0
22.9529266357	4.01241111755	0.0
22.9819335938	4.00476312637	0.0
21.996131897	4.23480510712	0.0
21.9966259003	4.20481014252	0.0
21.9971199036	4.17481422424	0.0
21.9976158142	4.14481782913	0.0
21.9981098175	4.11482191086	0.0
21.9986038208	4.08482599258	0.0
21.9990978241	4.05483007431	0.0
21.9995918274	4.02483415604	0.0
21.4016036987	4.60547876358	0.0
21.3850212097	4.58047914505	0.0
21.3684387207	4.55547809601	0.0
21.3518562317	4.53047800064	0.0
21.3352737427	4.5054769516	0.0
21.3186912537	4.48047685623	0.0
21.3021087646	4.45547580719	0.0
21.2855262756	4.43047618866	0.0
21.268945694	4.40547513962	0.0
21.2523612976	4.38047504425	0.0
21.2357807159	4.35547399521	0.0
21.2191963196	4.33047389984	0.0
21.2026157379	4.3054728508	0.0
21.1860332489	4.28047323227	0.0
21.1694507599	4.25547218323	0.0
21.1528682709	4.23047208786	0.0
21.1362857819	4.20547103882	0.0
21.1197032928	4.18047094345	0.0
21.1031208038	4.15546989441	0.0
21.0865383148	4.13046979904	0.0
21.0699558258	4.10546922684	0.0
21.0533733368	4.08046913147	0.0
21.0367908478	4.05546808243	0.0
21.0202083588	4.03046798706	0.0
21.0036258698	4.00546693802	0.0
19.8131256104	5.27252912521	0.0
19.8300914764	5.24778699875	0.0
19.8470573425	5.22304487228	0.0
19.8640232086	5.19830322266	0.0
19.8809871674	5.17356109619	0.0
19.8979549408	5.14881896973	0.0
19.9149208069	5.12407684326	0.0
19.931886673	5.09933519363	0.0
19.9488506317	5.07459306717	0.0
19.9658164978	5.0498509407	0.0
19.9827823639	5.02510881424	0.0
19.99974823	5.00036716461	0.0
18.7147579193	6.03006792068	0.0
18.7445926666	6.02692317963	0.0
18.7744274139	6.02377796173	0.0
18.8042621613	6.02063322067	0.0
18.8340969086	6.01748800278	0.0
18.8639316559	6.01434278488	0.0
18.8937664032	6.01119804382	0.0
18.9236011505	6.00805282593	0.0
18.9534358978	6.00490808487	0.0
18.9832706451	6.00176382065	0.0
18.2266368866	6.26987886429	0.0
18.221364975	6.24034500122	0.0
18.2160930634	6.21081209183	0.0
18.2108230591	6.18127918243	0.0
18.2055530548	6.15174484253	0.0
18.2002811432	6.12221193314	0.0
18.1950111389	6.09267902374	0.0
18.1897392273	6.06314516068	0.0
18.184469223	6.03361177444	0.0
18.1791973114	6.00407791138	0.0
18.1739273071	5.97454500198	0.0
18.1686573029	5.94501209259	0.0
18.1633853912	5.91547822952	0.0
18.158115387	5.88594484329	0.0
18.1528434753	5.8564119339	0.0
18.1475734711	5.82687807083	0.0
18.1423034668	5.79734516144	0.0
18.1370315552	5.76781177521	0.0
18.1317615509	5.73827791214	0.0
18.1264896393	5.70874500275	0.0
18.121219635	5.67921209335	0.0
18.1159477234	5.64967823029	0.0
18.1106777191	5.62014484406	0.0
18.1054077148	5.59061193466	0.0
18.1001358032	5.56107807159	0.0
18.094865799	5.5315451622	0.0
18.0895938873	5.50201177597	0.0
18.0843238831	5.4724779129	0.0
18.0790538788	5.44294500351	0.0
18.0737819672	5.41341209412	0.0
18.0685100555	5.38387823105	0.0
18.0632400513	5.35434484482	0.0
18.0579681396	5.32481193542	0.0
18.0526981354	5.29527807236	0.0
18.0474281311	5.26574516296	0.0
18.0421562195	5.23621177673	0.0
18.0368862152	5.20667791367	0.0
18.0316143036	5.17714500427	0.0
18.0263442993	5.14761209488	0.0
18.0210723877	5.11807823181	0.0
18.0158023834	5.08854484558	0.0
18.0105323792	5.05901193619	0.0
18.0052604675	5.02947807312	0.0
18.0314559937	6.44737911224	0.0
18.0575122833	6.46224594116	0.0
18.0835704803	6.47711277008	0.0
18.10962677	6.49198102951	0.0
18.1356830597	6.50684785843	0.0
18.1617393494	6.52171516418	0.0
18.1877975464	6.5365819931	0.0
18.2138538361	6.5514497757	0.0
18.2399101257	6.56631708145	0.0
18.2659683228	6.58118391037	0.0
18.2920246124	6.5960521698	0.0
18.3180828094	6.61091899872	0.0
18.3441390991	6.62578582764	0.0
18.3701953888	6.64065313339	0.0
18.3962535858	6.65552091599	0.0
18.4223098755	6.67038822174	0.0
18.4483661652	6.68525505066	0.0
18.4744243622	6.70012187958	0.0
18.5004806519	6.71499013901	0.0
18.5265369415	6.72985696793	0.0
18.5525932312	6.74472379684	0.0
18.5786514282	6.75959205627	0.0
18.6047077179	6.77445888519	0.0
18.6307659149	6.78932619095	0.0
18.6568222046	6.80419301987	0.0
18.6828784943	6.81906080246	0.0
18.7089366913	6.83392810822	0.0
18.734992981	6.84879493713	0.0
18.7610492706	6.86366319656	0.0
18.7871074677	6.87853002548	0.0
18.8131637573	6.8933968544	0.0
18.839220047	6.90826416016	0.0
18.865278244	6.92313194275	0.0
18.8913345337	6.93799877167	0.0
18.9173927307	6.95286607742	0.0
18.9434490204	6.96773290634	0.0
18.9695053101	6.98260116577	0.0
18.9955615997	6.99746799469	0.0
16.7816047668	7.25075817108	0.0
16.7736663818	7.22182703018	0.0
16.7657299042	7.19289588928	0.0
16.7577915192	7.16396617889	0.0
16.7498550415	7.13503503799	0.0
16.7419185638	7.10610389709	0.0
16.7339801788	7.07717323303	0.0
16.7260437012	7.04824209213	0.0
16.7181053162	7.01931095123	0.0
16.7101688385	6.99037981033	0.0
16.7022323608	6.96144914627	0.0
16.6942939758	6.93251800537	0.0
16.6863574982	6.90358686447	0.0
16.6784191132	6.87465620041	0.0
16.6704826355	6.84572505951	0.0
16.6625461578	6.81679391861	0.0
16.6546096802	6.78786277771	0.0
16.6277980804	6.74616003036	0.0
16.6066036224	6.72492790222	0.0
16.5854091644	6.70369577408	0.0
16.5642147064	6.68246507645	0.0
16.5430183411	6.6612329483	0.0
16.5218257904	6.64000082016	0.0
16.500629425	6.61876916885	0.0
16.4794368744	6.59753704071	0.0
16.458240509	6.57630586624	0.0
16.437046051	6.55507421494	0.0
16.415851593	6.53384208679	0.0
16.394657135	6.51260995865	0.0
16.412530899	6.48822784424	0.0
16.4356021881	6.4690527916	0.0
16.4586753845	6.44987821579	0.0
16.4817485809	6.43070411682	0.0
16.50481987	6.41152906418	0.0
16.5278930664	6.39235401154	0.0
16.5509643555	6.37317991257	0.0
16.5740375519	6.35400485992	0.0
16.5971107483	6.33482980728	0.0
16.6201820374	6.31565618515	0.0
16.6432533264	6.29648113251	0.0
16.6663265228	6.27730607986	0.0
16.6893997192	6.25813102722	0.0
16.7124710083	6.23895692825	0.0
16.7355422974	6.21978187561	0.0
16.7586154938	6.20060682297	0.0
16.7816886902	6.18143320084	0.0
16.8047599792	6.16225814819	0.0
16.8278331757	6.14308309555	0.0
16.8509044647	6.12390899658	0.0
16.8739776611	6.10473394394	0.0
16.8970489502	6.0855588913	0.0
16.9201221466	6.06638383865	0.0
16.9431934357	6.04721021652	0.0
16.9662666321	6.02803516388	0.0
16.9893398285	6.00886011124	0.0
16.3682632446	6.48617076874	0.0
16.347070694	6.46493911743	0.0
16.3258743286	6.44370698929	0.0
16.304681778	6.42247486115	0.0
16.2834854126	6.40124416351	0.0
16.2622909546	6.38001203537	0.0
16.2410964966	6.35877990723	0.0
16.2199020386	6.33754777908	0.0
16.1987075806	6.31631612778	0.0
16.1775131226	6.29508399963	0.0
16.1563186646	6.27385282516	0.0
16.1351242065	6.25262117386	0.0
16.1006202698	6.24099588394	0.0
16.071313858	6.23458003998	0.0
16.0420093536	6.2281627655	0.0
16.0127029419	6.22174596786	0.0
15.9833965302	6.21532917023	0.0
15.9540910721	6.20891189575	0.0
15.924785614	6.20249509811	0.0
15.8954801559	6.19607782364	0.0
15.8661737442	6.189661026	0.0
15.8368692398	6.18324422836	0.0
15.8075628281	6.17682695389	0.0
15.77825737	6.17041110992	0.0
15.7489519119	6.16399383545	0.0
15.7196464539	6.15757703781	0.0
15.6903400421	6.15115976334	0.0
15.661034584	6.1447429657	0.0
15.631729126	6.13832616806	0.0
15.6024227142	6.13190889359	0.0
15.5731182098	6.12549209595	0.0
15.5438117981	6.11907482147	0.0
15.51450634	6.11265802383	0.0
15.4851999283	6.10624217987	0.0
15.4558954239	6.0998249054	0.0
15.4265890121	6.09340810776	0.0
15.3972826004	6.08699083328	0.0
15.367978096	6.08057403564	0.0
15.3386716843	6.07415723801	0.0
15.3093662262	6.06773996353	0.0
15.2800607681	6.06132316589	0.0
15.2507553101	6.05490589142	0.0
15.2214488983	6.04848909378	0.0
15.1921443939	6.04207277298	0.0
15.1628379822	6.03565597534	0.0
15.1335315704	6.0292391777	0.0
15.1042261124	6.02282190323	0.0
15.0749206543	6.01640510559	0.0
15.0456151962	6.00998783112	0.0
15.0163087845	6.00357103348	0.0
16.1389160156	6.21879196167	0.0
16.1479053497	6.19017076492	0.0
16.1568965912	6.16154909134	0.0
16.1658859253	6.13292789459	0.0
16.1748752594	6.10430717468	0.0
16.1838645935	6.07568502426	0.0
16.192855835	6.04706382751	0.0
16.2018451691	6.0184431076	0.0
16.2108345032	5.98982095718	0.0
16.2198257446	5.96120023727	0.0
16.2288150787	5.93257904053	0.0
16.2378044128	5.90395689011	0.0
16.2467956543	5.8753361702	0.0
16.2557849884	5.84671497345	0.0
16.2647743225	5.8180937767	0.0
16.273765564	5.78947210312	0.0
16.2827548981	5.76085090637	0.0
16.2917442322	5.73223018646	0.0
16.3007354736	5.70360803604	0.0
16.3097248077	5.67498683929	0.0
16.2976131439	5.64635276794	0.0
16.2850646973	5.61910295486	0.0
16.272518158	5.59185314178	0.0
16.2599716187	5.56460285187	0.0
16.247423172	5.53735303879	0.0
16.2348766327	5.51010322571	0.0
16.222328186	5.48285293579	0.0
16.2097816467	5.45560312271	0.0
16.1972332001	5.42835283279	0.0
16.1846866608	5.40110301971	0.0
16.1721401215	5.37385177612	0.0
16.1595935822	5.34660196304	0.0
16.1470451355	5.31935214996	0.0
16.1344985962	5.29210186005	0.0
16.1219501495	5.26485204697	0.0
16.1094036102	5.23760223389	0.0
16.0968551636	5.21035194397	0.0
16.0843086243	5.18310213089	0.0
16.071762085	5.15585184097	0.0
16.0592155457	5.12860202789	0.0
16.046667099	5.10135221481	0.0
16.0341205597	5.0741019249	0.0
16.021572113	5.04685211182	0.0
16.0090255737	5.0196018219	0.0
16.3316230774	5.65264415741	0.0
16.3530883789	5.63168478012	0.0
16.3745536804	5.61072587967	0.0
16.3960170746	5.58976697922	0.0
16.4174804688	5.56880807877	0.0
16.4389457703	5.54784917831	0.0
16.4604091644	5.52688980103	0.0
16.4818744659	5.5059299469	0.0
16.5033397675	5.48497104645	0.0
16.5248031616	5.464012146	0.0
16.5462665558	5.44305276871	0.0
16.5677318573	5.42209386826	0.0
16.5891952515	5.4011349678	0.0
16.610660553	5.38017606735	0.0
16.6321239471	5.3592171669	0.0
16.6535892487	5.33825778961	0.0
16.6750526428	5.31729888916	0.0
16.6965179443	5.29633998871	0.0
16.7179813385	5.27538013458	0.0
16.73944664	5.25442123413	0.0
16.7609100342	5.23346185684	0.0
16.7823753357	5.21250295639	0.0
16.8038387299	5.19154405594	0.0
16.825302124	5.17058515549	0.0
16.8467674255	5.1496257782	0.0
16.8682327271	5.12866687775	0.0
16.8896961212	5.10770797729	0.0
16.9111595154	5.08674907684	0.0
16.9326248169	5.06579017639	0.0
16.9540882111	5.04482984543	0.0
16.9755535126	5.02387094498	0.0
16.9970188141	5.00291204453	0.0
16.6739997864	6.7839641571	0.0
16.6990070343	6.8005361557	0.0
16.7240142822	6.8171081543	0.0
16.7490215302	6.83368015289	0.0
16.7740287781	6.85025215149	0.0
16.799036026	6.86682415009	0.0
16.8240432739	6.88339614868	0.0
16.8490505219	6.89996814728	0.0
16.8740577698	6.91654014587	0.0
16.899066925	6.93311214447	0.0
16.9240722656	6.94968414307	0.0
16.9490814209	6.96625614166	0.0
16.9740886688	6.98282814026	0.0
16.9990959167	6.99940013885	0.0
16.289806366	7.87014913559	0.0
16.2803287506	7.84168577194	0.0
16.2708473206	7.81322288513	0.0
16.2613677979	7.78475999832	0.0
16.2518882751	7.75629806519	0.0
16.2424087524	7.72783517838	0.0
16.2329292297	7.69937181473	0.0
16.223449707	7.67090892792	0.0
16.2139701843	7.64244604111	0.0
16.2044906616	7.6139831543	0.0
16.1950092316	7.58551979065	0.0
16.1855316162	7.55705690384	0.0
16.1760501862	7.5285949707	0.0
16.1665706635	7.50013208389	0.0
16.1570911407	7.47166919708	0.0
16.147611618	7.44320583344	0.0
16.1381320953	7.41474294662	0.0
16.1286525726	7.38628005981	0.0
16.1191730499	7.357817173	0.0
16.1096935272	7.32935380936	0.0
16.1002120972	7.30089187622	0.0
16.0907344818	7.27242898941	0.0
16.0812530518	7.2439661026	0.0
16.0717735291	7.21550321579	0.0
16.0622959137	7.18703985214	0.0
16.0528144836	7.15857696533	0.0
16.0433349609	7.13011407852	0.0
16.0338554382	7.10165119171	0.0
16.0243759155	7.07318878174	0.0
16.0148963928	7.04472589493	0.0
16.0054168701	7.01626300812	0.0
16.0337104797	8.18612289429	0.0
16.013261795	8.16417312622	0.0
15.992811203	8.14222335815	0.0
15.972360611	8.12027263641	0.0
15.9519119263	8.09832286835	0.0
15.9314622879	8.07637214661	0.0
15.9110116959	8.05442237854	0.0
15.8905630112	8.0324716568	0.0
15.8701133728	8.01052188873	0.0
15.8496627808	7.98857212067	0.0
15.8292140961	7.96662092209	0.0
15.8087644577	7.94467115402	0.0
15.7883138657	7.92272090912	0.0
15.7678642273	7.90077114105	0.0
15.7474145889	7.87882089615	0.0
15.7269649506	7.85687112808	0.0
15.7065153122	7.8349199295	0.0
15.6860656738	7.81297016144	0.0
15.6656160355	7.79101991653	0.0
15.6451663971	7.76907014847	0.0
15.6247167587	7.74711990356	0.0
15.6042671204	7.7251701355	0.0
15.5838165283	7.70321893692	0.0
15.5633678436	7.68126916885	0.0
15.5429182053	7.65931892395	0.0
15.5224676132	7.63736915588	0.0
15.5020189285	7.61541891098	0.0
15.4815692902	7.59346818924	0.0
15.4611186981	7.57151794434	0.0
15.4406690598	7.54956817627	0.0
15.4202203751	7.52761793137	0.0
15.399769783	7.5056681633	0.0
15.3793201447	7.4837179184	0.0
15.35887146	7.46176719666	0.0
15.3384208679	7.43981695175	0.0
15.3179712296	7.41786718369	0.0
15.2975215912	7.39591693878	0.0
15.2770719528	7.37396717072	0.0
15.2566223145	7.35201692581	0.0
15.2361726761	7.33006620407	0.0
15.2157230377	7.30811595917	0.0
15.1952733994	7.2861661911	0.0
15.174823761	7.2642159462	0.0
15.1543741226	7.24226617813	0.0
15.1339235306	7.22031497955	0.0
15.1134738922	7.19836521149	0.0
15.0930252075	7.17641496658	0.0
15.0754518509	7.14571905136	0.0
15.0616579056	7.11907911301	0.0
15.0478639603	7.09243822098	0.0
15.0340690613	7.06579685211	0.0
15.020275116	7.03915691376	0.0
15.0064811707	7.01251602173	0.0
15.0688266754	7.15038204193	0.0
15.048406601	7.12840414047	0.0
15.0279865265	7.10642576218	0.0
15.0075674057	7.08444786072	0.0
14.9871473312	7.06246995926	0.0
14.9667272568	7.0404920578	0.0
14.946308136	7.01851415634	0.0
14.9258880615	6.99653577805	0.0
14.9054679871	6.97455787659	0.0
14.8850479126	6.95257997513	0.0
14.8646278381	6.93060207367	0.0
14.8442077637	6.90862417221	0.0
14.8237886429	6.88664579391	0.0
14.8033685684	6.86466789246	0.0
14.7829494476	6.842689991	0.0
14.7625293732	6.82071208954	0.0
14.7421092987	6.79873514175	0.0
14.7216892242	6.77675676346	0.0
14.7012691498	6.754778862	0.0
14.680850029	6.73280096054	0.0
14.6604299545	6.71082305908	0.0
14.6400098801	6.68884515762	0.0
14.6195898056	6.66686677933	0.0
14.5991697311	6.64488887787	0.0
14.5787496567	6.62291097641	0.0
14.5583305359	6.60093307495	0.0
14.5379114151	6.57895517349	0.0
14.5174913406	6.5569767952	0.0
14.4970712662	6.53499889374	0.0
14.4766511917	6.51302099228	0.0
14.4562311172	6.49104309082	0.0
14.4358119965	6.46906518936	0.0
14.415391922	6.44708681107	0.0
14.3949718475	6.42510986328	0.0
14.3745517731	6.40313196182	0.0
14.3541316986	6.38115406036	0.0
14.3337116241	6.35917615891	0.0
14.3132915497	6.33719778061	0.0
14.2928733826	6.31521987915	0.0
14.2724533081	6.29324197769	0.0
14.2520332336	6.27126407623	0.0
14.2316131592	6.24928617477	0.0
14.2111930847	6.22730779648	0.0
14.1907730103	6.20532989502	0.0
14.1703538895	6.18335199356	0.0
14.149933815	6.1613740921	0.0
14.1295137405	6.13939619064	0.0
14.1090936661	6.11741781235	0.0
14.0886735916	6.09543991089	0.0
14.0682544708	6.07346200943	0.0
14.04783535	6.05148410797	0.0
14.0274152756	6.02950716019	0.0
14.0069952011	6.00752878189	0.0
15.5247478485	8.76007175446	0.0
15.554359436	8.76488685608	0.0
15.5839700699	8.76970291138	0.0
15.6135807037	8.77451896667	0.0
15.6431922913	8.77933502197	0.0
15.6728029251	8.78415107727	0.0
15.702413559	8.78896617889	0.0
15.7320241928	8.79378223419	0.0
15.7616348267	8.79859828949	0.0
15.7912464142	8.80341434479	0.0
15.820857048	8.80823040009	0.0
15.8504676819	8.81304454803	0.0
15.8800792694	8.81786060333	0.0
15.9096899033	8.82267665863	0.0
15.9393005371	8.82749271393	0.0
15.9689121246	8.83230781555	0.0
15.9985227585	8.83712387085	0.0
16.0281333923	8.84193992615	0.0
16.0577449799	8.84675598145	0.0
16.0873565674	8.85157203674	0.0
16.1169662476	8.85638713837	0.0
16.1465778351	8.86120319366	0.0
16.1761894226	8.86601924896	0.0
16.2057991028	8.87083530426	0.0
16.2354106903	8.87565135956	0.0
16.2650222778	8.88046646118	0.0
16.294631958	8.88528156281	0.0
16.3242435455	8.8900976181	0.0
16.3538532257	8.8949136734	0.0
16.3834648132	8.8997297287	0.0
16.4130764008	8.90454483032	0.0
16.4426860809	8.90936088562	0.0
16.4722976685	8.91417694092	0.0
16.501909256	8.91899299622	0.0
16.5315208435	8.92380905151	0.0
16.5611305237	8.92862415314	0.0
16.5907421112	8.93344020844	0.0
16.6203536987	8.93825626373	0.0
16.6499633789	8.94307231903	0.0
16.6795749664	8.94788742065	0.0
16.709186554	8.95270347595	0.0
16.7387962341	8.95751857758	0.0
16.7684078217	8.96233463287	0.0
16.7980194092	8.96715068817	0.0
16.8276290894	8.97196578979	0.0
16.8572406769	8.97678184509	0.0
16.8868503571	8.98159790039	0.0
16.9164619446	8.98641395569	0.0
16.9460735321	8.99123001099	0.0
16.9756832123	8.99604511261	0.0
15.3273639679	8.84613704681	0.0
15.3165388107	8.81815814972	0.0
15.3057136536	8.79017925262	0.0
15.2948894501	8.76220035553	0.0
15.2840642929	8.73422145844	0.0
15.2732400894	8.70624160767	0.0
15.2624149323	8.67826366425	0.0
15.2515897751	8.65028476715	0.0
15.2407646179	8.62230587006	0.0
15.2299404144	8.59432697296	0.0
15.2191152573	8.56634807587	0.0
15.2082910538	8.53836917877	0.0
15.1974658966	8.51039028168	0.0
15.1866407394	8.48241138458	0.0
15.1758155823	8.45443153381	0.0
15.1649913788	8.42645263672	0.0
15.1541662216	8.39847373962	0.0
15.1433420181	8.37049484253	0.0
15.132516861	8.34251594543	0.0
15.1216917038	8.31453704834	0.0
15.1108665466	8.28655815125	0.0
15.1000423431	8.25857925415	0.0
15.089217186	8.23060035706	0.0
15.0783920288	8.20262145996	0.0
15.0675678253	8.17464160919	0.0
15.0567426682	8.1466627121	0.0
15.0459184647	8.118683815	0.0
15.0350933075	8.09070491791	0.0
15.0242681503	8.06272602081	0.0
15.0134429932	8.03474712372	0.0
15.0026187897	8.00676822662	0.0
15.1003637314	9.14156723022	0.0
15.1266517639	9.15602207184	0.0
15.1529388428	9.17047691345	0.0
15.1792268753	9.18493270874	0.0
15.2055149078	9.19938755035	0.0
15.2318029404	9.21384334564	0.0
15.2580900192	9.22829818726	0.0
15.2843780518	9.24275398254	0.0
15.3106660843	9.25720882416	0.0
15.3369541168	9.27166366577	0.0
15.3632421494	9.28611946106	0.0
15.3895292282	9.30057430267	0.0
15.4158172607	9.31503009796	0.0
15.4421052933	9.32948493958	0.0
15.4683933258	9.34393978119	0.0
15.4946804047	9.3583946228	0.0
15.5209684372	9.37285041809	0.0
15.5472564697	9.38730621338	0.0
15.5735435486	9.40176105499	0.0
15.5998306274	9.41621589661	0.0
15.62611866	9.43067073822	0.0
15.6524066925	9.44512653351	0.0
15.692908287	9.47403812408	0.0
15.7158927917	9.49331760406	0.0
15.7388782501	9.51259708405	0.0
15.7618627548	9.53187656403	0.0
15.7848472595	9.55115604401	0.0
15.8078317642	9.57043552399	0.0
15.8308172226	9.58971500397	0.0
15.8538017273	9.60899543762	0.0
15.8767871857	9.62827396393	0.0
15.8997707367	9.64755439758	0.0
15.9227561951	9.66683292389	0.0
15.9457406998	9.68611335754	0.0
15.9687261581	9.70539188385	0.0
15.9917097092	9.7246723175	0.0
16.0146942139	9.74395084381	0.0
16.0376796722	9.76323127747	0.0
16.0606651306	9.78250980377	0.0
16.083650589	9.80179023743	0.0
16.10663414	9.82106876373	0.0
16.1296195984	9.84034919739	0.0
16.1526031494	9.85962772369	0.0
16.1755886078	9.87890815735	0.0
16.1985740662	9.89818668365	0.0
16.2215576172	9.91746711731	0.0
16.2445430756	9.93674564362	0.0
16.2675285339	9.95602607727	0.0
16.290512085	9.97530555725	0.0
16.3134975433	9.99458503723	0.0
16.3364810944	10.0138654709	0.0
16.3594665527	10.0331439972	0.0
16.3824520111	10.0524244308	0.0
16.4066505432	10.0737409592	0.0
16.4291248322	10.0936126709	0.0
16.4515991211	10.1134853363	0.0
16.47407341	10.133357048	0.0
16.496547699	10.1532287598	0.0
16.5190219879	10.1731014252	0.0
16.5414962769	10.1929731369	0.0
16.5639705658	10.2128448486	0.0
16.5864467621	10.2327165604	0.0
16.6089191437	10.2525892258	0.0
16.63139534	10.2724609375	0.0
16.6538696289	10.2923326492	0.0
16.6763439178	10.3122053146	0.0
16.6988182068	10.3320770264	0.0
16.7212924957	10.3519487381	0.0
16.743768692	10.3718214035	0.0
16.7662410736	10.3916931152	0.0
16.7887172699	10.4115638733	0.0
16.8111915588	10.431435585	0.0
16.8336658478	10.4513082504	0.0
16.8561401367	10.4711799622	0.0
16.8786144257	10.4910516739	0.0
16.9010887146	10.5109243393	0.0
16.9235649109	10.530796051	0.0
16.9460372925	10.5506677628	0.0
16.996213913	10.5762224197	0.0
17.0253887177	10.5832080841	0.0
17.0545635223	10.5901937485	0.0
17.083738327	10.5971813202	0.0
17.1129131317	10.6041669846	0.0
17.1420898438	10.6111526489	0.0
17.1712646484	10.618139267	0.0
17.2004394531	10.6251249313	0.0
17.2296142578	10.6321115494	0.0
17.2587890625	10.6390981674	0.0
17.2879657745	10.6460838318	0.0
17.3171405792	10.6530704498	0.0
17.3463153839	10.6600561142	0.0
17.3754901886	10.6670427322	0.0
17.4046669006	10.6740293503	0.0
17.4338417053	10.6810150146	0.0
17.46301651	10.688000679	0.0
17.4921913147	10.6949882507	0.0
17.5213661194	10.7019739151	0.0
17.5505428314	10.7089595795	0.0
17.5797176361	10.7159461975	0.0
17.6088924408	10.7229318619	0.0
17.6380672455	10.7299194336	0.0
17.6672420502	10.736905098	0.0
17.6964187622	10.7438907623	0.0
17.7255935669	10.7508773804	0.0
17.7547683716	10.7578630447	0.0
17.7839431763	10.7648496628	0.0
17.8419895172	10.7773590088	0.0
17.8714504242	10.7830228806	0.0
17.9009113312	10.7886867523	0.0
17.9303722382	10.7943506241	0.0
17.9598312378	10.8000154495	0.0
17.9892921448	10.805680275	0.0
18.0187530518	10.8113441467	0.0
18.0482120514	10.8170080185	0.0
18.0776748657	10.8226718903	0.0
18.1071338654	10.828335762	0.0
18.1365947723	10.8339996338	0.0
18.1660556793	10.8396644592	0.0
18.1955165863	10.845328331	0.0
18.2249755859	10.8509931564	0.0
18.2544364929	10.8566570282	0.0
18.2838973999	10.8623209	0.0
18.3133563995	10.8679847717	0.0
18.3428173065	10.8736486435	0.0
18.3722782135	10.8793134689	0.0
18.4017391205	10.8849773407	0.0
18.4311981201	10.8906412125	0.0
18.4606609344	10.8963050842	0.0
18.4901199341	10.9019699097	0.0
18.5195808411	10.9076337814	0.0
18.549041748	10.9132976532	0.0
18.5785007477	10.918961525	0.0
18.6079616547	10.9246263504	0.0
18.6374225616	10.9302902222	0.0
18.6668834686	10.9359540939	0.0
18.6963424683	10.9416179657	0.0
18.7258033752	10.9472827911	0.0
18.7552642822	10.9529466629	0.0
18.7847251892	10.9586105347	0.0
18.8141841888	10.9642753601	0.0
18.8436450958	10.9699392319	0.0
18.8731060028	10.9756031036	0.0
18.9025669098	10.9812669754	0.0
18.9320278168	10.9869308472	0.0
18.9614868164	10.9925947189	0.0
18.9909477234	10.9982595444	0.0
17.8315677643	10.7948799133	0.0
17.8506069183	10.8180646896	0.0
17.869644165	10.8412504196	0.0
17.8886833191	10.8644351959	0.0
17.9077205658	10.8876199722	0.0
17.9267597198	10.9108047485	0.0
17.9457969666	10.9339914322	0.0
17.9648342133	10.9571762085	0.0
17.9838733673	10.9803609848	0.0
16.9693260193	10.5991477966	0.0
16.9716148376	10.6290607452	0.0
16.973903656	10.6589727402	0.0
16.9761924744	10.6888856888	0.0
16.9784812927	10.7187976837	0.0
16.9807701111	10.7487106323	0.0
16.9830608368	10.7786235809	0.0
16.9853496552	10.8085355759	0.0
16.9876384735	10.8384485245	0.0
16.9899272919	10.8683614731	0.0
16.9922161102	10.8982744217	0.0
16.9945049286	10.9281864166	0.0
16.9967937469	10.9580993652	0.0
16.9990825653	10.9880113602	0.0
16.4140605927	10.0512552261	0.0
16.4439468384	10.0486402512	0.0
16.4738330841	10.0460262299	0.0
16.5037193298	10.0434122086	0.0
16.5336036682	10.0407981873	0.0
16.5634899139	10.0381832123	0.0
16.5933761597	10.035569191	0.0
16.6232624054	10.0329551697	0.0
16.6531486511	10.0303411484	0.0
16.6830348969	10.0277261734	0.0
16.7129192352	10.0251121521	0.0
16.742805481	10.0224981308	0.0
16.7726917267	10.0198841095	0.0
16.8025760651	10.0172691345	0.0
16.8324623108	10.0146551132	0.0
16.8623485565	10.0120410919	0.0
16.8922348022	10.0094270706	0.0
16.922121048	10.0068120956	0.0
16.9520072937	10.0041980743	0.0
16.9818935394	10.001584053	0.0
15.6875457764	9.43048000336	0.0
15.7051677704	9.40620136261	0.0
15.7227897644	9.38192176819	0.0
15.7404117584	9.35764408112	0.0
15.7580347061	9.33336544037	0.0
15.7756567001	9.30908584595	0.0
15.7932786942	9.2848072052	0.0
15.8109006882	9.26052856445	0.0
15.8285226822	9.23624992371	0.0
15.8461456299	9.21197128296	0.0
15.8637676239	9.18769168854	0.0
15.8813896179	9.16341400146	0.0
15.8990116119	9.13913536072	0.0
15.916633606	9.1148557663	0.0
15.9342565536	9.09057712555	0.0
15.9518785477	9.06629753113	0.0
15.9695005417	9.04201984406	0.0
15.9871225357	9.01774120331	0.0
14.2138586044	9.80841255188	0.0
14.2110910416	9.77854061127	0.0
14.2083244324	9.74866867065	0.0
14.2055559158	9.71879673004	0.0
14.2027893066	9.68892478943	0.0
14.2000207901	9.65905284882	0.0
14.1972541809	9.6291809082	0.0
14.1944856644	9.59930801392	0.0
14.1917190552	9.5694360733	0.0
14.188952446	9.53956413269	0.0
14.1861839294	9.50969219208	0.0
14.1834173203	9.47982025146	0.0
14.1806488037	9.44994831085	0.0
14.1778821945	9.42007637024	0.0
14.175113678	9.39020442963	0.0
14.1723470688	9.36033153534	0.0
14.1695785522	9.33045959473	0.0
14.1668119431	9.30058765411	0.0
14.1640453339	9.2707157135	0.0
14.1612768173	9.24084281921	0.0
14.1585102081	9.2109708786	0.0
14.1557416916	9.18109893799	0.0
14.1529750824	9.15122699738	0.0
14.1502065659	9.12135505676	0.0
14.1474399567	9.09148311615	0.0
14.1446733475	9.06161117554	0.0
14.1419048309	9.03173923492	0.0
14.1391382217	9.00186729431	0.0
14.1363697052	8.9719953537	0.0
14.133603096	8.94212341309	0.0
14.1308345795	8.91225147247	0.0
14.1280679703	8.88237762451	0.0
14.1253004074	8.8525056839	0.0
14.1225328445	8.82263374329	0.0
14.1197662354	8.79276180267	0.0
14.1169977188	8.76288986206	0.0
14.1142311096	8.73301792145	0.0
14.1114625931	8.70314598083	0.0
14.1086959839	8.67327404022	0.0
14.105928421	8.64340209961	0.0
14.1031608582	8.613530159	0.0
14.1003932953	8.58365821838	0.0
14.0976257324	8.55378627777	0.0
14.0948591232	8.52391433716	0.0
14.0920906067	8.49404144287	0.0
14.0893239975	8.46416854858	0.0
14.0865564346	8.43429660797	0.0
14.0837888718	8.40442466736	0.0
14.0810213089	8.37455272675	0.0
14.078253746	8.34468078613	0.0
14.0713119507	8.31253433228	0.0
14.0646381378	8.28328609467	0.0
14.057964325	8.25403785706	0.0
14.0512914658	8.22478866577	0.0
14.0446166992	8.19554138184	0.0
14.0379428864	8.16629314423	0.0
14.0312700272	8.13704490662	0.0
14.0245962143	8.10779571533	0.0
14.0179224014	8.0785484314	0.0
14.0112485886	8.04930019379	0.0
14.0045747757	8.0200510025	0.0
14.068277359	8.31339740753	0.0
14.0585680008	8.28501224518	0.0
14.0488586426	8.25662612915	0.0
14.039150238	8.2282409668	0.0
14.0294408798	8.19985485077	0.0
14.0197324753	8.17146873474	0.0
14.0100231171	8.14308357239	0.0
14.0003137589	8.11469841003	0.0
13.990606308	8.08631324768	0.0
13.9808969498	8.05792713165	0.0
13.9711875916	8.0295419693	0.0
13.961479187	8.00115585327	0.0
13.9517698288	7.97277116776	0.0
13.9420614243	7.94438505173	0.0
13.932352066	7.91599988937	0.0
13.9226436615	7.88761377335	0.0
13.912935257	7.85922908783	0.0
13.9032258987	7.8308429718	0.0
13.8935165405	7.80245780945	0.0
13.883808136	7.77407217026	0.0
13.8740987778	7.7456870079	0.0
13.8643903732	7.71730089188	0.0
13.854681015	7.68891620636	0.0
13.8449726105	7.66053009033	0.0
13.8352642059	7.63214492798	0.0
13.8255548477	7.60375881195	0.0
13.8158464432	7.57537317276	0.0
13.806137085	7.54698801041	0.0
13.7964277267	7.51860189438	0.0
13.8005962372	7.46885299683	0.0
13.8123369217	7.44124603271	0.0
13.8240776062	7.4136390686	0.0
13.8358201981	7.38603210449	0.0
13.8475608826	7.35842514038	0.0
13.8593015671	7.33081817627	0.0
13.8710441589	7.30321121216	0.0
13.8827848434	7.27560377121	0.0
13.894525528	7.2479968071	0.0
13.9062671661	7.22038984299	0.0
13.9180088043	7.19278287888	0.0
13.9297504425	7.16517686844	0.0
13.941491127	7.13756990433	0.0
13.9532327652	7.10996294022	0.0
13.9649744034	7.0823559761	0.0
13.9767150879	7.05474901199	0.0
13.9884557724	7.02714204788	0.0
13.763463974	7.48048019409	0.0
13.7380743027	7.46450090408	0.0
13.7126836777	7.44852209091	0.0
13.6872940063	7.4325428009	0.0
13.6619033813	7.41656398773	0.0
13.6365127563	7.40058517456	0.0
13.611123085	7.38460493088	0.0
13.58573246	7.36862611771	0.0
13.560341835	7.3526468277	0.0
13.5349521637	7.33666801453	0.0
13.5095615387	7.32068920135	0.0
13.4841709137	7.30470991135	0.0
13.4587812424	7.2887301445	0.0
13.4333906174	7.27275085449	0.0
13.4079999924	7.25677204132	0.0
13.382610321	7.24079322815	0.0
13.357219696	7.22481393814	0.0
13.3318300247	7.2088341713	0.0
13.3064393997	7.19285488129	0.0
13.2810487747	7.17687606812	0.0
13.2556591034	7.16089677811	0.0
13.2302694321	7.14491796494	0.0
13.2048778534	7.12893915176	0.0
13.1794881821	7.11295890808	0.0
13.1540975571	7.09698009491	0.0
13.1287069321	7.0810008049	0.0
13.1033172607	7.06502199173	0.0
13.0779266357	7.04904317856	0.0
13.0525369644	7.03306388855	0.0
13.0271463394	7.0170841217	0.0
13.0017557144	7.0011048317	0.0
13.8161182404	10.2040605545	0.0
13.8443336487	10.2142505646	0.0
13.8725509644	10.224439621	0.0
13.9007673264	10.2346286774	0.0
13.9289836884	10.2448186874	0.0
13.9572000504	10.2550077438	0.0
13.985417366	10.2651977539	0.0
14.013633728	10.2753868103	0.0
14.04185009	10.2855768204	0.0
14.0700674057	10.2957658768	0.0
14.098282814	10.3059549332	0.0
14.1265001297	10.3161449432	0.0
14.1547174454	10.3263339996	0.0
14.1829328537	10.3365240097	0.0
14.2111501694	10.3467130661	0.0
14.2393655777	10.3569030762	0.0
14.2675828934	10.3670921326	0.0
14.2957992554	10.377281189	0.0
14.3240156174	10.387471199	0.0
14.352232933	10.3976602554	0.0
14.380449295	10.4078502655	0.0
14.408665657	10.4180393219	0.0
14.436882019	10.428229332	0.0
14.4650993347	10.4384183884	0.0
14.5016479492	10.4239273071	0.0
14.5244989395	10.4044876099	0.0
14.5473499298	10.3850498199	0.0
14.5701999664	10.36561203	0.0
14.5930509567	10.3461742401	0.0
14.615901947	10.3267364502	0.0
14.6387529373	10.3072977066	0.0
14.6616039276	10.287858963	0.0
14.6844539642	10.2684211731	0.0
14.7073049545	10.2489833832	0.0
14.7301559448	10.2295446396	0.0
14.7530069351	10.2101068497	0.0
14.7758569717	10.1906690598	0.0
14.798707962	10.1712303162	0.0
14.8215589523	10.1517915726	0.0
14.8444099426	10.1323537827	0.0
14.8672599792	10.1129159927	0.0
14.8901109695	10.0934782028	0.0
14.9129619598	10.0740404129	0.0
14.9358129501	10.0546007156	0.0
14.9586629868	10.0351629257	0.0
14.9815139771	10.0157251358	0.0
14.4993019104	10.4652643204	0.0
14.5198068619	10.4871616364	0.0
14.5403118134	10.5090608597	0.0
14.5608158112	10.530960083	0.0
14.5813207626	10.5528583527	0.0
14.6018257141	10.5747566223	0.0
14.6223306656	10.5966558456	0.0
14.6428356171	10.618555069	0.0
14.6633396149	10.6404533386	0.0
14.6838445663	10.6623516083	0.0
14.7043504715	10.6842508316	0.0
14.724855423	10.7061500549	0.0
14.7453594208	10.7280483246	0.0
14.7658643723	10.7499465942	0.0
14.7863693237	10.7718458176	0.0
14.8068742752	10.7937450409	0.0
14.827378273	10.8156433105	0.0
14.8478832245	10.8375415802	0.0
14.868388176	10.8594408035	0.0
14.8888931274	10.8813390732	0.0
14.9093980789	10.9032382965	0.0
14.9299020767	10.9251365662	0.0
14.9504070282	10.9470357895	0.0
14.9709119797	10.9689340591	0.0
14.9914169312	10.9908332825	0.0
13.2053956985	10.7198219299	0.0
13.1847372055	10.6980686188	0.0
13.1640768051	10.676317215	0.0
13.1434173584	10.6545639038	0.0
13.122756958	10.6328105927	0.0
13.102098465	10.6110591888	0.0
13.0814380646	10.5893058777	0.0
13.0607776642	10.5675544739	0.0
13.0401182175	10.5458011627	0.0
13.0194587708	10.5240478516	0.0
12.998799324	10.5022964478	0.0
12.9781389236	10.4805431366	0.0
12.9574804306	10.4587907791	0.0
12.9368200302	10.4370384216	0.0
12.9161596298	10.4152851105	0.0
12.8741645813	10.3894376755	0.0
12.8462591171	10.3784246445	0.0
12.8183526993	10.3674125671	0.0
12.7904481888	10.3563995361	0.0
12.7625417709	10.3453884125	0.0
12.7346363068	10.3343763351	0.0
12.7067308426	10.3233633041	0.0
12.6788253784	10.3123512268	0.0
12.6509189606	10.3013381958	0.0
12.6230144501	10.2903261185	0.0
12.5951080322	10.2793130875	0.0
12.5672016144	10.2683010101	0.0
12.5392971039	10.2572889328	0.0
12.511390686	10.2462759018	0.0
12.4834852219	10.2352638245	0.0
12.4555797577	10.2242507935	0.0
12.4276742935	10.2132387161	0.0
12.3997678757	10.2022256851	0.0
12.3718633652	10.1912136078	0.0
12.3439569473	10.1802005768	0.0
12.3160505295	10.1691894531	0.0
12.288146019	10.1581773758	0.0
12.2602396011	10.1471643448	0.0
12.232334137	10.1361522675	0.0
12.2044286728	10.1251392365	0.0
12.1517438889	10.113196373	0.0
12.1218881607	10.1102619171	0.0
12.0920324326	10.1073284149	0.0
12.0621757507	10.1043930054	0.0
12.0323200226	10.1014585495	0.0
12.0024642944	10.0985250473	0.0
11.9726066589	10.0955896378	0.0
11.9427509308	10.0926561356	0.0
11.9128952026	10.0897216797	0.0
11.8830394745	10.0867872238	0.0
11.8531827927	10.0838527679	0.0
11.8233270645	10.0809192657	0.0
11.7934703827	10.0779838562	0.0
11.7636137009	10.075050354	0.0
11.7337579727	10.0721158981	0.0
11.7039022446	10.0691814423	0.0
11.6740455627	10.0662469864	0.0
11.6441898346	10.0633125305	0.0
11.6143341064	10.0603780746	0.0
11.5844774246	10.0574436188	0.0
11.5546207428	10.0545101166	0.0
11.5247650146	10.051574707	0.0
11.4949092865	10.0486412048	0.0
11.4650526047	10.045706749	0.0
11.4351968765	10.0427722931	0.0
11.4053411484	10.0398378372	0.0
11.3754844666	10.036904335	0.0
11.3456277847	10.0339689255	0.0
11.3157720566	10.0310354233	0.0
11.2859163284	10.0281009674	0.0
11.2560596466	10.0251655579	0.0
11.2262039185	10.0222320557	0.0
11.1963472366	10.0192975998	0.0
11.1664905548	10.0163631439	0.0
11.1366348267	10.013428688	0.0
11.1067790985	10.0104951859	0.0
11.0769233704	10.0075597763	0.0
11.0470666885	10.0046262741	0.0
11.0172109604	10.0016908646	0.0
12.1563262939	10.0999679565	0.0
12.1310520172	10.0838060379	0.0
12.1057777405	10.0676441193	0.0
12.0805044174	10.0514812469	0.0
12.0552301407	10.0353193283	0.0
12.029955864	10.019156456	0.0
12.0046815872	10.0029935837	0.0
12.9091968536	10.3713092804	0.0
12.9163227081	10.3421678543	0.0
12.92345047	10.3130264282	0.0
12.9305763245	10.2838850021	0.0
12.9377031326	10.254743576	0.0
12.9448289871	10.2256031036	0.0
12.9519557953	10.1964607239	0.0
12.9590816498	10.1673202515	0.0
12.9662084579	10.1381788254	0.0
12.9733352661	10.109038353	0.0
12.9804611206	10.0798959732	0.0
12.9875879288	10.0507545471	0.0
12.9947137833	10.0216140747	0.0
12.4661245346	11.8095598221	0.0
12.4383525848	11.8209056854	0.0
12.4105815887	11.8322534561	0.0
12.382809639	11.8435993195	0.0
12.3550386429	11.8549451828	0.0
12.3272666931	11.8662919998	0.0
12.2994947433	11.8776378632	0.0
12.2717237473	11.8889846802	0.0
12.2439517975	11.9003305435	0.0
12.2161808014	11.9116773605	0.0
12.1884088516	11.9230241776	0.0
12.1606378555	11.9343700409	0.0
12.1328659058	11.9457159042	0.0
12.105093956	11.9570627213	0.0
12.0773229599	11.9684085846	0.0
12.0495510101	11.9797554016	0.0
12.021780014	11.9911022186	0.0
12.2232198715	12.2222242355	0.0
12.2520618439	12.2139720917	0.0
12.2809047699	12.2057209015	0.0
12.3097476959	12.1974687576	0.0
12.3385906219	12.1892175674	0.0
12.367433548	12.1809663773	0.0
12.3962774277	12.1727151871	0.0
12.4251203537	12.1644630432	0.0
12.4539632797	12.156211853	0.0
12.4828062057	12.1479597092	0.0
12.5116491318	12.1397094727	0.0
12.5404911041	12.1314582825	0.0
12.5693340302	12.1232061386	0.0
12.5981769562	12.1149549484	0.0
12.6270198822	12.1067028046	0.0
12.6558628082	12.0984516144	0.0
12.6847057343	12.0902004242	0.0
12.7135486603	12.081949234	0.0
12.7423915863	12.0736970901	0.0
12.771235466	12.0654459	0.0
12.800078392	12.0571937561	0.0
12.8289213181	12.0489425659	0.0
12.8577632904	12.0406913757	0.0
12.8866062164	12.0324401855	0.0
12.9154491425	12.0241889954	0.0
12.9442920685	12.0159368515	0.0
12.9731349945	12.0076856613	0.0
10.7215356827	14.3748407364	0.0
10.7462940216	14.3578987122	0.0
10.7710523605	14.3409566879	0.0
10.7958106995	14.3240146637	0.0
10.8205690384	14.3070726395	0.0
10.8453273773	14.2901306152	0.0
10.8700857162	14.273188591	0.0
10.8948440552	14.2562465668	0.0
10.9196023941	14.2393064499	0.0
10.944360733	14.2223644257	0.0
10.969119072	14.2054224014	0.0
10.9938774109	14.1884803772	0.0
11.0343093872	14.1608133316	0.0
11.0590677261	14.1438713074	0.0
11.0838260651	14.1269292831	0.0
11.108584404	14.1099872589	0.0
11.1333417892	14.0930452347	0.0
11.1581010818	14.0761032104	0.0
11.1828594208	14.0591621399	0.0
11.207616806	14.0422201157	0.0
11.2323760986	14.0252780914	0.0
11.2571344376	14.0083360672	0.0
11.2818918228	13.991394043	0.0
11.3066511154	13.9744520187	0.0
11.3522815704	13.9653301239	0.0
11.3822393417	13.9669342041	0.0
11.4121961594	13.9685373306	0.0
11.442152977	13.9701414108	0.0
11.4721097946	13.9717435837	0.0
11.5020666122	13.9733476639	0.0
11.5320243835	13.9749507904	0.0
11.5619812012	13.9765548706	0.0
11.5919380188	13.9781579971	0.0
11.6218957901	13.9797620773	0.0
11.6518526077	13.9813652039	0.0
11.681810379	13.9829692841	0.0
11.7117671967	13.9845724106	0.0
11.7417240143	13.9861755371	0.0
11.7716808319	13.9877786636	0.0
11.8016376495	13.9893827438	0.0
11.8315954208	13.9909858704	0.0
11.8615531921	13.9925889969	0.0
11.8915100098	13.9941930771	0.0
11.9214668274	13.9957962036	0.0
11.951423645	13.9974002838	0.0
11.9813814163	13.9990034103	0.0
11.3395805359	13.9391870499	0.0
11.3568372726	13.9146461487	0.0
11.3740930557	13.8901062012	0.0
11.3913488388	13.8655662537	0.0
11.4086055756	13.8410263062	0.0
11.4258623123	13.8164863586	0.0
11.4431180954	13.7919454575	0.0
11.4603738785	13.7674045563	0.0
11.4776306152	13.7428646088	0.0
11.494887352	13.7183246613	0.0
11.5121431351	13.6937837601	0.0
11.5293989182	13.6692438126	0.0
11.5466556549	13.6447038651	0.0
11.5639123917	13.6201639175	0.0
11.5811681747	13.59562397	0.0
11.5984239578	13.5710830688	0.0
11.6156806946	13.5465431213	0.0
11.6329374313	13.5220031738	0.0
11.6501932144	13.4974632263	0.0
11.6674489975	13.4729232788	0.0
11.6847057343	13.4483823776	0.0
11.701962471	13.4238424301	0.0
11.7192182541	13.3993015289	0.0
11.7364740372	13.3747615814	0.0
11.7537298203	13.3502206802	0.0
11.770986557	13.3256807327	0.0
11.7882432938	13.3011407852	0.0
11.8054990768	13.2766008377	0.0
11.8227548599	13.2520608902	0.0
11.8400115967	13.227519989	0.0
11.8572683334	13.2029800415	0.0
11.8745241165	13.178440094	0.0
11.8917798996	13.1539001465	0.0
11.9090366364	13.129360199	0.0
11.9262933731	13.1048192978	0.0
11.9435491562	13.0802793503	0.0
11.9608049393	13.0557394028	0.0
11.978061676	13.0311994553	0.0
11.9953184128	13.0066576004	0.0
11.007941246	14.1477975845	0.0
11.0063323975	14.1178407669	0.0
11.0047216415	14.0878839493	0.0
11.003112793	14.0579271317	0.0
11.0015029907	14.0279712677	0.0
10.5804262161	14.6862707138	0.0
10.6044521332	14.7042369843	0.0
10.6284780502	14.722202301	0.0
10.6525039673	14.7401666641	0.0
10.6765298843	14.7581319809	0.0
10.7005558014	14.7760972977	0.0
10.7245817184	14.7940616608	0.0
10.7486085892	14.8120269775	0.0
10.7726354599	14.8299922943	0.0
10.796661377	14.8479566574	0.0
10.820687294	14.8659219742	0.0
10.8447132111	14.883887291	0.0
10.8687391281	14.9018516541	0.0
10.8927659988	14.9198179245	0.0
10.9167919159	14.9377832413	0.0
10.9408178329	14.9557476044	0.0
10.96484375	14.9737129211	0.0
10.9888696671	14.9916782379	0.0
10.1620130539	15.511464119	0.0
10.1887598038	15.5250492096	0.0
10.215508461	15.5386343002	0.0
10.2422561646	15.5522193909	0.0
10.2690038681	15.5658035278	0.0
10.2957515717	15.5793886185	0.0
10.3224992752	15.5929737091	0.0
10.3492469788	15.6065587997	0.0
10.3759946823	15.6201438904	0.0
10.4073085785	15.6239566803	0.0
10.4371519089	15.6270227432	0.0
10.4669952393	15.6300878525	0.0
10.496837616	15.6331539154	0.0
10.5266809464	15.6362199783	0.0
10.5565242767	15.6392860413	0.0
10.5863666534	15.6423511505	0.0
10.6162099838	15.6454172134	0.0
10.6460533142	15.6484832764	0.0
10.6758947372	15.6515483856	0.0
10.7057380676	15.6546144485	0.0
10.735581398	15.6576795578	0.0
10.7654237747	15.6607446671	0.0
10.7952671051	15.66381073	0.0
10.8251104355	15.6668767929	0.0
10.8549528122	15.6699428558	0.0
10.8847961426	15.6730079651	0.0
10.914639473	15.676074028	0.0
10.9444818497	15.6791400909	0.0
10.9743251801	15.6822052002	0.0
11.0041675568	15.6852712631	0.0
11.0340108871	15.688337326	0.0
11.0638542175	15.6914024353	0.0
11.1081485748	15.6753854752	0.0
11.1320648193	15.6572732925	0.0
11.1559820175	15.6391620636	0.0
11.179898262	15.6210508347	0.0
11.2038135529	15.602938652	0.0
11.2277297974	15.5848283768	0.0
11.2516460419	15.5667171478	0.0
11.2755622864	15.5486059189	0.0
11.2994775772	15.5304937363	0.0
11.3233938217	15.512383461	0.0
11.3473100662	15.4942722321	0.0
11.3712272644	15.4761600494	0.0
11.3951425552	15.4580488205	0.0
11.4190587997	15.4399375916	0.0
11.4429750443	15.4218263626	0.0
11.4668912888	15.4037151337	0.0
11.4908065796	15.3856039047	0.0
11.5147228241	15.3674926758	0.0
11.5386390686	15.3493814468	0.0
11.5625562668	15.3312702179	0.0
11.5864715576	15.313158989	0.0
11.6103878021	15.2950468063	0.0
11.6343040466	15.2769355774	0.0
11.6582202911	15.2588253021	0.0
11.682135582	15.2407131195	0.0
11.7060518265	15.2226018906	0.0
11.729968071	15.2044906616	0.0
11.7538843155	15.1863794327	0.0
11.77780056	15.1682682037	0.0
11.8017168045	15.1501569748	0.0
11.825633049	15.1320457458	0.0
11.8495492935	15.1139335632	0.0
11.8734645844	15.095823288	0.0
11.8973808289	15.077712059	0.0
11.9212970734	15.0595998764	0.0
11.9452133179	15.0414886475	0.0
11.9691295624	15.0233783722	0.0
11.9930458069	15.0052661896	0.0
11.1096372604	15.7094526291	0.0
11.1350421906	15.7254104614	0.0
11.160446167	15.7413673401	0.0
11.1858501434	15.7573242188	0.0
11.2112550735	15.7732801437	0.0
11.23665905	15.7892370224	0.0
11.2620630264	15.8051939011	0.0
11.3010015488	15.8296518326	0.0
11.3264055252	15.8456087112	0.0
11.3518104553	15.8615655899	0.0
11.3772153854	15.8775234222	0.0
11.4026193619	15.8934803009	0.0
11.4280233383	15.9094371796	0.0
11.4534282684	15.9253940582	0.0
11.4867076874	15.9564800262	0.0
11.5064554214	15.9790649414	0.0
11.5262012482	16.0016498566	0.0
11.5459470749	16.0242347717	0.0
11.5656938553	16.0468196869	0.0
11.585439682	16.0694046021	0.0
11.6051864624	16.0919895172	0.0
11.6249332428	16.1145744324	0.0
11.6446790695	16.1371593475	0.0
11.6644248962	16.1597442627	0.0
11.6841716766	16.1823291779	0.0
11.7244653702	16.1910896301	0.0
11.7542934418	16.1878795624	0.0
11.7841205597	16.1846694946	0.0
11.8139476776	16.1814594269	0.0
11.8437757492	16.1782493591	0.0
11.8736038208	16.1750392914	0.0
11.9034318924	16.1718292236	0.0
11.9332590103	16.1686172485	0.0
11.9630870819	16.1654071808	0.0
11.9929151535	16.162197113	0.0
12.0227432251	16.1589889526	0.0
12.052570343	16.1557788849	0.0
12.0823984146	16.1525688171	0.0
12.1122255325	16.149356842	0.0
12.1460752487	16.1237812042	0.0
12.1642246246	16.0998954773	0.0
12.1823759079	16.0760097504	0.0
12.2005262375	16.0521221161	0.0
12.2186765671	16.0282363892	0.0
12.2368268967	16.0043506622	0.0
12.2549781799	15.980463028	0.0
12.2731275558	15.956577301	0.0
12.2912788391	15.9326896667	0.0
12.3094291687	15.9088039398	0.0
12.327580452	15.8849182129	0.0
12.3457298279	15.8610305786	0.0
12.3638811111	15.8371448517	0.0
12.3820314407	15.8132581711	0.0
12.4001817703	15.7893724442	0.0
12.4183320999	15.7654857635	0.0
12.4364833832	15.7415990829	0.0
12.4546327591	15.717713356	0.0
12.4727840424	15.6938257217	0.0
12.4909343719	15.6699399948	0.0
12.5090847015	15.6460542679	0.0
12.5272350311	15.6221666336	0.0
12.5453863144	15.5982809067	0.0
12.5635356903	15.5743951797	0.0
12.5816869736	15.5505075455	0.0
12.5998373032	15.5266218185	0.0
12.6179876328	15.5027351379	0.0
12.6361379623	15.478849411	0.0
12.6542892456	15.4549627304	0.0
12.6724386215	15.4310760498	0.0
12.6905899048	15.4071903229	0.0
12.7087402344	15.3833026886	0.0
12.726890564	15.3594169617	0.0
12.7450408936	15.3355312347	0.0
12.7631921768	15.3116436005	0.0
12.7813415527	15.2877578735	0.0
12.799492836	15.2638711929	0.0
12.8176431656	15.239985466	0.0
12.8357944489	15.2160987854	0.0
12.8539438248	15.1922121048	0.0
12.872095108	15.1683263779	0.0
12.8902454376	15.1444396973	0.0
12.9083957672	15.1205530167	0.0
12.9265460968	15.0966672897	0.0
12.9446973801	15.0727796555	0.0
12.962846756	15.0488939285	0.0
12.9809980392	15.0250082016	0.0
12.9991483688	15.0011205673	0.0
12.157752037	16.1444587708	0.0
12.1875801086	16.141248703	0.0
12.2174081802	16.1380367279	0.0
12.2472352982	16.1348266602	0.0
12.2770633698	16.1316165924	0.0
12.3068914413	16.1284065247	0.0
12.3367185593	16.1251964569	0.0
12.3665456772	16.1219863892	0.0
12.3963737488	16.1187763214	0.0
12.4262018204	16.1155662537	0.0
12.456029892	16.1123561859	0.0
12.4858570099	16.1091461182	0.0
12.5156850815	16.1059360504	0.0
12.5455131531	16.1027259827	0.0
12.5884437561	16.1136207581	0.0
12.6156759262	16.1262054443	0.0
12.64290905	16.138792038	0.0
12.6701421738	16.1513767242	0.0
12.6973743439	16.1639614105	0.0
12.7246074677	16.1765460968	0.0
12.7518386841	16.1891326904	0.0
12.7790718079	16.2017173767	0.0
12.806303978	16.214302063	0.0
12.8335371017	16.2268886566	0.0
12.8607692719	16.2394733429	0.0
12.8880023956	16.2520599365	0.0
12.9033555984	16.287021637	0.0
12.9073858261	16.3167495728	0.0
12.9114160538	16.3464775085	0.0
12.9154453278	16.3762054443	0.0
12.9194746017	16.4059333801	0.0
12.9235038757	16.4356613159	0.0
12.9275341034	16.4653892517	0.0
12.9315643311	16.4951171875	0.0
12.9355926514	16.5248451233	0.0
12.939622879	16.5545730591	0.0
12.9436531067	16.5843029022	0.0
12.9476823807	16.614030838	0.0
12.9517116547	16.6437587738	0.0
12.9557409286	16.6734867096	0.0
12.9597711563	16.7032146454	0.0
12.963801384	16.7329425812	0.0
12.9678297043	16.762670517	0.0
12.9718599319	16.7923984528	0.0
12.9758892059	16.8221263885	0.0
12.9799194336	16.8518543243	0.0
12.9839487076	16.8815822601	0.0
12.9879779816	16.9113121033	0.0
12.9920082092	16.9410400391	0.0
12.9960384369	16.9707679749	0.0
12.9265594482	16.2698783875	0.0
12.9537916183	16.2824630737	0.0
12.9810237885	16.29504776	0.0
13.0082569122	16.3076324463	0.0
13.0354890823	16.3202190399	0.0
13.0627222061	16.3328037262	0.0
13.0899553299	16.3453884125	0.0
13.1171865463	16.3579730988	0.0
13.1444196701	16.3705596924	0.0
13.1716518402	16.3831443787	0.0
13.198884964	16.3957290649	0.0
13.2261171341	16.4083156586	0.0
13.2612228394	16.4318370819	0.0
13.2850036621	16.4501266479	0.0
13.3087835312	16.4684143066	0.0
13.3325653076	16.4867038727	0.0
13.3563461304	16.5049934387	0.0
13.3801259995	16.5232810974	0.0
13.4039068222	16.5415706635	0.0
13.427687645	16.5598583221	0.0
13.4514684677	16.5781478882	0.0
13.4752492905	16.5964355469	0.0
13.4990301132	16.6147251129	0.0
13.522810936	16.633014679	0.0
13.5465908051	16.6513023376	0.0
13.5703716278	16.6695919037	0.0
13.5941534042	16.6878795624	0.0
13.6179332733	16.7061691284	0.0
13.6480674744	16.7130031586	0.0
13.6774129868	16.7192344666	0.0
13.7067594528	16.7254638672	0.0
13.7361049652	16.7316932678	0.0
13.7654514313	16.7379226685	0.0
13.7947969437	16.7441520691	0.0
13.8241434097	16.7503833771	0.0
13.8534889221	16.7566127777	0.0
13.8828353882	16.7628421783	0.0
13.9121809006	16.769071579	0.0
13.9415273666	16.775302887	0.0
13.9708738327	16.7815303802	0.0
14.0002202988	16.7877616882	0.0
14.0295658112	16.7939910889	0.0
14.0589122772	16.8002204895	0.0
14.0882577896	16.8064498901	0.0
14.1176042557	16.8126792908	0.0
14.1469497681	16.8189105988	0.0
14.1762962341	16.8251399994	0.0
14.2056417465	16.8313694	0.0
14.2349882126	16.8375988007	0.0
14.264333725	16.8438282013	0.0
14.293680191	16.8500595093	0.0
14.3230257034	16.8562889099	0.0
14.3523721695	16.8625183105	0.0
14.3817176819	16.8687477112	0.0
14.4110641479	16.8749771118	0.0
14.4404096603	16.8812065125	0.0
14.4697561264	16.8874378204	0.0
14.4991016388	16.8936672211	0.0
14.5284481049	16.8998966217	0.0
14.5577936172	16.9061260223	0.0
14.5871400833	16.912355423	0.0
14.6164865494	16.918586731	0.0
14.6458330154	16.9248142242	0.0
14.6751785278	16.9310455322	0.0
14.7045249939	16.9372749329	0.0
14.73387146	16.9435043335	0.0
14.7632169724	16.9497337341	0.0
14.7925634384	16.9559631348	0.0
14.8219089508	16.9621944427	0.0
14.8512554169	16.9684238434	0.0
14.8806009293	16.974653244	0.0
14.9099473953	16.9808826447	0.0
14.9392929077	16.9871139526	0.0
14.9686393738	16.9933433533	0.0
14.9979848862	16.9995727539	0.0
13.6425018311	16.725063324	0.0
13.6662817001	16.74335289	0.0
13.6900634766	16.7616405487	0.0
13.7138442993	16.7799282074	0.0
13.7376251221	16.7982177734	0.0
13.7614049911	16.8165073395	0.0
13.7851858139	16.8347969055	0.0
13.8089666367	16.8530845642	0.0
13.8327474594	16.8713722229	0.0
13.8565282822	16.8896617889	0.0
13.8803091049	16.907951355	0.0
13.9040899277	16.9262390137	0.0
13.9278697968	16.9445285797	0.0
13.9516506195	16.9628162384	0.0
13.9754323959	16.9811058044	0.0
13.999212265	16.9993934631	0.0
13.2638139725	16.3992462158	0.0
13.2901849747	16.3849468231	0.0
13.3165569305	16.3706436157	0.0
13.3429279327	16.3563423157	0.0
13.3692998886	16.3420391083	0.0
13.3956708908	16.3277378082	0.0
13.4220428467	16.3134365082	0.0
13.4484148026	16.2991352081	0.0
13.4747858047	16.2848339081	0.0
13.5011577606	16.2705307007	0.0
13.5275287628	16.2562294006	0.0
13.5539007187	16.2419281006	0.0
13.5802717209	16.2276268005	0.0
13.6066436768	16.2133235931	0.0
13.633014679	16.1990222931	0.0
13.6593866348	16.184720993	0.0
13.6857585907	16.170419693	0.0
13.7121295929	16.1561164856	0.0
13.7385015488	16.1418151855	0.0
13.764872551	16.1275138855	0.0
13.7912454605	16.1132125854	0.0
13.8176164627	16.0989093781	0.0
13.8439884186	16.084608078	0.0
13.8703603745	16.070306778	0.0
13.8967313766	16.0560054779	0.0
13.9231033325	16.0417022705	0.0
13.9494743347	16.0274009705	0.0
13.9758462906	16.0130996704	0.0
12.5904464722	16.0943031311	0.0
12.6196813583	16.0875720978	0.0
12.6489162445	16.0808410645	0.0
12.6781511307	16.0741081238	0.0
12.7073860168	16.0673770905	0.0
12.736620903	16.0606460571	0.0
12.7658557892	16.0539131165	0.0
12.7950906754	16.0471820831	0.0
12.8243255615	16.0404510498	0.0
12.8535614014	16.0337181091	0.0
12.8827962875	16.0269870758	0.0
12.9120311737	16.0202560425	0.0
12.9412660599	16.0135231018	0.0
12.970500946	16.0067920685	0.0
12.9997358322	16.0000610352	0.0
11.7052688599	16.2223529816	0.0
11.7159013748	16.2504043579	0.0
11.7265338898	16.2784576416	0.0
11.7371664047	16.3065109253	0.0
11.747797966	16.334564209	0.0
11.7584295273	16.3626174927	0.0
11.7690620422	16.390668869	0.0
11.7796936035	16.4187221527	0.0
11.7903261185	16.4467754364	0.0
11.8009576797	16.4748287201	0.0
11.8115901947	16.5028800964	0.0
11.822221756	16.5309333801	0.0
11.8328542709	16.5589866638	0.0
11.8434867859	16.5870399475	0.0
11.8541193008	16.6150913239	0.0
11.8647508621	16.6431446075	0.0
11.8753833771	16.6711978912	0.0
11.8860149384	16.6992492676	0.0
11.8966474533	16.7273025513	0.0
11.9072790146	16.755355835	0.0
11.9179105759	16.7834072113	0.0
11.9285430908	16.811460495	0.0
11.9391746521	16.8395137787	0.0
11.9498071671	16.8675670624	0.0
11.9604387283	16.8956203461	0.0
11.971072197	16.9236717224	0.0
11.9817037582	16.9517250061	0.0
11.9923362732	16.9797782898	0.0
11.4967336655	15.9375867844	0.0
11.526506424	15.9412794113	0.0
11.5562782288	15.9449710846	0.0
11.5860500336	15.9486637115	0.0
11.6158218384	15.9523563385	0.0
11.6455936432	15.9560480118	0.0
11.675365448	15.9597396851	0.0
11.7051372528	15.963432312	0.0
11.7349090576	15.967124939	0.0
11.7646808624	15.9708166122	0.0
11.7944526672	15.9745092392	0.0
11.8242254257	15.9782009125	0.0
11.8539972305	15.9818925858	0.0
11.8837690353	15.9855861664	0.0
11.9135408401	15.9892778397	0.0
11.943312645	15.9929704666	0.0
11.9730854034	15.9966621399	0.0
11.250743866	15.830496788	0.0
11.2258901596	15.8472976685	0.0
11.2010364532	15.8640985489	0.0
11.1761817932	15.8809013367	0.0
11.1513280869	15.8977022171	0.0
11.1264743805	15.9145030975	0.0
11.1016197205	15.931303978	0.0
11.0767660141	15.9481058121	0.0
11.0519123077	15.9649066925	0.0
11.0270586014	15.9817075729	0.0
11.002204895	15.9985103607	0.0
10.3562994003	15.6421508789	0.0
10.3351316452	15.6634101868	0.0
10.3139648438	15.684668541	0.0
10.2927980423	15.7059278488	0.0
10.2716312408	15.7271871567	0.0
10.250462532	15.7484474182	0.0
10.2292957306	15.7697057724	0.0
10.2081289291	15.7909650803	0.0
10.1869621277	15.8122243881	0.0
10.1657953262	15.8334827423	0.0
10.1446275711	15.8547430038	0.0
10.1234607697	15.8760023117	0.0
10.1022939682	15.8972606659	0.0
10.0811271667	15.9185199738	0.0
10.0599603653	15.9397792816	0.0
10.0387916565	15.9610385895	0.0
10.017624855	15.9822978973	0.0
9.38372135162	16.0302658081	0.0
9.3732509613	16.0021533966	0.0
9.36277961731	15.9740390778	0.0
9.35230922699	15.9459257126	0.0
9.341837883	15.9178123474	0.0
9.331366539	15.8896989822	0.0
9.32089710236	15.8615856171	0.0
9.31042575836	15.8334722519	0.0
9.29995536804	15.8053588867	0.0
9.28948402405	15.7772445679	0.0
9.27901268005	15.7491321564	0.0
9.26854324341	15.7210187912	0.0
9.25807189941	15.692905426	0.0
9.24760055542	15.6647920609	0.0
9.2371301651	15.6366786957	0.0
9.22665882111	15.6085653305	0.0
9.21618938446	15.5804519653	0.0
9.20571804047	15.5523376465	0.0
9.19524669647	15.524225235	0.0
9.18477630615	15.4961118698	0.0
9.17430496216	15.467997551	0.0
9.16383457184	15.4398851395	0.0
9.15336418152	15.4117708206	0.0
9.14289283752	15.3836584091	0.0
9.1324224472	15.3555450439	0.0
9.12195110321	15.3274307251	0.0
9.11148071289	15.2993183136	0.0
9.10101032257	15.2712049484	0.0
9.09053897858	15.2430906296	0.0
9.08006763458	15.2149782181	0.0
9.06959724426	15.1868638992	0.0
9.05912685394	15.1587505341	0.0
9.04865646362	15.1306381226	0.0
9.03818511963	15.1025238037	0.0
9.02771377563	15.0744113922	0.0
9.01724338531	15.046298027	0.0
9.006772995	15.0181837082	0.0
8.45793628693	16.7967281342	0.0
8.47481060028	16.7719230652	0.0
8.49168682098	16.7471218109	0.0
8.50856208801	16.7223167419	0.0
8.52543830872	16.6975135803	0.0
8.54231262207	16.6727104187	0.0
8.5591878891	16.6479053497	0.0
8.5760641098	16.6231021881	0.0
8.59293937683	16.5982990265	0.0
8.60981464386	16.5734958649	0.0
8.62668991089	16.5486927032	0.0
8.64356613159	16.5238876343	0.0
8.66044139862	16.4990844727	0.0
8.67731666565	16.474281311	0.0
8.69419193268	16.4494781494	0.0
8.71106815338	16.4246730804	0.0
8.72794342041	16.3998699188	0.0
8.74481773376	16.3750667572	0.0
8.76169395447	16.3502635956	0.0
8.7785692215	16.325460434	0.0
8.7954454422	16.300655365	0.0
8.81231975555	16.2758522034	0.0
8.82919597626	16.2510490417	0.0
8.84607124329	16.2262458801	0.0
8.86294746399	16.2014408112	0.0
8.87982177734	16.1766376495	0.0
8.89669799805	16.1518344879	0.0
8.91357326508	16.1270313263	0.0
8.9304485321	16.1022262573	0.0
8.94732379913	16.0774230957	0.0
8.96419906616	16.0526199341	0.0
8.98107528687	16.0278167725	0.0
8.99794960022	16.0030136108	0.0
7.81728982925	17.4021720886	0.0
7.82969903946	17.3748607635	0.0
7.84210681915	17.3475456238	0.0
7.85451602936	17.3202323914	0.0
7.86692476273	17.2929191589	0.0
7.87933301926	17.2656059265	0.0
7.89174222946	17.2382926941	0.0
7.90415096283	17.2109794617	0.0
7.91655921936	17.1836662292	0.0
7.92896795273	17.1563510895	0.0
7.94137716293	17.1290397644	0.0
7.9537858963	17.1017246246	0.0
7.96619415283	17.0744113922	0.0
7.9786028862	17.0470981598	0.0
7.99101209641	17.0197849274	0.0
7.64896821976	17.6184082031	0.0
7.67482089996	17.6336288452	0.0
7.70067310333	17.64884758	0.0
7.72652578354	17.664068222	0.0
7.75237798691	17.6792888641	0.0
7.77823114395	17.6945075989	0.0
7.80408287048	17.709728241	0.0
7.82993602753	17.7249488831	0.0
7.8557882309	17.7401676178	0.0
7.8816409111	17.7553882599	0.0
7.90749311447	17.770608902	0.0
7.93334579468	17.7858276367	0.0
7.95919799805	17.8010482788	0.0
7.98505115509	17.8162689209	0.0
8.01090335846	17.8314876556	0.0
8.03675556183	17.8467082977	0.0
8.0626077652	17.8619289398	0.0
8.08846092224	17.8771476746	0.0
8.11431312561	17.8923683167	0.0
8.14016628265	17.9075870514	0.0
8.16601753235	17.9228076935	0.0
8.19187068939	17.9380283356	0.0
8.21772289276	17.9532470703	0.0
8.2435760498	17.9684677124	0.0
8.26942825317	17.9836883545	0.0
8.29528141022	17.9989070892	0.0
8.32113265991	18.0141277313	0.0
8.34698581696	18.0293483734	0.0
8.37283802032	18.0445671082	0.0
8.39869117737	18.0597877502	0.0
8.45147037506	18.0695648193	0.0
8.48123168945	18.0657901764	0.0
8.51099395752	18.0620155334	0.0
8.54075527191	18.0582427979	0.0
8.5705165863	18.0544662476	0.0
8.6002779007	18.050693512	0.0
8.63004016876	18.046918869	0.0
8.65980243683	18.0431442261	0.0
8.68956279755	18.0393695831	0.0
8.71932506561	18.0355949402	0.0
8.74908733368	18.0318202972	0.0
8.7788476944	18.0280475616	0.0
8.80860996246	18.0242729187	0.0
8.83837127686	18.0204982758	0.0
8.86813259125	18.0167236328	0.0
8.89789485931	18.0129489899	0.0
8.92765617371	18.0091743469	0.0
8.95741844177	18.005399704	0.0
8.98717975616	18.001625061	0.0
8.43759059906	18.0987892151	0.0
8.4534740448	18.1242408752	0.0
8.46935653687	18.1496906281	0.0
8.4852399826	18.1751422882	0.0
8.50112247467	18.2005939484	0.0
8.51700496674	18.2260437012	0.0
8.53288841248	18.251493454	0.0
8.54877090454	18.2769451141	0.0
8.56465339661	18.3023948669	0.0
8.58053588867	18.3278465271	0.0
8.59641933441	18.3532962799	0.0
8.61230182648	18.3787479401	0.0
8.62818431854	18.4041976929	0.0
8.64406681061	18.429649353	0.0
8.65995025635	18.4550991058	0.0
8.67583274841	18.480550766	0.0
8.69171524048	18.5060005188	0.0
8.70759773254	18.531452179	0.0
8.72348117828	18.5569019318	0.0
8.73936367035	18.5823535919	0.0
8.75524616241	18.6078033447	0.0
8.77112865448	18.6332550049	0.0
8.78701210022	18.6587047577	0.0
8.80289459229	18.6841564178	0.0
8.81877708435	18.7096061707	0.0
8.83465957642	18.7350578308	0.0
8.85054302216	18.7605075836	0.0
8.8664264679	18.7859592438	0.0
8.88230800629	18.8114089966	0.0
8.89819145203	18.8368606567	0.0
8.91407394409	18.8623104095	0.0
8.92995738983	18.8877620697	0.0
8.94583892822	18.9132118225	0.0
8.96172237396	18.9386634827	0.0
8.97760486603	18.9641132355	0.0
8.99348831177	18.9895648956	0.0
7.52046585083	17.662443161	0.0
7.50869894028	17.634847641	0.0
7.49693202972	17.6072502136	0.0
7.48516511917	17.5796546936	0.0
7.47339820862	17.5520591736	0.0
7.46162986755	17.5244636536	0.0
7.449862957	17.4968662262	0.0
7.43809604645	17.4692726135	0.0
7.42632913589	17.4416751862	0.0
7.40603590012	17.3940849304	0.0
7.39426898956	17.3664894104	0.0
7.38250207901	17.3388938904	0.0
7.37073516846	17.311296463	0.0
7.35896682739	17.283700943	0.0
7.34719991684	17.256105423	0.0
7.33543300629	17.228509903	0.0
7.32366609573	17.2009124756	0.0
7.31189918518	17.1733169556	0.0
7.27659797668	17.1397895813	0.0
7.24982309341	17.1262588501	0.0
7.22304821014	17.1127262115	0.0
7.19627380371	17.0991954803	0.0
7.16949892044	17.0856628418	0.0
7.14272403717	17.0721321106	0.0
7.1159491539	17.058599472	0.0
7.08917379379	17.0450687408	0.0
7.0623998642	17.0315361023	0.0
7.03562498093	17.0180034637	0.0
7.00885009766	17.0044727325	0.0
7.29574108124	17.1243095398	0.0
7.28810977936	17.0952968597	0.0
7.28047800064	17.0662822723	0.0
7.27284622192	17.0372695923	0.0
7.26521492004	17.0082569122	0.0
7.25758314133	16.9792442322	0.0
7.24995088577	16.9502315521	0.0
7.24232006073	16.9212188721	0.0
7.23468780518	16.8922042847	0.0
7.22705602646	16.8631916046	0.0
7.21942520142	16.8341789246	0.0
7.21179294586	16.8051643372	0.0
7.20416116714	16.7761516571	0.0
7.19652986526	16.7471389771	0.0
7.18889808655	16.718126297	0.0
7.18126583099	16.6891136169	0.0
7.17363405228	16.6601009369	0.0
7.16600322723	16.6310863495	0.0
7.15837097168	16.6020736694	0.0
7.15073919296	16.5730609894	0.0
7.14310789108	16.5440483093	0.0
7.13547611237	16.5150356293	0.0
7.12784385681	16.4860229492	0.0
7.12021303177	16.4570083618	0.0
7.11258077621	16.4279956818	0.0
7.1049489975	16.3989830017	0.0
7.09731817245	16.3699703217	0.0
7.0896859169	16.3409576416	0.0
7.08205413818	16.3119430542	0.0
7.0744228363	16.2829303741	0.0
7.06679105759	16.2539176941	0.0
7.05915880203	16.2249031067	0.0
7.05152797699	16.1958904266	0.0
7.04389619827	16.1668777466	0.0
7.03626394272	16.1378650665	0.0
7.02863311768	16.1088523865	0.0
7.02100086212	16.0798397064	0.0
7.0133690834	16.050825119	0.0
7.00573778152	16.021812439	0.0
7.40023517609	17.4459972382	0.0
7.38266706467	17.4703159332	0.0
7.36509799957	17.4946346283	0.0
7.34752988815	17.518951416	0.0
7.32996177673	17.5432701111	0.0
7.31239414215	17.5675868988	0.0
7.29482507706	17.5919055939	0.0
7.27725696564	17.6162223816	0.0
7.25968885422	17.6405410767	0.0
7.24212121964	17.6648597717	0.0
7.22455215454	17.6891765594	0.0
7.20698404312	17.7134933472	0.0
7.1894159317	17.7378120422	0.0
7.17184782028	17.7621307373	0.0
7.15427923203	17.786447525	0.0
7.13671112061	17.8107662201	0.0
7.11914300919	17.8350849152	0.0
7.10157489777	17.8594017029	0.0
7.08400583267	17.8837184906	0.0
7.06643819809	17.9080371857	0.0
7.04887008667	17.9323558807	0.0
7.03130197525	17.9566726685	0.0
7.01373291016	17.9809894562	0.0
6.82948303223	18.3373737335	0.0
6.84541797638	18.3627910614	0.0
6.86135292053	18.3882102966	0.0
6.87728786469	18.4136276245	0.0
6.89322280884	18.4390468597	0.0
6.90915822983	18.4644641876	0.0
6.92509317398	18.4898815155	0.0
6.94102907181	18.5153007507	0.0
6.95696401596	18.5407180786	0.0
6.97289896011	18.5661354065	0.0
6.98883390427	18.5915546417	0.0
7.00476884842	18.6169719696	0.0
7.02070379257	18.6423892975	0.0
7.02278518677	18.6790218353	0.0
7.02066087723	18.708946228	0.0
7.01853704453	18.7388725281	0.0
7.01641178131	18.7687969208	0.0
7.01428794861	18.7987213135	0.0
7.01216411591	18.8286457062	0.0
7.01003980637	18.8585700989	0.0
7.00791501999	18.8884944916	0.0
7.00579118729	18.9184207916	0.0
7.00366687775	18.9483451843	0.0
7.00154304504	18.978269577	0.0
7.04604196548	18.6703910828	0.0
7.0671749115	18.6916847229	0.0
7.08830785751	18.7129764557	0.0
7.10944080353	18.7342700958	0.0
7.13057422638	18.755563736	0.0
7.15170717239	18.7768554688	0.0
7.17284011841	18.7981491089	0.0
7.19397306442	18.819442749	0.0
7.21510601044	18.8407363892	0.0
7.23623895645	18.8620281219	0.0
7.25737190247	18.8833217621	0.0
7.27850484848	18.9046154022	0.0
7.29963779449	18.925907135	0.0
7.32077121735	18.9472026825	0.0
7.34190416336	18.9684944153	0.0
7.36303710938	18.9897880554	0.0
7.38417005539	19.0110816956	0.0
7.42542314529	19.0213279724	0.0
7.4554028511	19.0202140808	0.0
7.48538208008	19.0191020966	0.0
7.51536083221	19.017988205	0.0
7.54534101486	19.0168762207	0.0
7.575319767	19.0157642365	0.0
7.60529899597	19.0146503448	0.0
7.63527917862	19.0135383606	0.0
7.66525793076	19.012424469	0.0
7.69523715973	19.0113124847	0.0
7.72521686554	19.0102005005	0.0
7.75519609451	19.0090866089	0.0
7.78517484665	19.0079746246	0.0
7.8151550293	19.006860733	0.0
7.84513378143	19.0057487488	0.0
7.87511301041	19.0046367645	0.0
7.90509319305	19.0035228729	0.0
7.93507194519	19.0024108887	0.0
7.96505212784	19.0012969971	0.0
7.99503087997	19.0001831055	0.0
7.41122293472	19.0479545593	0.0
7.42700195312	19.073469162	0.0
7.4427819252	19.098985672	0.0
7.4585609436	19.1245002747	0.0
7.47433996201	19.1500148773	0.0
7.49011993408	19.17552948	0.0
7.50589895248	19.2010440826	0.0
7.52167797089	19.2265605927	0.0
7.53745794296	19.2520751953	0.0
7.55323696136	19.277589798	0.0
7.56901597977	19.3031044006	0.0
7.58479595184	19.3286209106	0.0
7.60057497025	19.3541355133	0.0
7.61635398865	19.379650116	0.0
7.63213396072	19.4051647186	0.0
7.64791297913	19.4306793213	0.0
7.66369199753	19.4561958313	0.0
7.6794719696	19.481710434	0.0
7.69525098801	19.5072250366	0.0
7.71350097656	19.5367355347	0.0
7.72928094864	19.5622501373	0.0
7.74505996704	19.58776474	0.0
7.76083898544	19.6132793427	0.0
7.77661895752	19.6387958527	0.0
7.79239797592	19.6643104553	0.0
7.80817699432	19.689825058	0.0
7.82395601273	19.7153396606	0.0
7.8397359848	19.7408542633	0.0
7.8555150032	19.7663707733	0.0
7.87129402161	19.791885376	0.0
7.88707399368	19.8173999786	0.0
7.90285301208	19.8429145813	0.0
7.91863203049	19.868429184	0.0
7.93441200256	19.893945694	0.0
7.95019102097	19.9194602966	0.0
7.96597003937	19.9449748993	0.0
7.98175001144	19.970489502	0.0
7.99752902985	19.9960041046	0.0
7.72580909729	19.5217628479	0.0
7.75389623642	19.5323047638	0.0
7.78198194504	19.5428466797	0.0
7.81006908417	19.5533866882	0.0
7.8381562233	19.5639286041	0.0
7.86624288559	19.57447052	0.0
7.89433002472	19.5850124359	0.0
7.92241716385	19.5955543518	0.0
7.95050382614	19.6060962677	0.0
7.9785900116	19.6166381836	0.0
8.00667667389	19.6271800995	0.0
8.03476428986	19.637720108	0.0
8.06285095215	19.6482639313	0.0
8.09093761444	19.6588058472	0.0
8.11902523041	19.6693477631	0.0
8.1471118927	19.6798877716	0.0
8.17519760132	19.6904296875	0.0
8.20328521729	19.7009716034	0.0
8.23137187958	19.7115135193	0.0
8.25945854187	19.7220554352	0.0
8.28754615784	19.7325973511	0.0
8.31563282013	19.743139267	0.0
8.3437204361	19.7536792755	0.0
8.37180614471	19.7642211914	0.0
8.39989280701	19.7747631073	0.0
8.42798042297	19.7853069305	0.0
8.45606708527	19.7958469391	0.0
8.48415374756	19.806388855	0.0
8.51224136353	19.8169307709	0.0
8.54032802582	19.8274726868	0.0
8.56841373444	19.8380146027	0.0
8.5965013504	19.8485565186	0.0
8.6245880127	19.8590984344	0.0
8.65267467499	19.8696403503	0.0
8.68076229095	19.8801803589	0.0
8.70884895325	19.8907222748	0.0
8.73693561554	19.9012641907	0.0
8.76502227783	19.9118061066	0.0
8.79310894012	19.9223480225	0.0
8.82119560242	19.9328899384	0.0
8.84928321838	19.9434318542	0.0
8.87736988068	19.9539737701	0.0
8.90545654297	19.964515686	0.0
8.93354415894	19.9750576019	0.0
8.96162986755	19.9855995178	0.0
8.98971652985	19.9961414337	0.0
6.48969221115	18.6077899933	0.0
6.47973823547	18.636089325	0.0
6.46978378296	18.664390564	0.0
6.45982885361	18.692691803	0.0
6.44987487793	18.7209911346	0.0
6.43992090225	18.7492923737	0.0
6.4299659729	18.7775917053	0.0
6.42001199722	18.8058929443	0.0
6.41005802155	18.834192276	0.0
6.40010404587	18.862493515	0.0
6.39014911652	18.890794754	0.0
6.38019514084	18.9190940857	0.0
6.37024116516	18.9473934174	0.0
6.36028623581	18.9756946564	0.0
6.35033178329	19.0039958954	0.0
6.34037780762	19.0322952271	0.0
6.33042287827	19.0605964661	0.0
6.32046890259	19.0888957977	0.0
6.31051492691	19.1171970367	0.0
6.30056095123	19.1454963684	0.0
6.29060602188	19.1737976074	0.0
6.2806520462	19.2020988464	0.0
6.27069807053	19.2303981781	0.0
6.26074314117	19.2586994171	0.0
6.2507891655	19.2869987488	0.0
6.24083518982	19.3152980804	0.0
6.23087978363	19.3435993195	0.0
6.22092580795	19.3719005585	0.0
6.21097183228	19.4002017975	0.0
6.2010178566	19.4285011292	0.0
6.19106292725	19.4568004608	0.0
6.18110895157	19.4851016998	0.0
6.17115497589	19.5134029388	0.0
6.16120004654	19.5417022705	0.0
6.15124607086	19.5700035095	0.0
6.14129209518	19.5983028412	0.0
6.13133716583	19.6266040802	0.0
6.12138319016	19.6549034119	0.0
6.11142921448	19.6832046509	0.0
6.10147476196	19.7115058899	0.0
6.09151983261	19.7398052216	0.0
6.08156585693	19.7681064606	0.0
6.07161188126	19.7964057922	0.0
6.0616569519	19.8247051239	0.0
6.05170297623	19.8530063629	0.0
6.04174900055	19.8813076019	0.0
6.0317940712	19.9096088409	0.0
6.02184009552	19.9379081726	0.0
6.01188611984	19.9662075043	0.0
6.00193119049	19.9945087433	0.0
4.35332012177	20.3776626587	0.0
4.3519859314	20.3476924896	0.0
4.35065221786	20.3177223206	0.0
4.3493180275	20.2877521515	0.0
4.34798288345	20.2577819824	0.0
4.34664916992	20.2278118134	0.0
4.34531497955	20.1978416443	0.0
4.34398078918	20.1678714752	0.0
4.34264612198	20.1379013062	0.0
4.34131193161	20.1079292297	0.0
4.33997821808	20.0779590607	0.0
4.33864402771	20.047990799	0.0
4.33730983734	20.0180187225	0.0
4.33597517014	19.9880485535	0.0
4.33464097977	19.9580783844	0.0
4.3333067894	19.9281082153	0.0
4.33197307587	19.8981380463	0.0
4.33063793182	19.8681678772	0.0
4.32930421829	19.8381977081	0.0
4.32797002792	19.8082275391	0.0
4.32663583755	19.77825737	0.0
4.32530117035	19.7482872009	0.0
4.32396697998	19.7183151245	0.0
4.32263278961	19.6883468628	0.0
4.32129907608	19.6583766937	0.0
4.31996488571	19.6284046173	0.0
4.31863021851	19.5984344482	0.0
4.3067817688	19.5597801208	0.0
4.29541921616	19.5320167542	0.0
4.28405618668	19.5042514801	0.0
4.27269220352	19.4764862061	0.0
4.26132917404	19.4487228394	0.0
4.24996614456	19.4209575653	0.0
4.23860216141	19.3931922913	0.0
4.22723913193	19.3654289246	0.0
4.21587610245	19.3376636505	0.0
4.20451211929	19.3098983765	0.0
4.19314908981	19.2821331024	0.0
4.18178606033	19.2543697357	0.0
4.17042207718	19.2266044617	0.0
4.1590590477	19.1988391876	0.0
4.14769601822	19.1710758209	0.0
4.13633203506	19.1433105469	0.0
4.12776422501	19.1010246277	0.0
4.12430620193	19.0712242126	0.0
4.12084817886	19.0414237976	0.0
4.11739015579	19.0116233826	0.0
4.11393213272	18.9818248749	0.0
4.11047410965	18.9520244598	0.0
4.10701608658	18.9222240448	0.0
4.10355806351	18.8924236298	0.0
4.10010004044	18.8626232147	0.0
4.09664201736	18.832824707	0.0
4.09318399429	18.803024292	0.0
4.08972597122	18.773223877	0.0
4.08626794815	18.7434234619	0.0
4.08280992508	18.7136230469	0.0
4.07935190201	18.6838245392	0.0
4.07589387894	18.6540241241	0.0
4.07243585587	18.6242237091	0.0
4.06897783279	18.5944232941	0.0
4.06551980972	18.5646247864	0.0
4.06206178665	18.5348243713	0.0
4.05860376358	18.5050239563	0.0
4.05514621735	18.4752235413	0.0
4.05168676376	18.4454231262	0.0
4.04822921753	18.4156246185	0.0
4.04477119446	18.3858242035	0.0
4.04131317139	18.3560237885	0.0
4.03785514832	18.3262233734	0.0
4.03439712524	18.2964229584	0.0
4.03093910217	18.2666225433	0.0
4.0274810791	18.2368221283	0.0
4.02402305603	18.2070236206	0.0
4.02056503296	18.1772232056	0.0
4.01710700989	18.1474227905	0.0
4.01364898682	18.1176223755	0.0
4.01019096375	18.0878238678	0.0
4.00673294067	18.0580234528	0.0
4.0032749176	18.0282230377	0.0
4.10997676849	19.1096439362	0.0
4.08873081207	19.0884628296	0.0
4.06748580933	19.067281723	0.0
4.04624080658	19.0461006165	0.0
4.02499485016	19.0249195099	0.0
4.00374984741	19.0037384033	0.0
4.34087181091	19.5679626465	0.0
4.36359882355	19.5483779907	0.0
4.38632488251	19.5287952423	0.0
4.40905189514	19.5092124939	0.0
4.4317779541	19.4896297455	0.0
4.45450496674	19.4700450897	0.0
4.47723197937	19.4504623413	0.0
4.49995803833	19.4308795929	0.0
4.52268505096	19.4112968445	0.0
4.54541110992	19.3917121887	0.0
4.56813812256	19.3721294403	0.0
4.59086513519	19.3525466919	0.0
4.61359119415	19.3329639435	0.0
4.63631820679	19.3133792877	0.0
4.65904378891	19.2937965393	0.0
4.68177080154	19.2742137909	0.0
4.70449781418	19.2546291351	0.0
4.72722387314	19.2350463867	0.0
4.74995088577	19.2154636383	0.0
4.77267694473	19.1958808899	0.0
4.79540395737	19.1762981415	0.0
4.81813097	19.1567134857	0.0
4.84085702896	19.1371307373	0.0
4.8635840416	19.1175479889	0.0
4.88631010056	19.0979652405	0.0
4.90903711319	19.0783824921	0.0
4.93176412582	19.0587978363	0.0
4.95449018478	19.0392150879	0.0
4.97721719742	19.0196323395	0.0
4.99994277954	19.0000495911	0.0
4.19808912277	20.5776748657	0.0
4.22463321686	20.5916538239	0.0
4.25117683411	20.605632782	0.0
4.27772092819	20.6196117401	0.0
4.30426502228	20.6335906982	0.0
4.33080911636	20.6475715637	0.0
4.35735321045	20.6615505219	0.0
4.3838968277	20.67552948	0.0
4.41043996811	20.6895084381	0.0
4.43698406219	20.7034873962	0.0
4.46352815628	20.7174663544	0.0
4.49007177353	20.7314472198	0.0
4.51661586761	20.745426178	0.0
4.5431599617	20.7594051361	0.0
4.56970405579	20.7733840942	0.0
4.59624814987	20.7873630524	0.0
4.62279176712	20.8013439178	0.0
4.64933490753	20.815322876	0.0
4.67587900162	20.8293018341	0.0
4.7024230957	20.8432807922	0.0
4.72896718979	20.8572616577	0.0
4.75551080704	20.8712406158	0.0
4.78205490112	20.885219574	0.0
4.80859899521	20.8991985321	0.0
4.83514308929	20.9131774902	0.0
4.86168718338	20.9271564484	0.0
4.88822984695	20.9411373138	0.0
4.91477394104	20.955116272	0.0
4.94131803513	20.9690952301	0.0
4.96786212921	20.9830741882	0.0
4.9944062233	20.9970531464	0.0
3.27833604813	21.3640270233	0.0
3.30067300797	21.384054184	0.0
3.32300901413	21.4040813446	0.0
3.34534502029	21.4241085052	0.0
3.36768198013	21.4441356659	0.0
3.3900179863	21.4641628265	0.0
3.41235399246	21.4841899872	0.0
3.4346909523	21.5042171478	0.0
3.45702695847	21.5242443085	0.0
3.4793639183	21.5442714691	0.0
3.50169992447	21.5642986298	0.0
3.52403593063	21.5843257904	0.0
3.54637289047	21.604352951	0.0
3.56870889664	21.6243801117	0.0
3.5910449028	21.6444072723	0.0
3.61338210106	21.664434433	0.0
3.63571810722	21.6844615936	0.0
3.65805411339	21.7044887543	0.0
3.68039107323	21.7245159149	0.0
3.70272707939	21.7445430756	0.0
3.72506308556	21.7645702362	0.0
3.74740004539	21.7845973969	0.0
3.76973605156	21.8046245575	0.0
3.79207205772	21.8246517181	0.0
3.81440901756	21.8446788788	0.0
3.83674502373	21.8647060394	0.0
3.85908102989	21.8847332001	0.0
3.88141798973	21.9047603607	0.0
3.9037539959	21.9247875214	0.0
3.92609095573	21.944814682	0.0
3.9484269619	21.9648418427	0.0
3.97076296806	21.9848690033	0.0
3.9930999279	22.0048961639	0.0
4.01543617249	22.0249233246	0.0
4.03777217865	22.0449504852	0.0
4.06010913849	22.0649776459	0.0
4.08244514465	22.0850048065	0.0
4.10478115082	22.1050319672	0.0
4.12711811066	22.1250591278	0.0
4.14945411682	22.1450862885	0.0
4.17179012299	22.1651134491	0.0
4.19412708282	22.1851406097	0.0
4.21646308899	22.2051677704	0.0
4.23879909515	22.225194931	0.0
4.26113605499	22.2452220917	0.0
4.28347206116	22.2652492523	0.0
4.305809021	22.285276413	0.0
4.32814502716	22.3053035736	0.0
4.35048103333	22.3253307343	0.0
4.37281799316	22.3453578949	0.0
4.39515399933	22.3653850555	0.0
4.41749000549	22.3854122162	0.0
4.43982696533	22.4054393768	0.0
4.4621629715	22.4254665375	0.0
4.48449897766	22.4454936981	0.0
4.5068359375	22.4655208588	0.0
4.52917194366	22.4855480194	0.0
4.55150794983	22.5055751801	0.0
4.57384490967	22.5256023407	0.0
4.61798381805	22.5651798248	0.0
4.64032077789	22.5852050781	0.0
4.66265678406	22.6052322388	0.0
4.68499279022	22.6252613068	0.0
4.7073302269	22.6452884674	0.0
4.72966623306	22.6653156281	0.0
4.75200176239	22.6853427887	0.0
4.77433919907	22.7053699493	0.0
4.79667520523	22.7253952026	0.0
4.81901216507	22.7454242706	0.0
4.84134817123	22.7654514313	0.0
4.8636841774	22.7854785919	0.0
4.88602113724	22.8055057526	0.0
4.9083571434	22.8255329132	0.0
4.93069314957	22.8455581665	0.0
4.95303010941	22.8655872345	0.0
4.97536611557	22.8856143951	0.0
4.99770212173	22.9056415558	0.0
5.02003908157	22.9256687164	0.0
5.04237508774	22.9456958771	0.0
5.0647110939	22.9657211304	0.0
5.08704805374	22.9857501984	0.0
5.10938405991	23.005777359	0.0
5.13172006607	23.0258045197	0.0
5.15405702591	23.0458316803	0.0
5.17639303207	23.0658588409	0.0
5.19872903824	23.0858840942	0.0
5.22106599808	23.1059131622	0.0
5.24340200424	23.1259403229	0.0
5.28313112259	23.1214752197	0.0
5.30078983307	23.0972232819	0.0
5.31844902039	23.072971344	0.0
5.3361082077	23.0487194061	0.0
5.35376691818	23.0244674683	0.0
5.3714261055	23.0002155304	0.0
5.38908481598	22.9759635925	0.0
5.4067440033	22.9517116547	0.0
5.42440319061	22.9274597168	0.0
5.4160118103	22.894405365	0.0
5.40335988998	22.8672046661	0.0
5.39070796967	22.8400020599	0.0
5.37805604935	22.8128013611	0.0
5.36540412903	22.7856006622	0.0
5.3527507782	22.758398056	0.0
5.34009885788	22.7311973572	0.0
5.32744693756	22.703994751	0.0
5.31479501724	22.6767940521	0.0
5.30214309692	22.6495914459	0.0
5.28949117661	22.6223907471	0.0
5.27683782578	22.5951881409	0.0
5.26418590546	22.567987442	0.0
5.25153398514	22.5407867432	0.0
5.23888206482	22.513584137	0.0
5.2262301445	22.4863834381	0.0
5.21357822418	22.4591827393	0.0
5.20092582703	22.4319801331	0.0
5.18827295303	22.4047794342	0.0
5.17562103271	22.377576828	0.0
5.1629691124	22.3503761292	0.0
5.15031719208	22.3231735229	0.0
5.13766479492	22.2959728241	0.0
5.1250128746	22.2687702179	0.0
5.11236000061	22.241569519	0.0
5.09970808029	22.2143688202	0.0
5.08705615997	22.187166214	0.0
5.07440376282	22.1599655151	0.0
5.0617518425	22.1327629089	0.0
5.04909992218	22.1055622101	0.0
5.03644800186	22.0783596039	0.0
5.02379512787	22.051158905	0.0
5.01114320755	22.0239562988	0.0
5.45021677017	22.9007396698	0.0
5.47176980972	22.8798713684	0.0
5.49332284927	22.859003067	0.0
5.51487493515	22.8381347656	0.0
5.5364279747	22.8172664642	0.0
5.55798101425	22.7963981628	0.0
5.5795340538	22.7755317688	0.0
5.60108613968	22.7546634674	0.0
5.62263917923	22.733795166	0.0
5.64419221878	22.7129268646	0.0
5.66903018951	22.7303466797	0.0
5.69228792191	22.749294281	0.0
5.71554613113	22.7682437897	0.0
5.73880386353	22.7871932983	0.0
5.76206207275	22.806142807	0.0
5.78531885147	22.8250923157	0.0
5.8085770607	22.8440418243	0.0
5.83183479309	22.8629894257	0.0
5.85509300232	22.8819389343	0.0
5.87835121155	22.900888443	0.0
5.90160894394	22.9198379517	0.0
5.92486715317	22.938785553	0.0
5.94812488556	22.9577350616	0.0
5.97138309479	22.9766845703	0.0
5.99464082718	22.995634079	0.0
5.65914392471	22.6845417023	0.0
5.67251586914	22.6576862335	0.0
5.68588781357	22.6308326721	0.0
5.69926023483	22.6039772034	0.0
5.71263217926	22.5771217346	0.0
5.72600412369	22.5502662659	0.0
5.73937606812	22.5234127045	0.0
5.75274801254	22.4965572357	0.0
5.76611995697	22.469701767	0.0
5.7794919014	22.4428462982	0.0
5.79286384583	22.4159927368	0.0
5.80623579025	22.3891372681	0.0
5.81960821152	22.3622817993	0.0
5.83298015594	22.3354263306	0.0
5.84635210037	22.3085727692	0.0
5.8597240448	22.2817173004	0.0
5.87309598923	22.2548618317	0.0
5.88646793365	22.2280063629	0.0
5.89983987808	22.2011528015	0.0
5.91321182251	22.1742973328	0.0
5.92658376694	22.147441864	0.0
5.9399561882	22.1205863953	0.0
5.95332813263	22.0937328339	0.0
5.96670007706	22.0668773651	0.0
5.98007202148	22.0400218964	0.0
5.99344396591	22.0131664276	0.0
5.28780794144	23.1657543182	0.0
5.31014490128	23.1857814789	0.0
5.33248090744	23.2058086395	0.0
5.3548169136	23.2258377075	0.0
5.37715387344	23.2458648682	0.0
5.39948987961	23.2658901215	0.0
5.42182588577	23.2859172821	0.0
5.44416284561	23.3059444427	0.0
5.46649885178	23.3259716034	0.0
5.48883581161	23.3460006714	0.0
5.51117181778	23.366027832	0.0
5.53350782394	23.3860530853	0.0
5.55584478378	23.406080246	0.0
5.57818078995	23.4261074066	0.0
5.62271976471	23.4660434723	0.0
5.64505720139	23.4860706329	0.0
5.66739320755	23.5060977936	0.0
5.68972921371	23.5261249542	0.0
5.71206617355	23.5461521149	0.0
5.73440217972	23.5661792755	0.0
5.75673818588	23.5862064362	0.0
5.77907514572	23.6062335968	0.0
5.80141115189	23.6262607574	0.0
5.82374811172	23.6462879181	0.0
5.84608411789	23.6663150787	0.0
5.86842012405	23.6863422394	0.0
5.89075708389	23.7063694	0.0
5.91309309006	23.7263965607	0.0
5.95763206482	23.766330719	0.0
5.97996902466	23.7863578796	0.0
6.00230503082	23.8063850403	0.0
6.02464103699	23.8264122009	0.0
6.04697799683	23.8464393616	0.0
6.06931400299	23.8664665222	0.0
6.09165000916	23.8864936829	0.0
6.11398696899	23.9065208435	0.0
6.13632297516	23.9265480042	0.0
6.158659935	23.9465751648	0.0
6.18099594116	23.9666023254	0.0
6.20333194733	23.9866294861	0.0
6.22566890717	24.0066566467	0.0
6.24800491333	24.0266838074	0.0
6.28911018372	24.0232963562	0.0
6.30801200867	23.9999980927	0.0
6.32691287994	23.9767036438	0.0
6.34581518173	23.9534053802	0.0
6.36471700668	23.9301109314	0.0
6.38361883163	23.9068145752	0.0
6.40252113342	23.8835163116	0.0
6.4214220047	23.8602218628	0.0
6.44032382965	23.8369255066	0.0
6.45922613144	23.813627243	0.0
6.47812795639	23.7903327942	0.0
6.49702978134	23.7670345306	0.0
6.51593112946	23.7437381744	0.0
6.53483295441	23.7204437256	0.0
6.55373477936	23.697145462	0.0
6.57263708115	23.6738491058	0.0
6.5915389061	23.6505527496	0.0
6.61044120789	23.6272563934	0.0
6.62934207916	23.6039619446	0.0
6.64824390411	23.580663681	0.0
6.6671462059	23.5573673248	0.0
6.68604803085	23.5340709686	0.0
6.70693778992	23.5010948181	0.0
6.72208309174	23.4751987457	0.0
6.73722887039	23.4493026733	0.0
6.75237417221	23.423406601	0.0
6.76751899719	23.3975086212	0.0
6.78266382217	23.3716125488	0.0
6.79781007767	23.3457164764	0.0
6.81295490265	23.3198204041	0.0
6.82810020447	23.2939243317	0.0
6.84324598312	23.2680282593	0.0
6.85839080811	23.2421302795	0.0
6.87353610992	23.2162342072	0.0
6.88868188858	23.1903381348	0.0
6.9038271904	23.1644420624	0.0
6.91897201538	23.13854599	0.0
6.93411684036	23.1126499176	0.0
6.94926309586	23.0867538452	0.0
6.96440792084	23.0608577728	0.0
6.97955322266	23.0349617004	0.0
6.99469900131	23.0090637207	0.0
6.71069383621	23.5036945343	0.0
6.729596138	23.4803981781	0.0
6.74849796295	23.4571018219	0.0
6.7673997879	23.4338054657	0.0
6.78630208969	23.4105091095	0.0
6.80520296097	23.3872127533	0.0
6.82410478592	23.3639163971	0.0
6.84300708771	23.3406200409	0.0
6.86190891266	23.3173236847	0.0
6.88081121445	23.2940273285	0.0
6.8997130394	23.2707309723	0.0
6.91861391068	23.2474346161	0.0
6.93751621246	23.2241382599	0.0
6.95641803741	23.2008419037	0.0
6.97531986237	23.1775455475	0.0
6.99422216415	23.1542491913	0.0
7.01312303543	23.1309528351	0.0
7.03202486038	23.1076564789	0.0
7.05092716217	23.0843601227	0.0
7.06982898712	23.0610637665	0.0
7.08873081207	23.0377674103	0.0
7.10763216019	23.0144710541	0.0
7.11002206802	22.9775772095	0.0
7.10666704178	22.9477672577	0.0
7.10331201553	22.9179553986	0.0
7.09995603561	22.8881435394	0.0
7.09660100937	22.8583316803	0.0
7.09324598312	22.8285198212	0.0
7.08989095688	22.798707962	0.0
7.08653593063	22.7688961029	0.0
7.08318090439	22.7390842438	0.0
7.07982492447	22.7092723846	0.0
7.07646989822	22.6794605255	0.0
7.07311487198	22.6496486664	0.0
7.06975984573	22.6198368073	0.0
7.06640481949	22.5900249481	0.0
7.06304883957	22.560213089	0.0
7.05969381332	22.5304012299	0.0
7.05633878708	22.5005893707	0.0
7.05298423767	22.4707775116	0.0
7.04962921143	22.4409656525	0.0
7.04627418518	22.4111537933	0.0
7.04291820526	22.3813438416	0.0
7.03956317902	22.3515300751	0.0
7.03620815277	22.3217182159	0.0
7.03285312653	22.2919063568	0.0
7.02949810028	22.2620944977	0.0
7.02614212036	22.2322845459	0.0
7.02278709412	22.2024726868	0.0
7.01943206787	22.1726608276	0.0
7.01607704163	22.1428470612	0.0
7.01272201538	22.113035202	0.0
7.00936698914	22.0832252502	0.0
7.00601100922	22.0534133911	0.0
7.00265598297	22.023601532	0.0
7.13839292526	22.9908313751	0.0
7.16340923309	22.9742717743	0.0
7.18842506409	22.9577121735	0.0
7.21344089508	22.94115448	0.0
7.23845815659	22.9245967865	0.0
7.26347398758	22.9080371857	0.0
7.28848981857	22.8914775848	0.0
7.3135061264	22.8749198914	0.0
7.3385219574	22.8583602905	0.0
7.36353778839	22.8418006897	0.0
7.38855409622	22.8252410889	0.0
7.41356992722	22.8086833954	0.0
7.43858623505	22.7921257019	0.0
7.47347784042	22.7690296173	0.0
7.49849414825	22.7524700165	0.0
7.52350997925	22.7359104156	0.0
7.54852581024	22.7193527222	0.0
7.57354211807	22.7027931213	0.0
7.59855794907	22.6862354279	0.0
7.62357378006	22.669675827	0.0
7.64859008789	22.6531162262	0.0
7.67360591888	22.6365585327	0.0
7.69862318039	22.6199989319	0.0
7.72363901138	22.6034393311	0.0
7.74865484238	22.5868816376	0.0
7.77367115021	22.5703220367	0.0
7.81076478958	22.5511703491	0.0
7.83798408508	22.5385551453	0.0
7.86520290375	22.5259399414	0.0
7.89242219925	22.5133247375	0.0
7.91964006424	22.5007095337	0.0
7.9468588829	22.4880943298	0.0
7.97407817841	22.475479126	0.0
8.00129699707	22.4628658295	0.0
8.02851581573	22.4502506256	0.0
8.05573368073	22.4376354218	0.0
8.08295345306	22.4250202179	0.0
8.11017227173	22.412405014	0.0
8.13739109039	22.3997917175	0.0
8.16460895538	22.3871765137	0.0
8.19182777405	22.3745613098	0.0
8.21904659271	22.361946106	0.0
8.24626636505	22.3493309021	0.0
8.27348518372	22.3367156982	0.0
8.30070304871	22.3241004944	0.0
8.32792186737	22.3114852905	0.0
8.35514068604	22.2988700867	0.0
8.38236045837	22.2862567902	0.0
8.40957832336	22.2736415863	0.0
8.43679714203	22.2610263824	0.0
8.46401596069	22.2484111786	0.0
8.49123477936	22.2357959747	0.0
8.51845359802	22.2231807709	0.0
8.54567241669	22.210565567	0.0
8.57289123535	22.1979503632	0.0
8.60011005402	22.1853351593	0.0
8.62732887268	22.1727218628	0.0
8.65454673767	22.1601066589	0.0
8.68176555634	22.1474914551	0.0
8.70898532867	22.1348762512	0.0
8.73620414734	22.1222610474	0.0
8.763422966	22.1096458435	0.0
8.79064083099	22.0970306396	0.0
8.81785964966	22.0844154358	0.0
8.845079422	22.0718002319	0.0
8.87229824066	22.0591869354	0.0
8.89951610565	22.0465717316	0.0
8.92673492432	22.0339565277	0.0
8.95395374298	22.0213413239	0.0
8.98117256165	22.00872612	0.0
7.7898440361	22.5344543457	0.0
7.79614114761	22.5051212311	0.0
7.80243778229	22.4757900238	0.0
7.8087348938	22.4464588165	0.0
7.81503200531	22.4171276093	0.0
7.82132911682	22.3877944946	0.0
7.82762622833	22.3584632874	0.0
7.83392286301	22.3291320801	0.0
7.84022092819	22.2998008728	0.0
7.8465180397	22.2704696655	0.0
7.85281515121	22.2411365509	0.0
7.85911178589	22.2118053436	0.0
7.88002109528	22.1884174347	0.0
7.90059614182	22.1665859222	0.0
7.92117214203	22.1447525024	0.0
7.94174718857	22.1229190826	0.0
7.96232223511	22.1010875702	0.0
7.98289680481	22.0792541504	0.0
8.00347232819	22.0574226379	0.0
8.02404785156	22.0355892181	0.0
8.04462337494	22.0137577057	0.0
8.06519794464	21.9919242859	0.0
8.08577346802	21.9700927734	0.0
8.10634899139	21.9482593536	0.0
8.1269235611	21.9264278412	0.0
8.14749908447	21.9045944214	0.0
8.16807365417	21.8827629089	0.0
8.18865013123	21.8609294891	0.0
8.20922470093	21.8390960693	0.0
8.2298002243	21.8172645569	0.0
8.25037479401	21.7954311371	0.0
8.27095127106	21.7735996246	0.0
8.29152584076	21.7517662048	0.0
8.31210136414	21.7299346924	0.0
8.33267593384	21.7081012726	0.0
8.35325241089	21.6862697601	0.0
8.37382698059	21.6644363403	0.0
8.39440155029	21.6426048279	0.0
8.41497707367	21.6207714081	0.0
8.43555259705	21.5989398956	0.0
8.45612812042	21.5771064758	0.0
8.47670269012	21.555273056	0.0
8.4972782135	21.5334415436	0.0
8.5178527832	21.5116081238	0.0
8.53842926025	21.4897766113	0.0
8.55900382996	21.4679431915	0.0
8.57957935333	21.4461116791	0.0
8.60015392303	21.4242782593	0.0
8.62073040009	21.4024467468	0.0
8.64130496979	21.380613327	0.0
8.66187953949	21.3587818146	0.0
8.68245506287	21.3369483948	0.0
8.70303058624	21.3151168823	0.0
8.72360610962	21.2932834625	0.0
8.74418067932	21.2714519501	0.0
8.7647562027	21.2496185303	0.0
8.78533172607	21.2277851105	0.0
8.80590724945	21.205953598	0.0
8.82648181915	21.1841201782	0.0
8.84705734253	21.1622886658	0.0
8.86763286591	21.140455246	0.0
8.88820838928	21.1186237335	0.0
8.90878295898	21.0967903137	0.0
8.92935752869	21.0749588013	0.0
8.94993305206	21.0531253815	0.0
8.97050857544	21.031293869	0.0
8.99108409882	21.0094604492	0.0
7.87611913681	22.1853103638	0.0
7.89279079437	22.160369873	0.0
7.90946388245	22.1354293823	0.0
7.92613697052	22.1104888916	0.0
7.94281005859	22.0855484009	0.0
7.95948314667	22.0606098175	0.0
7.97615480423	22.0356674194	0.0
7.9928278923	22.0107288361	0.0
7.47642278671	22.7964572906	0.0
7.50438499451	22.8073272705	0.0
7.53234577179	22.8181972504	0.0
7.56030702591	22.8290672302	0.0
7.5882692337	22.8399372101	0.0
7.61623001099	22.8508071899	0.0
7.64419221878	22.8616771698	0.0
7.67215299606	22.8725471497	0.0
7.70011520386	22.8834190369	0.0
7.72807598114	22.8942890167	0.0
7.75603723526	22.9051589966	0.0
7.78399896622	22.9160289764	0.0
7.81196022034	22.9268989563	0.0
7.83992195129	22.9377689362	0.0
7.86788320541	22.948638916	0.0
7.89584493637	22.9595088959	0.0
7.92380619049	22.9703788757	0.0
7.95176696777	22.9812488556	0.0
7.97972917557	22.9921207428	0.0
6.29254388809	24.066619873	0.0
6.31488084793	24.0866451263	0.0
6.3372168541	24.106672287	0.0
6.35955286026	24.126701355	0.0
6.3818898201	24.1467285156	0.0
6.40422582626	24.1667556763	0.0
6.42656183243	24.1867828369	0.0
6.46000003815	24.2167625427	0.0
6.48233699799	24.2367897034	0.0
6.50467300415	24.256816864	0.0
6.52700901031	24.276845932	0.0
6.54934597015	24.2968711853	0.0
6.57168197632	24.3168983459	0.0
6.59401798248	24.3369255066	0.0
6.62241888046	24.371389389	0.0
6.63971710205	24.3959007263	0.0
6.65701580048	24.4204101562	0.0
6.67431497574	24.4449214935	0.0
6.69161319733	24.4694328308	0.0
6.70891189575	24.4939422607	0.0
6.72621107101	24.5184516907	0.0
6.74350881577	24.542963028	0.0
6.76080799103	24.5674724579	0.0
6.77810716629	24.5919837952	0.0
6.79540491104	24.6164932251	0.0
6.8127040863	24.6410045624	0.0
6.83000278473	24.6655139923	0.0
6.84730195999	24.6900234222	0.0
6.86460018158	24.7145347595	0.0
6.88189888	24.7390441895	0.0
6.89919805527	24.7635555267	0.0
6.91649580002	24.788066864	0.0
6.93379497528	24.8125762939	0.0
6.95109415054	24.8370857239	0.0
6.96839189529	24.8615970612	0.0
7.0117650032	24.8843193054	0.0
7.04156112671	24.8878078461	0.0
7.07135820389	24.8912963867	0.0
7.10115385056	24.8947849274	0.0
7.13095092773	24.8982715607	0.0
7.16074705124	24.901758194	0.0
7.19054412842	24.9052467346	0.0
7.22033977509	24.9087352753	0.0
7.25013685226	24.9122238159	0.0
7.27993392944	24.9157104492	0.0
7.30973005295	24.9191989899	0.0
7.33952713013	24.9226875305	0.0
7.36932277679	24.9261741638	0.0
7.39911985397	24.9296627045	0.0
7.42891597748	24.9331512451	0.0
7.45871305466	24.9366378784	0.0
7.48850917816	24.9401264191	0.0
7.5183057785	24.9436130524	0.0
7.54810190201	24.947101593	0.0
7.57789897919	24.9505901337	0.0
7.60769605637	24.9540786743	0.0
7.63749217987	24.9575653076	0.0
7.66728878021	24.9610538483	0.0
7.69708490372	24.9645423889	0.0
7.7268819809	24.9680309296	0.0
7.7566781044	24.9715175629	0.0
7.78647518158	24.9750041962	0.0
7.81627082825	24.9784927368	0.0
7.84606790543	24.9819812775	0.0
7.8758649826	24.9854698181	0.0
7.90566110611	24.9889564514	0.0
7.93545818329	24.9924449921	0.0
7.96525382996	24.9959335327	0.0
7.99505090714	24.999420166	0.0
6.99926710129	24.9053421021	0.0
7.01656484604	24.9298534393	0.0
7.0338640213	24.9543628693	0.0
7.05116319656	24.9788722992	0.0
7.06846094131	25.0033836365	0.0
7.08576011658	25.0278930664	0.0
7.103058815	25.0524044037	0.0
7.12035703659	25.076915741	0.0
7.13765621185	25.1014251709	0.0
7.15495491028	25.1259346008	0.0
7.17225313187	25.1504459381	0.0
7.18955183029	25.174955368	0.0
7.20685100555	25.1994667053	0.0
7.22415018082	25.2239761353	0.0
7.24144792557	25.2484874725	0.0
7.25874710083	25.2729969025	0.0
7.27604579926	25.2975063324	0.0
7.29334402084	25.3220176697	0.0
7.31064319611	25.3465270996	0.0
7.32794189453	25.3710384369	0.0
7.34524011612	25.3955497742	0.0
7.38097381592	25.4350070953	0.0
7.40313196182	25.4552326202	0.0
7.4252910614	25.4754562378	0.0
7.44744920731	25.4956798553	0.0
7.46960687637	25.5159034729	0.0
7.49176502228	25.5361270905	0.0
7.51392412186	25.5563526154	0.0
7.53608179092	25.5765762329	0.0
7.55823993683	25.5968017578	0.0
7.58039808273	25.6170253754	0.0
7.60255718231	25.6372489929	0.0
7.62471485138	25.6574726105	0.0
7.64687299728	25.677696228	0.0
7.66903114319	25.6979217529	0.0
7.69118881226	25.7181453705	0.0
7.71334791183	25.738368988	0.0
7.73550605774	25.7585926056	0.0
7.75766420364	25.7788162231	0.0
7.77982187271	25.799041748	0.0
7.80198097229	25.8192653656	0.0
7.82413911819	25.8394889832	0.0
7.84629678726	25.8597145081	0.0
7.86845493317	25.8799381256	0.0
7.89061307907	25.9001617432	0.0
7.91277217865	25.9203853607	0.0
7.93492984772	25.9406108856	0.0
7.95708799362	25.9608345032	0.0
7.97924613953	25.9810581207	0.0
7.37611484528	25.4392948151	0.0
7.39341306686	25.463804245	0.0
7.41071176529	25.4883155823	0.0
7.42801094055	25.5128250122	0.0
7.44530916214	25.5373363495	0.0
7.46260786057	25.5618457794	0.0
7.47990703583	25.5863552094	0.0
7.49720478058	25.6108665466	0.0
7.51450395584	25.6353778839	0.0
7.5318031311	25.6598873138	0.0
7.56453895569	25.7062702179	0.0
7.58183717728	25.7307815552	0.0
7.5991358757	25.7552909851	0.0
7.61643505096	25.779800415	0.0
7.63373279572	25.8043117523	0.0
7.65103197098	25.8288211823	0.0
7.66833114624	25.8533325195	0.0
7.68562889099	25.8778438568	0.0
7.70292806625	25.9023532867	0.0
7.72022676468	25.9268627167	0.0
7.7529630661	25.9732456207	0.0
7.77026081085	25.997756958	0.0
7.78755998611	26.0222663879	0.0
7.80485916138	26.0467777252	0.0
7.82215690613	26.0712871552	0.0
7.83945608139	26.0957984924	0.0
7.85675477982	26.1203079224	0.0
7.8740530014	26.1448192596	0.0
7.89135217667	26.1693286896	0.0
7.90865087509	26.1938381195	0.0
7.95350313187	26.2098140717	0.0
7.98291683197	26.2039165497	0.0
8.01233196259	26.1980209351	0.0
8.0417470932	26.1921215057	0.0
8.07116127014	26.1862258911	0.0
8.10057640076	26.1803283691	0.0
8.12998962402	26.1744308472	0.0
8.15940475464	26.1685333252	0.0
8.18881988525	26.1626358032	0.0
8.21823406219	26.1567382812	0.0
8.24764919281	26.1508407593	0.0
8.27706432343	26.1449432373	0.0
8.30647754669	26.1390457153	0.0
8.33589267731	26.1331481934	0.0
8.36530685425	26.1272506714	0.0
8.39472198486	26.1213531494	0.0
8.42413711548	26.1154556274	0.0
8.45355129242	26.1095581055	0.0
8.48296642303	26.1036605835	0.0
8.51238059998	26.0977630615	0.0
8.54179477692	26.0918655396	0.0
8.57120990753	26.0859699249	0.0
8.60062503815	26.080072403	0.0
8.63003921509	26.074174881	0.0
8.6594543457	26.068277359	0.0
8.68886756897	26.062379837	0.0
8.71828269958	26.0564823151	0.0
8.7476978302	26.0505847931	0.0
8.77711200714	26.0446872711	0.0
8.80652713776	26.0387897491	0.0
8.83594226837	26.0328922272	0.0
8.86535644531	26.0269947052	0.0
8.89477062225	26.0210971832	0.0
8.92418575287	26.0151996613	0.0
8.95359992981	26.0093021393	0.0
8.98301506042	26.0034046173	0.0
7.94138717651	26.2402229309	0.0
7.95868492126	26.2647323608	0.0
7.97598409653	26.2892436981	0.0
7.99328279495	26.3137531281	0.0
8.01058101654	26.3382644653	0.0
8.02787971497	26.3627738953	0.0
8.04517936707	26.3872833252	0.0
8.06247711182	26.4117946625	0.0
8.07977581024	26.4363040924	0.0
8.09707546234	26.4608154297	0.0
8.10613632202	26.5120029449	0.0
8.09976005554	26.5413169861	0.0
8.09338474274	26.5706329346	0.0
8.08700942993	26.5999469757	0.0
8.08063316345	26.6292610168	0.0
8.07425689697	26.658575058	0.0
8.06788158417	26.6878910065	0.0
8.06150627136	26.7172050476	0.0
8.05513000488	26.7465190887	0.0
8.0487537384	26.7758350372	0.0
8.04237937927	26.8051490784	0.0
8.03600311279	26.8344631195	0.0
8.02962684631	26.863779068	0.0
8.02325057983	26.8930931091	0.0
8.0168762207	26.9224071503	0.0
8.01049995422	26.9517230988	0.0
8.00412368774	26.9810371399	0.0
8.12981128693	26.5071983337	0.0
8.14710903168	26.531709671	0.0
8.1644077301	26.556219101	0.0
8.1817073822	26.5807285309	0.0
8.19900512695	26.6052398682	0.0
8.21630382538	26.6297492981	0.0
8.2336025238	26.6542606354	0.0
8.25090122223	26.6787700653	0.0
8.26819992065	26.7032814026	0.0
8.30900096893	26.7123222351	0.0
8.3380022049	26.7046451569	0.0
8.36700344086	26.696969986	0.0
8.39600467682	26.6892929077	0.0
8.42500591278	26.6816158295	0.0
8.45400714874	26.6739387512	0.0
8.4830083847	26.6662635803	0.0
8.51200866699	26.6585865021	0.0
8.54100990295	26.6509094238	0.0
8.57001209259	26.6432323456	0.0
8.59901332855	26.6355552673	0.0
8.62801361084	26.6278781891	0.0
8.6570148468	26.6202011108	0.0
8.68601608276	26.6125259399	0.0
8.71501731873	26.6048488617	0.0
8.74401855469	26.5971717834	0.0
8.77301979065	26.5894947052	0.0
8.80202102661	26.581817627	0.0
8.83102226257	26.5741405487	0.0
8.86002254486	26.5664634705	0.0
8.88902378082	26.5587882996	0.0
8.91802501678	26.5511112213	0.0
8.94702720642	26.5434341431	0.0
8.97602844238	26.5357570648	0.0
9.00502872467	26.5280818939	0.0
9.03402996063	26.5204048157	0.0
9.06303119659	26.5127277374	0.0
9.08699512482	26.5311164856	0.0
9.11062908173	26.5495948792	0.0
9.13426399231	26.5680713654	0.0
9.15789794922	26.5865497589	0.0
9.1815328598	26.6050262451	0.0
9.20516681671	26.6235046387	0.0
9.22880172729	26.6419811249	0.0
9.2524356842	26.6604576111	0.0
9.27607059479	26.6789360046	0.0
9.2997045517	26.6974124908	0.0
9.32334041595	26.7158908844	0.0
9.34697437286	26.7343673706	0.0
9.37060928345	26.7528457642	0.0
9.39424324036	26.7713222504	0.0
9.41787815094	26.7897987366	0.0
9.44151210785	26.8082752228	0.0
9.46514701843	26.8267536163	0.0
9.48878097534	26.8452301025	0.0
9.51241588593	26.8637084961	0.0
9.52593612671	26.901227951	0.0
9.52955818176	26.9310073853	0.0
9.53318023682	26.9607887268	0.0
9.53680229187	26.990568161	0.0
9.54042434692	27.0203495026	0.0
9.54404640198	27.0501308441	0.0
9.54766845703	27.0799102783	0.0
9.55128955841	27.1096916199	0.0
9.55491161346	27.1394710541	0.0
9.55853366852	27.1692523956	0.0
9.56215572357	27.1990318298	0.0
9.56577777863	27.2288131714	0.0
9.56940078735	27.2585926056	0.0
9.57302284241	27.2883739471	0.0
9.57664489746	27.3181552887	0.0
9.58026695251	27.3479347229	0.0
9.58388900757	27.3777160645	0.0
9.55875396729	27.4124488831	0.0
9.53068161011	27.4230289459	0.0
9.5026102066	27.4336109161	0.0
9.47453784943	27.4441928864	0.0
9.44646644592	27.4547729492	0.0
9.41839408875	27.4653549194	0.0
9.39032173157	27.4759368896	0.0
9.36225128174	27.4865169525	0.0
9.33417892456	27.4970989227	0.0
9.30610656738	27.5076808929	0.0
9.27803516388	27.5182628632	0.0
9.2499628067	27.528842926	0.0
9.2218914032	27.5394248962	0.0
9.19381904602	27.5500068665	0.0
9.16574668884	27.5605869293	0.0
9.13767528534	27.5711688995	0.0
9.10960292816	27.5817508698	0.0
9.08153057098	27.5923309326	0.0
9.05345916748	27.6029129028	0.0
9.0253868103	27.613494873	0.0
8.9973154068	27.6240749359	0.0
8.96924304962	27.6346569061	0.0
8.94117069244	27.6452388763	0.0
8.91309928894	27.6558189392	0.0
8.88502693176	27.6664009094	0.0
8.85695457458	27.6769828796	0.0
8.82888317108	27.6875629425	0.0
8.8008108139	27.6981449127	0.0
8.7727394104	27.7087268829	0.0
8.74466705322	27.7193069458	0.0
8.71659469604	27.729888916	0.0
8.68852424622	27.7404708862	0.0
8.66045188904	27.7510509491	0.0
8.63237953186	27.7616329193	0.0
8.60430812836	27.7722148895	0.0
8.57623577118	27.7827949524	0.0
8.54816436768	27.7933769226	0.0
8.5200920105	27.8039588928	0.0
8.49201965332	27.814540863	0.0
8.46394824982	27.8251209259	0.0
8.43587589264	27.8357028961	0.0
8.40780353546	27.8462848663	0.0
8.37973213196	27.8568649292	0.0
8.35165977478	27.8674468994	0.0
8.32358837128	27.8780288696	0.0
8.2955160141	27.8886089325	0.0
8.26744365692	27.8991909027	0.0
8.23937225342	27.9097728729	0.0
8.21129989624	27.9203529358	0.0
8.18322753906	27.930934906	0.0
8.15515613556	27.9415168762	0.0
8.12708377838	27.9520969391	0.0
8.09901237488	27.9626789093	0.0
8.0709400177	27.9732608795	0.0
8.04286766052	27.9838409424	0.0
8.01479721069	27.9944229126	0.0
9.60387706757	27.4265499115	0.0
9.62092781067	27.4512348175	0.0
9.6379776001	27.4759178162	0.0
9.65502929688	27.5006008148	0.0
9.67208003998	27.5252838135	0.0
9.68912982941	27.5499687195	0.0
9.70618057251	27.5746517181	0.0
9.72323226929	27.5993347168	0.0
9.74028205872	27.6240177155	0.0
9.75733280182	27.6487026215	0.0
9.77438354492	27.6733856201	0.0
9.79143428802	27.6980686188	0.0
9.80848503113	27.7227516174	0.0
9.82553577423	27.7474346161	0.0
9.84258556366	27.7721195221	0.0
9.85963726044	27.7968025208	0.0
9.87668800354	27.8214855194	0.0
9.89373779297	27.8461685181	0.0
9.91078853607	27.8708534241	0.0
9.92784023285	27.8955364227	0.0
9.94489002228	27.9202194214	0.0
9.96194076538	27.94490242	0.0
9.97899246216	27.969587326	0.0
9.99604225159	27.9942703247	0.0
9.55128288269	26.8792438507	0.0
9.58025169373	26.8870391846	0.0
9.60922145844	26.8948345184	0.0
9.63819122314	26.9026317596	0.0
9.66716003418	26.9104270935	0.0
9.69612884521	26.9182224274	0.0
9.72509860992	26.9260196686	0.0
9.75406837463	26.9338150024	0.0
9.78303718567	26.9416122437	0.0
9.81200695038	26.9494075775	0.0
9.84097576141	26.9572048187	0.0
9.86994457245	26.9650001526	0.0
9.89891433716	26.9727954865	0.0
9.92788410187	26.9805927277	0.0
9.9568529129	26.9883880615	0.0
9.98582172394	26.9961853027	0.0
9.0923614502	26.5049629211	0.0
9.12136173248	26.4972858429	0.0
9.15036296844	26.489610672	0.0
9.17936515808	26.4819335938	0.0
9.20836639404	26.4742565155	0.0
9.23736667633	26.4665794373	0.0
9.26636791229	26.458902359	0.0
9.29536914825	26.4512252808	0.0
9.32437038422	26.4435482025	0.0
9.35337162018	26.4358711243	0.0
9.38237285614	26.4281959534	0.0
9.4113740921	26.4205188751	0.0
9.44037532806	26.4128417969	0.0
9.46937561035	26.4051647186	0.0
9.49837684631	26.3974876404	0.0
9.52737903595	26.3898124695	0.0
9.55638027191	26.3821353912	0.0
9.5853805542	26.374458313	0.0
9.60711479187	26.3534927368	0.0
9.62863063812	26.3325862885	0.0
9.6501455307	26.3116798401	0.0
9.67166137695	26.2907733917	0.0
9.69317626953	26.2698669434	0.0
9.71469211578	26.2489585876	0.0
9.73620700836	26.2280521393	0.0
9.75772190094	26.2071456909	0.0
9.77923679352	26.1862392426	0.0
9.80075263977	26.1653327942	0.0
9.82226753235	26.1444244385	0.0
9.8437833786	26.1235198975	0.0
9.86529827118	26.1026115417	0.0
9.89240264893	26.0814170837	0.0
9.91632556915	26.0633144379	0.0
9.94024944305	26.0452136993	0.0
9.96417236328	26.0271110535	0.0
9.98809528351	26.0090084076	0.0
9.88691711426	26.0758533478	0.0
9.90535354614	26.0521888733	0.0
9.92378997803	26.0285224915	0.0
9.94222736359	26.0048542023	0.0
9.96066379547	25.9811897278	0.0
9.97910118103	25.9575233459	0.0
9.99753665924	25.9338569641	0.0
10.0159740448	25.9101905823	0.0
10.0344114304	25.8865242004	0.0
10.0528478622	25.862859726	0.0
10.0712842941	25.8391933441	0.0
10.089720726	25.8155250549	0.0
10.1081581116	25.7918605804	0.0
10.1265945435	25.7681941986	0.0
10.145031929	25.7445278168	0.0
10.1634683609	25.7208614349	0.0
10.1819047928	25.6971950531	0.0
10.2003421783	25.6735305786	0.0
10.2187786102	25.6498641968	0.0
10.2372150421	25.6261978149	0.0
10.2556524277	25.6025314331	0.0
10.2740888596	25.5788650513	0.0
10.2925262451	25.5551986694	0.0
10.310962677	25.5315322876	0.0
10.3293991089	25.5078678131	0.0
10.3478355408	25.4842014313	0.0
10.3662729263	25.4605350494	0.0
10.3847103119	25.4368686676	0.0
10.4031457901	25.4132022858	0.0
10.4215831757	25.3895359039	0.0
10.4400196075	25.3658695221	0.0
10.4584569931	25.3422031403	0.0
10.476893425	25.3185386658	0.0
10.4953298569	25.2948722839	0.0
10.5137672424	25.2712059021	0.0
10.5322036743	25.2475395203	0.0
10.5506410599	25.2238731384	0.0
10.5690765381	25.2002067566	0.0
10.5875139236	25.1765403748	0.0
10.6059513092	25.1528759003	0.0
10.6243877411	25.1292095184	0.0
10.6665773392	25.1029911041	0.0
10.6952409744	25.0941371918	0.0
10.7239046097	25.0852832794	0.0
10.7525682449	25.0764293671	0.0
10.7812318802	25.0675754547	0.0
10.8098964691	25.0587215424	0.0
10.8489227295	25.0545043945	0.0
10.8788900375	25.0530853271	0.0
10.9088563919	25.0516662598	0.0
10.9388227463	25.0502471924	0.0
10.9687891006	25.048828125	0.0
10.998755455	25.0474090576	0.0
11.0287218094	25.0459918976	0.0
11.0586881638	25.0445728302	0.0
11.0886554718	25.0431537628	0.0
11.1186208725	25.0417346954	0.0
11.1485872269	25.0403156281	0.0
11.1785535812	25.0388965607	0.0
11.2085199356	25.0374774933	0.0
11.2384872437	25.0360584259	0.0
11.2684526443	25.0346393585	0.0
11.2984199524	25.0332202911	0.0
11.3283863068	25.0318012238	0.0
11.3583517075	25.0303821564	0.0
11.3883190155	25.028963089	0.0
11.4182853699	25.027545929	0.0
11.4482517242	25.0261268616	0.0
11.4782180786	25.0247077942	0.0
11.5081853867	25.0232887268	0.0
11.5381507874	25.0218696594	0.0
11.5681171417	25.020450592	0.0
11.5980844498	25.0190315247	0.0
11.6280498505	25.0176124573	0.0
11.6580171585	25.0161933899	0.0
11.6879825592	25.0147743225	0.0
11.7179498672	25.0133552551	0.0
11.7479162216	25.0119361877	0.0
11.7778816223	25.0105171204	0.0
11.8078489304	25.009098053	0.0
11.8378152847	25.0076808929	0.0
11.8677816391	25.0062618256	0.0
11.8977479935	25.0048427582	0.0
11.9277153015	25.0034236908	0.0
11.9576807022	25.0020046234	0.0
11.9876470566	25.000585556	0.0
10.8476200104	25.0470695496	0.0
10.8762836456	25.0382156372	0.0
10.9049482346	25.0293617249	0.0
10.9336109161	25.0205078125	0.0
10.9622745514	25.0116539001	0.0
10.9909391403	25.0027980804	0.0
10.6472034454	25.0833206177	0.0
10.656493187	25.0547943115	0.0
10.6657829285	25.0262699127	0.0
10.6750717163	24.9977455139	0.0
10.6843624115	24.9692192078	0.0
10.693652153	24.940694809	0.0
10.7029409409	24.9121685028	0.0
10.7122306824	24.8836421967	0.0
10.7215213776	24.8551177979	0.0
10.7308101654	24.8265914917	0.0
10.7400999069	24.7980651855	0.0
10.7493896484	24.7695407867	0.0
10.75867939	24.7410144806	0.0
10.7679691315	24.7124900818	0.0
10.777258873	24.6839637756	0.0
10.7865476608	24.6554393768	0.0
10.795838356	24.6269130707	0.0
10.8051280975	24.5983886719	0.0
10.8144168854	24.5698623657	0.0
10.8282461166	24.5273971558	0.0
10.8375358582	24.498872757	0.0
10.8468255997	24.4703464508	0.0
10.8561153412	24.4418201447	0.0
10.8654050827	24.4132957458	0.0
10.8746948242	24.3847694397	0.0
10.8839836121	24.3562450409	0.0
10.8932743073	24.3277187347	0.0
10.9025640488	24.2991943359	0.0
10.9289522171	24.2551403046	0.0
10.948425293	24.2323207855	0.0
10.9678993225	24.2094993591	0.0
10.9873723984	24.1866798401	0.0
11.0068464279	24.1638584137	0.0
11.0263204575	24.1410388947	0.0
11.0457925797	24.1182174683	0.0
11.0652666092	24.0953960419	0.0
11.0847396851	24.0725765228	0.0
11.1042137146	24.0497550964	0.0
11.1236867905	24.02693367	0.0
11.14316082	24.004114151	0.0
11.1626338959	23.9812927246	0.0
11.1821079254	23.9584732056	0.0
11.2015810013	23.9356517792	0.0
11.2210550308	23.9128303528	0.0
11.2405281067	23.8900108337	0.0
11.2600021362	23.8671894073	0.0
11.2794752121	23.8443698883	0.0
11.2989492416	23.8215484619	0.0
11.3184223175	23.7987289429	0.0
11.337896347	23.7759075165	0.0
11.3573694229	23.7530860901	0.0
11.3768434525	23.730266571	0.0
11.3963155746	23.7074451447	0.0
11.4157896042	23.6846256256	0.0
11.4352626801	23.6618041992	0.0
11.4547367096	23.6389827728	0.0
11.4742097855	23.6161632538	0.0
11.493683815	23.5933418274	0.0
11.5131578445	23.570520401	0.0
11.5326309204	23.547700882	0.0
11.55210495	23.5248794556	0.0
11.5715780258	23.5020599365	0.0
11.5910520554	23.4792385101	0.0
11.6105251312	23.4564170837	0.0
11.6299991608	23.4335975647	0.0
11.6494722366	23.4107761383	0.0
11.6689462662	23.3879566193	0.0
11.688419342	23.3651351929	0.0
11.7078933716	23.3423156738	0.0
11.7273664474	23.3194942474	0.0
11.7468395233	23.2966747284	0.0
11.7663125992	23.273853302	0.0
11.7857866287	23.2510318756	0.0
11.8052597046	23.2282123566	0.0
11.8247337341	23.2053909302	0.0
11.84420681	23.1825695038	0.0
11.8636808395	23.1597499847	0.0
11.8831539154	23.1369285583	0.0
11.9026279449	23.114107132	0.0
11.9221010208	23.0912876129	0.0
11.9415750504	23.0684661865	0.0
11.9610481262	23.0456466675	0.0
11.9805221558	23.0228252411	0.0
11.9999961853	23.000005722	0.0
10.9187679291	24.2494354248	0.0
10.9280576706	24.220911026	0.0
10.9373474121	24.1923847198	0.0
10.9466371536	24.163860321	0.0
10.9559268951	24.1353340149	0.0
10.965215683	24.1068096161	0.0
10.9745063782	24.0782833099	0.0
10.9837961197	24.0497589111	0.0
10.9930849075	24.021232605	0.0
10.8460998535	24.5431461334	0.0
10.8732433319	24.5303707123	0.0
10.9003868103	24.5175933838	0.0
10.9275302887	24.5048160553	0.0
10.9546728134	24.4920406342	0.0
10.9818172455	24.4792633057	0.0
11.0089597702	24.4664878845	0.0
11.0361042023	24.453710556	0.0
11.063246727	24.4409351349	0.0
11.0903902054	24.4281578064	0.0
11.1175336838	24.4153823853	0.0
11.1446771622	24.4026050568	0.0
11.1718196869	24.3898296356	0.0
11.198964119	24.3770523071	0.0
11.2261066437	24.364276886	0.0
11.2532501221	24.3514995575	0.0
11.2803936005	24.338722229	0.0
11.3075370789	24.3259468079	0.0
11.3346796036	24.3131694794	0.0
11.3618240356	24.3003921509	0.0
11.3889665604	24.2876167297	0.0
11.4161100388	24.2748394012	0.0
11.4432544708	24.2620620728	0.0
11.4703969955	24.2492866516	0.0
11.4975404739	24.2365093231	0.0
11.5246839523	24.223733902	0.0
11.5518274307	24.2109565735	0.0
11.5789699554	24.1981811523	0.0
11.6061143875	24.1854038239	0.0
11.6332569122	24.1726284027	0.0
11.6604003906	24.1598510742	0.0
11.687543869	24.1470756531	0.0
11.7146873474	24.1342983246	0.0
11.7418298721	24.1215229034	0.0
11.7689743042	24.108745575	0.0
11.7961168289	24.0959682465	0.0
11.8232603073	24.0831928253	0.0
11.8504037857	24.0704154968	0.0
11.8775472641	24.0576381683	0.0
11.9046897888	24.0448627472	0.0
11.9318342209	24.0320854187	0.0
11.9589767456	24.0193099976	0.0
11.986120224	24.0065326691	0.0
9.61495399475	26.3805942535	0.0
9.64430713654	26.3867893219	0.0
9.67366123199	26.3929824829	0.0
9.70301437378	26.3991775513	0.0
9.73236846924	26.4053726196	0.0
9.76172065735	26.4115657806	0.0
9.79107475281	26.417760849	0.0
9.82042789459	26.4239559174	0.0
9.84978199005	26.4301490784	0.0
9.87913513184	26.4363441467	0.0
9.90848922729	26.4425373077	0.0
9.93784236908	26.4487323761	0.0
9.96719646454	26.4549274445	0.0
9.99654865265	26.4611206055	0.0
10.0259027481	26.4673156738	0.0
10.0552558899	26.4735107422	0.0
10.0846099854	26.4797039032	0.0
10.1139640808	26.4858989716	0.0
10.1433172226	26.4920921326	0.0
10.1726713181	26.4982872009	0.0
10.2020244598	26.5044822693	0.0
10.2313776016	26.5106754303	0.0
10.2607307434	26.5168704987	0.0
10.2900848389	26.523065567	0.0
10.3194379807	26.529258728	0.0
10.3461351395	26.5444412231	0.0
10.3721008301	26.5594673157	0.0
10.398065567	26.5744934082	0.0
10.4240312576	26.5895214081	0.0
10.4499969482	26.6045475006	0.0
10.4759616852	26.6195755005	0.0
10.5019273758	26.634601593	0.0
10.5278921127	26.6496276855	0.0
10.5538578033	26.6646556854	0.0
10.5798225403	26.679681778	0.0
10.6057882309	26.6947097778	0.0
10.6317529678	26.7097358704	0.0
10.6577186584	26.7247619629	0.0
10.6836843491	26.7397880554	0.0
10.709649086	26.7548160553	0.0
10.7356138229	26.7698421478	0.0
10.7615804672	26.7848701477	0.0
10.8092327118	26.8203735352	0.0
10.8310747147	26.8409404755	0.0
10.8529157639	26.8615055084	0.0
10.874756813	26.8820705414	0.0
10.8965816498	26.9297657013	0.0
10.8994674683	26.9596252441	0.0
10.9023532867	26.9894866943	0.0
10.9052381516	27.0193481445	0.0
10.90812397	27.0492095947	0.0
10.9110088348	27.0790691376	0.0
10.9138946533	27.1089305878	0.0
10.9167804718	27.1387901306	0.0
10.9196662903	27.1686515808	0.0
10.9225511551	27.198513031	0.0
10.9254369736	27.2283744812	0.0
10.9283218384	27.2582359314	0.0
10.9312076569	27.2880954742	0.0
10.9340934753	27.3179569244	0.0
10.9369792938	27.3478183746	0.0
10.9398641586	27.3776798248	0.0
10.9427499771	27.4075393677	0.0
10.9456348419	27.4374008179	0.0
10.9485206604	27.4672603607	0.0
10.9514055252	27.4971218109	0.0
10.9542922974	27.5269832611	0.0
10.9571771622	27.5568447113	0.0
10.9600629807	27.5867042542	0.0
10.9629478455	27.6165657043	0.0
10.9658336639	27.6464271545	0.0
10.9687185287	27.6762886047	0.0
10.9716053009	27.7061481476	0.0
10.9744901657	27.7360095978	0.0
10.9773759842	27.7658691406	0.0
10.980260849	27.7957305908	0.0
10.9831466675	27.825592041	0.0
10.9860315323	27.8554534912	0.0
10.9889183044	27.8853149414	0.0
10.9918031693	27.9151744843	0.0
10.9946889877	27.9450359344	0.0
10.9975738525	27.9748973846	0.0
10.9155368805	26.9204692841	0.0
10.9373788834	26.9410362244	0.0
10.9592199326	26.9616012573	0.0
10.9810609818	26.9821662903	0.0
10.8172054291	26.79646492	0.0
10.8470182419	26.7931213379	0.0
10.8768310547	26.7897796631	0.0
10.9066448212	26.7864360809	0.0
10.936457634	26.7830924988	0.0
10.9662714005	26.779750824	0.0
10.9960842133	26.7764072418	0.0
11.0258970261	26.7730636597	0.0
11.0557098389	26.7697200775	0.0
11.096997261	26.7858867645	0.0
11.1209106445	26.8040008545	0.0
11.1448259354	26.8221149445	0.0
11.1687402725	26.8402271271	0.0
11.1926546097	26.858341217	0.0
11.2165689468	26.8764533997	0.0
11.2404842377	26.8945674896	0.0
11.2643976212	26.9126815796	0.0
11.288312912	26.9307956696	0.0
11.3122272491	26.9489078522	0.0
11.3361406326	26.9670219421	0.0
11.3600559235	26.9851341248	0.0
11.3839702606	27.0032482147	0.0
11.4078845978	27.0213623047	0.0
11.4317989349	27.0394763947	0.0
11.4557142258	27.0575885773	0.0
11.4796276093	27.0757026672	0.0
11.5035429001	27.0938167572	0.0
11.5274572372	27.1119308472	0.0
11.5513715744	27.1300430298	0.0
11.5752859116	27.1481571198	0.0
11.5992002487	27.1662693024	0.0
11.6392879486	27.1635494232	0.0
11.6666107178	27.1511611938	0.0
11.6939325333	27.1387748718	0.0
11.7212562561	27.1263847351	0.0
11.7485790253	27.1139965057	0.0
11.7759008408	27.1016082764	0.0
11.8032236099	27.089220047	0.0
11.8305473328	27.0768318176	0.0
11.8578691483	27.0644435883	0.0
11.8851919174	27.0520553589	0.0
11.9125146866	27.0396671295	0.0
11.9398374557	27.0272789001	0.0
11.9671602249	27.0148906708	0.0
11.9944829941	27.0025024414	0.0
11.6247463226	27.2030792236	0.0
11.6375255585	27.230222702	0.0
11.6503067017	27.2573623657	0.0
11.6630868912	27.2845058441	0.0
11.6758670807	27.3116455078	0.0
11.6886482239	27.3387870789	0.0
11.7014284134	27.3659286499	0.0
11.7142086029	27.3930702209	0.0
11.7269887924	27.420211792	0.0
11.7397689819	27.447353363	0.0
11.7525501251	27.4744949341	0.0
11.7653303146	27.5016365051	0.0
11.7781114578	27.5287780762	0.0
11.7908906937	27.5559196472	0.0
11.8036718369	27.5830612183	0.0
11.8164520264	27.6102027893	0.0
11.8292322159	27.6373443604	0.0
11.8420133591	27.6644859314	0.0
11.8547925949	27.6916275024	0.0
11.8675737381	27.7187690735	0.0
11.8803539276	27.7459106445	0.0
11.8931341171	27.7730522156	0.0
11.9059152603	27.8001937866	0.0
11.9186954498	27.8273353577	0.0
11.9314756393	27.8544769287	0.0
11.9442558289	27.8816184998	0.0
11.9570360184	27.9087581635	0.0
11.9698171616	27.9359016418	0.0
11.9825973511	27.9630413055	0.0
11.9953775406	27.9901847839	0.0
11.0961856842	26.7486362457	0.0
11.1192903519	26.7294998169	0.0
11.1423931122	26.7103614807	0.0
11.1654968262	26.6912250519	0.0
11.1886005402	26.672088623	0.0
11.2117042542	26.6529521942	0.0
11.2348079681	26.6338157654	0.0
11.2579107285	26.6146774292	0.0
11.2810153961	26.5955410004	0.0
11.3041191101	26.5764045715	0.0
11.3272218704	26.5572662354	0.0
11.3503255844	26.5381298065	0.0
11.3734302521	26.5189933777	0.0
11.3965330124	26.4998569489	0.0
11.4196367264	26.4807186127	0.0
11.442741394	26.4615821838	0.0
11.4658441544	26.442445755	0.0
11.4889478683	26.4233093262	0.0
11.5120515823	26.4041728973	0.0
11.5351552963	26.3850345612	0.0
11.5582590103	26.3658981323	0.0
11.5813617706	26.3467617035	0.0
11.6044664383	26.3276233673	0.0
11.6275701523	26.3084869385	0.0
11.6506729126	26.2893505096	0.0
11.6737766266	26.2702121735	0.0
11.6968812943	26.2510757446	0.0
11.7199840546	26.2319393158	0.0
11.7430877686	26.212802887	0.0
11.7661924362	26.1936645508	0.0
11.7892951965	26.1745281219	0.0
11.8123989105	26.1553916931	0.0
11.8355016708	26.1362552643	0.0
11.8586063385	26.1171188354	0.0
11.8817100525	26.0979804993	0.0
11.9048128128	26.0788440704	0.0
11.9279165268	26.0597076416	0.0
11.9510211945	26.0405693054	0.0
11.9741239548	26.0214328766	0.0
11.9972276688	26.0022964478	0.0
10.3438396454	26.5109806061	0.0
10.3675088882	26.4925498962	0.0
10.3911790848	26.4741153717	0.0
10.4148483276	26.4556846619	0.0
10.4385175705	26.4372501373	0.0
10.4621868134	26.4188194275	0.0
10.4858570099	26.4003868103	0.0
10.5095262527	26.3819541931	0.0
10.5331945419	26.3635215759	0.0
10.5568647385	26.3450889587	0.0
10.5805339813	26.3266563416	0.0
10.6042041779	26.3082237244	0.0
10.6278734207	26.2897911072	0.0
10.6515426636	26.27135849	0.0
10.6752119064	26.2529277802	0.0
10.698882103	26.2344932556	0.0
10.7225513458	26.2160625458	0.0
10.7462205887	26.1976299286	0.0
10.7698898315	26.1791973114	0.0
10.7935600281	26.1607646942	0.0
10.8172292709	26.142332077	0.0
10.8408994675	26.1238994598	0.0
10.8645677567	26.1054668427	0.0
10.8882379532	26.0870342255	0.0
10.911907196	26.0686016083	0.0
10.9355764389	26.0501689911	0.0
10.9592456818	26.0317363739	0.0
10.9829149246	26.0133056641	0.0
8.27068042755	26.7485160828	0.0
8.26136016846	26.7770309448	0.0
8.25203990936	26.8055477142	0.0
8.24271965027	26.8340625763	0.0
8.23339939117	26.8625774384	0.0
8.22407913208	26.8910923004	0.0
8.21475887299	26.9196090698	0.0
8.20543861389	26.9481239319	0.0
8.19611930847	26.9766407013	0.0
8.18679904938	27.0051555634	0.0
8.17747879028	27.0336704254	0.0
8.16815853119	27.0621852875	0.0
8.15883827209	27.0907020569	0.0
8.149518013	27.1192169189	0.0
8.14019775391	27.1477336884	0.0
8.12166786194	27.2044277191	0.0
8.11234760284	27.2329425812	0.0
8.10302829742	27.2614593506	0.0
8.09370803833	27.2899742126	0.0
8.08438682556	27.3184890747	0.0
8.07506656647	27.3470058441	0.0
8.06574726105	27.3755207062	0.0
8.05642700195	27.4040355682	0.0
8.04710674286	27.4325523376	0.0
8.03778743744	27.4610671997	0.0
8.02846717834	27.4895820618	0.0
8.01914691925	27.5180988312	0.0
8.00982570648	27.5466136932	0.0
8.00050640106	27.5751285553	0.0
7.99118614197	27.6036453247	0.0
7.97633886337	27.6612892151	0.0
7.970703125	27.6907558441	0.0
7.96506595612	27.7202205658	0.0
7.95943021774	27.7496871948	0.0
7.95379304886	27.7791538239	0.0
7.94815683365	27.8086185455	0.0
7.9425201416	27.8380832672	0.0
7.93688392639	27.8675498962	0.0
7.93124723434	27.8970165253	0.0
7.92561006546	27.9264812469	0.0
7.91997385025	27.955947876	0.0
7.9143371582	27.9854125977	0.0
7.90870094299	28.0148773193	0.0
7.93275690079	28.0344161987	0.0
7.95723295212	28.0517635345	0.0
7.98170804977	28.0691127777	0.0
8.00618267059	28.0864601135	0.0
8.03065872192	28.1038074493	0.0
8.05513381958	28.1211566925	0.0
8.07960987091	28.1385059357	0.0
8.10408496857	28.1558532715	0.0
8.12856006622	28.1732006073	0.0
8.15303611755	28.1905498505	0.0
8.17751121521	28.2078971863	0.0
8.20198631287	28.2252445221	0.0
8.2264623642	28.2425937653	0.0
8.25093746185	28.2599411011	0.0
8.27541255951	28.2772884369	0.0
8.29988765717	28.2946376801	0.0
8.32436275482	28.3119850159	0.0
8.34883880615	28.329334259	0.0
8.37331390381	28.3466815948	0.0
8.39778900146	28.364030838	0.0
8.4222650528	28.3813781738	0.0
8.44674015045	28.3987255096	0.0
8.47121620178	28.4160747528	0.0
8.49569129944	28.4334220886	0.0
8.52016639709	28.4507694244	0.0
8.54464244843	28.4681186676	0.0
8.56911659241	28.4854660034	0.0
8.59359169006	28.5028133392	0.0
8.61806774139	28.5201625824	0.0
8.64254283905	28.5375118256	0.0
8.66701889038	28.5548591614	0.0
8.69149398804	28.5722064972	0.0
8.71596908569	28.5895557404	0.0
8.74044513702	28.6069030762	0.0
8.76492023468	28.624250412	0.0
8.78939533234	28.6415996552	0.0
8.81387138367	28.658946991	0.0
8.83834552765	28.6762943268	0.0
8.87189483643	28.7185688019	0.0
8.88432407379	28.7458744049	0.0
8.89675235748	28.7731781006	0.0
8.90918064117	28.8004817963	0.0
8.92160987854	28.8277873993	0.0
8.93403816223	28.855091095	0.0
8.9464673996	28.8823947906	0.0
8.95889568329	28.9097003937	0.0
8.97132492065	28.9370040894	0.0
8.98375320435	28.964307785	0.0
8.99618244171	28.9916133881	0.0
8.88394069672	28.708612442	0.0
8.90841674805	28.7259616852	0.0
8.9328918457	28.743309021	0.0
8.95736789703	28.7606563568	0.0
8.98184299469	28.7780056	0.0
9.00631809235	28.7953529358	0.0
9.03079414368	28.8127002716	0.0
9.05526924133	28.8300495148	0.0
9.07974433899	28.8473987579	0.0
9.10422039032	28.8647460938	0.0
9.1286945343	28.8820934296	0.0
9.15317058563	28.8994426727	0.0
9.17764568329	28.9167900085	0.0
9.20212078094	28.9341373444	0.0
9.22659683228	28.9514865875	0.0
9.25107192993	28.9688339233	0.0
9.27554798126	28.9861812592	0.0
9.30002307892	29.0035305023	0.0
9.32449817657	29.0208778381	0.0
9.35953426361	29.0457115173	0.0
9.38400936127	29.0630588531	0.0
9.40848445892	29.0804080963	0.0
9.43295955658	29.0977554321	0.0
9.45743465424	29.1151046753	0.0
9.48190975189	29.1324520111	0.0
9.50638580322	29.1497993469	0.0
9.53086090088	29.1671485901	0.0
9.55533695221	29.1844959259	0.0
9.57981204987	29.2018432617	0.0
9.60428714752	29.2191925049	0.0
9.62876319885	29.2365398407	0.0
9.65323829651	29.2538871765	0.0
9.67771339417	29.2712364197	0.0
9.7021894455	29.2885856628	0.0
9.72666358948	29.3059329987	0.0
9.75113964081	29.3232803345	0.0
9.77561473846	29.3406295776	0.0
9.80008983612	29.3579769135	0.0
9.83643627167	29.3807945251	0.0
9.86222171783	29.3961257935	0.0
9.88800811768	29.4114589691	0.0
9.91379356384	29.4267902374	0.0
9.93957996368	29.4421234131	0.0
9.96536636353	29.4574565887	0.0
9.99115180969	29.4727878571	0.0
10.0169391632	29.4881191254	0.0
10.0427246094	29.503452301	0.0
10.0685110092	29.5187854767	0.0
10.0942974091	29.534116745	0.0
10.1200828552	29.5494499207	0.0
10.1458692551	29.564781189	0.0
10.1716547012	29.5801143646	0.0
10.2005023956	29.5653800964	0.0
10.2249956131	29.5480594635	0.0
10.2494897842	29.5307388306	0.0
10.2739839554	29.5134162903	0.0
10.2984790802	29.4960956573	0.0
10.3229732513	29.4787731171	0.0
10.3474674225	29.4614524841	0.0
10.37196064	29.4441299438	0.0
10.3964548111	29.4268093109	0.0
10.4209489822	29.4094867706	0.0
10.4454441071	29.3921661377	0.0
10.4699382782	29.3748435974	0.0
10.4944324493	29.3575229645	0.0
10.5189256668	29.3402004242	0.0
10.543419838	29.3228797913	0.0
10.5679140091	29.305557251	0.0
10.5924091339	29.288236618	0.0
10.6169033051	29.2709140778	0.0
10.6413974762	29.2535934448	0.0
10.6658906937	29.2362728119	0.0
10.6903848648	29.2189502716	0.0
10.7148790359	29.2016296387	0.0
10.7393741608	29.1843070984	0.0
10.7638683319	29.1669864655	0.0
10.7883615494	29.1496639252	0.0
10.8128557205	29.1323432922	0.0
10.8373498917	29.115020752	0.0
10.8618440628	29.0976982117	0.0
10.8863391876	29.0803775787	0.0
10.9108333588	29.0630569458	0.0
10.9353265762	29.0457344055	0.0
10.9598207474	29.0284137726	0.0
10.9843149185	29.0110912323	0.0
10.2017936707	29.5980358124	0.0
10.2275800705	29.6133670807	0.0
10.2533664703	29.6287002563	0.0
10.2791519165	29.6440315247	0.0
10.3049383163	29.6593647003	0.0
10.3307237625	29.674697876	0.0
10.3565101624	29.6900291443	0.0
10.3822956085	29.7053604126	0.0
10.4080820084	29.7206935883	0.0
10.4338684082	29.7360267639	0.0
10.4596538544	29.7513580322	0.0
10.4854402542	29.7666912079	0.0
10.5112257004	29.7820224762	0.0
10.5370121002	29.7973556519	0.0
10.571305275	29.798034668	0.0
10.6012439728	29.7961273193	0.0
10.6311826706	29.7942180634	0.0
10.6611223221	29.7923107147	0.0
10.6910619736	29.7904014587	0.0
10.7210006714	29.7884941101	0.0
10.7509403229	29.7865867615	0.0
10.7808790207	29.7846775055	0.0
10.8108186722	29.7827682495	0.0
10.8407583237	29.7808609009	0.0
10.8706970215	29.7789535522	0.0
10.910692215	29.7607936859	0.0
10.9352874756	29.7436161041	0.0
10.9598817825	29.7264385223	0.0
10.9844770432	29.7092609406	0.0
11.0090723038	29.6920814514	0.0
11.0336675644	29.674905777	0.0
11.058262825	29.6577262878	0.0
11.0828580856	29.6405487061	0.0
11.1074533463	29.6233711243	0.0
11.1320486069	29.6061935425	0.0
11.1566438675	29.5890159607	0.0
11.1812391281	29.5718383789	0.0
11.2058343887	29.5546607971	0.0
11.2304286957	29.5374832153	0.0
11.25502491	29.5203056335	0.0
11.2796201706	29.5031261444	0.0
11.3042154312	29.4859485626	0.0
11.3288097382	29.4687728882	0.0
11.3534049988	29.451593399	0.0
11.3780012131	29.4344158173	0.0
11.4025964737	29.4172382355	0.0
11.4271907806	29.4000606537	0.0
11.4517860413	29.3828830719	0.0
11.4763822556	29.3657054901	0.0
11.5009765625	29.3485279083	0.0
11.5255718231	29.3313503265	0.0
11.5501670837	29.3141727448	0.0
11.5747623444	29.2969932556	0.0
11.599357605	29.2798156738	0.0
11.6239528656	29.262638092	0.0
11.6485481262	29.2454605103	0.0
11.6731433868	29.2282829285	0.0
11.6977376938	29.2111053467	0.0
11.7223339081	29.1939277649	0.0
11.7469291687	29.1767501831	0.0
11.7715244293	29.1595726013	0.0
11.7961187363	29.1423931122	0.0
11.8207149506	29.1252155304	0.0
11.8453102112	29.108039856	0.0
11.8699054718	29.0908603668	0.0
11.8944997787	29.073682785	0.0
11.9190950394	29.0565052032	0.0
11.9436912537	29.0393276215	0.0
11.9682855606	29.0221500397	0.0
11.9928808212	29.0049724579	0.0
10.8997898102	29.8046646118	0.0
10.9134836197	29.8313560486	0.0
10.9271774292	29.8580493927	0.0
10.9408712387	29.8847408295	0.0
10.9545640945	29.9114322662	0.0
10.9682579041	29.9381256104	0.0
10.9819507599	29.9648170471	0.0
10.9956445694	29.9915103912	0.0
10.5557699203	29.826259613	0.0
10.5701751709	29.8525733948	0.0
10.5845804214	29.8788890839	0.0
10.5989847183	29.9052047729	0.0
10.6133899689	29.931520462	0.0
10.6277952194	29.9578361511	0.0
10.64220047	29.9841518402	0.0
10.6566038132	30.0104675293	0.0
10.6710090637	30.036781311	0.0
10.6854143143	30.0630989075	0.0
10.707985878	30.1156368256	0.0
10.7173919678	30.1441230774	0.0
10.7267990112	30.1726093292	0.0
10.736205101	30.2010974884	0.0
10.7456111908	30.2295856476	0.0
10.7550182343	30.2580718994	0.0
10.764424324	30.2865581512	0.0
10.7738313675	30.3150463104	0.0
10.7832374573	30.3435325623	0.0
10.7926425934	30.3720207214	0.0
10.8020496368	30.4005088806	0.0
10.8114557266	30.4289951324	0.0
10.8208618164	30.4574813843	0.0
10.8302688599	30.4859695435	0.0
10.8396749496	30.5144557953	0.0
10.8490819931	30.5429439545	0.0
10.8584880829	30.5714302063	0.0
10.8678941727	30.5999183655	0.0
10.8773012161	30.6284046173	0.0
10.8867073059	30.6568927765	0.0
10.8961133957	30.6853809357	0.0
10.9055204391	30.7138671875	0.0
10.9149255753	30.7423534393	0.0
10.9243326187	30.7708415985	0.0
10.9337387085	30.7993278503	0.0
10.9431447983	30.8278160095	0.0
10.9525518417	30.8563022614	0.0
10.9619579315	30.8847904205	0.0
10.9713640213	30.9132766724	0.0
10.9807710648	30.9417648315	0.0
10.9901771545	30.9702510834	0.0
10.999584198	30.9987392426	0.0
10.7276773453	30.0944519043	0.0
10.7567749023	30.1017551422	0.0
10.7858724594	30.1090583801	0.0
10.8149700165	30.116361618	0.0
10.8440666199	30.123664856	0.0
10.8731641769	30.1309680939	0.0
10.902261734	30.1382713318	0.0
10.9313592911	30.1455745697	0.0
10.9604568481	30.1528778076	0.0
10.9895544052	30.1601810455	0.0
11.0186519623	30.1674842834	0.0
11.0477485657	30.1747875214	0.0
11.0768470764	30.1820907593	0.0
11.1059436798	30.1893920898	0.0
11.1350421906	30.1966972351	0.0
11.1641387939	30.204000473	0.0
11.1932373047	30.2113037109	0.0
11.2223339081	30.2186069489	0.0
11.2514324188	30.2259082794	0.0
11.2805290222	30.2332134247	0.0
11.3096265793	30.2405166626	0.0
11.3387241364	30.2478199005	0.0
11.3678216934	30.2551212311	0.0
11.3969192505	30.262424469	0.0
11.4260168076	30.2697296143	0.0
11.4801712036	30.2630577087	0.0
11.5069389343	30.2495117188	0.0
11.533706665	30.2359657288	0.0
11.5604753494	30.2224197388	0.0
11.5872421265	30.2088737488	0.0
11.6140098572	30.1953277588	0.0
11.6407775879	30.1817836761	0.0
11.6675462723	30.1682376862	0.0
11.6943130493	30.1546916962	0.0
11.72108078	30.1411457062	0.0
11.7478494644	30.1275997162	0.0
11.7746171951	30.1140537262	0.0
11.8013849258	30.1005077362	0.0
11.8281517029	30.0869636536	0.0
11.8549203873	30.0734176636	0.0
11.881688118	30.0598716736	0.0
11.9084558487	30.0463256836	0.0
11.9352226257	30.0327796936	0.0
11.9619913101	30.0192337036	0.0
11.9887590408	30.0056877136	0.0
11.4714889526	30.3005371094	0.0
11.489575386	30.3244724274	0.0
11.5076599121	30.3484096527	0.0
11.5257463455	30.3723449707	0.0
11.5438308716	30.3962802887	0.0
11.561917305	30.4202156067	0.0
11.5800027847	30.4441509247	0.0
11.5980882645	30.4680862427	0.0
11.6161737442	30.4920215607	0.0
11.6342601776	30.515958786	0.0
11.6523447037	30.5398921967	0.0
11.6704311371	30.563829422	0.0
11.6885156631	30.58776474	0.0
11.7066020966	30.611700058	0.0
11.7246875763	30.635635376	0.0
11.742773056	30.659570694	0.0
11.7608585358	30.6835079193	0.0
11.7789440155	30.70744133	0.0
11.7970304489	30.7313785553	0.0
11.8151159286	30.7553138733	0.0
11.8332014084	30.7792491913	0.0
11.8512868881	30.8031845093	0.0
11.8693733215	30.8271198273	0.0
11.8874578476	30.8510551453	0.0
11.905544281	30.8749904633	0.0
11.9236288071	30.8989276886	0.0
11.9417152405	30.9228610992	0.0
11.9598007202	30.9467983246	0.0
11.9778862	30.9707336426	0.0
11.9959716797	30.9946689606	0.0
9.81922912598	29.3942089081	0.0
9.82780742645	29.4229564667	0.0
9.83638477325	29.4517040253	0.0
9.8449640274	29.4804515839	0.0
9.85354232788	29.5091991425	0.0
9.86211967468	29.537946701	0.0
9.87069892883	29.5666923523	0.0
9.87927722931	29.5954418182	0.0
9.88785552979	29.6241874695	0.0
9.89643383026	29.6529369354	0.0
9.90501213074	29.6816825867	0.0
9.91359138489	29.7104301453	0.0
9.92216873169	29.7391777039	0.0
9.93074798584	29.7679252625	0.0
9.93932628632	29.796672821	0.0
9.94790363312	29.8254203796	0.0
9.95648288727	29.8541679382	0.0
9.96506118774	29.8829154968	0.0
9.97363853455	29.9116611481	0.0
9.9822177887	29.9404087067	0.0
9.99079608917	29.9691562653	0.0
9.99937534332	29.9979038239	0.0
9.36503124237	29.0270843506	0.0
9.39500427246	29.025806427	0.0
9.42497634888	29.0245285034	0.0
9.45494937897	29.0232486725	0.0
9.48492240906	29.0219707489	0.0
9.51489543915	29.0206928253	0.0
9.54486656189	29.0194149017	0.0
9.57483959198	29.0181350708	0.0
9.60481262207	29.0168571472	0.0
9.63478565216	29.0155773163	0.0
9.66475772858	29.0142993927	0.0
9.69473075867	29.0130214691	0.0
9.72470378876	29.0117435455	0.0
9.75467681885	29.0104637146	0.0
9.78464889526	29.009185791	0.0
9.81462192535	29.0079078674	0.0
9.84459495544	29.0066299438	0.0
9.87456798553	29.0053501129	0.0
9.90454006195	29.0040721893	0.0
9.93451309204	29.0027923584	0.0
9.96448612213	29.0015144348	0.0
9.99445915222	29.0002365112	0.0
7.90264511108	28.0465335846	0.0
7.89700889587	28.0759983063	0.0
7.89137220383	28.1054649353	0.0
7.88573598862	28.1349315643	0.0
7.88009881973	28.164396286	0.0
7.87446308136	28.193862915	0.0
7.86882591248	28.2233276367	0.0
7.8631901741	28.2527942657	0.0
7.85755300522	28.2822608948	0.0
7.85191583633	28.3117256165	0.0
7.84628009796	28.3411903381	0.0
7.84064292908	28.3706569672	0.0
7.8350071907	28.4001216888	0.0
7.85226678848	28.4265499115	0.0
7.86994695663	28.4507865906	0.0
7.88762617111	28.4750232697	0.0
7.90530586243	28.4992599487	0.0
7.9229850769	28.5234985352	0.0
7.94066476822	28.5477352142	0.0
7.9583439827	28.5719718933	0.0
7.97602319717	28.5962085724	0.0
7.99370288849	28.6204452515	0.0
8.01138210297	28.6446838379	0.0
8.02906227112	28.668920517	0.0
8.04674053192	28.693157196	0.0
8.06442070007	28.7173938751	0.0
8.08209991455	28.7416324615	0.0
8.0997800827	28.7658691406	0.0
8.11745929718	28.7901058197	0.0
8.13513755798	28.8143424988	0.0
8.15281772614	28.8385791779	0.0
8.17049694061	28.8628177643	0.0
8.18817710876	28.8870544434	0.0
8.20585632324	28.9112911224	0.0
8.22353553772	28.9355278015	0.0
8.2412147522	28.9597663879	0.0
8.25889396667	28.984003067	0.0
8.27657413483	29.0082397461	0.0
8.2942533493	29.0324764252	0.0
8.31193256378	29.0567131042	0.0
8.32961177826	29.0809516907	0.0
8.34729194641	29.1051883698	0.0
8.36497116089	29.1294250488	0.0
8.38265037537	29.1536617279	0.0
8.40032958984	29.1779003143	0.0
8.41800880432	29.2021369934	0.0
8.43568897247	29.2263736725	0.0
8.45336818695	29.2506103516	0.0
8.4710483551	29.274848938	0.0
8.48872661591	29.2990856171	0.0
8.50640678406	29.3233222961	0.0
8.52408599854	29.3475589752	0.0
8.54176521301	29.3717956543	0.0
8.55944538116	29.3960342407	0.0
8.57712364197	29.4202709198	0.0
8.59480381012	29.4445075989	0.0
8.6124830246	29.468744278	0.0
8.63016319275	29.4929828644	0.0
8.64784240723	29.5172195435	0.0
8.66552066803	29.5414562225	0.0
8.68320083618	29.5656929016	0.0
8.70088005066	29.5899295807	0.0
8.71856021881	29.6141681671	0.0
8.73623943329	29.6384048462	0.0
8.75391864777	29.6626415253	0.0
8.77159786224	29.6868782043	0.0
8.78927707672	29.7111167908	0.0
8.80695724487	29.7353534698	0.0
8.82463645935	29.7595901489	0.0
8.84231567383	29.783826828	0.0
8.85999488831	29.8080635071	0.0
8.87767505646	29.8323020935	0.0
8.89535427094	29.8565387726	0.0
8.91303443909	29.8807754517	0.0
8.93071269989	29.9050121307	0.0
8.94839191437	29.9292507172	0.0
8.96607208252	29.9534873962	0.0
8.983751297	29.9777240753	0.0
7.82895088196	28.4317779541	0.0
7.82331514359	28.4612426758	0.0
7.8176779747	28.4907093048	0.0
7.81204223633	28.5201759338	0.0
7.80640506744	28.5496406555	0.0
7.80076885223	28.5791053772	0.0
7.7921037674	28.6243991852	0.0
7.78646802902	28.6538658142	0.0
7.78083086014	28.6833305359	0.0
7.77519512177	28.7127971649	0.0
7.76955795288	28.7422637939	0.0
7.76392221451	28.7717285156	0.0
7.75525712967	28.8170223236	0.0
7.74962091446	28.8464870453	0.0
7.74398422241	28.8759536743	0.0
7.7383480072	28.905418396	0.0
7.73271083832	28.934885025	0.0
7.72707509995	28.9643497467	0.0
7.72143793106	28.9938163757	0.0
7.71580219269	29.0232810974	0.0
7.7101650238	29.0527477264	0.0
7.70452785492	29.0822124481	0.0
7.69889211655	29.1116790771	0.0
7.69325494766	29.1411457062	0.0
7.68761920929	29.1706104279	0.0
7.70398283005	29.1976661682	0.0
7.72076702118	29.2225322723	0.0
7.7375497818	29.2473983765	0.0
7.75433301926	29.2722644806	0.0
7.77111577988	29.2971305847	0.0
7.78789997101	29.3219966888	0.0
7.80468320847	29.346862793	0.0
7.82146596909	29.3717288971	0.0
7.83825016022	29.3965950012	0.0
7.85503292084	29.4214611053	0.0
7.87181615829	29.4463272095	0.0
7.88859891891	29.4711933136	0.0
7.90538311005	29.4960594177	0.0
7.92216587067	29.5209255219	0.0
7.93894910812	29.545791626	0.0
7.95573282242	29.5706577301	0.0
7.97251605988	29.5955238342	0.0
7.9892988205	29.6203899384	0.0
8.00608158112	29.6452541351	0.0
8.02286624908	29.6701202393	0.0
8.0251789093	29.7072467804	0.0
8.02260780334	29.7371368408	0.0
8.02003669739	29.7670269012	0.0
8.0174665451	29.7969150543	0.0
8.01489639282	29.8268051147	0.0
8.01232528687	29.8566951752	0.0
8.00975513458	29.8865852356	0.0
8.00718402863	29.916475296	0.0
8.00461292267	29.9463634491	0.0
8.00204181671	29.9762535095	0.0
8.04453277588	29.7022228241	0.0
8.0613155365	29.7270908356	0.0
8.07809925079	29.7519569397	0.0
8.09488296509	29.7768211365	0.0
8.11166572571	29.8016872406	0.0
8.12844944	29.8265533447	0.0
8.1452331543	29.8514194489	0.0
8.16201591492	29.876285553	0.0
8.17879867554	29.9011516571	0.0
8.19558238983	29.9260177612	0.0
8.21236610413	29.9508838654	0.0
8.22914886475	29.9757499695	0.0
8.24593162537	30.0006160736	0.0
8.26271629333	30.0254821777	0.0
8.27949905396	30.0503482819	0.0
8.29628181458	30.075214386	0.0
8.31306552887	30.1000804901	0.0
8.32984924316	30.1249465942	0.0
8.34663200378	30.1498126984	0.0
8.3634147644	30.1746788025	0.0
8.35598373413	30.2092704773	0.0
8.34366798401	30.2366256714	0.0
8.33135318756	30.2639827728	0.0
8.31903839111	30.2913360596	0.0
8.30672168732	30.318693161	0.0
8.29440689087	30.3460483551	0.0
8.28209114075	30.3734035492	0.0
8.2697763443	30.4007606506	0.0
8.25746059418	30.4281158447	0.0
8.24514484406	30.4554710388	0.0
8.23283004761	30.4828262329	0.0
8.22051429749	30.510181427	0.0
8.20819854736	30.5375385284	0.0
8.19588279724	30.5648937225	0.0
8.18356800079	30.5922489166	0.0
8.17125320435	30.6196041107	0.0
8.15893745422	30.6469593048	0.0
8.1466217041	30.6743164062	0.0
8.13430595398	30.7016716003	0.0
8.12199115753	30.7290267944	0.0
8.10967636108	30.7563838959	0.0
8.09735965729	30.78373909	0.0
8.08504486084	30.8110942841	0.0
8.07272911072	30.8384494781	0.0
8.06041431427	30.8658046722	0.0
8.04809856415	30.8931617737	0.0
8.03578281403	30.9205169678	0.0
8.02346801758	30.9478721619	0.0
8.01115226746	30.975227356	0.0
8.38896369934	30.2036628723	0.0
8.40962791443	30.2254104614	0.0
8.43029212952	30.2471580505	0.0
8.45095729828	30.268907547	0.0
8.47162055969	30.2906551361	0.0
8.49228477478	30.3124046326	0.0
8.51294994354	30.3341522217	0.0
8.53361415863	30.3558998108	0.0
8.55427837372	30.3776493073	0.0
8.57494258881	30.3993968964	0.0
8.59560680389	30.4211444855	0.0
8.61627197266	30.4428920746	0.0
8.63693618774	30.464641571	0.0
8.65760040283	30.4863891602	0.0
8.67826461792	30.5081386566	0.0
8.69892883301	30.5298862457	0.0
8.7195930481	30.5516338348	0.0
8.74025821686	30.573381424	0.0
8.76092243195	30.5951309204	0.0
8.78158569336	30.6168785095	0.0
8.81700134277	30.6595497131	0.0
8.83481025696	30.6836929321	0.0
8.85261917114	30.7078342438	0.0
8.87042808533	30.7319755554	0.0
8.88823699951	30.7561187744	0.0
8.9060459137	30.7802600861	0.0
8.92385482788	30.8044013977	0.0
8.94166374207	30.8285446167	0.0
8.95947265625	30.8526878357	0.0
8.97728157043	30.8768291473	0.0
8.99509143829	30.900970459	0.0
9.01290035248	30.925113678	0.0
9.03070926666	30.9492549896	0.0
9.04851818085	30.9733963013	0.0
9.06632709503	30.9975395203	0.0
9.08413600922	31.0216808319	0.0
9.1019449234	31.0458221436	0.0
9.11975383759	31.0699653625	0.0
9.13756275177	31.0941066742	0.0
9.15537166595	31.1182498932	0.0
9.17318058014	31.1423912048	0.0
9.190990448	31.1665325165	0.0
9.20879936218	31.1906757355	0.0
9.22660827637	31.2148170471	0.0
9.25978565216	31.2292137146	0.0
9.28857326508	31.237657547	0.0
9.31736087799	31.246099472	0.0
9.34614753723	31.2545433044	0.0
9.37493515015	31.2629871368	0.0
9.40372180939	31.2714309692	0.0
9.43251037598	31.2798748016	0.0
9.46129703522	31.288318634	0.0
9.49008369446	31.2967624664	0.0
9.51887130737	31.3052062988	0.0
9.54765796661	31.3136501312	0.0
9.57644557953	31.3220939636	0.0
9.60523319244	31.330537796	0.0
9.63401985168	31.3389816284	0.0
9.6628074646	31.3474254608	0.0
9.69159507751	31.3558673859	0.0
9.72038173676	31.3643112183	0.0
9.74916934967	31.3727550507	0.0
9.78649425507	31.3958053589	0.0
9.80976867676	31.4147338867	0.0
9.83304309845	31.4336624146	0.0
9.85631847382	31.4525909424	0.0
9.87959194183	31.4715194702	0.0
9.9028673172	31.4904499054	0.0
9.92614173889	31.5093765259	0.0
9.94941616058	31.5283050537	0.0
9.97269058228	31.5472335815	0.0
9.99596595764	31.5661621094	0.0
10.0192403793	31.5850925446	0.0
10.042514801	31.604019165	0.0
10.0657892227	31.6229496002	0.0
10.0890636444	31.6418762207	0.0
10.1123390198	31.6608066559	0.0
10.1356134415	31.6797351837	0.0
10.1404685974	31.7214565277	0.0
10.1269607544	31.7482433319	0.0
10.1134519577	31.7750301361	0.0
10.0999441147	31.8018169403	0.0
10.086435318	31.8286037445	0.0
10.072927475	31.8553886414	0.0
10.0594177246	31.8821754456	0.0
10.0459098816	31.9089622498	0.0
10.0324020386	31.935749054	0.0
10.0188932419	31.9625358582	0.0
10.0053853989	31.9893226624	0.0
10.1821956635	31.7048530579	0.0
10.2104148865	31.7150382996	0.0
10.2386331558	31.7252216339	0.0
10.2668523788	31.7354068756	0.0
10.2950696945	31.74559021	0.0
10.3232889175	31.7557735443	0.0
10.3515071869	31.765958786	0.0
10.3797264099	31.7761421204	0.0
10.4079437256	31.7863254547	0.0
10.4361629486	31.7965106964	0.0
10.464381218	31.8066959381	0.0
10.492600441	31.8168792725	0.0
10.5208177567	31.8270626068	0.0
10.5490369797	31.8372478485	0.0
10.577255249	31.8474311829	0.0
10.605474472	31.8576145172	0.0
10.6336917877	31.8677997589	0.0
10.6619110107	31.8779830933	0.0
10.6901292801	31.8881664276	0.0
10.7183475494	31.8983516693	0.0
10.7465658188	31.908536911	0.0
10.7747850418	31.9187202454	0.0
10.8030033112	31.9289035797	0.0
10.8312215805	31.9390888214	0.0
10.8594398499	31.9492721558	0.0
10.8876590729	31.9594554901	0.0
10.9158773422	31.9696407318	0.0
10.9440956116	31.9798240662	0.0
10.9723138809	31.9900074005	0.0
9.77917861938	31.351474762	0.0
9.79513931274	31.3260726929	0.0
9.81109809875	31.3006687164	0.0
9.82705783844	31.2752666473	0.0
9.84301757812	31.2498645782	0.0
9.85897731781	31.2244625092	0.0
9.8749370575	31.1990585327	0.0
9.89089679718	31.1736564636	0.0
9.90685558319	31.1482543945	0.0
9.92281627655	31.1228504181	0.0
9.93877601624	31.097448349	0.0
9.95473480225	31.0720462799	0.0
9.97069454193	31.0466442108	0.0
9.98665523529	31.0212402344	0.0
9.24408531189	31.2477645874	0.0
9.25717067719	31.2747592926	0.0
9.27025604248	31.3017559052	0.0
9.28334236145	31.3287506104	0.0
9.29642772675	31.3557472229	0.0
9.30951404572	31.3827438354	0.0
9.32260036469	31.4097385406	0.0
9.33568572998	31.4367332458	0.0
9.34877109528	31.4637298584	0.0
9.36185741425	31.4907245636	0.0
9.37494277954	31.5177211761	0.0
9.38802909851	31.5447158813	0.0
9.40111541748	31.5717124939	0.0
9.41420078278	31.5987071991	0.0
9.42728614807	31.6257038116	0.0
9.44037246704	31.6526985168	0.0
9.45345783234	31.679693222	0.0
9.46654415131	31.7066898346	0.0
9.47963047028	31.7336845398	0.0
9.49271583557	31.7606811523	0.0
9.50580120087	31.7876758575	0.0
9.51888656616	31.8146724701	0.0
9.53197288513	31.8416671753	0.0
9.5450592041	31.8686637878	0.0
9.5581445694	31.895658493	0.0
9.57123088837	31.9226531982	0.0
9.58431625366	31.9496498108	0.0
9.59740161896	31.976644516	0.0
9.61048793793	32.0036392212	0.0
9.6235742569	32.0306358337	0.0
9.63665962219	32.0576324463	0.0
9.64974594116	32.0846290588	0.0
9.66283130646	32.1116218567	0.0
9.67591667175	32.1386184692	0.0
9.68900299072	32.1656150818	0.0
9.70208930969	32.1926116943	0.0
9.71517467499	32.2196044922	0.0
9.72826099396	32.2466011047	0.0
9.74134635925	32.2735977173	0.0
9.75443172455	32.3005905151	0.0
9.76751804352	32.3275871277	0.0
9.78060436249	32.3545837402	0.0
9.79368972778	32.3815803528	0.0
9.80677604675	32.4085731506	0.0
9.81986141205	32.4355697632	0.0
9.83294677734	32.4625663757	0.0
9.84603309631	32.4895591736	0.0
9.85911941528	32.5165557861	0.0
9.87438678741	32.5480537415	0.0
9.88747310638	32.575050354	0.0
9.90055942535	32.6020469666	0.0
9.91364479065	32.6290435791	0.0
9.92673110962	32.656036377	0.0
9.93981742859	32.6830329895	0.0
9.95290184021	32.7100296021	0.0
9.96598815918	32.7370223999	0.0
9.97907352448	32.7640190125	0.0
9.99215984344	32.791015625	0.0
10.0052461624	32.8180122375	0.0
10.0183315277	32.8450050354	0.0
9.98921394348	32.8506126404	0.0
9.95954990387	32.855091095	0.0
9.92988586426	32.8595695496	0.0
9.90022277832	32.8640518188	0.0
9.87055873871	32.8685302734	0.0
9.8408946991	32.873008728	0.0
9.81123161316	32.8774909973	0.0
9.78156757355	32.8819694519	0.0
9.75190353394	32.8864517212	0.0
9.72224140167	32.8909301758	0.0
9.69257736206	32.8954086304	0.0
9.66291332245	32.8998908997	0.0
9.63325023651	32.9043693542	0.0
9.6035861969	32.9088478088	0.0
9.57392215729	32.9133262634	0.0
9.54425907135	32.9178085327	0.0
9.51459503174	32.9222869873	0.0
9.4849319458	32.9267654419	0.0
9.45526790619	32.9312477112	0.0
9.42560386658	32.9357261658	0.0
9.39594078064	32.9402046204	0.0
9.36627674103	32.9446868896	0.0
9.33661270142	32.9491653442	0.0
9.30694961548	32.9536437988	0.0
9.27728557587	32.9581260681	0.0
9.24762153625	32.9626045227	0.0
9.21795940399	32.967086792	0.0
9.18829536438	32.9715652466	0.0
9.15863132477	32.9760437012	0.0
9.12896823883	32.9805221558	0.0
9.09930419922	32.985004425	0.0
9.06964015961	32.9894828796	0.0
9.03997707367	32.9939613342	0.0
9.01031303406	32.9984436035	0.0
10.0319633484	32.8731269836	0.0
10.0450487137	32.9001235962	0.0
10.0581350327	32.9271202087	0.0
10.0712213516	32.9541130066	0.0
10.0843057632	32.9811096191	0.0
10.0973920822	33.0081062317	0.0
10.1104784012	33.0351028442	0.0
10.1235637665	33.0620956421	0.0
10.1366500854	33.0890922546	0.0
10.1497354507	33.1160888672	0.0
10.162820816	33.143081665	0.0
10.175907135	33.1700782776	0.0
10.1524686813	33.1892280579	0.0
10.1284856796	33.2072486877	0.0
10.1045026779	33.2252693176	0.0
10.0805187225	33.2432937622	0.0
10.0565357208	33.2613143921	0.0
10.0485105515	33.2957267761	0.0
10.0464487076	33.3256530762	0.0
10.0443878174	33.3555831909	0.0
10.0423259735	33.3855133057	0.0
10.0402641296	33.4154434204	0.0
10.0382032394	33.4453697205	0.0
10.0361413956	33.4752998352	0.0
10.0340795517	33.50522995	0.0
10.0320177078	33.53515625	0.0
10.0299568176	33.5650863647	0.0
10.0278949738	33.5950164795	0.0
10.0258340836	33.6249465942	0.0
10.0237722397	33.6548728943	0.0
10.0217113495	33.684803009	0.0
10.0196485519	33.7147331238	0.0
10.0175876617	33.7446632385	0.0
10.0155258179	33.7745895386	0.0
10.0134649277	33.8045196533	0.0
10.0114030838	33.8344497681	0.0
10.0093421936	33.8643798828	0.0
10.0072803497	33.8943061829	0.0
10.0052194595	33.9242362976	0.0
10.003156662	33.9541664124	0.0
10.0010957718	33.9840927124	0.0
10.0265893936	33.2838172913	0.0
10.0026054382	33.3018417358	0.0
9.97862243652	33.3198623657	0.0
9.95463752747	33.3378868103	0.0
9.93065452576	33.3559074402	0.0
9.92606830597	33.3903541565	0.0
9.92744445801	33.4203262329	0.0
9.92882061005	33.4502944946	0.0
9.93019676208	33.4802627563	0.0
9.9315738678	33.5102310181	0.0
9.93295001984	33.5401992798	0.0
9.93432712555	33.5701675415	0.0
9.93570327759	33.6001358032	0.0
9.9370803833	33.6301040649	0.0
9.93845558167	33.6600723267	0.0
9.93983268738	33.6900405884	0.0
9.94120883942	33.7200088501	0.0
9.94258499146	33.7499771118	0.0
9.94396209717	33.7799453735	0.0
9.94533824921	33.8099136353	0.0
9.94671535492	33.839881897	0.0
9.94809055328	33.8698501587	0.0
9.949467659	33.8998184204	0.0
9.95084381104	33.9297866821	0.0
9.95222091675	33.9597549438	0.0
9.95359706879	33.9897232056	0.0
9.9549741745	34.0196914673	0.0
9.95635032654	34.049659729	0.0
9.95772743225	34.0796318054	0.0
9.95910263062	34.1095962524	0.0
9.96047973633	34.1395645142	0.0
9.96185588837	34.1695365906	0.0
9.96323299408	34.1995048523	0.0
9.96460914612	34.229473114	0.0
9.96598529816	34.2594413757	0.0
9.96736240387	34.2894096375	0.0
9.96873760223	34.3193778992	0.0
9.97011470795	34.3493461609	0.0
9.97149085999	34.3793144226	0.0
9.9728679657	34.4092826843	0.0
9.97424411774	34.439250946	0.0
9.97562122345	34.4692192078	0.0
9.97699737549	34.4991874695	0.0
9.97837352753	34.5291557312	0.0
9.97974967957	34.5591239929	0.0
9.98112678528	34.5890922546	0.0
9.98250293732	34.6190605164	0.0
9.98388004303	34.6490287781	0.0
9.98525619507	34.6789970398	0.0
9.98663330078	34.7089653015	0.0
9.98800945282	34.7389335632	0.0
9.98938560486	34.768901825	0.0
9.9907617569	34.7988700867	0.0
9.99213790894	34.8288383484	0.0
9.99351501465	34.8588066101	0.0
9.99489116669	34.8887786865	0.0
9.9962682724	34.9187431335	0.0
9.99764442444	34.9487113953	0.0
9.99902057648	34.9786834717	0.0
9.90070819855	33.3784103394	0.0
9.87672424316	33.3964309692	0.0
9.85274124146	33.4144554138	0.0
9.82875823975	33.4324760437	0.0
9.80477428436	33.4504966736	0.0
9.78079128265	33.4685211182	0.0
9.75680732727	33.486541748	0.0
9.73282432556	33.5045623779	0.0
9.70884037018	33.5225868225	0.0
9.68485736847	33.5406074524	0.0
9.6882724762	33.5237922668	0.0
9.7036151886	33.4980125427	0.0
9.718957901	33.4722328186	0.0
9.73429965973	33.4464492798	0.0
9.74964332581	33.4206695557	0.0
9.76498508453	33.3948898315	0.0
9.78032779694	33.3691101074	0.0
9.79567146301	33.3433303833	0.0
9.81101322174	33.3175506592	0.0
9.82635593414	33.2917709351	0.0
9.84169769287	33.2659912109	0.0
9.85704135895	33.2402114868	0.0
9.87238407135	33.2144317627	0.0
9.88772583008	33.1886520386	0.0
9.90306854248	33.1628723145	0.0
9.91841125488	33.1370925903	0.0
9.93375396729	33.1113128662	0.0
9.94909667969	33.0855331421	0.0
9.96443939209	33.059753418	0.0
9.97978210449	33.0339736938	0.0
9.99512386322	33.0081939697	0.0
9.64894580841	33.5675926208	0.0
9.6249628067	33.5856132507	0.0
9.60097885132	33.6036376953	0.0
9.57699584961	33.6216583252	0.0
9.5530128479	33.6396827698	0.0
9.52902889252	33.6577033997	0.0
9.50504589081	33.6757240295	0.0
9.48106193542	33.6937484741	0.0
9.45707893372	33.711769104	0.0
9.43309497833	33.7297935486	0.0
9.40911197662	33.7478141785	0.0
9.38512897491	33.7658348083	0.0
9.36114501953	33.7838592529	0.0
9.33716201782	33.8018798828	0.0
9.31317806244	33.8199005127	0.0
9.28919506073	33.8379249573	0.0
9.26521110535	33.8559455872	0.0
9.24122810364	33.873966217	0.0
9.21724510193	33.8919906616	0.0
9.19326114655	33.9100112915	0.0
9.14164924622	33.9393196106	0.0
9.11389160156	33.9506988525	0.0
9.08613395691	33.9620780945	0.0
9.05837726593	33.9734611511	0.0
9.03061962128	33.9848403931	0.0
9.00286197662	33.9962234497	0.0
8.97510528564	34.0076026917	0.0
8.94734668732	34.0189857483	0.0
8.91958999634	34.0303649902	0.0
8.89183235168	34.0417442322	0.0
8.86407470703	34.0531272888	0.0
8.83631706238	34.0645065308	0.0
8.8085603714	34.0758895874	0.0
8.78080272675	34.0872688293	0.0
8.75304508209	34.098651886	0.0
8.72528839111	34.1100311279	0.0
8.69752979279	34.1214103699	0.0
8.66977310181	34.1327934265	0.0
8.64201545715	34.1441726685	0.0
8.6142578125	34.1555557251	0.0
8.58650016785	34.166934967	0.0
8.55874252319	34.178314209	0.0
8.50958824158	34.1770095825	0.0
8.48124885559	34.1671638489	0.0
8.45291042328	34.1573181152	0.0
8.42457103729	34.1474761963	0.0
8.39623165131	34.1376342773	0.0
8.36789321899	34.1277885437	0.0
8.33955383301	34.1179466248	0.0
8.3112154007	34.1081008911	0.0
8.28287601471	34.0982589722	0.0
8.25453662872	34.0884132385	0.0
8.22619819641	34.0785713196	0.0
8.19785785675	34.0687255859	0.0
8.16951942444	34.058883667	0.0
8.14118003845	34.049041748	0.0
8.11284065247	34.0391960144	0.0
8.08450222015	34.0293502808	0.0
8.05616283417	34.0195083618	0.0
8.02782440186	34.0096664429	0.0
8.52137470245	34.2118721008	0.0
8.50482273102	34.2368927002	0.0
8.48827075958	34.2619132996	0.0
8.47171878815	34.2869338989	0.0
8.45516681671	34.3119544983	0.0
8.43861484528	34.3369750977	0.0
8.42206287384	34.361995697	0.0
8.4055109024	34.3870162964	0.0
8.38895893097	34.4120368958	0.0
8.37240695953	34.4370574951	0.0
8.3558549881	34.4620780945	0.0
8.33930301666	34.4870986938	0.0
8.32275104523	34.5121192932	0.0
8.30619907379	34.5371398926	0.0
8.28964710236	34.5621604919	0.0
8.27309513092	34.5871810913	0.0
8.25654315948	34.6122016907	0.0
8.23999118805	34.63722229	0.0
8.22343921661	34.6622428894	0.0
8.20688724518	34.6872634888	0.0
8.19033527374	34.7122840881	0.0
8.17378330231	34.7373046875	0.0
8.15723133087	34.7623252869	0.0
8.14067840576	34.7873458862	0.0
8.12412643433	34.8123664856	0.0
8.10757446289	34.837387085	0.0
8.09102153778	34.8624076843	0.0
8.07446956635	34.8874282837	0.0
8.05791759491	34.9124488831	0.0
8.04136562347	34.9374694824	0.0
8.02481365204	34.9624900818	0.0
8.0082616806	34.9875106812	0.0
9.14180088043	33.9396781921	0.0
9.11419487	33.951423645	0.0
9.08658790588	33.9631652832	0.0
9.05898189545	33.9749107361	0.0
9.03137588501	33.9866523743	0.0
9.00376987457	33.9983978271	0.0
10.1895389557	33.1982002258	0.0
10.202624321	33.2251968384	0.0
10.2157096863	33.2521896362	0.0
10.2287960052	33.2791862488	0.0
10.2418823242	33.3061828613	0.0
10.2549676895	33.3331794739	0.0
10.2680540085	33.3601722717	0.0
10.2811393738	33.3871688843	0.0
10.2942247391	33.4141654968	0.0
10.307311058	33.4411582947	0.0
10.320397377	33.4681549072	0.0
10.3334827423	33.4951515198	0.0
10.3471136093	33.523273468	0.0
10.3601999283	33.5502662659	0.0
10.3732862473	33.5772628784	0.0
10.3863716125	33.604259491	0.0
10.3994579315	33.6312561035	0.0
10.4125432968	33.6582527161	0.0
10.4256286621	33.6852455139	0.0
10.4387149811	33.7122421265	0.0
10.4518013	33.739238739	0.0
10.4648866653	33.7662315369	0.0
10.4779729843	33.7932281494	0.0
10.4910583496	33.820224762	0.0
10.4823007584	33.8498725891	0.0
10.4729967117	33.8783912659	0.0
10.4636926651	33.9069137573	0.0
10.4543895721	33.9354324341	0.0
10.4450855255	33.9639549255	0.0
10.4357833862	33.992477417	0.0
10.4264793396	34.0209960938	0.0
10.4171762466	34.0495185852	0.0
10.4078722	34.078037262	0.0
10.3985691071	34.1065597534	0.0
10.3892650604	34.1350784302	0.0
10.3799619675	34.1636009216	0.0
10.3706579208	34.1921234131	0.0
10.3613548279	34.2206420898	0.0
10.3520507812	34.2491645813	0.0
10.3427467346	34.2776832581	0.0
10.3334436417	34.3062057495	0.0
10.324139595	34.334728241	0.0
10.3148374557	34.3632469177	0.0
10.3055334091	34.3917694092	0.0
10.2962303162	34.4202919006	0.0
10.3169765472	34.4470443726	0.0
10.3402938843	34.4659194946	0.0
10.3636112213	34.4847946167	0.0
10.3869276047	34.5036735535	0.0
10.410243988	34.5225486755	0.0
10.4335613251	34.5414276123	0.0
10.4568777084	34.5603027344	0.0
10.4801950455	34.5791778564	0.0
10.5035114288	34.5980567932	0.0
10.5268278122	34.6169319153	0.0
10.5501451492	34.6358108521	0.0
10.5734615326	34.6546859741	0.0
10.5967788696	34.6735610962	0.0
10.620095253	34.692440033	0.0
10.6434116364	34.711315155	0.0
10.6667289734	34.7301940918	0.0
10.6900463104	34.7490692139	0.0
10.7133617401	34.7679443359	0.0
10.7366790771	34.7868232727	0.0
10.7599964142	34.8056983948	0.0
10.7833127975	34.8245773315	0.0
10.8066301346	34.8434524536	0.0
10.8299455643	34.8623275757	0.0
10.8532629013	34.8812065125	0.0
10.8765802383	34.9000816345	0.0
10.8998966217	34.9189605713	0.0
10.9232130051	34.9378356934	0.0
10.9465303421	34.9567108154	0.0
10.9698467255	34.9755897522	0.0
10.9931640625	34.9944648743	0.0
10.2843570709	34.4566879272	0.0
10.2750530243	34.485206604	0.0
10.2657499313	34.5137290955	0.0
10.2564458847	34.5422515869	0.0
10.2471427917	34.5707702637	0.0
10.2378387451	34.5992927551	0.0
10.2285356522	34.6278114319	0.0
10.2192316055	34.6563339233	0.0
10.2099294662	34.6848564148	0.0
10.2006254196	34.7133750916	0.0
10.191321373	34.741897583	0.0
10.18201828	34.7704162598	0.0
10.1727142334	34.7989387512	0.0
10.1634111404	34.827457428	0.0
10.1541070938	34.8559799194	0.0
10.1448040009	34.8845024109	0.0
10.1354999542	34.9130210876	0.0
10.1261968613	34.9415435791	0.0
10.1168928146	34.9700622559	0.0
10.1075897217	34.9985847473	0.0
10.098285675	35.0271072388	0.0
10.1126890182	35.0597190857	0.0
10.1296615601	35.0844573975	0.0
10.1466350555	35.1091957092	0.0
10.1636075974	35.1339302063	0.0
10.1805801392	35.1586685181	0.0
10.197552681	35.1834068298	0.0
10.2145261765	35.2081413269	0.0
10.2314987183	35.2328796387	0.0
10.2484712601	35.2576179504	0.0
10.2654438019	35.2823524475	0.0
10.2824172974	35.3070907593	0.0
10.2993898392	35.331829071	0.0
10.316362381	35.3565635681	0.0
10.3333349228	35.3813018799	0.0
10.3503084183	35.4060401917	0.0
10.3672809601	35.4307785034	0.0
10.3842525482	35.4555130005	0.0
10.4012260437	35.4802513123	0.0
10.4181985855	35.504989624	0.0
10.435172081	35.5297241211	0.0
10.4521436691	35.5544624329	0.0
10.4691171646	35.5792007446	0.0
10.4860897064	35.6039352417	0.0
10.5030632019	35.6286735535	0.0
10.52003479	35.6534118652	0.0
10.5370082855	35.6781463623	0.0
10.5539808273	35.7028846741	0.0
10.5709543228	35.7276229858	0.0
10.5879259109	35.7523574829	0.0
10.6048994064	35.7770957947	0.0
10.6218719482	35.8018341064	0.0
10.6388454437	35.8265724182	0.0
10.6558170319	35.8513069153	0.0
10.6727895737	35.8760452271	0.0
10.6897630692	35.9007835388	0.0
10.706735611	35.9255180359	0.0
10.7184686661	35.9601516724	0.0
10.7263088226	35.9891090393	0.0
10.7341489792	36.0180664062	0.0
10.7419891357	36.0470237732	0.0
10.7498292923	36.0759811401	0.0
10.7576694489	36.1049385071	0.0
10.7655086517	36.133895874	0.0
10.7733488083	36.162853241	0.0
10.7811889648	36.1918106079	0.0
10.7890291214	36.2207679749	0.0
10.796869278	36.2497253418	0.0
10.8047094345	36.2786827087	0.0
10.8125486374	36.3076400757	0.0
10.8203887939	36.3365974426	0.0
10.8282289505	36.3655548096	0.0
10.8360691071	36.3945121765	0.0
10.8439092636	36.4234695435	0.0
10.8517494202	36.4524307251	0.0
10.859588623	36.4813842773	0.0
10.8674287796	36.510345459	0.0
10.8752689362	36.5393028259	0.0
10.8831090927	36.5682563782	0.0
10.8909492493	36.5972175598	0.0
10.8987894058	36.6261711121	0.0
10.9066286087	36.6551322937	0.0
10.9144687653	36.6840896606	0.0
10.9223089218	36.7130470276	0.0
10.9301490784	36.7420043945	0.0
10.9379892349	36.7709617615	0.0
10.9458293915	36.7999191284	0.0
10.9536685944	36.8288764954	0.0
10.9615087509	36.8578338623	0.0
10.9693489075	36.8867912292	0.0
10.977189064	36.9157485962	0.0
10.9850292206	36.9447059631	0.0
10.9928693771	36.9736633301	0.0
10.739815712	35.9381332397	0.0
10.7690019608	35.9450721741	0.0
10.7981882095	35.9520149231	0.0
10.8273744583	35.9589538574	0.0
10.8565607071	35.9658927917	0.0
10.8857469559	35.9728317261	0.0
10.9149332047	35.9797744751	0.0
10.9441204071	35.9867134094	0.0
10.9733057022	35.9936523438	0.0
10.0743293762	35.0560188293	0.0
10.052942276	35.0770568848	0.0
10.0315542221	35.0980949402	0.0
10.0101671219	35.1191329956	0.0
9.98877906799	35.140171051	0.0
9.96739196777	35.1612052917	0.0
9.94600391388	35.1822433472	0.0
9.92461681366	35.2032814026	0.0
9.8977689743	35.2296905518	0.0
9.87638092041	35.2507286072	0.0
9.85499382019	35.2717666626	0.0
9.8336057663	35.292804718	0.0
9.81221866608	35.3138427734	0.0
9.79083156586	35.3348770142	0.0
9.76944446564	35.3559150696	0.0
9.74805736542	35.376953125	0.0
9.75413608551	35.4100151062	0.0
9.76567554474	35.4377098083	0.0
9.77721595764	35.4654006958	0.0
9.78875637054	35.4930915833	0.0
9.80029582977	35.5207824707	0.0
9.81183624268	35.5484733582	0.0
9.8233757019	35.5761642456	0.0
9.83491611481	35.6038589478	0.0
9.84645557404	35.6315498352	0.0
9.85799598694	35.6592407227	0.0
9.86953639984	35.6869316101	0.0
9.88107585907	35.7146263123	0.0
9.8926153183	35.7423171997	0.0
9.90415477753	35.7700080872	0.0
9.91569519043	35.7976989746	0.0
9.92723464966	35.8253936768	0.0
9.93877506256	35.8530845642	0.0
9.95031547546	35.8807754517	0.0
9.96185493469	35.9084663391	0.0
9.9733953476	35.9361572266	0.0
9.98493480682	35.963848114	0.0
9.99647521973	35.9915428162	0.0
9.72961807251	35.4093704224	0.0
9.71663856506	35.4364204407	0.0
9.70366096497	35.4634666443	0.0
9.69068336487	35.4905128479	0.0
9.6777048111	35.5175628662	0.0
9.66472625732	35.5446090698	0.0
9.65174770355	35.5716552734	0.0
9.63599205017	35.6044921875	0.0
9.62301254272	35.6315422058	0.0
9.61003494263	35.6585884094	0.0
9.59705734253	35.685634613	0.0
9.58407878876	35.7126846313	0.0
9.57110023499	35.739730835	0.0
9.55812168121	35.7667808533	0.0
9.52785778046	35.7845916748	0.0
9.50037193298	35.7966117859	0.0
9.47288608551	35.808631897	0.0
9.44540023804	35.8206558228	0.0
9.41791439056	35.8326759338	0.0
9.39042758942	35.8446998596	0.0
9.36294174194	35.8567199707	0.0
9.33545589447	35.8687400818	0.0
9.307970047	35.8807601929	0.0
9.28048419952	35.8927841187	0.0
9.25299835205	35.9048042297	0.0
9.2255115509	35.9168281555	0.0
9.19802570343	35.9288482666	0.0
9.17053985596	35.9408683777	0.0
9.14305400848	35.9528923035	0.0
9.11556816101	35.9649124146	0.0
9.08808231354	35.9769363403	0.0
9.06059646606	35.9889564514	0.0
9.03310966492	36.0009765625	0.0
9.00562381744	36.0130004883	0.0
8.97813796997	36.0250205994	0.0
8.95065116882	36.0370445251	0.0
8.92316532135	36.0490646362	0.0
8.89567947388	36.0610847473	0.0
8.86819267273	36.0731086731	0.0
8.84070682526	36.0851287842	0.0
8.81322097778	36.09715271	0.0
8.78573513031	36.109172821	0.0
8.75824928284	36.1211929321	0.0
8.709856987	36.1543769836	0.0
8.68870162964	36.1756515503	0.0
8.66754722595	36.1969223022	0.0
8.64639186859	36.2181930542	0.0
8.62523555756	36.2394638062	0.0
8.60408115387	36.2607345581	0.0
8.58292579651	36.2820053101	0.0
8.56177139282	36.303276062	0.0
8.54061603546	36.324546814	0.0
8.5194606781	36.3458175659	0.0
8.49830627441	36.3670883179	0.0
8.47715091705	36.3883628845	0.0
8.45599555969	36.4096336365	0.0
8.43484115601	36.4309043884	0.0
8.41368579865	36.4521751404	0.0
8.39253139496	36.4734458923	0.0
8.3713760376	36.4947166443	0.0
8.35022068024	36.5159873962	0.0
8.32906627655	36.5372581482	0.0
8.30791091919	36.5585327148	0.0
8.28675556183	36.5798034668	0.0
8.26560115814	36.6010742188	0.0
8.24444580078	36.6223449707	0.0
8.22329139709	36.6436157227	0.0
8.17884540558	36.6764373779	0.0
8.15259647369	36.6909637451	0.0
8.12634658813	36.7054862976	0.0
8.10009765625	36.7200126648	0.0
8.07384872437	36.734539032	0.0
8.04759979248	36.7490653992	0.0
8.0213508606	36.7635879517	0.0
7.99510192871	36.7781143188	0.0
7.96885299683	36.792640686	0.0
7.94260406494	36.8071632385	0.0
7.91635417938	36.8216896057	0.0
7.89010477066	36.8362159729	0.0
7.86385583878	36.8507423401	0.0
7.83760690689	36.8652648926	0.0
7.81135797501	36.8797912598	0.0
7.78510904312	36.894317627	0.0
7.75886011124	36.9088401794	0.0
7.73261117935	36.9233665466	0.0
7.70636177063	36.9378929138	0.0
7.68011188507	36.952419281	0.0
7.65386295319	36.9669418335	0.0
7.6276140213	36.9814682007	0.0
7.60136508942	36.9959945679	0.0
7.57511615753	37.0105171204	0.0
7.54886722565	37.0250434875	0.0
7.52261781693	37.0395698547	0.0
7.49636888504	37.0540962219	0.0
7.47011995316	37.0686187744	0.0
7.4438700676	37.0831451416	0.0
7.41762113571	37.0976715088	0.0
7.39137220383	37.112197876	0.0
7.3651227951	37.1267204285	0.0
7.33887386322	37.1412467957	0.0
7.3146648407	37.176738739	0.0
7.30395412445	37.2047615051	0.0
7.29324293137	37.2327842712	0.0
7.28253221512	37.2608070374	0.0
7.27182102203	37.2888298035	0.0
7.26111078262	37.3168525696	0.0
7.25040006638	37.3448753357	0.0
7.23968887329	37.3728981018	0.0
7.22897815704	37.4009208679	0.0
7.21826696396	37.428943634	0.0
7.20755720139	37.4569664001	0.0
7.1968460083	37.4849891663	0.0
7.18613481522	37.5130119324	0.0
7.17542409897	37.5410346985	0.0
7.16471290588	37.5690574646	0.0
7.15400314331	37.5970802307	0.0
7.14329195023	37.6251029968	0.0
7.13258123398	37.6531257629	0.0
7.12187004089	37.6811485291	0.0
7.11115884781	37.7091712952	0.0
7.10044813156	37.7371940613	0.0
7.08973789215	37.7652168274	0.0
7.0790271759	37.7932395935	0.0
7.06831598282	37.8212623596	0.0
7.05760478973	37.8492851257	0.0
7.04689407349	37.8773117065	0.0
7.03618383408	37.905330658	0.0
7.02547311783	37.9333534241	0.0
7.01476192474	37.9613761902	0.0
7.0040512085	37.989402771	0.0
7.29808998108	37.1362457275	0.0
7.27080488205	37.1237754822	0.0
7.24351978302	37.1113014221	0.0
7.21623516083	37.0988311768	0.0
7.1889500618	37.0863609314	0.0
7.16166496277	37.073890686	0.0
7.13437986374	37.0614204407	0.0
7.10709476471	37.0489501953	0.0
7.07981014252	37.0364761353	0.0
7.05252504349	37.0240058899	0.0
7.02523994446	37.0115356445	0.0
8.18953514099	36.6875610352	0.0
8.17397499084	36.7132110596	0.0
8.1584148407	36.738861084	0.0
8.14285564423	36.7645111084	0.0
8.12729644775	36.7901573181	0.0
8.11173629761	36.8158073425	0.0
8.09617614746	36.8414573669	0.0
8.08061695099	36.8671073914	0.0
8.06505680084	36.8927574158	0.0
8.0494966507	36.9184074402	0.0
8.03393745422	36.9440574646	0.0
8.01837825775	36.9697036743	0.0
8.0028181076	36.9953536987	0.0
8.70116996765	36.130027771	0.0
8.67132854462	36.1269454956	0.0
8.64148807526	36.1238632202	0.0
8.61164569855	36.1207809448	0.0
8.58180522919	36.1177024841	0.0
8.55196380615	36.1146202087	0.0
8.52212238312	36.1115379333	0.0
8.49228096008	36.1084594727	0.0
8.46243953705	36.1053771973	0.0
8.43259811401	36.1022949219	0.0
8.40275669098	36.0992126465	0.0
8.37291526794	36.0961341858	0.0
8.34307384491	36.0930519104	0.0
8.31323337555	36.089969635	0.0
8.28339099884	36.0868873596	0.0
8.25354957581	36.0838088989	0.0
8.22370910645	36.0807266235	0.0
8.19386672974	36.0776443481	0.0
8.14911079407	36.0640335083	0.0
8.12154483795	36.0521965027	0.0
8.09397888184	36.0403594971	0.0
8.06641387939	36.0285186768	0.0
8.03884792328	36.0166816711	0.0
8.01128196716	36.0048446655	0.0
8.14673900604	36.0739402771	0.0
8.1168012619	36.0720100403	0.0
8.08686256409	36.0700798035	0.0
8.05692481995	36.0681495667	0.0
8.02698802948	36.0662193298	0.0
7.9970498085	36.064289093	0.0
7.96711206436	36.0623588562	0.0
7.93717384338	36.0604286194	0.0
7.90723609924	36.0584983826	0.0
7.87729787827	36.0565681458	0.0
7.8473610878	36.0546379089	0.0
7.81742286682	36.0527076721	0.0
7.78748512268	36.0507774353	0.0
7.7575469017	36.0488471985	0.0
7.72760915756	36.0469169617	0.0
7.69767093658	36.0449867249	0.0
7.66773414612	36.043056488	0.0
7.63779592514	36.0411224365	0.0
7.607858181	36.0391921997	0.0
7.57791996002	36.0372657776	0.0
7.54798221588	36.0353317261	0.0
7.5180439949	36.0334014893	0.0
7.48810720444	36.0314712524	0.0
7.45816898346	36.0295410156	0.0
7.42823076248	36.0276107788	0.0
7.39829301834	36.025680542	0.0
7.36835479736	36.0237503052	0.0
7.33841705322	36.0218200684	0.0
7.30847978592	36.0198898315	0.0
7.27854204178	36.0179595947	0.0
7.2486038208	36.0160293579	0.0
7.21866607666	36.0140991211	0.0
7.18872785568	36.0121688843	0.0
7.15879011154	36.0102386475	0.0
7.12885284424	36.0083084106	0.0
7.0989151001	36.0063781738	0.0
7.06897687912	36.004447937	0.0
7.03903913498	36.0025177002	0.0
7.009100914	36.0005874634	0.0
9.55084609985	35.802230835	0.0
9.5463476181	35.8318901062	0.0
9.54185009003	35.8615493774	0.0
9.53735160828	35.8912124634	0.0
9.5328540802	35.9208717346	0.0
9.52835559845	35.9505348206	0.0
9.52385807037	35.9801940918	0.0
9.51935958862	36.009853363	0.0
9.51486206055	36.039516449	0.0
9.5103635788	36.0691757202	0.0
9.50586605072	36.0988388062	0.0
9.5013666153	36.1284980774	0.0
9.49686908722	36.1581611633	0.0
9.49237060547	36.1878204346	0.0
9.48787307739	36.2174797058	0.0
9.48337459564	36.2471427917	0.0
9.47887706757	36.276802063	0.0
9.47437858582	36.3064651489	0.0
9.46988105774	36.3361244202	0.0
9.46538257599	36.3657875061	0.0
9.46088504791	36.3954467773	0.0
9.45638656616	36.4251060486	0.0
9.45188903809	36.4547691345	0.0
9.44739055634	36.4844284058	0.0
9.44289302826	36.5140914917	0.0
9.43462371826	36.5686149597	0.0
9.43012619019	36.598274231	0.0
9.42562770844	36.6279335022	0.0
9.42113018036	36.6575965881	0.0
9.41663169861	36.6872558594	0.0
9.41213417053	36.7169189453	0.0
9.40763568878	36.7465782166	0.0
9.40313816071	36.7762413025	0.0
9.39863967896	36.8059005737	0.0
9.39414215088	36.8355636597	0.0
9.38964366913	36.8652229309	0.0
9.38514614105	36.8948822021	0.0
9.3806476593	36.9245452881	0.0
9.37615013123	36.9542045593	0.0
9.37165164948	36.9838676453	0.0
9.3671541214	37.0135269165	0.0
9.36265563965	37.0431861877	0.0
9.35815811157	37.0728492737	0.0
9.35365962982	37.1025085449	0.0
9.34916210175	37.1321716309	0.0
9.34466362	37.1618309021	0.0
9.34016609192	37.1914901733	0.0
9.33566761017	37.2211532593	0.0
9.33116912842	37.2508125305	0.0
9.32667064667	37.2804756165	0.0
9.30230045319	37.3271446228	0.0
9.28169822693	37.3489532471	0.0
9.26109695435	37.3707618713	0.0
9.24049472809	37.3925704956	0.0
9.21989440918	37.4143753052	0.0
9.1918888092	37.4032859802	0.0
9.17899894714	37.3761978149	0.0
9.16611003876	37.349105835	0.0
9.1532201767	37.3220176697	0.0
9.14033031464	37.2949295044	0.0
9.12744140625	37.2678375244	0.0
9.11455059052	37.2407493591	0.0
9.10166072845	37.2136573792	0.0
9.08877182007	37.1865692139	0.0
9.07588195801	37.1594772339	0.0
9.06299209595	37.1323890686	0.0
9.05010318756	37.1053009033	0.0
9.0372133255	37.0782089233	0.0
9.02432346344	37.0511207581	0.0
9.01143360138	37.0240287781	0.0
9.18417739868	37.4521865845	0.0
9.1635761261	37.473991394	0.0
9.14297485352	37.4958000183	0.0
9.12237262726	37.5176086426	0.0
9.10177230835	37.5394172668	0.0
9.0809173584	37.5848617554	0.0
9.07517814636	37.6143074036	0.0
9.06943798065	37.6437530518	0.0
9.06369876862	37.6731987	0.0
9.05795860291	37.7026443481	0.0
9.05222034454	37.7320899963	0.0
9.04648017883	37.7615356445	0.0
9.0407409668	37.7909812927	0.0
9.03500080109	37.8204307556	0.0
9.02926158905	37.8498764038	0.0
9.02352237701	37.8793182373	0.0
9.01778316498	37.9087677002	0.0
9.01204299927	37.9382133484	0.0
9.00630378723	37.9676589966	0.0
9.0005645752	37.9971046448	0.0
9.06352519989	37.5745201111	0.0
9.04039382935	37.5936203003	0.0
9.0172624588	37.6127243042	0.0
8.99413013458	37.6318283081	0.0
8.97099876404	37.650932312	0.0
8.94786739349	37.6700363159	0.0
8.92473602295	37.6891365051	0.0
8.90160369873	37.708240509	0.0
8.87847328186	37.7273445129	0.0
8.85534095764	37.7464485168	0.0
8.8322095871	37.7655525208	0.0
8.80907821655	37.78465271	0.0
8.78594589233	37.8037567139	0.0
8.76281547546	37.8228607178	0.0
8.73968315125	37.8419647217	0.0
8.7165517807	37.8610687256	0.0
8.69342041016	37.8801689148	0.0
8.67028903961	37.8992729187	0.0
8.64715671539	37.9183769226	0.0
8.62402629852	37.9374771118	0.0
8.6008939743	37.9565811157	0.0
8.57776165009	37.9756851196	0.0
8.55463123322	37.9947891235	0.0
8.531498909	38.0138931274	0.0
8.4807844162	38.0292243958	0.0
8.45083904266	38.0274047852	0.0
8.42089366913	38.0255851746	0.0
8.39095020294	38.023765564	0.0
8.36100482941	38.0219421387	0.0
8.33106040955	38.0201225281	0.0
8.30111598969	38.0183029175	0.0
8.27117061615	38.0164833069	0.0
8.24122619629	38.0146636963	0.0
8.21128082275	38.0128440857	0.0
8.18133735657	38.0110244751	0.0
8.15139198303	38.0092048645	0.0
8.1214466095	38.0073814392	0.0
8.09150218964	38.0055618286	0.0
8.06155776978	38.003742218	0.0
8.03161334991	38.0019226074	0.0
8.00166797638	38.0000991821	0.0
8.50761032104	38.0608825684	0.0
8.50449085236	38.0907211304	0.0
8.50137233734	38.1205596924	0.0
8.49825382233	38.1503944397	0.0
8.49513530731	38.1802330017	0.0
8.49201583862	38.2100715637	0.0
8.48889732361	38.239906311	0.0
8.48577880859	38.269744873	0.0
8.48266029358	38.2995834351	0.0
8.47954082489	38.3294181824	0.0
8.47642326355	38.3592567444	0.0
8.47330379486	38.3890953064	0.0
8.47018527985	38.4189338684	0.0
8.45398426056	38.4652252197	0.0
8.43985366821	38.4916915894	0.0
8.42572498322	38.5181541443	0.0
8.41159629822	38.5446205139	0.0
8.39746665955	38.5710830688	0.0
8.38333797455	38.5975494385	0.0
8.36920928955	38.6240119934	0.0
8.35507965088	38.650478363	0.0
8.34095096588	38.676940918	0.0
8.32682228088	38.7034072876	0.0
8.31269264221	38.7298698425	0.0
8.29856395721	38.7563362122	0.0
8.28443527222	38.7827987671	0.0
8.27030563354	38.8092651367	0.0
8.25617694855	38.8357276917	0.0
8.24204730988	38.8621902466	0.0
8.2279176712	38.8886566162	0.0
8.21378898621	38.9151191711	0.0
8.19966030121	38.9415855408	0.0
8.18553066254	38.9680480957	0.0
8.15422439575	38.9758224487	0.0
8.12458610535	38.98046875	0.0
8.09494781494	38.9851150513	0.0
8.06193447113	38.9859848022	0.0
8.03193569183	38.9863815308	0.0
8.00193881989	38.9867744446	0.0
7.97194194794	38.9871711731	0.0
7.94194412231	38.9875679016	0.0
7.91194677353	38.9879646301	0.0
7.88194894791	38.9883613586	0.0
7.85195207596	38.9887542725	0.0
7.82195520401	38.989151001	0.0
7.79195690155	38.9895477295	0.0
7.7619600296	38.989944458	0.0
7.73196315765	38.9903373718	0.0
7.70196485519	38.9907341003	0.0
7.67196798325	38.9911308289	0.0
7.64197015762	38.9915275574	0.0
7.61197280884	38.9919242859	0.0
7.58197593689	38.9923171997	0.0
7.55197811127	38.9927139282	0.0
7.52198076248	38.9931106567	0.0
7.49198293686	38.9935073853	0.0
7.46198606491	38.9939002991	0.0
7.43198919296	38.9942970276	0.0
7.4019908905	38.9946937561	0.0
7.37199401855	38.9950904846	0.0
7.34199714661	38.9954872131	0.0
7.31199884415	38.995880127	0.0
7.2820019722	38.9962768555	0.0
7.25200414658	38.996673584	0.0
7.22200679779	38.9970703125	0.0
7.19200992584	38.997467041	0.0
7.16201210022	38.9978637695	0.0
7.13201522827	38.9982566833	0.0
7.10201692581	38.9986534119	0.0
7.07202005386	38.9990501404	0.0
7.04202318192	38.9994468689	0.0
7.01202487946	38.9998397827	0.0
8.06229305267	38.990234375	0.0
8.03265476227	38.9948806763	0.0
8.00301742554	38.9995269775	0.0
8.17858505249	39.0007095337	0.0
8.17330741882	39.0302391052	0.0
8.16802883148	39.0597724915	0.0
8.16275119781	39.0893058777	0.0
8.15747356415	39.1188354492	0.0
8.15219593048	39.1483688354	0.0
8.14691829681	39.1779022217	0.0
8.14164066315	39.2074317932	0.0
8.13636302948	39.2369651794	0.0
8.13108539581	39.2664985657	0.0
8.12580680847	39.2960281372	0.0
8.12053012848	39.3255615234	0.0
8.11525154114	39.3550949097	0.0
8.10997390747	39.3846244812	0.0
8.10469722748	39.4141578674	0.0
8.09941864014	39.4436912537	0.0
8.09414100647	39.4732208252	0.0
8.0888633728	39.5027542114	0.0
8.08358573914	39.5322875977	0.0
8.07830810547	39.5618171692	0.0
8.0730304718	39.5913505554	0.0
8.06775188446	39.6208839417	0.0
8.06247520447	39.6504135132	0.0
8.05719661713	39.6799468994	0.0
8.05191898346	39.7094802856	0.0
8.04664230347	39.7390098572	0.0
8.04136371613	39.7685432434	0.0
8.03608608246	39.7980766296	0.0
8.03080844879	39.8276062012	0.0
8.02553081512	39.8571395874	0.0
8.02025318146	39.8866729736	0.0
8.01497459412	39.9162025452	0.0
8.00969791412	39.9457359314	0.0
8.00442028046	39.9752693176	0.0
8.48463439941	38.4638023376	0.0
8.50115585327	38.4888420105	0.0
8.5176782608	38.5138816833	0.0
8.53419971466	38.5389213562	0.0
8.55072116852	38.5639648438	0.0
8.56724262238	38.5890045166	0.0
8.58376502991	38.6140441895	0.0
8.60028553009	38.639087677	0.0
8.61680793762	38.6641273499	0.0
8.63333034515	38.6891670227	0.0
8.64985179901	38.7142066956	0.0
8.66637325287	38.7392463684	0.0
8.68289470673	38.764289856	0.0
8.69941711426	38.7893295288	0.0
8.71593856812	38.8143692017	0.0
8.75431728363	38.8494415283	0.0
8.77989578247	38.8651161194	0.0
8.80547523499	38.8807945251	0.0
8.83105373383	38.8964691162	0.0
8.85663318634	38.9121437073	0.0
8.88221168518	38.9278182983	0.0
8.9077911377	38.9434928894	0.0
8.93336963654	38.9591674805	0.0
8.95894908905	38.9748458862	0.0
8.98452854156	38.9905204773	0.0
8.73553371429	38.8629875183	0.0
8.74232959747	38.8922080994	0.0
8.749127388	38.9214286804	0.0
8.75592327118	38.9506492615	0.0
8.76272010803	38.9798698425	0.0
8.76951599121	39.0090866089	0.0
8.77631282806	39.0383071899	0.0
8.78310871124	39.067527771	0.0
8.7899055481	39.0967483521	0.0
8.79670238495	39.1259689331	0.0
8.8034992218	39.1551895142	0.0
8.81029510498	39.1844062805	0.0
8.81709194183	39.2136268616	0.0
8.82388782501	39.2428474426	0.0
8.83068466187	39.2720680237	0.0
8.83748054504	39.3012886047	0.0
8.84427833557	39.3305091858	0.0
8.85107421875	39.3597297668	0.0
8.8578710556	39.3889465332	0.0
8.86466693878	39.4181671143	0.0
8.87146377563	39.4473876953	0.0
8.87825965881	39.4766082764	0.0
8.88505744934	39.5058288574	0.0
8.89185333252	39.5350494385	0.0
8.89865016937	39.5642662048	0.0
8.90544605255	39.5934867859	0.0
8.9122428894	39.6227073669	0.0
8.91903877258	39.651927948	0.0
8.92583560944	39.6811485291	0.0
8.93263244629	39.7103691101	0.0
8.93942928314	39.7395896912	0.0
8.94622516632	39.7688064575	0.0
8.95302200317	39.7980270386	0.0
8.95981788635	39.8272476196	0.0
8.96661472321	39.8564682007	0.0
8.97341060638	39.8856887817	0.0
8.98020839691	39.9149055481	0.0
8.98700428009	39.9441261292	0.0
8.99380111694	39.9733467102	0.0
9.33901691437	37.3306427002	0.0
9.35513401031	37.3559455872	0.0
9.37125015259	37.3812484741	0.0
9.38736629486	37.4065513611	0.0
9.40348243713	37.431854248	0.0
9.41959857941	37.457157135	0.0
9.43571472168	37.4824638367	0.0
9.45183086395	37.5077667236	0.0
9.4679479599	37.5330696106	0.0
9.48406410217	37.5583724976	0.0
9.50018024445	37.5836753845	0.0
9.51629638672	37.6089782715	0.0
9.53241252899	37.6342811584	0.0
9.54852867126	37.6595878601	0.0
9.56464481354	37.6848907471	0.0
9.58076095581	37.710193634	0.0
9.59687805176	37.735496521	0.0
9.61299419403	37.760799408	0.0
9.6291103363	37.7861022949	0.0
9.64522743225	37.8114051819	0.0
9.66134262085	37.8367118835	0.0
9.67745876312	37.8620147705	0.0
9.6935749054	37.8873176575	0.0
9.71659755707	37.9402770996	0.0
9.72434806824	37.9692573547	0.0
9.73209857941	37.9982414246	0.0
9.73985004425	38.0272216797	0.0
9.74759960175	38.0562019348	0.0
9.75535106659	38.0851821899	0.0
9.76310062408	38.1141662598	0.0
9.77085208893	38.1431465149	0.0
9.77860164642	38.1721305847	0.0
9.78635311127	38.2011108398	0.0
9.79410266876	38.230091095	0.0
9.80185413361	38.2590713501	0.0
9.8096036911	38.2880554199	0.0
9.81735515594	38.317035675	0.0
9.82510471344	38.3460197449	0.0
9.83285617828	38.375	0.0
9.84060668945	38.4039802551	0.0
9.84835720062	38.432964325	0.0
9.85610771179	38.4619445801	0.0
9.86385822296	38.4909248352	0.0
9.87160873413	38.519908905	0.0
9.8793592453	38.5488891602	0.0
9.88710975647	38.5778694153	0.0
9.89486026764	38.6068534851	0.0
9.90261077881	38.6358337402	0.0
9.91036128998	38.6648139954	0.0
9.91811180115	38.6937942505	0.0
9.92586231232	38.7227783203	0.0
9.93361282349	38.7517585754	0.0
9.94136428833	38.7807426453	0.0
9.94911384583	38.8097229004	0.0
9.95686531067	38.8387031555	0.0
9.96461486816	38.8676872253	0.0
9.97236633301	38.8966674805	0.0
9.9801158905	38.9256477356	0.0
9.98786735535	38.9546318054	0.0
9.99561691284	38.9836120605	0.0
9.73754501343	37.9200363159	0.0
9.76624298096	37.9287834167	0.0
9.79493999481	37.9375267029	0.0
9.82363796234	37.9462661743	0.0
9.85233592987	37.9550094604	0.0
9.8831205368	37.964389801	0.0
9.91181945801	37.9731330872	0.0
9.94051742554	37.9818763733	0.0
9.96921443939	37.9906196594	0.0
9.99791240692	37.9993629456	0.0
9.88440132141	37.9568061829	0.0
9.91437911987	37.9579696655	0.0
9.94435596466	37.9591293335	0.0
9.97433376312	37.9602890015	0.0
10.0043106079	37.9614524841	0.0
10.03428936	37.9626121521	0.0
10.0642662048	37.9637718201	0.0
10.0942440033	37.964931488	0.0
10.1242218018	37.966091156	0.0
10.1541986465	37.9672546387	0.0
10.1841773987	37.9684143066	0.0
10.2141542435	37.9695739746	0.0
10.2441320419	37.9707374573	0.0
10.2741088867	37.9718971252	0.0
10.3040866852	37.9730567932	0.0
10.33406353	37.9742164612	0.0
10.3640422821	37.9753761292	0.0
10.3940191269	37.9765396118	0.0
10.4239969254	37.9776992798	0.0
10.4539747238	37.9788589478	0.0
10.4839515686	37.9800224304	0.0
10.5139303207	37.9811820984	0.0
10.5439071655	37.9823417664	0.0
10.573884964	37.9835014343	0.0
10.6038618088	37.9846611023	0.0
10.6338396072	37.985824585	0.0
10.6638174057	37.9869842529	0.0
10.6937952042	37.9881439209	0.0
10.723772049	37.9893074036	0.0
10.7537498474	37.9904670715	0.0
10.7837266922	37.9916267395	0.0
10.8137054443	37.9927864075	0.0
10.8436832428	37.9939498901	0.0
10.8736600876	37.9951095581	0.0
10.903637886	37.9962692261	0.0
10.9336147308	37.997428894	0.0
10.9635925293	37.998588562	0.0
10.9935703278	37.9997520447	0.0
9.46229839325	36.5580024719	0.0
9.48547267914	36.5770530701	0.0
9.5086479187	36.5961036682	0.0
9.53182315826	36.6151542664	0.0
9.55499839783	36.6342048645	0.0
9.57817363739	36.6532554626	0.0
9.60134887695	36.6723022461	0.0
9.62452411652	36.6913566589	0.0
9.64769935608	36.7104034424	0.0
9.67087364197	36.7294540405	0.0
9.69404888153	36.7485046387	0.0
9.71722507477	36.7675552368	0.0
9.74040031433	36.786605835	0.0
9.76357460022	36.8056564331	0.0
9.78674983978	36.8247070312	0.0
9.80992507935	36.8437576294	0.0
9.83310031891	36.8628082275	0.0
9.85627555847	36.8818588257	0.0
9.87945079803	36.9009056091	0.0
9.9026260376	36.9199562073	0.0
9.92580127716	36.9390068054	0.0
9.94897556305	36.9580574036	0.0
9.97215080261	36.9771080017	0.0
9.99532699585	36.9961585999	0.0
9.62382888794	35.5938148499	0.0
9.59868907928	35.6101837158	0.0
9.57354831696	35.6265525818	0.0
9.54840755463	35.6429252625	0.0
9.5232667923	35.6592941284	0.0
9.49812698364	35.6756629944	0.0
9.47298622131	35.6920318604	0.0
9.44784641266	35.7084007263	0.0
9.42270469666	35.7247695923	0.0
9.397564888	35.7411384583	0.0
9.37242412567	35.7575073242	0.0
9.34728431702	35.7738761902	0.0
9.32214260101	35.7902488708	0.0
9.29700279236	35.8066177368	0.0
9.27186203003	35.8229866028	0.0
9.24672222137	35.8393554688	0.0
9.22158145905	35.8557243347	0.0
9.19644069672	35.8720932007	0.0
9.17129993439	35.8884658813	0.0
9.14616012573	35.9048347473	0.0
9.1210193634	35.9212036133	0.0
9.09587860107	35.9375724792	0.0
9.07073783875	35.9539413452	0.0
9.04559803009	35.9703102112	0.0
9.02045726776	35.9866790771	0.0
9.88990116119	35.2020111084	0.0
9.86064529419	35.1953697205	0.0
9.83138942719	35.1887283325	0.0
9.80213356018	35.1820907593	0.0
9.77287769318	35.1754493713	0.0
9.74362182617	35.1688041687	0.0
9.71436691284	35.1621665955	0.0
9.68511104584	35.1555252075	0.0
9.65585517883	35.1488838196	0.0
9.6266002655	35.1422424316	0.0
9.5973443985	35.1356010437	0.0
9.56808757782	35.1289596558	0.0
9.53883266449	35.1223182678	0.0
9.50957679749	35.1156768799	0.0
9.48032093048	35.1090354919	0.0
9.45106601715	35.102394104	0.0
9.42181015015	35.0957527161	0.0
9.39255428314	35.0891113281	0.0
9.36329936981	35.0824699402	0.0
9.33404254913	35.0758285522	0.0
9.30478668213	35.0691871643	0.0
9.2755317688	35.0625457764	0.0
9.24627590179	35.0559043884	0.0
9.21702003479	35.0492668152	0.0
9.18776512146	35.0426254272	0.0
9.15850925446	35.0359802246	0.0
9.12925338745	35.0293426514	0.0
9.09999847412	35.0227012634	0.0
9.07074165344	35.0160598755	0.0
9.04148578644	35.0094184875	0.0
9.01222991943	35.0027770996	0.0
10.5204896927	33.8294525146	0.0
10.5493745804	33.8375511169	0.0
10.5782613754	33.8456535339	0.0
10.6071472168	33.8537521362	0.0
10.6360321045	33.8618545532	0.0
10.6649179459	33.8699531555	0.0
10.6938028336	33.8780555725	0.0
10.7226886749	33.8861541748	0.0
10.75157547	33.8942565918	0.0
10.7804603577	33.9023551941	0.0
10.809346199	33.9104576111	0.0
10.8382310867	33.9185562134	0.0
10.8671169281	33.9266586304	0.0
10.8960027695	33.9347610474	0.0
10.9248876572	33.9428596497	0.0
10.9537744522	33.9509620667	0.0
10.9826593399	33.9590606689	0.0
11.0115451813	33.9671630859	0.0
11.0404310226	33.9752655029	0.0
11.0693159103	33.9833641052	0.0
11.0982017517	33.9914665222	0.0
11.1270866394	33.9995651245	0.0
11.1559734344	34.0076675415	0.0
11.1901912689	34.0229225159	0.0
11.2171239853	34.0361366272	0.0
11.2440576553	34.0493507385	0.0
11.2709913254	34.0625610352	0.0
11.2979240417	34.0757751465	0.0
11.3248577118	34.0889892578	0.0
11.3517913818	34.1021995544	0.0
11.3787250519	34.1154136658	0.0
11.4056577682	34.1286277771	0.0
11.432592392	34.1418418884	0.0
11.4595251083	34.1550521851	0.0
11.4864587784	34.1682662964	0.0
11.5133924484	34.1814804077	0.0
11.5403261185	34.194694519	0.0
11.5672588348	34.2079086304	0.0
11.5941934586	34.221118927	0.0
11.6211261749	34.2343330383	0.0
11.648059845	34.2475471497	0.0
11.6749925613	34.260761261	0.0
11.7019271851	34.2739715576	0.0
11.7288599014	34.2871856689	0.0
11.7557926178	34.3003997803	0.0
11.7827272415	34.3136138916	0.0
11.8096599579	34.3268241882	0.0
11.8365936279	34.3400382996	0.0
11.863527298	34.3532524109	0.0
11.8895864487	34.3949546814	0.0
11.8916435242	34.4248847961	0.0
11.8937034607	34.4548110962	0.0
11.8957624435	34.4847412109	0.0
11.8978214264	34.5146713257	0.0
11.8998804092	34.5446014404	0.0
11.9019393921	34.5745315552	0.0
11.9039983749	34.6044616699	0.0
11.9060573578	34.63438797	0.0
11.9081163406	34.6643180847	0.0
11.9101753235	34.6942481995	0.0
11.9122333527	34.7241783142	0.0
11.9142923355	34.7541046143	0.0
11.9163513184	34.784034729	0.0
11.9184103012	34.8139648438	0.0
11.9204692841	34.8438949585	0.0
11.9225282669	34.8738212585	0.0
11.9245872498	34.9037513733	0.0
11.9266462326	34.933681488	0.0
11.9287052155	34.9636116028	0.0
11.9307641983	34.9935417175	0.0
11.9328222275	35.0234680176	0.0
11.9348812103	35.0533981323	0.0
11.9369401932	35.0833282471	0.0
11.938999176	35.1132583618	0.0
11.9410581589	35.1431884766	0.0
11.9431171417	35.1731147766	0.0
11.9451761246	35.2030448914	0.0
11.9472351074	35.2329750061	0.0
11.9492940903	35.2629051208	0.0
11.9513521194	35.2928314209	0.0
11.9534111023	35.3227615356	0.0
11.9554700851	35.3526916504	0.0
11.957529068	35.3826217651	0.0
11.9595880508	35.4125518799	0.0
11.9616470337	35.4424781799	0.0
11.9637060165	35.4724082947	0.0
11.9657649994	35.5023384094	0.0
11.9678239822	35.5322685242	0.0
11.9698829651	35.5621948242	0.0
11.9719409943	35.592124939	0.0
11.9739999771	35.6220550537	0.0
11.97605896	35.6519851685	0.0
11.9781179428	35.6819114685	0.0
11.9801769257	35.7118415833	0.0
11.9822359085	35.741771698	0.0
11.9842948914	35.7717018127	0.0
11.9863538742	35.8016281128	0.0
11.9884128571	35.8315582275	0.0
11.9904718399	35.8614883423	0.0
11.9925298691	35.891418457	0.0
11.9945888519	35.9213485718	0.0
11.9966478348	35.9512786865	0.0
11.9987068176	35.9812049866	0.0
11.9171800613	34.3695755005	0.0
11.9468326569	34.3741264343	0.0
11.9764862061	34.3786773682	0.0
12.0061388016	34.3832244873	0.0
12.0357913971	34.3877754211	0.0
12.0654439926	34.392326355	0.0
12.0950965881	34.3968772888	0.0
12.1247501373	34.401424408	0.0
12.1574783325	34.4064483643	0.0
12.187130928	34.4109954834	0.0
12.2167835236	34.4155464172	0.0
12.2464370728	34.4200973511	0.0
12.2760896683	34.4246482849	0.0
12.3057432175	34.4291954041	0.0
12.3353948593	34.4337463379	0.0
12.3650484085	34.4382972717	0.0
12.39777565	34.4433174133	0.0
12.4274291992	34.4478683472	0.0
12.4570817947	34.452419281	0.0
12.4867353439	34.4569702148	0.0
12.5163879395	34.461517334	0.0
12.546040535	34.4660682678	0.0
12.5756940842	34.4706192017	0.0
12.6053466797	34.4751701355	0.0
12.6349992752	34.4797172546	0.0
12.6646518707	34.4842681885	0.0
12.6943054199	34.4888191223	0.0
12.7239580154	34.4933700562	0.0
12.753610611	34.4979171753	0.0
12.7832641602	34.5024681091	0.0
12.8129167557	34.507019043	0.0
12.8425703049	34.5115699768	0.0
12.8543262482	34.5419845581	0.0
12.8599328995	34.5714530945	0.0
12.8655395508	34.6009254456	0.0
12.8711471558	34.6303977966	0.0
12.8767528534	34.6598701477	0.0
12.8823604584	34.6893424988	0.0
12.8879671097	34.7188110352	0.0
12.893573761	34.7482833862	0.0
12.899181366	34.7777557373	0.0
12.9047880173	34.8072242737	0.0
12.9100627899	34.8525428772	0.0
12.9124069214	34.8824501038	0.0
12.9147510529	34.9123573303	0.0
12.9170951843	34.9422645569	0.0
12.9194402695	34.9721755981	0.0
12.9217844009	35.0020828247	0.0
12.9241275787	35.0319900513	0.0
12.9264717102	35.0618972778	0.0
12.9288158417	35.0918083191	0.0
12.9311609268	35.1217155457	0.0
12.9335050583	35.1516227722	0.0
12.9358491898	35.1815338135	0.0
12.9381933212	35.21144104	0.0
12.9405374527	35.2413482666	0.0
12.9428815842	35.2712554932	0.0
12.9452257156	35.3011665344	0.0
12.9475698471	35.331073761	0.0
12.9499139786	35.3609809875	0.0
12.95225811	35.3908882141	0.0
12.9546031952	35.4207992554	0.0
12.9569473267	35.4507064819	0.0
12.9592914581	35.4806137085	0.0
12.9616346359	35.5105247498	0.0
12.9639787674	35.5404319763	0.0
12.9663228989	35.5703392029	0.0
12.968667984	35.6002464294	0.0
12.9710121155	35.6301574707	0.0
12.9733562469	35.6600646973	0.0
12.9757003784	35.6899719238	0.0
12.9780435562	35.7198791504	0.0
12.9803886414	35.7497901917	0.0
12.9827327728	35.7796974182	0.0
12.9850769043	35.8096046448	0.0
12.9874210358	35.839515686	0.0
12.9897651672	35.8694229126	0.0
12.9921102524	35.8993301392	0.0
12.9944543839	35.9292373657	0.0
12.9967975616	35.959148407	0.0
12.9991416931	35.9890556335	0.0
12.9215650558	34.8492469788	0.0
12.9354124069	34.8758583069	0.0
12.9492578506	34.9024734497	0.0
12.9631052017	34.9290847778	0.0
12.9769506454	34.9556999207	0.0
12.9907979965	34.9823112488	0.0
12.8787136078	34.5119400024	0.0
12.9087076187	34.5113677979	0.0
12.9387025833	34.5107955933	0.0
12.9686965942	34.5102233887	0.0
12.9986915588	34.5096511841	0.0
13.0286855698	34.5090789795	0.0
13.0586805344	34.5085067749	0.0
13.0886745453	34.5079345703	0.0
13.1186704636	34.5073623657	0.0
13.1486654282	34.5067901611	0.0
13.1786594391	34.5062179565	0.0
13.2086544037	34.505645752	0.0
13.2386484146	34.5050735474	0.0
13.2686433792	34.5045013428	0.0
13.2986373901	34.5039291382	0.0
13.3286323547	34.5033569336	0.0
13.3586263657	34.502784729	0.0
13.3886213303	34.5022125244	0.0
13.4186153412	34.5016403198	0.0
13.4486103058	34.5010681152	0.0
13.4900245667	34.5212287903	0.0
13.5118970871	34.5417633057	0.0
13.5337677002	34.562297821	0.0
13.5556402206	34.5828323364	0.0
13.5775117874	34.6033630371	0.0
13.5993843079	34.6238975525	0.0
13.6212558746	34.6444320679	0.0
13.6431274414	34.6649665833	0.0
13.6649990082	34.6854972839	0.0
13.686870575	34.7060317993	0.0
13.7087430954	34.7265663147	0.0
13.7306146622	34.7471008301	0.0
13.7524871826	34.7676315308	0.0
13.7743577957	34.7881660461	0.0
13.7962303162	34.8087005615	0.0
13.8181018829	34.8292312622	0.0
13.8399744034	34.8497657776	0.0
13.8618459702	34.870300293	0.0
13.8837175369	34.8908348083	0.0
13.9055891037	34.911365509	0.0
13.9274606705	34.9319000244	0.0
13.9493331909	34.9524345398	0.0
13.9712047577	34.9729652405	0.0
13.9930772781	34.9934997559	0.0
13.4910373688	34.4812965393	0.0
13.5139217377	34.4618988037	0.0
13.5368061066	34.4425010681	0.0
13.5596914291	34.4231033325	0.0
13.5825748444	34.4037055969	0.0
13.6054592133	34.3843078613	0.0
13.6283435822	34.364906311	0.0
13.651227951	34.3455085754	0.0
13.698097229	34.3232307434	0.0
13.7272129059	34.3160018921	0.0
13.7563285828	34.3087730408	0.0
13.7854452133	34.3015441895	0.0
13.8145608902	34.2943153381	0.0
13.8436765671	34.2870864868	0.0
13.8727931976	34.2798576355	0.0
13.9019088745	34.2726287842	0.0
13.9310245514	34.2653999329	0.0
13.9601411819	34.2581710815	0.0
13.9892568588	34.2509422302	0.0
14.0183725357	34.2437133789	0.0
14.0474901199	34.2364845276	0.0
14.0766057968	34.2292556763	0.0
14.1057224274	34.222026825	0.0
14.1348381042	34.2147979736	0.0
14.1639537811	34.2075691223	0.0
14.1930704117	34.200340271	0.0
14.2221860886	34.1931114197	0.0
14.2513017654	34.1858825684	0.0
14.280418396	34.178653717	0.0
14.3095340729	34.1714248657	0.0
14.3386497498	34.1641960144	0.0
14.3677663803	34.1569671631	0.0
14.3968820572	34.1497383118	0.0
14.4259977341	34.1425094604	0.0
14.4551143646	34.1352806091	0.0
14.4842300415	34.1280517578	0.0
14.5133457184	34.1208229065	0.0
14.5424623489	34.1135978699	0.0
14.5715780258	34.1063652039	0.0
14.6006937027	34.0991363525	0.0
14.6298103333	34.0919075012	0.0
14.6589269638	34.0846786499	0.0
14.6880426407	34.0774536133	0.0
14.7171592712	34.070224762	0.0
14.7462749481	34.0629920959	0.0
14.775390625	34.0557632446	0.0
14.8045072556	34.0485343933	0.0
14.8336229324	34.041305542	0.0
14.8627386093	34.0340805054	0.0
14.8918552399	34.0268516541	0.0
14.9209709167	34.0196228027	0.0
14.9500865936	34.0123901367	0.0
14.9792032242	34.0051612854	0.0
13.6420841217	34.3171730042	0.0
13.6151857376	34.3038864136	0.0
13.5882892609	34.290599823	0.0
13.5613918304	34.2773132324	0.0
13.5344944	34.2640266418	0.0
13.5075969696	34.2507400513	0.0
13.4806995392	34.2374534607	0.0
13.4538021088	34.2241668701	0.0
13.4269046783	34.2108802795	0.0
13.4000082016	34.197593689	0.0
13.3731098175	34.1843070984	0.0
13.3462133408	34.1710205078	0.0
13.3193159103	34.1577339172	0.0
13.2924175262	34.1444473267	0.0
13.2655210495	34.1311607361	0.0
13.2386236191	34.1178741455	0.0
13.2117261887	34.1045875549	0.0
13.1848287582	34.0913009644	0.0
13.1579322815	34.0780143738	0.0
13.1310338974	34.0647277832	0.0
13.1041374207	34.0514411926	0.0
13.0772399902	34.0381546021	0.0
13.0503416061	34.0248680115	0.0
13.0234451294	34.0115814209	0.0
12.3516693115	34.4638557434	0.0
12.3352146149	34.4889373779	0.0
12.3187608719	34.5140266418	0.0
12.3023071289	34.5391082764	0.0
12.2858533859	34.5641937256	0.0
12.2693986893	34.5892791748	0.0
12.2529449463	34.614364624	0.0
12.236492157	34.6394500732	0.0
12.220038414	34.6645355225	0.0
12.2035837173	34.6896209717	0.0
12.1871299744	34.7147064209	0.0
12.1706762314	34.7397918701	0.0
12.1542215347	34.7648773193	0.0
12.1377677917	34.7899627686	0.0
12.1213140488	34.8150482178	0.0
12.1048603058	34.840133667	0.0
12.0884056091	34.8652191162	0.0
12.0719518661	34.8903045654	0.0
12.0554990768	34.9153862	0.0
12.0390453339	34.9404754639	0.0
12.0225906372	34.9655570984	0.0
12.0061368942	34.9906425476	0.0
12.1411771774	34.3750305176	0.0
12.1545286179	34.3481674194	0.0
12.167881012	34.3213043213	0.0
12.1812334061	34.2944374084	0.0
12.1945858002	34.2675743103	0.0
12.2079381943	34.2407073975	0.0
12.2212896347	34.2138442993	0.0
12.2346420288	34.1869773865	0.0
12.2479944229	34.1601142883	0.0
12.2613458633	34.1332473755	0.0
12.2746982574	34.1063842773	0.0
12.2880506516	34.0795173645	0.0
12.3014030457	34.0526542664	0.0
12.3147554398	34.0257873535	0.0
12.3281068802	33.9989242554	0.0
12.3414592743	33.9720611572	0.0
12.3548107147	33.9451942444	0.0
12.3784093857	33.8977165222	0.0
12.3917608261	33.8708496094	0.0
12.4051132202	33.8439865112	0.0
12.4184646606	33.8171234131	0.0
12.4318170547	33.7902565002	0.0
12.4451694489	33.7633934021	0.0
12.458521843	33.7365264893	0.0
12.4718742371	33.7096633911	0.0
12.4852256775	33.6827964783	0.0
12.4985780716	33.6559333801	0.0
12.5119304657	33.6290664673	0.0
12.5252819061	33.6022033691	0.0
12.5386343002	33.5753364563	0.0
12.5519866943	33.5484733582	0.0
12.5653390884	33.5216064453	0.0
12.5786905289	33.4947433472	0.0
12.592042923	33.467880249	0.0
12.6053953171	33.4410133362	0.0
12.6187467575	33.414150238	0.0
12.6320991516	33.3872833252	0.0
12.6454515457	33.3604202271	0.0
12.6588039398	33.3335533142	0.0
12.6721563339	33.3066902161	0.0
12.6855077744	33.2798233032	0.0
12.6988601685	33.2529602051	0.0
12.7122116089	33.2260932922	0.0
12.744934082	33.1906471252	0.0
12.7689628601	33.1726875305	0.0
12.7929925919	33.1547241211	0.0
12.8170223236	33.1367645264	0.0
12.8410520554	33.1188049316	0.0
12.8650808334	33.1008453369	0.0
12.8891105652	33.0828819275	0.0
12.9131402969	33.0649223328	0.0
12.9371700287	33.046962738	0.0
12.9611988068	33.0289993286	0.0
12.9852285385	33.0110397339	0.0
12.7276544571	33.1793746948	0.0
12.7344036102	33.1501464844	0.0
12.741153717	33.1209144592	0.0
12.7479038239	33.0916824341	0.0
12.7546539307	33.0624542236	0.0
12.7614040375	33.0332221985	0.0
12.768155098	33.0039901733	0.0
12.7749052048	32.9747619629	0.0
12.7816553116	32.9455299377	0.0
12.7884054184	32.9163017273	0.0
12.7951545715	32.8870697021	0.0
12.8019046783	32.857837677	0.0
12.8086547852	32.8286056519	0.0
12.815404892	32.7993774414	0.0
12.8221549988	32.7701454163	0.0
12.8289051056	32.7409133911	0.0
12.8356552124	32.7116851807	0.0
12.8424053192	32.6824531555	0.0
12.849155426	32.6532211304	0.0
12.8559045792	32.6239929199	0.0
12.8626556396	32.5947608948	0.0
12.8694057465	32.5655326843	0.0
12.8761558533	32.5363006592	0.0
12.8829059601	32.507068634	0.0
12.8896560669	32.4778366089	0.0
12.8964061737	32.4486083984	0.0
12.9031562805	32.4193763733	0.0
12.9099063873	32.3901443481	0.0
12.9166555405	32.3609161377	0.0
12.9234056473	32.3316841125	0.0
12.9301557541	32.3024559021	0.0
12.9369058609	32.273223877	0.0
12.9436559677	32.2439918518	0.0
12.9504060745	32.2147636414	0.0
12.957157135	32.1855316162	0.0
12.9639072418	32.1562995911	0.0
12.9706573486	32.1270675659	0.0
12.9774074554	32.0978393555	0.0
12.9841566086	32.0686073303	0.0
12.9909067154	32.0393753052	0.0
12.9976568222	32.0101470947	0.0
12.3950252533	33.9259643555	0.0
12.4249925613	33.9273452759	0.0
12.4549608231	33.9287261963	0.0
12.4849290848	33.9301109314	0.0
12.5148973465	33.9314918518	0.0
12.5448646545	33.9328765869	0.0
12.5748329163	33.9342575073	0.0
12.6048021317	33.9356384277	0.0
12.6347703934	33.9370231628	0.0
12.6647377014	33.9384040833	0.0
12.6947059631	33.9397888184	0.0
12.7246742249	33.9411697388	0.0
12.7546415329	33.9425544739	0.0
12.7846097946	33.9439353943	0.0
12.8145780563	33.9453163147	0.0
12.8445472717	33.9467010498	0.0
12.8745145798	33.9480819702	0.0
12.9044828415	33.9494667053	0.0
12.9344511032	33.9508476257	0.0
12.9644193649	33.9522285461	0.0
12.994386673	33.9536132812	0.0
13.0243549347	33.9549942017	0.0
13.0543241501	33.9563751221	0.0
13.0842924118	33.9577598572	0.0
13.1142597198	33.9591407776	0.0
13.1442279816	33.9605255127	0.0
13.1741962433	33.9619064331	0.0
13.2041635513	33.9632873535	0.0
13.234131813	33.9646720886	0.0
13.2641000748	33.966053009	0.0
13.2940692902	33.9674377441	0.0
13.3240365982	33.9688186646	0.0
13.3540048599	33.970199585	0.0
13.3839731216	33.9715843201	0.0
13.4139413834	33.9729652405	0.0
13.4439086914	33.9743461609	0.0
13.4738769531	33.975730896	0.0
13.5038461685	33.9771118164	0.0
13.5338144302	33.9784965515	0.0
13.5637817383	33.9798774719	0.0
13.59375	33.9812583923	0.0
13.6237182617	33.9826431274	0.0
13.6536855698	33.9840240479	0.0
13.6836538315	33.985408783	0.0
13.7136220932	33.9867897034	0.0
13.7435913086	33.9881706238	0.0
13.7735586166	33.9895553589	0.0
13.8035268784	33.9909362793	0.0
13.8334951401	33.9923171997	0.0
13.8634634018	33.9937019348	0.0
13.8934307098	33.9950828552	0.0
13.9233989716	33.9964675903	0.0
13.953368187	33.9978485107	0.0
13.9833364487	33.9992294312	0.0
11.133310318	34.0079269409	0.0
11.1033630371	34.0061454773	0.0
11.0734157562	34.0043678284	0.0
11.043469429	34.0025863647	0.0
11.0135221481	34.0008049011	0.0
10.3639850616	33.4978942871	0.0
10.3939409256	33.4995117188	0.0
10.4238977432	33.5011291504	0.0
10.4538536072	33.502746582	0.0
10.4838104248	33.5043640137	0.0
10.5137672424	33.5059814453	0.0
10.5437231064	33.507598877	0.0
10.5736789703	33.5092124939	0.0
10.603635788	33.5108299255	0.0
10.6335916519	33.5124473572	0.0
10.6635494232	33.5140647888	0.0
10.6935052872	33.5156822205	0.0
10.7234611511	33.5172996521	0.0
10.7534179688	33.5189170837	0.0
10.7833738327	33.5205345154	0.0
10.8133306503	33.5221481323	0.0
10.843287468	33.523765564	0.0
10.8732433319	33.5253829956	0.0
10.9032001495	33.5270004272	0.0
10.9331560135	33.5286178589	0.0
10.9631128311	33.5302352905	0.0
10.9930686951	33.5318527222	0.0
11.023024559	33.5334701538	0.0
11.0529823303	33.5350875854	0.0
11.0829381943	33.5367050171	0.0
11.1128940582	33.5383224487	0.0
11.1428508759	33.5399398804	0.0
11.1728067398	33.5415534973	0.0
11.2027635574	33.543170929	0.0
11.2327203751	33.5447883606	0.0
11.262676239	33.5464057922	0.0
11.2926330566	33.5480232239	0.0
11.3254985809	33.564704895	0.0
11.3507051468	33.5809707642	0.0
11.3759117126	33.597240448	0.0
11.4011182785	33.6135063171	0.0
11.4263248444	33.6297721863	0.0
11.4515323639	33.6460418701	0.0
11.4767379761	33.6623077393	0.0
11.5019445419	33.6785736084	0.0
11.5271511078	33.6948432922	0.0
11.5523576736	33.7111091614	0.0
11.5775651932	33.7273788452	0.0
11.6027708054	33.7436447144	0.0
11.6279783249	33.7599105835	0.0
11.6531848907	33.7761802673	0.0
11.6783914566	33.7924461365	0.0
11.7035980225	33.8087158203	0.0
11.7288036346	33.8249816895	0.0
11.7540111542	33.8412475586	0.0
11.77921772	33.8575172424	0.0
11.8044242859	33.8737831116	0.0
11.8296308517	33.8900527954	0.0
11.8548383713	33.9063186646	0.0
11.8800439835	33.9225845337	0.0
11.9052505493	33.9388542175	0.0
11.9304571152	33.9551200867	0.0
11.955663681	33.9713859558	0.0
11.9808712006	33.9876556396	0.0
11.3239030838	33.5299301147	0.0
11.3475151062	33.5114212036	0.0
11.3711261749	33.4929161072	0.0
11.3947381973	33.474407196	0.0
11.4183492661	33.4559020996	0.0
11.4419603348	33.4373970032	0.0
11.4655723572	33.418888092	0.0
11.4891834259	33.4003829956	0.0
11.5127954483	33.3818740845	0.0
11.5364055634	33.363368988	0.0
11.5600166321	33.3448638916	0.0
11.5836286545	33.3263549805	0.0
11.6072397232	33.307849884	0.0
11.6308517456	33.2893409729	0.0
11.6544628143	33.2708358765	0.0
11.6780738831	33.2523269653	0.0
11.7016859055	33.2338218689	0.0
11.7252969742	33.2153129578	0.0
11.7489089966	33.1968078613	0.0
11.7725200653	33.1783027649	0.0
11.796131134	33.1597938538	0.0
11.8197431564	33.1412887573	0.0
11.8433542252	33.1227798462	0.0
11.8669662476	33.1042747498	0.0
11.8905773163	33.0857658386	0.0
11.914188385	33.0672607422	0.0
11.9378004074	33.0487518311	0.0
11.9614114761	33.0302467346	0.0
11.9850225449	33.0117378235	0.0
9.89044857025	32.5139579773	0.0
9.91959571838	32.5068588257	0.0
9.94874382019	32.4997558594	0.0
9.97789096832	32.4926528931	0.0
10.0070390701	32.4855537415	0.0
10.0361862183	32.4784507751	0.0
10.0653333664	32.4713516235	0.0
10.0944814682	32.4642486572	0.0
10.1236276627	32.4571495056	0.0
10.1527757645	32.4500465393	0.0
10.1819229126	32.442943573	0.0
10.2110700607	32.4358444214	0.0
10.2402181625	32.4287414551	0.0
10.2693653107	32.4216423035	0.0
10.2985134125	32.4145393372	0.0
10.3276596069	32.4074401855	0.0
10.3568067551	32.4003372192	0.0
10.3859548569	32.3932342529	0.0
10.415102005	32.3861351013	0.0
10.4442501068	32.379032135	0.0
10.4733972549	32.3719329834	0.0
10.5025453568	32.3648300171	0.0
10.5316915512	32.3577308655	0.0
10.5608386993	32.3506278992	0.0
10.5899868011	32.3435287476	0.0
10.6191339493	32.3364257812	0.0
10.6482820511	32.3293228149	0.0
10.6774291992	32.3222236633	0.0
10.7065763474	32.315120697	0.0
10.7357244492	32.3080215454	0.0
10.7648706436	32.3009185791	0.0
10.7940187454	32.2938194275	0.0
10.8231658936	32.2867164612	0.0
10.8523130417	32.2796134949	0.0
10.8814611435	32.2725143433	0.0
10.9106082916	32.265411377	0.0
10.9397563934	32.2583122253	0.0
10.9689025879	32.251209259	0.0
10.9980506897	32.2441101074	0.0
11.0271978378	32.2370071411	0.0
11.056344986	32.2299041748	0.0
11.0854930878	32.2228050232	0.0
11.1146402359	32.2157058716	0.0
11.1437883377	32.2086029053	0.0
11.1729345322	32.201499939	0.0
11.2020816803	32.1944007874	0.0
11.2312297821	32.187297821	0.0
11.2603769302	32.1801986694	0.0
11.289525032	32.1730957031	0.0
11.3186721802	32.1659965515	0.0
11.3478193283	32.1588935852	0.0
11.3769674301	32.1517906189	0.0
11.4061136246	32.1446914673	0.0
11.4352617264	32.137588501	0.0
11.4644088745	32.1304893494	0.0
11.4935569763	32.1233863831	0.0
11.5227041245	32.1162872314	0.0
11.5518512726	32.1091842651	0.0
11.5809993744	32.1020812988	0.0
11.6101455688	32.0949821472	0.0
11.6392936707	32.0878791809	0.0
11.6684408188	32.0807800293	0.0
11.6975879669	32.073677063	0.0
11.7267360687	32.0665740967	0.0
11.7558832169	32.0594749451	0.0
11.7850313187	32.0523757935	0.0
11.8141784668	32.0452728271	0.0
11.8433246613	32.0381698608	0.0
11.8724727631	32.0310707092	0.0
11.9016199112	32.0239677429	0.0
11.930768013	32.0168685913	0.0
11.9599151611	32.009765625	0.0
11.9890632629	32.0026664734	0.0
8.79337406158	30.6648387909	0.0
8.78755474091	30.6942691803	0.0
8.78173732758	30.7236995697	0.0
8.7759180069	30.7531280518	0.0
8.77009963989	30.7825603485	0.0
8.76428222656	30.8119907379	0.0
8.75846290588	30.8414211273	0.0
8.75264453888	30.8708515167	0.0
8.74682617188	30.9002819061	0.0
8.74100780487	30.9297122955	0.0
8.73519039154	30.9591426849	0.0
8.72937107086	30.988571167	0.0
8.72355270386	31.0180034637	0.0
8.71773529053	31.0474338531	0.0
8.71191596985	31.0768623352	0.0
8.70609760284	31.106294632	0.0
8.70027923584	31.135723114	0.0
8.69446086884	31.1651554108	0.0
8.68864345551	31.1945858002	0.0
8.68282413483	31.2240142822	0.0
8.67700576782	31.253446579	0.0
8.67118740082	31.282875061	0.0
8.66536903381	31.3123054504	0.0
8.67515087128	31.3581161499	0.0
8.68869686127	31.384885788	0.0
8.70224380493	31.4116516113	0.0
8.7157907486	31.438419342	0.0
8.74437522888	31.4391517639	0.0
8.75946712494	31.413225174	0.0
8.774559021	31.387298584	0.0
8.78965091705	31.3613700867	0.0
8.80474281311	31.3354434967	0.0
8.81983470917	31.3095149994	0.0
8.83492660522	31.2835884094	0.0
8.85001945496	31.2576599121	0.0
8.86511135101	31.2317333221	0.0
8.88020324707	31.2058067322	0.0
8.89529514313	31.1798782349	0.0
8.91038703918	31.1539516449	0.0
8.92547893524	31.1280231476	0.0
8.9405708313	31.1020965576	0.0
8.95566272736	31.0761680603	0.0
8.97075462341	31.0502414703	0.0
8.98584747314	31.0243148804	0.0
8.74283027649	31.4918460846	0.0
8.75637722015	31.5186157227	0.0
8.76992321014	31.545381546	0.0
8.78347015381	31.5721492767	0.0
8.7970161438	31.5989151001	0.0
8.81056308746	31.6256847382	0.0
8.82411003113	31.6524505615	0.0
8.83765602112	31.6792182922	0.0
8.85120296478	31.7059860229	0.0
8.86474895477	31.7327537537	0.0
8.87829589844	31.759519577	0.0
8.8918428421	31.7862873077	0.0
8.90538883209	31.8130550385	0.0
8.91893577576	31.8398227692	0.0
8.93248271942	31.8665904999	0.0
8.94602870941	31.8933563232	0.0
8.95957565308	31.920124054	0.0
8.97312164307	31.9468917847	0.0
8.98666858673	31.9736595154	0.0
8.64615345001	31.3570652008	0.0
8.63070201874	31.3827800751	0.0
8.61524963379	31.4084949493	0.0
8.59979915619	31.4342098236	0.0
8.58434772491	31.4599246979	0.0
8.56889724731	31.4856395721	0.0
8.55344486237	31.5113544464	0.0
8.53799438477	31.5370693207	0.0
8.52254295349	31.5627841949	0.0
8.50709056854	31.5884990692	0.0
8.49164009094	31.6142139435	0.0
8.47618865967	31.6399288177	0.0
8.46073818207	31.665643692	0.0
8.44528579712	31.6913585663	0.0
8.42983531952	31.7170734406	0.0
8.41438388824	31.7427883148	0.0
8.39893341064	31.7685031891	0.0
8.3834810257	31.7942180634	0.0
8.36802959442	31.819934845	0.0
8.35257911682	31.8456497192	0.0
8.33712768555	31.8713645935	0.0
8.32167625427	31.8970794678	0.0
8.306224823	31.922794342	0.0
8.2907743454	31.9485092163	0.0
8.27532291412	31.9742240906	0.0
8.25987052917	31.9999389648	0.0
8.24442005157	32.0256538391	0.0
8.2289686203	32.0513687134	0.0
8.2135181427	32.0770835876	0.0
8.19806575775	32.1027984619	0.0
8.18261528015	32.1285133362	0.0
8.14915466309	32.1267242432	0.0
8.1262922287	32.1073036194	0.0
8.10342979431	32.0878753662	0.0
8.0805683136	32.0684547424	0.0
8.05770492554	32.0490264893	0.0
8.03484344482	32.0296058655	0.0
8.01198101044	32.0101776123	0.0
8.16609191895	32.1755599976	0.0
8.16016769409	32.2049674988	0.0
8.15424346924	32.2343788147	0.0
8.14831829071	32.2637863159	0.0
8.14239311218	32.2931976318	0.0
8.13646793365	32.3226051331	0.0
8.1305437088	32.352016449	0.0
8.12461853027	32.3814239502	0.0
8.11869430542	32.4108314514	0.0
8.11276912689	32.4402427673	0.0
8.10684394836	32.4696502686	0.0
8.10091972351	32.4990615845	0.0
8.09499454498	32.5284690857	0.0
8.08907032013	32.5578804016	0.0
8.0831451416	32.5872879028	0.0
8.07722091675	32.6166954041	0.0
8.07129573822	32.64610672	0.0
8.06537055969	32.6755142212	0.0
8.05944633484	32.7049255371	0.0
8.05352115631	32.7343330383	0.0
8.04759693146	32.7637443542	0.0
8.04167175293	32.7931518555	0.0
8.0357465744	32.8225593567	0.0
8.02982234955	32.8519706726	0.0
8.02389717102	32.8813781738	0.0
8.01797294617	32.9107894897	0.0
8.01204776764	32.940196991	0.0
8.00612258911	32.9696083069	0.0
8.00019836426	32.9990158081	0.0
7.66835021973	29.196138382	0.0
7.64950084686	29.2194766998	0.0
7.63065099716	29.242816925	0.0
7.61180210114	29.2661552429	0.0
7.5929517746	29.2894935608	0.0
7.57410287857	29.3128318787	0.0
7.55525302887	29.3361701965	0.0
7.53640413284	29.3595104218	0.0
7.5175538063	29.3828487396	0.0
7.49870491028	29.4061870575	0.0
7.47985506058	29.4295253754	0.0
7.46100616455	29.4528656006	0.0
7.44215583801	29.4762039185	0.0
7.42330694199	29.4995422363	0.0
7.40445709229	29.5228805542	0.0
7.38560819626	29.5462207794	0.0
7.36675786972	29.5695571899	0.0
7.34790897369	29.5928974152	0.0
7.32905912399	29.616235733	0.0
7.31021022797	29.6395740509	0.0
7.29135990143	29.6629123688	0.0
7.2725110054	29.686252594	0.0
7.2536611557	29.7095909119	0.0
7.23481178284	29.7329292297	0.0
7.21519088745	29.7572231293	0.0
7.19634199142	29.7805614471	0.0
7.17749214172	29.803899765	0.0
7.15864276886	29.8272380829	0.0
7.13979291916	29.8505783081	0.0
7.12094402313	29.873916626	0.0
7.10209417343	29.8972549438	0.0
7.08324480057	29.9205932617	0.0
7.06439495087	29.9439334869	0.0
7.04554605484	29.9672718048	0.0
7.02669620514	29.9906101227	0.0
7.00784683228	30.0139484406	0.0
6.98899698257	30.0372867584	0.0
6.97014808655	30.0606250763	0.0
6.95129823685	30.0839653015	0.0
6.93244886398	30.1073036194	0.0
6.91359901428	30.1306419373	0.0
6.89475011826	30.1539802551	0.0
6.87589979172	30.1773204803	0.0
6.85705089569	30.2006587982	0.0
6.83820104599	30.2239971161	0.0
6.81935214996	30.247335434	0.0
6.80050182343	30.2706756592	0.0
6.7816529274	30.2940120697	0.0
6.75873994827	30.3152103424	0.0
6.73659801483	30.3354511261	0.0
6.71445608139	30.3556938171	0.0
6.69231414795	30.3759346008	0.0
6.67017221451	30.3961772919	0.0
6.64802980423	30.4164180756	0.0
6.62588787079	30.4366607666	0.0
6.60374593735	30.4569034576	0.0
6.58160400391	30.4771442413	0.0
6.55946207047	30.4973869324	0.0
6.53732013702	30.5176277161	0.0
6.51517820358	30.5378704071	0.0
6.4930357933	30.5581111908	0.0
6.47089385986	30.5783538818	0.0
6.44875192642	30.5985965729	0.0
6.42660999298	30.6188373566	0.0
6.40932607651	30.5943756104	0.0
6.39231014252	30.5696678162	0.0
6.3752951622	30.5449619293	0.0
6.35827922821	30.5202522278	0.0
6.34126377106	30.4955444336	0.0
6.32424879074	30.4708366394	0.0
6.30723285675	30.4461288452	0.0
6.29021787643	30.421421051	0.0
6.27320194244	30.3967132568	0.0
6.25618696213	30.3720054626	0.0
6.23917198181	30.3472976685	0.0
6.22215604782	30.3225898743	0.0
6.2051410675	30.2978820801	0.0
6.18812608719	30.2731742859	0.0
6.1711101532	30.2484664917	0.0
6.15409517288	30.2237586975	0.0
6.13707876205	30.1990509033	0.0
6.12006378174	30.1743431091	0.0
6.10304880142	30.1496353149	0.0
6.08603286743	30.1249275208	0.0
6.06901788712	30.1002197266	0.0
6.05200195312	30.0755119324	0.0
6.03498697281	30.0508041382	0.0
6.01797199249	30.026096344	0.0
6.0009560585	30.0013885498	0.0
6.40419912338	30.6393260956	0.0
6.38205718994	30.6595687866	0.0
6.35991477966	30.6798095703	0.0
6.33777284622	30.700050354	0.0
6.31563091278	30.720293045	0.0
6.29348897934	30.7405357361	0.0
6.2713470459	30.7607765198	0.0
6.24920511246	30.7810192108	0.0
6.22706317902	30.8012619019	0.0
6.20492076874	30.8215026855	0.0
6.1827788353	30.8417434692	0.0
6.16063690186	30.8619861603	0.0
6.13849496841	30.8822288513	0.0
6.11635303497	30.902469635	0.0
6.09421110153	30.922712326	0.0
6.07206916809	30.9429531097	0.0
6.04462623596	30.9304885864	0.0
6.01745176315	30.9177780151	0.0
5.99027776718	30.9050674438	0.0
5.96310281754	30.8923568726	0.0
5.93592882156	30.8796463013	0.0
5.90875482559	30.86693573	0.0
5.88158082962	30.8542232513	0.0
5.85440683365	30.8415126801	0.0
5.82723283768	30.8288021088	0.0
5.80005788803	30.8160915375	0.0
5.77288389206	30.8033809662	0.0
5.74570989609	30.7906703949	0.0
5.71853590012	30.7779598236	0.0
5.69136190414	30.765247345	0.0
5.66418790817	30.7525367737	0.0
5.6370139122	30.7398262024	0.0
5.58616495132	30.7106876373	0.0
5.5614027977	30.6937503815	0.0
5.53664207458	30.6768112183	0.0
5.51187992096	30.6598758698	0.0
5.48711919785	30.6429386139	0.0
5.46235704422	30.626001358	0.0
5.43759584427	30.6090641022	0.0
5.41283416748	30.5921268463	0.0
5.38807296753	30.5751895905	0.0
5.3633108139	30.5582523346	0.0
5.33855009079	30.5413150787	0.0
5.31378793716	30.5243778229	0.0
5.28902721405	30.507440567	0.0
5.26426506042	30.4905033112	0.0
5.23950386047	30.4735660553	0.0
5.21474218369	30.4566287994	0.0
5.18998098373	30.4396915436	0.0
5.16521883011	30.4227542877	0.0
5.14045810699	30.4058170319	0.0
5.11569595337	30.388879776	0.0
5.09093523026	30.3719425201	0.0
5.06617307663	30.3550052643	0.0
5.02375602722	30.3231830597	0.0
5.00037622452	30.3043842316	0.0
4.97699689865	30.2855854034	0.0
4.95361709595	30.2667865753	0.0
4.93023777008	30.2479877472	0.0
4.90685892105	30.2291889191	0.0
4.88347911835	30.2103900909	0.0
4.86009979248	30.1915912628	0.0
4.83671998978	30.1727924347	0.0
4.81334114075	30.1539936066	0.0
4.78996086121	30.1351947784	0.0
4.76658201218	30.1163959503	0.0
4.74320316315	30.0975952148	0.0
4.71982288361	30.0787963867	0.0
4.69644403458	30.0599975586	0.0
4.67306423187	30.0411987305	0.0
4.64968490601	30.0223999023	0.0
4.6263051033	30.0036010742	0.0
4.60292577744	29.9848022461	0.0
4.57954692841	29.966003418	0.0
4.5561671257	29.9472045898	0.0
4.53278779984	29.9284057617	0.0
4.50940799713	29.9096069336	0.0
4.4860291481	29.8908061981	0.0
4.46264886856	29.87200737	0.0
4.43927001953	29.8532085419	0.0
4.4158911705	29.8344097137	0.0
4.39251089096	29.8156108856	0.0
4.36422204971	29.7759571075	0.0
4.35147380829	29.7488002777	0.0
4.33872699738	29.7216434479	0.0
4.32598018646	29.6944847107	0.0
4.31323289871	29.6673278809	0.0
4.3004860878	29.640171051	0.0
4.28773880005	29.6130142212	0.0
4.27499198914	29.5858573914	0.0
4.26224517822	29.5587005615	0.0
4.2494969368	29.5315437317	0.0
4.23675012589	29.5043849945	0.0
4.22400283813	29.4772281647	0.0
4.21125602722	29.4500713348	0.0
4.19850921631	29.422914505	0.0
4.18576192856	29.3957576752	0.0
4.17301511765	29.3686008453	0.0
4.1602678299	29.3414421082	0.0
4.14752006531	29.3142852783	0.0
4.13477277756	29.2871284485	0.0
4.12202596664	29.2599716187	0.0
4.10927915573	29.2328147888	0.0
4.09653186798	29.2056560516	0.0
4.08378505707	29.1784992218	0.0
4.07103776932	29.151342392	0.0
4.0582909584	29.1241855621	0.0
4.04554319382	29.0970287323	0.0
4.03279590607	29.0698719025	0.0
4.02004909515	29.0427131653	0.0
4.0073018074	29.0155563354	0.0
4.35037708282	29.8170013428	0.0
4.32378578186	29.8308906555	0.0
4.29719400406	29.8447780609	0.0
4.27060222626	29.8586673737	0.0
4.24401092529	29.8725566864	0.0
4.21741914749	29.8864440918	0.0
4.19082784653	29.9003334045	0.0
4.16423606873	29.9142227173	0.0
4.13764476776	29.9281101227	0.0
4.11105298996	29.9419975281	0.0
4.08446121216	29.9558868408	0.0
4.05786991119	29.9697742462	0.0
4.03127813339	29.983663559	0.0
4.00468683243	29.9975528717	0.0
5.04303884506	30.3122634888	0.0
5.03894281387	30.2825450897	0.0
5.03484678268	30.2528266907	0.0
5.03075122833	30.2231063843	0.0
5.02665376663	30.1933879852	0.0
5.02255821228	30.1636695862	0.0
5.01846218109	30.1339492798	0.0
5.0143661499	30.1042308807	0.0
5.01027011871	30.0745124817	0.0
5.00617408752	30.0447921753	0.0
5.00207805634	30.0150737762	0.0
5.58352613449	30.7398395538	0.0
5.55612611771	30.7520561218	0.0
5.52872610092	30.7642726898	0.0
5.50132608414	30.7764873505	0.0
5.47392511368	30.7887058258	0.0
5.44652509689	30.8009204865	0.0
5.41912508011	30.8131370544	0.0
5.39172506332	30.8253536224	0.0
5.36432504654	30.8375682831	0.0
5.33692502975	30.8497848511	0.0
5.30952501297	30.8620014191	0.0
5.28212499619	30.8742160797	0.0
5.25472402573	30.8864326477	0.0
5.22732400894	30.8986492157	0.0
5.19992399216	30.9108657837	0.0
5.17252397537	30.9230823517	0.0
5.14512395859	30.9352989197	0.0
5.1177239418	30.9475135803	0.0
5.09032392502	30.9597301483	0.0
5.06292390823	30.9719467163	0.0
5.03552293777	30.984161377	0.0
5.00812292099	30.9963779449	0.0
6.07137393951	30.973197937	0.0
6.07094812393	31.003194809	0.0
6.07052183151	31.0331916809	0.0
6.07009601593	31.0631885529	0.0
6.06967020035	31.0931854248	0.0
6.06924390793	31.1231822968	0.0
6.06881904602	31.1531791687	0.0
6.06839323044	31.1831760406	0.0
6.06796693802	31.2131729126	0.0
6.06754112244	31.2431697845	0.0
6.06706619263	31.2766056061	0.0
6.06663990021	31.306602478	0.0
6.06621408463	31.33659935	0.0
6.06578779221	31.3665962219	0.0
6.06536197662	31.3965930939	0.0
6.08632612228	31.4197483063	0.0
6.1073141098	31.4411830902	0.0
6.12830209732	31.4626216888	0.0
6.14928913116	31.4840564728	0.0
6.17027711868	31.5054931641	0.0
6.1912651062	31.5269298553	0.0
6.21225309372	31.5483646393	0.0
6.23324108124	31.5698013306	0.0
6.25422906876	31.5912380219	0.0
6.2752161026	31.6126747131	0.0
6.29620409012	31.6341094971	0.0
6.31719207764	31.6555461884	0.0
6.33818006516	31.6769828796	0.0
6.35916805267	31.6984195709	0.0
6.38015604019	31.7198543549	0.0
6.40114307404	31.7412910461	0.0
6.42213106155	31.7627277374	0.0
6.44311904907	31.7841644287	0.0
6.46410703659	31.8055992126	0.0
6.48509502411	31.8270359039	0.0
6.50608301163	31.8484725952	0.0
6.52707004547	31.8699073792	0.0
6.54805803299	31.8913440704	0.0
6.56904602051	31.9127807617	0.0
6.59003400803	31.934217453	0.0
6.61102199554	31.9556522369	0.0
6.63200998306	31.9770889282	0.0
6.65299701691	31.9985256195	0.0
6.67398500443	32.0199623108	0.0
6.69497299194	32.0413970947	0.0
6.70989513397	32.0760803223	0.0
6.71888303757	32.1047058105	0.0
6.72786998749	32.1333274841	0.0
6.73685693741	32.1619491577	0.0
6.74584388733	32.1905708313	0.0
6.75483083725	32.2191925049	0.0
6.76381921768	32.2478141785	0.0
6.7728061676	32.2764358521	0.0
6.78179311752	32.3050613403	0.0
6.79078006744	32.3336830139	0.0
6.79976701736	32.3623046875	0.0
6.80875492096	32.3909263611	0.0
6.81774187088	32.4195480347	0.0
6.8267288208	32.4481697083	0.0
6.83571577072	32.4767913818	0.0
6.84470319748	32.5054168701	0.0
6.85369110107	32.5340385437	0.0
6.86267805099	32.5626602173	0.0
6.87166500092	32.5912818909	0.0
6.88065195084	32.6199035645	0.0
6.88963890076	32.648525238	0.0
6.89862680435	32.6771469116	0.0
6.90761423111	32.7057685852	0.0
6.91660118103	32.7343940735	0.0
6.92558813095	32.7630157471	0.0
6.93457508087	32.7916374207	0.0
6.94356203079	32.8202590942	0.0
6.95254993439	32.8488807678	0.0
6.96153688431	32.8775024414	0.0
6.97052383423	32.906124115	0.0
6.97951078415	32.9347496033	0.0
6.98849821091	32.9633712769	0.0
6.9974861145	32.9919929504	0.0
6.73053693771	32.0427589417	0.0
6.76016712189	32.0380554199	0.0
6.78979587555	32.0333557129	0.0
6.81942510605	32.0286521912	0.0
6.84905481339	32.0239524841	0.0
6.87868404388	32.0192489624	0.0
6.90831279755	32.0145492554	0.0
6.93794298172	32.0098457336	0.0
6.96757221222	32.0051460266	0.0
6.99720096588	32.0004425049	0.0
6.06491184235	31.4283084869	0.0
6.06448602676	31.4583053589	0.0
6.06406021118	31.4883022308	0.0
6.06363391876	31.5182991028	0.0
6.06320810318	31.5482978821	0.0
6.05901288986	31.5797252655	0.0
6.05484104156	31.6094322205	0.0
6.05067014694	31.6391410828	0.0
6.04649782181	31.6688499451	0.0
6.04232692719	31.6985588074	0.0
6.03815507889	31.7282676697	0.0
6.03398418427	31.757976532	0.0
6.02981185913	31.7876834869	0.0
6.02564096451	31.8173923492	0.0
6.02146911621	31.8471012115	0.0
6.01729822159	31.8768100739	0.0
6.01312589645	31.9065189362	0.0
6.00895500183	31.9362277985	0.0
6.00478315353	31.9659366608	0.0
6.00061178207	31.9956436157	0.0
6.05944776535	31.579782486	0.0
6.05571222305	31.6095485687	0.0
6.05197477341	31.6393146515	0.0
6.04823923111	31.6690826416	0.0
6.04450321198	31.6988487244	0.0
6.04076719284	31.7286148071	0.0
6.03703117371	31.7583808899	0.0
6.0332942009	31.7881469727	0.0
6.02955818176	31.8179130554	0.0
6.02582216263	31.8476791382	0.0
6.02208614349	31.8774471283	0.0
6.01835012436	31.9072132111	0.0
6.01461315155	31.9369792938	0.0
6.01087713242	31.9667453766	0.0
6.00714111328	31.9965133667	0.0
6.00340509415	32.0262794495	0.0
5.99966812134	32.0560455322	0.0
5.9959321022	32.085811615	0.0
5.99219608307	32.1155776978	0.0
5.98846006393	32.1453437805	0.0
5.9847240448	32.1751098633	0.0
5.98098707199	32.2048797607	0.0
5.97725105286	32.2346458435	0.0
5.97351503372	32.2644081116	0.0
5.97741508484	32.3203392029	0.0
5.98468208313	32.349445343	0.0
5.99194908142	32.3785514832	0.0
5.99921512604	32.4076576233	0.0
6.00648212433	32.4367637634	0.0
6.01374816895	32.4658699036	0.0
6.02101516724	32.4949798584	0.0
6.02828216553	32.5240821838	0.0
6.03554821014	32.5531921387	0.0
6.04281520844	32.5822982788	0.0
6.06523418427	32.6291847229	0.0
6.0821352005	32.653968811	0.0
6.09903717041	32.6787528992	0.0
6.11593914032	32.703540802	0.0
6.13284015656	32.7283248901	0.0
6.14974212646	32.753112793	0.0
6.1666431427	32.7778968811	0.0
6.18354511261	32.8026847839	0.0
6.20044612885	32.8274688721	0.0
6.21734809875	32.8522567749	0.0
6.23424911499	32.877040863	0.0
6.2511510849	32.9018287659	0.0
6.26805305481	32.926612854	0.0
6.28495407104	32.9513969421	0.0
6.30185604095	32.976184845	0.0
6.31875705719	33.0009689331	0.0
6.3356590271	33.0257568359	0.0
6.35256004333	33.0505409241	0.0
6.36946201324	33.0753288269	0.0
6.38636398315	33.100112915	0.0
6.40326499939	33.1249008179	0.0
6.4201669693	33.149684906	0.0
6.43706798553	33.1744728088	0.0
6.45396995544	33.199256897	0.0
6.47087097168	33.2240409851	0.0
6.48777294159	33.2488288879	0.0
6.50467395782	33.2736129761	0.0
6.52157592773	33.2984008789	0.0
6.53847789764	33.323184967	0.0
6.55537891388	33.3479728699	0.0
6.57228088379	33.372756958	0.0
6.58918190002	33.3975448608	0.0
6.60608386993	33.422328949	0.0
6.62298488617	33.4471168518	0.0
6.63988685608	33.4719009399	0.0
6.65678787231	33.4966888428	0.0
6.67368984222	33.5214729309	0.0
6.69059181213	33.546257019	0.0
6.70749282837	33.5710449219	0.0
6.72439479828	33.59582901	0.0
6.74129581451	33.6206169128	0.0
6.75819778442	33.645401001	0.0
6.77509880066	33.6701889038	0.0
6.79200077057	33.6949729919	0.0
6.80890321732	33.7197608948	0.0
6.82580423355	33.7445449829	0.0
6.84270620346	33.7693328857	0.0
6.8596072197	33.7941169739	0.0
6.87650918961	33.818901062	0.0
6.89341020584	33.8436889648	0.0
6.91031217575	33.868473053	0.0
6.92721319199	33.8932609558	0.0
6.9441151619	33.9180450439	0.0
6.96101713181	33.9428291321	0.0
6.97791814804	33.9676170349	0.0
6.99482011795	33.992401123	0.0
6.05559921265	32.6335029602	0.0
6.06286621094	32.6626091003	0.0
6.07013177872	32.6917152405	0.0
6.07739877701	32.7208213806	0.0
6.0846657753	32.7499313354	0.0
6.09193181992	32.7790374756	0.0
6.09919881821	32.8081436157	0.0
6.10646486282	32.8372497559	0.0
6.11373186111	32.866355896	0.0
6.12099885941	32.8954620361	0.0
6.10138082504	32.9339408875	0.0
6.07624578476	32.9503173828	0.0
6.05111122131	32.9666976929	0.0
6.02597618103	32.9830741882	0.0
6.00084114075	32.9994506836	0.0
6.13040399551	32.9473114014	0.0
6.1342921257	32.9770584106	0.0
6.13817977905	33.0068054199	0.0
6.14206886292	33.0365486145	0.0
6.1459569931	33.0662956238	0.0
6.14984512329	33.0960426331	0.0
6.15373277664	33.1257896423	0.0
6.15762090683	33.1555366516	0.0
6.16150903702	33.1852836609	0.0
6.16539716721	33.2150306702	0.0
6.16928482056	33.2447776794	0.0
6.17317390442	33.2745246887	0.0
6.17706203461	33.304271698	0.0
6.182721138	33.347568512	0.0
6.18660879135	33.3773155212	0.0
6.19049692154	33.4070625305	0.0
6.19438505173	33.4368095398	0.0
6.19827318192	33.4665565491	0.0
6.20216083527	33.4963035583	0.0
6.20604991913	33.5260505676	0.0
6.20993804932	33.5557975769	0.0
6.2138261795	33.5855445862	0.0
6.21771383286	33.6152915955	0.0
6.22160196304	33.6450386047	0.0
6.22549009323	33.674785614	0.0
6.22937822342	33.7045326233	0.0
6.24213981628	33.7459945679	0.0
6.25313091278	33.7739105225	0.0
6.2641210556	33.8018226624	0.0
6.2751121521	33.8297386169	0.0
6.28610181808	33.8576507568	0.0
6.29709291458	33.8855667114	0.0
6.30808401108	33.9134788513	0.0
6.3190741539	33.9413948059	0.0
6.33006477356	33.9693107605	0.0
6.34105587006	33.9972229004	0.0
6.35204601288	34.025138855	0.0
6.36303710938	34.0530509949	0.0
6.37402820587	34.0809669495	0.0
6.38501787186	34.1088790894	0.0
6.39600896835	34.1367950439	0.0
6.40699911118	34.1647071838	0.0
6.41799020767	34.1926231384	0.0
6.42898082733	34.2205352783	0.0
6.43997097015	34.2484512329	0.0
6.45096206665	34.2763671875	0.0
6.46195316315	34.3042793274	0.0
6.47294282913	34.332195282	0.0
6.48393392563	34.3601074219	0.0
6.47496509552	34.4041175842	0.0
6.45855712891	34.429233551	0.0
6.44215011597	34.4543495178	0.0
6.42574214935	34.4794654846	0.0
6.40933418274	34.5045814514	0.0
6.39292621613	34.5296936035	0.0
6.37651777267	34.5548095703	0.0
6.36011123657	34.5799255371	0.0
6.34370279312	34.6050415039	0.0
6.32729482651	34.6301574707	0.0
6.31088685989	34.6552734375	0.0
6.29447889328	34.6803894043	0.0
6.27807188034	34.7055015564	0.0
6.26166391373	34.7306175232	0.0
6.24525594711	34.75573349	0.0
6.2288479805	34.7808494568	0.0
6.21244001389	34.8059654236	0.0
6.19603300095	34.8310813904	0.0
6.18675518036	34.8674125671	0.0
6.18187379837	34.8970108032	0.0
6.17699289322	34.926612854	0.0
6.17211198807	34.9562110901	0.0
6.16723108292	34.9858131409	0.0
6.16235017776	35.015411377	0.0
6.15747022629	35.0450134277	0.0
6.1525888443	35.0746116638	0.0
6.14770793915	35.1042137146	0.0
6.142827034	35.1338157654	0.0
6.13794612885	35.1634140015	0.0
6.13306522369	35.1930160522	0.0
6.12818384171	35.2226142883	0.0
6.12330389023	35.2522163391	0.0
6.11842298508	35.2818145752	0.0
6.11354207993	35.311416626	0.0
6.10866117477	35.3410148621	0.0
6.10377979279	35.3706169128	0.0
6.09889888763	35.4002151489	0.0
6.09401893616	35.4298171997	0.0
6.08913803101	35.4594154358	0.0
6.08425712585	35.4890174866	0.0
6.0793762207	35.5186195374	0.0
6.07449483871	35.5482177734	0.0
6.06961393356	35.5778198242	0.0
6.06473302841	35.6074180603	0.0
6.05985307693	35.6370201111	0.0
6.05497217178	35.6666183472	0.0
6.05009078979	35.6962203979	0.0
6.04520988464	35.725818634	0.0
6.04032897949	35.7554206848	0.0
6.03544807434	35.7850189209	0.0
6.03056812286	35.8146209717	0.0
6.02568721771	35.8442192078	0.0
6.02080583572	35.8738212585	0.0
6.01592493057	35.9034233093	0.0
6.01104402542	35.9330215454	0.0
6.00616312027	35.9626235962	0.0
6.00128221512	35.9922218323	0.0
6.16873598099	34.8571929932	0.0
6.14583683014	34.8765716553	0.0
6.12293720245	34.8959541321	0.0
6.10003805161	34.9153327942	0.0
6.07713794708	34.934715271	0.0
6.05423879623	34.9540977478	0.0
6.03133916855	34.9734764099	0.0
6.0084400177	34.9928588867	0.0
6.51038217545	34.4022102356	0.0
6.52939081192	34.4254226685	0.0
6.54840087891	34.4486274719	0.0
6.56740999222	34.4718399048	0.0
6.58641910553	34.4950485229	0.0
6.60542821884	34.5182571411	0.0
6.62443685532	34.5414657593	0.0
6.6434469223	34.5646743774	0.0
6.66245603561	34.5878829956	0.0
6.68146514893	34.6110916138	0.0
6.7004737854	34.6343002319	0.0
6.71948289871	34.6575088501	0.0
6.73849201202	34.6807174683	0.0
6.75750207901	34.7039260864	0.0
6.77651119232	34.7271347046	0.0
6.7955198288	34.7503433228	0.0
6.81452894211	34.7735519409	0.0
6.83353805542	34.7967605591	0.0
6.85254812241	34.8199691772	0.0
6.87155723572	34.8431816101	0.0
6.89056587219	34.8663902283	0.0
6.9095749855	34.8895988464	0.0
6.92858409882	34.9128074646	0.0
6.9475941658	34.9360160828	0.0
6.96660280228	34.9592247009	0.0
6.98561191559	34.9824333191	0.0
6.21212816238	33.7412796021	0.0
6.19310712814	33.7644805908	0.0
6.1740860939	33.7876777649	0.0
6.15506505966	33.8108787537	0.0
6.13604307175	33.8340759277	0.0
6.11702203751	33.8572731018	0.0
6.09800100327	33.8804740906	0.0
6.07897996902	33.9036712646	0.0
6.05995893478	33.9268722534	0.0
6.04093790054	33.9500694275	0.0
6.02191591263	33.9732704163	0.0
6.00289487839	33.9964675903	0.0
6.15606021881	33.3373527527	0.0
6.13328695297	33.356880188	0.0
6.11051416397	33.376411438	0.0
6.08774185181	33.3959388733	0.0
6.06496906281	33.4154701233	0.0
6.04219579697	33.4349975586	0.0
6.01942300797	33.4545288086	0.0
5.99665117264	33.4740562439	0.0
5.9738779068	33.4935874939	0.0
5.9511051178	33.5131187439	0.0
5.92833185196	33.5326461792	0.0
5.90556001663	33.5521774292	0.0
5.88278722763	33.5717048645	0.0
5.86001396179	33.5912361145	0.0
5.83724117279	33.6107635498	0.0
5.81446790695	33.6302947998	0.0
5.79169607162	33.6498222351	0.0
5.76892280579	33.6693534851	0.0
5.74615001678	33.6888809204	0.0
5.72337722778	33.7084121704	0.0
5.70060491562	33.7279396057	0.0
5.67783212662	33.7474708557	0.0
5.65505886078	33.766998291	0.0
5.63228607178	33.786529541	0.0
5.60951423645	33.806060791	0.0
5.58674097061	33.8255882263	0.0
5.56396818161	33.8451194763	0.0
5.54119491577	33.8646469116	0.0
5.51842308044	33.8841781616	0.0
5.49564981461	33.9037055969	0.0
5.4728770256	33.9232368469	0.0
5.4501042366	33.9427642822	0.0
5.42733192444	33.9622955322	0.0
5.40455913544	33.9818267822	0.0
5.3817858696	34.0013542175	0.0
5.3590130806	34.0208854675	0.0
5.33624076843	34.0404129028	0.0
5.28873586655	34.0506286621	0.0
5.25918722153	34.0454483032	0.0
5.229637146	34.0402679443	0.0
5.20008802414	34.0350875854	0.0
5.17053890228	34.0299034119	0.0
5.14098978043	34.024723053	0.0
5.11144113541	34.0195426941	0.0
5.08189201355	34.0143585205	0.0
5.05234193802	34.0091781616	0.0
5.02279281616	34.0039978027	0.0
5.30870199203	34.0842399597	0.0
5.29911899567	34.1126670837	0.0
5.28953504562	34.1410942078	0.0
5.27995204926	34.1695251465	0.0
5.27036905289	34.1979522705	0.0
5.26078605652	34.2263793945	0.0
5.25120306015	34.2548103333	0.0
5.24162006378	34.2832374573	0.0
5.23203706741	34.3116645813	0.0
5.22245407104	34.34009552	0.0
5.212870121	34.368522644	0.0
5.20328712463	34.3969497681	0.0
5.19370412827	34.4253807068	0.0
5.1841211319	34.4538078308	0.0
5.17453813553	34.4822349548	0.0
5.16495513916	34.5106620789	0.0
5.15537214279	34.5390930176	0.0
5.14578914642	34.5675201416	0.0
5.13620519638	34.5959472656	0.0
5.12662220001	34.6243743896	0.0
5.11703920364	34.6528053284	0.0
5.10745620728	34.6812324524	0.0
5.09787321091	34.7096595764	0.0
5.08829021454	34.7380905151	0.0
5.07870721817	34.7665176392	0.0
5.0691242218	34.7949447632	0.0
5.05954122543	34.8233757019	0.0
5.04995679855	34.8518028259	0.0
5.04037380219	34.88022995	0.0
5.03079080582	34.908657074	0.0
5.02120780945	34.9370880127	0.0
5.01162481308	34.9655151367	0.0
5.00204181671	34.9939422607	0.0
5.94592523575	32.3089294434	0.0
5.92170095444	32.326625824	0.0
5.89747714996	32.3443222046	0.0
5.87325286865	32.3620223999	0.0
5.84902906418	32.3797187805	0.0
5.82480478287	32.3974151611	0.0
5.80058097839	32.4151115417	0.0
5.77635717392	32.4328117371	0.0
5.75213289261	32.4505081177	0.0
5.72790908813	32.4682044983	0.0
5.70368480682	32.4859046936	0.0
5.67946100235	32.5036010742	0.0
5.65523719788	32.5212974548	0.0
5.63101291656	32.5389976501	0.0
5.60678911209	32.5566940308	0.0
5.58256483078	32.5743904114	0.0
5.55834197998	32.592086792	0.0
5.53411817551	32.6097869873	0.0
5.5098938942	32.6274833679	0.0
5.48567008972	32.6451797485	0.0
5.46144580841	32.6628761292	0.0
5.43722200394	32.6805763245	0.0
5.41299819946	32.6982727051	0.0
5.38877391815	32.7159690857	0.0
5.36455011368	32.733669281	0.0
5.34032583237	32.7513656616	0.0
5.31610202789	32.7690620422	0.0
5.29187822342	32.7867584229	0.0
5.26765394211	32.8044586182	0.0
5.24343013763	32.8221549988	0.0
5.21920585632	32.8398513794	0.0
5.19498205185	32.8575515747	0.0
5.17075777054	32.8752479553	0.0
5.14653491974	32.8929443359	0.0
5.12231111526	32.9106445312	0.0
5.09808683395	32.9283409119	0.0
5.07386302948	32.9460372925	0.0
5.04963922501	32.9637336731	0.0
5.0254149437	32.9814338684	0.0
5.00119113922	32.999130249	0.0
6.03771495819	31.2502574921	0.0
6.00793790817	31.25390625	0.0
5.97815990448	31.2575569153	0.0
5.94838285446	31.2612056732	0.0
5.91860580444	31.2648544312	0.0
5.88882923126	31.2685050964	0.0
5.85905218124	31.2721538544	0.0
5.82927417755	31.2758045197	0.0
5.79949712753	31.2794532776	0.0
5.76972007751	31.2831039429	0.0
5.7399430275	31.2867527008	0.0
5.71016597748	31.2904014587	0.0
5.68038797379	31.2940502167	0.0
5.65061092377	31.297700882	0.0
5.62083387375	31.3013496399	0.0
5.59105682373	31.3050003052	0.0
5.56127977371	31.3086490631	0.0
5.53150320053	31.3122997284	0.0
5.50172519684	31.3159484863	0.0
5.47194814682	31.3195972443	0.0
5.4421710968	31.3232479095	0.0
5.41239404678	31.3268966675	0.0
5.37611722946	31.3313426971	0.0
5.34634017944	31.3349914551	0.0
5.31656312943	31.3386421204	0.0
5.28678607941	31.3422908783	0.0
5.25700902939	31.3459415436	0.0
5.2272310257	31.3495903015	0.0
5.19745397568	31.3532390594	0.0
5.16767692566	31.3568897247	0.0
5.13789987564	31.3605384827	0.0
5.10812282562	31.3641872406	0.0
5.07834482193	31.3678379059	0.0
5.04856777191	31.3714866638	0.0
5.01879119873	31.3751373291	0.0
4.98901414871	31.378786087	0.0
4.95923709869	31.3824367523	0.0
4.92946004868	31.3860855103	0.0
4.89968204498	31.3897342682	0.0
4.86990499496	31.3933849335	0.0
4.84012794495	31.3970336914	0.0
4.81035089493	31.4006824493	0.0
4.78057384491	31.4043331146	0.0
4.75079584122	31.4079818726	0.0
4.72080612183	31.427438736	0.0
4.69731521606	31.4460983276	0.0
4.67382478714	31.4647579193	0.0
4.65033388138	31.483417511	0.0
4.62684297562	31.5020771027	0.0
4.60335206985	31.5207366943	0.0
4.57986116409	31.539396286	0.0
4.55636978149	31.5580558777	0.0
4.53287982941	31.5767154694	0.0
4.50938892365	31.595375061	0.0
4.48589801788	31.6140346527	0.0
4.46240711212	31.6326942444	0.0
4.43891620636	31.6513538361	0.0
4.41542482376	31.6700134277	0.0
4.391933918	31.6886730194	0.0
4.36844396591	31.7073326111	0.0
4.34495306015	31.7259922028	0.0
4.32146215439	31.7446517944	0.0
4.29797077179	31.7633113861	0.0
4.27447986603	31.7819709778	0.0
4.25098896027	31.8006305695	0.0
4.22749900818	31.8192901611	0.0
4.20400810242	31.8379497528	0.0
4.18051719666	31.8566093445	0.0
4.15702581406	31.8752689362	0.0
4.13353490829	31.8939285278	0.0
4.11004400253	31.9125881195	0.0
4.08655405045	31.9312477112	0.0
4.06306314468	31.9499073029	0.0
4.03957176208	31.9685668945	0.0
4.01608085632	31.9872264862	0.0
4.7180018425	31.3943367004	0.0
4.69170713425	31.3798942566	0.0
4.64357185364	31.3534584045	0.0
4.61727714539	31.339017868	0.0
4.5909819603	31.3245754242	0.0
4.56468677521	31.3101348877	0.0
4.53839111328	31.2956924438	0.0
4.51209592819	31.2812519073	0.0
4.48580121994	31.2668094635	0.0
4.45950603485	31.2523670197	0.0
4.43321084976	31.2379264832	0.0
4.40691518784	31.2234840393	0.0
4.38062000275	31.2090415955	0.0
4.35432481766	31.194601059	0.0
4.32803010941	31.1801586151	0.0
4.30173492432	31.1657161713	0.0
4.27544021606	31.1512756348	0.0
4.2491440773	31.1368331909	0.0
4.22284889221	31.1223926544	0.0
4.19655418396	31.1079502106	0.0
4.17025899887	31.0935096741	0.0
4.14396381378	31.0790672302	0.0
4.11766815186	31.0646247864	0.0
4.09137296677	31.0501823425	0.0
4.06507778168	31.035741806	0.0
4.03878307343	31.0212993622	0.0
4.01248788834	31.0068588257	0.0
4.69878196716	31.3599033356	0.0
4.72769594193	31.3519058228	0.0
4.75661087036	31.3439083099	0.0
4.78552484512	31.3359107971	0.0
4.81443881989	31.3279132843	0.0
4.84335422516	31.3199157715	0.0
4.87226819992	31.3119182587	0.0
4.90118217468	31.3039226532	0.0
4.93009710312	31.295923233	0.0
4.95901107788	31.2879276276	0.0
4.98792600632	31.2799282074	0.0
5.01683998108	31.2719326019	0.0
5.04575395584	31.2639350891	0.0
5.07466888428	31.2559375763	0.0
5.10358285904	31.2479400635	0.0
5.1324968338	31.2399425507	0.0
5.16141176224	31.2319450378	0.0
5.19032621384	31.223947525	0.0
5.21924114227	31.2159500122	0.0
5.24815511703	31.2079524994	0.0
5.2770690918	31.1999549866	0.0
5.30598402023	31.1919574738	0.0
5.334897995	31.1839599609	0.0
5.36381196976	31.1759624481	0.0
5.39272689819	31.1679668427	0.0
5.42164087296	31.1599674225	0.0
5.45055580139	31.151971817	0.0
5.47946977615	31.1439723969	0.0
5.50838422775	31.1359767914	0.0
5.53729915619	31.1279773712	0.0
5.56621313095	31.1199817657	0.0
5.59512805939	31.1119842529	0.0
5.62404203415	31.1039867401	0.0
5.65295600891	31.0959892273	0.0
5.68187093735	31.0879917145	0.0
5.71078491211	31.0799942017	0.0
5.73969888687	31.0719966888	0.0
5.76861381531	31.063999176	0.0
5.79752779007	31.0560016632	0.0
5.82644319534	31.0480041504	0.0
5.8553571701	31.0400066376	0.0
5.88427114487	31.0320091248	0.0
5.9131860733	31.0240116119	0.0
5.94210004807	31.0160140991	0.0
5.97101402283	31.0080165863	0.0
5.99992895126	31.0000190735	0.0
5.39038896561	31.3533763885	0.0
5.37488412857	31.3790588379	0.0
5.3593788147	31.4047412872	0.0
5.34387302399	31.4304237366	0.0
5.32836818695	31.4561042786	0.0
5.31286287308	31.4817886353	0.0
5.29735708237	31.5074691772	0.0
5.28185176849	31.5331516266	0.0
5.26634693146	31.5588340759	0.0
5.25084114075	31.5845165253	0.0
5.23533582687	31.610200882	0.0
5.21983098984	31.635881424	0.0
5.20432519913	31.6615638733	0.0
5.18881988525	31.6872463226	0.0
5.17331504822	31.712928772	0.0
5.15780878067	31.7386112213	0.0
5.14230394363	31.7642936707	0.0
5.1267991066	31.78997612	0.0
5.11129283905	31.8156585693	0.0
5.09578800201	31.8413410187	0.0
5.08028316498	31.867023468	0.0
5.06477689743	31.8927059174	0.0
5.04927206039	31.9183883667	0.0
5.03376722336	31.944070816	0.0
5.01826095581	31.9697532654	0.0
5.00275611877	31.9954357147	0.0
6.78978586197	30.3236160278	0.0
6.79868888855	30.3522644043	0.0
6.8075928688	30.3809127808	0.0
6.81649684906	30.4095611572	0.0
6.82539987564	30.4382095337	0.0
6.8343038559	30.4668579102	0.0
6.84320783615	30.4955062866	0.0
6.85211086273	30.5241546631	0.0
6.86101484299	30.5528030396	0.0
6.86991786957	30.581451416	0.0
6.87882184982	30.6100997925	0.0
6.88772583008	30.6387481689	0.0
6.89662885666	30.6673965454	0.0
6.90553283691	30.6960449219	0.0
6.91443681717	30.724691391	0.0
6.92333984375	30.7533416748	0.0
6.93224382401	30.7819881439	0.0
6.94114780426	30.8106365204	0.0
6.95005083084	30.8392868042	0.0
6.9589548111	30.8679332733	0.0
6.96785879135	30.8965816498	0.0
6.97676181793	30.9252319336	0.0
6.98566579819	30.9538784027	0.0
6.99456977844	30.9825267792	0.0
7.2142291069	29.7564105988	0.0
7.19441699982	29.7789382935	0.0
7.17460489273	29.8014659882	0.0
7.15479278564	29.8239936829	0.0
7.13498020172	29.8465213776	0.0
7.11516809464	29.8690471649	0.0
7.09535598755	29.8915748596	0.0
7.07554388046	29.9141025543	0.0
7.05573177338	29.936630249	0.0
7.03592014313	29.9591579437	0.0
7.01610803604	29.9816856384	0.0
7.7315659523	28.7938709259	0.0
7.70223808289	28.8001842499	0.0
7.67291021347	28.8064994812	0.0
7.64358186722	28.8128147125	0.0
7.6142539978	28.8191299438	0.0
7.58492612839	28.8254432678	0.0
7.55559921265	28.8317584991	0.0
7.52627086639	28.8380718231	0.0
7.49694299698	28.8443870544	0.0
7.46761512756	28.8507003784	0.0
7.43828678131	28.8570156097	0.0
7.4089589119	28.8633308411	0.0
7.37963104248	28.869644165	0.0
7.35030317307	28.8759593964	0.0
7.32097482681	28.8822746277	0.0
7.2916469574	28.8885879517	0.0
7.26231908798	28.894903183	0.0
7.23299121857	28.901216507	0.0
7.20366382599	28.9075317383	0.0
7.17433595657	28.9138450623	0.0
7.11921310425	28.9213733673	0.0
7.0892868042	28.9234752655	0.0
7.05936098099	28.9255771637	0.0
7.02943515778	28.9276809692	0.0
6.99950790405	28.9297828674	0.0
6.96958208084	28.9318847656	0.0
6.93965578079	28.9339885712	0.0
6.90972995758	28.9360904694	0.0
6.87980413437	28.9381923676	0.0
6.84987688065	28.9402942657	0.0
6.81995105743	28.9423961639	0.0
6.79002523422	28.9444999695	0.0
6.76009893417	28.9466018677	0.0
6.73017215729	28.9487037659	0.0
6.70024585724	28.9508075714	0.0
6.67032003403	28.9529094696	0.0
6.64039421082	28.9550113678	0.0
6.61046695709	28.957113266	0.0
6.58054113388	28.9592151642	0.0
6.55061483383	28.9613189697	0.0
6.52068901062	28.9634208679	0.0
6.49076223373	28.9655227661	0.0
6.46083593369	28.9676265717	0.0
6.43091011047	28.9697284698	0.0
6.40098381042	28.971830368	0.0
6.37105703354	28.9739322662	0.0
6.34113121033	28.9760341644	0.0
6.31120491028	28.9781360626	0.0
6.28127908707	28.9802398682	0.0
6.25135183334	28.9823417664	0.0
6.22142601013	28.9844436646	0.0
6.19150018692	28.9865474701	0.0
6.16157388687	28.9886493683	0.0
6.13164710999	28.9907512665	0.0
6.10172080994	28.9928531647	0.0
6.07179498672	28.9949550629	0.0
6.04186916351	28.9970588684	0.0
6.01194190979	28.9991607666	0.0
7.12275695801	28.9335517883	0.0
7.09637403488	28.9478321075	0.0
7.06999111176	28.9621143341	0.0
7.04360818863	28.9763946533	0.0
7.01722478867	28.9906768799	0.0
7.81114292145	28.6217746735	0.0
7.82454490662	28.6486148834	0.0
7.83794689178	28.675453186	0.0
7.85134887695	28.702293396	0.0
7.86474990845	28.729133606	0.0
7.87815189362	28.7559738159	0.0
7.89155387878	28.7828159332	0.0
7.90495586395	28.8096542358	0.0
7.91835784912	28.8364944458	0.0
7.93175983429	28.8633346558	0.0
7.94516181946	28.8901748657	0.0
7.95856380463	28.9170150757	0.0
7.97196483612	28.9438552856	0.0
7.98536682129	28.9706954956	0.0
7.99876880646	28.9975357056	0.0
7.95286083221	27.6390571594	0.0
7.92374610901	27.6462898254	0.0
7.89463090897	27.6535243988	0.0
7.86551618576	27.6607570648	0.0
7.83640098572	27.6679897308	0.0
7.80728578568	27.6752223969	0.0
7.77817106247	27.6824550629	0.0
7.74905586243	27.6896896362	0.0
7.71994113922	27.6969223022	0.0
7.69082593918	27.7041568756	0.0
7.66171121597	27.7113895416	0.0
7.63259601593	27.7186222076	0.0
7.60348176956	27.725856781	0.0
7.57436704636	27.733089447	0.0
7.54525184631	27.740322113	0.0
7.51613712311	27.7475547791	0.0
7.48702192307	27.7547874451	0.0
7.45790719986	27.7620220184	0.0
7.42879199982	27.7692546844	0.0
7.39967679977	27.7764873505	0.0
7.37056207657	27.7837219238	0.0
7.34144687653	27.7909545898	0.0
7.31233215332	27.7981872559	0.0
7.28321695328	27.8054218292	0.0
7.25410223007	27.8126544952	0.0
7.22498703003	27.8198871613	0.0
7.19587182999	27.8271198273	0.0
7.16675710678	27.8343544006	0.0
7.13764190674	27.8415870667	0.0
7.10852718353	27.8488197327	0.0
7.07941198349	27.8560523987	0.0
7.05029678345	27.8632850647	0.0
7.02615785599	27.8965415955	0.0
7.01880407333	27.9256267548	0.0
7.01145076752	27.9547119141	0.0
7.00409698486	27.983795166	0.0
7.00375509262	27.8712730408	0.0
6.97399902344	27.8750896454	0.0
6.94424295425	27.8789043427	0.0
6.9144859314	27.8827209473	0.0
6.88472986221	27.8865375519	0.0
6.85497379303	27.8903522491	0.0
6.82521677017	27.8941688538	0.0
6.79546117783	27.8979854584	0.0
6.76570510864	27.901802063	0.0
6.73594808578	27.9056186676	0.0
6.7061920166	27.9094333649	0.0
6.67643594742	27.9132499695	0.0
6.64667987823	27.9170665741	0.0
6.61692285538	27.9208812714	0.0
6.58716678619	27.924697876	0.0
6.55741119385	27.9285144806	0.0
6.52765417099	27.9323310852	0.0
6.49789810181	27.9361476898	0.0
6.46814203262	27.9399623871	0.0
6.43838500977	27.9437789917	0.0
6.40862894058	27.9475955963	0.0
6.3788728714	27.9514102936	0.0
6.34911680222	27.9552268982	0.0
6.31935977936	27.9590435028	0.0
6.28960418701	27.9628601074	0.0
6.25984811783	27.966676712	0.0
6.23009109497	27.9704914093	0.0
6.20033502579	27.9743080139	0.0
6.1705789566	27.9781246185	0.0
6.14082193375	27.9819393158	0.0
6.11106586456	27.9857559204	0.0
6.08130979538	27.989572525	0.0
6.05155420303	27.9933872223	0.0
6.02179718018	27.9972057343	0.0
8.16039180756	27.169960022	0.0
8.18979454041	27.1640071869	0.0
8.2191991806	27.1580562592	0.0
8.24860191345	27.1521034241	0.0
8.27800559998	27.146150589	0.0
8.30741024017	27.1401996613	0.0
8.33681297302	27.1342468262	0.0
8.36621665955	27.1282958984	0.0
8.39562129974	27.1223430634	0.0
8.42502403259	27.1163902283	0.0
8.45442771912	27.1104393005	0.0
8.48383140564	27.1044864655	0.0
8.51323509216	27.0985355377	0.0
8.54263877869	27.0925827026	0.0
8.57204246521	27.0866298676	0.0
8.60144615173	27.0806789398	0.0
8.63084888458	27.0747261047	0.0
8.66025257111	27.0687732697	0.0
8.6896572113	27.0628223419	0.0
8.71905994415	27.0568695068	0.0
8.74846363068	27.0509185791	0.0
8.7778673172	27.044965744	0.0
8.80727100372	27.0390148163	0.0
8.83667469025	27.0330619812	0.0
8.86607837677	27.0271091461	0.0
8.89548206329	27.021156311	0.0
8.92488574982	27.0152053833	0.0
8.95428943634	27.0092525482	0.0
8.98369312286	27.0033016205	0.0
7.71846389771	25.9733142853	0.0
7.7012629509	25.9978942871	0.0
7.68406295776	26.0224742889	0.0
7.66686201096	26.0470542908	0.0
7.64966201782	26.0716323853	0.0
7.63246202469	26.0962123871	0.0
7.61526107788	26.1207923889	0.0
7.59806108475	26.1453704834	0.0
7.58086013794	26.1699504852	0.0
7.56366014481	26.1945304871	0.0
7.54646015167	26.2191085815	0.0
7.52925920486	26.2436885834	0.0
7.51205921173	26.2682685852	0.0
7.49485778809	26.2928466797	0.0
7.47765779495	26.3174266815	0.0
7.46045780182	26.3420066833	0.0
7.44325685501	26.3665866852	0.0
7.42605686188	26.3911647797	0.0
7.40885591507	26.4157447815	0.0
7.39165592194	26.4403247833	0.0
7.37445497513	26.4649028778	0.0
7.35725498199	26.4894828796	0.0
7.34005498886	26.5140628815	0.0
7.32285404205	26.538640976	0.0
7.30565404892	26.5632209778	0.0
7.28845310211	26.5877990723	0.0
7.27125310898	26.6123790741	0.0
7.25405311584	26.6369590759	0.0
7.23685216904	26.6615371704	0.0
7.2196521759	26.6861171722	0.0
7.2024512291	26.7106971741	0.0
7.18525123596	26.7352752686	0.0
7.16805076599	26.7598552704	0.0
7.15084981918	26.7844352722	0.0
7.13364982605	26.8090133667	0.0
7.11644887924	26.8335933685	0.0
7.09924888611	26.8581733704	0.0
7.08204889297	26.8827533722	0.0
7.06484794617	26.9073314667	0.0
7.04764795303	26.9319114685	0.0
7.03044700623	26.9564914703	0.0
7.01324701309	26.9810695648	0.0
7.51769113541	25.6869449615	0.0
7.48814296722	25.6921291351	0.0
7.45859384537	25.6973133087	0.0
7.42904615402	25.7024974823	0.0
7.39949703217	25.7076835632	0.0
7.36994791031	25.7128677368	0.0
7.34040021896	25.7180519104	0.0
7.31085109711	25.723236084	0.0
7.28130197525	25.7284202576	0.0
7.25175380707	25.7336044312	0.0
7.22220516205	25.7387905121	0.0
7.19265699387	25.7439746857	0.0
7.16310787201	25.7491588593	0.0
7.13750886917	25.7764453888	0.0
7.1217918396	25.8019981384	0.0
7.10607385635	25.8275527954	0.0
7.09035587311	25.853105545	0.0
7.07463788986	25.8786563873	0.0
7.05892086029	25.904209137	0.0
7.04320287704	25.9297637939	0.0
7.0274848938	25.9553165436	0.0
7.01176691055	25.9808692932	0.0
7.14722919464	25.7214984894	0.0
7.14123106003	25.6921043396	0.0
7.13523292542	25.6627101898	0.0
7.12923383713	25.63331604	0.0
7.12323617935	25.6039218903	0.0
7.11723804474	25.5745277405	0.0
7.11123991013	25.5451335907	0.0
7.10524177551	25.5157394409	0.0
7.09924316406	25.4863452911	0.0
7.09324502945	25.456949234	0.0
7.08724689484	25.4275550842	0.0
7.08124923706	25.3981628418	0.0
7.07525110245	25.368768692	0.0
7.06925296783	25.3393726349	0.0
7.06325387955	25.3099784851	0.0
7.05725622177	25.2805843353	0.0
7.05125808716	25.2511901855	0.0
7.04525995255	25.2217960358	0.0
7.03926181793	25.192401886	0.0
7.03326320648	25.1630077362	0.0
7.02726507187	25.1336135864	0.0
7.02126693726	25.1042194366	0.0
7.01526880264	25.0748252869	0.0
7.00927114487	25.0454311371	0.0
7.00327205658	25.0160369873	0.0
6.63480997086	24.3425807953	0.0
6.66450023651	24.3382797241	0.0
6.694190979	24.333978653	0.0
6.72388076782	24.3296775818	0.0
6.75357103348	24.325378418	0.0
6.7832608223	24.3210773468	0.0
6.81295108795	24.3167762756	0.0
6.84264087677	24.3124771118	0.0
6.8723320961	24.3081760406	0.0
6.90202188492	24.3038768768	0.0
6.93171215057	24.2995758057	0.0
6.96140193939	24.2952747345	0.0
6.99109220505	24.2909755707	0.0
7.02078199387	24.2866744995	0.0
7.0504732132	24.2823734283	0.0
7.08016300201	24.2780742645	0.0
7.10985279083	24.2737731934	0.0
7.13954305649	24.2694721222	0.0
7.16923284531	24.2651729584	0.0
7.19892406464	24.2608718872	0.0
7.22861385345	24.2565727234	0.0
7.25830411911	24.2522716522	0.0
7.28799390793	24.2479705811	0.0
7.31768417358	24.2436714172	0.0
7.3473739624	24.2393703461	0.0
7.37706518173	24.2350692749	0.0
7.40675497055	24.2307682037	0.0
7.43644523621	24.2264690399	0.0
7.46613502502	24.2221698761	0.0
7.49582481384	24.2178688049	0.0
7.5255150795	24.2135677338	0.0
7.55520582199	24.2092666626	0.0
7.58489608765	24.2049674988	0.0
7.61458587646	24.2006664276	0.0
7.64427614212	24.1963653564	0.0
7.67396593094	24.1920661926	0.0
7.70365715027	24.1877651215	0.0
7.73334693909	24.1834640503	0.0
7.77883291245	24.162607193	0.0
7.80300283432	24.1448364258	0.0
7.82717323303	24.1270656586	0.0
7.85134410858	24.1092948914	0.0
7.87551403046	24.0915241241	0.0
7.90352296829	24.0755596161	0.0
7.92971515656	24.0609321594	0.0
7.95590591431	24.0463027954	0.0
7.98209810257	24.0316753387	0.0
8.00829029083	24.0170459747	0.0
8.03448200226	24.0024185181	0.0
8.06067276001	23.9877891541	0.0
8.08686542511	23.9731616974	0.0
8.11305713654	23.9585323334	0.0
8.13924789429	23.9439048767	0.0
8.16543960571	23.9292755127	0.0
8.19163227081	23.9146461487	0.0
8.21782398224	23.900018692	0.0
8.24401473999	23.885389328	0.0
8.27020740509	23.8707618713	0.0
8.29639911652	23.8561325073	0.0
8.32259082794	23.8415031433	0.0
8.34878158569	23.8268756866	0.0
8.37497425079	23.8122463226	0.0
8.40116596222	23.797618866	0.0
8.42735767365	23.782989502	0.0
8.45354938507	23.7683620453	0.0
8.4797410965	23.7537326813	0.0
8.50593280792	23.7391052246	0.0
8.53212356567	23.7244758606	0.0
8.55831623077	23.7098484039	0.0
8.5845079422	23.6952190399	0.0
8.61069965363	23.6805915833	0.0
8.63689136505	23.6659622192	0.0
8.66308307648	23.6513347626	0.0
8.69106674194	23.6163902283	0.0
8.70450973511	23.5895709991	0.0
8.7179517746	23.56275177	0.0
8.73139381409	23.5359306335	0.0
8.74483585358	23.5091114044	0.0
8.75827789307	23.4822921753	0.0
8.77171993256	23.4554729462	0.0
8.78516197205	23.4286518097	0.0
8.79860401154	23.4018325806	0.0
8.81204605103	23.3750114441	0.0
8.82548809052	23.348192215	0.0
8.83893013	23.3213710785	0.0
8.85237216949	23.2945518494	0.0
8.86581420898	23.2677326202	0.0
8.87925624847	23.2409114838	0.0
8.89269828796	23.2140922546	0.0
8.90614032745	23.1872711182	0.0
8.91958236694	23.160451889	0.0
8.93302440643	23.1336326599	0.0
8.94646644592	23.1068115234	0.0
8.95990753174	23.0799922943	0.0
8.9733505249	23.0531711578	0.0
8.98679256439	23.0263519287	0.0
8.70584869385	23.6330413818	0.0
8.73407268524	23.6228713989	0.0
8.76229572296	23.612701416	0.0
8.79051971436	23.6025314331	0.0
8.81874370575	23.5923614502	0.0
8.84696674347	23.5821914673	0.0
8.87519073486	23.5720233917	0.0
8.90341472626	23.5618534088	0.0
8.93163776398	23.5516834259	0.0
8.95986175537	23.541513443	0.0
8.98808574677	23.5313434601	0.0
9.01630878448	23.5211734772	0.0
9.04453277588	23.5110034943	0.0
9.07275676727	23.5008335114	0.0
9.10097980499	23.4906635284	0.0
9.12920379639	23.4804935455	0.0
9.15742683411	23.4703235626	0.0
9.1856508255	23.4601535797	0.0
9.21387481689	23.4499855042	0.0
9.24209785461	23.4398155212	0.0
9.27032184601	23.4296455383	0.0
9.2985458374	23.4194755554	0.0
9.32676887512	23.4093055725	0.0
9.35499286652	23.3991355896	0.0
9.38321685791	23.3889656067	0.0
9.41143989563	23.3787956238	0.0
9.43966388702	23.3686256409	0.0
9.46788787842	23.358455658	0.0
9.49611091614	23.348285675	0.0
9.52433490753	23.3381156921	0.0
9.55255889893	23.3279476166	0.0
9.58078193665	23.3177776337	0.0
9.60900592804	23.3076076508	0.0
9.63722991943	23.2974376678	0.0
9.66545295715	23.2872676849	0.0
9.69367694855	23.277097702	0.0
9.72190093994	23.2669277191	0.0
9.75012397766	23.2567577362	0.0
9.77834796906	23.2465877533	0.0
9.80657100677	23.2364177704	0.0
9.83479499817	23.2262477875	0.0
9.86301898956	23.2160778046	0.0
9.90309810638	23.206703186	0.0
9.93257904053	23.2011489868	0.0
9.96205997467	23.1955928802	0.0
9.99154090881	23.190038681	0.0
10.021021843	23.1844825745	0.0
10.0505027771	23.1789264679	0.0
10.0799837112	23.1733703613	0.0
10.1094646454	23.1678161621	0.0
10.1389455795	23.1622600555	0.0
10.168428421	23.1567058563	0.0
10.1979093552	23.1511497498	0.0
10.2273902893	23.1455936432	0.0
10.2568712234	23.1400375366	0.0
10.2863521576	23.1344814301	0.0
10.3158330917	23.1289272308	0.0
10.3453140259	23.1233711243	0.0
10.37479496	23.117816925	0.0
10.4042758942	23.1122608185	0.0
10.433757782	23.1067047119	0.0
10.4632387161	23.1011486053	0.0
10.4927196503	23.0955944061	0.0
10.5222005844	23.0900382996	0.0
10.5516824722	23.084482193	0.0
10.5811634064	23.0789260864	0.0
10.6106443405	23.0733718872	0.0
10.6401252747	23.0678157806	0.0
10.6696062088	23.0622615814	0.0
10.6990880966	23.0567054749	0.0
10.7285690308	23.0511493683	0.0
10.7580499649	23.0455932617	0.0
10.787530899	23.0400371552	0.0
10.8170118332	23.0344829559	0.0
10.8464927673	23.0289268494	0.0
10.8759737015	23.0233726501	0.0
10.9054546356	23.0178165436	0.0
10.9349365234	23.012260437	0.0
10.9644184113	23.0067043304	0.0
10.9938993454	23.0011501312	0.0
9.88896369934	23.1864833832	0.0
9.90431213379	23.1607055664	0.0
9.91965961456	23.134929657	0.0
9.93500804901	23.1091537476	0.0
9.95035552979	23.0833759308	0.0
9.96570396423	23.057598114	0.0
9.98105239868	23.0318222046	0.0
9.99639987946	23.0060462952	0.0
7.90150213242	24.0724182129	0.0
7.92567205429	24.0546474457	0.0
7.94984197617	24.0368766785	0.0
7.97401285172	24.0191059113	0.0
7.99818277359	24.001335144	0.0
7.78355407715	24.1884555817	0.0
7.8124461174	24.1965332031	0.0
7.84133815765	24.2046127319	0.0
7.87023019791	24.2126903534	0.0
7.89912223816	24.2207679749	0.0
7.92801380157	24.2288455963	0.0
7.95690584183	24.2369232178	0.0
7.98579788208	24.2450027466	0.0
8.01469039917	24.253080368	0.0
8.04358196259	24.2611579895	0.0
8.072473526	24.2692375183	0.0
8.10136604309	24.2773151398	0.0
8.13025760651	24.2853927612	0.0
8.1591501236	24.2934703827	0.0
8.18804168701	24.3015499115	0.0
8.2169342041	24.309627533	0.0
8.24582481384	24.3177051544	0.0
8.27471733093	24.3257827759	0.0
8.30360889435	24.3338603973	0.0
8.33250141144	24.3419399261	0.0
8.36139297485	24.3500175476	0.0
8.39028453827	24.3580951691	0.0
8.41917705536	24.3661746979	0.0
8.44806861877	24.3742523193	0.0
8.47696113586	24.3823299408	0.0
8.50585269928	24.3904075623	0.0
8.53474521637	24.3984851837	0.0
8.56363677979	24.4065647125	0.0
8.59252929688	24.414642334	0.0
8.62142086029	24.4227199554	0.0
8.65031337738	24.4307975769	0.0
8.70447158813	24.4389743805	0.0
8.7344379425	24.4403858185	0.0
8.76440525055	24.4417972565	0.0
8.79437160492	24.4432086945	0.0
8.82433891296	24.4446201324	0.0
8.85430526733	24.4460315704	0.0
8.8842716217	24.4474449158	0.0
8.91423892975	24.4488544464	0.0
8.94420623779	24.4502677917	0.0
8.97417259216	24.4516773224	0.0
9.00413894653	24.4530906677	0.0
9.03410625458	24.4545001984	0.0
9.06407260895	24.4559135437	0.0
9.09403991699	24.4573249817	0.0
9.12400627136	24.4587364197	0.0
9.15397262573	24.4601478577	0.0
9.18393993378	24.4615592957	0.0
9.21390724182	24.4629707336	0.0
9.24387264252	24.4643821716	0.0
9.27383995056	24.4657936096	0.0
9.30380725861	24.4672050476	0.0
9.33448314667	24.4858722687	0.0
9.3582239151	24.5042133331	0.0
9.38196468353	24.5225543976	0.0
9.40570640564	24.5408935547	0.0
9.42944717407	24.5592346191	0.0
9.4531879425	24.5775756836	0.0
9.47692871094	24.5959148407	0.0
9.50067043304	24.6142559052	0.0
9.52441120148	24.6325950623	0.0
9.54815101624	24.6509361267	0.0
9.57189178467	24.6692771912	0.0
9.5956325531	24.6876163483	0.0
9.61937427521	24.7059574127	0.0
9.64311504364	24.7242984772	0.0
9.66685581207	24.7426376343	0.0
9.69059658051	24.7609786987	0.0
9.71433830261	24.7793197632	0.0
9.73807907104	24.7976608276	0.0
9.7618188858	24.8159999847	0.0
9.78555965424	24.8343391418	0.0
9.80930137634	24.8526802063	0.0
9.83304214478	24.8710212708	0.0
9.85678291321	24.8893604279	0.0
9.88052368164	24.9077014923	0.0
9.90426540375	24.9260425568	0.0
9.92800617218	24.9443836212	0.0
9.95174694061	24.9627227783	0.0
9.97548675537	24.9810638428	0.0
9.9992275238	24.9994049072	0.0
9.33557033539	24.4506912231	0.0
9.36039733887	24.4338512421	0.0
9.38522434235	24.4170093536	0.0
9.4100522995	24.4001693726	0.0
9.43487930298	24.3833293915	0.0
9.45970630646	24.3664875031	0.0
9.48453330994	24.349647522	0.0
9.50936126709	24.3328075409	0.0
9.53418827057	24.3159675598	0.0
9.55901527405	24.2991256714	0.0
9.58384227753	24.2822856903	0.0
9.60867023468	24.2654457092	0.0
9.63349723816	24.2486038208	0.0
9.65832424164	24.2317638397	0.0
9.68315124512	24.2149238586	0.0
9.70797920227	24.1980819702	0.0
9.73280620575	24.1812400818	0.0
9.75763320923	24.1644001007	0.0
9.78246021271	24.1475601196	0.0
9.80728816986	24.1307182312	0.0
9.83211517334	24.1138782501	0.0
9.85694217682	24.097038269	0.0
9.8817691803	24.0801963806	0.0
9.90659713745	24.0633563995	0.0
9.93142414093	24.0465164185	0.0
9.95625114441	24.02967453	0.0
9.98107814789	24.012834549	0.0
8.68953227997	24.4635276794	0.0
8.7045583725	24.4894924164	0.0
8.7195854187	24.5154571533	0.0
8.7346124649	24.5414237976	0.0
8.74963760376	24.5673885345	0.0
8.76466464996	24.5933532715	0.0
8.77969169617	24.6193199158	0.0
8.7947177887	24.6452846527	0.0
8.8097448349	24.6712493896	0.0
8.8247718811	24.6972160339	0.0
8.83979892731	24.7231807709	0.0
8.85482501984	24.7491455078	0.0
8.86985206604	24.7751121521	0.0
8.88487911224	24.801076889	0.0
8.89990520477	24.827041626	0.0
8.91493225098	24.8530082703	0.0
8.92995929718	24.8789730072	0.0
8.94498634338	24.9049377441	0.0
8.96001243591	24.9309043884	0.0
8.97503852844	24.9568691254	0.0
8.99006557465	24.9828338623	0.0
6.46598100662	24.1868286133	0.0
6.49429798126	24.1769218445	0.0
6.5226149559	24.1670150757	0.0
6.55093193054	24.1571083069	0.0
6.57924890518	24.1472015381	0.0
6.60756587982	24.1372947693	0.0
6.63588285446	24.1273880005	0.0
6.6641998291	24.1174812317	0.0
6.69251680374	24.1075744629	0.0
6.72083377838	24.0976676941	0.0
6.74915122986	24.0877609253	0.0
6.7774682045	24.0778541565	0.0
6.80578517914	24.0679473877	0.0
6.83410215378	24.0580406189	0.0
6.86241912842	24.0481338501	0.0
6.89073705673	24.038225174	0.0
6.91905403137	24.0283203125	0.0
6.94737100601	24.0184135437	0.0
6.97568798065	24.0085067749	0.0
5.93059110641	23.775932312	0.0
5.92588710785	23.8055610657	0.0
5.92118215561	23.8351898193	0.0
5.91647720337	23.864818573	0.0
5.91177177429	23.8944473267	0.0
5.90706777573	23.9240760803	0.0
5.90236282349	23.9537067413	0.0
5.89765787125	23.9833335876	0.0
5.89295387268	24.0129623413	0.0
5.88824892044	24.042591095	0.0
5.8835439682	24.072221756	0.0
5.87883901596	24.1018505096	0.0
5.86510276794	24.1385917664	0.0
5.85285186768	24.1659755707	0.0
5.84060096741	24.193359375	0.0
5.82835006714	24.2207450867	0.0
5.81609916687	24.248128891	0.0
5.80384778976	24.2755146027	0.0
5.7915968895	24.302898407	0.0
5.77934598923	24.3302822113	0.0
5.76709508896	24.357667923	0.0
5.75484418869	24.3850517273	0.0
5.74259281158	24.412437439	0.0
5.73034191132	24.4398212433	0.0
5.71809101105	24.4672050476	0.0
5.72107601166	24.5201702118	0.0
5.73615312576	24.5461082458	0.0
5.75122880936	24.5720443726	0.0
5.76630592346	24.5979804993	0.0
5.78138303757	24.623916626	0.0
5.79646015167	24.6498527527	0.0
5.81153583527	24.6757888794	0.0
5.82661294937	24.7017269135	0.0
5.84169006348	24.7276611328	0.0
5.85676717758	24.7535972595	0.0
5.87184286118	24.7795333862	0.0
5.88691997528	24.8054714203	0.0
5.90199708939	24.831407547	0.0
5.91707420349	24.8573436737	0.0
5.93214988708	24.8832798004	0.0
5.94722700119	24.9092159271	0.0
5.9623041153	24.9351520538	0.0
5.9773812294	24.9610881805	0.0
5.99245786667	24.9870243073	0.0
5.69374799728	24.5216197968	0.0
5.68149709702	24.5490036011	0.0
5.66924619675	24.5763893127	0.0
5.65699481964	24.6037731171	0.0
5.64474391937	24.6311588287	0.0
5.6324930191	24.6585426331	0.0
5.62024211884	24.6859264374	0.0
5.60799121857	24.713312149	0.0
5.59574079514	24.7406959534	0.0
5.58348989487	24.768081665	0.0
5.5712389946	24.7954654694	0.0
5.55898809433	24.8228492737	0.0
5.54673719406	24.850233078	0.0
5.50540494919	24.8839759827	0.0
5.47616577148	24.8906898499	0.0
5.44692611694	24.8974018097	0.0
5.41768693924	24.9041137695	0.0
5.38844680786	24.9108257294	0.0
5.35920810699	24.9175376892	0.0
5.32996892929	24.9242515564	0.0
5.30072879791	24.9309635162	0.0
5.27149009705	24.9376754761	0.0
5.24224996567	24.9443874359	0.0
5.21301078796	24.9510993958	0.0
5.18377113342	24.9578113556	0.0
5.15453195572	24.9645252228	0.0
5.12529277802	24.9712371826	0.0
5.09605312347	24.9779491425	0.0
5.06681394577	24.9846611023	0.0
5.03757381439	24.9913730621	0.0
5.00833511353	24.9980869293	0.0
5.53304290771	24.9072208405	0.0
5.53144216537	24.9371776581	0.0
5.5298409462	24.9671363831	0.0
5.52824020386	24.9970932007	0.0
5.52663803101	25.0270500183	0.0
5.52503681183	25.0570068359	0.0
5.52343606949	25.0869655609	0.0
5.52183485031	25.1169223785	0.0
5.5202331543	25.1468791962	0.0
5.51863193512	25.1768360138	0.0
5.51703119278	25.2067947388	0.0
5.4893321991	25.2388763428	0.0
5.46261787415	25.2525291443	0.0
5.43590402603	25.2661819458	0.0
5.40919113159	25.2798347473	0.0
5.38247680664	25.2934856415	0.0
5.35576295853	25.307138443	0.0
5.32905006409	25.3207893372	0.0
5.30233621597	25.3344421387	0.0
5.27562189102	25.3480949402	0.0
5.24890899658	25.3617458344	0.0
5.22219514847	25.3753986359	0.0
5.19548082352	25.38904953	0.0
5.1687669754	25.4027023315	0.0
5.14205408096	25.4163532257	0.0
5.11534023285	25.4300060272	0.0
5.0886259079	25.4436588287	0.0
5.06191301346	25.4573097229	0.0
5.03519916534	25.4709625244	0.0
5.00848484039	25.4846134186	0.0
4.98177099228	25.4982662201	0.0
4.95505809784	25.5119171143	0.0
4.92834377289	25.5255699158	0.0
4.90162992477	25.5392227173	0.0
4.87491703033	25.5528736115	0.0
4.84820318222	25.566526413	0.0
4.82148885727	25.5801773071	0.0
4.79477596283	25.5938301086	0.0
4.76806211472	25.6074829102	0.0
4.74134778976	25.6211338043	0.0
4.71463394165	25.6347866058	0.0
4.68792104721	25.6484375	0.0
4.6612071991	25.6620903015	0.0
4.63449287415	25.6757411957	0.0
4.60777997971	25.6893939972	0.0
4.58106613159	25.7030467987	0.0
4.55435180664	25.7166976929	0.0
4.52763795853	25.7303504944	0.0
4.50092506409	25.7440032959	0.0
4.47421121597	25.7576541901	0.0
4.44749689102	25.7713069916	0.0
4.42078399658	25.7849597931	0.0
4.39407014847	25.7986106873	0.0
4.36735582352	25.8122634888	0.0
4.34064292908	25.8259143829	0.0
4.31392908096	25.8395671844	0.0
4.28721523285	25.8532180786	0.0
4.2605009079	25.8668708801	0.0
4.23378801346	25.8805236816	0.0
4.20707416534	25.8941745758	0.0
4.18035984039	25.9078273773	0.0
4.15364694595	25.9214782715	0.0
4.12693309784	25.935131073	0.0
4.10021877289	25.9487838745	0.0
4.07350492477	25.9624347687	0.0
4.04679203033	25.9760875702	0.0
4.02007818222	25.9897384644	0.0
5.52599811554	25.2535266876	0.0
5.53595018387	25.2818279266	0.0
5.54590177536	25.3101291656	0.0
5.55585384369	25.3384304047	0.0
5.56580591202	25.3667316437	0.0
5.57575798035	25.3950328827	0.0
5.58571004868	25.4233341217	0.0
5.60572385788	25.454580307	0.0
5.62329912186	25.47889328	0.0
5.64087486267	25.5032062531	0.0
5.65845012665	25.5275192261	0.0
5.67602491379	25.5518321991	0.0
5.69360113144	25.5761451721	0.0
5.71117591858	25.6004581451	0.0
5.72875118256	25.6247692108	0.0
5.74632692337	25.6490821838	0.0
5.76390218735	25.6733951569	0.0
5.78147697449	25.6977081299	0.0
5.79905319214	25.7220211029	0.0
5.81662797928	25.7463340759	0.0
5.83420276642	25.770647049	0.0
5.85177898407	25.7949581146	0.0
5.86935377121	25.8192710876	0.0
5.88692903519	25.8435840607	0.0
5.904504776	25.8678970337	0.0
5.92208003998	25.8922100067	0.0
5.93965482712	25.9165229797	0.0
5.95723104477	25.9408359528	0.0
5.97480583191	25.9651489258	0.0
5.99238109589	25.9894618988	0.0
5.57830810547	25.4586086273	0.0
5.56846809387	25.4869499207	0.0
5.55862808228	25.5152893066	0.0
5.548787117	25.5436306	0.0
5.53894710541	25.571969986	0.0
5.52910614014	25.6003093719	0.0
5.51926612854	25.6286506653	0.0
5.50942611694	25.6569900513	0.0
5.49958515167	25.6853313446	0.0
5.48974514008	25.7136707306	0.0
5.47990512848	25.7420101166	0.0
5.47006416321	25.7703514099	0.0
5.46022415161	25.7986907959	0.0
5.45038414001	25.8270320892	0.0
5.44054317474	25.8553714752	0.0
5.42285013199	25.9063282013	0.0
5.41301012039	25.9346675873	0.0
5.40316915512	25.9630088806	0.0
5.39332914352	25.9913482666	0.0
5.38348913193	26.0196895599	0.0
5.37364816666	26.0480289459	0.0
5.36380815506	26.0763683319	0.0
5.35396814346	26.1047096252	0.0
5.34412717819	26.1330509186	0.0
5.3342871666	26.1613903046	0.0
5.324447155	26.1897296906	0.0
5.31460618973	26.2180690765	0.0
5.30476617813	26.2464103699	0.0
5.29492616653	26.2747516632	0.0
5.28508520126	26.3030910492	0.0
5.25840902328	26.3490657806	0.0
5.23958587646	26.3724250793	0.0
5.22076177597	26.3957862854	0.0
5.20193910599	26.4191455841	0.0
5.18311500549	26.4425067902	0.0
5.16429185867	26.4658641815	0.0
5.14546918869	26.4892253876	0.0
5.1266450882	26.5125846863	0.0
5.10782194138	26.5359458923	0.0
5.08899784088	26.5593032837	0.0
5.0701751709	26.5826644897	0.0
5.0513510704	26.6060237885	0.0
5.03252792358	26.6293830872	0.0
5.01370477676	26.6527423859	0.0
4.99488115311	26.6761035919	0.0
4.97605800629	26.6994628906	0.0
4.95723390579	26.7228221893	0.0
4.93841123581	26.7461833954	0.0
4.91958808899	26.7695426941	0.0
4.90076398849	26.7929019928	0.0
4.88194084167	26.8162612915	0.0
4.89787912369	26.8418827057	0.0
4.91415500641	26.8670825958	0.0
4.93043088913	26.8922843933	0.0
4.94670677185	26.9174842834	0.0
4.96298408508	26.9426860809	0.0
4.9792599678	26.9678878784	0.0
4.99553585052	26.9930877686	0.0
4.85789203644	26.8350582123	0.0
4.83417987823	26.8534374237	0.0
4.81046915054	26.8718166351	0.0
4.78675699234	26.8901958466	0.0
4.76304578781	26.9085731506	0.0
4.73933410645	26.9269523621	0.0
4.71562290192	26.9453296661	0.0
4.69191122055	26.9637088776	0.0
4.66820001602	26.9820861816	0.0
4.64448785782	27.0004653931	0.0
4.62077713013	27.0188446045	0.0
4.59708023071	27.065246582	0.0
4.59466981888	27.0951480865	0.0
4.59225988388	27.1250514984	0.0
4.58984899521	27.1549549103	0.0
4.58743906021	27.1848583221	0.0
4.58502912521	27.214761734	0.0
4.58261919022	27.2446632385	0.0
4.58020877838	27.2745666504	0.0
4.57779884338	27.3044700623	0.0
4.57538795471	27.3343734741	0.0
4.57297801971	27.364276886	0.0
4.57056808472	27.3941783905	0.0
4.56815814972	27.4240818024	0.0
4.56574821472	27.4539852142	0.0
4.58298683167	27.5020847321	0.0
4.60224914551	27.5250835419	0.0
4.62151098251	27.5480823517	0.0
4.64077377319	27.5710811615	0.0
4.66003608704	27.5940818787	0.0
4.67929792404	27.6170806885	0.0
4.69856023788	27.6400794983	0.0
4.71782302856	27.6630783081	0.0
4.73708486557	27.6860771179	0.0
4.75634717941	27.7090778351	0.0
4.77560997009	27.7320766449	0.0
4.7948718071	27.7550754547	0.0
4.81413412094	27.7780742645	0.0
4.83339595795	27.8010749817	0.0
4.85265922546	27.8240737915	0.0
4.87192106247	27.8470726013	0.0
4.89118289948	27.8700714111	0.0
4.91044521332	27.8930702209	0.0
4.929708004	27.9160709381	0.0
4.948969841	27.9390697479	0.0
4.96823215485	27.9620685577	0.0
4.98749494553	27.9850673676	0.0
4.54169082642	27.4994449615	0.0
4.51965808868	27.5198059082	0.0
4.49762487411	27.5401649475	0.0
4.47559118271	27.5605258942	0.0
4.45355796814	27.5808868408	0.0
4.43152523041	27.6012458801	0.0
4.40949106216	27.6216068268	0.0
4.3874578476	27.6419658661	0.0
4.36542510986	27.6623268127	0.0
4.34339094162	27.6826858521	0.0
4.32135820389	27.7030467987	0.0
4.29932498932	27.723405838	0.0
4.27729082108	27.7437667847	0.0
4.25525808334	27.764125824	0.0
4.23322486877	27.7844867706	0.0
4.21119213104	27.8048477173	0.0
4.1891579628	27.8252067566	0.0
4.16712522507	27.8455677032	0.0
4.1450920105	27.8659267426	0.0
4.12305784225	27.8862876892	0.0
4.10102510452	27.9066467285	0.0
4.07899188995	27.9270076752	0.0
4.05695819855	27.9473667145	0.0
4.03492498398	27.9677276611	0.0
4.01289176941	27.9880867004	0.0
4.56954193115	27.0335788727	0.0
4.53959417343	27.0318126678	0.0
4.50964593887	27.030046463	0.0
4.47969818115	27.0282802582	0.0
4.44974994659	27.0265140533	0.0
4.41980218887	27.0247497559	0.0
4.38985395432	27.022983551	0.0
4.35990619659	27.0212173462	0.0
4.32995796204	27.0194530487	0.0
4.30001020432	27.0176868439	0.0
4.27006196976	27.0159225464	0.0
4.24011421204	27.0141563416	0.0
4.21016597748	27.0123901367	0.0
4.18021821976	27.0106258392	0.0
4.1502699852	27.0088596344	0.0
4.12032222748	27.0070934296	0.0
4.09037399292	27.0053272247	0.0
4.0604262352	27.0035629272	0.0
4.03047800064	27.0017967224	0.0
4.00052976608	27.0000305176	0.0
5.29916906357	26.3461723328	0.0
5.32110500336	26.3666362762	0.0
5.34304094315	26.3871002197	0.0
5.36497688293	26.4075660706	0.0
5.38691282272	26.4280319214	0.0
5.40884876251	26.4484958649	0.0
5.43078517914	26.4689617157	0.0
5.45272111893	26.4894256592	0.0
5.47465705872	26.5098896027	0.0
5.4965929985	26.5303554535	0.0
5.51852893829	26.550819397	0.0
5.54046487808	26.5712852478	0.0
5.56240081787	26.5917491913	0.0
5.5843372345	26.6122150421	0.0
5.60627317429	26.6326789856	0.0
5.62820911407	26.6531448364	0.0
5.65014505386	26.6736087799	0.0
5.67208099365	26.6940746307	0.0
5.69401693344	26.7145385742	0.0
5.71595287323	26.735004425	0.0
5.73788881302	26.7554683685	0.0
5.75982522964	26.775932312	0.0
5.78176116943	26.7963981628	0.0
5.8036980629	26.8168621063	0.0
5.82563400269	26.8373279572	0.0
5.84756994247	26.857793808	0.0
5.86950588226	26.8782577515	0.0
5.89144182205	26.8987216949	0.0
5.91337776184	26.9191875458	0.0
5.93531417847	26.9396514893	0.0
5.95725011826	26.9601173401	0.0
5.97918605804	26.9805812836	0.0
5.40381717682	25.8861293793	0.0
5.37494277954	25.8942718506	0.0
5.3460688591	25.9024143219	0.0
5.31719493866	25.9105567932	0.0
5.28832101822	25.9186973572	0.0
5.25944709778	25.9268398285	0.0
5.23057317734	25.9349822998	0.0
5.20169878006	25.9431247711	0.0
5.17282485962	25.9512653351	0.0
5.14395093918	25.9594078064	0.0
5.11507701874	25.9675502777	0.0
5.0862030983	25.975692749	0.0
5.05732917786	25.983833313	0.0
5.02845478058	25.9919757843	0.0
5.89957809448	24.0910549164	0.0
5.92180204391	24.0709037781	0.0
5.94402694702	24.0507526398	0.0
5.96625089645	24.0306015015	0.0
5.98847484589	24.0104503632	0.0
5.57833576202	23.4663600922	0.0
5.5562877655	23.4867038727	0.0
5.53423976898	23.5070476532	0.0
5.51219177246	23.5273914337	0.0
5.49014377594	23.5477371216	0.0
5.46809577942	23.5680809021	0.0
5.4460477829	23.5884246826	0.0
5.4239988327	23.6087684631	0.0
5.40195083618	23.6291122437	0.0
5.37990283966	23.6494579315	0.0
5.35785484314	23.669801712	0.0
5.33580684662	23.6901454926	0.0
5.3137588501	23.7104892731	0.0
5.29171085358	23.7308330536	0.0
5.26966285706	23.7511787415	0.0
5.24761486053	23.771522522	0.0
5.22556686401	23.7918663025	0.0
5.20351886749	23.812210083	0.0
5.18147087097	23.8325538635	0.0
5.15942287445	23.852897644	0.0
5.13737487793	23.8732414246	0.0
5.11532688141	23.8935852051	0.0
5.09327793121	23.9139308929	0.0
5.07122993469	23.9342746735	0.0
5.04918193817	23.954618454	0.0
5.02713394165	23.9749622345	0.0
5.00508594513	23.9953079224	0.0
4.5802989006	22.5709285736	0.0
4.56494998932	22.596704483	0.0
4.54960107803	22.6224803925	0.0
4.53425216675	22.6482563019	0.0
4.51890420914	22.6740322113	0.0
4.50355482101	22.6998081207	0.0
4.48820590973	22.7255859375	0.0
4.47285699844	22.7513618469	0.0
4.45750808716	22.7771377563	0.0
4.44215917587	22.8029136658	0.0
4.42680978775	22.8286895752	0.0
4.41146087646	22.8544654846	0.0
4.40246582031	22.9050617218	0.0
4.4058470726	22.9348697662	0.0
4.40922784805	22.9646778107	0.0
4.41261005402	22.9944877625	0.0
4.41599082947	23.0242958069	0.0
4.41937303543	23.0541057587	0.0
4.42275381088	23.0839138031	0.0
4.42613506317	23.1137218475	0.0
4.4295167923	23.1435317993	0.0
4.43289804459	23.1733398438	0.0
4.43627882004	23.2031497955	0.0
4.439661026	23.23295784	0.0
4.44304180145	23.2627677917	0.0
4.44642400742	23.2925758362	0.0
4.44980478287	23.3223838806	0.0
4.45318603516	23.3521938324	0.0
4.48026323318	23.3556938171	0.0
4.5050201416	23.3387508392	0.0
4.52977800369	23.321805954	0.0
4.55453491211	23.3048629761	0.0
4.57929182053	23.2879199982	0.0
4.60405015945	23.2709770203	0.0
4.62880706787	23.2540340424	0.0
4.65356397629	23.2370891571	0.0
4.67832183838	23.2201461792	0.0
4.70307922363	23.2032032013	0.0
4.72783708572	23.1862602234	0.0
4.75259399414	23.1693172455	0.0
4.77735090256	23.1523742676	0.0
4.80210876465	23.1354312897	0.0
4.8268661499	23.1184883118	0.0
4.85162305832	23.1015453339	0.0
4.87638092041	23.0846004486	0.0
4.90113782883	23.0676574707	0.0
4.92589521408	23.0507144928	0.0
4.95065307617	23.0337715149	0.0
4.97540998459	23.016828537	0.0
4.44741916656	23.4015254974	0.0
4.43933296204	23.4304141998	0.0
4.43124580383	23.4593048096	0.0
4.42316007614	23.4881954193	0.0
4.41507387161	23.5170841217	0.0
4.40698719025	23.5459747314	0.0
4.39890098572	23.5748634338	0.0
4.39081478119	23.6037521362	0.0
4.3827290535	23.632642746	0.0
4.37464189529	23.6615314484	0.0
4.3665561676	23.6904220581	0.0
4.35846996307	23.7193126678	0.0
4.35038280487	23.7482013702	0.0
4.34229707718	23.7770900726	0.0
4.33421087265	23.8059806824	0.0
4.32612419128	23.8348693848	0.0
4.31803798676	23.8637599945	0.0
4.30995178223	23.8926506042	0.0
4.30186510086	23.9215393066	0.0
4.29377889633	23.9504299164	0.0
4.28569316864	23.9793186188	0.0
4.27760601044	24.0082073212	0.0
4.26951980591	24.0370979309	0.0
4.26143407822	24.0659866333	0.0
4.25334692001	24.094877243	0.0
4.24526119232	24.1237678528	0.0
4.23717498779	24.1526565552	0.0
4.22908782959	24.1815452576	0.0
4.2210021019	24.2104358673	0.0
4.21291589737	24.2393245697	0.0
4.204829216	24.2682151794	0.0
4.19674301147	24.2971057892	0.0
4.18865680695	24.3259944916	0.0
4.18057012558	24.354883194	0.0
4.17248392105	24.3837738037	0.0
4.16439819336	24.4126625061	0.0
4.15631198883	24.4415531158	0.0
4.14822483063	24.4704418182	0.0
4.14013910294	24.499332428	0.0
4.13205289841	24.5282211304	0.0
4.12396621704	24.5571117401	0.0
4.11588001251	24.5860004425	0.0
4.10779380798	24.6148910522	0.0
4.09970712662	24.6437797546	0.0
4.09162092209	24.6726703644	0.0
4.0835351944	24.7015590668	0.0
4.07544803619	24.7304496765	0.0
4.06736183167	24.7593383789	0.0
4.05927610397	24.7882270813	0.0
4.05118894577	24.817117691	0.0
4.04310321808	24.8460083008	0.0
4.03501701355	24.8748970032	0.0
4.02692985535	24.9037876129	0.0
4.01884412766	24.9326763153	0.0
4.01075792313	24.961566925	0.0
4.00267076492	24.9904556274	0.0
4.37743377686	22.8960189819	0.0
4.35578393936	22.9167861938	0.0
4.33413410187	22.9375534058	0.0
4.31248378754	22.9583206177	0.0
4.29083395004	22.9790878296	0.0
4.2453751564	22.9945869446	0.0
4.21538305283	22.9952468872	0.0
4.18538999557	22.9959087372	0.0
4.15539693832	22.9965705872	0.0
4.12540483475	22.9972324371	0.0
4.0954117775	22.9978942871	0.0
4.06541919708	22.9985561371	0.0
4.03542709351	22.9992179871	0.0
4.00543403625	22.999879837	0.0
4.26744794846	23.0228595734	0.0
4.2595281601	23.0517940521	0.0
4.25160884857	23.0807304382	0.0
4.24368906021	23.1096668243	0.0
4.23576879501	23.1386013031	0.0
4.22784900665	23.1675376892	0.0
4.21992921829	23.1964740753	0.0
4.21200895309	23.2254104614	0.0
4.20408916473	23.2543449402	0.0
4.19616985321	23.2832813263	0.0
4.18825006485	23.3122177124	0.0
4.18032979965	23.3411521912	0.0
4.17241001129	23.3700885773	0.0
4.16449022293	23.399023056	0.0
4.15656995773	23.4279594421	0.0
4.14865016937	23.4568958282	0.0
4.14073085785	23.485830307	0.0
4.13281106949	23.5147666931	0.0
4.12489080429	23.5437011719	0.0
4.11697101593	23.572637558	0.0
4.10905122757	23.6015739441	0.0
4.10113096237	23.6305103302	0.0
4.09321212769	23.659444809	0.0
4.08529186249	23.6883811951	0.0
4.07737207413	23.7173175812	0.0
4.06945180893	23.7462520599	0.0
4.06153202057	23.775188446	0.0
4.05361223221	23.8041248322	0.0
4.04569196701	23.8330593109	0.0
4.03777313232	23.861995697	0.0
4.02985286713	23.8909301758	0.0
4.02193307877	23.9198665619	0.0
4.01401281357	23.948802948	0.0
4.00609302521	23.9777374268	0.0
