$MeshFormat
2.2 0 8
$EndMeshFormat
$Nodes
5729
1 7200 5500 0
2 13500 4000 0
3 16000 7000 0
4 0 0 0
5 20000 0 0
6 0 10000 0
7 20000 10000 0
8 7183.633564083267 5697.513508336881 0
9 7134.980690040761 5889.63936304562 0
10 7055.368501447787 6071.136871644489 0
11 6946.968611275672 6237.055255227602 0
12 6812.737885950888 6382.868692807759 0
13 6656.337789746911 6504.599773915035 0
14 6482.034509583562 6598.927991986069 0
15 6294.582584568958 6663.280319127197 0
16 6099.095214566797 6695.901391608004 0
17 5900.904785433199 6695.901391608004 0
18 5705.417415431039 6663.280319127196 0
19 5517.965490416434 6598.927991986068 0
20 5343.662210253086 6504.599773915033 0
21 5187.262114049109 6382.868692807757 0
22 5053.031388724326 6237.055255227599 0
23 4944.631498552212 6071.136871644486 0
24 4865.019309959238 5889.639363045618 0
25 4816.366435916732 5697.513508336879 0
26 4800 5499.999999999997 0
27 4816.366435916733 5302.486491663118 0
28 4865.01930995924 5110.360636954378 0
29 4944.631498552215 4928.863128355509 0
30 5053.031388724329 4762.944744772397 0
31 5187.262114049113 4617.13130719224 0
32 5343.66221025309 4495.400226084964 0
33 5517.965490416439 4401.07200801393 0
34 5705.417415431044 4336.719680872802 0
35 5900.904785433205 4304.098608391996 0
36 6099.095214566803 4304.098608391996 0
37 6294.582584568963 4336.719680872805 0
38 6482.034509583568 4401.072008013934 0
39 6656.337789746917 4495.400226084969 0
40 6812.737885950894 4617.131307192246 0
41 6946.968611275676 4762.944744772403 0
42 7055.368501447789 4928.863128355515 0
43 7134.980690040762 5110.36063695438 0
44 7183.633564083268 5302.486491663121 0
45 13487.16729206072 4195.789288330077 0
46 13448.8887394336 4388.22856765378 0
47 13385.81929876693 4574.025148547634 0
48 13299.03810567666 4749.999999999999 0
49 13190.03001043685 4913.14214351308 0
50 13060.66017177982 5060.66017177982 0
51 12913.14214351308 5190.030010436851 0
52 12750 5299.038105676656 0
53 12574.02514854764 5385.819298766929 0
54 12388.22856765378 5448.888739433602 0
55 12195.78928833008 5487.167292060715 0
56 12000 5500 0
57 11804.21071166993 5487.167292060716 0
58 11611.77143234622 5448.888739433603 0
59 11425.97485145237 5385.819298766932 0
60 11250 5299.03810567666 0
61 11086.85785648692 5190.030010436855 0
62 10939.33982822018 5060.660171779825 0
63 10809.96998956315 4913.142143513085 0
64 10700.96189432335 4750.000000000005 0
65 10614.18070123307 4574.025148547642 0
66 10551.1112605664 4388.228567653789 0
67 10512.83270793929 4195.789288330086 0
68 10500 4000.00000000001 0
69 10512.83270793928 3804.210711669934 0
70 10551.11126056639 3611.771432346231 0
71 10614.18070123306 3425.974851452377 0
72 10700.96189432333 3250.000000000012 0
73 10809.96998956314 3086.857856486931 0
74 10939.33982822017 2939.339828220189 0
75 11086.85785648691 2809.969989563157 0
76 11249.99999999999 2700.96189432335 0
77 11425.97485145235 2614.180701233076 0
78 11611.7714323462 2551.111260566402 0
79 11804.21071166991 2512.832707939286 0
80 11999.99999999999 2500 0
81 12195.78928833006 2512.832707939283 0
82 12388.22856765377 2551.111260566395 0
83 12574.02514854763 2614.180701233066 0
84 12749.99999999999 2700.961894323337 0
85 12913.14214351307 2809.969989563142 0
86 13060.66017177982 2939.339828220174 0
87 13190.03001043685 3086.857856486914 0
88 13299.03810567666 3249.999999999996 0
89 13385.81929876693 3425.974851452362 0
90 13448.8887394336 3611.771432346218 0
91 13487.16729206072 3804.210711669921 0
92 15980.78528040323 7195.090322016128 0
93 15923.87953251129 7382.683432365089 0
94 15831.46961230255 7555.570233019601 0
95 15707.10678118655 7707.106781186546 0
96 15555.5702330196 7831.469612302544 0
97 15382.68343236509 7923.879532511286 0
98 15195.09032201613 7980.78528040323 0
99 15000 8000 0
100 14804.90967798387 7980.785280403231 0
101 14617.31656763491 7923.879532511289 0
102 14444.4297669804 7831.469612302548 0
103 14292.89321881346 7707.106781186551 0
104 14168.53038769746 7555.570233019607 0
105 14076.12046748872 7382.683432365096 0
106 14019.21471959677 7195.090322016134 0
107 14000 7000.000000000006 0
108 14019.21471959677 6804.909677983879 0
109 14076.12046748871 6617.316567634916 0
110 14168.53038769745 6444.429766980403 0
111 14292.89321881345 6292.893218813457 0
112 14444.42976698039 6168.530387697458 0
113 14617.31656763491 6076.120467488715 0
114 14804.90967798387 6019.21471959677 0
115 15000 6000 0
116 15195.09032201613 6019.214719596769 0
117 15382.68343236509 6076.120467488712 0
118 15555.5702330196 6168.530387697454 0
119 15707.10678118655 6292.893218813451 0
120 15831.46961230254 6444.429766980397 0
121 15923.87953251129 6617.316567634911 0
122 15980.78528040323 6804.909677983872 0
123 200 0 0
124 400 0 0
125 600 0 0
126 800 0 0
127 1000 0 0
128 1200 0 0
129 1400 0 0
130 1600 0 0
131 1800 0 0
132 2000 0 0
133 2200 0 0
134 2400 0 0
135 2600 0 0
136 2800 0 0
137 3000 0 0
138 3200 0 0
139 3400 0 0
140 3600 0 0
141 3800 0 0
142 4000 0 0
143 4200 0 0
144 4400 0 0
145 4600 0 0
146 4800 0 0
147 5000 0 0
148 5200 0 0
149 5400 0 0
150 5600 0 0
151 5800 0 0
152 6000 0 0
153 6200 0 0
154 6400 0 0
155 6600 0 0
156 6800 0 0
157 7000 0 0
158 7200 0 0
159 7400 0 0
160 7600 0 0
161 7800 0 0
162 8000 0 0
163 8200 0 0
164 8400 0 0
165 8600 0 0
166 8800 0 0
167 9000 0 0
168 9200 0 0
169 9400 0 0
170 9600 0 0
171 9800 0 0
172 10000 0 0
173 10200 0 0
174 10400 0 0
175 10600 0 0
176 10800 0 0
177 11000 0 0
178 11200 0 0
179 11400 0 0
180 11600 0 0
181 11800 0 0
182 12000 0 0
183 12200 0 0
184 12400 0 0
185 12600 0 0
186 12800 0 0
187 13000 0 0
188 13200 0 0
189 13400 0 0
190 13600 0 0
191 13800 0 0
192 14000 0 0
193 14200 0 0
194 14400 0 0
195 14600 0 0
196 14800 0 0
197 15000 0 0
198 15200 0 0
199 15400 0 0
200 15600 0 0
201 15800 0 0
202 16000 0 0
203 16200 0 0
204 16400 0 0
205 16600 0 0
206 16800 0 0
207 17000 0 0
208 17200 0 0
209 17400 0 0
210 17600 0 0
211 17800 0 0
212 18000 0 0
213 18200 0 0
214 18400 0 0
215 18600 0 0
216 18800 0 0
217 19000 0 0
218 19200 0 0
219 19400 0 0
220 19600 0 0
221 19800 0 0
222 0 9800 0
223 0 9600 0
224 0 9400 0
225 0 9200 0
226 0 9000 0
227 0 8800 0
228 0 8600 0
229 0 8400 0
230 0 8200 0
231 0 8000 0
232 0 7800 0
233 0 7600 0
234 0 7400 0
235 0 7200 0
236 0 7000 0
237 0 6800 0
238 0 6600 0
239 0 6400 0
240 0 6200 0
241 0 6000 0
242 0 5800 0
243 0 5600 0
244 0 5400 0
245 0 5200 0
246 0 5000 0
247 0 4800 0
248 0 4600 0
249 0 4400 0
250 0 4200 0
251 0 4000 0
252 0 3800 0
253 0 3600 0
254 0 3400 0
255 0 3200 0
256 0 3000 0
257 0 2800 0
258 0 2600 0
259 0 2400 0
260 0 2200 0
261 0 2000 0
262 0 1800 0
263 0 1600 0
264 0 1400 0
265 0 1200 0
266 0 1000 0
267 0 800 0
268 0 600 0
269 0 400 0
270 0 200 0
271 20000 200 0
272 20000 400 0
273 20000 600 0
274 20000 800 0
275 20000 1000 0
276 20000 1200 0
277 20000 1400 0
278 20000 1600 0
279 20000 1800 0
280 20000 2000 0
281 20000 2200 0
282 20000 2400 0
283 20000 2600 0
284 20000 2800 0
285 20000 3000 0
286 20000 3200 0
287 20000 3400 0
288 20000 3600 0
289 20000 3800 0
290 20000 4000 0
291 20000 4200 0
292 20000 4400 0
293 20000 4600 0
294 20000 4800 0
295 20000 5000 0
296 20000 5200 0
297 20000 5400 0
298 20000 5600 0
299 20000 5800 0
300 20000 6000 0
301 20000 6200 0
302 20000 6400 0
303 20000 6600 0
304 20000 6800 0
305 20000 7000 0
306 20000 7200 0
307 20000 7400 0
308 20000 7600 0
309 20000 7800 0
310 20000 8000 0
311 20000 8200 0
312 20000 8400 0
313 20000 8600 0
314 20000 8800 0
315 20000 9000 0
316 20000 9200 0
317 20000 9400 0
318 20000 9600 0
319 20000 9800 0
320 19800 10000 0
321 19600 10000 0
322 19400 10000 0
323 19200 10000 0
324 19000 10000 0
325 18800 10000 0
326 18600 10000 0
327 18400 10000 0
328 18200 10000 0
329 18000 10000 0
330 17800 10000 0
331 17600 10000 0
332 17400 10000 0
333 17200 10000 0
334 17000 10000 0
335 16800 10000 0
336 16600 10000 0
337 16400 10000 0
338 16200 10000 0
339 16000 10000 0
340 15800 10000 0
341 15600 10000 0
342 15400 10000 0
343 15200 10000 0
344 15000 10000 0
345 14800 10000 0
346 14600 10000 0
347 14400 10000 0
348 14200 10000 0
349 14000 10000 0
350 13800 10000 0
351 13600 10000 0
352 13400 10000 0
353 13200 10000 0
354 13000 10000 0
355 12800 10000 0
356 12600 10000 0
357 12400 10000 0
358 12200 10000 0
359 12000 10000 0
360 11800 10000 0
361 11600 10000 0
362 11400 10000 0
363 11200 10000 0
364 11000 10000 0
365 10800 10000 0
366 10600 10000 0
367 10400 10000 0
368 10200 10000 0
369 10000 10000 0
370 9800 10000 0
371 9600 10000 0
372 9400 10000 0
373 9200 10000 0
374 9000 10000 0
375 8800 10000 0
376 8600 10000 0
377 8400 10000 0
378 8200 10000 0
379 8000 10000 0
380 7800 10000 0
381 7600 10000 0
382 7400 10000 0
383 7200 10000 0
384 7000 10000 0
385 6800 10000 0
386 6600 10000 0
387 6400 10000 0
388 6200 10000 0
389 6000 10000 0
390 5800 10000 0
391 5600 10000 0
392 5400 10000 0
393 5200 10000 0
394 5000 10000 0
395 4800 10000 0
396 4600 10000 0
397 4400 10000 0
398 4200 10000 0
399 4000 10000 0
400 3800 10000 0
401 3600 10000 0
402 3400 10000 0
403 3200 10000 0
404 3000 10000 0
405 2800 10000 0
406 2600 10000 0
407 2400 10000 0
408 2200 10000 0
409 2000 10000 0
410 1800 10000 0
411 1600 10000 0
412 1400 10000 0
413 1200 10000 0
414 1000 10000 0
415 800 10000 0
416 600 10000 0
417 400 10000 0
418 200 10000 0
419 16682.26430091363 204.2236281038031 0
420 19820.28994120875 3299.44777888106 0
421 13657.12076348767 3692.94891891273 0
422 15546.03130733355 5972.607410177248 0
423 178.1688641560577 2907.359878047585 0
424 4993.093314451606 4579.187482022495 0
425 2894.929182707592 178.0244592993467 0
426 9490.149510015897 9805.594057297749 0
427 172.4937598222314 7298.716748722823 0
428 19829.31074259716 4304.800804902387 0
429 155.8186128798989 3883.951331838801 0
430 11078.88367753322 5378.712847171998 0
431 2691.356273185253 9832.114079721045 0
432 6841.291428118268 4424.137950423248 0
433 4747.321385994853 6020.484953243575 0
434 8302.260474843726 156.6864901648378 0
435 4673.46269571123 5174.123695088312 0
436 15700 173.2050807568876 0
437 3891.287976025977 194.7507367024236 0
438 7164.553585006053 6231.097804408703 0
439 168.9370260015021 6300.00002679883 0
440 10501.23558835917 9827.764561491706 0
441 165.7741669676743 4920.287659405673 0
442 10432.57121007018 3470.021090051411 0
443 17695.32429244156 183.3359742331813 0
444 11677.67607210343 5629.701850473777 0
445 5545.098320486064 4218.116721781696 0
446 19830.96048649042 5300.006724419056 0
447 7300.000493734855 166.997837797644 0
448 11900.82141226694 9842.487768355581 0
449 6247.328483833538 4170.047531652746 0
450 4927.02803279991 170.3087962234276 0
451 16034.95359788557 6456.656051324209 0
452 19853.91061822053 2310.980416874708 0
453 8501.935015796684 9823.695285668571 0
454 3700.128657445131 9826.690411478987 0
455 16110.24614886323 7332.832735946635 0
456 5894.443074629209 164.2404069271252 0
457 13385.81929876693 3074.025148547629 0
458 19836.93290785573 6690.512833075672 0
459 13866.62578981122 7344.473843551939 0
460 19826.78834114143 7900.030457695937 0
461 10621.4318674837 4929.74466440164 0
462 17900 9826.794919243112 0
463 5169.072595677034 6582.740413795556 0
464 9306.789965928543 158.4891565749167 0
465 7700 9826.794919243112 0
466 14920.76440518441 185.9732759998724 0
467 163.747318502752 2115.324561264164 0
468 2111.192100959755 180.4356437741844 0
469 170.286876899725 8121.643095475109 0
470 7367.734670860991 5630.664298877415 0
471 10349.05396845573 4118.207512007823 0
472 4525.686184496993 9819.253305650895 0
473 6661.687901432453 6723.226926248446 0
474 10742.71815876557 2912.805767253035 0
475 1900.001880321051 9826.796340609286 0
476 7250.385115562742 4947.645605720943 0
477 5294.499113325472 9841.559879667497 0
478 6299.999513578533 9831.568542915735 0
479 14098.58408663542 185.5936006716256 0
480 12699.99746745233 9836.485163628353 0
481 5765.021201296646 6840.770289198526 0
482 10098.69323291931 172.3916438236047 0
483 17099.40857637365 9827.956490620876 0
484 19822.90964114622 1508.389205115836 0
485 12921.70765637641 2614.099836057019 0
486 13624.81549683836 4312.811604571494 0
487 12349.05102350594 5631.293128062556 0
488 11242.20833405149 2527.294668191266 0
489 13299.65984202028 160.2947216652592 0
490 18499.99337113096 173.2047971041493 0
491 161.9928928058289 1279.373654937881 0
492 19827.77132435446 8698.086156835108 0
493 12319.54211484408 2388.581063631378 0
494 13528.1709460306 9827.691329907768 0
495 10900.38255200024 160.1576881394776 0
496 15727.09590163494 7887.0941386335 0
497 11690.26549279582 167.5156419109226 0
498 14877.80048600323 5844.155258277957 0
499 16154.33028840851 6894.61801667237 0
500 14097.71776571274 7726.647967540504 0
501 13844.36776739602 6887.004819323147 0
502 12494.42152990182 169.9188756007788 0
503 18699.98787588899 9826.807715468884 0
504 1304.078240843046 155.7698729937738 0
505 16303.16223321491 9836.223556318968 0
506 14459.05483464046 8014.010856157656 0
507 1100 9826.794919243112 0
508 19822.02003726446 6104.371223773627 0
509 19805.83452255912 7298.19165463904 0
510 11305.86087296009 9830.21539804749 0
511 6898.361180282569 9834.276150254724 0
512 6705.801779043129 164.1481598655546 0
513 169.8918682502481 5520.363491018957 0
514 173.2050807568885 8700 0
515 15384.07236553127 8107.594602518689 0
516 14107.34285419773 9842.028748384524 0
517 4637.99954028085 5616.416869319226 0
518 14857.22002750873 8184.592846838964 0
519 6247.630567954557 6852.669823986786 0
520 15692.52199287913 9831.166899153533 0
521 14444.47103828554 5983.478924302153 0
522 13960.34101002571 6472.997261410137 0
523 15096.17489162572 9816.78251911173 0
524 19093.97024309651 169.746747563272 0
525 13390.08152661356 4908.002266500277 0
526 12925.06657770651 5384.460024385445 0
527 10423.16251937534 4527.701994554875 0
528 11669.88686969033 2385.724590645703 0
529 19824.63371903801 922.3834802898773 0
530 710.1140897351088 167.9687726158518 0
531 19831.40509383733 9292.11280615135 0
532 190.0813293388546 9286.260638022512 0
533 19298.47128789579 9828.331211950332 0
534 163.1530117443726 699.4119848790679 0
535 14720.13503228749 9818.465856954739 0
536 16700 9826.794919243112 0
537 13100 9826.794919243112 0
538 11300.04362167095 168.4228820600574 0
539 12100.04184063073 167.9575443906842 0
540 12918.24479960992 174.6865797830933 0
541 17499.85737947458 9826.815614769686 0
542 10485.49062898241 191.4089765998087 0
543 12291.40808811717 9827.536370771013 0
544 13688.71148315327 173.9117784909486 0
545 9700.134389581093 173.1884682906675 0
546 8929.16703053323 165.9844609345528 0
547 14473.86810155341 186.1889574136085 0
548 15283.32559993796 175.1112019530055 0
549 16126.67935328312 177.6974314579256 0
550 19826.8165792793 8299.962560330394 0
551 19826.82525642225 4900.059336515184 0
552 19826.82623781722 5700.06383047041 0
553 19835.18566679952 3889.82184191157 0
554 10892.28889567404 9830.447404568204 0
555 10111.1574213078 9808.741401594598 0
556 9100.368617761598 9821.189389406551 0
557 17101.2460987999 161.9855363910328 0
558 5911.464141084523 9833.423405872931 0
559 4891.533913533931 9822.053242966984 0
560 7299.940791845675 9826.801715622147 0
561 8128.695606545487 9817.037767303093 0
562 4100.053332954386 9826.80163553077 0
563 3316.109080647628 9834.947893121283 0
564 7699.956935561762 173.1762131298865 0
565 6326.973986246867 174.5050394702175 0
566 5502.740167246846 169.5811451217696 0
567 4496.695756645249 170.1016782911138 0
568 3502.484685546004 171.7689081262297 0
569 171.5719083966687 4497.186870922796 0
570 173.2050807568885 5900 0
571 167.7988528037695 6700.000107691332 0
572 162.1225649116204 7700.000387521165 0
573 167.8406323958261 3299.536618435096 0
574 170.0257898992932 2505.488082993309 0
575 19809.9534073946 2861.055281745274 0
576 18299.96497905924 9826.819765916505 0
577 177.1788503648186 1689.000713140534 0
578 2475.133169044488 175.6796771463623 0
579 19829.78377901866 1905.176056469831 0
580 2299.999540438614 9832.207754092598 0
581 1700.016675153947 161.0039614985235 0
582 1500.005714947736 9826.79349202694 0
583 700 9826.794919243112 0
584 18099.99953160909 172.7728576434256 0
585 19506.75339989568 156.9791785424241 0
586 19833.21506713467 499.9999999903403 0
587 302.0084225542068 145.6824751695704 0
588 168.3063722984807 9696.743504128712 0
589 19842.60958979061 9695.227301605553 0
590 14241.12919121751 6089.895241571801 0
591 14261.57344026226 5894.866555391263 0
592 14430.3669301061 5783.943563651779 0
593 14240.04696738753 5700.625795161868 0
594 14398.68391371952 5583.24286755405 0
595 14079.19970444756 5806.404796882889 0
596 14215.82459689673 5505.171234798895 0
597 14373.81738632732 5387.460369921369 0
598 14192.08568777415 5309.247388455741 0
599 14350.21190299774 5192.376706715747 0
600 14530.68808770077 5269.670793299821 0
601 14507.3877544203 5074.862769320596 0
602 14689.58932737153 5154.498948319561 0
603 14664.1418835449 4956.364936783899 0
604 14847.01883791123 5037.153171307265 0
605 14821.42423200455 4838.520088667225 0
606 15004.54081224438 4919.729531028869 0
607 14979.39591650728 4721.973764071014 0
608 15162.10750552946 4802.225563700822 0
609 15136.79499699233 4604.407868443708 0
610 15317.5687541691 4681.86700355092 0
611 15293.68543491343 4485.872519565967 0
612 15476.17285637547 4565.907747338365 0
613 15451.4812877508 4367.705828408208 0
614 15634.29087015695 4448.191956472619 0
615 15609.54843696256 4249.972865931596 0
616 15792.82085053723 4329.452315107364 0
617 15767.60052301623 4131.663544544863 0
618 15951.07880781164 4210.920607226741 0
619 15925.68141741011 4013.210424331195 0
620 16106.76229165088 4090.578565612755 0
621 16083.32576733107 3894.382429466436 0
622 16265.04013926705 3972.173686002443 0
623 16241.59574859087 3775.819425667215 0
624 16059.78931409716 3697.989071922721 0
625 16218.09746874333 3579.401138879407 0
626 16036.17242940009 3501.630510163858 0
627 16400.02978598228 3657.246947819271 0
628 16376.40278255018 3460.67814463237 0
629 16558.55960205802 3538.603438517727 0
630 16535.02740680454 3341.912870182019 0
631 16717.23288584714 3419.861863922028 0
632 16693.61201103103 3222.99891783748 0
633 16288.57843126145 4168.263816631953 0
634 16876.51973086844 3301.847633699704 0
635 16853.22942215899 3105.146539539493 0
636 16670.07446020345 3026.202277921542 0
637 16828.96460704509 2907.227188102854 0
638 16646.34088831742 2829.045441143257 0
639 17012.21330340278 2986.263563268345 0
640 16987.892030904 2788.167688233259 0
641 17171.36311966189 2867.416887645114 0
642 17146.9160767642 2669.050501690497 0
643 17330.49630746207 2748.349693295066 0
644 16899.86791094084 3498.662606929597 0
645 17306.01748457385 2549.841936812243 0
646 17488.85167603682 2628.077752170302 0
647 17512.82891797102 2826.702323143391 0
648 17464.97673367661 2430.304081466927 0
649 17282.10913883477 2352.098365621837 0
650 15427.05846208853 4171.335826134541 0
651 17671.65447717893 2706.358735141574 0
652 17695.33446651265 2905.320218099093 0
653 17441.30038051959 2232.714536848915 0
654 17258.25001316947 2154.436242044143 0
655 15818.70813887162 4530.082005235708 0
656 17854.51588057523 2784.714124063368 0
657 17878.08610656333 2982.009070175509 0
658 17417.60885144742 2035.032697273091 0
659 17234.46625793189 1956.728506657015 0
660 18037.45042573033 2862.720710125648 0
661 18061.11215201273 3060.455240190106 0
662 17393.90602272657 1837.284451628912 0
663 17577.0860718031 1915.722147603817 0
664 17210.71180746434 1759.040241897055 0
665 14954.08193240958 4525.161966330214 0
666 17051.30257138266 1878.438670722298 0
667 17027.53496598372 1680.734267765716 0
668 16868.16562002268 1800.132252451152 0
669 16844.35112280161 1602.462030137139 0
670 16685.13406015238 1721.818689720941 0
671 18220.54694542347 2941.083870847311 0
672 18244.18487465776 3138.848810339165 0
673 18084.74790103935 3258.211939142597 0
674 18267.77188081701 3336.615957916139 0
675 18108.36597838662 3455.918060950709 0
676 18291.363397811 3534.337534470058 0
677 18132.00236016394 3653.609318186043 0
678 18314.98470282049 3732.024984034055 0
679 18155.64438383234 3851.273208091258 0
680 18338.55986013636 3929.629719829819 0
681 18179.27689057919 4048.827182659641 0
682 18362.14001149857 4127.188770989227 0
683 18202.90299254186 4246.346369892476 0
684 18385.72463442381 4324.677731301694 0
685 18226.49024479283 4443.800857933324 0
686 18043.7839999606 4365.515479659867 0
687 18067.3594091917 4562.893401109497 0
688 18250.00884292414 4641.106900723387 0
689 18090.95570094708 4760.147418081693 0
690 18273.48749801136 4838.373103278958 0
691 18113.81973988789 4956.436206908873 0
692 17931.89208972367 4878.958618269567 0
693 17955.43259028313 5076.052647435622 0
694 18137.32606217152 5151.451108995757 0
695 17978.58186829168 5272.695656961817 0
696 17796.67867944437 5194.966688029159 0
697 17820.1048482514 5391.864869663091 0
698 18001.93575344305 5470.050180144804 0
699 17842.41940339253 5588.934249109035 0
700 18025.26348372283 5666.951255070834 0
701 17865.66169463027 5785.762258852581 0
702 17638.0175467481 5313.810523907067 0
703 18048.72374666602 5863.766294823368 0
704 17889.57373203019 5983.167895966476 0
705 18072.11511567075 6060.682764394914 0
706 17912.30754074324 6180.519586405631 0
707 18095.57219734871 6257.575233918311 0
708 17936.19489987969 6376.687089870007 0
709 18119.15830000476 6454.284030397412 0
710 17959.95559853057 6573.466446632581 0
711 18142.67041440657 6651.091718201847 0
712 17982.84357048983 6770.607840204942 0
713 18166.04611721266 6848.004943716815 0
714 18006.62698787329 6967.057748273904 0
715 18189.56156989989 7044.88356085158 0
716 18030.83255421078 7163.539969650254 0
717 18213.19369042966 7241.81523193594 0
718 18053.93633249237 7360.839163832064 0
719 18236.6587951559 7439.028614088028 0
720 18077.3744123917 7558.044430528581 0
721 18260.171077347 7636.340058712228 0
722 18100.97186584189 7755.309052692456 0
723 17918.00007791357 7677.140961581425 0
724 17941.80659790355 7874.206688171669 0
725 18124.4278216787 7952.677049269452 0
726 17965.13763890931 8071.618695871199 0
727 17782.48292980331 7993.132719582338 0
728 18147.87369137941 8150.121408930616 0
729 17705.18875343104 5906.98110786559 0
730 17847.04316162613 7086.601074809299 0
731 17805.84690115478 8190.509742345941 0
732 17623.26324482762 8112.144945690163 0
733 17776.02586005452 6497.050132044926 0
734 18196.87962522689 2743.306687186001 0
735 18207.98194134339 5745.02842073986 0
736 17553.36881927967 1717.800176170258 0
737 17736.64954649375 1796.294843737053 0
738 17646.61461335823 8309.401840502 0
739 17464.17800735457 8230.899548810141 0
740 17440.82558466277 8033.840189908822 0
741 17281.85388412188 8152.482586145046 0
742 18278.40186349735 6334.446228895192 0
743 17305.11164039553 8349.496557119339 0
744 17122.89105641569 8271.176523504895 0
745 18372.18949560847 7122.929536621814 0
746 16661.19426627195 1524.155318669585 0
747 16501.98006448453 1643.506659379152 0
748 17712.89697790121 1598.258185562198 0
749 17896.22453929708 1676.685793782014 0
750 18380.04933304682 2821.709171648728 0
751 17146.13281597098 8468.062219274514 0
752 16963.94540438951 8389.771297884497 0
753 18356.3665617577 2623.806641096798 0
754 17258.2230096718 7955.273089037977 0
755 18474.30939311775 3612.847043960357 0
756 16478.06762134222 1445.72715576675 0
757 16318.7041630722 1565.218371331475 0
758 17003.22163474411 1482.886272523511 0
759 17872.48489011274 1478.649214940961 0
760 18055.88457114498 1557.105656008041 0
761 18539.66022830196 2702.286958594948 0
762 18515.85062961475 2504.512263218291 0
763 16343.30903997464 1763.428644685564 0
764 16159.69437214642 1685.012302378621 0
765 16135.61807484347 1487.030527651449 0
766 15976.31136841654 1606.511814961389 0
767 16000.33205070267 1804.364517771813 0
768 15817.13016773612 1725.945946849722 0
769 15840.92805415768 1923.370943845136 0
770 15657.92190045785 1845.167805988014 0
771 15682.45190294827 2043.305839627732 0
772 15499.09710466217 1964.564261260086 0
773 15523.65725374976 2162.531043719984 0
774 15340.56942715498 2083.85155444037 0
775 15365.1540958173 2282.169560486173 0
776 15182.24985002831 2202.93994951436 0
777 15206.31378133108 2401.404643371997 0
778 15158.16950485596 2005.928794633883 0
779 14999.52241257462 2124.842118831645 0
780 14975.75501950526 1928.126909297221 0
781 14817.04011546786 2046.762577322028 0
782 14793.41111603918 1850.27578696604 0
783 14634.93565629922 1969.207527438731 0
784 14658.02958591535 2165.776068342112 0
785 14611.11280748761 1772.591407482247 0
786 14452.56318032672 1891.25341369232 0
787 14428.86442034689 1694.72691872939 0
788 14270.25973883121 1813.398246655649 0
789 14246.54497989611 1616.989424872613 0
790 14088.1226917242 1735.765863927378 0
791 15634.06930803764 1647.799432021651 0
792 14768.45116392028 1652.825015352429 0
793 14064.24864821722 1539.331531602304 0
794 13905.83104158694 1657.980495536609 0
795 13882.04416422791 1461.397435134074 0
796 13723.58989260945 1580.17080099816 0
797 14111.10598721205 1932.385571000093 0
798 13699.69703964533 1383.745659091928 0
799 13541.24056793983 1502.345373096443 0
800 18545.02699413461 4205.483806262651 0
801 14220.85330182533 1419.470048985116 0
802 16987.17679775904 8586.612449642875 0
803 16805.0970610097 8508.219644289004 0
804 15549.69348621963 2361.571849315739 0
805 17169.41599323542 8665.088707996911 0
806 13517.33124995972 1306.058948475551 0
807 13358.90149458401 1424.552369117405 0
808 18032.13598550064 1359.007643969605 0
809 18215.63237039121 1437.512220812491 0
810 17848.66523856647 1280.54355713068 0
811 15345.97350266796 4885.281497904808 0
812 16781.88492194212 8311.498228187476 0
813 16623.20508031266 8429.867978385651 0
814 16646.25716227339 8626.580918118154 0
815 16464.42178615446 8548.20852085924 0
816 13334.99533818216 1228.234243498354 0
817 13176.59219658622 1346.777801979391 0
818 17972.99069451857 3773.259227558803 0
819 18699.29528304475 2582.785833023942 0
820 18675.57662592201 2385.160127801861 0
821 18722.97901457635 2780.803472657507 0
822 13565.11029030658 1699.044048465959 0
823 16487.405867881 8744.886070464205 0
824 16305.55150474647 8666.538912700049 0
825 18191.86148546793 1239.321578807535 0
826 18375.42256544451 1317.858791110131 0
827 14481.14138864328 4876.857266225406 0
828 13673.21135021003 1186.238236070157 0
829 13152.81846504268 1149.910442163956 0
830 12994.30185626082 1268.915101294914 0
831 13018.07764229344 1465.623420482076 0
832 12835.79317519587 1387.883022965401 0
833 12811.99004352249 1191.127817673212 0
834 12653.47170396114 1310.180097609424 0
835 12629.59875878252 1113.390450209205 0
836 12471.14283547396 1232.516909104728 0
837 16600.01877067465 8233.260683725315 0
838 18882.70852162691 2661.257760663347 0
839 18906.39134099543 2859.433149440325 0
840 16328.49220749472 8863.177976019866 0
841 16146.64236380178 8784.88310125345 0
842 12495.04137396334 1429.237238585087 0
843 12312.7413843918 1351.579620081754 0
844 12288.78928303826 1154.936946285652 0
845 12130.4733474412 1274.066016831531 0
846 12154.45152334352 1470.649361418134 0
847 11972.31190681882 1393.160406646222 0
848 11948.16341585863 1196.567532259147 0
849 11789.98925079266 1315.730689484503 0
850 11765.76094461294 1119.069252490801 0
851 11607.4914788496 1238.342014885434 0
852 11632.37885072661 1435.096248300518 0
853 11449.70899567183 1357.783562046271 0
854 11425.13827003229 1161.028355364769 0
855 11266.95787692407 1280.346415628422 0
856 11291.66687678906 1476.992364853199 0
857 11108.76350039938 1399.644695844684 0
858 11084.45171915858 1203.003598493853 0
859 10926.3339628688 1322.443901847102 0
860 10950.62784404201 1518.994708449639 0
861 10768.28803422086 1441.862017333219 0
862 10792.72168325451 1638.280149630726 0
863 10610.39400127383 1561.218480742107 0
864 10585.94861103114 1364.756179107584 0
865 10428.64702509297 1485.035196542985 0
866 10452.45047093195 1680.653724748244 0
867 10270.4388023739 1604.095833372764 0
868 10294.56190109834 1800.045153997443 0
869 10112.91615783541 1723.92517164833 0
870 10138.46620624202 1921.836312881521 0
871 9955.320661096326 1843.613199766918 0
872 9980.981952050572 2041.640666762562 0
873 9797.026254955972 1962.294185660514 0
874 9822.084858322125 2161.193840994315 0
875 9639.574328761404 2082.33111120011 0
876 9663.632596867537 2280.756865756181 0
877 9481.689137926531 2201.734072186708 0
878 9505.303771303976 2397.352427534818 0
879 9323.590556504731 2320.146579127019 0
880 9349.495153819675 2518.466577375207 0
881 9166.273083955704 2440.089206261104 0
882 9192.120396012191 2638.231518398528 0
883 9008.237993161922 2559.120224448836 0
884 9034.793705416509 2758.216162426769 0
885 8850.455198850294 2678.548865115233 0
886 8877.062916922821 2877.732400496634 0
887 8692.624233582043 2797.979715504955 0
888 8667.778116995265 2601.065518704625 0
889 8509.79314168607 2720.451992467029 0
890 8485.212189034641 2523.808200831362 0
891 8327.040919459463 2643.576137748658 0
892 8717.153116876278 2994.37464693416 0
893 8302.603084194539 2446.657414424355 0
894 8144.345421750588 2566.524393474112 0
895 8120.221166980305 2369.858515681538 0
896 7961.74059162632 2489.146354303181 0
897 7938.56696625591 2292.450322487782 0
898 7779.065904764188 2412.02036484855 0
899 7755.617871215451 2214.736006558598 0
900 7596.134083906152 2334.724602181068 0
901 7571.954715020779 2136.599503538522 0
902 7412.976938393094 2257.315525537156 0
903 8280.040883839472 2249.725596906035 0
904 7985.778715707755 2686.729772547849 0
905 7388.575168998203 2058.911871040831 0
906 7229.817892554687 2179.90754560648 0
907 7254.374534816634 2377.335306549196 0
908 7071.258103692914 2300.041551566317 0
909 7046.63144432521 2102.753918789323 0
910 6888.066443616539 2222.777593186364 0
911 6863.431756047868 2025.417387731799 0
912 6704.798012472153 2145.473265372269 0
913 9460.584641262603 2003.923286386405 0
914 6680.135734262974 1948.058183559265 0
915 6521.490809095225 2068.138008148034 0
916 6546.098789171009 2265.579536669091 0
917 6362.812402021736 2188.244482204965 0
918 6338.164164695715 1990.79712639448 0
919 6179.499457592619 2110.907065429537 0
920 6204.181317575056 2308.347387960731 0
921 6020.879155326562 2231.03709240529 0
922 5996.143601197666 2033.568028155977 0
923 5837.494924023977 2153.735654317537 0
924 5812.739296082243 1956.224505205515 0
925 5654.068569780944 2076.420779426665 0
926 5678.893693229369 2273.890911092374 0
927 5495.414671730035 2196.604084466464 0
928 5470.635918449883 1999.093462539829 0
929 5311.965502884672 2119.324398812858 0
930 5336.74929502685 2316.811465815865 0
931 5153.312032100964 2239.556467314348 0
932 5178.099905524833 2437.036025955227 0
933 4994.664526096254 2359.78546309605 0
934 4969.870235065623 2162.264636109197 0
935 4811.223729661257 2282.517499970242 0
936 4836.029178285915 2480.024657526342 0
937 4652.588846082374 2402.770148571901 0
938 4677.427717740381 2600.255805002896 0
939 4493.965802366979 2523.025557221436 0
940 4469.118981178081 2325.492385028485 0
941 4310.461022026708 2445.782177229391 0
942 4335.322415365902 2643.332824855938 0
943 4151.80529064455 2566.085326594849 0
944 4176.650957471762 2763.637461132111 0
945 3993.202678325535 2686.462483241495 0
946 4018.010584553958 2883.95585660346 0
947 3834.558485446056 2806.783033468955 0
948 3859.360665286573 3004.270245221149 0
949 3675.927223637756 2927.126753254156 0
950 3700.709334134988 3124.591789977722 0
951 3517.267971976255 3047.445473373755 0
952 3542.048271539814 3244.915703750035 0
953 3358.630055464727 3167.809902525985 0
954 3383.38660810178 3365.254273439423 0
955 3332.621081547715 2970.999042321383 0
956 3199.951728974465 3288.144629035181 0
957 3224.707289989043 3485.60024201066 0
958 3041.276740397511 3408.515004905635 0
959 3066.012698052577 3605.961971332094 0
960 2882.556907956421 3528.870804055133 0
961 2907.311062244524 3726.396434484364 0
962 3967.818996168309 2489.01338629554 0
963 2723.840364858594 3649.29359476833 0
964 2748.556774977277 3846.77533801169 0
965 2697.68274471307 3452.747900347839 0
966 2564.52768558917 3771.050060743862 0
967 2589.809660462268 3967.30535999605 0
968 2773.424166009603 4044.449970795355 0
969 2614.675127390363 4164.862964329534 0
970 2798.29941743072 4242.10731510099 0
971 2639.573460228827 4362.501961613534 0
972 2429.908117745394 4089.329167912646 0
973 2823.171146489583 4439.745396337679 0
974 2664.481318075432 4560.114565029773 0
975 2847.175706619439 4637.469045410534 0
976 2689.237157777809 4757.718392551319 0
977 2872.419477093844 4835.006788506829 0
978 2714.167702472419 4955.300808850155 0
979 2530.697954214302 4878.048682041688 0
980 2555.600605472324 5075.633775909417 0
981 2739.153258281896 5152.85975902468 0
982 2580.541600939011 5273.201569144316 0
983 2764.08091796328 5350.403794495514 0
984 2605.464124005646 5470.746258428258 0
985 2788.982667124363 5547.931988450829 0
986 2630.378973837245 5668.274803341552 0
987 2813.888431648056 5745.455356551267 0
988 2655.290652710099 5865.795551687966 0
989 2838.7928052852 5942.971601619495 0
990 2678.177028505654 6063.588924178858 0
991 2863.363263507747 6140.509025190907 0
992 2702.689776926938 6261.160872987601 0
993 2888.162949032432 6338.05785124699 0
994 2729.535089894725 6458.43269564326 0
995 2913.512528950792 6535.573464995539 0
996 2754.829956605792 6655.943848196055 0
997 2938.469517440573 6733.151496660103 0
998 2779.801945165496 6853.535854898487 0
999 2963.447109788353 6930.772199385367 0
1000 2804.728396965476 7051.180449489877 0
1001 2988.40880353785 7128.434500248721 0
1002 2829.648256508597 7248.868432595349 0
1003 3013.338155747576 7326.120696626732 0
1004 2645.955589554529 7171.600563531028 0
1005 2670.869913362681 7369.350417952788 0
1006 2545.403852831783 6382.225235356482 0
1007 2487.109151669843 7292.051993404976 0
1008 2512.044817050412 7489.866629416713 0
1009 2446.840549852151 5591.095233385116 0
1010 2328.229651937511 7412.543881213862 0
1011 2353.174609903136 7610.417064365635 0
1012 3172.091322857827 7205.681492301124 0
1013 3197.035405686626 7403.340486917372 0
1014 2372.012455624201 4998.411930831705 0
1015 2169.320917949055 7533.074726000492 0
1016 2194.261222223295 7730.999487246065 0
1017 2378.158327325807 7808.343194604362 0
1018 3007.14362599379 4513.951436874262 0
1019 3357.217740561558 7279.41498802785 0
1020 3380.946646376617 7479.963881537016 0
1021 2219.246449185208 7929.02478697744 0
1022 2403.366094809277 8006.454092347347 0
1023 7733.498861394484 2016.018235029649 0
1024 3541.140323302999 7355.968502730885 0
1025 3564.66076543555 7556.975547713097 0
1026 7095.901361120508 2497.28674501275 0
1027 2035.286062662228 7851.597079912211 0
1028 3566.904111488326 3442.453380179375 0
1029 8902.140591120897 3073.008292287331 0
1030 8741.820332431294 3190.516278561211 0
1031 2060.343693095113 8049.796976718486 0
1032 4201.462852437655 2961.185887336055 0
1033 3727.001138114871 7435.953361272187 0
1034 3752.347069865116 7634.022110698704 0
1035 3590.054051366709 7755.121958656512 0
1036 3773.782329640919 7832.409195803448 0
1037 3931.601834311922 7712.150992127243 0
1038 3956.716990210429 7909.759684974269 0
1039 4119.137878111505 7784.579806002846 0
1040 4140.884214463391 7986.171078802092 0
1041 4299.60867714969 7865.610856874639 0
1042 4324.051624665564 8063.828328950527 0
1043 4482.623768616859 7943.511865999319 0
1044 3614.217972256864 7953.085156372043 0
1045 4507.505831322922 8141.204400762919 0
1046 4666.102709054252 8020.814302990763 0
1047 4691.142573716079 8218.290134293995 0
1048 4849.699865334859 8098.056456201564 0
1049 8927.647892588378 3268.558574022959 0
1050 8766.556757396818 3386.600416039444 0
1051 2947.567964873484 5427.582800276379 0
1052 6838.83474173524 1827.974802367103 0
1053 3072.089101384844 6415.147934771872 0
1054 4166.064479497491 8184.952715575624 0
1055 8950.295738621553 3464.43362492697 0
1056 8790.760507739427 3582.663529784533 0
1057 1876.267172238868 7972.25691034998 0
1058 1901.307359034947 8170.441183623297 0
1059 8979.807554696246 3663.624395392028 0
1060 8814.677659533385 3778.450314859647 0
1061 8632.728765838034 3701.67864650914 0
1062 8656.671266161266 3898.832649643904 0
1063 8843.235980730429 3976.174893944745 0
1064 8682.013479251236 4095.191211553684 0
1065 8867.430377014643 4171.618504170779 0
1066 8707.246364826598 4290.56785577152 0
1067 8888.888056606971 4366.701082510119 0
1068 8731.002523203602 4485.745833566906 0
1069 8914.242517562447 4562.028352102902 0
1070 8754.010086820457 4681.541481192641 0
1071 8938.636599175899 4757.822048707603 0
1072 8778.230744991492 4877.381852356447 0
1073 8961.542487972545 4953.992376568014 0
1074 8803.926212746524 5073.148506391142 0
1075 8988.196450125306 5151.584414699706 0
1076 8828.965105187972 5269.298634981985 0
1077 9010.681467176972 5346.748510716555 0
1078 8853.201683495632 5465.135772607166 0
1079 9035.061159540504 5541.662672860919 0
1080 8877.615705483169 5660.916336246388 0
1081 9064.116221710841 5738.817471831317 0
1082 8902.893087276007 5856.983456431798 0
1083 9087.382561193832 5934.232946619826 0
1084 8926.575138768503 6052.995433051921 0
1085 9111.244741628871 6129.713249512782 0
1086 8951.064002880708 6249.21863763223 0
1087 9135.719441824265 6325.864781007844 0
1088 8975.966255439334 6445.527734980576 0
1089 9158.392559725011 6522.583566344681 0
1090 9000.230635139706 6642.022405631095 0
1091 9183.658230414399 6719.49899711459 0
1092 9024.829978200418 6838.654419034483 0
1093 9207.592074673677 6915.872846764138 0
1094 9049.272544992613 7035.292833184729 0
1095 9231.87101988114 7112.297229569748 0
1096 9390.105144760242 6992.839345766072 0
1097 9414.557862620068 7189.342736019436 0
1098 9572.853994155612 7069.994700265102 0
1099 9597.383155272568 7266.056645597948 0
1100 9755.556367022986 7146.988842918713 0
1101 9780.077862902559 7343.013344394387 0
1102 9937.945068234432 7223.655643444939 0
1103 9073.763777485769 7232.007710483902 0
1104 9962.665426611349 7420.020373047484 0
1105 10120.53844605309 7300.610891797302 0
1106 10145.29240850822 7497.019472725264 0
1107 10303.20977677074 7377.628205212925 0
1108 10327.93084365591 7574.047998949509 0
1109 10485.8578305498 7454.644010298387 0
1110 10510.57552065063 7651.060333956061 0
1111 10668.587119639 7531.778651983442 0
1112 9803.340961024505 7538.615077881857 0
1113 8891.032250408794 7154.901540610796 0
1114 8915.573721403649 7351.755121918364 0
1115 10693.21768554306 7728.103434906528 0
1116 10851.22609179728 7608.82086350016 0
1117 8732.730864939098 7274.596675444833 0
1118 8757.322772674632 7471.548850232853 0
1119 8574.420787127394 7394.357429545402 0
1120 8599.028810647587 7591.374688670695 0
1121 10875.84497700199 7805.094735945505 0
1122 11033.70331289863 7685.6937919364 0
1123 8415.833741506929 7514.086769879032 0
1124 8440.031509836303 7710.483499980604 0
1125 8257.213002095154 7633.847649488396 0
1126 8620.690854916515 7786.53547996031 0
1127 11058.32553308281 7882.293972468926 0
1128 11216.24900458249 7762.706783537789 0
1129 8281.879884317246 7830.742796038433 0
1130 8098.950410890844 7753.878697670161 0
1131 9914.343651555602 7027.333116267137 0
1132 11240.88928172761 7959.311967814254 0
1133 11398.80022217438 7839.660123617061 0
1134 11374.20903473293 7643.162384638595 0
1135 11556.65510492047 7720.138410703764 0
1136 11581.25919548442 7916.40620022584 0
1137 11739.03382858022 7796.877601451908 0
1138 11714.38946715381 7600.645269523361 0
1139 10534.26512828492 7846.975701823071 0
1140 11896.68742192743 7677.440219700251 0
1141 11921.37316052846 7873.622189852579 0
1142 10644.44446989585 7335.471649165782 0
1143 9273.045676492759 6011.55021759927 0
1144 8123.047173688034 7950.287835674631 0
1145 7940.323165977149 7873.60119353528 0
1146 11872.01163839903 7481.288142868339 0
1147 12078.96980401547 7754.191089555998 0
1148 12103.63985762679 7950.389620294052 0
1149 11082.88310054469 8079.037431029225 0
1150 7965.06040377846 8071.019649179832 0
1151 7781.795404587401 7993.670933055942 0
1152 8147.015054268433 8146.429405785763 0
1153 8474.50611814022 3822.234416460695 0
1154 12261.23970953578 7830.905056944497 0
1155 12286.01427805051 8027.138344350167 0
1156 12128.28871827822 8146.722404832466 0
1157 12310.72934606767 8223.498986322069 0
1158 7806.60432049899 8191.238595049548 0
1159 7623.284119629567 8113.878904017354 0
1160 12468.45149318356 8103.865016940428 0
1161 12493.26541847098 8300.108813225334 0
1162 8791.147650287356 6367.794466339952 0
1163 4874.781019315019 8295.407508330329 0
1164 5027.236810708575 8175.962362605997 0
1165 8390.139808705697 7316.670184598448 0
1166 2144.385419150718 7335.17152279793 0
1167 3698.734591690782 7222.256374635697 0
1168 9935.022114276946 1645.697979044899 0
1169 7915.54631728344 7676.106716348645 0
1170 5057.499655354863 8372.450940048986 0
1171 5231.669224325133 8235.193492742761 0
1172 7647.965545507089 8311.381464851991 0
1173 7464.62466171729 8233.990670024534 0
1174 7439.817885284385 8036.466335984018 0
1175 7281.186526295253 8156.544486485689 0
1176 9197.359798523477 5426.222089221012 0
1177 5244.354339709129 8446.860409899768 0
1178 5410.203430017196 8335.060797648046 0
1179 1717.186472609666 8092.899387596417 0
1180 1742.158156868558 8291.010789178177 0
1181 1926.399177884541 8368.562337554413 0
1182 1693.272981103375 7895.860173535615 0
1183 12650.90863276925 8180.535272901143 0
1184 12675.75006662521 8376.811425294241 0
1185 12152.94665629009 8343.225960801981 0
1186 7306.513487306222 8355.565589974667 0
1187 7122.82518621805 8278.476318211795 0
1188 7097.923714118651 8079.205209612513 0
1189 6941.602411106539 8199.21943607195 0
1190 6972.216045922571 8409.878838424864 0
1191 4717.669467852901 8416.526821551073 0
1192 8547.842267635251 4411.369361635797 0
1193 4279.668455987635 7666.359513501381 0
1194 5427.592327709724 8527.623061449531 0
1195 12827.17845490134 8258.050141613088 0
1196 12857.28460462684 8453.442250028696 0
1197 12808.5584172278 8060.973718648747 0
1198 8720.042601474248 5780.085711317652 0
1199 1558.057859178061 8213.55057807011 0
1200 1583.051169017703 8411.714956523007 0
1201 8621.432237583862 4997.103825268069 0
1202 5008.328136645564 7977.651865610275 0
1203 5586.225843021085 8407.75224339182 0
1204 5561.389543465104 8210.969091793919 0
1205 9110.706314734653 3345.082552821455 0
1206 9126.891573092893 4837.286555390499 0
1207 6914.969275962095 8001.734924146184 0
1208 5609.930328254332 8604.676291586329 0
1209 12702.05119753956 8573.351385987045 0
1210 13026.56388434525 8304.753393471485 0
1211 13042.58264062529 8524.757712466551 0
1212 9045.509003367179 4247.245456589696 0
1213 1398.9035958524 8334.247725391024 0
1214 1423.912063126489 8532.469099508464 0
1215 9530.070442735543 2593.022443574597 0
1216 13198.32765216691 8410.726253900797 0
1217 13223.59008065382 8605.821678189581 0
1218 5268.249801259763 8646.854711737988 0
1219 10407.58672263073 1286.883934948738 0
1220 13380.83070980947 8487.263526703318 0
1221 13405.86404319461 8683.136197160215 0
1222 6760.372608837812 8129.349339746608 0
1223 6731.283399835749 7927.618406901667 0
1224 6889.998719100383 7804.874585348834 0
1225 13563.2701339668 8564.061170326326 0
1226 13588.28902489985 8759.982090831481 0
1227 1239.732941720842 8454.995470814738 0
1228 1214.748233003234 8256.756447424432 0
1229 1264.721006284741 8653.237417404011 0
1230 1448.928653218203 8730.712381247753 0
1231 5768.430204670275 8484.17284855061 0
1232 5793.160102718891 8681.755014077273 0
1233 13745.80381934398 8640.855148357334 0
1234 13770.81352597187 8836.645488183451 0
1235 13928.31735822272 8717.585962495696 0
1236 13250.96006879918 8803.551887367908 0
1237 13351.9200902037 8305.245415651898 0
1238 10322.67864230942 1998.60825427006 0
1239 6706.759208981402 7726.910674654435 0
1240 6865.356521297474 7606.984100650539 0
1241 6547.275129230969 7849.47124197809 0
1242 13953.32327542725 8913.396814225162 0
1243 14110.84529179995 8794.320252540929 0
1244 1289.717943204978 8851.503571052552 0
1245 1473.934893207659 8928.976589339567 0
1246 14135.60995808725 8990.76539878959 0
1247 14293.34867616492 8871.163769332441 0
1248 18351.6400008247 1119.596694123547 0
1249 18535.2342223013 1198.146755442988 0
1250 18558.98772968244 1396.437485386259 0
1251 18718.86034718221 1276.723705487693 0
1252 18742.59467768164 1475.03562933166 0
1253 18695.10889070938 1078.40928802759 0
1254 18878.76364013805 1156.992582369593 0
1255 16509.93538326477 8941.864891441341 0
1256 5951.79460081686 8561.209684679498 0
1257 5976.766024257681 8758.924446554236 0
1258 5817.936001430305 8879.446699344129 0
1259 16169.68781677756 8981.699572997524 0
1260 15987.72329811143 8903.268508457557 0
1261 1055.549422209346 8377.515760814582 0
1262 1030.564863353022 8179.249217013737 0
1263 6003.458303828652 8952.688114886021 0
1264 6160.847311864542 8835.460801587531 0
1265 6523.46225651647 7649.986479839083 0
1266 6363.840627797442 7772.332096030642 0
1267 15964.62922008751 8706.490356709184 0
1268 15805.65619271022 8824.820262176458 0
1269 10974.81102628352 1715.379946031722 0
1270 15952.43351992313 1408.767490974166 0
1271 11009.42917774105 7489.370300500292 0
1272 10004.37725386175 2239.746738526548 0
1273 15865.46246368551 2121.484851394426 0
1274 10279.37276038742 7181.57961682064 0
1275 12236.50710998225 7634.750910328474 0
1276 9548.810661227608 6873.307658937778 0
1277 17925.67981738773 3377.933162777832 0
1278 17884.79786411275 4484.667226684482 0
1279 16709.14061962354 1919.775763871337 0
1280 2957.00630914156 4121.725720012057 0
1281 3330.418085444033 7077.749635282724 0
1282 7278.930703407301 2574.57605959068 0
1283 7120.545255122558 2694.441488942838 0
1284 7303.486017932004 2771.678554849464 0
1285 7145.175862459623 2891.497903990024 0
1286 7328.036783199775 2968.700859958761 0
1287 7169.759281616471 3088.482758281065 0
1288 6986.890742521629 3011.312159281784 0
1289 7352.595950475064 3165.634400931745 0
1290 7011.492843953182 3208.27426177259 0
1291 6829.635020798893 3130.988047580293 0
1292 6853.442987503553 3328.040194023207 0
1293 6672.238846159753 3246.951178420497 0
1294 4641.085883139894 7823.282726633959 0
1295 2997.369384998216 5822.623854357087 0
1296 3884.201231853698 3201.78815436254 0
1297 7036.108250688845 3405.207991894076 0
1298 6877.948452937088 3524.945918861835 0
1299 7060.668313767579 3602.067672693777 0
1300 17614.5879613501 5117.043043672028 0
1301 17455.99635512917 5235.705289019679 0
1302 17432.52453975473 5039.098231862981 0
1303 17274.00651777319 5157.695046476714 0
1304 17250.53183651163 4961.154391820495 0
1305 17092.1460641971 5079.788257138217 0
1306 17115.55837599261 5276.167121095973 0
1307 16933.73687006039 5198.270110367924 0
1308 16957.16142799877 5394.4971279711 0
1309 16775.58431367324 5316.747547505463 0
1310 16798.95380237441 5512.778150015972 0
1311 16617.49769311051 5434.970926939891 0
1312 16594.08970040873 5239.055470731852 0
1313 16436.11386780934 5357.243743298449 0
1314 17068.66586532251 4883.302984494579 0
1315 16640.77008331583 5630.804271099113 0
1316 16822.20672920901 5708.664307182084 0
1317 16664.13846652581 5826.685598588554 0
1318 16844.89176304846 5904.576658067184 0
1319 16687.4736771995 6022.582281389039 0
1320 16868.41172853112 6100.351650803416 0
1321 16710.82737990301 6218.369904942167 0
1322 16891.39212102697 6296.114528884685 0
1323 16412.72741702585 5161.415566463615 0
1324 16254.86351225508 5279.657823113484 0
1325 16278.22357141418 5475.339689418612 0
1326 16097.12048505524 5397.779092157616 0
1327 3248.861445618734 3683.448656405949 0
1328 11689.85252849261 7404.537504784237 0
1329 11847.32046254819 7285.226593834856 0
1330 11665.35802197497 7208.506008190245 0
1331 11822.70070816916 7089.282667157227 0
1332 11640.85048817826 7012.599230734892 0
1333 11798.13541384933 6893.468724386117 0
1334 11979.91546847944 6970.071462114356 0
1335 11616.30057168093 6816.816015334504 0
1336 11955.33556320867 6774.385119490306 0
1337 12136.98435552519 6850.898688252074 0
1338 12112.433238048 6655.420192283217 0
1339 12293.94222848686 6731.858220045002 0
1340 12269.40270445981 6536.526388312773 0
1341 12450.79923704939 6612.945378967264 0
1342 12475.36666604816 6808.214210359609 0
1343 12632.14914635377 6689.277871173446 0
1344 12656.76479744691 6884.523934498033 0
1345 12607.58050375849 6494.139266812095 0
1346 12788.82147318774 6570.415974385285 0
1347 12764.30201041726 6375.42223396129 0
1348 12945.41428431766 6451.640899131442 0
1349 12087.72874050626 6459.826058691737 0
1350 12920.89698094651 6256.741188822809 0
1351 13101.91083498931 6332.913416458758 0
1352 13077.38872595765 6138.089434605798 0
1353 12970.33948508697 6646.822766471209 0
1354 5361.597579788977 2514.23760252698 0
1355 4860.846369992506 2677.503397283735 0
1356 11265.60929607221 8156.069024404794 0
1357 11107.48861237375 8275.868082116398 0
1358 11290.38124172593 8352.997447062946 0
1359 11132.10584614793 8472.886340596813 0
1360 11315.15622907552 8550.061786383063 0
1361 11156.74915183176 8670.042963638496 0
1362 10973.62215776169 8592.798422644293 0
1363 11339.90774130267 8747.229981308559 0
1364 10998.25717646753 8790.100378766936 0
1365 10814.9847341534 8712.780065822415 0
1366 10839.65641531723 8910.226391395307 0
1367 10656.30075965526 8832.864062163315 0
1368 5287.166541610095 1921.780916894948 0
1369 9320.32857143718 6403.910802725022 0
1370 11459.04683009728 6935.927433097566 0
1371 11434.51232413625 6740.152850376037 0
1372 11277.2726023908 6859.227348748644 0
1373 11252.80774522097 6663.469945510187 0
1374 11410.01000644935 6544.442754295593 0
1375 11228.33902359008 6467.792238563772 0
1376 11071.12523432013 6586.773163855006 0
1377 11046.68387649417 6391.115654032712 0
1378 10889.47207482247 6510.082095472355 0
1379 10865.70169545149 6315.291119197001 0
1380 10707.90606293959 6433.550379548799 0
1381 10680.66112849162 6247.046139863773 0
1382 10525.67290364919 6358.29531181577 0
1383 10497.65854835343 6171.118227102976 0
1384 10343.63245576987 6281.960021427606 0
1385 10319.20922348394 6086.298415096315 0
1386 10464.70234954206 5980.450417657906 0
1387 10291.8043603943 5895.266898320436 0
1388 10137.6225432382 6008.984541023064 0
1389 10113.29088986715 5813.24614098442 0
1390 3038.335154358609 7523.748263042814 0
1391 4786.401893641195 2084.972631932634 0
1392 8558.998556445611 3113.759675990169 0
1393 4285.594666095669 2248.198019702132 0
1394 18568.59456938911 4403.105925064369 0
1395 18727.99411640046 4283.827400448668 0
1396 18751.58858730727 4481.546750531294 0
1397 18911.05205045421 4362.265997012256 0
1398 18934.6245778903 4560.064091139497 0
1399 18887.43966186303 4164.440726015879 0
1400 1105.504955611874 8774.020058494822 0
1401 1130.495407937942 8972.316068484157 0
1402 6045.616503710606 2428.449250539774 0
1403 18307.24371543949 8031.15634098458 0
1404 18330.72222222706 8228.727753504249 0
1405 18490.19852347927 8109.648729095542 0
1406 18513.64594213929 8307.36288834872 0
1407 18354.05949986731 8426.540760732922 0
1408 18537.13276807872 8505.206213292706 0
1409 18377.46360052728 8624.456067278988 0
1410 18560.62075145566 8703.148047482853 0
1411 18673.21894875592 8188.137979336974 0
1412 18400.82578976985 8822.442334220283 0
1413 18584.05418751862 8901.207435898345 0
1414 18743.90332355095 8781.832574028227 0
1415 18767.36628547515 8979.983845380846 0
1416 18927.28230587858 8860.547970136173 0
1417 18649.653374364 7990.477805050996 0
1418 18832.83653959849 8068.900947906036 0
1419 18809.10056892275 7871.246762858298 0
1420 18217.80531567118 8743.644968536593 0
1421 18241.07154766656 8941.684457299902 0
1422 18058.02144356741 8862.897016216466 0
1423 18168.03262555687 1041.071203486965 0
1424 15877.91929686557 3620.178962862848 0
1425 15854.29356536029 3423.821836234369 0
1426 15696.02943063161 3542.365981500222 0
1427 15672.45505066585 3346.033466252023 0
1428 15514.24468156099 3464.584894424892 0
1429 15830.62740539143 3227.501107735286 0
1430 15490.65992839753 3268.295617373167 0
1431 15332.50291153587 3386.81649879569 0
1432 15308.93372329208 3190.581282523818 0
1433 15150.81584232784 3309.104472178071 0
1434 15174.36823585884 3505.213571604942 0
1435 14992.75941613134 3427.535322445885 0
1436 14969.2535088997 3231.507571689224 0
1437 14811.27458479373 3349.870397498586 0
1438 14787.51449223376 3154.489297601655 0
1439 14629.82862023063 3272.319446189766 0
1440 14653.3239146057 3468.139678902516 0
1441 14606.04122804238 3077.04948783876 0
1442 14448.44623057383 3194.838456308352 0
1443 14424.56612735871 2999.780801079019 0
1444 14267.12819756041 3117.399411421115 0
1445 14239.71700941689 2921.576301784774 0
1446 14290.65759326158 3312.92501005191 0
1447 15016.29470072917 3623.478727145358 0
1448 12859.67933497312 1584.44082032903 0
1449 6655.453439877652 1750.563732265905 0
1450 6814.216156001654 1630.464509693466 0
1451 6630.763241984549 1552.991396839358 0
1452 6789.660293801074 1432.76988257085 0
1453 6606.059759731046 1355.273367651001 0
1454 6764.985031358925 1235.028472667856 0
1455 6948.641588484868 1312.552289824829 0
1456 6581.33960581511 1157.494253159628 0
1457 6422.359597448547 1277.79471738116 0
1458 6923.961415464861 1114.757712018111 0
1459 7107.639323346547 1192.325932803221 0
1460 6397.636076371028 1079.93934618794 0
1461 6238.591446646604 1200.296837171547 0
1462 6213.880556111335 1002.372850290481 0
1463 6054.839434580512 1122.758508673632 0
1464 6228.859754526235 2505.733780316753 0
1465 6070.330095346826 2625.784770631362 0
1466 5445.862425259761 1801.507694873512 0
1467 5262.35073554712 1724.151802192568 0
1468 16581.98659884686 3735.171135488771 0
1469 16111.73652207811 1289.280976019975 0
1470 15928.52673682433 1211.004876431844 0
1471 16087.93733894391 1091.457158516623 0
1472 15904.69152559661 1013.172787640596 0
1473 15745.26547614337 1132.748375914097 0
1474 3015.144832092863 3211.850932428571 0
1475 2482.424380324827 4483.440144004576 0
1476 10901.97550008512 1125.705210030584 0
1477 17196.08596958524 3066.756170250261 0
1478 3650.481912038415 2729.779400948077 0
1479 2491.610524987678 5989.94597538319 0
1480 8840.995936038462 6761.18155137232 0
1481 17830.77441032964 2586.912248302378 0
1482 16637.20017713196 1326.395497827073 0
1483 8985.618086339333 2362.898168926889 0
1484 2596.185309063532 6776.993220344753 0
1485 7831.347293836825 8388.759241120057 0
1486 7672.625470162669 8508.925814040585 0
1487 7856.156609525478 8586.370731450035 0
1488 7697.252215941513 8706.599488620806 0
1489 7880.919320151121 8784.078444140147 0
1490 7721.961659846893 8904.370892550662 0
1491 7905.642420736218 8981.876696568028 0
1492 8064.625870656781 8861.533311620773 0
1493 8089.370898881352 9059.381473706233 0
1494 8248.374058707541 8938.994896725739 0
1495 17227.05631093605 4764.649747282502 0
1496 17045.11696911118 4686.716382990103 0
1497 17203.46840137571 4568.082894267479 0
1498 17021.8062416102 4490.083131592153 0
1499 17180.02880502102 4371.452436377252 0
1500 16862.93959949795 4607.561667621938 0
1501 8671.186851054472 5388.156811483437 0
1502 11023.04028051455 8987.562984988941 0
1503 15031.1253407391 5120.209512761592 0
1504 9098.398763463063 7428.876177952554 0
1505 7538.281651777112 8826.851809224341 0
1506 10168.74403371178 7692.87380300091 0
1507 14168.50492764541 5114.307825936874 0
1508 11060.22437683084 1006.145273799538 0
1509 18325.23376394955 6728.724946799277 0
1510 10631.63415835124 8635.23973355148 0
1511 10472.93482539085 8755.435560411104 0
1512 10497.58539430239 8953.000118004147 0
1513 10314.18256627526 8875.539503048485 0
1514 10289.5522159003 8678.007985524451 0
1515 10130.79784865648 8798.066581452926 0
1516 10106.1843847762 8600.543803643137 0
1517 9947.444455507462 8720.583509653352 0
1518 9922.821534530092 8523.089130448639 0
1519 9764.108260112764 8643.120792225056 0
1520 9739.489625898786 8445.642070638129 0
1521 9580.740764366592 8565.641052653702 0
1522 9605.34695358978 8763.196030112573 0
1523 9421.919483936117 8685.67894264184 0
1524 9556.206674212192 8368.165920673844 0
1525 9446.5189168826 8883.325651151867 0
1526 9263.071630521887 8805.776757820009 0
1527 9238.488186986204 8608.135205537066 0
1528 9971.974591674361 8918.112402472118 0
1529 13308.50065466399 1029.361650254759 0
1530 13616.98031483787 8957.7276896193 0
1531 18332.64127748938 2426.007475849113 0
1532 5421.125879294286 1603.827474599616 0
1533 5237.549984488111 1526.416727365554 0
1534 6187.642935178072 9029.169740601486 0
1535 6344.86276761609 8912.466034219608 0
1536 18239.39422905207 1635.748758191596 0
1537 5396.322905480803 1406.227372500003 0
1538 5212.590276356418 1328.872404922587 0
1539 5053.792867442775 1449.044868705277 0
1540 5028.826954397644 1251.442460088224 0
1541 4869.968765103977 1371.652229990244 0
1542 4845.110077720296 1173.765124257566 0
1543 4686.107037172202 1294.226516594154 0
1544 5370.73338846193 1208.79483526873 0
1545 4661.27198384652 1096.252493240506 0
1546 4502.221746843551 1216.769892863441 0
1547 4477.385344529343 1018.750654259662 0
1548 4318.333855579702 1139.287529299136 0
1549 4343.168184490743 1337.301118340421 0
1550 4159.277841996812 1259.83981210511 0
1551 4134.416754974748 1061.824183683464 0
1552 3975.368784303651 1182.385775253311 0
1553 4000.247092693231 1380.389778221098 0
1554 3816.340966078613 1302.953655287999 0
1555 3841.235193174405 1500.936069238353 0
1556 3657.319775012562 1423.520173892387 0
1557 3632.419768055617 1225.509465691859 0
1558 3473.400553115664 1346.095627846167 0
1559 3498.310049568354 1544.092163708995 0
1560 3314.393859082995 1466.680946305157 0
1561 3339.32065186985 1664.670797282908 0
1562 3155.382505045319 1587.285096236004 0
1563 3130.453941306684 1389.258624212266 0
1564 2971.437621067778 1509.873635827185 0
1565 2996.36914153502 1707.901528818896 0
1566 2812.422302470452 1630.497966801582 0
1567 2837.369640656239 1828.512775530796 0
1568 2653.409641875806 1751.114273374364 0
1569 2678.378127997828 1949.125130279553 0
1570 2494.39695500201 1871.737820084145 0
1571 2469.422347813163 1673.692438127341 0
1572 2310.380283188599 1794.343304810987 0
1573 2335.363397805777 1992.404968683367 0
1574 2151.333437995726 1915.00902527739 0
1575 2176.31222727282 2113.086562985235 0
1576 1992.29910616988 2035.706325292223 0
1577 2017.293169294024 2233.712513634363 0
1578 1967.42189562946 1837.54745312741 0
1579 1833.240134157673 2156.376786998975 0
1580 1858.332615940441 2354.316930273398 0
1581 1674.160768568778 2277.049962422793 0
1582 1699.255316979114 2475.060648632826 0
1583 1515.085742638534 2397.728169093264 0
1584 1540.089022252298 2595.847346613322 0
1585 1490.156654350401 2199.617086976839 0
1586 1724.390321906225 2673.027011796193 0
1587 1565.150139101928 2793.938235661372 0
1588 2946.512218140218 1311.820933094647 0
1589 1380.996004080705 2716.592851624833 0
1590 1406.014099982773 2914.708169555965 0
1591 1590.09025923059 2992.100076892904 0
1592 1431.042932450791 3112.811305945683 0
1593 2201.408317718877 2311.044588194209 0
1594 1615.085428031316 3190.195618157451 0
1595 1456.069080859892 3310.894102913976 0
1596 1247.005192520561 3035.423706816824 0
1597 1640.088215178592 3388.263396446276 0
1598 1481.075320420201 3508.956331631959 0
1599 2862.308379165999 2026.509382966397 0
1600 1665.084749976986 3586.3670675664 0
1601 1506.083900823363 3707.037036513395 0
1602 1322.049450965838 3629.650897611178 0
1603 1347.079537112426 3827.716686579527 0
1604 1531.103760000678 3905.08728157577 0
1605 1372.114992730727 4025.76866199565 0
1606 1556.131366749018 4103.116123590004 0
1607 1397.151396836849 4223.823888373826 0
1608 1213.108739013544 4146.469864838406 0
1609 1238.307067899674 4344.509976221784 0
1610 1422.218666804896 4421.865586429713 0
1611 1263.394134725957 4542.551104555314 0
1612 1446.573760682582 4619.976758445688 0
1613 1288.315841475109 4740.59022276107 0
1614 1471.477617085529 4818.00738697106 0
1615 1313.342456078974 4938.601201769665 0
1616 1497.57196671784 5015.86876605416 0
1617 1338.541689365782 5136.563490238571 0
1618 1522.81019537131 5213.820431083344 0
1619 1363.614859186218 5334.527527778514 0
1620 1547.499857669856 5411.819100823413 0
1621 1388.608948633007 5532.486201684133 0
1622 1572.46665048972 5609.79025405467 0
1623 1413.563715955061 5730.441340560003 0
1624 1597.477059326353 5807.7419587606 0
1625 1438.58808767301 5928.377329126611 0
1626 1622.513387073908 6005.642133007977 0
1627 1463.629898096884 6126.303835032479 0
1628 1279.664345962425 6049.029387748054 0
1629 1304.726515271503 6246.99911518751 0
1630 1488.700611987959 6324.269822624585 0
1631 1329.792730526897 6444.980714333211 0
1632 1179.627461859236 5256.72529951571 0
1633 1513.782129705844 6522.241572643283 0
1634 1354.860397376882 6642.970523220021 0
1635 1170.835449514339 6565.653340637414 0
1636 1195.904736738579 6763.722305061784 0
1637 1104.484019146186 4662.567207326176 0
1638 1799.28323792911 3267.43018321922 0
1639 1379.959385209724 6841.003317950361 0
1640 1221.007636131613 6961.78948590127 0
1641 1036.903671279309 6884.490883174347 0
1642 1062.018046908623 7082.618548160022 0
1643 1404.187114145427 7038.149964462862 0
1644 1605.780560705696 4497.040714946066 0
1645 3950.482103160748 984.3343215099721 0
1646 1672.665558489371 6401.553035008328 0
1647 1163.01838378799 3750.340304366573 0
1648 1054.265069666073 4266.7100174966 0
1649 3523.237252408631 1742.049262926927 0
1650 1330.97634357698 2320.331751714953 0
1651 1306.066145193419 2122.133119824626 0
1652 1146.836287167724 2242.904105890154 0
1653 1121.838220032212 2044.681389691013 0
1654 1281.140491884811 1923.909298921296 0
1655 1096.848596608059 1846.447118672801 0
1656 1256.092171123664 1725.676841673201 0
1657 1071.860477317619 1648.192165822783 0
1658 1231.056708488653 1527.414707793645 0
1659 1046.85100403362 1449.91547801037 0
1660 1206.073225167856 1329.12095460295 0
1661 1021.827690424869 1251.623194716419 0
1662 1181.066914628278 1130.818055503288 0
1663 1365.32455546609 1208.321510208816 0
1664 996.7924043129806 1053.329270510212 0
1665 1340.312074785174 1010.021189692543 0
1666 1524.560127567633 1087.527155851919 0
1667 2285.400450862813 1596.259465818146 0
1668 1120.721859717232 6169.709147407027 0
1669 3448.549367390103 1148.161953961046 0
1670 1229.703655501929 5652.916157145999 0
1671 5003.792577686128 1053.575551187098 0
1672 14031.62535541314 5425.271624508006 0
1673 1697.750115815275 6599.485088692805 0
1674 9080.926862210932 8728.055622730379 0
1675 9104.158744712977 8925.893800813235 0
1676 9055.286243377754 8530.562649775487 0
1677 15721.41102695884 934.9330885943737 0
1678 15561.98531263959 1054.48109445968 0
1679 6369.914055405334 9110.313409878385 0
1680 6528.533768080863 8990.325113111237 0
1681 14318.11651027241 9067.61358687784 0
1682 14475.8748967197 8947.904398811925 0
1683 11924.17062841815 999.7183924189426 0
1684 10877.487455104 928.7197762226911 0
1685 18950.76450401842 9058.792800244961 0
1686 7082.984279146275 994.4480635052851 0
1687 7266.669855039421 1072.060565457981 0
1688 7290.180014241369 1270.164186991118 0
1689 7450.354891614292 1149.248272558208 0
1690 11025.32110737894 6199.56729720906 0
1691 10260.9482127152 5707.896650538998 0
1692 10081.95562566649 5619.743542106655 0
1693 12788.13792763774 994.2249732482223 0
1694 11996.26896714672 1589.669482837196 0
1695 7562.983335468799 9024.700776360467 0
1696 7379.27351909682 8947.136938274049 0
1697 11741.51675099195 922.1083166492917 0
1698 18986.65942703231 7950.346053581154 0
1699 18967.82737596387 7751.955339349641 0
1700 18990.12871114282 8162.025019482879 0
1701 15828.77495013334 9021.588528545335 0
1702 15646.83650795343 8943.104915075673 0
1703 946.2513752268896 8894.823846020679 0
1704 7423.595266097618 956.7882574376445 0
1705 7606.918331422172 1035.248726747209 0
1706 7633.783083683888 1227.716757808744 0
1707 7792.578210432812 1108.147501736917 0
1708 7817.520037385826 1305.086410987531 0
1709 7976.493882832326 1184.961498126421 0
1710 8001.526777809651 1382.53349682838 0
1711 8160.169373467808 1262.389064328319 0
1712 8135.56582576989 1064.65966683618 0
1713 8319.032671072237 1142.296795544288 0
1714 8343.587210634107 1339.909359208757 0
1715 8502.43396160641 1219.904948317579 0
1716 8527.098437381781 1417.457278515797 0
1717 8685.751134562395 1297.47567839087 0
1718 8661.259961746275 1099.964518750635 0
1719 8844.573726160907 1177.539954913061 0
1720 8710.643914892287 1494.836880261092 0
1721 8820.117553714708 980.0560671691046 0
1722 9003.387098678975 1057.67700200542 0
1723 9027.81799070142 1255.132633494875 0
1724 9186.567383734437 1135.288516723807 0
1725 16506.22520649172 5944.651709731139 0
1726 18855.01252936284 958.6225144588952 0
1727 6030.078169724948 924.7910662031027 0
1728 12605.58900409513 916.3664853441551 0
1729 8636.785035319072 902.3775843202784 0
1730 13258.51522638124 6214.503093215051 0
1731 13233.85254543232 6019.545014074196 0
1732 13727.96337387088 8421.421708606293 0
1733 6556.631997996334 959.6229611491553 0
1734 16734.07875400199 6414.098562010063 0
1735 16914.5794772454 6491.83709204453 0
1736 13981.26474136958 9110.853315042272 0
1737 5842.90039083006 9077.32256807695 0
1738 19066.17736620964 2739.800126965452 0
1739 19089.8600104111 2937.994898165415 0
1740 19042.47079510381 2541.59121576364 0
1741 962.6508607343658 2165.438888003629 0
1742 987.6589200816725 2363.690551586164 0
1743 16282.56464625031 8469.784081814109 0
1744 19038.70449130946 1037.229970242506 0
1745 19062.45804271376 1235.634983527025 0
1746 7747.708656520753 886.596514028548 0
1747 4109.53922341725 863.7377189849813 0
1748 18081.31297774834 9060.91888399432 0
1749 17898.18996641192 8982.210386080647 0
1750 6339.992536940545 7573.34468182099 0
1751 6180.636769455514 7695.102983949408 0
1752 10338.78675163391 9073.174575976929 0
1753 16764.75179040431 6608.905310447551 0
1754 16938.57395723577 6687.455658416046 0
1755 16789.93416624185 6805.218886531759 0
1756 16962.80697008358 6883.210458780751 0
1757 16806.26058370944 7001.9508493352 0
1758 16985.17670545207 7078.927893570957 0
1759 16827.64403201271 7197.171292184152 0
1760 9162.214167342101 937.8045776641497 0
1761 9345.458308235578 1015.480470208694 0
1762 18607.4447131823 9099.367569514765 0
1763 11385.45148450694 6348.836160299134 0
1764 971.8725989645682 9095.772515472936 0
1765 877.8691957005758 7005.287578404266 0
1766 902.9833546271802 7203.437013308656 0
1767 1087.154982771121 7280.766265639169 0
1768 928.111452229623 7401.601498155113 0
1769 852.7683606917235 6807.141996425711 0
1770 10522.26487234522 9150.647371131092 0
1771 6501.358424217801 7456.481676605189 0
1772 18327.86130245579 921.299121350291 0
1773 16123.90799428709 5585.42129215874 0
1774 4636.461046216008 898.2090988807267 0
1775 19070.61230854448 4242.916211271714 0
1776 19046.97299174057 4044.978895135367 0
1777 12178.27122862839 1666.97469192454 0
1778 19110.75138056645 8939.300519160131 0
1779 871.3535669203138 8300.024392349282 0
1780 846.3626561112742 8101.737088590416 0
1781 6156.799182272442 7496.125265125885 0
1782 5998.499469207401 7615.377554659147 0
1783 13283.64067360034 6409.760051219332 0
1784 14449.81502685405 8751.318841951357 0
1785 14630.25102876675 8824.048213653416 0
1786 14657.89076588925 9023.9385919202 0
1787 14815.42088423182 8903.960684377647 0
1788 14840.94240119223 9101.047023480725 0
1789 16073.70646185264 5202.149637384847 0
1790 15916.04293571814 5320.237991383694 0
1791 6392.104422530579 7983.990832893715 0
1792 13414.92995987795 6095.937898098146 0
1793 13390.2577829797 5901.001510783557 0
1794 912.6738081065923 1768.911799259352 0
1795 17007.92658695926 7274.899830713255 0
1796 16850.52582939049 7392.949444015219 0
1797 6319.430026152755 8715.453730896186 0
1798 8273.134914685714 9136.893398244962 0
1799 16064.15410013275 893.5406522089597 0
1800 1707.918557392579 5289.569197281447 0
1801 1153.036715949969 9160.120040684476 0
1802 14577.05804984243 2878.54371732514 0
1803 1499.558649501212 889.227699128588 0
1804 1683.788715490557 966.7433873645869 0
1805 9931.07400601542 5735.948907881934 0
1806 9906.689046998414 5540.260557355225 0
1807 10057.93995913953 5422.201534661572 0
1808 9882.49532172778 5344.388554859411 0
1809 10036.21217142963 5230.92084557249 0
1810 9859.248027949032 5149.093434570015 0
1811 15538.14084254199 856.6726948150681 0
1812 15378.71569171494 976.2260130688769 0
1813 19134.24891938756 9137.649907769919 0
1814 15467.08554140646 3072.016734270776 0
1815 12884.06929453957 6054.341595654242 0
1816 17142.43055792364 6964.773786497401 0
1817 17072.06895583138 6376.957202858233 0
1818 12583.17041681159 6299.054210884018 0
1819 18144.18413684794 842.7486706735108 0
1820 1715.099259110035 3982.437691968496 0
1821 17002.61489661908 5787.89109262447 0
1822 1655.947673350702 4892.706708641001 0
1823 1781.377184172605 5885.021775906886 0
1824 14109.51394143767 3235.478089093012 0
1825 9210.91754772338 1332.664838873915 0
1826 16963.98708540204 2590.658221785794 0
1827 8368.898004998653 1537.416272103706 0
1828 6804.978661404294 2934.102607152256 0
1829 1708.783379547956 1165.024737523466 0
1830 1867.945749955866 1044.258913553641 0
1831 4025.171019154945 1578.287461869149 0
1832 18930.06865143738 3057.635245615853 0
1833 19113.52126115074 3136.185868274317 0
1834 16487.47463053976 2948.033191165516 0
1835 16463.79525209255 2750.966045462699 0
1836 10732.28505571938 6629.11582561285 0
1837 11498.16557581445 8627.213195703909 0
1838 11523.12158284337 8824.426275267986 0
1839 10368.70582566477 6476.10005558476 0
1840 10186.8129114505 6399.430663773317 0
1841 10081.44627119026 8403.053307065202 0
1842 15669.72364074058 9140.070423681304 0
1843 15851.94010531064 9218.693548857744 0
1844 9714.885054777693 8248.212348236077 0
1845 9531.711129573652 8170.801658790237 0
1846 1112.298731305789 7478.909858752212 0
1847 6553.526583681203 9188.347210417376 0
1848 8899.872116485554 8651.34395306564 0
1849 8872.570430231877 8452.586236517745 0
1850 6902.525709175326 3721.772140888273 0
1851 7085.238663518867 3798.845671902342 0
1852 7243.341985622617 3679.19575993069 0
1853 7267.92365563318 3875.917933149122 0
1854 7426.072550382747 3756.204122376624 0
1855 7450.527677715964 3952.917006939267 0
1856 7608.627970094836 3833.336133114403 0
1857 7633.045482382876 4029.952316766439 0
1858 7475.102080878345 4149.497472486569 0
1859 7657.601209134612 4226.443807018679 0
1860 6719.785401586303 3644.694245007846 0
1861 7815.453805446483 4106.963257445454 0
1862 7839.991145658591 4303.36359944311 0
1863 1843.010983002036 845.9670415840501 0
1864 2027.167091411822 923.4900882963721 0
1865 1315.312267805804 811.6965159007523 0
1866 15623.78149691917 8746.404096432128 0
1867 19226.02339934199 2620.16083470892 0
1868 19202.29484745482 2421.860635734456 0
1869 862.5870108896033 1372.43522604747 0
1870 7682.184969788941 4422.84730170233 0
1871 7864.545776224032 4499.748823385366 0
1872 7406.596787289527 9144.74116745601 0
1873 16998.31070366647 4293.415563867676 0
1874 17156.6865535265 4174.734097672543 0
1875 1856.603739803718 6478.835951344459 0
1876 1880.981611562379 6675.804602988575 0
1877 790.1790476458827 9008.695436023656 0
1878 14941.97781223891 3033.444902588313 0
1879 12499.96957291811 7003.466795101658 0
1880 12681.47168912012 7079.86481701867 0
1881 14087.93242667145 8600.606034069668 0
1882 5971.445896143263 1836.050224862735 0
1883 11035.97864771266 809.0630376260478 0
1884 17920.03345560821 1874.980327388967 0
1885 19166.62785004771 7847.882617795556 0
1886 19128.15264131844 7635.62880088285 0
1887 18944.91552674699 7554.663330785438 0
1888 19104.89514851948 7435.10207953691 0
1889 7933.324389554491 9172.819097942058 0
1890 12020.43887488969 1785.839696142623 0
1891 19014.93657386494 838.8120777981285 0
1892 9321.112983630061 817.9245482066399 0
1893 9504.334140816334 895.6427817352924 0
1894 9528.49623493167 1093.11376437235 0
1895 9687.488298605213 973.3147228768662 0
1896 3925.558060772181 786.2203579962979 0
1897 6712.351708595885 9067.796299901285 0
1898 18831.20019222271 760.1869977706838 0
1899 17924.70245927266 9172.852162252393 0
1900 17739.18591576105 9099.638606887005 0
1901 803.455096945263 2286.214867660382 0
1902 828.4733331859352 2484.489653364742 0
1903 11900.17208454054 802.6412671265425 0
1904 10032.18341824466 5013.491690973528 0
1905 9835.585430638956 4953.215529860081 0
1906 15354.87466567521 778.441242342863 0
1907 15195.52013862515 898.0438362382156 0
1908 15219.35545381527 1095.762332735808 0
1909 15036.18428923311 1017.606833991493 0
1910 15012.32291307745 819.8763822224419 0
1911 14853.00768256092 939.4641191953842 0
1912 14829.11661286969 741.7596791571996 0
1913 14669.87824393094 861.3498191414819 0
1914 15892.56150084796 5124.658932463395 0
1915 15734.98661537977 5242.762007680547 0
1916 16050.25452222409 5006.508768091441 0
1917 15470.02227475584 8863.998118406456 0
1918 6193.875111793961 9255.668677021506 0
1919 10852.9515107278 731.5504794551052 0
1920 9678.360795571216 5071.964798153452 0
1921 9653.279224788152 4875.214186682574 0
1922 9807.011514656802 4758.259747331421 0
1923 9629.080638360914 4680.56354605871 0
1924 9779.439674226698 4563.259545977876 0
1925 9602.438434653115 4485.27236730996 0
1926 9761.127776187592 4367.107185263449 0
1927 9580.837972962274 4290.247823294217 0
1928 9738.497986366758 4171.670840528052 0
1929 9557.334041643264 4094.921086898481 0
1930 9714.615492703573 3976.293733015875 0
1931 9533.290657618014 3899.521248587516 0
1932 9690.476703853947 3780.913328194252 0
1933 19294.36257998207 9017.95104841918 0
1934 19289.2058568522 8815.81581190736 0
1935 6023.353140399701 7811.905123334254 0
1936 5838.407403683806 7738.86213370414 0
1937 5815.367759556076 7538.094198206467 0
1938 5655.014757530365 7662.183637849582 0
1939 5632.259911417428 7460.839771243146 0
1940 5474.549178212968 7578.656568775888 0
1941 5445.193054303059 7392.969662082769 0
1942 5291.101979436485 7502.234192104819 0
1943 5261.429071106641 7317.328567016047 0
1944 5107.936656846897 7425.204205568394 0
1945 5082.731742942577 7229.776467446511 0
1946 4923.593619626839 7350.980066145556 0
1947 4900.336234261243 7150.941192798674 0
1948 4740.462627042055 7273.875851539267 0
1949 4717.267646034061 7073.586782335761 0
1950 4555.847710219537 7199.75682690171 0
1951 4533.967577418748 6996.726175928154 0
1952 4372.586757375686 7125.462847218249 0
1953 4350.188749808278 6921.583096620552 0
1954 4509.739610437772 6799.032861248688 0
1955 4326.8011288532 6721.530026713679 0
1956 4167.565783565638 6842.95624951506 0
1957 4143.87403853754 6643.868313465309 0
1958 3985.293853772672 6763.634552232275 0
1959 3961.068557402828 6565.909578555646 0
1960 4119.608979187848 6446.221702940672 0
1961 3937.861306058177 6368.561634721517 0
1962 4095.416434417901 6248.960955984834 0
1963 3913.700640668375 6171.347644010954 0
1964 4071.07199467064 6051.782755233768 0
1965 3889.240267001379 5974.202345771909 0
1966 4037.807455333883 5855.73035530826 0
1967 3863.475194069251 5777.235693616494 0
1968 4011.348692096332 5658.354493926422 0
1969 3838.331897889143 5580.131490345389 0
1970 3995.324716048835 5460.10684152855 0
1971 3815.29113119744 5382.821229807104 0
1972 3972.897081604546 5263.225564880858 0
1973 3791.433739521358 5185.704129172197 0
1974 3948.92255821467 5066.130494916379 0
1975 3766.052119349082 4988.704985154161 0
1976 3921.397363896293 4869.381787599506 0
1977 3740.944487700805 4791.623535851282 0
1978 3896.36665855077 4672.270374985251 0
1979 3716.292248142408 4594.432721958283 0
1980 3874.863179868886 4474.692446847312 0
1981 4087.82177891697 4567.172326619711 0
1982 4034.182957938847 4354.878668632121 0
1983 3851.053689435324 4277.381233159086 0
1984 4009.794876307478 4157.643013810911 0
1985 4190.018795719257 4231.465952364583 0
1986 4167.975006048147 4037.320469558154 0
1987 4356.079468162263 4121.634351824576 0
1988 4327.746994608823 3919.178659886475 0
1989 4516.098177589341 4003.845012073218 0
1990 4486.764053513569 3800.079629151729 0
1991 4668.995037206182 3876.65001625745 0
1992 4644.459925903433 3679.254368204639 0
1993 4826.466054594253 3755.533879865619 0
1994 4802.694745259794 3559.155082188872 0
1995 4985.596484698335 3636.554677259916 0
1996 4961.295434341811 3439.53169543631 0
1997 5144.284050600133 3517.010663403895 0
1998 5119.884249415612 3319.887574400123 0
1999 5302.835413198278 3397.377720886002 0
2000 3607.497445906512 5111.094297235577 0
2001 3731.407520940684 6106.32468978299 0
2002 4369.8197035558 4362.174012415951 0
2003 4778.392225829759 3362.072028403963 0
2004 3657.806805905295 5516.480486612651 0
2005 3781.599361077511 6491.093146017542 0
2006 5278.454744040768 3200.227027037483 0
2007 5461.386859097967 3277.726381838048 0
2008 5485.74567421402 3474.857783991324 0
2009 5644.263509027634 3355.238315864926 0
2010 5668.62306786284 3552.321748817391 0
2011 5827.098771823688 3432.722645025918 0
2012 5621.575966266097 3161.98722281923 0
2013 4461.26741325593 3601.394997779774 0
2014 4145.819600192021 3842.973446383289 0
2015 3826.759876939017 4080.096520273372 0
2016 3668.102152031961 4199.86819312688 0
2017 5005.078326186962 3835.723568974257 0
2018 4095.201847577704 4922.753107756165 0
2019 9750.814712963685 5658.423320668486 0
2020 9774.95462017353 5854.213554275884 0
2021 19222.42578366532 1115.860719702666 0
2022 19245.91753992785 1313.957193575114 0
2023 6189.193396016167 804.3667502519866 0
2024 13041.66336825241 1662.123283588132 0
2025 12883.50590168701 1780.795401716322 0
2026 13065.19518834212 1858.406782857465 0
2027 12907.19791891679 1976.857641115406 0
2028 13088.72873910386 2054.37301443466 0
2029 12725.67813850106 1899.396388504519 0
2030 16758.59323446447 8115.042827827059 0
2031 16577.02738805899 8036.854834818619 0
2032 17417.34057822308 7836.97870361786 0
2033 7510.817879839565 3045.919400135764 0
2034 14133.04077590924 3430.987397852006 0
2035 19225.90821796774 4117.666778642575 0
2036 19205.77042250977 3924.777164355441 0
2037 19265.77001369476 4286.638100898705 0
2038 6252.188344230857 2701.252066747644 0
2039 12418.63662952065 7711.417550291088 0
2040 9221.477817645953 2839.191061331056 0
2041 10817.16083616044 1834.509366063515 0
2042 10998.9908088713 1911.522100586364 0
2043 10841.54679277493 2030.492341902016 0
2044 17861.15342749359 4287.455683055328 0
2045 18921.71004284643 7356.311003759263 0
2046 19081.43079416607 7236.721901814562 0
2047 18898.40974365045 7158.103510397005 0
2048 19057.97685288943 7038.754365143541 0
2049 18874.90986397026 6960.289067143312 0
2050 19034.42388773047 6840.940905904421 0
2051 19217.55437894732 6919.414938650531 0
2052 19194.00315337285 6721.561845940902 0
2053 19010.86399071524 6643.096275606182 0
2054 19170.40733193223 6523.724503050531 0
2055 18987.31116938652 6445.242824701733 0
2056 19145.78136468426 6326.039103539977 0
2057 18963.51933082668 6247.526584115723 0
2058 19121.97682351476 6128.297451584303 0
2059 18939.87319985572 6049.781000246387 0
2060 19107.52752562784 5928.582358906112 0
2061 18917.86940240117 5851.67879050241 0
2062 19085.72569549665 5730.461592928621 0
2063 18894.85592749144 5653.789766309443 0
2064 19054.37390502452 5534.495109243879 0
2065 18869.58268745364 5456.44761785699 0
2066 19029.21811305449 5337.123712336573 0
2067 18845.91751940184 5258.793637066973 0
2068 9030.680456628024 8332.942548578616 0
2069 7535.362002789961 3242.760534885268 0
2070 7693.513985322968 3123.133528973371 0
2071 7718.047373156523 3319.861167967135 0
2072 7876.125887551118 3200.292812509372 0
2073 7900.845864108302 3396.928562990327 0
2074 7048.490765744764 7684.43587630804 0
2075 7023.916553175389 7487.114787097259 0
2076 7206.973395163073 7564.42096949284 0
2077 7182.34885979835 7367.232227890342 0
2078 6999.372360971723 7289.943694443729 0
2079 7157.760367232075 7170.096682587232 0
2080 7340.73124748569 7247.35616580785 0
2081 7316.116998294982 7050.299141921409 0
2082 7499.074748764839 7127.492337213493 0
2083 7475.663084084175 6932.079004731291 0
2084 7657.551625621027 7007.928652541822 0
2085 7634.18849455348 6812.634556001696 0
2086 7815.824284382548 6888.240879491688 0
2087 7791.293055485058 6691.440178319401 0
2088 7973.798595166795 6768.265308819349 0
2089 7949.247628422218 6571.503465999866 0
2090 8131.844959832312 6648.523619667386 0
2091 8107.285942855449 6451.787222823777 0
2092 7924.700935266203 6374.746878642512 0
2093 8082.702636689311 6255.160116988524 0
2094 7900.21258482503 6178.111643378001 0
2095 8057.731703352607 6058.655581367017 0
2096 7298.70869663 6865.954028067013 0
2097 7875.65429338291 5981.570931232937 0
2098 8034.978848118993 5864.02709344082 0
2099 8241.022895751563 6136.598109340002 0
2100 17478.36866514618 5433.402848075368 0
2101 7840.286406923186 7084.703492799815 0
2102 12764.33933092789 797.0432789435245 0
2103 3364.259032253251 1862.614764266792 0
2104 3548.132422415087 1939.967403606544 0
2105 3389.195992451968 2060.492498605818 0
2106 2703.348390656832 2147.103735236583 0
2107 2887.233475370285 2224.471740582449 0
2108 2728.316191533438 2345.039917399294 0
2109 2912.15832584595 2422.389361610712 0
2110 2753.276950762242 2542.930272764303 0
2111 1633.144670692678 8808.180614051433 0
2112 1658.157842934335 9006.451164497295 0
2113 1817.364806461583 8885.651369870731 0
2114 1842.379455872842 9083.922147344212 0
2115 2001.585326930681 8963.122337845993 0
2116 2026.835163043339 9160.85422706859 0
2117 2185.834306959408 9040.48432259 0
2118 1694.776910747332 9194.335440764004 0
2119 2160.773046622147 8842.316466404647 0
2120 2344.969992202218 8919.784211356062 0
2121 2369.998263067737 9118.004392741339 0
2122 2529.139124009721 8997.224999753078 0
2123 2504.110805063867 8799.028271053274 0
2124 2688.243092166178 8876.442058355458 0
2125 2663.239903712059 8678.314088359131 0
2126 2847.310972233523 8755.692891009097 0
2127 2822.315506380189 8557.622133681198 0
2128 3006.354724011768 8634.982753515535 0
2129 3031.366732074544 8833.052883659504 0
2130 3190.256439403651 8712.363946839576 0
2131 3215.391046389008 8910.3990700748 0
2132 3374.265743093418 8789.721650070425 0
2133 3399.418241953594 8987.753641169489 0
2134 3558.429028587381 8867.067999656716 0
2135 3056.465807498429 9031.197483182756 0
2136 2981.33324507512 8436.949911211972 0
2137 3582.136085721496 9072.478365293635 0
2138 3742.268319412588 8945.649322730455 0
2139 3767.516506760287 9142.467018393774 0
2140 3926.47414794765 9021.962799973431 0
2141 3533.419114926568 8669.022021559811 0
2142 3901.429854816844 8823.978585419642 0
2143 4085.489830240615 8901.06364234837 0
2144 4110.519117254491 9099.120154166223 0
2145 4269.498339758718 8978.373364762498 0
2146 4297.815756795078 9168.62987635581 0
2147 4454.053516140356 9054.379846058568 0
2148 2554.17788678426 9195.458016155191 0
2149 3424.458873946306 9185.834405231732 0
2150 2479.11326228818 8600.880475206041 0
2151 8223.554724771137 8741.119085517652 0
2152 1415.364631629971 1604.867682004764 0
2153 1985.44201483768 7455.716250652724 0
2154 7997.790787623343 4183.907317910049 0
2155 7973.263929652783 3987.559323301847 0
2156 762.5122163192937 8816.145740611633 0
2157 4711.002768752315 1492.08524772373 0
2158 2562.70297790665 7885.95889684838 0
2159 18953.74696851967 3255.783778609658 0
2160 2444.477745807966 1475.596140202583 0
2161 1137.984540346071 3552.24377404302 0
2162 978.9069284490724 3672.964544795194 0
2163 953.8765640169731 3474.796441843308 0
2164 794.754641234962 3595.573660254937 0
2165 769.7220198125797 3397.353230127147 0
2166 820.0970198719187 3793.39594100389 0
2167 3430.640884713051 7875.810915437917 0
2168 15133.68848038942 1808.631531640198 0
2169 6996.898556199905 1708.394243361721 0
2170 16304.997107487 2869.984425734908 0
2171 16281.27182030798 2672.917497769723 0
2172 16440.12162687828 2553.848822147591 0
2173 16122.81414727118 2792.629351142156 0
2174 17529.56152691539 1519.843779077411 0
2175 8450.468710604187 3624.982284569759 0
2176 5851.447689079603 3629.758088285989 0
2177 6009.886314941827 3510.179918819124 0
2178 5985.576707002409 3313.144985075323 0
2179 5659.025236140561 9000.020253358365 0
2180 5678.306632033592 9198.696153127668 0
2181 5499.079326594251 9120.739395562621 0
2182 16247.45807530689 971.8588480898607 0
2183 16223.69524970552 773.8713556425791 0
2184 16407.10738173097 852.2176348703479 0
2185 7656.661809941963 1423.929815319309 0
2186 10694.30925590555 851.4030518110103 0
2187 10924.63802357327 8198.750644456695 0
2188 11681.08911251652 8704.170289461876 0
2189 11706.16987292628 8901.646576755338 0
2190 11548.98428908342 9019.123955549752 0
2191 11731.42530636024 9098.629833874969 0
2192 11889.28810539251 8978.659704756008 0
2193 11914.67533035393 9176.212274833168 0
2194 12072.88593328403 9055.848819668827 0
2195 11566.89422594614 9248.819741197953 0
2196 17010.31813139074 8783.768988673632 0
2197 11970.36420629974 8266.337982369307 0
2198 5579.646119889508 1483.868706596461 0
2199 3455.685950808012 8073.573168689703 0
2200 3272.493221143148 7996.521576614426 0
2201 3639.254225930966 8150.849352359686 0
2202 17192.70876611043 8862.286735593749 0
2203 17033.44041233638 8981.053440871305 0
2204 17351.50289193417 8743.614957693579 0
2205 19022.96040571064 3847.688148780557 0
2206 19137.17566390685 3334.355213541164 0
2207 8432.165926181242 9016.485643999977 0
2208 8456.931680696127 9214.418877613636 0
2209 4244.38785386125 8780.365701781384 0
2210 18757.17055232677 5971.296721309732 0
2211 14693.76702350137 1058.970881736235 0
2212 14510.62577060761 980.915853878395 0
2213 14486.7173248712 783.2890841481349 0
2214 14327.48277923149 902.8819900610952 0
2215 17216.03101217316 9059.700947738031 0
2216 17056.50474710986 9178.63598739396 0
2217 14683.21244632964 9221.193109831551 0
2218 18686.52857909666 5377.997273200412 0
2219 17237.47346788627 9254.795081622793 0
2220 4482.479938348564 9244.442396815117 0
2221 4638.285801214344 9131.235667438452 0
2222 18969.28025158268 9283.728149010141 0
2223 18773.02310069654 4676.125146941041 0
2224 1190.781193120127 8060.796414745778 0
2225 19005.33723298198 5139.451543097637 0
2226 19188.47569627816 5217.892680853072 0
2227 19164.80459753975 5020.042855026591 0
2228 1960.519732833605 7257.769928384423 0
2229 2119.910390579867 7139.165754535818 0
2230 798.8828147899694 9214.016307548362 0
2231 1801.720736342419 7378.316008031744 0
2232 8795.673879505573 782.3785410013797 0
2233 12098.16416348632 9253.507733609349 0
2234 12256.73071363496 9133.157049754922 0
2235 12230.72190938933 8935.356022012889 0
2236 12415.3513769682 9012.900903816602 0
2237 12440.2481038485 9210.313930429555 0
2238 12598.83711695487 9089.98825608673 0
2239 9657.570121832652 789.182072245072 0
2240 9843.963733609095 859.2673529608783 0
2241 9870.224185029667 1051.917610161137 0
2242 10027.51032297478 933.0123573915726 0
2243 3558.268598530083 4714.143615535744 0
2244 6744.398597187338 3841.492586380879 0
2245 8612.243155639981 704.6109874929152 0
2246 4700.009413995795 2795.90041468713 0
2247 18102.52907928939 9257.531927360698 0
2248 10363.41774626606 9270.933228200196 0
2249 10237.57789058702 5315.2284261641 0
2250 4485.498926147377 6601.336358621438 0
2251 694.1809856090949 6927.884656342854 0
2252 7706.785223691963 4619.233311986622 0
2253 7889.115101772293 4696.130066210098 0
2254 7738.239548085005 4814.724802792763 0
2255 7914.825242184925 4892.326217495389 0
2256 7764.144920291856 5010.898857161419 0
2257 7939.813391792291 5088.615042671906 0
2258 8071.419884712192 4773.041906804533 0
2259 19327.47744683729 6404.583153903432 0
2260 7782.131936247253 5208.070975482084 0
2261 7963.370341178988 5285.081035715156 0
2262 16042.14312571426 698.0200150511237 0
2263 11717.26090393641 724.9202953896292 0
2264 4084.699717399938 665.6001798347579 0
2265 7748.848772568896 6296.79006294104 0
2266 19235.5208750181 5613.363533440568 0
2267 6737.420031287194 9265.799042863719 0
2268 15443.11950538121 8667.900532293843 0
2269 15600.88082932539 8549.908292088217 0
2270 668.6763463315583 6729.752105015427 0
2271 19317.8227496498 9216.497450073095 0
2272 7532.556881012852 4533.092135642803 0
2273 6005.319013219231 726.7471228574295 0
2274 5846.17487678178 847.2198105976258 0
2275 16620.51466339673 7114.16284800756 0
2276 9871.726515299833 3857.658283916763 0
2277 9847.590766894822 3662.327123176769 0
2278 9666.330230676276 3585.534407747071 0
2279 9823.502046019146 3466.938363269098 0
2280 9642.213393266162 3390.109824433325 0
2281 9799.437397840109 3271.471486709205 0
2282 6562.532796707846 3764.317625497853 0
2283 17769.63617267364 9306.280341635082 0
2284 12581.55840959826 719.1017484487247 0
2285 19318.03739937226 7533.747193573892 0
2286 4702.35332063657 4099.826311797737 0
2287 14866.17784538317 9298.051733722295 0
2288 18300.14787668152 732.1260998499874 0
2289 12624.5358116115 9285.49418051736 0
2290 12782.40111576875 9166.784687004652 0
2291 15758.43044516309 5438.177931217355 0
2292 15577.55000652451 5360.7763729006 0
2293 5267.99331778582 7114.427883906566 0
2294 14303.55440854632 705.2323421631891 0
2295 14144.33758018775 824.8220516289903 0
2296 16383.31594441257 654.1530143864366 0
2297 16566.45491579955 732.619156659297 0
2298 15024.13197424248 9177.903437286916 0
2299 10005.49606027744 711.4324935430386 0
2300 743.9056931270243 7324.277975040861 0
2301 768.1608472839252 7521.334836496985 0
2302 16589.66020089904 6525.557607026401 0
2303 5510.138998341096 3671.932532214741 0
2304 14787.37835638447 8703.588135906853 0
2305 7853.353790925103 5787.277763386466 0
2306 5926.703591616293 8363.472061374514 0
2307 5821.392214715121 649.1260856227991 0
2308 5662.19240563238 769.640324373675 0
2309 2002.262194014471 725.1978128471628 0
2310 2186.45955416368 802.7198117891676 0
2311 19273.36610589729 3016.596928644422 0
2312 1474.570305647738 690.8974076187496 0
2313 19297.25019220877 6011.599720268405 0
2314 4150.398268908385 5345.08831150787 0
2315 12749.35540889069 2095.240939794909 0
2316 5524.723554735612 9318.67906830191 0
2317 5343.56942320555 9241.991538638224 0
2318 4663.406501623557 9329.224528491628 0
2319 9618.02567974699 3194.580429814398 0
2320 9775.344171662025 3075.910239739927 0
2321 9955.614388212121 3151.312448727637 0
2322 9932.479582474871 2957.023436675317 0
2323 10112.68075167824 3032.378244523541 0
2324 10090.24126536995 2839.05647706609 0
2325 6687.30365232877 8869.937738885081 0
2326 4229.25726944694 5918.89359376669 0
2327 10541.95903737718 9341.779390170477 0
2328 13571.10740386188 5977.134460348534 0
2329 13546.57641776434 5782.411734268518 0
2330 13365.74376848366 5706.279737021963 0
2331 13524.40236758108 5587.443451256484 0
2332 16735.71311578415 7916.220764989458 0
2333 16553.83069172475 7840.747119152756 0
2334 16395.72784078553 7958.747178098396 0
2335 12808.15986740906 9362.256878829661 0
2336 12965.94758565737 9243.77980012658 0
2337 12202.44787712009 1863.047367504398 0
2338 14711.04871010536 5346.936604101754 0
2339 3882.810842983788 7312.617600292 0
2340 4156.879755249777 9306.869722466774 0
2341 687.1230205874472 8222.512167148818 0
2342 662.3569615578454 8025.47044624225 0
2343 19403.05523735913 1194.820125541512 0
2344 19378.81533926293 996.4864533438786 0
2345 16973.59303807316 4095.164134063121 0
2346 17133.0100277035 3977.654396263669 0
2347 17315.40216293991 4055.949688080439 0
2348 17291.86505969307 3859.097764225428 0
2349 2040.37774911228 6555.922925690571 0
2350 2015.458357765381 6358.225630479036 0
2351 12042.60249875233 1979.247767453825 0
2352 11862.58983629964 1904.177879927694 0
2353 17031.03133105695 7470.883796407777 0
2354 17188.7355729238 7357.025380696401 0
2355 8120.902844890694 5165.664168905014 0
2356 8145.285008088419 5361.978575138583 0
2357 16814.55910586084 4212.886206008424 0
2358 606.4096425545358 8929.38819532966 0
2359 16257.52674054618 2475.796922200074 0
2360 8289.856363447176 6528.860402060543 0
2361 8314.448885717746 6725.541813031604 0
2362 18827.83620493142 6564.607052320837 0
2363 8059.488527171682 3277.076347115103 0
2364 10211.47360912611 6594.806354209883 0
2365 10029.54010537117 6517.90605123933 0
2366 15197.77027901165 3701.201486290116 0
2367 15039.4080732384 3819.244225130987 0
2368 4612.595415192012 8934.720920868091 0
2369 4796.618139152552 9011.945799395353 0
2370 2937.0908326889 2620.256116622702 0
2371 2778.218246448259 2740.788523918685 0
2372 3095.955337672336 2499.746472553892 0
2373 2594.400316492944 2663.46839886237 0
2374 2619.350843837164 2861.328416137899 0
2375 2435.522918059363 2784.008456683929 0
2376 2460.475754061149 2981.892604663927 0
2377 2276.631368342474 2904.556432280616 0
2378 2301.58753521447 3102.461250918178 0
2379 7523.874465127571 7324.50253018661 0
2380 3573.002656115657 2137.850422163176 0
2381 3732.515812966615 2017.061048216239 0
2382 11567.04734172073 6425.436349557605 0
2383 11542.53012185281 6229.982119450688 0
2384 2797.345928896352 8359.585129935347 0
2385 11301.71993608985 7055.044739218363 0
2386 11119.81938110868 6978.345949750115 0
2387 16570.64210515516 5043.136684795796 0
2388 18419.37378401372 7517.295534975658 0
2389 17875.10313178175 8784.070985082542 0
2390 12524.54067053756 7198.880863150993 0
2391 12706.11175766009 7275.232076527033 0
2392 12863.0340152264 7156.228144678647 0
2393 12887.69365794339 7351.577761154198 0
2394 13044.55758379203 7232.581881359592 0
2395 13071.6405475368 7422.164515695385 0
2396 13226.41684747426 7307.962002294407 0
2397 13255.33297434084 7506.722477794776 0
2398 13201.45075227224 7113.536156145477 0
2399 13382.76388185127 7189.767665322629 0
2400 13358.0972266836 6994.838033617743 0
2401 12910.07219187637 7541.223009359569 0
2402 2211.44189476394 1001.001124240157 0
2403 2370.523922994874 880.4158050996612 0
2404 17385.23362253601 4645.739135794884 0
2405 18427.29978750864 3217.489334264455 0
2406 17473.91686137878 3937.212184750627 0
2407 17450.33714117546 3740.180082711624 0
2408 1892.85005780321 1242.602820001443 0
2409 16416.34993673177 2356.68156127684 0
2410 2347.473896694744 678.1558718391007 0
2411 2530.167989429345 758.8887128840461 0
2412 6079.559981854252 1320.666307717327 0
2413 2554.716430650491 957.8837322646486 0
2414 2713.894244724858 837.1809903441754 0
2415 15060.07925951975 1215.230490814541 0
2416 15243.10970686212 1293.347493421405 0
2417 18892.80802536017 8663.687909072505 0
2418 9690.316064913715 8050.909632058125 0
2419 9507.199922199554 7973.536302194209 0
2420 8297.866468400685 9334.865370057574 0
2421 610.5651411063918 3518.160360660303 0
2422 19343.54966071648 5109.061297862282 0
2423 19342.04286484984 4906.670650132314 0
2424 6168.367968703592 3390.61153780305 0
2425 18662.90706102665 5180.467893320044 0
2426 8847.292738885568 8255.43206038023 0
2427 9006.129030073829 8135.549725726278 0
2428 8688.767583515581 8374.833591352359 0
2429 7693.636715222048 5904.890964646374 0
2430 2395.009751368404 9316.270933351869 0
2431 6578.464185896248 9386.523259748432 0
2432 10669.78652040227 653.9907559091862 0
2433 8615.962039598169 9093.989675168628 0
2434 8640.753075099166 9291.939530515359 0
2435 15514.31204450567 658.7660627701571 0
2436 5789.852506102482 7343.280144295919 0
2437 3645.511719877776 4004.951377169478 0
2438 3487.829852134779 4133.365308741942 0
2439 10511.70741108409 772.3236961036691 0
2440 15693.87645076034 9334.507074703011 0
2441 15876.53373169198 9412.786268107324 0
2442 18120.57909377038 651.3467969632939 0
2443 17960.50543583953 765.3621600047572 0
2444 7112.269475683072 3989.790738759777 0
2445 2696.326737490655 646.1406784300234 0
2446 2873.313756066233 716.3024479190262 0
2447 6871.165604010683 8947.212036245241 0
2448 6974.792634403585 7092.869878271005 0
2449 6143.184783884964 3195.642061949562 0
2450 5095.49463551538 3122.705294653753 0
2451 13952.0329758032 3353.574796079017 0
2452 13928.50749677885 3158.180210097446 0
2453 5255.508174906665 3007.054726735097 0
2454 16372.63006718077 7762.999515412082 0
2455 4664.465223829184 6679.131812982846 0
2456 9928.204767048832 4468.497643401848 0
2457 15510.31566787357 9258.467522454932 0
2458 10028.74300982388 3739.098317422703 0
2459 11011.66789247815 611.6694236395961 0
2460 11194.71608513844 689.3670428992209 0
2461 14987.50048150973 624.2017710340351 0
2462 19385.92327564135 2500.47958650793 0
2463 19362.19118985079 2302.1330671263 0
2464 19178.53299167896 2223.532844258155 0
2465 19334.48481934203 2104.24202971363 0
2466 19154.10816628749 2025.235875775016 0
2467 19309.96087461192 1905.950901986631 0
2468 19130.99366612086 1826.771815705448 0
2469 18971.37464009933 1947.453553899906 0
2470 6034.181770122073 3707.173206452062 0
2471 5875.806603526329 3826.722167680965 0
2472 14120.36590055401 627.1354184630554 0
2473 13961.11122183556 746.7615991081348 0
2474 14969.19595946104 8793.071663691921 0
2475 11876.08554489036 605.2620021811126 0
2476 12059.01352566462 683.1664377912548 0
2477 13589.53599750389 6163.368874439674 0
2478 15049.33253628894 9374.882814518514 0
2479 585.5290362071792 3319.919617062989 0
2480 744.7064951591419 3199.11458710715 0
2481 1290.312749725566 613.3510420904749 0
2482 10265.50902032865 2916.014150848358 0
2483 10247.21835975184 2720.116296650399 0
2484 16217.48610864202 7884.580699830877 0
2485 18987.60377828911 648.6887492328169 0
2486 18807.39586562121 561.717433109191 0
2487 13353.3541020819 5510.087156498498 0
2488 13502.31823028493 5392.4825224035 0
2489 648.2577444619037 2406.513570888044 0
2490 675.8309463448804 2604.39189122995 0
2491 854.6643055353743 2682.437658299493 0
2492 619.8965186571168 2208.634456919718 0
2493 5702.354809535898 9396.861764330166 0
2494 11023.24390038891 2107.373015489984 0
2495 10865.85959316151 2226.236751982383 0
2496 11180.63824220427 1988.550398441378 0
2497 17076.67077718096 9369.24711401688 0
2498 16896.31867857395 9296.400010760426 0
2499 15550.06793038796 9456.33055553936 0
2500 14934.10269654914 8560.86697166552 0
2501 578.4363469591881 8738.165967607883 0
2502 5490.483520093191 7776.492075462091 0
2503 11939.58289084215 9373.900229813247 0
2504 2578.516434613788 9403.991705042417 0
2505 19377.22798919087 6800.077755488815 0
2506 19400.7937926884 6998.075871488578 0
2507 560.5038295892318 3121.66483208062 0
2508 17928.78954166967 540.9500172594544 0
2509 17776.74560129338 685.6591899583545 0
2510 12740.55663642359 599.6576678971514 0
2511 12922.84007576097 677.8247466905759 0
2512 14766.39590067219 8512.424886551029 0
2513 574.918546187655 7449.067647344729 0
2514 6164.501480497855 606.2640431284262 0
2515 6586.45526064 3961.186247740377 0
2516 12465.49330174859 9393.03940205969 0
2517 3900.62984498073 588.0612518653961 0
2518 3741.894905213094 708.8015522881933 0
2519 19384.79023100654 3997.090026382046 0
2520 19365.29099185113 3805.188807538306 0
2521 4643.364393116345 6481.599043876553 0
2522 19428.4725445099 1392.311449396519 0
2523 14805.00648238917 544.2133556170074 0
2524 13937.13750690006 549.0535911856914 0
2525 13777.91071481219 668.7300387131845 0
2526 9482.862681673825 3506.009391853637 0
2527 10486.61105755119 576.1446755900333 0
2528 17269.69820960424 9462.805310941174 0
2529 9908.585247475436 2761.705660848023 0
2530 9422.240418819012 4407.791365500238 0
2531 9495.916312668425 4993.683087831385 0
2532 19477.99457808758 9096.750258476412 0
2533 15869.06386712727 4929.075388942737 0
2534 16026.73967859419 4810.860782280683 0
2535 13702.89824229996 5663.84827519623 0
2536 9593.837673002894 2998.932165676702 0
2537 4581.805641277426 7407.173007787401 0
2538 13751.8996888099 6053.184968633173 0
2539 15588.7094884839 5578.254934139689 0
2540 15420.17429615432 5478.64342927947 0
2541 15396.85382451172 5283.618606939835 0
2542 15239.53933805805 5401.392979830214 0
2543 15253.73928615863 5583.179661986513 0
2544 15081.12858399263 5509.661593996974 0
2545 4952.980699173615 7550.760381204047 0
2546 16531.72825325972 7639.723935875823 0
2547 9519.435889404796 5190.526229927274 0
2548 8771.219424167901 584.5631160658213 0
2549 8587.67918565449 506.7063312464879 0
2550 8428.63752738222 626.8775147778942 0
2551 5868.529469843445 7952.865460527546 0
2552 5635.313770685246 566.9963708605264 0
2553 5477.834512051053 691.2870005713639 0
2554 8156.236666174585 4063.695740091965 0
2555 8292.917041492738 3744.069819535395 0
2556 16948.18000033791 3895.200144288205 0
2557 17268.21353632179 3662.01969941671 0
2558 17426.66538234325 3543.076323771436 0
2559 14168.26374138349 1022.404328728326 0
2560 9376.098448159584 4018.19754039359 0
2561 9593.559551000502 5777.223661972872 0
2562 9617.890482435048 5972.721434940876 0
2563 12757.28379406754 8969.72019932375 0
2564 16233.11959657929 2278.312489760076 0
2565 16074.1930378129 2397.778441575058 0
2566 13775.37256074165 3278.927759509481 0
2567 13757.13379978741 3080.300454225802 0
2568 4771.45484599778 8814.261556318366 0
2569 8180.163579357446 4260.647064501331 0
2570 3480.624006929965 8271.374650723628 0
2571 12567.88485252796 2017.844465266901 0
2572 9437.05733837588 3116.197912893016 0
2573 8472.47806068542 6605.911156248246 0
2574 8497.358404044156 6802.714389483497 0
2575 8339.055105512569 6922.282402580835 0
2576 13246.66452402046 1935.982077569796 0
2577 13270.26454527313 2131.990866333937 0
2578 2117.597725847963 3025.321875996571 0
2579 11724.20561443676 6306.570546909346 0
2580 11696.62158233034 6118.193703715674 0
2581 11521.74724947894 6051.333836014406 0
2582 11880.60953037511 6188.845109669652 0
2583 11843.55060767657 5977.741885001675 0
2584 12035.39041455675 6066.563378613971 0
2585 17829.20568669469 8387.916444235223 0
2586 7669.079638706557 2926.242399065739 0
2587 10684.21494943985 2149.449897419539 0
2588 10709.10032556241 2343.807640413232 0
2589 10908.04607100881 2441.195490020977 0
2590 1773.989042164703 7182.840819089549 0
2591 16238.17713781284 8077.139024128242 0
2592 8034.313685505495 3080.725823246839 0
2593 2897.727033210645 914.9719286952932 0
2594 3057.221339910712 793.9361498048002 0
2595 3033.7095794394 597.1962475690225 0
2596 3216.699790265215 673.1552219343876 0
2597 3200.160721332681 473.8422157419773 0
2598 7616.868668817766 5103.236361819246 0
2599 12360.73544051971 1744.418957198908 0
2600 2142.62151981159 3223.3404426692 0
2601 2326.535813317663 3300.405204070094 0
2602 2167.675134645689 3420.906331551208 0
2603 15537.70680706919 3660.800063477602 0
2604 9052.290456065137 1452.400835353436 0
2605 9235.307724867056 1529.909355269496 0
2606 9076.815043894701 1649.547619683089 0
2607 17702.26680643289 4406.634159165465 0
2608 3414.044227799599 2258.403402803384 0
2609 14314.11000267228 3508.475654913151 0
2610 14158.15147197443 3626.248614456167 0
2611 14337.7138138478 3703.845850556133 0
2612 14181.91331372432 3821.590803604671 0
2613 14361.19125787036 3899.171811320785 0
2614 14203.78582631219 4017.074788383045 0
2615 14384.31986222049 4094.482070876338 0
2616 14226.91818327143 4212.348598767815 0
2617 14407.61047807485 4289.700288579933 0
2618 14250.2577614973 4407.501820938649 0
2619 14564.96038586098 4171.885467242494 0
2620 14013.31336055678 3951.810499559196 0
2621 14080.85943359903 4329.488846658352 0
2622 14094.90364801031 4525.164132215927 0
2623 14588.17471026053 4366.899961479516 0
2624 14745.89498874805 4249.263183114372 0
2625 14722.38225763148 4053.988569847648 0
2626 15791.82539735866 5654.858655712475 0
2627 15585.75060855366 1252.205665173311 0
2628 12029.26911652985 7361.763050416648 0
2629 2092.734286696521 2827.225865386754 0
2630 14708.1071111047 9418.283238771692 0
2631 9873.418174673101 8128.258644424925 0
2632 6816.449358202703 7212.64822669073 0
2633 12244.37565236494 6340.884372874529 0
2634 9393.812160146786 1410.207662272214 0
2635 9418.200076291336 1607.257549933871 0
2636 4867.290512282723 6956.309218794169 0
2637 7620.482894312321 2531.872459199867 0
2638 17719.70738009866 3104.474781649733 0
2639 8447.81588915001 6409.246830832742 0
2640 4278.209599227102 6326.457991285933 0
2641 6411.821127586851 2582.735869047321 0
2642 6435.956488620977 2776.095626013242 0
2643 3122.097127914449 6810.340412016065 0
2644 13428.1402228469 2013.598098313497 0
2645 13451.73768465007 2209.594836241487 0
2646 13610.22331780969 2091.42523328199 0
2647 13633.17768641957 2287.275649188526 0
2648 13475.32740426155 2405.491722696729 0
2649 13656.5762575383 2482.991584597998 0
2650 13814.4630774092 2364.785432474349 0
2651 13840.95207470849 2563.111471967135 0
2652 13996.30485846973 2442.892346493888 0
2653 13498.80861476922 2601.120401518285 0
2654 16328.65725081972 3066.951863831015 0
2655 1733.745334874398 1363.292988789756 0
2656 7586.693343759363 6589.018763255204 0
2657 1739.624485954615 4179.783133341081 0
2658 1898.956530038961 4059.657731698833 0
2659 1922.640769761168 4255.29090187518 0
2660 1874.052862261869 3861.815633992204 0
2661 2057.927782109962 3939.11953701422 0
2662 17244.68683157162 3464.867326232868 0
2663 17403.08887491973 3345.899706364634 0
2664 17800.59666187674 884.1858201514924 0
2665 17616.8940884178 805.502481428146 0
2666 17591.23041060912 611.4041924152789 0
2667 17432.9276626873 727.7069068710662 0
2668 17457.02033406807 925.384803931549 0
2669 17273.40152407187 846.9525430145477 0
2670 17297.3027035201 1045.052894730946 0
2671 17113.73200342333 966.5917571559125 0
2672 17090.07755403321 768.7150890350449 0
2673 17408.99159676547 529.4758745953432 0
2674 5887.090027434769 2548.541063155138 0
2675 5910.421120379011 2743.996691214898 0
2676 5728.363564449804 2668.300773885102 0
2677 6110.376379673577 8440.666564422474 0
2678 6085.525380726851 8243.008687152927 0
2679 6269.522046415506 8320.113647069425 0
2680 10528.17154497575 2268.023315242423 0
2681 18582.74449951176 1594.7353486272 0
2682 1271.143555870411 7358.094902862535 0
2683 1296.443930046693 7556.212020711267 0
2684 17480.87342019686 1123.50852178319 0
2685 17138.82236764316 5472.467940718931 0
2686 13904.88808828567 2962.858752078625 0
2687 827.6955867357683 6608.956837581907 0
2688 643.5214466811649 6531.565121522992 0
2689 2738.254013583281 9274.600366575178 0
2690 17099.02402652799 2273.815030470386 0
2691 11448.21499368356 8232.775868184592 0
2692 1131.029451171975 734.1796997031306 0
2693 1106.024262322933 535.8093281979154 0
2694 946.7277405932564 656.6432267505688 0
2695 6538.459568473512 3563.639319862916 0
2696 15284.48939688481 2993.147956518111 0
2697 15443.53421056899 2875.650148631802 0
2698 15256.61041707211 2795.349411820712 0
2699 1818.040865571551 647.6568221572088 0
2700 543.9577821725252 7256.698933278582 0
2701 6937.442747913999 2617.293907925269 0
2702 3802.701322477897 3883.140861447874 0
2703 8351.06876657053 2840.820096966192 0
2704 2696.111379628866 7567.179791762827 0
2705 2462.214244874975 7094.255247843626 0
2706 19174.33743362113 720.3700969691954 0
2707 10005.12436920944 6322.268451147659 0
2708 9847.476905363294 6441.32757449309 0
2709 802.5923505493556 6410.783978796968 0
2710 618.4220551696053 6333.374267379286 0
2711 777.5136808159805 6212.671897887156 0
2712 593.3342076033314 6135.191919870058 0
2713 752.4434506608941 6014.450153131327 0
2714 568.2488345660186 5936.989614407528 0
2715 727.3526356379552 5816.155295503315 0
2716 543.1639235854873 5738.763861878627 0
2717 702.2682984401545 5617.92636828961 0
2718 4452.526583725891 820.6802044971091 0
2719 4611.644823484054 700.0995182044844 0
2720 4795.64323718742 777.6543623273037 0
2721 4770.82145269877 579.5055824532692 0
2722 4954.866956117207 657.0756748471986 0
2723 3533.775248117985 4516.880107740953 0
2724 7356.137295437044 8748.967665370685 0
2725 19411.61655680675 2701.433526326252 0
2726 1095.692999548908 5971.565022332701 0
2727 5317.354817726838 9043.228941287998 0
2728 6471.944659346455 1673.20125108485 0
2729 4945.080375140676 1964.686757642774 0
2730 4444.284899531066 2127.898498900887 0
2731 4260.670311420591 2050.688422428905 0
2732 4419.107063335163 1930.529694411308 0
2733 4101.557787914257 2170.967649316737 0
2734 2347.652873927904 4801.495189558407 0
2735 2187.329637165948 4919.806342442944 0
2736 2213.117416492627 5118.624287272 0
2737 2165.355880801577 4720.73202413468 0
2738 2028.261164567079 5039.851878087891 0
2739 2053.569127220791 5240.31821293332 0
2740 6348.334946695126 683.9562350734395 0
2741 8013.990541318796 8465.73586362387 0
2742 9437.836223546041 7384.943569462714 0
2743 11507.84456477711 7327.715093808107 0
2744 10179.79912795905 9193.367297355908 0
2745 10204.43254247254 9391.256934112902 0
2746 10021.30525345998 9312.639799800047 0
2747 16446.82828878463 4050.012368962774 0
2748 16470.16331034357 4246.361594122385 0
2749 16312.20695870755 4367.196479823989 0
2750 16495.15995409964 4445.422455292144 0
2751 10551.20707315277 2458.937780064895 0
2752 10369.71657816009 2387.291951808113 0
2753 15323.21352160114 581.3164082806979 0
2754 6899.248348323164 916.8695538134166 0
2755 7058.349846158417 796.48536341826 0
2756 6874.543517165499 718.8370517164694 0
2757 7033.711207239422 598.4203752101675 0
2758 7211.053274484994 676.936905561698 0
2759 7588.144228711868 9222.595919251075 0
2760 7431.798050778439 9336.737077873513 0
2761 7249.458542659575 9276.230465763074 0
2762 7606.591060139455 9420.580162370605 0
2763 14518.53459503836 3781.529554403045 0
2764 17624.34382472651 2311.284728979211 0
2765 4423.208931405323 633.1860912611946 0
2766 16389.28006374353 4965.568786500008 0
2767 16547.17501546295 4847.145938653569 0
2768 16364.62716267902 4767.663472238291 0
2769 18738.65219780148 7277.848124307549 0
2770 9350.991237674631 3821.527747843659 0
2771 17590.98343321697 4920.290619318674 0
2772 12161.6488358374 7046.481022102675 0
2773 10864.37076445488 9107.79379484721 0
2774 11044.89577544505 9185.585494643901 0
2775 9629.946675076817 8960.7761758058 0
2776 9471.085081868699 9081.046916875119 0
2777 8644.742124748391 2404.489459354651 0
2778 9569.31256025382 5581.556760167963 0
2779 4761.557372532748 1887.350354560737 0
2780 14463.36939145852 586.4422989550894 0
2781 9137.828617265108 740.2156271210533 0
2782 9296.807729623311 620.2304861809516 0
2783 16590.12920775106 930.7508146719574 0
2784 2260.492541971903 1398.132192443376 0
2785 2101.550892817495 1518.714990477516 0
2786 15625.45333976746 2953.427194674271 0
2787 15601.80138582057 2757.125004436893 0
2788 19373.21739344111 5301.292121696484 0
2789 16598.76709801074 2434.682115649291 0
2790 10393.277762518 6671.791362102198 0
2791 4076.551242291578 1973.442856754826 0
2792 3664.319096723173 8348.55932748076 0
2793 16034.69017359223 9296.813446843407 0
2794 8302.884740455607 5242.569122038741 0
2795 8327.425462212284 5438.817925189455 0
2796 8278.051850456068 5046.944055961445 0
2797 10888.65298896917 9305.584659345915 0
2798 11069.17476081765 9383.453330169796 0
2799 14525.16883345341 9341.317351977774 0
2800 17669.71812309699 8506.92607510469 0
2801 3105.878046745123 1191.136805249675 0
2802 9113.328000649492 542.4915831829021 0
2803 12120.83930297575 9448.120211958456 0
2804 9654.539351098234 9158.502277425565 0
2805 9493.315773260663 9275.781702253331 0
2806 9311.640027695337 9200.789821383794 0
2807 9333.792797203103 9395.525597021071 0
2808 9152.81636943481 9321.531183904961 0
2809 16392.31280505113 2159.39457379752 0
2810 17321.30797692931 1243.184871978155 0
2811 2956.216172883485 8238.959080030083 0
2812 3375.966558598619 552.4458540725427 0
2813 5896.005387723387 1243.124038341088 0
2814 3597.926704680193 2335.541858684746 0
2815 3439.034949154157 2456.112177074305 0
2816 11995.19790510467 8462.996002428374 0
2817 12177.79856452327 8539.922288434253 0
2818 9670.581645088856 9343.363604857695 0
2819 11812.9495744088 8386.196105247094 0
2820 11558.96088115593 844.6137200956473 0
2821 14904.19114892989 4132.18877484399 0
2822 12423.10012057405 838.6865557527208 0
2823 15084.15006306454 1412.696133423416 0
2824 14901.02888305483 1334.604045967971 0
2825 15267.12497715024 1490.95796814813 0
2826 4587.114141546414 8736.981304325736 0
2827 5687.312283527803 967.6910340958725 0
2828 5921.037521077654 1441.071956608978 0
2829 6104.700481722795 1518.568327028778 0
2830 2962.111282643038 2817.87352393685 0
2831 12395.63001291673 649.6660703135694 0
2832 13182.00354994838 5608.018194380319 0
2833 18977.21243493371 3453.645619416607 0
2834 18793.87215002354 3375.154046096606 0
2835 11533.04359764001 652.7042425154432 0
2836 2644.406554610188 3058.938722026309 0
2837 18294.69522973517 532.8744986674874 0
2838 14534.88243554792 1178.384937545964 0
2839 18817.24950391219 3572.913912606697 0
2840 10234.33955173725 6790.047362280397 0
2841 10416.34643498868 6867.141479452372 0
2842 9849.068744799308 7931.339004073866 0
2843 10032.05293952509 8008.642494688276 0
2844 13112.35841281305 2250.255214167785 0
2845 3399.830918533269 751.3727529256139 0
2846 19569.45664028065 2580.643924971942 0
2847 17608.19153747787 3619.945546675785 0
2848 8663.722810030802 8178.410792565397 0
2849 12388.44152899712 8814.775025406376 0
2850 19086.03430710592 1433.875807258008 0
2851 9871.512902115675 6636.462305630403 0
2852 9689.816109412301 6560.00136729085 0
2853 9665.549552541876 6364.388659888057 0
2854 18504.03146197892 5299.586732524594 0
2855 18527.26981872779 5497.063135303528 0
2856 16054.41865863356 9489.306680334415 0
2857 16216.15595490285 9375.303307457703 0
2858 4954.543708193945 8890.328524155975 0
2859 4979.466560088421 9088.116973443535 0
2860 9576.32172563482 1486.857916833541 0
2861 12990.89534962292 9441.248895349418 0
2862 13149.35131788011 9321.184528957971 0
2863 8590.899924414598 8896.712592286598 0
2864 13297.85225237255 2515.329758041937 0
2865 1722.454760885325 6796.887516462908 0
2866 6783.463506826167 4031.427363779804 0
2867 8506.194885426477 8297.758161807744 0
2868 8533.820175163393 8497.06624115595 0
2869 2763.277362072366 9481.828898204581 0
2870 2922.559082686239 9352.392783536412 0
2871 2947.696936203106 9548.60488022117 0
2872 3106.823551655331 9428.12741709876 0
2873 2065.167555176703 6751.786571522289 0
2874 2224.30206073001 6633.089517303806 0
2875 7805.078936880686 5404.63733770325 0
2876 1137.453836036762 7677.05981540999 0
2877 820.5869592312738 7907.581455833277 0
2878 615.7412794402117 7640.184514590068 0
2879 10052.48951727031 1128.080205130317 0
2880 9894.686314336774 1248.247544819854 0
2881 5549.999147383484 9516.71461542317 0
2882 8797.913764187995 9169.407980931255 0
2883 3377.142053928605 4639.237298514549 0
2884 3398.393732595367 4838.204241189019 0
2885 3353.722646096598 4450.761633255554 0
2886 10205.92966009647 1008.652715782989 0
2887 8822.362004449456 9367.063441304104 0
2888 3705.588097672064 494.1244211701551 0
2889 16926.13582646167 9482.873007573879 0
2890 16738.0795265722 9414.236658702521 0
2891 1324.55847957368 7750.365116247407 0
2892 1481.425861443086 7631.758478341248 0
2893 1449.606001985543 492.5263622410339 0
2894 16535.27622478134 535.322009400712 0
2895 16717.64690619604 616.4354691328072 0
2896 6762.947776468013 9462.810531205359 0
2897 6591.827950462222 9570.097225067993 0
2898 6419.34574844967 9507.277707942569 0
2899 12016.49369389848 5892.729933718094 0
2900 12194.21186898512 5950.197240022316 0
2901 5959.617489961227 3122.602364530272 0
2902 5202.34798326837 2630.18383934763 0
2903 14582.64497266792 5661.111228469679 0
2904 10276.02419542503 3104.319594592051 0
2905 510.0256649058083 6857.122982871358 0
2906 521.1965725285954 5540.152144853499 0
2907 677.7040897948282 5419.653254835537 0
2908 496.7118694387373 5341.855542362291 0
2909 652.8077246383273 5221.405028427062 0
2910 861.3757208417464 5497.100768261866 0
2911 476.2979212193841 5143.037230792535 0
2912 628.5407040010869 5023.077319074472 0
2913 811.5772062545075 5100.610031622259 0
2914 786.3929665697888 4902.545643688351 0
2915 602.2459420098221 4825.038524892203 0
2916 761.1096472536956 4704.391409441393 0
2917 567.6067244537826 4632.477371446417 0
2918 734.4120366599054 4507.150579581989 0
2919 537.1312407394344 4443.490548715121 0
2920 708.2152334450111 4310.93660660191 0
2921 520.3052904843516 4241.512812653395 0
2922 5387.032772075862 2709.735460941009 0
2923 4491.396841617452 9458.575272359871 0
2924 16358.13083165941 456.1113788732855 0
2925 3617.903159279619 3816.622068465153 0
2926 3775.04712836506 3692.707895692621 0
2927 15421.09098462597 8473.63376054414 0
2928 15577.21156915521 8361.918660081379 0
2929 15758.86905779478 8433.388680243679 0
2930 6848.652143285177 523.431548836219 0
2931 7013.37636446344 370.6169282621058 0
2932 4009.955312502639 6960.419212111868 0
2933 3826.79402158477 6883.045097785684 0
2934 4054.791892729772 473.757833120595 0
2935 7273.584353922538 9480.577361527907 0
2936 13343.77991209501 2724.186775658443 0
2937 8665.118895257105 9489.600691121708 0
2938 1977.302043982178 526.8619667377998 0
2939 6846.103069494524 8749.361184892532 0
2940 6662.28476960031 8672.170989781807 0
2941 16191.63695653684 7685.213995524326 0
2942 13530.3976768235 7064.727889838914 0
2943 13509.77302746054 6875.505118532127 0
2944 13332.76519825957 6799.867517591509 0
2945 13483.19375490561 6681.914205694366 0
2946 13342.21950550794 5305.627517458452 0
2947 19497.76634185595 9295.803345350665 0
2948 19340.68328529095 9415.067209607743 0
2949 19519.77798302595 9494.516521327474 0
2950 13541.19212422253 2802.98085834047 0
2951 19591.26760814447 1258.37183877392 0
2952 19131.13468968151 504.6903917444224 0
2953 19331.53268483095 596.7439058240761 0
2954 14021.66533989584 2640.272901222078 0
2955 14177.74400221264 2520.479509464394 0
2956 14154.2186807895 2324.65225223453 0
2957 14335.32679374529 2401.770330913024 0
2958 14552.75234208341 9531.647246327002 0
2959 14367.0972654415 9460.308682453946 0
2960 4692.218726982455 9529.216402505979 0
2961 4847.64420531308 9408.103598841233 0
2962 14361.72529945665 2600.188130569898 0
2963 14517.28036770268 2480.211038676597 0
2964 16872.86662637312 7591.628124577175 0
2965 9194.816578352023 3940.365734087243 0
2966 8847.078442198732 9566.205288263598 0
2967 920.5187343399466 456.6813277867368 0
2968 761.0112225460471 577.2688447202127 0
2969 787.1909865331527 777.1871961426423 0
2970 603.1050255879873 699.9722017403519 0
2971 628.0757881931368 898.3126829853609 0
2972 575.7179550277924 500.4296273810651 0
2973 13564.20817748365 7235.283568614599 0
2974 9334.983483584187 5113.408069870521 0
2975 6402.918759256494 3874.203973293896 0
2976 15481.70353748002 465.572515330472 0
2977 15668.30051949778 542.349225889302 0
2978 9412.064010707963 5699.871532513595 0
2979 17053.1868776913 7671.819568902522 0
2980 10642.01991356927 464.3186503396973 0
2981 13167.32380253879 9504.621720364928 0
2982 13324.54447002536 9386.645577706338 0
2983 13306.14789824952 9199.650539058857 0
2984 13489.38138164701 9276.492181979937 0
2985 13496.5596450125 9490.460186300235 0
2986 13674.81970159343 9355.022730895802 0
2987 13699.89563021831 9552.484045935827 0
2988 13855.73830512361 9430.612184764897 0
2989 3216.358796076983 4767.825673527761 0
2990 3238.649470362858 4971.348249557764 0
2991 5453.414567644035 493.8662175689406 0
2992 14273.89607932583 4602.530362282149 0
2993 14117.43551883899 4721.143784469436 0
2994 13936.38282846498 4643.157573143335 0
2995 13960.19622564925 4839.008286601975 0
2996 13780.72181764722 4766.403351358574 0
2997 13797.92427977097 4965.844541400824 0
2998 1616.876724465339 7302.573545489613 0
2999 8339.877730355969 4140.307131057423 0
3000 14387.79880709799 9664.062691734831 0
3001 10449.39604578602 2783.438362202854 0
3002 16208.29403296687 2080.670814459646 0
3003 8708.193782217906 7077.673247353176 0
3004 15733.6402317086 8248.114322367803 0
3005 15917.00556237564 8314.165165480119 0
3006 15221.03950716502 3897.015006518914 0
3007 11882.81522772531 2100.810019500756 0
3008 11706.13468411048 2019.867991270128 0
3009 11681.46902444185 1826.893953245203 0
3010 11522.62478019843 1945.767343516975 0
3011 18344.44579105484 5418.762347921623 0
3012 8217.157529230055 3157.64018417835 0
3013 6787.90111715013 7026.245029210164 0
3014 6947.238831306573 6889.661176412774 0
3015 6640.206833815061 7150.635384865162 0
3016 2033.223759854867 3740.601048936071 0
3017 2218.270872521232 3817.48739097917 0
3018 11498.79134578888 1750.391864467398 0
3019 14313.46512656181 2206.162049575685 0
3020 16917.65395649726 7993.180124228927 0
3021 2772.254140013292 8161.541016960793 0
3022 2613.209635706329 8282.124365883778 0
3023 2931.038677615113 8040.736025608147 0
3024 14858.24203447609 3741.707037115357 0
3025 2419.580145960789 1277.495358095282 0
3026 12549.68071784909 7394.893327602595 0
3027 16302.07085587515 5669.602886733452 0
3028 16156.89438928315 5775.375278396786 0
3029 7742.531309575983 3516.71037756124 0
3030 7925.214565357816 3593.978517161471 0
3031 11748.98057631734 6502.163038528728 0
3032 9348.485517044213 8093.318532850479 0
3033 9324.121302070615 7896.10593588849 0
3034 9482.507067867187 7776.740635598045 0
3035 1933.454698064441 2948.355584235234 0
3036 6595.192321147621 2660.331568585665 0
3037 15743.62449457656 3935.136493407324 0
3038 17725.90176485493 4603.934248972106 0
3039 7401.672976135043 3559.339007283533 0
3040 7231.61205937917 7761.656608781756 0
3041 7390.305367445992 7641.669797353726 0
3042 6328.118322581883 3274.983038072674 0
3043 3230.117849371405 2181.187629973143 0
3044 1806.451215210966 6082.980950224444 0
3045 1965.240935439383 5962.281029294661 0
3046 1940.202425586881 5764.466773171052 0
3047 2123.998741153609 5841.695694098337 0
3048 2100.176384985469 5642.366124538092 0
3049 2148.143896923639 6039.746791966399 0
3050 1916.504699176988 5564.646682344823 0
3051 18432.59443723454 4719.39286569398 0
3052 3866.290094127869 1698.731882056765 0
3053 2544.40959881115 2267.717906447369 0
3054 4928.693926300892 8692.150091106138 0
3055 12020.62768869955 8660.303983510341 0
3056 11144.00840088387 7174.161980181749 0
3057 10962.2460989439 7097.516308311126 0
3058 16064.6338775636 8002.841239229316 0
3059 16728.66086372975 4924.567936231326 0
3060 2410.575580612836 2586.165420610868 0
3061 1792.337284695441 8687.379039797219 0
3062 896.3143551749054 8498.254808533564 0
3063 1826.588564987469 7576.295163619616 0
3064 18442.96027054343 7714.680955062368 0
3065 18602.21221777637 7595.596828609428 0
3066 1029.279860177747 4068.843059411248 0
3067 3607.60446305594 1027.601483069758 0
3068 18483.1276714955 812.1981780066926 0
3069 2352.410882130654 3498.117632123583 0
3070 5787.961263311374 1758.723088157008 0
3071 2603.565649892598 1354.957673064313 0
3072 1112.994484839668 3354.077072240912 0
3073 970.395326126767 4980.13491191003 0
3074 2237.409637267035 5318.115398807702 0
3075 10044.05479379017 3931.749683426046 0
3076 3823.263215768635 8228.451578506891 0
3077 3849.563974546742 8426.913280511701 0
3078 4920.198320880999 1767.038247895322 0
3079 13802.48149951614 866.3337033943526 0
3080 13619.48068448412 788.2874964653929 0
3081 13594.8116120228 590.6903615424217 0
3082 13436.57764789171 709.6616410200731 0
3083 13413.38199152725 514.9311981987485 0
3084 3247.297161920822 7798.567032024781 0
3085 16454.25383865174 1247.95046408193 0
3086 8268.231889198316 3548.17891583247 0
3087 8426.22106731838 3428.838818717059 0
3088 10562.89039943891 1167.915508442517 0
3089 8294.502940245027 944.6022371109061 0
3090 8101.188746328241 846.7575690665826 0
3091 16714.26766746758 9218.154414762299 0
3092 10938.07465116416 6901.524135050017 0
3093 10780.13098573228 7020.356486513402 0
3094 12367.95839474999 7318.508315131416 0
3095 9799.344571266736 6049.730658666394 0
3096 719.680407376065 3000.901932362912 0
3097 536.4097160243109 2915.75105147573 0
3098 903.857873808518 3078.533033716356 0
3099 11205.67054761753 9064.029586548731 0
3100 6690.60559412298 641.6599436056331 0
3101 13125.83728807584 951.6800749969998 0
3102 11788.26374007045 8189.455271491145 0
3103 16850.99601199069 8902.402505084552 0
3104 11191.01957402729 491.5056528685409 0
3105 15783.81079490404 2834.756613334468 0
3106 15760.36017215478 2638.077011641104 0
3107 3139.781126494642 8315.717561154597 0
3108 19290.345091065 1708.173720725159 0
3109 19474.64906877892 1785.611195441681 0
3110 684.6389198632678 4112.980667564742 0
3111 504.873307636195 4034.633646148274 0
3112 341.4358052892785 4171.35483076148 0
3113 17497.72235836302 4134.209103620864 0
3114 17655.62699104428 4014.143587977132 0
3115 17395.83351557651 9135.995241339335 0
3116 16930.90229533592 889.1100526458067 0
3117 16954.61805990008 1086.946539017189 0
3118 466.9413267535201 6462.223353090048 0
3119 19160.40705221267 3532.081721121041 0
3120 19317.19136617977 3416.381366655919 0
3121 9597.581709580692 1686.098198169637 0
3122 5294.157957083606 614.4217889196525 0
3123 5260.981298672054 435.096828345042 0
3124 5319.113780949452 812.5596938780063 0
3125 18765.74047783384 1673.053405175916 0
3126 18606.01595851437 1792.984872012884 0
3127 468.7865354768091 2327.235670029648 0
3128 11200.63383895026 2176.67581411638 0
3129 10073.24825999709 1327.651364261859 0
3130 7677.871679921651 5709.49210416495 0
3131 16554.99760887948 9336.934668733249 0
3132 16578.28284894567 9527.491126052215 0
3133 2252.419668325411 6827.375014069132 0
3134 9300.696629106584 7699.70950890902 0
3135 9142.418796241305 7819.033284234853 0
3136 4818.592962831675 6567.139894013935 0
3137 19510.17665844255 2162.333364966363 0
3138 18479.07868853338 5104.287536556551 0
3139 8169.744157263368 5558.258229305759 0
3140 8352.442801875764 5634.018846802203 0
3141 8350.836141802054 8420.028580986589 0
3142 8483.51151666988 8101.124791922696 0
3143 507.4671710342955 8144.647795874921 0
3144 528.6199811707738 8343.246179560969 0
3145 499.5065470823392 7937.500074708173 0
3146 7029.775526830825 8823.332945841474 0
3147 18980.3717785328 4944.16512573431 0
3148 2401.548510297164 9525.100976798507 0
3149 2235.775699261525 9437.081496123925 0
3150 10046.72010019527 9497.401131490504 0
3151 18638.14262209834 4984.892199082718 0
3152 6921.481779535114 9343.130123088507 0
3153 13254.88594895899 633.6920571665714 0
3154 12222.04866126579 2051.241562260929 0
3155 19531.3569510049 5177.094149175238 0
3156 19554.97394772971 5375.21650581897 0
3157 19553.36855786034 6879.575730522562 0
3158 19522.60540964724 6689.067069067554 0
3159 19571.62611385067 7078.305748686918 0
3160 19422.26519127095 7196.269901815978 0
3161 10923.26852693475 9504.130211308373 0
3162 12591.6884713996 2213.623033887605 0
3163 12772.85470016192 2290.905748500531 0
3164 5068.099186403018 2933.101963198512 0
3165 4910.556202585938 3055.699078066004 0
3166 10335.3493446047 700.7730846716458 0
3167 10303.11265369578 498.8255065846442 0
3168 6301.313311366316 3080.966964637916 0
3169 5753.361640309173 2864.173933800646 0
3170 6320.258363308129 493.7486343871642 0
3171 6135.379317470584 413.1195225152542 0
3172 12033.97754461212 486.8724169627212 0
3173 11097.57389680728 9580.924061869933 0
3174 11272.45964306975 9478.22320633438 0
3175 9179.731599318187 9514.93428775879 0
3176 15261.05550677644 8589.438223594494 0
3177 15255.86044954693 8402.240431420802 0
3178 12894.01196530688 490.0747509515768 0
3179 12716.50643342454 401.9146006527899 0
3180 6941.828788536065 9524.343330360325 0
3181 10213.76270549821 9618.186839008824 0
3182 427.5419820347124 8861.331234786041 0
3183 448.2857214462365 9061.983352336079 0
3184 10193.6742682694 3819.387105611509 0
3185 13473.10517769585 5198.42212563643 0
3186 13653.91946424209 5274.547211367964 0
3187 7051.415438538332 9012.174333095612 0
3188 449.9704700423754 828.9739681484652 0
3189 469.8282644789106 1020.575293463117 0
3190 653.3156123727131 1096.951672257343 0
3191 497.2036097601849 1217.432877559449 0
3192 15205.37688178071 9268.531952167585 0
3193 15178.31809102361 9071.156667624811 0
3194 15233.42913724151 9473.17584883258 0
3195 433.384523883622 3446.536896516838 0
3196 451.3964302655877 3639.014924371716 0
3197 6051.930564795333 3906.837199842765 0
3198 424.5861668816342 6064.623658919336 0
3199 10172.65240775456 3621.523717408907 0
3200 19311.20234915659 400.6372934923247 0
3201 19508.2243483605 468.0516738407396 0
3202 19515.42448421968 684.5687790701513 0
3203 14202.80887904569 9567.553376818763 0
3204 14185.32630235845 9381.984607481674 0
3205 4805.065296078165 6379.506207115988 0
3206 4632.946845264585 6300.003670030352 0
3207 5800.661208008059 455.0320964421917 0
3208 12811.36748122718 9546.868700378287 0
3209 15898.18733321326 9613.656752080848 0
3210 4924.296004164216 471.6739250751034 0
3211 4740.39331020219 395.6508709087811 0
3212 13877.4291923612 9622.50861633615 0
3213 1796.935381301464 452.1293797274502 0
3214 13232.24512988988 449.754408753578 0
3215 328.115955762034 5234.424581880368 0
3216 7501.183687364499 5814.578413424079 0
3217 7547.355894666048 6020.709683331635 0
3218 417.7501092463608 4747.652584462006 0
3219 294.7713729266743 957.1445633146395 0
3220 14065.01075128668 6277.949844511233 0
3221 15056.45241457747 5821.500052606824 0
3222 13832.72995894282 7105.666117102707 0
3223 13874.69224099402 6681.679650992555 0
3224 13761.32341397058 6525.519726385413 0
3225 15721.36205833884 6069.177073387357 0
3226 15868.60403930179 6202.9554419623 0
3227 15883.91828444106 5990.950193378647 0
3228 16047.92106984651 6114.862262730234 0
3229 15380.55965141205 5872.939340311568 0
3230 16125.53997291614 6636.813165076539 0
3231 16227.31169189424 6446.703122575316 0
3232 16309.80812177998 6740.89066151629 0
3233 16349.25676349214 6931.548755196462 0
3234 16249.53262528558 7055.577046131251 0
3235 16475.55492468434 6820.984333119134 0
3236 13980.71275439166 7542.171023236536 0
3237 13892.19930458667 7722.807389179893 0
3238 14007.90861283852 7903.34100024385 0
3239 13800.81974253745 7907.906845279877 0
3240 13695.62237287747 7728.594500124792 0
3241 13602.53080656503 7912.106627214143 0
3242 13902.22980325578 8079.096226884166 0
3243 14100.90169060972 8078.08527022102 0
3244 13996.59126109532 8240.341109744595 0
3245 14173.8384656794 8272.69097581369 0
3246 13501.06702996847 7746.526969070426 0
3247 13405.84394069346 7918.480886156832 0
3248 13573.32342315177 7560.859426636274 0
3249 14650.09283112627 8107.452174962258 0
3250 14486.23293390099 8213.617886614853 0
3251 15900.54796601602 7732.544970452158 0
3252 437.9746443783279 7594.951889961367 0
3253 6660.441296044068 455.9804698077414 0
3254 5892.922068181374 4021.607554945354 0
3255 5718.463435338895 3940.935618648532 0
3256 15550.25268379532 8009.113307740917 0
3257 5714.872874953149 9603.645428900099 0
3258 5886.756145468236 9486.145967813962 0
3259 5570.555090946212 9695.417225021032 0
3260 14051.02588840089 6071.381358741722 0
3261 1082.255520551629 344.3254856308085 0
3262 11540.041895857 2128.956226498953 0
3263 11874.08643287655 403.4786601435553 0
3264 19545.83246970855 3884.564387644901 0
3265 19521.0858962022 3687.399657909181 0
3266 19568.30593229343 4092.35565917955 0
3267 440.145044454599 2130.515369780771 0
3268 595.1886646086659 2010.281763946259 0
3269 409.9612164390928 1932.873217699839 0
3270 569.3747580917043 1812.041508709373 0
3271 8406.28255609882 435.6252000048935 0
3272 8254.28467702655 553.9025043062211 0
3273 8559.663563219396 320.0914075225819 0
3274 6631.299839926918 4143.681454916929 0
3275 13846.34894011523 6336.438665251322 0
3276 13767.42696174572 4580.073418496308 0
3277 7312.253583706935 5138.886745491192 0
3278 7387.206882143694 5329.98474030075 0
3279 7164.199764267451 4768.43207012949 0
3280 7349.496516582067 4769.689006523811 0
3281 7261.732626613211 4597.072086136826 0
3282 15060.29184963448 8176.434107802682 0
3283 4720.624091440885 4983.074598640535 0
3284 4532.179211053498 5026.074079858951 0
3285 4573.108136552605 4843.187334335909 0
3286 4490.096187364476 5219.602356488591 0
3287 4398.303980142368 4891.772670149784 0
3288 4431.497961114066 4705.136636024494 0
3289 4641.735301316317 4672.308618924597 0
3290 5121.625962722252 4435.986366025063 0
3291 4934.652669532148 4384.587936008581 0
3292 5055.488961453023 4243.876371834029 0
3293 7255.919674086058 6049.034500568774 0
3294 7351.997860050797 6233.263508766544 0
3295 7277.032466279628 6400.225396847007 0
3296 5363.632058233628 4267.885744824349 0
3297 5413.263988229623 4111.850159078034 0
3298 5349.123217191522 6702.714951534965 0
3299 5187.316878383823 6778.48803801455 0
3300 6455.445700302718 6795.561674211284 0
3301 6386.696374405475 6989.847876813474 0
3302 6191.273785167125 7048.54183260328 0
3303 6337.041210363726 7184.668745517063 0
3304 6049.63822783375 6929.991999356387 0
3305 6021.61544144099 7113.757032199152 0
3306 6829.224805643587 6580.674261072855 0
3307 4683.60530725404 5829.152098432298 0
3308 4545.85844468876 5995.194960943471 0
3309 4494.294648331796 5759.12738919285 0
3310 4445.032703552057 5556.748739132143 0
3311 4307.343467914883 5713.548204484363 0
3312 5566.828167222515 6815.853698483841 0
3313 5646.78016281308 7013.218057869366 0
3314 6986.929130847475 4532.933233116395 0
3315 7003.428665284673 4323.947638778713 0
3316 7462.215871259486 6404.860660944489 0
3317 6987.392956783852 6470.298743360575 0
3318 7003.411418240459 6667.101077259449 0
3319 7375.726826990831 6570.671446993429 0
3320 13285.78603864261 7717.617767315951 0
3321 13205.78202701599 7917.339236473485 0
3322 13104.28537618365 7781.638986225911 0
3323 4237.176045824404 4760.237753131009 0
3324 291.3930042433531 3565.333901540248 0
3325 17589.38676901903 383.6196303357447 0
3326 17372.37323098203 331.2110107301178 0
3327 17217.39551310585 452.8496474452895 0
3328 9369.823649993339 9616.036848783335 0
3329 14958.48183386411 415.3656094976441 0
3330 19603.19590449474 2784.323953567745 0
3331 13524.95519131735 8078.662747254088 0
3332 4295.113035378202 4558.809326689344 0
3333 13794.58012240905 3471.523274398113 0
3334 16224.34771715513 9557.741323454246 0
3335 11965.70160699883 9559.683147169435 0
3336 11784.22510068758 9494.96303518159 0
3337 5372.758086852203 6920.171992324224 0
3338 3117.797098603409 9625.739049330137 0
3339 3297.698582793952 9504.038484429151 0
3340 19741.86492881244 6979.077220189394 0
3341 15073.8963085647 9587.652819816056 0
3342 15246.48812695936 9654.229125062111 0
3343 14902.44975917769 9701.539598234627 0
3344 259.0655226149229 8981.426956316982 0
3345 14103.29946481714 420.6937314444649 0
3346 13922.12890200632 350.7609639804487 0
3347 14279.58643618817 304.6219336424983 0
3348 2972.733515552209 9746.908499404091 0
3349 372.5206262839019 3033.394314780584 0
3350 11005.56818993367 428.3573881145076 0
3351 356.4273541769653 5636.610885166476 0
3352 13587.19552380619 366.9421560347309 0
3353 12760.4715792043 5493.15538535595 0
3354 12569.39522422819 5599.310328270623 0
3355 12480.90504689255 5767.317135506551 0
3356 12767.14543594926 5690.911956913712 0
3357 13479.15080373731 4726.613362976641 0
3358 13690.38362163315 4104.371672837437 0
3359 13808.0093756631 4274.3904953754 0
3360 10374.6625089903 4323.94378716231 0
3361 10175.22577302736 4238.384636336346 0
3362 10233.75101134544 4465.826932033426 0
3363 10280.88498636956 4662.550057647393 0
3364 10746.34465759529 5091.589612113254 0
3365 10545.6538306391 5115.959065614445 0
3366 10661.11874053272 5274.551206752401 0
3367 10423.92089743798 4957.369820181501 0
3368 10507.66022561533 3283.649178377996 0
3369 10584.34501122173 3089.711264545993 0
3370 11258.95975173516 5486.954789190457 0
3371 11077.60482506311 5578.435765952369 0
3372 11256.58623048187 5685.630799685477 0
3373 11067.29723286433 5788.1459307949 0
3374 10902.95845156773 5673.614198757243 0
3375 10888.4626931223 5887.218330436897 0
3376 10738.17890310265 5771.64374665504 0
3377 11224.03086482191 5891.972692741834 0
3378 10740.06213773927 5576.397156699846 0
3379 10584.70536687251 5682.359514551256 0
3380 11401.14877364359 5802.469854447949 0
3381 10735.69959100617 5957.502090315213 0
3382 13697.23142479931 3885.449332934741 0
3383 13820.89900379782 3747.800277025995 0
3384 13478.05748289426 3227.147055789161 0
3385 10891.96219357102 2765.860665748484 0
3386 10686.15053981207 2724.174743077102 0
3387 11043.14562150425 2616.250640703964 0
3388 13071.26754894046 2718.309905995524 0
3389 11439.36447151515 2424.366714603137 0
3390 12116.19463078092 2354.466186060392 0
3391 14971.74643178966 8343.622602325662 0
3392 10481.74454288465 4747.995059115329 0
3393 10876.39041449014 5265.934029931338 0
3394 12963.13446659766 5595.221966293798 0
3395 12931.22277047684 5783.299552697063 0
3396 19747.03654890937 2648.651135527057 0
3397 19620.00114258381 2991.337522461998 0
3398 4860.078129529477 4716.495719235296 0
3399 11850.22447283073 5663.917504716279 0
3400 9267.786262314463 433.4277408134367 0
3401 9482.779310861466 511.9839450472482 0
3402 9075.804678783727 342.0209707462536 0
3403 10464.65984140375 5295.334468013713 0
3404 15715.70465500722 5868.939922574341 0
3405 3001.897294298694 364.406268410683 0
3406 3181.628399416943 288.5756227693018 0
3407 5463.368784822679 7120.452284775307 0
3408 346.6495531331893 8239.631044942684 0
3409 368.5716797384412 8464.213800694948 0
3410 15508.67672947427 5771.945740839617 0
3411 13713.63954019721 9732.462584397726 0
3412 12990.31097629228 7942.090965653304 0
3413 13113.66143185579 8098.553749808825 0
3414 14648.81196957249 5874.389174161064 0
3415 14253.39624863125 7902.71989260615 0
3416 7451.422236106057 4965.839591581756 0
3417 16511.31434519333 337.8741704335807 0
3418 16328.63477087524 269.1389036159362 0
3419 4620.311282234579 5409.259276770914 0
3420 5900.085121334138 8161.070151570648 0
3421 6057.020918669371 8038.852855022198 0
3422 11894.19750470482 2322.286988790024 0
3423 7000.79508093502 8614.164944705131 0
3424 12166.39034576005 5662.885747517881 0
3425 8682.440635206511 9685.960529546384 0
3426 8879.670866235549 9797.027195030802 0
3427 16413.21782176916 7103.952182584402 0
3428 13309.34636439258 5092.134412519445 0
3429 13073.85053381073 5290.544673182188 0
3430 12162.347759915 9649.951935222183 0
3431 12774.51968715648 5886.854436488916 0
3432 16169.36713503424 387.7130706073667 0
3433 15974.78682889581 328.9064810600867 0
3434 8491.260290892042 9608.655785487472 0
3435 8325.684521485093 9714.512485055102 0
3436 10099.2229379935 4570.13303273711 0
3437 10119.17108966927 4792.413156720351 0
3438 13604.84647808421 4882.440011705401 0
3439 11458.9610463899 5601.393306920834 0
3440 14674.34979381255 8308.978382654841 0
3441 14518.28150953026 8425.025888383774 0
3442 13721.81780225474 2883.30892184842 0
3443 13100.502498102 2548.65097063357 0
3444 19607.6520173334 7275.010799877413 0
3445 13598.79282434639 3391.946850799382 0
3446 4871.869821294472 9609.408067503633 0
3447 5030.936685134006 9486.58583152022 0
3448 4708.060707570225 9717.802963789656 0
3449 5052.113922237892 9674.721057235165 0
3450 5207.02698171629 9552.763675117989 0
3451 3852.657297291113 7086.780180487283 0
3452 3670.649762121069 7008.45445406604 0
3453 3644.063606307316 6806.38738491525 0
3454 4037.372841183318 7176.77372866061 0
3455 4075.699903558077 7381.25665879837 0
3456 3487.624249550978 6941.747030548119 0
3457 3461.23760982465 6741.734725995856 0
3458 19369.78163418131 9645.832561298732 0
3459 19186.61508097638 9532.823930968996 0
3460 19548.46316664576 9692.453236451776 0
3461 12737.16729206071 2505.17260599326 0
3462 4877.698453952846 4188.89824697151 0
3463 4725.356569650969 4339.004850469548 0
3464 9409.845949977496 2920.646462857297 0
3465 9253.929191687843 3037.679126635979 0
3466 9166.771747541188 3742.678141114132 0
3467 15058.10428995049 5320.553991008965 0
3468 12917.68040840087 7751.124618012987 0
3469 12539.02527528076 2417.823406799166 0
3470 14901.82663358094 5441.960543265697 0
3471 9569.749037650092 2803.055863250783 0
3472 9311.181424534185 4915.487226915999 0
3473 19613.70593145249 1471.678134837796 0
3474 5022.718590180189 4040.809219261616 0
3475 16027.39893375273 7549.156171154817 0
3476 384.9449368641435 1734.512562755192 0
3477 544.2277777173331 1613.785587745194 0
3478 359.9274942550073 1536.13903266646 0
3479 15844.99924610542 4732.109578203153 0
3480 15686.23177166618 4848.811664584982 0
3481 16002.73404951587 4614.249340228083 0
3482 15977.5024757186 4412.673709458927 0
3483 907.1820831802797 267.5577864836396 0
3484 14771.91475919517 346.5444793951256 0
3485 15108.32994799354 284.2613729148652 0
3486 15279.51448089067 382.0101586736273 0
3487 5716.354399635878 8075.257781988645 0
3488 9386.562399473214 5504.556379000655 0
3489 10305.08615263854 3313.520139101903 0
3490 11737.88571564726 5820.605512175264 0
3491 1953.692066766547 335.3172833477192 0
3492 2137.429225074676 395.07483216536 0
3493 2298.629668119046 276.5506593455266 0
3494 2319.298469662552 470.9437175242965 0
3495 6216.865868408342 3784.616959141411 0
3496 4534.315973115581 4226.500455392099 0
3497 4546.782815047412 4395.563692229026 0
3498 16339.15031928258 4570.540833468981 0
3499 16691.08199953134 7515.918778900276 0
3500 16521.52555133236 4646.999499654612 0
3501 13803.38019789843 8252.083873241827 0
3502 10567.97956951411 5478.532072471136 0
3503 10379.56406630121 5443.845759032283 0
3504 16895.99055133938 7788.802423047579 0
3505 12962.14541186971 2396.068747629673 0
3506 6354.94817764802 3478.95072520108 0
3507 6489.680075036833 3165.230512164966 0
3508 6832.983034608971 4222.123657541822 0
3509 14540.29430853304 2675.708579935135 0
3510 14702.08491836564 2556.472052964083 0
3511 14929.4125614987 5650.181056143292 0
3512 4985.136695928739 6439.093912047947 0
3513 9506.181925216502 6482.414960561784 0
3514 9482.989964975504 6285.803288821564 0
3515 2283.334919755205 5720.237818321872 0
3516 13834.4331214631 3989.899776240535 0
3517 16678.08674688158 4522.394551283487 0
3518 1869.117577091905 5164.710459984685 0
3519 16629.11213813185 4129.120834609052 0
3520 13982.57902033087 5032.798593760263 0
3521 13824.4255966566 5153.262278468031 0
3522 14733.24688402549 9615.630167790259 0
3523 9212.393588739218 4133.377998618831 0
3524 9153.10989019119 5035.357189241831 0
3525 9283.8875204217 4719.351962101489 0
3526 9099.61432029971 4638.061500359388 0
3527 2077.925557688624 5439.947797082952 0
3528 14299.57814642884 4799.792094462011 0
3529 14455.1389418681 4679.957213433831 0
3530 8509.638839407522 5515.653489676651 0
3531 14637.72806099819 4756.495785910925 0
3532 8461.076084438224 5122.026628020891 0
3533 9006.470317061932 3859.390096791219 0
3534 9136.841048583992 3542.034859764208 0
3535 9299.399984585443 3425.688545879001 0
3536 9225.140098476239 5621.234447400761 0
3537 17220.98295780786 3267.69040943894 0
3538 17379.51370480401 3148.211936383581 0
3539 19657.5439429443 9189.804118438689 0
3540 19652.28266804639 8995.531443045627 0
3541 4993.904534379369 6672.253545906055 0
3542 18367.98002077888 5616.071012808028 0
3543 18550.56659126018 5694.406672971151 0
3544 14770.86322710157 4445.630988284583 0
3545 17085.72110005964 3583.91925629585 0
3546 8132.313258835871 3866.820357854349 0
3547 15881.53641340391 5815.635012169414 0
3548 14594.63864424038 8632.058992999018 0
3549 15576.78122577129 2560.781310881778 0
3550 15735.77925378873 2441.056513427631 0
3551 15390.74704116072 2480.833761811812 0
3552 15228.5574430796 2598.400740255424 0
3553 15045.91799355665 2517.469193866521 0
3554 15068.53575390132 2714.350463872817 0
3555 15661.92614751772 4651.531901905758 0
3556 9344.597690296332 6600.526192998252 0
3557 13645.67305467017 9157.186689065969 0
3558 13271.5043076044 2922.173388489759 0
3559 14006.98185458162 5228.841220845822 0
3560 13847.2846198086 5348.546424883205 0
3561 13872.84410697745 5542.610646185462 0
3562 15902.75370300565 8124.104629672585 0
3563 16080.09691231026 8195.627801437609 0
3564 9712.21146018236 6755.420687005534 0
3565 14886.23997269148 2634.31614717685 0
3566 14862.23231953679 2438.999569869709 0
3567 14914.53124127131 2833.830411730192 0
3568 13646.77157201829 987.2680985629668 0
3569 8656.727881278639 6683.555115044306 0
3570 17234.25494485127 7754.798540937485 0
3571 17393.21519132309 7637.431887870601 0
3572 17576.10759478734 7717.769865212407 0
3573 17552.44112061731 7521.068066368392 0
3574 17370.69765563221 7439.36056298064 0
3575 17529.94611250878 7324.098761500667 0
3576 17711.16253321063 7403.010616210942 0
3577 10404.42853014538 2601.57329311686 0
3578 10217.49608738172 2523.757983857219 0
3579 11360.87077588638 2062.487220183936 0
3580 8315.425176735065 3943.484822865317 0
3581 8523.237422609049 6999.902151170626 0
3582 13679.9729753593 6739.075280073752 0
3583 11339.52852507465 1868.808900353778 0
3584 19806.22399255761 3095.253290533145 0
3585 19622.27822407821 3192.338113581456 0
3586 19643.8914438323 3399.36417135977 0
3587 19825.0491659694 3495.447448316313 0
3588 10188.40112697859 2323.273333365643 0
3589 10032.85205620629 2449.063777034679 0
3590 9848.105608649292 2367.684689102613 0
3591 5675.650815430778 7868.2561892177 0
3592 5501.169573812787 8009.234682173992 0
3593 5322.383326373827 7910.16229425708 0
3594 5322.997312190231 8073.72197237121 0
3595 12409.33193019403 2121.995526374024 0
3596 17688.17725428339 7205.769875392799 0
3597 17506.69163089293 7128.043819778466 0
3598 3514.29745877857 7147.598497548553 0
3599 2510.37864497908 3377.66771228582 0
3600 9914.511743651065 1446.907203761254 0
3601 2243.946952461441 4014.901939199264 0
3602 9066.549822893463 2959.933461080146 0
3603 12543.50900358533 1821.828258022107 0
3604 16099.68813315708 8391.586627393408 0
3605 3918.05996187806 7507.810685038063 0
3606 9874.760050757461 2561.465832036487 0
3607 17664.30800022219 7009.38712274948 0
3608 17483.09067446083 6931.622869299543 0
3609 17640.59602201765 6813.033264598913 0
3610 17459.55766108265 6735.192306864353 0
3611 17617.28001178747 6616.524867667224 0
3612 17435.3012574594 6538.89833226926 0
3613 17276.9495744837 6654.020381977674 0
3614 17325.20354803654 7046.901174937944 0
3615 17593.47141907459 6419.92221909096 0
3616 17412.3413650947 6342.434012190011 0
3617 17569.88170926542 6223.713642387007 0
3618 17388.91694640089 6146.08242745311 0
3619 17546.63315231639 6027.266786904353 0
3620 17364.73669535918 5949.870420935103 0
3621 17206.68233070535 6065.596603197209 0
3622 17522.14357455195 5830.205683877398 0
3623 17341.12799474696 5753.579533085134 0
3624 17682.27660498221 5709.661288638627 0
3625 8434.193429116354 4925.566023208277 0
3626 8588.733153686488 4801.401184722633 0
3627 8405.406831404371 4731.099976138843 0
3628 1840.833613590461 4965.441534291733 0
3629 9439.11385335623 1805.475973540515 0
3630 8192.554260671452 2961.036960704825 0
3631 12204.48615140775 8737.620349071532 0
3632 12361.96777245496 8617.114768904285 0
3633 3506.279471806807 8469.583173872677 0
3634 10164.51013855354 2119.323733286712 0
3635 15107.80002245272 1610.123105624142 0
3636 8364.28866072637 4336.482470953649 0
3637 8204.572255155763 4456.357036710889 0
3638 3917.446630160076 2093.857334693329 0
3639 17076.5077090683 7873.016978008895 0
3640 1892.727291315004 5364.713564619176 0
3641 9381.4129779306 2723.864816608117 0
3642 16367.96868019091 1961.658348400136 0
3643 10009.0691106649 7812.317268714891 0
3644 2192.763211394758 3619.413309720717 0
3645 2008.590800271004 3542.14938646417 0
3646 2379.466521764489 3695.211614360136 0
3647 13404.78012176728 1817.568870043836 0
3648 10803.23711636039 7216.311599225905 0
3649 18578.9271163318 7397.648059627097 0
3650 19432.84853357836 2901.569441594893 0
3651 17799.74941191441 6693.475386075186 0
3652 17729.03909156103 6103.682494910683 0
3653 8108.64071854246 3669.709329184686 0
3654 8363.891573905716 7119.150326802146 0
3655 8180.979763054836 7041.977477973403 0
3656 8206.301793096622 7239.352546671924 0
3657 13307.36627434809 6604.916909392643 0
3658 13457.73781204222 6486.727836964985 0
3659 13151.53557352831 6723.336040725766 0
3660 2747.429404195666 7963.627678095655 0
3661 2905.81533387887 7842.526349971805 0
3662 8231.980929393476 7436.880753454859 0
3663 8048.402066567241 7359.00211166387 0
3664 9734.302698033314 1367.303331000379 0
3665 17561.05773448958 3225.958754568912 0
3666 8387.080791698319 4531.710710122485 0
3667 10504.05982120595 2072.882265670387 0
3668 16260.1651749119 8273.366565555447 0
3669 8009.974989900166 2883.919020161874 0
3670 12218.91976237597 6145.047412649797 0
3671 12367.11321709108 6029.438766353991 0
3672 7949.279480060786 3790.68689172287 0
3673 17870.87046092239 7283.28413634133 0
3674 17852.13434336572 8585.949050590127 0
3675 18011.78473660003 8466.793492734985 0
3676 16328.470661722 5861.42346771532 0
3677 13774.94957679306 7552.098849311696 0
3678 10345.62299461702 5134.328676077683 0
3679 10224.28482722207 4983.605652419193 0
3680 919.9504743248872 4584.652976682434 0
3681 2721.957708067022 7765.425524714208 0
3682 6210.316795070989 7904.082715943267 0
3683 9298.958604736974 6207.1038783233 0
3684 6622.328918797827 2854.353164357595 0
3685 3424.119005700481 950.0031016438479 0
3686 995.3775066538165 5177.977557869821 0
3687 2921.757977841777 1113.651430222422 0
3688 3081.364270421227 992.738900121969 0
3689 8376.06272705103 3037.195034098247 0
3690 2587.911185685075 8084.025192603394 0
3691 2428.636357573911 8204.568890403551 0
3692 11315.78448551032 1673.345285987722 0
3693 14717.73589538757 1256.4517725436 0
3694 14559.08286007502 1376.102651626249 0
3695 14741.35951843596 1453.756852498195 0
3696 2578.839766085588 1156.824009132673 0
3697 14266.86679592156 8678.676874609413 0
3698 14227.9680294458 8480.28931148519 0
3699 13910.96741049144 8527.580649133901 0
3700 736.4044814494264 378.040127141634 0
3701 551.7546869494363 315.5025311849167 0
3702 366.3150685037381 447.4721105414055 0
3703 2235.713806961721 1199.834856339318 0
3704 8084.477419437204 3473.33575371807 0
3705 16532.70323591891 9139.031465357106 0
3706 13525.09333240231 8374.148813081159 0
3707 15063.24037315493 4015.22863472046 0
3708 15244.83919219442 4093.062501522899 0
3709 15086.84161383991 4210.902696059587 0
3710 15403.17076077521 3975.1840869175 0
3711 15268.62804343441 4289.173865350629 0
3712 16123.192941904 8588.212661356254 0
3713 14499.28419415617 9834.366224649577 0
3714 6660.791881398759 7337.114259760794 0
3715 8893.77603934633 1572.148914745535 0
3716 8918.355812988899 1769.232231748986 0
3717 9100.776372098411 1845.927532495978 0
3718 8942.753263689574 1966.07867838123 0
3719 8760.026196292618 1888.900000084258 0
3720 8783.517462532498 2086.661901393408 0
3721 8601.552570123378 2008.767916359538 0
3722 8577.233225039956 1811.67803352496 0
3723 8418.858189379467 1931.40594787941 0
3724 9122.781895108043 2044.609680686104 0
3725 8441.318250381652 2128.965895374039 0
3726 8260.508011470665 2051.197328487551 0
3727 8235.834694065123 1854.244332337838 0
3728 8076.62755600176 1974.636372529917 0
3729 8052.647186092045 1777.088824691682 0
3730 7893.761351264904 1896.747646262477 0
3731 7868.566027021655 1699.68978889248 0
3732 7711.101779838174 1819.390928935644 0
3733 7547.737987965115 1938.41816849511 0
3734 7362.236894227632 1861.794039517669 0
3735 7518.648807549989 1737.838299106937 0
3736 7335.174607915389 1664.829841199516 0
3737 7494.023080210557 1543.388012685562 0
3738 11656.92022114628 1631.418116918138 0
3739 15426.3198104534 1371.570270832401 0
3740 15450.59645875333 1569.348171882732 0
3741 14929.11130325915 4328.655269854548 0
3742 11051.75907541596 2294.04951055878 0
3743 15708.41537625973 2242.411367639226 0
3744 5570.801649495752 2786.815225269444 0
3745 5545.35910784758 2591.214111647912 0
3746 9189.308970876211 8213.01766080263 0
3747 11133.0310763711 1596.159847380192 0
3748 7915.886177233348 2094.921991258395 0
3749 7461.912574925507 2651.835145333779 0
3750 16349.3608216677 7567.473191079033 0
3751 13200.1402950836 1543.333379478629 0
3752 12932.10676529267 2177.283550940494 0
3753 12624.91205015566 7987.149475301269 0
3754 7377.195520080917 3362.474105210031 0
3755 13294.53812715861 2317.224542433277 0
3756 14876.88847764204 1137.125011922372 0
3757 14834.83355869893 3545.83811013687 0
3758 15940.38155017218 8510.118752053979 0
3759 16499.88672814091 9826.860316781444 0
3760 17661.37834410486 5510.876346186282 0
3761 13304.71202672908 9832.7276881703 0
3762 13402.80334374068 9674.597436747234 0
3763 2453.978894876373 8402.688077637025 0
3764 2269.797173471517 8325.444218345603 0
3765 11191.70384277002 7566.248657740583 0
3766 11349.9698803656 7447.000675982812 0
3767 12677.47528733437 1506.788325784808 0
3768 12519.19795213966 1625.5914741022 0
3769 12384.32629420215 1936.729356104544 0
3770 13985.79174873795 944.3333083007615 0
3771 14010.33308576911 1142.483415077966 0
3772 14192.20675763489 1219.845497454919 0
3773 14351.83480197231 1100.341874290263 0
3774 13123.44553225695 9123.653168266268 0
3775 13278.74722932412 9002.591230178841 0
3776 12940.06480855733 9046.724716236477 0
3777 12914.5624389907 8849.032834699618 0
3778 12731.72735728218 8772.183039226338 0
3779 12572.70443417275 8892.162350100081 0
3780 13746.91737742621 1776.760364857558 0
3781 13929.50049600931 1854.561372364697 0
3782 13951.80874176292 2051.15080181827 0
3783 13769.22042545169 1973.093202568892 0
3784 14476.60321115123 2088.144673773369 0
3785 14143.17430391065 4919.005319763881 0
3786 911.5311464823735 5893.522672921385 0
3787 10056.69560848339 8205.711910124674 0
3788 10215.25078827919 8085.885573356186 0
3789 15295.90165621438 8780.230202431461 0
3790 16893.29101748775 9822.611317310359 0
3791 11886.55678589588 195.2768759105584 0
3792 12299.13407989997 171.6891857660048 0
3793 12408.58408436933 340.5635002509989 0
3794 12201.77836824854 362.802470047056 0
3795 10461.65693228032 7258.514218134918 0
3796 10621.20802741109 7139.516708881627 0
3797 11498.44175705257 171.3659441579384 0
3798 11587.30384314131 334.5493299261198 0
3799 11375.59473781318 362.2528109359992 0
3800 12902.60544181056 9835.645264202934 0
3801 10096.81253239054 7104.441391237511 0
3802 10075.20832447672 6908.353966633757 0
3803 16529.78115298493 6140.658405598025 0
3804 16354.87954317054 6054.75669343228 0
3805 16346.13749545817 6268.254104416365 0
3806 16553.13824462627 6336.524500608554 0
3807 17543.50780615334 4525.911354952986 0
3808 17908.37387993576 4681.877858093376 0
3809 12707.51810892203 200.026687834049 0
3810 11100.05359849777 153.321700830902 0
3811 14676.42331586143 3663.740392460555 0
3812 13019.95808294381 7037.322395593659 0
3813 10635.00380056538 1757.598897805397 0
3814 17099.73691435884 8074.228121898884 0
3815 15098.77299865961 2912.687310627106 0
3816 12054.1114455662 7557.975853586941 0
3817 13100.08887207729 173.1537704391458 0
3818 17299.74147767029 9826.633413616441 0
3819 17394.17084445338 9649.730894666442 0
3820 17599.6217555689 9653.701455171042 0
3821 17497.83125615824 9485.733987566868 0
3822 17191.56455819502 9661.299710187232 0
3823 17699.86544149659 9826.739342039493 0
3824 17799.8730042841 9654.514006618552 0
3825 17999.8289510507 9653.966086747543 0
3826 17888.7784245023 9485.866721361152 0
3827 18099.73981103276 9457.043763698835 0
3828 10698.51214478522 165.713009406154 0
3829 4193.29778700531 7044.550333127084 0
3830 12838.32376208125 6960.890750786898 0
3831 7414.992722087035 7839.029311491339 0
3832 7573.444698427282 7718.916683768452 0
3833 18761.89203096515 7475.975697287202 0
3834 17504.79730273793 1321.655391012947 0
3835 17345.59507169005 1441.40026283683 0
3836 17664.76797002062 1202.003946928059 0
3837 17949.40782117196 3575.711922712681 0
3838 17766.78346271972 3498.645889946179 0
3839 17253.87132283705 6457.742573069518 0
3840 13495.58508510521 171.7108358089454 0
3841 18715.44606440911 7079.636642486353 0
3842 18691.97138188863 6881.84231546881 0
3843 18532.4887014987 7001.43940809339 0
3844 18851.39727605228 6762.425543341755 0
3845 18668.51286178464 6684.011145613595 0
3846 18645.03821502261 6486.271274307111 0
3847 18485.67673118957 6605.262405492121 0
3848 16483.50088831031 5747.684773720866 0
3849 10284.97829800003 169.8455308706398 0
3850 1908.582025458725 2750.212478472938 0
3851 2067.70702953307 2629.371521460832 0
3852 9552.380571169078 1290.164496547878 0
3853 12500.09137130666 9826.847672491604 0
3854 12608.59559316538 9654.889372030349 0
3855 12396.25174423392 9661.865495242648 0
3856 9899.818002564716 172.9896070850045 0
3857 9800.071899605626 346.1249630595366 0
3858 9600.348886200398 346.3013695668214 0
3859 9701.69788954284 506.3103364124327 0
3860 9903.33409356423 517.6639875136088 0
3861 9504.608297025388 167.8369575850229 0
3862 2244.514040831 8127.277227205518 0
3863 17355.4522454146 2948.910120320167 0
3864 16669.22505234182 7315.185195141745 0
3865 16511.38613244872 7444.676208473764 0
3866 16317.45357811549 7388.673344010637 0
3867 3081.588132806946 9229.854251558831 0
3868 17996.64137935081 3970.873715114557 0
3869 17814.13102586537 3893.645865548085 0
3870 12995.10158919585 6842.080607900452 0
3871 11204.33744439091 6272.875981999339 0
3872 11198.37901083706 6088.275563757334 0
3873 11369.41385371162 6164.17328076929 0
3874 13982.1444463412 3537.756469878342 0
3875 11773.5213218429 6697.785133057205 0
3876 18804.23418263541 6366.938023521567 0
3877 18621.36671447126 6288.58511638967 0
3878 18780.64161960212 6169.073775657006 0
3879 18597.68483416044 6090.614792049446 0
3880 18438.5688250752 6209.852219400017 0
3881 18414.77994212708 6012.517035820899 0
3882 18574.48896062802 5892.627459838473 0
3883 9998.909654164307 345.04121256287 0
3884 10096.31430962581 512.0732836092957 0
3885 16146.58520522146 2989.540578374055 0
3886 16170.32347894237 3186.166776584694 0
3887 16352.52915903964 3263.925103485265 0
3888 14063.79448967864 4146.68767374293 0
3889 9468.010738913319 4796.066643120637 0
3890 9891.922837176218 4049.320324787173 0
3891 9950.424780733056 4254.861238285265 0
3892 17715.4481259223 8902.191332461489 0
3893 17692.63894584687 8704.378061620799 0
3894 8534.233795035045 5711.862630852647 0
3895 8376.630744252194 5827.190381277159 0
3896 8559.501675678484 5906.606054223419 0
3897 1682.366597252465 5090.352849556062 0
3898 1811.908661325198 4766.978813398647 0
3899 2002.982924511444 4841.481814417787 0
3900 1978.52585923572 4644.819022918684 0
3901 2143.342322992863 4525.520130124984 0
3902 1790.540163176211 4570.235394110986 0
3903 18734.16965038413 5773.225697221095 0
3904 11930.78031658566 6578.824320181807 0
3905 11905.7444571726 6383.304149067397 0
3906 9258.567851716127 1726.388085390618 0
3907 15769.15761447953 1330.532954155229 0
3908 15609.8487360131 1449.989589451357 0
3909 15474.66882030886 1766.951577688013 0
3910 13687.0165607474 2682.596547233727 0
3911 17749.60168616466 4801.238057295309 0
3912 15719.71606116846 3738.690247401277 0
3913 15561.49763483319 3857.070500183622 0
3914 15507.65819552023 169.3094471385175 0
3915 9665.987839858464 7854.119994550168 0
3916 9642.87533143681 7657.95879848057 0
3917 15900.7100079637 9802.04267012293 0
3918 16110.49985824619 9836.361962790321 0
3919 15503.69170386351 9820.404696104077 0
3920 15602.3452963155 9653.143068643691 0
3921 8185.50877707992 1460.085317312088 0
3922 7437.468621626835 2454.609849731958 0
3923 7645.007117581583 2728.904555295375 0
3924 19824.52915538388 5903.380749075144 0
3925 19651.87951437365 5803.237836775927 0
3926 19636.91007127956 5570.251569276315 0
3927 19480.79574149903 5700.139301161105 0
3928 19474.59596998517 5906.07360332338 0
3929 19300.77878712543 5803.908549398218 0
3930 19467.14064343454 6106.344388126176 0
3931 19644.78769693341 6013.404833704966 0
3932 19644.33075578943 6205.280469818735 0
3933 19821.68759335733 6304.964455518927 0
3934 19653.52645439695 6402.995625731771 0
3935 19412.37733520814 5504.239352359638 0
3936 19826.66210075021 5500.230172476199 0
3937 19834.44415701349 5100.002300215809 0
3938 19646.61698879527 5017.098140822407 0
3939 19655.65579157069 4802.237806997506 0
3940 19827.13535885973 4700.505741769653 0
3941 19654.03534685778 4600.81970607991 0
3942 19460.50898515067 4723.409641215007 0
3943 19482.05327698324 4512.841745501409 0
3944 19307.75882007057 4600.650231916482 0
3945 19656.90574239802 4407.93476964902 0
3946 19480.6789744249 4304.891293657685 0
3947 4457.848108898068 7745.900451886078 0
3948 4613.939679920005 7622.321835018747 0
3949 4799.001189723346 7695.029741681558 0
3950 4432.452768738587 7548.626863685191 0
3951 4399.317172755326 7338.836393712369 0
3952 4763.738968335449 7484.624636142618 0
3953 4999.560198482424 7742.268200645624 0
3954 4827.296330396724 7892.850548960623 0
3955 8095.966775403414 4969.318022773049 0
3956 17183.06765285528 5871.134941548738 0
3957 8499.158516510095 4019.308984455614 0
3958 5059.19437522844 7030.541717060198 0
3959 12443.42039557019 7908.097222746086 0
3960 12601.26821297496 7788.107892649066 0
3961 12574.24986475473 7589.387301389035 0
3962 18199.80947814987 9649.885401294981 0
3963 18299.42293747577 9480.95905713737 0
3964 8407.084319700924 8819.260496485431 0
3965 8562.626545000521 8697.691850828493 0
3966 6821.032664357463 8551.603066910897 0
3967 6637.063684598683 8468.368988145377 0
3968 7153.793738597263 8479.366834327649 0
3969 6478.298057120667 8593.96791095391 0
3970 6453.605296806276 8397.243258438242 0
3971 6606.967245927661 8261.446309656651 0
3972 6424.219394892554 8192.960693684627 0
3973 6241.259130724028 8116.257047904368 0
3974 6577.037033542554 8057.472804143559 0
3975 5970.970641323298 7425.228321080483 0
3976 6132.276841401609 7279.710333386771 0
3977 16511.22915307302 3145.004037403806 0
3978 4250.317936209979 6135.294196995169 0
3979 4454.307888226335 6193.203225695725 0
3980 5589.847823285669 7250.620295451203 0
3981 6263.322593911703 1398.183138349893 0
3982 6288.437369331012 1595.87903292791 0
3983 4302.538436115421 6523.915428395034 0
3984 17902.25759518367 3180.786666005929 0
3985 10264.86387111203 8480.536379888339 0
3986 10240.11933152112 8283.067768644079 0
3987 10423.34324102955 8360.145856447825 0
3988 10398.45886229808 8163.061447445303 0
3989 10581.72518381623 8240.0298497685 0
3990 10374.90389671531 7966.588106892589 0
3991 10606.68330317751 8437.545135618799 0
3992 11098.60262684217 9798.235534422591 0
3993 10698.54799037878 9827.761514469756 0
3994 10612.30605926069 9650.666731146868 0
3995 15945.09867366414 5510.02367039562 0
3996 3046.218597364259 2103.879309820765 0
3997 10305.59487607474 9818.984452439834 0
3998 4686.719113049285 6877.255702296251 0
3999 17137.87779118563 1164.839926210524 0
4000 16979.01001285107 1284.937572768191 0
4001 2981.112403081303 4318.976877915269 0
4002 3141.11371310189 4195.954979160249 0
4003 3115.242687744538 4001.13350585953 0
4004 10001.50763995833 3546.292446309615 0
4005 9978.702018219139 3349.077518741163 0
4006 19826.83842741702 8100.004570020137 0
4007 19653.72533454739 8199.983782631622 0
4008 19653.67908367069 8399.844620819396 0
4009 19480.6591979031 8299.917544672371 0
4010 19480.68359121786 8100.108498534279 0
4011 19480.61174470028 8499.693431509593 0
4012 19307.93755304038 8400.302649900164 0
4013 19296.69834389217 8609.322512413997 0
4014 19472.39675764633 8701.849740804268 0
4015 19134.65629857552 8499.6259483908 0
4016 19653.72687354748 8000.055728302023 0
4017 19653.57653149626 7800.273242981639 0
4018 19485.88393566952 7909.391818489464 0
4019 19464.30232704918 7707.832243999675 0
4020 19657.70846873875 7613.922261753668 0
4021 19307.72229795369 8000.297443102307 0
4022 19827.3711325879 7702.420730275108 0
4023 19827.00451695282 7507.766620174129 0
4024 19826.97422412588 8499.587624270147 0
4025 5743.198117290463 8283.782363111692 0
4026 18422.86532325204 1714.406483828681 0
4027 18446.5770398104 1912.657494885458 0
4028 18629.93212568664 1991.104277467195 0
4029 18469.76975206393 2110.35696223544 0
4030 18286.63606186893 2031.979044234684 0
4031 8485.54648263094 5318.347569327867 0
4032 19797.95644637644 4097.67739151227 0
4033 4744.891109601283 8615.534816664443 0
4034 18770.3043293825 3177.111782500351 0
4035 18610.43739651568 3296.167445366176 0
4036 18746.65882050989 2978.919249771576 0
4037 19309.0539436659 8189.329495702548 0
4038 9300.051186908076 9826.824472018265 0
4039 9585.51267665768 9628.717225603164 0
4040 9692.263241132605 9799.517848135381 0
4041 9771.887284950293 9618.267796102977 0
4042 9902.290717136008 9772.995735987855 0
4043 6570.59902480171 2462.976573758716 0
4044 6753.694764602586 2540.381083394651 0
4045 12336.69692546606 1548.062137690992 0
4046 1824.099145476173 3465.611580292489 0
4047 14471.87929544601 3390.449006381892 0
4048 16886.79872193656 4805.522944886306 0
4049 16891.95911698345 1997.879918503682 0
4050 16733.22587679397 2117.699871147952 0
4051 16916.01329790872 2195.623269678409 0
4052 3145.561967749572 7006.925827918654 0
4053 15355.92323572371 3582.924869578301 0
4054 8966.309380178487 2163.688141996206 0
4055 4042.836122359735 3081.474721559591 0
4056 4067.663887419134 3278.956570541694 0
4057 3908.404061900666 3394.171421169857 0
4058 4097.679433823061 3467.25067621931 0
4059 4256.029886395724 3349.134882658921 0
4060 4227.093903683884 3157.51061073958 0
4061 4384.993608277396 3038.243983143643 0
4062 4414.649510247988 3229.136077822522 0
4063 4572.392982347156 3109.341662750016 0
4064 4543.431622142185 2918.324484007336 0
4065 18555.84390032393 7199.314709436525 0
4066 5327.249944176752 3594.478515628273 0
4067 5355.021526074293 3783.478003386686 0
4068 5540.827243758038 3853.645467654242 0
4069 836.4469099431899 5298.936849316111 0
4070 2485.551505530531 3179.473637443716 0
4071 8265.326667843408 6332.392713491505 0
4072 8425.285919981203 6214.611479016658 0
4073 8608.105973882102 6291.194827866148 0
4074 8630.875319152026 6486.426398995605 0
4075 8768.30087439463 6172.465229324949 0
4076 7194.316218249643 3285.44713278406 0
4077 16023.90341596805 2001.655721921551 0
4078 16048.78283697215 2199.584155839952 0
4079 16183.91693199159 1882.798391602889 0
4080 2972.476989527076 5625.086861595736 0
4081 3155.90059674681 5702.285201452475 0
4082 3180.806670262166 5899.720027228665 0
4083 3339.282741479381 5779.444691037128 0
4084 3314.963870613425 5582.439561052623 0
4085 3363.037417352794 5976.942836823411 0
4086 3522.627163169349 5856.550763282357 0
4087 3205.533362687044 6097.138191048447 0
4088 3387.751487057536 6174.317219995948 0
4089 3230.389452060746 6294.663682839603 0
4090 3417.301781541583 6364.772732040027 0
4091 3573.825273227827 6240.640167493946 0
4092 3716.918902514699 8746.22369626235 0
4093 3875.529319332108 8625.198423159662 0
4094 4060.393011567329 8703.054315776255 0
4095 4219.312898670372 8582.452259133657 0
4096 4403.000640972765 8659.736667041387 0
4097 4377.750138018058 8461.56303823091 0
4098 4194.324255706185 8384.624850873597 0
4099 4428.441651245254 8857.426300806277 0
4100 4152.538380347708 5126.005207423399 0
4101 3497.711094341631 5659.208229347847 0
4102 9214.0255041416 8410.563458220153 0
4103 17487.43957593041 8428.148943806811 0
4104 12426.2379712586 6417.681320464399 0
4105 12399.78983832417 6222.698569081427 0
4106 12556.85991953321 6107.52050464722 0
4107 8772.534716171293 8971.936531069836 0
4108 8046.49993357824 4575.966878689643 0
4109 18020.34361984624 4168.456283799584 0
4110 17075.16921398403 2076.153606345989 0
4111 16939.99427986681 2393.219599982479 0
4112 8822.884903563387 8058.294700726812 0
4113 8983.783598415874 7938.655557340745 0
4114 6101.916536810656 9828.726022800436 0
4115 6226.666969231856 9629.990272802657 0
4116 6013.387495116636 9657.230958690587 0
4117 6098.121730963342 9459.851184608782 0
4118 6009.907013002898 9322.320348821115 0
4119 2199.250704747963 6435.420357700079 0
4120 2383.43335447864 6511.750654293881 0
4121 2356.495614250553 6311.646239963369 0
4122 2513.27493063341 6186.511906148505 0
4123 2172.829099523452 6237.167936973185 0
4124 1989.944424534161 6160.227731791847 0
4125 7559.912125157418 3439.549789142781 0
4126 7584.684075888859 3636.182873944997 0
4127 5017.862732484538 2554.554324158327 0
4128 7130.140146070567 1390.972696882535 0
4129 7099.710490493895 9835.21318699513 0
4130 7193.42158961472 9676.376445932059 0
4131 7389.352530271801 9661.248932870003 0
4132 7498.221317052208 9828.075842008602 0
4133 7601.143104531957 9628.58604713907 0
4134 7799.923449587579 9653.673954349671 0
4135 7904.769843433676 9825.196974597568 0
4136 8000.000004468988 9653.67520668953 0
4137 7899.962810183134 9480.62739210248 0
4138 8105.953038662243 9463.060943382992 0
4139 2307.675265773694 5916.29279260614 0
4140 16897.24466900584 176.4744940013125 0
4141 16825.5673623887 330.9026640703287 0
4142 17029.51113354776 355.859797254423 0
4143 5168.846615597205 3714.141422947236 0
4144 5191.221744707369 3906.501647514935 0
4145 1580.522244564268 4300.019364036988 0
4146 2922.672888922116 5230.092633106792 0
4147 3108.772936237938 5306.850694524424 0
4148 3080.596038054029 5106.80076549259 0
4149 3266.969178315159 5178.378609001671 0
4150 3421.79326424129 5046.374798873218 0
4151 3451.732455497712 5249.220149556772 0
4152 3290.611250476533 5382.421256413391 0
4153 2896.669079905001 5032.159128260582 0
4154 3131.715601412545 5504.444395885838 0
4155 7136.586844635539 6977.728440692039 0
4156 886.4917746025603 5695.501254667693 0
4157 1045.580852449581 5575.019295100577 0
4158 4304.283366141952 9825.566519404836 0
4159 4200.749848739403 9654.651388990897 0
4160 4000.246900238143 9654.966737675839 0
4161 3900.114360604871 9827.000060323749 0
4162 3800.219928594476 9653.837873485902 0
4163 3601.574203067368 9654.232054972897 0
4164 3700.380476071509 9483.442721322983 0
4165 3504.675263849247 9491.806546766986 0
4166 3599.743978532781 9292.08366914442 0
4167 3899.875118609543 9494.811454021632 0
4168 3504.32828531193 9828.923166431028 0
4169 4398.191244677859 9647.29866964895 0
4170 4286.486906199365 9480.503272811788 0
4171 6090.940688129107 2816.947275832321 0
4172 3723.651937456028 3318.900992463511 0
4173 13052.87953358148 5943.289245908035 0
4174 10790.15882944912 8515.086628821029 0
4175 5503.291977044456 889.9970105877137 0
4176 9711.837598626398 1170.592104367381 0
4177 6682.867608738703 7530.76321076792 0
4178 1849.189244120262 3663.501850490448 0
4179 17297.46661691567 5354.201230206273 0
4180 17320.48526819665 5550.615613192034 0
4181 4184.151998122498 1457.808619859081 0
4182 4368.031549928137 1535.205186272412 0
4183 4527.059095350958 1414.717584727597 0
4184 4552.24122855052 1612.500476403476 0
4185 4209.354408116722 1655.622672614817 0
4186 13436.74800873933 7400.044032563119 0
4187 2082.867051334402 4136.671136267571 0
4188 2270.329418559849 4210.598166694161 0
4189 1732.242157039733 5487.952344087129 0
4190 3682.267967557345 1621.458736632975 0
4191 3405.578322446185 3560.594976656401 0
4192 3121.045332835488 2697.341611239225 0
4193 3145.787741143088 2895.367574274856 0
4194 3280.038533267968 2576.714982236467 0
4195 3255.040378932461 2379.004307186115 0
4196 3464.135845222259 2653.855030405855 0
4197 8168.460512343326 2763.767730267252 0
4198 17038.58167530166 3187.263959345516 0
4199 6932.094885126266 3911.352649492291 0
4200 7499.988287837478 172.1390812641994 0
4201 7599.969819592015 346.1287130496021 0
4202 7799.842041610083 346.2932062228401 0
4203 7699.890897196286 519.3210914094479 0
4204 7895.535356430783 517.0037381691209 0
4205 7995.000667216635 343.5294323439675 0
4206 7506.520904878022 536.4439295361362 0
4207 7610.790087189848 700.5496239146305 0
4208 7807.552624020728 691.2809051380336 0
4209 7996.794488163185 687.9384885181425 0
4210 7376.804015586171 367.0764663551608 0
4211 15711.19592399041 5046.773252500027 0
4212 15528.10338162142 4965.714999083679 0
4213 3756.881609403616 2215.088557862354 0
4214 3781.614283367146 2412.968844056228 0
4215 17984.35632768034 962.7611742316803 0
4216 6515.578470507096 169.3796602064849 0
4217 6114.823437682414 204.1019071555629 0
4218 11700.11919458772 9833.014618757148 0
4219 11500.98782444461 9828.450410235131 0
4220 11618.47115812878 9625.262013227439 0
4221 11405.48756723613 9652.810206909315 0
4222 11487.97868925598 9461.880060766896 0
4223 11391.76947927598 9309.915818817284 0
4224 5699.535761119396 162.377633142929 0
4225 5615.432724813869 352.3894825462312 0
4226 18263.08350811753 1833.948468320491 0
4227 18103.39212898055 1953.537370406872 0
4228 18127.10541941111 2151.707358551962 0
4229 17943.85241531298 2073.174508388004 0
4230 17967.16496901443 2270.927439743349 0
4231 17760.46553946685 1994.395912154104 0
4232 18500.01486521117 9826.80841214348 0
4233 18600.02467697842 9653.647020454744 0
4234 18799.93041294207 9653.649510569114 0
4235 18699.97003220502 9486.926785805459 0
4236 18886.76219980392 9478.799117318871 0
4237 19017.84897314708 9637.89522239876 0
4238 18499.97635184665 9481.690260482785 0
4239 18604.92368863084 9301.351519672033 0
4240 18399.08491997106 9311.16764156701 0
4241 18399.86888145352 9653.301652904978 0
4242 4717.791214194315 197.6627524228661 0
4243 4034.816377954207 8505.034387845133 0
4244 3707.355310175702 1819.264449162959 0
4245 17894.07092971102 7479.944118152622 0
4246 15215.69577943407 5204.128629961904 0
4247 15188.87916126292 5003.435548640167 0
4248 14877.45357703606 5241.957877153613 0
4249 1976.568271903447 8764.871337122475 0
4250 2135.824017488707 8644.185400322576 0
4251 1951.595993615945 8566.659641970231 0
4252 1774.224610844685 3069.393527508547 0
4253 1958.564393848774 3146.322894664799 0
4254 1749.321152494738 2871.226111031821 0
4255 9397.412862614088 8488.143644563774 0
4256 13437.54126281129 6289.193178475349 0
4257 167.5782111557237 6099.981151665215 0
4258 201.4769208676498 4715.594254114348 0
4259 163.5053339780643 6500.009563147079 0
4260 18995.05029229695 2145.368847726282 0
4261 7598.441118592882 7916.340008718974 0
4262 7756.874014566851 7795.891506201587 0
4263 7732.541354901048 7598.541784176795 0
4264 7549.400256386588 7521.561669784496 0
4265 7707.13429788498 7401.386066994348 0
4266 173.1917847422465 3100.023029372892 0
4267 2360.419531548911 2190.383421885628 0
4268 19018.74485519249 2343.367003680767 0
4269 3021.324968308984 1905.882019188098 0
4270 3689.999811040964 171.3651940746877 0
4271 3600.024761484568 346.3574515954724 0
4272 3396.003137705359 348.3360318789255 0
4273 3164.938272762476 8513.914637931219 0
4274 2803.285690729426 2938.33079898101 0
4275 2828.538467379444 3136.128600447985 0
4276 6423.014396498458 4060.27711899446 0
4277 5475.26192995043 8922.755990898753 0
4278 2319.991895315225 8721.618073168465 0
4279 3095.673117934692 6612.933247011227 0
4280 3256.174791628432 6487.765766053187 0
4281 4518.374092558774 2720.289026247638 0
4282 18563.31512153464 2900.270186995112 0
4283 6194.72918357565 3593.041645649046 0
4284 7293.211439875608 4070.885269221261 0
4285 7320.738155536185 4270.986969521739 0
4286 13727.08674487909 5858.115061668333 0
4287 13890.17162827684 5737.594835433596 0
4288 13689.29010999744 5467.735867229884 0
4289 2932.086429689907 3924.052162227079 0
4290 3090.661454191506 3803.704126422201 0
4291 3274.955609599507 3878.054963530089 0
4292 15793.15845243434 1528.257871402252 0
4293 12734.33550129186 6187.222154452359 0
4294 173.4870420657171 2702.131810474147 0
4295 342.7119151200586 2610.713685813394 0
4296 354.0715187843361 2815.67689207187 0
4297 4466.144348016196 6404.419286317505 0
4298 8549.438412634872 7197.255639613979 0
4299 8681.968367914818 6880.472984400269 0
4300 13126.70118764511 6528.231680566525 0
4301 159.7848953698303 7498.528512636977 0
4302 986.7369050406051 6488.278544396238 0
4303 5862.306704793193 2351.164544554387 0
4304 6499.973504746582 9839.42459069968 0
4305 6698.091266797028 9842.595737228989 0
4306 11423.40421833287 8036.117714669113 0
4307 6729.344256750383 2342.876967055685 0
4308 6294.435830667202 8517.622796887812 0
4309 7803.213149831512 2609.262128291658 0
4310 16828.2415183038 8705.15817644518 0
4311 17824.57193001689 1082.352152381602 0
4312 6503.39650110834 8792.778128215203 0
4313 1549.570243352267 1285.809553437144 0
4314 1574.57007122448 1484.064861602464 0
4315 1758.672472120808 1561.58202239075 0
4316 1599.611085309036 1682.280497219608 0
4317 1440.421502978365 1803.094690238921 0
4318 1624.479219688761 1880.658440109122 0
4319 1390.326572554888 1406.599878274965 0
4320 678.8914116140149 1294.965082954107 0
4321 7100.027704833697 173.1890853636987 0
4322 6906.240666049616 174.4551508712939 0
4323 8099.532098318332 169.9522284940085 0
4324 8220.794723801586 348.7030580076344 0
4325 3180.341694090477 1785.251544484856 0
4326 5304.54311586845 158.7648642600316 0
4327 5110.355072739401 167.3074433906513 0
4328 2713.261646060905 9074.921974328903 0
4329 5694.217839651134 3745.885937216977 0
4330 19827.32837077091 4501.354977393482 0
4331 4300.618150015038 172.0020326806189 0
4332 4424.526631094257 333.7567544070007 0
4333 4102.64771077211 170.134315302912 0
4334 8869.142210288079 1374.922482859812 0
4335 16098.98125483973 2595.789701817757 0
4336 1647.583952200206 6203.618971285195 0
4337 160.6251733518893 5119.266388397329 0
4338 169.6078655638357 6899.984586080749 0
4339 172.4717790190753 7099.755578917828 0
4340 344.3837008530209 6984.192975259694 0
4341 350.5149786949714 7185.707544456465 0
4342 170.020751747963 4294.756950280711 0
4343 346.2383908581087 4379.934152672286 0
4344 1563.400603820908 6917.486902062092 0
4345 7899.055290451135 172.158513365117 0
4346 6912.617946282822 2420.10964135684 0
4347 14994.06726068683 8987.320949105269 0
4348 164.1415439123939 2316.624654564374 0
4349 12004.49312366766 7165.744585654295 0
4350 1012.862110860209 2561.875584324795 0
4351 1037.71656919427 2760.186192362116 0
4352 17759.25847472198 7795.834271321128 0
4353 13915.22288827583 4430.386483683865 0
4354 5005.044125624534 9287.282929139672 0
4355 7514.44763590704 8628.97447680076 0
4356 15553.94389385541 5165.274961331175 0
4357 4360.03925804228 2840.835611120454 0
4358 1465.262426035841 2001.422882024329 0
4359 8022.280448620399 4380.10639468291 0
4360 12813.58337555875 6765.66865086922 0
4361 170.4768671612019 7914.279801337726 0
4362 1455.742741697071 7434.175697851399 0
4363 1608.084654366025 8609.924842159686 0
4364 7218.860355967064 3482.333846651242 0
4365 2498.560649490576 9833.996970211139 0
4366 2589.402476767891 9631.844870334338 0
4367 1005.980223932507 7984.480986292749 0
4368 2696.43922212392 174.0679460878364 0
4369 2602.176508604068 344.6513314721687 0
4370 2795.839807209943 345.2066660277269 0
4371 1171.856049131296 2441.093324753335 0
4372 18863.6212948992 3966.987524445218 0
4373 3022.177047668138 6020.081249972513 0
4374 206.8906242805497 1902.520036632458 0
4375 1932.34900700331 7064.012325947954 0
4376 9726.568564186353 5462.815523873119 0
4377 1374.936220570944 8137.518237754139 0
4378 812.4302092324433 975.897866178389 0
4379 2099.997085661765 9827.700035901114 0
4380 1998.590856953242 9659.79551892159 0
4381 1799.788179164709 9654.639404080041 0
4382 1892.156961919798 9470.021726419593 0
4383 1682.313297099678 9487.476109780622 0
4384 1597.031498165659 9654.950240639848 0
4385 1495.48916293671 9482.746008944461 0
4386 2218.209147574344 9640.655098005933 0
4387 19828.14639758519 8898.522816014327 0
4388 1831.543042342146 6280.964051813356 0
4389 11591.65136231514 6621.087902204465 0
4390 18710.49554240231 5575.488360477103 0
4391 17899.22038246388 174.8204717645485 0
4392 17804.65064672344 351.8101864972323 0
4393 17999.99847074058 346.4074048616749 0
4394 19837.94210228661 2102.692654967884 0
4395 19669.06526965085 2031.352084656457 0
4396 1502.760465820736 164.3683185109021 0
4397 1613.674299703163 350.914508623795 0
4398 18299.99883772824 172.7012702442989 0
4399 18399.11103341929 348.0947619109738 0
4400 18593.13451738825 342.8095003535545 0
4401 18505.77516009992 509.9885689436296 0
4402 18698.84337775665 172.6060943492266 0
4403 18800.71902452523 369.292368349219 0
4404 18898.91100553891 176.3446528670547 0
4405 19004.10273776261 341.5521096862976 0
4406 19100 9826.794919243112 0
4407 19825.61999333873 1718.510439404939 0
4408 1299.995578959057 9826.791895144946 0
4409 1199.990895989522 9653.593598886335 0
4410 1000.01028829829 9653.59886245196 0
4411 1099.999198158825 9485.618168620142 0
4412 900.0271506877907 9480.409870685977 0
4413 993.0796732052113 9304.420204833557 0
4414 696.6211628661895 9406.843675901735 0
4415 1299.246587610582 9486.874437846067 0
4416 1398.626573101548 9655.2916122481 0
4417 1393.64274417677 9326.457527397139 0
4418 800.034689612472 9653.589317498911 0
4419 589.8134102878412 9605.033024238988 0
4420 490.2690515916074 9416.110688413555 0
4421 487.8815907042299 9787.720554877546 0
4422 368.3887604422343 9602.465631907922 0
4423 576.1537419065535 9240.070985927996 0
4424 387.8256905186063 9255.628103699477 0
4425 19835.20946362729 9490.187216335611 0
4426 3071.12066075945 2301.779803621179 0
4427 19818.99079562312 1297.550611764383 0
4428 19724.51697125133 1109.544339552685 0
4429 173.2050807568867 500 0
4430 173.205078407349 9500.000004069519 0
4431 19834.93260497878 698.5196711696444 0
4432 19303.99060000416 196.9315936517332 0
4433 19805.96166469047 298.5085735744615 0
4434 2409.015200759294 6708.954395947363 0
4435 5871.055336794472 1045.24241083885 0
4436 319.7285205882526 1151.779438236792 0
4437 13217.37701282221 5820.064655796869 0
4438 900.0084460305679 9826.799795561128 0
4439 7486.390002030832 2848.880152439814 0
4440 17640.73686563596 1003.776596332223 0
4441 1699.471212099859 9827.196579559351 0
4442 10448.21457490525 8557.873295945619 0
4443 928.8727232327037 3276.58123850245 0
4444 1756.711695965381 5686.603298054193 0
4445 2518.854250161894 529.9064843681135 0
4446 19474.29583732574 8902.818169850098 0
4447 18902.96121032969 9824.191227946643 0
4448 15402.4986956286 1173.922891917286 0
4449 2519.386000303752 2069.745497102775 0
4450 9898.095036849792 8325.638064472234 0
4451 728.5004284578608 1691.330559191023 0
4452 3046.952529390159 6217.599655845055 0
4453 1245.797653070846 7159.794986616376 0
4454 17248.1188407493 649.3049024920183 0
4455 18173.23289235952 2545.867083940249 0
4456 5520.195668592994 2394.024116547853 0
4457 2396.770136273902 5196.257286567376 0
4458 1258.778034678053 432.1669692224268 0
4459 7766.555551859335 6494.324065379962 0
4460 15487.79735015961 9061.418774868758 0
4461 7365.605598567878 7444.457226752644 0
4462 2638.200521976582 8480.20237845042 0
4463 952.7846460903365 7597.127923456386 0
4464 1690.102296048866 3784.374427017786 0
4465 18835.36096884278 2265.109992365319 0
4466 5344.555065249806 1010.711088031474 0
4467 2161.704230598716 599.8256688171477 0
4468 16441.6916063455 8351.523773202403 0
4469 1538.890507788883 6720.179685747491 0
4470 1156.05973320848 932.5052057064349 0
4471 8622.473690880042 2207.315822182926 0
4472 778.54398644908 2087.918412464128 0
4473 368.1909678476204 3245.594472922651 0
4474 737.1130152850819 8618.756167996708 0
4475 11473.05936148528 8429.836324945014 0
4476 1011.807451666722 6686.373984546233 0
4477 19138.78496197431 4834.495294694036 0
4478 1486.202608939648 9147.056586960856 0
4479 1873.978770446689 9267.596139512318 0
4480 1305.753655023593 9042.85410699943 0
4481 1355.97563831862 2518.468741656442 0
4482 1658.800412958764 768.437886211681 0
4483 1534.115300882333 8016.722083720556 0
4484 6387.397838441731 2385.628169208371 0
4485 14430.87968349257 4484.79495132094 0
4486 1080.522068933828 8575.763664387434 0
4487 17161.55969500675 5669.874479170734 0
4488 18399.18704843509 1516.121608420708 0
4489 2304.038845377467 7215.874878303883 0
4490 11532.15343007375 7523.866556573479 0
4491 16873.94767429232 9099.555897326003 0
4492 4821.744222169415 9209.318249458311 0
4493 5712.563664068508 1165.708398187814 0
4494 5439.130090807738 3085.830158504561 0
4495 1297.040141304224 3431.557363367584 0
4496 19197.98364573311 917.7270890074124 0
4497 2126.453373255021 1716.898915950253 0
4498 7987.460369431832 5481.440194609711 0
4499 3798.133478946805 8030.326614791491 0
4500 635.7087045600165 3716.203309711755 0
4501 1188.098037572227 3948.361127300288 0
4502 18902.48217584216 1355.317155971388 0
4503 18925.88848128721 1553.301219463205 0
4504 971.7565676266022 854.9773986284408 0
4505 10477.3045279998 1876.714730741209 0
4506 8039.456228528807 8664.194663733491 0
4507 7073.212021440255 7881.808568173535 0
4508 3791.461464713284 1104.939685471346 0
4509 18821.35801792444 5063.075811078619 0
4510 447.8529423945256 4945.23987168847 0
4511 2628.455721877147 1553.084537364419 0
4512 6135.383177834432 8638.291669546637 0
4513 11095.50065824641 6782.509955312125 0
4514 18079.63455155594 1755.275491910542 0
4515 2537.358303313649 7687.865183618687 0
4516 16771.9009393306 9628.39760800759 0
4517 3289.601001570677 1268.761235015896 0
4518 6972.092570814713 1510.609480751049 0
4519 2897.410692745643 9152.791056901862 0
4520 716.739371946278 7127.667020585222 0
4521 9369.513009641485 1212.912200441398 0
4522 1196.892548528944 2639.26307397285 0
4523 6892.958458710238 9143.407603649339 0
4524 19092.75021066029 8705.57091231183 0
4525 3205.243022306724 1983.217961056579 0
4526 2010.378664530635 7653.657268994967 0
4527 17065.91919383212 570.129353990812 0
4528 937.6673602048468 1967.185047797649 0
4529 18509.24323445016 6803.729301281553 0
4530 6696.645576721591 3446.39855046833 0
4531 6841.459047297459 7410.761379901828 0
4532 489.4333899276789 6663.444077851169 0
4533 2506.669187084061 4681.372050856199 0
4534 18718.54979421622 8584.01670481906 0
4535 18864.54973001276 8466.205496902188 0
4536 3624.473141534831 6616.832392620158 0
4537 3963.303188482761 3769.401120556808 0
4538 2455.960016804677 4285.242945494782 0
4539 7503.462979662759 4340.545995211939 0
4540 18427.79974078874 9012.181164083471 0
4541 5703.701461057953 2471.189253480461 0
4542 2211.075825449377 9238.199117664975 0
4543 2569.429060204595 2465.602318082651 0
4544 16940.78424801131 8192.482853921956 0
4545 1254.688372222847 5851.025710356886 0
4546 2872.343157129871 8954.016391239596 0
4547 449.6257942347511 6265.902330017127 0
4548 7542.625788989221 4751.985091460821 0
4549 2421.066790102193 5395.423261007883 0
4550 5128.522972422015 2042.008922420724 0
4551 358.6146415277672 5853.854744692471 0
4552 8534.283423701927 2917.430193660125 0
4553 2251.659569204598 2706.706198515334 0
4554 2854.66629714781 7446.524730954617 0
4555 3885.919443150809 396.2835627107124 0
4556 18510.72379891246 1001.625506823349 0
4557 4126.330492412759 2368.598037153104 0
4558 14210.13162916989 2723.136212428734 0
4559 1767.271072741371 8489.208601197122 0
4560 3986.058978407887 3961.762572005068 0
4561 4979.331113224855 855.2271313016799 0
4562 2469.931293273125 5790.989447963672 0
4563 2260.012792736912 5521.207074990069 0
4564 15881.15411619631 815.7229771507355 0
4565 13382.48901911087 1620.993869597643 0
4566 19653.49428630625 8598.012048447708 0
4567 7791.031840579046 3910.450641024308 0
4568 3405.938675976406 7677.894421738761 0
4569 3959.945283740493 9209.900711979491 0
4570 6962.411257432079 2814.31263441026 0
4571 19157.72833013582 9336.076749248721 0
4572 4560.954877112741 494.0453368874832 0
4573 4293.471573739931 941.2485534074899 0
4574 4627.764966690323 2205.218554850824 0
4575 6447.199369727042 1475.545559506879 0
4576 4802.580047972114 4532.314211181291 0
4577 3803.882090279989 6687.817025354426 0
4578 10162.39015597564 6203.9468664215 0
4579 4303.729235383387 3722.431324376052 0
4580 4619.851496965596 3481.760985792194 0
4581 2621.689180996334 6974.838132966198 0
4582 6154.776097610456 1913.517828063833 0
4583 18497.87637448857 3810.391083511026 0
4584 9372.858443076993 8290.668479316853 0
4585 4937.814525549627 3245.103998620012 0
4586 7021.797919145736 1905.879641608232 0
4587 17773.19607336382 4998.091612336726 0
4588 7599.785170482333 5318.026182147931 0
4589 3692.259292519043 4397.144375679791 0
4590 18008.27059879819 1160.842885001345 0
4591 17688.86231770906 1400.159012442043 0
4592 7720.940241902029 6100.413858301948 0
4593 18590.98418773972 4599.101776027696 0
4594 18704.35832650639 4086.136312345783 0
4595 8394.06451796794 1734.596926763628 0
4596 5803.611339224675 3239.29221786035 0
4597 837.6135112916199 1174.16983765479 0
4598 18783.27911812215 9178.157104875452 0
4599 19540.81161489673 2368.578842152453 0
4600 18858.98807228095 2463.182635529947 0
4601 5982.317928850423 532.5413388436009 0
4602 7192.944448104976 478.0105351457387 0
4603 16294.8974107977 1367.501029289114 0
4604 3982.256650632626 8107.893747924579 0
4605 5629.303181352064 1878.874137907192 0
4606 4820.268339313539 975.7806268658132 0
4607 16459.51684370746 5552.77081393931 0
4608 12701.60169108768 1703.170548954617 0
4609 2570.798349391762 6580.04792225601 0
4610 8780.477635501507 7666.892529826483 0
4611 3582.158274720524 4915.024245639834 0
4612 19293.13527489517 3218.814360868689 0
4613 1635.271211194704 567.0937277633202 0
4614 16740.66437419739 3616.568744531883 0
4615 16764.10589783677 3813.774756782796 0
4616 17647.86998783039 2508.660639252604 0
4617 19249.98199537419 2819.59262606756 0
4618 9701.914211994766 5267.471206077 0
4619 7240.621672925255 875.1224559274433 0
4620 13176.48473714723 6918.496791929101 0
4621 6740.302589282773 1037.188475301568 0
4622 2085.591168608524 8248.0750281649 0
4623 14326.0408762322 4996.95203031229 0
4624 6496.773072283077 1870.693777470705 0
4625 5634.291629936152 8802.230969533291 0
4626 2787.496094210932 1432.451262805429 0
4627 921.3696644253141 8696.294047674139 0
4628 15125.70721371716 3111.745582687441 0
4629 16231.4911507558 5083.933388156013 0
4630 18099.93390137663 9826.244362200358 0
4631 7851.631447020709 3003.641992794709 0
4632 19356.74239390326 798.6959427075108 0
4633 18628.43607378121 668.3989329593578 0
4634 8646.803509777406 5192.260298095682 0
4635 9788.69287738616 8840.607744955172 0
4636 5451.105856209445 8724.938670022875 0
4637 17123.0373643523 2471.479691201428 0
4638 8156.394123435766 6845.239861904731 0
4639 7489.881377994245 8431.640233456423 0
4640 10155.29453406514 8995.695389792954 0
4641 17369.9887124389 1639.499635627367 0
4642 1221.94891958856 2837.361749115578 0
4643 3941.056635195008 2291.595626829113 0
4644 15585.61482518804 4053.533733126112 0
4645 18403.71276993606 3019.590709825696 0
4646 16622.59925120903 2631.914879966559 0
4647 11218.62257502158 886.661401344968 0
4648 7747.249166719866 9101.097715245374 0
4649 14085.04089468191 3040.694904663593 0
4650 17108.18570321387 3778.755118742981 0
4651 6372.927698318158 882.0617454556841 0
4652 9435.565063935681 5894.647969519146 0
4653 6394.544486020182 9309.163551311052 0
4654 8939.616904475768 7547.930555179993 0
4655 8866.649931488313 6958.123706862678 0
4656 4355.348549802157 5078.041846788299 0
4657 1004.2181297922 3870.912227850954 0
4658 8826.641162515458 2482.326866913098 0
4659 15648.84734299115 3149.746413067835 0
4660 15901.69662007425 3816.580905729049 0
4661 8815.990612889254 6564.417945393976 0
4662 8608.408482107656 3505.687351658127 0
4663 9255.879695163108 7308.351836973639 0
4664 16200.6620842683 580.3133641146987 0
4665 18693.88494916994 8386.256361338415 0
4666 8739.154866394456 394.9113862803952 0
4667 8114.122387878514 9257.248598400409 0
4668 10764.8985542266 8316.820138158779 0
4669 10741.20205597874 8120.881022081176 0
4670 17600.89617386369 2113.664006169934 0
4671 4895.017340024404 1569.38914461313 0
4672 8473.034154264997 9411.019120220843 0
4673 16752.1518841179 5120.69405499324 0
4674 12082.69535615935 880.4348164194798 0
4675 1272.04550428977 3233.498729382099 0
4676 17599.76192489139 7915.136971597742 0
4677 16805.19769787241 2710.001364778243 0
4678 18409.06615275069 4521.864342790742 0
4679 9956.250429158315 5931.425594144489 0
4680 8735.458507228588 1691.957236933364 0
4681 16423.37320172285 3853.685704228243 0
4682 7988.858792803298 8267.300813364916 0
4683 10538.72576908736 969.2192694128489 0
4684 17338.55402830736 4252.628876712938 0
4685 9479.40081293468 712.1079814325658 0
4686 9069.851501958052 4442.922539369625 0
4687 9255.050506003498 4522.586135055398 0
4688 1145.807109926927 6367.671443581708 0
4689 8695.702362377258 5584.081471277856 0
4690 7680.918943533388 1622.760698101827 0
4691 18013.77121654165 2665.30744411926 0
4692 753.6581676531241 1889.611515227964 0
4693 18280.73020835338 9155.013317194054 0
4694 9287.637728023326 9003.455401100724 0
4695 12318.5164156061 6927.204847122517 0
4696 1851.755287780586 7774.392721966228 0
4697 16980.21981980853 5591.028849613882 0
4698 18667.26819274735 879.9069030077608 0
4699 3240.520555861269 9108.669024986875 0
4700 19240.75138015404 7117.384015973998 0
4701 4008.452526846208 8307.339232564005 0
4702 3766.688176219955 907.0071222471015 0
4703 18283.68274610988 7833.705759860624 0
4704 12335.8374709184 8419.956443128318 0
4705 11157.13069405253 1792.294413130193 0
4706 19346.38843979657 6604.171424493488 0
4707 9507.711372680251 3702.269970705494 0
4708 19134.12328427103 4447.853159733064 0
4709 2294.94047849869 8523.504330259982 0
4710 9996.578437333215 9115.604129253907 0
4711 7256.406089882411 7959.068644304069 0
4712 15169.28328946575 702.8585520815086 0
4713 19522.42656450823 883.1388533860227 0
4714 14541.65485130131 3976.69187122187 0
4715 17408.91485273596 4842.50689359961 0
4716 712.2244313769879 8420.722709415853 0
4717 7944.033116078474 986.7272831951159 0
4718 15696.71902703769 737.6680050841305 0
4719 9394.475598431134 4211.730734245477 0
4720 10680.98256314947 9030.419396973319 0
4721 12211.18948891912 7438.329597361728 0
4722 8462.731703846457 2326.827064845562 0
4723 10378.79079428551 9464.660703395484 0
4724 19214.48590828288 5417.377306602787 0
4725 11483.54162010525 7131.738544372956 0
4726 2385.595723014953 2388.291992411697 0
4727 18194.58191678246 8545.603911777551 0
4728 12447.19215181693 1035.719519725187 0
4729 9747.564455418296 2877.548946047358 0
4730 10550.4970030813 6552.904623511789 0
4731 4267.860978860776 744.9056609841073 0
4732 4736.365751480163 1689.794880041887 0
4733 8477.918728221939 1022.31406084008 0
4734 8978.97208700505 860.111413655849 0
4735 10743.90251109875 1245.378250381352 0
4736 3512.234474818622 4325.829797889916 0
4737 9322.965274465183 3621.299709307071 0
4738 14645.99360641896 663.7864462442667 0
4739 7204.821871027396 1982.842720069775 0
4740 10913.9043352737 6705.719188958784 0
4741 961.644411562178 6290.187722329778 0
4742 17988.52941453739 8269.087883957889 0
4743 9128.386525197258 9123.724917805604 0
4744 8570.245948533418 4606.432201282194 0
4745 10948.95280914812 8395.453147555776 0
4746 11181.44781789556 8867.242269344908 0
4747 18395.63451896283 7320.05095211634 0
4748 3222.143934467153 7600.81417894429 0
4749 7842.17760248789 1502.414210451386 0
4750 5103.712267918001 1844.404668061359 0
4751 11583.30022924583 1041.611562427528 0
4752 887.6765610752409 1570.654349265134 0
4753 10900.19615101933 8001.621010733262 0
4754 7766.656854610701 3713.969644139846 0
4755 12279.06174439035 9324.660398110385 0
4756 3261.804563411539 9300.106947845827 0
4757 17783.9133766858 2192.226085042446 0
4758 11756.13386981828 9296.581535199128 0
4759 18521.44848979884 4007.910488288727 0
4760 5604.48656562717 1681.426223511321 0
4761 7682.188012403962 7204.514042746086 0
4762 2762.661112198706 1234.398080771003 0
4763 4602.882278978416 2007.72925728522 0
4764 7827.377842707245 2806.578345320178 0
4765 10659.88178802439 1953.607916600345 0
4766 17374.08786051341 8940.511510772476 0
4767 14555.06061533571 5464.931381248576 0
4768 13756.39334921201 471.6838901316014 0
4769 1783.528817685527 1760.000875742245 0
4770 11945.96553172272 8069.925940723067 0
4771 16271.04630750515 1169.768997693744 0
4772 15316.4285736994 1886.601904476614 0
4773 5292.800676571151 8845.177079416591 0
4774 936.5912581312623 6092.017769334895 0
4775 9460.389770212887 3310.030572746973 0
4776 9165.707869120341 8015.946782807246 0
4777 6313.341533813291 1793.411529351726 0
4778 553.0824648668295 8541.248875727841 0
4779 18348.47677201504 6925.969431554276 0
4780 2226.623531191884 2508.864807840014 0
4781 12969.94786776224 1071.832385916492 0
4782 12537.63657557619 504.4902175660527 0
4783 14285.45198117904 506.2251515340104 0
4784 1087.991789005089 3156.094776085191 0
4785 16910.45492436959 5002.15895098869 0
4786 6779.434275170364 2737.227739169384 0
4787 12106.51587967342 1077.360441286796 0
4788 18466.60046161036 7912.153400420078 0
4789 13223.11804967467 1739.929532107127 0
4790 11242.6459655252 1083.62602095395 0
4791 18034.90514796142 8664.826570823043 0
4792 4235.581929129476 558.00706306954 0
4793 10830.71814784158 538.5528609463745 0
4794 7998.362302741572 6965.005055320836 0
4795 1808.364064477027 1958.351321133593 0
4796 11689.92928433748 502.2323172505357 0
4797 15379.35474082282 3779.004107127359 0
4798 6715.534502706674 839.3372825693132 0
4799 7784.660164871899 9320.001982776648 0
4800 15782.27346381114 8628.425831337523 0
4801 17328.39292071991 8546.5594388924 0
4802 12392.99033697007 7514.806175375303 0
4803 1917.667277638287 1440.78993254433 0
4804 13326.50310964312 8113.211250344979 0
4805 14495.33082291193 3586.030022936216 0
4806 12996.03971594893 9650.654696890437 0
4807 365.3881202080156 8657.516049601789 0
4808 7554.0959929688 6225.458282780256 0
4809 16418.8013197649 8155.14867658807 0
4810 16010.77668586401 9100.121225486859 0
4811 10475.60760795009 390.8957410232524 0
4812 1649.286734329136 2078.973292172149 0
4813 18586.95470423123 3098.258118120561 0
4814 16192.69514312714 9178.413890817959 0
4815 7414.685097364289 738.3109798641726 0
4816 4393.743357644909 1732.99216525658 0
4817 12343.12300668185 7122.697426818211 0
4818 5078.906658681831 1646.756037624325 0
4819 10574.83828873583 6748.102014485557 0
4820 11838.72260600666 1708.361762688233 0
4821 14500.50316013593 9144.331286908995 0
4822 2051.863683138084 1121.80050099329 0
4823 16605.26885412567 3931.797854111936 0
4824 18450.79821946335 3415.249807984496 0
4825 16207.78498655046 4887.879939109795 0
4826 2110.761704249176 8446.111229182161 0
4827 14888.86840742412 9499.340062142241 0
4828 8583.956772073325 3309.649647892234 0
4829 18657.17455841508 3691.495320749786 0
4830 13586.72888703279 1895.257837924345 0
4831 9354.456138503756 5310.33860894789 0
4832 8073.644663400987 7556.304463661761 0
4833 14622.04219600349 472.6562770968103 0
4834 16430.66395009916 1050.118675154933 0
4835 4050.428104260926 1775.948090194457 0
4836 2042.404485167496 2431.501877457569 0
4837 18171.27836659051 8347.742530803418 0
4838 16194.38442709593 3382.922738369387 0
4839 9980.673049729956 6126.994605621794 0
4840 18840.39360753481 8270.411532839926 0
4841 11365.85210270669 8941.316514866488 0
4842 16669.16574533152 8823.596931106153 0
4843 18301.77581524674 6531.566617286189 0
4844 11814.49389425185 1512.220021406584 0
4845 9543.041627302784 5386.210784665651 0
4846 703.4901467670988 1493.141389680482 0
4847 19269.22618112128 7318.862667069377 0
4848 1062.950714507233 2958.020051194851 0
4849 16781.35217980449 2512.786309209931 0
4850 3891.688311578662 1896.3183615383 0
4851 8453.324564910705 824.6445544292328 0
4852 6531.874969349295 761.8457098296294 0
4853 1070.70126543785 5773.420258699085 0
4854 14162.20875924001 9186.582150611797 0
4855 18625.79021146916 7792.992793438714 0
4856 15807.11983843193 3031.141361230015 0
4857 10704.78466496805 9227.001609951636 0
4858 2395.135994569569 1078.909147528624 0
4859 8023.256477080939 7161.851976861713 0
4860 16012.36451113927 3305.173204731778 0
4861 1883.445299164179 2552.248411348959 0
4862 16613.28134479359 1128.659125809516 0
4863 11325.78086751346 7250.983281166178 0
4864 1942.549121524433 1639.255698372084 0
4865 8954.556810640333 662.4418974222426 0
4866 11763.59129620689 7993.128384585446 0
4867 18462.60307238495 6408.328879275707 0
4868 9823.345600187926 6245.554457025468 0
4869 522.8543334165297 1415.269035125225 0
4870 18785.28965530738 7673.738458721453 0
4871 12062.12809289194 6264.078413594514 0
4872 15855.97916750856 619.4609540953297 0
4873 12729.97792260195 7468.157144978682 0
4874 2076.689710055118 1320.31254879988 0
4875 17735.17345516031 7599.127983141152 0
4876 18680.62571500691 3888.844307506255 0
4877 16182.64702358175 4691.724837442554 0
4878 9813.254969057096 9038.251394232462 0
4879 878.7602497529861 2880.539368432477 0
4880 10719.88181511995 1048.056844383501 0
4881 15111.88703634655 4407.768548903757 0
4882 1204.557288054142 5454.763369919068 0
4883 16704.19774980686 4725.69875638854 0
4884 697.7460956815994 2801.455418940056 0
4885 19465.48763668491 7383.157636736216 0
4886 8279.699829273692 743.1811140706232 0
4887 16757.36634374555 2315.271688368421 0
4888 3063.62973448081 7721.177589315876 0
4889 10715.30467850578 9456.091136151048 0
4890 2879.974217075626 7644.273348899453 0
4891 1020.207950694874 5376.905738289477 0
4892 11167.87208344448 7370.139600473338 0
4893 4577.649508753653 1810.149471326535 0
4894 9641.712305580579 6168.073821742259 0
4895 2738.26609411868 1035.818361905036 0
4896 15291.71788879233 1688.769043243305 0
4897 14054.95205989988 5619.613155495119 0
4898 12945.41574417633 875.0358628122667 0
4899 6505.507577574184 567.6589071217686 0
4900 3114.552167590775 8118.050388773879 0
4901 17186.5649053251 1561.062835500189 0
4902 3809.417038312989 2609.595266326101 0
4903 12186.22999136268 7242.07934778631 0
4904 8922.779018556388 474.7879814092066 0
4905 11400.88784344434 964.2451916552254 0
4906 16654.67672685701 4328.030739797063 0
4907 6129.907426424499 1716.227302138497 0
4908 12264.86476511873 958.1723508178761 0
4909 8552.232767918202 1614.657104683759 0
4910 17567.35719427698 4723.270051655594 0
4911 3348.65602162849 8591.562704853193 0
4912 3623.097556112927 2532.727442242706 0
4913 1983.472371997057 3344.293469810181 0
4914 16526.34149583654 1841.761332810927 0
4915 17162.26289878754 1363.051956969567 0
4916 16789.1365057277 4012.990654977255 0
4917 17510.39463359831 8625.302192690164 0
4918 16574.75642848773 2237.351616841409 0
4919 1154.798918626901 5058.865976415279 0
4920 14951.32001511227 1731.008882516737 0
4921 172.4572751440646 8500 0
4922 13791.55631314794 2169.202019780483 0
4923 3690.274341625882 8546.747545716398 0
4924 5946.345518889269 1638.732856288355 0
4925 13973.37438777945 2247.135730798094 0
4926 11655.7421575624 8507.14547004111 0
4927 1129.701053874734 4860.867747261143 0
4928 10827.09975534053 7412.864115729271 0
4929 9836.745899444011 9232.69118632083 0
4930 14343.07013848362 9263.689611052005 0
4931 3265.030445810537 1070.384271705167 0
4932 18633.97353690793 3493.971262794019 0
4933 11474.2084626055 1554.171240428875 0
4934 11605.90490247133 8112.784603575101 0
4935 17578.93160801311 9208.663547528544 0
4936 16691.8359530443 9020.767684179576 0
4937 18254.56408379958 6137.414843707948 0
4938 10756.5193796003 6824.68174198767 0
4939 945.2106351453822 4782.510033496264 0
4940 7865.173752506013 7281.594757401745 0
4941 16922.97350000102 3695.796152390956 0
4942 19832.0221681201 3687.924688983592 0
4943 14925.9971060557 1531.965452784694 0
4944 17062.4746712357 3385.964672810649 0
4945 16820.10564594448 1404.624019621539 0
4946 14796.63796701937 4642.29143131294 0
4947 3492.141639652489 2850.420421493105 0
4948 3240.710961773575 871.9317330226313 0
4949 14733.48062149341 5541.166424144782 0
4950 15501.14026097607 4764.321273041064 0
4951 14293.22009958924 2009.589480612216 0
4952 10985.64877211904 7293.39398407028 0
4953 14699.46857580427 3859.062953924322 0
4954 5762.941987587481 1561.35990323429 0
4955 1079.191954951133 4464.530771098 0
4956 17807.30677226917 2389.722492069651 0
4957 5745.303625665062 4145.920977997897 0
4958 4234.975747844983 1853.203983610149 0
4959 8744.225018615662 5977.888408955961 0
4960 894.3928270188189 4387.139584643195 0
4961 15371.57492389225 5084.575707310261 0
4962 17361.57525608521 4449.235410223271 0
4963 15988.62140121931 3108.723589077797 0
4964 1429.444363632483 7236.085297672471 0
4965 11863.72018113743 8781.435521178231 0
4966 3583.186989495531 829.2989724791623 0
4967 870.0951739709781 4189.075171365822 0
4968 14881.15541053918 3936.903365930461 0
4969 8210.804199906423 1657.319454297956 0
4970 16712.77123465083 7717.598924250557 0
4971 12518.90955946262 8496.791585546653 0
4972 14494.13871982452 2284.145624591155 0
4973 3305.605656793679 2773.713930126863 0
4974 5737.949368625913 1363.453113948695 0
4975 15022.67750166299 2321.318835804092 0
4976 4349.829777052126 8261.590717602092 0
4977 13706.93470421738 8081.024428271615 0
4978 844.9528953469635 3991.34754685643 0
4979 14676.86412942331 2361.659129969008 0
4980 18231.46043898181 5939.691274019236 0
4981 17990.19992339954 2468.019392741803 0
4982 5554.447735404919 1286.041144600832 0
4983 1643.193377077092 7499.958237585774 0
4984 3174.43547286196 3091.370981215505 0
4985 4533.486756033397 8338.831798341394 0
4986 11630.68912161364 8309.698940580676 0
4987 8026.871761732931 1579.855182078996 0
4988 12046.75044724649 8858.080582749981 0
4989 14585.99927258779 1575.349436521354 0
4990 17823.52785902391 6890.027072785288 0
4991 2987.776833604174 3014.806391325752 0
4992 4560.655091843374 8538.698223033023 0
4993 9367.935092285465 6796.622669760807 0
4994 11376.42310587879 767.8847022990794 0
4995 3297.818401657994 8194.233995010432 0
4996 16351.21148797453 9060.238564147976 0
4997 16130.72706220498 4285.542767662362 0
4998 12240.33544643528 762.3073291245128 0
4999 8401.178222638842 3233.277078701749 0
5000 16840.03793049822 4410.928527506332 0
5001 14613.23709845672 4562.678388623789 0
5002 11838.22110323823 8583.70789531117 0
5003 1668.541242062283 7698.010921964676 0
5004 5529.004099038603 1088.167877311946 0
5005 13566.2512163068 3019.915245966534 0
5006 18149.97133997383 2348.649044221258 0
5007 15964.98238946547 2912.160131369961 0
5008 8242.79244249908 3353.057849710467 0
5009 16550.62431766397 2039.606917811547 0
5010 2856.573107239401 3332.222220961588 0
5011 14403.58664877984 1497.363639765405 0
5012 16795.83178964556 1206.90318069647 0
5013 3089.137716104923 7919.596493718152 0
5014 10558.13972383796 8043.53406440478 0
5015 7890.407075423952 7478.822650041194 0
5016 18392.61148393804 5814.20325175947 0
5017 5187.101597857491 1131.390033731653 0
5018 18309.61066676301 2229.162663715394 0
5019 2669.924731000634 3255.476330697965 0
5020 4900.943775283651 8493.055432353845 0
5021 11359.10324024606 572.9888540657439 0
5022 17520.24311457175 4329.905956206759 0
5023 18839.97252472415 3769.854065723724 0
5024 12214.13770169351 573.0474972104366 0
5025 14839.82865295051 2242.257539370315 0
5026 10717.14428694433 7924.36832831572 0
5027 13634.50783615812 6366.513801989458 0
5028 14377.54732742844 1297.618638072872 0
5029 18492.36372584735 2307.363709623514 0
5030 10597.82313594824 6943.828655044162 0
5031 3558.984468250441 631.007822700456 0
5032 10192.17795981986 7889.31214524584 0
5033 18183.42862917201 5547.446456776736 0
5034 15416.33862057888 2678.023396306404 0
5035 5084.864163118298 8569.550291121806 0
5036 15941.23222278312 2715.674502453663 0
5037 10901.49083754988 5481.898473227456 0
5038 15891.4508458979 2319.38794181103 0
5039 10351.43289713974 7770.143014977996 0
5040 2539.50778391247 3573.54883725978 0
5041 10438.99258641633 7062.761620668206 0
5042 3323.016216880063 8392.731120590957 0
5043 17837.96121434234 4091.150679015734 0
5044 18999.96119182721 3650.779082956327 0
5045 5161.694859301795 933.1210527671665 0
5046 17679.16231870797 4210.583194840214 0
5047 661.2572955038977 3914.006862977242 0
5048 9985.79583449751 7616.081584301744 0
5049 18160.49798719477 5349.20839651092 0
5050 18652.60598914028 2188.015734885768 0
5051 342.320335130853 7795.450625812002 0
5052 481.9947796669912 3834.594455706966 0
5053 19182.90114633122 3728.32913519948 0
5054 10256.84536506616 6985.720906182147 0
5055 17752.82008676308 6300.262527451536 0
5056 5136.880466245925 734.9201476647304 0
5057 15916.9994645462 2517.960685454374 0
5058 18812.5109323803 2068.069358879697 0
5059 12545.96697498486 8694.396359195129 0
5060 5110.412937841917 540.8574228365969 0
5061 17533.3080151733 8822.54725974766 0
5062 9826.022970380251 7735.071954667183 0
5063 16771.9666655994 1009.381213933151 0
5064 18320.71137577949 5224.298540337903 0
5065 17632.25532562444 3816.980666758693 0
5066 19339.02832916079 3610.828368916032 0
5067 18789.01779567844 1870.462026314917 0
5068 9458.360349692757 6089.983435157736 0
5069 10052.60216062715 6712.922325580765 0
5070 14038.44622604896 1342.222190246468 0
5071 16747.46532657868 811.6932907581495 0
5072 9619.767705285529 7462.031328376115 0
5073 18948.54512853414 1750.251326802457 0
5074 9732.406045399703 6951.417711027456 0
5075 17790.82714520353 3696.476818825428 0
5076 427.9869567224105 644.527804476711 0
5077 16907.27583486398 693.8983023432766 0
5078 9529.569660028312 6677.946652537695 0
5079 13856.07875773295 1264.206195243064 0
5080 6593.128229664826 6954.715151633138 0
5081 17556.13250682661 9018.257916456085 0
5082 19108.25571018519 1630.465940255348 0
5083 9460.422246870787 7580.671239863324 0
5084 18199.25485735088 341.9110757207327 0
5085 17497.93396474901 5634.214263809887 0
5086 8216.042050136537 5941.092370658635 0
5087 12884.53594920655 8648.553179975836 0
5088 19268.27850972574 1510.932578981627 0
5089 5186.518167883804 9361.763543585665 0
5090 7178.988088807711 1785.3739579883 0
5091 19449.85736314307 1589.573895498876 0
5092 17584.99986765839 3422.527003904457 0
5093 13067.20033159207 8725.214622646514 0
5094 13829.11133566408 1065.143826108211 0
5095 19833.32645923783 6500.065511067109 0
5096 17743.41430958962 3301.721043142174 0
5097 14132.86550394916 2128.512647673148 0
5098 16374.11724687044 9257.474474090004 0
5099 2404.321635090666 3892.547588865188 0
5100 7472.172205281235 1347.750614900873 0
5101 7334.679116513062 8551.937788255605 0
5102 2107.492757925318 4331.940618647021 0
5103 526.6337473636177 7056.545685465695 0
5104 17495.67331465289 175.1307943265156 0
5105 13937.5324096333 5950.726117408505 0
5106 13095.70620686401 8926.203719218725 0
5107 8197.194658399823 8545.364039967772 0
5108 8098.641793630244 2172.13168789187 0
5109 9684.444563684014 2474.131350093088 0
5110 14730.13188153432 2754.7282485884 0
5111 13490.72310580721 1107.446324192298 0
5112 16394.55768457161 9450.32539239912 0
5113 8379.748501201459 8621.207524190526 0
5114 4197.594773704252 5556.502556319282 0
5115 19142.60336817773 8281.163044592273 0
5116 2055.227779580123 9348.400550873528 0
5117 9249.552272086219 5816.725764247319 0
5118 13434.25835701359 8881.918659899033 0
5119 8641.312874308855 7982.203409068103 0
5120 8227.045438088066 4650.304605549431 0
5121 13463.52846980908 907.5167682919969 0
5122 17024.3199546028 5983.696263448855 0
5123 7152.998684330209 1588.503262172889 0
5124 8717.704455629242 8575.490405444287 0
5125 17049.44382502365 6181.166631158596 0
5126 8804.883651199034 2284.563393461196 0
5127 14759.54245086052 2955.347677612077 0
5128 4727.687983234054 2986.533860300392 0
5129 17230.5541243155 6261.663241654446 0
5130 8523.404503217587 4215.537835904614 0
5131 6460.794304990426 356.125905007867 0
5132 17537.31574154842 3026.596355694147 0
5133 6317.445420978238 7378.343244922084 0
5134 13462.67749311958 9080.764507615408 0
5135 8745.366740940921 8773.41593068126 0
5136 17094.60613022433 6571.579758831805 0
5137 8252.159185901191 4852.664063089265 0
5138 8715.799398692787 192.550237399777 0
5139 9143.859696546282 2244.385029051358 0
5140 13281.31264463913 831.5469674776141 0
5141 17120.00617270698 6769.068214127254 0
5142 9278.876695047342 7503.039907071522 0
5143 3433.276063771419 3750.634879683261 0
5144 5110.961888619343 8768.220423226612 0
5145 9302.283327856203 2122.501521476392 0
5146 4223.046542480687 7246.795702269279 0
5147 1630.371406054321 4694.157629418908 0
5148 17699.81503731405 9485.277561057816 0
5149 9169.766254918033 5230.591158480027 0
5150 13799.90293594418 9035.82941252678 0
5151 17301.20636478239 6850.263122284028 0
5152 9120.447664455707 7622.70178188533 0
5153 9280.684656899602 1924.804346662669 0
5154 5136.266774856103 8966.069470056496 0
5155 13891.95590492653 9822.900179562075 0
5156 7142.528159510976 4193.722426975214 0
5157 3301.849478839416 4070.865183980648 0
5158 17166.92978686962 7161.499724504012 0
5159 5161.369978230876 9164.742232691931 0
5160 8961.964391246092 7742.38713310712 0
5161 13877.12620748938 2768.587159873021 0
5162 13827.92971231703 9232.293274290074 0
5163 9438.501934229953 4601.644407425623 0
5164 14056.42819482326 2842.854372008471 0
5165 9893.047424059536 6831.985018690842 0
5166 9618.160920397933 1884.909879890397 0
5167 14298.92664748172 9844.106769845203 0
5168 3167.826040834208 4388.660148956917 0
5169 10365.97062075594 3677.329353597725 0
5170 1764.180252373862 4375.092529106423 0
5171 17348.03405114398 7242.821570733022 0
5172 5368.811608631579 9438.27744461922 0
5173 9776.537981572152 1763.852141639034 0
5174 14700 167.9699228579593 0
5175 14395.77465670643 2803.643422359255 0
5176 3029.744054484599 4711.026729792289 0
5177 17210.91857147279 7553.47857811531 0
5178 19629.50612153684 1666.441036022944 0
5179 5380.268090025173 9657.508415483961 0
5180 170.6297148947342 1490.322135622603 0
5181 6380.042185474043 3679.391941927656 0
5182 3055.739485996221 4904.027889189636 0
5183 9755.712995458165 1566.119461741458 0
5184 16637.87775457433 6908.204639819614 0
5185 2324.769480218383 4602.907913537676 0
5186 172.0751290177122 5709.424244972611 0
5187 2330.38687903418 6114.685190113414 0
5188 8801.852376325372 7862.494801671595 0
5189 10061.85884449045 2642.527671248817 0
5190 10811.43803256907 333.0847069866659 0
5191 6513.348427770266 3362.69222069841 0
5192 9034.920469135823 9638.123458851853 0
5193 9031.510185822546 4054.795919933494 0
5194 8461.744914401505 7904.23262799604 0
5195 2297.386396137654 4406.608319750533 0
5196 7312.448123008221 1467.601435805415 0
5197 10800.17427050688 9656.874955344932 0
5198 6647.578527914449 3049.463335273419 0
5199 2440.226164630481 6901.276738755468 0
5200 8303.714369954838 8024.458313020256 0
5201 16142.48627225028 6291.582157475874 0
5202 3684.294753946708 5706.82019771649 0
5203 10835.07642501753 6102.376194412864 0
5204 10092.60914664453 1526.77890409118 0
5205 19301.62295180913 6208.475377156396 0
5206 8586.881317453597 6097.898993475773 0
5207 2280.494568802141 7021.299794120603 0
5208 18294.62598190441 5030.70392892254 0
5209 8326.734518539994 8221.736896492246 0
5210 8402.727119423258 6021.218428389457 0
5211 3707.04436163223 5907.924713154574 0
5212 9848.189070161443 9442.387718484713 0
5213 8169.561130919486 8341.614023235106 0
5214 10250.77183004128 1405.136037535572 0
5215 2092.156801911337 6945.459537722994 0
5216 16400.00299788646 9658.965209698345 0
5217 18453.46370995473 4911.494231474567 0
5218 1904.411995690321 6869.879357241924 0
5219 3632.32712568101 5319.706706793118 0
5220 8195.519159163541 5748.772469377914 0
5221 4095.230955600398 9490.232711111992 0
5222 3545.599218861275 6046.915457595837 0
5223 7305.272787193649 5842.460476906659 0
5224 14454.62512623861 392.976752745938 0
5225 1743.801512474953 6989.712353541406 0
5226 6784.712738510469 9665.284775335978 0
5227 8013.879432372363 5671.645560591808 0
5228 19721.93253111472 2454.55905731899 0
5229 10346.25630869722 2194.900475607224 0
5230 18610.89904294633 4792.400912449001 0
5231 10229.61869627169 1207.852003047853 0
5232 1585.71580043641 7110.652904521981 0
5233 7832.565596064817 5594.314873057125 0
5234 3757.750611561924 6300.996909458323 0
5235 7654.064265893336 5518.467258616214 0
5236 4847.842516014347 3952.357247038912 0
5237 9710.421855779816 2672.245770448712 0
5238 18795.65929124038 4870.162505812385 0
5239 16157.49464816855 4490.32132801415 0
5240 13099.71151617735 756.0768249937346 0
5241 4215.87871973489 358.2262314466052 0
5242 1512.949562853804 7823.625653109485 0
5243 8926.026529670973 8849.235660875773 0
5244 4098.982775767307 7589.340650759963 0
5245 18954.64790710853 4752.14326266979 0
5246 1352.738371805372 7943.754171165216 0
5247 19124.86835255592 4657.974923664086 0
5248 13076.04113979626 563.7717359126445 0
5249 10714.60919978957 2531.438400265614 0
5250 1165.540662964762 7867.750706102523 0
5251 355.0683788117822 7406.381427607579 0
5252 3274.308035481706 6688.550899130641 0
5253 8952.20750546763 9045.984835348016 0
5254 12100 9835.478156905008 0
5255 10185.92245241945 335.2621484998162 0
5256 978.5495774369047 7791.302447710824 0
5257 795.725555280409 7715.165604705164 0
5258 3303.541179327565 6877.841421815343 0
5259 8303.761848857961 9529.571008927309 0
5260 309.8563476230538 3762.479523204159 0
5261 648.6917781897173 7830.547754506213 0
5262 3414.909708373517 9666.543293055787 0
5263 8976.972939300407 9243.751169637328 0
5264 1947.313113114057 4448.783707023688 0
5265 13582.31827660539 4526.913616695605 0
5266 9002.313637306235 9441.934804953438 0
5267 15312.66382545843 9815.413090682188 0
5268 9098.48151697194 3153.556202856271 0
5269 10383.49763559239 1087.514704200224 0
5270 10425.57486938236 9647.80953396989 0
5271 13996.96785547418 3739.428582895265 0
5272 14007.85566977926 9307.580829210838 0
5273 9233.253436219682 4327.609038229878 0
5274 13074.952206939 5460.977265235823 0
5275 9276.660686094774 3231.372485638783 0
5276 10359.12769394447 892.2772760262478 0
5277 19828.22968373554 9095.995197274999 0
5278 2800.257775987351 9675.873806573167 0
5279 14029.0730160663 9496.611468098126 0
5280 5869.669246706572 7024.71564708087 0
5281 10179.55634320181 815.1801859861134 0
5282 5135.977599447087 7627.095143107475 0
5283 519.311762329995 2712.130332621933 0
5284 10131.00246830042 3226.314331057194 0
5285 189.3016197589568 305.0273724340996 0
5286 19694.08901879454 146.2508530919631 0
5287 13884.65888745107 168.3121973691477 0
5288 12751.75089356133 7666.160268306807 0
5289 15900 161.3456586594748 0
5290 7446.830725119904 6744.441395452332 0
5291 2851.738098894737 525.1359097650011 0
5292 17296.14233482147 159.9496113054702 0
5293 19651.39787854406 8799.136729166188 0
5294 3473.051836315975 5457.676698318452 0
5295 302.2827318850614 9832.911920500886 0
5296 168.3982543289258 4083.674273108036 0
5297 16994.77762178847 9659.551050444603 0
5298 12641.26710228976 9467.51112519846 0
5299 19684.96513907165 428.4334902819319 0
5300 19688.56218917623 9811.11977290755 0
5301 5309.682078699829 7708.233050840298 0
5302 6461.157888676208 2969.280206606345 0
5303 15636.28010973402 345.1121846777878 0
5304 16407.80466230241 6458.25953202137 0
5305 6274.314110406966 2891.488974609709 0
5306 13651.05307617621 5089.904784698982 0
5307 6115.117170769251 3008.129184206752 0
5308 5933.398900631874 2933.679956575128 0
5309 15401.74171645378 8295.282251759261 0
5310 5781.050871422151 3049.550964410152 0
5311 15137.72059255416 498.3356454137302 0
5312 171.3572894175159 8314.93904060866 0
5313 6789.875776791789 8336.644329826056 0
5314 5598.79352471119 2973.313029895225 0
5315 19467.17394785264 3303.307370978579 0
5316 5415.745386208979 2896.081404925424 0
5317 5221.959424936923 4110.597252513233 0
5318 5039.269422355638 2744.444186688547 0
5319 5228.000487536423 2820.10026363937 0
5320 7181.072774357921 8680.895604294185 0
5321 9121.971374820414 159.4973895917428 0
5322 4880.51006902657 2864.190285443718 0
5323 10145.36090960676 3428.042669635104 0
5324 4760.379145924269 3176.722633582252 0
5325 7209.208275106735 8871.999322764423 0
5326 4602.681161815607 3296.757528058502 0
5327 332.2718763155244 6788.660009777722 0
5328 7226.644792164201 9079.436002342472 0
5329 4444.371477145856 3416.621630579965 0
5330 13039.65316523589 352.0563941023729 0
5331 7067.936753852966 9218.461457863195 0
5332 19292.37216042906 7713.704195727654 0
5333 6235.169253501211 3977.887318872511 0
5334 4286.645478156519 3536.659771845503 0
5335 13410.45149496861 7586.354134676109 0
5336 7090.29022189446 9401.374827882648 0
5337 16891.64373320788 507.3065584970354 0
5338 3297.32362270783 161.3280248033043 0
5339 4127.384613044519 3655.546399138904 0
5340 14747.7199904907 5722.409600655686 0
5341 4319.64886903439 5419.075804444351 0
5342 11381.79389702764 2239.573547110117 0
5343 6836.666682662713 6748.18915696178 0
5344 5702.601891695369 9808.903945586382 0
5345 3821.073429828361 9331.208604751137 0
5346 11392.37277843816 9129.879649012111 0
5347 6791.833223983253 331.3919438372959 0
5348 14296.75504808389 8121.748629366421 0
5349 3744.562740276111 3507.2837255068 0
5350 3936.063527648696 3581.060206380716 0
5351 19447.97767656522 3102.097594063113 0
5352 7167.857774994753 6570.581519966358 0
5353 13378.94616080745 326.1734537740886 0
5354 3587.766825852755 3627.579551457524 0
5355 12062.95899614368 2169.5893908842 0
5356 11217.67597979746 9263.183784937755 0
5357 5960.506638517718 344.3966496477187 0
5358 10576.33437697135 2901.340277070966 0
5359 14056.5164939451 8415.470171457579 0
5360 16009.5536026075 506.0557665974284 0
5361 3463.454154953431 3941.587517477584 0
5362 4047.592738953228 4758.363070018328 0
5363 12779.5251582141 7873.72285828968 0
5364 16189.9078530327 5977.03408194547 0
5365 15729.37800268088 9524.981353087758 0
5366 19547.71504096983 1076.909405189085 0
5367 19487.29352218773 3495.58952507226 0
5368 19849.47472153226 7128.172225003423 0
5369 1086.502487243923 166.0467693461869 0
5370 349.5687133863321 1339.335316384486 0
5371 335.4180517353379 5428.901107546932 0
5372 3327.429367637586 4260.906175330871 0
5373 5143.596868635415 7854.758031334437 0
5374 17418.00813152926 9320.408382083195 0
5375 5060.21112813233 341.4244278010774 0
5376 355.52967039543 4576.12672010442 0
5377 16470.36890283037 153.8509988773367 0
5378 3191.989536235798 4578.577153486889 0
5379 15825.21406627321 436.1373452125363 0
5380 1898.481594068922 155.4030559012072 0
5381 6045.321528483483 4131.436930890239 0
5382 13680.79135166394 6963.136145626708 0
5383 12313.35777745083 5820.855791592538 0
5384 11829.04449104524 9678.838360550006 0
5385 6645.792987588416 4321.917463863848 0
5386 3600.721107423744 6427.06746464519 0
5387 11714.2573380915 2206.05164948173 0
5388 3439.036077905825 6554.45399674751 0
5389 19667.51519902681 9386.174560526768 0
5390 19476.12729865205 6297.639759302448 0
5391 9787.643748278419 670.2567163092035 0
5392 14351.44437314085 8339.980534734965 0
5393 11026.02959666866 6005.319120164275 0
5394 19517.09129014077 4898.333770186988 0
5395 12307.06847602085 9507.045304647028 0
5396 9513.303415604309 9459.406589994365 0
5397 19494.97618485949 1970.090985930965 0
5398 14408.46124389149 8563.334258118908 0
5399 4836.131984653615 6764.476006850895 0
5400 500.4921425333378 2518.263926728826 0
5401 10051.42991966717 4097.801396718238 0
5402 15411.80422951406 9604.985356093835 0
5403 10435.49255002602 5791.105781745339 0
5404 6490.020383644736 7274.90983616592 0
5405 15110.5214893581 8486.924648751145 0
5406 19679.19540467768 599.9999998830472 0
5407 10352.84216317156 3905.637630607227 0
5408 327.0628512373914 3961.781343461286 0
5409 6024.192484445894 9141.79178887821 0
5410 3145.285421562372 9815.484509078149 0
5411 7124.903539946017 6797.489736892805 0
5412 15117.86192705481 8681.219654717355 0
5413 19502.32280819118 6500.062864095829 0
5414 16192.05227539289 7493.764219525448 0
5415 7366.581606954423 4468.119522319371 0
5416 7175.988681785375 4435.579689268909 0
5417 339.4512250736025 8025.525406358434 0
5418 4200.505197295423 4410.296749504596 0
5419 11162.04336233433 312.8454772154946 0
5420 5101.792385047169 9851.365750225468 0
5421 17740.02747809931 513.7892167900391 0
5422 16050.56682958499 7825.489363258039 0
5423 4251.527936547936 7461.869297121092 0
5424 6428.302759331237 9683.540745958842 0
5425 13718.45688923575 7241.189618259918 0
5426 8499.256681742119 151.195381840198 0
5427 8079.826101974804 512.1846831114508 0
5428 4399.408969675821 5900.736123609792 0
5429 16461.34556373766 7266.552932399458 0
5430 158.6449306928262 9125.218919676776 0
5431 320.6416370550323 6585.72633991279 0
5432 9408.481987156028 323.4536705008431 0
5433 15139.56146474928 8878.150565016627 0
5434 19660.63489961906 3578.937059088066 0
5435 6265.356426533606 9425.945654101775 0
5436 4588.07235784975 318.2434785834494 0
5437 4323.110709194596 5260.233146746314 0
5438 12013.75180111361 321.0116068601701 0
5439 15330.88328055142 8976.481407768295 0
5440 9944.263017296746 4832.32494096914 0
5441 19666.63156761799 4241.531983780183 0
5442 10307.06118424185 4832.464771018891 0
5443 1201.72949942257 9335.426165768338 0
5444 1396.526436524215 316.0684787435939 0
5445 13568.21382103986 9655.539116657757 0
5446 5398.15231821823 318.3544345603295 0
5447 19500 9858.665899638567 0
5448 146.0424134509776 1090.501501402152 0
5449 15357.18900293606 9173.8563504425 0
5450 2401.544064913719 9692.761133888504 0
5451 5563.281212563126 4035.36690594617 0
5452 15902.52029421797 7925.518271171759 0
5453 15726.21497625144 8064.429242414602 0
5454 11093.76240064757 2450.880127134576 0
5455 165.6751748499191 5317.159261473931 0
5456 7560.739487718936 863.4988203984403 0
5457 8692.809303447748 9861.336602049152 0
5458 6965.48584868506 4091.886872191146 0
5459 15384.03638416604 9373.185934172996 0
5460 13203.80330914298 9683.71047351155 0
5461 10431.14696753065 2989.728601845315 0
5462 5833.820357112243 9279.606907699268 0
5463 8172.819004003954 9635.571482271604 0
5464 19683.68959854877 9594.946434859121 0
5465 9197.855361753374 9684.912910407482 0
5466 5759.515508906346 7176.896094277666 0
5467 19144.36861853443 8046.745682138819 0
5468 19670.96707496854 6591.221968796276 0
5469 16453.12565037602 6642.234140835292 0
5470 318.0883000856902 9409.487240788614 0
5471 12511.88196415942 5930.280782841359 0
5472 13203.39523364296 8246.498012635597 0
5473 4831.14070586004 6195.73452224932 0
5474 19653.93340286391 1846.196966321136 0
5475 12255.42692559214 2227.473771031825 0
5476 13648.61423852269 7401.08724137995 0
5477 19661.49449802444 7433.805156411844 0
5478 10231.12150265392 5516.874165663208 0
5479 13603.34715848717 6559.950170221595 0
5480 14297.50305208127 136.3600156184257 0
5481 5211.09521765952 6940.316132494703 0
5482 11500.13175067537 482.0720459524528 0
5483 19688.97313243533 2238.416070156143 0
5484 16059.24421188166 9663.221311974379 0
5485 5165.910321245217 8048.445227879414 0
5486 7196.630605344628 311.1781705848689 0
5487 5476.383046080431 9841.192683971796 0
5488 19673.32057784895 793.674796158276 0
5489 19677.86392261901 3779.012469883905 0
5490 497.6904108962553 141.562171251252 0
5491 12953.82375316913 8142.317967496543 0
5492 150.8732012699948 3678.067479576836 0
5493 5025.822250431248 6857.064109853429 0
5494 13638.26515912696 8235.397642755297 0
5495 327.6317012082054 2429.751082089731 0
5496 15562.18892381594 8181.075397813775 0
5497 1574.263745333863 9327.993871791048 0
5498 11580.61021296665 5770.287816447644 0
5499 13898.31296218583 6147.824192131333 0
5500 12572.93334643878 323.382776380934 0
5501 18788.84305806892 9345.792535336392 0
5502 13102.01710181501 7600.102115166601 0
5503 15233.07447807187 5758.38460952083 0
5504 4564.237843367425 9637.490371710004 0
5505 10077.36585402964 4399.540696558799 0
5506 7338.201188073888 560.5285636468489 0
5507 14046.84443386982 9671.998009905708 0
5508 11234.92033626801 2352.140063619043 0
5509 18106.68132500179 481.5315879236714 0
5510 10195.52141360903 4014.691100756359 0
5511 11235.1652501665 9673.909142047149 0
5512 7623.903172556858 6412.136025344867 0
5513 7538.532239768365 5626.916286689656 0
5514 7481.60856122585 5482.117130567605 0
5515 10959.32947228726 9672.152734425352 0
5516 7460.493819928837 9505.545916356219 0
5517 6454.00880033331 4238.952543052454 0
5518 19687.48007505554 5220.158198676042 0
5519 19166.4454779968 324.1448508966178 0
5520 10598.04080325247 5871.51476561557 0
5521 14604.49003659814 313.2672779018876 0
5522 9946.218833481975 4664.148011189624 0
5523 7622.660232457981 4929.336940963201 0
5524 2083.292708572721 9512.750798178302 0
5525 307.0307457116505 6392.683844447807 0
5526 10176.74256817018 5137.396065096561 0
5527 7000.330471590526 9691.776464487159 0
5528 2441.021733487012 352.5000456558273 0
5529 16599.90107676011 9697.430514556785 0
5530 16262.9367421338 7215.872373012148 0
5531 10038.76864787929 9668.575912181735 0
5532 19200 9697.195552560239 0
5533 15407.43804180379 5656.979518617004 0
5534 15422.93794045151 312.5658497364693 0
5535 7919.455526222277 819.8601519892845 0
5536 2692.98708047226 478.2082140126076 0
5537 3070.812910964876 154.9260376156835 0
5538 19385.09067387748 4159.728371752112 0
5539 19696.79784833996 6780.086447504751 0
5540 5932.549252034305 7260.869753266585 0
5541 16217.26859937812 6148.51240691942 0
5542 15234.7709548712 8213.937339302131 0
5543 143.3385230655585 8855.81588494256 0
5544 16618.48408119665 6718.517486296625 0
5545 13642.68763077286 4678.247059097157 0
5546 11372.01564513362 5982.19307405968 0
5547 139.0093499273389 894.6749122997298 0
5548 7972.702864345369 9336.015518786571 0
5549 14587.29403637606 9693.756796218127 0
5550 8300 9872.726491927642 0
5551 11653.47045845359 5948.135506380205 0
5552 10749.40833996522 5415.462587816435 0
5553 4030.105148482711 318.6305358566497 0
5554 18661.67513393052 494.8227768675342 0
5555 320.0599272564486 5043.960731059006 0
5556 16670.2926897955 420.8473755441355 0
5557 10411.77598173493 5610.514063271538 0
5558 10602.88482779038 301.2809234774859 0
5559 13492.30621187133 5042.064715905356 0
5560 11643.98534494045 9410.838952201233 0
5561 646.3087033019165 9092.209306453671 0
5562 17963.78086294367 9334.251275017457 0
5563 6278.057134165751 330.9601742791256 0
5564 318.1345567047283 2236.596906083783 0
5565 17203.3336622514 292.3711206252674 0
5566 12856.92485950082 326.6090824260473 0
5567 19506.91600070058 7540.778270644376 0
5568 14901.91425337662 9871.421277318299 0
5569 19450.42794325595 318.7836914819836 0
5570 508.8469168442916 7759.726971915565 0
5571 16032.96894580999 5899.759229437767 0
5572 12689.90689307631 6011.839525740325 0
5573 13432.55666993754 2924.796105791932 0
5574 19684.27125019895 3963.694740007017 0
5575 10559.60806536145 2620.086889685297 0
5576 148.8195431711047 3480.590510936722 0
5577 10541.75919281585 9506.593916336629 0
5578 3419.201076028631 9346.891923770138 0
5579 17086.36481288212 9534.168168967692 0
5580 10174.87403606612 657.5996501990248 0
5581 18242.23426747139 9332.736807802527 0
5582 4339.209583168928 9327.749533432514 0
5583 11549.06889443633 2276.934545667928 0
5584 12635.36411083019 5806.746830461097 0
5585 15654.70596267394 5722.911669134109 0
5586 15764.62852661049 9684.998148617751 0
5587 3515.659448656368 479.4775750476947 0
5588 2852.869512944962 9850.979277139661 0
5589 6489.418606378766 7110.955398998951 0
5590 7744.646634449109 9506.278073738387 0
5591 13762.48320067711 4411.701085725355 0
5592 4448.495392971574 5373.155718747579 0
5593 7392.985561125322 5971.778912554038 0
5594 5794.115881417651 295.6872537412391 0
5595 13079.52489650775 5742.254232613147 0
5596 15986.04055884064 5685.696887958785 0
5597 18995.03016315677 8371.687792884986 0
5598 19874.35195761541 2509.710085860609 0
5599 13639.50741974757 3195.238995744958 0
5600 5396.542556823652 3940.068381757471 0
5601 14815.30004303518 8366.417768406105 0
5602 15109.15382510115 5667.438141889698 0
5603 1794.714433219378 291.5983980101246 0
5604 12446.58768772261 2280.819954708905 0
5605 146.4101615137788 146.4101615137788 0
5606 146.4101615137752 9853.589838486227 0
5607 19853.58983768618 146.4101623138213 0
5608 4151.786169852125 5741.536206516081 0
5609 10855.85712476651 2611.396522354358 0
5610 13761.710182794 315.8044191462468 0
5611 4383.422876798735 6043.512720358172 0
5612 19708.15914834958 5400.036435734425 0
5613 13676.18532993435 7114.57388307275 0
5614 19854.60814708899 9854.608147088991 0
5615 13903.17786275692 8368.281956472852 0
5616 18945.97851503927 491.9112719649793 0
5617 19658.52257472327 957.1301749151899 0
5618 18468.99106086795 9168.733801365974 0
5619 19049.58944815274 9450.401145757231 0
5620 10637.27143998757 6082.206030429164 0
5621 19279.2705640208 4752.643501831642 0
5622 13210.95475233745 2643.657926217793 0
5623 4701.842624314953 9878.127929133138 0
5624 12353.16639839058 490.7893887808341 0
5625 7282.8055127363 6709.827625474387 0
5626 19881.91706339605 1100 0
5627 299.1356162560296 6187.197700720608 0
5628 15980.28127005315 6306.989843848682 0
5629 19855.11913700162 6849.935300153964 0
5630 4620.252429875334 6132.413883584626 0
5631 8413.535140531423 276.0324348866143 0
5632 19334.0768738889 4430.57490634147 0
5633 12799.98477273685 9711.399114498257 0
5634 3998.979215255549 9364.546053644523 0
5635 7473.507308251357 5171.194724268174 0
5636 294.3507574696014 785.2350876082783 0
5637 6626.889814913595 295.4052277449891 0
5638 12004.92847360163 9717.619580608854 0
5639 17602.21595422641 9369.941689108393 0
5640 13202.64534765884 287.8912128579514 0
5641 18440.41410580609 658.2336885390096 0
5642 4253.482771083672 4956.163172816367 0
5643 312.8638050063346 4870.644384360284 0
5644 2298.903421146012 117.6449780274652 0
5645 13155.25337563979 2401.271278163115 0
5646 7405.010317116157 4631.440258134008 0
5647 8882.610330702422 322.2989347576213 0
5648 8143.473554609325 666.938424076975 0
5649 16300 111.8692911106909 0
5650 5203.166809285935 9712.450793008167 0
5651 5853.503255996469 9684.466283779962 0
5652 13896.44081679201 3863.998134556871 0
5653 3749.249028716069 317.2317812990295 0
5654 311.1977850596122 2050.520209669499 0
5655 900 110.7129236264182 0
5656 16499.28438558334 6975.770551745434 0
5657 16219.45140367687 9710.502672847251 0
5658 10283.21477076958 3511.527865191842 0
5659 19340.63740504996 7848.019484406209 0
5660 4477.472759656436 4537.036345781829 0
5661 15126.63823504007 8324.631825920484 0
5662 283.4769076028242 3401.523494141307 0
5663 5209.114859305613 4304.506195517702 0
5664 4748.0354314783 4828.785879898369 0
5665 9670.102680046917 9502.560690518199 0
5666 1304.674505697858 9199.820714090825 0
5667 280.5174324297568 8802.596184406622 0
5668 13901.39536456186 4120.673474916796 0
5669 4875.759878186067 316.5863779824513 0
5670 281.908348460227 7600.002398147069 0
5671 16304.71801985376 6584.980124404961 0
5672 13742.38937350156 6208.836985561293 0
5673 15101.77427901656 123.1173706555037 0
5674 15806.38416939557 274.9394589552812 0
5675 9613.800590844254 637.6840551801879 0
5676 7342.328138206383 5468.64401677367 0
5677 12007.01898512673 5726.596566633023 0
5678 13477.62256250936 8224.238956853582 0
5679 301.100759819763 9126.325325656528 0
5680 389.5856420711243 276.5315352187572 0
5681 11886.38646499609 5816.176958687979 0
5682 18997.84926349697 8550.695715101856 0
5683 19893.31140364119 2700 0
5684 10427.91568353026 3149.995815832578 0
5685 12144.23493460867 5815.846725082688 0
5686 13703.44555011779 9885.065330642663 0
5687 5413.302546640115 8181.977283393829 0
5688 11741.59291720237 312.6396446454373 0
5689 3265.072834570974 9685.311612613381 0
5690 5923.686522276615 6838.760496678477 0
5691 13667.99022611329 3544.884139904923 0
5692 6758.59481079967 6871.800304013865 0
5693 12495.80824792418 9545.567886968649 0
5694 9922.722793782883 9588.33567351586 0
5695 5208.10482180405 285.0346420137621 0
5696 1734.722362100973 9339.943961363377 0
5697 19705.3652293684 7159.277118807688 0
5698 280.3408005484871 605.5865151243142 0
5699 10340.41215901866 315.360951898755 0
5700 5398.448469303433 7248.399267484163 0
5701 19479.46036333095 5036.889999800854 0
5702 277.0557535509015 5999.995192475335 0
5703 14126.5046157563 5952.082652484265 0
5704 4375.967320096487 488.2325561638609 0
5705 13212.04182642792 5223.61804805726 0
5706 7121.050818922522 4611.509573845019 0
5707 4649.452668340165 4498.701111085408 0
5708 7121.10165280436 6388.482716320897 0
5709 12908.1088386857 5918.125962899234 0
5710 832.804649733087 9355.203020943396 0
5711 13209.79014182027 2785.318099335002 0
5712 7099.891085111662 9554.889686038019 0
5713 14199.13402943843 9724.182954302294 0
5714 13316.08820170091 9541.832048288328 0
5715 16108.43007530814 7111.585988959849 0
5716 5896.113001940781 4150.766018056372 0
5717 7420.470996579405 6100.04897760025 0
5718 11505.79846793528 5910.884017469976 0
5719 9231.566773765308 285.4097752595226 0
5720 13221.84938846635 5416.86401696484 0
5721 5512.43380042762 6967.424008363185 0
5722 13953.85631035569 4260.325394875468 0
5723 19603.42021824146 289.4987207951417 0
5724 6599.936509018189 9726.348320804671 0
5725 13846.23699069815 3600.926655757988 0
5726 16045.33904455917 7694.701573029695 0
5727 10999.98045206315 273.2124284829579 0
5728 4922.558867805412 6311.739297464607 0
5729 1212.0015661325 283.961316688662 0
$EndNodes
$Elements
11462
1 1 2 2 5 1 8
2 1 2 2 5 8 9
3 1 2 2 5 9 10
4 1 2 2 5 10 11
5 1 2 2 5 11 12
6 1 2 2 5 12 13
7 1 2 2 5 13 14
8 1 2 2 5 14 15
9 1 2 2 5 15 16
10 1 2 2 5 16 17
11 1 2 2 5 17 18
12 1 2 2 5 18 19
13 1 2 2 5 19 20
14 1 2 2 5 20 21
15 1 2 2 5 21 22
16 1 2 2 5 22 23
17 1 2 2 5 23 24
18 1 2 2 5 24 25
19 1 2 2 5 25 26
20 1 2 2 5 26 27
21 1 2 2 5 27 28
22 1 2 2 5 28 29
23 1 2 2 5 29 30
24 1 2 2 5 30 31
25 1 2 2 5 31 32
26 1 2 2 5 32 33
27 1 2 2 5 33 34
28 1 2 2 5 34 35
29 1 2 2 5 35 36
30 1 2 2 5 36 37
31 1 2 2 5 37 38
32 1 2 2 5 38 39
33 1 2 2 5 39 40
34 1 2 2 5 40 41
35 1 2 2 5 41 42
36 1 2 2 5 42 43
37 1 2 2 5 43 44
38 1 2 2 5 44 1
39 1 2 2 6 2 45
40 1 2 2 6 45 46
41 1 2 2 6 46 47
42 1 2 2 6 47 48
43 1 2 2 6 48 49
44 1 2 2 6 49 50
45 1 2 2 6 50 51
46 1 2 2 6 51 52
47 1 2 2 6 52 53
48 1 2 2 6 53 54
49 1 2 2 6 54 55
50 1 2 2 6 55 56
51 1 2 2 6 56 57
52 1 2 2 6 57 58
53 1 2 2 6 58 59
54 1 2 2 6 59 60
55 1 2 2 6 60 61
56 1 2 2 6 61 62
57 1 2 2 6 62 63
58 1 2 2 6 63 64
59 1 2 2 6 64 65
60 1 2 2 6 65 66
61 1 2 2 6 66 67
62 1 2 2 6 67 68
63 1 2 2 6 68 69
64 1 2 2 6 69 70
65 1 2 2 6 70 71
66 1 2 2 6 71 72
67 1 2 2 6 72 73
68 1 2 2 6 73 74
69 1 2 2 6 74 75
70 1 2 2 6 75 76
71 1 2 2 6 76 77
72 1 2 2 6 77 78
73 1 2 2 6 78 79
74 1 2 2 6 79 80
75 1 2 2 6 80 81
76 1 2 2 6 81 82
77 1 2 2 6 82 83
78 1 2 2 6 83 84
79 1 2 2 6 84 85
80 1 2 2 6 85 86
81 1 2 2 6 86 87
82 1 2 2 6 87 88
83 1 2 2 6 88 89
84 1 2 2 6 89 90
85 1 2 2 6 90 91
86 1 2 2 6 91 2
87 1 2 2 7 3 92
88 1 2 2 7 92 93
89 1 2 2 7 93 94
90 1 2 2 7 94 95
91 1 2 2 7 95 96
92 1 2 2 7 96 97
93 1 2 2 7 97 98
94 1 2 2 7 98 99
95 1 2 2 7 99 100
96 1 2 2 7 100 101
97 1 2 2 7 101 102
98 1 2 2 7 102 103
99 1 2 2 7 103 104
100 1 2 2 7 104 105
101 1 2 2 7 105 106
102 1 2 2 7 106 107
103 1 2 2 7 107 108
104 1 2 2 7 108 109
105 1 2 2 7 109 110
106 1 2 2 7 110 111
107 1 2 2 7 111 112
108 1 2 2 7 112 113
109 1 2 2 7 113 114
110 1 2 2 7 114 115
111 1 2 2 7 115 116
112 1 2 2 7 116 117
113 1 2 2 7 117 118
114 1 2 2 7 118 119
115 1 2 2 7 119 120
116 1 2 2 7 120 121
117 1 2 2 7 121 122
118 1 2 2 7 122 3
119 1 2 1 8 4 123
120 1 2 1 8 123 124
121 1 2 1 8 124 125
122 1 2 1 8 125 126
123 1 2 1 8 126 127
124 1 2 1 8 127 128
125 1 2 1 8 128 129
126 1 2 1 8 129 130
127 1 2 1 8 130 131
128 1 2 1 8 131 132
129 1 2 1 8 132 133
130 1 2 1 8 133 134
131 1 2 1 8 134 135
132 1 2 1 8 135 136
133 1 2 1 8 136 137
134 1 2 1 8 137 138
135 1 2 1 8 138 139
136 1 2 1 8 139 140
137 1 2 1 8 140 141
138 1 2 1 8 141 142
139 1 2 1 8 142 143
140 1 2 1 8 143 144
141 1 2 1 8 144 145
142 1 2 1 8 145 146
143 1 2 1 8 146 147
144 1 2 1 8 147 148
145 1 2 1 8 148 149
146 1 2 1 8 149 150
147 1 2 1 8 150 151
148 1 2 1 8 151 152
149 1 2 1 8 152 153
150 1 2 1 8 153 154
151 1 2 1 8 154 155
152 1 2 1 8 155 156
153 1 2 1 8 156 157
154 1 2 1 8 157 158
155 1 2 1 8 158 159
156 1 2 1 8 159 160
157 1 2 1 8 160 161
158 1 2 1 8 161 162
159 1 2 1 8 162 163
160 1 2 1 8 163 164
161 1 2 1 8 164 165
162 1 2 1 8 165 166
163 1 2 1 8 166 167
164 1 2 1 8 167 168
165 1 2 1 8 168 169
166 1 2 1 8 169 170
167 1 2 1 8 170 171
168 1 2 1 8 171 172
169 1 2 1 8 172 173
170 1 2 1 8 173 174
171 1 2 1 8 174 175
172 1 2 1 8 175 176
173 1 2 1 8 176 177
174 1 2 1 8 177 178
175 1 2 1 8 178 179
176 1 2 1 8 179 180
177 1 2 1 8 180 181
178 1 2 1 8 181 182
179 1 2 1 8 182 183
180 1 2 1 8 183 184
181 1 2 1 8 184 185
182 1 2 1 8 185 186
183 1 2 1 8 186 187
184 1 2 1 8 187 188
185 1 2 1 8 188 189
186 1 2 1 8 189 190
187 1 2 1 8 190 191
188 1 2 1 8 191 192
189 1 2 1 8 192 193
190 1 2 1 8 193 194
191 1 2 1 8 194 195
192 1 2 1 8 195 196
193 1 2 1 8 196 197
194 1 2 1 8 197 198
195 1 2 1 8 198 199
196 1 2 1 8 199 200
197 1 2 1 8 200 201
198 1 2 1 8 201 202
199 1 2 1 8 202 203
200 1 2 1 8 203 204
201 1 2 1 8 204 205
202 1 2 1 8 205 206
203 1 2 1 8 206 207
204 1 2 1 8 207 208
205 1 2 1 8 208 209
206 1 2 1 8 209 210
207 1 2 1 8 210 211
208 1 2 1 8 211 212
209 1 2 1 8 212 213
210 1 2 1 8 213 214
211 1 2 1 8 214 215
212 1 2 1 8 215 216
213 1 2 1 8 216 217
214 1 2 1 8 217 218
215 1 2 1 8 218 219
216 1 2 1 8 219 220
217 1 2 1 8 220 221
218 1 2 1 8 221 5
219 1 2 1 9 6 222
220 1 2 1 9 222 223
221 1 2 1 9 223 224
222 1 2 1 9 224 225
223 1 2 1 9 225 226
224 1 2 1 9 226 227
225 1 2 1 9 227 228
226 1 2 1 9 228 229
227 1 2 1 9 229 230
228 1 2 1 9 230 231
229 1 2 1 9 231 232
230 1 2 1 9 232 233
231 1 2 1 9 233 234
232 1 2 1 9 234 235
233 1 2 1 9 235 236
234 1 2 1 9 236 237
235 1 2 1 9 237 238
236 1 2 1 9 238 239
237 1 2 1 9 239 240
238 1 2 1 9 240 241
239 1 2 1 9 241 242
240 1 2 1 9 242 243
241 1 2 1 9 243 244
242 1 2 1 9 244 245
243 1 2 1 9 245 246
244 1 2 1 9 246 247
245 1 2 1 9 247 248
246 1 2 1 9 248 249
247 1 2 1 9 249 250
248 1 2 1 9 250 251
249 1 2 1 9 251 252
250 1 2 1 9 252 253
251 1 2 1 9 253 254
252 1 2 1 9 254 255
253 1 2 1 9 255 256
254 1 2 1 9 256 257
255 1 2 1 9 257 258
256 1 2 1 9 258 259
257 1 2 1 9 259 260
258 1 2 1 9 260 261
259 1 2 1 9 261 262
260 1 2 1 9 262 263
261 1 2 1 9 263 264
262 1 2 1 9 264 265
263 1 2 1 9 265 266
264 1 2 1 9 266 267
265 1 2 1 9 267 268
266 1 2 1 9 268 269
267 1 2 1 9 269 270
268 1 2 1 9 270 4
269 1 2 1 10 5 271
270 1 2 1 10 271 272
271 1 2 1 10 272 273
272 1 2 1 10 273 274
273 1 2 1 10 274 275
274 1 2 1 10 275 276
275 1 2 1 10 276 277
276 1 2 1 10 277 278
277 1 2 1 10 278 279
278 1 2 1 10 279 280
279 1 2 1 10 280 281
280 1 2 1 10 281 282
281 1 2 1 10 282 283
282 1 2 1 10 283 284
283 1 2 1 10 284 285
284 1 2 1 10 285 286
285 1 2 1 10 286 287
286 1 2 1 10 287 288
287 1 2 1 10 288 289
288 1 2 1 10 289 290
289 1 2 1 10 290 291
290 1 2 1 10 291 292
291 1 2 1 10 292 293
292 1 2 1 10 293 294
293 1 2 1 10 294 295
294 1 2 1 10 295 296
295 1 2 1 10 296 297
296 1 2 1 10 297 298
297 1 2 1 10 298 299
298 1 2 1 10 299 300
299 1 2 1 10 300 301
300 1 2 1 10 301 302
301 1 2 1 10 302 303
302 1 2 1 10 303 304
303 1 2 1 10 304 305
304 1 2 1 10 305 306
305 1 2 1 10 306 307
306 1 2 1 10 307 308
307 1 2 1 10 308 309
308 1 2 1 10 309 310
309 1 2 1 10 310 311
310 1 2 1 10 311 312
311 1 2 1 10 312 313
312 1 2 1 10 313 314
313 1 2 1 10 314 315
314 1 2 1 10 315 316
315 1 2 1 10 316 317
316 1 2 1 10 317 318
317 1 2 1 10 318 319
318 1 2 1 10 319 7
319 1 2 1 11 7 320
320 1 2 1 11 320 321
321 1 2 1 11 321 322
322 1 2 1 11 322 323
323 1 2 1 11 323 324
324 1 2 1 11 324 325
325 1 2 1 11 325 326
326 1 2 1 11 326 327
327 1 2 1 11 327 328
328 1 2 1 11 328 329
329 1 2 1 11 329 330
330 1 2 1 11 330 331
331 1 2 1 11 331 332
332 1 2 1 11 332 333
333 1 2 1 11 333 334
334 1 2 1 11 334 335
335 1 2 1 11 335 336
336 1 2 1 11 336 337
337 1 2 1 11 337 338
338 1 2 1 11 338 339
339 1 2 1 11 339 340
340 1 2 1 11 340 341
341 1 2 1 11 341 342
342 1 2 1 11 342 343
343 1 2 1 11 343 344
344 1 2 1 11 344 345
345 1 2 1 11 345 346
346 1 2 1 11 346 347
347 1 2 1 11 347 348
348 1 2 1 11 348 349
349 1 2 1 11 349 350
350 1 2 1 11 350 351
351 1 2 1 11 351 352
352 1 2 1 11 352 353
353 1 2 1 11 353 354
354 1 2 1 11 354 355
355 1 2 1 11 355 356
356 1 2 1 11 356 357
357 1 2 1 11 357 358
358 1 2 1 11 358 359
359 1 2 1 11 359 360
360 1 2 1 11 360 361
361 1 2 1 11 361 362
362 1 2 1 11 362 363
363 1 2 1 11 363 364
364 1 2 1 11 364 365
365 1 2 1 11 365 366
366 1 2 1 11 366 367
367 1 2 1 11 367 368
368 1 2 1 11 368 369
369 1 2 1 11 369 370
370 1 2 1 11 370 371
371 1 2 1 11 371 372
372 1 2 1 11 372 373
373 1 2 1 11 373 374
374 1 2 1 11 374 375
375 1 2 1 11 375 376
376 1 2 1 11 376 377
377 1 2 1 11 377 378
378 1 2 1 11 378 379
379 1 2 1 11 379 380
380 1 2 1 11 380 381
381 1 2 1 11 381 382
382 1 2 1 11 382 383
383 1 2 1 11 383 384
384 1 2 1 11 384 385
385 1 2 1 11 385 386
386 1 2 1 11 386 387
387 1 2 1 11 387 388
388 1 2 1 11 388 389
389 1 2 1 11 389 390
390 1 2 1 11 390 391
391 1 2 1 11 391 392
392 1 2 1 11 392 393
393 1 2 1 11 393 394
394 1 2 1 11 394 395
395 1 2 1 11 395 396
396 1 2 1 11 396 397
397 1 2 1 11 397 398
398 1 2 1 11 398 399
399 1 2 1 11 399 400
400 1 2 1 11 400 401
401 1 2 1 11 401 402
402 1 2 1 11 402 403
403 1 2 1 11 403 404
404 1 2 1 11 404 405
405 1 2 1 11 405 406
406 1 2 1 11 406 407
407 1 2 1 11 407 408
408 1 2 1 11 408 409
409 1 2 1 11 409 410
410 1 2 1 11 410 411
411 1 2 1 11 411 412
412 1 2 1 11 412 413
413 1 2 1 11 413 414
414 1 2 1 11 414 415
415 1 2 1 11 415 416
416 1 2 1 11 416 417
417 1 2 1 11 417 418
418 1 2 1 11 418 6
419 2 2 100 1 3461 3469 3163
420 2 2 100 1 3458 5447 533
421 2 2 100 1 1981 3332 3323
422 2 2 100 1 3181 3997 555
423 2 2 100 1 3223 3582 3224
424 2 2 100 1 3460 5447 3458
425 2 2 100 1 3240 3677 3237
426 2 2 100 1 3582 5479 3224
427 2 2 100 1 4418 4419 4414
428 2 2 100 1 3377 5393 3373
429 2 2 100 1 2903 3414 592
430 2 2 100 1 2951 4427 3473
431 2 2 100 1 3238 3415 3243
432 2 2 100 1 370 4042 369
433 2 2 100 1 3330 3396 575
434 2 2 100 1 3250 5392 5348
435 2 2 100 1 3325 5104 443
436 2 2 100 1 2512 3441 3440
437 2 2 100 1 3345 3346 479
438 2 2 100 1 5115 5467 4037
439 2 2 100 1 54 3354 487
440 2 2 100 1 73 3369 474
441 2 2 100 1 76 3387 488
442 2 2 100 1 375 3426 374
443 2 2 100 1 443 4392 3325
444 2 2 100 1 3220 3260 590
445 2 2 100 1 3223 3224 522
446 2 2 100 1 3269 4374 3476
447 2 2 100 1 3230 3232 499
448 2 2 100 1 3799 5021 3104
449 2 2 100 1 5267 5402 3919
450 2 2 100 1 3163 3469 3162
451 2 2 100 1 514 4921 4807
452 2 2 100 1 4207 4208 1746
453 2 2 100 1 4412 4418 4414
454 2 2 100 1 2917 5376 2919
455 2 2 100 1 426 4038 3328
456 2 2 100 1 3462 3463 2286
457 2 2 100 1 2513 5251 2700
458 2 2 100 1 592 3414 521
459 2 2 100 1 111 3220 590
460 2 2 100 1 109 3223 522
461 2 2 100 1 4266 4473 573
462 2 2 100 1 122 3230 499
463 2 2 100 1 2512 3548 3441
464 2 2 100 1 4013 4524 4015
465 2 2 100 1 3328 4039 426
466 2 2 100 1 500 3415 3238
467 2 2 100 1 518 3440 3249
468 2 2 100 1 2656 3319 3316
469 2 2 100 1 3386 5358 3001
470 2 2 100 1 4117 4118 1918
471 2 2 100 1 3354 3355 487
472 2 2 100 1 3463 3496 2286
473 2 2 100 1 3926 3935 3156
474 2 2 100 1 3473 4427 484
475 2 2 100 1 4599 5483 5228
476 2 2 100 1 1746 5456 4207
477 2 2 100 1 2869 4366 2504
478 2 2 100 1 5429 5530 3427
479 2 2 100 1 3866 5530 5429
480 2 2 100 1 3323 5362 1981
481 2 2 100 1 374 3426 556
482 2 2 100 1 5051 5417 4361
483 2 2 100 1 4186 5476 3248
484 2 2 100 1 4807 4921 3409
485 2 2 100 1 4889 5197 3994
486 2 2 100 1 435 3419 3286
487 2 2 100 1 38 5517 5385
488 2 2 100 1 575 3397 3330
489 2 2 100 1 4222 4223 2195
490 2 2 100 1 5385 5517 3274
491 2 2 100 1 2195 5560 4222
492 2 2 100 1 3104 5419 3799
493 2 2 100 1 1918 5435 4117
494 2 2 100 1 3313 3980 3407
495 2 2 100 1 3387 5454 488
496 2 2 100 1 570 5186 4551
497 2 2 100 1 3001 5575 3386
498 2 2 100 1 1700 5467 5115
499 2 2 100 1 3476 4374 577
500 2 2 100 1 2500 5601 3391
501 2 2 100 1 3349 4473 4266
502 2 2 100 1 3248 5335 4186
503 2 2 100 1 3320 5502 2397
504 2 2 100 1 3231 5201 3805
505 2 2 100 1 2931 4322 4321
506 2 2 100 1 4040 4042 370
507 2 2 100 1 3315 5458 5156
508 2 2 100 1 3341 3342 523
509 2 2 100 1 3221 5503 116
510 2 2 100 1 3303 3976 3302
511 2 2 100 1 555 5531 3181
512 2 2 100 1 3508 5458 3315
513 2 2 100 1 547 5224 3347
514 2 2 100 1 423 4296 3349
515 2 2 100 1 69 5407 5169
516 2 2 100 1 2866 3508 3274
517 2 2 100 1 3298 3337 3299
518 2 2 100 1 3505 3752 2844
519 2 2 100 1 4516 5297 3790
520 2 2 100 1 2921 4343 3112
521 2 2 100 1 3311 5114 3310
522 2 2 100 1 4708 5632 3944
523 2 2 100 1 466 3485 3329
524 2 2 100 1 3216 5223 470
525 2 2 100 1 2504 4366 3148
526 2 2 100 1 5114 5341 3310
527 2 2 100 1 3872 5393 3377
528 2 2 100 1 1989 3496 1987
529 2 2 100 1 4422 5295 588
530 2 2 100 1 3312 3337 3298
531 2 2 100 1 3300 3301 519
532 2 2 100 1 1934 4524 4013
533 2 2 100 1 2401 5502 3468
534 2 2 100 1 4551 5186 3351
535 2 2 100 1 4115 5435 2898
536 2 2 100 1 3342 5402 5267
537 2 2 100 1 3337 5481 3299
538 2 2 100 1 5228 5483 452
539 2 2 100 1 4019 5332 2285
540 2 2 100 1 116 5503 3229
541 2 2 100 1 2285 5567 4019
542 2 2 100 1 27 3419 435
543 2 2 100 1 4392 4393 2508
544 2 2 100 1 19 3312 3298
545 2 2 100 1 15 3300 519
546 2 2 100 1 3485 5311 3329
547 2 2 100 1 518 5601 3440
548 2 2 100 1 583 4421 4419
549 2 2 100 1 3437 3679 1904
550 2 2 100 1 119 3226 120
551 2 2 100 1 3352 3840 544
552 2 2 100 1 523 3343 3341
553 2 2 100 1 479 3347 3345
554 2 2 100 1 3944 5247 4708
555 2 2 100 1 4216 5131 565
556 2 2 100 1 3237 3677 3236
557 2 2 100 1 3361 5505 3891
558 2 2 100 1 1204 3592 3487
559 2 2 100 1 3289 4576 3398
560 2 2 100 1 5301 5373 5282
561 2 2 100 1 4921 5312 3409
562 2 2 100 1 2062 3929 2060
563 2 2 100 1 3148 4386 3149
564 2 2 100 1 3406 4272 2597
565 2 2 100 1 3369 5358 474
566 2 2 100 1 3430 3855 543
567 2 2 100 1 3302 3976 3305
568 2 2 100 1 5131 5563 565
569 2 2 100 1 3508 5385 3274
570 2 2 100 1 3891 5401 3361
571 2 2 100 1 2598 5635 3416
572 2 2 100 1 2700 5251 4341
573 2 2 100 1 513 5455 5371
574 2 2 100 1 5169 5407 3184
575 2 2 100 1 5348 5392 3245
576 2 2 100 1 3409 5312 3408
577 2 2 100 1 3174 4222 4221
578 2 2 100 1 5371 5455 3215
579 2 2 100 1 3337 3407 2293
580 2 2 100 1 5333 5381 3197
581 2 2 100 1 3316 5512 2656
582 2 2 100 1 583 4419 4418
583 2 2 100 1 2919 5376 4343
584 2 2 100 1 3313 5466 3980
585 2 2 100 1 3403 3503 2249
586 2 2 100 1 5105 5499 2538
587 2 2 100 1 3327 4527 4142
588 2 2 100 1 5503 5533 3229
589 2 2 100 1 2002 5660 3332
590 2 2 100 1 3226 5628 120
591 2 2 100 1 369 4042 555
592 2 2 100 1 4421 5295 4422
593 2 2 100 1 425 5537 3405
594 2 2 100 1 3486 5311 3485
595 2 2 100 1 3468 5502 3322
596 2 2 100 1 3329 3484 466
597 2 2 100 1 536 4516 3790
598 2 2 100 1 3374 5037 3371
599 2 2 100 1 5300 5464 589
600 2 2 100 1 3311 5428 2326
601 2 2 100 1 3460 5464 5300
602 2 2 100 1 3438 5545 2996
603 2 2 100 1 2528 3821 3819
604 2 2 100 1 2266 3935 3927
605 2 2 100 1 484 5178 3473
606 2 2 100 1 3145 5417 5051
607 2 2 100 1 2898 5424 4115
608 2 2 100 1 98 5542 3282
609 2 2 100 1 3927 3929 2266
610 2 2 100 1 3416 5635 3277
611 2 2 100 1 1197 5363 3412
612 2 2 100 1 4144 5600 5317
613 2 2 100 1 3347 5480 547
614 2 2 100 1 2512 5601 2500
615 2 2 100 1 3927 3935 3926
616 2 2 100 1 3014 5343 3318
617 2 2 100 1 4285 5416 5156
618 2 2 100 1 2139 4166 2137
619 2 2 100 1 3229 5533 3410
620 2 2 100 1 5317 5600 3297
621 2 2 100 1 3308 3309 3307
622 2 2 100 1 3994 5577 4889
623 2 2 100 1 4429 5285 3702
624 2 2 100 1 2997 3438 2996
625 2 2 100 1 470 5513 3216
626 2 2 100 1 5146 5423 3455
627 2 2 100 1 3250 5348 506
628 2 2 100 1 2286 5236 3462
629 2 2 100 1 3296 5317 3297
630 2 2 100 1 3007 5355 3422
631 2 2 100 1 3860 3884 2299
632 2 2 100 1 3372 3439 3380
633 2 2 100 1 4407 5178 484
634 2 2 100 1 419 5556 3417
635 2 2 100 1 4207 4815 4206
636 2 2 100 1 463 3541 3512
637 2 2 100 1 1950 3951 1952
638 2 2 100 1 3349 4296 3097
639 2 2 100 1 3112 4343 4342
640 2 2 100 1 1202 3954 3953
641 2 2 100 1 3418 3432 549
642 2 2 100 1 4138 4667 2420
643 2 2 100 1 3413 5472 1210
644 2 2 100 1 305 5368 3340
645 2 2 100 1 1210 5491 3413
646 2 2 100 1 3148 5450 4386
647 2 2 100 1 3375 5203 3381
648 2 2 100 1 3346 5287 479
649 2 2 100 1 3817 5330 540
650 2 2 100 1 3367 3392 461
651 2 2 100 1 3391 5405 2500
652 2 2 100 1 527 3392 3363
653 2 2 100 1 3364 3393 3366
654 2 2 100 1 3370 3439 3372
655 2 2 100 1 5440 5522 3437
656 2 2 100 1 3248 3677 3240
657 2 2 100 1 2 3382 3358
658 2 2 100 1 515 5542 98
659 2 2 100 1 3437 5522 3436
660 2 2 100 1 3344 5430 226
661 2 2 100 1 78 3389 528
662 2 2 100 1 459 5476 5425
663 2 2 100 1 3677 5476 459
664 2 2 100 1 371 4040 370
665 2 2 100 1 1904 5440 3437
666 2 2 100 1 417 4421 416
667 2 2 100 1 226 5543 3344
668 2 2 100 1 3340 5629 305
669 2 2 100 1 588 4430 4422
670 2 2 100 1 5338 5537 138
671 2 2 100 1 3332 5418 2002
672 2 2 100 1 2508 5421 4392
673 2 2 100 1 3163 3752 3505
674 2 2 100 1 577 3478 3476
675 2 2 100 1 4327 5375 450
676 2 2 100 1 3405 4370 425
677 2 2 100 1 5409 5462 1737
678 2 2 100 1 4220 5560 3336
679 2 2 100 1 3375 5393 5203
680 2 2 100 1 3394 5274 2832
681 2 2 100 1 3194 5459 5402
682 2 2 100 1 4013 4014 1934
683 2 2 100 1 3296 5663 5317
684 2 2 100 1 3349 4266 423
685 2 2 100 1 535 3522 3343
686 2 2 100 1 2551 3421 3420
687 2 2 100 1 5375 5669 450
688 2 2 100 1 1935 3421 2551
689 2 2 100 1 5383 5471 3671
690 2 2 100 1 4341 5103 2700
691 2 2 100 1 3109 5474 5397
692 2 2 100 1 3393 5552 3366
693 2 2 100 1 2397 5335 3320
694 2 2 100 1 546 5321 3402
695 2 2 100 1 3322 5502 3320
696 2 2 100 1 2946 3428 3185
697 2 2 100 1 2895 5556 5337
698 2 2 100 1 1037 5244 1039
699 2 2 100 1 1167 3452 3451
700 2 2 100 1 2626 3547 3404
701 2 2 100 1 2060 3929 2313
702 2 2 100 1 498 3511 3221
703 2 2 100 1 1167 3451 2339
704 2 2 100 1 2832 5595 3394
705 2 2 100 1 3435 5550 561
706 2 2 100 1 2919 4343 2921
707 2 2 100 1 561 5463 3435
708 2 2 100 1 3404 5585 2626
709 2 2 100 1 3434 5259 4672
710 2 2 100 1 3858 3859 3401
711 2 2 100 1 3382 3516 3358
712 2 2 100 1 449 5381 5333
713 2 2 100 1 3318 5411 3014
714 2 2 100 1 3451 3454 2339
715 2 2 100 1 5285 5680 3702
716 2 2 100 1 5219 5294 4151
717 2 2 100 1 3942 5394 2423
718 2 2 100 1 3948 3950 2537
719 2 2 100 1 4414 4423 2230
720 2 2 100 1 2286 3496 1989
721 2 2 100 1 2137 4166 2149
722 2 2 100 1 3348 5410 404
723 2 2 100 1 3308 5428 3309
724 2 2 100 1 1987 3496 2002
725 2 2 100 1 3805 5304 3231
726 2 2 100 1 3593 5485 5373
727 2 2 100 1 391 5487 5344
728 2 2 100 1 3462 5236 3474
729 2 2 100 1 2990 4149 4148
730 2 2 100 1 2753 3486 2976
731 2 2 100 1 3967 5313 3966
732 2 2 100 1 4815 5506 4206
733 2 2 100 1 3360 3362 3361
734 2 2 100 1 544 5610 3352
735 2 2 100 1 3422 5355 3390
736 2 2 100 1 457 5005 3384
737 2 2 100 1 4032 5441 3266
738 2 2 100 1 3562 5453 5452
739 2 2 100 1 3402 5647 546
740 2 2 100 1 2951 4428 4427
741 2 2 100 1 2597 4272 2812
742 2 2 100 1 404 5588 3348
743 2 2 100 1 2931 5347 4322
744 2 2 100 1 416 4421 583
745 2 2 100 1 2423 5621 3942
746 2 2 100 1 3512 3541 3136
747 2 2 100 1 3398 4576 424
748 2 2 100 1 3392 5442 3363
749 2 2 100 1 5280 5540 5466
750 2 2 100 1 3367 5442 3392
751 2 2 100 1 3430 5395 3855
752 2 2 100 1 3260 5499 5105
753 2 2 100 1 3174 4223 4222
754 2 2 100 1 3412 5491 1197
755 2 2 100 1 3266 5574 4032
756 2 2 100 1 577 5180 3478
757 2 2 100 1 2249 3678 3403
758 2 2 100 1 5156 5416 3315
759 2 2 100 1 3854 5298 3208
760 2 2 100 1 4217 5563 3171
761 2 2 100 1 53 3354 54
762 2 2 100 1 3305 5540 5280
763 2 2 100 1 89 3445 90
764 2 2 100 1 72 3369 73
765 2 2 100 1 75 3387 76
766 2 2 100 1 5330 5566 540
767 2 2 100 1 2326 5608 3311
768 2 2 100 1 3222 5382 501
769 2 2 100 1 1785 3548 2304
770 2 2 100 1 5180 5370 3478
771 2 2 100 1 3252 5251 2513
772 2 2 100 1 3406 5537 5338
773 2 2 100 1 3819 3822 2528
774 2 2 100 1 468 3493 3492
775 2 2 100 1 3398 5664 3289
776 2 2 100 1 3371 5037 430
777 2 2 100 1 3420 3487 2551
778 2 2 100 1 5392 5398 3698
779 2 2 100 1 3396 5683 575
780 2 2 100 1 3326 5104 3325
781 2 2 100 1 3333 3445 2566
782 2 2 100 1 3181 5270 3997
783 2 2 100 1 3163 3505 3461
784 2 2 100 1 4118 5462 5409
785 2 2 100 1 3594 5485 3593
786 2 2 100 1 453 3434 3425
787 2 2 100 1 4170 5221 2340
788 2 2 100 1 3972 3973 1791
789 2 2 100 1 4210 5506 4602
790 2 2 100 1 3351 5186 513
791 2 2 100 1 4258 5376 3218
792 2 2 100 1 522 3275 3220
793 2 2 100 1 3405 5537 3406
794 2 2 100 1 468 3492 3491
795 2 2 100 1 3487 3592 3591
796 2 2 100 1 3389 5583 528
797 2 2 100 1 2552 4225 3207
798 2 2 100 1 4340 5103 4341
799 2 2 100 1 3445 5691 90
800 2 2 100 1 2266 3929 2062
801 2 2 100 1 3423 3966 1190
802 2 2 100 1 590 591 521
803 2 2 100 1 4445 5528 4369
804 2 2 100 1 3225 3226 119
805 2 2 100 1 3229 3410 422
806 2 2 100 1 5397 5474 4395
807 2 2 100 1 473 5080 3300
808 2 2 100 1 3441 5398 5392
809 2 2 100 1 4141 5556 419
810 2 2 100 1 4014 4446 1934
811 2 2 100 1 500 3237 3236
812 2 2 100 1 491 5370 5180
813 2 2 100 1 4142 5565 3327
814 2 2 100 1 3249 3250 506
815 2 2 100 1 2889 5297 4516
816 2 2 100 1 3951 5423 5146
817 2 2 100 1 5337 5556 4141
818 2 2 100 1 3218 5643 4258
819 2 2 100 1 3355 5471 5383
820 2 2 100 1 2946 5705 3428
821 2 2 100 1 1190 3968 3423
822 2 2 100 1 3194 5402 3342
823 2 2 100 1 2017 4144 3474
824 2 2 100 1 1167 3598 3452
825 2 2 100 1 549 5649 3418
826 2 2 100 1 3208 5633 3854
827 2 2 100 1 1936 3591 1938
828 2 2 100 1 5452 5453 496
829 2 2 100 1 3300 5080 3301
830 2 2 100 1 3357 5545 3438
831 2 2 100 1 2844 5645 3505
832 2 2 100 1 2420 5259 4138
833 2 2 100 1 420 3586 3585
834 2 2 100 1 513 5371 3351
835 2 2 100 1 3171 5357 4217
836 2 2 100 1 2537 3951 1950
837 2 2 100 1 2537 3952 3948
838 2 2 100 1 3373 5393 3375
839 2 2 100 1 5005 5599 3384
840 2 2 100 1 286 3584 285
841 2 2 100 1 5471 5584 5572
842 2 2 100 1 3953 3954 3949
843 2 2 100 1 4729 5237 2529
844 2 2 100 1 2589 5454 3387
845 2 2 100 1 2869 5278 4366
846 2 2 100 1 5520 5620 1386
847 2 2 100 1 4321 5486 2931
848 2 2 100 1 3992 5515 3173
849 2 2 100 1 3213 4613 4397
850 2 2 100 1 3698 5359 3245
851 2 2 100 1 3461 3505 485
852 2 2 100 1 426 4040 371
853 2 2 100 1 3445 5599 2566
854 2 2 100 1 3456 3598 1281
855 2 2 100 1 1935 3682 3421
856 2 2 100 1 3406 5338 4272
857 2 2 100 1 2410 4467 3494
858 2 2 100 1 3218 5376 2917
859 2 2 100 1 3290 5663 32
860 2 2 100 1 3283 5664 29
861 2 2 100 1 3252 5570 5051
862 2 2 100 1 2018 5362 3323
863 2 2 100 1 422 3410 3404
864 2 2 100 1 1791 3974 3972
865 2 2 100 1 2884 4611 4150
866 2 2 100 1 3417 5377 419
867 2 2 100 1 3161 5197 4889
868 2 2 100 1 3589 3590 1272
869 2 2 100 1 2903 5340 3414
870 2 2 100 1 2530 5273 4719
871 2 2 100 1 3422 5387 3007
872 2 2 100 1 5051 5670 3252
873 2 2 100 1 3415 5348 3243
874 2 2 100 1 3378 5037 3374
875 2 2 100 1 2990 4150 4149
876 2 2 100 1 3173 5511 3992
877 2 2 100 1 3279 3280 476
878 2 2 100 1 3277 3278 44
879 2 2 100 1 3966 5313 1190
880 2 2 100 1 3293 3294 438
881 2 2 100 1 433 3308 3307
882 2 2 100 1 3296 3297 445
883 2 2 100 1 4602 5486 4210
884 2 2 100 1 3307 3309 517
885 2 2 100 1 3298 3299 463
886 2 2 100 1 4222 5560 4220
887 2 2 100 1 2340 5582 4170
888 2 2 100 1 3257 5344 3259
889 2 2 100 1 4387 5277 3540
890 2 2 100 1 3412 5363 3468
891 2 2 100 1 3949 3952 2545
892 2 2 100 1 5344 5487 3259
893 2 2 100 1 5201 5541 3805
894 2 2 100 1 375 5457 3426
895 2 2 100 1 2651 5161 3910
896 2 2 100 1 1762 4598 4239
897 2 2 100 1 3404 3547 3227
898 2 2 100 1 3381 5620 5520
899 2 2 100 1 3156 5612 3926
900 2 2 100 1 2656 5290 3319
901 2 2 100 1 3928 3930 2313
902 2 2 100 1 1204 5687 3592
903 2 2 100 1 4524 5682 4015
904 2 2 100 1 5571 5596 3028
905 2 2 100 1 3593 5373 5301
906 2 2 100 1 3935 4724 2788
907 2 2 100 1 4221 5511 3174
908 2 2 100 1 1019 3598 1024
909 2 2 100 1 3506 5181 4283
910 2 2 100 1 253 5576 5492
911 2 2 100 1 5303 5534 3914
912 2 2 100 1 3342 5267 523
913 2 2 100 1 5572 5584 3431
914 2 2 100 1 5282 5373 3953
915 2 2 100 1 519 3304 16
916 2 2 100 1 2004 5294 5219
917 2 2 100 1 3336 5384 4220
918 2 2 100 1 3951 5146 1952
919 2 2 100 1 3507 5191 3042
920 2 2 100 1 3547 5596 5571
921 2 2 100 1 3497 5660 2002
922 2 2 100 1 3343 4827 3341
923 2 2 100 1 2950 3910 3442
924 2 2 100 1 1033 3605 1034
925 2 2 100 1 3971 3974 1222
926 2 2 100 1 3859 5675 3401
927 2 2 100 1 508 3933 3932
928 2 2 100 1 3435 5259 3434
929 2 2 100 1 4421 4422 4419
930 2 2 100 1 3442 5005 2950
931 2 2 100 1 3419 5592 3286
932 2 2 100 1 2313 3929 3928
933 2 2 100 1 3605 5244 1037
934 2 2 100 1 1791 3973 3682
935 2 2 100 1 463 3512 21
936 2 2 100 1 3303 5133 3976
937 2 2 100 1 2991 4225 2552
938 2 2 100 1 2962 5175 4558
939 2 2 100 1 3225 3404 3227
940 2 2 100 1 3236 3677 459
941 2 2 100 1 5478 5557 1691
942 2 2 100 1 3511 5602 3221
943 2 2 100 1 1029 5268 1049
944 2 2 100 1 110 3220 111
945 2 2 100 1 521 3414 113
946 2 2 100 1 112 590 521
947 2 2 100 1 114 3414 498
948 2 2 100 1 108 3223 109
949 2 2 100 1 115 3221 116
950 2 2 100 1 118 3225 119
951 2 2 100 1 121 3230 122
952 2 2 100 1 107 3222 501
953 2 2 100 1 884 3602 886
954 2 2 100 1 117 3229 422
955 2 2 100 1 98 3282 99
956 2 2 100 1 459 3222 106
957 2 2 100 1 455 3475 93
958 2 2 100 1 4397 4613 2893
959 2 2 100 1 2299 5391 3860
960 2 2 100 1 105 3236 459
961 2 2 100 1 94 3475 3251
962 2 2 100 1 506 3415 102
963 2 2 100 1 420 3585 3584
964 2 2 100 1 95 3251 496
965 2 2 100 1 103 3415 500
966 2 2 100 1 101 3249 506
967 2 2 100 1 496 3256 96
968 2 2 100 1 500 3236 104
969 2 2 100 1 97 3256 515
970 2 2 100 1 518 3249 100
971 2 2 100 1 2935 4131 4130
972 2 2 100 1 4872 5379 5360
973 2 2 100 1 3408 5312 469
974 2 2 100 1 3503 5557 5478
975 2 2 100 1 2456 5505 3436
976 2 2 100 1 4014 5293 4446
977 2 2 100 1 2528 5374 3821
978 2 2 100 1 5288 5363 3960
979 2 2 100 1 3304 5690 16
980 2 2 100 1 3439 5498 3380
981 2 2 100 1 5211 5222 4086
982 2 2 100 1 2293 5481 3337
983 2 2 100 1 3463 3497 3496
984 2 2 100 1 1018 5378 5176
985 2 2 100 1 2001 5222 5211
986 2 2 100 1 4002 5372 5168
987 2 2 100 1 3323 5642 2018
988 2 2 100 1 1946 3952 1948
989 2 2 100 1 3910 5161 3442
990 2 2 100 1 3464 3465 2040
991 2 2 100 1 3416 5523 2598
992 2 2 100 1 1503 4246 3467
993 2 2 100 1 4169 4170 2923
994 2 2 100 1 608 4247 606
995 2 2 100 1 4291 5361 5157
996 2 2 100 1 4399 4401 2837
997 2 2 100 1 3794 5024 3172
998 2 2 100 1 3650 4617 2725
999 2 2 100 1 559 3448 3446
1000 2 2 100 1 3309 5428 3311
1001 2 2 100 1 4280 5388 5252
1002 2 2 100 1 3343 5568 535
1003 2 2 100 1 3280 4548 3416
1004 2 2 100 1 1981 5418 3332
1005 2 2 100 1 5346 5356 3099
1006 2 2 100 1 3256 5496 515
1007 2 2 100 1 3588 3589 1272
1008 2 2 100 1 543 5254 3430
1009 2 2 100 1 3446 3449 559
1010 2 2 100 1 4572 5704 4332
1011 2 2 100 1 3362 5505 3361
1012 2 2 100 1 5296 5408 3112
1013 2 2 100 1 3357 3438 525
1014 2 2 100 1 3353 3354 53
1015 2 2 100 1 3358 3359 486
1016 2 2 100 1 4392 5421 3325
1017 2 2 100 1 3384 3445 89
1018 2 2 100 1 3368 3369 72
1019 2 2 100 1 2304 3548 2512
1020 2 2 100 1 3360 3361 471
1021 2 2 100 1 3364 3365 461
1022 2 2 100 1 527 3362 3360
1023 2 2 100 1 3385 3387 75
1024 2 2 100 1 3389 5508 5342
1025 2 2 100 1 3370 3371 430
1026 2 2 100 1 3394 3395 3356
1027 2 2 100 1 3522 4827 3343
1028 2 2 100 1 4212 4961 811
1029 2 2 100 1 1784 3548 1785
1030 2 2 100 1 2302 5544 5469
1031 2 2 100 1 3540 5277 3539
1032 2 2 100 1 3924 3931 3925
1033 2 2 100 1 5492 5576 3324
1034 2 2 100 1 476 3416 3277
1035 2 2 100 1 3358 5668 3359
1036 2 2 100 1 4332 5436 4572
1037 2 2 100 1 2695 5181 3506
1038 2 2 100 1 3516 5668 3358
1039 2 2 100 1 1063 5193 1065
1040 2 2 100 1 4212 4950 3480
1041 2 2 100 1 3426 5192 556
1042 2 2 100 1 3310 3419 517
1043 2 2 100 1 4419 4420 4414
1044 2 2 100 1 604 4248 602
1045 2 2 100 1 2037 5632 4708
1046 2 2 100 1 4558 5175 1445
1047 2 2 100 1 5328 5331 3187
1048 2 2 100 1 469 5417 3408
1049 2 2 100 1 42 3279 476
1050 2 2 100 1 3257 5651 5344
1051 2 2 100 1 4361 5417 469
1052 2 2 100 1 1059 3533 1060
1053 2 2 100 1 2761 5331 5328
1054 2 2 100 1 3466 3533 1059
1055 2 2 100 1 43 3277 44
1056 2 2 100 1 40 3314 41
1057 2 2 100 1 11 3317 12
1058 2 2 100 1 811 4950 4212
1059 2 2 100 1 26 3419 27
1060 2 2 100 1 31 3290 32
1061 2 2 100 1 28 3283 29
1062 2 2 100 1 10 3293 438
1063 2 2 100 1 18 3312 19
1064 2 2 100 1 473 5692 5080
1065 2 2 100 1 14 3300 15
1066 2 2 100 1 433 3307 24
1067 2 2 100 1 30 3398 424
1068 2 2 100 1 33 3296 445
1069 2 2 100 1 13 3306 473
1070 2 2 100 1 25 3307 517
1071 2 2 100 1 20 3298 463
1072 2 2 100 1 3950 3951 2537
1073 2 2 100 1 474 5358 3386
1074 2 2 100 1 1293 5191 3507
1075 2 2 100 1 3366 3502 3403
1076 2 2 100 1 3919 5402 3920
1077 2 2 100 1 2973 5476 4186
1078 2 2 100 1 2139 5345 4166
1079 2 2 100 1 3266 5441 3946
1080 2 2 100 1 34 4957 35
1081 2 2 100 1 508 3932 3931
1082 2 2 100 1 870 3634 872
1083 2 2 100 1 444 5498 3439
1084 2 2 100 1 5080 5589 3301
1085 2 2 100 1 2932 3454 3451
1086 2 2 100 1 32 5663 3296
1087 2 2 100 1 29 5664 3398
1088 2 2 100 1 3826 5148 2283
1089 2 2 100 1 614 3555 612
1090 2 2 100 1 3224 3275 522
1091 2 2 100 1 3750 3865 2546
1092 2 2 100 1 3410 5533 2539
1093 2 2 100 1 880 3641 882
1094 2 2 100 1 3428 5559 3185
1095 2 2 100 1 3232 3233 499
1096 2 2 100 1 3958 5493 5481
1097 2 2 100 1 3314 5706 41
1098 2 2 100 1 2545 3953 3949
1099 2 2 100 1 2989 5182 5176
1100 2 2 100 1 655 3481 3479
1101 2 2 100 1 11 5708 3317
1102 2 2 100 1 3457 5258 5252
1103 2 2 100 1 2964 4970 3499
1104 2 2 100 1 2546 3865 3499
1105 2 2 100 1 595 5105 4287
1106 2 2 100 1 3305 5280 3304
1107 2 2 100 1 4039 4040 426
1108 2 2 100 1 1059 3534 3466
1109 2 2 100 1 2990 5182 2989
1110 2 2 100 1 4446 5293 3540
1111 2 2 100 1 3456 5258 3457
1112 2 2 100 1 3972 3974 3971
1113 2 2 100 1 3272 4324 3271
1114 2 2 100 1 449 5333 4276
1115 2 2 100 1 488 5508 3389
1116 2 2 100 1 486 5591 5265
1117 2 2 100 1 4117 5435 4115
1118 2 2 100 1 4152 4154 4147
1119 2 2 100 1 4369 5536 4445
1120 2 2 100 1 4101 5202 4086
1121 2 2 100 1 565 5563 4217
1122 2 2 100 1 1938 3591 2502
1123 2 2 100 1 3263 5688 3791
1124 2 2 100 1 2551 3591 1936
1125 2 2 100 1 3800 4806 537
1126 2 2 100 1 3387 5609 2589
1127 2 2 100 1 5202 5211 4086
1128 2 2 100 1 3486 5534 2976
1129 2 2 100 1 3682 3973 3421
1130 2 2 100 1 3499 4970 2546
1131 2 2 100 1 1060 3533 1063
1132 2 2 100 1 3275 5499 3220
1133 2 2 100 1 3577 3578 2752
1134 2 2 100 1 3432 3433 549
1135 2 2 100 1 436 5303 3914
1136 2 2 100 1 3521 3560 3186
1137 2 2 100 1 2332 3504 3020
1138 2 2 100 1 420 3584 286
1139 2 2 100 1 2749 5239 4997
1140 2 2 100 1 285 3584 575
1141 2 2 100 1 3424 5677 56
1142 2 2 100 1 56 5677 3399
1143 2 2 100 1 5284 5323 4005
1144 2 2 100 1 5037 5552 3393
1145 2 2 100 1 3946 5538 3266
1146 2 2 100 1 5138 5647 4666
1147 2 2 100 1 2526 4737 3535
1148 2 2 100 1 1266 3682 1751
1149 2 2 100 1 618 3482 616
1150 2 2 100 1 3494 4467 3492
1151 2 2 100 1 429 5408 5296
1152 2 2 100 1 21 3512 22
1153 2 2 100 1 3425 5457 453
1154 2 2 100 1 4037 5467 4021
1155 2 2 100 1 1764 4413 2230
1156 2 2 100 1 4287 4897 595
1157 2 2 100 1 470 5223 8
1158 2 2 100 1 9 5223 3293
1159 2 2 100 1 3206 5630 5473
1160 2 2 100 1 874 3590 876
1161 2 2 100 1 3472 3524 1206
1162 2 2 100 1 1206 3524 1073
1163 2 2 100 1 2751 3577 2752
1164 2 2 100 1 548 3486 3485
1165 2 2 100 1 3224 5027 3275
1166 2 2 100 1 2529 5237 3606
1167 2 2 100 1 4423 4424 3183
1168 2 2 100 1 1206 3525 3472
1169 2 2 100 1 1073 3524 1075
1170 2 2 100 1 4150 4611 2000
1171 2 2 100 1 3809 5566 3179
1172 2 2 100 1 1039 5244 1193
1173 2 2 100 1 3353 3394 3356
1174 2 2 100 1 453 3435 3434
1175 2 2 100 1 2488 4288 2331
1176 2 2 100 1 3585 5351 3397
1177 2 2 100 1 2884 4150 2990
1178 2 2 100 1 3245 5392 3698
1179 2 2 100 1 4527 5337 4142
1180 2 2 100 1 3948 3952 3949
1181 2 2 100 1 3317 5352 3318
1182 2 2 100 1 3411 5686 494
1183 2 2 100 1 3498 3500 2768
1184 2 2 100 1 3301 3302 519
1185 2 2 100 1 4423 5561 2230
1186 2 2 100 1 3588 5229 2752
1187 2 2 100 1 2750 3500 3498
1188 2 2 100 1 1081 5117 1083
1189 2 2 100 1 3350 5419 3104
1190 2 2 100 1 48 3357 525
1191 2 2 100 1 49 3428 50
1192 2 2 100 1 50 3429 51
1193 2 2 100 1 3494 4445 2410
1194 2 2 100 1 52 3353 53
1195 2 2 100 1 3503 5478 2249
1196 2 2 100 1 45 3358 486
1197 2 2 100 1 56 3399 57
1198 2 2 100 1 91 3382 2
1199 2 2 100 1 55 3424 56
1200 2 2 100 1 88 3384 89
1201 2 2 100 1 71 3368 72
1202 2 2 100 1 85 3388 86
1203 2 2 100 1 86 3558 87
1204 2 2 100 1 74 3385 75
1205 2 2 100 1 77 3389 78
1206 2 2 100 1 67 3360 471
1207 2 2 100 1 63 3364 461
1208 2 2 100 1 461 3392 64
1209 2 2 100 1 527 3360 66
1210 2 2 100 1 65 3392 527
1211 2 2 100 1 62 3393 3364
1212 2 2 100 1 430 3393 61
1213 2 2 100 1 60 3370 430
1214 2 2 100 1 444 3439 58
1215 2 2 100 1 59 3439 3370
1216 2 2 100 1 4672 5259 2420
1217 2 2 100 1 84 3461 485
1218 2 2 100 1 1272 3590 874
1219 2 2 100 1 493 3469 82
1220 2 2 100 1 83 3469 3461
1221 2 2 100 1 81 3390 493
1222 2 2 100 1 528 3422 79
1223 2 2 100 1 80 3422 3390
1224 2 2 100 1 3452 3598 3456
1225 2 2 100 1 3791 5438 3263
1226 2 2 100 1 4148 5182 2990
1227 2 2 100 1 3953 5373 1202
1228 2 2 100 1 3209 5484 3917
1229 2 2 100 1 1801 4413 1764
1230 2 2 100 1 3533 5193 1063
1231 2 2 100 1 1034 3605 1037
1232 2 2 100 1 3269 5654 4374
1233 2 2 100 1 1223 3974 1241
1234 2 2 100 1 4276 5517 449
1235 2 2 100 1 1024 3598 1167
1236 2 2 100 1 4687 5273 2530
1237 2 2 100 1 1281 3598 1019
1238 2 2 100 1 2040 3641 3464
1239 2 2 100 1 3471 3641 1215
1240 2 2 100 1 2266 4724 3935
1241 2 2 100 1 3494 5528 4445
1242 2 2 100 1 3606 5189 2529
1243 2 2 100 1 3898 3902 3900
1244 2 2 100 1 4782 5624 3793
1245 2 2 100 1 529 5626 4428
1246 2 2 100 1 2275 5429 3427
1247 2 2 100 1 3570 5177 3571
1248 2 2 100 1 3278 5635 4588
1249 2 2 100 1 3308 5630 3979
1250 2 2 100 1 3156 3935 2788
1251 2 2 100 1 1079 3536 1081
1252 2 2 100 1 4588 5514 3278
1253 2 2 100 1 575 3584 3397
1254 2 2 100 1 2004 5202 4101
1255 2 2 100 1 3793 5500 4782
1256 2 2 100 1 2338 4248 3470
1257 2 2 100 1 3488 3536 1176
1258 2 2 100 1 1176 3536 1079
1259 2 2 100 1 501 3582 3223
1260 2 2 100 1 2222 5619 4236
1261 2 2 100 1 430 5037 3393
1262 2 2 100 1 5469 5544 3235
1263 2 2 100 1 2339 3605 1033
1264 2 2 100 1 3467 4248 1503
1265 2 2 100 1 3567 3815 1878
1266 2 2 100 1 2040 3602 884
1267 2 2 100 1 3487 4025 1204
1268 2 2 100 1 3420 4025 3487
1269 2 2 100 1 3483 5369 3261
1270 2 2 100 1 3318 5343 3306
1271 2 2 100 1 992 4122 990
1272 2 2 100 1 886 3602 1029
1273 2 2 100 1 3197 5381 3254
1274 2 2 100 1 4038 5465 3328
1275 2 2 100 1 487 5383 3424
1276 2 2 100 1 3750 3866 3865
1277 2 2 100 1 2932 3829 3454
1278 2 2 100 1 1085 3683 1087
1279 2 2 100 1 455 5715 5530
1280 2 2 100 1 3436 5505 3362
1281 2 2 100 1 4296 5283 3097
1282 2 2 100 1 4091 5222 2001
1283 2 2 100 1 2905 5103 4340
1284 2 2 100 1 2968 3700 2967
1285 2 2 100 1 2539 5585 3410
1286 2 2 100 1 3979 5611 3308
1287 2 2 100 1 3448 5623 472
1288 2 2 100 1 2997 5306 3438
1289 2 2 100 1 2001 5234 4091
1290 2 2 100 1 3397 3650 3330
1291 2 2 100 1 4236 5501 2222
1292 2 2 100 1 1923 5163 1925
1293 2 2 100 1 3347 4783 3345
1294 2 2 100 1 70 5169 442
1295 2 2 100 1 655 3482 3481
1296 2 2 100 1 3898 3900 3899
1297 2 2 100 1 1732 5494 3501
1298 2 2 100 1 4151 5294 4152
1299 2 2 100 1 3800 5633 4806
1300 2 2 100 1 3414 5340 498
1301 2 2 100 1 811 4961 4247
1302 2 2 100 1 3535 4775 2526
1303 2 2 100 1 3602 5268 1029
1304 2 2 100 1 3502 3503 3403
1305 2 2 100 1 506 5348 3415
1306 2 2 100 1 5413 5468 3158
1307 2 2 100 1 2545 3952 1946
1308 2 2 100 1 655 3555 614
1309 2 2 100 1 1948 3952 2537
1310 2 2 100 1 1281 5258 3456
1311 2 2 100 1 606 4247 1503
1312 2 2 100 1 2750 3517 3500
1313 2 2 100 1 2698 3554 3552
1314 2 2 100 1 3384 5599 3445
1315 2 2 100 1 2311 4617 3650
1316 2 2 100 1 2357 4916 2345
1317 2 2 100 1 3479 3555 655
1318 2 2 100 1 811 4247 608
1319 2 2 100 1 3634 5229 3588
1320 2 2 100 1 3536 5117 1081
1321 2 2 100 1 2738 3899 2735
1322 2 2 100 1 5320 5325 3146
1323 2 2 100 1 3511 4949 3470
1324 2 2 100 1 1205 3534 1055
1325 2 2 100 1 1503 4247 4246
1326 2 2 100 1 4831 5149 2974
1327 2 2 100 1 3330 3650 2725
1328 2 2 100 1 494 5445 3411
1329 2 2 100 1 3361 5510 471
1330 2 2 100 1 4342 5296 3112
1331 2 2 100 1 2762 5590 4133
1332 2 2 100 1 4652 5068 1143
1333 2 2 100 1 616 3482 655
1334 2 2 100 1 3589 5189 3606
1335 2 2 100 1 3666 4744 3627
1336 2 2 100 1 3465 3602 2040
1337 2 2 100 1 1953 3829 1956
1338 2 2 100 1 3519 4916 2357
1339 2 2 100 1 3273 5138 4666
1340 2 2 100 1 417 5295 4421
1341 2 2 100 1 528 5387 3422
1342 2 2 100 1 3925 3931 3928
1343 2 2 100 1 3050 3527 3048
1344 2 2 100 1 508 3931 3924
1345 2 2 100 1 4021 5467 1885
1346 2 2 100 1 2900 5383 3671
1347 2 2 100 1 505 5657 5216
1348 2 2 100 1 472 5504 3448
1349 2 2 100 1 4144 5317 3474
1350 2 2 100 1 4432 5569 3200
1351 2 2 100 1 3518 3640 1800
1352 2 2 100 1 4133 5516 2762
1353 2 2 100 1 1500 4883 3517
1354 2 2 100 1 602 4248 2338
1355 2 2 100 1 1238 3634 870
1356 2 2 100 1 4100 5642 4656
1357 2 2 100 1 1479 5187 4139
1358 2 2 100 1 35 5381 36
1359 2 2 100 1 3423 5320 3146
1360 2 2 100 1 3504 3639 3020
1361 2 2 100 1 775 3551 777
1362 2 2 100 1 1503 4248 604
1363 2 2 100 1 486 5265 46
1364 2 2 100 1 47 5265 3357
1365 2 2 100 1 4598 5501 4239
1366 2 2 100 1 4242 5669 3211
1367 2 2 100 1 301 3933 508
1368 2 2 100 1 3561 4287 2535
1369 2 2 100 1 2556 4941 4650
1370 2 2 100 1 302 3933 301
1371 2 2 100 1 38 5385 39
1372 2 2 100 1 3258 4117 4116
1373 2 2 100 1 3470 4949 2338
1374 2 2 100 1 3570 3639 2979
1375 2 2 100 1 4549 4563 3074
1376 2 2 100 1 4084 4154 4152
1377 2 2 100 1 1055 3534 1059
1378 2 2 100 1 5110 5127 1802
1379 2 2 100 1 1215 3641 880
1380 2 2 100 1 3234 5715 499
1381 2 2 100 1 3137 5483 4599
1382 2 2 100 1 3294 4808 3316
1383 2 2 100 1 3206 5473 3205
1384 2 2 100 1 2531 3889 1921
1385 2 2 100 1 872 3634 1272
1386 2 2 100 1 882 3641 2040
1387 2 2 100 1 92 5715 455
1388 2 2 100 1 1069 3526 1071
1389 2 2 100 1 499 5715 3
1390 2 2 100 1 3483 3700 530
1391 2 2 100 1 3934 5468 5413
1392 2 2 100 1 3509 5110 1802
1393 2 2 100 1 2935 5516 4131
1394 2 2 100 1 2547 4845 4831
1395 2 2 100 1 2535 4288 3561
1396 2 2 100 1 1369 3514 3513
1397 2 2 100 1 4615 4941 2556
1398 2 2 100 1 3352 5353 3840
1399 2 2 100 1 4687 5163 3525
1400 2 2 100 1 3179 5500 3809
1401 2 2 100 1 3454 3455 2339
1402 2 2 100 1 2768 4877 3498
1403 2 2 100 1 4324 5631 3271
1404 2 2 100 1 3902 5147 1644
1405 2 2 100 1 1072 3626 1070
1406 2 2 100 1 3971 5313 3967
1407 2 2 100 1 2954 5161 2651
1408 2 2 100 1 5100 5196 1688
1409 2 2 100 1 3627 4744 3626
1410 2 2 100 1 3471 5237 4729
1411 2 2 100 1 5168 5372 2885
1412 2 2 100 1 5176 5378 2989
1413 2 2 100 1 3901 5264 5102
1414 2 2 100 1 3513 3556 1369
1415 2 2 100 1 2739 3640 3518
1416 2 2 100 1 2698 3815 3554
1417 2 2 100 1 288 3587 287
1418 2 2 100 1 5481 5493 3299
1419 2 2 100 1 5315 5351 3585
1420 2 2 100 1 4957 5716 35
1421 2 2 100 1 2770 4737 4707
1422 2 2 100 1 3480 4950 3555
1423 2 2 100 1 505 5216 3759
1424 2 2 100 1 3468 5363 5288
1425 2 2 100 1 2185 4690 3737
1426 2 2 100 1 5157 5361 2438
1427 2 2 100 1 3526 4687 3525
1428 2 2 100 1 1672 3560 3559
1429 2 2 100 1 804 3550 3549
1430 2 2 100 1 2696 4628 3815
1431 2 2 100 1 4558 5164 2954
1432 2 2 100 1 1672 3559 598
1433 2 2 100 1 4946 5001 3544
1434 2 2 100 1 1176 4831 3488
1435 2 2 100 1 4149 4152 4147
1436 2 2 100 1 2954 5164 5161
1437 2 2 100 1 1751 3682 1935
1438 2 2 100 1 4283 5181 3495
1439 2 2 100 1 2979 5177 3570
1440 2 2 100 1 3560 4288 3186
1441 2 2 100 1 1791 3682 1266
1442 2 2 100 1 603 3531 605
1443 2 2 100 1 3552 5034 2698
1444 2 2 100 1 827 4623 3528
1445 2 2 100 1 5360 5379 3433
1446 2 2 100 1 1186 3968 1187
1447 2 2 100 1 3528 3529 827
1448 2 2 100 1 1187 3968 1190
1449 2 2 100 1 3493 3494 3492
1450 2 2 100 1 3760 5085 2100
1451 2 2 100 1 3427 5656 2275
1452 2 2 100 1 643 3863 641
1453 2 2 100 1 4366 5450 3148
1454 2 2 100 1 3934 5390 3932
1455 2 2 100 1 3365 3678 3367
1456 2 2 100 1 3199 5169 3184
1457 2 2 100 1 3428 5705 50
1458 2 2 100 1 50 5705 3429
1459 2 2 100 1 5252 5388 3457
1460 2 2 100 1 3555 4950 612
1461 2 2 100 1 90 5691 421
1462 2 2 100 1 3354 5584 3355
1463 2 2 100 1 3510 4979 3566
1464 2 2 100 1 3789 5439 5433
1465 2 2 100 1 3042 5191 3506
1466 2 2 100 1 3359 5722 4353
1467 2 2 100 1 3137 5397 4395
1468 2 2 100 1 2837 5084 4399
1469 2 2 100 1 3509 5175 2962
1470 2 2 100 1 3517 4883 3500
1471 2 2 100 1 2331 4288 2535
1472 2 2 100 1 3186 4288 2488
1473 2 2 100 1 4428 5617 529
1474 2 2 100 1 3069 5040 3646
1475 2 2 100 1 1477 3538 3537
1476 2 2 100 1 3146 5325 3187
1477 2 2 100 1 4276 5333 2975
1478 2 2 100 1 2952 5616 4405
1479 2 2 100 1 5299 5406 3201
1480 2 2 100 1 3504 4970 2964
1481 2 2 100 1 1672 3561 3560
1482 2 2 100 1 3017 5099 3601
1483 2 2 100 1 652 5132 647
1484 2 2 100 1 5325 5328 3187
1485 2 2 100 1 591 592 521
1486 2 2 100 1 4473 5662 573
1487 2 2 100 1 4612 5351 5315
1488 2 2 100 1 4223 5356 5346
1489 2 2 100 1 2979 3639 3504
1490 2 2 100 1 3474 5236 2017
1491 2 2 100 1 4340 5327 2905
1492 2 2 100 1 3884 5580 2299
1493 2 2 100 1 3595 5604 5475
1494 2 2 100 1 3403 3678 3365
1495 2 2 100 1 1062 3957 1153
1496 2 2 100 1 3900 5264 3901
1497 2 2 100 1 4054 5126 3720
1498 2 2 100 1 2761 5336 5331
1499 2 2 100 1 3898 5147 3902
1500 2 2 100 1 3225 3227 3226
1501 2 2 100 1 3350 5727 5419
1502 2 2 100 1 3567 5127 5110
1503 2 2 100 1 500 3238 3237
1504 2 2 100 1 595 5703 5105
1505 2 2 100 1 1241 3974 1791
1506 2 2 100 1 3510 3566 3565
1507 2 2 100 1 546 5647 5138
1508 2 2 100 1 1222 3974 1223
1509 2 2 100 1 3551 3552 777
1510 2 2 100 1 4122 5187 1479
1511 2 2 100 1 3222 5613 5382
1512 2 2 100 1 3249 3440 3250
1513 2 2 100 1 2935 5336 2761
1514 2 2 100 1 593 4897 596
1515 2 2 100 1 420 3587 3586
1516 2 2 100 1 4997 5239 3482
1517 2 2 100 1 1143 5068 3683
1518 2 2 100 1 4906 5000 3517
1519 2 2 100 1 3917 5484 3918
1520 2 2 100 1 4430 5470 4422
1521 2 2 100 1 2999 5130 3636
1522 2 2 100 1 3050 3640 3527
1523 2 2 100 1 3278 5676 44
1524 2 2 100 1 639 4198 635
1525 2 2 100 1 3551 5034 3552
1526 2 2 100 1 2993 3785 2995
1527 2 2 100 1 3515 4562 4139
1528 2 2 100 1 701 3624 699
1529 2 2 100 1 5179 5487 477
1530 2 2 100 1 2332 4970 3504
1531 2 2 100 1 1009 4562 3515
1532 2 2 100 1 3544 3741 665
1533 2 2 100 1 4979 5025 3566
1534 2 2 100 1 1507 3559 3520
1535 2 2 100 1 3561 4897 4287
1536 2 2 100 1 4139 4562 1479
1537 2 2 100 1 618 4997 3482
1538 2 2 100 1 598 3559 1507
1539 2 2 100 1 3200 5519 4432
1540 2 2 100 1 2897 5424 2898
1541 2 2 100 1 86 5711 3558
1542 2 2 100 1 3388 5711 86
1543 2 2 100 1 3934 5413 5390
1544 2 2 100 1 2000 4151 4150
1545 2 2 100 1 665 4946 3544
1546 2 2 100 1 3818 3822 3819
1547 2 2 100 1 4719 5273 3523
1548 2 2 100 1 1143 3683 1085
1549 2 2 100 1 4120 4121 1006
1550 2 2 100 1 990 4122 1479
1551 2 2 100 1 2923 5504 4169
1552 2 2 100 1 4362 4983 2892
1553 2 2 100 1 3475 5726 3251
1554 2 2 100 1 483 3822 3818
1555 2 2 100 1 1205 3535 3534
1556 2 2 100 1 5124 5135 3965
1557 2 2 100 1 2283 5562 3826
1558 2 2 100 1 1087 3683 1369
1559 2 2 100 1 2936 5573 3558
1560 2 2 100 1 4120 4609 4434
1561 2 2 100 1 2037 5538 3946
1562 2 2 100 1 3280 3416 476
1563 2 2 100 1 1006 4609 4120
1564 2 2 100 1 1006 4122 992
1565 2 2 100 1 3279 3281 3280
1566 2 2 100 1 4983 5003 2892
1567 2 2 100 1 1848 5135 5124
1568 2 2 100 1 2972 3700 2968
1569 2 2 100 1 2967 3700 3483
1570 2 2 100 1 804 3551 775
1571 2 2 100 1 3535 4737 3534
1572 2 2 100 1 2357 5000 4906
1573 2 2 100 1 22 5473 23
1574 2 2 100 1 5086 5210 2099
1575 2 2 100 1 771 3743 773
1576 2 2 100 1 3258 4118 4117
1577 2 2 100 1 2554 3580 2999
1578 2 2 100 1 3487 3591 2551
1579 2 2 100 1 3294 3295 438
1580 2 2 100 1 5150 5162 3557
1581 2 2 100 1 3515 4563 1009
1582 2 2 100 1 972 4188 3601
1583 2 2 100 1 3309 3310 517
1584 2 2 100 1 1023 3748 899
1585 2 2 100 1 4434 4609 1484
1586 2 2 100 1 3299 3541 463
1587 2 2 100 1 287 3587 420
1588 2 2 100 1 3733 3735 3732
1589 2 2 100 1 972 4538 4188
1590 2 2 100 1 4362 4964 2998
1591 2 2 100 1 3730 3748 1023
1592 2 2 100 1 3556 5078 4993
1593 2 2 100 1 3706 5494 1732
1594 2 2 100 1 5280 5690 3304
1595 2 2 100 1 3554 3815 3567
1596 2 2 100 1 3129 5231 5214
1597 2 2 100 1 5402 5459 2499
1598 2 2 100 1 3496 3497 2002
1599 2 2 100 1 2998 4983 4362
1600 2 2 100 1 3735 4690 3732
1601 2 2 100 1 1800 3897 3518
1602 2 2 100 1 3527 4563 3048
1603 2 2 100 1 905 3733 901
1604 2 2 100 1 2735 3899 2737
1605 2 2 100 1 4101 5294 2004
1606 2 2 100 1 3741 4881 665
1607 2 2 100 1 4405 5519 2952
1608 2 2 100 1 1736 5162 5150
1609 2 2 100 1 3628 3897 1822
1610 2 2 100 1 3628 3899 2738
1611 2 2 100 1 1205 5275 3535
1612 2 2 100 1 4548 5523 3416
1613 2 2 100 1 704 3652 729
1614 2 2 100 1 729 3652 3619
1615 2 2 100 1 3589 3606 3590
1616 2 2 100 1 3495 5181 2975
1617 2 2 100 1 5049 5064 3011
1618 2 2 100 1 804 3743 3550
1619 2 2 100 1 3306 5343 473
1620 2 2 100 1 5214 5231 1219
1621 2 2 100 1 3251 5452 496
1622 2 2 100 1 455 5414 3475
1623 2 2 100 1 4980 5016 3881
1624 2 2 100 1 1071 3526 1206
1625 2 2 100 1 1952 3829 1953
1626 2 2 100 1 1956 3829 2932
1627 2 2 100 1 694 5064 5049
1628 2 2 100 1 3493 5644 578
1629 2 2 100 1 3532 3625 1201
1630 2 2 100 1 827 3531 603
1631 2 2 100 1 3532 4634 4031
1632 2 2 100 1 3726 5108 3728
1633 2 2 100 1 3614 5171 5158
1634 2 2 100 1 1445 5164 4558
1635 2 2 100 1 3737 4690 3735
1636 2 2 100 1 5118 5134 3775
1637 2 2 100 1 3530 4031 1501
1638 2 2 100 1 3520 3785 1507
1639 2 2 100 1 1065 5193 1212
1640 2 2 100 1 1529 5140 5121
1641 2 2 100 1 3527 3640 2739
1642 2 2 100 1 1201 4634 3532
1643 2 2 100 1 3889 5163 1923
1644 2 2 100 1 449 5517 37
1645 2 2 100 1 2974 5149 3524
1646 2 2 100 1 1192 3666 3636
1647 2 2 100 1 459 5425 3222
1648 2 2 100 1 4198 4944 634
1649 2 2 100 1 4031 4634 1501
1650 2 2 100 1 3928 3931 3930
1651 2 2 100 1 3933 3934 3932
1652 2 2 100 1 2972 3702 3701
1653 2 2 100 1 3530 4689 3894
1654 2 2 100 1 3528 4623 3785
1655 2 2 100 1 5352 5411 3318
1656 2 2 100 1 450 5669 4242
1657 2 2 100 1 3529 3531 827
1658 2 2 100 1 1009 4563 4549
1659 2 2 100 1 3511 5340 4949
1660 2 2 100 1 3549 3551 804
1661 2 2 100 1 1192 4744 3666
1662 2 2 100 1 5158 5171 2354
1663 2 2 100 1 4395 5483 3137
1664 2 2 100 1 2345 4916 2556
1665 2 2 100 1 3489 5323 5284
1666 2 2 100 1 1501 4689 3530
1667 2 2 100 1 3058 3563 3562
1668 2 2 100 1 3444 5477 4885
1669 2 2 100 1 41 5706 3279
1670 2 2 100 1 3946 5632 2037
1671 2 2 100 1 2741 5213 5107
1672 2 2 100 1 1821 4487 3956
1673 2 2 100 1 3074 4563 3527
1674 2 2 100 1 3709 4881 3741
1675 2 2 100 1 1921 3889 1923
1676 2 2 100 1 708 5055 706
1677 2 2 100 1 4353 5591 3359
1678 2 2 100 1 1201 3626 1072
1679 2 2 100 1 1530 5134 5118
1680 2 2 100 1 3894 4689 1198
1681 2 2 100 1 3562 3563 3005
1682 2 2 100 1 3353 3356 3354
1683 2 2 100 1 1198 3896 3894
1684 2 2 100 1 3472 3889 2531
1685 2 2 100 1 438 5708 11
1686 2 2 100 1 3506 5191 2695
1687 2 2 100 1 3121 5183 5173
1688 2 2 100 1 3546 3580 2554
1689 2 2 100 1 1878 5127 3567
1690 2 2 100 1 3646 5040 966
1691 2 2 100 1 3395 3431 3356
1692 2 2 100 1 3601 5099 972
1693 2 2 100 1 2357 4906 3519
1694 2 2 100 1 527 3363 3362
1695 2 2 100 1 3365 3367 461
1696 2 2 100 1 1162 4074 4073
1697 2 2 100 1 3370 3372 3371
1698 2 2 100 1 5120 5137 2258
1699 2 2 100 1 3364 3366 3365
1700 2 2 100 1 4073 4075 1162
1701 2 2 100 1 4831 4845 3488
1702 2 2 100 1 4471 4722 3725
1703 2 2 100 1 1049 5268 1205
1704 2 2 100 1 3779 5059 3778
1705 2 2 100 1 4074 4661 3569
1706 2 2 100 1 2777 4722 4471
1707 2 2 100 1 2555 3580 3546
1708 2 2 100 1 2547 4831 2974
1709 2 2 100 1 1802 5175 3509
1710 2 2 100 1 1089 3556 1091
1711 2 2 100 1 4420 4423 4414
1712 2 2 100 1 1069 4686 3526
1713 2 2 100 1 3613 5151 5141
1714 2 2 100 1 4419 4422 4420
1715 2 2 100 1 3262 3579 3010
1716 2 2 100 1 3815 4628 1878
1717 2 2 100 1 3141 5113 5107
1718 2 2 100 1 1162 4661 4074
1719 2 2 100 1 3531 5001 4946
1720 2 2 100 1 1083 5117 1143
1721 2 2 100 1 1369 3556 1089
1722 2 2 100 1 3518 3897 3628
1723 2 2 100 1 16 5690 17
1724 2 2 100 1 3956 4487 3623
1725 2 2 100 1 5173 5183 1168
1726 2 2 100 1 3546 3653 2555
1727 2 2 100 1 735 5016 4980
1728 2 2 100 1 44 5676 1
1729 2 2 100 1 3626 4744 1070
1730 2 2 100 1 4707 4737 2526
1731 2 2 100 1 3537 4198 1477
1732 2 2 100 1 5265 5591 3276
1733 2 2 100 1 4650 4941 3545
1734 2 2 100 1 2696 3815 2698
1735 2 2 100 1 3631 3632 2849
1736 2 2 100 1 3590 5109 876
1737 2 2 100 1 5141 5151 1816
1738 2 2 100 1 2868 5113 3141
1739 2 2 100 1 3466 4737 2770
1740 2 2 100 1 2753 5311 3486
1741 2 2 100 1 1198 4959 3896
1742 2 2 100 1 3579 3583 3010
1743 2 2 100 1 3317 5708 5352
1744 2 2 100 1 3725 4722 903
1745 2 2 100 1 641 3863 1477
1746 2 2 100 1 3233 3234 499
1747 2 2 100 1 733 3651 3611
1748 2 2 100 1 905 3734 3733
1749 2 2 100 1 4039 4041 4040
1750 2 2 100 1 68 5407 69
1751 2 2 100 1 4295 5283 4296
1752 2 2 100 1 903 3726 3725
1753 2 2 100 1 2235 3631 2849
1754 2 2 100 1 710 3651 733
1755 2 2 100 1 5387 5583 3262
1756 2 2 100 1 3569 4661 1480
1757 2 2 100 1 706 3652 704
1758 2 2 100 1 3542 5033 3011
1759 2 2 100 1 647 3863 643
1760 2 2 100 1 3397 5351 3650
1761 2 2 100 1 3413 5491 3412
1762 2 2 100 1 2904 5684 3489
1763 2 2 100 1 3778 5059 1209
1764 2 2 100 1 3010 3583 3018
1765 2 2 100 1 3563 3604 3005
1766 2 2 100 1 3507 5198 1293
1767 2 2 100 1 1480 4299 3569
1768 2 2 100 1 3619 3622 729
1769 2 2 100 1 3232 3235 3233
1770 2 2 100 1 4804 5678 1237
1771 2 2 100 1 2950 5573 2936
1772 2 2 100 1 1483 5126 4054
1773 2 2 100 1 3410 5585 3404
1774 2 2 100 1 4690 4749 3731
1775 2 2 100 1 5033 5049 3011
1776 2 2 100 1 3623 4487 4180
1777 2 2 100 1 2840 5054 3802
1778 2 2 100 1 3802 5054 3801
1779 2 2 100 1 1064 3957 1062
1780 2 2 100 1 2483 3578 3577
1781 2 2 100 1 4092 4923 4093
1782 2 2 100 1 634 4944 644
1783 2 2 100 1 1369 3683 3514
1784 2 2 100 1 2556 4916 4615
1785 2 2 100 1 1153 3957 3580
1786 2 2 100 1 3484 5174 466
1787 2 2 100 1 3606 5109 3590
1788 2 2 100 1 3624 5085 3760
1789 2 2 100 1 2972 3701 3700
1790 2 2 100 1 3724 5153 5145
1791 2 2 100 1 496 5453 3256
1792 2 2 100 1 4118 5409 1918
1793 2 2 100 1 3502 5557 3503
1794 2 2 100 1 2565 4078 2564
1795 2 2 100 1 714 4990 712
1796 2 2 100 1 5119 5188 4112
1797 2 2 100 1 3624 3760 699
1798 2 2 100 1 1477 3863 3538
1799 2 2 100 1 729 3624 701
1800 2 2 100 1 1206 3526 3525
1801 2 2 100 1 3783 4830 3780
1802 2 2 100 1 2995 3785 3520
1803 2 2 100 1 4188 5195 5102
1804 2 2 100 1 644 4944 3545
1805 2 2 100 1 288 4942 3587
1806 2 2 100 1 3077 4243 4093
1807 2 2 100 1 635 4198 634
1808 2 2 100 1 3880 4867 742
1809 2 2 100 1 3542 5016 735
1810 2 2 100 1 3528 3785 2993
1811 2 2 100 1 595 4897 593
1812 2 2 100 1 2564 4078 3002
1813 2 2 100 1 3302 3304 519
1814 2 2 100 1 3464 3641 3471
1815 2 2 100 1 3611 3615 733
1816 2 2 100 1 4354 5159 5089
1817 2 2 100 1 3621 5129 5125
1818 2 2 100 1 3483 5655 5369
1819 2 2 100 1 754 3814 3639
1820 2 2 100 1 1477 4198 639
1821 2 2 100 1 4217 5357 456
1822 2 2 100 1 1215 5237 3471
1823 2 2 100 1 3328 5396 4039
1824 2 2 100 1 2976 5534 5303
1825 2 2 100 1 712 3651 710
1826 2 2 100 1 3531 4946 605
1827 2 2 100 1 899 3748 897
1828 2 2 100 1 5145 5153 913
1829 2 2 100 1 3976 5540 3305
1830 2 2 100 1 3301 3303 3302
1831 2 2 100 1 3154 3769 3595
1832 2 2 100 1 3636 5130 1192
1833 2 2 100 1 3405 5291 4370
1834 2 2 100 1 2363 5008 3704
1835 2 2 100 1 3002 4078 4077
1836 2 2 100 1 5125 5129 1817
1837 2 2 100 1 2646 4830 3783
1838 2 2 100 1 773 3743 804
1839 2 2 100 1 3692 4705 3747
1840 2 2 100 1 3775 5106 1236
1841 2 2 100 1 1023 3732 3730
1842 2 2 100 1 3568 5094 828
1843 2 2 100 1 3545 4941 644
1844 2 2 100 1 3517 5000 1500
1845 2 2 100 1 302 5095 3933
1846 2 2 100 1 3524 5149 1075
1847 2 2 100 1 3003 4298 3581
1848 2 2 100 1 1273 3743 771
1849 2 2 100 1 647 5132 3863
1850 2 2 100 1 3604 3668 1743
1851 2 2 100 1 3581 4299 3003
1852 2 2 100 1 4093 4923 3077
1853 2 2 100 1 5268 5275 1205
1854 2 2 100 1 596 4897 1672
1855 2 2 100 1 3101 5140 1529
1856 2 2 100 1 735 5033 3542
1857 2 2 100 1 3564 5074 1276
1858 2 2 100 1 3847 4529 1509
1859 2 2 100 1 3019 4951 3784
1860 2 2 100 1 901 3733 1023
1861 2 2 100 1 706 5055 3652
1862 2 2 100 1 1142 3796 3648
1863 2 2 100 1 347 5167 3713
1864 2 2 100 1 3648 3796 3093
1865 2 2 100 1 3880 4937 3881
1866 2 2 100 1 3201 5406 3202
1867 2 2 100 1 3737 5196 5100
1868 2 2 100 1 4057 5350 5349
1869 2 2 100 1 3581 4298 3654
1870 2 2 100 1 3654 4298 1165
1871 2 2 100 1 3513 5078 3556
1872 2 2 100 1 3561 4288 3560
1873 2 2 100 1 4604 4701 3076
1874 2 2 100 1 501 5382 3582
1875 2 2 100 1 3772 5028 801
1876 2 2 100 1 3571 5177 3574
1877 2 2 100 1 784 4972 3784
1878 2 2 100 1 2565 5057 5038
1879 2 2 100 1 1165 3662 3656
1880 2 2 100 1 3638 4213 2381
1881 2 2 100 1 1165 3656 3654
1882 2 2 100 1 2555 3653 3086
1883 2 2 100 1 3578 3588 2752
1884 2 2 100 1 3916 5083 5072
1885 2 2 100 1 4656 5437 4100
1886 2 2 100 1 3534 4737 3466
1887 2 2 100 1 3580 3957 2999
1888 2 2 100 1 4165 5262 3339
1889 2 2 100 1 3653 3704 3086
1890 2 2 100 1 3965 5113 2868
1891 2 2 100 1 2750 4906 3517
1892 2 2 100 1 3732 4690 3731
1893 2 2 100 1 903 5108 3726
1894 2 2 100 1 587 5680 5285
1895 2 2 100 1 4937 4980 3881
1896 2 2 100 1 3525 3889 3472
1897 2 2 100 1 712 4990 3651
1898 2 2 100 1 784 4979 4972
1899 2 2 100 1 3583 3692 3018
1900 2 2 100 1 1925 5163 2530
1901 2 2 100 1 1086 4075 1084
1902 2 2 100 1 4098 4701 1054
1903 2 2 100 1 5102 5195 3901
1904 2 2 100 1 1162 4075 1086
1905 2 2 100 1 2337 3769 3154
1906 2 2 100 1 3639 3814 3020
1907 2 2 100 1 2703 4552 3689
1908 2 2 100 1 5475 5604 493
1909 2 2 100 1 3671 4106 4105
1910 2 2 100 1 5072 5083 2742
1911 2 2 100 1 2000 5219 4151
1912 2 2 100 1 3455 5423 5244
1913 2 2 100 1 3695 4943 792
1914 2 2 100 1 1143 5117 4652
1915 2 2 100 1 3774 5106 3775
1916 2 2 100 1 742 4867 4843
1917 2 2 100 1 730 3673 3596
1918 2 2 100 1 1529 5121 5111
1919 2 2 100 1 3596 3607 730
1920 2 2 100 1 4077 4079 3002
1921 2 2 100 1 509 5477 3444
1922 2 2 100 1 4557 4643 2733
1923 2 2 100 1 3707 4968 2367
1924 2 2 100 1 3649 4747 4065
1925 2 2 100 1 3708 3710 650
1926 2 2 100 1 5477 5567 4885
1927 2 2 100 1 754 3639 3570
1928 2 2 100 1 742 4937 3880
1929 2 2 100 1 3382 5652 3516
1930 2 2 100 1 3670 4105 2633
1931 2 2 100 1 3772 5070 3771
1932 2 2 100 1 1480 4655 4299
1933 2 2 100 1 1272 3634 3588
1934 2 2 100 1 1616 3897 1618
1935 2 2 100 1 2599 3768 3603
1936 2 2 100 1 4951 5097 797
1937 2 2 100 1 4668 4745 4174
1938 2 2 100 1 2100 5085 4180
1939 2 2 100 1 3470 4248 3467
1940 2 2 100 1 2703 3689 3630
1941 2 2 100 1 650 3711 3708
1942 2 2 100 1 4993 5078 1276
1943 2 2 100 1 3737 5100 2185
1944 2 2 100 1 4843 4867 3847
1945 2 2 100 1 3710 4644 650
1946 2 2 100 1 3379 5557 3502
1947 2 2 100 1 3563 3668 3604
1948 2 2 100 1 5216 5657 3334
1949 2 2 100 1 3671 4105 3670
1950 2 2 100 1 2235 4988 3631
1951 2 2 100 1 2868 5124 3965
1952 2 2 100 1 4033 4992 1191
1953 2 2 100 1 3455 3605 2339
1954 2 2 100 1 4935 5081 1900
1955 2 2 100 1 1212 5193 3523
1956 2 2 100 1 2194 4988 2235
1957 2 2 100 1 784 5025 4979
1958 2 2 100 1 3155 5518 3156
1959 2 2 100 1 3079 5094 3568
1960 2 2 100 1 764 4079 767
1961 2 2 100 1 2817 3632 3631
1962 2 2 100 1 3712 3758 3604
1963 2 2 100 1 2902 5319 5318
1964 2 2 100 1 3778 5087 3777
1965 2 2 100 1 3077 4701 4243
1966 2 2 100 1 853 4933 856
1967 2 2 100 1 3707 3709 2821
1968 2 2 100 1 1176 5149 4831
1969 2 2 100 1 3653 3672 3030
1970 2 2 100 1 1783 3658 3657
1971 2 2 100 1 4299 4655 3003
1972 2 2 100 1 3016 3644 3017
1973 2 2 100 1 3961 4802 3026
1974 2 2 100 1 828 5094 5079
1975 2 2 100 1 4193 4973 955
1976 2 2 100 1 3642 4079 763
1977 2 2 100 1 3583 4705 3692
1978 2 2 100 1 1509 4843 3847
1979 2 2 100 1 3649 4065 2769
1980 2 2 100 1 5070 5079 3771
1981 2 2 100 1 3913 4644 3710
1982 2 2 100 1 1822 3898 3628
1983 2 2 100 1 3016 3645 3644
1984 2 2 100 1 3498 5239 2749
1985 2 2 100 1 4033 5020 3054
1986 2 2 100 1 2817 4704 3632
1987 2 2 100 1 3843 4779 4529
1988 2 2 100 1 1349 4871 2633
1989 2 2 100 1 3635 4896 2168
1990 2 2 100 1 3016 4178 3645
1991 2 2 100 1 3657 4300 1783
1992 2 2 100 1 3709 3741 2821
1993 2 2 100 1 3613 5136 3839
1994 2 2 100 1 4975 5025 779
1995 2 2 100 1 3646 5099 3017
1996 2 2 100 1 3702 5698 4429
1997 2 2 100 1 3984 5096 2638
1998 2 2 100 1 3784 4972 3019
1999 2 2 100 1 3689 4552 1392
2000 2 2 100 1 1236 5106 5093
2001 2 2 100 1 3552 3553 777
2002 2 2 100 1 3556 4993 1091
2003 2 2 100 1 3695 4989 3694
2004 2 2 100 1 3659 4300 3657
2005 2 2 100 1 591 593 592
2006 2 2 100 1 4669 4753 2187
2007 2 2 100 1 3599 5019 965
2008 2 2 100 1 5433 5439 3193
2009 2 2 100 1 2530 5163 4687
2010 2 2 100 1 1792 4256 1730
2011 2 2 100 1 4275 4991 1474
2012 2 2 100 1 5269 5276 4683
2013 2 2 100 1 3843 4065 745
2014 2 2 100 1 1353 4300 3659
2015 2 2 100 1 3692 3747 856
2016 2 2 100 1 1169 5015 4832
2017 2 2 100 1 2593 4895 2414
2018 2 2 100 1 801 5028 5011
2019 2 2 100 1 2769 3833 3649
2020 2 2 100 1 4214 4643 962
2021 2 2 100 1 3711 4881 3709
2022 2 2 100 1 5020 5035 3054
2023 2 2 100 1 4529 4779 1509
2024 2 2 100 1 3129 5204 3600
2025 2 2 100 1 3603 3769 2599
2026 2 2 100 1 611 3711 613
2027 2 2 100 1 3837 5075 3838
2028 2 2 100 1 5302 5305 2642
2029 2 2 100 1 5087 5093 3777
2030 2 2 100 1 1267 3758 3712
2031 2 2 100 1 2045 3833 2769
2032 2 2 100 1 2389 3893 3674
2033 2 2 100 1 4196 4912 1478
2034 2 2 100 1 3227 3228 3226
2035 2 2 100 1 3674 3893 2800
2036 2 2 100 1 3599 5040 3069
2037 2 2 100 1 891 4197 894
2038 2 2 100 1 3613 5141 5136
2039 2 2 100 1 3468 5288 2401
2040 2 2 100 1 3868 5043 3869
2041 2 2 100 1 3185 5306 3186
2042 2 2 100 1 3782 4922 3783
2043 2 2 100 1 791 3909 3740
2044 2 2 100 1 3740 3908 791
2045 2 2 100 1 2825 4896 3635
2046 2 2 100 1 4098 4976 4097
2047 2 2 100 1 2381 4850 3638
2048 2 2 100 1 3510 5110 3509
2049 2 2 100 1 2633 4871 3670
2050 2 2 100 1 1710 4987 4749
2051 2 2 100 1 3557 5134 1530
2052 2 2 100 1 3584 3585 3397
2053 2 2 100 1 965 5019 5010
2054 2 2 100 1 4668 4669 2187
2055 2 2 100 1 3038 4910 3807
2056 2 2 100 1 4989 5011 3694
2057 2 2 100 1 3238 3239 3237
2058 2 2 100 1 1191 4992 4985
2059 2 2 100 1 3785 4623 1507
2060 2 2 100 1 3543 3903 3882
2061 2 2 100 1 1474 4991 4984
2062 2 2 100 1 3644 3646 3017
2063 2 2 100 1 2593 3688 3687
2064 2 2 100 1 3050 4189 3640
2065 2 2 100 1 745 4779 3843
2066 2 2 100 1 3569 4299 2574
2067 2 2 100 1 1222 5313 3971
2068 2 2 100 1 3669 4764 904
2069 2 2 100 1 3294 3316 3295
2070 2 2 100 1 4806 5633 3208
2071 2 2 100 1 1112 5062 3916
2072 2 2 100 1 1276 5078 3564
2073 2 2 100 1 3638 4643 4213
2074 2 2 100 1 22 5728 5473
2075 2 2 100 1 1276 5074 1098
2076 2 2 100 1 4976 4985 4097
2077 2 2 100 1 613 3711 650
2078 2 2 100 1 3687 3688 2801
2079 2 2 100 1 3546 3672 3653
2080 2 2 100 1 4206 5506 4210
2081 2 2 100 1 2247 5581 3827
2082 2 2 100 1 2574 4299 3581
2083 2 2 100 1 1054 4701 4604
2084 2 2 100 1 2905 5327 4532
2085 2 2 100 1 3591 3592 2502
2086 2 2 100 1 2824 4943 3695
2087 2 2 100 1 3121 5166 3629
2088 2 2 100 1 3681 4515 2704
2089 2 2 100 1 3647 4565 822
2090 2 2 100 1 2158 4515 3681
2091 2 2 100 1 5074 5165 1131
2092 2 2 100 1 3309 3311 3310
2093 2 2 100 1 2860 3852 3664
2094 2 2 100 1 3440 3441 3250
2095 2 2 100 1 3640 4189 1800
2096 2 2 100 1 3895 5210 5086
2097 2 2 100 1 2039 4802 3961
2098 2 2 100 1 3773 5028 3772
2099 2 2 100 1 3916 5062 3915
2100 2 2 100 1 2599 3769 2337
2101 2 2 100 1 3782 4925 4922
2102 2 2 100 1 3630 4197 2703
2103 2 2 100 1 2821 4968 3707
2104 2 2 100 1 3659 3870 1353
2105 2 2 100 1 3436 5522 2456
2106 2 2 100 1 1725 3804 3676
2107 2 2 100 1 4065 4747 745
2108 2 2 100 1 3041 4461 4264
2109 2 2 100 1 3331 5678 4804
2110 2 2 100 1 3129 5214 5204
2111 2 2 100 1 2141 4923 4092
2112 2 2 100 1 3596 3673 3576
2113 2 2 100 1 2141 4911 3633
2114 2 2 100 1 3030 4754 3029
2115 2 2 100 1 3866 5429 3865
2116 2 2 100 1 904 4764 4309
2117 2 2 100 1 2413 4858 2403
2118 2 2 100 1 2185 4749 4690
2119 2 2 100 1 3852 4176 3664
2120 2 2 100 1 4180 5085 3623
2121 2 2 100 1 2073 3704 3030
2122 2 2 100 1 3076 4701 3077
2123 2 2 100 1 3780 4830 822
2124 2 2 100 1 3069 3646 3644
2125 2 2 100 1 2578 4253 3035
2126 2 2 100 1 3672 4754 3030
2127 2 2 100 1 3648 4928 1142
2128 2 2 100 1 3035 4253 4252
2129 2 2 100 1 3604 3758 3005
2130 2 2 100 1 3704 5008 3086
2131 2 2 100 1 2158 3681 3660
2132 2 2 100 1 763 4914 3642
2133 2 2 100 1 4393 5509 2508
2134 2 2 100 1 3991 4668 4174
2135 2 2 100 1 1238 4505 3667
2136 2 2 100 1 3957 5130 2999
2137 2 2 100 1 1638 4913 4046
2138 2 2 100 1 3811 4805 1440
2139 2 2 100 1 3660 3690 2158
2140 2 2 100 1 4150 4151 4149
2141 2 2 100 1 1618 3897 1800
2142 2 2 100 1 3645 4178 4046
2143 2 2 100 1 1123 3662 1165
2144 2 2 100 1 1478 4912 4902
2145 2 2 100 1 1822 3897 1616
2146 2 2 100 1 1783 4256 3658
2147 2 2 100 1 3036 4786 3684
2148 2 2 100 1 3687 4895 2593
2149 2 2 100 1 3705 4936 3091
2150 2 2 100 1 3794 5624 5024
2151 2 2 100 1 1186 5101 3968
2152 2 2 100 1 2638 5096 3665
2153 2 2 100 1 3668 4468 1743
2154 2 2 100 1 962 4643 4557
2155 2 2 100 1 4157 4853 4156
2156 2 2 100 1 3030 3704 3653
2157 2 2 100 1 4192 4973 4193
2158 2 2 100 1 1125 3662 1123
2159 2 2 100 1 767 4079 4077
2160 2 2 100 1 2579 3905 3031
2161 2 2 100 1 5352 5625 5411
2162 2 2 100 1 2582 3905 2579
2163 2 2 100 1 955 4973 4947
2164 2 2 100 1 3121 5173 5166
2165 2 2 100 1 4420 4424 4423
2166 2 2 100 1 2826 4992 4033
2167 2 2 100 1 3625 3626 1201
2168 2 2 100 1 4225 5594 3207
2169 2 2 100 1 1885 5659 4021
2170 2 2 100 1 1139 5014 3990
2171 2 2 100 1 5011 5028 3694
2172 2 2 100 1 792 4943 4920
2173 2 2 100 1 4137 5590 4799
2174 2 2 100 1 2733 4643 3638
2175 2 2 100 1 3622 3624 729
2176 2 2 100 1 4113 4776 2427
2177 2 2 100 1 3421 3973 2678
2178 2 2 100 1 763 4079 764
2179 2 2 100 1 3673 4245 3576
2180 2 2 100 1 720 4245 718
2181 2 2 100 1 3963 4240 4238
2182 2 2 100 1 2187 4745 4668
2183 2 2 100 1 1887 3833 2045
2184 2 2 100 1 3491 5380 468
2185 2 2 100 1 772 3909 770
2186 2 2 100 1 1743 3712 3604
2187 2 2 100 1 1699 4870 1887
2188 2 2 100 1 3784 4951 786
2189 2 2 100 1 3621 5122 3956
2190 2 2 100 1 3676 3848 1725
2191 2 2 100 1 1725 3848 1317
2192 2 2 100 1 2679 3972 3970
2193 2 2 100 1 723 4875 4245
2194 2 2 100 1 4273 5042 4911
2195 2 2 100 1 3363 3436 3362
2196 2 2 100 1 2599 4045 3768
2197 2 2 100 1 3802 5069 2840
2198 2 2 100 1 1506 5032 3643
2199 2 2 100 1 3663 4940 4859
2200 2 2 100 1 3366 3403 3365
2201 2 2 100 1 3372 3373 3371
2202 2 2 100 1 3838 5075 2847
2203 2 2 100 1 3724 5139 4054
2204 2 2 100 1 3674 4791 2389
2205 2 2 100 1 1506 5039 5032
2206 2 2 100 1 1151 4262 1145
2207 2 2 100 1 3991 4174 1510
2208 2 2 100 1 3930 5205 2313
2209 2 2 100 1 856 4933 3692
2210 2 2 100 1 4041 4042 4040
2211 2 2 100 1 3684 4786 1828
2212 2 2 100 1 4175 5004 4466
2213 2 2 100 1 3708 3711 3709
2214 2 2 100 1 3713 5167 3000
2215 2 2 100 1 1510 4442 3991
2216 2 2 100 1 1191 5020 4033
2217 2 2 100 1 4985 4992 4097
2218 2 2 100 1 4984 4991 4193
2219 2 2 100 1 955 4984 4193
2220 2 2 100 1 4243 4701 4098
2221 2 2 100 1 904 4197 3669
2222 2 2 100 1 3845 4529 3847
2223 2 2 100 1 1716 4909 1827
2224 2 2 100 1 733 5055 708
2225 2 2 100 1 3135 4776 4113
2226 2 2 100 1 801 5070 3772
2227 2 2 100 1 5111 5121 3568
2228 2 2 100 1 3002 4079 3642
2229 2 2 100 1 3832 4263 4262
2230 2 2 100 1 2477 4256 1792
2231 2 2 100 1 3734 3735 3733
2232 2 2 100 1 1054 4976 4098
2233 2 2 100 1 3489 5284 2904
2234 2 2 100 1 2966 5266 5192
2235 2 2 100 1 2638 5132 652
2236 2 2 100 1 3877 4867 3880
2237 2 2 100 1 3696 4858 2413
2238 2 2 100 1 770 3909 791
2239 2 2 100 1 3048 4563 3515
2240 2 2 100 1 1478 4947 4196
2241 2 2 100 1 4902 4912 4214
2242 2 2 100 1 3882 3903 2210
2243 2 2 100 1 3832 4264 4263
2244 2 2 100 1 3233 3427 3234
2245 2 2 100 1 3970 4308 2679
2246 2 2 100 1 792 4989 3695
2247 2 2 100 1 4070 5019 3599
2248 2 2 100 1 3783 4922 2646
2249 2 2 100 1 3869 5043 3114
2250 2 2 100 1 2565 5038 4078
2251 2 2 100 1 5030 5041 2841
2252 2 2 100 1 3877 3880 3879
2253 2 2 100 1 1730 4256 1783
2254 2 2 100 1 3663 4859 3656
2255 2 2 100 1 5079 5094 3771
2256 2 2 100 1 3627 5137 5120
2257 2 2 100 1 1474 5010 4275
2258 2 2 100 1 3026 4873 3961
2259 2 2 100 1 3031 3905 3904
2260 2 2 100 1 4185 4958 4835
2261 2 2 100 1 1255 4936 3705
2262 2 2 100 1 4244 4850 2381
2263 2 2 100 1 5010 5019 4275
2264 2 2 100 1 303 5095 302
2265 2 2 100 1 962 4902 4214
2266 2 2 100 1 2703 4197 891
2267 2 2 100 1 3969 4308 3970
2268 2 2 100 1 3931 3932 3930
2269 2 2 100 1 1091 4993 1093
2270 2 2 100 1 828 5111 3568
2271 2 2 100 1 3621 5125 5122
2272 2 2 100 1 5048 5062 1112
2273 2 2 100 1 2849 5059 3779
2274 2 2 100 1 4799 5548 4137
2275 2 2 100 1 718 4245 3673
2276 2 2 100 1 3720 5126 4471
2277 2 2 100 1 3913 4797 2603
2278 2 2 100 1 1933 4446 2532
2279 2 2 100 1 1670 4853 4157
2280 2 2 100 1 3990 5014 3988
2281 2 2 100 1 3814 4544 3020
2282 2 2 100 1 2679 3973 3972
2283 2 2 100 1 3807 4910 2404
2284 2 2 100 1 2363 3704 2073
2285 2 2 100 1 2174 3835 3834
2286 2 2 100 1 3891 5505 2456
2287 2 2 100 1 3633 4923 2141
2288 2 2 100 1 2174 4641 3835
2289 2 2 100 1 716 3673 730
2290 2 2 100 1 1530 5150 3557
2291 2 2 100 1 3037 4644 3913
2292 2 2 100 1 2627 3908 3739
2293 2 2 100 1 3768 4608 3603
2294 2 2 100 1 3302 3305 3304
2295 2 2 100 1 4274 4991 4275
2296 2 2 100 1 730 4990 714
2297 2 2 100 1 1854 4126 1856
2298 2 2 100 1 3022 3691 3690
2299 2 2 100 1 3739 3908 3740
2300 2 2 100 1 4920 4943 3635
2301 2 2 100 1 3031 3904 3875
2302 2 2 100 1 894 4197 904
2303 2 2 100 1 1894 4176 3852
2304 2 2 100 1 3023 5013 4900
2305 2 2 100 1 3724 5145 5139
2306 2 2 100 1 2600 4253 2578
2307 2 2 100 1 1142 4928 1111
2308 2 2 100 1 965 5040 3599
2309 2 2 100 1 868 4505 1238
2310 2 2 100 1 2389 4791 1422
2311 2 2 100 1 3012 5008 2363
2312 2 2 100 1 4264 4461 2379
2313 2 2 100 1 1031 4622 1058
2314 2 2 100 1 4352 4676 3572
2315 2 2 100 1 3988 3989 3987
2316 2 2 100 1 2763 4805 3811
2317 2 2 100 1 4947 4973 4196
2318 2 2 100 1 4252 4254 3035
2319 2 2 100 1 3022 3763 3691
2320 2 2 100 1 4231 4757 4670
2321 2 2 100 1 3204 4930 2959
2322 2 2 100 1 1268 4800 1267
2323 2 2 100 1 1317 3848 1315
2324 2 2 100 1 3595 3769 2571
2325 2 2 100 1 3767 4608 3768
2326 2 2 100 1 3039 4126 1854
2327 2 2 100 1 2678 3973 2679
2328 2 2 100 1 3836 4591 3834
2329 2 2 100 1 2839 4932 2834
2330 2 2 100 1 2577 3755 2844
2331 2 2 100 1 307 4023 509
2332 2 2 100 1 525 5559 3428
2333 2 2 100 1 2815 4912 4196
2334 2 2 100 1 3549 5034 3551
2335 2 2 100 1 3643 5032 2843
2336 2 2 100 1 3850 4254 1586
2337 2 2 100 1 1881 3698 3697
2338 2 2 100 1 4184 4893 4816
2339 2 2 100 1 1236 5118 3775
2340 2 2 100 1 1672 4897 3561
2341 2 2 100 1 3037 3913 3912
2342 2 2 100 1 3543 4390 3903
2343 2 2 100 1 441 5555 4337
2344 2 2 100 1 2849 3779 2236
2345 2 2 100 1 692 4587 3911
2346 2 2 100 1 428 4330 3945
2347 2 2 100 1 308 4023 307
2348 2 2 100 1 3834 4591 2174
2349 2 2 100 1 3962 4241 576
2350 2 2 100 1 1797 4308 3969
2351 2 2 100 1 2824 3695 3693
2352 2 2 100 1 718 3673 716
2353 2 2 100 1 3877 3879 3878
2354 2 2 100 1 4227 4229 1884
2355 2 2 100 1 3041 4264 3832
2356 2 2 100 1 2059 3878 2210
2357 2 2 100 1 3489 5684 3368
2358 2 2 100 1 3746 4584 4102
2359 2 2 100 1 1887 4870 3833
2360 2 2 100 1 1881 3697 1243
2361 2 2 100 1 3689 4999 3012
2362 2 2 100 1 4749 4987 3731
2363 2 2 100 1 4229 4231 1884
2364 2 2 100 1 1139 5026 5014
2365 2 2 100 1 1279 5009 4914
2366 2 2 100 1 4044 4346 2701
2367 2 2 100 1 2379 4265 4264
2368 2 2 100 1 3787 3986 1841
2369 2 2 100 1 3831 4261 1174
2370 2 2 100 1 3788 3986 3787
2371 2 2 100 1 3710 4797 3913
2372 2 2 100 1 3661 4890 4888
2373 2 2 100 1 2815 4196 4194
2374 2 2 100 1 3836 4311 810
2375 2 2 100 1 3662 3663 3656
2376 2 2 100 1 330 3823 462
2377 2 2 100 1 744 4544 3814
2378 2 2 100 1 3172 5438 3794
2379 2 2 100 1 1267 4800 3758
2380 2 2 100 1 3032 4584 3746
2381 2 2 100 1 4238 4241 3963
2382 2 2 100 1 1582 4861 1586
2383 2 2 100 1 727 4676 4352
2384 2 2 100 1 5093 5106 3777
2385 2 2 100 1 1732 3699 1233
2386 2 2 100 1 852 4844 3738
2387 2 2 100 1 1632 4891 3686
2388 2 2 100 1 4035 4813 4034
2389 2 2 100 1 1354 3745 2922
2390 2 2 100 1 2628 4903 4721
2391 2 2 100 1 2168 4920 3635
2392 2 2 100 1 822 4565 799
2393 2 2 100 1 3905 4871 1349
2394 2 2 100 1 3999 4915 4000
2395 2 2 100 1 3183 5561 4423
2396 2 2 100 1 1225 3706 1732
2397 2 2 100 1 169 3861 464
2398 2 2 100 1 1743 4468 815
2399 2 2 100 1 747 4914 763
2400 2 2 100 1 5256 5257 4463
2401 2 2 100 1 3830 4360 3870
2402 2 2 100 1 2608 4195 3043
2403 2 2 100 1 3021 3690 3660
2404 2 2 100 1 3638 4850 2791
2405 2 2 100 1 822 4830 3647
2406 2 2 100 1 3832 4261 3831
2407 2 2 100 1 1145 4262 1169
2408 2 2 100 1 4125 4126 3039
2409 2 2 100 1 5105 5703 3260
2410 2 2 100 1 2922 3745 3744
2411 2 2 100 1 2405 4813 4035
2412 2 2 100 1 2838 3773 2212
2413 2 2 100 1 2586 4439 3923
2414 2 2 100 1 3986 3988 3987
2415 2 2 100 1 1267 3712 841
2416 2 2 100 1 1637 4939 3680
2417 2 2 100 1 2158 3690 1022
2418 2 2 100 1 3552 3554 3553
2419 2 2 100 1 3578 3589 3588
2420 2 2 100 1 4323 4324 4205
2421 2 2 100 1 3022 3690 3021
2422 2 2 100 1 4307 4346 4044
2423 2 2 100 1 2571 3769 3603
2424 2 2 100 1 3026 4802 3094
2425 2 2 100 1 4000 4915 758
2426 2 2 100 1 2624 3741 3544
2427 2 2 100 1 3754 4125 3039
2428 2 2 100 1 3537 4944 4198
2429 2 2 100 1 4046 4913 3645
2430 2 2 100 1 3681 4890 3661
2431 2 2 100 1 2787 5034 3549
2432 2 2 100 1 4227 4514 4226
2433 2 2 100 1 2039 3961 3960
2434 2 2 100 1 1720 4334 3715
2435 2 2 100 1 1884 4514 4227
2436 2 2 100 1 4261 4262 1151
2437 2 2 100 1 3870 4360 1353
2438 2 2 100 1 3094 4802 4721
2439 2 2 100 1 1816 5151 3614
2440 2 2 100 1 3820 3824 3823
2441 2 2 100 1 810 4591 3836
2442 2 2 100 1 2743 4490 3766
2443 2 2 100 1 3690 3691 1022
2444 2 2 100 1 3907 4292 3908
2445 2 2 100 1 4089 4280 1053
2446 2 2 100 1 3842 4529 3845
2447 2 2 100 1 3686 4891 4069
2448 2 2 100 1 905 4739 3734
2449 2 2 100 1 3035 4254 3850
2450 2 2 100 1 2606 3906 3717
2451 2 2 100 1 4565 4789 3751
2452 2 2 100 1 4194 4195 2815
2453 2 2 100 1 4195 4426 3043
2454 2 2 100 1 3206 4297 3979
2455 2 2 100 1 3908 4292 791
2456 2 2 100 1 3803 3806 3805
2457 2 2 100 1 338 3918 505
2458 2 2 100 1 3739 4448 2627
2459 2 2 100 1 3898 3899 3628
2460 2 2 100 1 3878 3879 2210
2461 2 2 100 1 4670 4757 2764
2462 2 2 100 1 2057 3878 2059
2463 2 2 100 1 3801 5054 1274
2464 2 2 100 1 3911 4587 2771
2465 2 2 100 1 3862 4622 1031
2466 2 2 100 1 849 4844 852
2467 2 2 100 1 3768 4045 842
2468 2 2 100 1 3870 4620 3812
2469 2 2 100 1 3029 4754 4126
2470 2 2 100 1 3875 4389 3031
2471 2 2 100 1 3685 4948 2845
2472 2 2 100 1 2844 3752 2028
2473 2 2 100 1 3647 4789 4565
2474 2 2 100 1 3566 5025 4975
2475 2 2 100 1 5107 5213 3141
2476 2 2 100 1 2815 4195 2608
2477 2 2 100 1 4090 4280 4089
2478 2 2 100 1 737 4231 663
2479 2 2 100 1 3659 4620 3870
2480 2 2 100 1 2495 3742 2589
2481 2 2 100 1 797 3782 3781
2482 2 2 100 1 2821 3741 2624
2483 2 2 100 1 2845 4948 2596
2484 2 2 100 1 3714 4177 1771
2485 2 2 100 1 3823 3824 462
2486 2 2 100 1 1181 4826 4251
2487 2 2 100 1 3963 4241 3962
2488 2 2 100 1 2563 3777 3776
2489 2 2 100 1 697 3760 702
2490 2 2 100 1 3680 4939 2916
2491 2 2 100 1 3168 5305 5302
2492 2 2 100 1 2039 3960 3959
2493 2 2 100 1 723 4245 720
2494 2 2 100 1 4475 4986 4926
2495 2 2 100 1 3796 5041 5030
2496 2 2 100 1 3693 3756 2824
2497 2 2 100 1 2298 4347 3193
2498 2 2 100 1 3786 4774 2713
2499 2 2 100 1 3991 4442 3987
2500 2 2 100 1 1654 4358 1651
2501 2 2 100 1 4213 4643 4214
2502 2 2 100 1 4064 4281 2246
2503 2 2 100 1 3879 3882 2210
2504 2 2 100 1 3766 4490 1134
2505 2 2 100 1 2132 4911 2141
2506 2 2 100 1 4468 4809 837
2507 2 2 100 1 831 3751 2024
2508 2 2 100 1 3903 4390 2063
2509 2 2 100 1 2791 4850 4835
2510 2 2 100 1 2383 3873 2581
2511 2 2 100 1 2236 3779 2238
2512 2 2 100 1 4999 5008 3012
2513 2 2 100 1 2379 4761 4265
2514 2 2 100 1 3039 4364 3754
2515 2 2 100 1 2690 4637 4111
2516 2 2 100 1 4955 4960 1648
2517 2 2 100 1 2053 3844 2362
2518 2 2 100 1 2354 5171 3574
2519 2 2 100 1 797 3781 790
2520 2 2 100 1 1934 4446 1933
2521 2 2 100 1 3678 3679 3367
2522 2 2 100 1 3665 5096 5092
2523 2 2 100 1 292 4330 428
2524 2 2 100 1 3842 3845 3844
2525 2 2 100 1 3923 4439 3749
2526 2 2 100 1 3073 4919 3686
2527 2 2 100 1 3019 5097 4951
2528 2 2 100 1 593 594 592
2529 2 2 100 1 591 595 593
2530 2 2 100 1 2563 3776 2290
2531 2 2 100 1 3979 4297 2640
2532 2 2 100 1 1209 5087 3778
2533 2 2 100 1 4121 4122 1006
2534 2 2 100 1 3981 4575 3982
2535 2 2 100 1 1763 3873 2383
2536 2 2 100 1 628 3887 630
2537 2 2 100 1 3887 3977 630
2538 2 2 100 1 3919 3920 520
2539 2 2 100 1 1448 3767 832
2540 2 2 100 1 1344 4360 3830
2541 2 2 100 1 3912 4660 3037
2542 2 2 100 1 297 3936 446
2543 2 2 100 1 2414 4895 2413
2544 2 2 100 1 4022 4023 308
2545 2 2 100 1 1270 4292 3907
2546 2 2 100 1 4044 4786 3036
2547 2 2 100 1 3848 4607 1315
2548 2 2 100 1 1175 4711 1174
2549 2 2 100 1 2726 4774 3786
2550 2 2 100 1 3982 4575 2728
2551 2 2 100 1 4226 4514 1536
2552 2 2 100 1 3043 4426 3996
2553 2 2 100 1 1884 4231 737
2554 2 2 100 1 1315 4607 1311
2555 2 2 100 1 2559 3771 3770
2556 2 2 100 1 4927 4939 1637
2557 2 2 100 1 3024 3757 1447
2558 2 2 100 1 3754 4364 4076
2559 2 2 100 1 3115 5081 4935
2560 2 2 100 1 3844 3845 2362
2561 2 2 100 1 3045 4124 3044
2562 2 2 100 1 4816 4893 2732
2563 2 2 100 1 2637 3923 3749
2564 2 2 100 1 3703 4822 2402
2565 2 2 100 1 498 5340 3511
2566 2 2 100 1 702 3760 2100
2567 2 2 100 1 1586 4861 3850
2568 2 2 100 1 1841 4450 3787
2569 2 2 100 1 1321 3806 3803
2570 2 2 100 1 3774 3775 2983
2571 2 2 100 1 3852 4521 1894
2572 2 2 100 1 2268 2927 2269
2573 2 2 100 1 856 3747 857
2574 2 2 100 1 1174 4711 3831
2575 2 2 100 1 5215 5218 2873
2576 2 2 100 1 331 3823 330
2577 2 2 100 1 3765 3766 1134
2578 2 2 100 1 1327 4291 4290
2579 2 2 100 1 2212 3773 2214
2580 2 2 100 1 2690 4111 4051
2581 2 2 100 1 2532 4446 3540
2582 2 2 100 1 3788 3988 3986
2583 2 2 100 1 4048 4785 3059
2584 2 2 100 1 1314 4785 4048
2585 2 2 100 1 309 4022 308
2586 2 2 100 1 3969 4312 1797
2587 2 2 100 1 4931 4948 3685
2588 2 2 100 1 2645 3755 2577
2589 2 2 100 1 1275 4802 2039
2590 2 2 100 1 3792 3794 539
2591 2 2 100 1 1995 4143 2017
2592 2 2 100 1 3857 3883 3860
2593 2 2 100 1 4317 4358 1654
2594 2 2 100 1 2628 3816 1146
2595 2 2 100 1 402 4168 401
2596 2 2 100 1 2415 3756 1909
2597 2 2 100 1 1442 4047 1446
2598 2 2 100 1 5405 5412 2500
2599 2 2 100 1 3818 3819 541
2600 2 2 100 1 916 4307 4043
2601 2 2 100 1 2927 2928 2269
2602 2 2 100 1 336 3759 536
2603 2 2 100 1 2559 3770 2295
2604 2 2 100 1 2304 2512 2500
2605 2 2 100 1 4111 4637 1826
2606 2 2 100 1 3797 3799 538
2607 2 2 100 1 1790 3995 2291
2608 2 2 100 1 170 3861 169
2609 2 2 100 1 3383 5652 3382
2610 2 2 100 1 4205 4345 4323
2611 2 2 100 1 537 3761 353
2612 2 2 100 1 1278 3808 3038
2613 2 2 100 1 1759 3864 2275
2614 2 2 100 1 1273 5038 3743
2615 2 2 100 1 4043 4307 4044
2616 2 2 100 1 1354 4456 3745
2617 2 2 100 1 3728 5108 3748
2618 2 2 100 1 4064 4357 4281
2619 2 2 100 1 341 3919 520
2620 2 2 100 1 3757 3811 1440
2621 2 2 100 1 4245 4875 3576
2622 2 2 100 1 2268 2269 1866
2623 2 2 100 1 1424 4660 3912
2624 2 2 100 1 2627 4448 1678
2625 2 2 100 1 543 3855 3853
2626 2 2 100 1 2403 4858 2402
2627 2 2 100 1 3853 3855 3854
2628 2 2 100 1 1431 4053 1434
2629 2 2 100 1 3073 4927 4919
2630 2 2 100 1 1128 3765 1134
2631 2 2 100 1 1125 4832 3662
2632 2 2 100 1 1053 4452 4089
2633 2 2 100 1 3856 3857 545
2634 2 2 100 1 4211 4356 4212
2635 2 2 100 1 817 3751 831
2636 2 2 100 1 4352 4875 723
2637 2 2 100 1 1146 3816 1140
2638 2 2 100 1 3024 3811 3757
2639 2 2 100 1 2188 5002 4965
2640 2 2 100 1 536 3790 335
2641 2 2 100 1 2862 3774 2983
2642 2 2 100 1 896 4309 898
2643 2 2 100 1 354 3800 537
2644 2 2 100 1 686 4109 683
2645 2 2 100 1 539 3791 182
2646 2 2 100 1 183 3792 539
2647 2 2 100 1 3592 3593 2502
2648 2 2 100 1 4143 4144 2017
2649 2 2 100 1 4123 4124 3049
2650 2 2 100 1 741 3814 754
2651 2 2 100 1 179 3797 538
2652 2 2 100 1 2216 4491 2203
2653 2 2 100 1 2050 3844 2053
2654 2 2 100 1 1717 4334 1720
2655 2 2 100 1 1183 3753 1197
2656 2 2 100 1 2367 4968 3024
2657 2 2 100 1 796 3780 822
2658 2 2 100 1 3856 3883 3857
2659 2 2 100 1 1048 3954 1202
2660 2 2 100 1 1777 4045 2599
2661 2 2 100 1 3668 4809 4468
2662 2 2 100 1 1335 4389 3875
2663 2 2 100 1 540 3809 186
2664 2 2 100 1 538 3810 178
2665 2 2 100 1 4026 4226 1536
2666 2 2 100 1 3316 3319 3295
2667 2 2 100 1 3781 3783 3780
2668 2 2 100 1 4309 4764 3923
2669 2 2 100 1 3880 3881 3879
2670 2 2 100 1 4108 4359 3637
2671 2 2 100 1 1274 3795 1107
2672 2 2 100 1 2304 2500 2474
2673 2 2 100 1 1105 3801 1274
2674 2 2 100 1 3846 3876 2362
2675 2 2 100 1 4124 4388 3044
2676 2 2 100 1 563 4168 402
2677 2 2 100 1 3239 3240 3237
2678 2 2 100 1 1894 4521 1761
2679 2 2 100 1 846 4045 1777
2680 2 2 100 1 4156 4853 3786
2681 2 2 100 1 3883 3884 3860
2682 2 2 100 1 187 3817 540
2683 2 2 100 1 2291 3995 2626
2684 2 2 100 1 2157 4732 4184
2685 2 2 100 1 332 3818 541
2686 2 2 100 1 3514 5068 4894
2687 2 2 100 1 3024 4953 3811
2688 2 2 100 1 1154 3959 1155
2689 2 2 100 1 3803 3804 1725
2690 2 2 100 1 1446 4047 2609
2691 2 2 100 1 2337 2351 1890
2692 2 2 100 1 1058 4622 1181
2693 2 2 100 1 1021 3862 1031
2694 2 2 100 1 175 3828 542
2695 2 2 100 1 818 3837 677
2696 2 2 100 1 4269 4525 3996
2697 2 2 100 1 2315 3752 3163
2698 2 2 100 1 4151 4152 4149
2699 2 2 100 1 3022 4462 3763
2700 2 2 100 1 1243 3697 1247
2701 2 2 100 1 3763 4462 2150
2702 2 2 100 1 2484 2941 2454
2703 2 2 100 1 1247 3697 1784
2704 2 2 100 1 2039 3959 1154
2705 2 2 100 1 4221 4222 4220
2706 2 2 100 1 1949 3998 2636
2707 2 2 100 1 1447 3757 1435
2708 2 2 100 1 2605 3906 2606
2709 2 2 100 1 699 3760 697
2710 2 2 100 1 1338 3904 1349
2711 2 2 100 1 1777 1890 1694
2712 2 2 100 1 692 3911 3808
2713 2 2 100 1 2334 2454 2333
2714 2 2 100 1 3176 3177 2927
2715 2 2 100 1 2427 4776 3746
2716 2 2 100 1 3987 4442 3985
2717 2 2 100 1 959 4290 961
2718 2 2 100 1 544 3840 190
2719 2 2 100 1 4068 4329 3255
2720 2 2 100 1 4078 5038 1273
2721 2 2 100 1 1341 4104 1345
2722 2 2 100 1 863 3813 866
2723 2 2 100 1 1235 1881 1243
2724 2 2 100 1 542 3849 174
2725 2 2 100 1 1656 4317 1654
2726 2 2 100 1 4835 4958 2791
2727 2 2 100 1 2303 4329 4068
2728 2 2 100 1 1434 4053 2366
2729 2 2 100 1 2826 4099 4096
2730 2 2 100 1 4466 5004 1544
2731 2 2 100 1 3761 3762 494
2732 2 2 100 1 3049 4124 3045
2733 2 2 100 1 2337 3154 2351
2734 2 2 100 1 5089 5159 2317
2735 2 2 100 1 3061 4559 4251
2736 2 2 100 1 3740 4896 2825
2737 2 2 100 1 3407 5700 2293
2738 2 2 100 1 2360 4071 2639
2739 2 2 100 1 3867 4519 2135
2740 2 2 100 1 1777 2337 1890
2741 2 2 100 1 2451 3874 3333
2742 2 2 100 1 3871 3873 1763
2743 2 2 100 1 2203 4491 3103
2744 2 2 100 1 3767 3768 842
2745 2 2 100 1 611 4881 3711
2746 2 2 100 1 2494 3742 2495
2747 2 2 100 1 3836 4440 4311
2748 2 2 100 1 3749 3922 2637
2749 2 2 100 1 2186 4880 4683
2750 2 2 100 1 1518 4450 1841
2751 2 2 100 1 1319 3803 1725
2752 2 2 100 1 813 837 812
2753 2 2 100 1 654 4110 659
2754 2 2 100 1 3075 3890 2276
2755 2 2 100 1 1023 3733 3732
2756 2 2 100 1 3813 4765 4505
2757 2 2 100 1 1917 2268 1866
2758 2 2 100 1 4067 4144 4143
2759 2 2 100 1 2028 3752 2027
2760 2 2 100 1 852 4933 853
2761 2 2 100 1 171 3856 545
2762 2 2 100 1 1375 3871 1763
2763 2 2 100 1 1233 3699 1235
2764 2 2 100 1 1909 3756 1911
2765 2 2 100 1 2024 2025 1448
2766 2 2 100 1 3669 4197 3630
2767 2 2 100 1 1247 1784 1682
2768 2 2 100 1 3846 3877 3876
2769 2 2 100 1 543 3853 357
2770 2 2 100 1 576 4630 3962
2771 2 2 100 1 3808 3911 3038
2772 2 2 100 1 687 3808 1278
2773 2 2 100 1 1220 3706 1225
2774 2 2 100 1 741 754 740
2775 2 2 100 1 2042 2494 2043
2776 2 2 100 1 4832 5015 3663
2777 2 2 100 1 4046 4178 1600
2778 2 2 100 1 2026 2027 2025
2779 2 2 100 1 2315 3162 2571
2780 2 2 100 1 1269 2042 2041
2781 2 2 100 1 4051 4110 2690
2782 2 2 100 1 4219 4221 4220
2783 2 2 100 1 2044 4109 686
2784 2 2 100 1 2621 3888 2616
2785 2 2 100 1 1327 4290 959
2786 2 2 100 1 846 1777 1694
2787 2 2 100 1 454 4162 4161
2788 2 2 100 1 497 3798 3797
2789 2 2 100 1 502 3793 3792
2790 2 2 100 1 3700 3701 530
2791 2 2 100 1 4071 4072 2639
2792 2 2 100 1 3996 4525 3043
2793 2 2 100 1 3881 5016 3882
2794 2 2 100 1 824 1743 815
2795 2 2 100 1 4134 4137 4136
2796 2 2 100 1 328 4630 576
2797 2 2 100 1 381 4132 465
2798 2 2 100 1 4882 4891 1632
2799 2 2 100 1 4131 4133 4132
2800 2 2 100 1 900 3922 902
2801 2 2 100 1 1225 1732 1233
2802 2 2 100 1 2100 4180 4179
2803 2 2 100 1 4219 4220 4218
2804 2 2 100 1 3499 3865 3864
2805 2 2 100 1 1344 3830 1880
2806 2 2 100 1 1926 3891 2456
2807 2 2 100 1 2334 2484 2454
2808 2 2 100 1 460 4022 309
2809 2 2 100 1 837 2031 2030
2810 2 2 100 1 1785 2304 1787
2811 2 2 100 1 839 4036 821
2812 2 2 100 1 1336 3904 1338
2813 2 2 100 1 1216 1237 1220
2814 2 2 100 1 2031 2334 2333
2815 2 2 100 1 2394 3812 2398
2816 2 2 100 1 4018 4019 4017
2817 2 2 100 1 4251 4559 1181
2818 2 2 100 1 2563 3778 3777
2819 2 2 100 1 4075 4959 1084
2820 2 2 100 1 1235 3699 1881
2821 2 2 100 1 2157 4184 4183
2822 2 2 100 1 803 812 752
2823 2 2 100 1 2653 2936 2864
2824 2 2 100 1 4721 4903 3094
2825 2 2 100 1 4134 4136 4135
2826 2 2 100 1 1651 4358 1585
2827 2 2 100 1 1827 4909 4595
2828 2 2 100 1 831 1448 832
2829 2 2 100 1 1345 4104 1818
2830 2 2 100 1 3554 3565 3553
2831 2 2 100 1 2633 4105 4104
2832 2 2 100 1 454 4163 4162
2833 2 2 100 1 3892 3893 2389
2834 2 2 100 1 739 740 732
2835 2 2 100 1 834 3767 842
2836 2 2 100 1 3034 3916 3915
2837 2 2 100 1 3050 4444 4189
2838 2 2 100 1 3625 3627 3626
2839 2 2 100 1 2147 4099 2368
2840 2 2 100 1 4215 4590 4311
2841 2 2 100 1 2027 2315 2029
2842 2 2 100 1 2362 3876 2055
2843 2 2 100 1 4060 4062 4059
2844 2 2 100 1 3832 4262 4261
2845 2 2 100 1 904 4309 896
2846 2 2 100 1 832 3767 834
2847 2 2 100 1 454 4161 400
2848 2 2 100 1 3245 5359 3244
2849 2 2 100 1 2351 3007 2352
2850 2 2 100 1 2973 4186 2399
2851 2 2 100 1 1587 4254 1591
2852 2 2 100 1 2031 2333 2332
2853 2 2 100 1 3912 3913 2603
2854 2 2 100 1 860 1269 862
2855 2 2 100 1 2495 2589 2588
2856 2 2 100 1 5121 5140 3082
2857 2 2 100 1 3875 3904 1336
2858 2 2 100 1 744 3814 741
2859 2 2 100 1 4010 4016 4007
2860 2 2 100 1 866 4505 868
2861 2 2 100 1 4132 4133 465
2862 2 2 100 1 4505 4765 3667
2863 2 2 100 1 1457 4575 3981
2864 2 2 100 1 199 3914 548
2865 2 2 100 1 3841 3842 2049
2866 2 2 100 1 1269 2041 862
2867 2 2 100 1 3904 3905 1349
2868 2 2 100 1 739 741 740
2869 2 2 100 1 2315 3163 3162
2870 2 2 100 1 2880 4176 2241
2871 2 2 100 1 3664 4176 2880
2872 2 2 100 1 2042 2043 2041
2873 2 2 100 1 4683 4880 3088
2874 2 2 100 1 993 4452 1053
2875 2 2 100 1 3853 3854 480
2876 2 2 100 1 831 2024 1448
2877 2 2 100 1 657 3984 2638
2878 2 2 100 1 3782 3783 3781
2879 2 2 100 1 2824 3756 2415
2880 2 2 100 1 2559 3772 3771
2881 2 2 100 1 1260 1267 841
2882 2 2 100 1 3034 3915 2419
2883 2 2 100 1 3985 4442 1514
2884 2 2 100 1 2024 2026 2025
2885 2 2 100 1 4016 4018 4017
2886 2 2 100 1 1702 1866 1268
2887 2 2 100 1 846 1694 847
2888 2 2 100 1 2847 5075 5065
2889 2 2 100 1 3128 3742 2494
2890 2 2 100 1 5032 5039 3990
2891 2 2 100 1 2081 4155 2096
2892 2 2 100 1 3947 3948 1294
2893 2 2 100 1 1955 3983 2250
2894 2 2 100 1 2010 4329 2303
2895 2 2 100 1 1183 1197 1195
2896 2 2 100 1 2368 4099 2826
2897 2 2 100 1 1448 4608 3767
2898 2 2 100 1 4080 4154 4081
2899 2 2 100 1 3816 4721 1275
2900 2 2 100 1 2870 4519 3867
2901 2 2 100 1 2027 3752 2315
2902 2 2 100 1 4048 4883 1500
2903 2 2 100 1 3857 3859 3858
2904 2 2 100 1 3868 3869 818
2905 2 2 100 1 1333 3875 1336
2906 2 2 100 1 1711 3921 1710
2907 2 2 100 1 346 3713 535
2908 2 2 100 1 3845 3846 2362
2909 2 2 100 1 2879 3129 2880
2910 2 2 100 1 2984 3557 2986
2911 2 2 100 1 2496 3128 2494
2912 2 2 100 1 1749 3892 2389
2913 2 2 100 1 3499 3864 1796
2914 2 2 100 1 817 831 830
2915 2 2 100 1 298 3936 297
2916 2 2 100 1 796 822 799
2917 2 2 100 1 2026 2028 2027
2918 2 2 100 1 508 3924 300
2919 2 2 100 1 2494 2495 2043
2920 2 2 100 1 520 3917 340
2921 2 2 100 1 2099 4072 4071
2922 2 2 100 1 2577 2844 2028
2923 2 2 100 1 2928 3004 2929
2924 2 2 100 1 3911 4910 3038
2925 2 2 100 1 2290 3776 2336
2926 2 2 100 1 2653 2864 2648
2927 2 2 100 1 807 3751 817
2928 2 2 100 1 2862 2983 2982
2929 2 2 100 1 4229 4757 4231
2930 2 2 100 1 1160 3753 1183
2931 2 2 100 1 576 4241 4232
2932 2 2 100 1 803 813 812
2933 2 2 100 1 3947 3950 3948
2934 2 2 100 1 446 3937 296
2935 2 2 100 1 632 3977 636
2936 2 2 100 1 4281 4357 942
2937 2 2 100 1 2399 4186 2396
2938 2 2 100 1 4622 4826 1181
2939 2 2 100 1 2298 3193 3192
2940 2 2 100 1 3917 3918 339
2941 2 2 100 1 2235 2849 2236
2942 2 2 100 1 2402 4822 1864
2943 2 2 100 1 4010 4037 4021
2944 2 2 100 1 2355 3955 2796
2945 2 2 100 1 834 842 836
2946 2 2 100 1 1237 3706 1220
2947 2 2 100 1 1046 3954 1048
2948 2 2 100 1 4081 4154 4084
2949 2 2 100 1 3841 4065 3843
2950 2 2 100 1 2034 3874 2451
2951 2 2 100 1 1270 3907 1470
2952 2 2 100 1 3975 3976 1781
2953 2 2 100 1 2649 2653 2648
2954 2 2 100 1 4010 4018 4016
2955 2 2 100 1 2336 3774 2862
2956 2 2 100 1 794 3780 796
2957 2 2 100 1 3131 3705 3091
2958 2 2 100 1 3793 3794 3792
2959 2 2 100 1 4006 4016 460
2960 2 2 100 1 3044 4388 4336
2961 2 2 100 1 1264 4512 1797
2962 2 2 100 1 1426 3912 2603
2963 2 2 100 1 2279 4005 4004
2964 2 2 100 1 3788 3990 3988
2965 2 2 100 1 3079 3568 3080
2966 2 2 100 1 4314 4316 2152
2967 2 2 100 1 3803 3805 3804
2968 2 2 100 1 1649 4244 2104
2969 2 2 100 1 3190 4597 4320
2970 2 2 100 1 361 4219 4218
2971 2 2 100 1 3597 3614 3608
2972 2 2 100 1 1771 4177 1265
2973 2 2 100 1 505 3759 337
2974 2 2 100 1 843 846 845
2975 2 2 100 1 2879 2880 2241
2976 2 2 100 1 3798 3799 3797
2977 2 2 100 1 1043 3947 1294
2978 2 2 100 1 788 797 790
2979 2 2 100 1 2637 3922 900
2980 2 2 100 1 783 3784 786
2981 2 2 100 1 3845 3847 3846
2982 2 2 100 1 2482 2904 2323
2983 2 2 100 1 2336 3776 3774
2984 2 2 100 1 352 3761 494
2985 2 2 100 1 790 3781 794
2986 2 2 100 1 1911 3756 2211
2987 2 2 100 1 2047 3841 2049
2988 2 2 100 1 3887 4838 3886
2989 2 2 100 1 3899 3900 2737
2990 2 2 100 1 1452 4518 1450
2991 2 2 100 1 3841 3843 3842
2992 2 2 100 1 2276 3890 1930
2993 2 2 100 1 1796 3864 1759
2994 2 2 100 1 294 3940 293
2995 2 2 100 1 2326 3978 1964
2996 2 2 100 1 3238 3242 3239
2997 2 2 100 1 781 784 783
2998 2 2 100 1 1022 3862 1021
2999 2 2 100 1 2151 3964 1494
3000 2 2 100 1 2640 4297 3983
3001 2 2 100 1 3529 5001 3531
3002 2 2 100 1 868 1238 870
3003 2 2 100 1 3129 3600 2880
3004 2 2 100 1 2636 3958 1947
3005 2 2 100 1 926 4541 4456
3006 2 2 100 1 1871 4359 4108
3007 2 2 100 1 679 3868 818
3008 2 2 100 1 4311 4590 810
3009 2 2 100 1 3999 4000 3117
3010 2 2 100 1 4189 4444 1622
3011 2 2 100 1 1155 3959 1160
3012 2 2 100 1 824 3712 1743
3013 2 2 100 1 4043 4484 916
3014 2 2 100 1 4007 4016 4006
3015 2 2 100 1 3857 3858 545
3016 2 2 100 1 1319 1725 1317
3017 2 2 100 1 841 3712 824
3018 2 2 100 1 1997 4143 1995
3019 2 2 100 1 4177 4531 1240
3020 2 2 100 1 344 523 343
3021 2 2 100 1 1797 4312 1535
3022 2 2 100 1 849 852 851
3023 2 2 100 1 2647 2648 2645
3024 2 2 100 1 1915 4211 1914
3025 2 2 100 1 1310 1315 1311
3026 2 2 100 1 1259 4814 4810
3027 2 2 100 1 1817 5129 3839
3028 2 2 100 1 2238 2563 2290
3029 2 2 100 1 3612 3839 3616
3030 2 2 100 1 2295 3770 2473
3031 2 2 100 1 1753 2302 1734
3032 2 2 100 1 659 4110 666
3033 2 2 100 1 872 1272 874
3034 2 2 100 1 1308 1310 1309
3035 2 2 100 1 754 3570 2032
3036 2 2 100 1 3959 3960 3753
3037 2 2 100 1 1578 4795 4769
3038 2 2 100 1 3554 3567 3565
3039 2 2 100 1 1759 2275 1757
3040 2 2 100 1 346 535 345
3041 2 2 100 1 310 4006 460
3042 2 2 100 1 341 520 340
3043 2 2 100 1 2690 4110 654
3044 2 2 100 1 1326 3995 1790
3045 2 2 100 1 554 3992 364
3046 2 2 100 1 3373 3374 3371
3047 2 2 100 1 973 4001 1018
3048 2 2 100 1 1321 3803 1319
3049 2 2 100 1 3876 3878 2057
3050 2 2 100 1 4036 4282 821
3051 2 2 100 1 3693 3694 2838
3052 2 2 100 1 365 3993 554
3053 2 2 100 1 1306 4179 2685
3054 2 2 100 1 1325 1773 1326
3055 2 2 100 1 2211 2838 2212
3056 2 2 100 1 2394 2398 2396
3057 2 2 100 1 1204 4025 1203
3058 2 2 100 1 482 3883 3856
3059 2 2 100 1 2242 2879 2241
3060 2 2 100 1 2194 2235 2234
3061 2 2 100 1 492 4566 4024
3062 2 2 100 1 3606 5237 5109
3063 2 2 100 1 1825 2605 2604
3064 2 2 100 1 661 3984 657
3065 2 2 100 1 2860 3121 2635
3066 2 2 100 1 2473 3770 3079
3067 2 2 100 1 3714 4531 4177
3068 2 2 100 1 181 3791 497
3069 2 2 100 1 2291 2539 2292
3070 2 2 100 1 2157 4183 1543
3071 2 2 100 1 555 3997 368
3072 2 2 100 1 2643 4052 999
3073 2 2 100 1 3857 3860 3859
3074 2 2 100 1 769 771 770
3075 2 2 100 1 677 3837 675
3076 2 2 100 1 2398 2399 2396
3077 2 2 100 1 1439 4047 1442
3078 2 2 100 1 502 3792 184
3079 2 2 100 1 4049 4050 1279
3080 2 2 100 1 342 3919 341
3081 2 2 100 1 401 4168 454
3082 2 2 100 1 349 516 348
3083 2 2 100 1 497 3797 180
3084 2 2 100 1 334 3790 483
3085 2 2 100 1 2268 3789 3176
3086 2 2 100 1 2671 3999 3117
3087 2 2 100 1 4056 4060 4059
3088 2 2 100 1 1310 1311 1309
3089 2 2 100 1 837 2030 812
3090 2 2 100 1 4487 4697 2685
3091 2 2 100 1 3363 3437 3436
3092 2 2 100 1 771 773 772
3093 2 2 100 1 2616 3888 2614
3094 2 2 100 1 3162 3595 2571
3095 2 2 100 1 3610 3613 3612
3096 2 2 100 1 492 4024 313
3097 2 2 100 1 2152 4317 1656
3098 2 2 100 1 480 3800 355
3099 2 2 100 1 1428 4053 1431
3100 2 2 100 1 773 775 774
3101 2 2 100 1 185 3809 502
3102 2 2 100 1 2855 3011 2854
3103 2 2 100 1 1308 1309 1307
3104 2 2 100 1 775 777 776
3105 2 2 100 1 1782 3975 1781
3106 2 2 100 1 4268 4600 4465
3107 2 2 100 1 428 4032 291
3108 2 2 100 1 1122 3765 1128
3109 2 2 100 1 1147 1275 1154
3110 2 2 100 1 683 4109 681
3111 2 2 100 1 339 3918 338
3112 2 2 100 1 3746 4102 2068
3113 2 2 100 1 1442 1446 1444
3114 2 2 100 1 1523 4255 1521
3115 2 2 100 1 177 3810 495
3116 2 2 100 1 3008 3262 3010
3117 2 2 100 1 2473 3079 2525
3118 2 2 100 1 775 776 774
3119 2 2 100 1 2170 3885 2173
3120 2 2 100 1 771 772 770
3121 2 2 100 1 767 769 768
3122 2 2 100 1 773 774 772
3123 2 2 100 1 3715 4680 1720
3124 2 2 100 1 2890 3091 2498
3125 2 2 100 1 1951 3998 1949
3126 2 2 100 1 1521 4255 1524
3127 2 2 100 1 1303 4179 1306
3128 2 2 100 1 4206 4210 4201
3129 2 2 100 1 1306 1308 1307
3130 2 2 100 1 3717 3724 3718
3131 2 2 100 1 360 4218 448
3132 2 2 100 1 1446 1824 1444
3133 2 2 100 1 3924 3925 552
3134 2 2 100 1 4116 4117 4115
3135 2 2 100 1 2653 3910 2950
3136 2 2 100 1 483 3818 333
3137 2 2 100 1 704 729 701
3138 2 2 100 1 1325 1326 1324
3139 2 2 100 1 769 770 768
3140 2 2 100 1 2398 2400 2399
3141 2 2 100 1 853 856 855
3142 2 2 100 1 727 4352 724
3143 2 2 100 1 338 505 337
3144 2 2 100 1 794 3781 3780
3145 2 2 100 1 2392 3812 2394
3146 2 2 100 1 489 3817 188
3147 2 2 100 1 697 702 696
3148 2 2 100 1 1138 1146 1140
3149 2 2 100 1 3372 3377 3373
3150 2 2 100 1 495 3828 176
3151 2 2 100 1 1591 4254 4252
3152 2 2 100 1 1446 2034 1824
3153 2 2 100 1 352 494 351
3154 2 2 100 1 2454 3750 2546
3155 2 2 100 1 510 4221 4219
3156 2 2 100 1 1939 3980 2436
3157 2 2 100 1 4803 4864 4315
3158 2 2 100 1 1734 3806 1321
3159 2 2 100 1 2100 4179 1301
3160 2 2 100 1 2034 2451 1824
3161 2 2 100 1 4203 4208 4207
3162 2 2 100 1 1128 1134 1133
3163 2 2 100 1 2091 4071 2360
3164 2 2 100 1 3754 4076 1289
3165 2 2 100 1 2458 3184 3075
3166 2 2 100 1 2825 3635 2823
3167 2 2 100 1 2634 2635 2605
3168 2 2 100 1 1908 2415 1909
3169 2 2 100 1 2795 4031 3530
3170 2 2 100 1 3928 3929 3927
3171 2 2 100 1 3795 3796 1142
3172 2 2 100 1 3819 3821 3820
3173 2 2 100 1 1496 4048 1500
3174 2 2 100 1 3613 3839 3612
3175 2 2 100 1 2218 2854 2425
3176 2 2 100 1 1790 2291 1915
3177 2 2 100 1 382 4132 381
3178 2 2 100 1 3764 3862 3691
3179 2 2 100 1 2400 2942 2399
3180 2 2 100 1 2045 2769 2047
3181 2 2 100 1 385 4305 511
3182 2 2 100 1 2053 2362 2055
3183 2 2 100 1 556 4038 373
3184 2 2 100 1 3824 3825 462
3185 2 2 100 1 4822 4874 2408
3186 2 2 100 1 898 4309 2637
3187 2 2 100 1 1032 4060 4055
3188 2 2 100 1 1487 4506 1489
3189 2 2 100 1 1724 1825 1723
3190 2 2 100 1 1313 1325 1324
3191 2 2 100 1 860 862 861
3192 2 2 100 1 3925 3927 3926
3193 2 2 100 1 1140 3816 1147
3194 2 2 100 1 1717 1720 1716
3195 2 2 100 1 2604 4334 1723
3196 2 2 100 1 1690 3872 3871
3197 2 2 100 1 189 3840 489
3198 2 2 100 1 1135 1138 1137
3199 2 2 100 1 2315 2571 2029
3200 2 2 100 1 2055 3876 2057
3201 2 2 100 1 4456 4541 3745
3202 2 2 100 1 857 3747 860
3203 2 2 100 1 2214 2559 2295
3204 2 2 100 1 2291 2292 1915
3205 2 2 100 1 1049 1205 1055
3206 2 2 100 1 1289 4076 1287
3207 2 2 100 1 3715 4334 2604
3208 2 2 100 1 1336 1338 1337
3209 2 2 100 1 1333 1336 1334
3210 2 2 100 1 2606 3717 3716
3211 2 2 100 1 4415 4417 4385
3212 2 2 100 1 2941 3750 2454
3213 2 2 100 1 1338 1340 1339
3214 2 2 100 1 2573 4074 3569
3215 2 2 100 1 1763 2383 2382
3216 2 2 100 1 4263 5015 1169
3217 2 2 100 1 2383 2580 2579
3218 2 2 100 1 4094 4095 2209
3219 2 2 100 1 4112 4113 2427
3220 2 2 100 1 4129 4130 560
3221 2 2 100 1 1340 4104 1341
3222 2 2 100 1 558 4116 4114
3223 2 2 100 1 4134 4135 465
3224 2 2 100 1 3819 3820 541
3225 2 2 100 1 2769 3841 2047
3226 2 2 100 1 1911 2211 1913
3227 2 2 100 1 784 3784 783
3228 2 2 100 1 1116 1271 1122
3229 2 2 100 1 2539 2540 2292
3230 2 2 100 1 2416 2823 2415
3231 2 2 100 1 1131 3802 3801
3232 2 2 100 1 4323 4345 162
3233 2 2 100 1 356 3853 480
3234 2 2 100 1 1109 1142 1111
3235 2 2 100 1 4114 4116 4115
3236 2 2 100 1 1536 4488 4026
3237 2 2 100 1 2027 2029 2025
3238 2 2 100 1 1957 3983 1955
3239 2 2 100 1 1434 1447 1435
3240 2 2 100 1 772 4772 3909
3241 2 2 100 1 4311 4440 2664
3242 2 2 100 1 3937 3938 551
3243 2 2 100 1 2104 4244 2381
3244 2 2 100 1 842 4045 843
3245 2 2 100 1 2152 4319 4314
3246 2 2 100 1 173 3849 482
3247 2 2 100 1 2451 3333 2566
3248 2 2 100 1 3004 3562 3005
3249 2 2 100 1 710 733 708
3250 2 2 100 1 3121 3629 2635
3251 2 2 100 1 336 536 335
3252 2 2 100 1 1375 1763 1374
3253 2 2 100 1 4201 4210 4200
3254 2 2 100 1 4055 4060 4056
3255 2 2 100 1 630 3977 632
3256 2 2 100 1 1784 1785 1682
3257 2 2 100 1 2059 2210 2061
3258 2 2 100 1 1335 3875 1333
3259 2 2 100 1 1306 1307 1305
3260 2 2 100 1 2173 4335 2171
3261 2 2 100 1 4080 4081 1295
3262 2 2 100 1 1543 4183 1546
3263 2 2 100 1 668 4049 1279
3264 2 2 100 1 685 687 686
3265 2 2 100 1 2983 2984 2982
3266 2 2 100 1 541 3823 331
3267 2 2 100 1 857 860 859
3268 2 2 100 1 3029 4125 2071
3269 2 2 100 1 354 537 353
3270 2 2 100 1 2400 2943 2942
3271 2 2 100 1 2836 4070 2376
3272 2 2 100 1 961 4290 4289
3273 2 2 100 1 1434 1435 1433
3274 2 2 100 1 1422 4791 1420
3275 2 2 100 1 2143 4094 2209
3276 2 2 100 1 3734 3736 3735
3277 2 2 100 1 1825 2604 1723
3278 2 2 100 1 2654 3886 3885
3279 2 2 100 1 400 4161 399
3280 2 2 100 1 1715 1716 1714
3281 2 2 100 1 3686 4069 2913
3282 2 2 100 1 3812 4620 2398
3283 2 2 100 1 2321 4005 2281
3284 2 2 100 1 916 4484 917
3285 2 2 100 1 482 3856 172
3286 2 2 100 1 1457 3981 1461
3287 2 2 100 1 1586 4254 1587
3288 2 2 100 1 2257 3955 2355
3289 2 2 100 1 2240 2241 1895
3290 2 2 100 1 2268 3176 2927
3291 2 2 100 1 2068 4102 1676
3292 2 2 100 1 1972 4100 2314
3293 2 2 100 1 3027 3028 1773
3294 2 2 100 1 3940 4330 293
3295 2 2 100 1 440 3994 3993
3296 2 2 100 1 2211 3693 2838
3297 2 2 100 1 2451 2566 2452
3298 2 2 100 1 2580 2583 2582
3299 2 2 100 1 1431 1434 1433
3300 2 2 100 1 2225 4509 3147
3301 2 2 100 1 4009 4037 4010
3302 2 2 100 1 3830 3870 3812
3303 2 2 100 1 1573 4449 4267
3304 2 2 100 1 1809 2249 1807
3305 2 2 100 1 2939 3966 3423
3306 2 2 100 1 2302 3806 1734
3307 2 2 100 1 1437 1440 1439
3308 2 2 100 1 758 4915 4901
3309 2 2 100 1 1134 1135 1133
3310 2 2 100 1 1749 2389 1422
3311 2 2 100 1 4302 4476 2687
3312 2 2 100 1 1893 1894 1761
3313 2 2 100 1 181 497 180
3314 2 2 100 1 3618 3621 3620
3315 2 2 100 1 4465 4600 820
3316 2 2 100 1 902 3922 907
3317 2 2 100 1 2540 2543 2542
3318 2 2 100 1 4820 4844 1694
3319 2 2 100 1 2961 4492 4354
3320 2 2 100 1 702 2100 1301
3321 2 2 100 1 183 539 182
3322 2 2 100 1 1100 1131 1102
3323 2 2 100 1 1340 1341 1339
3324 2 2 100 1 2458 3075 2276
3325 2 2 100 1 557 4142 4140
3326 2 2 100 1 1338 1339 1337
3327 2 2 100 1 1328 1329 1146
3328 2 2 100 1 3597 3608 3607
3329 2 2 100 1 185 502 184
3330 2 2 100 1 2610 3874 2034
3331 2 2 100 1 1812 1908 1907
3332 2 2 100 1 878 1215 880
3333 2 2 100 1 3763 3764 3691
3334 2 2 100 1 1349 2633 1340
3335 2 2 100 1 831 832 830
3336 2 2 100 1 1102 3801 1105
3337 2 2 100 1 1138 1140 1137
3338 2 2 100 1 2605 2606 2604
3339 2 2 100 1 564 4201 4200
3340 2 2 100 1 1032 4055 946
3341 2 2 100 1 2304 2474 1787
3342 2 2 100 1 731 732 727
3343 2 2 100 1 1426 2603 1428
3344 2 2 100 1 3038 3807 2607
3345 2 2 100 1 1336 1337 1334
3346 2 2 100 1 4095 4243 4098
3347 2 2 100 1 3203 3204 2959
3348 2 2 100 1 685 686 683
3349 2 2 100 1 2402 4858 3703
3350 2 2 100 1 1450 4518 2169
3351 2 2 100 1 1332 1333 1331
3352 2 2 100 1 3989 3991 3987
3353 2 2 100 1 4010 4021 4018
3354 2 2 100 1 2061 3903 2063
3355 2 2 100 1 1900 3892 1749
3356 2 2 100 1 179 538 178
3357 2 2 100 1 4106 4293 1818
3358 2 2 100 1 1105 1274 1107
3359 2 2 100 1 724 4352 723
3360 2 2 100 1 687 1278 686
3361 2 2 100 1 691 693 692
3362 2 2 100 1 4076 4364 1297
3363 2 2 100 1 2855 3542 3011
3364 2 2 100 1 2065 2218 2067
3365 2 2 100 1 1303 1306 1305
3366 2 2 100 1 2367 3024 1447
3367 2 2 100 1 3837 3838 1277
3368 2 2 100 1 2426 4112 2427
3369 2 2 100 1 738 739 732
3370 2 2 100 1 1832 4036 839
3371 2 2 100 1 681 3868 679
3372 2 2 100 1 2306 4025 3420
3373 2 2 100 1 3907 3908 2627
3374 2 2 100 1 2772 4349 1334
3375 2 2 100 1 4140 4142 4141
3376 2 2 100 1 1341 1345 1343
3377 2 2 100 1 1880 3830 2392
3378 2 2 100 1 1821 4697 4487
3379 2 2 100 1 187 540 186
3380 2 2 100 1 4104 4105 1818
3381 2 2 100 1 1722 1723 1719
3382 2 2 100 1 2218 2855 2854
3383 2 2 100 1 4094 4243 4095
3384 2 2 100 1 562 4159 4158
3385 2 2 100 1 1330 1331 1329
3386 2 2 100 1 334 483 333
3387 2 2 100 1 1379 1690 1377
3388 2 2 100 1 177 495 176
3389 2 2 100 1 930 4456 1354
3390 2 2 100 1 3675 4791 3674
3391 2 2 100 1 2454 2546 2333
3392 2 2 100 1 2351 2352 1890
3393 2 2 100 1 4316 4317 2152
3394 2 2 100 1 2235 2236 2234
3395 2 2 100 1 1473 2627 1678
3396 2 2 100 1 1334 4349 1331
3397 2 2 100 1 2031 2332 2030
3398 2 2 100 1 2079 4155 2081
3399 2 2 100 1 999 4052 1001
3400 2 2 100 1 1424 3912 1426
3401 2 2 100 1 356 480 355
3402 2 2 100 1 3693 3695 3694
3403 2 2 100 1 2238 3779 2563
3404 2 2 100 1 2902 4127 932
3405 2 2 100 1 1107 3795 1109
3406 2 2 100 1 1999 4066 1997
3407 2 2 100 1 1160 3959 3753
3408 2 2 100 1 1834 2654 2170
3409 2 2 100 1 2779 4732 3078
3410 2 2 100 1 4406 4447 4237
3411 2 2 100 1 679 818 677
3412 2 2 100 1 923 4303 926
3413 2 2 100 1 2218 4390 2855
3414 2 2 100 1 1373 1374 1371
3415 2 2 100 1 4057 4172 1296
3416 2 2 100 1 4863 4892 3056
3417 2 2 100 1 767 768 766
3418 2 2 100 1 2543 2544 2542
3419 2 2 100 1 2583 2899 2584
3420 2 2 100 1 2614 3888 2620
3421 2 2 100 1 754 2032 740
3422 2 2 100 1 695 697 696
3423 2 2 100 1 1377 3871 1375
3424 2 2 100 1 1049 1055 1050
3425 2 2 100 1 695 696 693
3426 2 2 100 1 4336 4388 1646
3427 2 2 100 1 4077 4078 1273
3428 2 2 100 1 2071 4125 2069
3429 2 2 100 1 1275 2039 1154
3430 2 2 100 1 2277 2458 2276
3431 2 2 100 1 332 541 331
3432 2 2 100 1 2145 4099 2147
3433 2 2 100 1 189 489 188
3434 2 2 100 1 4928 4952 1271
3435 2 2 100 1 2964 3499 1796
3436 2 2 100 1 2030 4544 812
3437 2 2 100 1 675 3837 1277
3438 2 2 100 1 2691 4475 1358
3439 2 2 100 1 4385 4416 4415
3440 2 2 100 1 156 4322 512
3441 2 2 100 1 987 4080 1295
3442 2 2 100 1 1096 1276 1098
3443 2 2 100 1 3717 3718 3716
3444 2 2 100 1 293 4330 292
3445 2 2 100 1 1029 1049 1030
3446 2 2 100 1 2568 4033 3054
3447 2 2 100 1 1333 1334 1331
3448 2 2 100 1 3575 3597 3596
3449 2 2 100 1 1296 4172 950
3450 2 2 100 1 2042 2496 2494
3451 2 2 100 1 2654 3885 2170
3452 2 2 100 1 1278 3038 2607
3453 2 2 100 1 691 692 689
3454 2 2 100 1 2141 4092 2134
3455 2 2 100 1 702 1301 1300
3456 2 2 100 1 1635 4476 4302
3457 2 2 100 1 1345 1346 1343
3458 2 2 100 1 4178 4464 1600
3459 2 2 100 1 2647 2649 2648
3460 2 2 100 1 3571 3574 3573
3461 2 2 100 1 2653 2950 2936
3462 2 2 100 1 3824 3826 3825
3463 2 2 100 1 2657 4145 1606
3464 2 2 100 1 175 542 174
3465 2 2 100 1 1773 3995 1326
3466 2 2 100 1 842 843 836
3467 2 2 100 1 3029 4126 4125
3468 2 2 100 1 2281 4005 2279
3469 2 2 100 1 636 3977 1834
3470 2 2 100 1 1055 1059 1056
3471 2 2 100 1 3724 4054 3718
3472 2 2 100 1 2210 3903 2061
3473 2 2 100 1 1329 4349 2628
3474 2 2 100 1 1797 4512 4308
3475 2 2 100 1 1926 2456 1924
3476 2 2 100 1 1329 2628 1146
3477 2 2 100 1 330 462 329
3478 2 2 100 1 3925 3928 3927
3479 2 2 100 1 2253 4108 2258
3480 2 2 100 1 4320 4597 1869
3481 2 2 100 1 1065 1212 1067
3482 2 2 100 1 147 4327 450
3483 2 2 100 1 1311 1313 1312
3484 2 2 100 1 558 4114 389
3485 2 2 100 1 1271 3765 1122
3486 2 2 100 1 1510 4174 1365
3487 2 2 100 1 4224 4225 566
3488 2 2 100 1 2614 2620 2612
3489 2 2 100 1 1385 1386 1383
3490 2 2 100 1 675 1277 673
3491 2 2 100 1 2827 4175 2308
3492 2 2 100 1 2649 3910 2653
3493 2 2 100 1 2383 2579 2382
3494 2 2 100 1 4339 4341 427
3495 2 2 100 1 4354 4492 2859
3496 2 2 100 1 436 3914 200
3497 2 2 100 1 191 544 190
3498 2 2 100 1 582 4416 4384
3499 2 2 100 1 2211 3756 3693
3500 2 2 100 1 2741 4506 1487
3501 2 2 100 1 4016 4017 460
3502 2 2 100 1 1930 3890 1928
3503 2 2 100 1 2419 3915 2418
3504 2 2 100 1 4137 4138 4136
3505 2 2 100 1 4202 4203 4201
3506 2 2 100 1 3945 4330 3941
3507 2 2 100 1 3942 3944 3943
3508 2 2 100 1 1763 2382 1374
3509 2 2 100 1 3872 3873 3871
3510 2 2 100 1 2591 3058 2484
3511 2 2 100 1 383 4129 560
3512 2 2 100 1 1690 3871 1377
3513 2 2 100 1 2855 4390 3543
3514 2 2 100 1 2823 2824 2415
3515 2 2 100 1 2842 3643 2843
3516 2 2 100 1 752 4544 744
3517 2 2 100 1 4146 4147 1051
3518 2 2 100 1 1131 3801 1102
3519 2 2 100 1 1549 4182 4181
3520 2 2 100 1 3925 3926 552
3521 2 2 100 1 1389 1691 1387
3522 2 2 100 1 1716 1827 1714
3523 2 2 100 1 2544 3511 3470
3524 2 2 100 1 1841 3986 3985
3525 2 2 100 1 1932 2276 1930
3526 2 2 100 1 4119 4120 2874
3527 2 2 100 1 2366 2367 1447
3528 2 2 100 1 564 4345 4202
3529 2 2 100 1 1316 1317 1315
3530 2 2 100 1 3939 3942 3941
3531 2 2 100 1 4179 4180 2685
3532 2 2 100 1 4105 4106 1818
3533 2 2 100 1 1470 3907 1473
3534 2 2 100 1 173 482 172
3535 2 2 100 1 743 744 741
3536 2 2 100 1 2149 4756 4699
3537 2 2 100 1 2382 4389 1374
3538 2 2 100 1 2580 2582 2579
3539 2 2 100 1 171 545 170
3540 2 2 100 1 4204 4208 4203
3541 2 2 100 1 1326 1790 1789
3542 2 2 100 1 169 464 168
3543 2 2 100 1 465 4135 380
3544 2 2 100 1 2214 3773 2559
3545 2 2 100 1 1845 2418 1844
3546 2 2 100 1 1928 3891 1926
3547 2 2 100 1 545 3861 170
3548 2 2 100 1 2945 3582 2943
3549 2 2 100 1 1908 1909 1907
3550 2 2 100 1 3079 3080 2525
3551 2 2 100 1 3708 3709 3707
3552 2 2 100 1 2394 2396 2395
3553 2 2 100 1 3608 3610 3609
3554 2 2 100 1 764 767 766
3555 2 2 100 1 4072 4073 2639
3556 2 2 100 1 3890 3891 1928
3557 2 2 100 1 3006 3707 2367
3558 2 2 100 1 142 4333 437
3559 2 2 100 1 1117 4298 3003
3560 2 2 100 1 1808 1809 1807
3561 2 2 100 1 4083 4101 4086
3562 2 2 100 1 2444 4199 1851
3563 2 2 100 1 562 4158 398
3564 2 2 100 1 4727 4791 3675
3565 2 2 100 1 299 3924 552
3566 2 2 100 1 1313 1324 1323
3567 2 2 100 1 3941 4330 3940
3568 2 2 100 1 977 4153 978
3569 2 2 100 1 4087 4452 4373
3570 2 2 100 1 550 4007 4006
3571 2 2 100 1 2715 4156 3786
3572 2 2 100 1 3964 3965 2863
3573 2 2 100 1 2418 2842 2631
3574 2 2 100 1 1708 2185 1706
3575 2 2 100 1 1365 4174 1362
3576 2 2 100 1 2750 3498 2749
3577 2 2 100 1 4262 4263 1169
3578 2 2 100 1 4163 4164 4162
3579 2 2 100 1 1908 2416 2415
3580 2 2 100 1 2940 4312 3969
3581 2 2 100 1 193 479 192
3582 2 2 100 1 1280 4289 4003
3583 2 2 100 1 1345 1347 1346
3584 2 2 100 1 1356 4306 2691
3585 2 2 100 1 1028 4191 954
3586 2 2 100 1 970 4001 973
3587 2 2 100 1 4267 4449 3053
3588 2 2 100 1 557 4140 207
3589 2 2 100 1 2854 3138 2425
3590 2 2 100 1 1260 1268 1267
3591 2 2 100 1 1442 1444 1443
3592 2 2 100 1 689 3808 687
3593 2 2 100 1 2634 2860 2635
3594 2 2 100 1 594 2903 592
3595 2 2 100 1 3601 4188 4187
3596 2 2 100 1 1917 3789 2268
3597 2 2 100 1 2618 2622 2621
3598 2 2 100 1 3031 4389 2382
3599 2 2 100 1 1561 4325 1562
3600 2 2 100 1 1939 2436 1937
3601 2 2 100 1 1109 3795 1142
3602 2 2 100 1 1715 1717 1716
3603 2 2 100 1 195 547 194
3604 2 2 100 1 295 3937 551
3605 2 2 100 1 2426 2427 2068
3606 2 2 100 1 576 4232 327
3607 2 2 100 1 1518 1841 1516
3608 2 2 100 1 2416 2825 2823
3609 2 2 100 1 2609 2610 2034
3610 2 2 100 1 4102 4584 4255
3611 2 2 100 1 1630 4336 1646
3612 2 2 100 1 2521 3205 3136
3613 2 2 100 1 434 4324 4323
3614 2 2 100 1 3718 4054 3720
3615 2 2 100 1 3601 4187 2661
3616 2 2 100 1 4133 4134 465
3617 2 2 100 1 2603 4797 4053
3618 2 2 100 1 2211 2212 1913
3619 2 2 100 1 197 466 196
3620 2 2 100 1 843 4045 846
3621 2 2 100 1 2495 2588 2587
3622 2 2 100 1 1301 1303 1302
3623 2 2 100 1 2072 2073 2071
3624 2 2 100 1 1709 1710 1708
3625 2 2 100 1 4203 4207 4206
3626 2 2 100 1 1147 3816 1275
3627 2 2 100 1 2250 2521 2455
3628 2 2 100 1 1639 4469 4344
3629 2 2 100 1 3052 4190 1555
3630 2 2 100 1 3078 4732 4671
3631 2 2 100 1 1303 1305 1304
3632 2 2 100 1 4211 4212 3480
3633 2 2 100 1 2458 4004 3199
3634 2 2 100 1 4202 4345 4205
3635 2 2 100 1 2383 2581 2580
3636 2 2 100 1 2618 2621 2616
3637 2 2 100 1 1600 4464 1601
3638 2 2 100 1 4174 4745 1362
3639 2 2 100 1 1053 4279 995
3640 2 2 100 1 3948 3949 1294
3641 2 2 100 1 747 763 757
3642 2 2 100 1 863 866 865
3643 2 2 100 1 983 4146 1051
3644 2 2 100 1 4238 4240 4239
3645 2 2 100 1 1806 1807 1692
3646 2 2 100 1 1825 2634 2605
3647 2 2 100 1 3420 3421 2678
3648 2 2 100 1 852 853 851
3649 2 2 100 1 2218 2425 2067
3650 2 2 100 1 2274 4435 2827
3651 2 2 100 1 2325 4312 2940
3652 2 2 100 1 358 543 357
3653 2 2 100 1 2913 4069 2909
3654 2 2 100 1 1332 1335 1333
3655 2 2 100 1 860 3747 1269
3656 2 2 100 1 3691 3862 1022
3657 2 2 100 1 3621 3956 3620
3658 2 2 100 1 3020 4544 2030
3659 2 2 100 1 769 4077 1273
3660 2 2 100 1 1895 4176 1894
3661 2 2 100 1 882 2040 884
3662 2 2 100 1 846 847 845
3663 2 2 100 1 4277 4625 2179
3664 2 2 100 1 2120 4278 2123
3665 2 2 100 1 2496 3579 3128
3666 2 2 100 1 3205 3512 3136
3667 2 2 100 1 2324 2482 2323
3668 2 2 100 1 2704 4890 3681
3669 2 2 100 1 1440 4805 4047
3670 2 2 100 1 1373 1375 1374
3671 2 2 100 1 968 4289 1280
3672 2 2 100 1 2521 3136 2455
3673 2 2 100 1 1858 4284 1855
3674 2 2 100 1 347 3713 346
3675 2 2 100 1 2769 4065 3841
3676 2 2 100 1 726 727 724
3677 2 2 100 1 2583 2584 2582
3678 2 2 100 1 1914 4211 2533
3679 2 2 100 1 1265 4177 1239
3680 2 2 100 1 1964 3978 1962
3681 2 2 100 1 3938 3939 551
3682 2 2 100 1 235 4339 427
3683 2 2 100 1 1278 2607 2044
3684 2 2 100 1 1282 1284 1283
3685 2 2 100 1 1435 3757 1437
3686 2 2 100 1 2322 2323 2321
3687 2 2 100 1 1053 4280 4279
3688 2 2 100 1 4190 4244 1649
3689 2 2 100 1 3610 3612 3611
3690 2 2 100 1 4204 4209 4208
3691 2 2 100 1 1941 3980 1939
3692 2 2 100 1 1524 1844 1520
3693 2 2 100 1 2392 2394 2393
3694 2 2 100 1 2089 2091 2090
3695 2 2 100 1 510 4219 362
3696 2 2 100 1 1713 1714 1711
3697 2 2 100 1 799 4565 807
3698 2 2 100 1 932 4127 933
3699 2 2 100 1 1239 1240 1224
3700 2 2 100 1 1440 4047 1439
3701 2 2 100 1 2940 3966 2939
3702 2 2 100 1 1810 1904 1809
3703 2 2 100 1 2796 3532 2794
3704 2 2 100 1 199 548 198
3705 2 2 100 1 1688 4128 1459
3706 2 2 100 1 722 723 720
3707 2 2 100 1 1431 1433 1432
3708 2 2 100 1 1318 1319 1317
3709 2 2 100 1 564 4202 4201
3710 2 2 100 1 4213 4214 2814
3711 2 2 100 1 1887 2045 1888
3712 2 2 100 1 1851 4199 1850
3713 2 2 100 1 4009 4010 4007
3714 2 2 100 1 2087 2089 2088
3715 2 2 100 1 1193 3950 3947
3716 2 2 100 1 340 3917 339
3717 2 2 100 1 866 868 867
3718 2 2 100 1 3033 3034 2419
3719 2 2 100 1 1790 1915 1914
3720 2 2 100 1 3978 3979 2640
3721 2 2 100 1 1849 2068 1676
3722 2 2 100 1 1435 1437 1436
3723 2 2 100 1 1719 4334 1717
3724 2 2 100 1 4238 4239 4235
3725 2 2 100 1 4012 4037 4009
3726 2 2 100 1 2615 2616 2614
3727 2 2 100 1 3007 3008 2352
3728 2 2 100 1 1945 2293 1943
3729 2 2 100 1 2603 4053 1428
3730 2 2 100 1 2899 2900 2584
3731 2 2 100 1 2848 4112 2426
3732 2 2 100 1 1428 1431 1430
3733 2 2 100 1 4192 4193 2830
3734 2 2 100 1 761 4282 750
3735 2 2 100 1 2833 2834 2159
3736 2 2 100 1 1330 1332 1331
3737 2 2 100 1 313 4024 312
3738 2 2 100 1 1437 1439 1438
3739 2 2 100 1 4135 4136 561
3740 2 2 100 1 4384 4416 4385
3741 2 2 100 1 3276 4353 2994
3742 2 2 100 1 2349 4119 2874
3743 2 2 100 1 1494 3964 2207
3744 2 2 100 1 678 679 677
3745 2 2 100 1 2654 3977 3887
3746 2 2 100 1 682 683 681
3747 2 2 100 1 2250 2455 1954
3748 2 2 100 1 4202 4204 4203
3749 2 2 100 1 4253 4913 1638
3750 2 2 100 1 1284 1286 1285
3751 2 2 100 1 1908 4448 2416
3752 2 2 100 1 2045 2047 2046
3753 2 2 100 1 593 596 594
3754 2 2 100 1 4451 4692 3270
3755 2 2 100 1 1347 1348 1346
3756 2 2 100 1 2617 2618 2616
3757 2 2 100 1 2498 4491 2216
3758 2 2 100 1 363 3992 510
3759 2 2 100 1 2613 2614 2612
3760 2 2 100 1 4114 4115 478
3761 2 2 100 1 1220 1225 1221
3762 2 2 100 1 1702 1917 1866
3763 2 2 100 1 4049 4051 4050
3764 2 2 100 1 1138 1328 1146
3765 2 2 100 1 564 4200 160
3766 2 2 100 1 1223 1224 1207
3767 2 2 100 1 684 685 683
3768 2 2 100 1 337 3759 336
3769 2 2 100 1 1223 1239 1224
3770 2 2 100 1 4247 4961 4246
3771 2 2 100 1 1459 4128 1455
3772 2 2 100 1 1750 1771 1265
3773 2 2 100 1 1286 1289 1287
3774 2 2 100 1 1549 4181 1550
3775 2 2 100 1 3970 3971 3967
3776 2 2 100 1 4810 4814 2793
3777 2 2 100 1 154 4216 565
3778 2 2 100 1 353 3761 352
3779 2 2 100 1 2483 3001 2482
3780 2 2 100 1 565 4217 153
3781 2 2 100 1 440 3993 366
3782 2 2 100 1 1419 4870 1699
3783 2 2 100 1 1338 1349 1340
3784 2 2 100 1 2554 2999 2569
3785 2 2 100 1 1039 1193 1041
3786 2 2 100 1 1051 4154 4080
3787 2 2 100 1 4270 4271 568
3788 2 2 100 1 4233 4238 4235
3789 2 2 100 1 1818 4293 1347
3790 2 2 100 1 1707 1708 1706
3791 2 2 100 1 150 4224 566
3792 2 2 100 1 910 4346 4307
3793 2 2 100 1 1314 4048 1496
3794 2 2 100 1 4119 4123 4121
3795 2 2 100 1 1439 1442 1441
3796 2 2 100 1 367 3997 440
3797 2 2 100 1 201 436 200
3798 2 2 100 1 2940 3967 3966
3799 2 2 100 1 2070 2071 2069
3800 2 2 100 1 2611 2612 2610
3801 2 2 100 1 4228 4230 4229
3802 2 2 100 1 3970 3972 3971
3803 2 2 100 1 680 681 679
3804 2 2 100 1 2796 3625 3532
3805 2 2 100 1 2376 4070 2378
3806 2 2 100 1 4066 4143 1997
3807 2 2 100 1 1834 3977 2654
3808 2 2 100 1 1516 3985 1514
3809 2 2 100 1 3620 3956 3623
3810 2 2 100 1 310 460 309
3811 2 2 100 1 2123 4278 2150
3812 2 2 100 1 1855 4284 1853
3813 2 2 100 1 3246 3248 3240
3814 2 2 100 1 4126 4754 1856
3815 2 2 100 1 2207 3964 2863
3816 2 2 100 1 1328 1330 1329
3817 2 2 100 1 763 764 757
3818 2 2 100 1 335 3790 334
3819 2 2 100 1 4140 4141 419
3820 2 2 100 1 1722 1724 1723
3821 2 2 100 1 1426 1428 1427
3822 2 2 100 1 1496 1500 1498
3823 2 2 100 1 1815 5572 3431
3824 2 2 100 1 688 689 687
3825 2 2 100 1 2833 2839 2834
3826 2 2 100 1 1660 4319 1658
3827 2 2 100 1 1024 1167 1033
3828 2 2 100 1 307 509 306
3829 2 2 100 1 4318 4812 4358
3830 2 2 100 1 2306 3420 2678
3831 2 2 100 1 1606 4145 1607
3832 2 2 100 1 2103 4325 1561
3833 2 2 100 1 3052 4850 4244
3834 2 2 100 1 1861 2154 1862
3835 2 2 100 1 1032 4357 4061
3836 2 2 100 1 145 4242 567
3837 2 2 100 1 4162 4167 4160
3838 2 2 100 1 1854 1856 1855
3839 2 2 100 1 681 4109 3868
3840 2 2 100 1 355 3800 354
3841 2 2 100 1 2554 2569 2154
3842 2 2 100 1 304 458 303
3843 2 2 100 1 2748 2749 633
3844 2 2 100 1 2944 2945 2943
3845 2 2 100 1 2072 2363 2073
3846 2 2 100 1 2047 2049 2048
3847 2 2 100 1 666 4049 668
3848 2 2 100 1 1845 2419 2418
3849 2 2 100 1 301 508 300
3850 2 2 100 1 2085 2087 2086
3851 2 2 100 1 299 552 298
3852 2 2 100 1 1041 3947 1043
3853 2 2 100 1 297 446 296
3854 2 2 100 1 2418 3915 2842
3855 2 2 100 1 2033 2069 1289
3856 2 2 100 1 668 1279 670
3857 2 2 100 1 2999 3636 2569
3858 2 2 100 1 1893 1895 1894
3859 2 2 100 1 1849 2426 2068
3860 2 2 100 1 1071 1206 1073
3861 2 2 100 1 4130 4131 560
3862 2 2 100 1 4158 4169 472
3863 2 2 100 1 2325 2940 2939
3864 2 2 100 1 182 3791 181
3865 2 2 100 1 2049 3844 2050
3866 2 2 100 1 2533 4211 3480
3867 2 2 100 1 184 3792 183
3868 2 2 100 1 2073 3030 3029
3869 2 2 100 1 3506 4283 2424
3870 2 2 100 1 3061 4251 4249
3871 2 2 100 1 1966 2326 1964
3872 2 2 100 1 1473 3907 2627
3873 2 2 100 1 2392 3830 3812
3874 2 2 100 1 1524 1845 1844
3875 2 2 100 1 1539 4818 4671
3876 2 2 100 1 1231 4025 2306
3877 2 2 100 1 361 4218 360
3878 2 2 100 1 2458 3199 3184
3879 2 2 100 1 2306 2678 2677
3880 2 2 100 1 2633 4104 1340
3881 2 2 100 1 3107 4273 2136
3882 2 2 100 1 1350 1351 1348
3883 2 2 100 1 1320 1321 1319
3884 2 2 100 1 2637 4309 3923
3885 2 2 100 1 1174 4261 1159
3886 2 2 100 1 2684 2810 2670
3887 2 2 100 1 3052 4244 4190
3888 2 2 100 1 4252 4253 1638
3889 2 2 100 1 2890 3131 3091
3890 2 2 100 1 1856 1857 1855
3891 2 2 100 1 180 3797 179
3892 2 2 100 1 907 1282 1026
3893 2 2 100 1 2207 2863 2433
3894 2 2 100 1 886 1029 892
3895 2 2 100 1 2826 4033 2568
3896 2 2 100 1 372 4038 426
3897 2 2 100 1 2540 2542 2541
3898 2 2 100 1 1203 4025 1231
3899 2 2 100 1 769 1273 771
3900 2 2 100 1 5038 5057 3550
3901 2 2 100 1 1385 1387 1386
3902 2 2 100 1 4008 4009 4007
3903 2 2 100 1 2291 2626 2539
3904 2 2 100 1 3834 3835 2810
3905 2 2 100 1 1352 4173 1731
3906 2 2 100 1 295 551 294
3907 2 2 100 1 178 3810 177
3908 2 2 100 1 2241 4176 1895
3909 2 2 100 1 4089 4452 4087
3910 2 2 100 1 1915 4356 4211
3911 2 2 100 1 167 546 166
3912 2 2 100 1 2928 2929 2269
3913 2 2 100 1 4034 4813 4036
3914 2 2 100 1 2095 2099 2093
3915 2 2 100 1 815 4468 813
3916 2 2 100 1 826 4488 809
3917 2 2 100 1 716 730 714
3918 2 2 100 1 1352 1730 1351
3919 2 2 100 1 676 677 675
3920 2 2 100 1 4561 4606 2720
3921 2 2 100 1 2670 3999 2671
3922 2 2 100 1 186 3809 185
3923 2 2 100 1 2078 2448 2079
3924 2 2 100 1 1048 1202 1164
3925 2 2 100 1 4344 4469 2865
3926 2 2 100 1 1987 2002 1985
3927 2 2 100 1 2380 4213 2814
3928 2 2 100 1 2648 3755 2645
3929 2 2 100 1 3033 3134 3034
3930 2 2 100 1 4228 4229 4227
3931 2 2 100 1 1167 2339 1033
3932 2 2 100 1 1423 4215 1819
3933 2 2 100 1 1347 1350 1348
3934 2 2 100 1 2416 4448 3739
3935 2 2 100 1 1857 1861 1859
3936 2 2 100 1 2569 4359 2154
3937 2 2 100 1 1861 1862 1859
3938 2 2 100 1 2360 2639 2573
3939 2 2 100 1 1012 1281 1019
3940 2 2 100 1 2466 4260 2469
3941 2 2 100 1 751 752 744
3942 2 2 100 1 2830 4274 2371
3943 2 2 100 1 2029 4608 2025
3944 2 2 100 1 3813 4505 866
3945 2 2 100 1 1464 2038 1465
3946 2 2 100 1 290 4032 553
3947 2 2 100 1 1937 3975 1782
3948 2 2 100 1 1043 1294 1046
3949 2 2 100 1 1955 2250 1954
3950 2 2 100 1 3986 3987 3985
3951 2 2 100 1 188 3817 187
3952 2 2 100 1 2834 4035 4034
3953 2 2 100 1 2412 2829 2828
3954 2 2 100 1 550 4006 311
3955 2 2 100 1 2668 2670 2669
3956 2 2 100 1 1676 4102 1527
3957 2 2 100 1 1962 2640 1960
3958 2 2 100 1 2842 2843 2631
3959 2 2 100 1 2939 3423 3146
3960 2 2 100 1 2370 4192 2830
3961 2 2 100 1 3637 4359 2569
3962 2 2 100 1 247 4258 441
3963 2 2 100 1 821 4282 761
3964 2 2 100 1 240 4257 439
3965 2 2 100 1 3942 3943 3941
3966 2 2 100 1 870 872 871
3967 2 2 100 1 1465 4171 2675
3968 2 2 100 1 1962 3978 2640
3969 2 2 100 1 439 4259 239
3970 2 2 100 1 1188 4711 1175
3971 2 2 100 1 1341 1343 1342
3972 2 2 100 1 2325 2939 2447
3973 2 2 100 1 2355 2794 2356
3974 2 2 100 1 4061 4357 4064
3975 2 2 100 1 1949 2636 1947
3976 2 2 100 1 1350 1352 1351
3977 2 2 100 1 1709 1711 1710
3978 2 2 100 1 1854 1855 1853
3979 2 2 100 1 673 3984 661
3980 2 2 100 1 3061 4249 2113
3981 2 2 100 1 333 3818 332
3982 2 2 100 1 1216 1220 1217
3983 2 2 100 1 2092 2093 2091
3984 2 2 100 1 2070 2072 2071
3985 2 2 100 1 2168 4896 4772
3986 2 2 100 1 3013 3014 2448
3987 2 2 100 1 2727 4277 2181
3988 2 2 100 1 1873 2357 2345
3989 2 2 100 1 868 870 869
3990 2 2 100 1 1424 1426 1425
3991 2 2 100 1 292 428 291
3992 2 2 100 1 4233 4235 4234
3993 2 2 100 1 1371 4389 1335
3994 2 2 100 1 1280 4001 970
3995 2 2 100 1 203 549 202
3996 2 2 100 1 1297 1299 1298
3997 2 2 100 1 4159 4170 4169
3998 2 2 100 1 649 4637 2690
3999 2 2 100 1 2018 4100 1974
4000 2 2 100 1 2992 2993 2622
4001 2 2 100 1 1713 1715 1714
4002 2 2 100 1 423 4266 256
4003 2 2 100 1 176 3828 175
4004 2 2 100 1 2418 2631 1844
4005 2 2 100 1 2053 2055 2054
4006 2 2 100 1 1527 4255 1523
4007 2 2 100 1 1871 4108 2253
4008 2 2 100 1 1991 2286 1989
4009 2 2 100 1 1063 1065 1064
4010 2 2 100 1 4232 4241 4233
4011 2 2 100 1 360 448 359
4012 2 2 100 1 4034 4036 1832
4013 2 2 100 1 1640 4453 1642
4014 2 2 100 1 1178 1204 1203
4015 2 2 100 1 4011 4012 4009
4016 2 2 100 1 1555 4190 1556
4017 2 2 100 1 1159 4261 1151
4018 2 2 100 1 2355 2796 2794
4019 2 2 100 1 3612 3616 3615
4020 2 2 100 1 4294 4296 423
4021 2 2 100 1 1858 4285 4284
4022 2 2 100 1 4181 4185 1831
4023 2 2 100 1 4264 4265 4263
4024 2 2 100 1 3657 3658 2945
4025 2 2 100 1 973 1018 975
4026 2 2 100 1 2075 2078 2077
4027 2 2 100 1 702 1300 696
4028 2 2 100 1 4081 4083 4082
4029 2 2 100 1 2533 3480 3479
4030 2 2 100 1 3983 4297 2250
4031 2 2 100 1 2544 3470 3467
4032 2 2 100 1 2253 2258 2255
4033 2 2 100 1 174 3849 173
4034 2 2 100 1 2320 2321 2281
4035 2 2 100 1 4200 4210 447
4036 2 2 100 1 1594 4252 1638
4037 2 2 100 1 2568 3054 2858
4038 2 2 100 1 1195 1210 1196
4039 2 2 100 1 363 510 362
4040 2 2 100 1 4203 4206 4201
4041 2 2 100 1 1389 1692 1691
4042 2 2 100 1 1282 1283 1026
4043 2 2 100 1 802 803 752
4044 2 2 100 1 2063 4390 2065
4045 2 2 100 1 1193 3947 1041
4046 2 2 100 1 3197 3254 2471
4047 2 2 100 1 4769 4795 4318
4048 2 2 100 1 1032 4061 4060
4049 2 2 100 1 4084 4101 4083
4050 2 2 100 1 1183 1195 1184
4051 2 2 100 1 2671 3117 3116
4052 2 2 100 1 1280 4002 4001
4053 2 2 100 1 1286 2033 1289
4054 2 2 100 1 694 695 693
4055 2 2 100 1 4061 4062 4060
4056 2 2 100 1 190 3840 189
4057 2 2 100 1 2069 4125 3754
4058 2 2 100 1 2170 2173 2171
4059 2 2 100 1 968 1280 970
4060 2 2 100 1 365 554 364
4061 2 2 100 1 2094 2095 2093
4062 2 2 100 1 1290 1297 1292
4063 2 2 100 1 2673 4454 3327
4064 2 2 100 1 4232 4233 503
4065 2 2 100 1 4119 4121 4120
4066 2 2 100 1 4095 4097 4096
4067 2 2 100 1 4838 4860 3886
4068 2 2 100 1 2994 4353 2622
4069 2 2 100 1 2535 4287 4286
4070 2 2 100 1 4082 4373 1295
4071 2 2 100 1 4182 4185 4181
4072 2 2 100 1 1841 3985 1516
4073 2 2 100 1 773 804 775
4074 2 2 100 1 690 691 689
4075 2 2 100 1 2038 4171 1465
4076 2 2 100 1 367 440 366
4077 2 2 100 1 4030 4228 4227
4078 2 2 100 1 1464 1465 1402
4079 2 2 100 1 2303 4068 4067
4080 2 2 100 1 856 857 855
4081 2 2 100 1 2083 2085 2084
4082 2 2 100 1 4147 4154 1051
4083 2 2 100 1 369 555 368
4084 2 2 100 1 1239 4177 1240
4085 2 2 100 1 3746 4776 3032
4086 2 2 100 1 4083 4086 4085
4087 2 2 100 1 4342 4343 569
4088 2 2 100 1 372 426 371
4089 2 2 100 1 1699 1887 1886
4090 2 2 100 1 2553 4175 3124
4091 2 2 100 1 2242 2886 2879
4092 2 2 100 1 1231 2306 1256
4093 2 2 100 1 2588 2751 2680
4094 2 2 100 1 1658 4319 2152
4095 2 2 100 1 4233 4241 4238
4096 2 2 100 1 2654 3887 3886
4097 2 2 100 1 872 874 873
4098 2 2 100 1 1423 4590 4215
4099 2 2 100 1 2566 2567 2452
4100 2 2 100 1 1325 3027 1773
4101 2 2 100 1 1852 1854 1853
4102 2 2 100 1 2010 2303 2008
4103 2 2 100 1 776 779 778
4104 2 2 100 1 4055 4056 1296
4105 2 2 100 1 1116 1122 1121
4106 2 2 100 1 1492 2151 1494
4107 2 2 100 1 2136 4273 2128
4108 2 2 100 1 1060 1063 1062
4109 2 2 100 1 2557 3545 2662
4110 2 2 100 1 2661 4187 2658
4111 2 2 100 1 2470 3197 2471
4112 2 2 100 1 1352 1731 1730
4113 2 2 100 1 2993 2994 2622
4114 2 2 100 1 1488 4355 1486
4115 2 2 100 1 1160 1183 1161
4116 2 2 100 1 2368 2826 2568
4117 2 2 100 1 2097 2098 2095
4118 2 2 100 1 920 1464 1402
4119 2 2 100 1 172 3856 171
4120 2 2 100 1 1945 3958 2293
4121 2 2 100 1 4159 4169 4158
4122 2 2 100 1 2091 2360 2090
4123 2 2 100 1 1974 4100 1972
4124 2 2 100 1 2078 2079 2077
4125 2 2 100 1 1834 2170 1835
4126 2 2 100 1 2159 4034 1832
4127 2 2 100 1 1947 3958 1945
4128 2 2 100 1 4795 4812 4318
4129 2 2 100 1 2181 4277 2179
4130 2 2 100 1 624 1424 626
4131 2 2 100 1 767 4077 769
4132 2 2 100 1 4146 4153 4148
4133 2 2 100 1 2993 2995 2994
4134 2 2 100 1 1240 2075 2074
4135 2 2 100 1 1815 4173 1352
4136 2 2 100 1 786 788 787
4137 2 2 100 1 4013 4015 4012
4138 2 2 100 1 1354 2922 2902
4139 2 2 100 1 2368 2568 2369
4140 2 2 100 1 1301 4179 1303
4141 2 2 100 1 2089 2090 2088
4142 2 2 100 1 4173 4437 1731
4143 2 2 100 1 3051 4678 4593
4144 2 2 100 1 783 786 785
4145 2 2 100 1 1111 1116 1115
4146 2 2 100 1 2308 4175 2553
4147 2 2 100 1 4081 4082 1295
4148 2 2 100 1 2005 4577 4536
4149 2 2 100 1 140 4270 568
4150 2 2 100 1 1825 4521 2634
4151 2 2 100 1 2240 2242 2241
4152 2 2 100 1 1995 2017 1993
4153 2 2 100 1 3981 3982 2829
4154 2 2 100 1 2451 2452 1824
4155 2 2 100 1 562 4160 4159
4156 2 2 100 1 3036 3684 2642
4157 2 2 100 1 2641 2642 2038
4158 2 2 100 1 1740 4268 1868
4159 2 2 100 1 1055 1056 1050
4160 2 2 100 1 2427 3746 2068
4161 2 2 100 1 1284 1285 1283
4162 2 2 100 1 4289 4290 4003
4163 2 2 100 1 1282 3749 1284
4164 2 2 100 1 1049 1050 1030
4165 2 2 100 1 3372 3380 3377
4166 2 2 100 1 1264 1797 1535
4167 2 2 100 1 2033 2070 2069
4168 2 2 100 1 1077 1176 1079
4169 2 2 100 1 983 1051 985
4170 2 2 100 1 698 699 697
4171 2 2 100 1 2665 2668 2667
4172 2 2 100 1 357 3853 356
4173 2 2 100 1 1705 1706 1689
4174 2 2 100 1 257 4294 423
4175 2 2 100 1 2009 2010 2008
4176 2 2 100 1 2142 4094 2143
4177 2 2 100 1 2632 3013 2448
4178 2 2 100 1 930 1354 932
4179 2 2 100 1 1678 4448 1812
4180 2 2 100 1 3570 3571 2032
4181 2 2 100 1 1932 2277 2276
4182 2 2 100 1 981 4146 983
4183 2 2 100 1 1680 2325 1897
4184 2 2 100 1 4029 4030 4027
4185 2 2 100 1 2055 2057 2056
4186 2 2 100 1 1953 1954 1951
4187 2 2 100 1 567 4332 4331
4188 2 2 100 1 2081 2083 2082
4189 2 2 100 1 1866 4800 1268
4190 2 2 100 1 2470 2471 2176
4191 2 2 100 1 427 4301 234
4192 2 2 100 1 1972 2314 1970
4193 2 2 100 1 2155 2554 2154
4194 2 2 100 1 4095 4096 2209
4195 2 2 100 1 4035 4824 2405
4196 2 2 100 1 1546 4183 1549
4197 2 2 100 1 4056 4058 4057
4198 2 2 100 1 3027 3676 3028
4199 2 2 100 1 3048 3515 3047
4200 2 2 100 1 2087 2088 2086
4201 2 2 100 1 2942 2973 2399
4202 2 2 100 1 1322 1734 1321
4203 2 2 100 1 4699 4756 3867
4204 2 2 100 1 674 675 673
4205 2 2 100 1 2085 2656 2087
4206 2 2 100 1 328 576 327
4207 2 2 100 1 4164 4167 4162
4208 2 2 100 1 4087 4373 4082
4209 2 2 100 1 2576 2577 2028
4210 2 2 100 1 1286 4439 2033
4211 2 2 100 1 1029 1030 892
4212 2 2 100 1 1597 4046 1600
4213 2 2 100 1 2277 4004 2458
4214 2 2 100 1 4148 4149 4147
4215 2 2 100 1 1751 1781 1750
4216 2 2 100 1 779 781 780
4217 2 2 100 1 2350 4119 2349
4218 2 2 100 1 476 3277 43
4219 2 2 100 1 2582 4871 3905
4220 2 2 100 1 4391 4393 4392
4221 2 2 100 1 4313 4319 1663
4222 2 2 100 1 1134 4490 1135
4223 2 2 100 1 1687 1688 1459
4224 2 2 100 1 4092 4093 2142
4225 2 2 100 1 1065 1067 1066
4226 2 2 100 1 1128 1133 1132
4227 2 2 100 1 781 783 782
4228 2 2 100 1 3766 4892 4863
4229 2 2 100 1 944 1032 946
4230 2 2 100 1 2668 2684 2670
4231 2 2 100 1 2073 3029 2071
4232 2 2 100 1 206 4140 419
4233 2 2 100 1 2631 4450 1844
4234 2 2 100 1 936 1355 938
4235 2 2 100 1 1225 1233 1226
4236 2 2 100 1 3126 4027 4026
4237 2 2 100 1 2143 2209 2145
4238 2 2 100 1 1643 4453 1640
4239 2 2 100 1 4290 4291 4003
4240 2 2 100 1 388 4114 478
4241 2 2 100 1 249 4342 569
4242 2 2 100 1 1960 3983 1957
4243 2 2 100 1 1862 4359 1871
4244 2 2 100 1 2606 3716 3715
4245 2 2 100 1 2171 4335 2359
4246 2 2 100 1 1287 4076 1290
4247 2 2 100 1 1122 1128 1127
4248 2 2 100 1 1354 2902 932
4249 2 2 100 1 2810 3999 2670
4250 2 2 100 1 3751 4789 2024
4251 2 2 100 1 2176 4329 2010
4252 2 2 100 1 1446 2609 2034
4253 2 2 100 1 1067 1069 1068
4254 2 2 100 1 2684 3834 2810
4255 2 2 100 1 478 4304 387
4256 2 2 100 1 1620 4189 1622
4257 2 2 100 1 1777 2599 2337
4258 2 2 100 1 1059 1060 1056
4259 2 2 100 1 1138 4490 1328
4260 2 2 100 1 4304 4305 386
4261 2 2 100 1 2535 4286 2329
4262 2 2 100 1 1857 1859 1858
4263 2 2 100 1 1286 1287 1285
4264 2 2 100 1 511 4129 384
4265 2 2 100 1 1135 1137 1136
4266 2 2 100 1 2795 3530 3140
4267 2 2 100 1 4165 4166 4164
4268 2 2 100 1 1976 2018 1974
4269 2 2 100 1 1001 4052 1012
4270 2 2 100 1 3047 4139 3049
4271 2 2 100 1 2011 2176 2010
4272 2 2 100 1 1241 1265 1239
4273 2 2 100 1 2257 2355 2261
4274 2 2 100 1 1210 1216 1211
4275 2 2 100 1 2057 2059 2058
4276 2 2 100 1 4056 4059 4058
4277 2 2 100 1 860 861 859
4278 2 2 100 1 1147 1154 1148
4279 2 2 100 1 374 556 373
4280 2 2 100 1 1421 1422 1420
4281 2 2 100 1 200 3914 199
4282 2 2 100 1 3073 4939 4927
4283 2 2 100 1 324 4447 4406
4284 2 2 100 1 1437 3757 1440
4285 2 2 100 1 692 3808 689
4286 2 2 100 1 1748 1749 1422
4287 2 2 100 1 3003 4655 1113
4288 2 2 100 1 206 419 205
4289 2 2 100 1 2412 2828 2813
4290 2 2 100 1 2147 2368 2221
4291 2 2 100 1 1823 3045 3044
4292 2 2 100 1 809 4488 1536
4293 2 2 100 1 2670 2671 2669
4294 2 2 100 1 3749 4439 1284
4295 2 2 100 1 732 4676 727
4296 2 2 100 1 4727 4837 1407
4297 2 2 100 1 379 4135 561
4298 2 2 100 1 2436 3975 1937
4299 2 2 100 1 1434 2366 1447
4300 2 2 100 1 4093 4243 4094
4301 2 2 100 1 3046 3047 3045
4302 2 2 100 1 1875 2349 1876
4303 2 2 100 1 1614 1822 1616
4304 2 2 100 1 2443 2664 2509
4305 2 2 100 1 2033 4439 2586
4306 2 2 100 1 1266 1750 1265
4307 2 2 100 1 2165 4443 2163
4308 2 2 100 1 2910 4157 4156
4309 2 2 100 1 4316 4318 4317
4310 2 2 100 1 1140 1147 1141
4311 2 2 100 1 4368 4370 4369
4312 2 2 100 1 1535 4312 1680
4313 2 2 100 1 1562 4325 1565
4314 2 2 100 1 4081 4084 4083
4315 2 2 100 1 1119 4298 1117
4316 2 2 100 1 4183 4184 4182
4317 2 2 100 1 1297 1298 1292
4318 2 2 100 1 1222 1223 1207
4319 2 2 100 1 1277 3984 673
4320 2 2 100 1 2127 2136 2128
4321 2 2 100 1 1290 4076 1297
4322 2 2 100 1 957 4191 1327
4323 2 2 100 1 2050 2053 2052
4324 2 2 100 1 946 4055 948
4325 2 2 100 1 2089 2092 2091
4326 2 2 100 1 2138 2142 2140
4327 2 2 100 1 1214 4363 1230
4328 2 2 100 1 1553 1831 1555
4329 2 2 100 1 2258 3955 2255
4330 2 2 100 1 397 4158 472
4331 2 2 100 1 1671 4606 4561
4332 2 2 100 1 766 4292 1270
4333 2 2 100 1 2863 4107 2433
4334 2 2 100 1 1618 1800 1620
4335 2 2 100 1 2069 3754 1289
4336 2 2 100 1 968 970 969
4337 2 2 100 1 985 4080 987
4338 2 2 100 1 3969 3970 3967
4339 2 2 100 1 1923 1924 1922
4340 2 2 100 1 2177 2470 2176
4341 2 2 100 1 2007 2008 1999
4342 2 2 100 1 2658 4187 2659
4343 2 2 100 1 997 4279 2643
4344 2 2 100 1 1345 1818 1347
4345 2 2 100 1 2125 2127 2126
4346 2 2 100 1 2075 2077 2076
4347 2 2 100 1 2081 2096 2083
4348 2 2 100 1 952 4172 1028
4349 2 2 100 1 788 790 789
4350 2 2 100 1 970 973 971
4351 2 2 100 1 1646 1875 1673
4352 2 2 100 1 3126 4026 2681
4353 2 2 100 1 1189 1207 1188
4354 2 2 100 1 4095 4098 4097
4355 2 2 100 1 1819 4215 2443
4356 2 2 100 1 2104 2380 2105
4357 2 2 100 1 2794 4031 2795
4358 2 2 100 1 1599 4269 3996
4359 2 2 100 1 2464 4268 4260
4360 2 2 100 1 434 4323 163
4361 2 2 100 1 1514 4442 1511
4362 2 2 100 1 4537 4560 2702
4363 2 2 100 1 1299 1851 1850
4364 2 2 100 1 290 553 289
4365 2 2 100 1 2079 2081 2080
4366 2 2 100 1 1731 1792 1730
4367 2 2 100 1 2668 4440 2684
4368 2 2 100 1 2635 3906 2605
4369 2 2 100 1 950 4172 952
4370 2 2 100 1 1938 1939 1937
4371 2 2 100 1 948 1296 950
4372 2 2 100 1 1610 1644 1612
4373 2 2 100 1 954 4191 957
4374 2 2 100 1 2059 2061 2060
4375 2 2 100 1 700 701 699
4376 2 2 100 1 3238 3243 3242
4377 2 2 100 1 2433 4107 2882
4378 2 2 100 1 2119 4278 2120
4379 2 2 100 1 1852 1853 1851
4380 2 2 100 1 4274 4275 2836
4381 2 2 100 1 2349 2874 2873
4382 2 2 100 1 1961 1962 1960
4383 2 2 100 1 1294 3954 1046
4384 2 2 100 1 2658 2659 2657
4385 2 2 100 1 2134 4092 2138
4386 2 2 100 1 1461 3981 2412
4387 2 2 100 1 1024 1033 1025
4388 2 2 100 1 1233 1235 1234
4389 2 2 100 1 300 3924 299
4390 2 2 100 1 1649 2104 2103
4391 2 2 100 1 1306 2685 1308
4392 2 2 100 1 4267 4726 1593
4393 2 2 100 1 2601 3599 3069
4394 2 2 100 1 2380 2814 2608
4395 2 2 100 1 2969 4504 4378
4396 2 2 100 1 1019 1024 1020
4397 2 2 100 1 1505 4355 1488
4398 2 2 100 1 3764 4622 3862
4399 2 2 100 1 1355 2246 938
4400 2 2 100 1 790 794 793
4401 2 2 100 1 1624 1823 1626
4402 2 2 100 1 1109 1111 1110
4403 2 2 100 1 3574 3575 3573
4404 2 2 100 1 1096 1098 1097
4405 2 2 100 1 1820 2658 2657
4406 2 2 100 1 952 1028 954
4407 2 2 100 1 1511 4442 1510
4408 2 2 100 1 1714 3921 1711
4409 2 2 100 1 296 3937 295
4410 2 2 100 1 948 4055 1296
4411 2 2 100 1 2244 2866 2515
4412 2 2 100 1 1473 1678 1677
4413 2 2 100 1 2123 2125 2124
4414 2 2 100 1 993 1053 995
4415 2 2 100 1 4338 4340 4339
4416 2 2 100 1 1899 1900 1749
4417 2 2 100 1 2132 2141 2134
4418 2 2 100 1 1051 4080 985
4419 2 2 100 1 1959 1960 1957
4420 2 2 100 1 1299 1850 1298
4421 2 2 100 1 1875 2350 2349
4422 2 2 100 1 912 4307 916
4423 2 2 100 1 939 4281 942
4424 2 2 100 1 1831 3052 1555
4425 2 2 100 1 1868 4268 2464
4426 2 2 100 1 2618 2992 2622
4427 2 2 100 1 4030 4227 4226
4428 2 2 100 1 2350 4123 4119
4429 2 2 100 1 552 3936 298
4430 2 2 100 1 3532 4031 2794
4431 2 2 100 1 4636 4773 1218
4432 2 2 100 1 2668 2669 2667
4433 2 2 100 1 2192 4988 2194
4434 2 2 100 1 2372 4192 2370
4435 2 2 100 1 933 4127 936
4436 2 2 100 1 2366 3006 2367
4437 2 2 100 1 703 704 701
4438 2 2 100 1 4378 4504 1664
4439 2 2 100 1 4303 4541 926
4440 2 2 100 1 794 796 795
4441 2 2 100 1 1806 1808 1807
4442 2 2 100 1 1012 1019 1013
4443 2 2 100 1 1875 4388 2350
4444 2 2 100 1 2443 4215 2664
4445 2 2 100 1 4061 4063 4062
4446 2 2 100 1 1326 1789 1324
4447 2 2 100 1 2651 3910 2649
4448 2 2 100 1 447 4321 158
4449 2 2 100 1 862 3813 863
4450 2 2 100 1 978 4153 981
4451 2 2 100 1 2615 2617 2616
4452 2 2 100 1 2085 2086 2084
4453 2 2 100 1 3386 5609 3385
4454 2 2 100 1 2834 4034 2159
4455 2 2 100 1 362 4219 361
4456 2 2 100 1 3826 3827 3825
4457 2 2 100 1 42 476 43
4458 2 2 100 1 973 975 974
4459 2 2 100 1 1663 4319 1660
4460 2 2 100 1 814 815 813
4461 2 2 100 1 2107 2109 2108
4462 2 2 100 1 2381 4213 2380
4463 2 2 100 1 1604 1820 1606
4464 2 2 100 1 1 470 8
4465 2 2 100 1 4321 4322 157
4466 2 2 100 1 2127 2128 2126
4467 2 2 100 1 1594 1638 1597
4468 2 2 100 1 3042 3506 2424
4469 2 2 100 1 4083 4085 4082
4470 2 2 100 1 2914 3073 2913
4471 2 2 100 1 3787 4450 2631
4472 2 2 100 1 1311 1312 1309
4473 2 2 100 1 1800 4189 1620
4474 2 2 100 1 311 4006 310
4475 2 2 100 1 1820 2657 1606
4476 2 2 100 1 1921 1922 1905
4477 2 2 100 1 3006 3708 3707
4478 2 2 100 1 1350 1815 1352
4479 2 2 100 1 987 1295 989
4480 2 2 100 1 1638 4046 1597
4481 2 2 100 1 1666 4313 1663
4482 2 2 100 1 2125 2126 2124
4483 2 2 100 1 388 478 387
4484 2 2 100 1 1599 2107 2106
4485 2 2 100 1 2274 2827 2308
4486 2 2 100 1 3923 4764 2586
4487 2 2 100 1 1986 1987 1985
4488 2 2 100 1 3073 3686 2913
4489 2 2 100 1 390 558 389
4490 2 2 100 1 4163 4165 4164
4491 2 2 100 1 991 4452 993
4492 2 2 100 1 2684 4440 3836
4493 2 2 100 1 1559 1649 1561
4494 2 2 100 1 393 477 392
4495 2 2 100 1 3565 3566 3553
4496 2 2 100 1 3515 4139 3047
4497 2 2 100 1 432 3314 40
4498 2 2 100 1 2109 2370 2110
4499 2 2 100 1 386 4305 385
4500 2 2 100 1 1310 1316 1315
4501 2 2 100 1 1299 1852 1851
4502 2 2 100 1 2138 4092 2142
4503 2 2 100 1 1936 1937 1782
4504 2 2 100 1 1235 1243 1242
4505 2 2 100 1 2206 2833 2159
4506 2 2 100 1 1455 4518 1452
4507 2 2 100 1 2870 3867 2872
4508 2 2 100 1 1925 1926 1924
4509 2 2 100 1 1301 1302 1300
4510 2 2 100 1 1328 4490 2743
4511 2 2 100 1 1591 4252 1594
4512 2 2 100 1 2656 4459 2087
4513 2 2 100 1 385 511 384
4514 2 2 100 1 2384 2811 2136
4515 2 2 100 1 2717 4156 2715
4516 2 2 100 1 2350 4388 4124
4517 2 2 100 1 159 4200 447
4518 2 2 100 1 2464 4260 2466
4519 2 2 100 1 2128 4273 2130
4520 2 2 100 1 2370 2830 2371
4521 2 2 100 1 1515 1516 1514
4522 2 2 100 1 312 550 311
4523 2 2 100 1 1100 1102 1101
4524 2 2 100 1 3636 3666 3637
4525 2 2 100 1 550 4008 4007
4526 2 2 100 1 512 4216 155
4527 2 2 100 1 2715 3786 2713
4528 2 2 100 1 2811 3107 2136
4529 2 2 100 1 1517 1518 1516
4530 2 2 100 1 383 560 382
4531 2 2 100 1 1165 4298 1119
4532 2 2 100 1 1707 1709 1708
4533 2 2 100 1 152 4217 456
4534 2 2 100 1 1833 2159 1832
4535 2 2 100 1 2553 3124 3122
4536 2 2 100 1 2359 2565 2564
4537 2 2 100 1 395 559 394
4538 2 2 100 1 3718 3720 3719
4539 2 2 100 1 3021 3023 2811
4540 2 2 100 1 4028 4029 4027
4541 2 2 100 1 2678 2679 2677
4542 2 2 100 1 456 4224 151
4543 2 2 100 1 566 4326 149
4544 2 2 100 1 1853 4284 2444
4545 2 2 100 1 4231 4670 663
4546 2 2 100 1 2992 3528 2993
4547 2 2 100 1 3017 3601 2661
4548 2 2 100 1 1794 4692 4451
4549 2 2 100 1 995 4279 997
4550 2 2 100 1 1461 2412 1463
4551 2 2 100 1 399 4161 562
4552 2 2 100 1 1963 1964 1962
4553 2 2 100 1 4326 4327 148
4554 2 2 100 1 2664 2665 2509
4555 2 2 100 1 975 977 976
4556 2 2 100 1 4088 4091 4090
4557 2 2 100 1 524 4405 4404
4558 2 2 100 1 2683 4362 2892
4559 2 2 100 1 2428 2848 2426
4560 2 2 100 1 1098 1100 1099
4561 2 2 100 1 3102 4770 2197
4562 2 2 100 1 2306 2677 1256
4563 2 2 100 1 4093 4094 2142
4564 2 2 100 1 381 465 380
4565 2 2 100 1 2041 3813 862
4566 2 2 100 1 4146 4148 4147
4567 2 2 100 1 3660 3661 3023
4568 2 2 100 1 2163 4443 3072
4569 2 2 100 1 3597 3607 3596
4570 2 2 100 1 2907 2910 2717
4571 2 2 100 1 2866 3274 2515
4572 2 2 100 1 1862 1871 1870
4573 2 2 100 1 2466 2469 2468
4574 2 2 100 1 3900 3901 2737
4575 2 2 100 1 4435 4493 2827
4576 2 2 100 1 1367 1510 1365
4577 2 2 100 1 450 4242 146
4578 2 2 100 1 1520 4450 1518
4579 2 2 100 1 1940 1941 1939
4580 2 2 100 1 4325 4525 4269
4581 2 2 100 1 1519 1520 1518
4582 2 2 100 1 2355 2356 2261
4583 2 2 100 1 291 4032 290
4584 2 2 100 1 1954 3998 1951
4585 2 2 100 1 2083 2084 2082
4586 2 2 100 1 397 472 396
4587 2 2 100 1 364 3992 363
4588 2 2 100 1 3454 5146 3455
4589 2 2 100 1 2255 3955 2257
4590 2 2 100 1 2359 4335 2565
4591 2 2 100 1 705 706 704
4592 2 2 100 1 399 562 398
4593 2 2 100 1 366 3993 365
4594 2 2 100 1 2713 4774 2711
4595 2 2 100 1 4271 4272 568
4596 2 2 100 1 401 454 400
4597 2 2 100 1 2613 2615 2614
4598 2 2 100 1 2867 3142 2848
4599 2 2 100 1 693 4587 692
4600 2 2 100 1 2328 2538 2477
4601 2 2 100 1 2374 4274 2836
4602 2 2 100 1 2061 2063 2062
4603 2 2 100 1 2371 4274 2374
4604 2 2 100 1 368 3997 367
4605 2 2 100 1 1735 1753 1734
4606 2 2 100 1 1240 2074 1224
4607 2 2 100 1 4434 5199 3133
4608 2 2 100 1 1102 1105 1104
4609 2 2 100 1 1465 2675 2674
4610 2 2 100 1 379 561 378
4611 2 2 100 1 2912 2913 2909
4612 2 2 100 1 2142 2143 2140
4613 2 2 100 1 2910 4156 2717
4614 2 2 100 1 1808 1810 1809
4615 2 2 100 1 1696 2724 1505
4616 2 2 100 1 4384 4441 582
4617 2 2 100 1 551 3940 294
4618 2 2 100 1 1850 4199 2244
4619 2 2 100 1 1730 1783 1351
4620 2 2 100 1 4400 4401 4399
4621 2 2 100 1 920 1402 921
4622 2 2 100 1 3047 3049 3045
4623 2 2 100 1 2470 4283 3495
4624 2 2 100 1 560 4132 382
4625 2 2 100 1 1630 1646 1633
4626 2 2 100 1 2594 3688 2593
4627 2 2 100 1 2032 4676 740
4628 2 2 100 1 3046 3048 3047
4629 2 2 100 1 1549 4183 4182
4630 2 2 100 1 1880 2392 2391
4631 2 2 100 1 4026 4488 2681
4632 2 2 100 1 1303 1304 1302
4633 2 2 100 1 657 2638 652
4634 2 2 100 1 3616 3618 3617
4635 2 2 100 1 4056 4057 1296
4636 2 2 100 1 4102 4255 1527
4637 2 2 100 1 3016 3017 2661
4638 2 2 100 1 3024 4968 4953
4639 2 2 100 1 2660 2661 2658
4640 2 2 100 1 1067 4686 1069
4641 2 2 100 1 1200 4363 1214
4642 2 2 100 1 1305 1314 1304
4643 2 2 100 1 567 4331 144
4644 2 2 100 1 1848 1849 1676
4645 2 2 100 1 1823 3046 3045
4646 2 2 100 1 1262 4367 2224
4647 2 2 100 1 2939 3146 2447
4648 2 2 100 1 1567 1599 1569
4649 2 2 100 1 4331 4333 143
4650 2 2 100 1 1187 1188 1175
4651 2 2 100 1 4536 4577 3453
4652 2 2 100 1 1980 1981 1978
4653 2 2 100 1 1674 1676 1527
4654 2 2 100 1 2372 4194 4192
4655 2 2 100 1 1513 1514 1511
4656 2 2 100 1 2995 2996 2994
4657 2 2 100 1 1984 1985 1982
4658 2 2 100 1 1278 2044 686
4659 2 2 100 1 2109 2372 2370
4660 2 2 100 1 1069 1071 1070
4661 2 2 100 1 1037 1039 1038
4662 2 2 100 1 2104 2105 2103
4663 2 2 100 1 377 453 376
4664 2 2 100 1 1871 2253 2252
4665 2 2 100 1 570 4257 241
4666 2 2 100 1 569 4258 248
4667 2 2 100 1 1521 1524 1520
4668 2 2 100 1 238 4259 571
4669 2 2 100 1 3608 3609 3607
4670 2 2 100 1 2120 2123 2122
4671 2 2 100 1 1311 4607 1313
4672 2 2 100 1 4368 4369 578
4673 2 2 100 1 2400 2944 2943
4674 2 2 100 1 2736 4457 3074
4675 2 2 100 1 1649 2103 1561
4676 2 2 100 1 3092 4513 2386
4677 2 2 100 1 1348 4300 1353
4678 2 2 100 1 1823 3044 1626
4679 2 2 100 1 2634 4521 3852
4680 2 2 100 1 2748 2750 2749
4681 2 2 100 1 1550 4181 1553
4682 2 2 100 1 2303 4067 4066
4683 2 2 100 1 1754 1755 1753
4684 2 2 100 1 2794 2795 2356
4685 2 2 100 1 4249 4250 2119
4686 2 2 100 1 2609 2611 2610
4687 2 2 100 1 2568 2858 2369
4688 2 2 100 1 3825 4630 462
4689 2 2 100 1 3630 3689 3012
4690 2 2 100 1 1607 4145 1610
4691 2 2 100 1 2521 3206 3205
4692 2 2 100 1 1599 3996 2107
4693 2 2 100 1 4350 4351 2491
4694 2 2 100 1 4233 4234 503
4695 2 2 100 1 2092 2094 2093
4696 2 2 100 1 3728 3748 3730
4697 2 2 100 1 4314 4319 4313
4698 2 2 100 1 574 4295 4294
4699 2 2 100 1 964 4289 968
4700 2 2 100 1 874 876 875
4701 2 2 100 1 1573 4267 1575
4702 2 2 100 1 3032 3033 2419
4703 2 2 100 1 1853 2444 1851
4704 2 2 100 1 2592 3012 2363
4705 2 2 100 1 1965 1966 1964
4706 2 2 100 1 255 4266 573
4707 2 2 100 1 441 4337 246
4708 2 2 100 1 923 926 925
4709 2 2 100 1 1988 1989 1987
4710 2 2 100 1 1565 4269 1567
4711 2 2 100 1 2874 4434 3133
4712 2 2 100 1 862 863 861
4713 2 2 100 1 2611 2613 2612
4714 2 2 100 1 39 432 40
4715 2 2 100 1 2682 4362 2683
4716 2 2 100 1 2380 2608 2105
4717 2 2 100 1 2148 4328 2689
4718 2 2 100 1 1953 1955 1954
4719 2 2 100 1 936 4127 1355
4720 2 2 100 1 2123 2124 2122
4721 2 2 100 1 1313 1323 1312
4722 2 2 100 1 1173 1174 1159
4723 2 2 100 1 942 4357 944
4724 2 2 100 1 1575 4267 1593
4725 2 2 100 1 2918 3680 2916
4726 2 2 100 1 2641 3036 2642
4727 2 2 100 1 326 4232 503
4728 2 2 100 1 3842 3844 2049
4729 2 2 100 1 1105 1107 1106
4730 2 2 100 1 4593 4678 1394
4731 2 2 100 1 3720 4471 3721
4732 2 2 100 1 2709 4302 2687
4733 2 2 100 1 4474 4627 2156
4734 2 2 100 1 2325 2447 1897
4735 2 2 100 1 1570 4449 1573
4736 2 2 100 1 1412 1420 1409
4737 2 2 100 1 4215 4311 2664
4738 2 2 100 1 1942 1943 1941
4739 2 2 100 1 157 4322 156
4740 2 2 100 1 1723 4334 1719
4741 2 2 100 1 2814 2815 2608
4742 2 2 100 1 930 932 931
4743 2 2 100 1 373 4038 372
4744 2 2 100 1 796 799 798
4745 2 2 100 1 1464 2641 2038
4746 2 2 100 1 917 920 919
4747 2 2 100 1 159 447 158
4748 2 2 100 1 161 564 160
4749 2 2 100 1 164 434 163
4750 2 2 100 1 2675 3169 2676
4751 2 2 100 1 3125 3126 2681
4752 2 2 100 1 437 4270 141
4753 2 2 100 1 156 512 155
4754 2 2 100 1 2374 2836 2376
4755 2 2 100 1 154 565 153
4756 2 2 100 1 152 456 151
4757 2 2 100 1 1107 1109 1108
4758 2 2 100 1 3996 4426 2107
4759 2 2 100 1 1155 1160 1157
4760 2 2 100 1 2109 4426 2372
4761 2 2 100 1 624 4660 1424
4762 2 2 100 1 150 566 149
4763 2 2 100 1 636 1834 638
4764 2 2 100 1 148 4327 147
4765 2 2 100 1 4340 4341 4339
4766 2 2 100 1 2368 2369 2221
4767 2 2 100 1 2689 4519 2870
4768 2 2 100 1 981 983 982
4769 2 2 100 1 2009 2011 2010
4770 2 2 100 1 2081 2082 2080
4771 2 2 100 1 147 450 146
4772 2 2 100 1 2007 2009 2008
4773 2 2 100 1 4338 4339 236
4774 2 2 100 1 2724 4355 1505
4775 2 2 100 1 1556 4190 1559
4776 2 2 100 1 1567 4269 1599
4777 2 2 100 1 1565 4325 4269
4778 2 2 100 1 2094 2097 2095
4779 2 2 100 1 2622 4353 2621
4780 2 2 100 1 2119 2120 2117
4781 2 2 100 1 3721 4471 3725
4782 2 2 100 1 764 766 765
4783 2 2 100 1 1678 1812 1811
4784 2 2 100 1 2812 2845 2596
4785 2 2 100 1 2089 4459 2092
4786 2 2 100 1 2104 2381 2380
4787 2 2 100 1 208 557 207
4788 2 2 100 1 4027 4226 4026
4789 2 2 100 1 145 567 144
4790 2 2 100 1 2640 3983 1960
4791 2 2 100 1 571 4338 237
4792 2 2 100 1 1575 1593 1577
4793 2 2 100 1 1944 1945 1943
4794 2 2 100 1 1830 2408 1829
4795 2 2 100 1 981 4153 4146
4796 2 2 100 1 1541 2157 1543
4797 2 2 100 1 2317 2727 2181
4798 2 2 100 1 2601 3069 2602
4799 2 2 100 1 3559 3560 3521
4800 2 2 100 1 2446 2593 2414
4801 2 2 100 1 4008 4011 4009
4802 2 2 100 1 799 807 806
4803 2 2 100 1 1680 4312 2325
4804 2 2 100 1 1435 1436 1433
4805 2 2 100 1 4250 4278 2119
4806 2 2 100 1 2328 2477 1792
4807 2 2 100 1 3603 4608 2029
4808 2 2 100 1 143 4333 142
4809 2 2 100 1 2008 4066 1999
4810 2 2 100 1 2372 4426 4195
4811 2 2 100 1 2244 4199 2866
4812 2 2 100 1 957 1327 959
4813 2 2 100 1 2097 2305 2098
4814 2 2 100 1 2078 2632 2448
4815 2 2 100 1 2618 4485 2992
4816 2 2 100 1 2111 3061 2113
4817 2 2 100 1 907 1026 908
4818 2 2 100 1 1610 1612 1611
4819 2 2 100 1 1039 1041 1040
4820 2 2 100 1 2228 4375 2229
4821 2 2 100 1 1591 1594 1592
4822 2 2 100 1 142 437 141
4823 2 2 100 1 1017 4515 2158
4824 2 2 100 1 2907 4069 2910
4825 2 2 100 1 425 4370 4368
4826 2 2 100 1 4019 4020 4017
4827 2 2 100 1 1553 1555 1554
4828 2 2 100 1 1012 4052 1281
4829 2 2 100 1 2521 4297 3206
4830 2 2 100 1 1812 1907 1906
4831 2 2 100 1 41 3279 42
4832 2 2 100 1 2909 4069 2907
4833 2 2 100 1 1731 1793 1792
4834 2 2 100 1 2107 2108 2106
4835 2 2 100 1 927 930 929
4836 2 2 100 1 1767 2682 1846
4837 2 2 100 1 584 4393 4391
4838 2 2 100 1 747 757 756
4839 2 2 100 1 247 441 246
4840 2 2 100 1 1823 4444 3046
4841 2 2 100 1 2115 2119 2117
4842 2 2 100 1 2557 4650 3545
4843 2 2 100 1 2411 2413 2403
4844 2 2 100 1 244 513 243
4845 2 2 100 1 672 673 661
4846 2 2 100 1 1612 1614 1613
4847 2 2 100 1 4381 4382 4380
4848 2 2 100 1 1546 1549 1548
4849 2 2 100 1 4295 4296 4294
4850 2 2 100 1 3618 3620 3619
4851 2 2 100 1 2378 2601 2600
4852 2 2 100 1 242 570 241
4853 2 2 100 1 2063 2065 2064
4854 2 2 100 1 1793 2328 1792
4855 2 2 100 1 327 4232 326
4856 2 2 100 1 240 439 239
4857 2 2 100 1 238 571 237
4858 2 2 100 1 964 968 967
4859 2 2 100 1 2075 2076 2074
4860 2 2 100 1 1705 1707 1706
4861 2 2 100 1 235 427 234
4862 2 2 100 1 1902 4350 2491
4863 2 2 100 1 1875 1876 1673
4864 2 2 100 1 961 4289 964
4865 2 2 100 1 249 569 248
4866 2 2 100 1 2349 2873 1876
4867 2 2 100 1 1599 2106 1569
4868 2 2 100 1 2011 2177 2176
4869 2 2 100 1 2113 4249 2115
4870 2 2 100 1 2683 2892 2891
4871 2 2 100 1 707 708 706
4872 2 2 100 1 1257 4512 1264
4873 2 2 100 1 4391 4392 443
4874 2 2 100 1 1604 1606 1605
4875 2 2 100 1 1594 1597 1595
4876 2 2 100 1 983 985 984
4877 2 2 100 1 236 4339 235
4878 2 2 100 1 997 2643 999
4879 2 2 100 1 1123 1165 1119
4880 2 2 100 1 257 423 256
4881 2 2 100 1 1117 3003 1113
4882 2 2 100 1 2412 3981 2829
4883 2 2 100 1 1041 1043 1042
4884 2 2 100 1 4235 4236 4234
4885 2 2 100 1 2093 4071 2091
4886 2 2 100 1 1614 1616 1615
4887 2 2 100 1 454 4168 4163
4888 2 2 100 1 403 563 402
4889 2 2 100 1 4365 4366 431
4890 2 2 100 1 255 573 254
4891 2 2 100 1 2378 4070 2601
4892 2 2 100 1 1243 1247 1246
4893 2 2 100 1 1376 1377 1375
4894 2 2 100 1 4157 4891 4882
4895 2 2 100 1 1967 1968 1966
4896 2 2 100 1 2177 4283 2470
4897 2 2 100 1 823 824 815
4898 2 2 100 1 2014 4560 4537
4899 2 2 100 1 163 4323 162
4900 2 2 100 1 252 429 251
4901 2 2 100 1 3530 3894 3140
4902 2 2 100 1 2900 3671 3670
4903 2 2 100 1 1990 1991 1989
4904 2 2 100 1 3520 3559 3521
4905 2 2 100 1 574 4294 258
4906 2 2 100 1 1526 1527 1523
4907 2 2 100 1 2109 2110 2108
4908 2 2 100 1 4394 4395 579
4909 2 2 100 1 2470 3495 3197
4910 2 2 100 1 1597 1600 1598
4911 2 2 100 1 1252 2681 1250
4912 2 2 100 1 1616 1618 1617
4913 2 2 100 1 1063 1064 1062
4914 2 2 100 1 2092 4459 2265
4915 2 2 100 1 389 4114 388
4916 2 2 100 1 380 4135 379
4917 2 2 100 1 2448 4155 2079
4918 2 2 100 1 1043 1046 1045
4919 2 2 100 1 2819 3102 2197
4920 2 2 100 1 1370 1371 1335
4921 2 2 100 1 1646 1673 1633
4922 2 2 100 1 722 724 723
4923 2 2 100 1 685 688 687
4924 2 2 100 1 1708 4749 2185
4925 2 2 100 1 1804 1829 1666
4926 2 2 100 1 2912 2914 2913
4927 2 2 100 1 1790 1914 1789
4928 2 2 100 1 4249 4251 4250
4929 2 2 100 1 4011 4013 4012
4930 2 2 100 1 467 4348 260
4931 2 2 100 1 2253 2255 2254
4932 2 2 100 1 233 4301 572
4933 2 2 100 1 1559 4190 1649
4934 2 2 100 1 666 4110 4049
4935 2 2 100 1 2192 2194 2193
4936 2 2 100 1 384 4129 383
4937 2 2 100 1 1489 4506 1492
4938 2 2 100 1 387 4304 386
4939 2 2 100 1 1207 4507 1188
4940 2 2 100 1 2127 2384 2136
4941 2 2 100 1 2310 2402 1864
4942 2 2 100 1 1001 1012 1003
4943 2 2 100 1 989 4373 991
4944 2 2 100 1 1083 1143 1085
4945 2 2 100 1 1550 1553 1552
4946 2 2 100 1 1553 4181 1831
4947 2 2 100 1 1739 1832 839
4948 2 2 100 1 2632 3015 3013
4949 2 2 100 1 4408 4416 582
4950 2 2 100 1 2370 2371 2110
4951 2 2 100 1 978 981 980
4952 2 2 100 1 1145 1169 1130
4953 2 2 100 1 2995 2997 2996
4954 2 2 100 1 3686 4919 1632
4955 2 2 100 1 250 4342 249
4956 2 2 100 1 2664 4440 2665
4957 2 2 100 1 1627 4336 1630
4958 2 2 100 1 2944 3657 2945
4959 2 2 100 1 490 4399 4398
4960 2 2 100 1 933 936 935
4961 2 2 100 1 2123 2150 2125
4962 2 2 100 1 1618 1620 1619
4963 2 2 100 1 398 4158 397
4964 2 2 100 1 2115 4249 2119
4965 2 2 100 1 2329 4286 2328
4966 2 2 100 1 2244 2515 2282
4967 2 2 100 1 524 4404 217
4968 2 2 100 1 1343 4360 1344
4969 2 2 100 1 3939 3941 3940
4970 2 2 100 1 1444 1445 1443
4971 2 2 100 1 1331 4349 1329
4972 2 2 100 1 3660 3681 3661
4973 2 2 100 1 910 4307 912
4974 2 2 100 1 912 916 915
4975 2 2 100 1 158 4321 157
4976 2 2 100 1 3877 3878 3876
4977 2 2 100 1 1398 2223 1396
4978 2 2 100 1 666 668 667
4979 2 2 100 1 4380 4386 4379
4980 2 2 100 1 1687 1689 1688
4981 2 2 100 1 2417 4524 1416
4982 2 2 100 1 2655 4315 4314
4983 2 2 100 1 1909 1911 1910
4984 2 2 100 1 1034 1037 1036
4985 2 2 100 1 1470 1473 1472
4986 2 2 100 1 2154 4359 1862
4987 2 2 100 1 2236 2238 2237
4988 2 2 100 1 936 938 937
4989 2 2 100 1 1431 1432 1430
4990 2 2 100 1 2384 3021 2811
4991 2 2 100 1 3881 3882 3879
4992 2 2 100 1 1650 4371 1652
4993 2 2 100 1 3739 3740 2825
4994 2 2 100 1 1857 1858 1855
4995 2 2 100 1 649 2690 654
4996 2 2 100 1 1582 1586 1584
4997 2 2 100 1 3021 3660 3023
4998 2 2 100 1 1290 1292 1291
4999 2 2 100 1 2639 4074 2573
5000 2 2 100 1 2065 2067 2066
5001 2 2 100 1 1230 4363 2111
5002 2 2 100 1 1213 4377 1199
5003 2 2 100 1 4237 4447 4234
5004 2 2 100 1 2843 3788 3787
5005 2 2 100 1 1408 4534 1410
5006 2 2 100 1 1607 1610 1609
5007 2 2 100 1 1378 1379 1377
5008 2 2 100 1 3110 4967 2920
5009 2 2 100 1 3096 3098 2480
5010 2 2 100 1 490 4400 4399
5011 2 2 100 1 3046 4444 3050
5012 2 2 100 1 2079 2080 2077
5013 2 2 100 1 1861 2155 2154
5014 2 2 100 1 3254 3255 2471
5015 2 2 100 1 2874 3133 2873
5016 2 2 100 1 2201 4499 3076
5017 2 2 100 1 1372 1373 1371
5018 2 2 100 1 1287 1290 1288
5019 2 2 100 1 207 4140 206
5020 2 2 100 1 1837 2188 1838
5021 2 2 100 1 1587 1591 1590
5022 2 2 100 1 1927 1928 1926
5023 2 2 100 1 2228 2229 1166
5024 2 2 100 1 4379 4386 580
5025 2 2 100 1 1610 4145 1644
5026 2 2 100 1 1620 1622 1621
5027 2 2 100 1 676 678 677
5028 2 2 100 1 2396 4186 2397
5029 2 2 100 1 140 568 139
5030 2 2 100 1 1850 2244 1860
5031 2 2 100 1 4328 4546 4519
5032 2 2 100 1 1810 1905 1904
5033 2 2 100 1 4402 4404 4403
5034 2 2 100 1 1634 4469 1639
5035 2 2 100 1 1756 1757 1755
5036 2 2 100 1 216 4404 4402
5037 2 2 100 1 3600 3664 2880
5038 2 2 100 1 4404 4405 4403
5039 2 2 100 1 4673 4785 1307
5040 2 2 100 1 1820 2660 2658
5041 2 2 100 1 1622 4444 1624
5042 2 2 100 1 2408 2655 1829
5043 2 2 100 1 1428 1430 1427
5044 2 2 100 1 4030 4226 4027
5045 2 2 100 1 3520 3521 2997
5046 2 2 100 1 160 4200 159
5047 2 2 100 1 1992 1993 1991
5048 2 2 100 1 3004 3005 2929
5049 2 2 100 1 1559 1561 1560
5050 2 2 100 1 155 4216 154
5051 2 2 100 1 153 4217 152
5052 2 2 100 1 2209 4099 2145
5053 2 2 100 1 2250 4297 2521
5054 2 2 100 1 149 4326 148
5055 2 2 100 1 1793 2329 2328
5056 2 2 100 1 151 4224 150
5057 2 2 100 1 2995 3520 2997
5058 2 2 100 1 1804 1830 1829
5059 2 2 100 1 985 987 986
5060 2 2 100 1 902 907 906
5061 2 2 100 1 1969 1970 1968
5062 2 2 100 1 4234 4447 503
5063 2 2 100 1 2736 3074 2739
5064 2 2 100 1 1601 1604 1603
5065 2 2 100 1 2540 2541 2292
5066 2 2 100 1 1556 1559 1558
5067 2 2 100 1 1356 2691 1358
5068 2 2 100 1 4829 4932 2839
5069 2 2 100 1 1887 1888 1886
5070 2 2 100 1 1652 4371 1742
5071 2 2 100 1 1589 4522 4481
5072 2 2 100 1 3747 4705 1269
5073 2 2 100 1 146 4242 145
5074 2 2 100 1 2238 2290 2289
5075 2 2 100 1 1622 1624 1623
5076 2 2 100 1 840 841 824
5077 2 2 100 1 3610 3611 3609
5078 2 2 100 1 4017 4022 460
5079 2 2 100 1 2328 4286 2538
5080 2 2 100 1 2660 3016 2661
5081 2 2 100 1 287 420 286
5082 2 2 100 1 2646 2647 2645
5083 2 2 100 1 3721 3725 3723
5084 2 2 100 1 2992 4485 3529
5085 2 2 100 1 4418 4438 583
5086 2 2 100 1 2360 2573 2361
5087 2 2 100 1 970 971 969
5088 2 2 100 1 2644 2645 2577
5089 2 2 100 1 2744 4710 4640
5090 2 2 100 1 726 731 727
5091 2 2 100 1 1280 4003 4002
5092 2 2 100 1 4378 4597 3190
5093 2 2 100 1 432 3315 3314
5094 2 2 100 1 475 4380 4379
5095 2 2 100 1 2544 3467 2542
5096 2 2 100 1 2318 4492 2961
5097 2 2 100 1 4318 4358 4317
5098 2 2 100 1 921 4303 923
5099 2 2 100 1 1437 1438 1436
5100 2 2 100 1 475 4381 4380
5101 2 2 100 1 314 4387 492
5102 2 2 100 1 2411 2414 2413
5103 2 2 100 1 580 4365 407
5104 2 2 100 1 248 4258 247
5105 2 2 100 1 2446 2594 2593
5106 2 2 100 1 2297 2783 2184
5107 2 2 100 1 2682 2683 1846
5108 2 2 100 1 944 4357 1032
5109 2 2 100 1 4688 4741 1668
5110 2 2 100 1 2701 4786 4044
5111 2 2 100 1 241 4257 240
5112 2 2 100 1 2971 4378 3190
5113 2 2 100 1 239 4259 238
5114 2 2 100 1 3379 3502 3378
5115 2 2 100 1 4315 4316 4314
5116 2 2 100 1 2559 3773 3772
5117 2 2 100 1 4381 4383 4382
5118 2 2 100 1 135 4368 578
5119 2 2 100 1 1087 1369 1089
5120 2 2 100 1 144 4331 143
5121 2 2 100 1 259 574 258
5122 2 2 100 1 2128 2130 2129
5123 2 2 100 1 2194 2234 2233
5124 2 2 100 1 256 4266 255
5125 2 2 100 1 2310 2403 2402
5126 2 2 100 1 3943 3946 3945
5127 2 2 100 1 1959 1961 1960
5128 2 2 100 1 1223 1241 1239
5129 2 2 100 1 1639 4344 1643
5130 2 2 100 1 2412 2813 1463
5131 2 2 100 1 231 4361 469
5132 2 2 100 1 670 747 746
5133 2 2 100 1 1994 1995 1993
5134 2 2 100 1 1297 4364 1299
5135 2 2 100 1 216 4402 215
5136 2 2 100 1 3126 4028 4027
5137 2 2 100 1 973 974 971
5138 2 2 100 1 2045 2046 1888
5139 2 2 100 1 691 694 693
5140 2 2 100 1 2996 3276 2994
5141 2 2 100 1 1624 1626 1625
5142 2 2 100 1 4410 4411 4409
5143 2 2 100 1 259 4348 574
5144 2 2 100 1 1093 1096 1095
5145 2 2 100 1 2135 4699 3867
5146 2 2 100 1 2877 4367 1780
5147 2 2 100 1 1780 4367 1262
5148 2 2 100 1 2455 3998 1954
5149 2 2 100 1 1465 2674 1402
5150 2 2 100 1 2042 4705 2496
5151 2 2 100 1 2601 4070 3599
5152 2 2 100 1 246 4337 245
5153 2 2 100 1 3480 3555 3479
5154 2 2 100 1 2331 2535 2329
5155 2 2 100 1 234 4301 233
5156 2 2 100 1 258 4294 257
5157 2 2 100 1 1946 1947 1945
5158 2 2 100 1 1742 4371 4350
5159 2 2 100 1 1065 1066 1064
5160 2 2 100 1 1902 2491 2490
5161 2 2 100 1 3190 4320 3191
5162 2 2 100 1 2940 3969 3967
5163 2 2 100 1 1742 4350 1902
5164 2 2 100 1 2229 4489 1166
5165 2 2 100 1 4363 4559 3061
5166 2 2 100 1 807 817 816
5167 2 2 100 1 709 710 708
5168 2 2 100 1 2330 2331 2329
5169 2 2 100 1 2267 4523 3152
5170 2 2 100 1 1348 1353 1346
5171 2 2 100 1 1380 1381 1379
5172 2 2 100 1 233 572 232
5173 2 2 100 1 968 969 967
5174 2 2 100 1 2155 3546 2554
5175 2 2 100 1 1862 1870 1859
5176 2 2 100 1 1046 1048 1047
5177 2 2 100 1 4161 4162 4160
5178 2 2 100 1 4411 4415 4409
5179 2 2 100 1 2671 3116 2672
5180 2 2 100 1 2130 2132 2131
5181 2 2 100 1 2120 2122 2121
5182 2 2 100 1 678 680 679
5183 2 2 100 1 917 4484 920
5184 2 2 100 1 2111 4363 3061
5185 2 2 100 1 927 4456 930
5186 2 2 100 1 2864 3755 2648
5187 2 2 100 1 1228 4377 1213
5188 2 2 100 1 2424 4283 2177
5189 2 2 100 1 141 4270 140
5190 2 2 100 1 161 4345 564
5191 2 2 100 1 2080 4461 2077
5192 2 2 100 1 1439 1441 1438
5193 2 2 100 1 582 4441 411
5194 2 2 100 1 4412 4413 4411
5195 2 2 100 1 1980 1982 1981
5196 2 2 100 1 680 682 681
5197 2 2 100 1 3062 4627 4474
5198 2 2 100 1 261 4374 467
5199 2 2 100 1 2074 4507 1224
5200 2 2 100 1 3636 3637 2569
5201 2 2 100 1 1601 4464 1604
5202 2 2 100 1 866 867 865
5203 2 2 100 1 1426 1427 1425
5204 2 2 100 1 217 4404 216
5205 2 2 100 1 987 989 988
5206 2 2 100 1 942 944 943
5207 2 2 100 1 2212 2214 2213
5208 2 2 100 1 770 791 768
5209 2 2 100 1 682 684 683
5210 2 2 100 1 878 880 879
5211 2 2 100 1 2688 2709 2687
5212 2 2 100 1 323 4406 533
5213 2 2 100 1 1464 4484 2641
5214 2 2 100 1 876 878 877
5215 2 2 100 1 237 4338 236
5216 2 2 100 1 581 4397 4396
5217 2 2 100 1 4250 4709 4278
5218 2 2 100 1 1996 1997 1995
5219 2 2 100 1 1852 3039 1854
5220 2 2 100 1 2224 4377 1228
5221 2 2 100 1 659 666 664
5222 2 2 100 1 2665 2667 2666
5223 2 2 100 1 3376 3378 3374
5224 2 2 100 1 572 4361 232
5225 2 2 100 1 596 597 594
5226 2 2 100 1 1071 1073 1072
5227 2 2 100 1 944 946 945
5228 2 2 100 1 731 738 732
5229 2 2 100 1 898 2637 900
5230 2 2 100 1 3680 4960 4955
5231 2 2 100 1 324 4406 323
5232 2 2 100 1 1337 2772 1334
5233 2 2 100 1 2563 3779 3778
5234 2 2 100 1 2132 2134 2133
5235 2 2 100 1 2201 3076 2792
5236 2 2 100 1 162 4345 161
5237 2 2 100 1 2134 2138 2137
5238 2 2 100 1 1374 4389 1371
5239 2 2 100 1 668 670 669
5240 2 2 100 1 285 575 284
5241 2 2 100 1 1325 4607 3027
5242 2 2 100 1 2480 4443 2165
5243 2 2 100 1 4686 4687 3526
5244 2 2 100 1 2336 2862 2861
5245 2 2 100 1 1017 2158 1022
5246 2 2 100 1 4402 4403 4400
5247 2 2 100 1 2342 2877 1780
5248 2 2 100 1 975 976 974
5249 2 2 100 1 4911 5042 3633
5250 2 2 100 1 1751 1782 1781
5251 2 2 100 1 315 4387 314
5252 2 2 100 1 1262 2224 1228
5253 2 2 100 1 946 948 947
5254 2 2 100 1 2689 2870 2869
5255 2 2 100 1 2969 4378 2971
5256 2 2 100 1 2601 2602 2600
5257 2 2 100 1 1665 1666 1663
5258 2 2 100 1 2065 4390 2218
5259 2 2 100 1 2022 2850 1745
5260 2 2 100 1 1776 4372 2205
5261 2 2 100 1 1424 1425 626
5262 2 2 100 1 2710 2711 2709
5263 2 2 100 1 926 927 925
5264 2 2 100 1 1341 1342 1339
5265 2 2 100 1 2961 4354 3447
5266 2 2 100 1 1984 1986 1985
5267 2 2 100 1 406 4365 431
5268 2 2 100 1 1646 4388 1875
5269 2 2 100 1 2150 4462 2125
5270 2 2 100 1 507 4410 4409
5271 2 2 100 1 1586 1587 1584
5272 2 2 100 1 406 431 405
5273 2 2 100 1 1642 4453 1767
5274 2 2 100 1 1565 1567 1566
5275 2 2 100 1 1718 1719 1717
5276 2 2 100 1 4120 4434 2874
5277 2 2 100 1 3675 4837 4727
5278 2 2 100 1 1295 4373 989
5279 2 2 100 1 674 676 675
5280 2 2 100 1 939 942 941
5281 2 2 100 1 425 4368 136
5282 2 2 100 1 2573 3569 2574
5283 2 2 100 1 817 830 829
5284 2 2 100 1 507 4409 4408
5285 2 2 100 1 800 4594 1395
5286 2 2 100 1 739 4103 743
5287 2 2 100 1 2127 4462 2384
5288 2 2 100 1 2290 2336 2335
5289 2 2 100 1 2113 2115 2114
5290 2 2 100 1 977 978 976
5291 2 2 100 1 3014 4155 2448
5292 2 2 100 1 475 4441 4381
5293 2 2 100 1 2047 2048 2046
5294 2 2 100 1 2687 4476 1769
5295 2 2 100 1 2303 4066 2008
5296 2 2 100 1 1300 4587 696
5297 2 2 100 1 408 4379 580
5298 2 2 100 1 3620 3623 3622
5299 2 2 100 1 2971 3190 3189
5300 2 2 100 1 907 3922 1282
5301 2 2 100 1 137 425 136
5302 2 2 100 1 2111 2113 2112
5303 2 2 100 1 1567 1569 1568
5304 2 2 100 1 2330 2487 2331
5305 2 2 100 1 738 4103 739
5306 2 2 100 1 1067 1068 1066
5307 2 2 100 1 1658 2152 1656
5308 2 2 100 1 739 743 741
5309 2 2 100 1 1048 1164 1163
5310 2 2 100 1 1241 1266 1265
5311 2 2 100 1 1316 1318 1317
5312 2 2 100 1 4350 4522 4351
5313 2 2 100 1 4410 4412 4411
5314 2 2 100 1 4671 4818 3078
5315 2 2 100 1 1266 1751 1750
5316 2 2 100 1 4381 4441 4384
5317 2 2 100 1 2515 4276 2975
5318 2 2 100 1 4085 4088 4087
5319 2 2 100 1 1594 1595 1592
5320 2 2 100 1 2396 2397 2395
5321 2 2 100 1 2712 2713 2711
5322 2 2 100 1 1591 1592 1590
5323 2 2 100 1 2018 5642 4100
5324 2 2 100 1 1549 1550 1548
5325 2 2 100 1 312 4024 550
5326 2 2 100 1 989 991 990
5327 2 2 100 1 1252 3125 2681
5328 2 2 100 1 2495 2587 2043
5329 2 2 100 1 326 503 325
5330 2 2 100 1 1382 1383 1381
5331 2 2 100 1 920 921 919
5332 2 2 100 1 4640 4710 1528
5333 2 2 100 1 4721 4802 1275
5334 2 2 100 1 3514 4894 2853
5335 2 2 100 1 776 778 774
5336 2 2 100 1 1292 4530 1293
5337 2 2 100 1 2099 4071 2093
5338 2 2 100 1 3643 5062 5048
5339 2 2 100 1 1024 1025 1020
5340 2 2 100 1 1189 1222 1207
5341 2 2 100 1 484 4427 277
5342 2 2 100 1 2270 2687 1769
5343 2 2 100 1 1358 4475 1360
5344 2 2 100 1 695 698 697
5345 2 2 100 1 277 4427 276
5346 2 2 100 1 1829 4313 1666
5347 2 2 100 1 1019 1020 1013
5348 2 2 100 1 1069 1070 1068
5349 2 2 100 1 2870 2872 2871
5350 2 2 100 1 51 526 52
5351 2 2 100 1 48 525 49
5352 2 2 100 1 583 4438 415
5353 2 2 100 1 2138 2140 2139
5354 2 2 100 1 1806 4376 1808
5355 2 2 100 1 1562 1565 1564
5356 2 2 100 1 2714 2715 2713
5357 2 2 100 1 1961 1963 1962
5358 2 2 100 1 1388 1389 1387
5359 2 2 100 1 948 950 949
5360 2 2 100 1 1250 4488 826
5361 2 2 100 1 1164 1171 1170
5362 2 2 100 1 3612 3615 3611
5363 2 2 100 1 3069 3644 2602
5364 2 2 100 1 2675 2676 2674
5365 2 2 100 1 1555 1556 1554
5366 2 2 100 1 4772 4896 3909
5367 2 2 100 1 3680 4955 1637
5368 2 2 100 1 261 467 260
5369 2 2 100 1 3513 3514 2853
5370 2 2 100 1 3688 4948 4931
5371 2 2 100 1 2487 2488 2331
5372 2 2 100 1 2225 3147 2227
5373 2 2 100 1 2394 2395 2393
5374 2 2 100 1 2872 3339 3338
5375 2 2 100 1 1662 1663 1660
5376 2 2 100 1 1284 4439 1286
5377 2 2 100 1 2115 2117 2116
5378 2 2 100 1 1442 1443 1441
5379 2 2 100 1 525 3428 49
5380 2 2 100 1 51 3429 526
5381 2 2 100 1 1606 1607 1605
5382 2 2 100 1 2148 2689 2504
5383 2 2 100 1 577 4374 262
5384 2 2 100 1 2716 2717 2715
5385 2 2 100 1 1793 2330 2329
5386 2 2 100 1 3071 4511 2160
5387 2 2 100 1 2984 2986 2985
5388 2 2 100 1 1597 1598 1595
5389 2 2 100 1 314 492 313
5390 2 2 100 1 1553 1554 1552
5391 2 2 100 1 3592 3594 3593
5392 2 2 100 1 1600 1601 1598
5393 2 2 100 1 2255 2257 2256
5394 2 2 100 1 1820 4464 2660
5395 2 2 100 1 1007 4489 2705
5396 2 2 100 1 135 578 134
5397 2 2 100 1 2906 2907 2717
5398 2 2 100 1 2650 2651 2649
5399 2 2 100 1 408 580 407
5400 2 2 100 1 2443 2509 2508
5401 2 2 100 1 4409 4416 4408
5402 2 2 100 1 260 4348 259
5403 2 2 100 1 4519 4546 2135
5404 2 2 100 1 1230 2111 1245
5405 2 2 100 1 1012 1013 1003
5406 2 2 100 1 1986 1988 1987
5407 2 2 100 1 950 952 951
5408 2 2 100 1 3169 3744 2676
5409 2 2 100 1 3190 3191 3189
5410 2 2 100 1 1948 1949 1947
5411 2 2 100 1 2862 2982 2981
5412 2 2 100 1 1911 1913 1912
5413 2 2 100 1 1417 4855 1419
5414 2 2 100 1 3057 3092 2386
5415 2 2 100 1 3274 4276 2515
5416 2 2 100 1 991 993 992
5417 2 2 100 1 2143 2145 2144
5418 2 2 100 1 2107 4426 2109
5419 2 2 100 1 894 904 896
5420 2 2 100 1 1187 1189 1188
5421 2 2 100 1 507 4438 4410
5422 2 2 100 1 1803 1804 1666
5423 2 2 100 1 1936 1938 1937
5424 2 2 100 1 1240 4531 2075
5425 2 2 100 1 136 4368 135
5426 2 2 100 1 407 4365 406
5427 2 2 100 1 932 933 931
5428 2 2 100 1 2379 4461 2080
5429 2 2 100 1 1612 1613 1611
5430 2 2 100 1 2556 4650 2346
5431 2 2 100 1 1849 2428 2426
5432 2 2 100 1 1963 1965 1964
5433 2 2 100 1 4410 4438 4418
5434 2 2 100 1 262 4374 261
5435 2 2 100 1 1444 4649 1445
5436 2 2 100 1 1971 1972 1970
5437 2 2 100 1 1871 2252 1870
5438 2 2 100 1 263 577 262
5439 2 2 100 1 2590 4375 2228
5440 2 2 100 1 1610 1611 1609
5441 2 2 100 1 1573 1575 1574
5442 2 2 100 1 475 4379 409
5443 2 2 100 1 2908 2909 2907
5444 2 2 100 1 1604 1605 1603
5445 2 2 100 1 1384 1385 1383
5446 2 2 100 1 1929 1930 1928
5447 2 2 100 1 930 931 929
5448 2 2 100 1 2279 4004 2277
5449 2 2 100 1 2049 2050 2048
5450 2 2 100 1 2214 2295 2294
5451 2 2 100 1 813 4468 837
5452 2 2 100 1 1033 1034 1025
5453 2 2 100 1 1950 1951 1949
5454 2 2 100 1 981 982 980
5455 2 2 100 1 232 4361 231
5456 2 2 100 1 584 4391 212
5457 2 2 100 1 2915 2916 2914
5458 2 2 100 1 409 4379 408
5459 2 2 100 1 1863 1864 1830
5460 2 2 100 1 2694 2969 2968
5461 2 2 100 1 711 712 710
5462 2 2 100 1 2515 2975 2282
5463 2 2 100 1 2655 4314 4313
5464 2 2 100 1 1998 1999 1997
5465 2 2 100 1 45 486 46
5466 2 2 100 1 133 468 132
5467 2 2 100 1 452 4394 281
5468 2 2 100 1 1173 1175 1174
5469 2 2 100 1 2911 2912 2909
5470 2 2 100 1 983 984 982
5471 2 2 100 1 1580 4861 1582
5472 2 2 100 1 1614 1615 1613
5473 2 2 100 1 3458 3459 2948
5474 2 2 100 1 2384 4462 3022
5475 2 2 100 1 581 4396 130
5476 2 2 100 1 231 469 230
5477 2 2 100 1 2170 2171 1835
5478 2 2 100 1 3572 4676 2032
5479 2 2 100 1 2189 2192 2191
5480 2 2 100 1 2924 4664 3432
5481 2 2 100 1 2223 4593 1396
5482 2 2 100 1 2295 2473 2472
5483 2 2 100 1 911 4586 909
5484 2 2 100 1 2145 2147 2146
5485 2 2 100 1 211 4391 443
5486 2 2 100 1 1856 4567 1857
5487 2 2 100 1 211 443 210
5488 2 2 100 1 2665 4440 2668
5489 2 2 100 1 1627 1630 1629
5490 2 2 100 1 213 4398 584
5491 2 2 100 1 1130 4832 1125
5492 2 2 100 1 131 581 130
5493 2 2 100 1 2371 2374 2373
5494 2 2 100 1 2850 4502 1745
5495 2 2 100 1 2673 3327 3326
5496 2 2 100 1 282 452 281
5497 2 2 100 1 3040 4507 2074
5498 2 2 100 1 2641 4484 4043
5499 2 2 100 1 672 674 673
5500 2 2 100 1 1616 1617 1615
5501 2 2 100 1 280 4394 579
5502 2 2 100 1 268 4429 534
5503 2 2 100 1 916 917 915
5504 2 2 100 1 317 4425 531
5505 2 2 100 1 412 4408 582
5506 2 2 100 1 269 4429 268
5507 2 2 100 1 410 475 409
5508 2 2 100 1 213 584 212
5509 2 2 100 1 1712 1713 1711
5510 2 2 100 1 1721 1722 1719
5511 2 2 100 1 129 4396 504
5512 2 2 100 1 2322 2324 2323
5513 2 2 100 1 880 882 881
5514 2 2 100 1 323 533 322
5515 2 2 100 1 278 4407 484
5516 2 2 100 1 130 4396 129
5517 2 2 100 1 281 4394 280
5518 2 2 100 1 1630 1633 1631
5519 2 2 100 1 228 514 227
5520 2 2 100 1 280 579 279
5521 2 2 100 1 212 4391 211
5522 2 2 100 1 1559 1560 1558
5523 2 2 100 1 317 531 316
5524 2 2 100 1 3025 3071 2160
5525 2 2 100 1 2921 3110 2920
5526 2 2 100 1 412 582 411
5527 2 2 100 1 490 4398 214
5528 2 2 100 1 579 4407 279
5529 2 2 100 1 265 491 264
5530 2 2 100 1 2606 3715 2604
5531 2 2 100 1 1575 1577 1576
5532 2 2 100 1 214 4398 213
5533 2 2 100 1 2919 2920 2918
5534 2 2 100 1 507 4408 413
5535 2 2 100 1 589 4425 318
5536 2 2 100 1 2917 2918 2916
5537 2 2 100 1 411 4441 410
5538 2 2 100 1 318 4425 317
5539 2 2 100 1 1570 1573 1572
5540 2 2 100 1 413 4408 412
5541 2 2 100 1 4384 4385 4383
5542 2 2 100 1 3185 3186 2488
5543 2 2 100 1 129 504 128
5544 2 2 100 1 2124 4328 2122
5545 2 2 100 1 3962 4630 3825
5546 2 2 100 1 414 507 413
5547 2 2 100 1 215 490 214
5548 2 2 100 1 279 4407 278
5549 2 2 100 1 952 954 953
5550 2 2 100 1 278 484 277
5551 2 2 100 1 319 589 318
5552 2 2 100 1 1618 1619 1617
5553 2 2 100 1 1827 3921 1714
5554 2 2 100 1 2207 2433 2208
5555 2 2 100 1 4732 4893 4184
5556 2 2 100 1 416 583 415
5557 2 2 100 1 268 534 267
5558 2 2 100 1 126 530 125
5559 2 2 100 1 532 4430 224
5560 2 2 100 1 225 532 224
5561 2 2 100 1 529 4431 274
5562 2 2 100 1 223 4430 588
5563 2 2 100 1 224 4430 223
5564 2 2 100 1 585 4432 219
5565 2 2 100 1 275 529 274
5566 2 2 100 1 218 524 217
5567 2 2 100 1 218 4432 524
5568 2 2 100 1 124 587 123
5569 2 2 100 1 273 4431 586
5570 2 2 100 1 274 4431 273
5571 2 2 100 1 223 588 222
5572 2 2 100 1 219 4432 218
5573 2 2 100 1 273 586 272
5574 2 2 100 1 220 585 219
5575 2 2 100 1 586 4433 272
5576 2 2 100 1 272 4433 271
5577 2 2 100 1 1938 1940 1939
5578 2 2 100 1 215 4402 490
5579 2 2 100 1 415 4438 414
5580 2 2 100 1 2253 2254 2252
5581 2 2 100 1 2203 3103 2196
5582 2 2 100 1 2078 4531 2632
5583 2 2 100 1 4481 4522 4371
5584 2 2 100 1 2320 2322 2321
5585 2 2 100 1 1819 2443 2442
5586 2 2 100 1 2128 2129 2126
5587 2 2 100 1 2652 2954 2651
5588 2 2 100 1 4415 4416 4409
5589 2 2 100 1 2334 2591 2484
5590 2 2 100 1 1639 1643 1640
5591 2 2 100 1 2244 2282 1860
5592 2 2 100 1 1171 1178 1177
5593 2 2 100 1 1318 1320 1319
5594 2 2 100 1 1812 4448 1908
5595 2 2 100 1 2350 4124 4123
5596 2 2 100 1 4043 4044 3036
5597 2 2 100 1 2969 2971 2970
5598 2 2 100 1 2433 2882 2434
5599 2 2 100 1 1833 2206 2159
5600 2 2 100 1 2147 2221 2220
5601 2 2 100 1 1073 1075 1074
5602 2 2 100 1 2120 2121 2117
5603 2 2 100 1 1283 2701 1026
5604 2 2 100 1 2309 2310 1864
5605 2 2 100 1 1577 1580 1579
5606 2 2 100 1 490 4402 4400
5607 2 2 100 1 1343 1344 1342
5608 2 2 100 1 4157 4882 1670
5609 2 2 100 1 1789 4629 1324
5610 2 2 100 1 1931 1932 1930
5611 2 2 100 1 2466 2468 2467
5612 2 2 100 1 1662 1665 1663
5613 2 2 100 1 3033 3135 3134
5614 2 2 100 1 1988 1990 1989
5615 2 2 100 1 2178 2424 2177
5616 2 2 100 1 47 3357 48
5617 2 2 100 1 2006 2007 1999
5618 2 2 100 1 1360 1837 1363
5619 2 2 100 1 2026 2576 2028
5620 2 2 100 1 3629 3906 2635
5621 2 2 100 1 985 986 984
5622 2 2 100 1 868 869 867
5623 2 2 100 1 2206 3119 2833
5624 2 2 100 1 2372 4195 4194
5625 2 2 100 1 54 487 55
5626 2 2 100 1 2072 2592 2363
5627 2 2 100 1 2660 4464 4178
5628 2 2 100 1 2428 2867 2848
5629 2 2 100 1 325 4447 324
5630 2 2 100 1 2683 2891 2876
5631 2 2 100 1 1845 3032 2419
5632 2 2 100 1 1634 1639 1636
5633 2 2 100 1 1620 1621 1619
5634 2 2 100 1 2507 3096 2480
5635 2 2 100 1 2785 4864 4803
5636 2 2 100 1 2487 2946 2488
5637 2 2 100 1 1901 4472 1741
5638 2 2 100 1 2374 2376 2375
5639 2 2 100 1 1868 2464 2463
5640 2 2 100 1 2946 3185 2488
5641 2 2 100 1 954 957 956
5642 2 2 100 1 1767 1846 1768
5643 2 2 100 1 526 3353 52
5644 2 2 100 1 3949 3954 1294
5645 2 2 100 1 3168 3507 3042
5646 2 2 100 1 688 690 689
5647 2 2 100 1 1898 4698 4633
5648 2 2 100 1 1965 1967 1966
5649 2 2 100 1 2449 3042 2424
5650 2 2 100 1 1834 1835 638
5651 2 2 100 1 1251 4502 1252
5652 2 2 100 1 4067 4143 4066
5653 2 2 100 1 3074 3527 2739
5654 2 2 100 1 1739 1833 1832
5655 2 2 100 1 2464 2466 2465
5656 2 2 100 1 1850 1860 1298
5657 2 2 100 1 1805 1806 1692
5658 2 2 100 1 2969 2970 2968
5659 2 2 100 1 1203 1231 1208
5660 2 2 100 1 1624 4444 1823
5661 2 2 100 1 2479 2480 2165
5662 2 2 100 1 414 4438 507
5663 2 2 100 1 4373 4452 991
5664 2 2 100 1 1561 1562 1560
5665 2 2 100 1 1178 1203 1194
5666 2 2 100 1 870 871 869
5667 2 2 100 1 1740 4600 4268
5668 2 2 100 1 872 873 871
5669 2 2 100 1 2053 2054 2052
5670 2 2 100 1 2410 2411 2403
5671 2 2 100 1 3091 4491 2498
5672 2 2 100 1 1494 2207 1798
5673 2 2 100 1 2246 4281 938
5674 2 2 100 1 1292 1293 1291
5675 2 2 100 1 2852 2853 2708
5676 2 2 100 1 3476 3477 3270
5677 2 2 100 1 2445 2446 2414
5678 2 2 100 1 1037 1038 1036
5679 2 2 100 1 2257 2261 2260
5680 2 2 100 1 2365 2707 1840
5681 2 2 100 1 9 3293 10
5682 2 2 100 1 936 937 935
5683 2 2 100 1 1231 1256 1232
5684 2 2 100 1 1622 1623 1621
5685 2 2 100 1 562 4161 4160
5686 2 2 100 1 3269 3270 3268
5687 2 2 100 1 1664 4504 4470
5688 2 2 100 1 3098 4443 2480
5689 2 2 100 1 2087 4459 2089
5690 2 2 100 1 4073 4074 2639
5691 2 2 100 1 4410 4418 4412
5692 2 2 100 1 1921 1923 1922
5693 2 2 100 1 889 2703 891
5694 2 2 100 1 4088 4090 4089
5695 2 2 100 1 882 884 883
5696 2 2 100 1 3037 4660 619
5697 2 2 100 1 2473 2525 2524
5698 2 2 100 1 1299 4364 1852
5699 2 2 100 1 1760 1761 1724
5700 2 2 100 1 1517 1519 1518
5701 2 2 100 1 1952 1953 1951
5702 2 2 100 1 410 4441 475
5703 2 2 100 1 1642 1767 1766
5704 2 2 100 1 1515 1517 1516
5705 2 2 100 1 2955 4558 2954
5706 2 2 100 1 832 834 833
5707 2 2 100 1 2111 2112 1245
5708 2 2 100 1 2971 3189 3188
5709 2 2 100 1 2961 3447 3446
5710 2 2 100 1 2595 2596 2594
5711 2 2 100 1 2033 2586 2070
5712 2 2 100 1 1674 1848 1676
5713 2 2 100 1 1519 1521 1520
5714 2 2 100 1 2452 4649 1824
5715 2 2 100 1 1776 2205 2036
5716 2 2 100 1 3080 3082 3081
5717 2 2 100 1 2330 2832 2487
5718 2 2 100 1 1973 1974 1972
5719 2 2 100 1 1877 2156 1703
5720 2 2 100 1 2055 2056 2054
5721 2 2 100 1 2655 4313 1829
5722 2 2 100 1 1264 1535 1534
5723 2 2 100 1 1367 1511 1510
5724 2 2 100 1 1665 1803 1666
5725 2 2 100 1 2900 3670 2584
5726 2 2 100 1 907 908 906
5727 2 2 100 1 993 995 994
5728 2 2 100 1 1580 1582 1581
5729 2 2 100 1 1410 4534 1414
5730 2 2 100 1 1624 1625 1623
5731 2 2 100 1 2608 3043 2105
5732 2 2 100 1 2795 3140 3139
5733 2 2 100 1 2376 2378 2377
5734 2 2 100 1 2978 3488 2778
5735 2 2 100 1 884 886 885
5736 2 2 100 1 4381 4384 4383
5737 2 2 100 1 4202 4205 4204
5738 2 2 100 1 2113 2114 2112
5739 2 2 100 1 3447 3450 3449
5740 2 2 100 1 4061 4064 4063
5741 2 2 100 1 2163 3072 2161
5742 2 2 100 1 1535 1680 1679
5743 2 2 100 1 112 521 113
5744 2 2 100 1 109 522 110
5745 2 2 100 1 1761 4521 1724
5746 2 2 100 1 3288 3289 3285
5747 2 2 100 1 1844 4450 1520
5748 2 2 100 1 2082 4761 2379
5749 2 2 100 1 1513 1515 1514
5750 2 2 100 1 3201 3202 2953
5751 2 2 100 1 2115 2116 2114
5752 2 2 100 1 3989 4669 4668
5753 2 2 100 1 3267 3268 2492
5754 2 2 100 1 526 3394 3353
5755 2 2 100 1 4131 4132 560
5756 2 2 100 1 1940 1942 1941
5757 2 2 100 1 1287 1288 1285
5758 2 2 100 1 1399 4372 1776
5759 2 2 100 1 596 598 597
5760 2 2 100 1 1039 1040 1038
5761 2 2 100 1 4128 4518 1455
5762 2 2 100 1 886 892 887
5763 2 2 100 1 1975 1976 1974
5764 2 2 100 1 2579 3031 2382
5765 2 2 100 1 1060 1062 1061
5766 2 2 100 1 3189 3219 3188
5767 2 2 100 1 2924 3432 3418
5768 2 2 100 1 2429 3130 2305
5769 2 2 100 1 2392 2393 2391
5770 2 2 100 1 113 3414 114
5771 2 2 100 1 2971 3188 2970
5772 2 2 100 1 1870 4539 1859
5773 2 2 100 1 2592 3630 3012
5774 2 2 100 1 987 988 986
5775 2 2 100 1 2324 2483 2482
5776 2 2 100 1 114 498 115
5777 2 2 100 1 1249 1250 826
5778 2 2 100 1 3491 3492 2938
5779 2 2 100 1 3191 4436 3189
5780 2 2 100 1 2122 4328 2148
5781 2 2 100 1 1567 1568 1566
5782 2 2 100 1 1731 4437 1793
5783 2 2 100 1 1541 4671 2157
5784 2 2 100 1 111 590 112
5785 2 2 100 1 596 1672 598
5786 2 2 100 1 1526 1674 1527
5787 2 2 100 1 1990 1992 1991
5788 2 2 100 1 1680 1897 1847
5789 2 2 100 1 2588 2680 2587
5790 2 2 100 1 2597 2812 2596
5791 2 2 100 1 1417 1419 1418
5792 2 2 100 1 3041 3832 3831
5793 2 2 100 1 1626 1627 1625
5794 2 2 100 1 1923 1925 1924
5795 2 2 100 1 2771 4587 1300
5796 2 2 100 1 2200 3084 2167
5797 2 2 100 1 1492 1494 1493
5798 2 2 100 1 2692 2694 2693
5799 2 2 100 1 938 4281 939
5800 2 2 100 1 938 939 937
5801 2 2 100 1 1290 1291 1288
5802 2 2 100 1 2122 2148 2121
5803 2 2 100 1 1804 1863 1830
5804 2 2 100 1 2358 2501 2156
5805 2 2 100 1 1967 1969 1968
5806 2 2 100 1 2076 3041 3040
5807 2 2 100 1 1956 1957 1955
5808 2 2 100 1 3648 4952 4928
5809 2 2 100 1 4277 4773 4636
5810 2 2 100 1 766 1270 765
5811 2 2 100 1 3044 4336 1626
5812 2 2 100 1 2694 2968 2967
5813 2 2 100 1 1565 1566 1564
5814 2 2 100 1 764 765 757
5815 2 2 100 1 4268 4465 4260
5816 2 2 100 1 3703 4874 4822
5817 2 2 100 1 3046 3050 3048
5818 2 2 100 1 2684 3836 3834
5819 2 2 100 1 1852 4364 3039
5820 2 2 100 1 4470 4504 2692
5821 2 2 100 1 1587 1590 1589
5822 2 2 100 1 4175 4466 3124
5823 2 2 100 1 908 4346 910
5824 2 2 100 1 2108 3053 2106
5825 2 2 100 1 2270 2688 2687
5826 2 2 100 1 4085 4087 4082
5827 2 2 100 1 1793 4437 2330
5828 2 2 100 1 3076 3077 2792
5829 2 2 100 1 2970 2972 2968
5830 2 2 100 1 3159 3160 2506
5831 2 2 100 1 1742 1902 1901
5832 2 2 100 1 2688 2710 2709
5833 2 2 100 1 1767 4453 2682
5834 2 2 100 1 1414 2417 1416
5835 2 2 100 1 1865 2692 2481
5836 2 2 100 1 1412 1421 1420
5837 2 2 100 1 1892 1893 1761
5838 2 2 100 1 4051 4887 4050
5839 2 2 100 1 2130 2131 2129
5840 2 2 100 1 1653 1654 1651
5841 2 2 100 1 1902 2490 2489
5842 2 2 100 1 874 875 873
5843 2 2 100 1 2689 2869 2504
5844 2 2 100 1 1582 1584 1583
5845 2 2 100 1 2318 2961 2960
5846 2 2 100 1 1942 1944 1943
5847 2 2 100 1 2707 4578 1840
5848 2 2 100 1 2492 4472 1901
5849 2 2 100 1 957 959 958
5850 2 2 100 1 2855 3543 3542
5851 2 2 100 1 2378 2600 2578
5852 2 2 100 1 1405 1417 1411
5853 2 2 100 1 1247 1682 1681
5854 2 2 100 1 2255 2256 2254
5855 2 2 100 1 1071 1072 1070
5856 2 2 100 1 1569 1570 1568
5857 2 2 100 1 2330 4437 2832
5858 2 2 100 1 2694 4504 2969
5859 2 2 100 1 3189 4436 3219
5860 2 2 100 1 4454 4527 3327
5861 2 2 100 1 2813 4493 4435
5862 2 2 100 1 3718 3719 3716
5863 2 2 100 1 1436 4628 1433
5864 2 2 100 1 1041 1042 1040
5865 2 2 100 1 1179 1182 1057
5866 2 2 100 1 2628 4721 3816
5867 2 2 100 1 2957 2962 2955
5868 2 2 100 1 2076 4461 3041
5869 2 2 100 1 1401 1801 1764
5870 2 2 100 1 1992 1994 1993
5871 2 2 100 1 1652 1742 1741
5872 2 2 100 1 2963 3509 2962
5873 2 2 100 1 1257 1264 1263
5874 2 2 100 1 1626 4336 1627
5875 2 2 100 1 2986 2988 2987
5876 2 2 100 1 3183 3344 3182
5877 2 2 100 1 989 990 988
5878 2 2 100 1 3027 4607 3848
5879 2 2 100 1 3916 5072 1112
5880 2 2 100 1 1043 1045 1042
5881 2 2 100 1 1075 1077 1076
5882 2 2 100 1 1227 1228 1213
5883 2 2 100 1 3082 3153 3083
5884 2 2 100 1 3476 3478 3477
5885 2 2 100 1 2694 2967 2693
5886 2 2 100 1 1007 2705 1004
5887 2 2 100 1 522 3220 110
5888 2 2 100 1 1251 1252 1250
5889 2 2 100 1 1655 1656 1654
5890 2 2 100 1 1502 3099 2774
5891 2 2 100 1 2665 2666 2509
5892 2 2 100 1 1015 1166 1010
5893 2 2 100 1 2671 2672 2669
5894 2 2 100 1 2710 2712 2711
5895 2 2 100 1 2057 2058 2056
5896 2 2 100 1 503 4447 325
5897 2 2 100 1 2912 2915 2914
5898 2 2 100 1 2132 2133 2131
5899 2 2 100 1 2358 3183 3182
5900 2 2 100 1 1347 4293 1350
5901 2 2 100 1 834 836 835
5902 2 2 100 1 942 943 941
5903 2 2 100 1 2619 2623 2617
5904 2 2 100 1 2125 4462 2127
5905 2 2 100 1 3025 3696 3071
5906 2 2 100 1 602 2338 600
5907 2 2 100 1 4096 4099 2209
5908 2 2 100 1 3616 3617 3615
5909 2 2 100 1 1944 1946 1945
5910 2 2 100 1 1744 1745 1254
5911 2 2 100 1 944 945 943
5912 2 2 100 1 4049 4110 4051
5913 2 2 100 1 1421 1748 1422
5914 2 2 100 1 1661 1662 1660
5915 2 2 100 1 1575 1576 1574
5916 2 2 100 1 1861 4567 2155
5917 2 2 100 1 1010 4489 1007
5918 2 2 100 1 2692 2693 2481
5919 2 2 100 1 946 947 945
5920 2 2 100 1 2967 3261 2693
5921 2 2 100 1 2623 4485 2617
5922 2 2 100 1 1877 2358 2156
5923 2 2 100 1 2371 2373 2110
5924 2 2 100 1 3477 4451 3270
5925 2 2 100 1 1420 4727 1409
5926 2 2 100 1 2870 2871 2869
5927 2 2 100 1 1659 1660 1658
5928 2 2 100 1 2360 2361 2090
5929 2 2 100 1 2310 2410 2403
5930 2 2 100 1 1283 4570 2701
5931 2 2 100 1 1657 1658 1656
5932 2 2 100 1 1573 1574 1572
5933 2 2 100 1 1748 1899 1749
5934 2 2 100 1 3456 3457 3453
5935 2 2 100 1 1863 2309 1864
5936 2 2 100 1 1994 1996 1995
5937 2 2 100 1 2712 2714 2713
5938 2 2 100 1 2059 2060 2058
5939 2 2 100 1 1261 1262 1228
5940 2 2 100 1 1135 4490 1138
5941 2 2 100 1 3269 3476 3270
5942 2 2 100 1 2553 3122 2991
5943 2 2 100 1 3643 5048 1506
5944 2 2 100 1 3858 3861 545
5945 2 2 100 1 1135 1136 1133
5946 2 2 100 1 666 667 664
5947 2 2 100 1 2134 2137 2133
5948 2 2 100 1 843 845 844
5949 2 2 100 1 3200 3201 2953
5950 2 2 100 1 749 1884 737
5951 2 2 100 1 2493 3258 3257
5952 2 2 100 1 2507 3097 3096
5953 2 2 100 1 2479 2507 2480
5954 2 2 100 1 2077 4461 2076
5955 2 2 100 1 991 992 990
5956 2 2 100 1 1604 4464 1820
5957 2 2 100 1 2153 2228 1166
5958 2 2 100 1 2967 3483 3261
5959 2 2 100 1 2308 2553 2552
5960 2 2 100 1 2683 2876 1846
5961 2 2 100 1 2714 2716 2715
5962 2 2 100 1 2624 3544 2623
5963 2 2 100 1 1764 2230 1877
5964 2 2 100 1 1402 4303 921
5965 2 2 100 1 1977 1978 1976
5966 2 2 100 1 1661 1664 1662
5967 2 2 100 1 1458 1459 1455
5968 2 2 100 1 3267 3269 3268
5969 2 2 100 1 1473 1677 1472
5970 2 2 100 1 1096 1097 1095
5971 2 2 100 1 3926 3936 552
5972 2 2 100 1 809 1536 760
5973 2 2 100 1 3143 3145 2342
5974 2 2 100 1 2716 2906 2717
5975 2 2 100 1 1214 1230 1229
5976 2 2 100 1 1577 1579 1576
5977 2 2 100 1 1254 4502 1251
5978 2 2 100 1 2906 2908 2907
5979 2 2 100 1 2341 2342 1780
5980 2 2 100 1 1601 1603 1602
5981 2 2 100 1 668 669 667
5982 2 2 100 1 2267 3152 2896
5983 2 2 100 1 2919 2921 2920
5984 2 2 100 1 2921 3111 3110
5985 2 2 100 1 2143 2144 2140
5986 2 2 100 1 1779 1780 1262
5987 2 2 100 1 1659 1869 1661
5988 2 2 100 1 1630 1631 1629
5989 2 2 100 1 948 949 947
5990 2 2 100 1 3843 4529 3842
5991 2 2 100 1 1360 4475 1837
5992 2 2 100 1 2274 2308 2307
5993 2 2 100 1 812 4544 752
5994 2 2 100 1 1969 1971 1970
5995 2 2 100 1 2872 3338 2871
5996 2 2 100 1 1502 4746 3099
5997 2 2 100 1 1546 1548 1547
5998 2 2 100 1 3850 3851 2629
5999 2 2 100 1 1140 1141 1137
6000 2 2 100 1 4694 4743 1675
6001 2 2 100 1 1046 1047 1045
6002 2 2 100 1 2086 2101 2084
6003 2 2 100 1 2358 3182 2501
6004 2 2 100 1 2471 4329 2176
6005 2 2 100 1 2843 3787 2631
6006 2 2 100 1 1550 1552 1551
6007 2 2 100 1 1485 2741 1487
6008 2 2 100 1 1168 5183 3600
6009 2 2 100 1 1350 4293 1815
6010 2 2 100 1 1556 1558 1557
6011 2 2 100 1 1764 1877 1703
6012 2 2 100 1 1580 1581 1579
6013 2 2 100 1 1778 1934 1933
6014 2 2 100 1 2384 3022 3021
6015 2 2 100 1 2915 2917 2916
6016 2 2 100 1 1450 2169 1052
6017 2 2 100 1 1489 1492 1491
6018 2 2 100 1 926 4456 927
6019 2 2 100 1 1659 1661 1660
6020 2 2 100 1 1230 1245 1244
6021 2 2 100 1 747 756 746
6022 2 2 100 1 2917 2919 2918
6023 2 2 100 1 3144 3409 3408
6024 2 2 100 1 2908 2911 2909
6025 2 2 100 1 2721 2722 2720
6026 2 2 100 1 1098 1099 1097
6027 2 2 100 1 598 599 597
6028 2 2 100 1 1876 2865 1673
6029 2 2 100 1 1607 1609 1608
6030 2 2 100 1 1416 4524 1778
6031 2 2 100 1 1116 1121 1115
6032 2 2 100 1 1767 1768 1766
6033 2 2 100 1 1320 1322 1321
6034 2 2 100 1 1639 1640 1636
6035 2 2 100 1 2021 2022 1745
6036 2 2 100 1 1351 4300 1348
6037 2 2 100 1 2231 2590 2228
6038 2 2 100 1 1543 1546 1545
6039 2 2 100 1 2411 2445 2414
6040 2 2 100 1 2481 2893 2312
6041 2 2 100 1 1633 1634 1631
6042 2 2 100 1 753 4455 1531
6043 2 2 100 1 1569 4449 1570
6044 2 2 100 1 2660 4178 3016
6045 2 2 100 1 1282 3922 3749
6046 2 2 100 1 2400 4620 2944
6047 2 2 100 1 2138 2139 2137
6048 2 2 100 1 2162 2166 2164
6049 2 2 100 1 2446 2595 2594
6050 2 2 100 1 2719 2720 1774
6051 2 2 100 1 2962 4558 2955
6052 2 2 100 1 1592 1596 1590
6053 2 2 100 1 3492 4467 2938
6054 2 2 100 1 2702 4560 2015
6055 2 2 100 1 4088 4089 4087
6056 2 2 100 1 1058 1181 1180
6057 2 2 100 1 950 951 949
6058 2 2 100 1 1587 1589 1584
6059 2 2 100 1 959 961 960
6060 2 2 100 1 1865 2312 1803
6061 2 2 100 1 923 925 924
6062 2 2 100 1 1896 2518 2517
6063 2 2 100 1 2468 3108 2467
6064 2 2 100 1 2798 3174 3173
6065 2 2 100 1 1874 4684 1499
6066 2 2 100 1 1996 1998 1997
6067 2 2 100 1 1395 4594 1399
6068 2 2 100 1 3943 3945 3941
6069 2 2 100 1 2061 2062 2060
6070 2 2 100 1 3820 3823 541
6071 2 2 100 1 952 953 951
6072 2 2 100 1 1958 1959 1957
6073 2 2 100 1 2374 2375 2373
6074 2 2 100 1 2092 2265 2094
6075 2 2 100 1 1727 4435 2274
6076 2 2 100 1 1653 1655 1654
6077 2 2 100 1 3452 3453 2933
6078 2 2 100 1 2952 3200 2953
6079 2 2 100 1 1657 1659 1658
6080 2 2 100 1 2705 4581 1004
6081 2 2 100 1 1983 1984 1982
6082 2 2 100 1 2561 2778 2019
6083 2 2 100 1 3459 4571 2948
6084 2 2 100 1 734 4455 753
6085 2 2 100 1 2416 3739 2825
6086 2 2 100 1 2082 2379 2080
6087 2 2 100 1 616 655 614
6088 2 2 100 1 2513 2700 2300
6089 2 2 100 1 753 1531 762
6090 2 2 100 1 1111 1115 1110
6091 2 2 100 1 1665 1865 1803
6092 2 2 100 1 1461 1463 1462
6093 2 2 100 1 2667 2673 2666
6094 2 2 100 1 1582 1583 1581
6095 2 2 100 1 1865 2481 2312
6096 2 2 100 1 1454 1455 1452
6097 2 2 100 1 3939 3940 551
6098 2 2 100 1 1332 1370 1335
6099 2 2 100 1 2685 4697 1308
6100 2 2 100 1 2421 3196 3195
6101 2 2 100 1 2662 3537 2663
6102 2 2 100 1 1655 1657 1656
6103 2 2 100 1 2681 4488 1250
6104 2 2 100 1 2632 4531 3714
6105 2 2 100 1 1401 1764 1703
6106 2 2 100 1 978 980 979
6107 2 2 100 1 1704 1705 1689
6108 2 2 100 1 3572 4875 4352
6109 2 2 100 1 920 4484 1464
6110 2 2 100 1 1727 2274 2273
6111 2 2 100 1 1742 1901 1741
6112 2 2 100 1 917 919 918
6113 2 2 100 1 995 997 996
6114 2 2 100 1 1667 2785 2784
6115 2 2 100 1 2952 2953 2706
6116 2 2 100 1 1667 2160 1571
6117 2 2 100 1 1902 2489 1901
6118 2 2 100 1 4328 4519 2689
6119 2 2 100 1 1655 1794 1657
6120 2 2 100 1 921 923 922
6121 2 2 100 1 1100 1101 1099
6122 2 2 100 1 2011 2178 2177
6123 2 2 100 1 961 964 963
6124 2 2 100 1 2756 3100 2930
6125 2 2 100 1 698 700 699
6126 2 2 100 1 2466 2467 2465
6127 2 2 100 1 1227 1261 1228
6128 2 2 100 1 2114 2118 2112
6129 2 2 100 1 2376 2377 2375
6130 2 2 100 1 1153 3580 2555
6131 2 2 100 1 2341 3144 3143
6132 2 2 100 1 2947 2948 2271
6133 2 2 100 1 1261 3062 1779
6134 2 2 100 1 2343 2522 2022
6135 2 2 100 1 432 3508 3315
6136 2 2 100 1 927 929 928
6137 2 2 100 1 1979 1980 1978
6138 2 2 100 1 889 4552 2703
6139 2 2 100 1 2243 2884 2883
6140 2 2 100 1 3827 3963 3962
6141 2 2 100 1 2617 4485 2618
6142 2 2 100 1 1804 4482 1863
6143 2 2 100 1 1373 1376 1375
6144 2 2 100 1 1244 1400 1229
6145 2 2 100 1 3268 4472 2492
6146 2 2 100 1 1230 1244 1229
6147 2 2 100 1 1005 2704 1008
6148 2 2 100 1 2747 2748 633
6149 2 2 100 1 3148 3149 2430
6150 2 2 100 1 2388 4747 3649
6151 2 2 100 1 1686 1687 1459
6152 2 2 100 1 2443 2508 2442
6153 2 2 100 1 2272 4539 1870
6154 2 2 100 1 1846 4463 1768
6155 2 2 100 1 4250 4826 4709
6156 2 2 100 1 964 967 966
6157 2 2 100 1 4236 4237 4234
6158 2 2 100 1 2951 3473 2522
6159 2 2 100 1 1541 1543 1542
6160 2 2 100 1 1077 1079 1078
6161 2 2 100 1 2309 4467 2310
6162 2 2 100 1 599 600 597
6163 2 2 100 1 1726 1898 1891
6164 2 2 100 1 3072 4495 2161
6165 2 2 100 1 2257 2260 2256
6166 2 2 100 1 1678 1811 1677
6167 2 2 100 1 957 958 956
6168 2 2 100 1 2007 2012 2009
6169 2 2 100 1 1314 1496 1495
6170 2 2 100 1 2021 2344 2343
6171 2 2 100 1 954 956 953
6172 2 2 100 1 1925 1927 1926
6173 2 2 100 1 3725 3726 3723
6174 2 2 100 1 1537 2198 1532
6175 2 2 100 1 1492 4506 2151
6176 2 2 100 1 993 994 992
6177 2 2 100 1 1457 1461 1460
6178 2 2 100 1 2532 3540 3539
6179 2 2 100 1 2124 4546 4328
6180 2 2 100 1 610 811 608
6181 2 2 100 1 1261 1779 1262
6182 2 2 100 1 2925 2926 2702
6183 2 2 100 1 1011 1017 1016
6184 2 2 100 1 1102 1104 1101
6185 2 2 100 1 2485 2706 1891
6186 2 2 100 1 2410 4445 2411
6187 2 2 100 1 2278 2279 2277
6188 2 2 100 1 2992 3529 3528
6189 2 2 100 1 1765 1769 1641
6190 2 2 100 1 2464 2465 2463
6191 2 2 100 1 1744 2021 1745
6192 2 2 100 1 4633 4698 3068
6193 2 2 100 1 2437 2702 2015
6194 2 2 100 1 2728 4777 3982
6195 2 2 100 1 2858 2859 2369
6196 2 2 100 1 1401 1703 1400
6197 2 2 100 1 1652 1653 1651
6198 2 2 100 1 933 935 934
6199 2 2 100 1 1017 1022 1021
6200 2 2 100 1 1865 4470 2692
6201 2 2 100 1 4377 4483 1199
6202 2 2 100 1 1419 1699 1698
6203 2 2 100 1 1779 2341 1780
6204 2 2 100 1 1224 4507 1207
6205 2 2 100 1 2884 2990 2989
6206 2 2 100 1 1014 2736 2735
6207 2 2 100 1 1214 1227 1213
6208 2 2 100 1 23 433 24
6209 2 2 100 1 1453 1457 1456
6210 2 2 100 1 1803 4482 1804
6211 2 2 100 1 2784 3025 2160
6212 2 2 100 1 1898 2486 2485
6213 2 2 100 1 3144 3408 3143
6214 2 2 100 1 1048 1163 1047
6215 2 2 100 1 27 435 28
6216 2 2 100 1 1496 1498 1497
6217 2 2 100 1 2736 2739 2738
6218 2 2 100 1 2489 2492 1901
6219 2 2 100 1 2507 3349 3097
6220 2 2 100 1 2501 4474 2156
6221 2 2 100 1 2341 3143 2342
6222 2 2 100 1 2108 4543 3053
6223 2 2 100 1 1583 1585 1581
6224 2 2 100 1 1601 1602 1598
6225 2 2 100 1 1650 1651 1585
6226 2 2 100 1 1664 4470 1662
6227 2 2 100 1 1650 4481 4371
6228 2 2 100 1 1584 4481 1583
6229 2 2 100 1 2693 4458 2481
6230 2 2 100 1 2641 4043 3036
6231 2 2 100 1 2271 4571 1813
6232 2 2 100 1 3720 3721 3719
6233 2 2 100 1 1073 1074 1072
6234 2 2 100 1 1244 1401 1400
6235 2 2 100 1 4965 5002 3055
6236 2 2 100 1 2667 4454 2673
6237 2 2 100 1 1214 1229 1227
6238 2 2 100 1 1998 2006 1999
6239 2 2 100 1 3574 5177 2354
6240 2 2 100 1 2388 3649 3065
6241 2 2 100 1 837 4809 2031
6242 2 2 100 1 2421 2479 2165
6243 2 2 100 1 4180 4487 2685
6244 2 2 100 1 3127 3267 2492
6245 2 2 100 1 2699 2938 2309
6246 2 2 100 1 1662 4470 1665
6247 2 2 100 1 2557 2662 2558
6248 2 2 100 1 1498 1873 1499
6249 2 2 100 1 779 780 778
6250 2 2 100 1 700 703 701
6251 2 2 100 1 1105 1106 1104
6252 2 2 100 1 1724 4521 1825
6253 2 2 100 1 3894 3896 3895
6254 2 2 100 1 1052 4586 911
6255 2 2 100 1 4780 4836 1593
6256 2 2 100 1 2261 2875 2260
6257 2 2 100 1 30 424 31
6258 2 2 100 1 3261 4458 2693
6259 2 2 100 1 3213 3491 2938
6260 2 2 100 1 1583 1650 1585
6261 2 2 100 1 2912 4510 2915
6262 2 2 100 1 2378 2578 2377
6263 2 2 100 1 2573 2574 2361
6264 2 2 100 1 997 999 998
6265 2 2 100 1 1863 2699 2309
6266 2 2 100 1 2949 3458 2948
6267 2 2 100 1 1164 1170 1163
6268 2 2 100 1 2106 4449 1569
6269 2 2 100 1 2514 2740 2023
6270 2 2 100 1 886 887 885
6271 2 2 100 1 807 4565 3751
6272 2 2 100 1 1650 1652 1651
6273 2 2 100 1 2063 2064 2062
6274 2 2 100 1 641 1477 639
6275 2 2 100 1 2105 4525 2103
6276 2 2 100 1 2699 3213 2938
6277 2 2 100 1 3644 3645 2602
6278 2 2 100 1 1652 1741 1653
6279 2 2 100 1 2145 2146 2144
6280 2 2 100 1 2148 2504 2430
6281 2 2 100 1 1533 1539 1538
6282 2 2 100 1 1562 1564 1563
6283 2 2 100 1 1576 1578 1574
6284 2 2 100 1 4457 4549 3074
6285 2 2 100 1 2595 2597 2596
6286 2 2 100 1 1946 1948 1947
6287 2 2 100 1 1200 1214 1213
6288 2 2 100 1 2795 3139 2356
6289 2 2 100 1 2097 2429 2305
6290 2 2 100 1 1122 1127 1121
6291 2 2 100 1 1916 4629 1789
6292 2 2 100 1 2343 2951 2522
6293 2 2 100 1 646 647 643
6294 2 2 100 1 3738 4844 4820
6295 2 2 100 1 2489 3127 2492
6296 2 2 100 1 2497 2498 2216
6297 2 2 100 1 3084 4568 2167
6298 2 2 100 1 2481 4458 2893
6299 2 2 100 1 1813 4571 2222
6300 2 2 100 1 2944 4620 3659
6301 2 2 100 1 622 633 620
6302 2 2 100 1 1249 1251 1250
6303 2 2 100 1 2751 2752 2680
6304 2 2 100 1 2021 2343 2022
6305 2 2 100 1 670 746 669
6306 2 2 100 1 1539 1541 1540
6307 2 2 100 1 606 1503 604
6308 2 2 100 1 703 705 704
6309 2 2 100 1 1909 1910 1907
6310 2 2 100 1 2 3358 45
6311 2 2 100 1 1873 2345 1874
6312 2 2 100 1 3138 3151 2425
6313 2 2 100 1 1044 2201 2199
6314 2 2 100 1 2483 3577 3001
6315 2 2 100 1 1179 4483 1182
6316 2 2 100 1 1570 1572 1571
6317 2 2 100 1 2147 2220 2146
6318 2 2 100 1 36 449 37
6319 2 2 100 1 2345 2556 2346
6320 2 2 100 1 2129 4546 2126
6321 2 2 100 1 1607 1608 1605
6322 2 2 100 1 10 438 11
6323 2 2 100 1 2251 2270 1769
6324 2 2 100 1 999 1001 1000
6325 2 2 100 1 33 445 34
6326 2 2 100 1 966 5099 3646
6327 2 2 100 1 1953 1956 1955
6328 2 2 100 1 2164 2165 2163
6329 2 2 100 1 1667 2784 2160
6330 2 2 100 1 1328 2743 1330
6331 2 2 100 1 2178 2449 2424
6332 2 2 100 1 2239 2240 1895
6333 2 2 100 1 629 1468 627
6334 2 2 100 1 969 972 967
6335 2 2 100 1 1026 4346 908
6336 2 2 100 1 1015 2153 1166
6337 2 2 100 1 2449 3168 3042
6338 2 2 100 1 1627 1629 1628
6339 2 2 100 1 3618 3619 3617
6340 2 2 100 1 2411 4445 2445
6341 2 2 100 1 1485 4682 2741
6342 2 2 100 1 4302 4741 4688
6343 2 2 100 1 1259 1260 841
6344 2 2 100 1 1449 2728 1451
6345 2 2 100 1 2485 2952 2706
6346 2 2 100 1 2949 3460 3458
6347 2 2 100 1 1768 2301 2300
6348 2 2 100 1 1001 1003 1002
6349 2 2 100 1 1200 1213 1199
6350 2 2 100 1 2310 4467 2410
6351 2 2 100 1 2301 2878 2513
6352 2 2 100 1 685 4678 688
6353 2 2 100 1 1664 4597 4378
6354 2 2 100 1 1758 1759 1757
6355 2 2 100 1 1948 1950 1949
6356 2 2 100 1 1030 1392 892
6357 2 2 100 1 1971 1973 1972
6358 2 2 100 1 1166 4489 1010
6359 2 2 100 1 1079 1081 1080
6360 2 2 100 1 2076 3040 2074
6361 2 2 100 1 1556 1557 1554
6362 2 2 100 1 2679 4308 2677
6363 2 2 100 1 1863 4482 2699
6364 2 2 100 1 1898 2485 1891
6365 2 2 100 1 1642 1766 1765
6366 2 2 100 1 2180 2181 2179
6367 2 2 100 1 1603 1647 1602
6368 2 2 100 1 1323 2766 2387
6369 2 2 100 1 2288 3068 1772
6370 2 2 100 1 2876 4463 1846
6371 2 2 100 1 1107 1108 1106
6372 2 2 100 1 1171 1177 1170
6373 2 2 100 1 2757 2758 2755
6374 2 2 100 1 4614 4615 1468
6375 2 2 100 1 1647 2161 1602
6376 2 2 100 1 2075 4531 2078
6377 2 2 100 1 1768 2300 1766
6378 2 2 100 1 2889 2890 2498
6379 2 2 100 1 819 821 761
6380 2 2 100 1 1726 1744 1254
6381 2 2 100 1 2947 2949 2948
6382 2 2 100 1 1126 5188 5119
6383 2 2 100 1 1665 4470 1865
6384 2 2 100 1 2733 3638 2791
6385 2 2 100 1 1589 4481 1584
6386 2 2 100 1 2148 2430 2121
6387 2 2 100 1 1550 1551 1548
6388 2 2 100 1 2117 4542 2116
6389 2 2 100 1 959 960 958
6390 2 2 100 1 1572 1667 1571
6391 2 2 100 1 2150 4709 3763
6392 2 2 100 1 2316 2317 2181
6393 2 2 100 1 1401 4480 1801
6394 2 2 100 1 1613 1637 1611
6395 2 2 100 1 1128 1132 1127
6396 2 2 100 1 825 1423 1248
6397 2 2 100 1 2784 3703 3025
6398 2 2 100 1 2421 3195 2479
6399 2 2 100 1 1570 1571 1568
6400 2 2 100 1 2103 4525 4325
6401 2 2 100 1 2162 2163 2161
6402 2 2 100 1 963 965 960
6403 2 2 100 1 2164 2421 2165
6404 2 2 100 1 2720 4606 1774
6405 2 2 100 1 1950 1952 1951
6406 2 2 100 1 1633 4469 1634
6407 2 2 100 1 2700 4520 2300
6408 2 2 100 1 4522 4642 4351
6409 2 2 100 1 2348 2557 2407
6410 2 2 100 1 1310 4697 1316
6411 2 2 100 1 884 885 883
6412 2 2 100 1 2201 2792 2570
6413 2 2 100 1 1709 1712 1711
6414 2 2 100 1 4900 5013 2200
6415 2 2 100 1 2221 2318 2220
6416 2 2 100 1 1726 1891 1744
6417 2 2 100 1 2878 3252 2513
6418 2 2 100 1 1634 1636 1635
6419 2 2 100 1 1973 1975 1974
6420 2 2 100 1 1253 1726 1254
6421 2 2 100 1 1021 1027 1016
6422 2 2 100 1 2450 3165 3164
6423 2 2 100 1 1783 4300 1351
6424 2 2 100 1 1109 1110 1108
6425 2 2 100 1 2231 2998 2590
6426 2 2 100 1 20 463 21
6427 2 2 100 1 2153 2231 2228
6428 2 2 100 1 1648 3066 1608
6429 2 2 100 1 995 996 994
6430 2 2 100 1 978 979 976
6431 2 2 100 1 3146 3187 2447
6432 2 2 100 1 2692 4504 2694
6433 2 2 100 1 32 3296 33
6434 2 2 100 1 3196 3324 3195
6435 2 2 100 1 1768 4463 2301
6436 2 2 100 1 847 849 848
6437 2 2 100 1 2112 4478 1245
6438 2 2 100 1 1034 1036 1035
6439 2 2 100 1 651 652 647
6440 2 2 100 1 2429 3216 3130
6441 2 2 100 1 1393 2733 2731
6442 2 2 100 1 1253 1254 1251
6443 2 2 100 1 1695 1696 1505
6444 2 2 100 1 786 787 785
6445 2 2 100 1 1667 4497 2785
6446 2 2 100 1 12 3306 13
6447 2 2 100 1 3053 4449 2106
6448 2 2 100 1 1186 1187 1175
6449 2 2 100 1 783 785 782
6450 2 2 100 1 961 963 960
6451 2 2 100 1 3147 4477 2227
6452 2 2 100 1 1975 1977 1976
6453 2 2 100 1 1058 1179 1057
6454 2 2 100 1 550 4024 4008
6455 2 2 100 1 1245 4480 1244
6456 2 2 100 1 29 3398 30
6457 2 2 100 1 2301 2513 2300
6458 2 2 100 1 2911 4510 2912
6459 2 2 100 1 1060 1061 1056
6460 2 2 100 1 1158 1159 1151
6461 2 2 100 1 1180 1199 1179
6462 2 2 100 1 1609 1648 1608
6463 2 2 100 1 1812 1906 1811
6464 2 2 100 1 2766 2768 2767
6465 2 2 100 1 1588 2801 1563
6466 2 2 100 1 4534 4535 2417
6467 2 2 100 1 964 966 963
6468 2 2 100 1 4371 4522 4350
6469 2 2 100 1 1150 1151 1145
6470 2 2 100 1 1859 4539 1858
6471 2 2 100 1 1180 1200 1199
6472 2 2 100 1 2126 4546 2124
6473 2 2 100 1 24 3307 25
6474 2 2 100 1 1058 1180 1179
6475 2 2 100 1 2897 2898 2431
6476 2 2 100 1 1252 4503 3125
6477 2 2 100 1 974 1475 971
6478 2 2 100 1 2504 3148 2430
6479 2 2 100 1 1562 1563 1560
6480 2 2 100 1 3620 3622 3619
6481 2 2 100 1 1144 1145 1130
6482 2 2 100 1 1013 1390 1003
6483 2 2 100 1 3851 4553 2629
6484 2 2 100 1 1075 1076 1074
6485 2 2 100 1 2116 4479 2114
6486 2 2 100 1 2938 4467 2309
6487 2 2 100 1 2711 4741 2709
6488 2 2 100 1 13 473 14
6489 2 2 100 1 2479 4473 2507
6490 2 2 100 1 939 941 940
6491 2 2 100 1 3255 4329 2471
6492 2 2 100 1 705 707 706
6493 2 2 100 1 1017 1021 1016
6494 2 2 100 1 4726 4780 1593
6495 2 2 100 1 1673 4469 1633
6496 2 2 100 1 1423 1819 1772
6497 2 2 100 1 1619 1632 1617
6498 2 2 100 1 1745 4502 1254
6499 2 2 100 1 2065 2066 2064
6500 2 2 100 1 912 915 914
6501 2 2 100 1 1737 2179 1258
6502 2 2 100 1 1640 1642 1641
6503 2 2 100 1 2921 3112 3111
6504 2 2 100 1 853 855 854
6505 2 2 100 1 1249 1253 1251
6506 2 2 100 1 1935 1936 1782
6507 2 2 100 1 2961 3446 2960
6508 2 2 100 1 107 501 108
6509 2 2 100 1 2674 4303 1402
6510 2 2 100 1 1172 1173 1159
6511 2 2 100 1 2162 2164 2163
6512 2 2 100 1 781 782 780
6513 2 2 100 1 3447 3449 3446
6514 2 2 100 1 1715 1718 1717
6515 2 2 100 1 2312 4482 1803
6516 2 2 100 1 1031 1057 1027
6517 2 2 100 1 3736 3737 3735
6518 2 2 100 1 908 910 909
6519 2 2 100 1 1647 2162 2161
6520 2 2 100 1 1031 1058 1057
6521 2 2 100 1 2375 3060 2373
6522 2 2 100 1 876 877 875
6523 2 2 100 1 743 751 744
6524 2 2 100 1 2760 2761 1872
6525 2 2 100 1 1583 4481 1650
6526 2 2 100 1 1385 1388 1387
6527 2 2 100 1 3744 3745 2676
6528 2 2 100 1 982 4457 980
6529 2 2 100 1 2282 2695 1860
6530 2 2 100 1 1765 2251 1769
6531 2 2 100 1 2496 4705 3583
6532 2 2 100 1 1980 1983 1982
6533 2 2 100 1 25 517 26
6534 2 2 100 1 2578 2629 2377
6535 2 2 100 1 734 4691 4455
6536 2 2 100 1 2153 3063 2231
6537 2 2 100 1 1178 1194 1177
6538 2 2 100 1 2006 4494 2007
6539 2 2 100 1 2155 4567 3672
6540 2 2 100 1 2518 2888 2517
6541 2 2 100 1 1702 4460 1917
6542 2 2 100 1 1699 1886 1885
6543 2 2 100 1 3043 4525 2105
6544 2 2 100 1 765 4603 757
6545 2 2 100 1 1129 1130 1125
6546 2 2 100 1 1203 1208 1194
6547 2 2 100 1 1002 1004 1000
6548 2 2 100 1 2025 4608 1448
6549 2 2 100 1 3894 3895 3140
6550 2 2 100 1 1376 1378 1377
6551 2 2 100 1 880 881 879
6552 2 2 100 1 2915 3218 2917
6553 2 2 100 1 621 624 623
6554 2 2 100 1 1634 1635 1631
6555 2 2 100 1 910 912 911
6556 2 2 100 1 624 626 625
6557 2 2 100 1 12 3317 3306
6558 2 2 100 1 2688 3118 2710
6559 2 2 100 1 1322 1735 1734
6560 2 2 100 1 1640 1641 1636
6561 2 2 100 1 927 928 925
6562 2 2 100 1 634 644 631
6563 2 2 100 1 1668 2726 1628
6564 2 2 100 1 1231 1232 1208
6565 2 2 100 1 17 481 18
6566 2 2 100 1 1389 1805 1692
6567 2 2 100 1 3851 4836 4780
6568 2 2 100 1 1490 1505 1488
6569 2 2 100 1 2813 4435 1463
6570 2 2 100 1 2251 2905 2270
6571 2 2 100 1 1378 1380 1379
6572 2 2 100 1 1552 1645 1551
6573 2 2 100 1 986 1009 984
6574 2 2 100 1 4011 4014 4013
6575 2 2 100 1 2067 2225 2066
6576 2 2 100 1 1564 1588 1563
6577 2 2 100 1 1627 1628 1625
6578 2 2 100 1 1642 1765 1641
6579 2 2 100 1 1256 1257 1232
6580 2 2 100 1 1001 1002 1000
6581 2 2 100 1 3405 3406 2597
6582 2 2 100 1 713 714 712
6583 2 2 100 1 1857 4567 1861
6584 2 2 100 1 2110 4543 2108
6585 2 2 100 1 849 851 850
6586 2 2 100 1 1021 1031 1027
6587 2 2 100 1 1244 4480 1401
6588 2 2 100 1 3338 3348 2871
6589 2 2 100 1 2532 2947 2271
6590 2 2 100 1 1546 1547 1545
6591 2 2 100 1 1899 2283 1900
6592 2 2 100 1 1959 2005 1961
6593 2 2 100 1 838 839 821
6594 2 2 100 1 3571 3573 3572
6595 2 2 100 1 1819 2442 2288
6596 2 2 100 1 1636 4476 1635
6597 2 2 100 1 1370 1372 1371
6598 2 2 100 1 1014 4457 2736
6599 2 2 100 1 3035 3850 2629
6600 2 2 100 1 882 883 881
6601 2 2 100 1 2578 3035 2629
6602 2 2 100 1 3202 4632 2953
6603 2 2 100 1 999 1000 998
6604 2 2 100 1 498 3221 115
6605 2 2 100 1 2166 4500 2164
6606 2 2 100 1 2131 2135 2129
6607 2 2 100 1 1124 1125 1123
6608 2 2 100 1 2118 4478 2112
6609 2 2 100 1 878 879 877
6610 2 2 100 1 1623 1670 1621
6611 2 2 100 1 2712 3198 2714
6612 2 2 100 1 1574 4497 1572
6613 2 2 100 1 1558 1669 1557
6614 2 2 100 1 2462 2725 1867
6615 2 2 100 1 1120 1123 1119
6616 2 2 100 1 2595 3405 2597
6617 2 2 100 1 1011 1015 1010
6618 2 2 100 1 2406 3113 2347
6619 2 2 100 1 67 471 68
6620 2 2 100 1 3108 3109 2467
6621 2 2 100 1 501 3223 108
6622 2 2 100 1 1920 1921 1905
6623 2 2 100 1 598 1507 599
6624 2 2 100 1 2716 3351 2906
6625 2 2 100 1 1914 2533 1916
6626 2 2 100 1 759 810 808
6627 2 2 100 1 3122 3123 2991
6628 2 2 100 1 749 4514 1884
6629 2 2 100 1 2908 3215 2911
6630 2 2 100 1 2778 4376 2019
6631 2 2 100 1 1535 1679 1534
6632 2 2 100 1 2114 4479 2118
6633 2 2 100 1 3575 3596 3576
6634 2 2 100 1 933 934 931
6635 2 2 100 1 1858 4539 4285
6636 2 2 100 1 63 461 64
6637 2 2 100 1 980 1014 979
6638 2 2 100 1 2532 3539 2947
6639 2 2 100 1 2850 4503 4502
6640 2 2 100 1 1008 1010 1007
6641 2 2 100 1 2156 4627 1703
6642 2 2 100 1 2719 2721 2720
6643 2 2 100 1 696 4587 693
6644 2 2 100 1 1248 1249 826
6645 2 2 100 1 3160 4700 2506
6646 2 2 100 1 1653 4528 1655
6647 2 2 100 1 736 2174 748
6648 2 2 100 1 2421 4500 3196
6649 2 2 100 1 1536 4514 760
6650 2 2 100 1 2144 4569 2140
6651 2 2 100 1 1118 1119 1117
6652 2 2 100 1 1778 4524 1934
6653 2 2 100 1 1264 1534 1263
6654 2 2 100 1 2915 4510 3218
6655 2 2 100 1 1788 4347 2298
6656 2 2 100 1 2634 3852 2860
6657 2 2 100 1 3270 4692 3268
6658 2 2 100 1 1011 1016 1015
6659 2 2 100 1 2672 4527 4454
6660 2 2 100 1 997 998 996
6661 2 2 100 1 1008 1011 1010
6662 2 2 100 1 435 3283 28
6663 2 2 100 1 1468 4681 627
6664 2 2 100 1 1261 4486 3062
6665 2 2 100 1 921 922 919
6666 2 2 100 1 3041 3831 3040
6667 2 2 100 1 1147 1148 1141
6668 2 2 100 1 424 3290 31
6669 2 2 100 1 1414 4534 2417
6670 2 2 100 1 2868 3141 2867
6671 2 2 100 1 1785 1787 1786
6672 2 2 100 1 2533 3479 2534
6673 2 2 100 1 1963 2001 1965
6674 2 2 100 1 1227 4486 1261
6675 2 2 100 1 2346 4650 2348
6676 2 2 100 1 19 3298 20
6677 2 2 100 1 768 4292 766
6678 2 2 100 1 1878 4628 1436
6679 2 2 100 1 2207 2208 1798
6680 2 2 100 1 1588 3687 2801
6681 2 2 100 1 487 3424 55
6682 2 2 100 1 3518 3628 2738
6683 2 2 100 1 2433 2434 2208
6684 2 2 100 1 2019 4376 1806
6685 2 2 100 1 2632 3714 3015
6686 2 2 100 1 2542 4246 2541
6687 2 2 100 1 613 650 615
6688 2 2 100 1 1868 2463 2462
6689 2 2 100 1 3243 3245 3244
6690 2 2 100 1 2865 4469 1673
6691 2 2 100 1 2669 4454 2667
6692 2 2 100 1 953 955 951
6693 2 2 100 1 2721 3210 2722
6694 2 2 100 1 1572 4497 1667
6695 2 2 100 1 803 814 813
6696 2 2 100 1 1655 4528 1794
6697 2 2 100 1 1680 1847 1679
6698 2 2 100 1 1400 4486 1229
6699 2 2 100 1 1154 1155 1148
6700 2 2 100 1 1229 4486 1227
6701 2 2 100 1 3400 3401 2782
6702 2 2 100 1 1062 1153 1061
6703 2 2 100 1 2199 2200 2167
6704 2 2 100 1 2553 2991 2552
6705 2 2 100 1 3457 4536 3453
6706 2 2 100 1 1738 1739 839
6707 2 2 100 1 707 709 708
6708 2 2 100 1 656 657 652
6709 2 2 100 1 4478 4480 1245
6710 2 2 100 1 788 789 787
6711 2 2 100 1 1741 4528 1653
6712 2 2 100 1 2252 2272 1870
6713 2 2 100 1 1598 4495 1595
6714 2 2 100 1 2736 2738 2735
6715 2 2 100 1 2846 3330 2725
6716 2 2 100 1 2135 4546 2129
6717 2 2 100 1 2739 3518 2738
6718 2 2 100 1 3376 3379 3378
6719 2 2 100 1 1977 1979 1978
6720 2 2 100 1 1005 1007 1004
6721 2 2 100 1 958 1474 956
6722 2 2 100 1 1661 4597 1664
6723 2 2 100 1 1543 1545 1542
6724 2 2 100 1 2308 2552 2307
6725 2 2 100 1 3195 4473 2479
6726 2 2 100 1 1986 2014 1988
6727 2 2 100 1 1034 1035 1025
6728 2 2 100 1 70 442 71
6729 2 2 100 1 2806 4743 4694
6730 2 2 100 1 1568 4511 1566
6731 2 2 100 1 1897 2267 1847
6732 2 2 100 1 2507 4473 3349
6733 2 2 100 1 1346 4360 1343
6734 2 2 100 1 2437 2925 2702
6735 2 2 100 1 2137 2149 2133
6736 2 2 100 1 2882 2887 2434
6737 2 2 100 1 1298 4530 1292
6738 2 2 100 1 1005 1008 1007
6739 2 2 100 1 1629 1668 1628
6740 2 2 100 1 3057 3093 3092
6741 2 2 100 1 1983 2015 1984
6742 2 2 100 1 1728 2822 2284
6743 2 2 100 1 3631 4988 3055
6744 2 2 100 1 2974 3472 2531
6745 2 2 100 1 1212 4686 1067
6746 2 2 100 1 1044 2167 1035
6747 2 2 100 1 1195 1196 1184
6748 2 2 100 1 1432 2696 1814
6749 2 2 100 1 4472 4528 1741
6750 2 2 100 1 660 661 657
6751 2 2 100 1 945 962 943
6752 2 2 100 1 1669 3067 1557
6753 2 2 100 1 617 3037 619
6754 2 2 100 1 1720 4909 1716
6755 2 2 100 1 1199 4483 1179
6756 2 2 100 1 1183 1184 1161
6757 2 2 100 1 2740 4651 2023
6758 2 2 100 1 1305 4785 1314
6759 2 2 100 1 2872 4756 3339
6760 2 2 100 1 3827 3962 3825
6761 2 2 100 1 1819 2288 1772
6762 2 2 100 1 2201 2570 2199
6763 2 2 100 1 1956 1958 1957
6764 2 2 100 1 2296 2297 2184
6765 2 2 100 1 1605 4501 1603
6766 2 2 100 1 1927 1929 1928
6767 2 2 100 1 3452 3456 3453
6768 2 2 100 1 994 1006 992
6769 2 2 100 1 917 918 915
6770 2 2 100 1 2442 2837 2288
6771 2 2 100 1 3059 4785 4673
6772 2 2 100 1 1014 2734 979
6773 2 2 100 1 5199 5207 3133
6774 2 2 100 1 2894 2895 2297
6775 2 2 100 1 4502 4503 1252
6776 2 2 100 1 2560 3523 2965
6777 2 2 100 1 902 906 905
6778 2 2 100 1 857 859 858
6779 2 2 100 1 671 672 661
6780 2 2 100 1 1038 4499 1036
6781 2 2 100 1 1380 1382 1381
6782 2 2 100 1 1002 1005 1004
6783 2 2 100 1 2884 2989 2883
6784 2 2 100 1 2021 4496 2344
6785 2 2 100 1 1423 1772 1248
6786 2 2 100 1 645 649 648
6787 2 2 100 1 1740 1868 1867
6788 2 2 100 1 1114 1117 1113
6789 2 2 100 1 329 4630 328
6790 2 2 100 1 2274 2307 2273
6791 2 2 100 1 1578 4497 1574
6792 2 2 100 1 1744 4496 2021
6793 2 2 100 1 3152 3180 2896
6794 2 2 100 1 990 1479 988
6795 2 2 100 1 939 940 937
6796 2 2 100 1 2450 2453 2006
6797 2 2 100 1 1813 2222 1685
6798 2 2 100 1 2978 3536 3488
6799 2 2 100 1 1705 1746 1707
6800 2 2 100 1 949 1478 947
6801 2 2 100 1 517 3419 26
6802 2 2 100 1 2696 2698 2697
6803 2 2 100 1 1494 1798 1493
6804 2 2 100 1 601 827 603
6805 2 2 100 1 1077 1078 1076
6806 2 2 100 1 2243 4611 2884
6807 2 2 100 1 3425 3434 2937
6808 2 2 100 1 2792 3633 2570
6809 2 2 100 1 2706 4496 1891
6810 2 2 100 1 1541 1542 1540
6811 2 2 100 1 1393 2730 940
6812 2 2 100 1 923 924 922
6813 2 2 100 1 1181 4559 1180
6814 2 2 100 1 892 4552 887
6815 2 2 100 1 998 1484 996
6816 2 2 100 1 2072 4631 2592
6817 2 2 100 1 1220 1221 1217
6818 2 2 100 1 649 654 653
6819 2 2 100 1 3040 4711 4507
6820 2 2 100 1 1160 1161 1157
6821 2 2 100 1 1933 2532 2271
6822 2 2 100 1 1603 4501 1647
6823 2 2 100 1 2261 4498 2875
6824 2 2 100 1 2012 4596 2009
6825 2 2 100 1 2704 4515 1008
6826 2 2 100 1 1990 2013 1992
6827 2 2 100 1 1645 1747 1551
6828 2 2 100 1 4849 4887 4111
6829 2 2 100 1 1382 1384 1383
6830 2 2 100 1 2944 3659 3657
6831 2 2 100 1 800 1394 684
6832 2 2 100 1 1896 2517 2264
6833 2 2 100 1 2735 2737 2734
6834 2 2 100 1 4496 4632 2344
6835 2 2 100 1 1524 4584 1845
6836 2 2 100 1 1463 1727 1462
6837 2 2 100 1 825 826 809
6838 2 2 100 1 4255 4584 1524
6839 2 2 100 1 2731 2732 2730
6840 2 2 100 1 1669 3685 3067
6841 2 2 100 1 2673 3326 3325
6842 2 2 100 1 2926 4537 2702
6843 2 2 100 1 2550 3272 3271
6844 2 2 100 1 2429 3217 3216
6845 2 2 100 1 1560 4517 1558
6846 2 2 100 1 640 1826 642
6847 2 2 100 1 1492 1493 1491
6848 2 2 100 1 2733 2791 2731
6849 2 2 100 1 1994 2003 1996
6850 2 2 100 1 3103 4310 2196
6851 2 2 100 1 2807 2808 2806
6852 2 2 100 1 2706 4632 4496
6853 2 2 100 1 1735 1754 1753
6854 2 2 100 1 1883 4647 1508
6855 2 2 100 1 607 665 609
6856 2 2 100 1 435 3286 3284
6857 2 2 100 1 2265 4592 2094
6858 2 2 100 1 2615 2619 2617
6859 2 2 100 1 1896 2264 1747
6860 2 2 100 1 2356 4498 2261
6861 2 2 100 1 1891 4496 1744
6862 2 2 100 1 929 1368 928
6863 2 2 100 1 2160 4511 1571
6864 2 2 100 1 2365 2708 2707
6865 2 2 100 1 2517 2934 2264
6866 2 2 100 1 2212 2213 1913
6867 2 2 100 1 2852 3513 2853
6868 2 2 100 1 2171 2359 2172
6869 2 2 100 1 462 4630 329
6870 2 2 100 1 2292 4356 1915
6871 2 2 100 1 2236 2237 2234
6872 2 2 100 1 1998 2450 2006
6873 2 2 100 1 756 3085 1482
6874 2 2 100 1 3654 3655 2575
6875 2 2 100 1 1400 4627 4486
6876 2 2 100 1 654 659 658
6877 2 2 100 1 3614 5158 1816
6878 2 2 100 1 1769 4476 1641
6879 2 2 100 1 2766 4825 2768
6880 2 2 100 1 2647 2650 2649
6881 2 2 100 1 1645 1896 1747
6882 2 2 100 1 4486 4627 3062
6883 2 2 100 1 2686 4649 2452
6884 2 2 100 1 790 793 789
6885 2 2 100 1 3893 4917 2800
6886 2 2 100 1 1417 1418 1411
6887 2 2 100 1 1036 1044 1035
6888 2 2 100 1 2007 4494 2012
6889 2 2 100 1 2260 2598 2256
6890 2 2 100 1 1983 2016 2015
6891 2 2 100 1 900 902 901
6892 2 2 100 1 2140 4569 2139
6893 2 2 100 1 1200 4559 4363
6894 2 2 100 1 1291 1828 1288
6895 2 2 100 1 1687 1704 1689
6896 2 2 100 1 1011 4515 1017
6897 2 2 100 1 1461 1462 1460
6898 2 2 100 1 4499 4604 3076
6899 2 2 100 1 1641 4476 1636
6900 2 2 100 1 1522 1523 1521
6901 2 2 100 1 2846 3396 3330
6902 2 2 100 1 1554 4508 1552
6903 2 2 100 1 1977 2243 1979
6904 2 2 100 1 1044 2199 2167
6905 2 2 100 1 2369 4492 2221
6906 2 2 100 1 2586 4631 2070
6907 2 2 100 1 1525 1526 1523
6908 2 2 100 1 2701 4346 1026
6909 2 2 100 1 3100 3253 2930
6910 2 2 100 1 935 1391 934
6911 2 2 100 1 2465 3137 2463
6912 2 2 100 1 794 795 793
6913 2 2 100 1 1454 1458 1455
6914 2 2 100 1 66 3360 67
6915 2 2 100 1 1014 2735 2734
6916 2 2 100 1 1590 4642 1589
6917 2 2 100 1 3149 4542 2430
6918 2 2 100 1 1979 4589 1980
6919 2 2 100 1 1547 1774 1545
6920 2 2 100 1 2164 4500 2421
6921 2 2 100 1 619 4660 621
6922 2 2 100 1 659 664 662
6923 2 2 100 1 2373 4543 2110
6924 2 2 100 1 1602 4495 1598
6925 2 2 100 1 1415 1762 1413
6926 2 2 100 1 2721 3211 3210
6927 2 2 100 1 2893 4613 2312
6928 2 2 100 1 2745 2746 2744
6929 2 2 100 1 2221 4492 2318
6930 2 2 100 1 1539 1540 1538
6931 2 2 100 1 941 1393 940
6932 2 2 100 1 980 4457 1014
6933 2 2 100 1 1313 4607 1325
6934 2 2 100 1 1068 1192 1066
6935 2 2 100 1 3086 3087 2175
6936 2 2 100 1 825 1248 826
6937 2 2 100 1 1958 4577 1959
6938 2 2 100 1 1005 4554 2704
6939 2 2 100 1 709 711 710
6940 2 2 100 1 2439 3166 2527
6941 2 2 100 1 2270 4532 2688
6942 2 2 100 1 424 4576 3291
6943 2 2 100 1 3291 3463 3462
6944 2 2 100 1 2453 4494 2006
6945 2 2 100 1 1969 2004 1971
6946 2 2 100 1 2121 4542 2117
6947 2 2 100 1 1042 1054 1040
6948 2 2 100 1 751 802 752
6949 2 2 100 1 1103 1113 1094
6950 2 2 100 1 2576 2644 2577
6951 2 2 100 1 1831 4835 3052
6952 2 2 100 1 1542 1671 1540
6953 2 2 100 1 632 636 635
6954 2 2 100 1 2178 2901 2449
6955 2 2 100 1 2155 3672 3546
6956 2 2 100 1 1766 4520 1765
6957 2 2 100 1 2514 3170 2740
6958 2 2 100 1 759 760 749
6959 2 2 100 1 1180 4559 1200
6960 2 2 100 1 2067 4509 2225
6961 2 2 100 1 808 809 760
6962 2 2 100 1 65 527 66
6963 2 2 100 1 802 4310 803
6964 2 2 100 1 2359 2564 2409
6965 2 2 100 1 2722 4561 2720
6966 2 2 100 1 2300 4520 1766
6967 2 2 100 1 15 519 16
6968 2 2 100 1 1044 4499 2201
6969 2 2 100 1 748 749 737
6970 2 2 100 1 2591 3563 3058
6971 2 2 100 1 3071 4626 4511
6972 2 2 100 1 1457 1460 1456
6973 2 2 100 1 1739 2311 1833
6974 2 2 100 1 4615 4823 1468
6975 2 2 100 1 2718 2765 2719
6976 2 2 100 1 2280 2281 2279
6977 2 2 100 1 1393 4557 2733
6978 2 2 100 1 2146 2340 2144
6979 2 2 100 1 908 909 906
6980 2 2 100 1 1973 2000 1975
6981 2 2 100 1 1337 4695 2772
6982 2 2 100 1 1547 2718 1774
6983 2 2 100 1 1458 1686 1459
6984 2 2 100 1 2243 2883 2723
6985 2 2 100 1 2188 2189 1838
6986 2 2 100 1 116 3229 117
6987 2 2 100 1 2805 2806 2776
6988 2 2 100 1 4501 4657 1647
6989 2 2 100 1 2016 2438 2437
6990 2 2 100 1 62 3364 63
6991 2 2 100 1 838 1740 1738
6992 2 2 100 1 2561 2978 2778
6993 2 2 100 1 2462 2846 2725
6994 2 2 100 1 3719 4680 3716
6995 2 2 100 1 60 430 61
6996 2 2 100 1 599 601 600
6997 2 2 100 1 3921 4987 1710
6998 2 2 100 1 3159 3444 3160
6999 2 2 100 1 1551 4573 1548
7000 2 2 100 1 2186 2439 2432
7001 2 2 100 1 1210 1211 1196
7002 2 2 100 1 2347 4684 1874
7003 2 2 100 1 1173 1186 1175
7004 2 2 100 1 1187 1190 1189
7005 2 2 100 1 2450 3164 2453
7006 2 2 100 1 2718 2719 1774
7007 2 2 100 1 1608 4501 1605
7008 2 2 100 1 1092 1480 1090
7009 2 2 100 1 3008 3010 3009
7010 2 2 100 1 2673 3325 2666
7011 2 2 100 1 1933 2271 1813
7012 2 2 100 1 1079 1080 1078
7013 2 2 100 1 1571 4511 1568
7014 2 2 100 1 3730 3732 3731
7015 2 2 100 1 1241 1791 1266
7016 2 2 100 1 2611 2763 2613
7017 2 2 100 1 1391 2729 934
7018 2 2 100 1 672 2405 674
7019 2 2 100 1 1929 1931 1930
7020 2 2 100 1 2254 4548 2252
7021 2 2 100 1 1463 4435 1727
7022 2 2 100 1 1512 1513 1511
7023 2 2 100 1 646 651 647
7024 2 2 100 1 1722 1760 1724
7025 2 2 100 1 2298 3192 2478
7026 2 2 100 1 2567 3442 2686
7027 2 2 100 1 1393 2731 2730
7028 2 2 100 1 808 825 809
7029 2 2 100 1 1697 2820 2263
7030 2 2 100 1 2183 2184 2182
7031 2 2 100 1 2016 2437 2015
7032 2 2 100 1 1419 1698 1418
7033 2 2 100 1 2672 4454 2669
7034 2 2 100 1 2243 2723 1979
7035 2 2 100 1 1081 1083 1082
7036 2 2 100 1 1548 4573 1547
7037 2 2 100 1 2180 2316 2181
7038 2 2 100 1 64 3392 65
7039 2 2 100 1 3453 4577 2933
7040 2 2 100 1 1868 2462 1867
7041 2 2 100 1 1552 4508 1645
7042 2 2 100 1 1558 4517 1669
7043 2 2 100 1 2318 2960 2923
7044 2 2 100 1 1754 1756 1755
7045 2 2 100 1 2169 4586 1052
7046 2 2 100 1 2009 4596 2011
7047 2 2 100 1 1837 1838 1363
7048 2 2 100 1 2905 4532 2270
7049 2 2 100 1 1366 1367 1365
7050 2 2 100 1 1390 4554 1003
7051 2 2 100 1 1342 4695 1339
7052 2 2 100 1 2883 2885 2723
7053 2 2 100 1 3831 4711 3040
7054 2 2 100 1 1805 2019 1806
7055 2 2 100 1 1270 1470 1469
7056 2 2 100 1 2161 4495 1602
7057 2 2 100 1 4534 4665 4535
7058 2 2 100 1 2318 2923 2220
7059 2 2 100 1 819 838 821
7060 2 2 100 1 919 4582 918
7061 2 2 100 1 57 444 58
7062 2 2 100 1 3006 3710 3708
7063 2 2 100 1 711 713 712
7064 2 2 100 1 1249 4556 1253
7065 2 2 100 1 2644 2646 2645
7066 2 2 100 1 1003 4554 1002
7067 2 2 100 1 481 3312 18
7068 2 2 100 1 1860 4530 1298
7069 2 2 100 1 1088 1162 1086
7070 2 2 100 1 3139 4498 2356
7071 2 2 100 1 2779 3078 2729
7072 2 2 100 1 1406 1407 1404
7073 2 2 100 1 2192 2193 2191
7074 2 2 100 1 3291 3292 3290
7075 2 2 100 1 1751 1935 1782
7076 2 2 100 1 1182 4696 1057
7077 2 2 100 1 1932 2278 2277
7078 2 2 100 1 2929 4800 2269
7079 2 2 100 1 676 755 678
7080 2 2 100 1 2710 4547 2712
7081 2 2 100 1 1911 1912 1910
7082 2 2 100 1 1737 2180 2179
7083 2 2 100 1 1285 4570 1283
7084 2 2 100 1 1625 4545 1623
7085 2 2 100 1 3446 3448 2960
7086 2 2 100 1 1799 2182 1471
7087 2 2 100 1 2162 4657 2166
7088 2 2 100 1 1302 2771 1300
7089 2 2 100 1 3462 3474 3292
7090 2 2 100 1 3317 3318 3306
7091 2 2 100 1 4277 4636 4625
7092 2 2 100 1 3264 3266 2519
7093 2 2 100 1 636 638 637
7094 2 2 100 1 1256 4512 1257
7095 2 2 100 1 1314 1495 1304
7096 2 2 100 1 2787 3549 3106
7097 2 2 100 1 1795 1796 1759
7098 2 2 100 1 1103 1504 1114
7099 2 2 100 1 2398 4620 2400
7100 2 2 100 1 473 3300 14
7101 2 2 100 1 1074 1201 1072
7102 2 2 100 1 594 4767 2903
7103 2 2 100 1 2948 4571 2271
7104 2 2 100 1 1810 1920 1905
7105 2 2 100 1 61 3393 62
7106 2 2 100 1 3098 4784 4443
7107 2 2 100 1 863 865 864
7108 2 2 100 1 1395 1396 1394
7109 2 2 100 1 762 820 819
7110 2 2 100 1 971 4538 969
7111 2 2 100 1 1701 1702 1268
7112 2 2 100 1 1453 4575 1457
7113 2 2 100 1 2340 4569 2144
7114 2 2 100 1 58 3439 59
7115 2 2 100 1 1163 1191 1047
7116 2 2 100 1 2094 4592 2097
7117 2 2 100 1 2035 2037 1775
7118 2 2 100 1 2248 2744 1752
7119 2 2 100 1 1533 1538 1537
7120 2 2 100 1 1368 1466 928
7121 2 2 100 1 2194 2233 2193
7122 2 2 100 1 2789 4887 4849
7123 2 2 100 1 1399 4594 4372
7124 2 2 100 1 1765 4520 2251
7125 2 2 100 1 3066 4501 1608
7126 2 2 100 1 2552 3207 2307
7127 2 2 100 1 2677 4512 1256
7128 2 2 100 1 1008 4515 1011
7129 2 2 100 1 924 1882 922
7130 2 2 100 1 976 4533 974
7131 2 2 100 1 1408 1409 1407
7132 2 2 100 1 1869 4597 1661
7133 2 2 100 1 669 758 667
7134 2 2 100 1 2676 4541 2674
7135 2 2 100 1 1271 4892 3765
7136 2 2 100 1 1467 1533 1532
7137 2 2 100 1 1410 1412 1409
7138 2 2 100 1 2206 3120 3119
7139 2 2 100 1 796 798 795
7140 2 2 100 1 1589 4642 4522
7141 2 2 100 1 759 808 760
7142 2 2 100 1 3412 3468 3322
7143 2 2 100 1 2245 2550 2549
7144 2 2 100 1 117 422 118
7145 2 2 100 1 2859 4492 2369
7146 2 2 100 1 2296 2924 2894
7147 2 2 100 1 2650 2652 2651
7148 2 2 100 1 59 3370 60
7149 2 2 100 1 2714 4551 2716
7150 2 2 100 1 3537 3538 2663
7151 2 2 100 1 748 759 749
7152 2 2 100 1 2430 4542 2121
7153 2 2 100 1 1712 3089 1713
7154 2 2 100 1 2652 2955 2954
7155 2 2 100 1 984 4549 982
7156 2 2 100 1 2428 2868 2867
7157 2 2 100 1 1938 2502 1940
7158 2 2 100 1 1027 4526 1016
7159 2 2 100 1 3284 3285 3283
7160 2 2 100 1 1740 1867 1738
7161 2 2 100 1 1081 1082 1080
7162 2 2 100 1 1533 1537 1532
7163 2 2 100 1 1015 4526 2153
7164 2 2 100 1 1538 1544 1537
7165 2 2 100 1 3728 3730 3729
7166 2 2 100 1 2180 2493 2316
7167 2 2 100 1 1469 4603 765
7168 2 2 100 1 1564 4626 1588
7169 2 2 100 1 922 4582 919
7170 2 2 100 1 90 421 91
7171 2 2 100 1 756 1482 746
7172 2 2 100 1 662 663 658
7173 2 2 100 1 4914 5009 3642
7174 2 2 100 1 1557 4508 1554
7175 2 2 100 1 1903 4674 1683
7176 2 2 100 1 1414 1416 1415
7177 2 2 100 1 3323 3332 3288
7178 2 2 100 1 2514 3171 3170
7179 2 2 100 1 1467 1532 1466
7180 2 2 100 1 1718 1721 1719
7181 2 2 100 1 2728 4575 1451
7182 2 2 100 1 736 737 663
7183 2 2 100 1 4302 4688 1635
7184 2 2 100 1 838 1738 839
7185 2 2 100 1 1959 4577 2005
7186 2 2 100 1 4730 4819 2790
7187 2 2 100 1 757 4603 756
7188 2 2 100 1 725 726 724
7189 2 2 100 1 1216 1217 1211
7190 2 2 100 1 2070 4631 2072
7191 2 2 100 1 912 914 911
7192 2 2 100 1 3287 3288 3285
7193 2 2 100 1 760 4514 749
7194 2 2 100 1 1956 2932 1958
7195 2 2 100 1 910 911 909
7196 2 2 100 1 3726 3728 3727
7197 2 2 100 1 1563 4517 1560
7198 2 2 100 1 1120 1126 1124
7199 2 2 100 1 1695 1872 1696
7200 2 2 100 1 988 4562 986
7201 2 2 100 1 3068 4556 1772
7202 2 2 100 1 651 656 652
7203 2 2 100 1 1727 2023 1462
7204 2 2 100 1 1036 4499 1044
7205 2 2 100 1 3451 3452 2933
7206 2 2 100 1 2020 3095 2562
7207 2 2 100 1 2760 2935 2761
7208 2 2 100 1 2574 3581 2575
7209 2 2 100 1 1368 1467 1466
7210 2 2 100 1 969 4538 972
7211 2 2 100 1 1194 1218 1177
7212 2 2 100 1 2361 4638 2090
7213 2 2 100 1 4482 4613 2699
7214 2 2 100 1 57 3399 444
7215 2 2 100 1 1391 2779 2729
7216 2 2 100 1 1416 1778 1685
7217 2 2 100 1 2564 3002 2809
7218 2 2 100 1 1016 4526 1015
7219 2 2 100 1 2979 3504 2964
7220 2 2 100 1 3060 4543 2373
7221 2 2 100 1 1948 2537 1950
7222 2 2 100 1 2963 3510 3509
7223 2 2 100 1 1158 1172 1159
7224 2 2 100 1 3321 3322 3320
7225 2 2 100 1 2447 4523 1897
7226 2 2 100 1 898 900 899
7227 2 2 100 1 2377 4553 2375
7228 2 2 100 1 736 748 737
7229 2 2 100 1 1592 4675 1596
7230 2 2 100 1 1778 1933 1813
7231 2 2 100 1 2296 2894 2297
7232 2 2 100 1 2662 2663 2558
7233 2 2 100 1 424 3291 3290
7234 2 2 100 1 1845 4584 3032
7235 2 2 100 1 1150 1158 1151
7236 2 2 100 1 656 660 657
7237 2 2 100 1 2932 2933 1958
7238 2 2 100 1 660 671 661
7239 2 2 100 1 1410 1414 1413
7240 2 2 100 1 2619 2624 2623
7241 2 2 100 1 1257 1263 1258
7242 2 2 100 1 1144 1150 1145
7243 2 2 100 1 1490 1695 1505
7244 2 2 100 1 1684 2186 1919
7245 2 2 100 1 2688 4532 3118
7246 2 2 100 1 2050 2052 2051
7247 2 2 100 1 1897 4523 2267
7248 2 2 100 1 928 4605 925
7249 2 2 100 1 1433 4628 1432
7250 2 2 100 1 803 4310 814
7251 2 2 100 1 2041 4765 3813
7252 2 2 100 1 924 3070 1882
7253 2 2 100 1 2924 3418 3417
7254 2 2 100 1 1129 1144 1130
7255 2 2 100 1 1309 4673 1307
7256 2 2 100 1 659 662 658
7257 2 2 100 1 1747 4573 1551
7258 2 2 100 1 1668 4774 2726
7259 2 2 100 1 1799 2262 2183
7260 2 2 100 1 1727 2273 2023
7261 2 2 100 1 1323 4629 2766
7262 2 2 100 1 1980 4589 1983
7263 2 2 100 1 2493 3257 2881
7264 2 2 100 1 2353 2964 1796
7265 2 2 100 1 1392 4552 892
7266 2 2 100 1 943 4557 941
7267 2 2 100 1 2932 3451 2933
7268 2 2 100 1 2312 4613 4482
7269 2 2 100 1 1824 4649 1444
7270 2 2 100 1 120 451 121
7271 2 2 100 1 3027 3848 3676
7272 2 2 100 1 1778 1813 1685
7273 2 2 100 1 601 602 600
7274 2 2 100 1 4704 4971 3632
7275 2 2 100 1 4508 4702 1645
7276 2 2 100 1 2153 4526 3063
7277 2 2 100 1 435 3284 3283
7278 2 2 100 1 1836 4819 4730
7279 2 2 100 1 896 898 897
7280 2 2 100 1 1225 1226 1221
7281 2 2 100 1 1324 4629 1323
7282 2 2 100 1 1248 4556 1249
7283 2 2 100 1 740 4676 732
7284 2 2 100 1 1257 1258 1232
7285 2 2 100 1 3373 3375 3374
7286 2 2 100 1 1082 1198 1080
7287 2 2 100 1 654 658 653
7288 2 2 100 1 931 4550 929
7289 2 2 100 1 1416 1685 1415
7290 2 2 100 1 660 734 671
7291 2 2 100 1 2332 3020 2030
7292 2 2 100 1 1699 1885 1698
7293 2 2 100 1 1397 1398 1396
7294 2 2 100 1 1566 4626 1564
7295 2 2 100 1 887 4552 889
7296 2 2 100 1 1027 4696 4526
7297 2 2 100 1 1460 1733 1456
7298 2 2 100 1 2957 2963 2962
7299 2 2 100 1 622 2747 633
7300 2 2 100 1 4182 4816 4185
7301 2 2 100 1 925 4605 924
7302 2 2 100 1 1002 4554 1005
7303 2 2 100 1 4556 4698 1253
7304 2 2 100 1 1270 1469 765
7305 2 2 100 1 915 4624 914
7306 2 2 100 1 2976 2977 2435
7307 2 2 100 1 2801 4517 1563
7308 2 2 100 1 1944 2545 1946
7309 2 2 100 1 762 819 761
7310 2 2 100 1 2629 4553 2377
7311 2 2 100 1 1679 1918 1534
7312 2 2 100 1 4854 4930 3204
7313 2 2 100 1 2585 2800 738
7314 2 2 100 1 2592 3669 3630
7315 2 2 100 1 799 806 798
7316 2 2 100 1 1124 1129 1125
7317 2 2 100 1 4020 4023 4022
7318 2 2 100 1 1935 2551 1936
7319 2 2 100 1 1120 1124 1123
7320 2 2 100 1 4528 4692 1794
7321 2 2 100 1 2273 2514 2023
7322 2 2 100 1 2898 4653 2431
7323 2 2 100 1 688 4678 3051
7324 2 2 100 1 1896 4702 2518
7325 2 2 100 1 753 762 761
7326 2 2 100 1 1686 4619 1687
7327 2 2 100 1 1470 1472 1471
7328 2 2 100 1 2267 2896 2431
7329 2 2 100 1 2267 2431 1847
7330 2 2 100 1 87 457 88
7331 2 2 100 1 2699 4613 3213
7332 2 2 100 1 1118 1120 1119
7333 2 2 100 1 421 3382 91
7334 2 2 100 1 1984 4560 1986
7335 2 2 100 1 649 653 648
7336 2 2 100 1 2375 4553 3060
7337 2 2 100 1 914 1052 911
7338 2 2 100 1 1316 4697 1821
7339 2 2 100 1 1344 1880 1879
7340 2 2 100 1 3080 3081 2525
7341 2 2 100 1 2238 2289 2237
7342 2 2 100 1 3118 4547 2710
7343 2 2 100 1 2493 2881 2316
7344 2 2 100 1 894 896 895
7345 2 2 100 1 979 4533 976
7346 2 2 100 1 678 4583 680
7347 2 2 100 1 92 455 93
7348 2 2 100 1 1695 2759 1872
7349 2 2 100 1 3291 3462 3292
7350 2 2 100 1 825 4590 1423
7351 2 2 100 1 721 722 720
7352 2 2 100 1 2744 4640 1752
7353 2 2 100 1 1526 1675 1674
7354 2 2 100 1 1498 1499 1497
7355 2 2 100 1 1114 1118 1117
7356 2 2 100 1 2574 2575 2361
7357 2 2 100 1 1453 1456 1454
7358 2 2 100 1 2723 4589 1979
7359 2 2 100 1 3649 3833 3065
7360 2 2 100 1 2182 4834 4771
7361 2 2 100 1 1158 1485 1172
7362 2 2 100 1 2557 2558 2407
7363 2 2 100 1 2015 4560 1984
7364 2 2 100 1 3066 4657 4501
7365 2 2 100 1 3688 4931 2801
7366 2 2 100 1 1496 1497 1495
7367 2 2 100 1 106 3222 107
7368 2 2 100 1 1132 4306 1356
7369 2 2 100 1 2183 2296 2184
7370 2 2 100 1 2726 4545 1628
7371 2 2 100 1 3654 3656 3655
7372 2 2 100 1 1475 4538 971
7373 2 2 100 1 2090 4638 2088
7374 2 2 100 1 2712 4547 3198
7375 2 2 100 1 2757 4602 2758
7376 2 2 100 1 1144 1152 1150
7377 2 2 100 1 1458 2754 1686
7378 2 2 100 1 2695 4530 1860
7379 2 2 100 1 1519 1522 1521
7380 2 2 100 1 3241 3246 3240
7381 2 2 100 1 2214 2294 2213
7382 2 2 100 1 982 4549 4457
7383 2 2 100 1 2520 3265 3264
7384 2 2 100 1 715 716 714
7385 2 2 100 1 2571 3603 2029
7386 2 2 100 1 4526 4696 3063
7387 2 2 100 1 734 753 750
7388 2 2 100 1 902 905 901
7389 2 2 100 1 1364 1365 1362
7390 2 2 100 1 4308 4512 2677
7391 2 2 100 1 974 4533 1475
7392 2 2 100 1 1372 4513 1373
7393 2 2 100 1 1412 4540 1421
7394 2 2 100 1 1628 4545 1625
7395 2 2 100 1 1788 2298 2287
7396 2 2 100 1 1451 1453 1452
7397 2 2 100 1 1323 2387 1312
7398 2 2 100 1 4511 4626 1566
7399 2 2 100 1 1414 1415 1413
7400 2 2 100 1 3198 4551 2714
7401 2 2 100 1 1992 4580 1994
7402 2 2 100 1 1873 1874 1499
7403 2 2 100 1 1288 4570 1285
7404 2 2 100 1 3257 3259 2881
7405 2 2 100 1 1263 1737 1258
7406 2 2 100 1 2505 3158 3157
7407 2 2 100 1 2716 4551 3351
7408 2 2 100 1 1118 4610 1120
7409 2 2 100 1 1085 1087 1086
7410 2 2 100 1 2450 4585 3165
7411 2 2 100 1 2319 2320 2281
7412 2 2 100 1 1920 2531 1921
7413 2 2 100 1 2011 4596 2178
7414 2 2 100 1 1726 4698 1898
7415 2 2 100 1 1427 1429 1425
7416 2 2 100 1 2974 3524 3472
7417 2 2 100 1 887 889 888
7418 2 2 100 1 1920 2547 2531
7419 2 2 100 1 597 4767 594
7420 2 2 100 1 1353 4360 1346
7421 2 2 100 1 2345 2346 1874
7422 2 2 100 1 2888 4555 2517
7423 2 2 100 1 2227 4477 2423
7424 2 2 100 1 719 720 718
7425 2 2 100 1 937 4574 935
7426 2 2 100 1 2756 2930 2757
7427 2 2 100 1 1623 4545 1670
7428 2 2 100 1 3287 3323 3288
7429 2 2 100 1 2924 3417 2894
7430 2 2 100 1 929 4550 1368
7431 2 2 100 1 653 2764 648
7432 2 2 100 1 3284 3287 3285
7433 2 2 100 1 2953 4632 2706
7434 2 2 100 1 1009 4549 984
7435 2 2 100 1 1453 1454 1452
7436 2 2 100 1 2759 2762 2760
7437 2 2 100 1 3745 4541 2676
7438 2 2 100 1 1493 1889 1491
7439 2 2 100 1 1888 2285 1886
7440 2 2 100 1 2097 4592 2429
7441 2 2 100 1 1988 4579 1990
7442 2 2 100 1 887 888 885
7443 2 2 100 1 2754 2756 2755
7444 2 2 100 1 1269 4705 2042
7445 2 2 100 1 1703 4627 1400
7446 2 2 100 1 941 4557 1393
7447 2 2 100 1 2747 3519 2748
7448 2 2 100 1 2036 2520 2519
7449 2 2 100 1 1083 1085 1084
7450 2 2 100 1 1025 4568 1020
7451 2 2 100 1 2341 4716 3144
7452 2 2 100 1 1451 1452 1450
7453 2 2 100 1 1893 2239 1895
7454 2 2 100 1 1078 1501 1076
7455 2 2 100 1 1772 4556 1248
7456 2 2 100 1 3072 4675 4495
7457 2 2 100 1 1449 1451 1450
7458 2 2 100 1 1839 2790 2364
7459 2 2 100 1 1172 4639 1173
7460 2 2 100 1 1087 1089 1088
7461 2 2 100 1 1487 1489 1488
7462 2 2 100 1 2896 2897 2431
7463 2 2 100 1 3067 4508 1557
7464 2 2 100 1 2171 2172 1835
7465 2 2 100 1 1515 1528 1517
7466 2 2 100 1 1103 4663 1504
7467 2 2 100 1 1153 2175 1061
7468 2 2 100 1 629 4614 1468
7469 2 2 100 1 1489 1491 1490
7470 2 2 100 1 890 2777 888
7471 2 2 100 1 1485 1487 1486
7472 2 2 100 1 2592 4631 3669
7473 2 2 100 1 1432 4628 2696
7474 2 2 100 1 2754 2755 1686
7475 2 2 100 1 1384 4578 1385
7476 2 2 100 1 753 761 750
7477 2 2 100 1 3062 4716 1779
7478 2 2 100 1 4474 4716 3062
7479 2 2 100 1 4020 4022 4017
7480 2 2 100 1 2674 4541 4303
7481 2 2 100 1 1089 1091 1090
7482 2 2 100 1 2208 2420 1798
7483 2 2 100 1 1449 1450 1052
7484 2 2 100 1 1776 2036 2035
7485 2 2 100 1 717 718 716
7486 2 2 100 1 2460 4647 1883
7487 2 2 100 1 1308 4697 1310
7488 2 2 100 1 2252 4548 2272
7489 2 2 100 1 3291 4576 3463
7490 2 2 100 1 3467 4246 2542
7491 2 2 100 1 1091 1093 1092
7492 2 2 100 1 3464 3471 2536
7493 2 2 100 1 986 4562 1009
7494 2 2 100 1 1093 1095 1094
7495 2 2 100 1 2406 3114 3113
7496 2 2 100 1 3239 3241 3240
7497 2 2 100 1 2517 4555 2934
7498 2 2 100 1 2422 2788 2226
7499 2 2 100 1 4008 4566 4011
7500 2 2 100 1 2984 2985 2982
7501 2 2 100 1 3187 4523 2447
7502 2 2 100 1 2793 2857 2856
7503 2 2 100 1 3581 3654 2575
7504 2 2 100 1 2408 4803 2655
7505 2 2 100 1 2409 2789 2172
7506 2 2 100 1 1843 2793 2441
7507 2 2 100 1 662 736 663
7508 2 2 100 1 891 894 893
7509 2 2 100 1 2930 2931 2757
7510 2 2 100 1 889 891 890
7511 2 2 100 1 1914 1916 1789
7512 2 2 100 1 2756 2757 2755
7513 2 2 100 1 4472 4692 4528
7514 2 2 100 1 2295 2472 2294
7515 2 2 100 1 1004 4581 1000
7516 2 2 100 1 1996 4585 1998
7517 2 2 100 1 682 800 684
7518 2 2 100 1 2887 2966 2937
7519 2 2 100 1 914 1449 1052
7520 2 2 100 1 2758 4619 2755
7521 2 2 100 1 3068 4698 4556
7522 2 2 100 1 3471 4729 2536
7523 2 2 100 1 2759 2760 1872
7524 2 2 100 1 651 1481 656
7525 2 2 100 1 1432 1814 1430
7526 2 2 100 1 807 816 806
7527 2 2 100 1 1410 1413 1412
7528 2 2 100 1 1880 2391 2390
7529 2 2 100 1 2386 4513 1372
7530 2 2 100 1 935 4574 1391
7531 2 2 100 1 637 639 635
7532 2 2 100 1 2875 4588 2260
7533 2 2 100 1 1629 4688 1668
7534 2 2 100 1 2338 4767 600
7535 2 2 100 1 810 4590 808
7536 2 2 100 1 1760 1892 1761
7537 2 2 100 1 734 750 671
7538 2 2 100 1 1596 4642 1590
7539 2 2 100 1 624 625 623
7540 2 2 100 1 1399 1776 1775
7541 2 2 100 1 1103 1114 1113
7542 2 2 100 1 1000 4581 998
7543 2 2 100 1 1389 4679 1805
7544 2 2 100 1 1099 2742 1097
7545 2 2 100 1 1449 4624 2728
7546 2 2 100 1 1438 1878 1436
7547 2 2 100 1 1522 2775 1525
7548 2 2 100 1 2227 2423 2422
7549 2 2 100 1 3375 3376 3374
7550 2 2 100 1 1408 1410 1409
7551 2 2 100 1 4716 4778 3144
7552 2 2 100 1 4645 4813 2405
7553 2 2 100 1 2790 2841 2840
7554 2 2 100 1 832 833 830
7555 2 2 100 1 901 1023 899
7556 2 2 100 1 645 646 643
7557 2 2 100 1 4543 4726 3053
7558 2 2 100 1 4495 4675 1595
7559 2 2 100 1 1133 4306 1132
7560 2 2 100 1 2807 3175 2808
7561 2 2 100 1 636 637 635
7562 2 2 100 1 2966 3426 3425
7563 2 2 100 1 2174 4591 748
7564 2 2 100 1 2933 4577 1958
7565 2 2 100 1 1489 1490 1488
7566 2 2 100 1 1547 4573 2718
7567 2 2 100 1 1485 1486 1172
7568 2 2 100 1 2290 2335 2289
7569 2 2 100 1 2807 3328 3175
7570 2 2 100 1 1799 2183 2182
7571 2 2 100 1 1466 4605 928
7572 2 2 100 1 2725 4617 1867
7573 2 2 100 1 4282 4645 750
7574 2 2 100 1 1487 1488 1486
7575 2 2 100 1 2215 3115 2219
7576 2 2 100 1 2734 4533 979
7577 2 2 100 1 2800 4103 738
7578 2 2 100 1 2887 2937 2434
7579 2 2 100 1 1405 1411 1406
7580 2 2 100 1 1898 4633 2486
7581 2 2 100 1 645 648 646
7582 2 2 100 1 962 4557 943
7583 2 2 100 1 934 4550 931
7584 2 2 100 1 1361 1362 1359
7585 2 2 100 1 1677 4564 1472
7586 2 2 100 1 759 4591 810
7587 2 2 100 1 3247 3320 3246
7588 2 2 100 1 2541 4356 2292
7589 2 2 100 1 4507 4711 1188
7590 2 2 100 1 3763 4709 3764
7591 2 2 100 1 1522 1525 1523
7592 2 2 100 1 1339 4695 1337
7593 2 2 100 1 1035 4568 1025
7594 2 2 100 1 1153 2555 2175
7595 2 2 100 1 1986 4560 2014
7596 2 2 100 1 900 901 899
7597 2 2 100 1 1406 1408 1407
7598 2 2 100 1 1635 4688 1631
7599 2 2 100 1 2179 4625 1258
7600 2 2 100 1 2567 2686 2452
7601 2 2 100 1 1910 4712 1907
7602 2 2 100 1 1983 4589 2016
7603 2 2 100 1 73 474 74
7604 2 2 100 1 3721 3723 3722
7605 2 2 100 1 4451 4752 1794
7606 2 2 100 1 2805 2807 2806
7607 2 2 100 1 644 4614 631
7608 2 2 100 1 1659 4752 1869
7609 2 2 100 1 2766 2767 2387
7610 2 2 100 1 442 3368 71
7611 2 2 100 1 1479 4562 988
7612 2 2 100 1 684 4678 685
7613 2 2 100 1 3053 4726 4267
7614 2 2 100 1 3032 4776 3033
7615 2 2 100 1 918 4624 915
7616 2 2 100 1 1040 4604 1038
7617 2 2 100 1 2425 4509 2067
7618 2 2 100 1 725 1403 728
7619 2 2 100 1 1595 4675 1592
7620 2 2 100 1 3611 3651 3609
7621 2 2 100 1 4278 4709 2150
7622 2 2 100 1 2768 3500 2767
7623 2 2 100 1 1395 1399 1397
7624 2 2 100 1 4315 4769 4316
7625 2 2 100 1 1233 1234 1226
7626 2 2 100 1 4355 4639 1486
7627 2 2 100 1 640 641 639
7628 2 2 100 1 1095 1103 1094
7629 2 2 100 1 1093 1094 1092
7630 2 2 100 1 1396 4593 1394
7631 2 2 100 1 3846 4867 3877
7632 2 2 100 1 2719 4572 2721
7633 2 2 100 1 1091 1092 1090
7634 2 2 100 1 998 4581 1484
7635 2 2 100 1 2473 2524 2472
7636 2 2 100 1 2167 4568 1035
7637 2 2 100 1 3989 4668 3991
7638 2 2 100 1 2359 2409 2172
7639 2 2 100 1 2775 2804 2776
7640 2 2 100 1 1089 1090 1088
7641 2 2 100 1 1367 1512 1511
7642 2 2 100 1 2765 4572 2719
7643 2 2 100 1 2564 2809 2409
7644 2 2 100 1 2084 4761 2082
7645 2 2 100 1 642 643 641
7646 2 2 100 1 1687 4619 1704
7647 2 2 100 1 2804 2818 2805
7648 2 2 100 1 2225 2227 2226
7649 2 2 100 1 2459 2460 1883
7650 2 2 100 1 2505 4706 3158
7651 2 2 100 1 3155 3156 2788
7652 2 2 100 1 1087 1088 1086
7653 2 2 100 1 3335 3336 2503
7654 2 2 100 1 3137 4599 2463
7655 2 2 100 1 756 4603 3085
7656 2 2 100 1 1470 1471 1469
7657 2 2 100 1 1906 2753 2435
7658 2 2 100 1 2463 4599 2462
7659 2 2 100 1 1472 1799 1471
7660 2 2 100 1 4626 4762 1588
7661 2 2 100 1 1925 2530 1927
7662 2 2 100 1 3538 3665 2663
7663 2 2 100 1 2547 2974 2531
7664 2 2 100 1 1698 1700 1418
7665 2 2 100 1 4024 4566 4008
7666 2 2 100 1 2336 2861 2335
7667 2 2 100 1 1631 4688 1629
7668 2 2 100 1 642 645 643
7669 2 2 100 1 1085 1086 1084
7670 2 2 100 1 1038 4604 4499
7671 2 2 100 1 640 642 641
7672 2 2 100 1 1794 4752 1657
7673 2 2 100 1 3067 4702 4508
7674 2 2 100 1 1739 4617 2311
7675 2 2 100 1 3716 4680 3715
7676 2 2 100 1 1443 1802 1441
7677 2 2 100 1 4011 4566 4014
7678 2 2 100 1 2014 4579 1988
7679 2 2 100 1 4771 4834 3085
7680 2 2 100 1 1235 1242 1234
7681 2 2 100 1 1748 2247 1899
7682 2 2 100 1 800 1395 1394
7683 2 2 100 1 1232 4625 1208
7684 2 2 100 1 4376 4618 1808
7685 2 2 100 1 895 903 893
7686 2 2 100 1 817 829 816
7687 2 2 100 1 1994 4580 2003
7688 2 2 100 1 1882 4582 922
7689 2 2 100 1 2745 3150 2746
7690 2 2 100 1 1738 4617 1739
7691 2 2 100 1 637 640 639
7692 2 2 100 1 1403 1405 1404
7693 2 2 100 1 2348 4650 2557
7694 2 2 100 1 2520 3264 2519
7695 2 2 100 1 2575 4638 2361
7696 2 2 100 1 808 4590 825
7697 2 2 100 1 2013 4580 1992
7698 2 2 100 1 2587 4765 2043
7699 2 2 100 1 1083 1084 1082
7700 2 2 100 1 84 485 85
7701 2 2 100 1 2533 2534 1916
7702 2 2 100 1 3479 3481 2534
7703 2 2 100 1 2862 2981 2861
7704 2 2 100 1 1070 4744 1068
7705 2 2 100 1 2429 4592 3217
7706 2 2 100 1 814 823 815
7707 2 2 100 1 603 604 602
7708 2 2 100 1 940 4574 937
7709 2 2 100 1 2966 3425 2937
7710 2 2 100 1 1990 4579 2013
7711 2 2 100 1 3571 3572 2032
7712 2 2 100 1 3488 4845 2778
7713 2 2 100 1 481 3313 3312
7714 2 2 100 1 601 603 602
7715 2 2 100 1 1120 4610 1126
7716 2 2 100 1 1776 2035 1775
7717 2 2 100 1 5014 5026 4669
7718 2 2 100 1 883 1483 881
7719 2 2 100 1 1833 4612 2206
7720 2 2 100 1 2730 4574 940
7721 2 2 100 1 2278 2280 2279
7722 2 2 100 1 2131 4699 2135
7723 2 2 100 1 2003 4585 1996
7724 2 2 100 1 1104 1112 1101
7725 2 2 100 1 898 899 897
7726 2 2 100 1 3607 4990 730
7727 2 2 100 1 1647 4657 2162
7728 2 2 100 1 1451 4575 1453
7729 2 2 100 1 650 4644 615
7730 2 2 100 1 3730 3731 3729
7731 2 2 100 1 76 488 77
7732 2 2 100 1 2036 2519 2035
7733 2 2 100 1 1828 4570 1288
7734 2 2 100 1 1395 1397 1396
7735 2 2 100 1 2198 4760 1532
7736 2 2 100 1 2783 4834 2184
7737 2 2 100 1 3434 4672 2937
7738 2 2 100 1 2721 4572 3211
7739 2 2 100 1 621 4660 624
7740 2 2 100 1 2260 4588 2598
7741 2 2 100 1 1405 4788 1417
7742 2 2 100 1 2020 2561 2019
7743 2 2 100 1 1890 4820 1694
7744 2 2 100 1 3726 3727 3723
7745 2 2 100 1 1357 2187 1149
7746 2 2 100 1 2050 2051 2048
7747 2 2 100 1 105 459 106
7748 2 2 100 1 3722 4680 3719
7749 2 2 100 1 1998 4585 2450
7750 2 2 100 1 457 3384 88
7751 2 2 100 1 2851 2852 2708
7752 2 2 100 1 1405 1406 1404
7753 2 2 100 1 2385 2386 1372
7754 2 2 100 1 3157 3159 2506
7755 2 2 100 1 896 897 895
7756 2 2 100 1 719 2388 721
7757 2 2 100 1 2500 5412 2474
7758 2 2 100 1 2555 3086 2175
7759 2 2 100 1 1512 1752 1513
7760 2 2 100 1 2505 2506 2051
7761 2 2 100 1 1756 1758 1757
7762 2 2 100 1 1539 4671 1541
7763 2 2 100 1 843 844 836
7764 2 2 100 1 4550 4750 1368
7765 2 2 100 1 1975 4611 1977
7766 2 2 100 1 2558 2847 2407
7767 2 2 100 1 422 3225 118
7768 2 2 100 1 2178 4596 2901
7769 2 2 100 1 996 4609 994
7770 2 2 100 1 1762 4540 1413
7771 2 2 100 1 1525 4694 1526
7772 2 2 100 1 2440 2457 1842
7773 2 2 100 1 1173 4639 1186
7774 2 2 100 1 2729 4550 934
7775 2 2 100 1 1132 1356 1149
7776 2 2 100 1 632 635 634
7777 2 2 100 1 1879 4695 1342
7778 2 2 100 1 2829 4924 2828
7779 2 2 100 1 2476 4674 1903
7780 2 2 100 1 2149 4699 2133
7781 2 2 100 1 823 840 824
7782 2 2 100 1 791 4292 768
7783 2 2 100 1 1805 2020 2019
7784 2 2 100 1 1344 1879 1342
7785 2 2 100 1 722 725 724
7786 2 2 100 1 1413 4540 1412
7787 2 2 100 1 1415 4598 1762
7788 2 2 100 1 1388 4679 1389
7789 2 2 100 1 994 4609 1006
7790 2 2 100 1 625 627 623
7791 2 2 100 1 1545 4606 1542
7792 2 2 100 1 2364 2365 1840
7793 2 2 100 1 2775 2776 1525
7794 2 2 100 1 1929 2560 1931
7795 2 2 100 1 736 4641 2174
7796 2 2 100 1 1054 4604 1040
7797 2 2 100 1 3401 4685 2782
7798 2 2 100 1 820 4600 819
7799 2 2 100 1 2696 2697 1814
7800 2 2 100 1 1108 1506 1106
7801 2 2 100 1 1356 1358 1357
7802 2 2 100 1 1906 2435 1811
7803 2 2 100 1 1864 4822 1830
7804 2 2 100 1 628 629 627
7805 2 2 100 1 617 4644 3037
7806 2 2 100 1 2585 3675 3674
7807 2 2 100 1 4671 4732 2157
7808 2 2 100 1 748 4591 759
7809 2 2 100 1 2745 3181 3150
7810 2 2 100 1 630 631 629
7811 2 2 100 1 632 634 631
7812 2 2 100 1 1542 4606 1671
7813 2 2 100 1 1977 4611 2243
7814 2 2 100 1 1243 1246 1242
7815 2 2 100 1 1332 4725 1370
7816 2 2 100 1 2222 4598 1685
7817 2 2 100 1 2248 2745 2744
7818 2 2 100 1 2348 2407 2406
7819 2 2 100 1 3026 3094 2390
7820 2 2 100 1 914 4624 1449
7821 2 2 100 1 4349 4903 2628
7822 2 2 100 1 3728 3729 3727
7823 2 2 100 1 2475 2476 1903
7824 2 2 100 1 672 4645 2405
7825 2 2 100 1 3575 3576 3573
7826 2 2 100 1 605 606 604
7827 2 2 100 1 2560 2770 1931
7828 2 2 100 1 3786 4853 2726
7829 2 2 100 1 2586 4764 4631
7830 2 2 100 1 1774 4606 1545
7831 2 2 100 1 1484 4609 996
7832 2 2 100 1 1497 2404 1495
7833 2 2 100 1 3056 3057 2386
7834 2 2 100 1 2133 4699 2131
7835 2 2 100 1 2804 2805 2776
7836 2 2 100 1 1839 1840 1384
7837 2 2 100 1 2346 2347 1874
7838 2 2 100 1 725 728 726
7839 2 2 100 1 3002 3642 2809
7840 2 2 100 1 894 895 893
7841 2 2 100 1 1394 4678 684
7842 2 2 100 1 2307 4601 2273
7843 2 2 100 1 1056 4662 1050
7844 2 2 100 1 1712 3090 3089
7845 2 2 100 1 671 4645 672
7846 2 2 100 1 3082 3083 3081
7847 2 2 100 1 1840 4578 1384
7848 2 2 100 1 1728 4728 2822
7849 2 2 100 1 1403 1404 728
7850 2 2 100 1 2346 2348 2347
7851 2 2 100 1 688 3051 690
7852 2 2 100 1 713 715 714
7853 2 2 100 1 774 4772 772
7854 2 2 100 1 924 4605 3070
7855 2 2 100 1 906 4739 905
7856 2 2 100 1 1507 4623 599
7857 2 2 100 1 2462 4599 2846
7858 2 2 100 1 2240 2299 2242
7859 2 2 100 1 630 632 631
7860 2 2 100 1 628 630 629
7861 2 2 100 1 2056 2259 2054
7862 2 2 100 1 1512 1770 1752
7863 2 2 100 1 3399 3490 444
7864 2 2 100 1 625 628 627
7865 2 2 100 1 2388 3065 3064
7866 2 2 100 1 721 4703 722
7867 2 2 100 1 1316 1821 1318
7868 2 2 100 1 645 4637 649
7869 2 2 100 1 2000 4611 1975
7870 2 2 100 1 853 854 851
7871 2 2 100 1 2413 4895 3696
7872 2 2 100 1 2890 3132 3131
7873 2 2 100 1 3549 3550 3106
7874 2 2 100 1 2348 2406 2347
7875 2 2 100 1 2060 2313 2058
7876 2 2 100 1 755 4583 678
7877 2 2 100 1 1399 1775 1397
7878 2 2 100 1 1385 4578 1388
7879 2 2 100 1 2619 2625 2624
7880 2 2 100 1 1747 4731 4573
7881 2 2 100 1 3153 3214 3083
7882 2 2 100 1 719 721 720
7883 2 2 100 1 1115 1139 1110
7884 2 2 100 1 3060 4726 4543
7885 2 2 100 1 2550 3271 2549
7886 2 2 100 1 2613 4714 2615
7887 2 2 100 1 4251 4826 4250
7888 2 2 100 1 889 890 888
7889 2 2 100 1 840 1259 841
7890 2 2 100 1 664 4641 662
7891 2 2 100 1 3721 3722 3719
7892 2 2 100 1 1364 1502 1366
7893 2 2 100 1 717 719 718
7894 2 2 100 1 2625 2821 2624
7895 2 2 100 1 421 3383 3382
7896 2 2 100 1 601 4623 827
7897 2 2 100 1 3113 4684 2347
7898 2 2 100 1 1808 4618 1810
7899 2 2 100 1 1867 4617 1738
7900 2 2 100 1 603 605 604
7901 2 2 100 1 1685 4598 1415
7902 2 2 100 1 1013 4748 1390
7903 2 2 100 1 2743 4725 1330
7904 2 2 100 1 838 4600 1740
7905 2 2 100 1 2365 2851 2708
7906 2 2 100 1 1253 4698 1726
7907 2 2 100 1 1826 4637 642
7908 2 2 100 1 819 4600 838
7909 2 2 100 1 1364 1366 1365
7910 2 2 100 1 2311 4612 1833
7911 2 2 100 1 3098 4848 4784
7912 2 2 100 1 1373 4513 1376
7913 2 2 100 1 2225 2226 2066
7914 2 2 100 1 1892 4685 1893
7915 2 2 100 1 715 745 717
7916 2 2 100 1 891 893 890
7917 2 2 100 1 122 499 3
7918 2 2 100 1 3271 3273 2549
7919 2 2 100 1 2514 4601 3171
7920 2 2 100 1 758 4945 4000
7921 2 2 100 1 2816 2819 2197
7922 2 2 100 1 2064 2266 2062
7923 2 2 100 1 2755 4619 1686
7924 2 2 100 1 2697 2786 1814
7925 2 2 100 1 1932 4707 2278
7926 2 2 100 1 847 848 845
7927 2 2 100 1 1057 4696 1027
7928 2 2 100 1 1330 4725 1332
7929 2 2 100 1 2273 4601 2514
7930 2 2 100 1 4741 4774 1668
7931 2 2 100 1 1799 4564 2262
7932 2 2 100 1 3619 3652 3617
7933 2 2 100 1 2497 2889 2498
7934 2 2 100 1 4901 4915 3835
7935 2 2 100 1 81 493 82
7936 2 2 100 1 621 623 622
7937 2 2 100 1 2753 2976 2435
7938 2 2 100 1 1770 2327 2248
7939 2 2 100 1 2510 2511 2102
7940 2 2 100 1 1931 4707 1932
7941 2 2 100 1 3151 4509 2425
7942 2 2 100 1 621 622 620
7943 2 2 100 1 619 620 618
7944 2 2 100 1 2020 2562 2561
7945 2 2 100 1 1707 4717 1709
7946 2 2 100 1 617 618 616
7947 2 2 100 1 2560 2965 2770
7948 2 2 100 1 1486 4639 1172
7949 2 2 100 1 2931 4602 2757
7950 2 2 100 1 715 717 716
7951 2 2 100 1 2227 2422 2226
7952 2 2 100 1 4675 4784 1596
7953 2 2 100 1 2787 3105 2786
7954 2 2 100 1 2052 2505 2051
7955 2 2 100 1 1304 4715 1302
7956 2 2 100 1 83 3461 84
7957 2 2 100 1 3268 4692 4472
7958 2 2 100 1 1907 4712 1906
7959 2 2 100 1 731 2585 738
7960 2 2 100 1 1502 2774 2773
7961 2 2 100 1 4047 4805 2609
7962 2 2 100 1 1382 1839 1384
7963 2 2 100 1 2422 3155 2788
7964 2 2 100 1 1370 2385 1372
7965 2 2 100 1 4573 4731 2718
7966 2 2 100 1 640 4677 1826
7967 2 2 100 1 2585 3674 2800
7968 2 2 100 1 1715 4733 1718
7969 2 2 100 1 82 3469 83
7970 2 2 100 1 615 616 614
7971 2 2 100 1 3696 4762 3071
7972 2 2 100 1 1378 1836 1380
7973 2 2 100 1 834 835 833
7974 2 2 100 1 1517 4635 1519
7975 2 2 100 1 1366 4720 1367
7976 2 2 100 1 2965 3466 2770
7977 2 2 100 1 2322 2529 2324
7978 2 2 100 1 3084 4748 4568
7979 2 2 100 1 2213 4738 1913
7980 2 2 100 1 2560 4719 3523
7981 2 2 100 1 2756 4798 3100
7982 2 2 100 1 1577 4836 1580
7983 2 2 100 1 3125 5073 5067
7984 2 2 100 1 1856 4754 4567
7985 2 2 100 1 3207 4601 2307
7986 2 2 100 1 3655 4638 2575
7987 2 2 100 1 4574 4763 1391
7988 2 2 100 1 1472 4564 1799
7989 2 2 100 1 1358 1360 1359
7990 2 2 100 1 2395 2401 2393
7991 2 2 100 1 1208 4636 1194
7992 2 2 100 1 2965 3533 3466
7993 2 2 100 1 871 1168 869
7994 2 2 100 1 599 4623 601
7995 2 2 100 1 619 621 620
7996 2 2 100 1 2388 3064 721
7997 2 2 100 1 617 619 618
7998 2 2 100 1 1709 4717 1712
7999 2 2 100 1 2496 3583 3579
8000 2 2 100 1 615 617 616
8001 2 2 100 1 4053 4797 2366
8002 2 2 100 1 2956 2957 2955
8003 2 2 100 1 607 608 606
8004 2 2 100 1 1746 4717 1707
8005 2 2 100 1 3286 4656 3284
8006 2 2 100 1 1713 4733 1715
8007 2 2 100 1 1576 4795 1578
8008 2 2 100 1 2767 3059 2387
8009 2 2 100 1 1185 2197 1156
8010 2 2 100 1 4926 4986 2819
8011 2 2 100 1 1733 4621 1456
8012 2 2 100 1 700 735 703
8013 2 2 100 1 1258 4625 1232
8014 2 2 100 1 2723 4736 4589
8015 2 2 100 1 2086 4794 2101
8016 2 2 100 1 2790 2840 2364
8017 2 2 100 1 1880 2390 1879
8018 2 2 100 1 4256 5027 3658
8019 2 2 100 1 2186 4683 2439
8020 2 2 100 1 3057 3648 3093
8021 2 2 100 1 1113 4655 1094
8022 2 2 100 1 1779 4716 2341
8023 2 2 100 1 3089 4733 1713
8024 2 2 100 1 2206 4612 3120
8025 2 2 100 1 3202 4713 4632
8026 2 2 100 1 1805 4679 2020
8027 2 2 100 1 1710 4749 1708
8028 2 2 100 1 857 858 855
8029 2 2 100 1 2774 2798 2797
8030 2 2 100 1 1722 4734 1760
8031 2 2 100 1 805 2204 2202
8032 2 2 100 1 1061 4662 1056
8033 2 2 100 1 78 528 79
8034 2 2 100 1 1770 2248 1752
8035 2 2 100 1 1456 4621 1454
8036 2 2 100 1 1504 4654 1114
8037 2 2 100 1 87 3558 457
8038 2 2 100 1 609 610 608
8039 2 2 100 1 4474 4778 4716
8040 2 2 100 1 4641 4901 3835
8041 2 2 100 1 1076 4634 1074
8042 2 2 100 1 2851 3564 2852
8043 2 2 100 1 3000 3203 2959
8044 2 2 100 1 93 3475 94
8045 2 2 100 1 1645 4702 1896
8046 2 2 100 1 605 607 606
8047 2 2 100 1 1454 4621 1458
8048 2 2 100 1 80 3390 81
8049 2 2 100 1 2707 4868 4839
8050 2 2 100 1 4631 4764 3669
8051 2 2 100 1 1729 2232 1721
8052 2 2 100 1 1092 4655 1480
8053 2 2 100 1 2391 3026 2390
8054 2 2 100 1 2505 3157 2506
8055 2 2 100 1 4839 4868 3095
8056 2 2 100 1 2280 2319 2281
8057 2 2 100 1 611 612 610
8058 2 2 100 1 2958 2959 2799
8059 2 2 100 1 2798 3173 3161
8060 2 2 100 1 613 615 614
8061 2 2 100 1 613 614 612
8062 2 2 100 1 1097 4663 1095
8063 2 2 100 1 2278 2526 2280
8064 2 2 100 1 4709 4826 3764
8065 2 2 100 1 2986 2987 2985
8066 2 2 100 1 885 4658 883
8067 2 2 100 1 2841 5054 2840
8068 2 2 100 1 1513 4640 1515
8069 2 2 100 1 1835 4646 638
8070 2 2 100 1 863 864 861
8071 2 2 100 1 3723 4595 3722
8072 2 2 100 1 3321 3412 3322
8073 2 2 100 1 1480 4661 1090
8074 2 2 100 1 1360 1363 1361
8075 2 2 100 1 2237 4755 2234
8076 2 2 100 1 707 742 709
8077 2 2 100 1 2189 2191 2190
8078 2 2 100 1 79 3422 80
8079 2 2 100 1 646 4616 651
8080 2 2 100 1 1185 2817 2816
8081 2 2 100 1 451 3230 121
8082 2 2 100 1 1889 4799 4648
8083 2 2 100 1 3615 5055 733
8084 2 2 100 1 1718 1729 1721
8085 2 2 100 1 2709 4741 4302
8086 2 2 100 1 2319 2572 2536
8087 2 2 100 1 2697 2787 2786
8088 2 2 100 1 1912 2523 2461
8089 2 2 100 1 1839 2364 1840
8090 2 2 100 1 1810 4618 1920
8091 2 2 100 1 2787 3106 3105
8092 2 2 100 1 877 913 875
8093 2 2 100 1 2729 4750 4550
8094 2 2 100 1 101 506 102
8095 2 2 100 1 2845 4966 3685
8096 2 2 100 1 1088 4661 1162
8097 2 2 100 1 1361 1364 1362
8098 2 2 100 1 1194 4636 1218
8099 2 2 100 1 3477 4869 4846
8100 2 2 100 1 2026 4789 2576
8101 2 2 100 1 2549 4666 2548
8102 2 2 100 1 2934 5241 4792
8103 2 2 100 1 638 4677 637
8104 2 2 100 1 3008 3009 2352
8105 2 2 100 1 3758 4800 2929
8106 2 2 100 1 2817 3631 3055
8107 2 2 100 1 2296 4664 2924
8108 2 2 100 1 3071 4762 4626
8109 2 2 100 1 1847 4653 1679
8110 2 2 100 1 4230 4757 4229
8111 2 2 100 1 1462 4651 1460
8112 2 2 100 1 3157 3340 3159
8113 2 2 100 1 2746 4710 2744
8114 2 2 100 1 3982 4907 2829
8115 2 2 100 1 662 4641 736
8116 2 2 100 1 2245 2548 2232
8117 2 2 100 1 607 609 608
8118 2 2 100 1 2615 4714 2619
8119 2 2 100 1 4589 4736 2016
8120 2 2 100 1 1502 2773 1366
8121 2 2 100 1 2806 4694 2776
8122 2 2 100 1 3375 3381 3376
8123 2 2 100 1 2385 3056 2386
8124 2 2 100 1 609 611 610
8125 2 2 100 1 1247 1681 1246
8126 2 2 100 1 611 613 612
8127 2 2 100 1 750 4645 671
8128 2 2 100 1 2023 4651 1462
8129 2 2 100 1 2319 2536 2320
8130 2 2 100 1 3990 5039 1139
8131 2 2 100 1 2774 2797 2773
8132 2 2 100 1 1526 4694 1675
8133 2 2 100 1 2763 4714 2613
8134 2 2 100 1 1132 1149 1127
8135 2 2 100 1 2523 3484 3329
8136 2 2 100 1 4358 4812 1585
8137 2 2 100 1 2353 2979 2964
8138 2 2 100 1 485 3388 85
8139 2 2 100 1 631 4614 629
8140 2 2 100 1 1074 4634 1201
8141 2 2 100 1 1466 4760 4605
8142 2 2 100 1 2630 2799 2217
8143 2 2 100 1 2202 2203 2196
8144 2 2 100 1 474 3385 74
8145 2 2 100 1 2572 3465 3464
8146 2 2 100 1 1118 4654 4610
8147 2 2 100 1 1155 1157 1156
8148 2 2 100 1 1758 1795 1759
8149 2 2 100 1 1458 4621 2754
8150 2 2 100 1 3087 4662 2175
8151 2 2 100 1 1095 4663 1103
8152 2 2 100 1 102 3415 103
8153 2 2 100 1 805 2196 802
8154 2 2 100 1 3064 4788 4703
8155 2 2 100 1 1889 4648 1491
8156 2 2 100 1 2798 3161 2797
8157 2 2 100 1 1358 1359 1357
8158 2 2 100 1 1721 4734 1722
8159 2 2 100 1 2262 4664 2183
8160 2 2 100 1 1585 4812 1581
8161 2 2 100 1 1460 4651 1733
8162 2 2 100 1 780 2168 778
8163 2 2 100 1 2245 2549 2548
8164 2 2 100 1 1322 1817 1735
8165 2 2 100 1 94 3251 95
8166 2 2 100 1 1491 4648 1490
8167 2 2 100 1 1729 2245 2232
8168 2 2 100 1 1430 4659 1427
8169 2 2 100 1 1912 2461 1910
8170 2 2 100 1 2189 2190 1838
8171 2 2 100 1 2652 2956 2955
8172 2 2 100 1 648 4616 646
8173 2 2 100 1 2822 2831 2284
8174 2 2 100 1 3867 4756 2872
8175 2 2 100 1 1356 1357 1149
8176 2 2 100 1 4568 4748 1020
8177 2 2 100 1 4648 4799 2759
8178 2 2 100 1 642 4637 645
8179 2 2 100 1 1490 4648 1695
8180 2 2 100 1 663 4670 658
8181 2 2 100 1 95 496 96
8182 2 2 100 1 3243 3244 3242
8183 2 2 100 1 2730 4763 4574
8184 2 2 100 1 1798 4667 1493
8185 2 2 100 1 2889 4516 2890
8186 2 2 100 1 1679 4653 1918
8187 2 2 100 1 2461 4712 1910
8188 2 2 100 1 104 3236 105
8189 2 2 100 1 1752 4640 1513
8190 2 2 100 1 3166 3167 2527
8191 2 2 100 1 2561 4652 2978
8192 2 2 100 1 1302 4715 2771
8193 2 2 100 1 1695 4648 2759
8194 2 2 100 1 3284 4656 3287
8195 2 2 100 1 2431 4653 1847
8196 2 2 100 1 2776 4694 1525
8197 2 2 100 1 4605 4760 3070
8198 2 2 100 1 2988 3212 2987
8199 2 2 100 1 3064 4703 721
8200 2 2 100 1 1136 4306 1133
8201 2 2 100 1 3247 3321 3320
8202 2 2 100 1 1495 4715 1304
8203 2 2 100 1 2264 4731 1747
8204 2 2 100 1 4282 4813 4645
8205 2 2 100 1 2434 4672 2208
8206 2 2 100 1 1020 4748 1013
8207 2 2 100 1 849 850 848
8208 2 2 100 1 1785 1786 1682
8209 2 2 100 1 1913 4738 1912
8210 2 2 100 1 658 4670 653
8211 2 2 100 1 4625 4636 1208
8212 2 2 100 1 2037 4708 1775
8213 2 2 100 1 1360 1361 1359
8214 2 2 100 1 1760 2781 1892
8215 2 2 100 1 1533 4818 1539
8216 2 2 100 1 785 792 782
8217 2 2 100 1 2781 2782 1892
8218 2 2 100 1 2764 4616 648
8219 2 2 100 1 4632 4713 2344
8220 2 2 100 1 2742 4663 1097
8221 2 2 100 1 2718 4731 2765
8222 2 2 100 1 1795 2353 1796
8223 2 2 100 1 2016 4736 2438
8224 2 2 100 1 1657 4752 1659
8225 2 2 100 1 1421 4693 1748
8226 2 2 100 1 1408 4665 4534
8227 2 2 100 1 2233 2803 2503
8228 2 2 100 1 1114 4654 1118
8229 2 2 100 1 2183 4664 2296
8230 2 2 100 1 1733 4798 4621
8231 2 2 100 1 2680 3667 2587
8232 2 2 100 1 3473 5091 2522
8233 2 2 100 1 1198 4689 1080
8234 2 2 100 1 1411 4665 1406
8235 2 2 100 1 2777 4658 888
8236 2 2 100 1 2043 4765 2041
8237 2 2 100 1 2523 3329 2461
8238 2 2 100 1 865 1219 864
8239 2 2 100 1 1080 4689 1078
8240 2 2 100 1 1094 4655 1092
8241 2 2 100 1 2439 2527 2432
8242 2 2 100 1 5349 5350 2926
8243 2 2 100 1 1501 4634 1076
8244 2 2 100 1 653 4670 2764
8245 2 2 100 1 4316 4769 4318
8246 2 2 100 1 3144 4778 3409
8247 2 2 100 1 1493 4667 1889
8248 2 2 100 1 1920 4618 2547
8249 2 2 100 1 1312 4673 1309
8250 2 2 100 1 1158 4682 1485
8251 2 2 100 1 637 4677 640
8252 2 2 100 1 2820 2835 2263
8253 2 2 100 1 422 3404 3225
8254 2 2 100 1 1152 4682 1150
8255 2 2 100 1 2956 3019 2957
8256 2 2 100 1 2334 4809 2591
8257 2 2 100 1 3727 4595 3723
8258 2 2 100 1 3667 4765 2587
8259 2 2 100 1 1519 4635 1522
8260 2 2 100 1 97 515 98
8261 2 2 100 1 2172 4646 1835
8262 2 2 100 1 2215 2216 2203
8263 2 2 100 1 4567 4754 3672
8264 2 2 100 1 909 4739 906
8265 2 2 100 1 722 4703 725
8266 2 2 100 1 2191 2195 2190
8267 2 2 100 1 1090 4661 1088
8268 2 2 100 1 2885 4736 2723
8269 2 2 100 1 2803 3430 3335
8270 2 2 100 1 711 1509 713
8271 2 2 100 1 2802 3400 2782
8272 2 2 100 1 2732 4763 2730
8273 2 2 100 1 628 4838 3887
8274 2 2 100 1 5401 5510 3361
8275 2 2 100 1 2711 4774 4741
8276 2 2 100 1 660 4691 734
8277 2 2 100 1 2420 4667 1798
8278 2 2 100 1 1370 4725 2385
8279 2 2 100 1 651 4616 1481
8280 2 2 100 1 2020 4679 3095
8281 2 2 100 1 2101 4761 2084
8282 2 2 100 1 4638 4794 2088
8283 2 2 100 1 1712 4717 3090
8284 2 2 100 1 2572 3464 2536
8285 2 2 100 1 4703 4788 1403
8286 2 2 100 1 2366 4797 3006
8287 2 2 100 1 656 4691 660
8288 2 2 100 1 2474 4347 1787
8289 2 2 100 1 859 1476 858
8290 2 2 100 1 1397 4708 1398
8291 2 2 100 1 1150 4682 1158
8292 2 2 100 1 1406 4665 1408
8293 2 2 100 1 99 518 100
8294 2 2 100 1 2186 2432 1919
8295 2 2 100 1 1528 4635 1517
8296 2 2 100 1 2808 4743 2806
8297 2 2 100 1 3081 4768 2525
8298 2 2 100 1 1409 4727 1407
8299 2 2 100 1 96 3256 97
8300 2 2 100 1 488 3389 77
8301 2 2 100 1 1260 1701 1268
8302 2 2 100 1 4586 4739 909
8303 2 2 100 1 2789 4646 2172
8304 2 2 100 1 2802 3402 3400
8305 2 2 100 1 2048 4700 2046
8306 2 2 100 1 1367 4720 1512
8307 2 2 100 1 2208 4672 2420
8308 2 2 100 1 2175 4662 1061
8309 2 2 100 1 615 4644 617
8310 2 2 100 1 2294 2780 2213
8311 2 2 100 1 2727 4773 4277
8312 2 2 100 1 836 4728 835
8313 2 2 100 1 1697 4751 2820
8314 2 2 100 1 103 500 104
8315 2 2 100 1 725 4703 1403
8316 2 2 100 1 1893 4685 2239
8317 2 2 100 1 2233 2503 2193
8318 2 2 100 1 2781 2802 2782
8319 2 2 100 1 2977 4718 2435
8320 2 2 100 1 2609 4805 2611
8321 2 2 100 1 2234 4755 2233
8322 2 2 100 1 3662 4832 3663
8323 2 2 100 1 2278 4707 2526
8324 2 2 100 1 3072 4784 4675
8325 2 2 100 1 4646 4677 638
8326 2 2 100 1 1811 4718 1677
8327 2 2 100 1 4540 4693 1421
8328 2 2 100 1 4621 4798 2754
8329 2 2 100 1 1078 4689 1501
8330 2 2 100 1 3321 3413 3412
8331 2 2 100 1 1068 4744 1192
8332 2 2 100 1 1155 1156 1148
8333 2 2 100 1 728 4837 4742
8334 2 2 100 1 680 4759 682
8335 2 2 100 1 1515 4640 1528
8336 2 2 100 1 3273 4666 2549
8337 2 2 100 1 793 801 789
8338 2 2 100 1 2219 2497 2216
8339 2 2 100 1 2937 4672 2434
8340 2 2 100 1 442 3489 3368
8341 2 2 100 1 2202 2215 2203
8342 2 2 100 1 888 4658 885
8343 2 2 100 1 3241 3247 3246
8344 2 2 100 1 1718 4733 1729
8345 2 2 100 1 1522 4635 2775
8346 2 2 100 1 2890 4516 3132
8347 2 2 100 1 851 4751 850
8348 2 2 100 1 3078 4750 2729
8349 2 2 100 1 2054 4706 2052
8350 2 2 100 1 1368 4750 1467
8351 2 2 100 1 1185 2816 2197
8352 2 2 100 1 622 4681 2747
8353 2 2 100 1 1427 4659 1429
8354 2 2 100 1 3010 3018 3009
8355 2 2 100 1 100 3249 101
8356 2 2 100 1 2576 3647 2644
8357 2 2 100 1 2219 2528 2497
8358 2 2 100 1 1481 4691 656
8359 2 2 100 1 1906 4712 2753
8360 2 2 100 1 805 2202 2196
8361 2 2 100 1 4855 4870 1419
8362 2 2 100 1 3033 4776 3135
8363 2 2 100 1 2215 2219 2216
8364 2 2 100 1 2817 3055 2816
8365 2 2 100 1 847 4844 849
8366 2 2 100 1 1588 4762 3687
8367 2 2 100 1 4778 4807 3409
8368 2 2 100 1 600 4767 597
8369 2 2 100 1 2524 3346 3345
8370 2 2 100 1 1030 4828 1392
8371 2 2 100 1 3850 4861 3851
8372 2 2 100 1 627 4681 623
8373 2 2 100 1 1795 2354 2353
8374 2 2 100 1 2562 4652 2561
8375 2 2 100 1 833 4781 830
8376 2 2 100 1 1839 4730 2790
8377 2 2 100 1 2457 4460 1842
8378 2 2 100 1 1420 4791 4727
8379 2 2 100 1 2269 4800 1866
8380 2 2 100 1 1677 4718 4564
8381 2 2 100 1 2264 4792 4731
8382 2 2 100 1 800 4759 4594
8383 2 2 100 1 4583 4759 680
8384 2 2 100 1 2182 4771 1471
8385 2 2 100 1 1827 4969 3921
8386 2 2 100 1 1307 4785 1305
8387 2 2 100 1 2524 3345 2472
8388 2 2 100 1 1748 4693 2247
8389 2 2 100 1 2289 2516 2237
8390 2 2 100 1 1814 4659 1430
8391 2 2 100 1 883 4658 1483
8392 2 2 100 1 2773 4720 1366
8393 2 2 100 1 4443 4784 3072
8394 2 2 100 1 2066 4724 2064
8395 2 2 100 1 751 805 802
8396 2 2 100 1 4731 4792 2765
8397 2 2 100 1 3703 4858 3025
8398 2 2 100 1 623 4681 622
8399 2 2 100 1 2803 3335 2503
8400 2 2 100 1 1196 1209 1184
8401 2 2 100 1 2387 4673 1312
8402 2 2 100 1 1842 4460 1702
8403 2 2 100 1 1760 4734 2781
8404 2 2 100 1 682 4759 800
8405 2 2 100 1 2780 4738 2213
8406 2 2 100 1 2525 4768 2524
8407 2 2 100 1 2459 3104 2460
8408 2 2 100 1 2619 4714 2625
8409 2 2 100 1 485 3505 3443
8410 2 2 100 1 2024 4789 2026
8411 2 2 100 1 1927 4719 1929
8412 2 2 100 1 918 4777 4624
8413 2 2 100 1 1826 4849 4111
8414 2 2 100 1 1756 1816 1758
8415 2 2 100 1 1157 1185 1156
8416 2 2 100 1 2788 4724 2226
8417 2 2 100 1 890 4722 2777
8418 2 2 100 1 3766 4863 2743
8419 2 2 100 1 3241 3331 3247
8420 2 2 100 1 2405 4824 674
8421 2 2 100 1 2052 4706 2505
8422 2 2 100 1 1532 4760 1466
8423 2 2 100 1 2770 4707 1931
8424 2 2 100 1 1391 4763 2779
8425 2 2 100 1 1916 4825 4629
8426 2 2 100 1 4847 4885 2285
8427 2 2 100 1 4376 4845 4618
8428 2 2 100 1 1775 4708 1397
8429 2 2 100 1 1137 4866 1136
8430 2 2 100 1 3192 3194 2478
8431 2 2 100 1 2793 2856 2441
8432 2 2 100 1 2782 4685 1892
8433 2 2 100 1 3092 4740 4513
8434 2 2 100 1 4752 4846 1869
8435 2 2 100 1 2088 4794 2086
8436 2 2 100 1 3059 4883 4048
8437 2 2 100 1 2404 4715 1495
8438 2 2 100 1 676 4824 755
8439 2 2 100 1 1787 1788 1786
8440 2 2 100 1 451 3231 3230
8441 2 2 100 1 1380 4730 1382
8442 2 2 100 1 1579 4795 1576
8443 2 2 100 1 3655 4794 4638
8444 2 2 100 1 3083 3352 3081
8445 2 2 100 1 2853 4868 2708
8446 2 2 100 1 728 4742 726
8447 2 2 100 1 2576 4789 3647
8448 2 2 100 1 806 828 798
8449 2 2 100 1 2501 4778 4474
8450 2 2 100 1 2475 3172 2476
8451 2 2 100 1 2857 3334 2856
8452 2 2 100 1 829 3101 1529
8453 2 2 100 1 2031 4809 2334
8454 2 2 100 1 2861 3208 2335
8455 2 2 100 1 2196 4310 802
8456 2 2 100 1 4662 4828 1050
8457 2 2 100 1 2780 4833 4738
8458 2 2 100 1 4069 4891 2910
8459 2 2 100 1 1376 4740 1378
8460 2 2 100 1 1161 4704 1157
8461 2 2 100 1 2298 2478 2287
8462 2 2 100 1 2530 4719 1927
8463 2 2 100 1 2516 4755 2237
8464 2 2 100 1 2655 4803 4315
8465 2 2 100 1 2320 4729 2322
8466 2 2 100 1 2051 4700 2048
8467 2 2 100 1 2435 4718 1811
8468 2 2 100 1 1219 3088 864
8469 2 2 100 1 2510 3178 2511
8470 2 2 100 1 3060 4780 4726
8471 2 2 100 1 2501 4807 4778
8472 2 2 100 1 1512 4720 1770
8473 2 2 100 1 4618 4845 2547
8474 2 2 100 1 1701 1842 1702
8475 2 2 100 1 830 4781 829
8476 2 2 100 1 903 4722 893
8477 2 2 100 1 2506 4700 2051
8478 2 2 100 1 4570 4786 2701
8479 2 2 100 1 1362 4745 1359
8480 2 2 100 1 2534 4825 1916
8481 2 2 100 1 3098 4879 4848
8482 2 2 100 1 4582 4777 918
8483 2 2 100 1 3851 4780 4553
8484 2 2 100 1 1929 4719 2560
8485 2 2 100 1 2527 2980 2432
8486 2 2 100 1 2327 4723 2248
8487 2 2 100 1 848 4787 845
8488 2 2 100 1 2536 4729 2320
8489 2 2 100 1 2811 4900 3107
8490 2 2 100 1 2745 4723 3181
8491 2 2 100 1 3005 3758 2929
8492 2 2 100 1 2584 4871 2582
8493 2 2 100 1 2510 3179 3178
8494 2 2 100 1 4194 4973 4192
8495 2 2 100 1 4624 4777 2728
8496 2 2 100 1 3477 4846 4451
8497 2 2 100 1 4315 4864 4769
8498 2 2 100 1 1357 4745 2187
8499 2 2 100 1 829 1529 816
8500 2 2 100 1 1407 4837 1404
8501 2 2 100 1 2786 4659 1814
8502 2 2 100 1 2259 4706 2054
8503 2 2 100 1 3738 4933 852
8504 2 2 100 1 2248 4723 2745
8505 2 2 100 1 2459 3350 3104
8506 2 2 100 1 835 1728 1693
8507 2 2 100 1 4659 4856 1429
8508 2 2 100 1 1127 4753 1121
8509 2 2 100 1 2440 2499 2457
8510 2 2 100 1 3336 4758 2503
8511 2 2 100 1 2934 4792 2264
8512 2 2 100 1 2232 4734 1721
8513 2 2 100 1 845 4787 844
8514 2 2 100 1 726 4742 731
8515 2 2 100 1 474 3386 3385
8516 2 2 100 1 2193 4758 2191
8517 2 2 100 1 1221 1236 1217
8518 2 2 100 1 854 4751 851
8519 2 2 100 1 485 3443 3388
8520 2 2 100 1 2785 4874 2784
8521 2 2 100 1 4553 4780 3060
8522 2 2 100 1 2475 3263 3172
8523 2 2 100 1 719 4747 2388
8524 2 2 100 1 4742 4837 3675
8525 2 2 100 1 2187 4753 1149
8526 2 2 100 1 835 1693 833
8527 2 2 100 1 893 4722 890
8528 2 2 100 1 3182 4807 2501
8529 2 2 100 1 844 4728 836
8530 2 2 100 1 855 4790 854
8531 2 2 100 1 2215 4766 3115
8532 2 2 100 1 4738 4833 2523
8533 2 2 100 1 3091 4936 4491
8534 2 2 100 1 2226 4724 2066
8535 2 2 100 1 1728 2284 2102
8536 2 2 100 1 1476 1508 858
8537 2 2 100 1 4750 4818 1467
8538 2 2 100 1 1912 4738 2523
8539 2 2 100 1 861 4735 859
8540 2 2 100 1 3059 4673 2387
8541 2 2 100 1 4184 4816 4182
8542 2 2 100 1 2064 4724 2266
8543 2 2 100 1 4846 4869 4320
8544 2 2 100 1 2408 4874 4803
8545 2 2 100 1 850 1683 848
8546 2 2 100 1 4665 4840 4535
8547 2 2 100 1 3006 4797 3710
8548 2 2 100 1 3078 4818 4750
8549 2 2 100 1 3018 3738 3009
8550 2 2 100 1 2585 4742 3675
8551 2 2 100 1 2245 4851 2550
8552 2 2 100 1 858 4790 855
8553 2 2 100 1 1476 1684 1508
8554 2 2 100 1 1684 1919 1883
8555 2 2 100 1 4647 4790 1508
8556 2 2 100 1 1579 4812 4795
8557 2 2 100 1 850 1697 1683
8558 2 2 100 1 3087 4828 4662
8559 2 2 100 1 1111 4928 1116
8560 2 2 100 1 823 1255 840
8561 2 2 100 1 1581 4812 1579
8562 2 2 100 1 2754 4798 2756
8563 2 2 100 1 1836 4730 1380
8564 2 2 100 1 1382 4730 1839
8565 2 2 100 1 4185 4835 1831
8566 2 2 100 1 1185 4704 2817
8567 2 2 100 1 1697 2263 1903
8568 2 2 100 1 4036 4813 4282
8569 2 2 100 1 1364 4746 1502
8570 2 2 100 1 1837 4926 2188
8571 2 2 100 1 3565 5110 3510
8572 2 2 100 1 745 4747 717
8573 2 2 100 1 2972 5076 3702
8574 2 2 100 1 1363 4746 1361
8575 2 2 100 1 1378 4740 1836
8576 2 2 100 1 1403 4788 1405
8577 2 2 100 1 3352 4768 3081
8578 2 2 100 1 2759 4799 2762
8579 2 2 100 1 2810 4915 3999
8580 2 2 100 1 717 4747 719
8581 2 2 100 1 1787 4347 1788
8582 2 2 100 1 1469 4771 4603
8583 2 2 100 1 778 4772 774
8584 2 2 100 1 4746 4841 3099
8585 2 2 100 1 1684 1883 1508
8586 2 2 100 1 4603 4771 3085
8587 2 2 100 1 731 4742 2585
8588 2 2 100 1 1919 2459 1883
8589 2 2 100 1 2591 3668 3563
8590 2 2 100 1 1830 4822 2408
8591 2 2 100 1 3244 3501 3242
8592 2 2 100 1 4513 4740 1376
8593 2 2 100 1 2322 4729 2529
8594 2 2 100 1 674 4824 676
8595 2 2 100 1 2814 4912 2815
8596 2 2 100 1 1468 4823 4681
8597 2 2 100 1 4356 4961 4212
8598 2 2 100 1 1728 2102 1693
8599 2 2 100 1 2611 4805 2763
8600 2 2 100 1 2284 2510 2102
8601 2 2 100 1 2191 4758 2195
8602 2 2 100 1 99 3282 518
8603 2 2 100 1 1169 4832 1130
8604 2 2 100 1 859 4735 1476
8605 2 2 100 1 4835 4850 3052
8606 2 2 100 1 1471 4771 1469
8607 2 2 100 1 2233 4755 2803
8608 2 2 100 1 2591 4809 3668
8609 2 2 100 1 1697 1903 1683
8610 2 2 100 1 1361 4746 1364
8611 2 2 100 1 2204 4766 2202
8612 2 2 100 1 2834 4932 4035
8613 2 2 100 1 1828 4786 4570
8614 2 2 100 1 2263 2475 1903
8615 2 2 100 1 1157 4704 1185
8616 2 2 100 1 1359 4745 1357
8617 2 2 100 1 670 4914 747
8618 2 2 100 1 1578 4864 4497
8619 2 2 100 1 1148 4770 1141
8620 2 2 100 1 3909 4896 3740
8621 2 2 100 1 4816 4958 4185
8622 2 2 100 1 1234 1530 1226
8623 2 2 100 1 835 4728 1728
8624 2 2 100 1 3160 4847 4700
8625 2 2 100 1 2130 4911 2132
8626 2 2 100 1 2958 3000 2959
8627 2 2 100 1 1888 4847 2285
8628 2 2 100 1 4230 4956 4757
8629 2 2 100 1 3663 5015 4940
8630 2 2 100 1 2600 4913 4253
8631 2 2 100 1 1429 4860 1425
8632 2 2 100 1 3212 3411 2987
8633 2 2 100 1 1701 1843 1842
8634 2 2 100 1 1700 4840 1418
8635 2 2 100 1 625 4838 628
8636 2 2 100 1 2630 2958 2799
8637 2 2 100 1 1259 4810 1260
8638 2 2 100 1 4103 4801 743
8639 2 2 100 1 2823 4943 2824
8640 2 2 100 1 1149 4753 1127
8641 2 2 100 1 2265 4808 4592
8642 2 2 100 1 2786 4856 4659
8643 2 2 100 1 4451 4846 4752
8644 2 2 100 1 4735 4880 1476
8645 2 2 100 1 1619 4882 1632
8646 2 2 100 1 2856 3209 2441
8647 2 2 100 1 4674 4787 1683
8648 2 2 100 1 1843 4810 2793
8649 2 2 100 1 1693 4781 833
8650 2 2 100 1 2352 4820 1890
8651 2 2 100 1 3085 4862 1482
8652 2 2 100 1 1467 4818 1533
8653 2 2 100 1 4848 4879 4351
8654 2 2 100 1 547 5521 5224
8655 2 2 100 1 4794 4859 2101
8656 2 2 100 1 4096 4992 2826
8657 2 2 100 1 1050 4828 1030
8658 2 2 100 1 1670 4882 1621
8659 2 2 100 1 1786 4821 1682
8660 2 2 100 1 1869 4846 4320
8661 2 2 100 1 1411 4840 4665
8662 2 2 100 1 1593 4836 1577
8663 2 2 100 1 2197 4770 1156
8664 2 2 100 1 786 4951 788
8665 2 2 100 1 3094 4817 2390
8666 2 2 100 1 4619 4815 1704
8667 2 2 100 1 3065 4855 3064
8668 2 2 100 1 626 4838 625
8669 2 2 100 1 715 4779 745
8670 2 2 100 1 713 4779 715
8671 2 2 100 1 4907 4924 2829
8672 2 2 100 1 1843 2441 2440
8673 2 2 100 1 2644 4830 2646
8674 2 2 100 1 2503 4758 2193
8675 2 2 100 1 913 5153 3629
8676 2 2 100 1 1388 4839 4679
8677 2 2 100 1 864 4735 861
8678 2 2 100 1 1246 1736 1242
8679 2 2 100 1 1843 2440 1842
8680 2 2 100 1 3764 4826 4622
8681 2 2 100 1 3573 4875 3572
8682 2 2 100 1 4681 4823 2747
8683 2 2 100 1 2319 4775 2572
8684 2 2 100 1 3194 3341 2478
8685 2 2 100 1 2526 4775 2280
8686 2 2 100 1 850 4751 1697
8687 2 2 100 1 2707 4839 4578
8688 2 2 100 1 2202 4766 2215
8689 2 2 100 1 1682 4821 1681
8690 2 2 100 1 2747 4823 3519
8691 2 2 100 1 3545 4944 2662
8692 2 2 100 1 2524 4768 3346
8693 2 2 100 1 2630 3522 2958
8694 2 2 100 1 1694 4844 847
8695 2 2 100 1 2790 4819 2841
8696 2 2 100 1 3089 4851 4733
8697 2 2 100 1 1260 4810 1701
8698 2 2 100 1 3095 4894 2562
8699 2 2 100 1 2775 4878 2804
8700 2 2 100 1 2793 4814 2857
8701 2 2 100 1 1788 2217 1786
8702 2 2 100 1 2184 4834 2182
8703 2 2 100 1 3194 3342 3341
8704 2 2 100 1 4592 4808 3217
8705 2 2 100 1 3102 4866 4770
8706 2 2 100 1 1788 2287 2217
8707 2 2 100 1 4629 4825 2766
8708 2 2 100 1 805 4801 2204
8709 2 2 100 1 3884 5255 3167
8710 2 2 100 1 4784 4848 1596
8711 2 2 100 1 5029 5050 820
8712 2 2 100 1 1684 4880 2186
8713 2 2 100 1 2280 4775 2319
8714 2 2 100 1 709 4843 711
8715 2 2 100 1 1544 5004 4982
8716 2 2 100 1 4798 4852 3100
8717 2 2 100 1 2472 4783 2294
8718 2 2 100 1 742 4843 709
8719 2 2 100 1 4695 4817 2772
8720 2 2 100 1 4700 4847 2046
8721 2 2 100 1 2168 4772 778
8722 2 2 100 1 5185 5195 1475
8723 2 2 100 1 755 4829 4583
8724 2 2 100 1 1683 4787 848
8725 2 2 100 1 4230 4981 4956
8726 2 2 100 1 2391 4873 3026
8727 2 2 100 1 2758 4815 4619
8728 2 2 100 1 2046 4847 1888
8729 2 2 100 1 2190 4841 1838
8730 2 2 100 1 1425 4860 626
8731 2 2 100 1 3851 4861 4836
8732 2 2 100 1 3885 5007 2173
8733 2 2 100 1 4583 4876 4759
8734 2 2 100 1 2726 4853 4545
8735 2 2 100 1 228 4921 514
8736 2 2 100 1 4924 4954 2828
8737 2 2 100 1 1156 4770 1148
8738 2 2 100 1 1671 5045 5017
8739 2 2 100 1 4878 4929 2804
8740 2 2 100 1 2550 4886 3272
8741 2 2 100 1 743 4801 751
8742 2 2 100 1 1418 4840 1411
8743 2 2 100 1 4769 4864 1578
8744 2 2 100 1 3064 4855 4788
8745 2 2 100 1 3025 4858 3696
8746 2 2 100 1 829 4781 3101
8747 2 2 100 1 2287 2630 2217
8748 2 2 100 1 2773 4857 4720
8749 2 2 100 1 1770 4857 2327
8750 2 2 100 1 1509 4779 713
8751 2 2 100 1 4803 4874 2785
8752 2 2 100 1 4825 4877 2768
8753 2 2 100 1 1838 4841 1363
8754 2 2 100 1 626 4860 4838
8755 2 2 100 1 4642 4848 4351
8756 2 2 100 1 4320 4869 3191
8757 2 2 100 1 1508 4790 858
8758 2 2 100 1 3009 4820 2352
8759 2 2 100 1 3160 4885 4847
8760 2 2 100 1 2602 4913 2600
8761 2 2 100 1 4866 4934 1136
8762 2 2 100 1 4836 4861 1580
8763 2 2 100 1 945 4902 962
8764 2 2 100 1 1404 4837 728
8765 2 2 100 1 1478 4902 947
8766 2 2 100 1 2401 4873 2393
8767 2 2 100 1 2294 4783 2780
8768 2 2 100 1 1363 4841 4746
8769 2 2 100 1 711 4843 1509
8770 2 2 100 1 2783 4862 4834
8771 2 2 100 1 2523 4833 3484
8772 2 2 100 1 4578 4839 1388
8773 2 2 100 1 3847 4867 3846
8774 2 2 100 1 3093 4938 3092
8775 2 2 100 1 4788 4855 1417
8776 2 2 100 1 3345 4783 2472
8777 2 2 100 1 2740 4852 4651
8778 2 2 100 1 3647 4830 2644
8779 2 2 100 1 5318 5319 3164
8780 2 2 100 1 3321 4804 3413
8781 2 2 100 1 4733 4851 1729
8782 2 2 100 1 1879 4817 4695
8783 2 2 100 1 4852 4899 3100
8784 2 2 100 1 4545 4853 1670
8785 2 2 100 1 4720 4857 1770
8786 2 2 100 1 1596 4848 4642
8787 2 2 100 1 2831 4782 2284
8788 2 2 100 1 3519 4906 2748
8789 2 2 100 1 2548 4865 2232
8790 2 2 100 1 609 4881 611
8791 2 2 100 1 3886 4963 3885
8792 2 2 100 1 4887 4918 4050
8793 2 2 100 1 758 4901 667
8794 2 2 100 1 2390 4817 1879
8795 2 2 100 1 3247 4804 3321
8796 2 2 100 1 4679 4839 3095
8797 2 2 100 1 3839 5136 1817
8798 2 2 100 1 289 4942 288
8799 2 2 100 1 2778 4845 4376
8800 2 2 100 1 3656 4859 3655
8801 2 2 100 1 3655 4859 4794
8802 2 2 100 1 2198 4974 4954
8803 2 2 100 1 2740 4899 4852
8804 2 2 100 1 2432 4793 1919
8805 2 2 100 1 4969 4987 3921
8806 2 2 100 1 2981 4806 2861
8807 2 2 100 1 2916 4939 2914
8808 2 2 100 1 1632 4919 1617
8809 2 2 100 1 4554 4890 2704
8810 2 2 100 1 751 4801 805
8811 2 2 100 1 1733 4852 4798
8812 2 2 100 1 664 4901 4641
8813 2 2 100 1 2835 4796 2263
8814 2 2 100 1 3094 4903 4817
8815 2 2 100 1 3331 4804 3247
8816 2 2 100 1 2646 4922 2647
8817 2 2 100 1 1729 4851 2245
8818 2 2 100 1 4851 4886 2550
8819 2 2 100 1 3088 4735 864
8820 2 2 100 1 1141 4866 1137
8821 2 2 100 1 4759 4876 4594
8822 2 2 100 1 3105 4856 2786
8823 2 2 100 1 2799 4821 2217
8824 2 2 100 1 2792 4923 3633
8825 2 2 100 1 3088 4880 4735
8826 2 2 100 1 3478 4869 3477
8827 2 2 100 1 4651 4852 1733
8828 2 2 100 1 4497 4864 2785
8829 2 2 100 1 2510 4782 3179
8830 2 2 100 1 3427 5530 3234
8831 2 2 100 1 2459 4793 3350
8832 2 2 100 1 5023 5044 2205
8833 2 2 100 1 1701 4810 1843
8834 2 2 100 1 2797 4857 2773
8835 2 2 100 1 1919 4793 2459
8836 2 2 100 1 2284 4782 2510
8837 2 2 100 1 3103 4842 4310
8838 2 2 100 1 4718 4872 4564
8839 2 2 100 1 2767 4883 3059
8840 2 2 100 1 3670 4871 2584
8841 2 2 100 1 2217 4821 1786
8842 2 2 100 1 1643 4964 4453
8843 2 2 100 1 4834 4862 3085
8844 2 2 100 1 776 4975 779
8845 2 2 100 1 2596 4948 2594
8846 2 2 100 1 3282 3391 518
8847 2 2 100 1 4734 4865 2781
8848 2 2 100 1 4295 5400 5283
8849 2 2 100 1 1613 4927 1637
8850 2 2 100 1 2385 4863 3056
8851 2 2 100 1 4646 4849 4677
8852 2 2 100 1 4842 4936 1255
8853 2 2 100 1 3167 4811 2527
8854 2 2 100 1 2475 4796 3263
8855 2 2 100 1 2682 4964 4362
8856 2 2 100 1 2980 4793 2432
8857 2 2 100 1 2861 4806 3208
8858 2 2 100 1 2263 4796 2475
8859 2 2 100 1 4677 4849 1826
8860 2 2 100 1 3096 4879 3098
8861 2 2 100 1 1669 4931 3685
8862 2 2 100 1 2393 4873 2391
8863 2 2 100 1 3103 4936 4842
8864 2 2 100 1 2977 4872 4718
8865 2 2 100 1 2232 4865 4734
8866 2 2 100 1 2333 4970 2332
8867 2 2 100 1 3096 4884 4879
8868 2 2 100 1 4310 4842 814
8869 2 2 100 1 2229 5215 5207
8870 2 2 100 1 2511 4898 2102
8871 2 2 100 1 605 4946 607
8872 2 2 100 1 2527 4811 2980
8873 2 2 100 1 2708 4868 2707
8874 2 2 100 1 2173 5036 4335
8875 2 2 100 1 4824 4932 755
8876 2 2 100 1 2590 5232 5225
8877 2 2 100 1 4306 4934 2691
8878 2 2 100 1 4817 4903 2772
8879 2 2 100 1 2409 4918 2789
8880 2 2 100 1 3833 4870 3065
8881 2 2 100 1 2404 4962 3807
8882 2 2 100 1 3738 4820 3009
8883 2 2 100 1 2784 4874 3703
8884 2 2 100 1 4351 4879 2491
8885 2 2 100 1 2920 4960 2918
8886 2 2 100 1 3089 4886 4851
8887 2 2 100 1 2959 4930 2799
8888 2 2 100 1 2789 4849 4646
8889 2 2 100 1 2781 4865 2802
8890 2 2 100 1 4770 4866 1141
8891 2 2 100 1 4879 4884 2491
8892 2 2 100 1 4246 4961 2541
8893 2 2 100 1 814 4842 823
8894 2 2 100 1 665 4881 609
8895 2 2 100 1 955 4947 951
8896 2 2 100 1 4966 5031 2518
8897 2 2 100 1 4868 4894 3095
8898 2 2 100 1 2743 4863 4725
8899 2 2 100 1 4111 4887 4051
8900 2 2 100 1 3539 5277 531
8901 2 2 100 1 2691 4986 4475
8902 2 2 100 1 4857 4889 2327
8903 2 2 100 1 1621 4882 1619
8904 2 2 100 1 949 4947 1478
8905 2 2 100 1 3765 4892 3766
8906 2 2 100 1 3055 4988 4965
8907 2 2 100 1 3065 4870 4855
8908 2 2 100 1 1609 4955 1648
8909 2 2 100 1 5518 5612 3156
8910 2 2 100 1 2101 4940 4761
8911 2 2 100 1 3481 4877 2534
8912 2 2 100 1 4564 4872 2262
8913 2 2 100 1 1648 4967 3066
8914 2 2 100 1 1637 4955 1611
8915 2 2 100 1 3799 5482 5021
8916 2 2 100 1 3576 4875 3573
8917 2 2 100 1 3097 4884 3096
8918 2 2 100 1 2478 4827 2287
8919 2 2 100 1 3683 5068 3514
8920 2 2 100 1 669 4945 758
8921 2 2 100 1 4582 4907 4777
8922 2 2 100 1 4594 4876 4372
8923 2 2 100 1 1482 4945 746
8924 2 2 100 1 2838 5028 3773
8925 2 2 100 1 823 4842 1255
8926 2 2 100 1 4888 4890 1390
8927 2 2 100 1 4801 4917 2204
8928 2 2 100 1 2491 4884 2490
8929 2 2 100 1 3254 4957 3255
8930 2 2 100 1 1482 5012 4945
8931 2 2 100 1 2189 4965 2192
8932 2 2 100 1 4725 4863 2385
8933 2 2 100 1 2827 5004 4175
8934 2 2 100 1 2548 4904 4865
8935 2 2 100 1 2771 4910 3911
8936 2 2 100 1 2534 4877 4825
8937 2 2 100 1 2749 4997 633
8938 2 2 100 1 4777 4907 3982
8939 2 2 100 1 4710 4878 1528
8940 2 2 100 1 3056 4952 3057
8941 2 2 100 1 3722 4909 4680
8942 2 2 100 1 1274 5041 3795
8943 2 2 100 1 2797 4889 4857
8944 2 2 100 1 4375 5225 5218
8945 2 2 100 1 2910 4891 4157
8946 2 2 100 1 2801 4931 4517
8947 2 2 100 1 3696 4895 4762
8948 2 2 100 1 2731 4958 2732
8949 2 2 100 1 780 4920 2168
8950 2 2 100 1 4981 5006 4455
8951 2 2 100 1 2630 4827 3522
8952 2 2 100 1 4103 4917 4801
8953 2 2 100 1 1681 4854 1246
8954 2 2 100 1 2287 4827 2630
8955 2 2 100 1 3692 4933 3018
8956 2 2 100 1 792 4920 782
8957 2 2 100 1 1093 4993 1096
8958 2 2 100 1 3500 4883 2767
8959 2 2 100 1 1900 5081 3892
8960 2 2 100 1 1500 5000 1498
8961 2 2 100 1 2813 4974 4493
8962 2 2 100 1 2590 5225 4375
8963 2 2 100 1 4680 4909 1720
8964 2 2 100 1 612 4950 610
8965 2 2 100 1 1390 4890 4554
8966 2 2 100 1 4710 4929 4878
8967 2 2 100 1 1271 4952 4892
8968 2 2 100 1 4666 4904 2548
8969 2 2 100 1 3018 4933 3738
8970 2 2 100 1 3110 4978 4967
8971 2 2 100 1 2830 4991 4274
8972 2 2 100 1 1873 5000 2357
8973 2 2 100 1 2652 4925 2956
8974 2 2 100 1 3341 4827 2478
8975 2 2 100 1 2772 4903 4349
8976 2 2 100 1 707 4937 742
8977 2 2 100 1 532 5679 4424
8978 2 2 100 1 3444 4885 3160
8979 2 2 100 1 3661 5013 3023
8980 2 2 100 1 3892 5061 3893
8981 2 2 100 1 3544 5001 2623
8982 2 2 100 1 3090 4886 3089
8983 2 2 100 1 1528 4878 4635
8984 2 2 100 1 5053 5066 2520
8985 2 2 100 1 2779 4893 4732
8986 2 2 100 1 4761 4940 4265
8987 2 2 100 1 1209 5059 4971
8988 2 2 100 1 1476 4880 1684
8989 2 2 100 1 3023 4900 2811
8990 2 2 100 1 3811 4953 2763
8991 2 2 100 1 4748 4888 1390
8992 2 2 100 1 4978 5047 2166
8993 2 2 100 1 3505 5645 3443
8994 2 2 100 1 4684 5022 4962
8995 2 2 100 1 4829 4876 4583
8996 2 2 100 1 4900 4995 3107
8997 2 2 100 1 4335 5057 2565
8998 2 2 100 1 3796 5030 3093
8999 2 2 100 1 4109 5043 3868
9000 2 2 100 1 4635 4878 2775
9001 2 2 100 1 3100 4899 3253
9002 2 2 100 1 1246 4854 1736
9003 2 2 100 1 4865 4904 2802
9004 2 2 100 1 4072 5210 5206
9005 2 2 100 1 3107 5042 4273
9006 2 2 100 1 2853 4894 4868
9007 2 2 100 1 667 4901 664
9008 2 2 100 1 3685 4966 3067
9009 2 2 100 1 2748 4906 2750
9010 2 2 100 1 1084 4959 1082
9011 2 2 100 1 947 4902 945
9012 2 2 100 1 4035 4932 4824
9013 2 2 100 1 3161 4889 2797
9014 2 2 100 1 3543 5016 3542
9015 2 2 100 1 3170 4899 2740
9016 2 2 100 1 4763 4893 2779
9017 2 2 100 1 4050 5009 1279
9018 2 2 100 1 3004 5496 5453
9019 2 2 100 1 1042 4976 1054
9020 2 2 100 1 4669 5026 4753
9021 2 2 100 1 1693 4898 4781
9022 2 2 100 1 2732 4893 4763
9023 2 2 100 1 3705 4996 1255
9024 2 2 100 1 4615 4916 4823
9025 2 2 100 1 4790 4905 854
9026 2 2 100 1 2231 4983 2998
9027 2 2 100 1 1497 4962 2404
9028 2 2 100 1 4787 4908 844
9029 2 2 100 1 2804 4929 2818
9030 2 2 100 1 2169 5123 5090
9031 2 2 100 1 953 4984 955
9032 2 2 100 1 644 4941 4614
9033 2 2 100 1 4485 5001 3529
9034 2 2 100 1 1474 4984 956
9035 2 2 100 1 4214 4912 2814
9036 2 2 100 1 2732 4958 4816
9037 2 2 100 1 4684 4962 1499
9038 2 2 100 1 1544 4982 1537
9039 2 2 100 1 3102 4934 4866
9040 2 2 100 1 4762 4895 3687
9041 2 2 100 1 620 4997 618
9042 2 2 100 1 4781 4898 3101
9043 2 2 100 1 4715 4910 2771
9044 2 2 100 1 3084 4888 4748
9045 2 2 100 1 4273 4911 2130
9046 2 2 100 1 2198 4954 4760
9047 2 2 100 1 4702 4966 2518
9048 2 2 100 1 1392 4999 3689
9049 2 2 100 1 3553 4975 777
9050 2 2 100 1 3835 4915 2810
9051 2 2 100 1 4954 4974 2828
9052 2 2 100 1 1279 4914 670
9053 2 2 100 1 1191 4985 1047
9054 2 2 100 1 5007 5036 2173
9055 2 2 100 1 2789 4918 4887
9056 2 2 100 1 3645 4913 2602
9057 2 2 100 1 2836 5019 4070
9058 2 2 100 1 2998 5232 2590
9059 2 2 100 1 3114 5065 3869
9060 2 2 100 1 3019 4972 2957
9061 2 2 100 1 779 5025 781
9062 2 2 100 1 2483 5189 3578
9063 2 2 100 1 3727 4969 4595
9064 2 2 100 1 1429 4963 4860
9065 2 2 100 1 2102 4898 1693
9066 2 2 100 1 1882 4907 4582
9067 2 2 100 1 1617 4919 1615
9068 2 2 100 1 2802 4904 3402
9069 2 2 100 1 2199 4995 2200
9070 2 2 100 1 4595 4909 3722
9071 2 2 100 1 4657 4978 2166
9072 2 2 100 1 421 5725 3383
9073 2 2 100 1 229 4921 228
9074 2 2 100 1 854 4905 4751
9075 2 2 100 1 735 4980 703
9076 2 2 100 1 4728 4908 2822
9077 2 2 100 1 4029 5018 4030
9078 2 2 100 1 3077 4923 2792
9079 2 2 100 1 782 4920 780
9080 2 2 100 1 844 4908 4728
9081 2 2 100 1 4647 4905 4790
9082 2 2 100 1 2809 4918 2409
9083 2 2 100 1 2763 4953 4714
9084 2 2 100 1 1116 4928 1271
9085 2 2 100 1 2647 4922 2650
9086 2 2 100 1 4892 4952 3056
9087 2 2 100 1 1882 4924 4907
9088 2 2 100 1 3609 4990 3607
9089 2 2 100 1 965 5010 960
9090 2 2 100 1 4919 4927 1615
9091 2 2 100 1 1615 4927 1613
9092 2 2 100 1 4674 4908 4787
9093 2 2 100 1 5065 5075 3869
9094 2 2 100 1 1209 4971 1184
9095 2 2 100 1 3070 4924 1882
9096 2 2 100 1 1161 4971 4704
9097 2 2 100 1 5036 5057 4335
9098 2 2 100 1 4691 4981 4455
9099 2 2 100 1 2404 4910 4715
9100 2 2 100 1 2764 4956 4616
9101 2 2 100 1 2650 4925 2652
9102 2 2 100 1 958 5010 1474
9103 2 2 100 1 4751 4905 2820
9104 2 2 100 1 797 5097 3782
9105 2 2 100 1 2800 4917 4103
9106 2 2 100 1 3988 5014 3989
9107 2 2 100 1 4595 4969 1827
9108 2 2 100 1 553 4942 289
9109 2 2 100 1 4821 4930 1681
9110 2 2 100 1 4757 4956 2764
9111 2 2 100 1 1688 5196 4128
9112 2 2 100 1 4491 4936 3103
9113 2 2 100 1 3242 4977 3239
9114 2 2 100 1 4517 4931 1669
9115 2 2 100 1 3564 5165 5074
9116 2 2 100 1 1182 5003 4696
9117 2 2 100 1 4372 5023 2205
9118 2 2 100 1 5092 5096 3838
9119 2 2 100 1 705 4937 707
9120 2 2 100 1 2914 4939 3073
9121 2 2 100 1 3882 5016 3543
9122 2 2 100 1 3635 4943 2823
9123 2 2 100 1 4614 4941 4615
9124 2 2 100 1 2338 4949 4767
9125 2 2 100 1 5063 5071 3116
9126 2 2 100 1 1544 5017 4466
9127 2 2 100 1 785 4989 792
9128 2 2 100 1 3011 5064 2854
9129 2 2 100 1 2816 5002 2819
9130 2 2 100 1 4823 4916 3519
9131 2 2 100 1 4740 4938 1836
9132 2 2 100 1 4475 4926 1837
9133 2 2 100 1 1538 5017 1544
9134 2 2 100 1 1671 5017 1540
9135 2 2 100 1 3627 5120 3666
9136 2 2 100 1 2662 4944 3537
9137 2 2 100 1 788 4951 797
9138 2 2 100 1 3239 4977 3241
9139 2 2 100 1 2283 4935 1900
9140 2 2 100 1 2594 4948 3688
9141 2 2 100 1 2847 5092 3838
9142 2 2 100 1 610 4950 811
9143 2 2 100 1 746 4945 669
9144 2 2 100 1 818 5075 3837
9145 2 2 100 1 3577 5575 3001
9146 2 2 100 1 1163 5020 1191
9147 2 2 100 1 951 4947 949
9148 2 2 100 1 4926 5002 2188
9149 2 2 100 1 607 4946 665
9150 2 2 100 1 4433 5723 5286
9151 2 2 100 1 4922 4925 2650
9152 2 2 100 1 1136 4934 4306
9153 2 2 100 1 3119 5044 2833
9154 2 2 100 1 2746 4929 4710
9155 2 2 100 1 2845 5031 4966
9156 2 2 100 1 762 5029 820
9157 2 2 100 1 3092 4938 4740
9158 2 2 100 1 4982 5004 4493
9159 2 2 100 1 4995 5042 3107
9160 2 2 100 1 4860 4963 3886
9161 2 2 100 1 4230 5006 4981
9162 2 2 100 1 963 5040 965
9163 2 2 100 1 4260 5058 2469
9164 2 2 100 1 3915 5062 2842
9165 2 2 100 1 3347 5224 4783
9166 2 2 100 1 1836 4938 4819
9167 2 2 100 1 3070 4954 4924
9168 2 2 100 1 1611 4955 1609
9169 2 2 100 1 4000 5012 3117
9170 2 2 100 1 3117 5063 3116
9171 2 2 100 1 4767 4949 2903
9172 2 2 100 1 755 4932 4829
9173 2 2 100 1 1218 5035 1177
9174 2 2 100 1 4945 5012 4000
9175 2 2 100 1 2799 4930 4821
9176 2 2 100 1 801 5011 789
9177 2 2 100 1 694 5049 695
9178 2 2 100 1 3057 4952 3648
9179 2 2 100 1 2843 5032 3788
9180 2 2 100 1 4963 5007 3885
9181 2 2 100 1 1255 4996 840
9182 2 2 100 1 1115 5026 1139
9183 2 2 100 1 3566 4975 3553
9184 2 2 100 1 4760 4954 3070
9185 2 2 100 1 4196 4973 4194
9186 2 2 100 1 5041 5054 2841
9187 2 2 100 1 2918 4960 3680
9188 2 2 100 1 445 4957 34
9189 2 2 100 1 4960 4967 1648
9190 2 2 100 1 4888 5013 3661
9191 2 2 100 1 2200 4995 4900
9192 2 2 100 1 4934 4986 2691
9193 2 2 100 1 2791 4958 2731
9194 2 2 100 1 1082 4959 1198
9195 2 2 100 1 4962 5022 3807
9196 2 2 100 1 4714 4953 2625
9197 2 2 100 1 3084 5013 4888
9198 2 2 100 1 4859 4940 2101
9199 2 2 100 1 1108 5039 1506
9200 2 2 100 1 700 5033 735
9201 2 2 100 1 1139 5039 1110
9202 2 2 100 1 2697 5034 2787
9203 2 2 100 1 1681 4930 4854
9204 2 2 100 1 2546 4970 2333
9205 2 2 100 1 3110 5047 4978
9206 2 2 100 1 4453 4964 2682
9207 2 2 100 1 4753 5026 1121
9208 2 2 100 1 2920 4967 4960
9209 2 2 100 1 1499 4962 1497
9210 2 2 100 1 3034 5083 3916
9211 2 2 100 1 5660 5707 3289
9212 2 2 100 1 2036 5053 2520
9213 2 2 100 1 2541 4961 4356
9214 2 2 100 1 1098 5074 1100
9215 2 2 100 1 5299 5723 4433
9216 2 2 100 1 4616 4956 1481
9217 2 2 100 1 1104 5048 1112
9218 2 2 100 1 705 4980 4937
9219 2 2 100 1 1506 5048 1106
9220 2 2 100 1 3622 5085 3624
9221 2 2 100 1 4905 4994 2820
9222 2 2 100 1 2822 4998 2831
9223 2 2 100 1 777 4975 776
9224 2 2 100 1 4953 4968 2625
9225 2 2 100 1 4647 4994 4905
9226 2 2 100 1 3125 5067 3126
9227 2 2 100 1 3617 5055 3615
9228 2 2 100 1 2188 4965 2189
9229 2 2 100 1 4828 4999 1392
9230 2 2 100 1 2625 4968 2821
9231 2 2 100 1 3067 4966 4702
9232 2 2 100 1 4918 5009 4050
9233 2 2 100 1 4971 5059 3632
9234 2 2 100 1 5017 5045 4466
9235 2 2 100 1 3241 4977 3331
9236 2 2 100 1 2828 4974 2813
9237 2 2 100 1 3066 4978 4657
9238 2 2 100 1 2957 4972 2963
9239 2 2 100 1 1184 4971 1161
9240 2 2 100 1 4956 4981 1481
9241 2 2 100 1 3729 4969 3727
9242 2 2 100 1 4479 5116 4382
9243 2 2 100 1 1045 4976 1042
9244 2 2 100 1 4054 5139 1483
9245 2 2 100 1 3956 5122 1821
9246 2 2 100 1 3629 5166 913
9247 2 2 100 1 703 4980 705
9248 2 2 100 1 4908 4998 2822
9249 2 2 100 1 4974 4982 4493
9250 2 2 100 1 4029 5050 5029
9251 2 2 100 1 2895 5071 2297
9252 2 2 100 1 2963 4979 3510
9253 2 2 100 1 2819 5002 4926
9254 2 2 100 1 4674 4998 4908
9255 2 2 100 1 3770 5094 3079
9256 2 2 100 1 2095 5086 2099
9257 2 2 100 1 2820 4994 2835
9258 2 2 100 1 2809 5009 4918
9259 2 2 100 1 4856 4963 1429
9260 2 2 100 1 4998 5024 2831
9261 2 2 100 1 2847 5065 2407
9262 2 2 100 1 5067 5073 2469
9263 2 2 100 1 2406 5065 3114
9264 2 2 100 1 2970 5076 2972
9265 2 2 100 1 1537 4982 2198
9266 2 2 100 1 584 5084 4393
9267 2 2 100 1 434 5631 4324
9268 2 2 100 1 4399 5084 4398
9269 2 2 100 1 3063 4983 2231
9270 2 2 100 1 2812 5031 2845
9271 2 2 100 1 1045 4985 4976
9272 2 2 100 1 3623 5085 3622
9273 2 2 100 1 956 4984 953
9274 2 2 100 1 4354 5089 3447
9275 2 2 100 1 3892 5081 5061
9276 2 2 100 1 1047 4985 1045
9277 2 2 100 1 2365 5069 2851
9278 2 2 100 1 1481 4981 4691
9279 2 2 100 1 4972 4979 2963
9280 2 2 100 1 2839 5044 5023
9281 2 2 100 1 4940 5015 4265
9282 2 2 100 1 4994 5021 2835
9283 2 2 100 1 3111 5047 3110
9284 2 2 100 1 3501 4977 3242
9285 2 2 100 1 2672 5077 4527
9286 2 2 100 1 2819 4986 3102
9287 2 2 100 1 4305 5226 511
9288 2 2 100 1 3093 5030 4938
9289 2 2 100 1 3776 5106 3774
9290 2 2 100 1 3729 4987 4969
9291 2 2 100 1 2840 5069 2364
9292 2 2 100 1 1099 5072 2742
9293 2 2 100 1 3102 4986 4934
9294 2 2 100 1 2246 5128 4064
9295 2 2 100 1 1112 5072 1101
9296 2 2 100 1 3731 4987 3729
9297 2 2 100 1 3807 5022 2607
9298 2 2 100 1 3632 5059 2849
9299 2 2 100 1 2044 5046 5043
9300 2 2 100 1 3827 5562 2247
9301 2 2 100 1 2522 5088 2022
9302 2 2 100 1 4193 4991 2830
9303 2 2 100 1 793 5070 801
9304 2 2 100 1 4097 4992 4096
9305 2 2 100 1 4965 4988 2192
9306 2 2 100 1 1096 4993 1276
9307 2 2 100 1 787 4989 785
9308 2 2 100 1 1644 5170 3902
9309 2 2 100 1 2897 5724 5424
9310 2 2 100 1 2185 5100 1706
9311 2 2 100 1 3564 5078 2852
9312 2 2 100 1 2951 5366 4428
9313 2 2 100 1 4188 5102 4187
9314 2 2 100 1 1259 4996 4814
9315 2 2 100 1 3111 5052 5047
9316 2 2 100 1 3651 4990 3609
9317 2 2 100 1 2570 4995 2199
9318 2 2 100 1 1277 5096 3984
9319 2 2 100 1 633 4997 620
9320 2 2 100 1 3063 5003 4983
9321 2 2 100 1 2741 5107 4506
9322 2 2 100 1 4455 5006 1531
9323 2 2 100 1 2895 5077 5071
9324 2 2 100 1 1498 5000 1873
9325 2 2 100 1 2724 5101 4355
9326 2 2 100 1 2623 5001 4485
9327 2 2 100 1 4925 5097 2956
9328 2 2 100 1 2886 5276 5269
9329 2 2 100 1 1689 5100 1688
9330 2 2 100 1 840 4996 1259
9331 2 2 100 1 5006 5018 1531
9332 2 2 100 1 4228 5006 4230
9333 2 2 100 1 2169 5090 4586
9334 2 2 100 1 5069 5165 2851
9335 2 2 100 1 4108 5120 2258
9336 2 2 100 1 5022 5046 2607
9337 2 2 100 1 4819 5030 2841
9338 2 2 100 1 5383 5685 3424
9339 2 2 100 1 4493 5004 2827
9340 2 2 100 1 2567 5005 3442
9341 2 2 100 1 2877 5257 5256
9342 2 2 100 1 4696 5003 3063
9343 2 2 100 1 4471 5126 2777
9344 2 2 100 1 3964 5113 3965
9345 2 2 100 1 2460 4994 4647
9346 2 2 100 1 3055 5002 2816
9347 2 2 100 1 3086 5008 3087
9348 2 2 100 1 3748 5108 897
9349 2 2 100 1 528 5583 5387
9350 2 2 100 1 960 5010 958
9351 2 2 100 1 967 5099 966
9352 2 2 100 1 3665 5092 2663
9353 2 2 100 1 828 5079 798
9354 2 2 100 1 4286 5105 2538
9355 2 2 100 1 876 5109 878
9356 2 2 100 1 2607 5046 2044
9357 2 2 100 1 2558 5092 2847
9358 2 2 100 1 4072 5206 4073
9359 2 2 100 1 4228 5018 5006
9360 2 2 100 1 3775 5134 2983
9361 2 2 100 1 2460 5021 4994
9362 2 2 100 1 4436 5370 491
9363 2 2 100 1 787 5011 4989
9364 2 2 100 1 789 5011 787
9365 2 2 100 1 2476 4998 4674
9366 2 2 100 1 4265 5015 4263
9367 2 2 100 1 3642 5009 2809
9368 2 2 100 1 3087 5008 4999
9369 2 2 100 1 2200 5013 3084
9370 2 2 100 1 3989 5014 4669
9371 2 2 100 1 1196 5087 1209
9372 2 2 100 1 210 5104 209
9373 2 2 100 1 3839 5129 3616
9374 2 2 100 1 2892 5242 2891
9375 2 2 100 1 3087 4999 4828
9376 2 2 100 1 3119 5066 5053
9377 2 2 100 1 4856 5007 4963
9378 2 2 100 1 2251 5103 2905
9379 2 2 100 1 3356 5584 3354
9380 2 2 100 1 2476 5024 4998
9381 2 2 100 1 3119 5053 5044
9382 2 2 100 1 4029 5029 5018
9383 2 2 100 1 4012 5115 4037
9384 2 2 100 1 3824 5148 3826
9385 2 2 100 1 4030 5018 4228
9386 2 2 100 1 3743 5038 3550
9387 2 2 100 1 3600 5204 1168
9388 2 2 100 1 4275 5019 2836
9389 2 2 100 1 2700 5103 4520
9390 2 2 100 1 2839 5023 4829
9391 2 2 100 1 1540 5017 1538
9392 2 2 100 1 3212 5155 3411
9393 2 2 100 1 1170 5020 1163
9394 2 2 100 1 4967 4978 3066
9395 2 2 100 1 4829 5023 4876
9396 2 2 100 1 5691 5725 421
9397 2 2 100 1 1218 5144 5035
9398 2 2 100 1 3821 5148 3820
9399 2 2 100 1 1970 5114 1968
9400 2 2 100 1 1822 5147 3898
9401 2 2 100 1 2570 5042 4995
9402 2 2 100 1 2848 5119 4112
9403 2 2 100 1 781 5025 784
9404 2 2 100 1 2477 5027 4256
9405 2 2 100 1 5043 5046 3114
9406 2 2 100 1 3694 5028 2838
9407 2 2 100 1 4894 5068 2562
9408 2 2 100 1 1236 5093 1217
9409 2 2 100 1 4917 5061 2204
9410 2 2 100 1 3105 5007 4856
9411 2 2 100 1 2198 4982 4974
9412 2 2 100 1 3788 5032 3990
9413 2 2 100 1 4862 5012 1482
9414 2 2 100 1 3618 5129 3621
9415 2 2 100 1 3105 5036 5007
9416 2 2 100 1 1121 5026 1115
9417 2 2 100 1 2984 5134 3557
9418 2 2 100 1 1531 5029 762
9419 2 2 100 1 4028 5058 5050
9420 2 2 100 1 3104 5021 2460
9421 2 2 100 1 5045 5056 3124
9422 2 2 100 1 1170 5035 5020
9423 2 2 100 1 897 5108 895
9424 2 2 100 1 2116 5116 4479
9425 2 2 100 1 3113 5022 4684
9426 2 2 100 1 458 5095 303
9427 2 2 100 1 698 5033 700
9428 2 2 100 1 2518 5031 2888
9429 2 2 100 1 4938 5030 4819
9430 2 2 100 1 5242 5246 2891
9431 2 2 100 1 3666 5120 3637
9432 2 2 100 1 3893 5061 4917
9433 2 2 100 1 3976 5133 1781
9434 2 2 100 1 3113 5046 5022
9435 2 2 100 1 1177 5035 1170
9436 2 2 100 1 4128 5123 4518
9437 2 2 100 1 2698 5034 2697
9438 2 2 100 1 4466 5045 3124
9439 2 2 100 1 4639 5101 1186
9440 2 2 100 1 2520 5066 3265
9441 2 2 100 1 3172 5024 2476
9442 2 2 100 1 3186 5306 3521
9443 2 2 100 1 3782 5097 4925
9444 2 2 100 1 2044 5043 4109
9445 2 2 100 1 3795 5041 3796
9446 2 2 100 1 2258 5137 3955
9447 2 2 100 1 3080 5121 3082
9448 2 2 100 1 4191 5143 1327
9449 2 2 100 1 4028 5050 4029
9450 2 2 100 1 3965 5135 2863
9451 2 2 100 1 1110 5039 1108
9452 2 2 100 1 966 5040 963
9453 2 2 100 1 3600 5183 3664
9454 2 2 100 1 1750 5133 1771
9455 2 2 100 1 3106 5036 3105
9456 2 2 100 1 4996 5098 4814
9457 2 2 100 1 5050 5058 4465
9458 2 2 100 1 2224 5250 5246
9459 2 2 100 1 3633 5042 2570
9460 2 2 100 1 3629 5153 3906
9461 2 2 100 1 1848 5124 1849
9462 2 2 100 1 3054 5144 2858
9463 2 2 100 1 2833 5044 2839
9464 2 2 100 1 3149 5116 4542
9465 2 2 100 1 3625 5137 3627
9466 2 2 100 1 3338 5410 3348
9467 2 2 100 1 1274 5054 5041
9468 2 2 100 1 1064 5130 3957
9469 2 2 100 1 4561 5056 5045
9470 2 2 100 1 3614 5151 3608
9471 2 2 100 1 4876 5023 4372
9472 2 2 100 1 4561 5045 1671
9473 2 2 100 1 4237 5619 3459
9474 2 2 100 1 2796 5137 3625
9475 2 2 100 1 5012 5063 3117
9476 2 2 100 1 4652 5117 2978
9477 2 2 100 1 806 5111 828
9478 2 2 100 1 3610 5151 3613
9479 2 2 100 1 820 5050 4465
9480 2 2 100 1 2166 5047 4500
9481 2 2 100 1 3717 5153 3724
9482 2 2 100 1 3124 5056 3122
9483 2 2 100 1 1529 5111 816
9484 2 2 100 1 3114 5046 3113
9485 2 2 100 1 695 5049 698
9486 2 2 100 1 1106 5048 1104
9487 2 2 100 1 2428 5124 2868
9488 2 2 100 1 572 5051 4361
9489 2 2 100 1 698 5049 5033
9490 2 2 100 1 1066 5130 1064
9491 2 2 100 1 166 5138 165
9492 2 2 100 1 1438 5127 1878
9493 2 2 100 1 5090 5123 3736
9494 2 2 100 1 578 5528 3493
9495 2 2 100 1 1802 5127 1441
9496 2 2 100 1 5056 5060 3122
9497 2 2 100 1 5144 5154 2858
9498 2 2 100 1 3705 5098 4996
9499 2 2 100 1 3665 5132 2638
9500 2 2 100 1 1614 5147 1822
9501 2 2 100 1 1821 5122 1318
9502 2 2 100 1 1644 5147 1612
9503 2 2 100 1 3933 5095 3934
9504 2 2 100 1 2499 5365 3920
9505 2 2 100 1 2205 5053 2036
9506 2 2 100 1 4500 5052 3196
9507 2 2 100 1 2783 5071 5063
9508 2 2 100 1 3106 5057 5036
9509 2 2 100 1 5047 5052 4500
9510 2 2 100 1 3122 5060 3123
9511 2 2 100 1 1322 5125 1817
9512 2 2 100 1 1221 5118 1236
9513 2 2 100 1 3557 5162 2986
9514 2 2 100 1 1075 5149 1077
9515 2 2 100 1 2722 5060 5056
9516 2 2 100 1 3652 5055 3617
9517 2 2 100 1 2722 5056 4561
9518 2 2 100 1 1530 5118 1226
9519 2 2 100 1 2842 5062 3643
9520 2 2 100 1 4465 5058 4260
9521 2 2 100 1 4285 5156 4284
9522 2 2 100 1 3126 5067 4028
9523 2 2 100 1 3550 5057 3106
9524 2 2 100 1 1483 5139 881
9525 2 2 100 1 2854 5064 3138
9526 2 2 100 1 3210 5060 2722
9527 2 2 100 1 5058 5067 2469
9528 2 2 100 1 3597 5171 3614
9529 2 2 100 1 2545 5282 3953
9530 2 2 100 1 350 5155 349
9531 2 2 100 1 1817 5136 1735
9532 2 2 100 1 3131 5098 3705
9533 2 2 100 1 4002 5168 4001
9534 2 2 100 1 2777 5126 4658
9535 2 2 100 1 3120 5066 3119
9536 2 2 100 1 2407 5065 2406
9537 2 2 100 1 2858 5154 2859
9538 2 2 100 1 2204 5061 4766
9539 2 2 100 1 4291 5157 4003
9540 2 2 100 1 1756 5141 1816
9541 2 2 100 1 479 5480 3347
9542 2 2 100 1 877 5145 913
9543 2 2 100 1 2469 5073 2468
9544 2 2 100 1 4401 5641 2837
9545 2 2 100 1 5154 5159 2859
9546 2 2 100 1 2364 5069 2365
9547 2 2 100 1 795 5070 793
9548 2 2 100 1 441 5643 5555
9549 2 2 100 1 4145 5170 1644
9550 2 2 100 1 2562 5068 4652
9551 2 2 100 1 2742 5142 4663
9552 2 2 100 1 5082 5088 3108
9553 2 2 100 1 1131 5165 3802
9554 2 2 100 1 3574 5171 3575
9555 2 2 100 1 3262 5342 3579
9556 2 2 100 1 3259 5487 5179
9557 2 2 100 1 2297 5071 2783
9558 2 2 100 1 4121 5187 4122
9559 2 2 100 1 3310 5592 3419
9560 2 2 100 1 5192 5266 3175
9561 2 2 100 1 3742 5454 2589
9562 2 2 100 1 2468 5082 3108
9563 2 2 100 1 2860 5183 3121
9564 2 2 100 1 2659 5170 2657
9565 2 2 100 1 195 5174 547
9566 2 2 100 1 466 5174 196
9567 2 2 100 1 1100 5074 1131
9568 2 2 100 1 1952 5146 3829
9569 2 2 100 1 348 5167 347
9570 2 2 100 1 4959 5206 3896
9571 2 2 100 1 4123 5187 4121
9572 2 2 100 1 1101 5072 1099
9573 2 2 100 1 3443 5645 2864
9574 2 2 100 1 3869 5075 818
9575 2 2 100 1 3433 5289 549
9576 2 2 100 1 4397 5603 3213
9577 2 2 100 1 4375 5218 5215
9578 2 2 100 1 4649 5164 1445
9579 2 2 100 1 5018 5029 1531
9580 2 2 100 1 4503 5073 3125
9581 2 2 100 1 2783 5063 4862
9582 2 2 100 1 4862 5063 5012
9583 2 2 100 1 3734 5090 3736
9584 2 2 100 1 5198 5302 3684
9585 2 2 100 1 3188 5076 2970
9586 2 2 100 1 3116 5077 2672
9587 2 2 100 1 4138 5548 4667
9588 2 2 100 1 4153 5182 4148
9589 2 2 100 1 1018 5176 975
9590 2 2 100 1 2859 5159 4354
9591 2 2 100 1 3138 5217 3151
9592 2 2 100 1 1234 5150 1530
9593 2 2 100 1 3131 5112 5098
9594 2 2 100 1 2099 5210 4072
9595 2 2 100 1 1736 5150 1242
9596 2 2 100 1 2852 5078 3513
9597 2 2 100 1 5035 5144 3054
9598 2 2 100 1 5044 5053 2205
9599 2 2 100 1 3459 5532 4237
9600 2 2 100 1 5073 5082 2468
9601 2 2 100 1 4739 5090 3734
9602 2 2 100 1 1795 5158 2354
9603 2 2 100 1 4139 5187 3049
9604 2 2 100 1 2522 5091 5088
9605 2 2 100 1 795 5079 5070
9606 2 2 100 1 2850 5088 5082
9607 2 2 100 1 1757 5184 1755
9608 2 2 100 1 2316 5172 2317
9609 2 2 100 1 5071 5077 3116
9610 2 2 100 1 5208 5217 3138
9611 2 2 100 1 3134 5083 3034
9612 2 2 100 1 1816 5158 1758
9613 2 2 100 1 3015 5080 3013
9614 2 2 100 1 798 5079 795
9615 2 2 100 1 913 5166 875
9616 2 2 100 1 5241 5704 4792
9617 2 2 100 1 3802 5165 5069
9618 2 2 100 1 263 5180 577
9619 2 2 100 1 4398 5084 584
9620 2 2 100 1 491 5180 264
9621 2 2 100 1 2098 5086 2095
9622 2 2 100 1 4503 5082 5073
9623 2 2 100 1 2850 5082 4503
9624 2 2 100 1 3475 5414 2941
9625 2 2 100 1 3901 5195 5185
9626 2 2 100 1 3447 5089 3450
9627 2 2 100 1 2022 5088 2850
9628 2 2 100 1 3521 5306 2997
9629 2 2 100 1 2975 5181 2282
9630 2 2 100 1 1443 5175 1802
9631 2 2 100 1 1211 5087 1196
9632 2 2 100 1 513 5186 243
9633 2 2 100 1 242 5186 570
9634 2 2 100 1 871 5173 1168
9635 2 2 100 1 4766 5081 3115
9636 2 2 100 1 3132 5112 3131
9637 2 2 100 1 5061 5081 4766
9638 2 2 100 1 3108 5091 3109
9639 2 2 100 1 3901 5185 2737
9640 2 2 100 1 2305 5227 2098
9641 2 2 100 1 2737 5185 2734
9642 2 2 100 1 5439 5449 3193
9643 2 2 100 1 2223 5238 5230
9644 2 2 100 1 4586 5090 4739
9645 2 2 100 1 5249 5609 3386
9646 2 2 100 1 5027 5672 3275
9647 2 2 100 1 2354 5177 2353
9648 2 2 100 1 1828 5198 3684
9649 2 2 100 1 3141 5213 5209
9650 2 2 100 1 2985 5445 3762
9651 2 2 100 1 3130 5233 2305
9652 2 2 100 1 3993 5197 554
9653 2 2 100 1 2663 5092 2558
9654 2 2 100 1 1238 5229 3634
9655 2 2 100 1 3578 5189 3589
9656 2 2 100 1 3540 5293 4387
9657 2 2 100 1 3771 5094 3770
9658 2 2 100 1 3538 5132 3665
9659 2 2 100 1 3134 5152 5142
9660 2 2 100 1 3667 5229 1238
9661 2 2 100 1 4533 5185 1475
9662 2 2 100 1 1217 5093 1211
9663 2 2 100 1 3130 5235 5233
9664 2 2 100 1 1211 5093 5087
9665 2 2 100 1 3391 5601 518
9666 2 2 100 1 2098 5227 5220
9667 2 2 100 1 5172 5179 3450
9668 2 2 100 1 2305 5233 5227
9669 2 2 100 1 4113 5160 3135
9670 2 2 100 1 4899 5131 3253
9671 2 2 100 1 4633 5641 4401
9672 2 2 100 1 3838 5096 1277
9673 2 2 100 1 1643 5232 4964
9674 2 2 100 1 3523 5193 2965
9675 2 2 100 1 4075 5206 4959
9676 2 2 100 1 5217 5230 3151
9677 2 2 100 1 2695 5191 4530
9678 2 2 100 1 3135 5152 3134
9679 2 2 100 1 2529 5189 2324
9680 2 2 100 1 1706 5100 1689
9681 2 2 100 1 4187 5102 2659
9682 2 2 100 1 3215 5455 4337
9683 2 2 100 1 972 5099 967
9684 2 2 100 1 1381 5203 1379
9685 2 2 100 1 4877 5239 3498
9686 2 2 100 1 2956 5097 3019
9687 2 2 100 1 5327 5431 4532
9688 2 2 100 1 1126 5194 1124
9689 2 2 100 1 1293 5198 1291
9690 2 2 100 1 3449 5420 559
9691 2 2 100 1 4520 5103 2251
9692 2 2 100 1 3938 5518 3155
9693 2 2 100 1 3777 5106 3776
9694 2 2 100 1 3201 5723 5299
9695 2 2 100 1 4355 5101 4639
9696 2 2 100 1 5499 5672 2538
9697 2 2 100 1 4612 5315 3120
9698 2 2 100 1 3147 5245 4477
9699 2 2 100 1 1484 5199 4434
9700 2 2 100 1 4028 5067 5058
9701 2 2 100 1 4287 5105 4286
9702 2 2 100 1 2229 5207 4489
9703 2 2 100 1 443 5104 210
9704 2 2 100 1 3567 5110 3565
9705 2 2 100 1 691 5208 694
9706 2 2 100 1 1969 5202 2004
9707 2 2 100 1 5107 5113 2151
9708 2 2 100 1 3193 5449 3192
9709 2 2 100 1 1144 5200 1152
9710 2 2 100 1 4581 5199 1484
9711 2 2 100 1 4167 5221 4160
9712 2 2 100 1 4506 5107 2151
9713 2 2 100 1 5098 5112 2857
9714 2 2 100 1 878 5109 1215
9715 2 2 100 1 3141 5209 2867
9716 2 2 100 1 4814 5098 2857
9717 2 2 100 1 1182 5242 5003
9718 2 2 100 1 2879 5231 3129
9719 2 2 100 1 3592 5687 3594
9720 2 2 100 1 895 5108 903
9721 2 2 100 1 5245 5247 4477
9722 2 2 100 1 2056 5205 2259
9723 2 2 100 1 2313 5205 2058
9724 2 2 100 1 3015 5589 5080
9725 2 2 100 1 4159 5221 4170
9726 2 2 100 1 2151 5113 3964
9727 2 2 100 1 1168 5204 869
9728 2 2 100 1 2001 5211 1965
9729 2 2 100 1 3135 5160 5152
9730 2 2 100 1 4088 5222 4091
9731 2 2 100 1 4086 5222 4085
9732 2 2 100 1 2873 5218 1876
9733 2 2 100 1 3164 5322 5318
9734 2 2 100 1 5569 5723 3201
9735 2 2 100 1 816 5111 806
9736 2 2 100 1 2223 5230 4593
9737 2 2 100 1 3150 5212 2746
9738 2 2 100 1 2314 5114 1970
9739 2 2 100 1 3895 5220 3140
9740 2 2 100 1 5064 5208 3138
9741 2 2 100 1 4015 5115 4012
9742 2 2 100 1 865 5214 1219
9743 2 2 100 1 1973 5219 2000
9744 2 2 100 1 2004 5219 1971
9745 2 2 100 1 3637 5120 4108
9746 2 2 100 1 4112 5188 4113
9747 2 2 100 1 5083 5142 2742
9748 2 2 100 1 2857 5112 3334
9749 2 2 100 1 4964 5232 2998
9750 2 2 100 1 4682 5213 2741
9751 2 2 100 1 4542 5116 2116
9752 2 2 100 1 4793 5190 3350
9753 2 2 100 1 1991 5236 2286
9754 2 2 100 1 2017 5236 1993
9755 2 2 100 1 2896 5226 2897
9756 2 2 100 1 2926 5354 5349
9757 2 2 100 1 2978 5117 3536
9758 2 2 100 1 3142 5119 2848
9759 2 2 100 1 3165 5322 3164
9760 2 2 100 1 4599 5228 2846
9761 2 2 100 1 2752 5229 2680
9762 2 2 100 1 1226 5118 1221
9763 2 2 100 1 2005 5234 1961
9764 2 2 100 1 1963 5234 2001
9765 2 2 100 1 4062 5329 4059
9766 2 2 100 1 2620 5668 3516
9767 2 2 100 1 3568 5121 3080
9768 2 2 100 1 4509 5238 3147
9769 2 2 100 1 5207 5215 3133
9770 2 2 100 1 1318 5122 1320
9771 2 2 100 1 4518 5123 2169
9772 2 2 100 1 3820 5148 3824
9773 2 2 100 1 1441 5127 1438
9774 2 2 100 1 4555 5653 437
9775 2 2 100 1 3883 5255 3884
9776 2 2 100 1 4331 5241 4333
9777 2 2 100 1 1849 5124 2428
9778 2 2 100 1 1320 5125 1322
9779 2 2 100 1 563 5262 4168
9780 2 2 100 1 4063 5326 4062
9781 2 2 100 1 2925 5354 2926
9782 2 2 100 1 4064 5128 4063
9783 2 2 100 1 3616 5129 3618
9784 2 2 100 1 3523 5273 1212
9785 2 2 100 1 4658 5126 1483
9786 2 2 100 1 2317 5172 5089
9787 2 2 100 1 5122 5125 1320
9788 2 2 100 1 5088 5091 3108
9789 2 2 100 1 3863 5132 3538
9790 2 2 100 1 3849 5255 482
9791 2 2 100 1 3961 5288 3960
9792 2 2 100 1 2588 5249 2751
9793 2 2 100 1 1327 5143 4291
9794 2 2 100 1 5003 5242 2892
9795 2 2 100 1 1192 5130 1066
9796 2 2 100 1 2224 5246 4377
9797 2 2 100 1 2866 5458 3508
9798 2 2 100 1 427 5251 4301
9799 2 2 100 1 3535 5275 4775
9800 2 2 100 1 5104 5292 209
9801 2 2 100 1 3315 5416 3314
9802 2 2 100 1 540 5566 3809
9803 2 2 100 1 4059 5334 4058
9804 2 2 100 1 2983 5134 2984
9805 2 2 100 1 3955 5137 2796
9806 2 2 100 1 1674 5243 1848
9807 2 2 100 1 4783 5224 2780
9808 2 2 100 1 358 5254 543
9809 2 2 100 1 3394 5595 3395
9810 2 2 100 1 4113 5188 5160
9811 2 2 100 1 1781 5133 1750
9812 2 2 100 1 448 5254 359
9813 2 2 100 1 4280 5252 4279
9814 2 2 100 1 5324 5326 4063
9815 2 2 100 1 5449 5459 3192
9816 2 2 100 1 2863 5135 4107
9817 2 2 100 1 546 5138 166
9818 2 2 100 1 3142 5200 5194
9819 2 2 100 1 5329 5334 4059
9820 2 2 100 1 4052 5258 1281
9821 2 2 100 1 881 5139 879
9822 2 2 100 1 5200 5209 1152
9823 2 2 100 1 1735 5136 1754
9824 2 2 100 1 5326 5329 4062
9825 2 2 100 1 2098 5220 5086
9826 2 2 100 1 3134 5142 5083
9827 2 2 100 1 3473 5178 5091
9828 2 2 100 1 3082 5140 3153
9829 2 2 100 1 5089 5172 3450
9830 2 2 100 1 523 5267 343
9831 2 2 100 1 3829 5146 3454
9832 2 2 100 1 342 5267 3919
9833 2 2 100 1 3906 5153 3717
9834 2 2 100 1 1754 5141 1756
9835 2 2 100 1 2246 5322 5128
9836 2 2 100 1 4463 5257 2301
9837 2 2 100 1 5136 5141 1754
9838 2 2 100 1 4663 5142 1504
9839 2 2 100 1 1612 5147 1614
9840 2 2 100 1 5139 5145 879
9841 2 2 100 1 694 5208 5064
9842 2 2 100 1 879 5145 877
9843 2 2 100 1 2486 5554 4403
9844 2 2 100 1 5334 5339 4058
9845 2 2 100 1 3170 5131 4899
9846 2 2 100 1 5142 5152 1504
9847 2 2 100 1 4773 5144 1218
9848 2 2 100 1 1077 5149 1176
9849 2 2 100 1 3608 5151 3610
9850 2 2 100 1 4163 5262 4165
9851 2 2 100 1 4773 5154 5144
9852 2 2 100 1 4436 5448 3219
9853 2 2 100 1 5307 5308 4171
9854 2 2 100 1 523 5568 3343
9855 2 2 100 1 1242 5150 1234
9856 2 2 100 1 4107 5253 2882
9857 2 2 100 1 349 5155 516
9858 2 2 100 1 4538 5195 4188
9859 2 2 100 1 5240 5248 3153
9860 2 2 100 1 1504 5152 4654
9861 2 2 100 1 2610 5271 3874
9862 2 2 100 1 495 5190 3828
9863 2 2 100 1 4929 5212 2818
9864 2 2 100 1 2620 5271 2612
9865 2 2 100 1 4284 5156 2444
9866 2 2 100 1 3355 5383 487
9867 2 2 100 1 5272 5279 2988
9868 2 2 100 1 3664 5183 2860
9869 2 2 100 1 2727 5159 5154
9870 2 2 100 1 4003 5157 4002
9871 2 2 100 1 5253 5263 2882
9872 2 2 100 1 2317 5159 2727
9873 2 2 100 1 2727 5154 4773
9874 2 2 100 1 526 5274 3394
9875 2 2 100 1 3192 5459 3194
9876 2 2 100 1 2230 5710 4414
9877 2 2 100 1 5243 5253 4107
9878 2 2 100 1 1758 5158 1795
9879 2 2 100 1 4537 5350 5339
9880 2 2 100 1 4693 5618 4240
9881 2 2 100 1 4414 5710 4412
9882 2 2 100 1 5086 5220 3895
9883 2 2 100 1 3525 5163 3889
9884 2 2 100 1 3442 5161 2686
9885 2 2 100 1 4683 5276 2439
9886 2 2 100 1 5152 5160 4654
9887 2 2 100 1 2986 5162 2988
9888 2 2 100 1 4001 5168 1018
9889 2 2 100 1 2882 5263 2887
9890 2 2 100 1 5238 5245 3147
9891 2 2 100 1 4654 5160 4610
9892 2 2 100 1 315 5277 4387
9893 2 2 100 1 531 5277 316
9894 2 2 100 1 2686 5164 4649
9895 2 2 100 1 4898 5240 3101
9896 2 2 100 1 2657 5170 4145
9897 2 2 100 1 5119 5194 1126
9898 2 2 100 1 4775 5275 2572
9899 2 2 100 1 516 5167 348
9900 2 2 100 1 69 5169 70
9901 2 2 100 1 875 5166 873
9902 2 2 100 1 483 5297 3822
9903 2 2 100 1 3485 5673 548
9904 2 2 100 1 3575 5171 3597
9905 2 2 100 1 2851 5165 3564
9906 2 2 100 1 5263 5266 2887
9907 2 2 100 1 5223 5593 3293
9908 2 2 100 1 2904 5284 2323
9909 2 2 100 1 3348 5278 2871
9910 2 2 100 1 5161 5164 2686
9911 2 2 100 1 2321 5284 4005
9912 2 2 100 1 2887 5266 2966
9913 2 2 100 1 3481 5239 4877
9914 2 2 100 1 531 5389 3539
9915 2 2 100 1 3798 5688 4796
9916 2 2 100 1 35 5716 5381
9917 2 2 100 1 5166 5173 873
9918 2 2 100 1 2881 5172 2316
9919 2 2 100 1 4191 5354 5143
9920 2 2 100 1 3997 5270 440
9921 2 2 100 1 873 5173 871
9922 2 2 100 1 1445 5175 1443
9923 2 2 100 1 191 5287 544
9924 2 2 100 1 196 5174 195
9925 2 2 100 1 479 5287 192
9926 2 2 100 1 3153 5248 3214
9927 2 2 100 1 975 5176 977
9928 2 2 100 1 466 5673 3485
9929 2 2 100 1 3432 5360 3433
9930 2 2 100 1 2659 5264 5170
9931 2 2 100 1 2881 5179 5172
9932 2 2 100 1 4885 5567 2285
9933 2 2 100 1 5176 5182 977
9934 2 2 100 1 270 5285 269
9935 2 2 100 1 221 5286 220
9936 2 2 100 1 5052 5260 3196
9937 2 2 100 1 3507 5302 5198
9938 2 2 100 1 5160 5188 4610
9939 2 2 100 1 2353 5177 2979
9940 2 2 100 1 3049 5187 4123
9941 2 2 100 1 1944 5282 2545
9942 2 2 100 1 4186 5335 2397
9943 2 2 100 1 3259 5179 2881
9944 2 2 100 1 201 5289 436
9945 2 2 100 1 4811 5699 542
9946 2 2 100 1 549 5289 202
9947 2 2 100 1 264 5180 263
9948 2 2 100 1 977 5182 4153
9949 2 2 100 1 1219 5269 3088
9950 2 2 100 1 4387 5293 492
9951 2 2 100 1 3806 5304 3805
9952 2 2 100 1 5300 5447 3460
9953 2 2 100 1 491 5448 4436
9954 2 2 100 1 2282 5181 2695
9955 2 2 100 1 4478 5497 4417
9956 2 2 100 1 2005 5386 5234
9957 2 2 100 1 2096 5290 2083
9958 2 2 100 1 515 5496 5309
9959 2 2 100 1 2275 5184 1757
9960 2 2 100 1 2085 5290 2656
9961 2 2 100 1 3326 5292 5104
9962 2 2 100 1 3337 5721 3407
9963 2 2 100 1 3407 5721 3313
9964 2 2 100 1 5226 5527 511
9965 2 2 100 1 5206 5210 3896
9966 2 2 100 1 208 5292 557
9967 2 2 100 1 2734 5185 4533
9968 2 2 100 1 3482 5239 3481
9969 2 2 100 1 243 5186 242
9970 2 2 100 1 5128 5324 4063
9971 2 2 100 1 2445 5291 2446
9972 2 2 100 1 3272 5427 4324
9973 2 2 100 1 3142 5194 5119
9974 2 2 100 1 2595 5291 3405
9975 2 2 100 1 4073 5206 4075
9976 2 2 100 1 429 5296 251
9977 2 2 100 1 250 5296 4342
9978 2 2 100 1 4942 5434 3587
9979 2 2 100 1 4566 5293 4014
9980 2 2 100 1 2324 5189 2483
9981 2 2 100 1 4337 5555 3215
9982 2 2 100 1 4610 5188 1126
9983 2 2 100 1 4530 5191 1293
9984 2 2 100 1 4116 5651 3258
9985 2 2 100 1 3736 5196 3737
9986 2 2 100 1 2966 5192 3426
9987 2 2 100 1 3917 5586 3209
9988 2 2 100 1 1848 5243 5135
9989 2 2 100 1 3174 5511 3173
9990 2 2 100 1 4403 5616 2486
9991 2 2 100 1 3177 5309 2927
9992 2 2 100 1 3227 5571 3228
9993 2 2 100 1 2980 5190 4793
9994 2 2 100 1 4322 5347 512
9995 2 2 100 1 2965 5193 3533
9996 2 2 100 1 3212 5507 5155
9997 2 2 100 1 5246 5250 2891
9998 2 2 100 1 3888 5668 2620
9999 2 2 100 1 4128 5196 5123
10000 2 2 100 1 2642 5305 2038
10001 2 2 100 1 4223 5346 2195
10002 2 2 100 1 3097 5283 4884
10003 2 2 100 1 5209 5213 1152
10004 2 2 100 1 3593 5301 2502
10005 2 2 100 1 4375 5215 2229
10006 2 2 100 1 1124 5194 1129
10007 2 2 100 1 3994 5197 3993
10008 2 2 100 1 4171 5308 2675
10009 2 2 100 1 1475 5195 4538
10010 2 2 100 1 4367 5250 2224
10011 2 2 100 1 2289 5298 2516
10012 2 2 100 1 3208 5298 2335
10013 2 2 100 1 3174 5356 4223
10014 2 2 100 1 2975 5333 3495
10015 2 2 100 1 2502 5301 1940
10016 2 2 100 1 533 5532 3458
10017 2 2 100 1 529 5617 5488
10018 2 2 100 1 1291 5198 1828
10019 2 2 100 1 2705 5199 4581
10020 2 2 100 1 2877 5256 4367
10021 2 2 100 1 530 5655 3483
10022 2 2 100 1 5128 5322 3165
10023 2 2 100 1 5135 5243 4107
10024 2 2 100 1 4367 5256 5250
10025 2 2 100 1 5194 5200 1129
10026 2 2 100 1 3211 5436 4242
10027 2 2 100 1 2583 5551 3490
10028 2 2 100 1 2449 5307 3168
10029 2 2 100 1 2705 5207 5199
10030 2 2 100 1 3145 5261 2342
10031 2 2 100 1 1379 5203 1690
10032 2 2 100 1 1967 5202 1969
10033 2 2 100 1 1129 5200 1144
10034 2 2 100 1 5143 5361 4291
10035 2 2 100 1 3804 5364 3676
10036 2 2 100 1 869 5204 867
10037 2 2 100 1 469 5312 230
10038 2 2 100 1 2058 5205 2056
10039 2 2 100 1 451 5201 3231
10040 2 2 100 1 3541 5399 3136
10041 2 2 100 1 2988 5279 3212
10042 2 2 100 1 3101 5240 5140
10043 2 2 100 1 2242 5281 2886
10044 2 2 100 1 4489 5207 2705
10045 2 2 100 1 4854 5272 1736
10046 2 2 100 1 690 5208 691
10047 2 2 100 1 2902 5318 4127
10048 2 2 100 1 2867 5209 3142
10049 2 2 100 1 1189 5313 1222
10050 2 2 100 1 5230 5238 3151
10051 2 2 100 1 5109 5237 1215
10052 2 2 100 1 1967 5211 5202
10053 2 2 100 1 5140 5240 3153
10054 2 2 100 1 464 5321 168
10055 2 2 100 1 167 5321 546
10056 2 2 100 1 5091 5178 3109
10057 2 2 100 1 3329 5311 2461
10058 2 2 100 1 3896 5210 3895
10059 2 2 100 1 1965 5211 1967
10060 2 2 100 1 5204 5214 867
10061 2 2 100 1 4005 5323 4004
10062 2 2 100 1 4712 5311 2753
10063 2 2 100 1 690 5217 5208
10064 2 2 100 1 2342 5261 2877
10065 2 2 100 1 4207 5456 4815
10066 2 2 100 1 3133 5215 2873
10067 2 2 100 1 867 5214 865
10068 2 2 100 1 229 5312 4921
10069 2 2 100 1 5157 5372 4002
10070 2 2 100 1 1152 5213 4682
10071 2 2 100 1 3051 5217 690
10072 2 2 100 1 1876 5218 2865
10073 2 2 100 1 5415 5416 4285
10074 2 2 100 1 4160 5221 4159
10075 2 2 100 1 1971 5219 1973
10076 2 2 100 1 3140 5220 3139
10077 2 2 100 1 4425 5389 531
10078 2 2 100 1 4085 5222 4088
10079 2 2 100 1 2865 5225 4344
10080 2 2 100 1 5218 5225 2865
10081 2 2 100 1 8 5223 9
10082 2 2 100 1 5225 5232 4344
10083 2 2 100 1 5102 5264 2659
10084 2 2 100 1 4338 5327 4340
10085 2 2 100 1 3463 5707 3497
10086 2 2 100 1 5220 5227 3139
10087 2 2 100 1 3679 5526 1904
10088 2 2 100 1 3180 5226 2896
10089 2 2 100 1 4585 5324 3165
10090 2 2 100 1 2780 5224 4833
10091 2 2 100 1 3139 5227 4498
10092 2 2 100 1 2846 5228 3396
10093 2 2 100 1 2746 5212 4929
10094 2 2 100 1 2761 5328 1872
10095 2 2 100 1 2680 5229 3667
10096 2 2 100 1 2886 5231 2879
10097 2 2 100 1 3142 5209 5200
10098 2 2 100 1 4593 5230 3051
10099 2 2 100 1 3562 5452 3058
10100 2 2 100 1 3497 5707 5660
10101 2 2 100 1 4344 5232 1643
10102 2 2 100 1 1801 5443 4413
10103 2 2 100 1 5227 5233 4498
10104 2 2 100 1 4498 5233 2875
10105 2 2 100 1 4796 5688 3263
10106 2 2 100 1 3051 5230 5217
10107 2 2 100 1 5168 5378 1018
10108 2 2 100 1 1961 5234 1963
10109 2 2 100 1 3260 5703 590
10110 2 2 100 1 3338 5689 5410
10111 2 2 100 1 5233 5235 2875
10112 2 2 100 1 5143 5354 2925
10113 2 2 100 1 3187 5331 4523
10114 2 2 100 1 2931 5486 4602
10115 2 2 100 1 4272 5338 568
10116 2 2 100 1 2285 5332 1886
10117 2 2 100 1 3168 5302 3507
10118 2 2 100 1 1171 5485 3594
10119 2 2 100 1 139 5338 138
10120 2 2 100 1 5133 5404 1771
10121 2 2 100 1 3320 5335 3246
10122 2 2 100 1 1993 5236 1991
10123 2 2 100 1 3762 5714 2985
10124 2 2 100 1 2875 5235 4588
10125 2 2 100 1 3699 5359 1881
10126 2 2 100 1 4057 5349 4172
10127 2 2 100 1 3154 5355 2351
10128 2 2 100 1 3455 5244 3605
10129 2 2 100 1 5162 5272 2988
10130 2 2 100 1 2401 5288 4873
10131 2 2 100 1 391 5344 390
10132 2 2 100 1 4537 5339 2014
10133 2 2 100 1 3168 5307 5305
10134 2 2 100 1 5052 5408 5260
10135 2 2 100 1 3960 5363 3753
10136 2 2 100 1 5123 5196 3736
10137 2 2 100 1 4332 5704 5241
10138 2 2 100 1 5170 5264 3902
10139 2 2 100 1 2511 5248 5240
10140 2 2 100 1 3151 5238 4509
10141 2 2 100 1 559 5623 3448
10142 2 2 100 1 4332 5241 4331
10143 2 2 100 1 3902 5264 3900
10144 2 2 100 1 2930 5347 2931
10145 2 2 100 1 4091 5386 4090
10146 2 2 100 1 2195 5346 2190
10147 2 2 100 1 4483 5242 1182
10148 2 2 100 1 2511 5240 4898
10149 2 2 100 1 3132 5216 5112
10150 2 2 100 1 1976 5362 2018
10151 2 2 100 1 2798 5356 3174
10152 2 2 100 1 1981 5362 1978
10153 2 2 100 1 3099 5356 2774
10154 2 2 100 1 5386 5388 4090
10155 2 2 100 1 1675 5243 1674
10156 2 2 100 1 1398 5245 2223
10157 2 2 100 1 3339 5578 4165
10158 2 2 100 1 585 5569 4432
10159 2 2 100 1 3228 5628 3226
10160 2 2 100 1 2437 5361 2925
10161 2 2 100 1 4483 5246 5242
10162 2 2 100 1 306 5368 305
10163 2 2 100 1 504 5369 128
10164 2 2 100 1 2343 5366 2951
10165 2 2 100 1 4377 5246 4483
10166 2 2 100 1 4664 5360 3432
10167 2 2 100 1 3214 5353 3083
10168 2 2 100 1 5705 5720 3429
10169 2 2 100 1 1398 5247 5245
10170 2 2 100 1 3191 5370 4436
10171 2 2 100 1 4090 5388 4280
10172 2 2 100 1 3207 5357 4601
10173 2 2 100 1 4713 5366 2344
10174 2 2 100 1 2589 5249 2588
10175 2 2 100 1 419 5377 205
10176 2 2 100 1 569 5376 4258
10177 2 2 100 1 557 5565 4142
10178 2 2 100 1 2908 5371 3215
10179 2 2 100 1 3351 5371 2906
10180 2 2 100 1 4872 5360 2262
10181 2 2 100 1 5448 5547 3219
10182 2 2 100 1 4708 5247 1398
10183 2 2 100 1 4166 5345 4164
10184 2 2 100 1 4341 5251 427
10185 2 2 100 1 2012 5310 4596
10186 2 2 100 1 2891 5250 2876
10187 2 2 100 1 3178 5248 2511
10188 2 2 100 1 2012 5314 5310
10189 2 2 100 1 4279 5252 2643
10190 2 2 100 1 3209 5365 2441
10191 2 2 100 1 3586 5315 3585
10192 2 2 100 1 4445 5536 2445
10193 2 2 100 1 1675 5253 5243
10194 2 2 100 1 2440 5365 2499
10195 2 2 100 1 2219 5374 2528
10196 2 2 100 1 5250 5256 2876
10197 2 2 100 1 2883 5378 2885
10198 2 2 100 1 482 5255 3883
10199 2 2 100 1 3431 5709 1815
10200 2 2 100 1 359 5254 358
10201 2 2 100 1 4743 5253 1675
10202 2 2 100 1 3465 5268 3602
10203 2 2 100 1 2876 5256 4463
10204 2 2 100 1 4736 5372 2438
10205 2 2 100 1 468 5380 132
10206 2 2 100 1 131 5380 581
10207 2 2 100 1 5252 5258 2643
10208 2 2 100 1 2453 5319 5316
10209 2 2 100 1 1736 5272 5162
10210 2 2 100 1 2301 5257 2878
10211 2 2 100 1 4494 5314 2012
10212 2 2 100 1 4743 5263 5253
10213 2 2 100 1 3582 5382 2943
10214 2 2 100 1 4220 5384 4218
10215 2 2 100 1 4841 5346 3099
10216 2 2 100 1 2643 5258 4052
10217 2 2 100 1 2223 5245 5238
10218 2 2 100 1 2118 5497 4478
10219 2 2 100 1 5155 5507 516
10220 2 2 100 1 5112 5216 3334
10221 2 2 100 1 3196 5260 3324
10222 2 2 100 1 440 5270 3994
10223 2 2 100 1 4494 5316 5314
10224 2 2 100 1 4168 5262 4163
10225 2 2 100 1 3391 5661 5405
10226 2 2 100 1 5231 5269 1219
10227 2 2 100 1 477 5650 5179
10228 2 2 100 1 3478 5370 4869
10229 2 2 100 1 2453 5316 4494
10230 2 2 100 1 5138 5426 165
10231 2 2 100 1 2977 5379 4872
10232 2 2 100 1 2808 5263 4743
10233 2 2 100 1 2808 5266 5263
10234 2 2 100 1 46 5265 47
10235 2 2 100 1 3008 5387 3262
10236 2 2 100 1 432 5385 3508
10237 2 2 100 1 5234 5386 4091
10238 2 2 100 1 3165 5324 5128
10239 2 2 100 1 3175 5266 2808
10240 2 2 100 1 3204 5279 5272
10241 2 2 100 1 536 5529 4516
10242 2 2 100 1 2299 5281 2242
10243 2 2 100 1 4428 5626 4427
10244 2 2 100 1 343 5267 342
10245 2 2 100 1 418 5295 417
10246 2 2 100 1 5271 5725 3874
10247 2 2 100 1 4366 5278 431
10248 2 2 100 1 2543 5533 5503
10249 2 2 100 1 4942 5489 5434
10250 2 2 100 1 3539 5389 2947
10251 2 2 100 1 1212 5273 4686
10252 2 2 100 1 3088 5269 4683
10253 2 2 100 1 3303 5404 5133
10254 2 2 100 1 3998 5399 2636
10255 2 2 100 1 4723 5270 3181
10256 2 2 100 1 3939 5394 3942
10257 2 2 100 1 4258 5643 441
10258 2 2 100 1 3164 5319 2453
10259 2 2 100 1 2240 5391 2299
10260 2 2 100 1 2612 5271 2610
10261 2 2 100 1 3890 5401 3891
10262 2 2 100 1 4686 5273 4687
10263 2 2 100 1 5169 5658 442
10264 2 2 100 1 3429 5274 526
10265 2 2 100 1 3136 5399 2455
10266 2 2 100 1 3297 5451 445
10267 2 2 100 1 2803 5395 3430
10268 2 2 100 1 4152 5294 4084
10269 2 2 100 1 2807 5396 3328
10270 2 2 100 1 3440 5601 2512
10271 2 2 100 1 2818 5396 2805
10272 2 2 100 1 3090 5535 4209
10273 2 2 100 1 2439 5276 3166
10274 2 2 100 1 2572 5275 3465
10275 2 2 100 1 3109 5397 2467
10276 2 2 100 1 2465 5397 3137
10277 2 2 100 1 1691 5403 1387
10278 2 2 100 1 2489 5400 3127
10279 2 2 100 1 316 5277 315
10280 2 2 100 1 3390 5475 493
10281 2 2 100 1 3714 5404 3015
10282 2 2 100 1 468 5644 3493
10283 2 2 100 1 3204 5272 4854
10284 2 2 100 1 2516 5395 4755
10285 2 2 100 1 4240 5581 4693
10286 2 2 100 1 2925 5361 5143
10287 2 2 100 1 3799 5419 538
10288 2 2 100 1 554 5515 3992
10289 2 2 100 1 2871 5278 2869
10290 2 2 100 1 3203 5279 3204
10291 2 2 100 1 4401 5554 4633
10292 2 2 100 1 542 5699 3849
10293 2 2 100 1 5027 5479 3658
10294 2 2 100 1 4532 5431 3118
10295 2 2 100 1 481 5280 3313
10296 2 2 100 1 3698 5398 3697
10297 2 2 100 1 4324 5427 4205
10298 2 2 100 1 3014 5411 4155
10299 2 2 100 1 3968 5320 3423
10300 2 2 100 1 3180 5527 5226
10301 2 2 100 1 404 5410 403
10302 2 2 100 1 1918 5409 1534
10303 2 2 100 1 1263 5409 1737
10304 2 2 100 1 3594 5687 1171
10305 2 2 100 1 4382 5696 4479
10306 2 2 100 1 2438 5372 5157
10307 2 2 100 1 2484 5422 2941
10308 2 2 100 1 3864 5429 2275
10309 2 2 100 1 4084 5294 4101
10310 2 2 100 1 2323 5284 2321
10311 2 2 100 1 2002 5418 1985
10312 2 2 100 1 1942 5282 1944
10313 2 2 100 1 3273 5426 5138
10314 2 2 100 1 5251 5670 4301
10315 2 2 100 1 2885 5378 5168
10316 2 2 100 1 4807 5667 514
10317 2 2 100 1 1982 5418 1981
10318 2 2 100 1 393 5420 477
10319 2 2 100 1 559 5420 394
10320 2 2 100 1 3112 5408 3111
10321 2 2 100 1 3793 5624 3794
10322 2 2 100 1 3794 5438 539
10323 2 2 100 1 4115 5424 478
10324 2 2 100 1 3408 5417 3143
10325 2 2 100 1 5201 5628 3228
10326 2 2 100 1 269 5285 4429
10327 2 2 100 1 220 5286 585
10328 2 2 100 1 2509 5421 2508
10329 2 2 100 1 3181 5531 3150
10330 2 2 100 1 2272 5415 4539
10331 2 2 100 1 4935 5374 3115
10332 2 2 100 1 4706 5413 3158
10333 2 2 100 1 3325 5421 2666
10334 2 2 100 1 428 5441 4032
10335 2 2 100 1 164 5426 434
10336 2 2 100 1 4204 5427 4209
10337 2 2 100 1 2877 5261 5257
10338 2 2 100 1 4884 5283 2490
10339 2 2 100 1 192 5287 191
10340 2 2 100 1 4383 5696 4382
10341 2 2 100 1 4425 5464 5389
10342 2 2 100 1 4142 5337 4141
10343 2 2 100 1 5184 5544 1755
10344 2 2 100 1 226 5430 225
10345 2 2 100 1 2901 5308 5307
10346 2 2 100 1 2926 5350 4537
10347 2 2 100 1 202 5289 201
10348 2 2 100 1 3258 5651 3257
10349 2 2 100 1 2886 5281 5276
10350 2 2 100 1 2895 5337 5077
10351 2 2 100 1 2083 5290 2085
10352 2 2 100 1 5060 5375 3123
10353 2 2 100 1 3258 5462 4118
10354 2 2 100 1 2886 5269 5231
10355 2 2 100 1 492 5293 4566
10356 2 2 100 1 2446 5291 2595
10357 2 2 100 1 1905 5440 1904
10358 2 2 100 1 3866 5414 455
10359 2 2 100 1 4957 5451 3255
10360 2 2 100 1 4873 5288 3961
10361 2 2 100 1 3465 5275 5268
10362 2 2 100 1 209 5292 208
10363 2 2 100 1 3946 5441 3945
10364 2 2 100 1 4415 5443 4417
10365 2 2 100 1 3495 5333 3197
10366 2 2 100 1 3224 5479 5027
10367 2 2 100 1 4170 5582 2923
10368 2 2 100 1 1917 5439 3789
10369 2 2 100 1 3501 5615 1732
10370 2 2 100 1 4413 5443 4411
10371 2 2 100 1 1942 5301 5282
10372 2 2 100 1 5430 5679 532
10373 2 2 100 1 1381 5620 5203
10374 2 2 100 1 4808 5512 3316
10375 2 2 100 1 4653 5435 1918
10376 2 2 100 1 3790 5297 483
10377 2 2 100 1 251 5296 250
10378 2 2 100 1 3595 5475 3154
10379 2 2 100 1 533 5447 322
10380 2 2 100 1 4023 5477 509
10381 2 2 100 1 4596 5310 2901
10382 2 2 100 1 4100 5437 2314
10383 2 2 100 1 3418 5377 3417
10384 2 2 100 1 453 5550 3435
10385 2 2 100 1 265 5448 491
10386 2 2 100 1 5260 5408 429
10387 2 2 100 1 4386 5450 580
10388 2 2 100 1 4209 5648 3090
10389 2 2 100 1 4365 5450 4366
10390 2 2 100 1 445 5451 4957
10391 2 2 100 1 3761 5460 3762
10392 2 2 100 1 2987 5445 2985
10393 2 2 100 1 4337 5455 245
10394 2 2 100 1 467 5564 4348
10395 2 2 100 1 244 5455 513
10396 2 2 100 1 453 5457 376
10397 2 2 100 1 4199 5458 2866
10398 2 2 100 1 4208 5535 1746
10399 2 2 100 1 3001 5461 2482
10400 2 2 100 1 3444 5697 509
10401 2 2 100 1 1705 5456 1746
10402 2 2 100 1 5066 5367 3265
10403 2 2 100 1 586 5299 4433
10404 2 2 100 1 5400 5495 3127
10405 2 2 100 1 2335 5298 2289
10406 2 2 100 1 3383 5725 5271
10407 2 2 100 1 5265 5545 3357
10408 2 2 100 1 4815 5456 1704
10409 2 2 100 1 4386 5524 3149
10410 2 2 100 1 321 5300 320
10411 2 2 100 1 3395 5595 4173
10412 2 2 100 1 2493 5462 3258
10413 2 2 100 1 1210 5472 1216
10414 2 2 100 1 5473 5630 433
10415 2 2 100 1 1737 5462 2180
10416 2 2 100 1 2893 5444 4397
10417 2 2 100 1 1940 5301 1942
10418 2 2 100 1 4407 5474 5178
10419 2 2 100 1 3684 5302 2642
10420 2 2 100 1 2302 5304 3806
10421 2 2 100 1 437 5553 4555
10422 2 2 100 1 3335 5384 3336
10423 2 2 100 1 2249 5478 1807
10424 2 2 100 1 2976 5303 2977
10425 2 2 100 1 193 5480 479
10426 2 2 100 1 547 5480 194
10427 2 2 100 1 2038 5305 4171
10428 2 2 100 1 4417 5666 4478
10429 2 2 100 1 5339 5350 4058
10430 2 2 100 1 2945 5479 3582
10431 2 2 100 1 3167 5580 3884
10432 2 2 100 1 579 5474 4407
10433 2 2 100 1 1692 5478 1691
10434 2 2 100 1 4236 5619 4237
10435 2 2 100 1 1885 5467 1698
10436 2 2 100 1 4796 5482 3798
10437 2 2 100 1 2724 5325 5320
10438 2 2 100 1 3228 5571 5364
10439 2 2 100 1 4210 5486 447
10440 2 2 100 1 1195 5491 1210
10441 2 2 100 1 3380 5546 3377
10442 2 2 100 1 4394 5483 4395
10443 2 2 100 1 5203 5393 1690
10444 2 2 100 1 3809 5500 502
10445 2 2 100 1 350 5686 5155
10446 2 2 100 1 3377 5546 3872
10447 2 2 100 1 1164 5485 1171
10448 2 2 100 1 392 5487 391
10449 2 2 100 1 5257 5261 2878
10450 2 2 100 1 2901 5307 2449
10451 2 2 100 1 2675 5308 3169
10452 2 2 100 1 3701 5490 530
10453 2 2 100 1 3980 5700 3407
10454 2 2 100 1 2626 5596 3547
10455 2 2 100 1 252 5492 429
10456 2 2 100 1 530 5490 125
10457 2 2 100 1 124 5490 587
10458 2 2 100 1 2927 5309 2928
10459 2 2 100 1 3220 5499 3260
10460 2 2 100 1 4385 5497 4383
10461 2 2 100 1 4348 5495 574
10462 2 2 100 1 3860 5391 3859
10463 2 2 100 1 4239 5501 4235
10464 2 2 100 1 493 5604 3469
10465 2 2 100 1 3334 5484 2856
10466 2 2 100 1 5399 5493 2636
10467 2 2 100 1 230 5312 229
10468 2 2 100 1 5310 5314 3169
10469 2 2 100 1 2960 5504 2923
10470 2 2 100 1 2395 5502 2401
10471 2 2 100 1 3992 5511 510
10472 2 2 100 1 5114 5608 1968
10473 2 2 100 1 2928 5496 3004
10474 2 2 100 1 2461 5311 4712
10475 2 2 100 1 5316 5319 2922
10476 2 2 100 1 3744 5316 2922
10477 2 2 100 1 3216 5513 3130
10478 2 2 100 1 3169 5314 3744
10479 2 2 100 1 2758 5506 4815
10480 2 2 100 1 529 5488 4431
10481 2 2 100 1 1190 5313 1189
10482 2 2 100 1 2656 5512 4459
10483 2 2 100 1 3937 5518 3938
10484 2 2 100 1 3235 5544 5184
10485 2 2 100 1 2456 5522 1924
10486 2 2 100 1 5314 5316 3744
10487 2 2 100 1 4432 5519 524
10488 2 2 100 1 1237 5472 4804
10489 2 2 100 1 3474 5317 3292
10490 2 2 100 1 3861 5432 464
10491 2 2 100 1 2760 5516 2935
10492 2 2 100 1 2265 5512 4808
10493 2 2 100 1 4129 5527 4130
10494 2 2 100 1 4237 5532 4406
10495 2 2 100 1 3872 5546 3873
10496 2 2 100 1 2922 5319 2902
10497 2 2 100 1 4127 5318 1355
10498 2 2 100 1 3401 5432 3858
10499 2 2 100 1 2598 5523 2256
10500 2 2 100 1 2254 5523 4548
10501 2 2 100 1 2539 5533 2540
10502 2 2 100 1 2724 5320 5101
10503 2 2 100 1 5318 5322 1355
10504 2 2 100 1 3184 5510 3075
10505 2 2 100 1 3252 5670 5251
10506 2 2 100 1 3975 5540 3976
10507 2 2 100 1 5431 5525 3118
10508 2 2 100 1 4799 5590 2762
10509 2 2 100 1 168 5321 167
10510 2 2 100 1 1753 5544 2302
10511 2 2 100 1 138 5537 137
10512 2 2 100 1 1355 5322 2246
10513 2 2 100 1 3266 5538 2519
10514 2 2 100 1 4004 5323 3199
10515 2 2 100 1 3827 5581 3963
10516 2 2 100 1 553 5489 4942
10517 2 2 100 1 2580 5551 2583
10518 2 2 100 1 2035 5538 2037
10519 2 2 100 1 5305 5307 4171
10520 2 2 100 1 227 5543 226
10521 2 2 100 1 561 5550 378
10522 2 2 100 1 377 5550 453
10523 2 2 100 1 534 5547 267
10524 2 2 100 1 3942 5621 3944
10525 2 2 100 1 5203 5620 3381
10526 2 2 100 1 4403 5554 4400
10527 2 2 100 1 4717 5535 3090
10528 2 2 100 1 344 5568 523
10529 2 2 100 1 535 5568 345
10530 2 2 100 1 2003 5324 4585
10531 2 2 100 1 3000 5549 3713
10532 2 2 100 1 5155 5686 3411
10533 2 2 100 1 3157 5539 3340
10534 2 2 100 1 3215 5555 2911
10535 2 2 100 1 520 5586 3917
10536 2 2 100 1 2894 5556 2895
10537 2 2 100 1 1696 5325 2724
10538 2 2 100 1 3995 5596 2626
10539 2 2 100 1 3920 5402 2499
10540 2 2 100 1 1889 5548 4799
10541 2 2 100 1 2003 5326 5324
10542 2 2 100 1 2941 5414 3750
10543 2 2 100 1 2358 5561 3183
10544 2 2 100 1 2230 5561 1877
10545 2 2 100 1 4067 5600 4144
10546 2 2 100 1 5287 5610 544
10547 2 2 100 1 1696 5328 5325
10548 2 2 100 1 3230 5671 3232
10549 2 2 100 1 571 5327 4338
10550 2 2 100 1 4756 5578 3339
10551 2 2 100 1 5156 5458 2444
10552 2 2 100 1 3426 5457 3425
10553 2 2 100 1 1899 5562 2283
10554 2 2 100 1 2958 5549 3000
10555 2 2 100 1 4580 5326 2003
10556 2 2 100 1 4806 5460 537
10557 2 2 100 1 4015 5597 5115
10558 2 2 100 1 4293 5572 1815
10559 2 2 100 1 2516 5693 5395
10560 2 2 100 1 3437 5442 3679
10561 2 2 100 1 4133 5590 4134
10562 2 2 100 1 254 5576 253
10563 2 2 100 1 5453 5496 3256
10564 2 2 100 1 3311 5608 5114
10565 2 2 100 1 3028 5596 1773
10566 2 2 100 1 1872 5328 1696
10567 2 2 100 1 3926 5612 3936
10568 2 2 100 1 2326 5611 3978
10569 2 2 100 1 4224 5594 4225
10570 2 2 100 1 5101 5320 3968
10571 2 2 100 1 405 5588 404
10572 2 2 100 1 2864 5645 3755
10573 2 2 100 1 4580 5329 5326
10574 2 2 100 1 2923 5582 2220
10575 2 2 100 1 2146 5582 2340
10576 2 2 100 1 581 5603 4397
10577 2 2 100 1 2013 5329 4580
10578 2 2 100 1 3854 5633 480
10579 2 2 100 1 3274 5517 4276
10580 2 2 100 1 1386 5620 1383
10581 2 2 100 1 1966 5608 2326
10582 2 2 100 1 4758 5560 2195
10583 2 2 100 1 282 5598 452
10584 2 2 100 1 4173 5595 4437
10585 2 2 100 1 5212 5665 2818
10586 2 2 100 1 3791 5688 497
10587 2 2 100 1 4242 5436 567
10588 2 2 100 1 4523 5331 3152
10589 2 2 100 1 467 5654 5564
10590 2 2 100 1 123 5605 4
10591 2 2 100 1 4 5605 270
10592 2 2 100 1 222 5606 6
10593 2 2 100 1 6 5606 418
10594 2 2 100 1 5 5607 221
10595 2 2 100 1 271 5607 5
10596 2 2 100 1 2013 5334 5329
10597 2 2 100 1 5276 5281 3166
10598 2 2 100 1 395 5623 559
10599 2 2 100 1 472 5623 396
10600 2 2 100 1 1886 5332 1885
10601 2 2 100 1 5331 5336 3152
10602 2 2 100 1 2832 5720 2487
10603 2 2 100 1 4427 5626 276
10604 2 2 100 1 494 5686 351
10605 2 2 100 1 275 5626 529
10606 2 2 100 1 2485 5616 2952
10607 2 2 100 1 4571 5619 2222
10608 2 2 100 1 305 5629 304
10609 2 2 100 1 1941 5700 3980
10610 2 2 100 1 2941 5726 3475
10611 2 2 100 1 2293 5700 1943
10612 2 2 100 1 3943 5632 3946
10613 2 2 100 1 4579 5334 2013
10614 2 2 100 1 4018 5659 4019
10615 2 2 100 1 3840 5353 489
10616 2 2 100 1 197 5673 466
10617 2 2 100 1 548 5673 198
10618 2 2 100 1 5347 5637 512
10619 2 2 100 1 1171 5687 1178
10620 2 2 100 1 203 5649 549
10621 2 2 100 1 4889 5577 2327
10622 2 2 100 1 2878 5570 3252
10623 2 2 100 1 3246 5335 3248
10624 2 2 100 1 4540 5618 4693
10625 2 2 100 1 437 5653 4270
10626 2 2 100 1 4164 5345 4167
10627 2 2 100 1 575 5683 284
10628 2 2 100 1 2985 5714 2982
10629 2 2 100 1 3152 5336 3180
10630 2 2 100 1 578 5644 134
10631 2 2 100 1 133 5644 468
10632 2 2 100 1 2991 5446 4225
10633 2 2 100 1 568 5338 139
10634 2 2 100 1 2417 5682 4524
10635 2 2 100 1 3289 5664 3285
10636 2 2 100 1 4579 5339 5334
10637 2 2 100 1 126 5655 530
10638 2 2 100 1 5077 5337 4527
10639 2 2 100 1 2837 5641 2288
10640 2 2 100 1 3288 5660 3289
10641 2 2 100 1 2835 5482 4796
10642 2 2 100 1 2423 5701 2422
10643 2 2 100 1 2014 5339 4579
10644 2 2 100 1 3340 5697 3159
10645 2 2 100 1 3287 5642 3323
10646 2 2 100 1 4478 5666 4480
10647 2 2 100 1 2765 5704 4572
10648 2 2 100 1 5283 5400 2490
10649 2 2 100 1 3650 5351 2311
10650 2 2 100 1 3068 5641 4633
10651 2 2 100 1 3352 5610 4768
10652 2 2 100 1 3013 5692 3014
10653 2 2 100 1 3579 5342 3128
10654 2 2 100 1 590 5703 591
10655 2 2 100 1 4977 5494 3331
10656 2 2 100 1 1700 5597 4840
10657 2 2 100 1 5178 5474 3109
10658 2 2 100 1 3166 5580 3167
10659 2 2 100 1 4166 5578 2149
10660 2 2 100 1 3401 5675 4685
10661 2 2 100 1 390 5344 558
10662 2 2 100 1 2567 5599 5005
10663 2 2 100 1 4405 5616 4403
10664 2 2 100 1 4949 5340 2903
10665 2 2 100 1 4569 5345 2139
10666 2 2 100 1 120 5628 451
10667 2 2 100 1 3243 5348 3245
10668 2 2 100 1 2888 5587 4271
10669 2 2 100 1 3253 5347 2930
10670 2 2 100 1 4172 5349 1028
10671 2 2 100 1 4058 5350 4057
10672 2 2 100 1 5248 5330 3214
10673 2 2 100 1 2831 5624 4782
10674 2 2 100 1 4015 5682 5597
10675 2 2 100 1 5349 5354 1028
10676 2 2 100 1 2190 5346 4841
10677 2 2 100 1 3333 5691 3445
10678 2 2 100 1 3319 5352 3295
10679 2 2 100 1 2311 5351 4612
10680 2 2 100 1 4130 5712 2935
10681 2 2 100 1 7 5614 319
10682 2 2 100 1 320 5614 7
10683 2 2 100 1 1028 5354 4191
10684 2 2 100 1 4131 5516 4133
10685 2 2 100 1 2351 5355 3007
10686 2 2 100 1 3469 5604 3162
10687 2 2 100 1 1881 5359 3698
10688 2 2 100 1 3083 5353 3352
10689 2 2 100 1 589 5464 4425
10690 2 2 100 1 3753 5363 1197
10691 2 2 100 1 3090 5648 4886
10692 2 2 100 1 2942 5613 2973
10693 2 2 100 1 2774 5356 2798
10694 2 2 100 1 4601 5357 3171
10695 2 2 100 1 3366 5552 3502
10696 2 2 100 1 1978 5362 1976
10697 2 2 100 1 4422 5470 4420
10698 2 2 100 1 2438 5361 2437
10699 2 2 100 1 2262 5360 4664
10700 2 2 100 1 3676 5364 3028
10701 2 2 100 1 4904 5647 3402
10702 2 2 100 1 572 5670 5051
10703 2 2 100 1 2344 5366 2343
10704 2 2 100 1 586 5406 5299
10705 2 2 100 1 2864 5622 3443
10706 2 2 100 1 509 5368 306
10707 2 2 100 1 128 5369 127
10708 2 2 100 1 3120 5367 5066
10709 2 2 100 1 2441 5365 2440
10710 2 2 100 1 5280 5466 3313
10711 2 2 100 1 5190 5558 3828
10712 2 2 100 1 3188 5636 5076
10713 2 2 100 1 429 5492 5260
10714 2 2 100 1 2906 5371 2908
10715 2 2 100 1 3170 5563 5131
10716 2 2 100 1 3944 5621 5247
10717 2 2 100 1 2885 5372 4736
10718 2 2 100 1 4041 5665 5212
10719 2 2 100 1 3115 5374 2219
10720 2 2 100 1 3348 5588 5278
10721 2 2 100 1 4869 5370 3191
10722 2 2 100 1 5115 5597 1700
10723 2 2 100 1 553 5574 5489
10724 2 2 100 1 4343 5376 569
10725 2 2 100 1 205 5377 204
10726 2 2 100 1 2314 5341 5114
10727 2 2 100 1 3335 5638 5384
10728 2 2 100 1 3804 5541 5364
10729 2 2 100 1 3312 5721 3337
10730 2 2 100 1 2477 5672 5027
10731 2 2 100 1 2989 5378 2883
10732 2 2 100 1 534 5636 5547
10733 2 2 100 1 4424 5470 532
10734 2 2 100 1 5031 5587 2888
10735 2 2 100 1 2222 5501 4598
10736 2 2 100 1 132 5380 131
10737 2 2 100 1 3826 5562 3827
10738 2 2 100 1 566 5446 4326
10739 2 2 100 1 5190 5727 3350
10740 2 2 100 1 4782 5500 3179
10741 2 2 100 1 2980 5558 5190
10742 2 2 100 1 3750 5414 3866
10743 2 2 100 1 3286 5592 5437
10744 2 2 100 1 1904 5526 1809
10745 2 2 100 1 2901 5310 5308
10746 2 2 100 1 5205 5390 2259
10747 2 2 100 1 2275 5656 5184
10748 2 2 100 1 2943 5382 2942
10749 2 2 100 1 452 5598 5228
10750 2 2 100 1 5249 5575 2751
10751 2 2 100 1 1784 5398 3548
10752 2 2 100 1 3210 5375 5060
10753 2 2 100 1 36 5381 449
10754 2 2 100 1 4347 5433 3193
10755 2 2 100 1 4588 5635 2598
10756 2 2 100 1 4804 5472 3413
10757 2 2 100 1 4239 5618 1762
10758 2 2 100 1 4218 5384 448
10759 2 2 100 1 2474 5433 4347
10760 2 2 100 1 321 5447 5300
10761 2 2 100 1 3004 5453 3562
10762 2 2 100 1 4353 5722 2621
10763 2 2 100 1 5539 5629 3340
10764 2 2 100 1 5446 5695 4326
10765 2 2 100 1 3441 5392 3250
10766 2 2 100 1 3548 5398 3441
10767 2 2 100 1 2981 5460 4806
10768 2 2 100 1 4169 5504 472
10769 2 2 100 1 5274 5720 2832
10770 2 2 100 1 2952 5519 3200
10771 2 2 100 1 3214 5640 5353
10772 2 2 100 1 535 5549 3522
10773 2 2 100 1 39 5385 432
10774 2 2 100 1 4397 5444 4396
10775 2 2 100 1 3512 5728 22
10776 2 2 100 1 3154 5475 5355
10777 2 2 100 1 5179 5650 3450
10778 2 2 100 1 5373 5485 1202
10779 2 2 100 1 4536 5386 2005
10780 2 2 100 1 571 5431 5327
10781 2 2 100 1 3178 5330 5248
10782 2 2 100 1 4382 5524 4380
10783 2 2 100 1 1732 5615 3699
10784 2 2 100 1 4536 5388 5386
10785 2 2 100 1 3297 5600 5451
10786 2 2 100 1 3007 5387 3008
10787 2 2 100 1 1193 5423 3950
10788 2 2 100 1 3155 5701 3938
10789 2 2 100 1 3822 5579 2528
10790 2 2 100 1 3235 5656 3233
10791 2 2 100 1 3932 5390 3930
10792 2 2 100 1 2947 5389 2949
10793 2 2 100 1 3457 5388 4536
10794 2 2 100 1 5247 5621 4477
10795 2 2 100 1 3346 5610 5287
10796 2 2 100 1 3118 5525 4547
10797 2 2 100 1 5308 5310 3169
10798 2 2 100 1 4396 5444 504
10799 2 2 100 1 2239 5391 2240
10800 2 2 100 1 3697 5398 1784
10801 2 2 100 1 2636 5493 3958
10802 2 2 100 1 5358 5461 3001
10803 2 2 100 1 1690 5393 3872
10804 2 2 100 1 495 5727 5190
10805 2 2 100 1 2272 5646 5415
10806 2 2 100 1 3950 5423 3951
10807 2 2 100 1 5270 5577 3994
10808 2 2 100 1 3979 5630 3206
10809 2 2 100 1 3938 5394 3939
10810 2 2 100 1 4136 5463 561
10811 2 2 100 1 5390 5413 2259
10812 2 2 100 1 2805 5396 2807
10813 2 2 100 1 3286 5437 4656
10814 2 2 100 1 4755 5395 2803
10815 2 2 100 1 4374 5654 467
10816 2 2 100 1 5005 5573 2950
10817 2 2 100 1 4723 5577 5270
10818 2 2 100 1 4551 5702 570
10819 2 2 100 1 2467 5397 2465
10820 2 2 100 1 2455 5399 3998
10821 2 2 100 1 3075 5401 3890
10822 2 2 100 1 3429 5720 5274
10823 2 2 100 1 4225 5446 566
10824 2 2 100 1 5598 5683 3396
10825 2 2 100 1 2490 5400 2489
10826 2 2 100 1 1771 5404 3714
10827 2 2 100 1 5116 5524 4382
10828 2 2 100 1 5076 5698 3702
10829 2 2 100 1 3363 5442 3437
10830 2 2 100 1 5095 5468 3934
10831 2 2 100 1 3958 5481 2293
10832 2 2 100 1 4137 5548 4138
10833 2 2 100 1 3000 5713 3203
10834 2 2 100 1 1387 5403 1386
10835 2 2 100 1 3490 5681 2583
10836 2 2 100 1 4138 5463 4136
10837 2 2 100 1 5228 5598 3396
10838 2 2 100 1 3418 5649 5377
10839 2 2 100 1 2946 5720 5705
10840 2 2 100 1 3930 5390 5205
10841 2 2 100 1 3185 5559 5306
10842 2 2 100 1 5241 5553 4333
10843 2 2 100 1 4019 5659 5332
10844 2 2 100 1 3176 5405 3177
10845 2 2 100 1 455 5530 3866
10846 2 2 100 1 5416 5706 3314
10847 2 2 100 1 3328 5465 3175
10848 2 2 100 1 4693 5581 2247
10849 2 2 100 1 5226 5724 2897
10850 2 2 100 1 5437 5592 5341
10851 2 2 100 1 4431 5406 586
10852 2 2 100 1 4032 5574 553
10853 2 2 100 1 5367 5434 3265
10854 2 2 100 1 3858 5432 3861
10855 2 2 100 1 3014 5692 5343
10856 2 2 100 1 548 5534 3486
10857 2 2 100 1 4271 5653 2888
10858 2 2 100 1 5278 5588 431
10859 2 2 100 1 481 5690 5280
10860 2 2 100 1 5368 5697 3340
10861 2 2 100 1 2528 5579 2497
10862 2 2 100 1 471 5407 68
10863 2 2 100 1 5636 5698 5076
10864 2 2 100 1 567 5436 4332
10865 2 2 100 1 3176 5412 5405
10866 2 2 100 1 3386 5575 5249
10867 2 2 100 1 5391 5675 3859
10868 2 2 100 1 5384 5638 448
10869 2 2 100 1 5432 5719 464
10870 2 2 100 1 4348 5564 5495
10871 2 2 100 1 1534 5409 1263
10872 2 2 100 1 442 5658 3489
10873 2 2 100 1 2508 5509 2442
10874 2 2 100 1 3789 5412 3176
10875 2 2 100 1 4155 5411 2096
10876 2 2 100 1 5315 5367 3120
10877 2 2 100 1 3232 5469 3235
10878 2 2 100 1 5184 5656 3235
10879 2 2 100 1 403 5410 563
10880 2 2 100 1 5525 5627 4547
10881 2 2 100 1 4295 5495 5400
10882 2 2 100 1 3376 5520 3379
10883 2 2 100 1 3359 5591 486
10884 2 2 100 1 2888 5653 4555
10885 2 2 100 1 2259 5413 4706
10886 2 2 100 1 4042 5531 555
10887 2 2 100 1 5395 5693 3855
10888 2 2 100 1 5394 5701 2423
10889 2 2 100 1 538 5419 3810
10890 2 2 100 1 3294 5717 4808
10891 2 2 100 1 3217 5593 3216
10892 2 2 100 1 3143 5417 3145
10893 2 2 100 1 1985 5418 1982
10894 2 2 100 1 4539 5415 4285
10895 2 2 100 1 3805 5541 3804
10896 2 2 100 1 3111 5408 5052
10897 2 2 100 1 394 5420 393
10898 2 2 100 1 5167 5713 3000
10899 2 2 100 1 2666 5421 2509
10900 2 2 100 1 5389 5464 2949
10901 2 2 100 1 5244 5423 1193
10902 2 2 100 1 3587 5434 3586
10903 2 2 100 1 3058 5422 2484
10904 2 2 100 1 2442 5509 2837
10905 2 2 100 1 478 5424 4304
10906 2 2 100 1 4935 5639 5374
10907 2 2 100 1 3586 5367 5315
10908 2 2 100 1 2935 5712 5336
10909 2 2 100 1 165 5426 164
10910 2 2 100 1 4205 5427 4204
10911 2 2 100 1 3123 5695 5446
10912 2 2 100 1 5303 5379 2977
10913 2 2 100 1 3865 5429 3864
10914 2 2 100 1 3178 5566 5330
10915 2 2 100 1 3177 5542 5309
10916 2 2 100 1 3541 5493 5399
10917 2 2 100 1 5317 5663 3292
10918 2 2 100 1 225 5430 532
10919 2 2 100 1 4259 5431 571
10920 2 2 100 1 5260 5492 3324
10921 2 2 100 1 5235 5514 4588
10922 2 2 100 1 4272 5587 2812
10923 2 2 100 1 5051 5570 3145
10924 2 2 100 1 3400 5432 3401
10925 2 2 100 1 532 5470 4430
10926 2 2 100 1 4240 5618 4239
10927 2 2 100 1 5407 5510 3184
10928 2 2 100 1 3253 5637 5347
10929 2 2 100 1 3458 5532 3459
10930 2 2 100 1 5216 5529 3759
10931 2 2 100 1 3195 5662 4473
10932 2 2 100 1 3914 5534 548
10933 2 2 100 1 5410 5689 563
10934 2 2 100 1 4413 5710 2230
10935 2 2 100 1 4833 5521 3484
10936 2 2 100 1 539 5438 3791
10937 2 2 100 1 3263 5438 3172
10938 2 2 100 1 3945 5441 428
10939 2 2 100 1 2837 5509 5084
10940 2 2 100 1 4305 5724 5226
10941 2 2 100 1 5345 5634 4167
10942 2 2 100 1 2898 5435 4653
10943 2 2 100 1 4633 5554 2486
10944 2 2 100 1 3381 5520 3376
10945 2 2 100 1 4460 5439 1917
10946 2 2 100 1 4572 5436 3211
10947 2 2 100 1 542 5558 4811
10948 2 2 100 1 2544 5602 3511
10949 2 2 100 1 1922 5440 1905
10950 2 2 100 1 5428 5611 2326
10951 2 2 100 1 3380 5718 5546
10952 2 2 100 1 3145 5570 5261
10953 2 2 100 1 3679 5442 3367
10954 2 2 100 1 5344 5651 558
10955 2 2 100 1 4569 5634 5345
10956 2 2 100 1 3762 5445 494
10957 2 2 100 1 3202 5488 4713
10958 2 2 100 1 4411 5443 4415
10959 2 2 100 1 2934 5553 5241
10960 2 2 100 1 4458 5444 2893
10961 2 2 100 1 4460 5449 5439
10962 2 2 100 1 5259 5463 4138
10963 2 2 100 1 3411 5445 2987
10964 2 2 100 1 3123 5446 2991
10965 2 2 100 1 322 5447 321
10966 2 2 100 1 266 5448 265
10967 2 2 100 1 3671 5471 4106
10968 2 2 100 1 3293 5717 3294
10969 2 2 100 1 3255 5451 4068
10970 2 2 100 1 5369 5655 127
10971 2 2 100 1 4516 5529 3132
10972 2 2 100 1 580 5450 4365
10973 2 2 100 1 2457 5449 4460
10974 2 2 100 1 4165 5578 4166
10975 2 2 100 1 5377 5649 204
10976 2 2 100 1 3210 5669 5375
10977 2 2 100 1 2457 5459 5449
10978 2 2 100 1 245 5455 244
10979 2 2 100 1 3132 5529 5216
10980 2 2 100 1 1704 5456 1705
10981 2 2 100 1 4333 5553 437
10982 2 2 100 1 376 5457 375
10983 2 2 100 1 5353 5640 489
10984 2 2 100 1 3216 5593 5223
10985 2 2 100 1 2444 5458 4199
10986 2 2 100 1 3817 5640 5330
10987 2 2 100 1 3490 5551 5498
10988 2 2 100 1 5364 5541 3228
10989 2 2 100 1 537 5460 3761
10990 2 2 100 1 3327 5565 3326
10991 2 2 100 1 2973 5613 5425
10992 2 2 100 1 3128 5508 3742
10993 2 2 100 1 5460 5714 3762
10994 2 2 100 1 5342 5508 3128
10995 2 2 100 1 5444 5729 504
10996 2 2 100 1 2482 5461 2904
10997 2 2 100 1 2499 5459 2457
10998 2 2 100 1 3484 5521 5174
10999 2 2 100 1 3280 5646 4548
11000 2 2 100 1 5224 5521 4833
11001 2 2 100 1 5352 5708 3295
11002 2 2 100 1 4547 5627 3198
11003 2 2 100 1 3586 5434 5367
11004 2 2 100 1 3175 5465 5192
11005 2 2 100 1 2180 5462 2493
11006 2 2 100 1 556 5465 4038
11007 2 2 100 1 2949 5464 3460
11008 2 2 100 1 4259 5525 5431
11009 2 2 100 1 3980 5466 2436
11010 2 2 100 1 2626 5585 2539
11011 2 2 100 1 4420 5470 4424
11012 2 2 100 1 3173 5515 3161
11013 2 2 100 1 4209 5535 4208
11014 2 2 100 1 5355 5475 3390
11015 2 2 100 1 1698 5467 1700
11016 2 2 100 1 1216 5472 1237
11017 2 2 100 1 1922 5522 5440
11018 2 2 100 1 3262 5583 5342
11019 2 2 100 1 3299 5493 3541
11020 2 2 100 1 5192 5465 556
11021 2 2 100 1 3248 5476 3677
11022 2 2 100 1 23 5473 433
11023 2 2 100 1 2239 5675 5391
11024 2 2 100 1 4395 5474 579
11025 2 2 100 1 4380 5524 4386
11026 2 2 100 1 5021 5482 2835
11027 2 2 100 1 3547 5571 3227
11028 2 2 100 1 1807 5478 1692
11029 2 2 100 1 4020 5477 4023
11030 2 2 100 1 3658 5479 2945
11031 2 2 100 1 3203 5507 5279
11032 2 2 100 1 194 5480 193
11033 2 2 100 1 3798 5482 3799
11034 2 2 100 1 452 5483 4394
11035 2 2 100 1 3699 5615 5359
11036 2 2 100 1 1202 5485 1164
11037 2 2 100 1 447 5486 4321
11038 2 2 100 1 4369 5528 578
11039 2 2 100 1 2249 5526 3678
11040 2 2 100 1 477 5487 392
11041 2 2 100 1 5434 5489 3265
11042 2 2 100 1 2856 5484 3209
11043 2 2 100 1 3265 5489 3264
11044 2 2 100 1 3167 5699 4811
11045 2 2 100 1 3344 5667 3182
11046 2 2 100 1 470 5514 5513
11047 2 2 100 1 1197 5491 1195
11048 2 2 100 1 5343 5692 473
11049 2 2 100 1 1809 5526 2249
11050 2 2 100 1 125 5490 124
11051 2 2 100 1 3489 5658 5323
11052 2 2 100 1 253 5492 252
11053 2 2 100 1 5488 5617 4713
11054 2 2 100 1 266 5547 5448
11055 2 2 100 1 574 5495 4295
11056 2 2 100 1 4417 5497 4385
11057 2 2 100 1 502 5500 3793
11058 2 2 100 1 3438 5559 525
11059 2 2 100 1 2299 5580 5281
11060 2 2 100 1 3490 5498 444
11061 2 2 100 1 4235 5501 4236
11062 2 2 100 1 5490 5680 587
11063 2 2 100 1 458 5468 5095
11064 2 2 100 1 2397 5502 2395
11065 2 2 100 1 2096 5625 5290
11066 2 2 100 1 5627 5702 3198
11067 2 2 100 1 4271 5587 4272
11068 2 2 100 1 3199 5658 5169
11069 2 2 100 1 3448 5504 2960
11070 2 2 100 1 5419 5727 3810
11071 2 2 100 1 5466 5540 2436
11072 2 2 100 1 4602 5506 2758
11073 2 2 100 1 1691 5557 5403
11074 2 2 100 1 5412 5433 2474
11075 2 2 100 1 3501 5494 4977
11076 2 2 100 1 5374 5639 3821
11077 2 2 100 1 4548 5646 2272
11078 2 2 100 1 5471 5572 4106
11079 2 2 100 1 5084 5509 4393
11080 2 2 100 1 3713 5549 535
11081 2 2 100 1 5424 5724 4304
11082 2 2 100 1 3493 5528 3494
11083 2 2 100 1 3313 5721 3312
11084 2 2 100 1 3207 5594 5357
11085 2 2 100 1 3369 5461 5358
11086 2 2 100 1 2543 5602 2544
11087 2 2 100 1 5451 5600 4068
11088 2 2 100 1 510 5511 4221
11089 2 2 100 1 5420 5650 477
11090 2 2 100 1 433 5630 3308
11091 2 2 100 1 5197 5515 554
11092 2 2 100 1 4459 5512 2265
11093 2 2 100 1 3400 5719 5432
11094 2 2 100 1 3277 5635 3278
11095 2 2 100 1 446 5518 3937
11096 2 2 100 1 3339 5689 3338
11097 2 2 100 1 37 5517 38
11098 2 2 100 1 3161 5515 5197
11099 2 2 100 1 5380 5603 581
11100 2 2 100 1 2762 5516 2760
11101 2 2 100 1 2583 5681 2899
11102 2 2 100 1 3502 5552 3378
11103 2 2 100 1 5174 5521 547
11104 2 2 100 1 524 5519 4405
11105 2 2 100 1 4020 5567 5477
11106 2 2 100 1 5309 5542 515
11107 2 2 100 1 5425 5476 2973
11108 2 2 100 1 1924 5522 1922
11109 2 2 100 1 5443 5666 4417
11110 2 2 100 1 2497 5579 2889
11111 2 2 100 1 5427 5648 4209
11112 2 2 100 1 2751 5575 3577
11113 2 2 100 1 2256 5523 2254
11114 2 2 100 1 5279 5507 3212
11115 2 2 100 1 4458 5729 5444
11116 2 2 100 1 439 5525 4259
11117 2 2 100 1 3385 5609 3387
11118 2 2 100 1 3231 5671 3230
11119 2 2 100 1 3149 5524 5116
11120 2 2 100 1 3678 5526 3679
11121 2 2 100 1 5415 5646 3281
11122 2 2 100 1 511 5527 4129
11123 2 2 100 1 3759 5529 536
11124 2 2 100 1 4576 5707 3463
11125 2 2 100 1 5489 5574 3264
11126 2 2 100 1 2445 5536 5291
11127 2 2 100 1 2540 5533 2543
11128 2 2 100 1 4406 5532 533
11129 2 2 100 1 3435 5463 5259
11130 2 2 100 1 4370 5536 4369
11131 2 2 100 1 137 5537 425
11132 2 2 100 1 1746 5535 4717
11133 2 2 100 1 3158 5539 3157
11134 2 2 100 1 2519 5538 2035
11135 2 2 100 1 464 5719 5321
11136 2 2 100 1 3828 5558 542
11137 2 2 100 1 2436 5540 3975
11138 2 2 100 1 5551 5718 5498
11139 2 2 100 1 2589 5609 5249
11140 2 2 100 1 2283 5639 4935
11141 2 2 100 1 4412 5710 4413
11142 2 2 100 1 5497 5696 4383
11143 2 2 100 1 3873 5546 2581
11144 2 2 100 1 512 5637 4216
11145 2 2 100 1 1755 5544 1753
11146 2 2 100 1 514 5543 227
11147 2 2 100 1 3326 5565 5292
11148 2 2 100 1 2996 5545 3276
11149 2 2 100 1 3209 5586 5365
11150 2 2 100 1 267 5547 266
11151 2 2 100 1 5255 5699 3167
11152 2 2 100 1 4667 5548 1889
11153 2 2 100 1 378 5550 377
11154 2 2 100 1 2581 5551 2580
11155 2 2 100 1 3558 5711 2936
11156 2 2 100 1 3198 5702 4551
11157 2 2 100 1 3522 5549 2958
11158 2 2 100 1 2314 5437 5341
11159 2 2 100 1 446 5612 5518
11160 2 2 100 1 4400 5554 4401
11161 2 2 100 1 4555 5553 2934
11162 2 2 100 1 3182 5667 4807
11163 2 2 100 1 3368 5684 3369
11164 2 2 100 1 4041 5694 4042
11165 2 2 100 1 2911 5555 4510
11166 2 2 100 1 3417 5556 2894
11167 2 2 100 1 5404 5589 3015
11168 2 2 100 1 4808 5717 3217
11169 2 2 100 1 3379 5520 5403
11170 2 2 100 1 3289 5707 4576
11171 2 2 100 1 270 5605 5285
11172 2 2 100 1 221 5607 5286
11173 2 2 100 1 3516 5652 2620
11174 2 2 100 1 5527 5712 4130
11175 2 2 100 1 3281 5416 5415
11176 2 2 100 1 4811 5558 2980
11177 2 2 100 1 4173 5709 3395
11178 2 2 100 1 5292 5565 557
11179 2 2 100 1 439 5627 5525
11180 2 2 100 1 5341 5592 3310
11181 2 2 100 1 2818 5665 5396
11182 2 2 100 1 3336 5560 4758
11183 2 2 100 1 3431 5584 3356
11184 2 2 100 1 1877 5561 2358
11185 2 2 100 1 2247 5562 1899
11186 2 2 100 1 3171 5563 3170
11187 2 2 100 1 3127 5564 3267
11188 2 2 100 1 2620 5652 5271
11189 2 2 100 1 3963 5581 4240
11190 2 2 100 1 4019 5567 4020
11191 2 2 100 1 345 5568 344
11192 2 2 100 1 5148 5639 2283
11193 2 2 100 1 3200 5569 3201
11194 2 2 100 1 3179 5566 3178
11195 2 2 100 1 3378 5552 5037
11196 2 2 100 1 5298 5693 2516
11197 2 2 100 1 4106 5572 4293
11198 2 2 100 1 3301 5589 3303
11199 2 2 100 1 5426 5631 434
11200 2 2 100 1 3558 5573 457
11201 2 2 100 1 3150 5694 5212
11202 2 2 100 1 504 5729 5369
11203 2 2 100 1 2302 5469 5304
11204 2 2 100 1 573 5576 254
11205 2 2 100 1 3264 5574 3266
11206 2 2 100 1 5422 5452 3251
11207 2 2 100 1 5332 5659 1885
11208 2 2 100 1 3130 5513 5235
11209 2 2 100 1 2149 5578 4756
11210 2 2 100 1 2327 5577 4723
11211 2 2 100 1 3920 5586 520
11212 2 2 100 1 2220 5582 2146
11213 2 2 100 1 4216 5637 5131
11214 2 2 100 1 4134 5590 4137
11215 2 2 100 1 431 5588 405
11216 2 2 100 1 457 5573 5005
11217 2 2 100 1 3276 5591 4353
11218 2 2 100 1 5547 5636 3219
11219 2 2 100 1 456 5594 4224
11220 2 2 100 1 3334 5657 5484
11221 2 2 100 1 5555 5643 4510
11222 2 2 100 1 1773 5596 3995
11223 2 2 100 1 5262 5689 3339
11224 2 2 100 1 4437 5595 2832
11225 2 2 100 1 3275 5672 5499
11226 2 2 100 1 2812 5587 5031
11227 2 2 100 1 3324 5662 3195
11228 2 2 100 1 4167 5634 5221
11229 2 2 100 1 283 5598 282
11230 2 2 100 1 2566 5599 2567
11231 2 2 100 1 4713 5617 5366
11232 2 2 100 1 4068 5600 4067
11233 2 2 100 1 3162 5604 3595
11234 2 2 100 1 3443 5622 3388
11235 2 2 100 1 3213 5603 3491
11236 2 2 100 1 319 5614 589
11237 2 2 100 1 5290 5625 3319
11238 2 2 100 1 3936 5612 446
11239 2 2 100 1 4840 5597 4535
11240 2 2 100 1 587 5605 123
11241 2 2 100 1 588 5606 222
11242 2 2 100 1 4433 5607 271
11243 2 2 100 1 1968 5608 1966
11244 2 2 100 1 3978 5611 3979
11245 2 2 100 1 3228 5541 5201
11246 2 2 100 1 5564 5654 3267
11247 2 2 100 1 458 5629 5539
11248 2 2 100 1 2936 5622 2864
11249 2 2 100 1 1383 5620 1381
11250 2 2 100 1 3459 5619 4571
11251 2 2 100 1 2486 5616 2485
11252 2 2 100 1 3430 5638 3335
11253 2 2 100 1 4768 5610 3346
11254 2 2 100 1 3281 5646 3280
11255 2 2 100 1 1762 5618 4540
11256 2 2 100 1 396 5623 395
11257 2 2 100 1 4477 5621 2423
11258 2 2 100 1 3244 5615 3501
11259 2 2 100 1 5297 5579 3822
11260 2 2 100 1 276 5626 275
11261 2 2 100 1 5309 5496 2928
11262 2 2 100 1 3789 5433 5412
11263 2 2 100 1 4257 5627 439
11264 2 2 100 1 5411 5625 2096
11265 2 2 100 1 5406 5488 3202
11266 2 2 100 1 304 5629 458
11267 2 2 100 1 5422 5726 2941
11268 2 2 100 1 4424 5679 3183
11269 2 2 100 1 3276 5545 5265
11270 2 2 100 1 3944 5632 3943
11271 2 2 100 1 480 5633 3800
11272 2 2 100 1 3821 5639 5148
11273 2 2 100 1 3271 5631 3273
11274 2 2 100 1 5597 5682 4535
11275 2 2 100 1 283 5683 5598
11276 2 2 100 1 448 5638 5254
11277 2 2 100 1 3755 5645 2844
11278 2 2 100 1 3433 5674 5289
11279 2 2 100 1 4039 5665 4041
11280 2 2 100 1 2340 5634 4569
11281 2 2 100 1 3279 5706 3281
11282 2 2 100 1 3702 5680 3701
11283 2 2 100 1 3295 5708 438
11284 2 2 100 1 5024 5624 2831
11285 2 2 100 1 470 5676 5514
11286 2 2 100 1 3219 5636 3188
11287 2 2 100 1 489 5640 3817
11288 2 2 100 1 5405 5661 3177
11289 2 2 100 1 2889 5579 5297
11290 2 2 100 1 4257 5702 5627
11291 2 2 100 1 3918 5657 505
11292 2 2 100 1 2288 5641 3068
11293 2 2 100 1 3395 5709 3431
11294 2 2 100 1 134 5644 133
11295 2 2 100 1 4656 5642 3287
11296 2 2 100 1 4326 5695 4327
11297 2 2 100 1 4510 5643 3218
11298 2 2 100 1 5304 5671 3231
11299 2 2 100 1 509 5697 5368
11300 2 2 100 1 204 5649 203
11301 2 2 100 1 558 5651 4116
11302 2 2 100 1 3355 5584 5471
11303 2 2 100 1 1815 5709 4173
11304 2 2 100 1 4886 5648 3272
11305 2 2 100 1 3450 5650 3449
11306 2 2 100 1 4270 5653 4271
11307 2 2 100 1 3233 5656 3427
11308 2 2 100 1 563 5689 5262
11309 2 2 100 1 436 5674 5303
11310 2 2 100 1 5289 5674 436
11311 2 2 100 1 3267 5654 3269
11312 2 2 100 1 4021 5659 4018
11313 2 2 100 1 127 5655 126
11314 2 2 100 1 4666 5647 4904
11315 2 2 100 1 3183 5679 3344
11316 2 2 100 1 5494 5678 3331
11317 2 2 100 1 3332 5660 3288
11318 2 2 100 1 5359 5615 3244
11319 2 2 100 1 5291 5536 4370
11320 2 2 100 1 5131 5637 3253
11321 2 2 100 1 5306 5559 3438
11322 2 2 100 1 3292 5663 3290
11323 2 2 100 1 3285 5664 3283
11324 2 2 100 1 4480 5666 1801
11325 2 2 100 1 1237 5678 3706
11326 2 2 100 1 4301 5670 572
11327 2 2 100 1 2538 5672 2477
11328 2 2 100 1 3211 5669 3210
11329 2 2 100 1 3849 5699 5255
11330 2 2 100 1 198 5673 197
11331 2 2 100 1 5212 5694 4041
11332 2 2 100 1 3855 5693 3854
11333 2 2 100 1 1 5676 470
11334 2 2 100 1 3058 5452 5422
11335 2 2 100 1 3282 5661 3391
11336 2 2 100 1 497 5688 3798
11337 2 2 100 1 4685 5675 2239
11338 2 2 100 1 2899 5685 2900
11339 2 2 100 1 2621 5722 3888
11340 2 2 100 1 284 5683 283
11341 2 2 100 1 1178 5687 1204
11342 2 2 100 1 351 5686 350
11343 2 2 100 1 4535 5682 2417
11344 2 2 100 1 3399 5681 3490
11345 2 2 100 1 3874 5725 3333
11346 2 2 100 1 17 5690 481
11347 2 2 100 1 591 5703 595
11348 2 2 100 1 1943 5700 1941
11349 2 2 100 1 418 5606 5295
11350 2 2 100 1 3810 5727 495
11351 2 2 100 1 570 5702 4257
11352 2 2 100 1 4429 5698 534
11353 2 2 100 1 4479 5696 2118
11354 2 2 100 1 3159 5697 3444
11355 2 2 100 1 3205 5728 3512
11356 2 2 100 1 4304 5724 4305
11357 2 2 100 1 2422 5701 3155
11358 2 2 100 1 5261 5570 2878
11359 2 2 100 1 2487 5720 2946
11360 2 2 100 1 3 5715 92
11361 2 2 100 1 3261 5729 4458
11362 2 2 100 1 2982 5714 2981
11363 2 2 100 1 4792 5704 2765
11364 2 2 100 1 3402 5719 3400
11365 2 2 100 1 5530 5715 3234
11366 2 2 100 1 5495 5564 3127
11367 2 2 100 1 5357 5594 456
11368 2 2 100 1 471 5510 5407
11369 2 2 100 1 5271 5652 3383
11370 2 2 100 1 5285 5605 587
11371 2 2 100 1 5286 5607 4433
11372 2 2 100 1 5221 5634 2340
11373 2 2 100 1 3254 5716 4957
11374 2 2 100 1 5321 5719 3402
11375 2 2 100 1 5342 5583 3389
11376 2 2 100 1 4431 5488 5406
11377 2 2 100 1 451 5628 5201
11378 2 2 100 1 5379 5674 3433
11379 2 2 100 1 5303 5674 5379
11380 2 2 100 1 3281 5706 5416
11381 2 2 100 1 5080 5692 3013
11382 2 2 100 1 5281 5580 3166
11383 2 2 100 1 3742 5508 5454
11384 2 2 100 1 5330 5640 3214
11385 2 2 100 1 5254 5638 3430
11386 2 2 100 1 3491 5603 5380
11387 2 2 100 1 3854 5693 5298
11388 2 2 100 1 5375 5695 3123
11389 2 2 100 1 3075 5510 5401
11390 2 2 100 1 5295 5606 588
11391 2 2 100 1 2981 5714 5460
11392 2 2 100 1 5403 5557 3379
11393 2 2 100 1 5365 5586 3920
11394 2 2 100 1 5403 5520 1386
11395 2 2 100 1 516 5713 5167
11396 2 2 100 1 589 5614 5300
11397 2 2 100 1 3938 5701 5394
11398 2 2 100 1 5300 5614 320
11399 2 2 100 1 5364 5571 3028
11400 2 2 100 1 3333 5725 5691
11401 2 2 100 1 5454 5508 488
11402 2 2 100 1 3449 5650 5420
11403 2 2 100 1 5513 5514 5235
11404 2 2 100 1 5369 5729 3261
11405 2 2 100 1 534 5698 5636
11406 2 2 100 1 5543 5667 3344
11407 2 2 100 1 3308 5611 5428
11408 2 2 100 1 2900 5685 5383
11409 2 2 100 1 5469 5671 5304
11410 2 2 100 1 3272 5648 5427
11411 2 2 100 1 5503 5602 2543
11412 2 2 100 1 3319 5625 5352
11413 2 2 100 1 3203 5713 5507
11414 2 2 100 1 5366 5617 4428
11415 2 2 100 1 5396 5665 4039
11416 2 2 100 1 5546 5718 2581
11417 2 2 100 1 5381 5716 3254
11418 2 2 100 1 1801 5666 5443
11419 2 2 100 1 3303 5589 5404
11420 2 2 100 1 5382 5613 2942
11421 2 2 100 1 3701 5680 5490
11422 2 2 100 1 5468 5539 3158
11423 2 2 100 1 458 5539 5468
11424 2 2 100 1 5323 5658 3199
11425 2 2 100 1 5286 5723 585
11426 2 2 100 1 4327 5695 5375
11427 2 2 100 1 5593 5717 3293
11428 2 2 100 1 3369 5684 5461
11429 2 2 100 1 5425 5613 3222
11430 2 2 100 1 3273 5631 5426
11431 2 2 100 1 5336 5712 3180
11432 2 2 100 1 4042 5694 5531
11433 2 2 100 1 3251 5726 5422
11434 2 2 100 1 2118 5696 5497
11435 2 2 100 1 3221 5602 5503
11436 2 2 100 1 5507 5713 516
11437 2 2 100 1 3344 5679 5430
11438 2 2 100 1 5576 5662 3324
11439 2 2 100 1 5461 5684 2904
11440 2 2 100 1 5484 5657 3918
11441 2 2 100 1 5514 5676 3278
11442 2 2 100 1 3706 5678 5494
11443 2 2 100 1 3232 5671 5469
11444 2 2 100 1 5473 5728 3205
11445 2 2 100 1 3424 5685 5677
11446 2 2 100 1 5677 5685 2899
11447 2 2 100 1 3180 5712 5527
11448 2 2 100 1 5542 5661 3282
11449 2 2 100 1 3177 5661 5542
11450 2 2 100 1 2581 5718 5551
11451 2 2 100 1 514 5667 5543
11452 2 2 100 1 5498 5718 3380
11453 2 2 100 1 585 5723 5569
11454 2 2 100 1 5531 5694 3150
11455 2 2 100 1 573 5662 5576
11456 2 2 100 1 5622 5711 3388
11457 2 2 100 1 2936 5711 5622
11458 2 2 100 1 3217 5717 5593
11459 2 2 100 1 5677 5681 3399
11460 2 2 100 1 2899 5681 5677
11461 2 2 100 1 3888 5722 5668
11462 2 2 100 1 5668 5722 3359
$EndElements
